video_name,algorithm,frame_idx,timestamp_sec,status,matched_pred_found,match_method,matched_pred_score,keypoint_idx,keypoint_name,is_active,is_eval_joint,gt_v,gt_x,gt_y,pred_v,pred_x,pred_y,distance_px,pck_threshold_px,pck_correct,oks_sigma,oks_term
SP_R_Jongkok_1,openpose,0,0.000000,ok,1,direct,0.745242,0,nose,0,0,0.000000,0.000000,0.000000,2.000000,637.226000,178.793000,,,,0.026000,
SP_R_Jongkok_1,openpose,0,0.000000,ok,1,direct,0.745242,1,left_eye,0,0,0.000000,0.000000,0.000000,2.000000,647.065000,167.051000,,,,0.025000,
SP_R_Jongkok_1,openpose,0,0.000000,ok,1,direct,0.745242,2,right_eye,0,0,0.000000,0.000000,0.000000,2.000000,633.225000,169.026000,,,,0.025000,
SP_R_Jongkok_1,openpose,0,0.000000,ok,1,direct,0.745242,3,left_ear,0,0,0.000000,0.000000,0.000000,2.000000,672.520000,176.776000,,,,0.035000,
SP_R_Jongkok_1,openpose,0,0.000000,ok,1,direct,0.745242,4,right_ear,0,0,0.000000,0.000000,0.000000,0.000000,0.000000,0.000000,,,,0.035000,
SP_R_Jongkok_1,openpose,0,0.000000,ok,1,direct,0.745242,5,left_shoulder,1,1,2.000000,709.190000,248.720000,2.000000,703.864000,247.299000,5.512306,43.385473,1,0.079000,0.949584
SP_R_Jongkok_1,openpose,0,0.000000,ok,1,direct,0.745242,6,right_shoulder,1,1,2.000000,608.890000,251.460000,2.000000,613.734000,249.291000,5.307438,43.385473,1,0.079000,0.953174
SP_R_Jongkok_1,openpose,0,0.000000,ok,1,direct,0.745242,7,left_elbow,1,1,2.000000,717.210000,328.720000,2.000000,717.593000,333.536000,4.831205,43.385473,1,0.072000,0.953287
SP_R_Jongkok_1,openpose,0,0.000000,ok,1,direct,0.745242,8,right_elbow,1,1,2.000000,600.070000,325.210000,2.000000,594.101000,331.622000,8.760291,43.385473,1,0.072000,0.854452
SP_R_Jongkok_1,openpose,0,0.000000,ok,1,direct,0.745242,9,left_wrist,1,1,2.000000,700.490000,414.460000,2.000000,699.908000,407.967000,6.519032,43.385473,1,0.062000,0.889168
SP_R_Jongkok_1,openpose,0,0.000000,ok,1,direct,0.745242,10,right_wrist,1,1,2.000000,600.700000,407.490000,2.000000,598.086000,402.144000,5.950858,43.385473,1,0.062000,0.906753
SP_R_Jongkok_1,openpose,0,0.000000,ok,1,direct,0.745242,11,left_hip,1,1,2.000000,689.710000,406.890000,2.000000,684.265000,415.866000,10.498409,43.385473,1,0.107000,0.902770
SP_R_Jongkok_1,openpose,0,0.000000,ok,1,direct,0.745242,12,right_hip,1,1,2.000000,629.080000,410.550000,2.000000,629.325000,415.851000,5.306659,43.385473,1,0.107000,0.974204
SP_R_Jongkok_1,openpose,0,0.000000,ok,1,direct,0.745242,13,left_knee,1,1,2.000000,703.540000,524.530000,2.000000,695.963000,529.503000,9.063204,43.385473,1,0.087000,0.891090
SP_R_Jongkok_1,openpose,0,0.000000,ok,1,direct,0.745242,14,right_knee,1,1,2.000000,635.730000,529.730000,2.000000,633.300000,529.464000,2.444515,43.385473,1,0.087000,0.991647
SP_R_Jongkok_1,openpose,0,0.000000,ok,1,direct,0.745242,15,left_ankle,1,1,2.000000,711.420000,643.180000,2.000000,705.805000,631.351000,13.094024,43.385473,1,0.089000,0.794542
SP_R_Jongkok_1,openpose,0,0.000000,ok,1,direct,0.745242,16,right_ankle,1,1,2.000000,653.550000,650.440000,2.000000,645.022000,631.386000,20.875385,43.385473,1,0.089000,0.557350
SP_R_Jongkok_1,openpose,1,0.040454,ok,1,direct,0.748884,0,nose,0,0,0.000000,0.000000,0.000000,2.000000,637.195000,178.788000,,,,0.026000,
SP_R_Jongkok_1,openpose,1,0.040454,ok,1,direct,0.748884,1,left_eye,0,0,0.000000,0.000000,0.000000,2.000000,647.039000,167.053000,,,,0.025000,
SP_R_Jongkok_1,openpose,1,0.040454,ok,1,direct,0.748884,2,right_eye,0,0,0.000000,0.000000,0.000000,2.000000,633.219000,169.014000,,,,0.025000,
SP_R_Jongkok_1,openpose,1,0.040454,ok,1,direct,0.748884,3,left_ear,0,0,0.000000,0.000000,0.000000,2.000000,672.529000,176.768000,,,,0.035000,
SP_R_Jongkok_1,openpose,1,0.040454,ok,1,direct,0.748884,4,right_ear,0,0,0.000000,0.000000,0.000000,0.000000,0.000000,0.000000,,,,0.035000,
SP_R_Jongkok_1,openpose,1,0.040454,ok,1,direct,0.748884,5,left_shoulder,1,1,2.000000,709.190000,248.720000,2.000000,703.840000,247.344000,5.524118,43.385473,1,0.079000,0.949373
SP_R_Jongkok_1,openpose,1,0.040454,ok,1,direct,0.748884,6,right_shoulder,1,1,2.000000,608.890000,251.460000,2.000000,613.662000,249.330000,5.225790,43.385473,1,0.079000,0.954571
SP_R_Jongkok_1,openpose,1,0.040454,ok,1,direct,0.748884,7,left_elbow,1,1,2.000000,717.210000,328.720000,2.000000,717.552000,335.484000,6.772641,43.385473,1,0.072000,0.910270
SP_R_Jongkok_1,openpose,1,0.040454,ok,1,direct,0.748884,8,right_elbow,1,1,2.000000,600.070000,325.210000,2.000000,594.078000,333.539000,10.260424,43.385473,1,0.072000,0.805914
SP_R_Jongkok_1,openpose,1,0.040454,ok,1,direct,0.748884,9,left_wrist,1,1,2.000000,700.490000,414.460000,2.000000,698.021000,408.041000,6.877465,43.385473,1,0.062000,0.877444
SP_R_Jongkok_1,openpose,1,0.040454,ok,1,direct,0.748884,10,right_wrist,1,1,2.000000,600.700000,407.490000,2.000000,599.941000,404.065000,3.508092,43.385473,1,0.062000,0.966555
SP_R_Jongkok_1,openpose,1,0.040454,ok,1,direct,0.748884,11,left_hip,1,1,2.000000,689.710000,406.890000,2.000000,684.271000,419.720000,13.935265,43.385473,1,0.107000,0.835086
SP_R_Jongkok_1,openpose,1,0.040454,ok,1,direct,0.748884,12,right_hip,1,1,2.000000,629.080000,410.550000,2.000000,629.337000,417.822000,7.276540,43.385473,1,0.107000,0.952049
SP_R_Jongkok_1,openpose,1,0.040454,ok,1,direct,0.748884,13,left_knee,1,1,2.000000,703.540000,524.530000,2.000000,695.947000,531.399000,10.238985,43.385473,1,0.087000,0.863148
SP_R_Jongkok_1,openpose,1,0.040454,ok,1,direct,0.748884,14,right_knee,1,1,2.000000,635.730000,529.730000,2.000000,633.306000,531.381000,2.932845,43.385473,1,0.087000,0.987998
SP_R_Jongkok_1,openpose,1,0.040454,ok,1,direct,0.748884,15,left_ankle,1,1,2.000000,711.420000,643.180000,2.000000,705.817000,629.375000,14.898712,43.385473,1,0.089000,0.742483
SP_R_Jongkok_1,openpose,1,0.040454,ok,1,direct,0.748884,16,right_ankle,1,1,2.000000,653.550000,650.440000,2.000000,645.007000,631.310000,20.950889,43.385473,1,0.089000,0.554994
SP_R_Jongkok_1,openpose,2,0.080907,ok,1,direct,0.757875,0,nose,0,0,0.000000,0.000000,0.000000,2.000000,637.202000,178.786000,,,,0.026000,
SP_R_Jongkok_1,openpose,2,0.080907,ok,1,direct,0.757875,1,left_eye,0,0,0.000000,0.000000,0.000000,2.000000,647.044000,167.046000,,,,0.025000,
SP_R_Jongkok_1,openpose,2,0.080907,ok,1,direct,0.757875,2,right_eye,0,0,0.000000,0.000000,0.000000,2.000000,633.219000,169.032000,,,,0.025000,
SP_R_Jongkok_1,openpose,2,0.080907,ok,1,direct,0.757875,3,left_ear,0,0,0.000000,0.000000,0.000000,2.000000,674.388000,176.747000,,,,0.035000,
SP_R_Jongkok_1,openpose,2,0.080907,ok,1,direct,0.757875,4,right_ear,0,0,0.000000,0.000000,0.000000,0.000000,0.000000,0.000000,,,,0.035000,
SP_R_Jongkok_1,openpose,2,0.080907,ok,1,direct,0.757875,5,left_shoulder,1,1,2.000000,709.190000,248.720000,2.000000,705.746000,247.301000,3.724875,43.385473,1,0.079000,0.976655
SP_R_Jongkok_1,openpose,2,0.080907,ok,1,direct,0.757875,6,right_shoulder,1,1,2.000000,608.890000,251.460000,2.000000,613.665000,249.347000,5.221628,43.385473,1,0.079000,0.954642
SP_R_Jongkok_1,openpose,2,0.080907,ok,1,direct,0.757875,7,left_elbow,1,1,2.000000,717.210000,328.720000,2.000000,719.447000,333.551000,5.323789,43.385473,1,0.072000,0.943563
SP_R_Jongkok_1,openpose,2,0.080907,ok,1,direct,0.757875,8,right_elbow,1,1,2.000000,600.070000,325.210000,2.000000,594.170000,333.520000,10.191472,43.385473,1,0.072000,0.808247
SP_R_Jongkok_1,openpose,2,0.080907,ok,1,direct,0.757875,9,left_wrist,1,1,2.000000,700.490000,414.460000,2.000000,697.981000,407.951000,6.975827,43.385473,1,0.062000,0.874146
SP_R_Jongkok_1,openpose,2,0.080907,ok,1,direct,0.757875,10,right_wrist,1,1,2.000000,600.700000,407.490000,2.000000,599.945000,402.180000,5.363406,43.385473,1,0.062000,0.923566
SP_R_Jongkok_1,openpose,2,0.080907,ok,1,direct,0.757875,11,left_hip,1,1,2.000000,689.710000,406.890000,2.000000,686.192000,417.769000,11.433677,43.385473,1,0.107000,0.885747
SP_R_Jongkok_1,openpose,2,0.080907,ok,1,direct,0.757875,12,right_hip,1,1,2.000000,629.080000,410.550000,2.000000,629.401000,417.762000,7.219140,43.385473,1,0.107000,0.952785
SP_R_Jongkok_1,openpose,2,0.080907,ok,1,direct,0.757875,13,left_knee,1,1,2.000000,703.540000,524.530000,2.000000,697.991000,531.398000,8.829543,43.385473,1,0.087000,0.896335
SP_R_Jongkok_1,openpose,2,0.080907,ok,1,direct,0.757875,14,right_knee,1,1,2.000000,635.730000,529.730000,2.000000,633.326000,529.457000,2.419451,43.385473,1,0.087000,0.991816
SP_R_Jongkok_1,openpose,2,0.080907,ok,1,direct,0.757875,15,left_ankle,1,1,2.000000,711.420000,643.180000,2.000000,711.601000,631.327000,11.854382,43.385473,1,0.089000,0.828198
SP_R_Jongkok_1,openpose,2,0.080907,ok,1,direct,0.757875,16,right_ankle,1,1,2.000000,653.550000,650.440000,2.000000,645.058000,631.316000,20.924661,43.385473,1,0.089000,0.555812
SP_R_Jongkok_1,openpose,3,0.121361,ok,1,direct,0.759970,0,nose,0,0,0.000000,0.000000,0.000000,2.000000,637.191000,178.780000,,,,0.026000,
SP_R_Jongkok_1,openpose,3,0.121361,ok,1,direct,0.759970,1,left_eye,0,0,0.000000,0.000000,0.000000,2.000000,647.040000,167.038000,,,,0.025000,
SP_R_Jongkok_1,openpose,3,0.121361,ok,1,direct,0.759970,2,right_eye,0,0,0.000000,0.000000,0.000000,2.000000,633.219000,169.022000,,,,0.025000,
SP_R_Jongkok_1,openpose,3,0.121361,ok,1,direct,0.759970,3,left_ear,0,0,0.000000,0.000000,0.000000,2.000000,674.403000,174.889000,,,,0.035000,
SP_R_Jongkok_1,openpose,3,0.121361,ok,1,direct,0.759970,4,right_ear,0,0,0.000000,0.000000,0.000000,0.000000,0.000000,0.000000,,,,0.035000,
SP_R_Jongkok_1,openpose,3,0.121361,ok,1,direct,0.759970,5,left_shoulder,1,1,2.000000,709.190000,248.720000,2.000000,703.879000,247.343000,5.486606,43.385473,1,0.079000,0.950041
SP_R_Jongkok_1,openpose,3,0.121361,ok,1,direct,0.759970,6,right_shoulder,1,1,2.000000,608.890000,251.460000,2.000000,611.798000,251.246000,2.915864,43.385473,1,0.079000,0.985629
SP_R_Jongkok_1,openpose,3,0.121361,ok,1,direct,0.759970,7,left_elbow,1,1,2.000000,717.210000,328.720000,2.000000,717.577000,335.467000,6.756974,43.385473,1,0.072000,0.910666
SP_R_Jongkok_1,openpose,3,0.121361,ok,1,direct,0.759970,8,right_elbow,1,1,2.000000,600.070000,325.210000,2.000000,596.078000,333.572000,9.266019,43.385473,1,0.072000,0.838635
SP_R_Jongkok_1,openpose,3,0.121361,ok,1,direct,0.759970,9,left_wrist,1,1,2.000000,700.490000,414.460000,2.000000,698.011000,407.991000,6.927727,43.385473,1,0.062000,0.875763
SP_R_Jongkok_1,openpose,3,0.121361,ok,1,direct,0.759970,10,right_wrist,1,1,2.000000,600.700000,407.490000,2.000000,599.995000,402.182000,5.354614,43.385473,1,0.062000,0.923806
SP_R_Jongkok_1,openpose,3,0.121361,ok,1,direct,0.759970,11,left_hip,1,1,2.000000,689.710000,406.890000,2.000000,686.175000,415.843000,9.625613,43.385473,1,0.107000,0.917607
SP_R_Jongkok_1,openpose,3,0.121361,ok,1,direct,0.759970,12,right_hip,1,1,2.000000,629.080000,410.550000,2.000000,629.387000,415.820000,5.278934,43.385473,1,0.107000,0.974469
SP_R_Jongkok_1,openpose,3,0.121361,ok,1,direct,0.759970,13,left_knee,1,1,2.000000,703.540000,524.530000,2.000000,698.006000,529.484000,7.427467,43.385473,1,0.087000,0.925479
SP_R_Jongkok_1,openpose,3,0.121361,ok,1,direct,0.759970,14,right_knee,1,1,2.000000,635.730000,529.730000,2.000000,633.350000,529.459000,2.395379,43.385473,1,0.087000,0.991978
SP_R_Jongkok_1,openpose,3,0.121361,ok,1,direct,0.759970,15,left_ankle,1,1,2.000000,711.420000,643.180000,2.000000,711.597000,633.250000,9.931577,43.385473,1,0.089000,0.876068
SP_R_Jongkok_1,openpose,3,0.121361,ok,1,direct,0.759970,16,right_ankle,1,1,2.000000,653.550000,650.440000,2.000000,646.972000,631.368000,20.174520,43.385473,1,0.089000,0.579280
SP_R_Jongkok_1,openpose,4,0.161815,ok,1,direct,0.760223,0,nose,0,0,0.000000,0.000000,0.000000,2.000000,635.335000,178.778000,,,,0.026000,
SP_R_Jongkok_1,openpose,4,0.161815,ok,1,direct,0.760223,1,left_eye,0,0,0.000000,0.000000,0.000000,2.000000,647.024000,167.073000,,,,0.025000,
SP_R_Jongkok_1,openpose,4,0.161815,ok,1,direct,0.760223,2,right_eye,0,0,0.000000,0.000000,0.000000,2.000000,633.231000,169.004000,,,,0.025000,
SP_R_Jongkok_1,openpose,4,0.161815,ok,1,direct,0.760223,3,left_ear,0,0,0.000000,0.000000,0.000000,2.000000,672.510000,176.778000,,,,0.035000,
SP_R_Jongkok_1,openpose,4,0.161815,ok,1,direct,0.760223,4,right_ear,0,0,0.000000,0.000000,0.000000,0.000000,0.000000,0.000000,,,,0.035000,
SP_R_Jongkok_1,openpose,4,0.161815,ok,1,direct,0.760223,5,left_shoulder,1,1,2.000000,709.190000,248.720000,2.000000,703.848000,247.322000,5.521899,43.385473,1,0.079000,0.949413
SP_R_Jongkok_1,openpose,4,0.161815,ok,1,direct,0.760223,6,right_shoulder,1,1,2.000000,608.890000,251.460000,2.000000,611.783000,251.229000,2.902208,43.385473,1,0.079000,0.985762
SP_R_Jongkok_1,openpose,4,0.161815,ok,1,direct,0.760223,7,left_elbow,1,1,2.000000,717.210000,328.720000,2.000000,719.456000,333.496000,5.277754,43.385473,1,0.072000,0.944507
SP_R_Jongkok_1,openpose,4,0.161815,ok,1,direct,0.760223,8,right_elbow,1,1,2.000000,600.070000,325.210000,2.000000,597.993000,333.552000,8.596679,43.385473,1,0.072000,0.859440
SP_R_Jongkok_1,openpose,4,0.161815,ok,1,direct,0.760223,9,left_wrist,1,1,2.000000,700.490000,414.460000,2.000000,697.990000,406.069000,8.755506,43.385473,1,0.062000,0.809050
SP_R_Jongkok_1,openpose,4,0.161815,ok,1,direct,0.760223,10,right_wrist,1,1,2.000000,600.700000,407.490000,2.000000,601.891000,404.057000,3.633727,43.385473,1,0.062000,0.964161
SP_R_Jongkok_1,openpose,4,0.161815,ok,1,direct,0.760223,11,left_hip,1,1,2.000000,689.710000,406.890000,2.000000,686.181000,413.881000,7.831215,43.385473,1,0.107000,0.944674
SP_R_Jongkok_1,openpose,4,0.161815,ok,1,direct,0.760223,12,right_hip,1,1,2.000000,629.080000,410.550000,2.000000,629.417000,413.872000,3.339050,43.385473,1,0.107000,0.989706
SP_R_Jongkok_1,openpose,4,0.161815,ok,1,direct,0.760223,13,left_knee,1,1,2.000000,703.540000,524.530000,2.000000,698.016000,531.397000,8.813074,43.385473,1,0.087000,0.896701
SP_R_Jongkok_1,openpose,4,0.161815,ok,1,direct,0.760223,14,right_knee,1,1,2.000000,635.730000,529.730000,2.000000,635.188000,529.472000,0.600273,43.385473,1,0.087000,0.999494
SP_R_Jongkok_1,openpose,4,0.161815,ok,1,direct,0.760223,15,left_ankle,1,1,2.000000,711.420000,643.180000,2.000000,711.604000,633.242000,9.939703,43.385473,1,0.089000,0.875878
SP_R_Jongkok_1,openpose,4,0.161815,ok,1,direct,0.760223,16,right_ankle,1,1,2.000000,653.550000,650.440000,2.000000,647.053000,631.342000,20.172868,43.385473,1,0.089000,0.579332
SP_R_Jongkok_1,openpose,5,0.202269,ok,1,direct,0.760628,0,nose,0,0,0.000000,0.000000,0.000000,2.000000,635.305000,178.726000,,,,0.026000,
SP_R_Jongkok_1,openpose,5,0.202269,ok,1,direct,0.760628,1,left_eye,0,0,0.000000,0.000000,0.000000,2.000000,647.005000,167.030000,,,,0.025000,
SP_R_Jongkok_1,openpose,5,0.202269,ok,1,direct,0.760628,2,right_eye,0,0,0.000000,0.000000,0.000000,2.000000,631.394000,168.960000,,,,0.025000,
SP_R_Jongkok_1,openpose,5,0.202269,ok,1,direct,0.760628,3,left_ear,0,0,0.000000,0.000000,0.000000,2.000000,672.485000,174.897000,,,,0.035000,
SP_R_Jongkok_1,openpose,5,0.202269,ok,1,direct,0.760628,4,right_ear,0,0,0.000000,0.000000,0.000000,0.000000,0.000000,0.000000,,,,0.035000,
SP_R_Jongkok_1,openpose,5,0.202269,ok,1,direct,0.760628,5,left_shoulder,1,1,2.000000,709.190000,248.720000,2.000000,703.878000,245.456000,6.234664,43.385473,1,0.079000,0.935964
SP_R_Jongkok_1,openpose,5,0.202269,ok,1,direct,0.760628,6,right_shoulder,1,1,2.000000,608.890000,251.460000,2.000000,611.766000,249.314000,3.588411,43.385473,1,0.079000,0.978316
SP_R_Jongkok_1,openpose,5,0.202269,ok,1,direct,0.760628,7,left_elbow,1,1,2.000000,717.210000,328.720000,2.000000,717.578000,333.530000,4.824057,43.385473,1,0.072000,0.953422
SP_R_Jongkok_1,openpose,5,0.202269,ok,1,direct,0.760628,8,right_elbow,1,1,2.000000,600.070000,325.210000,2.000000,594.171000,331.619000,8.710539,43.385473,1,0.072000,0.855976
SP_R_Jongkok_1,openpose,5,0.202269,ok,1,direct,0.760628,9,left_wrist,1,1,2.000000,700.490000,414.460000,2.000000,699.856000,408.035000,6.456205,43.385473,1,0.062000,0.891174
SP_R_Jongkok_1,openpose,5,0.202269,ok,1,direct,0.760628,10,right_wrist,1,1,2.000000,600.700000,407.490000,2.000000,599.990000,404.037000,3.525239,43.385473,1,0.062000,0.966233
SP_R_Jongkok_1,openpose,5,0.202269,ok,1,direct,0.760628,11,left_hip,1,1,2.000000,689.710000,406.890000,2.000000,686.182000,415.850000,9.629558,43.385473,1,0.107000,0.917542
SP_R_Jongkok_1,openpose,5,0.202269,ok,1,direct,0.760628,12,right_hip,1,1,2.000000,629.080000,410.550000,2.000000,629.336000,415.848000,5.304181,43.385473,1,0.107000,0.974228
SP_R_Jongkok_1,openpose,5,0.202269,ok,1,direct,0.760628,13,left_knee,1,1,2.000000,703.540000,524.530000,2.000000,698.023000,531.392000,8.804790,43.385473,1,0.087000,0.896885
SP_R_Jongkok_1,openpose,5,0.202269,ok,1,direct,0.760628,14,right_knee,1,1,2.000000,635.730000,529.730000,2.000000,633.350000,529.476000,2.393515,43.385473,1,0.087000,0.991990
SP_R_Jongkok_1,openpose,5,0.202269,ok,1,direct,0.760628,15,left_ankle,1,1,2.000000,711.420000,643.180000,2.000000,709.763000,631.364000,11.931618,43.385473,1,0.089000,0.826159
SP_R_Jongkok_1,openpose,5,0.202269,ok,1,direct,0.760628,16,right_ankle,1,1,2.000000,653.550000,650.440000,2.000000,647.067000,631.345000,20.165523,43.385473,1,0.089000,0.579562
SP_R_Jongkok_1,openpose,6,0.242722,ok,1,direct,0.762899,0,nose,0,0,0.000000,0.000000,0.000000,2.000000,635.306000,178.733000,,,,0.026000,
SP_R_Jongkok_1,openpose,6,0.242722,ok,1,direct,0.762899,1,left_eye,0,0,0.000000,0.000000,0.000000,2.000000,646.999000,167.034000,,,,0.025000,
SP_R_Jongkok_1,openpose,6,0.242722,ok,1,direct,0.762899,2,right_eye,0,0,0.000000,0.000000,0.000000,2.000000,631.367000,168.974000,,,,0.025000,
SP_R_Jongkok_1,openpose,6,0.242722,ok,1,direct,0.762899,3,left_ear,0,0,0.000000,0.000000,0.000000,2.000000,670.583000,174.878000,,,,0.035000,
SP_R_Jongkok_1,openpose,6,0.242722,ok,1,direct,0.762899,4,right_ear,0,0,0.000000,0.000000,0.000000,0.000000,0.000000,0.000000,,,,0.035000,
SP_R_Jongkok_1,openpose,6,0.242722,ok,1,direct,0.762899,5,left_shoulder,1,1,2.000000,709.190000,248.720000,2.000000,703.784000,245.450000,6.318048,43.385473,1,0.079000,0.934298
SP_R_Jongkok_1,openpose,6,0.242722,ok,1,direct,0.762899,6,right_shoulder,1,1,2.000000,608.890000,251.460000,2.000000,613.681000,249.272000,5.266975,43.385473,1,0.079000,0.953869
SP_R_Jongkok_1,openpose,6,0.242722,ok,1,direct,0.762899,7,left_elbow,1,1,2.000000,717.210000,328.720000,2.000000,717.607000,331.596000,2.903271,43.385473,1,0.072000,0.982872
SP_R_Jongkok_1,openpose,6,0.242722,ok,1,direct,0.762899,8,right_elbow,1,1,2.000000,600.070000,325.210000,2.000000,596.112000,331.610000,7.525009,43.385473,1,0.072000,0.890420
SP_R_Jongkok_1,openpose,6,0.242722,ok,1,direct,0.762899,9,left_wrist,1,1,2.000000,700.490000,414.460000,2.000000,698.004000,407.957000,6.961983,43.385473,1,0.062000,0.874612
SP_R_Jongkok_1,openpose,6,0.242722,ok,1,direct,0.762899,10,right_wrist,1,1,2.000000,600.700000,407.490000,2.000000,600.031000,404.042000,3.512302,43.385473,1,0.062000,0.966476
SP_R_Jongkok_1,openpose,6,0.242722,ok,1,direct,0.762899,11,left_hip,1,1,2.000000,689.710000,406.890000,2.000000,684.241000,413.865000,8.863441,43.385473,1,0.107000,0.929686
SP_R_Jongkok_1,openpose,6,0.242722,ok,1,direct,0.762899,12,right_hip,1,1,2.000000,629.080000,410.550000,2.000000,627.441000,411.946000,2.152937,43.385473,1,0.107000,0.995708
SP_R_Jongkok_1,openpose,6,0.242722,ok,1,direct,0.762899,13,left_knee,1,1,2.000000,703.540000,524.530000,2.000000,697.941000,529.432000,7.441667,43.385473,1,0.087000,0.925205
SP_R_Jongkok_1,openpose,6,0.242722,ok,1,direct,0.762899,14,right_knee,1,1,2.000000,635.730000,529.730000,2.000000,635.209000,529.495000,0.571547,43.385473,1,0.087000,0.999542
SP_R_Jongkok_1,openpose,6,0.242722,ok,1,direct,0.762899,15,left_ankle,1,1,2.000000,711.420000,643.180000,2.000000,709.750000,631.369000,11.928479,43.385473,1,0.089000,0.826242
SP_R_Jongkok_1,openpose,6,0.242722,ok,1,direct,0.762899,16,right_ankle,1,1,2.000000,653.550000,650.440000,2.000000,648.935000,631.393000,19.598123,43.385473,1,0.089000,0.597371
SP_R_Jongkok_1,openpose,7,0.283176,ok,1,direct,0.762515,0,nose,0,0,0.000000,0.000000,0.000000,2.000000,635.234000,178.718000,,,,0.026000,
SP_R_Jongkok_1,openpose,7,0.283176,ok,1,direct,0.762515,1,left_eye,0,0,0.000000,0.000000,0.000000,2.000000,646.939000,167.004000,,,,0.025000,
SP_R_Jongkok_1,openpose,7,0.283176,ok,1,direct,0.762515,2,right_eye,0,0,0.000000,0.000000,0.000000,2.000000,631.265000,168.941000,,,,0.025000,
SP_R_Jongkok_1,openpose,7,0.283176,ok,1,direct,0.762515,3,left_ear,0,0,0.000000,0.000000,0.000000,2.000000,670.547000,174.857000,,,,0.035000,
SP_R_Jongkok_1,openpose,7,0.283176,ok,1,direct,0.762515,4,right_ear,0,0,0.000000,0.000000,0.000000,0.000000,0.000000,0.000000,,,,0.035000,
SP_R_Jongkok_1,openpose,7,0.283176,ok,1,direct,0.762515,5,left_shoulder,1,1,2.000000,709.190000,248.720000,2.000000,703.788000,247.309000,5.583236,43.385473,1,0.079000,0.948312
SP_R_Jongkok_1,openpose,7,0.283176,ok,1,direct,0.762515,6,right_shoulder,1,1,2.000000,608.890000,251.460000,2.000000,609.782000,251.257000,0.914808,43.385473,1,0.079000,0.998576
SP_R_Jongkok_1,openpose,7,0.283176,ok,1,direct,0.762515,7,left_elbow,1,1,2.000000,717.210000,328.720000,2.000000,717.558000,333.495000,4.787664,43.385473,1,0.072000,0.954105
SP_R_Jongkok_1,openpose,7,0.283176,ok,1,direct,0.762515,8,right_elbow,1,1,2.000000,600.070000,325.210000,2.000000,594.136000,333.526000,10.216076,43.385473,1,0.072000,0.807416
SP_R_Jongkok_1,openpose,7,0.283176,ok,1,direct,0.762515,9,left_wrist,1,1,2.000000,700.490000,414.460000,2.000000,698.018000,407.948000,6.965409,43.385473,1,0.062000,0.874497
SP_R_Jongkok_1,openpose,7,0.283176,ok,1,direct,0.762515,10,right_wrist,1,1,2.000000,600.700000,407.490000,2.000000,601.891000,402.167000,5.454614,43.385473,1,0.062000,0.921050
SP_R_Jongkok_1,openpose,7,0.283176,ok,1,direct,0.762515,11,left_hip,1,1,2.000000,689.710000,406.890000,2.000000,684.246000,413.913000,8.898192,43.385473,1,0.107000,0.929153
SP_R_Jongkok_1,openpose,7,0.283176,ok,1,direct,0.762515,12,right_hip,1,1,2.000000,629.080000,410.550000,2.000000,629.365000,413.903000,3.365090,43.385473,1,0.107000,0.989546
SP_R_Jongkok_1,openpose,7,0.283176,ok,1,direct,0.762515,13,left_knee,1,1,2.000000,703.540000,524.530000,2.000000,697.958000,531.397000,8.849543,43.385473,1,0.087000,0.895890
SP_R_Jongkok_1,openpose,7,0.283176,ok,1,direct,0.762515,14,right_knee,1,1,2.000000,635.730000,529.730000,2.000000,635.234000,529.460000,0.564726,43.385473,1,0.087000,0.999552
SP_R_Jongkok_1,openpose,7,0.283176,ok,1,direct,0.762515,15,left_ankle,1,1,2.000000,711.420000,643.180000,2.000000,709.727000,631.382000,11.918853,43.385473,1,0.089000,0.826497
SP_R_Jongkok_1,openpose,7,0.283176,ok,1,direct,0.762515,16,right_ankle,1,1,2.000000,653.550000,650.440000,2.000000,648.993000,631.383000,19.594272,43.385473,1,0.089000,0.597492
SP_R_Jongkok_1,openpose,8,0.323630,ok,1,direct,0.761937,0,nose,0,0,0.000000,0.000000,0.000000,2.000000,635.194000,178.725000,,,,0.026000,
SP_R_Jongkok_1,openpose,8,0.323630,ok,1,direct,0.761937,1,left_eye,0,0,0.000000,0.000000,0.000000,2.000000,645.054000,166.976000,,,,0.025000,
SP_R_Jongkok_1,openpose,8,0.323630,ok,1,direct,0.761937,2,right_eye,0,0,0.000000,0.000000,0.000000,2.000000,629.400000,168.972000,,,,0.025000,
SP_R_Jongkok_1,openpose,8,0.323630,ok,1,direct,0.761937,3,left_ear,0,0,0.000000,0.000000,0.000000,2.000000,670.547000,174.802000,,,,0.035000,
SP_R_Jongkok_1,openpose,8,0.323630,ok,1,direct,0.761937,4,right_ear,0,0,0.000000,0.000000,0.000000,0.000000,0.000000,0.000000,,,,0.035000,
SP_R_Jongkok_1,openpose,8,0.323630,ok,1,direct,0.761937,5,left_shoulder,1,1,2.000000,709.190000,248.720000,2.000000,701.902000,245.405000,8.006508,43.385473,1,0.079000,0.896607
SP_R_Jongkok_1,openpose,8,0.323630,ok,1,direct,0.761937,6,right_shoulder,1,1,2.000000,608.890000,251.460000,2.000000,609.766000,251.230000,0.905691,43.385473,1,0.079000,0.998604
SP_R_Jongkok_1,openpose,8,0.323630,ok,1,direct,0.761937,7,left_elbow,1,1,2.000000,717.210000,328.720000,2.000000,717.568000,331.589000,2.891250,43.385473,1,0.072000,0.983012
SP_R_Jongkok_1,openpose,8,0.323630,ok,1,direct,0.761937,8,right_elbow,1,1,2.000000,600.070000,325.210000,2.000000,592.197000,333.551000,11.469804,43.385473,1,0.072000,0.763652
SP_R_Jongkok_1,openpose,8,0.323630,ok,1,direct,0.761937,9,left_wrist,1,1,2.000000,700.490000,414.460000,2.000000,698.023000,405.993000,8.819080,43.385473,1,0.062000,0.806555
SP_R_Jongkok_1,openpose,8,0.323630,ok,1,direct,0.761937,10,right_wrist,1,1,2.000000,600.700000,407.490000,2.000000,601.895000,404.068000,3.624653,43.385473,1,0.062000,0.964336
SP_R_Jongkok_1,openpose,8,0.323630,ok,1,direct,0.761937,11,left_hip,1,1,2.000000,689.710000,406.890000,2.000000,684.236000,413.883000,8.880694,43.385473,1,0.107000,0.929422
SP_R_Jongkok_1,openpose,8,0.323630,ok,1,direct,0.761937,12,right_hip,1,1,2.000000,629.080000,410.550000,2.000000,627.468000,413.861000,3.682562,43.385473,1,0.107000,0.987493
SP_R_Jongkok_1,openpose,8,0.323630,ok,1,direct,0.761937,13,left_knee,1,1,2.000000,703.540000,524.530000,2.000000,697.951000,527.525000,6.340895,43.385473,1,0.087000,0.945121
SP_R_Jongkok_1,openpose,8,0.323630,ok,1,direct,0.761937,14,right_knee,1,1,2.000000,635.730000,529.730000,2.000000,633.345000,527.476000,3.281576,43.385473,1,0.087000,0.984997
SP_R_Jongkok_1,openpose,8,0.323630,ok,1,direct,0.761937,15,left_ankle,1,1,2.000000,711.420000,643.180000,2.000000,709.738000,631.339000,11.959866,43.385473,1,0.089000,0.825412
SP_R_Jongkok_1,openpose,8,0.323630,ok,1,direct,0.761937,16,right_ankle,1,1,2.000000,653.550000,650.440000,2.000000,648.962000,631.332000,19.651092,43.385473,1,0.089000,0.595707
SP_R_Jongkok_1,openpose,9,0.364083,ok,1,direct,0.756643,0,nose,0,0,0.000000,0.000000,0.000000,2.000000,633.336000,178.709000,,,,0.026000,
SP_R_Jongkok_1,openpose,9,0.364083,ok,1,direct,0.756643,1,left_eye,0,0,0.000000,0.000000,0.000000,2.000000,644.991000,166.979000,,,,0.025000,
SP_R_Jongkok_1,openpose,9,0.364083,ok,1,direct,0.756643,2,right_eye,0,0,0.000000,0.000000,0.000000,2.000000,629.379000,168.939000,,,,0.025000,
SP_R_Jongkok_1,openpose,9,0.364083,ok,1,direct,0.756643,3,left_ear,0,0,0.000000,0.000000,0.000000,2.000000,668.619000,174.829000,,,,0.035000,
SP_R_Jongkok_1,openpose,9,0.364083,ok,1,direct,0.756643,4,right_ear,0,0,0.000000,0.000000,0.000000,0.000000,0.000000,0.000000,,,,0.035000,
SP_R_Jongkok_1,openpose,9,0.364083,ok,1,direct,0.756643,5,left_shoulder,1,1,2.000000,709.190000,248.720000,2.000000,701.820000,245.405000,8.081221,43.385473,1,0.079000,0.894774
SP_R_Jongkok_1,openpose,9,0.364083,ok,1,direct,0.756643,6,right_shoulder,1,1,2.000000,608.890000,251.460000,2.000000,609.793000,249.357000,2.288672,43.385473,1,0.079000,0.991122
SP_R_Jongkok_1,openpose,9,0.364083,ok,1,direct,0.756643,7,left_elbow,1,1,2.000000,717.210000,328.720000,2.000000,717.515000,331.549000,2.845394,43.385473,1,0.072000,0.983543
SP_R_Jongkok_1,openpose,9,0.364083,ok,1,direct,0.756643,8,right_elbow,1,1,2.000000,600.070000,325.210000,2.000000,594.123000,333.549000,10.242350,43.385473,1,0.072000,0.806527
SP_R_Jongkok_1,openpose,9,0.364083,ok,1,direct,0.756643,9,left_wrist,1,1,2.000000,700.490000,414.460000,2.000000,699.863000,404.116000,10.362985,43.385473,1,0.062000,0.743160
SP_R_Jongkok_1,openpose,9,0.364083,ok,1,direct,0.756643,10,right_wrist,1,1,2.000000,600.700000,407.490000,2.000000,601.924000,404.060000,3.641851,43.385473,1,0.062000,0.964003
SP_R_Jongkok_1,openpose,9,0.364083,ok,1,direct,0.756643,11,left_hip,1,1,2.000000,689.710000,406.890000,2.000000,682.312000,411.929000,8.951085,43.385473,1,0.107000,0.928340
SP_R_Jongkok_1,openpose,9,0.364083,ok,1,direct,0.756643,12,right_hip,1,1,2.000000,629.080000,410.550000,2.000000,627.379000,413.849000,3.711711,43.385473,1,0.107000,0.987296
SP_R_Jongkok_1,openpose,9,0.364083,ok,1,direct,0.756643,13,left_knee,1,1,2.000000,703.540000,524.530000,2.000000,697.907000,527.463000,6.350841,43.385473,1,0.087000,0.944954
SP_R_Jongkok_1,openpose,9,0.364083,ok,1,direct,0.756643,14,right_knee,1,1,2.000000,635.730000,529.730000,2.000000,633.288000,527.503000,3.304980,43.385473,1,0.087000,0.984783
SP_R_Jongkok_1,openpose,9,0.364083,ok,1,direct,0.756643,15,left_ankle,1,1,2.000000,711.420000,643.180000,2.000000,709.715000,631.306000,11.995787,43.385473,1,0.089000,0.824459
SP_R_Jongkok_1,openpose,9,0.364083,ok,1,direct,0.756643,16,right_ankle,1,1,2.000000,653.550000,650.440000,2.000000,648.951000,631.358000,19.628386,43.385473,1,0.089000,0.596420
SP_R_Jongkok_1,openpose,10,0.404537,ok,1,direct,0.754016,0,nose,0,0,0.000000,0.000000,0.000000,2.000000,633.334000,178.717000,,,,0.026000,
SP_R_Jongkok_1,openpose,10,0.404537,ok,1,direct,0.754016,1,left_eye,0,0,0.000000,0.000000,0.000000,2.000000,645.039000,167.016000,,,,0.025000,
SP_R_Jongkok_1,openpose,10,0.404537,ok,1,direct,0.754016,2,right_eye,0,0,0.000000,0.000000,0.000000,2.000000,629.346000,167.094000,,,,0.025000,
SP_R_Jongkok_1,openpose,10,0.404537,ok,1,direct,0.754016,3,left_ear,0,0,0.000000,0.000000,0.000000,2.000000,668.578000,174.871000,,,,0.035000,
SP_R_Jongkok_1,openpose,10,0.404537,ok,1,direct,0.754016,4,right_ear,0,0,0.000000,0.000000,0.000000,0.000000,0.000000,0.000000,,,,0.035000,
SP_R_Jongkok_1,openpose,10,0.404537,ok,1,direct,0.754016,5,left_shoulder,1,1,2.000000,709.190000,248.720000,2.000000,699.942000,245.365000,9.837760,43.385473,1,0.079000,0.848088
SP_R_Jongkok_1,openpose,10,0.404537,ok,1,direct,0.754016,6,right_shoulder,1,1,2.000000,608.890000,251.460000,2.000000,609.814000,249.355000,2.298870,43.385473,1,0.079000,0.991043
SP_R_Jongkok_1,openpose,10,0.404537,ok,1,direct,0.754016,7,left_elbow,1,1,2.000000,717.210000,328.720000,2.000000,717.527000,331.571000,2.868569,43.385473,1,0.072000,0.983276
SP_R_Jongkok_1,openpose,10,0.404537,ok,1,direct,0.754016,8,right_elbow,1,1,2.000000,600.070000,325.210000,2.000000,599.965000,333.549000,8.339661,43.385473,1,0.072000,0.867143
SP_R_Jongkok_1,openpose,10,0.404537,ok,1,direct,0.754016,9,left_wrist,1,1,2.000000,700.490000,414.460000,2.000000,698.021000,404.116000,10.634580,43.385473,1,0.062000,0.731537
SP_R_Jongkok_1,openpose,10,0.404537,ok,1,direct,0.754016,10,right_wrist,1,1,2.000000,600.700000,407.490000,2.000000,605.841000,404.066000,6.176865,43.385473,1,0.062000,0.899909
SP_R_Jongkok_1,openpose,10,0.404537,ok,1,direct,0.754016,11,left_hip,1,1,2.000000,689.710000,406.890000,2.000000,684.199000,409.973000,6.314745,43.385473,1,0.107000,0.963669
SP_R_Jongkok_1,openpose,10,0.404537,ok,1,direct,0.754016,12,right_hip,1,1,2.000000,629.080000,410.550000,2.000000,629.405000,411.908000,1.396348,43.385473,1,0.107000,0.998192
SP_R_Jongkok_1,openpose,10,0.404537,ok,1,direct,0.754016,13,left_knee,1,1,2.000000,703.540000,524.530000,2.000000,697.883000,525.509000,5.741088,43.385473,1,0.087000,0.954785
SP_R_Jongkok_1,openpose,10,0.404537,ok,1,direct,0.754016,14,right_knee,1,1,2.000000,635.730000,529.730000,2.000000,633.344000,525.534000,4.826946,43.385473,1,0.087000,0.967822
SP_R_Jongkok_1,openpose,10,0.404537,ok,1,direct,0.754016,15,left_ankle,1,1,2.000000,711.420000,643.180000,2.000000,709.700000,631.286000,12.017722,43.385473,1,0.089000,0.823877
SP_R_Jongkok_1,openpose,10,0.404537,ok,1,direct,0.754016,16,right_ankle,1,1,2.000000,653.550000,650.440000,2.000000,648.911000,631.327000,19.667920,43.385473,1,0.089000,0.595179
SP_R_Jongkok_1,openpose,11,0.444991,ok,1,direct,0.751937,0,nose,0,0,0.000000,0.000000,0.000000,2.000000,633.243000,178.718000,,,,0.026000,
SP_R_Jongkok_1,openpose,11,0.444991,ok,1,direct,0.751937,1,left_eye,0,0,0.000000,0.000000,0.000000,2.000000,643.090000,167.010000,,,,0.025000,
SP_R_Jongkok_1,openpose,11,0.444991,ok,1,direct,0.751937,2,right_eye,0,0,0.000000,0.000000,0.000000,2.000000,627.410000,168.947000,,,,0.025000,
SP_R_Jongkok_1,openpose,11,0.444991,ok,1,direct,0.751937,3,left_ear,0,0,0.000000,0.000000,0.000000,2.000000,668.516000,174.823000,,,,0.035000,
SP_R_Jongkok_1,openpose,11,0.444991,ok,1,direct,0.751937,4,right_ear,0,0,0.000000,0.000000,0.000000,0.000000,0.000000,0.000000,,,,0.035000,
SP_R_Jongkok_1,openpose,11,0.444991,ok,1,direct,0.751937,5,left_shoulder,1,1,2.000000,709.190000,248.720000,2.000000,699.937000,245.360000,9.844166,43.385473,1,0.079000,0.847906
SP_R_Jongkok_1,openpose,11,0.444991,ok,1,direct,0.751937,6,right_shoulder,1,1,2.000000,608.890000,251.460000,2.000000,609.799000,249.322000,2.323214,43.385473,1,0.079000,0.990853
SP_R_Jongkok_1,openpose,11,0.444991,ok,1,direct,0.751937,7,left_elbow,1,1,2.000000,717.210000,328.720000,2.000000,717.543000,329.670000,1.006672,43.385473,1,0.072000,0.997925
SP_R_Jongkok_1,openpose,11,0.444991,ok,1,direct,0.751937,8,right_elbow,1,1,2.000000,600.070000,325.210000,2.000000,596.073000,333.550000,9.248330,43.385473,1,0.072000,0.839198
SP_R_Jongkok_1,openpose,11,0.444991,ok,1,direct,0.751937,9,left_wrist,1,1,2.000000,700.490000,414.460000,2.000000,699.880000,404.133000,10.345000,43.385473,1,0.062000,0.743926
SP_R_Jongkok_1,openpose,11,0.444991,ok,1,direct,0.751937,10,right_wrist,1,1,2.000000,600.700000,407.490000,2.000000,601.984000,406.012000,1.957841,43.385473,1,0.062000,0.989461
SP_R_Jongkok_1,openpose,11,0.444991,ok,1,direct,0.751937,11,left_hip,1,1,2.000000,689.710000,406.890000,2.000000,682.316000,409.975000,8.011770,43.385473,1,0.107000,0.942169
SP_R_Jongkok_1,openpose,11,0.444991,ok,1,direct,0.751937,12,right_hip,1,1,2.000000,629.080000,410.550000,2.000000,627.435000,411.884000,2.117919,43.385473,1,0.107000,0.995846
SP_R_Jongkok_1,openpose,11,0.444991,ok,1,direct,0.751937,13,left_knee,1,1,2.000000,703.540000,524.530000,2.000000,697.896000,525.502000,5.727087,43.385473,1,0.087000,0.955000
SP_R_Jongkok_1,openpose,11,0.444991,ok,1,direct,0.751937,14,right_knee,1,1,2.000000,635.730000,529.730000,2.000000,633.323000,527.460000,3.308557,43.385473,1,0.087000,0.984751
SP_R_Jongkok_1,openpose,11,0.444991,ok,1,direct,0.751937,15,left_ankle,1,1,2.000000,711.420000,643.180000,2.000000,709.738000,631.312000,11.986599,43.385473,1,0.089000,0.824703
SP_R_Jongkok_1,openpose,11,0.444991,ok,1,direct,0.751937,16,right_ankle,1,1,2.000000,653.550000,650.440000,2.000000,648.933000,631.349000,19.641359,43.385473,1,0.089000,0.596013
SP_R_Jongkok_1,openpose,12,0.485445,ok,1,direct,0.758461,0,nose,0,0,0.000000,0.000000,0.000000,2.000000,631.359000,178.729000,,,,0.026000,
SP_R_Jongkok_1,openpose,12,0.485445,ok,1,direct,0.758461,1,left_eye,0,0,0.000000,0.000000,0.000000,2.000000,641.167000,167.012000,,,,0.025000,
SP_R_Jongkok_1,openpose,12,0.485445,ok,1,direct,0.758461,2,right_eye,0,0,0.000000,0.000000,0.000000,2.000000,625.478000,168.953000,,,,0.025000,
SP_R_Jongkok_1,openpose,12,0.485445,ok,1,direct,0.758461,3,left_ear,0,0,0.000000,0.000000,0.000000,2.000000,666.662000,172.923000,,,,0.035000,
SP_R_Jongkok_1,openpose,12,0.485445,ok,1,direct,0.758461,4,right_ear,0,0,0.000000,0.000000,0.000000,0.000000,0.000000,0.000000,,,,0.035000,
SP_R_Jongkok_1,openpose,12,0.485445,ok,1,direct,0.758461,5,left_shoulder,1,1,2.000000,709.190000,248.720000,2.000000,699.930000,245.353000,9.853136,43.385473,1,0.079000,0.847651
SP_R_Jongkok_1,openpose,12,0.485445,ok,1,direct,0.758461,6,right_shoulder,1,1,2.000000,608.890000,251.460000,2.000000,609.753000,249.313000,2.313953,43.385473,1,0.079000,0.990926
SP_R_Jongkok_1,openpose,12,0.485445,ok,1,direct,0.758461,7,left_elbow,1,1,2.000000,717.210000,328.720000,2.000000,715.641000,329.651000,1.824424,43.385473,1,0.072000,0.993201
SP_R_Jongkok_1,openpose,12,0.485445,ok,1,direct,0.758461,8,right_elbow,1,1,2.000000,600.070000,325.210000,2.000000,594.088000,333.510000,10.231047,43.385473,1,0.072000,0.806909
SP_R_Jongkok_1,openpose,12,0.485445,ok,1,direct,0.758461,9,left_wrist,1,1,2.000000,700.490000,414.460000,2.000000,698.016000,405.991000,8.822961,43.385473,1,0.062000,0.806402
SP_R_Jongkok_1,openpose,12,0.485445,ok,1,direct,0.758461,10,right_wrist,1,1,2.000000,600.700000,407.490000,2.000000,600.029000,404.031000,3.523482,43.385473,1,0.062000,0.966266
SP_R_Jongkok_1,openpose,12,0.485445,ok,1,direct,0.758461,11,left_hip,1,1,2.000000,689.710000,406.890000,2.000000,682.277000,411.873000,8.948731,43.385473,1,0.107000,0.928376
SP_R_Jongkok_1,openpose,12,0.485445,ok,1,direct,0.758461,12,right_hip,1,1,2.000000,629.080000,410.550000,2.000000,627.391000,411.891000,2.156618,43.385473,1,0.107000,0.995693
SP_R_Jongkok_1,openpose,12,0.485445,ok,1,direct,0.758461,13,left_knee,1,1,2.000000,703.540000,524.530000,2.000000,695.994000,525.507000,7.608984,43.385473,1,0.087000,0.921940
SP_R_Jongkok_1,openpose,12,0.485445,ok,1,direct,0.758461,14,right_knee,1,1,2.000000,635.730000,529.730000,2.000000,633.311000,527.512000,3.281933,43.385473,1,0.087000,0.984993
SP_R_Jongkok_1,openpose,12,0.485445,ok,1,direct,0.758461,15,left_ankle,1,1,2.000000,711.420000,643.180000,2.000000,709.664000,631.345000,11.964563,43.385473,1,0.089000,0.825287
SP_R_Jongkok_1,openpose,12,0.485445,ok,1,direct,0.758461,16,right_ankle,1,1,2.000000,653.550000,650.440000,2.000000,648.960000,631.390000,19.595168,43.385473,1,0.089000,0.597464
SP_R_Jongkok_1,openpose,13,0.525898,ok,1,direct,0.752820,0,nose,0,0,0.000000,0.000000,0.000000,2.000000,631.329000,178.751000,,,,0.026000,
SP_R_Jongkok_1,openpose,13,0.525898,ok,1,direct,0.752820,1,left_eye,0,0,0.000000,0.000000,0.000000,2.000000,641.133000,167.039000,,,,0.025000,
SP_R_Jongkok_1,openpose,13,0.525898,ok,1,direct,0.752820,2,right_eye,0,0,0.000000,0.000000,0.000000,2.000000,625.468000,168.947000,,,,0.025000,
SP_R_Jongkok_1,openpose,13,0.525898,ok,1,direct,0.752820,3,left_ear,0,0,0.000000,0.000000,0.000000,2.000000,666.626000,174.818000,,,,0.035000,
SP_R_Jongkok_1,openpose,13,0.525898,ok,1,direct,0.752820,4,right_ear,0,0,0.000000,0.000000,0.000000,0.000000,0.000000,0.000000,,,,0.035000,
SP_R_Jongkok_1,openpose,13,0.525898,ok,1,direct,0.752820,5,left_shoulder,1,1,2.000000,707.160000,250.100000,2.000000,699.919000,245.351000,8.659393,43.069285,1,0.079000,0.878496
SP_R_Jongkok_1,openpose,13,0.525898,ok,1,direct,0.752820,6,right_shoulder,1,1,2.000000,608.250000,253.490000,2.000000,607.830000,251.214000,2.314428,43.069285,1,0.079000,0.990789
SP_R_Jongkok_1,openpose,13,0.525898,ok,1,direct,0.752820,7,left_elbow,1,1,2.000000,714.710000,328.720000,2.000000,715.581000,331.627000,3.034681,43.069285,1,0.072000,0.981028
SP_R_Jongkok_1,openpose,13,0.525898,ok,1,direct,0.752820,8,right_elbow,1,1,2.000000,598.740000,325.950000,2.000000,596.019000,333.575000,8.095954,43.069285,1,0.072000,0.872562
SP_R_Jongkok_1,openpose,13,0.525898,ok,1,direct,0.752820,9,left_wrist,1,1,2.000000,696.070000,413.570000,2.000000,697.947000,406.076000,7.725488,43.069285,1,0.062000,0.845859
SP_R_Jongkok_1,openpose,13,0.525898,ok,1,direct,0.752820,10,right_wrist,1,1,2.000000,598.780000,408.670000,2.000000,601.990000,404.083000,5.598631,43.069285,1,0.062000,0.915836
SP_R_Jongkok_1,openpose,13,0.525898,ok,1,direct,0.752820,11,left_hip,1,1,2.000000,689.530000,408.830000,2.000000,682.346000,409.961000,7.272484,43.069285,1,0.107000,0.951413
SP_R_Jongkok_1,openpose,13,0.525898,ok,1,direct,0.752820,12,right_hip,1,1,2.000000,630.000000,412.210000,2.000000,627.431000,411.897000,2.587997,43.069285,1,0.107000,0.993712
SP_R_Jongkok_1,openpose,13,0.525898,ok,1,direct,0.752820,13,left_knee,1,1,2.000000,703.540000,526.290000,2.000000,696.040000,523.632000,7.957070,43.069285,1,0.087000,0.913757
SP_R_Jongkok_1,openpose,13,0.525898,ok,1,direct,0.752820,14,right_knee,1,1,2.000000,632.410000,530.470000,2.000000,633.318000,527.464000,3.140143,43.069285,1,0.087000,0.986052
SP_R_Jongkok_1,openpose,13,0.525898,ok,1,direct,0.752820,15,left_ankle,1,1,2.000000,711.420000,644.290000,2.000000,709.754000,631.323000,13.073586,43.069285,1,0.089000,0.792430
SP_R_Jongkok_1,openpose,13,0.525898,ok,1,direct,0.752820,16,right_ankle,1,1,2.000000,653.550000,649.980000,2.000000,648.966000,633.238000,17.358215,43.069285,1,0.089000,0.663562
SP_R_Jongkok_1,openpose,14,0.566352,ok,1,direct,0.750801,0,nose,0,0,0.000000,0.000000,0.000000,2.000000,629.395000,178.704000,,,,0.026000,
SP_R_Jongkok_1,openpose,14,0.566352,ok,1,direct,0.750801,1,left_eye,0,0,0.000000,0.000000,0.000000,2.000000,639.178000,166.985000,,,,0.025000,
SP_R_Jongkok_1,openpose,14,0.566352,ok,1,direct,0.750801,2,right_eye,0,0,0.000000,0.000000,0.000000,2.000000,623.470000,167.092000,,,,0.025000,
SP_R_Jongkok_1,openpose,14,0.566352,ok,1,direct,0.750801,3,left_ear,0,0,0.000000,0.000000,0.000000,2.000000,666.561000,174.797000,,,,0.035000,
SP_R_Jongkok_1,openpose,14,0.566352,ok,1,direct,0.750801,4,right_ear,0,0,0.000000,0.000000,0.000000,0.000000,0.000000,0.000000,,,,0.035000,
SP_R_Jongkok_1,openpose,14,0.566352,ok,1,direct,0.750801,5,left_shoulder,1,1,2.000000,705.130000,251.480000,2.000000,698.004000,243.489000,10.706818,42.852669,1,0.079000,0.818689
SP_R_Jongkok_1,openpose,14,0.566352,ok,1,direct,0.750801,6,right_shoulder,1,1,2.000000,607.600000,255.510000,2.000000,605.933000,249.361000,6.370957,42.852669,1,0.079000,0.931618
SP_R_Jongkok_1,openpose,14,0.566352,ok,1,direct,0.750801,7,left_elbow,1,1,2.000000,712.200000,328.720000,2.000000,711.706000,329.660000,1.061902,42.852669,1,0.072000,0.997634
SP_R_Jongkok_1,openpose,14,0.566352,ok,1,direct,0.750801,8,right_elbow,1,1,2.000000,597.410000,326.690000,2.000000,592.186000,333.578000,8.644925,42.852669,1,0.072000,0.854694
SP_R_Jongkok_1,openpose,14,0.566352,ok,1,direct,0.750801,9,left_wrist,1,1,2.000000,691.640000,412.680000,2.000000,696.032000,406.093000,7.916959,42.852669,1,0.062000,0.837289
SP_R_Jongkok_1,openpose,14,0.566352,ok,1,direct,0.750801,10,right_wrist,1,1,2.000000,596.860000,409.850000,2.000000,603.918000,404.064000,9.126509,42.852669,1,0.062000,0.789786
SP_R_Jongkok_1,openpose,14,0.566352,ok,1,direct,0.750801,11,left_hip,1,1,2.000000,689.350000,410.770000,2.000000,682.303000,413.898000,7.710032,42.852669,1,0.107000,0.945021
SP_R_Jongkok_1,openpose,14,0.566352,ok,1,direct,0.750801,12,right_hip,1,1,2.000000,630.920000,413.870000,2.000000,627.413000,415.835000,4.019984,42.852669,1,0.107000,0.984745
SP_R_Jongkok_1,openpose,14,0.566352,ok,1,direct,0.750801,13,left_knee,1,1,2.000000,703.540000,528.040000,2.000000,696.044000,525.500000,7.914646,42.852669,1,0.087000,0.913807
SP_R_Jongkok_1,openpose,14,0.566352,ok,1,direct,0.750801,14,right_knee,1,1,2.000000,629.090000,531.210000,2.000000,633.313000,525.579000,7.038600,42.852669,1,0.087000,0.931195
SP_R_Jongkok_1,openpose,14,0.566352,ok,1,direct,0.750801,15,left_ankle,1,1,2.000000,711.420000,645.400000,2.000000,711.601000,629.400000,16.001024,42.852669,1,0.089000,0.703253
SP_R_Jongkok_1,openpose,14,0.566352,ok,1,direct,0.750801,16,right_ankle,1,1,2.000000,653.550000,649.510000,2.000000,647.028000,631.280000,19.361544,42.852669,1,0.089000,0.597241
SP_R_Jongkok_1,openpose,15,0.606806,ok,1,direct,0.734902,0,nose,0,0,0.000000,0.000000,0.000000,2.000000,629.352000,178.701000,,,,0.026000,
SP_R_Jongkok_1,openpose,15,0.606806,ok,1,direct,0.734902,1,left_eye,0,0,0.000000,0.000000,0.000000,2.000000,639.128000,167.008000,,,,0.025000,
SP_R_Jongkok_1,openpose,15,0.606806,ok,1,direct,0.734902,2,right_eye,0,0,0.000000,0.000000,0.000000,2.000000,623.463000,167.081000,,,,0.025000,
SP_R_Jongkok_1,openpose,15,0.606806,ok,1,direct,0.734902,3,left_ear,0,0,0.000000,0.000000,0.000000,2.000000,666.529000,174.834000,,,,0.035000,
SP_R_Jongkok_1,openpose,15,0.606806,ok,1,direct,0.734902,4,right_ear,0,0,0.000000,0.000000,0.000000,0.000000,0.000000,0.000000,,,,0.035000,
SP_R_Jongkok_1,openpose,15,0.606806,ok,1,direct,0.734902,5,left_shoulder,1,1,2.000000,703.100000,252.870000,2.000000,697.976000,243.475000,10.701467,42.963727,1,0.079000,0.819698
SP_R_Jongkok_1,openpose,15,0.606806,ok,1,direct,0.734902,6,right_shoulder,1,1,2.000000,606.960000,257.540000,2.000000,607.801000,247.410000,10.164850,42.963727,1,0.079000,0.835788
SP_R_Jongkok_1,openpose,15,0.606806,ok,1,direct,0.734902,7,left_elbow,1,1,2.000000,709.690000,328.720000,2.000000,711.620000,325.680000,3.600903,42.963727,1,0.072000,0.973263
SP_R_Jongkok_1,openpose,15,0.606806,ok,1,direct,0.734902,8,right_elbow,1,1,2.000000,596.080000,327.430000,2.000000,592.160000,325.751000,4.264439,42.963727,1,0.072000,0.962704
SP_R_Jongkok_1,openpose,15,0.606806,ok,1,direct,0.734902,9,left_wrist,1,1,2.000000,687.210000,411.800000,2.000000,696.059000,396.261000,17.881983,42.963727,1,0.062000,0.406037
SP_R_Jongkok_1,openpose,15,0.606806,ok,1,direct,0.734902,10,right_wrist,1,1,2.000000,594.940000,411.030000,2.000000,599.963000,404.055000,8.595415,42.963727,1,0.062000,0.812007
SP_R_Jongkok_1,openpose,15,0.606806,ok,1,direct,0.734902,11,left_hip,1,1,2.000000,689.160000,412.700000,2.000000,682.347000,406.010000,9.548459,42.963727,1,0.107000,0.917335
SP_R_Jongkok_1,openpose,15,0.606806,ok,1,direct,0.734902,12,right_hip,1,1,2.000000,631.840000,415.530000,2.000000,627.367000,406.070000,10.464193,42.963727,1,0.107000,0.901562
SP_R_Jongkok_1,openpose,15,0.606806,ok,1,direct,0.734902,13,left_knee,1,1,2.000000,703.540000,529.790000,2.000000,696.037000,519.647000,12.616476,42.963727,1,0.087000,0.796238
SP_R_Jongkok_1,openpose,15,0.606806,ok,1,direct,0.734902,14,right_knee,1,1,2.000000,625.770000,531.940000,2.000000,633.322000,523.538000,11.297181,42.963727,1,0.087000,0.833022
SP_R_Jongkok_1,openpose,15,0.606806,ok,1,direct,0.734902,15,left_ankle,1,1,2.000000,711.420000,646.500000,2.000000,709.741000,629.376000,17.206116,42.963727,1,0.089000,0.667004
SP_R_Jongkok_1,openpose,15,0.606806,ok,1,direct,0.734902,16,right_ankle,1,1,2.000000,653.550000,649.050000,2.000000,647.061000,631.358000,18.844468,42.963727,1,0.089000,0.615235
SP_R_Jongkok_1,openpose,16,0.647260,ok,1,direct,0.712376,0,nose,0,0,0.000000,0.000000,0.000000,2.000000,627.456000,178.709000,,,,0.026000,
SP_R_Jongkok_1,openpose,16,0.647260,ok,1,direct,0.712376,1,left_eye,0,0,0.000000,0.000000,0.000000,2.000000,637.249000,167.006000,,,,0.025000,
SP_R_Jongkok_1,openpose,16,0.647260,ok,1,direct,0.712376,2,right_eye,0,0,0.000000,0.000000,0.000000,2.000000,621.576000,167.075000,,,,0.025000,
SP_R_Jongkok_1,openpose,16,0.647260,ok,1,direct,0.712376,3,left_ear,0,0,0.000000,0.000000,0.000000,2.000000,664.668000,174.892000,,,,0.035000,
SP_R_Jongkok_1,openpose,16,0.647260,ok,1,direct,0.712376,4,right_ear,0,0,0.000000,0.000000,0.000000,0.000000,0.000000,0.000000,,,,0.035000,
SP_R_Jongkok_1,openpose,16,0.647260,ok,1,direct,0.712376,5,left_shoulder,1,1,2.000000,701.070000,254.250000,2.000000,696.024000,243.452000,11.918847,43.215671,1,0.079000,0.783676
SP_R_Jongkok_1,openpose,16,0.647260,ok,1,direct,0.712376,6,right_shoulder,1,1,2.000000,606.310000,259.570000,2.000000,605.927000,247.378000,12.198014,43.215671,1,0.079000,0.774675
SP_R_Jongkok_1,openpose,16,0.647260,ok,1,direct,0.712376,7,left_elbow,1,1,2.000000,707.180000,328.720000,2.000000,707.768000,329.653000,1.102830,43.215671,1,0.072000,0.997491
SP_R_Jongkok_1,openpose,16,0.647260,ok,1,direct,0.712376,8,right_elbow,1,1,2.000000,594.750000,328.170000,2.000000,590.241000,325.682000,5.149876,43.215671,1,0.072000,0.946687
SP_R_Jongkok_1,openpose,16,0.647260,ok,1,direct,0.712376,9,left_wrist,1,1,2.000000,682.780000,410.910000,2.000000,692.066000,402.173000,12.750097,43.215671,1,0.062000,0.635789
SP_R_Jongkok_1,openpose,16,0.647260,ok,1,direct,0.712376,10,right_wrist,1,1,2.000000,593.020000,412.210000,2.000000,601.993000,392.288000,21.849504,43.215671,1,0.062000,0.264481
SP_R_Jongkok_1,openpose,16,0.647260,ok,1,direct,0.712376,11,left_hip,1,1,2.000000,688.980000,414.640000,2.000000,682.267000,404.094000,12.501299,43.215671,1,0.107000,0.864002
SP_R_Jongkok_1,openpose,16,0.647260,ok,1,direct,0.712376,12,right_hip,1,1,2.000000,632.770000,417.190000,2.000000,623.500000,406.024000,14.512493,43.215671,1,0.107000,0.821191
SP_R_Jongkok_1,openpose,16,0.647260,ok,1,direct,0.712376,13,left_knee,1,1,2.000000,703.540000,531.540000,2.000000,695.956000,517.696000,15.785227,43.215671,1,0.087000,0.702899
SP_R_Jongkok_1,openpose,16,0.647260,ok,1,direct,0.712376,14,right_knee,1,1,2.000000,622.450000,532.680000,2.000000,633.242000,523.575000,14.119784,43.215671,1,0.087000,0.754217
SP_R_Jongkok_1,openpose,16,0.647260,ok,1,direct,0.712376,15,left_ankle,1,1,2.000000,711.420000,647.610000,2.000000,709.695000,629.369000,18.322383,43.215671,1,0.089000,0.635165
SP_R_Jongkok_1,openpose,16,0.647260,ok,1,direct,0.712376,16,right_ankle,1,1,2.000000,653.550000,648.590000,2.000000,646.957000,633.244000,16.702316,43.215671,1,0.089000,0.685809
SP_R_Jongkok_1,openpose,17,0.687713,ok,1,direct,0.726314,0,nose,0,0,0.000000,0.000000,0.000000,2.000000,627.417000,178.754000,,,,0.026000,
SP_R_Jongkok_1,openpose,17,0.687713,ok,1,direct,0.726314,1,left_eye,0,0,0.000000,0.000000,0.000000,2.000000,637.189000,167.032000,,,,0.025000,
SP_R_Jongkok_1,openpose,17,0.687713,ok,1,direct,0.726314,2,right_eye,0,0,0.000000,0.000000,0.000000,2.000000,621.508000,168.964000,,,,0.025000,
SP_R_Jongkok_1,openpose,17,0.687713,ok,1,direct,0.726314,3,left_ear,0,0,0.000000,0.000000,0.000000,2.000000,664.658000,174.880000,,,,0.035000,
SP_R_Jongkok_1,openpose,17,0.687713,ok,1,direct,0.726314,4,right_ear,0,0,0.000000,0.000000,0.000000,0.000000,0.000000,0.000000,,,,0.035000,
SP_R_Jongkok_1,openpose,17,0.687713,ok,1,direct,0.726314,5,left_shoulder,1,1,2.000000,699.040000,255.630000,2.000000,696.030000,243.415000,12.580394,43.493750,1,0.079000,0.764825
SP_R_Jongkok_1,openpose,17,0.687713,ok,1,direct,0.726314,6,right_shoulder,1,1,2.000000,605.670000,261.600000,2.000000,605.849000,247.389000,14.212127,43.493750,1,0.079000,0.710228
SP_R_Jongkok_1,openpose,17,0.687713,ok,1,direct,0.726314,7,left_elbow,1,1,2.000000,704.670000,328.720000,2.000000,703.838000,327.720000,1.300855,43.493750,1,0.072000,0.996555
SP_R_Jongkok_1,openpose,17,0.687713,ok,1,direct,0.726314,8,right_elbow,1,1,2.000000,593.430000,328.900000,2.000000,590.155000,325.722000,4.563476,43.493750,1,0.072000,0.958417
SP_R_Jongkok_1,openpose,17,0.687713,ok,1,direct,0.726314,9,left_wrist,1,1,2.000000,678.360000,410.030000,2.000000,684.207000,402.124000,9.833221,43.493750,1,0.062000,0.766485
SP_R_Jongkok_1,openpose,17,0.687713,ok,1,direct,0.726314,10,right_wrist,1,1,2.000000,591.110000,413.390000,2.000000,592.160000,404.051000,9.397841,43.493750,1,0.062000,0.784340
SP_R_Jongkok_1,openpose,17,0.687713,ok,1,direct,0.726314,11,left_hip,1,1,2.000000,688.790000,416.580000,2.000000,684.228000,404.109000,13.279220,43.493750,1,0.107000,0.849729
SP_R_Jongkok_1,openpose,17,0.687713,ok,1,direct,0.726314,12,right_hip,1,1,2.000000,633.690000,418.850000,2.000000,621.590000,406.066000,17.602291,43.493750,1,0.107000,0.751173
SP_R_Jongkok_1,openpose,17,0.687713,ok,1,direct,0.726314,13,left_knee,1,1,2.000000,703.540000,533.290000,2.000000,697.923000,523.580000,11.217611,43.493750,1,0.087000,0.838813
SP_R_Jongkok_1,openpose,17,0.687713,ok,1,direct,0.726314,14,right_knee,1,1,2.000000,619.130000,533.420000,2.000000,629.419000,525.528000,12.967158,43.493750,1,0.087000,0.790674
SP_R_Jongkok_1,openpose,17,0.687713,ok,1,direct,0.726314,15,left_ankle,1,1,2.000000,711.420000,648.720000,2.000000,709.696000,631.357000,17.448379,43.493750,1,0.089000,0.666073
SP_R_Jongkok_1,openpose,17,0.687713,ok,1,direct,0.726314,16,right_ankle,1,1,2.000000,653.550000,648.130000,2.000000,648.919000,631.362000,17.395746,43.493750,1,0.089000,0.667706
SP_R_Jongkok_1,openpose,18,0.728167,ok,1,direct,0.713917,0,nose,0,0,0.000000,0.000000,0.000000,2.000000,625.428000,180.823000,,,,0.026000,
SP_R_Jongkok_1,openpose,18,0.728167,ok,1,direct,0.713917,1,left_eye,0,0,0.000000,0.000000,0.000000,2.000000,635.258000,170.931000,,,,0.025000,
SP_R_Jongkok_1,openpose,18,0.728167,ok,1,direct,0.713917,2,right_eye,0,0,0.000000,0.000000,0.000000,2.000000,621.513000,174.805000,,,,0.025000,
SP_R_Jongkok_1,openpose,18,0.728167,ok,1,direct,0.713917,3,left_ear,0,0,0.000000,0.000000,0.000000,2.000000,664.594000,178.790000,,,,0.035000,
SP_R_Jongkok_1,openpose,18,0.728167,ok,1,direct,0.713917,4,right_ear,0,0,0.000000,0.000000,0.000000,0.000000,0.000000,0.000000,,,,0.035000,
SP_R_Jongkok_1,openpose,18,0.728167,ok,1,direct,0.713917,5,left_shoulder,1,1,2.000000,697.010000,257.020000,2.000000,695.963000,243.425000,13.635257,45.264167,1,0.079000,0.747666
SP_R_Jongkok_1,openpose,18,0.728167,ok,1,direct,0.713917,6,right_shoulder,1,1,2.000000,605.020000,263.630000,2.000000,605.861000,249.286000,14.368633,45.264167,1,0.079000,0.724030
SP_R_Jongkok_1,openpose,18,0.728167,ok,1,direct,0.713917,7,left_elbow,1,1,2.000000,700.240000,331.170000,2.000000,701.895000,327.662000,3.878800,45.264167,1,0.072000,0.972067
SP_R_Jongkok_1,openpose,18,0.728167,ok,1,direct,0.713917,8,right_elbow,1,1,2.000000,585.560000,334.070000,2.000000,588.246000,329.670000,5.155055,45.264167,1,0.072000,0.951191
SP_R_Jongkok_1,openpose,18,0.728167,ok,1,direct,0.713917,9,left_wrist,1,1,2.000000,672.450000,404.130000,2.000000,674.447000,396.207000,8.170798,45.264167,1,0.062000,0.844055
SP_R_Jongkok_1,openpose,18,0.728167,ok,1,direct,0.713917,10,right_wrist,1,1,2.000000,581.020000,413.390000,2.000000,590.208000,411.930000,9.303276,45.264167,1,0.062000,0.802687
SP_R_Jongkok_1,openpose,18,0.728167,ok,1,direct,0.713917,11,left_hip,1,1,2.000000,688.610000,418.510000,2.000000,688.174000,409.916000,8.605053,45.264167,1,0.107000,0.938818
SP_R_Jongkok_1,openpose,18,0.728167,ok,1,direct,0.713917,12,right_hip,1,1,2.000000,634.610000,420.510000,2.000000,625.419000,408.034000,15.495969,45.264167,1,0.107000,0.814864
SP_R_Jongkok_1,openpose,18,0.728167,ok,1,direct,0.713917,13,left_knee,1,1,2.000000,703.540000,535.050000,2.000000,697.982000,527.533000,9.348618,45.264167,1,0.087000,0.893406
SP_R_Jongkok_1,openpose,18,0.728167,ok,1,direct,0.713917,14,right_knee,1,1,2.000000,615.810000,534.160000,2.000000,623.548000,525.557000,11.571009,45.264167,1,0.087000,0.841413
SP_R_Jongkok_1,openpose,18,0.728167,ok,1,direct,0.713917,15,left_ankle,1,1,2.000000,711.420000,649.820000,2.000000,709.723000,633.253000,16.653687,45.264167,1,0.089000,0.710496
SP_R_Jongkok_1,openpose,18,0.728167,ok,1,direct,0.713917,16,right_ankle,1,1,2.000000,653.550000,647.670000,2.000000,648.927000,633.246000,15.146746,45.264167,1,0.089000,0.753719
SP_R_Jongkok_1,openpose,19,0.768621,ok,1,direct,0.707719,0,nose,0,0,0.000000,0.000000,0.000000,2.000000,625.411000,188.586000,,,,0.026000,
SP_R_Jongkok_1,openpose,19,0.768621,ok,1,direct,0.707719,1,left_eye,0,0,0.000000,0.000000,0.000000,2.000000,635.260000,178.741000,,,,0.025000,
SP_R_Jongkok_1,openpose,19,0.768621,ok,1,direct,0.707719,2,right_eye,0,0,0.000000,0.000000,0.000000,2.000000,621.492000,178.778000,,,,0.025000,
SP_R_Jongkok_1,openpose,19,0.768621,ok,1,direct,0.707719,3,left_ear,0,0,0.000000,0.000000,0.000000,2.000000,662.734000,184.700000,,,,0.035000,
SP_R_Jongkok_1,openpose,19,0.768621,ok,1,direct,0.707719,4,right_ear,0,0,0.000000,0.000000,0.000000,0.000000,0.000000,0.000000,,,,0.035000,
SP_R_Jongkok_1,openpose,19,0.768621,ok,1,direct,0.707719,5,left_shoulder,1,1,2.000000,694.980000,258.400000,2.000000,692.108000,247.357000,11.410356,46.964929,1,0.079000,0.827655
SP_R_Jongkok_1,openpose,19,0.768621,ok,1,direct,0.707719,6,right_shoulder,1,1,2.000000,604.370000,265.660000,2.000000,603.972000,257.141000,8.528292,46.964929,1,0.079000,0.899721
SP_R_Jongkok_1,openpose,19,0.768621,ok,1,direct,0.707719,7,left_elbow,1,1,2.000000,695.820000,333.630000,2.000000,697.996000,329.666000,4.521977,46.964929,1,0.072000,0.964866
SP_R_Jongkok_1,openpose,19,0.768621,ok,1,direct,0.707719,8,right_elbow,1,1,2.000000,577.690000,339.230000,2.000000,588.283000,337.438000,10.743506,46.964929,1,0.072000,0.817187
SP_R_Jongkok_1,openpose,19,0.768621,ok,1,direct,0.707719,9,left_wrist,1,1,2.000000,666.550000,398.220000,2.000000,666.636000,394.275000,3.945937,46.964929,1,0.062000,0.963938
SP_R_Jongkok_1,openpose,19,0.768621,ok,1,direct,0.707719,10,right_wrist,1,1,2.000000,570.940000,413.390000,2.000000,580.371000,408.032000,10.846747,46.964929,1,0.062000,0.757658
SP_R_Jongkok_1,openpose,19,0.768621,ok,1,direct,0.707719,11,left_hip,1,1,2.000000,688.420000,420.450000,2.000000,688.170000,408.023000,12.429514,46.964929,1,0.107000,0.884834
SP_R_Jongkok_1,openpose,19,0.768621,ok,1,direct,0.707719,12,right_hip,1,1,2.000000,635.530000,422.170000,2.000000,629.332000,409.939000,13.711767,46.964929,1,0.107000,0.861653
SP_R_Jongkok_1,openpose,19,0.768621,ok,1,direct,0.707719,13,left_knee,1,1,2.000000,703.540000,536.800000,2.000000,697.944000,527.491000,10.861524,46.964929,1,0.087000,0.868205
SP_R_Jongkok_1,openpose,19,0.768621,ok,1,direct,0.707719,14,right_knee,1,1,2.000000,612.490000,534.900000,2.000000,621.504000,523.627000,14.433736,46.964929,1,0.087000,0.779132
SP_R_Jongkok_1,openpose,19,0.768621,ok,1,direct,0.707719,15,left_ankle,1,1,2.000000,711.420000,650.930000,2.000000,709.677000,633.266000,17.749787,46.964929,1,0.089000,0.697221
SP_R_Jongkok_1,openpose,19,0.768621,ok,1,direct,0.707719,16,right_ankle,1,1,2.000000,653.550000,647.210000,2.000000,648.997000,631.369000,16.482327,46.964929,1,0.089000,0.732725
SP_R_Jongkok_1,openpose,20,0.809074,ok,1,direct,0.712447,0,nose,0,0,0.000000,0.000000,0.000000,2.000000,621.617000,196.350000,,,,0.026000,
SP_R_Jongkok_1,openpose,20,0.809074,ok,1,direct,0.712447,1,left_eye,0,0,0.000000,0.000000,0.000000,2.000000,633.301000,184.658000,,,,0.025000,
SP_R_Jongkok_1,openpose,20,0.809074,ok,1,direct,0.712447,2,right_eye,0,0,0.000000,0.000000,0.000000,2.000000,617.685000,186.585000,,,,0.025000,
SP_R_Jongkok_1,openpose,20,0.809074,ok,1,direct,0.712447,3,left_ear,0,0,0.000000,0.000000,0.000000,2.000000,660.756000,194.415000,,,,0.035000,
SP_R_Jongkok_1,openpose,20,0.809074,ok,1,direct,0.712447,4,right_ear,0,0,0.000000,0.000000,0.000000,0.000000,0.000000,0.000000,,,,0.035000,
SP_R_Jongkok_1,openpose,20,0.809074,ok,1,direct,0.712447,5,left_shoulder,1,1,2.000000,692.950000,259.780000,2.000000,693.998000,257.100000,2.877621,48.605592,1,0.079000,0.988830
SP_R_Jongkok_1,openpose,20,0.809074,ok,1,direct,0.712447,6,right_shoulder,1,1,2.000000,603.730000,267.690000,2.000000,605.891000,263.001000,5.163007,48.605592,1,0.079000,0.964488
SP_R_Jongkok_1,openpose,20,0.809074,ok,1,direct,0.712447,7,left_elbow,1,1,2.000000,691.390000,336.090000,2.000000,692.107000,333.582000,2.608477,48.605592,1,0.072000,0.988950
SP_R_Jongkok_1,openpose,20,0.809074,ok,1,direct,0.712447,8,right_elbow,1,1,2.000000,569.820000,344.400000,2.000000,590.233000,343.307000,20.442241,48.605592,1,0.072000,0.505394
SP_R_Jongkok_1,openpose,20,0.809074,ok,1,direct,0.712447,9,left_wrist,1,1,2.000000,660.650000,392.320000,2.000000,658.730000,390.357000,2.745864,48.605592,1,0.062000,0.983532
SP_R_Jongkok_1,openpose,20,0.809074,ok,1,direct,0.712447,10,right_wrist,1,1,2.000000,560.850000,413.390000,2.000000,594.123000,409.971000,33.448200,48.605592,1,0.062000,0.085104
SP_R_Jongkok_1,openpose,20,0.809074,ok,1,direct,0.712447,11,left_hip,1,1,2.000000,688.240000,422.390000,2.000000,690.095000,413.882000,8.707875,48.605592,1,0.107000,0.945475
SP_R_Jongkok_1,openpose,20,0.809074,ok,1,direct,0.712447,12,right_hip,1,1,2.000000,636.450000,423.830000,2.000000,629.420000,417.786000,9.270967,48.605592,1,0.107000,0.938424
SP_R_Jongkok_1,openpose,20,0.809074,ok,1,direct,0.712447,13,left_knee,1,1,2.000000,703.540000,538.550000,2.000000,697.974000,529.485000,10.637414,48.605592,1,0.087000,0.881123
SP_R_Jongkok_1,openpose,20,0.809074,ok,1,direct,0.712447,14,right_knee,1,1,2.000000,609.170000,535.630000,2.000000,607.812000,527.550000,8.193324,48.605592,1,0.087000,0.927667
SP_R_Jongkok_1,openpose,20,0.809074,ok,1,direct,0.712447,15,left_ankle,1,1,2.000000,711.420000,652.040000,2.000000,709.701000,633.315000,18.803739,48.605592,1,0.089000,0.685306
SP_R_Jongkok_1,openpose,20,0.809074,ok,1,direct,0.712447,16,right_ankle,1,1,2.000000,653.550000,646.750000,2.000000,648.925000,631.380000,16.050780,48.605592,1,0.089000,0.759314
SP_R_Jongkok_1,openpose,21,0.849528,ok,1,direct,0.698465,0,nose,0,0,0.000000,0.000000,0.000000,2.000000,621.619000,206.256000,,,,0.026000,
SP_R_Jongkok_1,openpose,21,0.849528,ok,1,direct,0.698465,1,left_eye,0,0,0.000000,0.000000,0.000000,2.000000,633.305000,196.348000,,,,0.025000,
SP_R_Jongkok_1,openpose,21,0.849528,ok,1,direct,0.698465,2,right_eye,0,0,0.000000,0.000000,0.000000,2.000000,619.557000,196.458000,,,,0.025000,
SP_R_Jongkok_1,openpose,21,0.849528,ok,1,direct,0.698465,3,left_ear,0,0,0.000000,0.000000,0.000000,2.000000,662.644000,200.392000,,,,0.035000,
SP_R_Jongkok_1,openpose,21,0.849528,ok,1,direct,0.698465,4,right_ear,0,0,0.000000,0.000000,0.000000,0.000000,0.000000,0.000000,,,,0.035000,
SP_R_Jongkok_1,openpose,21,0.849528,ok,1,direct,0.698465,5,left_shoulder,1,1,2.000000,693.540000,267.750000,2.000000,688.153000,262.994000,7.186049,49.119993,1,0.079000,0.933713
SP_R_Jongkok_1,openpose,21,0.849528,ok,1,direct,0.698465,6,right_shoulder,1,1,2.000000,604.760000,274.620000,2.000000,607.785000,270.797000,4.875034,49.119993,1,0.079000,0.968927
SP_R_Jongkok_1,openpose,21,0.849528,ok,1,direct,0.698465,7,left_elbow,1,1,2.000000,688.140000,337.720000,2.000000,684.221000,339.428000,4.275023,49.119993,1,0.072000,0.971200
SP_R_Jongkok_1,openpose,21,0.849528,ok,1,direct,0.698465,8,right_elbow,1,1,2.000000,569.230000,345.280000,2.000000,580.409000,341.354000,11.848355,49.119993,1,0.072000,0.798937
SP_R_Jongkok_1,openpose,21,0.849528,ok,1,direct,0.698465,9,left_wrist,1,1,2.000000,655.340000,388.340000,2.000000,648.917000,388.463000,6.424178,49.119993,1,0.062000,0.914850
SP_R_Jongkok_1,openpose,21,0.849528,ok,1,direct,0.698465,10,right_wrist,1,1,2.000000,554.510000,408.080000,2.000000,601.941000,415.815000,48.057569,49.119993,1,0.062000,0.006872
SP_R_Jongkok_1,openpose,21,0.849528,ok,1,direct,0.698465,11,left_hip,1,1,2.000000,691.040000,426.220000,2.000000,690.153000,413.907000,12.344907,49.119993,1,0.107000,0.895532
SP_R_Jongkok_1,openpose,21,0.849528,ok,1,direct,0.698465,12,right_hip,1,1,2.000000,639.260000,428.410000,2.000000,633.330000,419.775000,10.475119,49.119993,1,0.107000,0.923629
SP_R_Jongkok_1,openpose,21,0.849528,ok,1,direct,0.698465,13,left_knee,1,1,2.000000,701.470000,538.700000,2.000000,697.981000,529.495000,9.844041,49.119993,1,0.087000,0.899311
SP_R_Jongkok_1,openpose,21,0.849528,ok,1,direct,0.698465,14,right_knee,1,1,2.000000,605.330000,537.400000,2.000000,605.907000,529.473000,7.947972,49.119993,1,0.087000,0.933158
SP_R_Jongkok_1,openpose,21,0.849528,ok,1,direct,0.698465,15,left_ankle,1,1,2.000000,711.420000,652.170000,2.000000,709.691000,633.318000,18.931121,49.119993,1,0.089000,0.687257
SP_R_Jongkok_1,openpose,21,0.849528,ok,1,direct,0.698465,16,right_ankle,1,1,2.000000,653.550000,646.920000,2.000000,649.003000,633.251000,14.405442,49.119993,1,0.089000,0.804798
SP_R_Jongkok_1,openpose,22,0.889982,ok,1,direct,0.698679,0,nose,0,0,0.000000,0.000000,0.000000,2.000000,623.478000,214.086000,,,,0.026000,
SP_R_Jongkok_1,openpose,22,0.889982,ok,1,direct,0.698679,1,left_eye,0,0,0.000000,0.000000,0.000000,2.000000,633.337000,204.269000,,,,0.025000,
SP_R_Jongkok_1,openpose,22,0.889982,ok,1,direct,0.698679,2,right_eye,0,0,0.000000,0.000000,0.000000,2.000000,619.608000,206.222000,,,,0.025000,
SP_R_Jongkok_1,openpose,22,0.889982,ok,1,direct,0.698679,3,left_ear,0,0,0.000000,0.000000,0.000000,2.000000,658.797000,212.094000,,,,0.035000,
SP_R_Jongkok_1,openpose,22,0.889982,ok,1,direct,0.698679,4,right_ear,0,0,0.000000,0.000000,0.000000,0.000000,0.000000,0.000000,,,,0.035000,
SP_R_Jongkok_1,openpose,22,0.889982,ok,1,direct,0.698679,5,left_shoulder,1,1,2.000000,694.130000,275.720000,2.000000,690.090000,268.874000,7.949171,49.590503,1,0.079000,0.920957
SP_R_Jongkok_1,openpose,22,0.889982,ok,1,direct,0.698679,6,right_shoulder,1,1,2.000000,605.790000,281.560000,2.000000,609.747000,276.700000,6.267172,49.590503,1,0.079000,0.950105
SP_R_Jongkok_1,openpose,22,0.889982,ok,1,direct,0.698679,7,left_elbow,1,1,2.000000,684.900000,339.340000,2.000000,678.404000,339.470000,6.497301,49.590503,1,0.072000,0.935919
SP_R_Jongkok_1,openpose,22,0.889982,ok,1,direct,0.698679,8,right_elbow,1,1,2.000000,568.630000,346.170000,2.000000,576.499000,343.323000,8.368188,49.590503,1,0.072000,0.895962
SP_R_Jongkok_1,openpose,22,0.889982,ok,1,direct,0.698679,9,left_wrist,1,1,2.000000,650.030000,384.350000,2.000000,633.269000,400.136000,23.024529,49.590503,1,0.062000,0.325764
SP_R_Jongkok_1,openpose,22,0.889982,ok,1,direct,0.698679,10,right_wrist,1,1,2.000000,548.160000,402.770000,2.000000,598.036000,409.927000,50.386883,49.590503,0,0.062000,0.004648
SP_R_Jongkok_1,openpose,22,0.889982,ok,1,direct,0.698679,11,left_hip,1,1,2.000000,693.850000,430.060000,2.000000,694.015000,423.628000,6.434116,49.590503,1,0.107000,0.971022
SP_R_Jongkok_1,openpose,22,0.889982,ok,1,direct,0.698679,12,right_hip,1,1,2.000000,642.060000,432.980000,2.000000,637.180000,425.672000,8.787563,49.590503,1,0.107000,0.946624
SP_R_Jongkok_1,openpose,22,0.889982,ok,1,direct,0.698679,13,left_knee,1,1,2.000000,699.410000,538.850000,2.000000,697.915000,535.321000,3.832606,49.590503,1,0.087000,0.984341
SP_R_Jongkok_1,openpose,22,0.889982,ok,1,direct,0.698679,14,right_knee,1,1,2.000000,601.500000,539.170000,2.000000,603.870000,529.515000,9.941626,49.590503,1,0.087000,0.899248
SP_R_Jongkok_1,openpose,22,0.889982,ok,1,direct,0.698679,15,left_ankle,1,1,2.000000,711.420000,652.300000,2.000000,709.705000,635.225000,17.160911,49.590503,1,0.089000,0.739067
SP_R_Jongkok_1,openpose,22,0.889982,ok,1,direct,0.698679,16,right_ankle,1,1,2.000000,653.550000,647.080000,2.000000,648.968000,633.328000,14.495248,49.590503,1,0.089000,0.805955
SP_R_Jongkok_1,openpose,23,0.930436,ok,1,direct,0.695962,0,nose,0,0,0.000000,0.000000,0.000000,2.000000,621.593000,225.788000,,,,0.026000,
SP_R_Jongkok_1,openpose,23,0.930436,ok,1,direct,0.695962,1,left_eye,0,0,0.000000,0.000000,0.000000,2.000000,633.266000,214.082000,,,,0.025000,
SP_R_Jongkok_1,openpose,23,0.930436,ok,1,direct,0.695962,2,right_eye,0,0,0.000000,0.000000,0.000000,2.000000,619.510000,215.971000,,,,0.025000,
SP_R_Jongkok_1,openpose,23,0.930436,ok,1,direct,0.695962,3,left_ear,0,0,0.000000,0.000000,0.000000,2.000000,660.665000,221.840000,,,,0.035000,
SP_R_Jongkok_1,openpose,23,0.930436,ok,1,direct,0.695962,4,right_ear,0,0,0.000000,0.000000,0.000000,0.000000,0.000000,0.000000,,,,0.035000,
SP_R_Jongkok_1,openpose,23,0.930436,ok,1,direct,0.695962,5,left_shoulder,1,1,2.000000,694.720000,283.690000,2.000000,686.227000,274.734000,12.342649,50.015319,1,0.079000,0.822705
SP_R_Jongkok_1,openpose,23,0.930436,ok,1,direct,0.695962,6,right_shoulder,1,1,2.000000,606.830000,288.500000,2.000000,615.699000,280.703000,11.808995,50.015319,1,0.079000,0.836401
SP_R_Jongkok_1,openpose,23,0.930436,ok,1,direct,0.695962,7,left_elbow,1,1,2.000000,681.650000,340.960000,2.000000,678.332000,339.463000,3.640073,50.015319,1,0.072000,0.979772
SP_R_Jongkok_1,openpose,23,0.930436,ok,1,direct,0.695962,8,right_elbow,1,1,2.000000,568.040000,347.050000,2.000000,570.576000,337.435000,9.943818,50.015319,1,0.072000,0.858560
SP_R_Jongkok_1,openpose,23,0.930436,ok,1,direct,0.695962,9,left_wrist,1,1,2.000000,644.710000,380.370000,2.000000,635.240000,380.619000,9.473273,50.015319,1,0.062000,0.829730
SP_R_Jongkok_1,openpose,23,0.930436,ok,1,direct,0.695962,10,right_wrist,1,1,2.000000,541.820000,397.450000,2.000000,543.217000,392.330000,5.307166,50.015319,1,0.062000,0.943101
SP_R_Jongkok_1,openpose,23,0.930436,ok,1,direct,0.695962,11,left_hip,1,1,2.000000,696.650000,433.900000,2.000000,695.932000,425.612000,8.319042,50.015319,1,0.107000,0.952821
SP_R_Jongkok_1,openpose,23,0.930436,ok,1,direct,0.695962,12,right_hip,1,1,2.000000,644.870000,437.560000,2.000000,639.168000,427.584000,11.490578,50.015319,1,0.107000,0.911921
SP_R_Jongkok_1,openpose,23,0.930436,ok,1,direct,0.695962,13,left_knee,1,1,2.000000,697.340000,538.990000,2.000000,697.950000,529.444000,9.565470,50.015319,1,0.087000,0.907874
SP_R_Jongkok_1,openpose,23,0.930436,ok,1,direct,0.695962,14,right_knee,1,1,2.000000,597.660000,540.950000,2.000000,601.895000,535.326000,7.040213,50.015319,1,0.087000,0.948992
SP_R_Jongkok_1,openpose,23,0.930436,ok,1,direct,0.695962,15,left_ankle,1,1,2.000000,711.420000,652.430000,2.000000,711.640000,637.165000,15.266585,50.015319,1,0.089000,0.790374
SP_R_Jongkok_1,openpose,23,0.930436,ok,1,direct,0.695962,16,right_ankle,1,1,2.000000,653.550000,647.250000,2.000000,645.083000,635.208000,14.720729,50.015319,1,0.089000,0.803541
SP_R_Jongkok_1,openpose,24,0.970889,ok,1,direct,0.668161,0,nose,0,0,0.000000,0.000000,0.000000,2.000000,621.608000,235.591000,,,,0.026000,
SP_R_Jongkok_1,openpose,24,0.970889,ok,1,direct,0.668161,1,left_eye,0,0,0.000000,0.000000,0.000000,2.000000,633.282000,223.874000,,,,0.025000,
SP_R_Jongkok_1,openpose,24,0.970889,ok,1,direct,0.668161,2,right_eye,0,0,0.000000,0.000000,0.000000,2.000000,619.595000,225.824000,,,,0.025000,
SP_R_Jongkok_1,openpose,24,0.970889,ok,1,direct,0.668161,3,left_ear,0,0,0.000000,0.000000,0.000000,2.000000,660.746000,229.698000,,,,0.035000,
SP_R_Jongkok_1,openpose,24,0.970889,ok,1,direct,0.668161,4,right_ear,0,0,0.000000,0.000000,0.000000,0.000000,0.000000,0.000000,,,,0.035000,
SP_R_Jongkok_1,openpose,24,0.970889,ok,1,direct,0.668161,5,left_shoulder,1,1,2.000000,695.310000,291.660000,2.000000,688.158000,284.604000,10.046802,50.399252,1,0.079000,0.880429
SP_R_Jongkok_1,openpose,24,0.970889,ok,1,direct,0.668161,6,right_shoulder,1,1,2.000000,607.860000,295.430000,2.000000,609.758000,292.440000,3.541540,50.399252,1,0.079000,0.984301
SP_R_Jongkok_1,openpose,24,0.970889,ok,1,direct,0.668161,7,left_elbow,1,1,2.000000,678.410000,342.590000,2.000000,684.210000,343.347000,5.849192,50.399252,1,0.072000,0.949362
SP_R_Jongkok_1,openpose,24,0.970889,ok,1,direct,0.668161,8,right_elbow,1,1,2.000000,567.450000,347.940000,2.000000,598.047000,362.919000,34.066800,50.399252,1,0.072000,0.171580
SP_R_Jongkok_1,openpose,24,0.970889,ok,1,direct,0.668161,9,left_wrist,1,1,2.000000,639.400000,376.380000,2.000000,629.363000,376.671000,10.041218,50.399252,1,0.062000,0.813406
SP_R_Jongkok_1,openpose,24,0.970889,ok,1,direct,0.668161,10,right_wrist,1,1,2.000000,535.470000,392.140000,2.000000,598.060000,400.153000,63.100842,50.399252,0,0.062000,0.000287
SP_R_Jongkok_1,openpose,24,0.970889,ok,1,direct,0.668161,11,left_hip,1,1,2.000000,699.450000,437.730000,2.000000,694.024000,433.445000,6.913950,50.399252,1,0.107000,0.967659
SP_R_Jongkok_1,openpose,24,0.970889,ok,1,direct,0.668161,12,right_hip,1,1,2.000000,647.670000,442.130000,2.000000,633.340000,435.437000,15.815978,50.399252,1,0.107000,0.841953
SP_R_Jongkok_1,openpose,24,0.970889,ok,1,direct,0.668161,13,left_knee,1,1,2.000000,695.280000,539.140000,2.000000,696.045000,539.209000,0.768105,50.399252,1,0.087000,0.999386
SP_R_Jongkok_1,openpose,24,0.970889,ok,1,direct,0.668161,14,right_knee,1,1,2.000000,593.820000,542.720000,2.000000,596.074000,539.200000,4.179822,50.399252,1,0.087000,0.981990
SP_R_Jongkok_1,openpose,24,0.970889,ok,1,direct,0.668161,15,left_ankle,1,1,2.000000,711.420000,652.570000,2.000000,711.638000,637.183000,15.388544,50.399252,1,0.089000,0.790259
SP_R_Jongkok_1,openpose,24,0.970889,ok,1,direct,0.668161,16,right_ankle,1,1,2.000000,653.550000,647.420000,2.000000,647.044000,635.234000,13.814001,50.399252,1,0.089000,0.827217
SP_R_Jongkok_1,openpose,25,1.011343,ok,1,direct,0.688183,0,nose,0,0,0.000000,0.000000,0.000000,2.000000,625.499000,245.447000,,,,0.026000,
SP_R_Jongkok_1,openpose,25,1.011343,ok,1,direct,0.688183,1,left_eye,0,0,0.000000,0.000000,0.000000,2.000000,635.281000,235.617000,,,,0.025000,
SP_R_Jongkok_1,openpose,25,1.011343,ok,1,direct,0.688183,2,right_eye,0,0,0.000000,0.000000,0.000000,2.000000,621.516000,237.557000,,,,0.025000,
SP_R_Jongkok_1,openpose,25,1.011343,ok,1,direct,0.688183,3,left_ear,0,0,0.000000,0.000000,0.000000,2.000000,662.616000,241.434000,,,,0.035000,
SP_R_Jongkok_1,openpose,25,1.011343,ok,1,direct,0.688183,4,right_ear,0,0,0.000000,0.000000,0.000000,0.000000,0.000000,0.000000,,,,0.035000,
SP_R_Jongkok_1,openpose,25,1.011343,ok,1,direct,0.688183,5,left_shoulder,1,1,2.000000,695.900000,299.630000,2.000000,684.293000,292.386000,13.682031,50.738991,1,0.079000,0.792138
SP_R_Jongkok_1,openpose,25,1.011343,ok,1,direct,0.688183,6,right_shoulder,1,1,2.000000,608.890000,302.370000,2.000000,611.727000,302.166000,2.844325,50.738991,1,0.079000,0.989980
SP_R_Jongkok_1,openpose,25,1.011343,ok,1,direct,0.688183,7,left_elbow,1,1,2.000000,675.160000,344.210000,2.000000,684.260000,351.204000,11.477196,50.738991,1,0.072000,0.820860
SP_R_Jongkok_1,openpose,25,1.011343,ok,1,direct,0.688183,8,right_elbow,1,1,2.000000,566.860000,348.820000,2.000000,598.012000,368.781000,36.998495,50.738991,1,0.072000,0.128555
SP_R_Jongkok_1,openpose,25,1.011343,ok,1,direct,0.688183,9,left_wrist,1,1,2.000000,634.090000,372.400000,2.000000,625.494000,374.714000,8.902012,50.738991,1,0.062000,0.852012
SP_R_Jongkok_1,openpose,25,1.011343,ok,1,direct,0.688183,10,right_wrist,1,1,2.000000,529.130000,386.830000,0.000000,0.000000,0.000000,,50.738991,0,0.062000,0.000000
SP_R_Jongkok_1,openpose,25,1.011343,ok,1,direct,0.688183,11,left_hip,1,1,2.000000,702.260000,441.570000,2.000000,697.901000,441.319000,4.366221,50.738991,1,0.107000,0.987148
SP_R_Jongkok_1,openpose,25,1.011343,ok,1,direct,0.688183,12,right_hip,1,1,2.000000,650.470000,446.710000,2.000000,637.230000,447.161000,13.247679,50.738991,1,0.107000,0.887732
SP_R_Jongkok_1,openpose,25,1.011343,ok,1,direct,0.688183,13,left_knee,1,1,2.000000,693.210000,539.290000,2.000000,697.983000,539.273000,4.773030,50.738991,1,0.087000,0.976888
SP_R_Jongkok_1,openpose,25,1.011343,ok,1,direct,0.688183,14,right_knee,1,1,2.000000,589.990000,544.490000,2.000000,592.196000,545.103000,2.289586,50.738991,1,0.087000,0.994634
SP_R_Jongkok_1,openpose,25,1.011343,ok,1,direct,0.688183,15,left_ankle,1,1,2.000000,711.420000,652.700000,2.000000,711.645000,637.199000,15.502633,50.738991,1,0.089000,0.790010
SP_R_Jongkok_1,openpose,25,1.011343,ok,1,direct,0.688183,16,right_ankle,1,1,2.000000,653.550000,647.580000,2.000000,647.007000,635.297000,13.917002,50.738991,1,0.089000,0.826994
SP_R_Jongkok_1,openpose,26,1.051797,ok,1,direct,0.724466,0,nose,0,0,0.000000,0.000000,0.000000,2.000000,621.571000,255.192000,,,,0.026000,
SP_R_Jongkok_1,openpose,26,1.051797,ok,1,direct,0.724466,1,left_eye,0,0,0.000000,0.000000,0.000000,2.000000,633.239000,243.507000,,,,0.025000,
SP_R_Jongkok_1,openpose,26,1.051797,ok,1,direct,0.724466,2,right_eye,0,0,0.000000,0.000000,0.000000,2.000000,617.687000,245.367000,,,,0.025000,
SP_R_Jongkok_1,openpose,26,1.051797,ok,1,direct,0.724466,3,left_ear,0,0,0.000000,0.000000,0.000000,2.000000,660.729000,249.322000,,,,0.035000,
SP_R_Jongkok_1,openpose,26,1.051797,ok,1,direct,0.724466,4,right_ear,0,0,0.000000,0.000000,0.000000,0.000000,0.000000,0.000000,,,,0.035000,
SP_R_Jongkok_1,openpose,26,1.051797,ok,1,direct,0.724466,5,left_shoulder,1,1,2.000000,697.230000,306.710000,2.000000,690.082000,300.250000,9.634599,50.581805,1,0.079000,0.890238
SP_R_Jongkok_1,openpose,26,1.051797,ok,1,direct,0.724466,6,right_shoulder,1,1,2.000000,611.110000,310.340000,2.000000,613.694000,308.036000,3.462004,50.581805,1,0.079000,0.985100
SP_R_Jongkok_1,openpose,26,1.051797,ok,1,direct,0.724466,7,left_elbow,1,1,2.000000,675.310000,348.190000,2.000000,670.563000,347.308000,4.828243,50.581805,1,0.072000,0.965458
SP_R_Jongkok_1,openpose,26,1.051797,ok,1,direct,0.724466,8,right_elbow,1,1,2.000000,567.600000,352.220000,2.000000,574.516000,351.197000,6.991251,50.581805,1,0.072000,0.928947
SP_R_Jongkok_1,openpose,26,1.051797,ok,1,direct,0.724466,9,left_wrist,1,1,2.000000,632.070000,371.360000,2.000000,623.526000,368.798000,8.919853,50.581805,1,0.062000,0.850613
SP_R_Jongkok_1,openpose,26,1.051797,ok,1,direct,0.724466,10,right_wrist,1,1,2.000000,526.620000,385.790000,0.000000,0.000000,0.000000,,50.581805,0,0.062000,0.000000
SP_R_Jongkok_1,openpose,26,1.051797,ok,1,direct,0.724466,11,left_hip,1,1,2.000000,703.000000,449.100000,2.000000,697.971000,445.201000,6.363414,50.581805,1,0.107000,0.972731
SP_R_Jongkok_1,openpose,26,1.051797,ok,1,direct,0.724466,12,right_hip,1,1,2.000000,650.620000,453.050000,2.000000,639.201000,449.143000,12.068894,50.581805,1,0.107000,0.905334
SP_R_Jongkok_1,openpose,26,1.051797,ok,1,direct,0.724466,13,left_knee,1,1,2.000000,693.650000,541.500000,2.000000,699.904000,541.211000,6.260674,50.581805,1,0.087000,0.960328
SP_R_Jongkok_1,openpose,26,1.051797,ok,1,direct,0.724466,14,right_knee,1,1,2.000000,589.990000,545.750000,2.000000,590.189000,547.093000,1.357663,50.581805,1,0.087000,0.998098
SP_R_Jongkok_1,openpose,26,1.051797,ok,1,direct,0.724466,15,left_ankle,1,1,2.000000,711.420000,652.830000,2.000000,711.671000,637.203000,15.629016,50.581805,1,0.089000,0.785795
SP_R_Jongkok_1,openpose,26,1.051797,ok,1,direct,0.724466,16,right_ankle,1,1,2.000000,653.550000,647.750000,2.000000,648.943000,635.233000,13.337906,50.581805,1,0.089000,0.838983
SP_R_Jongkok_1,openpose,27,1.092250,ok,1,direct,0.731999,0,nose,0,0,0.000000,0.000000,0.000000,2.000000,623.529000,264.937000,,,,0.026000,
SP_R_Jongkok_1,openpose,27,1.092250,ok,1,direct,0.731999,1,left_eye,0,0,0.000000,0.000000,0.000000,2.000000,633.368000,255.126000,,,,0.025000,
SP_R_Jongkok_1,openpose,27,1.092250,ok,1,direct,0.731999,2,right_eye,0,0,0.000000,0.000000,0.000000,2.000000,619.625000,255.176000,,,,0.025000,
SP_R_Jongkok_1,openpose,27,1.092250,ok,1,direct,0.731999,3,left_ear,0,0,0.000000,0.000000,0.000000,2.000000,662.616000,259.092000,,,,0.035000,
SP_R_Jongkok_1,openpose,27,1.092250,ok,1,direct,0.731999,4,right_ear,0,0,0.000000,0.000000,0.000000,0.000000,0.000000,0.000000,,,,0.035000,
SP_R_Jongkok_1,openpose,27,1.092250,ok,1,direct,0.731999,5,left_shoulder,1,1,2.000000,698.560000,313.790000,2.000000,690.087000,309.991000,9.285695,50.410290,1,0.079000,0.896969
SP_R_Jongkok_1,openpose,27,1.092250,ok,1,direct,0.731999,6,right_shoulder,1,1,2.000000,613.320000,318.300000,2.000000,617.600000,315.917000,4.898682,50.410290,1,0.079000,0.970191
SP_R_Jongkok_1,openpose,27,1.092250,ok,1,direct,0.731999,7,left_elbow,1,1,2.000000,675.450000,352.180000,2.000000,668.544000,353.096000,6.966483,50.410290,1,0.072000,0.928968
SP_R_Jongkok_1,openpose,27,1.092250,ok,1,direct,0.731999,8,right_elbow,1,1,2.000000,568.340000,355.610000,2.000000,568.643000,347.264000,8.351498,50.410290,1,0.072000,0.899523
SP_R_Jongkok_1,openpose,27,1.092250,ok,1,direct,0.731999,9,left_wrist,1,1,2.000000,630.050000,370.330000,2.000000,617.607000,368.782000,12.538922,50.410290,1,0.062000,0.724767
SP_R_Jongkok_1,openpose,27,1.092250,ok,1,direct,0.731999,10,right_wrist,1,1,2.000000,524.110000,384.760000,0.000000,0.000000,0.000000,,50.410290,0,0.062000,0.000000
SP_R_Jongkok_1,openpose,27,1.092250,ok,1,direct,0.731999,11,left_hip,1,1,2.000000,703.730000,456.620000,2.000000,699.956000,456.926000,3.786385,50.410290,1,0.107000,0.990193
SP_R_Jongkok_1,openpose,27,1.092250,ok,1,direct,0.731999,12,right_hip,1,1,2.000000,650.770000,459.400000,2.000000,645.017000,458.973000,5.768825,50.410290,1,0.107000,0.977383
SP_R_Jongkok_1,openpose,27,1.092250,ok,1,direct,0.731999,13,left_knee,1,1,2.000000,694.090000,543.720000,2.000000,699.956000,545.177000,6.044237,50.410290,1,0.087000,0.962725
SP_R_Jongkok_1,openpose,27,1.092250,ok,1,direct,0.731999,14,right_knee,1,1,2.000000,589.990000,547.020000,2.000000,588.254000,550.965000,4.310072,50.410290,1,0.087000,0.980869
SP_R_Jongkok_1,openpose,27,1.092250,ok,1,direct,0.731999,15,left_ankle,1,1,2.000000,711.420000,652.960000,2.000000,711.654000,639.183000,13.778987,50.410290,1,0.089000,0.828080
SP_R_Jongkok_1,openpose,27,1.092250,ok,1,direct,0.731999,16,right_ankle,1,1,2.000000,653.550000,647.920000,2.000000,647.049000,635.263000,14.228937,50.410290,1,0.089000,0.817776
SP_R_Jongkok_1,openpose,28,1.132704,ok,1,direct,0.712165,0,nose,0,0,0.000000,0.000000,0.000000,2.000000,623.522000,272.876000,,,,0.026000,
SP_R_Jongkok_1,openpose,28,1.132704,ok,1,direct,0.712165,1,left_eye,0,0,0.000000,0.000000,0.000000,2.000000,633.323000,262.987000,,,,0.025000,
SP_R_Jongkok_1,openpose,28,1.132704,ok,1,direct,0.712165,2,right_eye,0,0,0.000000,0.000000,0.000000,2.000000,619.595000,263.087000,,,,0.025000,
SP_R_Jongkok_1,openpose,28,1.132704,ok,1,direct,0.712165,3,left_ear,0,0,0.000000,0.000000,0.000000,2.000000,660.772000,268.882000,,,,0.035000,
SP_R_Jongkok_1,openpose,28,1.132704,ok,1,direct,0.712165,4,right_ear,0,0,0.000000,0.000000,0.000000,0.000000,0.000000,0.000000,,,,0.035000,
SP_R_Jongkok_1,openpose,28,1.132704,ok,1,direct,0.712165,5,left_shoulder,1,1,2.000000,699.890000,320.880000,2.000000,692.021000,317.898000,8.415075,50.224297,1,0.079000,0.913965
SP_R_Jongkok_1,openpose,28,1.132704,ok,1,direct,0.712165,6,right_shoulder,1,1,2.000000,615.530000,326.270000,2.000000,613.733000,323.778000,3.072340,50.224297,1,0.079000,0.988080
SP_R_Jongkok_1,openpose,28,1.132704,ok,1,direct,0.712165,7,left_elbow,1,1,2.000000,675.600000,356.160000,2.000000,664.638000,357.092000,11.001548,50.224297,1,0.072000,0.831008
SP_R_Jongkok_1,openpose,28,1.132704,ok,1,direct,0.712165,8,right_elbow,1,1,2.000000,569.080000,359.010000,2.000000,572.543000,359.049000,3.463220,50.224297,1,0.072000,0.981823
SP_R_Jongkok_1,openpose,28,1.132704,ok,1,direct,0.712165,9,left_wrist,1,1,2.000000,628.040000,369.300000,2.000000,607.815000,370.769000,20.278279,50.224297,1,0.062000,0.428199
SP_R_Jongkok_1,openpose,28,1.132704,ok,1,direct,0.712165,10,right_wrist,1,1,2.000000,521.600000,383.730000,2.000000,525.552000,384.507000,4.027659,50.224297,1,0.062000,0.967094
SP_R_Jongkok_1,openpose,28,1.132704,ok,1,direct,0.712165,11,left_hip,1,1,2.000000,704.470000,464.150000,2.000000,699.951000,458.966000,6.877152,50.224297,1,0.107000,0.967778
SP_R_Jongkok_1,openpose,28,1.132704,ok,1,direct,0.712165,12,right_hip,1,1,2.000000,650.920000,465.740000,2.000000,641.127000,464.818000,9.836307,50.224297,1,0.107000,0.935192
SP_R_Jongkok_1,openpose,28,1.132704,ok,1,direct,0.712165,13,left_knee,1,1,2.000000,694.540000,545.930000,2.000000,699.967000,547.149000,5.562220,50.224297,1,0.087000,0.968111
SP_R_Jongkok_1,openpose,28,1.132704,ok,1,direct,0.712165,14,right_knee,1,1,2.000000,589.990000,548.290000,2.000000,586.283000,552.904000,5.918686,50.224297,1,0.087000,0.963969
SP_R_Jongkok_1,openpose,28,1.132704,ok,1,direct,0.712165,15,left_ankle,1,1,2.000000,711.420000,653.100000,2.000000,711.667000,639.197000,13.905194,50.224297,1,0.089000,0.824035
SP_R_Jongkok_1,openpose,28,1.132704,ok,1,direct,0.712165,16,right_ankle,1,1,2.000000,653.550000,648.090000,2.000000,647.059000,635.290000,14.351762,50.224297,1,0.089000,0.813692
SP_R_Jongkok_1,openpose,29,1.173158,ok,1,direct,0.690114,0,nose,0,0,0.000000,0.000000,0.000000,2.000000,623.526000,282.635000,,,,0.026000,
SP_R_Jongkok_1,openpose,29,1.173158,ok,1,direct,0.690114,1,left_eye,0,0,0.000000,0.000000,0.000000,2.000000,635.216000,272.746000,,,,0.025000,
SP_R_Jongkok_1,openpose,29,1.173158,ok,1,direct,0.690114,2,right_eye,0,0,0.000000,0.000000,0.000000,2.000000,619.609000,272.791000,,,,0.025000,
SP_R_Jongkok_1,openpose,29,1.173158,ok,1,direct,0.690114,3,left_ear,0,0,0.000000,0.000000,0.000000,2.000000,662.657000,276.699000,,,,0.035000,
SP_R_Jongkok_1,openpose,29,1.173158,ok,1,direct,0.690114,4,right_ear,0,0,0.000000,0.000000,0.000000,0.000000,0.000000,0.000000,,,,0.035000,
SP_R_Jongkok_1,openpose,29,1.173158,ok,1,direct,0.690114,5,left_shoulder,1,1,2.000000,701.220000,327.960000,2.000000,690.110000,329.658000,11.239008,50.023666,1,0.079000,0.850642
SP_R_Jongkok_1,openpose,29,1.173158,ok,1,direct,0.690114,6,right_shoulder,1,1,2.000000,617.750000,334.240000,2.000000,613.679000,331.643000,4.828815,50.023666,1,0.079000,0.970580
SP_R_Jongkok_1,openpose,29,1.173158,ok,1,direct,0.690114,7,left_elbow,1,1,2.000000,675.750000,360.150000,2.000000,697.990000,398.199000,44.072032,50.023666,1,0.072000,0.050056
SP_R_Jongkok_1,openpose,29,1.173158,ok,1,direct,0.690114,8,right_elbow,1,1,2.000000,569.810000,362.400000,2.000000,570.616000,364.894000,2.621006,50.023666,1,0.072000,0.989465
SP_R_Jongkok_1,openpose,29,1.173158,ok,1,direct,0.690114,9,left_wrist,1,1,2.000000,631.060000,369.740000,2.000000,707.733000,466.778000,123.673451,50.023666,0,0.062000,0.000000
SP_R_Jongkok_1,openpose,29,1.173158,ok,1,direct,0.690114,10,right_wrist,1,1,2.000000,519.090000,382.700000,0.000000,0.000000,0.000000,,50.023666,0,0.062000,0.000000
SP_R_Jongkok_1,openpose,29,1.173158,ok,1,direct,0.690114,11,left_hip,1,1,2.000000,705.210000,471.670000,2.000000,696.050000,466.753000,10.396273,50.023666,1,0.107000,0.927325
SP_R_Jongkok_1,openpose,29,1.173158,ok,1,direct,0.690114,12,right_hip,1,1,2.000000,651.060000,472.090000,2.000000,637.209000,470.704000,13.920172,50.023666,1,0.107000,0.873480
SP_R_Jongkok_1,openpose,29,1.173158,ok,1,direct,0.690114,13,left_knee,1,1,2.000000,694.980000,548.140000,2.000000,699.978000,552.946000,6.933804,50.023666,1,0.087000,0.950500
SP_R_Jongkok_1,openpose,29,1.173158,ok,1,direct,0.690114,14,right_knee,1,1,2.000000,589.990000,549.550000,2.000000,584.290000,554.899000,7.816764,50.023666,1,0.087000,0.937517
SP_R_Jongkok_1,openpose,29,1.173158,ok,1,direct,0.690114,15,left_ankle,1,1,2.000000,711.420000,653.230000,2.000000,711.634000,639.192000,14.039631,50.023666,1,0.089000,0.819641
SP_R_Jongkok_1,openpose,29,1.173158,ok,1,direct,0.690114,16,right_ankle,1,1,2.000000,653.550000,648.250000,2.000000,646.974000,635.286000,14.536474,50.023666,1,0.089000,0.807983
SP_R_Jongkok_1,openpose,30,1.213612,ok,1,direct,0.670681,0,nose,0,0,0.000000,0.000000,0.000000,2.000000,623.465000,288.518000,,,,0.026000,
SP_R_Jongkok_1,openpose,30,1.213612,ok,1,direct,0.670681,1,left_eye,0,0,0.000000,0.000000,0.000000,2.000000,633.325000,276.812000,,,,0.025000,
SP_R_Jongkok_1,openpose,30,1.213612,ok,1,direct,0.670681,2,right_eye,0,0,0.000000,0.000000,0.000000,2.000000,619.602000,278.646000,,,,0.025000,
SP_R_Jongkok_1,openpose,30,1.213612,ok,1,direct,0.670681,3,left_ear,0,0,0.000000,0.000000,0.000000,2.000000,662.719000,284.531000,,,,0.035000,
SP_R_Jongkok_1,openpose,30,1.213612,ok,1,direct,0.670681,4,right_ear,0,0,0.000000,0.000000,0.000000,0.000000,0.000000,0.000000,,,,0.035000,
SP_R_Jongkok_1,openpose,30,1.213612,ok,1,direct,0.670681,5,left_shoulder,1,1,2.000000,702.540000,335.040000,2.000000,690.156000,335.534000,12.393849,49.808220,1,0.079000,0.820025
SP_R_Jongkok_1,openpose,30,1.213612,ok,1,direct,0.670681,6,right_shoulder,1,1,2.000000,619.960000,342.210000,2.000000,615.633000,339.402000,5.158274,49.808220,1,0.079000,0.966214
SP_R_Jongkok_1,openpose,30,1.213612,ok,1,direct,0.670681,7,left_elbow,1,1,2.000000,675.900000,364.130000,2.000000,695.958000,417.784000,57.280669,49.808220,0,0.072000,0.006082
SP_R_Jongkok_1,openpose,30,1.213612,ok,1,direct,0.670681,8,right_elbow,1,1,2.000000,570.550000,365.790000,2.000000,619.540000,417.788000,71.440969,49.808220,0,0.072000,0.000357
SP_R_Jongkok_1,openpose,30,1.213612,ok,1,direct,0.670681,9,left_wrist,1,1,2.000000,634.090000,370.180000,2.000000,678.337000,486.333000,124.295279,49.808220,0,0.062000,0.000000
SP_R_Jongkok_1,openpose,30,1.213612,ok,1,direct,0.670681,10,right_wrist,1,1,2.000000,516.580000,381.660000,2.000000,627.442000,468.728000,140.965314,49.808220,0,0.062000,0.000000
SP_R_Jongkok_1,openpose,30,1.213612,ok,1,direct,0.670681,11,left_hip,1,1,2.000000,705.950000,479.200000,2.000000,699.863000,470.697000,10.457178,49.808220,1,0.107000,0.925890
SP_R_Jongkok_1,openpose,30,1.213612,ok,1,direct,0.670681,12,right_hip,1,1,2.000000,651.210000,478.430000,2.000000,641.121000,474.619000,10.784788,49.808220,1,0.107000,0.921364
SP_R_Jongkok_1,openpose,30,1.213612,ok,1,direct,0.670681,13,left_knee,1,1,2.000000,695.420000,550.360000,2.000000,697.993000,552.950000,3.650812,49.808220,1,0.087000,0.985904
SP_R_Jongkok_1,openpose,30,1.213612,ok,1,direct,0.670681,14,right_knee,1,1,2.000000,589.990000,550.820000,2.000000,582.410000,554.939000,8.626851,49.808220,1,0.087000,0.923793
SP_R_Jongkok_1,openpose,30,1.213612,ok,1,direct,0.670681,15,left_ankle,1,1,2.000000,711.420000,653.360000,2.000000,711.585000,639.179000,14.181960,49.808220,1,0.089000,0.814891
SP_R_Jongkok_1,openpose,30,1.213612,ok,1,direct,0.670681,16,right_ankle,1,1,2.000000,653.550000,648.420000,2.000000,645.020000,637.236000,14.065659,49.808220,1,0.089000,0.817620
SP_R_Jongkok_1,openpose,31,1.254065,ok,1,direct,0.649174,0,nose,0,0,0.000000,0.000000,0.000000,2.000000,621.606000,296.368000,,,,0.026000,
SP_R_Jongkok_1,openpose,31,1.254065,ok,1,direct,0.649174,1,left_eye,0,0,0.000000,0.000000,0.000000,2.000000,633.337000,286.566000,,,,0.025000,
SP_R_Jongkok_1,openpose,31,1.254065,ok,1,direct,0.649174,2,right_eye,0,0,0.000000,0.000000,0.000000,2.000000,619.591000,288.419000,,,,0.025000,
SP_R_Jongkok_1,openpose,31,1.254065,ok,1,direct,0.649174,3,left_ear,0,0,0.000000,0.000000,0.000000,2.000000,664.577000,292.376000,,,,0.035000,
SP_R_Jongkok_1,openpose,31,1.254065,ok,1,direct,0.649174,4,right_ear,0,0,0.000000,0.000000,0.000000,0.000000,0.000000,0.000000,,,,0.035000,
SP_R_Jongkok_1,openpose,31,1.254065,ok,1,direct,0.649174,5,left_shoulder,1,1,2.000000,702.540000,341.740000,2.000000,692.035000,341.374000,10.511374,49.570288,1,0.079000,0.865805
SP_R_Jongkok_1,openpose,31,1.254065,ok,1,direct,0.649174,6,right_shoulder,1,1,2.000000,619.960000,348.760000,2.000000,617.642000,349.171000,2.354155,49.570288,1,0.079000,0.992798
SP_R_Jongkok_1,openpose,31,1.254065,ok,1,direct,0.649174,7,left_elbow,1,1,2.000000,675.300000,368.180000,2.000000,695.940000,409.943000,46.584952,49.570288,1,0.072000,0.033130
SP_R_Jongkok_1,openpose,31,1.254065,ok,1,direct,0.649174,8,right_elbow,1,1,2.000000,568.630000,371.580000,2.000000,623.499000,427.563000,78.388159,49.570288,0,0.072000,0.000065
SP_R_Jongkok_1,openpose,31,1.254065,ok,1,direct,0.649174,9,left_wrist,1,1,2.000000,633.350000,373.020000,2.000000,676.408000,496.145000,130.436793,49.570288,0,0.062000,0.000000
SP_R_Jongkok_1,openpose,31,1.254065,ok,1,direct,0.649174,10,right_wrist,1,1,2.000000,514.370000,383.150000,2.000000,627.411000,482.411000,150.436079,49.570288,0,0.062000,0.000000
SP_R_Jongkok_1,openpose,31,1.254065,ok,1,direct,0.649174,11,left_hip,1,1,2.000000,706.240000,485.540000,2.000000,701.890000,476.543000,9.993423,49.570288,1,0.107000,0.931463
SP_R_Jongkok_1,openpose,31,1.254065,ok,1,direct,0.649174,12,right_hip,1,1,2.000000,651.360000,484.050000,2.000000,645.040000,484.378000,6.328506,49.570288,1,0.107000,0.971929
SP_R_Jongkok_1,openpose,31,1.254065,ok,1,direct,0.649174,13,left_knee,1,1,2.000000,695.420000,552.770000,2.000000,697.930000,554.860000,3.266221,49.570288,1,0.087000,0.988594
SP_R_Jongkok_1,openpose,31,1.254065,ok,1,direct,0.649174,14,right_knee,1,1,2.000000,589.990000,552.090000,2.000000,582.377000,554.959000,8.135658,49.570288,1,0.087000,0.931298
SP_R_Jongkok_1,openpose,31,1.254065,ok,1,direct,0.649174,15,left_ankle,1,1,2.000000,711.420000,653.490000,2.000000,709.756000,639.172000,14.414369,49.570288,1,0.089000,0.807752
SP_R_Jongkok_1,openpose,31,1.254065,ok,1,direct,0.649174,16,right_ankle,1,1,2.000000,653.550000,648.590000,2.000000,644.994000,637.245000,14.209650,49.570288,1,0.089000,0.812630
SP_R_Jongkok_1,openpose,32,1.294519,ok,1,direct,0.698911,0,nose,0,0,0.000000,0.000000,0.000000,2.000000,623.494000,304.191000,,,,0.026000,
SP_R_Jongkok_1,openpose,32,1.294519,ok,1,direct,0.698911,1,left_eye,0,0,0.000000,0.000000,0.000000,2.000000,633.356000,294.392000,,,,0.025000,
SP_R_Jongkok_1,openpose,32,1.294519,ok,1,direct,0.698911,2,right_eye,0,0,0.000000,0.000000,0.000000,2.000000,621.541000,294.331000,,,,0.025000,
SP_R_Jongkok_1,openpose,32,1.294519,ok,1,direct,0.698911,3,left_ear,0,0,0.000000,0.000000,0.000000,2.000000,664.617000,302.206000,,,,0.035000,
SP_R_Jongkok_1,openpose,32,1.294519,ok,1,direct,0.698911,4,right_ear,0,0,0.000000,0.000000,0.000000,0.000000,0.000000,0.000000,,,,0.035000,
SP_R_Jongkok_1,openpose,32,1.294519,ok,1,direct,0.698911,5,left_shoulder,1,1,2.000000,702.540000,348.430000,2.000000,690.097000,351.186000,12.744559,49.322289,1,0.079000,0.807378
SP_R_Jongkok_1,openpose,32,1.294519,ok,1,direct,0.698911,6,right_shoulder,1,1,2.000000,619.960000,355.310000,2.000000,609.814000,353.189000,10.365325,49.322289,1,0.079000,0.868027
SP_R_Jongkok_1,openpose,32,1.294519,ok,1,direct,0.698911,7,left_elbow,1,1,2.000000,674.710000,372.230000,2.000000,699.876000,427.622000,60.840786,49.322289,0,0.072000,0.002822
SP_R_Jongkok_1,openpose,32,1.294519,ok,1,direct,0.698911,8,right_elbow,1,1,2.000000,566.720000,377.370000,2.000000,613.698000,427.586000,68.764665,49.322289,0,0.072000,0.000554
SP_R_Jongkok_1,openpose,32,1.294519,ok,1,direct,0.698911,9,left_wrist,1,1,2.000000,632.610000,375.860000,2.000000,684.218000,492.258000,127.325881,49.322289,0,0.062000,0.000000
SP_R_Jongkok_1,openpose,32,1.294519,ok,1,direct,0.698911,10,right_wrist,1,1,2.000000,512.150000,384.640000,0.000000,0.000000,0.000000,,49.322289,0,0.062000,0.000000
SP_R_Jongkok_1,openpose,32,1.294519,ok,1,direct,0.698911,11,left_hip,1,1,2.000000,706.540000,491.880000,2.000000,699.932000,484.362000,10.009295,49.322289,1,0.107000,0.930585
SP_R_Jongkok_1,openpose,32,1.294519,ok,1,direct,0.698911,12,right_hip,1,1,2.000000,651.510000,489.670000,2.000000,639.218000,490.263000,12.306296,49.322289,1,0.107000,0.896954
SP_R_Jongkok_1,openpose,32,1.294519,ok,1,direct,0.698911,13,left_knee,1,1,2.000000,695.420000,555.190000,2.000000,698.002000,554.925000,2.595563,49.322289,1,0.087000,0.992709
SP_R_Jongkok_1,openpose,32,1.294519,ok,1,direct,0.698911,14,right_knee,1,1,2.000000,589.990000,553.350000,2.000000,582.349000,556.891000,8.421613,49.322289,1,0.087000,0.925856
SP_R_Jongkok_1,openpose,32,1.294519,ok,1,direct,0.698911,15,left_ankle,1,1,2.000000,711.420000,653.630000,2.000000,711.586000,639.205000,14.425955,49.322289,1,0.089000,0.805736
SP_R_Jongkok_1,openpose,32,1.294519,ok,1,direct,0.698911,16,right_ankle,1,1,2.000000,653.550000,648.760000,2.000000,643.066000,637.181000,15.620099,49.322289,1,0.089000,0.776282
SP_R_Jongkok_1,openpose,33,1.334973,ok,1,direct,0.658320,0,nose,0,0,0.000000,0.000000,0.000000,2.000000,621.619000,313.999000,,,,0.026000,
SP_R_Jongkok_1,openpose,33,1.334973,ok,1,direct,0.658320,1,left_eye,0,0,0.000000,0.000000,0.000000,2.000000,633.371000,304.184000,,,,0.025000,
SP_R_Jongkok_1,openpose,33,1.334973,ok,1,direct,0.658320,2,right_eye,0,0,0.000000,0.000000,0.000000,2.000000,621.527000,304.118000,,,,0.025000,
SP_R_Jongkok_1,openpose,33,1.334973,ok,1,direct,0.658320,3,left_ear,0,0,0.000000,0.000000,0.000000,2.000000,664.629000,310.101000,,,,0.035000,
SP_R_Jongkok_1,openpose,33,1.334973,ok,1,direct,0.658320,4,right_ear,0,0,0.000000,0.000000,0.000000,0.000000,0.000000,0.000000,,,,0.035000,
SP_R_Jongkok_1,openpose,33,1.334973,ok,1,direct,0.658320,5,left_shoulder,1,1,2.000000,702.540000,355.120000,2.000000,694.036000,361.011000,10.345139,49.059143,1,0.079000,0.867189
SP_R_Jongkok_1,openpose,33,1.334973,ok,1,direct,0.658320,6,right_shoulder,1,1,2.000000,619.960000,361.870000,2.000000,615.657000,368.772000,8.133475,49.059143,1,0.079000,0.915686
SP_R_Jongkok_1,openpose,33,1.334973,ok,1,direct,0.658320,7,left_elbow,1,1,2.000000,674.120000,376.280000,2.000000,707.790000,435.443000,68.072972,49.059143,0,0.072000,0.000594
SP_R_Jongkok_1,openpose,33,1.334973,ok,1,direct,0.658320,8,right_elbow,1,1,2.000000,564.800000,383.160000,2.000000,617.650000,439.377000,77.158756,49.059143,0,0.072000,0.000072
SP_R_Jongkok_1,openpose,33,1.334973,ok,1,direct,0.658320,9,left_wrist,1,1,2.000000,631.870000,378.700000,2.000000,701.863000,500.059000,140.096491,49.059143,0,0.062000,0.000000
SP_R_Jongkok_1,openpose,33,1.334973,ok,1,direct,0.658320,10,right_wrist,1,1,2.000000,509.940000,386.130000,2.000000,625.464000,492.216000,156.843980,49.059143,0,0.062000,0.000000
SP_R_Jongkok_1,openpose,33,1.334973,ok,1,direct,0.658320,11,left_hip,1,1,2.000000,706.830000,498.220000,2.000000,699.899000,492.257000,9.143092,49.059143,1,0.107000,0.941129
SP_R_Jongkok_1,openpose,33,1.334973,ok,1,direct,0.658320,12,right_hip,1,1,2.000000,651.650000,495.280000,2.000000,641.089000,498.119000,10.935934,49.059143,1,0.107000,0.916858
SP_R_Jongkok_1,openpose,33,1.334973,ok,1,direct,0.658320,13,left_knee,1,1,2.000000,695.420000,557.610000,2.000000,699.865000,558.838000,4.611508,49.059143,1,0.087000,0.976923
SP_R_Jongkok_1,openpose,33,1.334973,ok,1,direct,0.658320,14,right_knee,1,1,2.000000,589.990000,554.620000,2.000000,582.317000,558.865000,8.768977,49.059143,1,0.087000,0.919044
SP_R_Jongkok_1,openpose,33,1.334973,ok,1,direct,0.658320,15,left_ankle,1,1,2.000000,711.420000,653.760000,2.000000,709.689000,639.175000,14.687361,49.059143,1,0.089000,0.797473
SP_R_Jongkok_1,openpose,33,1.334973,ok,1,direct,0.658320,16,right_ankle,1,1,2.000000,653.550000,648.920000,2.000000,646.971000,635.302000,15.123927,49.059143,1,0.089000,0.786659
SP_R_Jongkok_1,openpose,34,1.375427,ok,1,direct,0.684447,0,nose,0,0,0.000000,0.000000,0.000000,2.000000,625.434000,325.698000,,,,0.026000,
SP_R_Jongkok_1,openpose,34,1.375427,ok,1,direct,0.684447,1,left_eye,0,0,0.000000,0.000000,0.000000,2.000000,635.262000,315.904000,,,,0.025000,
SP_R_Jongkok_1,openpose,34,1.375427,ok,1,direct,0.684447,2,right_eye,0,0,0.000000,0.000000,0.000000,2.000000,621.524000,315.877000,,,,0.025000,
SP_R_Jongkok_1,openpose,34,1.375427,ok,1,direct,0.684447,3,left_ear,0,0,0.000000,0.000000,0.000000,2.000000,664.646000,319.845000,,,,0.035000,
SP_R_Jongkok_1,openpose,34,1.375427,ok,1,direct,0.684447,4,right_ear,0,0,0.000000,0.000000,0.000000,0.000000,0.000000,0.000000,,,,0.035000,
SP_R_Jongkok_1,openpose,34,1.375427,ok,1,direct,0.684447,5,left_shoulder,1,1,2.000000,702.540000,361.820000,2.000000,690.161000,366.783000,13.336829,48.781857,1,0.079000,0.786996
SP_R_Jongkok_1,openpose,34,1.375427,ok,1,direct,0.684447,6,right_shoulder,1,1,2.000000,619.960000,368.420000,2.000000,619.579000,370.787000,2.397467,48.781857,1,0.079000,0.992289
SP_R_Jongkok_1,openpose,34,1.375427,ok,1,direct,0.684447,7,left_elbow,1,1,2.000000,673.530000,380.330000,2.000000,697.972000,443.272000,67.521158,48.781857,0,0.072000,0.000617
SP_R_Jongkok_1,openpose,34,1.375427,ok,1,direct,0.684447,8,right_elbow,1,1,2.000000,562.880000,388.950000,0.000000,0.000000,0.000000,,48.781857,0,0.072000,0.000000
SP_R_Jongkok_1,openpose,34,1.375427,ok,1,direct,0.684447,9,left_wrist,1,1,2.000000,631.140000,381.540000,2.000000,674.425000,507.906000,133.573789,48.781857,0,0.062000,0.000000
SP_R_Jongkok_1,openpose,34,1.375427,ok,1,direct,0.684447,10,right_wrist,1,1,2.000000,507.730000,387.620000,0.000000,0.000000,0.000000,,48.781857,0,0.062000,0.000000
SP_R_Jongkok_1,openpose,34,1.375427,ok,1,direct,0.684447,11,left_hip,1,1,2.000000,707.130000,504.560000,2.000000,701.909000,502.051000,5.792575,48.781857,1,0.107000,0.975669
SP_R_Jongkok_1,openpose,34,1.375427,ok,1,direct,0.684447,12,right_hip,1,1,2.000000,651.800000,500.900000,2.000000,645.024000,507.879000,9.727313,48.781857,1,0.107000,0.932898
SP_R_Jongkok_1,openpose,34,1.375427,ok,1,direct,0.684447,13,left_knee,1,1,2.000000,695.420000,560.020000,2.000000,697.991000,560.857000,2.703814,48.781857,1,0.087000,0.991915
SP_R_Jongkok_1,openpose,34,1.375427,ok,1,direct,0.684447,14,right_knee,1,1,2.000000,589.990000,555.890000,2.000000,582.305000,558.850000,8.235340,48.781857,1,0.087000,0.927458
SP_R_Jongkok_1,openpose,34,1.375427,ok,1,direct,0.684447,15,left_ankle,1,1,2.000000,711.420000,653.890000,2.000000,709.729000,639.185000,14.801909,48.781857,1,0.089000,0.792573
SP_R_Jongkok_1,openpose,34,1.375427,ok,1,direct,0.684447,16,right_ankle,1,1,2.000000,653.550000,649.090000,2.000000,654.902000,631.347000,17.794436,48.781857,1,0.089000,0.714644
SP_R_Jongkok_1,openpose,35,1.415880,ok,1,direct,0.689236,0,nose,0,0,0.000000,0.000000,0.000000,2.000000,623.518000,331.582000,,,,0.026000,
SP_R_Jongkok_1,openpose,35,1.415880,ok,1,direct,0.689236,1,left_eye,0,0,0.000000,0.000000,0.000000,2.000000,635.202000,321.761000,,,,0.025000,
SP_R_Jongkok_1,openpose,35,1.415880,ok,1,direct,0.689236,2,right_eye,0,0,0.000000,0.000000,0.000000,2.000000,621.555000,319.899000,,,,0.025000,
SP_R_Jongkok_1,openpose,35,1.415880,ok,1,direct,0.689236,3,left_ear,0,0,0.000000,0.000000,0.000000,2.000000,664.622000,327.650000,,,,0.035000,
SP_R_Jongkok_1,openpose,35,1.415880,ok,1,direct,0.689236,4,right_ear,0,0,0.000000,0.000000,0.000000,0.000000,0.000000,0.000000,,,,0.035000,
SP_R_Jongkok_1,openpose,35,1.415880,ok,1,direct,0.689236,5,left_shoulder,1,1,2.000000,702.540000,368.510000,2.000000,692.086000,368.875000,10.460370,48.493036,1,0.079000,0.861473
SP_R_Jongkok_1,openpose,35,1.415880,ok,1,direct,0.689236,6,right_shoulder,1,1,2.000000,619.960000,374.970000,2.000000,619.606000,376.614000,1.681681,48.493036,1,0.079000,0.996153
SP_R_Jongkok_1,openpose,35,1.415880,ok,1,direct,0.689236,7,left_elbow,1,1,2.000000,672.940000,384.380000,2.000000,701.884000,439.336000,62.112133,48.493036,0,0.072000,0.001783
SP_R_Jongkok_1,openpose,35,1.415880,ok,1,direct,0.689236,8,right_elbow,1,1,2.000000,560.960000,394.740000,0.000000,0.000000,0.000000,,48.493036,0,0.072000,0.000000
SP_R_Jongkok_1,openpose,35,1.415880,ok,1,direct,0.689236,9,left_wrist,1,1,2.000000,630.400000,384.380000,2.000000,707.718000,498.153000,137.558601,48.493036,0,0.062000,0.000000
SP_R_Jongkok_1,openpose,35,1.415880,ok,1,direct,0.689236,10,right_wrist,1,1,2.000000,505.510000,389.110000,0.000000,0.000000,0.000000,,48.493036,0,0.062000,0.000000
SP_R_Jongkok_1,openpose,35,1.415880,ok,1,direct,0.689236,11,left_hip,1,1,2.000000,707.420000,510.900000,2.000000,701.908000,507.919000,6.266459,48.493036,1,0.107000,0.971251
SP_R_Jongkok_1,openpose,35,1.415880,ok,1,direct,0.689236,12,right_hip,1,1,2.000000,651.950000,506.520000,2.000000,645.071000,511.847000,8.700435,48.493036,1,0.107000,0.945320
SP_R_Jongkok_1,openpose,35,1.415880,ok,1,direct,0.689236,13,left_knee,1,1,2.000000,695.420000,562.440000,2.000000,697.925000,560.820000,2.983190,48.493036,1,0.087000,0.990050
SP_R_Jongkok_1,openpose,35,1.415880,ok,1,direct,0.689236,14,right_knee,1,1,2.000000,589.990000,557.160000,2.000000,582.315000,558.904000,7.870652,48.493036,1,0.087000,0.932760
SP_R_Jongkok_1,openpose,35,1.415880,ok,1,direct,0.689236,15,left_ankle,1,1,2.000000,711.420000,654.020000,2.000000,709.763000,639.201000,14.911352,48.493036,1,0.089000,0.787620
SP_R_Jongkok_1,openpose,35,1.415880,ok,1,direct,0.689236,16,right_ankle,1,1,2.000000,653.550000,649.260000,2.000000,643.123000,635.328000,17.401809,48.493036,1,0.089000,0.722421
SP_R_Jongkok_1,openpose,36,1.456334,ok,1,direct,0.718519,0,nose,0,0,0.000000,0.000000,0.000000,2.000000,623.547000,339.383000,,,,0.026000,
SP_R_Jongkok_1,openpose,36,1.456334,ok,1,direct,0.718519,1,left_eye,0,0,0.000000,0.000000,0.000000,2.000000,635.237000,329.633000,,,,0.025000,
SP_R_Jongkok_1,openpose,36,1.456334,ok,1,direct,0.718519,2,right_eye,0,0,0.000000,0.000000,0.000000,2.000000,621.554000,329.637000,,,,0.025000,
SP_R_Jongkok_1,openpose,36,1.456334,ok,1,direct,0.718519,3,left_ear,0,0,0.000000,0.000000,0.000000,2.000000,664.614000,335.531000,,,,0.035000,
SP_R_Jongkok_1,openpose,36,1.456334,ok,1,direct,0.718519,4,right_ear,0,0,0.000000,0.000000,0.000000,0.000000,0.000000,0.000000,,,,0.035000,
SP_R_Jongkok_1,openpose,36,1.456334,ok,1,direct,0.718519,5,left_shoulder,1,1,2.000000,702.540000,372.320000,2.000000,692.063000,374.749000,10.754886,48.184632,1,0.079000,0.852442
SP_R_Jongkok_1,openpose,36,1.456334,ok,1,direct,0.718519,6,right_shoulder,1,1,2.000000,619.960000,378.420000,2.000000,623.499000,384.523000,7.054866,48.184632,1,0.079000,0.933610
SP_R_Jongkok_1,openpose,36,1.456334,ok,1,direct,0.718519,7,left_elbow,1,1,2.000000,673.090000,388.200000,2.000000,696.001000,435.438000,52.500882,48.184632,0,0.072000,0.010253
SP_R_Jongkok_1,openpose,36,1.456334,ok,1,direct,0.718519,8,right_elbow,1,1,2.000000,561.850000,397.720000,0.000000,0.000000,0.000000,,48.184632,0,0.072000,0.000000
SP_R_Jongkok_1,openpose,36,1.456334,ok,1,direct,0.718519,9,left_wrist,1,1,2.000000,632.020000,387.420000,0.000000,0.000000,0.000000,,48.184632,0,0.062000,0.000000
SP_R_Jongkok_1,openpose,36,1.456334,ok,1,direct,0.718519,10,right_wrist,1,1,2.000000,505.510000,391.690000,0.000000,0.000000,0.000000,,48.184632,0,0.062000,0.000000
SP_R_Jongkok_1,openpose,36,1.456334,ok,1,direct,0.718519,11,left_hip,1,1,2.000000,709.490000,514.000000,2.000000,705.793000,509.856000,5.553426,48.184632,1,0.107000,0.977063
SP_R_Jongkok_1,openpose,36,1.456334,ok,1,direct,0.718519,12,right_hip,1,1,2.000000,652.540000,509.810000,2.000000,649.007000,513.826000,5.348864,48.184632,1,0.107000,0.978704
SP_R_Jongkok_1,openpose,36,1.456334,ok,1,direct,0.718519,13,left_knee,1,1,2.000000,696.450000,561.830000,2.000000,697.931000,562.732000,1.734060,48.184632,1,0.087000,0.996584
SP_R_Jongkok_1,openpose,36,1.456334,ok,1,direct,0.718519,14,right_knee,1,1,2.000000,589.990000,558.220000,2.000000,582.334000,558.918000,7.687753,48.184632,1,0.087000,0.934950
SP_R_Jongkok_1,openpose,36,1.456334,ok,1,direct,0.718519,15,left_ankle,1,1,2.000000,711.420000,654.210000,2.000000,711.596000,641.111000,13.100182,48.184632,1,0.089000,0.829749
SP_R_Jongkok_1,openpose,36,1.456334,ok,1,direct,0.718519,16,right_ankle,1,1,2.000000,653.550000,649.480000,2.000000,646.970000,635.262000,15.666778,48.184632,1,0.089000,0.765729
SP_R_Jongkok_1,openpose,37,1.496788,ok,1,direct,0.723620,0,nose,0,0,0.000000,0.000000,0.000000,2.000000,623.533000,347.199000,,,,0.026000,
SP_R_Jongkok_1,openpose,37,1.496788,ok,1,direct,0.723620,1,left_eye,0,0,0.000000,0.000000,0.000000,2.000000,635.250000,335.533000,,,,0.025000,
SP_R_Jongkok_1,openpose,37,1.496788,ok,1,direct,0.723620,2,right_eye,0,0,0.000000,0.000000,0.000000,2.000000,621.531000,335.536000,,,,0.025000,
SP_R_Jongkok_1,openpose,37,1.496788,ok,1,direct,0.723620,3,left_ear,0,0,0.000000,0.000000,0.000000,2.000000,664.632000,341.405000,,,,0.035000,
SP_R_Jongkok_1,openpose,37,1.496788,ok,1,direct,0.723620,4,right_ear,0,0,0.000000,0.000000,0.000000,0.000000,0.000000,0.000000,,,,0.035000,
SP_R_Jongkok_1,openpose,37,1.496788,ok,1,direct,0.723620,5,left_shoulder,1,1,2.000000,702.540000,376.130000,2.000000,695.961000,382.577000,9.211246,47.888491,1,0.079000,0.888196
SP_R_Jongkok_1,openpose,37,1.496788,ok,1,direct,0.723620,6,right_shoulder,1,1,2.000000,619.960000,381.880000,2.000000,617.662000,390.350000,8.776201,47.888491,1,0.079000,0.897961
SP_R_Jongkok_1,openpose,37,1.496788,ok,1,direct,0.723620,7,left_elbow,1,1,2.000000,673.240000,392.010000,2.000000,707.740000,437.421000,57.029895,47.888491,0,0.072000,0.004205
SP_R_Jongkok_1,openpose,37,1.496788,ok,1,direct,0.723620,8,right_elbow,1,1,2.000000,562.730000,400.700000,0.000000,0.000000,0.000000,,47.888491,0,0.072000,0.000000
SP_R_Jongkok_1,openpose,37,1.496788,ok,1,direct,0.723620,9,left_wrist,1,1,2.000000,633.640000,390.460000,0.000000,0.000000,0.000000,,47.888491,0,0.062000,0.000000
SP_R_Jongkok_1,openpose,37,1.496788,ok,1,direct,0.723620,10,right_wrist,1,1,2.000000,505.510000,394.280000,0.000000,0.000000,0.000000,,47.888491,0,0.062000,0.000000
SP_R_Jongkok_1,openpose,37,1.496788,ok,1,direct,0.723620,11,left_hip,1,1,2.000000,711.550000,517.110000,2.000000,705.831000,515.760000,5.876177,47.888491,1,0.107000,0.974041
SP_R_Jongkok_1,openpose,37,1.496788,ok,1,direct,0.723620,12,right_hip,1,1,2.000000,653.130000,513.100000,2.000000,647.004000,519.624000,8.949327,47.888491,1,0.107000,0.940816
SP_R_Jongkok_1,openpose,37,1.496788,ok,1,direct,0.723620,13,left_knee,1,1,2.000000,697.490000,561.220000,2.000000,699.853000,560.789000,2.401985,47.888491,1,0.087000,0.993374
SP_R_Jongkok_1,openpose,37,1.496788,ok,1,direct,0.723620,14,right_knee,1,1,2.000000,589.990000,559.280000,2.000000,580.443000,558.910000,9.554167,47.888491,1,0.087000,0.900166
SP_R_Jongkok_1,openpose,37,1.496788,ok,1,direct,0.723620,15,left_ankle,1,1,2.000000,711.420000,654.390000,2.000000,711.582000,641.149000,13.241991,47.888491,1,0.089000,0.824432
SP_R_Jongkok_1,openpose,37,1.496788,ok,1,direct,0.723620,16,right_ankle,1,1,2.000000,653.550000,649.710000,2.000000,643.043000,637.174000,16.356905,47.888491,1,0.089000,0.744851
SP_R_Jongkok_1,openpose,38,1.537241,ok,1,direct,0.727852,0,nose,0,0,0.000000,0.000000,0.000000,2.000000,623.518000,351.226000,,,,0.026000,
SP_R_Jongkok_1,openpose,38,1.537241,ok,1,direct,0.727852,1,left_eye,0,0,0.000000,0.000000,0.000000,2.000000,635.193000,341.353000,,,,0.025000,
SP_R_Jongkok_1,openpose,38,1.537241,ok,1,direct,0.727852,2,right_eye,0,0,0.000000,0.000000,0.000000,2.000000,619.638000,341.428000,,,,0.025000,
SP_R_Jongkok_1,openpose,38,1.537241,ok,1,direct,0.727852,3,left_ear,0,0,0.000000,0.000000,0.000000,2.000000,664.667000,345.339000,,,,0.035000,
SP_R_Jongkok_1,openpose,38,1.537241,ok,1,direct,0.727852,4,right_ear,0,0,0.000000,0.000000,0.000000,0.000000,0.000000,0.000000,,,,0.035000,
SP_R_Jongkok_1,openpose,38,1.537241,ok,1,direct,0.727852,5,left_shoulder,1,1,2.000000,702.540000,379.940000,2.000000,693.986000,386.400000,10.719259,47.813492,1,0.079000,0.851236
SP_R_Jongkok_1,openpose,38,1.537241,ok,1,direct,0.727852,6,right_shoulder,1,1,2.000000,619.960000,385.330000,2.000000,621.544000,398.196000,12.963141,47.813492,1,0.079000,0.790131
SP_R_Jongkok_1,openpose,38,1.537241,ok,1,direct,0.727852,7,left_elbow,1,1,2.000000,673.390000,395.820000,2.000000,703.820000,443.261000,56.361630,47.813492,0,0.072000,0.004697
SP_R_Jongkok_1,openpose,38,1.537241,ok,1,direct,0.727852,8,right_elbow,1,1,2.000000,563.620000,403.680000,0.000000,0.000000,0.000000,,47.813492,0,0.072000,0.000000
SP_R_Jongkok_1,openpose,38,1.537241,ok,1,direct,0.727852,9,left_wrist,1,1,2.000000,635.270000,393.500000,0.000000,0.000000,0.000000,,47.813492,0,0.062000,0.000000
SP_R_Jongkok_1,openpose,38,1.537241,ok,1,direct,0.727852,10,right_wrist,1,1,2.000000,505.510000,396.870000,0.000000,0.000000,0.000000,,47.813492,0,0.062000,0.000000
SP_R_Jongkok_1,openpose,38,1.537241,ok,1,direct,0.727852,11,left_hip,1,1,2.000000,713.620000,520.210000,2.000000,699.914000,517.709000,13.932316,47.813492,1,0.107000,0.862153
SP_R_Jongkok_1,openpose,38,1.537241,ok,1,direct,0.727852,12,right_hip,1,1,2.000000,653.720000,516.390000,2.000000,645.019000,521.596000,10.139519,47.813492,1,0.107000,0.924447
SP_R_Jongkok_1,openpose,38,1.537241,ok,1,direct,0.727852,13,left_knee,1,1,2.000000,698.520000,560.610000,2.000000,699.966000,558.813000,2.306540,47.813492,1,0.087000,0.993870
SP_R_Jongkok_1,openpose,38,1.537241,ok,1,direct,0.727852,14,right_knee,1,1,2.000000,589.990000,560.340000,2.000000,582.340000,560.803000,7.663998,47.813492,1,0.087000,0.934364
SP_R_Jongkok_1,openpose,38,1.537241,ok,1,direct,0.727852,15,left_ankle,1,1,2.000000,711.420000,654.570000,2.000000,709.755000,641.154000,13.518923,47.813492,1,0.089000,0.817216
SP_R_Jongkok_1,openpose,38,1.537241,ok,1,direct,0.727852,16,right_ankle,1,1,2.000000,653.550000,649.930000,2.000000,639.192000,635.325000,20.480678,47.813492,1,0.089000,0.629220
SP_R_Jongkok_1,openpose,39,1.577695,ok,1,direct,0.692857,0,nose,0,0,0.000000,0.000000,0.000000,2.000000,625.495000,353.146000,,,,0.026000,
SP_R_Jongkok_1,openpose,39,1.577695,ok,1,direct,0.692857,1,left_eye,0,0,0.000000,0.000000,0.000000,2.000000,635.240000,343.327000,,,,0.025000,
SP_R_Jongkok_1,openpose,39,1.577695,ok,1,direct,0.692857,2,right_eye,0,0,0.000000,0.000000,0.000000,2.000000,623.464000,343.370000,,,,0.025000,
SP_R_Jongkok_1,openpose,39,1.577695,ok,1,direct,0.692857,3,left_ear,0,0,0.000000,0.000000,0.000000,2.000000,666.547000,349.207000,,,,0.035000,
SP_R_Jongkok_1,openpose,39,1.577695,ok,1,direct,0.692857,4,right_ear,0,0,0.000000,0.000000,0.000000,0.000000,0.000000,0.000000,,,,0.035000,
SP_R_Jongkok_1,openpose,39,1.577695,ok,1,direct,0.692857,5,left_shoulder,1,1,2.000000,702.540000,383.750000,2.000000,694.067000,386.403000,8.878634,47.730942,1,0.079000,0.895043
SP_R_Jongkok_1,openpose,39,1.577695,ok,1,direct,0.692857,6,right_shoulder,1,1,2.000000,619.960000,388.790000,2.000000,625.429000,398.254000,10.930565,47.730942,1,0.079000,0.845304
SP_R_Jongkok_1,openpose,39,1.577695,ok,1,direct,0.692857,7,left_elbow,1,1,2.000000,673.530000,399.630000,2.000000,676.387000,404.086000,5.293240,47.730942,1,0.072000,0.953661
SP_R_Jongkok_1,openpose,39,1.577695,ok,1,direct,0.692857,8,right_elbow,1,1,2.000000,564.500000,406.660000,2.000000,584.301000,402.145000,20.309230,47.730942,1,0.072000,0.497342
SP_R_Jongkok_1,openpose,39,1.577695,ok,1,direct,0.692857,9,left_wrist,1,1,2.000000,636.890000,396.540000,2.000000,627.456000,398.246000,9.587012,47.730942,1,0.062000,0.810665
SP_R_Jongkok_1,openpose,39,1.577695,ok,1,direct,0.692857,10,right_wrist,1,1,2.000000,505.510000,399.460000,0.000000,0.000000,0.000000,,47.730942,0,0.062000,0.000000
SP_R_Jongkok_1,openpose,39,1.577695,ok,1,direct,0.692857,11,left_hip,1,1,2.000000,715.680000,523.320000,2.000000,699.932000,521.617000,15.839814,47.730942,1,0.107000,0.824992
SP_R_Jongkok_1,openpose,39,1.577695,ok,1,direct,0.692857,12,right_hip,1,1,2.000000,654.310000,519.690000,2.000000,645.063000,523.577000,10.030742,47.730942,1,0.107000,0.925752
SP_R_Jongkok_1,openpose,39,1.577695,ok,1,direct,0.692857,13,left_knee,1,1,2.000000,699.550000,560.000000,2.000000,699.942000,558.893000,1.174356,47.730942,1,0.087000,0.998402
SP_R_Jongkok_1,openpose,39,1.577695,ok,1,direct,0.692857,14,right_knee,1,1,2.000000,589.990000,561.400000,2.000000,582.317000,558.903000,8.069073,47.730942,1,0.087000,0.927265
SP_R_Jongkok_1,openpose,39,1.577695,ok,1,direct,0.692857,15,left_ankle,1,1,2.000000,711.420000,654.750000,2.000000,709.686000,641.104000,13.755729,47.730942,1,0.089000,0.810820
SP_R_Jongkok_1,openpose,39,1.577695,ok,1,direct,0.692857,16,right_ankle,1,1,2.000000,653.550000,650.160000,2.000000,643.048000,635.235000,18.249593,47.730942,1,0.089000,0.691349
SP_R_Jongkok_1,openpose,40,1.618149,ok,1,direct,0.729547,0,nose,0,0,0.000000,0.000000,0.000000,2.000000,625.466000,353.138000,,,,0.026000,
SP_R_Jongkok_1,openpose,40,1.618149,ok,1,direct,0.729547,1,left_eye,0,0,0.000000,0.000000,0.000000,2.000000,635.276000,343.376000,,,,0.025000,
SP_R_Jongkok_1,openpose,40,1.618149,ok,1,direct,0.729547,2,right_eye,0,0,0.000000,0.000000,0.000000,2.000000,623.470000,343.334000,,,,0.025000,
SP_R_Jongkok_1,openpose,40,1.618149,ok,1,direct,0.729547,3,left_ear,0,0,0.000000,0.000000,0.000000,2.000000,666.559000,351.158000,,,,0.035000,
SP_R_Jongkok_1,openpose,40,1.618149,ok,1,direct,0.729547,4,right_ear,0,0,0.000000,0.000000,0.000000,0.000000,0.000000,0.000000,,,,0.035000,
SP_R_Jongkok_1,openpose,40,1.618149,ok,1,direct,0.729547,5,left_shoulder,1,1,2.000000,702.540000,387.560000,2.000000,695.989000,386.484000,6.638778,47.643093,1,0.079000,0.939673
SP_R_Jongkok_1,openpose,40,1.618149,ok,1,direct,0.729547,6,right_shoulder,1,1,2.000000,619.960000,392.240000,2.000000,619.545000,400.129000,7.899908,47.643093,1,0.079000,0.915661
SP_R_Jongkok_1,openpose,40,1.618149,ok,1,direct,0.729547,7,left_elbow,1,1,2.000000,673.680000,403.440000,2.000000,674.458000,404.142000,1.047897,47.643093,1,0.072000,0.998135
SP_R_Jongkok_1,openpose,40,1.618149,ok,1,direct,0.729547,8,right_elbow,1,1,2.000000,565.390000,409.640000,0.000000,0.000000,0.000000,,47.643093,0,0.072000,0.000000
SP_R_Jongkok_1,openpose,40,1.618149,ok,1,direct,0.729547,9,left_wrist,1,1,2.000000,638.510000,399.580000,2.000000,625.452000,400.190000,13.072240,47.643093,1,0.062000,0.675911
SP_R_Jongkok_1,openpose,40,1.618149,ok,1,direct,0.729547,10,right_wrist,1,1,2.000000,505.510000,402.050000,0.000000,0.000000,0.000000,,47.643093,0,0.062000,0.000000
SP_R_Jongkok_1,openpose,40,1.618149,ok,1,direct,0.729547,11,left_hip,1,1,2.000000,717.750000,526.420000,2.000000,699.946000,521.647000,18.432687,47.643093,1,0.107000,0.769911
SP_R_Jongkok_1,openpose,40,1.618149,ok,1,direct,0.729547,12,right_hip,1,1,2.000000,654.900000,522.980000,2.000000,643.050000,523.593000,11.865845,47.643093,1,0.107000,0.897307
SP_R_Jongkok_1,openpose,40,1.618149,ok,1,direct,0.729547,13,left_knee,1,1,2.000000,700.580000,559.390000,2.000000,701.823000,556.930000,2.756202,47.643093,1,0.087000,0.991196
SP_R_Jongkok_1,openpose,40,1.618149,ok,1,direct,0.729547,14,right_knee,1,1,2.000000,589.990000,562.460000,2.000000,582.314000,558.868000,8.474871,47.643093,1,0.087000,0.919790
SP_R_Jongkok_1,openpose,40,1.618149,ok,1,direct,0.729547,15,left_ankle,1,1,2.000000,711.420000,654.930000,2.000000,709.696000,641.107000,13.930094,47.643093,1,0.089000,0.805854
SP_R_Jongkok_1,openpose,40,1.618149,ok,1,direct,0.729547,16,right_ankle,1,1,2.000000,653.550000,650.380000,2.000000,641.135000,635.233000,19.584786,47.643093,1,0.089000,0.652682
SP_R_Jongkok_1,openpose,41,1.658603,ok,1,direct,0.714833,0,nose,0,0,0.000000,0.000000,0.000000,2.000000,627.403000,353.146000,,,,0.026000,
SP_R_Jongkok_1,openpose,41,1.658603,ok,1,direct,0.714833,1,left_eye,0,0,0.000000,0.000000,0.000000,2.000000,637.201000,343.406000,,,,0.025000,
SP_R_Jongkok_1,openpose,41,1.658603,ok,1,direct,0.714833,2,right_eye,0,0,0.000000,0.000000,0.000000,2.000000,623.535000,343.353000,,,,0.025000,
SP_R_Jongkok_1,openpose,41,1.658603,ok,1,direct,0.714833,3,left_ear,0,0,0.000000,0.000000,0.000000,2.000000,666.620000,351.184000,,,,0.035000,
SP_R_Jongkok_1,openpose,41,1.658603,ok,1,direct,0.714833,4,right_ear,0,0,0.000000,0.000000,0.000000,0.000000,0.000000,0.000000,,,,0.035000,
SP_R_Jongkok_1,openpose,41,1.658603,ok,1,direct,0.714833,5,left_shoulder,1,1,2.000000,702.540000,387.800000,2.000000,695.958000,390.324000,7.049347,47.623488,1,0.079000,0.932193
SP_R_Jongkok_1,openpose,41,1.658603,ok,1,direct,0.714833,6,right_shoulder,1,1,2.000000,619.960000,392.480000,2.000000,619.589000,400.153000,7.681964,47.623488,1,0.079000,0.919999
SP_R_Jongkok_1,openpose,41,1.658603,ok,1,direct,0.714833,7,left_elbow,1,1,2.000000,673.680000,403.670000,2.000000,678.385000,406.074000,5.283582,47.623488,1,0.072000,0.953622
SP_R_Jongkok_1,openpose,41,1.658603,ok,1,direct,0.714833,8,right_elbow,1,1,2.000000,565.390000,409.860000,0.000000,0.000000,0.000000,,47.623488,0,0.072000,0.000000
SP_R_Jongkok_1,openpose,41,1.658603,ok,1,direct,0.714833,9,left_wrist,1,1,2.000000,638.510000,399.810000,2.000000,643.063000,400.195000,4.569249,47.623488,1,0.062000,0.953233
SP_R_Jongkok_1,openpose,41,1.658603,ok,1,direct,0.714833,10,right_wrist,1,1,2.000000,505.510000,402.280000,0.000000,0.000000,0.000000,,47.623488,0,0.062000,0.000000
SP_R_Jongkok_1,openpose,41,1.658603,ok,1,direct,0.714833,11,left_hip,1,1,2.000000,717.750000,526.550000,2.000000,699.917000,519.635000,19.126764,47.623488,1,0.107000,0.754443
SP_R_Jongkok_1,openpose,41,1.658603,ok,1,direct,0.714833,12,right_hip,1,1,2.000000,654.900000,523.110000,2.000000,645.049000,521.641000,9.959928,47.623488,1,0.107000,0.926439
SP_R_Jongkok_1,openpose,41,1.658603,ok,1,direct,0.714833,13,left_knee,1,1,2.000000,700.880000,558.660000,2.000000,701.914000,556.911000,2.031787,47.623488,1,0.087000,0.995202
SP_R_Jongkok_1,openpose,41,1.658603,ok,1,direct,0.714833,14,right_knee,1,1,2.000000,589.400000,561.870000,2.000000,584.271000,558.864000,5.944971,47.623488,1,0.087000,0.959660
SP_R_Jongkok_1,openpose,41,1.658603,ok,1,direct,0.714833,15,left_ankle,1,1,2.000000,711.420000,654.950000,2.000000,707.786000,641.128000,14.291733,47.623488,1,0.089000,0.796608
SP_R_Jongkok_1,openpose,41,1.658603,ok,1,direct,0.714833,16,right_ankle,1,1,2.000000,653.550000,650.400000,2.000000,641.171000,635.279000,19.541860,47.623488,1,0.089000,0.653674
SP_R_Jongkok_1,openpose,42,1.699056,ok,1,direct,0.760721,0,nose,0,0,0.000000,0.000000,0.000000,2.000000,629.339000,353.141000,,,,0.026000,
SP_R_Jongkok_1,openpose,42,1.699056,ok,1,direct,0.760721,1,left_eye,0,0,0.000000,0.000000,0.000000,2.000000,637.278000,343.361000,,,,0.025000,
SP_R_Jongkok_1,openpose,42,1.699056,ok,1,direct,0.760721,2,right_eye,0,0,0.000000,0.000000,0.000000,2.000000,625.420000,343.350000,,,,0.025000,
SP_R_Jongkok_1,openpose,42,1.699056,ok,1,direct,0.760721,3,left_ear,0,0,0.000000,0.000000,0.000000,2.000000,666.652000,349.220000,,,,0.035000,
SP_R_Jongkok_1,openpose,42,1.699056,ok,1,direct,0.760721,4,right_ear,0,0,0.000000,0.000000,0.000000,0.000000,0.000000,0.000000,,,,0.035000,
SP_R_Jongkok_1,openpose,42,1.699056,ok,1,direct,0.760721,5,left_shoulder,1,1,2.000000,702.540000,388.040000,2.000000,697.958000,386.472000,4.842866,47.603875,1,0.079000,0.967378
SP_R_Jongkok_1,openpose,42,1.699056,ok,1,direct,0.760721,6,right_shoulder,1,1,2.000000,619.960000,392.720000,2.000000,623.461000,398.231000,6.529022,47.603875,1,0.079000,0.941499
SP_R_Jongkok_1,openpose,42,1.699056,ok,1,direct,0.760721,7,left_elbow,1,1,2.000000,673.680000,403.900000,2.000000,674.479000,404.040000,0.811173,47.603875,1,0.072000,0.998880
SP_R_Jongkok_1,openpose,42,1.699056,ok,1,direct,0.760721,8,right_elbow,1,1,2.000000,565.390000,410.080000,0.000000,0.000000,0.000000,,47.603875,0,0.072000,0.000000
SP_R_Jongkok_1,openpose,42,1.699056,ok,1,direct,0.760721,9,left_wrist,1,1,2.000000,638.510000,400.040000,2.000000,627.424000,400.176000,11.086834,47.603875,1,0.062000,0.754113
SP_R_Jongkok_1,openpose,42,1.699056,ok,1,direct,0.760721,10,right_wrist,1,1,2.000000,505.510000,402.510000,0.000000,0.000000,0.000000,,47.603875,0,0.062000,0.000000
SP_R_Jongkok_1,openpose,42,1.699056,ok,1,direct,0.760721,11,left_hip,1,1,2.000000,717.750000,526.670000,2.000000,703.856000,523.536000,14.243075,47.603875,1,0.107000,0.855233
SP_R_Jongkok_1,openpose,42,1.699056,ok,1,direct,0.760721,12,right_hip,1,1,2.000000,654.900000,523.230000,2.000000,646.966000,525.499000,8.252073,47.603875,1,0.107000,0.948861
SP_R_Jongkok_1,openpose,42,1.699056,ok,1,direct,0.760721,13,left_knee,1,1,2.000000,701.170000,557.920000,2.000000,705.733000,556.937000,4.667682,47.603875,1,0.087000,0.974916
SP_R_Jongkok_1,openpose,42,1.699056,ok,1,direct,0.760721,14,right_knee,1,1,2.000000,588.810000,561.280000,2.000000,584.349000,556.951000,6.216169,47.603875,1,0.087000,0.955944
SP_R_Jongkok_1,openpose,42,1.699056,ok,1,direct,0.760721,15,left_ankle,1,1,2.000000,711.420000,654.970000,2.000000,707.739000,639.159000,16.233838,47.603875,1,0.089000,0.745549
SP_R_Jongkok_1,openpose,42,1.699056,ok,1,direct,0.760721,16,right_ankle,1,1,2.000000,653.550000,650.430000,2.000000,643.134000,635.274000,18.390144,47.603875,1,0.089000,0.686039
SP_R_Jongkok_1,openpose,43,1.739510,ok,1,direct,0.726755,0,nose,0,0,0.000000,0.000000,0.000000,2.000000,629.424000,351.256000,,,,0.026000,
SP_R_Jongkok_1,openpose,43,1.739510,ok,1,direct,0.726755,1,left_eye,0,0,0.000000,0.000000,0.000000,2.000000,639.171000,341.455000,,,,0.025000,
SP_R_Jongkok_1,openpose,43,1.739510,ok,1,direct,0.726755,2,right_eye,0,0,0.000000,0.000000,0.000000,2.000000,625.483000,341.443000,,,,0.025000,
SP_R_Jongkok_1,openpose,43,1.739510,ok,1,direct,0.726755,3,left_ear,0,0,0.000000,0.000000,0.000000,2.000000,666.681000,347.307000,,,,0.035000,
SP_R_Jongkok_1,openpose,43,1.739510,ok,1,direct,0.726755,4,right_ear,0,0,0.000000,0.000000,0.000000,0.000000,0.000000,0.000000,,,,0.035000,
SP_R_Jongkok_1,openpose,43,1.739510,ok,1,direct,0.726755,5,left_shoulder,1,1,2.000000,702.540000,388.280000,2.000000,697.933000,386.435000,4.962708,47.583362,1,0.079000,0.965742
SP_R_Jongkok_1,openpose,43,1.739510,ok,1,direct,0.726755,6,right_shoulder,1,1,2.000000,619.960000,392.950000,2.000000,621.574000,398.176000,5.469559,47.583362,1,0.079000,0.958542
SP_R_Jongkok_1,openpose,43,1.739510,ok,1,direct,0.726755,7,left_elbow,1,1,2.000000,673.680000,404.130000,2.000000,674.466000,404.140000,0.786064,47.583362,1,0.072000,0.998948
SP_R_Jongkok_1,openpose,43,1.739510,ok,1,direct,0.726755,8,right_elbow,1,1,2.000000,565.390000,410.300000,2.000000,578.407000,406.055000,13.691688,47.583362,1,0.072000,0.726567
SP_R_Jongkok_1,openpose,43,1.739510,ok,1,direct,0.726755,9,left_wrist,1,1,2.000000,638.510000,400.270000,2.000000,625.472000,402.110000,13.167196,47.583362,1,0.062000,0.671391
SP_R_Jongkok_1,openpose,43,1.739510,ok,1,direct,0.726755,10,right_wrist,1,1,2.000000,505.510000,402.730000,0.000000,0.000000,0.000000,,47.583362,0,0.062000,0.000000
SP_R_Jongkok_1,openpose,43,1.739510,ok,1,direct,0.726755,11,left_hip,1,1,2.000000,717.750000,526.800000,2.000000,705.796000,521.588000,13.040823,47.583362,1,0.107000,0.877035
SP_R_Jongkok_1,openpose,43,1.739510,ok,1,direct,0.726755,12,right_hip,1,1,2.000000,654.900000,523.360000,2.000000,646.995000,523.570000,7.907789,47.583362,1,0.107000,0.952899
SP_R_Jongkok_1,openpose,43,1.739510,ok,1,direct,0.726755,13,left_knee,1,1,2.000000,701.470000,557.180000,2.000000,705.751000,556.832000,4.295121,47.583362,1,0.087000,0.978701
SP_R_Jongkok_1,openpose,43,1.739510,ok,1,direct,0.726755,14,right_knee,1,1,2.000000,588.220000,560.690000,2.000000,584.323000,556.926000,5.417961,47.583362,1,0.087000,0.966323
SP_R_Jongkok_1,openpose,43,1.739510,ok,1,direct,0.726755,15,left_ankle,1,1,2.000000,711.420000,654.980000,2.000000,709.658000,639.165000,15.912852,47.583362,1,0.089000,0.753986
SP_R_Jongkok_1,openpose,43,1.739510,ok,1,direct,0.726755,16,right_ankle,1,1,2.000000,653.550000,650.450000,2.000000,645.094000,633.355000,19.072047,47.583362,1,0.089000,0.666554
SP_R_Jongkok_1,openpose,44,1.779964,ok,1,direct,0.733189,0,nose,0,0,0.000000,0.000000,0.000000,2.000000,631.296000,351.232000,,,,0.026000,
SP_R_Jongkok_1,openpose,44,1.779964,ok,1,direct,0.733189,1,left_eye,0,0,0.000000,0.000000,0.000000,2.000000,639.197000,341.440000,,,,0.025000,
SP_R_Jongkok_1,openpose,44,1.779964,ok,1,direct,0.733189,2,right_eye,0,0,0.000000,0.000000,0.000000,2.000000,627.396000,341.415000,,,,0.025000,
SP_R_Jongkok_1,openpose,44,1.779964,ok,1,direct,0.733189,3,left_ear,0,0,0.000000,0.000000,0.000000,2.000000,668.552000,347.270000,,,,0.035000,
SP_R_Jongkok_1,openpose,44,1.779964,ok,1,direct,0.733189,4,right_ear,0,0,0.000000,0.000000,0.000000,0.000000,0.000000,0.000000,,,,0.035000,
SP_R_Jongkok_1,openpose,44,1.779964,ok,1,direct,0.733189,5,left_shoulder,1,1,2.000000,702.540000,388.520000,2.000000,697.960000,388.428000,4.580924,47.563732,1,0.079000,0.970712
SP_R_Jongkok_1,openpose,44,1.779964,ok,1,direct,0.733189,6,right_shoulder,1,1,2.000000,619.960000,393.190000,2.000000,621.574000,398.258000,5.318799,47.563732,1,0.079000,0.960719
SP_R_Jongkok_1,openpose,44,1.779964,ok,1,direct,0.733189,7,left_elbow,1,1,2.000000,673.680000,404.350000,2.000000,678.337000,406.019000,4.947041,47.563732,1,0.072000,0.959124
SP_R_Jongkok_1,openpose,44,1.779964,ok,1,direct,0.733189,8,right_elbow,1,1,2.000000,565.390000,410.520000,0.000000,0.000000,0.000000,,47.563732,0,0.072000,0.000000
SP_R_Jongkok_1,openpose,44,1.779964,ok,1,direct,0.733189,9,left_wrist,1,1,2.000000,638.510000,400.500000,2.000000,639.151000,402.163000,1.782260,47.563732,1,0.062000,0.992721
SP_R_Jongkok_1,openpose,44,1.779964,ok,1,direct,0.733189,10,right_wrist,1,1,2.000000,505.510000,402.960000,0.000000,0.000000,0.000000,,47.563732,0,0.062000,0.000000
SP_R_Jongkok_1,openpose,44,1.779964,ok,1,direct,0.733189,11,left_hip,1,1,2.000000,717.750000,526.920000,2.000000,707.682000,521.574000,11.399313,47.563732,1,0.107000,0.904531
SP_R_Jongkok_1,openpose,44,1.779964,ok,1,direct,0.733189,12,right_hip,1,1,2.000000,654.900000,523.490000,2.000000,647.029000,523.564000,7.871348,47.563732,1,0.107000,0.953284
SP_R_Jongkok_1,openpose,44,1.779964,ok,1,direct,0.733189,13,left_knee,1,1,2.000000,701.770000,556.440000,2.000000,705.741000,554.955000,4.239583,47.563732,1,0.087000,0.979225
SP_R_Jongkok_1,openpose,44,1.779964,ok,1,direct,0.733189,14,right_knee,1,1,2.000000,587.630000,560.100000,2.000000,586.223000,556.894000,3.501155,47.563732,1,0.087000,0.985785
SP_R_Jongkok_1,openpose,44,1.779964,ok,1,direct,0.733189,15,left_ankle,1,1,2.000000,711.420000,655.000000,2.000000,709.655000,639.179000,15.919148,47.563732,1,0.089000,0.753642
SP_R_Jongkok_1,openpose,44,1.779964,ok,1,direct,0.733189,16,right_ankle,1,1,2.000000,653.550000,650.470000,2.000000,643.077000,635.272000,18.457056,47.563732,1,0.089000,0.683718
SP_R_Jongkok_1,openpose,45,1.820417,ok,1,direct,0.702796,0,nose,0,0,0.000000,0.000000,0.000000,2.000000,631.336000,351.252000,,,,0.026000,
SP_R_Jongkok_1,openpose,45,1.820417,ok,1,direct,0.702796,1,left_eye,0,0,0.000000,0.000000,0.000000,2.000000,641.108000,341.417000,,,,0.025000,
SP_R_Jongkok_1,openpose,45,1.820417,ok,1,direct,0.702796,2,right_eye,0,0,0.000000,0.000000,0.000000,2.000000,627.380000,341.436000,,,,0.025000,
SP_R_Jongkok_1,openpose,45,1.820417,ok,1,direct,0.702796,3,left_ear,0,0,0.000000,0.000000,0.000000,2.000000,670.497000,347.296000,,,,0.035000,
SP_R_Jongkok_1,openpose,45,1.820417,ok,1,direct,0.702796,4,right_ear,0,0,0.000000,0.000000,0.000000,0.000000,0.000000,0.000000,,,,0.035000,
SP_R_Jongkok_1,openpose,45,1.820417,ok,1,direct,0.702796,5,left_shoulder,1,1,2.000000,702.540000,388.760000,2.000000,697.935000,388.365000,4.621910,47.544094,1,0.079000,0.970169
SP_R_Jongkok_1,openpose,45,1.820417,ok,1,direct,0.702796,6,right_shoulder,1,1,2.000000,619.960000,393.430000,2.000000,621.578000,400.114000,6.877047,47.544094,1,0.079000,0.935150
SP_R_Jongkok_1,openpose,45,1.820417,ok,1,direct,0.702796,7,left_elbow,1,1,2.000000,673.680000,404.580000,2.000000,678.338000,405.999000,4.869345,47.544094,1,0.072000,0.960340
SP_R_Jongkok_1,openpose,45,1.820417,ok,1,direct,0.702796,8,right_elbow,1,1,2.000000,565.390000,410.750000,2.000000,576.501000,409.958000,11.139191,47.544094,1,0.072000,0.809145
SP_R_Jongkok_1,openpose,45,1.820417,ok,1,direct,0.702796,9,left_wrist,1,1,2.000000,638.510000,400.730000,2.000000,633.296000,402.133000,5.399463,47.544094,1,0.062000,0.935097
SP_R_Jongkok_1,openpose,45,1.820417,ok,1,direct,0.702796,10,right_wrist,1,1,2.000000,505.510000,403.190000,0.000000,0.000000,0.000000,,47.544094,0,0.062000,0.000000
SP_R_Jongkok_1,openpose,45,1.820417,ok,1,direct,0.702796,11,left_hip,1,1,2.000000,717.750000,527.040000,2.000000,707.768000,519.669000,12.408544,47.544094,1,0.107000,0.887817
SP_R_Jongkok_1,openpose,45,1.820417,ok,1,direct,0.702796,12,right_hip,1,1,2.000000,654.900000,523.620000,2.000000,648.958000,521.652000,6.259424,47.544094,1,0.107000,0.970175
SP_R_Jongkok_1,openpose,45,1.820417,ok,1,direct,0.702796,13,left_knee,1,1,2.000000,702.060000,555.700000,2.000000,705.731000,554.889000,3.759516,47.544094,1,0.087000,0.983614
SP_R_Jongkok_1,openpose,45,1.820417,ok,1,direct,0.702796,14,right_knee,1,1,2.000000,587.030000,559.510000,2.000000,586.261000,556.842000,2.776614,47.544094,1,0.087000,0.991028
SP_R_Jongkok_1,openpose,45,1.820417,ok,1,direct,0.702796,15,left_ankle,1,1,2.000000,711.420000,655.020000,2.000000,709.628000,639.153000,15.967873,47.544094,1,0.089000,0.752159
SP_R_Jongkok_1,openpose,45,1.820417,ok,1,direct,0.702796,16,right_ankle,1,1,2.000000,653.550000,650.490000,2.000000,643.054000,635.243000,18.510457,47.544094,1,0.089000,0.681998
SP_R_Jongkok_1,openpose,46,1.860871,ok,1,direct,0.700823,0,nose,0,0,0.000000,0.000000,0.000000,2.000000,631.336000,351.245000,,,,0.026000,
SP_R_Jongkok_1,openpose,46,1.860871,ok,1,direct,0.700823,1,left_eye,0,0,0.000000,0.000000,0.000000,2.000000,641.169000,341.388000,,,,0.025000,
SP_R_Jongkok_1,openpose,46,1.860871,ok,1,direct,0.700823,2,right_eye,0,0,0.000000,0.000000,0.000000,2.000000,625.485000,341.436000,,,,0.025000,
SP_R_Jongkok_1,openpose,46,1.860871,ok,1,direct,0.700823,3,left_ear,0,0,0.000000,0.000000,0.000000,2.000000,670.493000,349.165000,,,,0.035000,
SP_R_Jongkok_1,openpose,46,1.860871,ok,1,direct,0.700823,4,right_ear,0,0,0.000000,0.000000,0.000000,0.000000,0.000000,0.000000,,,,0.035000,
SP_R_Jongkok_1,openpose,46,1.860871,ok,1,direct,0.700823,5,left_shoulder,1,1,2.000000,702.540000,389.000000,2.000000,701.846000,386.454000,2.638892,47.523555,1,0.079000,0.990168
SP_R_Jongkok_1,openpose,46,1.860871,ok,1,direct,0.700823,6,right_shoulder,1,1,2.000000,619.960000,393.660000,2.000000,623.479000,398.211000,5.752822,47.523555,1,0.079000,0.954126
SP_R_Jongkok_1,openpose,46,1.860871,ok,1,direct,0.700823,7,left_elbow,1,1,2.000000,673.680000,404.810000,2.000000,684.213000,404.119000,10.555642,47.523555,1,0.072000,0.826683
SP_R_Jongkok_1,openpose,46,1.860871,ok,1,direct,0.700823,8,right_elbow,1,1,2.000000,565.390000,410.970000,2.000000,578.443000,409.944000,13.093261,47.523555,1,0.072000,0.746135
SP_R_Jongkok_1,openpose,46,1.860871,ok,1,direct,0.700823,9,left_wrist,1,1,2.000000,638.510000,400.960000,2.000000,654.834000,400.211000,16.341174,47.523555,1,0.062000,0.540549
SP_R_Jongkok_1,openpose,46,1.860871,ok,1,direct,0.700823,10,right_wrist,1,1,2.000000,505.510000,403.420000,0.000000,0.000000,0.000000,,47.523555,0,0.062000,0.000000
SP_R_Jongkok_1,openpose,46,1.860871,ok,1,direct,0.700823,11,left_hip,1,1,2.000000,717.750000,527.170000,2.000000,711.653000,517.715000,11.250353,47.523555,1,0.107000,0.906741
SP_R_Jongkok_1,openpose,46,1.860871,ok,1,direct,0.700823,12,right_hip,1,1,2.000000,654.900000,523.740000,2.000000,652.933000,519.701000,4.492506,47.523555,1,0.107000,0.984511
SP_R_Jongkok_1,openpose,46,1.860871,ok,1,direct,0.700823,13,left_knee,1,1,2.000000,702.060000,555.840000,2.000000,703.846000,553.025000,3.333770,47.523555,1,0.087000,0.987081
SP_R_Jongkok_1,openpose,46,1.860871,ok,1,direct,0.700823,14,right_knee,1,1,2.000000,587.030000,559.640000,2.000000,588.201000,554.935000,4.848532,47.523555,1,0.087000,0.972871
SP_R_Jongkok_1,openpose,46,1.860871,ok,1,direct,0.700823,15,left_ankle,1,1,2.000000,711.420000,655.030000,2.000000,709.675000,639.139000,15.986523,47.523555,1,0.089000,0.751473
SP_R_Jongkok_1,openpose,46,1.860871,ok,1,direct,0.700823,16,right_ankle,1,1,2.000000,653.550000,650.510000,2.000000,641.154000,635.233000,19.673524,47.523555,1,0.089000,0.648749
SP_R_Jongkok_1,openpose,47,1.901325,ok,1,direct,0.722336,0,nose,0,0,0.000000,0.000000,0.000000,2.000000,631.357000,351.235000,,,,0.026000,
SP_R_Jongkok_1,openpose,47,1.901325,ok,1,direct,0.722336,1,left_eye,0,0,0.000000,0.000000,0.000000,2.000000,643.044000,341.396000,,,,0.025000,
SP_R_Jongkok_1,openpose,47,1.901325,ok,1,direct,0.722336,2,right_eye,0,0,0.000000,0.000000,0.000000,2.000000,627.438000,341.398000,,,,0.025000,
SP_R_Jongkok_1,openpose,47,1.901325,ok,1,direct,0.722336,3,left_ear,0,0,0.000000,0.000000,0.000000,2.000000,670.494000,349.169000,,,,0.035000,
SP_R_Jongkok_1,openpose,47,1.901325,ok,1,direct,0.722336,4,right_ear,0,0,0.000000,0.000000,0.000000,0.000000,0.000000,0.000000,,,,0.035000,
SP_R_Jongkok_1,openpose,47,1.901325,ok,1,direct,0.722336,5,left_shoulder,1,1,2.000000,702.540000,389.240000,2.000000,701.867000,388.460000,1.030208,47.503901,1,0.079000,0.998494
SP_R_Jongkok_1,openpose,47,1.901325,ok,1,direct,0.722336,6,right_shoulder,1,1,2.000000,619.960000,393.900000,2.000000,621.503000,400.162000,6.449302,47.503901,1,0.079000,0.942644
SP_R_Jongkok_1,openpose,47,1.901325,ok,1,direct,0.722336,7,left_elbow,1,1,2.000000,673.680000,405.030000,2.000000,709.670000,458.935000,64.815346,47.503901,0,0.072000,0.000760
SP_R_Jongkok_1,openpose,47,1.901325,ok,1,direct,0.722336,8,right_elbow,1,1,2.000000,565.390000,411.190000,0.000000,0.000000,0.000000,,47.503901,0,0.072000,0.000000
SP_R_Jongkok_1,openpose,47,1.901325,ok,1,direct,0.722336,9,left_wrist,1,1,2.000000,638.510000,401.190000,2.000000,672.490000,511.852000,115.761473,47.503901,0,0.062000,0.000000
SP_R_Jongkok_1,openpose,47,1.901325,ok,1,direct,0.722336,10,right_wrist,1,1,2.000000,505.510000,403.650000,0.000000,0.000000,0.000000,,47.503901,0,0.062000,0.000000
SP_R_Jongkok_1,openpose,47,1.901325,ok,1,direct,0.722336,11,left_hip,1,1,2.000000,717.750000,527.290000,2.000000,709.645000,517.699000,12.557002,47.503901,1,0.107000,0.885095
SP_R_Jongkok_1,openpose,47,1.901325,ok,1,direct,0.722336,12,right_hip,1,1,2.000000,654.900000,523.870000,2.000000,650.935000,519.654000,5.787563,47.503901,1,0.107000,0.974404
SP_R_Jongkok_1,openpose,47,1.901325,ok,1,direct,0.722336,13,left_knee,1,1,2.000000,702.060000,555.970000,2.000000,705.784000,553.018000,4.752103,47.503901,1,0.087000,0.973904
SP_R_Jongkok_1,openpose,47,1.901325,ok,1,direct,0.722336,14,right_knee,1,1,2.000000,587.030000,559.770000,2.000000,588.243000,554.958000,4.962531,47.503901,1,0.087000,0.971576
SP_R_Jongkok_1,openpose,47,1.901325,ok,1,direct,0.722336,15,left_ankle,1,1,2.000000,711.420000,655.050000,2.000000,709.656000,639.149000,15.998547,47.503901,1,0.089000,0.750972
SP_R_Jongkok_1,openpose,47,1.901325,ok,1,direct,0.722336,16,right_ankle,1,1,2.000000,653.550000,650.530000,2.000000,639.234000,635.267000,20.926228,47.503901,1,0.089000,0.612642
SP_R_Jongkok_1,openpose,48,1.941779,ok,1,direct,0.749943,0,nose,0,0,0.000000,0.000000,0.000000,2.000000,633.267000,351.251000,,,,0.026000,
SP_R_Jongkok_1,openpose,48,1.941779,ok,1,direct,0.749943,1,left_eye,0,0,0.000000,0.000000,0.000000,2.000000,643.112000,341.443000,,,,0.025000,
SP_R_Jongkok_1,openpose,48,1.941779,ok,1,direct,0.749943,2,right_eye,0,0,0.000000,0.000000,0.000000,2.000000,629.345000,341.434000,,,,0.025000,
SP_R_Jongkok_1,openpose,48,1.941779,ok,1,direct,0.749943,3,left_ear,0,0,0.000000,0.000000,0.000000,2.000000,670.539000,349.155000,,,,0.035000,
SP_R_Jongkok_1,openpose,48,1.941779,ok,1,direct,0.749943,4,right_ear,0,0,0.000000,0.000000,0.000000,0.000000,0.000000,0.000000,,,,0.035000,
SP_R_Jongkok_1,openpose,48,1.941779,ok,1,direct,0.749943,5,left_shoulder,1,1,2.000000,702.540000,389.480000,2.000000,701.902000,386.446000,3.100355,47.484238,1,0.079000,0.986431
SP_R_Jongkok_1,openpose,48,1.941779,ok,1,direct,0.749943,6,right_shoulder,1,1,2.000000,619.960000,394.140000,2.000000,621.548000,400.144000,6.210456,47.484238,1,0.079000,0.946657
SP_R_Jongkok_1,openpose,48,1.941779,ok,1,direct,0.749943,7,left_elbow,1,1,2.000000,673.680000,405.260000,2.000000,688.166000,406.014000,14.505610,47.484238,1,0.072000,0.697656
SP_R_Jongkok_1,openpose,48,1.941779,ok,1,direct,0.749943,8,right_elbow,1,1,2.000000,565.390000,411.410000,0.000000,0.000000,0.000000,,47.484238,0,0.072000,0.000000
SP_R_Jongkok_1,openpose,48,1.941779,ok,1,direct,0.749943,9,left_wrist,1,1,2.000000,638.510000,401.420000,2.000000,648.975000,398.194000,10.950950,47.484238,1,0.062000,0.758262
SP_R_Jongkok_1,openpose,48,1.941779,ok,1,direct,0.749943,10,right_wrist,1,1,2.000000,505.510000,403.880000,0.000000,0.000000,0.000000,,47.484238,0,0.062000,0.000000
SP_R_Jongkok_1,openpose,48,1.941779,ok,1,direct,0.749943,11,left_hip,1,1,2.000000,717.750000,527.420000,2.000000,711.622000,515.790000,13.145695,47.484238,1,0.107000,0.874691
SP_R_Jongkok_1,openpose,48,1.941779,ok,1,direct,0.749943,12,right_hip,1,1,2.000000,654.900000,524.000000,2.000000,652.903000,519.683000,4.756522,47.484238,1,0.107000,0.982624
SP_R_Jongkok_1,openpose,48,1.941779,ok,1,direct,0.749943,13,left_knee,1,1,2.000000,702.060000,556.100000,2.000000,705.741000,554.865000,3.882652,47.484238,1,0.087000,0.982489
SP_R_Jongkok_1,openpose,48,1.941779,ok,1,direct,0.749943,14,right_knee,1,1,2.000000,587.030000,559.900000,2.000000,588.254000,554.989000,5.061235,47.484238,1,0.087000,0.970426
SP_R_Jongkok_1,openpose,48,1.941779,ok,1,direct,0.749943,15,left_ankle,1,1,2.000000,711.420000,655.070000,2.000000,707.789000,639.128000,16.350276,47.484238,1,0.089000,0.741289
SP_R_Jongkok_1,openpose,48,1.941779,ok,1,direct,0.749943,16,right_ankle,1,1,2.000000,653.550000,650.550000,2.000000,641.185000,635.236000,19.682780,47.484238,1,0.089000,0.648020
SP_R_Jongkok_1,openpose,49,1.982232,ok,1,direct,0.731593,0,nose,0,0,0.000000,0.000000,0.000000,2.000000,633.280000,351.237000,,,,0.026000,
SP_R_Jongkok_1,openpose,49,1.982232,ok,1,direct,0.731593,1,left_eye,0,0,0.000000,0.000000,0.000000,2.000000,643.138000,341.431000,,,,0.025000,
SP_R_Jongkok_1,openpose,49,1.982232,ok,1,direct,0.731593,2,right_eye,0,0,0.000000,0.000000,0.000000,2.000000,629.391000,341.409000,,,,0.025000,
SP_R_Jongkok_1,openpose,49,1.982232,ok,1,direct,0.731593,3,left_ear,0,0,0.000000,0.000000,0.000000,2.000000,670.559000,349.231000,,,,0.035000,
SP_R_Jongkok_1,openpose,49,1.982232,ok,1,direct,0.731593,4,right_ear,0,0,0.000000,0.000000,0.000000,0.000000,0.000000,0.000000,,,,0.035000,
SP_R_Jongkok_1,openpose,49,1.982232,ok,1,direct,0.731593,5,left_shoulder,1,1,2.000000,702.540000,389.720000,2.000000,701.890000,390.315000,0.881207,47.463673,1,0.079000,0.998896
SP_R_Jongkok_1,openpose,49,1.982232,ok,1,direct,0.731593,6,right_shoulder,1,1,2.000000,619.960000,394.370000,2.000000,621.566000,398.265000,4.213106,47.463673,1,0.079000,0.975066
SP_R_Jongkok_1,openpose,49,1.982232,ok,1,direct,0.731593,7,left_elbow,1,1,2.000000,673.680000,405.490000,2.000000,709.700000,458.909000,64.428487,47.463673,0,0.072000,0.000818
SP_R_Jongkok_1,openpose,49,1.982232,ok,1,direct,0.731593,8,right_elbow,1,1,2.000000,565.390000,411.630000,0.000000,0.000000,0.000000,,47.463673,0,0.072000,0.000000
SP_R_Jongkok_1,openpose,49,1.982232,ok,1,direct,0.731593,9,left_wrist,1,1,2.000000,638.510000,401.650000,2.000000,690.115000,511.795000,121.634687,47.463673,0,0.062000,0.000000
SP_R_Jongkok_1,openpose,49,1.982232,ok,1,direct,0.731593,10,right_wrist,1,1,2.000000,505.510000,404.100000,0.000000,0.000000,0.000000,,47.463673,0,0.062000,0.000000
SP_R_Jongkok_1,openpose,49,1.982232,ok,1,direct,0.731593,11,left_hip,1,1,2.000000,717.750000,527.540000,2.000000,707.728000,517.672000,14.064775,47.463673,1,0.107000,0.857793
SP_R_Jongkok_1,openpose,49,1.982232,ok,1,direct,0.731593,12,right_hip,1,1,2.000000,654.900000,524.120000,2.000000,650.893000,519.669000,5.988944,47.463673,1,0.107000,0.972571
SP_R_Jongkok_1,openpose,49,1.982232,ok,1,direct,0.731593,13,left_knee,1,1,2.000000,702.060000,556.240000,2.000000,707.677000,554.890000,5.776953,47.463673,1,0.087000,0.961612
SP_R_Jongkok_1,openpose,49,1.982232,ok,1,direct,0.731593,14,right_knee,1,1,2.000000,587.030000,560.030000,2.000000,588.250000,554.986000,5.189445,47.463673,1,0.087000,0.968907
SP_R_Jongkok_1,openpose,49,1.982232,ok,1,direct,0.731593,15,left_ankle,1,1,2.000000,711.420000,655.080000,2.000000,709.638000,639.151000,16.028368,47.463673,1,0.089000,0.749805
SP_R_Jongkok_1,openpose,49,1.982232,ok,1,direct,0.731593,16,right_ankle,1,1,2.000000,653.550000,650.570000,2.000000,643.086000,635.219000,18.578173,47.463673,1,0.089000,0.679199
SP_R_Jongkok_1,openpose,50,2.022686,ok,1,direct,0.759102,0,nose,0,0,0.000000,0.000000,0.000000,2.000000,633.316000,353.092000,,,,0.026000,
SP_R_Jongkok_1,openpose,50,2.022686,ok,1,direct,0.759102,1,left_eye,0,0,0.000000,0.000000,0.000000,2.000000,645.039000,343.326000,,,,0.025000,
SP_R_Jongkok_1,openpose,50,2.022686,ok,1,direct,0.759102,2,right_eye,0,0,0.000000,0.000000,0.000000,2.000000,629.411000,341.436000,,,,0.025000,
SP_R_Jongkok_1,openpose,50,2.022686,ok,1,direct,0.759102,3,left_ear,0,0,0.000000,0.000000,0.000000,2.000000,672.428000,349.280000,,,,0.035000,
SP_R_Jongkok_1,openpose,50,2.022686,ok,1,direct,0.759102,4,right_ear,0,0,0.000000,0.000000,0.000000,0.000000,0.000000,0.000000,,,,0.035000,
SP_R_Jongkok_1,openpose,50,2.022686,ok,1,direct,0.759102,5,left_shoulder,1,1,2.000000,702.540000,389.960000,2.000000,701.878000,388.416000,1.679935,47.443994,1,0.079000,0.995990
SP_R_Jongkok_1,openpose,50,2.022686,ok,1,direct,0.759102,6,right_shoulder,1,1,2.000000,619.960000,394.610000,2.000000,621.498000,400.102000,5.703289,47.443994,1,0.079000,0.954747
SP_R_Jongkok_1,openpose,50,2.022686,ok,1,direct,0.759102,7,left_elbow,1,1,2.000000,673.680000,405.720000,2.000000,709.693000,453.035000,59.461293,47.443994,0,0.072000,0.002334
SP_R_Jongkok_1,openpose,50,2.022686,ok,1,direct,0.759102,8,right_elbow,1,1,2.000000,565.390000,411.860000,0.000000,0.000000,0.000000,,47.443994,0,0.072000,0.000000
SP_R_Jongkok_1,openpose,50,2.022686,ok,1,direct,0.759102,9,left_wrist,1,1,2.000000,638.510000,401.890000,0.000000,0.000000,0.000000,,47.443994,0,0.062000,0.000000
SP_R_Jongkok_1,openpose,50,2.022686,ok,1,direct,0.759102,10,right_wrist,1,1,2.000000,505.510000,404.330000,0.000000,0.000000,0.000000,,47.443994,0,0.062000,0.000000
SP_R_Jongkok_1,openpose,50,2.022686,ok,1,direct,0.759102,11,left_hip,1,1,2.000000,717.750000,527.670000,2.000000,707.765000,519.704000,12.773307,47.443994,1,0.107000,0.881067
SP_R_Jongkok_1,openpose,50,2.022686,ok,1,direct,0.759102,12,right_hip,1,1,2.000000,654.900000,524.250000,2.000000,649.025000,521.654000,6.422993,47.443994,1,0.107000,0.968491
SP_R_Jongkok_1,openpose,50,2.022686,ok,1,direct,0.759102,13,left_knee,1,1,2.000000,702.060000,556.370000,2.000000,707.681000,554.941000,5.799800,47.443994,1,0.087000,0.961282
SP_R_Jongkok_1,openpose,50,2.022686,ok,1,direct,0.759102,14,right_knee,1,1,2.000000,587.030000,560.160000,2.000000,588.272000,554.968000,5.338486,47.443994,1,0.087000,0.967098
SP_R_Jongkok_1,openpose,50,2.022686,ok,1,direct,0.759102,15,left_ankle,1,1,2.000000,711.420000,655.100000,2.000000,709.672000,639.201000,15.994802,47.443994,1,0.089000,0.750530
SP_R_Jongkok_1,openpose,50,2.022686,ok,1,direct,0.759102,16,right_ankle,1,1,2.000000,653.550000,650.590000,2.000000,643.106000,635.226000,18.577665,47.443994,1,0.089000,0.678995
SP_R_Jongkok_1,openpose,51,2.063140,ok,1,direct,0.758119,0,nose,0,0,0.000000,0.000000,0.000000,2.000000,635.201000,353.150000,,,,0.026000,
SP_R_Jongkok_1,openpose,51,2.063140,ok,1,direct,0.758119,1,left_eye,0,0,0.000000,0.000000,0.000000,2.000000,645.048000,343.383000,,,,0.025000,
SP_R_Jongkok_1,openpose,51,2.063140,ok,1,direct,0.758119,2,right_eye,0,0,0.000000,0.000000,0.000000,2.000000,631.314000,343.375000,,,,0.025000,
SP_R_Jongkok_1,openpose,51,2.063140,ok,1,direct,0.758119,3,left_ear,0,0,0.000000,0.000000,0.000000,2.000000,672.454000,351.122000,,,,0.035000,
SP_R_Jongkok_1,openpose,51,2.063140,ok,1,direct,0.758119,4,right_ear,0,0,0.000000,0.000000,0.000000,0.000000,0.000000,0.000000,,,,0.035000,
SP_R_Jongkok_1,openpose,51,2.063140,ok,1,direct,0.758119,5,left_shoulder,1,1,2.000000,702.540000,390.200000,2.000000,703.775000,386.478000,3.921544,47.424306,1,0.079000,0.978326
SP_R_Jongkok_1,openpose,51,2.063140,ok,1,direct,0.758119,6,right_shoulder,1,1,2.000000,619.960000,394.850000,2.000000,623.460000,398.255000,4.883034,47.424306,1,0.079000,0.966596
SP_R_Jongkok_1,openpose,51,2.063140,ok,1,direct,0.758119,7,left_elbow,1,1,2.000000,673.680000,405.940000,2.000000,705.743000,425.606000,37.613661,47.424306,1,0.072000,0.088309
SP_R_Jongkok_1,openpose,51,2.063140,ok,1,direct,0.758119,8,right_elbow,1,1,2.000000,565.390000,412.080000,0.000000,0.000000,0.000000,,47.424306,0,0.072000,0.000000
SP_R_Jongkok_1,openpose,51,2.063140,ok,1,direct,0.758119,9,left_wrist,1,1,2.000000,638.510000,402.120000,2.000000,652.939000,398.252000,14.938456,47.424306,1,0.062000,0.596757
SP_R_Jongkok_1,openpose,51,2.063140,ok,1,direct,0.758119,10,right_wrist,1,1,2.000000,505.510000,404.560000,0.000000,0.000000,0.000000,,47.424306,0,0.062000,0.000000
SP_R_Jongkok_1,openpose,51,2.063140,ok,1,direct,0.758119,11,left_hip,1,1,2.000000,717.750000,527.790000,2.000000,711.604000,517.750000,11.771785,47.424306,1,0.107000,0.897957
SP_R_Jongkok_1,openpose,51,2.063140,ok,1,direct,0.758119,12,right_hip,1,1,2.000000,654.900000,524.380000,2.000000,652.940000,521.635000,3.372925,47.424306,1,0.107000,0.991203
SP_R_Jongkok_1,openpose,51,2.063140,ok,1,direct,0.758119,13,left_knee,1,1,2.000000,702.060000,556.500000,2.000000,705.812000,554.885000,4.084817,47.424306,1,0.087000,0.980587
SP_R_Jongkok_1,openpose,51,2.063140,ok,1,direct,0.758119,14,right_knee,1,1,2.000000,587.030000,560.290000,2.000000,588.309000,554.928000,5.512430,47.424306,1,0.087000,0.964929
SP_R_Jongkok_1,openpose,51,2.063140,ok,1,direct,0.758119,15,left_ankle,1,1,2.000000,711.420000,655.120000,2.000000,709.725000,639.129000,16.080582,47.424306,1,0.089000,0.748037
SP_R_Jongkok_1,openpose,51,2.063140,ok,1,direct,0.758119,16,right_ankle,1,1,2.000000,653.550000,650.610000,2.000000,643.085000,635.261000,18.577083,47.424306,1,0.089000,0.678793
SP_R_Jongkok_1,openpose,52,2.103593,ok,1,direct,0.733963,0,nose,0,0,0.000000,0.000000,0.000000,2.000000,635.208000,355.057000,,,,0.026000,
SP_R_Jongkok_1,openpose,52,2.103593,ok,1,direct,0.733963,1,left_eye,0,0,0.000000,0.000000,0.000000,2.000000,645.091000,345.347000,,,,0.025000,
SP_R_Jongkok_1,openpose,52,2.103593,ok,1,direct,0.733963,2,right_eye,0,0,0.000000,0.000000,0.000000,2.000000,631.359000,345.312000,,,,0.025000,
SP_R_Jongkok_1,openpose,52,2.103593,ok,1,direct,0.733963,3,left_ear,0,0,0.000000,0.000000,0.000000,2.000000,672.493000,351.233000,,,,0.035000,
SP_R_Jongkok_1,openpose,52,2.103593,ok,1,direct,0.733963,4,right_ear,0,0,0.000000,0.000000,0.000000,0.000000,0.000000,0.000000,,,,0.035000,
SP_R_Jongkok_1,openpose,52,2.103593,ok,1,direct,0.733963,5,left_shoulder,1,1,2.000000,702.540000,390.440000,2.000000,701.917000,390.368000,0.627147,47.403715,1,0.079000,0.999439
SP_R_Jongkok_1,openpose,52,2.103593,ok,1,direct,0.733963,6,right_shoulder,1,1,2.000000,619.960000,395.080000,2.000000,623.485000,400.177000,6.197180,47.403715,1,0.079000,0.946703
SP_R_Jongkok_1,openpose,52,2.103593,ok,1,direct,0.733963,7,left_elbow,1,1,2.000000,673.680000,406.170000,2.000000,707.771000,443.255000,50.373540,47.403715,0,0.072000,0.012822
SP_R_Jongkok_1,openpose,52,2.103593,ok,1,direct,0.733963,8,right_elbow,1,1,2.000000,565.390000,412.300000,0.000000,0.000000,0.000000,,47.403715,0,0.072000,0.000000
SP_R_Jongkok_1,openpose,52,2.103593,ok,1,direct,0.733963,9,left_wrist,1,1,2.000000,638.510000,402.350000,2.000000,660.681000,400.218000,22.273272,47.403715,1,0.062000,0.317063
SP_R_Jongkok_1,openpose,52,2.103593,ok,1,direct,0.733963,10,right_wrist,1,1,2.000000,505.510000,404.790000,0.000000,0.000000,0.000000,,47.403715,0,0.062000,0.000000
SP_R_Jongkok_1,openpose,52,2.103593,ok,1,direct,0.733963,11,left_hip,1,1,2.000000,717.750000,527.910000,2.000000,709.717000,519.696000,11.489077,47.403715,1,0.107000,0.902475
SP_R_Jongkok_1,openpose,52,2.103593,ok,1,direct,0.733963,12,right_hip,1,1,2.000000,654.900000,524.510000,2.000000,652.854000,523.545000,2.262154,47.403715,1,0.107000,0.996030
SP_R_Jongkok_1,openpose,52,2.103593,ok,1,direct,0.733963,13,left_knee,1,1,2.000000,702.060000,556.630000,2.000000,705.806000,554.912000,4.121170,47.403715,1,0.087000,0.980227
SP_R_Jongkok_1,openpose,52,2.103593,ok,1,direct,0.733963,14,right_knee,1,1,2.000000,587.030000,560.410000,2.000000,590.205000,554.937000,6.327271,47.403715,1,0.087000,0.954015
SP_R_Jongkok_1,openpose,52,2.103593,ok,1,direct,0.733963,15,left_ankle,1,1,2.000000,711.420000,655.130000,2.000000,709.745000,639.223000,15.994945,47.403715,1,0.089000,0.750160
SP_R_Jongkok_1,openpose,52,2.103593,ok,1,direct,0.733963,16,right_ankle,1,1,2.000000,653.550000,650.630000,2.000000,643.097000,635.252000,18.594303,47.403715,1,0.089000,0.678077
SP_R_Jongkok_1,openpose,53,2.144047,ok,1,direct,0.751693,0,nose,0,0,0.000000,0.000000,0.000000,2.000000,633.366000,355.104000,,,,0.026000,
SP_R_Jongkok_1,openpose,53,2.144047,ok,1,direct,0.751693,1,left_eye,0,0,0.000000,0.000000,0.000000,2.000000,645.056000,347.247000,,,,0.025000,
SP_R_Jongkok_1,openpose,53,2.144047,ok,1,direct,0.751693,2,right_eye,0,0,0.000000,0.000000,0.000000,2.000000,631.357000,345.354000,,,,0.025000,
SP_R_Jongkok_1,openpose,53,2.144047,ok,1,direct,0.751693,3,left_ear,0,0,0.000000,0.000000,0.000000,2.000000,672.526000,353.105000,,,,0.035000,
SP_R_Jongkok_1,openpose,53,2.144047,ok,1,direct,0.751693,4,right_ear,0,0,0.000000,0.000000,0.000000,0.000000,0.000000,0.000000,,,,0.035000,
SP_R_Jongkok_1,openpose,53,2.144047,ok,1,direct,0.751693,5,left_shoulder,1,1,2.000000,702.540000,390.680000,2.000000,703.841000,390.355000,1.340979,47.384011,1,0.079000,0.997437
SP_R_Jongkok_1,openpose,53,2.144047,ok,1,direct,0.751693,6,right_shoulder,1,1,2.000000,619.960000,395.320000,2.000000,623.484000,400.153000,5.981343,47.384011,1,0.079000,0.950218
SP_R_Jongkok_1,openpose,53,2.144047,ok,1,direct,0.751693,7,left_elbow,1,1,2.000000,673.680000,406.400000,2.000000,690.123000,409.971000,16.826298,47.384011,1,0.072000,0.614777
SP_R_Jongkok_1,openpose,53,2.144047,ok,1,direct,0.751693,8,right_elbow,1,1,2.000000,565.390000,412.520000,0.000000,0.000000,0.000000,,47.384011,0,0.072000,0.000000
SP_R_Jongkok_1,openpose,53,2.144047,ok,1,direct,0.751693,9,left_wrist,1,1,2.000000,638.510000,402.580000,2.000000,646.978000,400.097000,8.824529,47.384011,1,0.062000,0.834891
SP_R_Jongkok_1,openpose,53,2.144047,ok,1,direct,0.751693,10,right_wrist,1,1,2.000000,505.510000,405.020000,0.000000,0.000000,0.000000,,47.384011,0,0.062000,0.000000
SP_R_Jongkok_1,openpose,53,2.144047,ok,1,direct,0.751693,11,left_hip,1,1,2.000000,717.750000,528.040000,2.000000,709.684000,523.549000,9.231979,47.384011,1,0.107000,0.935839
SP_R_Jongkok_1,openpose,53,2.144047,ok,1,direct,0.751693,12,right_hip,1,1,2.000000,654.900000,524.630000,2.000000,652.876000,525.503000,2.204247,47.384011,1,0.107000,0.996227
SP_R_Jongkok_1,openpose,53,2.144047,ok,1,direct,0.751693,13,left_knee,1,1,2.000000,702.060000,556.770000,2.000000,707.698000,554.984000,5.914122,47.384011,1,0.087000,0.959673
SP_R_Jongkok_1,openpose,53,2.144047,ok,1,direct,0.751693,14,right_knee,1,1,2.000000,587.030000,560.540000,2.000000,588.285000,554.915000,5.763302,47.384011,1,0.087000,0.961664
SP_R_Jongkok_1,openpose,53,2.144047,ok,1,direct,0.751693,15,left_ankle,1,1,2.000000,711.420000,655.150000,2.000000,711.597000,641.154000,13.997119,47.384011,1,0.089000,0.802258
SP_R_Jongkok_1,openpose,53,2.144047,ok,1,direct,0.751693,16,right_ankle,1,1,2.000000,653.550000,650.650000,2.000000,641.131000,635.268000,19.769610,47.384011,1,0.089000,0.644343
SP_R_Jongkok_1,openpose,54,2.184501,ok,1,direct,0.764059,0,nose,0,0,0.000000,0.000000,0.000000,2.000000,635.205000,355.139000,,,,0.026000,
SP_R_Jongkok_1,openpose,54,2.184501,ok,1,direct,0.764059,1,left_eye,0,0,0.000000,0.000000,0.000000,2.000000,645.080000,347.268000,,,,0.025000,
SP_R_Jongkok_1,openpose,54,2.184501,ok,1,direct,0.764059,2,right_eye,0,0,0.000000,0.000000,0.000000,2.000000,633.232000,345.349000,,,,0.025000,
SP_R_Jongkok_1,openpose,54,2.184501,ok,1,direct,0.764059,3,left_ear,0,0,0.000000,0.000000,0.000000,2.000000,672.474000,353.163000,,,,0.035000,
SP_R_Jongkok_1,openpose,54,2.184501,ok,1,direct,0.764059,4,right_ear,0,0,0.000000,0.000000,0.000000,0.000000,0.000000,0.000000,,,,0.035000,
SP_R_Jongkok_1,openpose,54,2.184501,ok,1,direct,0.764059,5,left_shoulder,1,1,2.000000,702.540000,390.920000,2.000000,705.766000,388.449000,4.063609,47.364299,1,0.079000,0.976688
SP_R_Jongkok_1,openpose,54,2.184501,ok,1,direct,0.764059,6,right_shoulder,1,1,2.000000,619.960000,395.550000,2.000000,627.380000,400.099000,8.703436,47.364299,1,0.079000,0.897442
SP_R_Jongkok_1,openpose,54,2.184501,ok,1,direct,0.764059,7,left_elbow,1,1,2.000000,673.680000,406.620000,2.000000,686.200000,404.095000,12.772080,47.364299,1,0.072000,0.755380
SP_R_Jongkok_1,openpose,54,2.184501,ok,1,direct,0.764059,8,right_elbow,1,1,2.000000,565.390000,412.740000,0.000000,0.000000,0.000000,,47.364299,0,0.072000,0.000000
SP_R_Jongkok_1,openpose,54,2.184501,ok,1,direct,0.764059,9,left_wrist,1,1,2.000000,638.510000,402.810000,2.000000,643.054000,398.178000,6.488710,47.364299,1,0.062000,0.906969
SP_R_Jongkok_1,openpose,54,2.184501,ok,1,direct,0.764059,10,right_wrist,1,1,2.000000,505.510000,405.250000,0.000000,0.000000,0.000000,,47.364299,0,0.062000,0.000000
SP_R_Jongkok_1,openpose,54,2.184501,ok,1,direct,0.764059,11,left_hip,1,1,2.000000,717.750000,528.160000,2.000000,707.702000,523.531000,11.062999,47.364299,1,0.107000,0.909098
SP_R_Jongkok_1,openpose,54,2.184501,ok,1,direct,0.764059,12,right_hip,1,1,2.000000,654.900000,524.760000,2.000000,652.869000,523.617000,2.330539,47.364299,1,0.107000,0.995780
SP_R_Jongkok_1,openpose,54,2.184501,ok,1,direct,0.764059,13,left_knee,1,1,2.000000,702.060000,556.900000,2.000000,707.728000,554.994000,5.979888,47.364299,1,0.087000,0.958756
SP_R_Jongkok_1,openpose,54,2.184501,ok,1,direct,0.764059,14,right_knee,1,1,2.000000,587.030000,560.670000,2.000000,588.258000,554.911000,5.888469,47.364299,1,0.087000,0.959982
SP_R_Jongkok_1,openpose,54,2.184501,ok,1,direct,0.764059,15,left_ankle,1,1,2.000000,711.420000,655.170000,2.000000,709.719000,639.229000,16.031497,47.364299,1,0.089000,0.748814
SP_R_Jongkok_1,openpose,54,2.184501,ok,1,direct,0.764059,16,right_ankle,1,1,2.000000,653.550000,650.670000,2.000000,643.076000,635.244000,18.645808,47.364299,1,0.089000,0.676177
SP_R_Jongkok_1,openpose,55,2.224955,ok,1,direct,0.758400,0,nose,0,0,0.000000,0.000000,0.000000,2.000000,635.189000,357.024000,,,,0.026000,
SP_R_Jongkok_1,openpose,55,2.224955,ok,1,direct,0.758400,1,left_eye,0,0,0.000000,0.000000,0.000000,2.000000,645.058000,349.161000,,,,0.025000,
SP_R_Jongkok_1,openpose,55,2.224955,ok,1,direct,0.758400,2,right_eye,0,0,0.000000,0.000000,0.000000,2.000000,631.396000,347.285000,,,,0.025000,
SP_R_Jongkok_1,openpose,55,2.224955,ok,1,direct,0.758400,3,left_ear,0,0,0.000000,0.000000,0.000000,2.000000,672.479000,353.184000,,,,0.035000,
SP_R_Jongkok_1,openpose,55,2.224955,ok,1,direct,0.758400,4,right_ear,0,0,0.000000,0.000000,0.000000,0.000000,0.000000,0.000000,,,,0.035000,
SP_R_Jongkok_1,openpose,55,2.224955,ok,1,direct,0.758400,5,left_shoulder,1,1,2.000000,702.540000,391.160000,2.000000,703.793000,390.407000,1.461854,47.343682,1,0.079000,0.996949
SP_R_Jongkok_1,openpose,55,2.224955,ok,1,direct,0.758400,6,right_shoulder,1,1,2.000000,619.960000,395.790000,2.000000,623.508000,402.090000,7.230374,47.343682,1,0.079000,0.927982
SP_R_Jongkok_1,openpose,55,2.224955,ok,1,direct,0.758400,7,left_elbow,1,1,2.000000,673.680000,406.850000,2.000000,697.948000,413.884000,25.266836,47.343682,1,0.072000,0.333251
SP_R_Jongkok_1,openpose,55,2.224955,ok,1,direct,0.758400,8,right_elbow,1,1,2.000000,565.390000,412.970000,0.000000,0.000000,0.000000,,47.343682,0,0.072000,0.000000
SP_R_Jongkok_1,openpose,55,2.224955,ok,1,direct,0.758400,9,left_wrist,1,1,2.000000,638.510000,403.040000,2.000000,648.988000,400.102000,10.882110,47.343682,1,0.062000,0.759661
SP_R_Jongkok_1,openpose,55,2.224955,ok,1,direct,0.758400,10,right_wrist,1,1,2.000000,505.510000,405.470000,0.000000,0.000000,0.000000,,47.343682,0,0.062000,0.000000
SP_R_Jongkok_1,openpose,55,2.224955,ok,1,direct,0.758400,11,left_hip,1,1,2.000000,717.750000,528.290000,2.000000,707.766000,521.666000,11.981554,47.343682,1,0.107000,0.894149
SP_R_Jongkok_1,openpose,55,2.224955,ok,1,direct,0.758400,12,right_hip,1,1,2.000000,654.900000,524.890000,2.000000,652.845000,525.501000,2.143909,47.343682,1,0.107000,0.996424
SP_R_Jongkok_1,openpose,55,2.224955,ok,1,direct,0.758400,13,left_knee,1,1,2.000000,702.060000,557.030000,2.000000,707.698000,554.976000,6.000497,47.343682,1,0.087000,0.958442
SP_R_Jongkok_1,openpose,55,2.224955,ok,1,direct,0.758400,14,right_knee,1,1,2.000000,587.030000,560.800000,2.000000,588.245000,554.918000,6.006176,47.343682,1,0.087000,0.958365
SP_R_Jongkok_1,openpose,55,2.224955,ok,1,direct,0.758400,15,left_ankle,1,1,2.000000,711.420000,655.180000,2.000000,709.643000,639.149000,16.129188,47.343682,1,0.089000,0.745980
SP_R_Jongkok_1,openpose,55,2.224955,ok,1,direct,0.758400,16,right_ankle,1,1,2.000000,653.550000,650.690000,2.000000,641.121000,635.249000,19.821819,47.343682,1,0.089000,0.642363
SP_R_Jongkok_1,openpose,56,2.265408,ok,1,direct,0.756041,0,nose,0,0,0.000000,0.000000,0.000000,2.000000,635.193000,357.072000,,,,0.026000,
SP_R_Jongkok_1,openpose,56,2.265408,ok,1,direct,0.756041,1,left_eye,0,0,0.000000,0.000000,0.000000,2.000000,645.055000,349.207000,,,,0.025000,
SP_R_Jongkok_1,openpose,56,2.265408,ok,1,direct,0.756041,2,right_eye,0,0,0.000000,0.000000,0.000000,2.000000,633.224000,349.172000,,,,0.025000,
SP_R_Jongkok_1,openpose,56,2.265408,ok,1,direct,0.756041,3,left_ear,0,0,0.000000,0.000000,0.000000,2.000000,672.492000,353.212000,,,,0.035000,
SP_R_Jongkok_1,openpose,56,2.265408,ok,1,direct,0.756041,4,right_ear,0,0,0.000000,0.000000,0.000000,0.000000,0.000000,0.000000,,,,0.035000,
SP_R_Jongkok_1,openpose,56,2.265408,ok,1,direct,0.756041,5,left_shoulder,1,1,2.000000,702.540000,391.400000,2.000000,701.881000,392.344000,1.151268,47.323952,1,0.079000,0.998105
SP_R_Jongkok_1,openpose,56,2.265408,ok,1,direct,0.756041,6,right_shoulder,1,1,2.000000,619.960000,396.030000,2.000000,623.509000,402.150000,7.074588,47.323952,1,0.079000,0.930887
SP_R_Jongkok_1,openpose,56,2.265408,ok,1,direct,0.756041,7,left_elbow,1,1,2.000000,673.680000,407.080000,2.000000,695.984000,413.883000,23.318431,47.323952,1,0.072000,0.391918
SP_R_Jongkok_1,openpose,56,2.265408,ok,1,direct,0.756041,8,right_elbow,1,1,2.000000,565.390000,413.190000,0.000000,0.000000,0.000000,,47.323952,0,0.072000,0.000000
SP_R_Jongkok_1,openpose,56,2.265408,ok,1,direct,0.756041,9,left_wrist,1,1,2.000000,638.510000,403.270000,2.000000,652.863000,400.130000,14.692454,47.323952,1,0.062000,0.605620
SP_R_Jongkok_1,openpose,56,2.265408,ok,1,direct,0.756041,10,right_wrist,1,1,2.000000,505.510000,405.700000,0.000000,0.000000,0.000000,,47.323952,0,0.062000,0.000000
SP_R_Jongkok_1,openpose,56,2.265408,ok,1,direct,0.756041,11,left_hip,1,1,2.000000,717.750000,528.410000,2.000000,705.792000,521.645000,13.738959,47.323952,1,0.107000,0.863092
SP_R_Jongkok_1,openpose,56,2.265408,ok,1,direct,0.756041,12,right_hip,1,1,2.000000,654.900000,525.010000,2.000000,650.904000,523.593000,4.239800,47.323952,1,0.107000,0.986076
SP_R_Jongkok_1,openpose,56,2.265408,ok,1,direct,0.756041,13,left_knee,1,1,2.000000,702.060000,557.170000,2.000000,707.740000,554.897000,6.117919,47.323952,1,0.087000,0.956800
SP_R_Jongkok_1,openpose,56,2.265408,ok,1,direct,0.756041,14,right_knee,1,1,2.000000,587.030000,560.930000,2.000000,588.252000,554.968000,6.085945,47.323952,1,0.087000,0.957241
SP_R_Jongkok_1,openpose,56,2.265408,ok,1,direct,0.756041,15,left_ankle,1,1,2.000000,711.420000,655.200000,2.000000,709.679000,639.132000,16.162045,47.323952,1,0.089000,0.744906
SP_R_Jongkok_1,openpose,56,2.265408,ok,1,direct,0.756041,16,right_ankle,1,1,2.000000,653.550000,650.710000,2.000000,641.171000,635.273000,19.787385,47.323952,1,0.089000,0.643114
SP_R_Jongkok_1,openpose,57,2.305862,ok,1,direct,0.747105,0,nose,0,0,0.000000,0.000000,0.000000,2.000000,635.198000,357.063000,,,,0.026000,
SP_R_Jongkok_1,openpose,57,2.305862,ok,1,direct,0.747105,1,left_eye,0,0,0.000000,0.000000,0.000000,2.000000,645.078000,349.186000,,,,0.025000,
SP_R_Jongkok_1,openpose,57,2.305862,ok,1,direct,0.747105,2,right_eye,0,0,0.000000,0.000000,0.000000,2.000000,631.382000,349.169000,,,,0.025000,
SP_R_Jongkok_1,openpose,57,2.305862,ok,1,direct,0.747105,3,left_ear,0,0,0.000000,0.000000,0.000000,2.000000,672.486000,355.055000,,,,0.035000,
SP_R_Jongkok_1,openpose,57,2.305862,ok,1,direct,0.747105,4,right_ear,0,0,0.000000,0.000000,0.000000,0.000000,0.000000,0.000000,,,,0.035000,
SP_R_Jongkok_1,openpose,57,2.305862,ok,1,direct,0.747105,5,left_shoulder,1,1,2.000000,702.540000,391.640000,2.000000,701.851000,392.347000,0.987203,47.304215,1,0.079000,0.998605
SP_R_Jongkok_1,openpose,57,2.305862,ok,1,direct,0.747105,6,right_shoulder,1,1,2.000000,619.960000,396.260000,2.000000,625.438000,402.165000,8.054658,47.304215,1,0.079000,0.911274
SP_R_Jongkok_1,openpose,57,2.305862,ok,1,direct,0.747105,7,left_elbow,1,1,2.000000,673.680000,407.310000,2.000000,692.053000,410.002000,18.569168,47.304215,1,0.072000,0.551840
SP_R_Jongkok_1,openpose,57,2.305862,ok,1,direct,0.747105,8,right_elbow,1,1,2.000000,565.390000,413.410000,0.000000,0.000000,0.000000,,47.304215,0,0.072000,0.000000
SP_R_Jongkok_1,openpose,57,2.305862,ok,1,direct,0.747105,9,left_wrist,1,1,2.000000,638.510000,403.500000,2.000000,652.860000,400.196000,14.725451,47.304215,1,0.062000,0.604002
SP_R_Jongkok_1,openpose,57,2.305862,ok,1,direct,0.747105,10,right_wrist,1,1,2.000000,505.510000,405.930000,0.000000,0.000000,0.000000,,47.304215,0,0.062000,0.000000
SP_R_Jongkok_1,openpose,57,2.305862,ok,1,direct,0.747105,11,left_hip,1,1,2.000000,717.750000,528.540000,2.000000,707.751000,521.611000,12.165157,47.304215,1,0.107000,0.890893
SP_R_Jongkok_1,openpose,57,2.305862,ok,1,direct,0.747105,12,right_hip,1,1,2.000000,654.900000,525.140000,2.000000,652.852000,523.606000,2.558801,47.304215,1,0.107000,0.994902
SP_R_Jongkok_1,openpose,57,2.305862,ok,1,direct,0.747105,13,left_knee,1,1,2.000000,702.060000,557.300000,2.000000,705.794000,554.977000,4.397623,47.304215,1,0.087000,0.977422
SP_R_Jongkok_1,openpose,57,2.305862,ok,1,direct,0.747105,14,right_knee,1,1,2.000000,587.030000,561.060000,2.000000,588.235000,554.992000,6.186489,47.304215,1,0.087000,0.955812
SP_R_Jongkok_1,openpose,57,2.305862,ok,1,direct,0.747105,15,left_ankle,1,1,2.000000,711.420000,655.220000,2.000000,709.672000,637.280000,18.024958,47.304215,1,0.089000,0.693083
SP_R_Jongkok_1,openpose,57,2.305862,ok,1,direct,0.747105,16,right_ankle,1,1,2.000000,653.550000,650.730000,2.000000,641.187000,635.264000,19.800023,47.304215,1,0.089000,0.642514
SP_R_Jongkok_1,openpose,58,2.346316,ok,1,direct,0.728453,0,nose,0,0,0.000000,0.000000,0.000000,2.000000,635.185000,357.061000,,,,0.026000,
SP_R_Jongkok_1,openpose,58,2.346316,ok,1,direct,0.728453,1,left_eye,0,0,0.000000,0.000000,0.000000,2.000000,645.067000,349.191000,,,,0.025000,
SP_R_Jongkok_1,openpose,58,2.346316,ok,1,direct,0.728453,2,right_eye,0,0,0.000000,0.000000,0.000000,2.000000,631.342000,349.185000,,,,0.025000,
SP_R_Jongkok_1,openpose,58,2.346316,ok,1,direct,0.728453,3,left_ear,0,0,0.000000,0.000000,0.000000,2.000000,672.464000,355.052000,,,,0.035000,
SP_R_Jongkok_1,openpose,58,2.346316,ok,1,direct,0.728453,4,right_ear,0,0,0.000000,0.000000,0.000000,0.000000,0.000000,0.000000,,,,0.035000,
SP_R_Jongkok_1,openpose,58,2.346316,ok,1,direct,0.728453,5,left_shoulder,1,1,2.000000,702.540000,391.880000,2.000000,701.837000,394.237000,2.459605,47.283572,1,0.079000,0.991366
SP_R_Jongkok_1,openpose,58,2.346316,ok,1,direct,0.728453,6,right_shoulder,1,1,2.000000,619.960000,396.500000,2.000000,627.372000,404.095000,10.612340,47.283572,1,0.079000,0.850928
SP_R_Jongkok_1,openpose,58,2.346316,ok,1,direct,0.728453,7,left_elbow,1,1,2.000000,673.680000,407.530000,2.000000,705.750000,435.419000,42.500367,47.283572,1,0.072000,0.044292
SP_R_Jongkok_1,openpose,58,2.346316,ok,1,direct,0.728453,8,right_elbow,1,1,2.000000,565.390000,413.630000,0.000000,0.000000,0.000000,,47.283572,0,0.072000,0.000000
SP_R_Jongkok_1,openpose,58,2.346316,ok,1,direct,0.728453,9,left_wrist,1,1,2.000000,638.510000,403.730000,2.000000,658.806000,404.040000,20.298367,47.283572,1,0.062000,0.383335
SP_R_Jongkok_1,openpose,58,2.346316,ok,1,direct,0.728453,10,right_wrist,1,1,2.000000,505.510000,406.160000,0.000000,0.000000,0.000000,,47.283572,0,0.062000,0.000000
SP_R_Jongkok_1,openpose,58,2.346316,ok,1,direct,0.728453,11,left_hip,1,1,2.000000,717.750000,528.660000,2.000000,705.818000,521.583000,13.872871,47.283572,1,0.107000,0.860386
SP_R_Jongkok_1,openpose,58,2.346316,ok,1,direct,0.728453,12,right_hip,1,1,2.000000,654.900000,525.270000,2.000000,650.968000,523.592000,4.275080,47.283572,1,0.107000,0.985821
SP_R_Jongkok_1,openpose,58,2.346316,ok,1,direct,0.728453,13,left_knee,1,1,2.000000,702.060000,557.430000,2.000000,705.803000,554.980000,4.473539,47.283572,1,0.087000,0.976625
SP_R_Jongkok_1,openpose,58,2.346316,ok,1,direct,0.728453,14,right_knee,1,1,2.000000,587.030000,561.190000,2.000000,588.249000,556.821000,4.535871,47.283572,1,0.087000,0.975977
SP_R_Jongkok_1,openpose,58,2.346316,ok,1,direct,0.728453,15,left_ankle,1,1,2.000000,711.420000,655.230000,2.000000,707.781000,637.256000,18.338675,47.283572,1,0.089000,0.683992
SP_R_Jongkok_1,openpose,58,2.346316,ok,1,direct,0.728453,16,right_ankle,1,1,2.000000,653.550000,650.750000,2.000000,643.064000,635.241000,18.721252,47.283572,1,0.089000,0.673127
SP_R_Jongkok_1,openpose,59,2.386770,ok,1,direct,0.745513,0,nose,0,0,0.000000,0.000000,0.000000,2.000000,633.366000,358.969000,,,,0.026000,
SP_R_Jongkok_1,openpose,59,2.386770,ok,1,direct,0.745513,1,left_eye,0,0,0.000000,0.000000,0.000000,2.000000,645.048000,349.259000,,,,0.025000,
SP_R_Jongkok_1,openpose,59,2.386770,ok,1,direct,0.745513,2,right_eye,0,0,0.000000,0.000000,0.000000,2.000000,631.316000,349.246000,,,,0.025000,
SP_R_Jongkok_1,openpose,59,2.386770,ok,1,direct,0.745513,3,left_ear,0,0,0.000000,0.000000,0.000000,2.000000,672.445000,355.061000,,,,0.035000,
SP_R_Jongkok_1,openpose,59,2.386770,ok,1,direct,0.745513,4,right_ear,0,0,0.000000,0.000000,0.000000,0.000000,0.000000,0.000000,,,,0.035000,
SP_R_Jongkok_1,openpose,59,2.386770,ok,1,direct,0.745513,5,left_shoulder,1,1,2.000000,702.540000,392.120000,2.000000,701.855000,392.379000,0.732329,47.263818,1,0.079000,0.999231
SP_R_Jongkok_1,openpose,59,2.386770,ok,1,direct,0.745513,6,right_shoulder,1,1,2.000000,619.960000,396.740000,2.000000,623.509000,404.064000,8.138573,47.263818,1,0.079000,0.909355
SP_R_Jongkok_1,openpose,59,2.386770,ok,1,direct,0.745513,7,left_elbow,1,1,2.000000,673.680000,407.760000,2.000000,699.890000,419.753000,28.823535,47.263818,1,0.072000,0.238155
SP_R_Jongkok_1,openpose,59,2.386770,ok,1,direct,0.745513,8,right_elbow,1,1,2.000000,565.390000,413.850000,0.000000,0.000000,0.000000,,47.263818,0,0.072000,0.000000
SP_R_Jongkok_1,openpose,59,2.386770,ok,1,direct,0.745513,9,left_wrist,1,1,2.000000,638.510000,403.960000,2.000000,652.871000,400.166000,14.853712,47.263818,1,0.062000,0.598172
SP_R_Jongkok_1,openpose,59,2.386770,ok,1,direct,0.745513,10,right_wrist,1,1,2.000000,505.510000,406.390000,0.000000,0.000000,0.000000,,47.263818,0,0.062000,0.000000
SP_R_Jongkok_1,openpose,59,2.386770,ok,1,direct,0.745513,11,left_hip,1,1,2.000000,717.750000,528.780000,2.000000,707.707000,521.649000,12.317184,47.263818,1,0.107000,0.888128
SP_R_Jongkok_1,openpose,59,2.386770,ok,1,direct,0.745513,12,right_hip,1,1,2.000000,654.900000,525.400000,2.000000,650.961000,525.515000,3.940678,47.263818,1,0.107000,0.987930
SP_R_Jongkok_1,openpose,59,2.386770,ok,1,direct,0.745513,13,left_knee,1,1,2.000000,702.060000,557.570000,2.000000,705.780000,554.958000,4.545431,47.263818,1,0.087000,0.975857
SP_R_Jongkok_1,openpose,59,2.386770,ok,1,direct,0.745513,14,right_knee,1,1,2.000000,587.030000,561.320000,2.000000,586.320000,556.837000,4.538875,47.263818,1,0.087000,0.975926
SP_R_Jongkok_1,openpose,59,2.386770,ok,1,direct,0.745513,15,left_ankle,1,1,2.000000,711.420000,655.250000,2.000000,709.635000,639.142000,16.206600,47.263818,1,0.089000,0.743136
SP_R_Jongkok_1,openpose,59,2.386770,ok,1,direct,0.745513,16,right_ankle,1,1,2.000000,653.550000,650.770000,2.000000,645.001000,633.351000,19.403787,47.263818,1,0.089000,0.653401
SP_R_Jongkok_1,openpose,60,2.427223,ok,1,direct,0.752740,0,nose,0,0,0.000000,0.000000,0.000000,2.000000,633.318000,359.078000,,,,0.026000,
SP_R_Jongkok_1,openpose,60,2.427223,ok,1,direct,0.752740,1,left_eye,0,0,0.000000,0.000000,0.000000,2.000000,643.150000,351.168000,,,,0.025000,
SP_R_Jongkok_1,openpose,60,2.427223,ok,1,direct,0.752740,2,right_eye,0,0,0.000000,0.000000,0.000000,2.000000,631.270000,351.152000,,,,0.025000,
SP_R_Jongkok_1,openpose,60,2.427223,ok,1,direct,0.752740,3,left_ear,0,0,0.000000,0.000000,0.000000,2.000000,670.562000,355.174000,,,,0.035000,
SP_R_Jongkok_1,openpose,60,2.427223,ok,1,direct,0.752740,4,right_ear,0,0,0.000000,0.000000,0.000000,0.000000,0.000000,0.000000,,,,0.035000,
SP_R_Jongkok_1,openpose,60,2.427223,ok,1,direct,0.752740,5,left_shoulder,1,1,2.000000,702.540000,392.370000,2.000000,701.847000,394.236000,1.990529,47.243157,1,0.079000,0.994327
SP_R_Jongkok_1,openpose,60,2.427223,ok,1,direct,0.752740,6,right_shoulder,1,1,2.000000,619.960000,396.970000,2.000000,621.574000,404.056000,7.267489,47.243157,1,0.079000,0.926970
SP_R_Jongkok_1,openpose,60,2.427223,ok,1,direct,0.752740,7,left_elbow,1,1,2.000000,673.680000,407.990000,2.000000,694.037000,411.934000,20.735539,47.243157,1,0.072000,0.475580
SP_R_Jongkok_1,openpose,60,2.427223,ok,1,direct,0.752740,8,right_elbow,1,1,2.000000,565.390000,414.080000,0.000000,0.000000,0.000000,,47.243157,0,0.072000,0.000000
SP_R_Jongkok_1,openpose,60,2.427223,ok,1,direct,0.752740,9,left_wrist,1,1,2.000000,638.510000,404.190000,2.000000,645.081000,402.089000,6.898713,47.243157,1,0.062000,0.894989
SP_R_Jongkok_1,openpose,60,2.427223,ok,1,direct,0.752740,10,right_wrist,1,1,2.000000,505.510000,406.620000,0.000000,0.000000,0.000000,,47.243157,0,0.062000,0.000000
SP_R_Jongkok_1,openpose,60,2.427223,ok,1,direct,0.752740,11,left_hip,1,1,2.000000,717.750000,528.910000,2.000000,703.798000,525.553000,14.350183,47.243157,1,0.107000,0.851143
SP_R_Jongkok_1,openpose,60,2.427223,ok,1,direct,0.752740,12,right_hip,1,1,2.000000,654.900000,525.520000,2.000000,646.997000,527.457000,8.136915,47.243157,1,0.107000,0.949499
SP_R_Jongkok_1,openpose,60,2.427223,ok,1,direct,0.752740,13,left_knee,1,1,2.000000,702.060000,557.700000,2.000000,705.838000,554.980000,4.655286,47.243157,1,0.087000,0.974669
SP_R_Jongkok_1,openpose,60,2.427223,ok,1,direct,0.752740,14,right_knee,1,1,2.000000,587.030000,561.440000,2.000000,586.320000,554.978000,6.500888,47.243157,1,0.087000,0.951198
SP_R_Jongkok_1,openpose,60,2.427223,ok,1,direct,0.752740,15,left_ankle,1,1,2.000000,711.420000,655.270000,2.000000,707.748000,639.200000,16.484189,47.243157,1,0.089000,0.735355
SP_R_Jongkok_1,openpose,60,2.427223,ok,1,direct,0.752740,16,right_ankle,1,1,2.000000,653.550000,650.800000,2.000000,641.170000,635.297000,19.839542,47.243157,1,0.089000,0.640643
SP_R_Jongkok_1,openpose,61,2.467677,ok,1,direct,0.747472,0,nose,0,0,0.000000,0.000000,0.000000,2.000000,633.325000,361.014000,,,,0.026000,
SP_R_Jongkok_1,openpose,61,2.467677,ok,1,direct,0.747472,1,left_eye,0,0,0.000000,0.000000,0.000000,2.000000,645.005000,351.208000,,,,0.025000,
SP_R_Jongkok_1,openpose,61,2.467677,ok,1,direct,0.747472,2,right_eye,0,0,0.000000,0.000000,0.000000,2.000000,629.408000,351.238000,,,,0.025000,
SP_R_Jongkok_1,openpose,61,2.467677,ok,1,direct,0.747472,3,left_ear,0,0,0.000000,0.000000,0.000000,2.000000,670.572000,357.030000,,,,0.035000,
SP_R_Jongkok_1,openpose,61,2.467677,ok,1,direct,0.747472,4,right_ear,0,0,0.000000,0.000000,0.000000,0.000000,0.000000,0.000000,,,,0.035000,
SP_R_Jongkok_1,openpose,61,2.467677,ok,1,direct,0.747472,5,left_shoulder,1,1,2.000000,702.540000,390.340000,2.000000,699.940000,394.335000,4.766553,47.411774,1,0.079000,0.968129
SP_R_Jongkok_1,openpose,61,2.467677,ok,1,direct,0.747472,6,right_shoulder,1,1,2.000000,619.960000,394.980000,2.000000,619.585000,402.158000,7.187789,47.411774,1,0.079000,0.928993
SP_R_Jongkok_1,openpose,61,2.467677,ok,1,direct,0.747472,7,left_elbow,1,1,2.000000,673.680000,406.080000,2.000000,707.748000,441.327000,49.020196,47.411774,0,0.072000,0.016176
SP_R_Jongkok_1,openpose,61,2.467677,ok,1,direct,0.747472,8,right_elbow,1,1,2.000000,565.390000,412.210000,0.000000,0.000000,0.000000,,47.411774,0,0.072000,0.000000
SP_R_Jongkok_1,openpose,61,2.467677,ok,1,direct,0.747472,9,left_wrist,1,1,2.000000,638.510000,402.250000,2.000000,656.843000,404.058000,18.421937,47.411774,1,0.062000,0.455893
SP_R_Jongkok_1,openpose,61,2.467677,ok,1,direct,0.747472,10,right_wrist,1,1,2.000000,505.510000,404.700000,0.000000,0.000000,0.000000,,47.411774,0,0.062000,0.000000
SP_R_Jongkok_1,openpose,61,2.467677,ok,1,direct,0.747472,11,left_hip,1,1,2.000000,717.750000,527.860000,2.000000,701.901000,527.545000,15.852130,47.411774,1,0.107000,0.822602
SP_R_Jongkok_1,openpose,61,2.467677,ok,1,direct,0.747472,12,right_hip,1,1,2.000000,654.900000,524.450000,2.000000,645.044000,529.483000,11.066699,47.411774,1,0.107000,0.909213
SP_R_Jongkok_1,openpose,61,2.467677,ok,1,direct,0.747472,13,left_knee,1,1,2.000000,702.060000,556.860000,2.000000,707.684000,554.921000,5.948874,47.411774,1,0.087000,0.959254
SP_R_Jongkok_1,openpose,61,2.467677,ok,1,direct,0.747472,14,right_knee,1,1,2.000000,587.030000,560.630000,2.000000,586.293000,554.969000,5.708773,47.411774,1,0.087000,0.962415
SP_R_Jongkok_1,openpose,61,2.467677,ok,1,direct,0.747472,15,left_ankle,1,1,2.000000,711.420000,655.120000,2.000000,707.747000,639.140000,16.396687,47.411774,1,0.089000,0.739347
SP_R_Jongkok_1,openpose,61,2.467677,ok,1,direct,0.747472,16,right_ankle,1,1,2.000000,653.550000,650.620000,2.000000,641.153000,635.301000,19.706785,47.411774,1,0.089000,0.646473
SP_R_Jongkok_1,openpose,62,2.508131,ok,1,direct,0.742642,0,nose,0,0,0.000000,0.000000,0.000000,2.000000,633.358000,360.973000,,,,0.026000,
SP_R_Jongkok_1,openpose,62,2.508131,ok,1,direct,0.742642,1,left_eye,0,0,0.000000,0.000000,0.000000,2.000000,645.013000,351.159000,,,,0.025000,
SP_R_Jongkok_1,openpose,62,2.508131,ok,1,direct,0.742642,2,right_eye,0,0,0.000000,0.000000,0.000000,2.000000,631.291000,351.203000,,,,0.025000,
SP_R_Jongkok_1,openpose,62,2.508131,ok,1,direct,0.742642,3,left_ear,0,0,0.000000,0.000000,0.000000,2.000000,670.586000,355.132000,,,,0.035000,
SP_R_Jongkok_1,openpose,62,2.508131,ok,1,direct,0.742642,4,right_ear,0,0,0.000000,0.000000,0.000000,0.000000,0.000000,0.000000,,,,0.035000,
SP_R_Jongkok_1,openpose,62,2.508131,ok,1,direct,0.742642,5,left_shoulder,1,1,2.000000,702.540000,393.110000,2.000000,701.886000,394.258000,1.321219,47.181119,1,0.079000,0.997490
SP_R_Jongkok_1,openpose,62,2.508131,ok,1,direct,0.742642,6,right_shoulder,1,1,2.000000,619.960000,397.700000,2.000000,623.507000,406.020000,9.044535,47.181119,1,0.079000,0.888906
SP_R_Jongkok_1,openpose,62,2.508131,ok,1,direct,0.742642,7,left_elbow,1,1,2.000000,673.680000,408.690000,2.000000,694.014000,415.840000,21.554444,47.181119,1,0.072000,0.447000
SP_R_Jongkok_1,openpose,62,2.508131,ok,1,direct,0.742642,8,right_elbow,1,1,2.000000,565.390000,414.760000,0.000000,0.000000,0.000000,,47.181119,0,0.072000,0.000000
SP_R_Jongkok_1,openpose,62,2.508131,ok,1,direct,0.742642,9,left_wrist,1,1,2.000000,638.510000,404.900000,2.000000,650.972000,404.114000,12.486763,47.181119,1,0.062000,0.694595
SP_R_Jongkok_1,openpose,62,2.508131,ok,1,direct,0.742642,10,right_wrist,1,1,2.000000,505.510000,407.320000,0.000000,0.000000,0.000000,,47.181119,0,0.062000,0.000000
SP_R_Jongkok_1,openpose,62,2.508131,ok,1,direct,0.742642,11,left_hip,1,1,2.000000,717.750000,529.290000,2.000000,703.829000,527.458000,14.041028,47.181119,1,0.107000,0.856662
SP_R_Jongkok_1,openpose,62,2.508131,ok,1,direct,0.742642,12,right_hip,1,1,2.000000,654.900000,525.910000,2.000000,647.019000,529.422000,8.628111,47.181119,1,0.107000,0.943254
SP_R_Jongkok_1,openpose,62,2.508131,ok,1,direct,0.742642,13,left_knee,1,1,2.000000,702.060000,558.010000,2.000000,707.675000,554.903000,6.417295,47.181119,1,0.087000,0.952292
SP_R_Jongkok_1,openpose,62,2.508131,ok,1,direct,0.742642,14,right_knee,1,1,2.000000,587.030000,561.740000,2.000000,586.330000,554.951000,6.824992,47.181119,1,0.087000,0.946209
SP_R_Jongkok_1,openpose,62,2.508131,ok,1,direct,0.742642,15,left_ankle,1,1,2.000000,711.420000,655.320000,2.000000,707.783000,639.166000,16.558366,47.181119,1,0.089000,0.732720
SP_R_Jongkok_1,openpose,62,2.508131,ok,1,direct,0.742642,16,right_ankle,1,1,2.000000,653.550000,650.860000,2.000000,641.149000,635.309000,19.890158,47.181119,1,0.089000,0.638435
SP_R_Jongkok_1,openpose,63,2.548584,ok,1,direct,0.731182,0,nose,0,0,0.000000,0.000000,0.000000,2.000000,633.275000,359.001000,,,,0.026000,
SP_R_Jongkok_1,openpose,63,2.548584,ok,1,direct,0.731182,1,left_eye,0,0,0.000000,0.000000,0.000000,2.000000,643.110000,349.240000,,,,0.025000,
SP_R_Jongkok_1,openpose,63,2.548584,ok,1,direct,0.731182,2,right_eye,0,0,0.000000,0.000000,0.000000,2.000000,629.364000,349.167000,,,,0.025000,
SP_R_Jongkok_1,openpose,63,2.548584,ok,1,direct,0.731182,3,left_ear,0,0,0.000000,0.000000,0.000000,2.000000,670.508000,353.137000,,,,0.035000,
SP_R_Jongkok_1,openpose,63,2.548584,ok,1,direct,0.731182,4,right_ear,0,0,0.000000,0.000000,0.000000,0.000000,0.000000,0.000000,,,,0.035000,
SP_R_Jongkok_1,openpose,63,2.548584,ok,1,direct,0.731182,5,left_shoulder,1,1,2.000000,702.790000,390.890000,2.000000,699.932000,392.332000,3.201176,47.307819,1,0.079000,0.985434
SP_R_Jongkok_1,openpose,63,2.548584,ok,1,direct,0.731182,6,right_shoulder,1,1,2.000000,619.710000,392.540000,2.000000,621.553000,402.168000,9.802807,47.307819,1,0.079000,0.871449
SP_R_Jongkok_1,openpose,63,2.548584,ok,1,direct,0.731182,7,left_elbow,1,1,2.000000,675.160000,406.230000,2.000000,703.844000,437.373000,42.339796,47.307819,1,0.072000,0.045490
SP_R_Jongkok_1,openpose,63,2.548584,ok,1,direct,0.731182,8,right_elbow,1,1,2.000000,567.350000,413.040000,0.000000,0.000000,0.000000,,47.307819,0,0.072000,0.000000
SP_R_Jongkok_1,openpose,63,2.548584,ok,1,direct,0.731182,9,left_wrist,1,1,2.000000,641.960000,404.650000,2.000000,654.852000,404.125000,12.902685,47.307819,1,0.062000,0.679073
SP_R_Jongkok_1,openpose,63,2.548584,ok,1,direct,0.731182,10,right_wrist,1,1,2.000000,506.990000,407.320000,0.000000,0.000000,0.000000,,47.307819,0,0.062000,0.000000
SP_R_Jongkok_1,openpose,63,2.548584,ok,1,direct,0.731182,11,left_hip,1,1,2.000000,718.580000,525.790000,2.000000,703.796000,523.577000,14.948713,47.307819,1,0.107000,0.839941
SP_R_Jongkok_1,openpose,63,2.548584,ok,1,direct,0.731182,12,right_hip,1,1,2.000000,655.330000,524.130000,2.000000,645.019000,525.541000,10.407096,47.307819,1,0.107000,0.918936
SP_R_Jongkok_1,openpose,63,2.548584,ok,1,direct,0.731182,13,left_knee,1,1,2.000000,702.710000,556.070000,2.000000,705.799000,553.022000,4.339611,47.307819,1,0.087000,0.978011
SP_R_Jongkok_1,openpose,63,2.548584,ok,1,direct,0.731182,14,right_knee,1,1,2.000000,587.310000,559.160000,2.000000,586.291000,554.960000,4.321847,47.307819,1,0.087000,0.978189
SP_R_Jongkok_1,openpose,63,2.548584,ok,1,direct,0.731182,15,left_ankle,1,1,2.000000,711.420000,655.320000,2.000000,707.796000,639.147000,16.574055,47.307819,1,0.089000,0.733510
SP_R_Jongkok_1,openpose,63,2.548584,ok,1,direct,0.731182,16,right_ankle,1,1,2.000000,653.550000,650.860000,2.000000,641.141000,635.270000,19.925646,47.307819,1,0.089000,0.638950
SP_R_Jongkok_1,openpose,64,2.589038,ok,1,direct,0.721203,0,nose,0,0,0.000000,0.000000,0.000000,2.000000,631.372000,351.204000,,,,0.026000,
SP_R_Jongkok_1,openpose,64,2.589038,ok,1,direct,0.721203,1,left_eye,0,0,0.000000,0.000000,0.000000,2.000000,641.161000,339.507000,,,,0.025000,
SP_R_Jongkok_1,openpose,64,2.589038,ok,1,direct,0.721203,2,right_eye,0,0,0.000000,0.000000,0.000000,2.000000,627.453000,339.493000,,,,0.025000,
SP_R_Jongkok_1,openpose,64,2.589038,ok,1,direct,0.721203,3,left_ear,0,0,0.000000,0.000000,0.000000,2.000000,668.588000,345.259000,,,,0.035000,
SP_R_Jongkok_1,openpose,64,2.589038,ok,1,direct,0.721203,4,right_ear,0,0,0.000000,0.000000,0.000000,0.000000,0.000000,0.000000,,,,0.035000,
SP_R_Jongkok_1,openpose,64,2.589038,ok,1,direct,0.721203,5,left_shoulder,1,1,2.000000,703.040000,388.680000,2.000000,699.879000,384.537000,5.211177,47.548448,1,0.079000,0.962239
SP_R_Jongkok_1,openpose,64,2.589038,ok,1,direct,0.721203,6,right_shoulder,1,1,2.000000,619.470000,387.370000,2.000000,621.546000,396.214000,9.084388,47.548448,1,0.079000,0.889607
SP_R_Jongkok_1,openpose,64,2.589038,ok,1,direct,0.721203,7,left_elbow,1,1,2.000000,676.630000,403.770000,2.000000,701.871000,439.314000,43.594541,47.548448,1,0.072000,0.039044
SP_R_Jongkok_1,openpose,64,2.589038,ok,1,direct,0.721203,8,right_elbow,1,1,2.000000,569.320000,411.320000,0.000000,0.000000,0.000000,,47.548448,0,0.072000,0.000000
SP_R_Jongkok_1,openpose,64,2.589038,ok,1,direct,0.721203,9,left_wrist,1,1,2.000000,645.400000,404.410000,2.000000,658.808000,407.988000,13.877195,47.548448,1,0.062000,0.641993
SP_R_Jongkok_1,openpose,64,2.589038,ok,1,direct,0.721203,10,right_wrist,1,1,2.000000,508.470000,407.320000,0.000000,0.000000,0.000000,,47.548448,0,0.062000,0.000000
SP_R_Jongkok_1,openpose,64,2.589038,ok,1,direct,0.721203,11,left_hip,1,1,2.000000,719.410000,522.280000,2.000000,707.719000,515.744000,13.393983,47.548448,1,0.107000,0.870563
SP_R_Jongkok_1,openpose,64,2.589038,ok,1,direct,0.721203,12,right_hip,1,1,2.000000,655.760000,522.350000,2.000000,650.890000,521.579000,4.930653,47.548448,1,0.107000,0.981391
SP_R_Jongkok_1,openpose,64,2.589038,ok,1,direct,0.721203,13,left_knee,1,1,2.000000,703.350000,554.130000,2.000000,705.755000,552.907000,2.698102,47.548448,1,0.087000,0.991528
SP_R_Jongkok_1,openpose,64,2.589038,ok,1,direct,0.721203,14,right_knee,1,1,2.000000,587.590000,556.580000,2.000000,588.202000,554.892000,1.795519,47.548448,1,0.087000,0.996239
SP_R_Jongkok_1,openpose,64,2.589038,ok,1,direct,0.721203,15,left_ankle,1,1,2.000000,711.420000,655.320000,2.000000,707.776000,639.134000,16.591122,47.548448,1,0.089000,0.735343
SP_R_Jongkok_1,openpose,64,2.589038,ok,1,direct,0.721203,16,right_ankle,1,1,2.000000,653.550000,650.860000,2.000000,643.039000,635.288000,18.787451,47.548448,1,0.089000,0.674221
SP_R_Jongkok_1,openpose,65,2.629492,ok,1,direct,0.715419,0,nose,0,0,0.000000,0.000000,0.000000,2.000000,635.221000,341.351000,,,,0.026000,
SP_R_Jongkok_1,openpose,65,2.629492,ok,1,direct,0.715419,1,left_eye,0,0,0.000000,0.000000,0.000000,2.000000,643.148000,331.598000,,,,0.025000,
SP_R_Jongkok_1,openpose,65,2.629492,ok,1,direct,0.715419,2,right_eye,0,0,0.000000,0.000000,0.000000,2.000000,629.433000,331.599000,,,,0.025000,
SP_R_Jongkok_1,openpose,65,2.629492,ok,1,direct,0.715419,3,left_ear,0,0,0.000000,0.000000,0.000000,2.000000,668.506000,333.591000,,,,0.035000,
SP_R_Jongkok_1,openpose,65,2.629492,ok,1,direct,0.715419,4,right_ear,0,0,0.000000,0.000000,0.000000,0.000000,0.000000,0.000000,,,,0.035000,
SP_R_Jongkok_1,openpose,65,2.629492,ok,1,direct,0.715419,5,left_shoulder,1,1,2.000000,703.280000,386.470000,2.000000,697.944000,378.636000,9.478631,47.931214,1,0.079000,0.882212
SP_R_Jongkok_1,openpose,65,2.629492,ok,1,direct,0.715419,6,right_shoulder,1,1,2.000000,619.220000,382.210000,2.000000,619.597000,384.502000,2.322799,47.931214,1,0.079000,0.992502
SP_R_Jongkok_1,openpose,65,2.629492,ok,1,direct,0.715419,7,left_elbow,1,1,2.000000,678.110000,401.310000,2.000000,699.893000,453.066000,56.153207,47.931214,0,0.072000,0.005016
SP_R_Jongkok_1,openpose,65,2.629492,ok,1,direct,0.715419,8,right_elbow,1,1,2.000000,571.290000,409.590000,0.000000,0.000000,0.000000,,47.931214,0,0.072000,0.000000
SP_R_Jongkok_1,openpose,65,2.629492,ok,1,direct,0.715419,9,left_wrist,1,1,2.000000,648.840000,404.160000,2.000000,670.520000,513.756000,111.719764,47.931214,0,0.062000,0.000000
SP_R_Jongkok_1,openpose,65,2.629492,ok,1,direct,0.715419,10,right_wrist,1,1,2.000000,509.940000,407.320000,0.000000,0.000000,0.000000,,47.931214,0,0.062000,0.000000
SP_R_Jongkok_1,openpose,65,2.629492,ok,1,direct,0.715419,11,left_hip,1,1,2.000000,720.240000,518.780000,2.000000,707.733000,507.901000,16.576420,47.931214,1,0.107000,0.811450
SP_R_Jongkok_1,openpose,65,2.629492,ok,1,direct,0.715419,12,right_hip,1,1,2.000000,656.190000,520.560000,2.000000,650.906000,511.864000,10.175513,47.931214,1,0.107000,0.924290
SP_R_Jongkok_1,openpose,65,2.629492,ok,1,direct,0.715419,13,left_knee,1,1,2.000000,704.000000,552.200000,2.000000,705.748000,552.920000,1.890477,47.931214,1,0.087000,0.995898
SP_R_Jongkok_1,openpose,65,2.629492,ok,1,direct,0.715419,14,right_knee,1,1,2.000000,587.870000,553.990000,2.000000,588.280000,554.890000,0.988989,47.931214,1,0.087000,0.998876
SP_R_Jongkok_1,openpose,65,2.629492,ok,1,direct,0.715419,15,left_ankle,1,1,2.000000,711.420000,655.320000,2.000000,707.767000,639.161000,16.566765,47.931214,1,0.089000,0.739604
SP_R_Jongkok_1,openpose,65,2.629492,ok,1,direct,0.715419,16,right_ankle,1,1,2.000000,653.550000,650.860000,2.000000,643.057000,635.230000,18.825513,47.931214,1,0.089000,0.677396
SP_R_Jongkok_1,openpose,66,2.669946,ok,1,direct,0.674764,0,nose,0,0,0.000000,0.000000,0.000000,2.000000,637.247000,327.674000,,,,0.026000,
SP_R_Jongkok_1,openpose,66,2.669946,ok,1,direct,0.674764,1,left_eye,0,0,0.000000,0.000000,0.000000,2.000000,646.990000,317.874000,,,,0.025000,
SP_R_Jongkok_1,openpose,66,2.669946,ok,1,direct,0.674764,2,right_eye,0,0,0.000000,0.000000,0.000000,2.000000,631.357000,319.786000,,,,0.025000,
SP_R_Jongkok_1,openpose,66,2.669946,ok,1,direct,0.674764,3,left_ear,0,0,0.000000,0.000000,0.000000,2.000000,668.563000,321.781000,,,,0.035000,
SP_R_Jongkok_1,openpose,66,2.669946,ok,1,direct,0.674764,4,right_ear,0,0,0.000000,0.000000,0.000000,2.000000,621.511000,325.670000,,,,0.035000,
SP_R_Jongkok_1,openpose,66,2.669946,ok,1,direct,0.674764,5,left_shoulder,1,1,2.000000,703.730000,373.180000,2.000000,697.986000,368.815000,7.214344,48.618496,1,0.079000,0.931871
SP_R_Jongkok_1,openpose,66,2.669946,ok,1,direct,0.674764,6,right_shoulder,1,1,2.000000,618.630000,369.220000,2.000000,617.674000,378.634000,9.462417,48.618496,1,0.079000,0.885690
SP_R_Jongkok_1,openpose,66,2.669946,ok,1,direct,0.674764,7,left_elbow,1,1,2.000000,681.060000,392.010000,2.000000,707.696000,439.361000,54.328572,48.618496,0,0.072000,0.008087
SP_R_Jongkok_1,openpose,66,2.669946,ok,1,direct,0.674764,8,right_elbow,1,1,2.000000,571.290000,398.530000,2.000000,576.504000,400.159000,5.462549,48.618496,1,0.072000,0.952464
SP_R_Jongkok_1,openpose,66,2.669946,ok,1,direct,0.674764,9,left_wrist,1,1,2.000000,652.680000,401.500000,2.000000,692.075000,502.011000,107.955672,48.618496,0,0.062000,0.000000
SP_R_Jongkok_1,openpose,66,2.669946,ok,1,direct,0.674764,10,right_wrist,1,1,2.000000,513.340000,402.300000,0.000000,0.000000,0.000000,,48.618496,0,0.062000,0.000000
SP_R_Jongkok_1,openpose,66,2.669946,ok,1,direct,0.674764,11,left_hip,1,1,2.000000,719.890000,507.010000,2.000000,709.667000,502.039000,11.367523,48.618496,1,0.107000,0.908921
SP_R_Jongkok_1,openpose,66,2.669946,ok,1,direct,0.674764,12,right_hip,1,1,2.000000,655.050000,508.940000,2.000000,648.993000,507.905000,6.144792,48.618496,1,0.107000,0.972481
SP_R_Jongkok_1,openpose,66,2.669946,ok,1,direct,0.674764,13,left_knee,1,1,2.000000,704.640000,550.260000,2.000000,703.873000,552.937000,2.784711,48.618496,1,0.087000,0.991369
SP_R_Jongkok_1,openpose,66,2.669946,ok,1,direct,0.674764,14,right_knee,1,1,2.000000,588.140000,551.410000,2.000000,590.176000,554.933000,4.069008,48.618496,1,0.087000,0.981662
SP_R_Jongkok_1,openpose,66,2.669946,ok,1,direct,0.674764,15,left_ankle,1,1,2.000000,711.420000,655.320000,2.000000,707.759000,639.156000,16.573407,48.618496,1,0.089000,0.745719
SP_R_Jongkok_1,openpose,66,2.669946,ok,1,direct,0.674764,16,right_ankle,1,1,2.000000,653.550000,650.860000,2.000000,641.137000,635.274000,19.925009,48.618496,1,0.089000,0.654374
SP_R_Jongkok_1,openpose,67,2.710399,ok,1,direct,0.693664,0,nose,0,0,0.000000,0.000000,0.000000,2.000000,635.238000,315.964000,,,,0.026000,
SP_R_Jongkok_1,openpose,67,2.710399,ok,1,direct,0.693664,1,left_eye,0,0,0.000000,0.000000,0.000000,2.000000,645.014000,306.105000,,,,0.025000,
SP_R_Jongkok_1,openpose,67,2.710399,ok,1,direct,0.693664,2,right_eye,0,0,0.000000,0.000000,0.000000,2.000000,631.272000,306.148000,,,,0.025000,
SP_R_Jongkok_1,openpose,67,2.710399,ok,1,direct,0.693664,3,left_ear,0,0,0.000000,0.000000,0.000000,2.000000,666.648000,311.953000,,,,0.035000,
SP_R_Jongkok_1,openpose,67,2.710399,ok,1,direct,0.693664,4,right_ear,0,0,0.000000,0.000000,0.000000,0.000000,0.000000,0.000000,,,,0.035000,
SP_R_Jongkok_1,openpose,67,2.710399,ok,1,direct,0.693664,5,left_shoulder,1,1,2.000000,704.170000,359.900000,2.000000,697.923000,355.165000,7.838701,49.257046,1,0.079000,0.922049
SP_R_Jongkok_1,openpose,67,2.710399,ok,1,direct,0.693664,6,right_shoulder,1,1,2.000000,618.040000,356.240000,2.000000,625.463000,366.891000,12.982478,49.257046,1,0.079000,0.800423
SP_R_Jongkok_1,openpose,67,2.710399,ok,1,direct,0.693664,7,left_elbow,1,1,2.000000,684.010000,382.710000,2.000000,672.479000,392.290000,14.991343,49.257046,1,0.072000,0.699519
SP_R_Jongkok_1,openpose,67,2.710399,ok,1,direct,0.693664,8,right_elbow,1,1,2.000000,571.290000,387.460000,2.000000,578.462000,382.531000,8.702449,49.257046,1,0.072000,0.886545
SP_R_Jongkok_1,openpose,67,2.710399,ok,1,direct,0.693664,9,left_wrist,1,1,2.000000,656.520000,398.850000,2.000000,625.453000,400.187000,31.095756,49.257046,1,0.062000,0.125740
SP_R_Jongkok_1,openpose,67,2.710399,ok,1,direct,0.693664,10,right_wrist,1,1,2.000000,516.730000,397.280000,0.000000,0.000000,0.000000,,49.257046,0,0.062000,0.000000
SP_R_Jongkok_1,openpose,67,2.710399,ok,1,direct,0.693664,11,left_hip,1,1,2.000000,719.540000,495.240000,2.000000,707.752000,490.316000,12.775082,49.257046,1,0.107000,0.889137
SP_R_Jongkok_1,openpose,67,2.710399,ok,1,direct,0.693664,12,right_hip,1,1,2.000000,653.900000,497.320000,2.000000,652.838000,496.202000,1.542001,49.257046,1,0.107000,0.998289
SP_R_Jongkok_1,openpose,67,2.710399,ok,1,direct,0.693664,13,left_knee,1,1,2.000000,705.290000,548.320000,2.000000,705.779000,547.105000,1.309712,49.257046,1,0.087000,0.998134
SP_R_Jongkok_1,openpose,67,2.710399,ok,1,direct,0.693664,14,right_knee,1,1,2.000000,588.420000,548.830000,2.000000,590.147000,552.963000,4.479310,49.257046,1,0.087000,0.978386
SP_R_Jongkok_1,openpose,67,2.710399,ok,1,direct,0.693664,15,left_ankle,1,1,2.000000,711.420000,655.320000,2.000000,709.648000,639.166000,16.250898,49.257046,1,0.089000,0.759699
SP_R_Jongkok_1,openpose,67,2.710399,ok,1,direct,0.693664,16,right_ankle,1,1,2.000000,653.550000,650.860000,2.000000,644.993000,633.361000,19.479149,49.257046,1,0.089000,0.673768
SP_R_Jongkok_1,openpose,68,2.750853,ok,1,direct,0.659056,0,nose,0,0,0.000000,0.000000,0.000000,2.000000,641.185000,302.180000,,,,0.026000,
SP_R_Jongkok_1,openpose,68,2.750853,ok,1,direct,0.659056,1,left_eye,0,0,0.000000,0.000000,0.000000,2.000000,648.979000,290.405000,,,,0.025000,
SP_R_Jongkok_1,openpose,68,2.750853,ok,1,direct,0.659056,2,right_eye,0,0,0.000000,0.000000,0.000000,2.000000,633.337000,292.357000,,,,0.025000,
SP_R_Jongkok_1,openpose,68,2.750853,ok,1,direct,0.659056,3,left_ear,0,0,0.000000,0.000000,0.000000,2.000000,668.543000,292.423000,,,,0.035000,
SP_R_Jongkok_1,openpose,68,2.750853,ok,1,direct,0.659056,4,right_ear,0,0,0.000000,0.000000,0.000000,2.000000,623.453000,300.190000,,,,0.035000,
SP_R_Jongkok_1,openpose,68,2.750853,ok,1,direct,0.659056,5,left_shoulder,1,1,2.000000,704.610000,346.620000,2.000000,695.962000,341.375000,10.114244,49.849283,1,0.079000,0.876407
SP_R_Jongkok_1,openpose,68,2.750853,ok,1,direct,0.659056,6,right_shoulder,1,1,2.000000,617.450000,343.250000,2.000000,621.513000,351.149000,8.882689,49.849283,1,0.079000,0.903253
SP_R_Jongkok_1,openpose,68,2.750853,ok,1,direct,0.659056,7,left_elbow,1,1,2.000000,686.960000,373.420000,2.000000,668.585000,388.417000,23.718150,49.849283,1,0.072000,0.417533
SP_R_Jongkok_1,openpose,68,2.750853,ok,1,direct,0.659056,8,right_elbow,1,1,2.000000,571.290000,376.390000,2.000000,605.880000,398.234000,40.910004,49.849283,1,0.072000,0.074392
SP_R_Jongkok_1,openpose,68,2.750853,ok,1,direct,0.659056,9,left_wrist,1,1,2.000000,660.350000,396.190000,2.000000,625.482000,402.072000,35.360647,49.849283,1,0.062000,0.072949
SP_R_Jongkok_1,openpose,68,2.750853,ok,1,direct,0.659056,10,right_wrist,1,1,2.000000,520.120000,392.270000,2.000000,631.349000,400.172000,111.509336,49.849283,0,0.062000,0.000000
SP_R_Jongkok_1,openpose,68,2.750853,ok,1,direct,0.659056,11,left_hip,1,1,2.000000,719.190000,483.470000,2.000000,705.799000,478.563000,14.261751,49.849283,1,0.107000,0.866767
SP_R_Jongkok_1,openpose,68,2.750853,ok,1,direct,0.659056,12,right_hip,1,1,2.000000,652.760000,485.700000,2.000000,647.030000,486.353000,5.767088,49.849283,1,0.107000,0.976890
SP_R_Jongkok_1,openpose,68,2.750853,ok,1,direct,0.659056,13,left_knee,1,1,2.000000,705.930000,546.380000,2.000000,707.733000,545.162000,2.175852,49.849283,1,0.087000,0.994978
SP_R_Jongkok_1,openpose,68,2.750853,ok,1,direct,0.659056,14,right_knee,1,1,2.000000,588.700000,546.250000,2.000000,588.274000,552.936000,6.699558,49.849283,1,0.087000,0.953394
SP_R_Jongkok_1,openpose,68,2.750853,ok,1,direct,0.659056,15,left_ankle,1,1,2.000000,711.420000,655.320000,2.000000,709.638000,637.254000,18.153674,49.849283,1,0.089000,0.715439
SP_R_Jongkok_1,openpose,68,2.750853,ok,1,direct,0.659056,16,right_ankle,1,1,2.000000,653.550000,650.860000,2.000000,647.022000,631.360000,20.563676,49.849283,1,0.089000,0.650725
SP_R_Jongkok_1,openpose,69,2.791307,ok,1,direct,0.667565,0,nose,0,0,0.000000,0.000000,0.000000,2.000000,645.009000,286.459000,,,,0.026000,
SP_R_Jongkok_1,openpose,69,2.791307,ok,1,direct,0.667565,1,left_eye,0,0,0.000000,0.000000,0.000000,2.000000,652.843000,272.873000,,,,0.025000,
SP_R_Jongkok_1,openpose,69,2.791307,ok,1,direct,0.667565,2,right_eye,0,0,0.000000,0.000000,0.000000,2.000000,635.238000,274.784000,,,,0.025000,
SP_R_Jongkok_1,openpose,69,2.791307,ok,1,direct,0.667565,3,left_ear,0,0,0.000000,0.000000,0.000000,2.000000,668.603000,278.676000,,,,0.035000,
SP_R_Jongkok_1,openpose,69,2.791307,ok,1,direct,0.667565,4,right_ear,0,0,0.000000,0.000000,0.000000,2.000000,623.539000,282.622000,,,,0.035000,
SP_R_Jongkok_1,openpose,69,2.791307,ok,1,direct,0.667565,5,left_shoulder,1,1,2.000000,705.050000,333.340000,2.000000,694.084000,329.620000,11.579791,50.393954,1,0.079000,0.844333
SP_R_Jongkok_1,openpose,69,2.791307,ok,1,direct,0.667565,6,right_shoulder,1,1,2.000000,616.860000,330.270000,2.000000,619.605000,337.486000,7.720472,50.393954,1,0.079000,0.927544
SP_R_Jongkok_1,openpose,69,2.791307,ok,1,direct,0.667565,7,left_elbow,1,1,2.000000,689.910000,364.120000,2.000000,668.525000,384.525000,29.558116,50.393954,1,0.072000,0.265198
SP_R_Jongkok_1,openpose,69,2.791307,ok,1,direct,0.667565,8,right_elbow,1,1,2.000000,571.290000,365.320000,2.000000,607.805000,396.231000,47.841772,50.393954,1,0.072000,0.030896
SP_R_Jongkok_1,openpose,69,2.791307,ok,1,direct,0.667565,9,left_wrist,1,1,2.000000,664.190000,393.540000,2.000000,623.542000,402.131000,41.545941,50.393954,1,0.062000,0.029121
SP_R_Jongkok_1,openpose,69,2.791307,ok,1,direct,0.667565,10,right_wrist,1,1,2.000000,523.520000,387.250000,2.000000,643.055000,396.258000,119.873935,50.393954,0,0.062000,0.000000
SP_R_Jongkok_1,openpose,69,2.791307,ok,1,direct,0.667565,11,left_hip,1,1,2.000000,718.840000,471.700000,2.000000,707.686000,468.743000,11.539305,50.393954,1,0.107000,0.912476
SP_R_Jongkok_1,openpose,69,2.791307,ok,1,direct,0.667565,12,right_hip,1,1,2.000000,651.620000,474.080000,2.000000,646.968000,474.608000,4.681868,50.393954,1,0.107000,0.985035
SP_R_Jongkok_1,openpose,69,2.791307,ok,1,direct,0.667565,13,left_knee,1,1,2.000000,706.580000,544.450000,2.000000,707.711000,545.145000,1.327474,50.393954,1,0.087000,0.998168
SP_R_Jongkok_1,openpose,69,2.791307,ok,1,direct,0.667565,14,right_knee,1,1,2.000000,588.970000,543.660000,2.000000,590.190000,549.107000,5.581954,50.393954,1,0.087000,0.968100
SP_R_Jongkok_1,openpose,69,2.791307,ok,1,direct,0.667565,15,left_ankle,1,1,2.000000,711.420000,655.320000,2.000000,709.634000,635.315000,20.084567,50.393954,1,0.089000,0.669605
SP_R_Jongkok_1,openpose,69,2.791307,ok,1,direct,0.667565,16,right_ankle,1,1,2.000000,653.550000,650.860000,2.000000,652.880000,631.282000,19.589461,50.393954,1,0.089000,0.682810
SP_R_Jongkok_1,openpose,70,2.831760,ok,1,direct,0.642846,0,nose,0,0,0.000000,0.000000,0.000000,2.000000,633.330000,266.969000,,,,0.026000,
SP_R_Jongkok_1,openpose,70,2.831760,ok,1,direct,0.642846,1,left_eye,0,0,0.000000,0.000000,0.000000,2.000000,643.076000,257.189000,,,,0.025000,
SP_R_Jongkok_1,openpose,70,2.831760,ok,1,direct,0.642846,2,right_eye,0,0,0.000000,0.000000,0.000000,2.000000,631.314000,257.207000,,,,0.025000,
SP_R_Jongkok_1,openpose,70,2.831760,ok,1,direct,0.642846,3,left_ear,0,0,0.000000,0.000000,0.000000,2.000000,666.672000,263.010000,,,,0.035000,
SP_R_Jongkok_1,openpose,70,2.831760,ok,1,direct,0.642846,4,right_ear,0,0,0.000000,0.000000,0.000000,0.000000,0.000000,0.000000,,,,0.035000,
SP_R_Jongkok_1,openpose,70,2.831760,ok,1,direct,0.642846,5,left_shoulder,1,1,2.000000,705.500000,320.060000,2.000000,694.086000,315.894000,12.150512,50.896642,1,0.079000,0.833071
SP_R_Jongkok_1,openpose,70,2.831760,ok,1,direct,0.642846,6,right_shoulder,1,1,2.000000,616.270000,317.280000,2.000000,621.509000,319.814000,5.819646,50.896642,1,0.079000,0.958968
SP_R_Jongkok_1,openpose,70,2.831760,ok,1,direct,0.642846,7,left_elbow,1,1,2.000000,692.860000,354.820000,2.000000,672.451000,376.684000,29.909226,50.896642,1,0.072000,0.263874
SP_R_Jongkok_1,openpose,70,2.831760,ok,1,direct,0.642846,8,right_elbow,1,1,2.000000,571.290000,354.260000,2.000000,607.858000,388.395000,50.024163,50.896642,1,0.072000,0.024068
SP_R_Jongkok_1,openpose,70,2.831760,ok,1,direct,0.642846,9,left_wrist,1,1,2.000000,668.030000,390.880000,2.000000,631.308000,402.087000,38.394038,50.896642,1,0.062000,0.051782
SP_R_Jongkok_1,openpose,70,2.831760,ok,1,direct,0.642846,10,right_wrist,1,1,2.000000,526.910000,382.230000,2.000000,637.235000,398.174000,111.471148,50.896642,0,0.062000,0.000000
SP_R_Jongkok_1,openpose,70,2.831760,ok,1,direct,0.642846,11,left_hip,1,1,2.000000,718.490000,459.930000,2.000000,703.850000,454.972000,15.456758,50.896642,1,0.107000,0.851199
SP_R_Jongkok_1,openpose,70,2.831760,ok,1,direct,0.642846,12,right_hip,1,1,2.000000,650.470000,462.460000,2.000000,646.976000,456.963000,6.513451,50.896642,1,0.107000,0.971796
SP_R_Jongkok_1,openpose,70,2.831760,ok,1,direct,0.642846,13,left_knee,1,1,2.000000,707.230000,542.510000,2.000000,705.792000,543.188000,1.589820,50.896642,1,0.087000,0.997425
SP_R_Jongkok_1,openpose,70,2.831760,ok,1,direct,0.642846,14,right_knee,1,1,2.000000,589.250000,541.080000,2.000000,592.183000,545.184000,5.044334,50.896642,1,0.087000,0.974379
SP_R_Jongkok_1,openpose,70,2.831760,ok,1,direct,0.642846,15,left_ankle,1,1,2.000000,711.420000,655.320000,2.000000,709.701000,637.185000,18.216289,50.896642,1,0.089000,0.723657
SP_R_Jongkok_1,openpose,70,2.831760,ok,1,direct,0.642846,16,right_ankle,1,1,2.000000,653.550000,650.860000,2.000000,654.901000,629.391000,21.511466,50.896642,1,0.089000,0.636968
SP_R_Jongkok_1,openpose,71,2.872214,ok,1,direct,0.662535,0,nose,0,0,0.000000,0.000000,0.000000,2.000000,641.133000,251.302000,,,,0.026000,
SP_R_Jongkok_1,openpose,71,2.872214,ok,1,direct,0.662535,1,left_eye,0,0,0.000000,0.000000,0.000000,2.000000,650.871000,241.430000,,,,0.025000,
SP_R_Jongkok_1,openpose,71,2.872214,ok,1,direct,0.662535,2,right_eye,0,0,0.000000,0.000000,0.000000,2.000000,633.350000,241.497000,,,,0.025000,
SP_R_Jongkok_1,openpose,71,2.872214,ok,1,direct,0.662535,3,left_ear,0,0,0.000000,0.000000,0.000000,2.000000,670.508000,247.345000,,,,0.035000,
SP_R_Jongkok_1,openpose,71,2.872214,ok,1,direct,0.662535,4,right_ear,0,0,0.000000,0.000000,0.000000,2.000000,625.454000,249.322000,,,,0.035000,
SP_R_Jongkok_1,openpose,71,2.872214,ok,1,direct,0.662535,5,left_shoulder,1,1,2.000000,704.310000,307.520000,2.000000,696.002000,302.236000,9.845990,50.841776,1,0.079000,0.886756
SP_R_Jongkok_1,openpose,71,2.872214,ok,1,direct,0.662535,6,right_shoulder,1,1,2.000000,615.970000,305.330000,2.000000,617.615000,310.024000,4.973898,50.841776,1,0.079000,0.969795
SP_R_Jongkok_1,openpose,71,2.872214,ok,1,direct,0.662535,7,left_elbow,1,1,2.000000,695.960000,350.250000,2.000000,678.359000,370.783000,27.044395,50.841776,1,0.072000,0.335667
SP_R_Jongkok_1,openpose,71,2.872214,ok,1,direct,0.662535,8,right_elbow,1,1,2.000000,572.760000,345.990000,2.000000,605.871000,380.598000,47.896263,50.841776,1,0.072000,0.032584
SP_R_Jongkok_1,openpose,71,2.872214,ok,1,direct,0.662535,9,left_wrist,1,1,2.000000,668.760000,390.140000,2.000000,629.390000,404.031000,41.748734,50.841776,1,0.062000,0.029949
SP_R_Jongkok_1,openpose,71,2.872214,ok,1,direct,0.662535,10,right_wrist,1,1,2.000000,530.600000,380.020000,0.000000,0.000000,0.000000,,50.841776,0,0.062000,0.000000
SP_R_Jongkok_1,openpose,71,2.872214,ok,1,direct,0.662535,11,left_hip,1,1,2.000000,715.240000,450.200000,2.000000,705.815000,445.218000,10.660720,50.841776,1,0.107000,0.926070
SP_R_Jongkok_1,openpose,71,2.872214,ok,1,direct,0.662535,12,right_hip,1,1,2.000000,648.110000,453.160000,2.000000,646.974000,449.186000,4.133179,50.841776,1,0.107000,0.988522
SP_R_Jongkok_1,openpose,71,2.872214,ok,1,direct,0.662535,13,left_knee,1,1,2.000000,705.900000,539.710000,2.000000,707.778000,545.115000,5.721967,50.841776,1,0.087000,0.967085
SP_R_Jongkok_1,openpose,71,2.872214,ok,1,direct,0.662535,14,right_knee,1,1,2.000000,593.680000,538.720000,2.000000,596.060000,541.198000,3.435824,50.841776,1,0.087000,0.988005
SP_R_Jongkok_1,openpose,71,2.872214,ok,1,direct,0.662535,15,left_ankle,1,1,2.000000,711.420000,655.320000,2.000000,709.681000,637.199000,18.204251,50.841776,1,0.089000,0.723461
SP_R_Jongkok_1,openpose,71,2.872214,ok,1,direct,0.662535,16,right_ankle,1,1,2.000000,653.550000,650.860000,2.000000,647.012000,633.240000,18.793878,50.841776,1,0.089000,0.708208
SP_R_Jongkok_1,openpose,72,2.912668,ok,1,direct,0.672112,0,nose,0,0,0.000000,0.000000,0.000000,2.000000,643.041000,235.632000,,,,0.026000,
SP_R_Jongkok_1,openpose,72,2.912668,ok,1,direct,0.672112,1,left_eye,0,0,0.000000,0.000000,0.000000,2.000000,650.899000,225.743000,,,,0.025000,
SP_R_Jongkok_1,openpose,72,2.912668,ok,1,direct,0.672112,2,right_eye,0,0,0.000000,0.000000,0.000000,2.000000,635.214000,225.826000,,,,0.025000,
SP_R_Jongkok_1,openpose,72,2.912668,ok,1,direct,0.672112,3,left_ear,0,0,0.000000,0.000000,0.000000,2.000000,668.592000,231.687000,,,,0.035000,
SP_R_Jongkok_1,openpose,72,2.912668,ok,1,direct,0.672112,4,right_ear,0,0,0.000000,0.000000,0.000000,2.000000,625.429000,235.600000,,,,0.035000,
SP_R_Jongkok_1,openpose,72,2.912668,ok,1,direct,0.672112,5,left_shoulder,1,1,2.000000,703.130000,294.970000,2.000000,694.027000,286.541000,12.406154,50.722190,1,0.079000,0.825543
SP_R_Jongkok_1,openpose,72,2.912668,ok,1,direct,0.672112,6,right_shoulder,1,1,2.000000,615.680000,293.370000,2.000000,615.614000,292.440000,0.932339,50.722190,1,0.079000,0.998918
SP_R_Jongkok_1,openpose,72,2.912668,ok,1,direct,0.672112,7,left_elbow,1,1,2.000000,699.060000,345.680000,2.000000,692.115000,349.272000,7.818919,50.722190,1,0.072000,0.912399
SP_R_Jongkok_1,openpose,72,2.912668,ok,1,direct,0.672112,8,right_elbow,1,1,2.000000,574.240000,337.730000,2.000000,570.592000,341.398000,5.173213,50.722190,1,0.072000,0.960663
SP_R_Jongkok_1,openpose,72,2.912668,ok,1,direct,0.672112,9,left_wrist,1,1,2.000000,669.500000,389.400000,2.000000,648.999000,398.238000,22.324902,50.722190,1,0.062000,0.364974
SP_R_Jongkok_1,openpose,72,2.912668,ok,1,direct,0.672112,10,right_wrist,1,1,2.000000,534.290000,377.810000,2.000000,531.424000,380.578000,3.984442,50.722190,1,0.062000,0.968404
SP_R_Jongkok_1,openpose,72,2.912668,ok,1,direct,0.672112,11,left_hip,1,1,2.000000,711.990000,440.460000,2.000000,699.869000,429.568000,16.295837,50.722190,1,0.107000,0.835011
SP_R_Jongkok_1,openpose,72,2.912668,ok,1,direct,0.672112,12,right_hip,1,1,2.000000,645.750000,443.870000,2.000000,639.172000,433.489000,12.289640,50.722190,1,0.107000,0.902531
SP_R_Jongkok_1,openpose,72,2.912668,ok,1,direct,0.672112,13,left_knee,1,1,2.000000,704.570000,536.900000,2.000000,705.735000,535.338000,1.948607,50.722190,1,0.087000,0.996108
SP_R_Jongkok_1,openpose,72,2.912668,ok,1,direct,0.672112,14,right_knee,1,1,2.000000,598.100000,536.360000,2.000000,598.049000,537.236000,0.877483,50.722190,1,0.087000,0.999210
SP_R_Jongkok_1,openpose,72,2.912668,ok,1,direct,0.672112,15,left_ankle,1,1,2.000000,711.420000,655.320000,2.000000,709.740000,635.314000,20.076415,50.722190,1,0.089000,0.673294
SP_R_Jongkok_1,openpose,72,2.912668,ok,1,direct,0.672112,16,right_ankle,1,1,2.000000,653.550000,650.860000,2.000000,646.962000,633.273000,18.780424,50.722190,1,0.089000,0.707406
SP_R_Jongkok_1,openpose,73,2.953122,ok,1,direct,0.721794,0,nose,0,0,0.000000,0.000000,0.000000,2.000000,639.198000,221.875000,,,,0.026000,
SP_R_Jongkok_1,openpose,73,2.953122,ok,1,direct,0.721794,1,left_eye,0,0,0.000000,0.000000,0.000000,2.000000,648.964000,210.157000,,,,0.025000,
SP_R_Jongkok_1,openpose,73,2.953122,ok,1,direct,0.721794,2,right_eye,0,0,0.000000,0.000000,0.000000,2.000000,633.255000,212.072000,,,,0.025000,
SP_R_Jongkok_1,openpose,73,2.953122,ok,1,direct,0.721794,3,left_ear,0,0,0.000000,0.000000,0.000000,2.000000,666.683000,217.994000,,,,0.035000,
SP_R_Jongkok_1,openpose,73,2.953122,ok,1,direct,0.721794,4,right_ear,0,0,0.000000,0.000000,0.000000,2.000000,621.584000,219.969000,,,,0.035000,
SP_R_Jongkok_1,openpose,73,2.953122,ok,1,direct,0.721794,5,left_shoulder,1,1,2.000000,701.950000,282.430000,2.000000,695.971000,274.803000,9.691211,50.931018,1,0.079000,0.890449
SP_R_Jongkok_1,openpose,73,2.953122,ok,1,direct,0.721794,6,right_shoulder,1,1,2.000000,615.380000,281.420000,2.000000,609.785000,280.704000,5.640628,50.931018,1,0.079000,0.961456
SP_R_Jongkok_1,openpose,73,2.953122,ok,1,direct,0.721794,7,left_elbow,1,1,2.000000,702.160000,341.100000,2.000000,697.968000,343.301000,4.734687,50.931018,1,0.072000,0.967208
SP_R_Jongkok_1,openpose,73,2.953122,ok,1,direct,0.721794,8,right_elbow,1,1,2.000000,575.710000,329.460000,2.000000,570.627000,333.508000,6.497938,50.931018,1,0.072000,0.939132
SP_R_Jongkok_1,openpose,73,2.953122,ok,1,direct,0.721794,9,left_wrist,1,1,2.000000,675.160000,389.900000,2.000000,662.659000,394.240000,13.232936,50.931018,1,0.062000,0.703820
SP_R_Jongkok_1,openpose,73,2.953122,ok,1,direct,0.721794,10,right_wrist,1,1,2.000000,537.980000,375.590000,2.000000,535.290000,376.672000,2.899452,50.931018,1,0.062000,0.983279
SP_R_Jongkok_1,openpose,73,2.953122,ok,1,direct,0.721794,11,left_hip,1,1,2.000000,708.750000,430.720000,2.000000,697.934000,421.705000,14.080344,50.931018,1,0.107000,0.875016
SP_R_Jongkok_1,openpose,73,2.953122,ok,1,direct,0.721794,12,right_hip,1,1,2.000000,643.390000,434.570000,2.000000,635.259000,423.681000,13.589830,50.931018,1,0.107000,0.883050
SP_R_Jongkok_1,openpose,73,2.953122,ok,1,direct,0.721794,13,left_knee,1,1,2.000000,703.240000,534.100000,2.000000,703.785000,527.482000,6.640403,50.931018,1,0.087000,0.956076
SP_R_Jongkok_1,openpose,73,2.953122,ok,1,direct,0.721794,14,right_knee,1,1,2.000000,602.530000,534.000000,2.000000,603.897000,531.399000,2.938348,50.931018,1,0.087000,0.991244
SP_R_Jongkok_1,openpose,73,2.953122,ok,1,direct,0.721794,15,left_ankle,1,1,2.000000,711.420000,655.320000,2.000000,709.735000,633.307000,22.077396,50.931018,1,0.089000,0.622234
SP_R_Jongkok_1,openpose,73,2.953122,ok,1,direct,0.721794,16,right_ankle,1,1,2.000000,653.550000,650.860000,2.000000,645.056000,633.236000,19.564085,50.931018,1,0.089000,0.688964
SP_R_Jongkok_1,openpose,74,2.993575,ok,1,direct,0.723001,0,nose,0,0,0.000000,0.000000,0.000000,2.000000,641.147000,208.145000,,,,0.026000,
SP_R_Jongkok_1,openpose,74,2.993575,ok,1,direct,0.723001,1,left_eye,0,0,0.000000,0.000000,0.000000,2.000000,649.017000,196.433000,,,,0.025000,
SP_R_Jongkok_1,openpose,74,2.993575,ok,1,direct,0.723001,2,right_eye,0,0,0.000000,0.000000,0.000000,2.000000,633.304000,198.387000,,,,0.025000,
SP_R_Jongkok_1,openpose,74,2.993575,ok,1,direct,0.723001,3,left_ear,0,0,0.000000,0.000000,0.000000,2.000000,668.523000,206.185000,,,,0.035000,
SP_R_Jongkok_1,openpose,74,2.993575,ok,1,direct,0.723001,4,right_ear,0,0,0.000000,0.000000,0.000000,2.000000,623.481000,208.200000,,,,0.035000,
SP_R_Jongkok_1,openpose,74,2.993575,ok,1,direct,0.723001,5,left_shoulder,1,1,2.000000,700.770000,269.890000,2.000000,696.026000,263.002000,8.363616,51.185169,1,0.079000,0.917997
SP_R_Jongkok_1,openpose,74,2.993575,ok,1,direct,0.723001,6,right_shoulder,1,1,2.000000,615.090000,269.470000,2.000000,611.765000,270.837000,3.595040,51.185169,1,0.079000,0.984316
SP_R_Jongkok_1,openpose,74,2.993575,ok,1,direct,0.723001,7,left_elbow,1,1,2.000000,705.260000,336.530000,2.000000,701.917000,337.445000,3.465959,51.185169,1,0.072000,0.982466
SP_R_Jongkok_1,openpose,74,2.993575,ok,1,direct,0.723001,8,right_elbow,1,1,2.000000,577.190000,321.200000,2.000000,570.593000,327.682000,9.248607,51.185169,1,0.072000,0.881651
SP_R_Jongkok_1,openpose,74,2.993575,ok,1,direct,0.723001,9,left_wrist,1,1,2.000000,680.810000,390.390000,2.000000,670.558000,394.234000,10.948965,51.185169,1,0.062000,0.788148
SP_R_Jongkok_1,openpose,74,2.993575,ok,1,direct,0.723001,10,right_wrist,1,1,2.000000,541.670000,373.380000,2.000000,537.237000,376.659000,5.513921,51.185169,1,0.062000,0.941409
SP_R_Jongkok_1,openpose,74,2.993575,ok,1,direct,0.723001,11,left_hip,1,1,2.000000,705.500000,420.980000,2.000000,694.079000,411.946000,14.562019,51.185169,1,0.107000,0.868151
SP_R_Jongkok_1,openpose,74,2.993575,ok,1,direct,0.723001,12,right_hip,1,1,2.000000,641.030000,425.270000,2.000000,635.279000,415.819000,11.063246,51.185169,1,0.107000,0.921632
SP_R_Jongkok_1,openpose,74,2.993575,ok,1,direct,0.723001,13,left_knee,1,1,2.000000,701.910000,531.300000,2.000000,699.957000,521.621000,9.874070,51.185169,1,0.087000,0.906348
SP_R_Jongkok_1,openpose,74,2.993575,ok,1,direct,0.723001,14,right_knee,1,1,2.000000,606.960000,531.640000,2.000000,609.758000,527.476000,5.016742,51.185169,1,0.087000,0.974936
SP_R_Jongkok_1,openpose,74,2.993575,ok,1,direct,0.723001,15,left_ankle,1,1,2.000000,711.420000,655.320000,2.000000,711.615000,633.252000,22.068862,51.185169,1,0.089000,0.625392
SP_R_Jongkok_1,openpose,74,2.993575,ok,1,direct,0.723001,16,right_ankle,1,1,2.000000,653.550000,650.860000,2.000000,643.077000,633.251000,20.488060,51.185169,1,0.089000,0.667283
SP_R_Jongkok_1,openpose,75,3.034029,ok,1,direct,0.727804,0,nose,0,0,0.000000,0.000000,0.000000,2.000000,641.182000,194.507000,,,,0.026000,
SP_R_Jongkok_1,openpose,75,3.034029,ok,1,direct,0.727804,1,left_eye,0,0,0.000000,0.000000,0.000000,2.000000,650.871000,184.685000,,,,0.025000,
SP_R_Jongkok_1,openpose,75,3.034029,ok,1,direct,0.727804,2,right_eye,0,0,0.000000,0.000000,0.000000,2.000000,633.369000,186.600000,,,,0.025000,
SP_R_Jongkok_1,openpose,75,3.034029,ok,1,direct,0.727804,3,left_ear,0,0,0.000000,0.000000,0.000000,2.000000,666.674000,194.513000,,,,0.035000,
SP_R_Jongkok_1,openpose,75,3.034029,ok,1,direct,0.727804,4,right_ear,0,0,0.000000,0.000000,0.000000,2.000000,627.366000,196.428000,,,,0.035000,
SP_R_Jongkok_1,openpose,75,3.034029,ok,1,direct,0.727804,5,left_shoulder,1,1,2.000000,699.590000,257.340000,2.000000,696.014000,257.091000,3.584659,51.415390,1,0.079000,0.984544
SP_R_Jongkok_1,openpose,75,3.034029,ok,1,direct,0.727804,6,right_shoulder,1,1,2.000000,614.790000,257.510000,2.000000,609.760000,261.043000,6.146787,51.415390,1,0.079000,0.955231
SP_R_Jongkok_1,openpose,75,3.034029,ok,1,direct,0.727804,7,left_elbow,1,1,2.000000,708.360000,331.950000,2.000000,707.716000,333.492000,1.671077,51.415390,1,0.072000,0.995933
SP_R_Jongkok_1,openpose,75,3.034029,ok,1,direct,0.727804,8,right_elbow,1,1,2.000000,578.660000,312.940000,2.000000,570.604000,323.772000,13.499310,51.415390,1,0.072000,0.766477
SP_R_Jongkok_1,openpose,75,3.034029,ok,1,direct,0.727804,9,left_wrist,1,1,2.000000,686.470000,390.880000,2.000000,682.220000,388.403000,4.919149,51.415390,1,0.062000,0.953491
SP_R_Jongkok_1,openpose,75,3.034029,ok,1,direct,0.727804,10,right_wrist,1,1,2.000000,545.360000,371.160000,2.000000,539.281000,378.563000,9.579074,51.415390,1,0.062000,0.834773
SP_R_Jongkok_1,openpose,75,3.034029,ok,1,direct,0.727804,11,left_hip,1,1,2.000000,702.250000,411.240000,2.000000,695.943000,413.859000,6.829159,51.415390,1,0.107000,0.969652
SP_R_Jongkok_1,openpose,75,3.034029,ok,1,direct,0.727804,12,right_hip,1,1,2.000000,638.670000,415.980000,2.000000,635.250000,415.860000,3.422105,51.415390,1,0.107000,0.992291
SP_R_Jongkok_1,openpose,75,3.034029,ok,1,direct,0.727804,13,left_knee,1,1,2.000000,700.580000,528.490000,2.000000,699.883000,527.549000,1.171021,51.415390,1,0.087000,0.998630
SP_R_Jongkok_1,openpose,75,3.034029,ok,1,direct,0.727804,14,right_knee,1,1,2.000000,611.380000,529.280000,2.000000,615.669000,525.596000,5.653970,51.415390,1,0.087000,0.968552
SP_R_Jongkok_1,openpose,75,3.034029,ok,1,direct,0.727804,15,left_ankle,1,1,2.000000,711.420000,655.320000,2.000000,709.742000,633.278000,22.105779,51.415390,1,0.089000,0.627043
SP_R_Jongkok_1,openpose,75,3.034029,ok,1,direct,0.727804,16,right_ankle,1,1,2.000000,653.550000,650.860000,2.000000,647.053000,631.351000,20.562395,51.415390,1,0.089000,0.667750
SP_R_Jongkok_1,openpose,76,3.074483,ok,1,direct,0.697980,0,nose,0,0,0.000000,0.000000,0.000000,2.000000,635.286000,186.626000,,,,0.026000,
SP_R_Jongkok_1,openpose,76,3.074483,ok,1,direct,0.697980,1,left_eye,0,0,0.000000,0.000000,0.000000,2.000000,646.994000,176.838000,,,,0.025000,
SP_R_Jongkok_1,openpose,76,3.074483,ok,1,direct,0.697980,2,right_eye,0,0,0.000000,0.000000,0.000000,2.000000,629.430000,178.725000,,,,0.025000,
SP_R_Jongkok_1,openpose,76,3.074483,ok,1,direct,0.697980,3,left_ear,0,0,0.000000,0.000000,0.000000,2.000000,668.562000,184.700000,,,,0.035000,
SP_R_Jongkok_1,openpose,76,3.074483,ok,1,direct,0.697980,4,right_ear,0,0,0.000000,0.000000,0.000000,2.000000,621.563000,186.586000,,,,0.035000,
SP_R_Jongkok_1,openpose,76,3.074483,ok,1,direct,0.697980,5,left_shoulder,1,1,2.000000,699.440000,254.690000,2.000000,695.979000,251.236000,4.889646,50.917157,1,0.079000,0.970879
SP_R_Jongkok_1,openpose,76,3.074483,ok,1,direct,0.697980,6,right_shoulder,1,1,2.000000,612.730000,256.330000,2.000000,605.860000,259.046000,7.387392,50.917157,1,0.079000,0.934768
SP_R_Jongkok_1,openpose,76,3.074483,ok,1,direct,0.697980,7,left_elbow,1,1,2.000000,709.690000,331.660000,2.000000,707.748000,333.499000,2.674563,50.917157,1,0.072000,0.989412
SP_R_Jongkok_1,openpose,76,3.074483,ok,1,direct,0.697980,8,right_elbow,1,1,2.000000,579.840000,314.260000,2.000000,574.505000,327.699000,14.459217,50.917157,1,0.072000,0.732627
SP_R_Jongkok_1,openpose,76,3.074483,ok,1,direct,0.697980,9,left_wrist,1,1,2.000000,690.750000,394.270000,2.000000,682.330000,394.247000,8.420031,50.917157,1,0.062000,0.867378
SP_R_Jongkok_1,openpose,76,3.074483,ok,1,direct,0.697980,10,right_wrist,1,1,2.000000,549.640000,375.300000,2.000000,543.135000,382.507000,9.708546,50.917157,1,0.062000,0.827655
SP_R_Jongkok_1,openpose,76,3.074483,ok,1,direct,0.697980,11,left_hip,1,1,2.000000,699.300000,409.470000,2.000000,693.995000,411.902000,5.835893,50.917157,1,0.107000,0.977313
SP_R_Jongkok_1,openpose,76,3.074483,ok,1,direct,0.697980,12,right_hip,1,1,2.000000,637.490000,413.910000,2.000000,633.250000,415.867000,4.669845,50.917157,1,0.107000,0.985413
SP_R_Jongkok_1,openpose,76,3.074483,ok,1,direct,0.697980,13,left_knee,1,1,2.000000,700.880000,528.200000,2.000000,699.924000,527.459000,1.209552,50.917157,1,0.087000,0.998510
SP_R_Jongkok_1,openpose,76,3.074483,ok,1,direct,0.697980,14,right_knee,1,1,2.000000,615.660000,527.950000,2.000000,621.501000,525.506000,6.331699,50.917157,1,0.087000,0.959963
SP_R_Jongkok_1,openpose,76,3.074483,ok,1,direct,0.697980,15,left_ankle,1,1,2.000000,711.420000,655.320000,2.000000,709.764000,633.291000,22.091156,50.917157,1,0.089000,0.621705
SP_R_Jongkok_1,openpose,76,3.074483,ok,1,direct,0.697980,16,right_ankle,1,1,2.000000,653.550000,650.860000,2.000000,648.957000,631.359000,20.034586,50.917157,1,0.089000,0.676438
SP_R_Jongkok_1,openpose,77,3.114936,ok,1,direct,0.691935,0,nose,0,0,0.000000,0.000000,0.000000,2.000000,633.332000,180.743000,,,,0.026000,
SP_R_Jongkok_1,openpose,77,3.114936,ok,1,direct,0.691935,1,left_eye,0,0,0.000000,0.000000,0.000000,2.000000,645.003000,170.952000,,,,0.025000,
SP_R_Jongkok_1,openpose,77,3.114936,ok,1,direct,0.691935,2,right_eye,0,0,0.000000,0.000000,0.000000,2.000000,631.336000,172.892000,,,,0.025000,
SP_R_Jongkok_1,openpose,77,3.114936,ok,1,direct,0.691935,3,left_ear,0,0,0.000000,0.000000,0.000000,2.000000,668.523000,180.780000,,,,0.035000,
SP_R_Jongkok_1,openpose,77,3.114936,ok,1,direct,0.691935,4,right_ear,0,0,0.000000,0.000000,0.000000,0.000000,0.000000,0.000000,,,,0.035000,
SP_R_Jongkok_1,openpose,77,3.114936,ok,1,direct,0.691935,5,left_shoulder,1,1,2.000000,699.300000,252.030000,2.000000,694.083000,245.446000,8.400366,50.405625,1,0.079000,0.914841
SP_R_Jongkok_1,openpose,77,3.114936,ok,1,direct,0.691935,6,right_shoulder,1,1,2.000000,610.660000,255.150000,2.000000,607.784000,253.184000,3.483753,50.405625,1,0.079000,0.984809
SP_R_Jongkok_1,openpose,77,3.114936,ok,1,direct,0.691935,7,left_elbow,1,1,2.000000,711.020000,331.360000,2.000000,711.735000,327.656000,3.772379,50.405625,1,0.072000,0.978623
SP_R_Jongkok_1,openpose,77,3.114936,ok,1,direct,0.691935,8,right_elbow,1,1,2.000000,581.030000,315.590000,2.000000,582.345000,327.678000,12.159316,50.405625,1,0.072000,0.798912
SP_R_Jongkok_1,openpose,77,3.114936,ok,1,direct,0.691935,9,left_wrist,1,1,2.000000,695.030000,397.670000,2.000000,696.011000,388.381000,9.340657,50.405625,1,0.062000,0.836385
SP_R_Jongkok_1,openpose,77,3.114936,ok,1,direct,0.691935,10,right_wrist,1,1,2.000000,553.920000,379.430000,2.000000,556.879000,392.344000,13.248663,50.405625,1,0.062000,0.698063
SP_R_Jongkok_1,openpose,77,3.114936,ok,1,direct,0.691935,11,left_hip,1,1,2.000000,696.350000,407.700000,2.000000,688.201000,406.009000,8.322601,50.405625,1,0.107000,0.953493
SP_R_Jongkok_1,openpose,77,3.114936,ok,1,direct,0.691935,12,right_hip,1,1,2.000000,636.310000,411.840000,2.000000,629.334000,407.977000,7.974167,50.405625,1,0.107000,0.957222
SP_R_Jongkok_1,openpose,77,3.114936,ok,1,direct,0.691935,13,left_knee,1,1,2.000000,701.170000,527.900000,2.000000,698.017000,519.658000,8.824510,50.405625,1,0.087000,0.922206
SP_R_Jongkok_1,openpose,77,3.114936,ok,1,direct,0.691935,14,right_knee,1,1,2.000000,619.940000,526.620000,2.000000,625.434000,521.662000,7.400392,50.405625,1,0.087000,0.944635
SP_R_Jongkok_1,openpose,77,3.114936,ok,1,direct,0.691935,15,left_ankle,1,1,2.000000,711.420000,655.320000,2.000000,709.753000,631.365000,24.012932,50.405625,1,0.089000,0.563811
SP_R_Jongkok_1,openpose,77,3.114936,ok,1,direct,0.691935,16,right_ankle,1,1,2.000000,653.550000,650.860000,2.000000,647.012000,631.296000,20.627543,50.405625,1,0.089000,0.655176
SP_R_Jongkok_1,openpose,78,3.155390,ok,1,direct,0.704425,0,nose,0,0,0.000000,0.000000,0.000000,2.000000,635.269000,178.714000,,,,0.026000,
SP_R_Jongkok_1,openpose,78,3.155390,ok,1,direct,0.704425,1,left_eye,0,0,0.000000,0.000000,0.000000,2.000000,646.960000,166.979000,,,,0.025000,
SP_R_Jongkok_1,openpose,78,3.155390,ok,1,direct,0.704425,2,right_eye,0,0,0.000000,0.000000,0.000000,2.000000,631.320000,168.945000,,,,0.025000,
SP_R_Jongkok_1,openpose,78,3.155390,ok,1,direct,0.704425,3,left_ear,0,0,0.000000,0.000000,0.000000,2.000000,668.565000,176.874000,,,,0.035000,
SP_R_Jongkok_1,openpose,78,3.155390,ok,1,direct,0.704425,4,right_ear,0,0,0.000000,0.000000,0.000000,0.000000,0.000000,0.000000,,,,0.035000,
SP_R_Jongkok_1,openpose,78,3.155390,ok,1,direct,0.704425,5,left_shoulder,1,1,2.000000,699.150000,249.380000,2.000000,694.085000,243.473000,7.781187,50.028628,1,0.079000,0.925406
SP_R_Jongkok_1,openpose,78,3.155390,ok,1,direct,0.704425,6,right_shoulder,1,1,2.000000,608.600000,253.970000,2.000000,605.830000,249.293000,5.435736,50.028628,1,0.079000,0.962875
SP_R_Jongkok_1,openpose,78,3.155390,ok,1,direct,0.704425,7,left_elbow,1,1,2.000000,712.340000,331.070000,2.000000,713.606000,327.666000,3.631800,50.028628,1,0.072000,0.979874
SP_R_Jongkok_1,openpose,78,3.155390,ok,1,direct,0.704425,8,right_elbow,1,1,2.000000,582.210000,316.920000,2.000000,580.363000,327.648000,10.885835,50.028628,1,0.072000,0.833049
SP_R_Jongkok_1,openpose,78,3.155390,ok,1,direct,0.704425,9,left_wrist,1,1,2.000000,699.310000,401.060000,2.000000,697.926000,396.264000,4.991700,50.028628,1,0.062000,0.949521
SP_R_Jongkok_1,openpose,78,3.155390,ok,1,direct,0.704425,10,right_wrist,1,1,2.000000,558.200000,383.560000,2.000000,554.941000,390.369000,7.548746,50.028628,1,0.062000,0.888290
SP_R_Jongkok_1,openpose,78,3.155390,ok,1,direct,0.704425,11,left_hip,1,1,2.000000,693.400000,405.930000,2.000000,684.263000,406.059000,9.137911,50.028628,1,0.107000,0.943386
SP_R_Jongkok_1,openpose,78,3.155390,ok,1,direct,0.704425,12,right_hip,1,1,2.000000,635.130000,409.780000,2.000000,623.453000,411.877000,11.863799,50.028628,1,0.107000,0.906435
SP_R_Jongkok_1,openpose,78,3.155390,ok,1,direct,0.704425,13,left_knee,1,1,2.000000,701.470000,527.610000,2.000000,699.857000,519.617000,8.154129,50.028628,1,0.087000,0.932212
SP_R_Jongkok_1,openpose,78,3.155390,ok,1,direct,0.704425,14,right_knee,1,1,2.000000,624.220000,525.290000,2.000000,627.372000,523.598000,3.577425,50.028628,1,0.087000,0.986580
SP_R_Jongkok_1,openpose,78,3.155390,ok,1,direct,0.704425,15,left_ankle,1,1,2.000000,711.420000,655.320000,2.000000,709.703000,631.314000,24.067325,50.028628,1,0.089000,0.557472
SP_R_Jongkok_1,openpose,78,3.155390,ok,1,direct,0.704425,16,right_ankle,1,1,2.000000,653.550000,650.860000,2.000000,648.924000,625.479000,25.799129,50.028628,1,0.089000,0.510960
SP_R_Jongkok_1,openpose,79,3.195844,ok,1,direct,0.712656,0,nose,0,0,0.000000,0.000000,0.000000,2.000000,635.307000,176.803000,,,,0.026000,
SP_R_Jongkok_1,openpose,79,3.195844,ok,1,direct,0.712656,1,left_eye,0,0,0.000000,0.000000,0.000000,2.000000,646.971000,165.076000,,,,0.025000,
SP_R_Jongkok_1,openpose,79,3.195844,ok,1,direct,0.712656,2,right_eye,0,0,0.000000,0.000000,0.000000,2.000000,631.327000,167.091000,,,,0.025000,
SP_R_Jongkok_1,openpose,79,3.195844,ok,1,direct,0.712656,3,left_ear,0,0,0.000000,0.000000,0.000000,2.000000,668.578000,174.878000,,,,0.035000,
SP_R_Jongkok_1,openpose,79,3.195844,ok,1,direct,0.712656,4,right_ear,0,0,0.000000,0.000000,0.000000,2.000000,625.466000,186.554000,,,,0.035000,
SP_R_Jongkok_1,openpose,79,3.195844,ok,1,direct,0.712656,5,left_shoulder,1,1,2.000000,699.000000,246.720000,2.000000,696.029000,243.470000,4.403333,49.709651,1,0.079000,0.975168
SP_R_Jongkok_1,openpose,79,3.195844,ok,1,direct,0.712656,6,right_shoulder,1,1,2.000000,606.530000,252.790000,2.000000,605.845000,249.313000,3.543833,49.709651,1,0.079000,0.983845
SP_R_Jongkok_1,openpose,79,3.195844,ok,1,direct,0.712656,7,left_elbow,1,1,2.000000,713.670000,330.770000,2.000000,717.493000,325.672000,6.372200,49.709651,1,0.072000,0.938572
SP_R_Jongkok_1,openpose,79,3.195844,ok,1,direct,0.712656,8,right_elbow,1,1,2.000000,583.390000,318.250000,2.000000,580.454000,327.670000,9.866940,49.709651,1,0.072000,0.858987
SP_R_Jongkok_1,openpose,79,3.195844,ok,1,direct,0.712656,9,left_wrist,1,1,2.000000,703.590000,404.460000,2.000000,703.874000,392.287000,12.176312,49.709651,1,0.062000,0.731854
SP_R_Jongkok_1,openpose,79,3.195844,ok,1,direct,0.712656,10,right_wrist,1,1,2.000000,562.480000,387.690000,2.000000,558.848000,392.283000,5.855516,49.709651,1,0.062000,0.930351
SP_R_Jongkok_1,openpose,79,3.195844,ok,1,direct,0.712656,11,left_hip,1,1,2.000000,690.450000,404.160000,2.000000,684.269000,404.072000,6.181626,49.709651,1,0.107000,0.973348
SP_R_Jongkok_1,openpose,79,3.195844,ok,1,direct,0.712656,12,right_hip,1,1,2.000000,633.950000,407.710000,2.000000,623.527000,408.031000,10.427942,49.709651,1,0.107000,0.926007
SP_R_Jongkok_1,openpose,79,3.195844,ok,1,direct,0.712656,13,left_knee,1,1,2.000000,701.770000,527.310000,2.000000,697.983000,515.796000,12.120791,49.709651,1,0.087000,0.854620
SP_R_Jongkok_1,openpose,79,3.195844,ok,1,direct,0.712656,14,right_knee,1,1,2.000000,628.500000,523.960000,2.000000,627.467000,523.575000,1.102413,49.709651,1,0.087000,0.998701
SP_R_Jongkok_1,openpose,79,3.195844,ok,1,direct,0.712656,15,left_ankle,1,1,2.000000,711.420000,655.320000,2.000000,709.660000,631.333000,24.051482,49.709651,1,0.089000,0.553724
SP_R_Jongkok_1,openpose,79,3.195844,ok,1,direct,0.712656,16,right_ankle,1,1,2.000000,653.550000,650.860000,2.000000,648.992000,629.366000,21.971969,49.709651,1,0.089000,0.610611
SP_R_Jongkok_1,openpose,80,3.236298,ok,1,direct,0.744689,0,nose,0,0,0.000000,0.000000,0.000000,2.000000,635.310000,176.786000,,,,0.026000,
SP_R_Jongkok_1,openpose,80,3.236298,ok,1,direct,0.744689,1,left_eye,0,0,0.000000,0.000000,0.000000,2.000000,646.984000,165.090000,,,,0.025000,
SP_R_Jongkok_1,openpose,80,3.236298,ok,1,direct,0.744689,2,right_eye,0,0,0.000000,0.000000,0.000000,2.000000,631.352000,167.059000,,,,0.025000,
SP_R_Jongkok_1,openpose,80,3.236298,ok,1,direct,0.744689,3,left_ear,0,0,0.000000,0.000000,0.000000,2.000000,668.592000,174.856000,,,,0.035000,
SP_R_Jongkok_1,openpose,80,3.236298,ok,1,direct,0.744689,4,right_ear,0,0,0.000000,0.000000,0.000000,0.000000,0.000000,0.000000,,,,0.035000,
SP_R_Jongkok_1,openpose,80,3.236298,ok,1,direct,0.744689,5,left_shoulder,1,1,2.000000,698.850000,244.060000,2.000000,695.975000,243.387000,2.952720,49.383922,1,0.079000,0.988609
SP_R_Jongkok_1,openpose,80,3.236298,ok,1,direct,0.744689,6,right_shoulder,1,1,2.000000,604.460000,251.610000,2.000000,603.971000,249.282000,2.378803,49.383922,1,0.079000,0.992592
SP_R_Jongkok_1,openpose,80,3.236298,ok,1,direct,0.744689,7,left_elbow,1,1,2.000000,715.000000,330.480000,2.000000,715.630000,323.721000,6.788297,49.383922,1,0.072000,0.929696
SP_R_Jongkok_1,openpose,80,3.236298,ok,1,direct,0.744689,8,right_elbow,1,1,2.000000,584.570000,319.570000,2.000000,586.215000,329.643000,10.206437,49.383922,1,0.072000,0.848068
SP_R_Jongkok_1,openpose,80,3.236298,ok,1,direct,0.744689,9,left_wrist,1,1,2.000000,707.870000,407.850000,2.000000,705.751000,398.188000,9.891633,49.383922,1,0.062000,0.811604
SP_R_Jongkok_1,openpose,80,3.236298,ok,1,direct,0.744689,10,right_wrist,1,1,2.000000,566.750000,391.820000,2.000000,568.600000,394.259000,3.061245,49.383922,1,0.062000,0.980206
SP_R_Jongkok_1,openpose,80,3.236298,ok,1,direct,0.744689,11,left_hip,1,1,2.000000,687.500000,402.380000,2.000000,684.226000,406.017000,4.893551,49.383922,1,0.107000,0.982993
SP_R_Jongkok_1,openpose,80,3.236298,ok,1,direct,0.744689,12,right_hip,1,1,2.000000,632.770000,405.640000,2.000000,623.535000,408.013000,9.535007,49.383922,1,0.107000,0.936952
SP_R_Jongkok_1,openpose,80,3.236298,ok,1,direct,0.744689,13,left_knee,1,1,2.000000,702.060000,527.020000,2.000000,697.997000,521.606000,6.769000,49.383922,1,0.087000,0.951568
SP_R_Jongkok_1,openpose,80,3.236298,ok,1,direct,0.744689,14,right_knee,1,1,2.000000,632.780000,522.630000,2.000000,629.384000,525.502000,4.447606,49.383922,1,0.087000,0.978796
SP_R_Jongkok_1,openpose,80,3.236298,ok,1,direct,0.744689,15,left_ankle,1,1,2.000000,711.420000,655.320000,2.000000,709.660000,633.258000,22.132091,49.383922,1,0.089000,0.602218
SP_R_Jongkok_1,openpose,80,3.236298,ok,1,direct,0.744689,16,right_ankle,1,1,2.000000,653.550000,650.860000,2.000000,649.010000,629.407000,21.928128,49.383922,1,0.089000,0.607848
SP_R_Jongkok_1,openpose,81,3.276751,ok,1,direct,0.747970,0,nose,0,0,0.000000,0.000000,0.000000,2.000000,635.322000,174.877000,,,,0.026000,
SP_R_Jongkok_1,openpose,81,3.276751,ok,1,direct,0.747970,1,left_eye,0,0,0.000000,0.000000,0.000000,2.000000,647.011000,165.028000,,,,0.025000,
SP_R_Jongkok_1,openpose,81,3.276751,ok,1,direct,0.747970,2,right_eye,0,0,0.000000,0.000000,0.000000,2.000000,631.337000,166.994000,,,,0.025000,
SP_R_Jongkok_1,openpose,81,3.276751,ok,1,direct,0.747970,3,left_ear,0,0,0.000000,0.000000,0.000000,2.000000,668.607000,172.946000,,,,0.035000,
SP_R_Jongkok_1,openpose,81,3.276751,ok,1,direct,0.747970,4,right_ear,0,0,0.000000,0.000000,0.000000,0.000000,0.000000,0.000000,,,,0.035000,
SP_R_Jongkok_1,openpose,81,3.276751,ok,1,direct,0.747970,5,left_shoulder,1,1,2.000000,699.890000,244.210000,2.000000,697.892000,243.380000,2.163540,48.508032,1,0.079000,0.993645
SP_R_Jongkok_1,openpose,81,3.276751,ok,1,direct,0.747970,6,right_shoulder,1,1,2.000000,604.460000,251.610000,2.000000,605.829000,247.344000,4.480281,48.508032,1,0.079000,0.973033
SP_R_Jongkok_1,openpose,81,3.276751,ok,1,direct,0.747970,7,left_elbow,1,1,2.000000,715.890000,330.180000,2.000000,717.505000,327.722000,2.941086,48.508032,1,0.072000,0.985918
SP_R_Jongkok_1,openpose,81,3.276751,ok,1,direct,0.747970,8,right_elbow,1,1,2.000000,586.190000,321.640000,2.000000,588.178000,331.592000,10.148618,48.508032,1,0.072000,0.844619
SP_R_Jongkok_1,openpose,81,3.276751,ok,1,direct,0.747970,9,left_wrist,1,1,2.000000,708.900000,407.850000,2.000000,709.641000,408.006000,0.757243,48.508032,1,0.062000,0.998733
SP_R_Jongkok_1,openpose,81,3.276751,ok,1,direct,0.747970,10,right_wrist,1,1,2.000000,572.800000,395.660000,2.000000,572.573000,402.083000,6.427010,48.508032,1,0.062000,0.912712
SP_R_Jongkok_1,openpose,81,3.276751,ok,1,direct,0.747970,11,left_hip,1,1,2.000000,686.610000,402.380000,2.000000,684.293000,404.045000,2.853194,48.508032,1,0.107000,0.993975
SP_R_Jongkok_1,openpose,81,3.276751,ok,1,direct,0.747970,12,right_hip,1,1,2.000000,631.170000,405.710000,2.000000,623.534000,407.969000,7.963139,48.508032,1,0.107000,0.954014
SP_R_Jongkok_1,openpose,81,3.276751,ok,1,direct,0.747970,13,left_knee,1,1,2.000000,702.060000,527.020000,2.000000,699.946000,521.666000,5.756241,48.508032,1,0.087000,0.963475
SP_R_Jongkok_1,openpose,81,3.276751,ok,1,direct,0.747970,14,right_knee,1,1,2.000000,632.780000,522.630000,2.000000,629.327000,523.633000,3.595722,48.508032,1,0.087000,0.985586
SP_R_Jongkok_1,openpose,81,3.276751,ok,1,direct,0.747970,15,left_ankle,1,1,2.000000,711.420000,655.320000,2.000000,709.655000,633.255000,22.135479,48.508032,1,0.089000,0.591097
SP_R_Jongkok_1,openpose,81,3.276751,ok,1,direct,0.747970,16,right_ankle,1,1,2.000000,653.550000,650.860000,2.000000,649.020000,631.278000,20.099145,48.508032,1,0.089000,0.648244
SP_R_Jongkok_1,openpose,82,3.317205,ok,1,direct,0.752089,0,nose,0,0,0.000000,0.000000,0.000000,2.000000,637.206000,174.905000,,,,0.026000,
SP_R_Jongkok_1,openpose,82,3.317205,ok,1,direct,0.752089,1,left_eye,0,0,0.000000,0.000000,0.000000,2.000000,648.894000,165.061000,,,,0.025000,
SP_R_Jongkok_1,openpose,82,3.317205,ok,1,direct,0.752089,2,right_eye,0,0,0.000000,0.000000,0.000000,2.000000,633.246000,165.150000,,,,0.025000,
SP_R_Jongkok_1,openpose,82,3.317205,ok,1,direct,0.752089,3,left_ear,0,0,0.000000,0.000000,0.000000,2.000000,670.497000,172.928000,,,,0.035000,
SP_R_Jongkok_1,openpose,82,3.317205,ok,1,direct,0.752089,4,right_ear,0,0,0.000000,0.000000,0.000000,0.000000,0.000000,0.000000,,,,0.035000,
SP_R_Jongkok_1,openpose,82,3.317205,ok,1,direct,0.752089,5,left_shoulder,1,1,2.000000,700.920000,244.360000,2.000000,697.972000,241.521000,4.092753,47.614957,1,0.079000,0.976601
SP_R_Jongkok_1,openpose,82,3.317205,ok,1,direct,0.752089,6,right_shoulder,1,1,2.000000,604.460000,251.610000,2.000000,605.857000,247.300000,4.530751,47.614957,1,0.079000,0.971401
SP_R_Jongkok_1,openpose,82,3.317205,ok,1,direct,0.752089,7,left_elbow,1,1,2.000000,716.770000,329.880000,2.000000,717.564000,329.620000,0.835485,47.614957,1,0.072000,0.998813
SP_R_Jongkok_1,openpose,82,3.317205,ok,1,direct,0.752089,8,right_elbow,1,1,2.000000,587.810000,323.710000,2.000000,588.279000,331.622000,7.925888,47.614957,1,0.072000,0.898616
SP_R_Jongkok_1,openpose,82,3.317205,ok,1,direct,0.752089,9,left_wrist,1,1,2.000000,709.930000,407.850000,2.000000,709.726000,407.968000,0.235669,47.614957,1,0.062000,0.999873
SP_R_Jongkok_1,openpose,82,3.317205,ok,1,direct,0.752089,10,right_wrist,1,1,2.000000,578.850000,399.500000,2.000000,578.467000,402.171000,2.698320,47.614957,1,0.062000,0.983430
SP_R_Jongkok_1,openpose,82,3.317205,ok,1,direct,0.752089,11,left_hip,1,1,2.000000,685.730000,402.380000,2.000000,684.208000,404.080000,2.281772,47.614957,1,0.107000,0.995996
SP_R_Jongkok_1,openpose,82,3.317205,ok,1,direct,0.752089,12,right_hip,1,1,2.000000,629.580000,405.770000,2.000000,619.608000,407.989000,10.215906,47.614957,1,0.107000,0.922735
SP_R_Jongkok_1,openpose,82,3.317205,ok,1,direct,0.752089,13,left_knee,1,1,2.000000,702.060000,527.020000,2.000000,697.971000,519.655000,8.423963,47.614957,1,0.087000,0.920622
SP_R_Jongkok_1,openpose,82,3.317205,ok,1,direct,0.752089,14,right_knee,1,1,2.000000,632.780000,522.630000,2.000000,629.338000,523.640000,3.587125,47.614957,1,0.087000,0.985115
SP_R_Jongkok_1,openpose,82,3.317205,ok,1,direct,0.752089,15,left_ankle,1,1,2.000000,711.420000,655.320000,2.000000,709.636000,633.262000,22.130025,47.614957,1,0.089000,0.579601
SP_R_Jongkok_1,openpose,82,3.317205,ok,1,direct,0.752089,16,right_ankle,1,1,2.000000,653.550000,650.860000,2.000000,648.985000,631.350000,20.036949,47.614957,1,0.089000,0.639466
SP_R_Jongkok_1,openpose,83,3.357659,ok,1,direct,0.761377,0,nose,0,0,0.000000,0.000000,0.000000,2.000000,635.308000,174.905000,,,,0.026000,
SP_R_Jongkok_1,openpose,83,3.357659,ok,1,direct,0.761377,1,left_eye,0,0,0.000000,0.000000,0.000000,2.000000,647.013000,165.080000,,,,0.025000,
SP_R_Jongkok_1,openpose,83,3.357659,ok,1,direct,0.761377,2,right_eye,0,0,0.000000,0.000000,0.000000,2.000000,631.368000,166.979000,,,,0.025000,
SP_R_Jongkok_1,openpose,83,3.357659,ok,1,direct,0.761377,3,left_ear,0,0,0.000000,0.000000,0.000000,2.000000,670.509000,174.840000,,,,0.035000,
SP_R_Jongkok_1,openpose,83,3.357659,ok,1,direct,0.761377,4,right_ear,0,0,0.000000,0.000000,0.000000,0.000000,0.000000,0.000000,,,,0.035000,
SP_R_Jongkok_1,openpose,83,3.357659,ok,1,direct,0.761377,5,left_shoulder,1,1,2.000000,701.950000,244.510000,2.000000,699.885000,243.442000,2.324833,46.707231,1,0.079000,0.992092
SP_R_Jongkok_1,openpose,83,3.357659,ok,1,direct,0.761377,6,right_shoulder,1,1,2.000000,604.460000,251.610000,2.000000,605.862000,247.356000,4.479076,46.707231,1,0.079000,0.970960
SP_R_Jongkok_1,openpose,83,3.357659,ok,1,direct,0.761377,7,left_elbow,1,1,2.000000,717.660000,329.590000,2.000000,719.479000,329.600000,1.819027,46.707231,1,0.072000,0.994165
SP_R_Jongkok_1,openpose,83,3.357659,ok,1,direct,0.761377,8,right_elbow,1,1,2.000000,589.440000,325.770000,2.000000,586.323000,331.629000,6.636533,46.707231,1,0.072000,0.925067
SP_R_Jongkok_1,openpose,83,3.357659,ok,1,direct,0.761377,9,left_wrist,1,1,2.000000,710.970000,407.850000,2.000000,711.702000,404.098000,3.822738,46.707231,1,0.062000,0.965748
SP_R_Jongkok_1,openpose,83,3.357659,ok,1,direct,0.761377,10,right_wrist,1,1,2.000000,584.900000,403.330000,2.000000,582.359000,406.039000,3.714211,46.707231,1,0.062000,0.967634
SP_R_Jongkok_1,openpose,83,3.357659,ok,1,direct,0.761377,11,left_hip,1,1,2.000000,684.840000,402.380000,2.000000,682.310000,409.960000,7.991076,46.707231,1,0.107000,0.950152
SP_R_Jongkok_1,openpose,83,3.357659,ok,1,direct,0.761377,12,right_hip,1,1,2.000000,627.980000,405.840000,2.000000,619.628000,411.929000,10.335948,46.707231,1,0.107000,0.918012
SP_R_Jongkok_1,openpose,83,3.357659,ok,1,direct,0.761377,13,left_knee,1,1,2.000000,702.060000,527.020000,2.000000,699.964000,525.533000,2.569900,46.707231,1,0.087000,0.992033
SP_R_Jongkok_1,openpose,83,3.357659,ok,1,direct,0.761377,14,right_knee,1,1,2.000000,632.780000,522.630000,2.000000,629.386000,525.569000,4.489650,46.707231,1,0.087000,0.975881
SP_R_Jongkok_1,openpose,83,3.357659,ok,1,direct,0.761377,15,left_ankle,1,1,2.000000,711.420000,655.320000,2.000000,709.713000,633.274000,22.111987,46.707231,1,0.089000,0.567851
SP_R_Jongkok_1,openpose,83,3.357659,ok,1,direct,0.761377,16,right_ankle,1,1,2.000000,653.550000,650.860000,2.000000,648.980000,631.374000,20.014722,46.707231,1,0.089000,0.628990
SP_R_Jongkok_1,openpose,84,3.398113,ok,1,direct,0.737924,0,nose,0,0,0.000000,0.000000,0.000000,2.000000,637.192000,174.906000,,,,0.026000,
SP_R_Jongkok_1,openpose,84,3.398113,ok,1,direct,0.737924,1,left_eye,0,0,0.000000,0.000000,0.000000,2.000000,648.890000,165.091000,,,,0.025000,
SP_R_Jongkok_1,openpose,84,3.398113,ok,1,direct,0.737924,2,right_eye,0,0,0.000000,0.000000,0.000000,2.000000,633.245000,167.004000,,,,0.025000,
SP_R_Jongkok_1,openpose,84,3.398113,ok,1,direct,0.737924,3,left_ear,0,0,0.000000,0.000000,0.000000,2.000000,670.541000,174.891000,,,,0.035000,
SP_R_Jongkok_1,openpose,84,3.398113,ok,1,direct,0.737924,4,right_ear,0,0,0.000000,0.000000,0.000000,0.000000,0.000000,0.000000,,,,0.035000,
SP_R_Jongkok_1,openpose,84,3.398113,ok,1,direct,0.737924,5,left_shoulder,1,1,2.000000,702.990000,244.650000,2.000000,699.897000,243.430000,3.324913,45.780950,1,0.079000,0.983239
SP_R_Jongkok_1,openpose,84,3.398113,ok,1,direct,0.737924,6,right_shoulder,1,1,2.000000,604.460000,251.610000,2.000000,605.918000,247.334000,4.517736,45.780950,1,0.079000,0.969275
SP_R_Jongkok_1,openpose,84,3.398113,ok,1,direct,0.737924,7,left_elbow,1,1,2.000000,718.540000,329.290000,2.000000,719.466000,327.638000,1.893827,45.780950,1,0.072000,0.993420
SP_R_Jongkok_1,openpose,84,3.398113,ok,1,direct,0.737924,8,right_elbow,1,1,2.000000,591.060000,327.840000,2.000000,586.317000,325.746000,5.184678,45.780950,1,0.072000,0.951723
SP_R_Jongkok_1,openpose,84,3.398113,ok,1,direct,0.737924,9,left_wrist,1,1,2.000000,712.000000,407.850000,2.000000,711.731000,402.130000,5.726322,45.780950,1,0.062000,0.921824
SP_R_Jongkok_1,openpose,84,3.398113,ok,1,direct,0.737924,10,right_wrist,1,1,2.000000,590.950000,407.170000,2.000000,586.229000,402.129000,6.906484,45.780950,1,0.062000,0.888331
SP_R_Jongkok_1,openpose,84,3.398113,ok,1,direct,0.737924,11,left_hip,1,1,2.000000,683.960000,402.380000,2.000000,680.385000,409.965000,8.385276,45.780950,1,0.107000,0.943080
SP_R_Jongkok_1,openpose,84,3.398113,ok,1,direct,0.737924,12,right_hip,1,1,2.000000,626.390000,405.900000,2.000000,621.501000,409.986000,6.371634,45.780950,1,0.107000,0.966729
SP_R_Jongkok_1,openpose,84,3.398113,ok,1,direct,0.737924,13,left_knee,1,1,2.000000,702.060000,527.020000,2.000000,699.951000,525.550000,2.570755,45.780950,1,0.087000,0.991703
SP_R_Jongkok_1,openpose,84,3.398113,ok,1,direct,0.737924,14,right_knee,1,1,2.000000,632.780000,522.630000,2.000000,631.372000,525.495000,3.192286,45.780950,1,0.087000,0.987234
SP_R_Jongkok_1,openpose,84,3.398113,ok,1,direct,0.737924,15,left_ankle,1,1,2.000000,711.420000,655.320000,2.000000,709.711000,633.274000,22.112141,45.780950,1,0.089000,0.554862
SP_R_Jongkok_1,openpose,84,3.398113,ok,1,direct,0.737924,16,right_ankle,1,1,2.000000,653.550000,650.860000,2.000000,648.940000,631.332000,20.064767,45.780950,1,0.089000,0.615692
SP_R_Jongkok_1,openpose,85,3.438566,ok,1,direct,0.750830,0,nose,0,0,0.000000,0.000000,0.000000,2.000000,635.334000,174.899000,,,,0.026000,
SP_R_Jongkok_1,openpose,85,3.438566,ok,1,direct,0.750830,1,left_eye,0,0,0.000000,0.000000,0.000000,2.000000,647.057000,165.098000,,,,0.025000,
SP_R_Jongkok_1,openpose,85,3.438566,ok,1,direct,0.750830,2,right_eye,0,0,0.000000,0.000000,0.000000,2.000000,633.258000,166.976000,,,,0.025000,
SP_R_Jongkok_1,openpose,85,3.438566,ok,1,direct,0.750830,3,left_ear,0,0,0.000000,0.000000,0.000000,2.000000,670.561000,174.892000,,,,0.035000,
SP_R_Jongkok_1,openpose,85,3.438566,ok,1,direct,0.750830,4,right_ear,0,0,0.000000,0.000000,0.000000,0.000000,0.000000,0.000000,,,,0.035000,
SP_R_Jongkok_1,openpose,85,3.438566,ok,1,direct,0.750830,5,left_shoulder,1,1,2.000000,704.020000,244.800000,2.000000,699.925000,243.445000,4.313357,45.621666,1,0.079000,0.971760
SP_R_Jongkok_1,openpose,85,3.438566,ok,1,direct,0.750830,6,right_shoulder,1,1,2.000000,604.460000,251.610000,2.000000,607.809000,247.302000,5.456617,45.621666,1,0.079000,0.955191
SP_R_Jongkok_1,openpose,85,3.438566,ok,1,direct,0.750830,7,left_elbow,1,1,2.000000,719.430000,329.000000,2.000000,717.592000,331.541000,3.136068,45.621666,1,0.072000,0.981935
SP_R_Jongkok_1,openpose,85,3.438566,ok,1,direct,0.750830,8,right_elbow,1,1,2.000000,592.680000,329.900000,2.000000,586.334000,329.596000,6.353277,45.621666,1,0.072000,0.927910
SP_R_Jongkok_1,openpose,85,3.438566,ok,1,direct,0.750830,9,left_wrist,1,1,2.000000,713.030000,407.850000,2.000000,711.730000,404.112000,3.957606,45.621666,1,0.062000,0.961603
SP_R_Jongkok_1,openpose,85,3.438566,ok,1,direct,0.750830,10,right_wrist,1,1,2.000000,597.000000,411.010000,2.000000,590.168000,406.025000,8.457331,45.621666,1,0.062000,0.836272
SP_R_Jongkok_1,openpose,85,3.438566,ok,1,direct,0.750830,11,left_hip,1,1,2.000000,683.070000,402.380000,2.000000,680.381000,411.882000,9.875157,45.621666,1,0.107000,0.921412
SP_R_Jongkok_1,openpose,85,3.438566,ok,1,direct,0.750830,12,right_hip,1,1,2.000000,624.790000,405.960000,2.000000,621.530000,411.910000,6.784549,45.621666,1,0.107000,0.962103
SP_R_Jongkok_1,openpose,85,3.438566,ok,1,direct,0.750830,13,left_knee,1,1,2.000000,702.060000,527.020000,2.000000,699.885000,525.513000,2.646068,45.621666,1,0.087000,0.991150
SP_R_Jongkok_1,openpose,85,3.438566,ok,1,direct,0.750830,14,right_knee,1,1,2.000000,632.780000,522.630000,2.000000,631.395000,525.574000,3.253515,45.621666,1,0.087000,0.986651
SP_R_Jongkok_1,openpose,85,3.438566,ok,1,direct,0.750830,15,left_ankle,1,1,2.000000,711.420000,655.320000,2.000000,709.681000,633.268000,22.120462,45.621666,1,0.089000,0.552334
SP_R_Jongkok_1,openpose,85,3.438566,ok,1,direct,0.750830,16,right_ankle,1,1,2.000000,653.550000,650.860000,2.000000,648.973000,631.306000,20.082526,45.621666,1,0.089000,0.613077
SP_R_Jongkok_1,openpose,86,3.479020,ok,1,direct,0.757440,0,nose,0,0,0.000000,0.000000,0.000000,2.000000,637.157000,174.840000,,,,0.026000,
SP_R_Jongkok_1,openpose,86,3.479020,ok,1,direct,0.757440,1,left_eye,0,0,0.000000,0.000000,0.000000,2.000000,647.070000,165.051000,,,,0.025000,
SP_R_Jongkok_1,openpose,86,3.479020,ok,1,direct,0.757440,2,right_eye,0,0,0.000000,0.000000,0.000000,2.000000,633.265000,165.111000,,,,0.025000,
SP_R_Jongkok_1,openpose,86,3.479020,ok,1,direct,0.757440,3,left_ear,0,0,0.000000,0.000000,0.000000,2.000000,670.579000,174.860000,,,,0.035000,
SP_R_Jongkok_1,openpose,86,3.479020,ok,1,direct,0.757440,4,right_ear,0,0,0.000000,0.000000,0.000000,0.000000,0.000000,0.000000,,,,0.035000,
SP_R_Jongkok_1,openpose,86,3.479020,ok,1,direct,0.757440,5,left_shoulder,1,1,2.000000,704.020000,244.800000,2.000000,699.949000,243.438000,4.292795,45.621666,1,0.079000,0.972025
SP_R_Jongkok_1,openpose,86,3.479020,ok,1,direct,0.757440,6,right_shoulder,1,1,2.000000,604.460000,251.610000,2.000000,607.886000,245.459000,7.040758,45.621666,1,0.079000,0.926514
SP_R_Jongkok_1,openpose,86,3.479020,ok,1,direct,0.757440,7,left_elbow,1,1,2.000000,719.430000,329.000000,2.000000,719.473000,327.714000,1.286719,45.621666,1,0.072000,0.996936
SP_R_Jongkok_1,openpose,86,3.479020,ok,1,direct,0.757440,8,right_elbow,1,1,2.000000,592.680000,329.900000,2.000000,592.200000,329.674000,0.530543,45.621666,1,0.072000,0.999478
SP_R_Jongkok_1,openpose,86,3.479020,ok,1,direct,0.757440,9,left_wrist,1,1,2.000000,713.030000,407.850000,2.000000,713.601000,404.055000,3.837716,45.621666,1,0.062000,0.963852
SP_R_Jongkok_1,openpose,86,3.479020,ok,1,direct,0.757440,10,right_wrist,1,1,2.000000,597.000000,411.010000,2.000000,601.933000,406.058000,6.989763,45.621666,1,0.062000,0.885032
SP_R_Jongkok_1,openpose,86,3.479020,ok,1,direct,0.757440,11,left_hip,1,1,2.000000,683.070000,402.380000,2.000000,682.255000,411.875000,9.529913,45.621666,1,0.107000,0.926608
SP_R_Jongkok_1,openpose,86,3.479020,ok,1,direct,0.757440,12,right_hip,1,1,2.000000,624.480000,406.030000,2.000000,623.510000,409.976000,4.063473,45.621666,1,0.107000,0.986237
SP_R_Jongkok_1,openpose,86,3.479020,ok,1,direct,0.757440,13,left_knee,1,1,2.000000,702.060000,527.020000,2.000000,697.999000,523.586000,5.318278,45.621666,1,0.087000,0.964729
SP_R_Jongkok_1,openpose,86,3.479020,ok,1,direct,0.757440,14,right_knee,1,1,2.000000,632.780000,522.630000,2.000000,633.247000,525.559000,2.965996,45.621666,1,0.087000,0.988894
SP_R_Jongkok_1,openpose,86,3.479020,ok,1,direct,0.757440,15,left_ankle,1,1,2.000000,711.420000,655.320000,2.000000,709.688000,631.377000,24.005563,45.621666,1,0.089000,0.497039
SP_R_Jongkok_1,openpose,86,3.479020,ok,1,direct,0.757440,16,right_ankle,1,1,2.000000,653.550000,650.860000,2.000000,649.000000,629.421000,21.916506,45.621666,1,0.089000,0.558385
SP_R_Jongkok_1,openpose,87,3.519474,ok,1,direct,0.756454,0,nose,0,0,0.000000,0.000000,0.000000,2.000000,637.158000,174.863000,,,,0.026000,
SP_R_Jongkok_1,openpose,87,3.519474,ok,1,direct,0.756454,1,left_eye,0,0,0.000000,0.000000,0.000000,2.000000,648.889000,165.084000,,,,0.025000,
SP_R_Jongkok_1,openpose,87,3.519474,ok,1,direct,0.756454,2,right_eye,0,0,0.000000,0.000000,0.000000,2.000000,633.308000,165.107000,,,,0.025000,
SP_R_Jongkok_1,openpose,87,3.519474,ok,1,direct,0.756454,3,left_ear,0,0,0.000000,0.000000,0.000000,2.000000,672.426000,174.916000,,,,0.035000,
SP_R_Jongkok_1,openpose,87,3.519474,ok,1,direct,0.756454,4,right_ear,0,0,0.000000,0.000000,0.000000,0.000000,0.000000,0.000000,,,,0.035000,
SP_R_Jongkok_1,openpose,87,3.519474,ok,1,direct,0.756454,5,left_shoulder,1,1,2.000000,704.020000,244.800000,2.000000,699.969000,243.454000,4.268761,45.621666,1,0.079000,0.972333
SP_R_Jongkok_1,openpose,87,3.519474,ok,1,direct,0.756454,6,right_shoulder,1,1,2.000000,604.460000,251.610000,2.000000,607.882000,247.302000,5.501722,45.621666,1,0.079000,0.954465
SP_R_Jongkok_1,openpose,87,3.519474,ok,1,direct,0.756454,7,left_elbow,1,1,2.000000,719.430000,329.000000,2.000000,719.510000,327.672000,1.330407,45.621666,1,0.072000,0.996724
SP_R_Jongkok_1,openpose,87,3.519474,ok,1,direct,0.756454,8,right_elbow,1,1,2.000000,592.680000,329.900000,2.000000,592.141000,329.666000,0.587603,45.621666,1,0.072000,0.999360
SP_R_Jongkok_1,openpose,87,3.519474,ok,1,direct,0.756454,9,left_wrist,1,1,2.000000,713.030000,407.850000,2.000000,713.639000,402.092000,5.790116,45.621666,1,0.062000,0.919609
SP_R_Jongkok_1,openpose,87,3.519474,ok,1,direct,0.756454,10,right_wrist,1,1,2.000000,597.000000,411.010000,2.000000,600.005000,406.060000,5.790728,45.621666,1,0.062000,0.919593
SP_R_Jongkok_1,openpose,87,3.519474,ok,1,direct,0.756454,11,left_hip,1,1,2.000000,683.070000,402.380000,2.000000,680.369000,409.966000,8.052503,45.621666,1,0.107000,0.947031
SP_R_Jongkok_1,openpose,87,3.519474,ok,1,direct,0.756454,12,right_hip,1,1,2.000000,624.160000,406.090000,2.000000,623.456000,409.961000,3.934496,45.621666,1,0.107000,0.987091
SP_R_Jongkok_1,openpose,87,3.519474,ok,1,direct,0.756454,13,left_knee,1,1,2.000000,702.060000,527.020000,2.000000,698.024000,523.534000,5.333057,45.621666,1,0.087000,0.964536
SP_R_Jongkok_1,openpose,87,3.519474,ok,1,direct,0.756454,14,right_knee,1,1,2.000000,632.780000,522.630000,2.000000,633.293000,525.563000,2.977525,45.621666,1,0.087000,0.988808
SP_R_Jongkok_1,openpose,87,3.519474,ok,1,direct,0.756454,15,left_ankle,1,1,2.000000,711.420000,655.320000,2.000000,709.759000,631.339000,24.038454,45.621666,1,0.089000,0.496087
SP_R_Jongkok_1,openpose,87,3.519474,ok,1,direct,0.756454,16,right_ankle,1,1,2.000000,653.550000,650.860000,2.000000,648.984000,631.295000,20.090734,45.621666,1,0.089000,0.612831
SP_R_Jongkok_1,openpose,88,3.559927,ok,1,direct,0.755059,0,nose,0,0,0.000000,0.000000,0.000000,2.000000,635.334000,174.850000,,,,0.026000,
SP_R_Jongkok_1,openpose,88,3.559927,ok,1,direct,0.755059,1,left_eye,0,0,0.000000,0.000000,0.000000,2.000000,647.063000,165.053000,,,,0.025000,
SP_R_Jongkok_1,openpose,88,3.559927,ok,1,direct,0.755059,2,right_eye,0,0,0.000000,0.000000,0.000000,2.000000,633.255000,165.106000,,,,0.025000,
SP_R_Jongkok_1,openpose,88,3.559927,ok,1,direct,0.755059,3,left_ear,0,0,0.000000,0.000000,0.000000,2.000000,672.440000,174.846000,,,,0.035000,
SP_R_Jongkok_1,openpose,88,3.559927,ok,1,direct,0.755059,4,right_ear,0,0,0.000000,0.000000,0.000000,0.000000,0.000000,0.000000,,,,0.035000,
SP_R_Jongkok_1,openpose,88,3.559927,ok,1,direct,0.755059,5,left_shoulder,1,1,2.000000,704.020000,244.800000,2.000000,701.834000,243.443000,2.572945,45.621666,1,0.079000,0.989859
SP_R_Jongkok_1,openpose,88,3.559927,ok,1,direct,0.755059,6,right_shoulder,1,1,2.000000,604.460000,251.610000,2.000000,609.819000,245.372000,8.223839,45.621666,1,0.079000,0.901107
SP_R_Jongkok_1,openpose,88,3.559927,ok,1,direct,0.755059,7,left_elbow,1,1,2.000000,719.430000,329.000000,2.000000,719.529000,329.593000,0.601207,45.621666,1,0.072000,0.999330
SP_R_Jongkok_1,openpose,88,3.559927,ok,1,direct,0.755059,8,right_elbow,1,1,2.000000,592.680000,329.900000,2.000000,594.102000,327.703000,2.617039,45.621666,1,0.072000,0.987385
SP_R_Jongkok_1,openpose,88,3.559927,ok,1,direct,0.755059,9,left_wrist,1,1,2.000000,713.030000,407.850000,2.000000,713.647000,404.071000,3.829038,45.621666,1,0.062000,0.964013
SP_R_Jongkok_1,openpose,88,3.559927,ok,1,direct,0.755059,10,right_wrist,1,1,2.000000,597.000000,411.010000,2.000000,600.025000,406.000000,5.852412,45.621666,1,0.062000,0.917943
SP_R_Jongkok_1,openpose,88,3.559927,ok,1,direct,0.755059,11,left_hip,1,1,2.000000,683.070000,402.380000,2.000000,682.231000,409.983000,7.649152,45.621666,1,0.107000,0.952079
SP_R_Jongkok_1,openpose,88,3.559927,ok,1,direct,0.755059,12,right_hip,1,1,2.000000,623.840000,406.150000,2.000000,623.476000,409.955000,3.822371,45.621666,1,0.107000,0.987812
SP_R_Jongkok_1,openpose,88,3.559927,ok,1,direct,0.755059,13,left_knee,1,1,2.000000,702.060000,527.020000,2.000000,697.967000,521.626000,6.771107,45.621666,1,0.087000,0.943455
SP_R_Jongkok_1,openpose,88,3.559927,ok,1,direct,0.755059,14,right_knee,1,1,2.000000,632.780000,522.630000,2.000000,633.302000,525.589000,3.004690,45.621666,1,0.087000,0.988604
SP_R_Jongkok_1,openpose,88,3.559927,ok,1,direct,0.755059,15,left_ankle,1,1,2.000000,711.420000,655.320000,2.000000,711.596000,631.359000,23.961646,45.621666,1,0.089000,0.498311
SP_R_Jongkok_1,openpose,88,3.559927,ok,1,direct,0.755059,16,right_ankle,1,1,2.000000,653.550000,650.860000,2.000000,649.014000,631.308000,20.071273,45.621666,1,0.089000,0.613413
SP_R_Jongkok_1,openpose,89,3.600381,ok,1,direct,0.756547,0,nose,0,0,0.000000,0.000000,0.000000,2.000000,637.218000,174.895000,,,,0.026000,
SP_R_Jongkok_1,openpose,89,3.600381,ok,1,direct,0.756547,1,left_eye,0,0,0.000000,0.000000,0.000000,2.000000,648.955000,165.086000,,,,0.025000,
SP_R_Jongkok_1,openpose,89,3.600381,ok,1,direct,0.756547,2,right_eye,0,0,0.000000,0.000000,0.000000,2.000000,633.314000,165.149000,,,,0.025000,
SP_R_Jongkok_1,openpose,89,3.600381,ok,1,direct,0.756547,3,left_ear,0,0,0.000000,0.000000,0.000000,2.000000,672.489000,174.871000,,,,0.035000,
SP_R_Jongkok_1,openpose,89,3.600381,ok,1,direct,0.756547,4,right_ear,0,0,0.000000,0.000000,0.000000,0.000000,0.000000,0.000000,,,,0.035000,
SP_R_Jongkok_1,openpose,89,3.600381,ok,1,direct,0.756547,5,left_shoulder,1,1,2.000000,704.020000,244.800000,2.000000,701.911000,243.428000,2.516002,45.621666,1,0.079000,0.990301
SP_R_Jongkok_1,openpose,89,3.600381,ok,1,direct,0.756547,6,right_shoulder,1,1,2.000000,604.460000,251.610000,2.000000,609.813000,245.392000,8.204763,45.621666,1,0.079000,0.901542
SP_R_Jongkok_1,openpose,89,3.600381,ok,1,direct,0.756547,7,left_elbow,1,1,2.000000,719.430000,329.000000,2.000000,719.536000,329.607000,0.616186,45.621666,1,0.072000,0.999296
SP_R_Jongkok_1,openpose,89,3.600381,ok,1,direct,0.756547,8,right_elbow,1,1,2.000000,592.680000,329.900000,2.000000,592.137000,329.618000,0.611860,45.621666,1,0.072000,0.999306
SP_R_Jongkok_1,openpose,89,3.600381,ok,1,direct,0.756547,9,left_wrist,1,1,2.000000,713.030000,407.850000,2.000000,713.651000,402.157000,5.726770,45.621666,1,0.062000,0.921288
SP_R_Jongkok_1,openpose,89,3.600381,ok,1,direct,0.756547,10,right_wrist,1,1,2.000000,597.000000,411.010000,2.000000,596.032000,402.169000,8.893835,45.621666,1,0.062000,0.820588
SP_R_Jongkok_1,openpose,89,3.600381,ok,1,direct,0.756547,11,left_hip,1,1,2.000000,683.070000,402.380000,2.000000,680.369000,409.992000,8.077001,45.621666,1,0.107000,0.946717
SP_R_Jongkok_1,openpose,89,3.600381,ok,1,direct,0.756547,12,right_hip,1,1,2.000000,623.520000,406.220000,2.000000,621.580000,409.990000,4.239870,45.621666,1,0.107000,0.985025
SP_R_Jongkok_1,openpose,89,3.600381,ok,1,direct,0.756547,13,left_knee,1,1,2.000000,702.060000,527.020000,2.000000,697.950000,521.618000,6.787761,45.621666,1,0.087000,0.943185
SP_R_Jongkok_1,openpose,89,3.600381,ok,1,direct,0.756547,14,right_knee,1,1,2.000000,632.780000,522.630000,2.000000,633.259000,525.577000,2.985674,45.621666,1,0.087000,0.988747
SP_R_Jongkok_1,openpose,89,3.600381,ok,1,direct,0.756547,15,left_ankle,1,1,2.000000,711.420000,655.320000,2.000000,711.591000,631.341000,23.979610,45.621666,1,0.089000,0.497790
SP_R_Jongkok_1,openpose,89,3.600381,ok,1,direct,0.756547,16,right_ankle,1,1,2.000000,653.550000,650.860000,2.000000,649.012000,629.390000,21.944347,45.621666,1,0.089000,0.557558
SP_R_Jongkok_1,openpose,90,3.640835,ok,1,direct,0.751926,0,nose,0,0,0.000000,0.000000,0.000000,2.000000,637.278000,176.749000,,,,0.026000,
SP_R_Jongkok_1,openpose,90,3.640835,ok,1,direct,0.751926,1,left_eye,0,0,0.000000,0.000000,0.000000,2.000000,648.968000,165.101000,,,,0.025000,
SP_R_Jongkok_1,openpose,90,3.640835,ok,1,direct,0.751926,2,right_eye,0,0,0.000000,0.000000,0.000000,2.000000,633.320000,166.995000,,,,0.025000,
SP_R_Jongkok_1,openpose,90,3.640835,ok,1,direct,0.751926,3,left_ear,0,0,0.000000,0.000000,0.000000,2.000000,672.490000,176.756000,,,,0.035000,
SP_R_Jongkok_1,openpose,90,3.640835,ok,1,direct,0.751926,4,right_ear,0,0,0.000000,0.000000,0.000000,0.000000,0.000000,0.000000,,,,0.035000,
SP_R_Jongkok_1,openpose,90,3.640835,ok,1,direct,0.751926,5,left_shoulder,1,1,2.000000,704.020000,244.800000,2.000000,701.824000,243.500000,2.551944,45.621666,1,0.079000,0.990023
SP_R_Jongkok_1,openpose,90,3.640835,ok,1,direct,0.751926,6,right_shoulder,1,1,2.000000,604.460000,251.610000,2.000000,609.752000,247.369000,6.781692,45.621666,1,0.079000,0.931637
SP_R_Jongkok_1,openpose,90,3.640835,ok,1,direct,0.751926,7,left_elbow,1,1,2.000000,719.430000,329.000000,2.000000,719.546000,329.669000,0.678982,45.621666,1,0.072000,0.999146
SP_R_Jongkok_1,openpose,90,3.640835,ok,1,direct,0.751926,8,right_elbow,1,1,2.000000,592.680000,329.900000,2.000000,594.116000,329.616000,1.463814,45.621666,1,0.072000,0.996036
SP_R_Jongkok_1,openpose,90,3.640835,ok,1,direct,0.751926,9,left_wrist,1,1,2.000000,713.030000,407.850000,2.000000,713.625000,406.003000,1.940473,45.621666,1,0.062000,0.990631
SP_R_Jongkok_1,openpose,90,3.640835,ok,1,direct,0.751926,10,right_wrist,1,1,2.000000,597.000000,411.010000,2.000000,601.882000,404.058000,8.494953,45.621666,1,0.062000,0.834940
SP_R_Jongkok_1,openpose,90,3.640835,ok,1,direct,0.751926,11,left_hip,1,1,2.000000,683.070000,402.380000,2.000000,682.220000,411.938000,9.595721,45.621666,1,0.107000,0.925629
SP_R_Jongkok_1,openpose,90,3.640835,ok,1,direct,0.751926,12,right_hip,1,1,2.000000,623.200000,406.280000,2.000000,621.594000,409.979000,4.032597,45.621666,1,0.107000,0.986444
SP_R_Jongkok_1,openpose,90,3.640835,ok,1,direct,0.751926,13,left_knee,1,1,2.000000,702.060000,527.020000,2.000000,697.925000,521.611000,6.808488,45.621666,1,0.087000,0.942848
SP_R_Jongkok_1,openpose,90,3.640835,ok,1,direct,0.751926,14,right_knee,1,1,2.000000,632.780000,522.630000,2.000000,633.249000,525.591000,2.997913,45.621666,1,0.087000,0.988655
SP_R_Jongkok_1,openpose,90,3.640835,ok,1,direct,0.751926,15,left_ankle,1,1,2.000000,711.420000,655.320000,2.000000,711.586000,629.423000,25.897532,45.621666,1,0.089000,0.443248
SP_R_Jongkok_1,openpose,90,3.640835,ok,1,direct,0.751926,16,right_ankle,1,1,2.000000,653.550000,650.860000,2.000000,649.017000,631.306000,20.072544,45.621666,1,0.089000,0.613375
SP_R_Jongkok_1,openpose,91,3.681289,ok,1,direct,0.751263,0,nose,0,0,0.000000,0.000000,0.000000,2.000000,637.292000,176.776000,,,,0.026000,
SP_R_Jongkok_1,openpose,91,3.681289,ok,1,direct,0.751263,1,left_eye,0,0,0.000000,0.000000,0.000000,2.000000,648.973000,165.094000,,,,0.025000,
SP_R_Jongkok_1,openpose,91,3.681289,ok,1,direct,0.751263,2,right_eye,0,0,0.000000,0.000000,0.000000,2.000000,633.288000,167.027000,,,,0.025000,
SP_R_Jongkok_1,openpose,91,3.681289,ok,1,direct,0.751263,3,left_ear,0,0,0.000000,0.000000,0.000000,2.000000,672.497000,174.909000,,,,0.035000,
SP_R_Jongkok_1,openpose,91,3.681289,ok,1,direct,0.751263,4,right_ear,0,0,0.000000,0.000000,0.000000,0.000000,0.000000,0.000000,,,,0.035000,
SP_R_Jongkok_1,openpose,91,3.681289,ok,1,direct,0.751263,5,left_shoulder,1,1,2.000000,704.020000,244.800000,2.000000,701.828000,243.466000,2.566012,45.621666,1,0.079000,0.989913
SP_R_Jongkok_1,openpose,91,3.681289,ok,1,direct,0.751263,6,right_shoulder,1,1,2.000000,604.460000,251.610000,2.000000,609.754000,247.362000,6.787631,45.621666,1,0.079000,0.931521
SP_R_Jongkok_1,openpose,91,3.681289,ok,1,direct,0.751263,7,left_elbow,1,1,2.000000,719.430000,329.000000,2.000000,721.406000,329.617000,2.070088,45.621666,1,0.072000,0.992088
SP_R_Jongkok_1,openpose,91,3.681289,ok,1,direct,0.751263,8,right_elbow,1,1,2.000000,592.680000,329.900000,2.000000,592.176000,329.608000,0.582477,45.621666,1,0.072000,0.999371
SP_R_Jongkok_1,openpose,91,3.681289,ok,1,direct,0.751263,9,left_wrist,1,1,2.000000,713.030000,407.850000,2.000000,713.568000,402.157000,5.718365,45.621666,1,0.062000,0.921509
SP_R_Jongkok_1,openpose,91,3.681289,ok,1,direct,0.751263,10,right_wrist,1,1,2.000000,597.000000,411.010000,2.000000,597.990000,402.154000,8.911164,45.621666,1,0.062000,0.819955
SP_R_Jongkok_1,openpose,91,3.681289,ok,1,direct,0.751263,11,left_hip,1,1,2.000000,683.070000,402.380000,2.000000,682.219000,411.902000,9.559952,45.621666,1,0.107000,0.926162
SP_R_Jongkok_1,openpose,91,3.681289,ok,1,direct,0.751263,12,right_hip,1,1,2.000000,623.520000,406.920000,2.000000,621.542000,409.996000,3.657084,45.621666,1,0.107000,0.988838
SP_R_Jongkok_1,openpose,91,3.681289,ok,1,direct,0.751263,13,left_knee,1,1,2.000000,702.060000,527.020000,2.000000,698.021000,521.639000,6.728201,45.621666,1,0.087000,0.944149
SP_R_Jongkok_1,openpose,91,3.681289,ok,1,direct,0.751263,14,right_knee,1,1,2.000000,632.780000,522.630000,2.000000,633.269000,527.481000,4.875584,45.621666,1,0.087000,0.970272
SP_R_Jongkok_1,openpose,91,3.681289,ok,1,direct,0.751263,15,left_ankle,1,1,2.000000,711.420000,655.320000,2.000000,709.756000,631.340000,24.037664,45.621666,1,0.089000,0.496110
SP_R_Jongkok_1,openpose,91,3.681289,ok,1,direct,0.751263,16,right_ankle,1,1,2.000000,653.550000,650.860000,2.000000,648.999000,631.305000,20.077590,45.621666,1,0.089000,0.613224
SP_R_Jongkok_1,openpose,92,3.721742,ok,1,direct,0.753827,0,nose,0,0,0.000000,0.000000,0.000000,2.000000,637.279000,176.813000,,,,0.026000,
SP_R_Jongkok_1,openpose,92,3.721742,ok,1,direct,0.753827,1,left_eye,0,0,0.000000,0.000000,0.000000,2.000000,648.956000,165.128000,,,,0.025000,
SP_R_Jongkok_1,openpose,92,3.721742,ok,1,direct,0.753827,2,right_eye,0,0,0.000000,0.000000,0.000000,2.000000,633.290000,167.065000,,,,0.025000,
SP_R_Jongkok_1,openpose,92,3.721742,ok,1,direct,0.753827,3,left_ear,0,0,0.000000,0.000000,0.000000,2.000000,672.530000,176.767000,,,,0.035000,
SP_R_Jongkok_1,openpose,92,3.721742,ok,1,direct,0.753827,4,right_ear,0,0,0.000000,0.000000,0.000000,0.000000,0.000000,0.000000,,,,0.035000,
SP_R_Jongkok_1,openpose,92,3.721742,ok,1,direct,0.753827,5,left_shoulder,1,1,2.000000,704.020000,244.800000,2.000000,701.850000,243.458000,2.551444,45.621666,1,0.079000,0.990027
SP_R_Jongkok_1,openpose,92,3.721742,ok,1,direct,0.753827,6,right_shoulder,1,1,2.000000,604.460000,251.610000,2.000000,609.759000,247.329000,6.812222,45.621666,1,0.079000,0.931041
SP_R_Jongkok_1,openpose,92,3.721742,ok,1,direct,0.753827,7,left_elbow,1,1,2.000000,719.430000,329.000000,2.000000,719.547000,329.631000,0.641755,45.621666,1,0.072000,0.999237
SP_R_Jongkok_1,openpose,92,3.721742,ok,1,direct,0.753827,8,right_elbow,1,1,2.000000,592.680000,329.900000,2.000000,590.202000,329.607000,2.495262,45.621666,1,0.072000,0.988525
SP_R_Jongkok_1,openpose,92,3.721742,ok,1,direct,0.753827,9,left_wrist,1,1,2.000000,713.030000,407.850000,2.000000,711.726000,402.161000,5.836535,45.621666,1,0.062000,0.918369
SP_R_Jongkok_1,openpose,92,3.721742,ok,1,direct,0.753827,10,right_wrist,1,1,2.000000,597.000000,411.010000,2.000000,596.087000,404.036000,7.033509,45.621666,1,0.062000,0.883675
SP_R_Jongkok_1,openpose,92,3.721742,ok,1,direct,0.753827,11,left_hip,1,1,2.000000,683.070000,402.380000,2.000000,680.367000,411.940000,9.934778,45.621666,1,0.107000,0.920499
SP_R_Jongkok_1,openpose,92,3.721742,ok,1,direct,0.753827,12,right_hip,1,1,2.000000,623.840000,407.560000,2.000000,621.498000,411.928000,4.956247,45.621666,1,0.107000,0.979594
SP_R_Jongkok_1,openpose,92,3.721742,ok,1,direct,0.753827,13,left_knee,1,1,2.000000,702.060000,527.020000,2.000000,698.021000,521.629000,6.736201,45.621666,1,0.087000,0.944020
SP_R_Jongkok_1,openpose,92,3.721742,ok,1,direct,0.753827,14,right_knee,1,1,2.000000,632.780000,522.630000,2.000000,633.261000,525.587000,2.995865,45.621666,1,0.087000,0.988670
SP_R_Jongkok_1,openpose,92,3.721742,ok,1,direct,0.753827,15,left_ankle,1,1,2.000000,711.420000,655.320000,2.000000,709.744000,631.295000,24.083388,45.621666,1,0.089000,0.494787
SP_R_Jongkok_1,openpose,92,3.721742,ok,1,direct,0.753827,16,right_ankle,1,1,2.000000,653.550000,650.860000,2.000000,649.035000,629.397000,21.932752,45.621666,1,0.089000,0.557902
SP_R_Jongkok_1,openpose,93,3.762196,ok,1,direct,0.740707,0,nose,0,0,0.000000,0.000000,0.000000,2.000000,637.257000,176.792000,,,,0.026000,
SP_R_Jongkok_1,openpose,93,3.762196,ok,1,direct,0.740707,1,left_eye,0,0,0.000000,0.000000,0.000000,2.000000,648.941000,165.084000,,,,0.025000,
SP_R_Jongkok_1,openpose,93,3.762196,ok,1,direct,0.740707,2,right_eye,0,0,0.000000,0.000000,0.000000,2.000000,633.265000,167.046000,,,,0.025000,
SP_R_Jongkok_1,openpose,93,3.762196,ok,1,direct,0.740707,3,left_ear,0,0,0.000000,0.000000,0.000000,2.000000,674.406000,174.854000,,,,0.035000,
SP_R_Jongkok_1,openpose,93,3.762196,ok,1,direct,0.740707,4,right_ear,0,0,0.000000,0.000000,0.000000,0.000000,0.000000,0.000000,,,,0.035000,
SP_R_Jongkok_1,openpose,93,3.762196,ok,1,direct,0.740707,5,left_shoulder,1,1,2.000000,704.020000,244.800000,2.000000,701.883000,245.355000,2.207894,45.621666,1,0.079000,0.992522
SP_R_Jongkok_1,openpose,93,3.762196,ok,1,direct,0.740707,6,right_shoulder,1,1,2.000000,604.460000,251.610000,2.000000,609.793000,247.409000,6.788909,45.621666,1,0.079000,0.931496
SP_R_Jongkok_1,openpose,93,3.762196,ok,1,direct,0.740707,7,left_elbow,1,1,2.000000,719.430000,329.000000,2.000000,723.361000,341.369000,12.978633,45.621666,1,0.072000,0.731810
SP_R_Jongkok_1,openpose,93,3.762196,ok,1,direct,0.740707,8,right_elbow,1,1,2.000000,592.680000,329.900000,2.000000,592.165000,329.677000,0.561208,45.621666,1,0.072000,0.999416
SP_R_Jongkok_1,openpose,93,3.762196,ok,1,direct,0.740707,9,left_wrist,1,1,2.000000,711.800000,407.850000,2.000000,707.779000,413.877000,7.245217,45.621666,1,0.062000,0.877023
SP_R_Jongkok_1,openpose,93,3.762196,ok,1,direct,0.740707,10,right_wrist,1,1,2.000000,597.740000,411.010000,2.000000,598.053000,402.163000,8.852535,45.621666,1,0.062000,0.822093
SP_R_Jongkok_1,openpose,93,3.762196,ok,1,direct,0.740707,11,left_hip,1,1,2.000000,683.070000,402.380000,2.000000,682.278000,413.897000,11.544200,45.621666,1,0.107000,0.894176
SP_R_Jongkok_1,openpose,93,3.762196,ok,1,direct,0.740707,12,right_hip,1,1,2.000000,623.840000,407.560000,2.000000,621.593000,411.953000,4.934314,45.621666,1,0.107000,0.979772
SP_R_Jongkok_1,openpose,93,3.762196,ok,1,direct,0.740707,13,left_knee,1,1,2.000000,702.060000,527.020000,2.000000,697.966000,521.658000,6.746249,45.621666,1,0.087000,0.943858
SP_R_Jongkok_1,openpose,93,3.762196,ok,1,direct,0.740707,14,right_knee,1,1,2.000000,632.780000,522.630000,2.000000,633.283000,525.575000,2.987647,45.621666,1,0.087000,0.988732
SP_R_Jongkok_1,openpose,93,3.762196,ok,1,direct,0.740707,15,left_ankle,1,1,2.000000,711.420000,655.320000,2.000000,711.578000,631.293000,24.027519,45.621666,1,0.089000,0.496403
SP_R_Jongkok_1,openpose,93,3.762196,ok,1,direct,0.740707,16,right_ankle,1,1,2.000000,653.550000,650.860000,2.000000,650.886000,629.404000,21.620750,45.621666,1,0.089000,0.567176
SP_R_Jongkok_1,openpose,94,3.802650,ok,1,direct,0.743002,0,nose,0,0,0.000000,0.000000,0.000000,2.000000,637.285000,176.780000,,,,0.026000,
SP_R_Jongkok_1,openpose,94,3.802650,ok,1,direct,0.743002,1,left_eye,0,0,0.000000,0.000000,0.000000,2.000000,648.973000,165.081000,,,,0.025000,
SP_R_Jongkok_1,openpose,94,3.802650,ok,1,direct,0.743002,2,right_eye,0,0,0.000000,0.000000,0.000000,2.000000,633.288000,167.022000,,,,0.025000,
SP_R_Jongkok_1,openpose,94,3.802650,ok,1,direct,0.743002,3,left_ear,0,0,0.000000,0.000000,0.000000,2.000000,674.403000,174.868000,,,,0.035000,
SP_R_Jongkok_1,openpose,94,3.802650,ok,1,direct,0.743002,4,right_ear,0,0,0.000000,0.000000,0.000000,0.000000,0.000000,0.000000,,,,0.035000,
SP_R_Jongkok_1,openpose,94,3.802650,ok,1,direct,0.743002,5,left_shoulder,1,1,2.000000,704.020000,244.800000,2.000000,701.861000,245.365000,2.231705,45.621666,1,0.079000,0.992361
SP_R_Jongkok_1,openpose,94,3.802650,ok,1,direct,0.743002,6,right_shoulder,1,1,2.000000,604.460000,251.610000,2.000000,609.771000,247.406000,6.773503,45.621666,1,0.079000,0.931796
SP_R_Jongkok_1,openpose,94,3.802650,ok,1,direct,0.743002,7,left_elbow,1,1,2.000000,719.430000,329.000000,2.000000,721.430000,335.489000,6.790222,45.621666,1,0.072000,0.918085
SP_R_Jongkok_1,openpose,94,3.802650,ok,1,direct,0.743002,8,right_elbow,1,1,2.000000,592.680000,329.900000,2.000000,590.227000,331.586000,2.976542,45.621666,1,0.072000,0.983711
SP_R_Jongkok_1,openpose,94,3.802650,ok,1,direct,0.743002,9,left_wrist,1,1,2.000000,710.570000,407.850000,2.000000,705.780000,409.913000,5.215369,45.621666,1,0.062000,0.934266
SP_R_Jongkok_1,openpose,94,3.802650,ok,1,direct,0.743002,10,right_wrist,1,1,2.000000,598.480000,411.010000,2.000000,596.110000,404.074000,7.329734,45.621666,1,0.062000,0.874326
SP_R_Jongkok_1,openpose,94,3.802650,ok,1,direct,0.743002,11,left_hip,1,1,2.000000,683.070000,402.380000,2.000000,682.321000,413.863000,11.507402,45.621666,1,0.107000,0.894812
SP_R_Jongkok_1,openpose,94,3.802650,ok,1,direct,0.743002,12,right_hip,1,1,2.000000,623.840000,407.560000,2.000000,623.470000,413.864000,6.314849,45.621666,1,0.107000,0.967085
SP_R_Jongkok_1,openpose,94,3.802650,ok,1,direct,0.743002,13,left_knee,1,1,2.000000,702.060000,527.020000,2.000000,697.979000,521.635000,6.756685,45.621666,1,0.087000,0.943689
SP_R_Jongkok_1,openpose,94,3.802650,ok,1,direct,0.743002,14,right_knee,1,1,2.000000,632.780000,522.630000,2.000000,633.282000,525.562000,2.974664,45.621666,1,0.087000,0.988829
SP_R_Jongkok_1,openpose,94,3.802650,ok,1,direct,0.743002,15,left_ankle,1,1,2.000000,711.420000,655.320000,2.000000,709.739000,629.395000,25.979442,45.621666,1,0.089000,0.440969
SP_R_Jongkok_1,openpose,94,3.802650,ok,1,direct,0.743002,16,right_ankle,1,1,2.000000,653.550000,650.860000,2.000000,650.890000,629.409000,21.615296,45.621666,1,0.089000,0.567338
SP_R_Jongkok_1,openpose,95,3.843103,ok,1,direct,0.752459,0,nose,0,0,0.000000,0.000000,0.000000,2.000000,637.293000,176.798000,,,,0.026000,
SP_R_Jongkok_1,openpose,95,3.843103,ok,1,direct,0.752459,1,left_eye,0,0,0.000000,0.000000,0.000000,2.000000,648.994000,165.115000,,,,0.025000,
SP_R_Jongkok_1,openpose,95,3.843103,ok,1,direct,0.752459,2,right_eye,0,0,0.000000,0.000000,0.000000,2.000000,633.311000,167.019000,,,,0.025000,
SP_R_Jongkok_1,openpose,95,3.843103,ok,1,direct,0.752459,3,left_ear,0,0,0.000000,0.000000,0.000000,2.000000,674.430000,174.862000,,,,0.035000,
SP_R_Jongkok_1,openpose,95,3.843103,ok,1,direct,0.752459,4,right_ear,0,0,0.000000,0.000000,0.000000,0.000000,0.000000,0.000000,,,,0.035000,
SP_R_Jongkok_1,openpose,95,3.843103,ok,1,direct,0.752459,5,left_shoulder,1,1,2.000000,704.020000,244.800000,2.000000,703.803000,245.386000,0.624888,45.621666,1,0.079000,0.999399
SP_R_Jongkok_1,openpose,95,3.843103,ok,1,direct,0.752459,6,right_shoulder,1,1,2.000000,604.460000,251.610000,2.000000,609.769000,247.403000,6.773797,45.621666,1,0.079000,0.931790
SP_R_Jongkok_1,openpose,95,3.843103,ok,1,direct,0.752459,7,left_elbow,1,1,2.000000,719.430000,329.000000,2.000000,719.503000,333.531000,4.531588,45.621666,1,0.072000,0.962651
SP_R_Jongkok_1,openpose,95,3.843103,ok,1,direct,0.752459,8,right_elbow,1,1,2.000000,592.680000,329.900000,2.000000,590.232000,331.624000,2.994141,45.621666,1,0.072000,0.983520
SP_R_Jongkok_1,openpose,95,3.843103,ok,1,direct,0.752459,9,left_wrist,1,1,2.000000,709.340000,407.850000,2.000000,707.766000,407.995000,1.580665,45.621666,1,0.062000,0.993774
SP_R_Jongkok_1,openpose,95,3.843103,ok,1,direct,0.752459,10,right_wrist,1,1,2.000000,599.220000,411.010000,2.000000,598.040000,405.999000,5.148060,45.621666,1,0.062000,0.935896
SP_R_Jongkok_1,openpose,95,3.843103,ok,1,direct,0.752459,11,left_hip,1,1,2.000000,683.070000,402.380000,2.000000,684.245000,413.869000,11.548928,45.621666,1,0.107000,0.894094
SP_R_Jongkok_1,openpose,95,3.843103,ok,1,direct,0.752459,12,right_hip,1,1,2.000000,623.840000,407.560000,2.000000,623.491000,411.942000,4.395876,45.621666,1,0.107000,0.983912
SP_R_Jongkok_1,openpose,95,3.843103,ok,1,direct,0.752459,13,left_knee,1,1,2.000000,702.060000,527.020000,2.000000,699.874000,523.590000,4.067370,45.621666,1,0.087000,0.979216
SP_R_Jongkok_1,openpose,95,3.843103,ok,1,direct,0.752459,14,right_knee,1,1,2.000000,632.780000,522.630000,2.000000,633.290000,525.600000,3.013470,45.621666,1,0.087000,0.988537
SP_R_Jongkok_1,openpose,95,3.843103,ok,1,direct,0.752459,15,left_ankle,1,1,2.000000,711.420000,655.320000,2.000000,709.765000,631.289000,24.087922,45.621666,1,0.089000,0.494656
SP_R_Jongkok_1,openpose,95,3.843103,ok,1,direct,0.752459,16,right_ankle,1,1,2.000000,653.550000,650.860000,2.000000,649.036000,629.398000,21.931567,45.621666,1,0.089000,0.557938
SP_R_Jongkok_1,openpose,96,3.883557,ok,1,direct,0.757062,0,nose,0,0,0.000000,0.000000,0.000000,2.000000,639.139000,176.806000,,,,0.026000,
SP_R_Jongkok_1,openpose,96,3.883557,ok,1,direct,0.757062,1,left_eye,0,0,0.000000,0.000000,0.000000,2.000000,648.992000,165.094000,,,,0.025000,
SP_R_Jongkok_1,openpose,96,3.883557,ok,1,direct,0.757062,2,right_eye,0,0,0.000000,0.000000,0.000000,2.000000,633.325000,167.030000,,,,0.025000,
SP_R_Jongkok_1,openpose,96,3.883557,ok,1,direct,0.757062,3,left_ear,0,0,0.000000,0.000000,0.000000,2.000000,674.420000,174.796000,,,,0.035000,
SP_R_Jongkok_1,openpose,96,3.883557,ok,1,direct,0.757062,4,right_ear,0,0,0.000000,0.000000,0.000000,0.000000,0.000000,0.000000,,,,0.035000,
SP_R_Jongkok_1,openpose,96,3.883557,ok,1,direct,0.757062,5,left_shoulder,1,1,2.000000,704.020000,244.800000,2.000000,701.916000,245.341000,2.172440,45.621666,1,0.079000,0.992760
SP_R_Jongkok_1,openpose,96,3.883557,ok,1,direct,0.757062,6,right_shoulder,1,1,2.000000,604.460000,251.610000,2.000000,607.856000,249.276000,4.120725,45.621666,1,0.079000,0.974194
SP_R_Jongkok_1,openpose,96,3.883557,ok,1,direct,0.757062,7,left_elbow,1,1,2.000000,719.430000,329.000000,2.000000,719.556000,335.461000,6.462228,45.621666,1,0.072000,0.925512
SP_R_Jongkok_1,openpose,96,3.883557,ok,1,direct,0.757062,8,right_elbow,1,1,2.000000,592.680000,329.900000,2.000000,590.214000,333.547000,4.402473,45.621666,1,0.072000,0.964711
SP_R_Jongkok_1,openpose,96,3.883557,ok,1,direct,0.757062,9,left_wrist,1,1,2.000000,707.430000,407.850000,2.000000,703.837000,406.095000,3.998709,45.621666,1,0.062000,0.960817
SP_R_Jongkok_1,openpose,96,3.883557,ok,1,direct,0.757062,10,right_wrist,1,1,2.000000,599.220000,411.010000,2.000000,600.049000,408.014000,3.108578,45.621666,1,0.062000,0.976133
SP_R_Jongkok_1,openpose,96,3.883557,ok,1,direct,0.757062,11,left_hip,1,1,2.000000,683.070000,402.380000,2.000000,682.341000,413.885000,11.528073,45.621666,1,0.107000,0.894455
SP_R_Jongkok_1,openpose,96,3.883557,ok,1,direct,0.757062,12,right_hip,1,1,2.000000,624.600000,407.170000,2.000000,623.515000,415.799000,8.696946,45.621666,1,0.107000,0.938491
SP_R_Jongkok_1,openpose,96,3.883557,ok,1,direct,0.757062,13,left_knee,1,1,2.000000,702.060000,527.020000,2.000000,699.888000,523.598000,4.053106,45.621666,1,0.087000,0.979360
SP_R_Jongkok_1,openpose,96,3.883557,ok,1,direct,0.757062,14,right_knee,1,1,2.000000,632.780000,522.630000,2.000000,633.255000,527.470000,4.863253,45.621666,1,0.087000,0.970420
SP_R_Jongkok_1,openpose,96,3.883557,ok,1,direct,0.757062,15,left_ankle,1,1,2.000000,711.420000,655.320000,2.000000,709.705000,631.330000,24.051223,45.621666,1,0.089000,0.495717
SP_R_Jongkok_1,openpose,96,3.883557,ok,1,direct,0.757062,16,right_ankle,1,1,2.000000,653.550000,650.860000,2.000000,650.888000,631.282000,19.758146,45.621666,1,0.089000,0.622764
SP_R_Jongkok_1,openpose,97,3.924011,ok,1,direct,0.760272,0,nose,0,0,0.000000,0.000000,0.000000,2.000000,639.135000,176.814000,,,,0.026000,
SP_R_Jongkok_1,openpose,97,3.924011,ok,1,direct,0.760272,1,left_eye,0,0,0.000000,0.000000,0.000000,2.000000,648.989000,165.106000,,,,0.025000,
SP_R_Jongkok_1,openpose,97,3.924011,ok,1,direct,0.760272,2,right_eye,0,0,0.000000,0.000000,0.000000,2.000000,633.320000,167.026000,,,,0.025000,
SP_R_Jongkok_1,openpose,97,3.924011,ok,1,direct,0.760272,3,left_ear,0,0,0.000000,0.000000,0.000000,2.000000,674.424000,174.796000,,,,0.035000,
SP_R_Jongkok_1,openpose,97,3.924011,ok,1,direct,0.760272,4,right_ear,0,0,0.000000,0.000000,0.000000,0.000000,0.000000,0.000000,,,,0.035000,
SP_R_Jongkok_1,openpose,97,3.924011,ok,1,direct,0.760272,5,left_shoulder,1,1,2.000000,704.020000,244.800000,2.000000,701.904000,245.338000,2.183323,45.621666,1,0.079000,0.992687
SP_R_Jongkok_1,openpose,97,3.924011,ok,1,direct,0.760272,6,right_shoulder,1,1,2.000000,604.460000,251.610000,2.000000,607.891000,247.380000,5.446527,45.621666,1,0.079000,0.955353
SP_R_Jongkok_1,openpose,97,3.924011,ok,1,direct,0.760272,7,left_elbow,1,1,2.000000,719.430000,329.000000,2.000000,719.452000,333.526000,4.526053,45.621666,1,0.072000,0.962740
SP_R_Jongkok_1,openpose,97,3.924011,ok,1,direct,0.760272,8,right_elbow,1,1,2.000000,592.680000,329.900000,2.000000,592.145000,333.522000,3.661299,45.621666,1,0.072000,0.975458
SP_R_Jongkok_1,openpose,97,3.924011,ok,1,direct,0.760272,9,left_wrist,1,1,2.000000,705.520000,407.850000,2.000000,699.900000,406.040000,5.904278,45.621666,1,0.062000,0.916545
SP_R_Jongkok_1,openpose,97,3.924011,ok,1,direct,0.760272,10,right_wrist,1,1,2.000000,599.220000,411.010000,2.000000,601.926000,408.029000,4.026015,45.621666,1,0.062000,0.960291
SP_R_Jongkok_1,openpose,97,3.924011,ok,1,direct,0.760272,11,left_hip,1,1,2.000000,683.070000,402.380000,2.000000,682.321000,413.880000,11.524366,45.621666,1,0.107000,0.894519
SP_R_Jongkok_1,openpose,97,3.924011,ok,1,direct,0.760272,12,right_hip,1,1,2.000000,625.370000,406.790000,2.000000,623.522000,413.885000,7.331721,45.621666,1,0.107000,0.955886
SP_R_Jongkok_1,openpose,97,3.924011,ok,1,direct,0.760272,13,left_knee,1,1,2.000000,702.060000,527.020000,2.000000,698.005000,523.601000,5.304016,45.621666,1,0.087000,0.964915
SP_R_Jongkok_1,openpose,97,3.924011,ok,1,direct,0.760272,14,right_knee,1,1,2.000000,632.780000,522.630000,2.000000,633.306000,527.507000,4.905283,45.621666,1,0.087000,0.969914
SP_R_Jongkok_1,openpose,97,3.924011,ok,1,direct,0.760272,15,left_ankle,1,1,2.000000,711.420000,655.320000,2.000000,709.670000,631.356000,24.027813,45.621666,1,0.089000,0.496395
SP_R_Jongkok_1,openpose,97,3.924011,ok,1,direct,0.760272,16,right_ankle,1,1,2.000000,653.550000,650.860000,2.000000,650.897000,631.330000,19.709371,45.621666,1,0.089000,0.624220
SP_R_Jongkok_1,openpose,98,3.964465,ok,1,direct,0.760063,0,nose,0,0,0.000000,0.000000,0.000000,2.000000,639.120000,176.815000,,,,0.026000,
SP_R_Jongkok_1,openpose,98,3.964465,ok,1,direct,0.760063,1,left_eye,0,0,0.000000,0.000000,0.000000,2.000000,648.980000,165.118000,,,,0.025000,
SP_R_Jongkok_1,openpose,98,3.964465,ok,1,direct,0.760063,2,right_eye,0,0,0.000000,0.000000,0.000000,2.000000,633.305000,167.033000,,,,0.025000,
SP_R_Jongkok_1,openpose,98,3.964465,ok,1,direct,0.760063,3,left_ear,0,0,0.000000,0.000000,0.000000,2.000000,674.407000,174.821000,,,,0.035000,
SP_R_Jongkok_1,openpose,98,3.964465,ok,1,direct,0.760063,4,right_ear,0,0,0.000000,0.000000,0.000000,0.000000,0.000000,0.000000,,,,0.035000,
SP_R_Jongkok_1,openpose,98,3.964465,ok,1,direct,0.760063,5,left_shoulder,1,1,2.000000,704.020000,244.800000,2.000000,703.809000,245.341000,0.580691,45.621666,1,0.079000,0.999481
SP_R_Jongkok_1,openpose,98,3.964465,ok,1,direct,0.760063,6,right_shoulder,1,1,2.000000,604.460000,251.610000,2.000000,607.820000,249.295000,4.080297,45.621666,1,0.079000,0.974692
SP_R_Jongkok_1,openpose,98,3.964465,ok,1,direct,0.760063,7,left_elbow,1,1,2.000000,719.430000,329.000000,2.000000,719.542000,329.604000,0.614296,45.621666,1,0.072000,0.999301
SP_R_Jongkok_1,openpose,98,3.964465,ok,1,direct,0.760063,8,right_elbow,1,1,2.000000,592.680000,329.900000,2.000000,592.130000,333.565000,3.706039,45.621666,1,0.072000,0.974862
SP_R_Jongkok_1,openpose,98,3.964465,ok,1,direct,0.760063,9,left_wrist,1,1,2.000000,703.600000,407.850000,2.000000,699.914000,402.095000,6.834224,45.621666,1,0.062000,0.889801
SP_R_Jongkok_1,openpose,98,3.964465,ok,1,direct,0.760063,10,right_wrist,1,1,2.000000,599.220000,411.010000,2.000000,601.918000,408.017000,4.029547,45.621666,1,0.062000,0.960223
SP_R_Jongkok_1,openpose,98,3.964465,ok,1,direct,0.760063,11,left_hip,1,1,2.000000,683.070000,402.380000,2.000000,684.215000,413.855000,11.531984,45.621666,1,0.107000,0.894387
SP_R_Jongkok_1,openpose,98,3.964465,ok,1,direct,0.760063,12,right_hip,1,1,2.000000,626.130000,406.410000,2.000000,625.418000,413.898000,7.521774,45.621666,1,0.107000,0.953624
SP_R_Jongkok_1,openpose,98,3.964465,ok,1,direct,0.760063,13,left_knee,1,1,2.000000,702.060000,527.020000,2.000000,697.950000,523.542000,5.384105,45.621666,1,0.087000,0.963867
SP_R_Jongkok_1,openpose,98,3.964465,ok,1,direct,0.760063,14,right_knee,1,1,2.000000,632.780000,522.630000,2.000000,633.277000,525.590000,3.001434,45.621666,1,0.087000,0.988628
SP_R_Jongkok_1,openpose,98,3.964465,ok,1,direct,0.760063,15,left_ankle,1,1,2.000000,711.420000,655.320000,2.000000,709.701000,631.370000,24.011611,45.621666,1,0.089000,0.496864
SP_R_Jongkok_1,openpose,98,3.964465,ok,1,direct,0.760063,16,right_ankle,1,1,2.000000,653.550000,650.860000,2.000000,650.885000,631.296000,19.744678,45.621666,1,0.089000,0.623166
SP_R_Jongkok_1,openpose,99,4.004918,ok,1,direct,0.758159,0,nose,0,0,0.000000,0.000000,0.000000,2.000000,639.134000,176.793000,,,,0.026000,
SP_R_Jongkok_1,openpose,99,4.004918,ok,1,direct,0.758159,1,left_eye,0,0,0.000000,0.000000,0.000000,2.000000,648.990000,165.119000,,,,0.025000,
SP_R_Jongkok_1,openpose,99,4.004918,ok,1,direct,0.758159,2,right_eye,0,0,0.000000,0.000000,0.000000,2.000000,633.339000,167.011000,,,,0.025000,
SP_R_Jongkok_1,openpose,99,4.004918,ok,1,direct,0.758159,3,left_ear,0,0,0.000000,0.000000,0.000000,2.000000,672.530000,174.865000,,,,0.035000,
SP_R_Jongkok_1,openpose,99,4.004918,ok,1,direct,0.758159,4,right_ear,0,0,0.000000,0.000000,0.000000,0.000000,0.000000,0.000000,,,,0.035000,
SP_R_Jongkok_1,openpose,99,4.004918,ok,1,direct,0.758159,5,left_shoulder,1,1,2.000000,704.020000,244.800000,2.000000,703.812000,243.492000,1.324435,45.621666,1,0.079000,0.997303
SP_R_Jongkok_1,openpose,99,4.004918,ok,1,direct,0.758159,6,right_shoulder,1,1,2.000000,604.460000,251.610000,2.000000,607.844000,249.277000,4.110273,45.621666,1,0.079000,0.974323
SP_R_Jongkok_1,openpose,99,4.004918,ok,1,direct,0.758159,7,left_elbow,1,1,2.000000,719.430000,329.000000,2.000000,717.583000,327.722000,2.246039,45.621666,1,0.072000,0.990693
SP_R_Jongkok_1,openpose,99,4.004918,ok,1,direct,0.758159,8,right_elbow,1,1,2.000000,592.680000,329.900000,2.000000,594.068000,333.535000,3.890986,45.621666,1,0.072000,0.972327
SP_R_Jongkok_1,openpose,99,4.004918,ok,1,direct,0.758159,9,left_wrist,1,1,2.000000,701.690000,407.850000,2.000000,699.854000,402.085000,6.050299,45.621666,1,0.062000,0.912554
SP_R_Jongkok_1,openpose,99,4.004918,ok,1,direct,0.758159,10,right_wrist,1,1,2.000000,599.220000,411.010000,2.000000,601.893000,406.075000,5.612411,45.621666,1,0.062000,0.924279
SP_R_Jongkok_1,openpose,99,4.004918,ok,1,direct,0.758159,11,left_hip,1,1,2.000000,683.070000,402.380000,2.000000,682.343000,413.837000,11.480043,45.621666,1,0.107000,0.895285
SP_R_Jongkok_1,openpose,99,4.004918,ok,1,direct,0.758159,12,right_hip,1,1,2.000000,626.900000,406.030000,2.000000,625.436000,413.853000,7.958808,45.621666,1,0.107000,0.948225
SP_R_Jongkok_1,openpose,99,4.004918,ok,1,direct,0.758159,13,left_knee,1,1,2.000000,702.060000,527.020000,2.000000,697.984000,523.635000,5.298302,45.621666,1,0.087000,0.964989
SP_R_Jongkok_1,openpose,99,4.004918,ok,1,direct,0.758159,14,right_knee,1,1,2.000000,632.780000,522.630000,2.000000,633.270000,525.587000,2.997324,45.621666,1,0.087000,0.988659
SP_R_Jongkok_1,openpose,99,4.004918,ok,1,direct,0.758159,15,left_ankle,1,1,2.000000,711.420000,655.320000,2.000000,709.742000,631.351000,24.027664,45.621666,1,0.089000,0.496399
SP_R_Jongkok_1,openpose,99,4.004918,ok,1,direct,0.758159,16,right_ankle,1,1,2.000000,653.550000,650.860000,2.000000,650.871000,631.299000,19.743601,45.621666,1,0.089000,0.623198
SP_R_Jongkok_1,openpose,100,4.045372,ok,1,direct,0.762046,0,nose,0,0,0.000000,0.000000,0.000000,2.000000,639.152000,176.765000,,,,0.026000,
SP_R_Jongkok_1,openpose,100,4.045372,ok,1,direct,0.762046,1,left_eye,0,0,0.000000,0.000000,0.000000,2.000000,649.006000,165.098000,,,,0.025000,
SP_R_Jongkok_1,openpose,100,4.045372,ok,1,direct,0.762046,2,right_eye,0,0,0.000000,0.000000,0.000000,2.000000,633.339000,166.981000,,,,0.025000,
SP_R_Jongkok_1,openpose,100,4.045372,ok,1,direct,0.762046,3,left_ear,0,0,0.000000,0.000000,0.000000,2.000000,672.501000,174.846000,,,,0.035000,
SP_R_Jongkok_1,openpose,100,4.045372,ok,1,direct,0.762046,4,right_ear,0,0,0.000000,0.000000,0.000000,0.000000,0.000000,0.000000,,,,0.035000,
SP_R_Jongkok_1,openpose,100,4.045372,ok,1,direct,0.762046,5,left_shoulder,1,1,2.000000,704.020000,244.800000,2.000000,703.795000,245.378000,0.620249,45.621666,1,0.079000,0.999408
SP_R_Jongkok_1,openpose,100,4.045372,ok,1,direct,0.762046,6,right_shoulder,1,1,2.000000,604.460000,251.610000,2.000000,607.890000,249.313000,4.128088,45.621666,1,0.079000,0.974103
SP_R_Jongkok_1,openpose,100,4.045372,ok,1,direct,0.762046,7,left_elbow,1,1,2.000000,719.430000,329.000000,2.000000,715.632000,331.631000,4.620278,45.621666,1,0.072000,0.961203
SP_R_Jongkok_1,openpose,100,4.045372,ok,1,direct,0.762046,8,right_elbow,1,1,2.000000,592.680000,329.900000,2.000000,592.188000,335.470000,5.591687,45.621666,1,0.072000,0.943690
SP_R_Jongkok_1,openpose,100,4.045372,ok,1,direct,0.762046,9,left_wrist,1,1,2.000000,699.780000,407.850000,2.000000,697.962000,402.112000,6.019117,45.621666,1,0.062000,0.913413
SP_R_Jongkok_1,openpose,100,4.045372,ok,1,direct,0.762046,10,right_wrist,1,1,2.000000,599.220000,411.010000,2.000000,599.997000,406.050000,5.020491,45.621666,1,0.062000,0.938936
SP_R_Jongkok_1,openpose,100,4.045372,ok,1,direct,0.762046,11,left_hip,1,1,2.000000,683.070000,402.380000,2.000000,684.225000,411.892000,9.581867,45.621666,1,0.107000,0.925836
SP_R_Jongkok_1,openpose,100,4.045372,ok,1,direct,0.762046,12,right_hip,1,1,2.000000,627.660000,405.640000,2.000000,625.428000,411.943000,6.686526,45.621666,1,0.107000,0.963170
SP_R_Jongkok_1,openpose,100,4.045372,ok,1,direct,0.762046,13,left_knee,1,1,2.000000,702.060000,527.020000,2.000000,698.027000,523.619000,5.275594,45.621666,1,0.087000,0.965283
SP_R_Jongkok_1,openpose,100,4.045372,ok,1,direct,0.762046,14,right_knee,1,1,2.000000,632.780000,522.630000,2.000000,633.281000,525.584000,2.996184,45.621666,1,0.087000,0.988668
SP_R_Jongkok_1,openpose,100,4.045372,ok,1,direct,0.762046,15,left_ankle,1,1,2.000000,711.420000,655.320000,2.000000,709.764000,631.376000,24.001197,45.621666,1,0.089000,0.497165
SP_R_Jongkok_1,openpose,100,4.045372,ok,1,direct,0.762046,16,right_ankle,1,1,2.000000,653.550000,650.860000,2.000000,649.010000,629.415000,21.920302,45.621666,1,0.089000,0.558272
SP_R_Jongkok_1,openpose,101,4.085826,ok,1,direct,0.760455,0,nose,0,0,0.000000,0.000000,0.000000,2.000000,639.129000,176.783000,,,,0.026000,
SP_R_Jongkok_1,openpose,101,4.085826,ok,1,direct,0.760455,1,left_eye,0,0,0.000000,0.000000,0.000000,2.000000,648.974000,165.122000,,,,0.025000,
SP_R_Jongkok_1,openpose,101,4.085826,ok,1,direct,0.760455,2,right_eye,0,0,0.000000,0.000000,0.000000,2.000000,633.331000,167.018000,,,,0.025000,
SP_R_Jongkok_1,openpose,101,4.085826,ok,1,direct,0.760455,3,left_ear,0,0,0.000000,0.000000,0.000000,2.000000,672.521000,174.810000,,,,0.035000,
SP_R_Jongkok_1,openpose,101,4.085826,ok,1,direct,0.760455,4,right_ear,0,0,0.000000,0.000000,0.000000,0.000000,0.000000,0.000000,,,,0.035000,
SP_R_Jongkok_1,openpose,101,4.085826,ok,1,direct,0.760455,5,left_shoulder,1,1,2.000000,704.020000,244.800000,2.000000,703.781000,245.351000,0.600601,45.621666,1,0.079000,0.999445
SP_R_Jongkok_1,openpose,101,4.085826,ok,1,direct,0.760455,6,right_shoulder,1,1,2.000000,604.460000,251.610000,2.000000,609.796000,247.414000,6.788174,45.621666,1,0.079000,0.931510
SP_R_Jongkok_1,openpose,101,4.085826,ok,1,direct,0.760455,7,left_elbow,1,1,2.000000,719.430000,329.000000,2.000000,715.644000,331.547000,4.563004,45.621666,1,0.072000,0.962141
SP_R_Jongkok_1,openpose,101,4.085826,ok,1,direct,0.760455,8,right_elbow,1,1,2.000000,592.680000,329.900000,2.000000,592.142000,333.578000,3.717140,45.621666,1,0.072000,0.974713
SP_R_Jongkok_1,openpose,101,4.085826,ok,1,direct,0.760455,9,left_wrist,1,1,2.000000,699.780000,407.850000,2.000000,697.950000,400.199000,7.866810,45.621666,1,0.062000,0.856669
SP_R_Jongkok_1,openpose,101,4.085826,ok,1,direct,0.760455,10,right_wrist,1,1,2.000000,599.220000,411.010000,2.000000,599.988000,406.011000,5.057650,45.621666,1,0.062000,0.938057
SP_R_Jongkok_1,openpose,101,4.085826,ok,1,direct,0.760455,11,left_hip,1,1,2.000000,683.070000,402.380000,2.000000,684.238000,411.952000,9.642998,45.621666,1,0.107000,0.924923
SP_R_Jongkok_1,openpose,101,4.085826,ok,1,direct,0.760455,12,right_hip,1,1,2.000000,627.660000,405.640000,2.000000,625.477000,413.853000,8.498168,45.621666,1,0.107000,0.941187
SP_R_Jongkok_1,openpose,101,4.085826,ok,1,direct,0.760455,13,left_knee,1,1,2.000000,702.060000,527.020000,2.000000,699.858000,525.510000,2.670001,45.621666,1,0.087000,0.990990
SP_R_Jongkok_1,openpose,101,4.085826,ok,1,direct,0.760455,14,right_knee,1,1,2.000000,632.780000,522.630000,2.000000,633.282000,525.575000,2.987479,45.621666,1,0.087000,0.988733
SP_R_Jongkok_1,openpose,101,4.085826,ok,1,direct,0.760455,15,left_ankle,1,1,2.000000,711.420000,655.320000,2.000000,711.601000,631.375000,23.945684,45.621666,1,0.089000,0.498773
SP_R_Jongkok_1,openpose,101,4.085826,ok,1,direct,0.760455,16,right_ankle,1,1,2.000000,653.550000,650.860000,2.000000,649.013000,629.396000,21.938269,45.621666,1,0.089000,0.557739
SP_R_Jongkok_1,openpose,102,4.126280,ok,1,direct,0.763629,0,nose,0,0,0.000000,0.000000,0.000000,2.000000,639.148000,176.778000,,,,0.026000,
SP_R_Jongkok_1,openpose,102,4.126280,ok,1,direct,0.763629,1,left_eye,0,0,0.000000,0.000000,0.000000,2.000000,648.997000,165.129000,,,,0.025000,
SP_R_Jongkok_1,openpose,102,4.126280,ok,1,direct,0.763629,2,right_eye,0,0,0.000000,0.000000,0.000000,2.000000,633.346000,167.013000,,,,0.025000,
SP_R_Jongkok_1,openpose,102,4.126280,ok,1,direct,0.763629,3,left_ear,0,0,0.000000,0.000000,0.000000,2.000000,672.503000,174.813000,,,,0.035000,
SP_R_Jongkok_1,openpose,102,4.126280,ok,1,direct,0.763629,4,right_ear,0,0,0.000000,0.000000,0.000000,0.000000,0.000000,0.000000,,,,0.035000,
SP_R_Jongkok_1,openpose,102,4.126280,ok,1,direct,0.763629,5,left_shoulder,1,1,2.000000,704.020000,244.800000,2.000000,703.801000,245.370000,0.610623,45.621666,1,0.079000,0.999426
SP_R_Jongkok_1,openpose,102,4.126280,ok,1,direct,0.763629,6,right_shoulder,1,1,2.000000,604.460000,251.610000,2.000000,607.885000,249.292000,4.135668,45.621666,1,0.079000,0.974009
SP_R_Jongkok_1,openpose,102,4.126280,ok,1,direct,0.763629,7,left_elbow,1,1,2.000000,719.430000,329.000000,2.000000,717.503000,331.610000,3.244292,45.621666,1,0.072000,0.980679
SP_R_Jongkok_1,openpose,102,4.126280,ok,1,direct,0.763629,8,right_elbow,1,1,2.000000,592.680000,329.900000,2.000000,590.232000,333.532000,4.379969,45.621666,1,0.072000,0.965065
SP_R_Jongkok_1,openpose,102,4.126280,ok,1,direct,0.763629,9,left_wrist,1,1,2.000000,699.780000,407.850000,2.000000,696.024000,400.163000,8.555554,45.621666,1,0.062000,0.832786
SP_R_Jongkok_1,openpose,102,4.126280,ok,1,direct,0.763629,10,right_wrist,1,1,2.000000,599.220000,411.010000,2.000000,598.070000,406.000000,5.140292,45.621666,1,0.062000,0.936083
SP_R_Jongkok_1,openpose,102,4.126280,ok,1,direct,0.763629,11,left_hip,1,1,2.000000,683.070000,402.380000,2.000000,684.267000,413.852000,11.534279,45.621666,1,0.107000,0.894347
SP_R_Jongkok_1,openpose,102,4.126280,ok,1,direct,0.763629,12,right_hip,1,1,2.000000,627.660000,405.640000,2.000000,625.455000,415.802000,10.398474,45.621666,1,0.107000,0.913244
SP_R_Jongkok_1,openpose,102,4.126280,ok,1,direct,0.763629,13,left_knee,1,1,2.000000,702.060000,527.020000,2.000000,699.858000,523.613000,4.056655,45.621666,1,0.087000,0.979324
SP_R_Jongkok_1,openpose,102,4.126280,ok,1,direct,0.763629,14,right_knee,1,1,2.000000,632.780000,522.630000,2.000000,633.256000,527.467000,4.860365,45.621666,1,0.087000,0.970455
SP_R_Jongkok_1,openpose,102,4.126280,ok,1,direct,0.763629,15,left_ankle,1,1,2.000000,711.420000,655.320000,2.000000,711.619000,631.372000,23.948827,45.621666,1,0.089000,0.498682
SP_R_Jongkok_1,openpose,102,4.126280,ok,1,direct,0.763629,16,right_ankle,1,1,2.000000,653.550000,650.860000,2.000000,650.873000,629.416000,21.610448,45.621666,1,0.089000,0.567482
SP_R_Jongkok_1,openpose,103,4.166733,ok,1,direct,0.761934,0,nose,0,0,0.000000,0.000000,0.000000,2.000000,639.131000,176.789000,,,,0.026000,
SP_R_Jongkok_1,openpose,103,4.166733,ok,1,direct,0.761934,1,left_eye,0,0,0.000000,0.000000,0.000000,2.000000,648.978000,165.122000,,,,0.025000,
SP_R_Jongkok_1,openpose,103,4.166733,ok,1,direct,0.761934,2,right_eye,0,0,0.000000,0.000000,0.000000,2.000000,633.324000,167.023000,,,,0.025000,
SP_R_Jongkok_1,openpose,103,4.166733,ok,1,direct,0.761934,3,left_ear,0,0,0.000000,0.000000,0.000000,2.000000,672.481000,172.950000,,,,0.035000,
SP_R_Jongkok_1,openpose,103,4.166733,ok,1,direct,0.761934,4,right_ear,0,0,0.000000,0.000000,0.000000,0.000000,0.000000,0.000000,,,,0.035000,
SP_R_Jongkok_1,openpose,103,4.166733,ok,1,direct,0.761934,5,left_shoulder,1,1,2.000000,704.020000,244.800000,2.000000,703.802000,245.373000,0.613069,45.621666,1,0.079000,0.999421
SP_R_Jongkok_1,openpose,103,4.166733,ok,1,direct,0.761934,6,right_shoulder,1,1,2.000000,604.460000,251.610000,2.000000,609.747000,249.289000,5.774029,45.621666,1,0.079000,0.949963
SP_R_Jongkok_1,openpose,103,4.166733,ok,1,direct,0.761934,7,left_elbow,1,1,2.000000,719.430000,329.000000,2.000000,715.623000,333.598000,5.969494,45.621666,1,0.072000,0.936081
SP_R_Jongkok_1,openpose,103,4.166733,ok,1,direct,0.761934,8,right_elbow,1,1,2.000000,592.680000,329.900000,2.000000,594.067000,333.553000,3.907452,45.621666,1,0.072000,0.972095
SP_R_Jongkok_1,openpose,103,4.166733,ok,1,direct,0.761934,9,left_wrist,1,1,2.000000,699.780000,407.850000,2.000000,695.978000,400.181000,8.559718,45.621666,1,0.062000,0.832638
SP_R_Jongkok_1,openpose,103,4.166733,ok,1,direct,0.761934,10,right_wrist,1,1,2.000000,599.220000,411.010000,2.000000,598.028000,406.021000,5.129423,45.621666,1,0.062000,0.936344
SP_R_Jongkok_1,openpose,103,4.166733,ok,1,direct,0.761934,11,left_hip,1,1,2.000000,683.070000,402.380000,2.000000,684.240000,411.956000,9.647211,45.621666,1,0.107000,0.924860
SP_R_Jongkok_1,openpose,103,4.166733,ok,1,direct,0.761934,12,right_hip,1,1,2.000000,627.660000,405.640000,2.000000,625.436000,413.874000,8.529064,45.621666,1,0.107000,0.940771
SP_R_Jongkok_1,openpose,103,4.166733,ok,1,direct,0.761934,13,left_knee,1,1,2.000000,702.060000,527.020000,2.000000,699.870000,523.626000,4.039225,45.621666,1,0.087000,0.979500
SP_R_Jongkok_1,openpose,103,4.166733,ok,1,direct,0.761934,14,right_knee,1,1,2.000000,632.780000,522.630000,2.000000,633.275000,525.565000,2.976449,45.621666,1,0.087000,0.988816
SP_R_Jongkok_1,openpose,103,4.166733,ok,1,direct,0.761934,15,left_ankle,1,1,2.000000,711.420000,655.320000,2.000000,711.626000,631.389000,23.931887,45.621666,1,0.089000,0.499173
SP_R_Jongkok_1,openpose,103,4.166733,ok,1,direct,0.761934,16,right_ankle,1,1,2.000000,653.550000,650.860000,2.000000,649.040000,627.470000,23.820835,45.621666,1,0.089000,0.502395
SP_R_Jongkok_1,openpose,104,4.207187,ok,1,direct,0.765155,0,nose,0,0,0.000000,0.000000,0.000000,2.000000,639.146000,176.792000,,,,0.026000,
SP_R_Jongkok_1,openpose,104,4.207187,ok,1,direct,0.765155,1,left_eye,0,0,0.000000,0.000000,0.000000,2.000000,648.977000,165.108000,,,,0.025000,
SP_R_Jongkok_1,openpose,104,4.207187,ok,1,direct,0.765155,2,right_eye,0,0,0.000000,0.000000,0.000000,2.000000,633.331000,167.040000,,,,0.025000,
SP_R_Jongkok_1,openpose,104,4.207187,ok,1,direct,0.765155,3,left_ear,0,0,0.000000,0.000000,0.000000,2.000000,672.510000,172.918000,,,,0.035000,
SP_R_Jongkok_1,openpose,104,4.207187,ok,1,direct,0.765155,4,right_ear,0,0,0.000000,0.000000,0.000000,0.000000,0.000000,0.000000,,,,0.035000,
SP_R_Jongkok_1,openpose,104,4.207187,ok,1,direct,0.765155,5,left_shoulder,1,1,2.000000,704.020000,244.800000,2.000000,703.864000,245.388000,0.608342,45.621666,1,0.079000,0.999430
SP_R_Jongkok_1,openpose,104,4.207187,ok,1,direct,0.765155,6,right_shoulder,1,1,2.000000,604.460000,251.610000,2.000000,607.864000,249.334000,4.094801,45.621666,1,0.079000,0.974514
SP_R_Jongkok_1,openpose,104,4.207187,ok,1,direct,0.765155,7,left_elbow,1,1,2.000000,719.430000,329.000000,2.000000,715.634000,333.536000,5.914804,45.621666,1,0.072000,0.937209
SP_R_Jongkok_1,openpose,104,4.207187,ok,1,direct,0.765155,8,right_elbow,1,1,2.000000,592.680000,329.900000,2.000000,590.209000,333.515000,4.378820,45.621666,1,0.072000,0.965083
SP_R_Jongkok_1,openpose,104,4.207187,ok,1,direct,0.765155,9,left_wrist,1,1,2.000000,699.780000,407.850000,2.000000,697.914000,402.111000,6.034739,45.621666,1,0.062000,0.912983
SP_R_Jongkok_1,openpose,104,4.207187,ok,1,direct,0.765155,10,right_wrist,1,1,2.000000,599.220000,411.010000,2.000000,598.073000,404.073000,7.031186,45.621666,1,0.062000,0.883748
SP_R_Jongkok_1,openpose,104,4.207187,ok,1,direct,0.765155,11,left_hip,1,1,2.000000,683.070000,402.380000,2.000000,684.256000,413.836000,11.517228,45.621666,1,0.107000,0.894643
SP_R_Jongkok_1,openpose,104,4.207187,ok,1,direct,0.765155,12,right_hip,1,1,2.000000,627.660000,405.640000,2.000000,625.517000,413.856000,8.490884,45.621666,1,0.107000,0.941285
SP_R_Jongkok_1,openpose,104,4.207187,ok,1,direct,0.765155,13,left_knee,1,1,2.000000,702.060000,527.020000,2.000000,699.938000,525.542000,2.585995,45.621666,1,0.087000,0.991546
SP_R_Jongkok_1,openpose,104,4.207187,ok,1,direct,0.765155,14,right_knee,1,1,2.000000,632.780000,522.630000,2.000000,633.338000,527.454000,4.856165,45.621666,1,0.087000,0.970505
SP_R_Jongkok_1,openpose,104,4.207187,ok,1,direct,0.765155,15,left_ankle,1,1,2.000000,711.420000,655.320000,2.000000,711.617000,633.257000,22.063879,45.621666,1,0.089000,0.554011
SP_R_Jongkok_1,openpose,104,4.207187,ok,1,direct,0.765155,16,right_ankle,1,1,2.000000,653.550000,650.860000,2.000000,650.913000,629.335000,21.685926,45.621666,1,0.089000,0.565237
SP_R_Jongkok_1,openpose,105,4.247641,ok,1,direct,0.763037,0,nose,0,0,0.000000,0.000000,0.000000,2.000000,639.148000,176.811000,,,,0.026000,
SP_R_Jongkok_1,openpose,105,4.247641,ok,1,direct,0.763037,1,left_eye,0,0,0.000000,0.000000,0.000000,2.000000,648.981000,165.125000,,,,0.025000,
SP_R_Jongkok_1,openpose,105,4.247641,ok,1,direct,0.763037,2,right_eye,0,0,0.000000,0.000000,0.000000,2.000000,633.337000,167.045000,,,,0.025000,
SP_R_Jongkok_1,openpose,105,4.247641,ok,1,direct,0.763037,3,left_ear,0,0,0.000000,0.000000,0.000000,2.000000,672.519000,174.799000,,,,0.035000,
SP_R_Jongkok_1,openpose,105,4.247641,ok,1,direct,0.763037,4,right_ear,0,0,0.000000,0.000000,0.000000,0.000000,0.000000,0.000000,,,,0.035000,
SP_R_Jongkok_1,openpose,105,4.247641,ok,1,direct,0.763037,5,left_shoulder,1,1,2.000000,704.020000,244.800000,2.000000,703.850000,245.363000,0.588106,45.621666,1,0.079000,0.999468
SP_R_Jongkok_1,openpose,105,4.247641,ok,1,direct,0.763037,6,right_shoulder,1,1,2.000000,604.460000,251.610000,2.000000,609.748000,249.271000,5.782202,45.621666,1,0.079000,0.949825
SP_R_Jongkok_1,openpose,105,4.247641,ok,1,direct,0.763037,7,left_elbow,1,1,2.000000,719.430000,329.000000,2.000000,715.621000,333.554000,5.936952,45.621666,1,0.072000,0.936753
SP_R_Jongkok_1,openpose,105,4.247641,ok,1,direct,0.763037,8,right_elbow,1,1,2.000000,592.680000,329.900000,2.000000,592.217000,331.625000,1.786055,45.621666,1,0.072000,0.994104
SP_R_Jongkok_1,openpose,105,4.247641,ok,1,direct,0.763037,9,left_wrist,1,1,2.000000,699.780000,407.850000,2.000000,697.897000,402.121000,6.030517,45.621666,1,0.062000,0.913100
SP_R_Jongkok_1,openpose,105,4.247641,ok,1,direct,0.763037,10,right_wrist,1,1,2.000000,599.220000,411.010000,2.000000,599.977000,404.129000,6.922515,45.621666,1,0.062000,0.887104
SP_R_Jongkok_1,openpose,105,4.247641,ok,1,direct,0.763037,11,left_hip,1,1,2.000000,683.070000,402.380000,2.000000,684.287000,411.954000,9.651040,45.621666,1,0.107000,0.924802
SP_R_Jongkok_1,openpose,105,4.247641,ok,1,direct,0.763037,12,right_hip,1,1,2.000000,627.660000,405.640000,2.000000,627.393000,413.871000,8.235329,45.621666,1,0.107000,0.944668
SP_R_Jongkok_1,openpose,105,4.247641,ok,1,direct,0.763037,13,left_knee,1,1,2.000000,702.060000,527.020000,2.000000,699.948000,525.525000,2.587580,45.621666,1,0.087000,0.991536
SP_R_Jongkok_1,openpose,105,4.247641,ok,1,direct,0.763037,14,right_knee,1,1,2.000000,632.780000,522.630000,2.000000,633.303000,525.579000,2.995018,45.621666,1,0.087000,0.988677
SP_R_Jongkok_1,openpose,105,4.247641,ok,1,direct,0.763037,15,left_ankle,1,1,2.000000,711.420000,655.320000,2.000000,711.661000,631.320000,24.001210,45.621666,1,0.089000,0.497165
SP_R_Jongkok_1,openpose,105,4.247641,ok,1,direct,0.763037,16,right_ankle,1,1,2.000000,653.550000,650.860000,2.000000,650.896000,629.326000,21.696932,45.621666,1,0.089000,0.564909
SP_R_Jongkok_1,openpose,106,4.288094,ok,1,direct,0.759117,0,nose,0,0,0.000000,0.000000,0.000000,2.000000,639.151000,176.808000,,,,0.026000,
SP_R_Jongkok_1,openpose,106,4.288094,ok,1,direct,0.759117,1,left_eye,0,0,0.000000,0.000000,0.000000,2.000000,648.997000,165.125000,,,,0.025000,
SP_R_Jongkok_1,openpose,106,4.288094,ok,1,direct,0.759117,2,right_eye,0,0,0.000000,0.000000,0.000000,2.000000,633.351000,167.042000,,,,0.025000,
SP_R_Jongkok_1,openpose,106,4.288094,ok,1,direct,0.759117,3,left_ear,0,0,0.000000,0.000000,0.000000,2.000000,674.391000,174.818000,,,,0.035000,
SP_R_Jongkok_1,openpose,106,4.288094,ok,1,direct,0.759117,4,right_ear,0,0,0.000000,0.000000,0.000000,0.000000,0.000000,0.000000,,,,0.035000,
SP_R_Jongkok_1,openpose,106,4.288094,ok,1,direct,0.759117,5,left_shoulder,1,1,2.000000,704.020000,244.800000,2.000000,703.866000,245.374000,0.594300,45.621666,1,0.079000,0.999456
SP_R_Jongkok_1,openpose,106,4.288094,ok,1,direct,0.759117,6,right_shoulder,1,1,2.000000,604.460000,251.610000,2.000000,609.794000,247.392000,6.800226,45.621666,1,0.079000,0.931276
SP_R_Jongkok_1,openpose,106,4.288094,ok,1,direct,0.759117,7,left_elbow,1,1,2.000000,719.430000,329.000000,2.000000,717.489000,331.635000,3.272721,45.621666,1,0.072000,0.980342
SP_R_Jongkok_1,openpose,106,4.288094,ok,1,direct,0.759117,8,right_elbow,1,1,2.000000,592.680000,329.900000,2.000000,592.168000,331.549000,1.726657,45.621666,1,0.072000,0.994489
SP_R_Jongkok_1,openpose,106,4.288094,ok,1,direct,0.759117,9,left_wrist,1,1,2.000000,699.780000,407.850000,2.000000,697.909000,402.105000,6.041992,45.621666,1,0.062000,0.912783
SP_R_Jongkok_1,openpose,106,4.288094,ok,1,direct,0.759117,10,right_wrist,1,1,2.000000,599.220000,411.010000,2.000000,598.007000,404.091000,7.024523,45.621666,1,0.062000,0.883954
SP_R_Jongkok_1,openpose,106,4.288094,ok,1,direct,0.759117,11,left_hip,1,1,2.000000,683.070000,402.380000,2.000000,684.232000,413.884000,11.562537,45.621666,1,0.107000,0.893858
SP_R_Jongkok_1,openpose,106,4.288094,ok,1,direct,0.759117,12,right_hip,1,1,2.000000,627.660000,405.640000,2.000000,625.445000,413.882000,8.534447,45.621666,1,0.107000,0.940699
SP_R_Jongkok_1,openpose,106,4.288094,ok,1,direct,0.759117,13,left_knee,1,1,2.000000,702.060000,527.020000,2.000000,697.995000,525.530000,4.329472,45.621666,1,0.087000,0.976484
SP_R_Jongkok_1,openpose,106,4.288094,ok,1,direct,0.759117,14,right_knee,1,1,2.000000,632.780000,522.630000,2.000000,633.252000,525.573000,2.980610,45.621666,1,0.087000,0.988785
SP_R_Jongkok_1,openpose,106,4.288094,ok,1,direct,0.759117,15,left_ankle,1,1,2.000000,711.420000,655.320000,2.000000,709.733000,633.281000,22.103472,45.621666,1,0.089000,0.552837
SP_R_Jongkok_1,openpose,106,4.288094,ok,1,direct,0.759117,16,right_ankle,1,1,2.000000,653.550000,650.860000,2.000000,650.863000,629.373000,21.654356,45.621666,1,0.089000,0.566176
SP_R_Jongkok_1,openpose,107,4.328548,ok,1,direct,0.755920,0,nose,0,0,0.000000,0.000000,0.000000,2.000000,639.120000,176.774000,,,,0.026000,
SP_R_Jongkok_1,openpose,107,4.328548,ok,1,direct,0.755920,1,left_eye,0,0,0.000000,0.000000,0.000000,2.000000,648.969000,165.093000,,,,0.025000,
SP_R_Jongkok_1,openpose,107,4.328548,ok,1,direct,0.755920,2,right_eye,0,0,0.000000,0.000000,0.000000,2.000000,633.338000,167.005000,,,,0.025000,
SP_R_Jongkok_1,openpose,107,4.328548,ok,1,direct,0.755920,3,left_ear,0,0,0.000000,0.000000,0.000000,2.000000,672.530000,174.801000,,,,0.035000,
SP_R_Jongkok_1,openpose,107,4.328548,ok,1,direct,0.755920,4,right_ear,0,0,0.000000,0.000000,0.000000,0.000000,0.000000,0.000000,,,,0.035000,
SP_R_Jongkok_1,openpose,107,4.328548,ok,1,direct,0.755920,5,left_shoulder,1,1,2.000000,704.020000,244.800000,2.000000,703.844000,243.495000,1.316815,45.621666,1,0.079000,0.997334
SP_R_Jongkok_1,openpose,107,4.328548,ok,1,direct,0.755920,6,right_shoulder,1,1,2.000000,604.460000,251.610000,2.000000,609.750000,247.386000,6.769511,45.621666,1,0.079000,0.931873
SP_R_Jongkok_1,openpose,107,4.328548,ok,1,direct,0.755920,7,left_elbow,1,1,2.000000,719.430000,329.000000,2.000000,717.515000,329.664000,2.026850,45.621666,1,0.072000,0.992414
SP_R_Jongkok_1,openpose,107,4.328548,ok,1,direct,0.755920,8,right_elbow,1,1,2.000000,592.680000,329.900000,2.000000,592.110000,331.581000,1.775010,45.621666,1,0.072000,0.994177
SP_R_Jongkok_1,openpose,107,4.328548,ok,1,direct,0.755920,9,left_wrist,1,1,2.000000,699.780000,407.850000,2.000000,697.914000,400.201000,7.873319,45.621666,1,0.062000,0.856449
SP_R_Jongkok_1,openpose,107,4.328548,ok,1,direct,0.755920,10,right_wrist,1,1,2.000000,599.220000,411.010000,2.000000,596.106000,402.148000,9.393191,45.621666,1,0.062000,0.802068
SP_R_Jongkok_1,openpose,107,4.328548,ok,1,direct,0.755920,11,left_hip,1,1,2.000000,683.070000,402.380000,2.000000,684.194000,413.851000,11.525937,45.621666,1,0.107000,0.894492
SP_R_Jongkok_1,openpose,107,4.328548,ok,1,direct,0.755920,12,right_hip,1,1,2.000000,627.660000,405.640000,2.000000,625.419000,411.932000,6.679172,45.621666,1,0.107000,0.963250
SP_R_Jongkok_1,openpose,107,4.328548,ok,1,direct,0.755920,13,left_knee,1,1,2.000000,702.060000,527.020000,2.000000,697.950000,525.500000,4.382066,45.621666,1,0.087000,0.975916
SP_R_Jongkok_1,openpose,107,4.328548,ok,1,direct,0.755920,14,right_knee,1,1,2.000000,632.780000,522.630000,2.000000,631.362000,525.551000,3.246993,45.621666,1,0.087000,0.986704
SP_R_Jongkok_1,openpose,107,4.328548,ok,1,direct,0.755920,15,left_ankle,1,1,2.000000,711.420000,655.320000,2.000000,709.737000,633.266000,22.118124,45.621666,1,0.089000,0.552403
SP_R_Jongkok_1,openpose,107,4.328548,ok,1,direct,0.755920,16,right_ankle,1,1,2.000000,653.550000,650.860000,2.000000,650.877000,629.341000,21.684379,45.621666,1,0.089000,0.565283
SP_R_Jongkok_1,openpose,108,4.369002,ok,1,direct,0.763602,0,nose,0,0,0.000000,0.000000,0.000000,2.000000,639.145000,176.802000,,,,0.026000,
SP_R_Jongkok_1,openpose,108,4.369002,ok,1,direct,0.763602,1,left_eye,0,0,0.000000,0.000000,0.000000,2.000000,648.993000,165.129000,,,,0.025000,
SP_R_Jongkok_1,openpose,108,4.369002,ok,1,direct,0.763602,2,right_eye,0,0,0.000000,0.000000,0.000000,2.000000,633.355000,167.036000,,,,0.025000,
SP_R_Jongkok_1,openpose,108,4.369002,ok,1,direct,0.763602,3,left_ear,0,0,0.000000,0.000000,0.000000,2.000000,674.407000,174.833000,,,,0.035000,
SP_R_Jongkok_1,openpose,108,4.369002,ok,1,direct,0.763602,4,right_ear,0,0,0.000000,0.000000,0.000000,0.000000,0.000000,0.000000,,,,0.035000,
SP_R_Jongkok_1,openpose,108,4.369002,ok,1,direct,0.763602,5,left_shoulder,1,1,2.000000,704.020000,244.800000,2.000000,703.880000,245.340000,0.557853,45.621666,1,0.079000,0.999521
SP_R_Jongkok_1,openpose,108,4.369002,ok,1,direct,0.763602,6,right_shoulder,1,1,2.000000,604.460000,251.610000,2.000000,609.814000,247.402000,6.809742,45.621666,1,0.079000,0.931090
SP_R_Jongkok_1,openpose,108,4.369002,ok,1,direct,0.763602,7,left_elbow,1,1,2.000000,719.430000,329.000000,2.000000,719.450000,329.635000,0.635315,45.621666,1,0.072000,0.999252
SP_R_Jongkok_1,openpose,108,4.369002,ok,1,direct,0.763602,8,right_elbow,1,1,2.000000,592.680000,329.900000,2.000000,596.078000,333.511000,4.958399,45.621666,1,0.072000,0.955450
SP_R_Jongkok_1,openpose,108,4.369002,ok,1,direct,0.763602,9,left_wrist,1,1,2.000000,699.780000,407.850000,2.000000,699.861000,400.232000,7.618431,45.621666,1,0.062000,0.864945
SP_R_Jongkok_1,openpose,108,4.369002,ok,1,direct,0.763602,10,right_wrist,1,1,2.000000,599.220000,411.010000,2.000000,599.960000,404.051000,6.998234,45.621666,1,0.062000,0.884769
SP_R_Jongkok_1,openpose,108,4.369002,ok,1,direct,0.763602,11,left_hip,1,1,2.000000,683.070000,402.380000,2.000000,684.275000,411.945000,9.640604,45.621666,1,0.107000,0.924959
SP_R_Jongkok_1,openpose,108,4.369002,ok,1,direct,0.763602,12,right_hip,1,1,2.000000,627.660000,405.640000,2.000000,627.400000,411.938000,6.303364,45.621666,1,0.107000,0.967202
SP_R_Jongkok_1,openpose,108,4.369002,ok,1,direct,0.763602,13,left_knee,1,1,2.000000,702.060000,527.020000,2.000000,699.887000,523.638000,4.019932,45.621666,1,0.087000,0.979693
SP_R_Jongkok_1,openpose,108,4.369002,ok,1,direct,0.763602,14,right_knee,1,1,2.000000,632.780000,522.630000,2.000000,633.287000,525.541000,2.954821,45.621666,1,0.087000,0.988977
SP_R_Jongkok_1,openpose,108,4.369002,ok,1,direct,0.763602,15,left_ankle,1,1,2.000000,711.420000,655.320000,2.000000,709.754000,631.376000,24.001889,45.621666,1,0.089000,0.497145
SP_R_Jongkok_1,openpose,108,4.369002,ok,1,direct,0.763602,16,right_ankle,1,1,2.000000,653.550000,650.860000,2.000000,650.900000,629.374000,21.648804,45.621666,1,0.089000,0.566341
