video_name,algorithm,frame_idx,timestamp_sec,status,matched_pred_found,match_method,matched_pred_score,keypoint_idx,keypoint_name,is_active,is_eval_joint,gt_v,gt_x,gt_y,pred_v,pred_x,pred_y,distance_px,pck_threshold_px,pck_correct,oks_sigma,oks_term
SP_R_Yoga_2,posenet,0,0.000000,ok,1,direct,1.000000,0,nose,1,1,2.000000,646.110000,224.600000,2.000000,640.003784,227.682724,6.840253,46.169796,1,0.026000,0.522360
SP_R_Yoga_2,posenet,0,0.000000,ok,1,direct,1.000000,1,left_eye,0,0,0.000000,0.000000,0.000000,2.000000,648.596008,213.271866,,,,0.025000,
SP_R_Yoga_2,posenet,0,0.000000,ok,1,direct,1.000000,2,right_eye,0,0,0.000000,0.000000,0.000000,2.000000,632.366272,217.114761,,,,0.025000,
SP_R_Yoga_2,posenet,0,0.000000,ok,1,direct,1.000000,3,left_ear,0,0,0.000000,0.000000,0.000000,2.000000,665.780334,219.996918,,,,0.035000,
SP_R_Yoga_2,posenet,0,0.000000,ok,1,direct,1.000000,4,right_ear,0,0,0.000000,0.000000,0.000000,2.000000,628.547485,228.643448,,,,0.035000,
SP_R_Yoga_2,posenet,0,0.000000,ok,1,direct,1.000000,5,left_shoulder,1,1,2.000000,692.650000,276.200000,2.000000,694.420959,281.483185,5.572104,46.169796,1,0.079000,0.954396
SP_R_Yoga_2,posenet,0,0.000000,ok,1,direct,1.000000,6,right_shoulder,1,1,2.000000,602.830000,281.910000,2.000000,613.272522,282.443909,10.456162,46.169796,1,0.079000,0.848434
SP_R_Yoga_2,posenet,0,0.000000,ok,1,direct,1.000000,7,left_elbow,1,1,2.000000,711.410000,350.800000,2.000000,708.741272,350.655243,2.672651,46.169796,1,0.072000,0.987155
SP_R_Yoga_2,posenet,0,0.000000,ok,1,direct,1.000000,8,right_elbow,1,1,2.000000,591.850000,352.930000,2.000000,591.314697,351.615967,1.418884,46.169796,1,0.072000,0.996363
SP_R_Yoga_2,posenet,0,0.000000,ok,1,direct,1.000000,9,left_wrist,1,1,2.000000,717.380000,418.510000,2.000000,714.469360,410.220062,8.786062,46.169796,1,0.062000,0.828270
SP_R_Yoga_2,posenet,0,0.000000,ok,1,direct,1.000000,10,right_wrist,1,1,2.000000,599.260000,419.620000,2.000000,597.042786,418.866577,2.341727,46.169796,1,0.062000,0.986705
SP_R_Yoga_2,posenet,0,0.000000,ok,1,direct,1.000000,11,left_hip,1,1,2.000000,681.440000,411.430000,2.000000,685.828796,421.748749,11.213301,46.169796,1,0.107000,0.902089
SP_R_Yoga_2,posenet,0,0.000000,ok,1,direct,1.000000,12,right_hip,1,1,2.000000,630.850000,414.020000,2.000000,633.320923,421.748749,8.114125,46.169796,1,0.107000,0.947475
SP_R_Yoga_2,posenet,0,0.000000,ok,1,direct,1.000000,13,left_knee,1,1,2.000000,682.270000,534.540000,2.000000,682.010010,525.506775,9.036966,46.169796,1,0.087000,0.903723
SP_R_Yoga_2,posenet,0,0.000000,ok,1,direct,1.000000,14,right_knee,1,1,2.000000,635.890000,535.180000,2.000000,638.094421,525.506775,9.921228,46.169796,1,0.087000,0.885137
SP_R_Yoga_2,posenet,0,0.000000,ok,1,direct,1.000000,15,left_ankle,1,1,2.000000,680.010000,646.300000,2.000000,675.327209,636.950684,10.456493,46.169796,1,0.089000,0.878525
SP_R_Yoga_2,posenet,0,0.000000,ok,1,direct,1.000000,16,right_ankle,1,1,2.000000,647.570000,649.130000,2.000000,642.867859,629.264893,20.414030,46.169796,1,0.089000,0.610414
SP_R_Yoga_2,posenet,1,0.040402,ok,1,direct,1.000000,0,nose,1,1,2.000000,646.110000,224.600000,2.000000,641.276367,225.366531,4.894035,46.230443,1,0.026000,0.717804
SP_R_Yoga_2,posenet,1,0.040402,ok,1,direct,1.000000,1,left_eye,0,0,0.000000,0.000000,0.000000,2.000000,651.837036,214.797256,,,,0.025000,
SP_R_Yoga_2,posenet,1,0.040402,ok,1,direct,1.000000,2,right_eye,0,0,0.000000,0.000000,0.000000,2.000000,634.555969,216.718933,,,,0.025000,
SP_R_Yoga_2,posenet,1,0.040402,ok,1,direct,1.000000,3,left_ear,0,0,0.000000,0.000000,0.000000,2.000000,666.237793,220.562317,,,,0.035000,
SP_R_Yoga_2,posenet,1,0.040402,ok,1,direct,1.000000,4,right_ear,0,0,0.000000,0.000000,0.000000,2.000000,627.835571,226.327362,,,,0.035000,
SP_R_Yoga_2,posenet,1,0.040402,ok,1,direct,1.000000,5,left_shoulder,1,1,2.000000,692.650000,276.200000,2.000000,694.079468,282.056274,6.028211,46.230443,1,0.079000,0.946970
SP_R_Yoga_2,posenet,1,0.040402,ok,1,direct,1.000000,6,right_shoulder,1,1,2.000000,602.830000,281.910000,2.000000,612.474731,283.977966,9.863941,46.230443,1,0.079000,0.864254
SP_R_Yoga_2,posenet,1,0.040402,ok,1,direct,1.000000,7,left_elbow,1,1,2.000000,711.740000,350.550000,2.000000,708.480286,350.276123,3.271200,46.230443,1,0.072000,0.980869
SP_R_Yoga_2,posenet,1,0.040402,ok,1,direct,1.000000,8,right_elbow,1,1,2.000000,591.850000,352.930000,2.000000,590.393433,353.158661,1.474406,46.230443,1,0.072000,0.996084
SP_R_Yoga_2,posenet,1,0.040402,ok,1,direct,1.000000,9,left_wrist,1,1,2.000000,717.710000,418.180000,2.000000,715.200684,412.730927,5.999089,46.230443,1,0.062000,0.916117
SP_R_Yoga_2,posenet,1,0.040402,ok,1,direct,1.000000,10,right_wrist,1,1,2.000000,599.260000,419.620000,2.000000,597.113831,416.574280,3.725917,46.230443,1,0.062000,0.966769
SP_R_Yoga_2,posenet,1,0.040402,ok,1,direct,1.000000,11,left_hip,1,1,2.000000,681.440000,411.430000,2.000000,685.438904,423.300201,12.525690,46.230443,1,0.107000,0.879646
SP_R_Yoga_2,posenet,1,0.040402,ok,1,direct,1.000000,12,right_hip,1,1,2.000000,630.850000,414.020000,2.000000,633.596008,424.261047,10.602812,46.230443,1,0.107000,0.912209
SP_R_Yoga_2,posenet,1,0.040402,ok,1,direct,1.000000,13,left_knee,1,1,2.000000,682.270000,534.540000,2.000000,682.558777,528.032104,6.514299,46.230443,1,0.087000,0.948887
SP_R_Yoga_2,posenet,1,0.040402,ok,1,direct,1.000000,14,right_knee,1,1,2.000000,635.890000,535.180000,2.000000,637.436157,528.032104,7.313208,46.230443,1,0.087000,0.936016
SP_R_Yoga_2,posenet,1,0.040402,ok,1,direct,1.000000,15,left_ankle,1,1,2.000000,680.010000,646.300000,2.000000,676.798462,636.607361,10.210839,46.230443,1,0.089000,0.884110
SP_R_Yoga_2,posenet,1,0.040402,ok,1,direct,1.000000,16,right_ankle,1,1,2.000000,647.570000,649.130000,2.000000,644.156555,631.803101,17.659928,46.230443,1,0.089000,0.691810
SP_R_Yoga_2,posenet,2,0.080804,ok,1,direct,1.000000,0,nose,1,1,2.000000,646.110000,224.600000,2.000000,643.924316,224.184235,2.224876,46.291010,1,0.026000,0.933939
SP_R_Yoga_2,posenet,2,0.080804,ok,1,direct,1.000000,1,left_eye,0,0,0.000000,0.000000,0.000000,2.000000,654.451538,215.535553,,,,0.025000,
SP_R_Yoga_2,posenet,2,0.080804,ok,1,direct,1.000000,2,right_eye,0,0,0.000000,0.000000,0.000000,2.000000,635.311096,216.496506,,,,0.025000,
SP_R_Yoga_2,posenet,2,0.080804,ok,1,direct,1.000000,3,left_ear,0,0,0.000000,0.000000,0.000000,2.000000,667.849792,224.184235,,,,0.035000,
SP_R_Yoga_2,posenet,2,0.080804,ok,1,direct,1.000000,4,right_ear,0,0,0.000000,0.000000,0.000000,2.000000,626.697876,226.106171,,,,0.035000,
SP_R_Yoga_2,posenet,2,0.080804,ok,1,direct,1.000000,5,left_shoulder,1,1,2.000000,692.650000,276.200000,2.000000,693.689331,281.842163,5.737091,46.291010,1,0.079000,0.951969
SP_R_Yoga_2,posenet,2,0.080804,ok,1,direct,1.000000,6,right_shoulder,1,1,2.000000,602.830000,281.910000,2.000000,609.471558,284.725067,7.213521,46.291010,1,0.079000,0.925133
SP_R_Yoga_2,posenet,2,0.080804,ok,1,direct,1.000000,7,left_elbow,1,1,2.000000,712.060000,350.310000,2.000000,709.001648,350.070709,3.067699,46.291010,1,0.072000,0.983199
SP_R_Yoga_2,posenet,2,0.080804,ok,1,direct,1.000000,8,right_elbow,1,1,2.000000,591.850000,352.930000,2.000000,590.331116,350.070709,3.237677,46.291010,1,0.072000,0.981304
SP_R_Yoga_2,posenet,2,0.080804,ok,1,direct,1.000000,9,left_wrist,1,1,2.000000,718.040000,417.860000,2.000000,714.743835,410.611511,7.962744,46.291010,1,0.062000,0.857315
SP_R_Yoga_2,posenet,2,0.080804,ok,1,direct,1.000000,10,right_wrist,1,1,2.000000,599.260000,419.620000,2.000000,597.987244,418.299225,1.834218,46.291010,1,0.062000,0.991865
SP_R_Yoga_2,posenet,2,0.080804,ok,1,direct,1.000000,11,left_hip,1,1,2.000000,681.440000,411.430000,2.000000,686.033203,422.143097,11.656241,46.291010,1,0.107000,0.895153
SP_R_Yoga_2,posenet,2,0.080804,ok,1,direct,1.000000,12,right_hip,1,1,2.000000,630.850000,414.020000,2.000000,632.440063,425.986969,12.072144,46.291010,1,0.107000,0.887980
SP_R_Yoga_2,posenet,2,0.080804,ok,1,direct,1.000000,13,left_knee,1,1,2.000000,682.270000,534.540000,2.000000,682.205078,526.888367,7.651909,46.291010,1,0.087000,0.930345
SP_R_Yoga_2,posenet,2,0.080804,ok,1,direct,1.000000,14,right_knee,1,1,2.000000,635.890000,535.180000,2.000000,637.225159,526.888367,8.398442,46.291010,1,0.087000,0.916700
SP_R_Yoga_2,posenet,2,0.080804,ok,1,direct,1.000000,15,left_ankle,1,1,2.000000,680.010000,646.300000,2.000000,675.505981,637.399353,9.975355,46.291010,1,0.089000,0.889363
SP_R_Yoga_2,posenet,2,0.080804,ok,1,direct,1.000000,16,right_ankle,1,1,2.000000,647.570000,649.130000,2.000000,643.924316,631.633545,17.872240,46.291010,1,0.089000,0.686349
SP_R_Yoga_2,posenet,3,0.121207,ok,1,direct,1.000000,0,nose,1,1,2.000000,646.110000,224.600000,2.000000,645.436401,221.957367,2.727131,46.351499,1,0.026000,0.902654
SP_R_Yoga_2,posenet,3,0.121207,ok,1,direct,1.000000,1,left_eye,0,0,0.000000,0.000000,0.000000,2.000000,655.035645,213.319351,,,,0.025000,
SP_R_Yoga_2,posenet,3,0.121207,ok,1,direct,1.000000,2,right_eye,0,0,0.000000,0.000000,0.000000,2.000000,636.797119,215.238907,,,,0.025000,
SP_R_Yoga_2,posenet,3,0.121207,ok,1,direct,1.000000,3,left_ear,0,0,0.000000,0.000000,0.000000,2.000000,669.434509,224.836685,,,,0.035000,
SP_R_Yoga_2,posenet,3,0.121207,ok,1,direct,1.000000,4,right_ear,0,0,0.000000,0.000000,0.000000,2.000000,627.197876,226.756256,,,,0.035000,
SP_R_Yoga_2,posenet,3,0.121207,ok,1,direct,1.000000,5,left_shoulder,1,1,2.000000,692.650000,276.200000,2.000000,691.512756,280.503906,4.451621,46.351499,1,0.079000,0.970874
SP_R_Yoga_2,posenet,3,0.121207,ok,1,direct,1.000000,6,right_shoulder,1,1,2.000000,602.830000,281.910000,2.000000,608.959351,282.423431,6.150817,46.351499,1,0.079000,0.945132
SP_R_Yoga_2,posenet,3,0.121207,ok,1,direct,1.000000,7,left_elbow,1,1,2.000000,712.390000,350.060000,2.000000,709.751282,349.608002,2.677151,46.351499,1,0.072000,0.987212
SP_R_Yoga_2,posenet,3,0.121207,ok,1,direct,1.000000,8,right_elbow,1,1,2.000000,591.850000,352.930000,2.000000,591.680786,350.567780,2.368273,46.351499,1,0.072000,0.989979
SP_R_Yoga_2,posenet,3,0.121207,ok,1,direct,1.000000,9,left_wrist,1,1,2.000000,718.370000,417.530000,2.000000,717.430603,409.114319,8.467949,46.351499,1,0.062000,0.840591
SP_R_Yoga_2,posenet,3,0.121207,ok,1,direct,1.000000,10,right_wrist,1,1,2.000000,599.260000,419.620000,2.000000,597.440308,416.792542,3.362410,46.351499,1,0.062000,0.972992
SP_R_Yoga_2,posenet,3,0.121207,ok,1,direct,1.000000,11,left_hip,1,1,2.000000,681.440000,411.430000,2.000000,683.833374,422.551208,11.375830,46.351499,1,0.107000,0.900126
SP_R_Yoga_2,posenet,3,0.121207,ok,1,direct,1.000000,12,right_hip,1,1,2.000000,630.850000,414.020000,2.000000,631.997498,422.551208,8.608035,46.351499,1,0.107000,0.941531
SP_R_Yoga_2,posenet,3,0.121207,ok,1,direct,1.000000,13,left_knee,1,1,2.000000,682.270000,534.540000,2.000000,682.873413,525.247559,9.312012,46.351499,1,0.087000,0.898842
SP_R_Yoga_2,posenet,3,0.121207,ok,1,direct,1.000000,14,right_knee,1,1,2.000000,635.890000,535.180000,2.000000,637.757080,525.247559,10.106403,46.351499,1,0.087000,0.881950
SP_R_Yoga_2,posenet,3,0.121207,ok,1,direct,1.000000,15,left_ankle,1,1,2.000000,680.010000,646.300000,2.000000,676.153931,636.581970,10.455112,46.351499,1,0.089000,0.879446
SP_R_Yoga_2,posenet,3,0.121207,ok,1,direct,1.000000,16,right_ankle,1,1,2.000000,647.570000,649.130000,2.000000,643.516541,629.863525,19.688260,46.351499,1,0.089000,0.634098
SP_R_Yoga_2,posenet,4,0.161609,ok,1,direct,1.000000,0,nose,1,1,2.000000,646.110000,224.600000,2.000000,645.919861,223.428833,1.186501,46.410079,1,0.026000,0.980849
SP_R_Yoga_2,posenet,4,0.161609,ok,1,direct,1.000000,1,left_eye,0,0,0.000000,0.000000,0.000000,2.000000,654.511963,215.746780,,,,0.025000,
SP_R_Yoga_2,posenet,4,0.161609,ok,1,direct,1.000000,2,right_eye,0,0,0.000000,0.000000,0.000000,2.000000,637.327759,215.746780,,,,0.025000,
SP_R_Yoga_2,posenet,4,0.161609,ok,1,direct,1.000000,3,left_ear,0,0,0.000000,0.000000,0.000000,2.000000,668.832153,224.389099,,,,0.035000,
SP_R_Yoga_2,posenet,4,0.161609,ok,1,direct,1.000000,4,right_ear,0,0,0.000000,0.000000,0.000000,2.000000,626.826233,226.309601,,,,0.035000,
SP_R_Yoga_2,posenet,4,0.161609,ok,1,direct,1.000000,5,left_shoulder,1,1,2.000000,692.650000,276.200000,2.000000,692.699219,282.964722,6.764901,46.410079,1,0.079000,0.934178
SP_R_Yoga_2,posenet,4,0.161609,ok,1,direct,1.000000,6,right_shoulder,1,1,2.000000,602.830000,281.910000,2.000000,607.732605,284.885254,5.734777,46.410079,1,0.079000,0.952247
SP_R_Yoga_2,posenet,4,0.161609,ok,1,direct,1.000000,7,left_elbow,1,1,2.000000,712.710000,349.820000,2.000000,712.747498,347.301910,2.518369,46.410079,1,0.072000,0.988704
SP_R_Yoga_2,posenet,4,0.161609,ok,1,direct,1.000000,8,right_elbow,1,1,2.000000,591.850000,352.930000,2.000000,591.503052,353.063446,0.371727,46.410079,1,0.072000,0.999753
SP_R_Yoga_2,posenet,4,0.161609,ok,1,direct,1.000000,9,left_wrist,1,1,2.000000,718.690000,417.200000,2.000000,718.475586,410.678802,6.524721,46.410079,1,0.062000,0.902275
SP_R_Yoga_2,posenet,4,0.161609,ok,1,direct,1.000000,10,right_wrist,1,1,2.000000,599.260000,419.620000,2.000000,597.231140,415.480103,4.610317,46.410079,1,0.062000,0.949953
SP_R_Yoga_2,posenet,4,0.161609,ok,1,direct,1.000000,11,left_hip,1,1,2.000000,681.440000,411.430000,2.000000,685.061768,423.162140,12.278449,46.410079,1,0.107000,0.884908
SP_R_Yoga_2,posenet,4,0.161609,ok,1,direct,1.000000,12,right_hip,1,1,2.000000,630.850000,414.020000,2.000000,631.599670,423.162140,9.172825,46.410079,1,0.107000,0.934036
SP_R_Yoga_2,posenet,4,0.161609,ok,1,direct,1.000000,13,left_knee,1,1,2.000000,682.270000,534.540000,2.000000,682.197693,525.909607,8.630696,46.410079,1,0.087000,0.912669
SP_R_Yoga_2,posenet,4,0.161609,ok,1,direct,1.000000,14,right_knee,1,1,2.000000,635.890000,535.180000,2.000000,637.327759,524.949280,10.331253,46.410079,1,0.087000,0.877270
SP_R_Yoga_2,posenet,4,0.161609,ok,1,direct,1.000000,15,left_ankle,1,1,2.000000,680.010000,646.300000,2.000000,676.469666,635.378784,11.480720,46.410079,1,0.089000,0.856833
SP_R_Yoga_2,posenet,4,0.161609,ok,1,direct,1.000000,16,right_ankle,1,1,2.000000,647.570000,649.130000,2.000000,644.010498,633.458252,16.070897,46.410079,1,0.089000,0.738773
SP_R_Yoga_2,posenet,5,0.202011,ok,1,direct,1.000000,0,nose,1,1,2.000000,646.110000,224.600000,2.000000,646.408203,220.752304,3.859234,46.470412,1,0.026000,0.815423
SP_R_Yoga_2,posenet,5,0.202011,ok,1,direct,1.000000,1,left_eye,0,0,0.000000,0.000000,0.000000,2.000000,655.039978,212.110718,,,,0.025000,
SP_R_Yoga_2,posenet,5,0.202011,ok,1,direct,1.000000,2,right_eye,0,0,0.000000,0.000000,0.000000,2.000000,637.776367,213.070908,,,,0.025000,
SP_R_Yoga_2,posenet,5,0.202011,ok,1,direct,1.000000,3,left_ear,0,0,0.000000,0.000000,0.000000,2.000000,669.426331,222.672653,,,,0.035000,
SP_R_Yoga_2,posenet,5,0.202011,ok,1,direct,1.000000,4,right_ear,0,0,0.000000,0.000000,0.000000,2.000000,629.144470,227.473526,,,,0.035000,
SP_R_Yoga_2,posenet,5,0.202011,ok,1,direct,1.000000,5,left_shoulder,1,1,2.000000,692.650000,276.200000,2.000000,693.403625,281.243347,5.099343,46.470412,1,0.079000,0.962147
SP_R_Yoga_2,posenet,5,0.202011,ok,1,direct,1.000000,6,right_shoulder,1,1,2.000000,602.830000,281.910000,2.000000,609.962646,283.163696,7.241989,46.470412,1,0.079000,0.925123
SP_R_Yoga_2,posenet,5,0.202011,ok,1,direct,1.000000,7,left_elbow,1,1,2.000000,713.040000,349.570000,2.000000,711.626404,349.415802,1.421981,46.470412,1,0.072000,0.996394
SP_R_Yoga_2,posenet,5,0.202011,ok,1,direct,1.000000,8,right_elbow,1,1,2.000000,591.850000,352.930000,2.000000,590.780823,352.296326,1.242853,46.470412,1,0.072000,0.997244
SP_R_Yoga_2,posenet,5,0.202011,ok,1,direct,1.000000,9,left_wrist,1,1,2.000000,719.020000,416.880000,2.000000,718.340027,410.867035,6.051290,46.470412,1,0.062000,0.915555
SP_R_Yoga_2,posenet,5,0.202011,ok,1,direct,1.000000,10,right_wrist,1,1,2.000000,599.260000,419.620000,2.000000,598.453552,418.548431,1.341125,46.470412,1,0.062000,0.995676
SP_R_Yoga_2,posenet,5,0.202011,ok,1,direct,1.000000,11,left_hip,1,1,2.000000,681.440000,411.430000,2.000000,684.771851,426.229858,15.170268,46.470412,1,0.107000,0.830137
SP_R_Yoga_2,posenet,5,0.202011,ok,1,direct,1.000000,12,right_hip,1,1,2.000000,630.850000,414.020000,2.000000,632.021790,427.190002,13.222029,46.470412,1,0.107000,0.868126
SP_R_Yoga_2,posenet,5,0.202011,ok,1,direct,1.000000,13,left_knee,1,1,2.000000,682.270000,534.540000,2.000000,682.853638,526.088074,8.472054,46.470412,1,0.087000,0.915922
SP_R_Yoga_2,posenet,5,0.202011,ok,1,direct,1.000000,14,right_knee,1,1,2.000000,635.890000,535.180000,2.000000,636.817200,525.127869,10.094803,46.470412,1,0.087000,0.882770
SP_R_Yoga_2,posenet,5,0.202011,ok,1,direct,1.000000,15,left_ankle,1,1,2.000000,680.010000,646.300000,2.000000,677.099121,635.548096,11.138970,46.470412,1,0.089000,0.864959
SP_R_Yoga_2,posenet,5,0.202011,ok,1,direct,1.000000,16,right_ankle,1,1,2.000000,647.570000,649.130000,2.000000,643.530884,632.667603,16.950663,46.470412,1,0.089000,0.714661
SP_R_Yoga_2,posenet,6,0.242413,ok,1,direct,1.000000,0,nose,1,1,2.000000,646.110000,224.600000,2.000000,645.620056,223.034637,1.640245,46.470412,1,0.026000,0.963812
SP_R_Yoga_2,posenet,6,0.242413,ok,1,direct,1.000000,1,left_eye,0,0,0.000000,0.000000,0.000000,2.000000,655.171265,215.358871,,,,0.025000,
SP_R_Yoga_2,posenet,6,0.242413,ok,1,direct,1.000000,2,right_eye,0,0,0.000000,0.000000,0.000000,2.000000,637.979187,215.358871,,,,0.025000,
SP_R_Yoga_2,posenet,6,0.242413,ok,1,direct,1.000000,3,left_ear,0,0,0.000000,0.000000,0.000000,2.000000,669.497986,223.994095,,,,0.035000,
SP_R_Yoga_2,posenet,6,0.242413,ok,1,direct,1.000000,4,right_ear,0,0,0.000000,0.000000,0.000000,2.000000,627.472900,225.913040,,,,0.035000,
SP_R_Yoga_2,posenet,6,0.242413,ok,1,direct,1.000000,5,left_shoulder,1,1,2.000000,692.650000,276.200000,2.000000,691.465637,282.521790,6.431776,46.470412,1,0.079000,0.940458
SP_R_Yoga_2,posenet,6,0.242413,ok,1,direct,1.000000,6,right_shoulder,1,1,2.000000,602.830000,281.910000,2.000000,608.370605,284.440704,6.091205,46.470412,1,0.079000,0.946429
SP_R_Yoga_2,posenet,6,0.242413,ok,1,direct,1.000000,7,left_elbow,1,1,2.000000,713.040000,349.570000,2.000000,711.523010,346.806244,3.152714,46.470412,1,0.072000,0.982399
SP_R_Yoga_2,posenet,6,0.242413,ok,1,direct,1.000000,8,right_elbow,1,1,2.000000,591.850000,352.930000,2.000000,591.178589,352.563080,0.765130,46.470412,1,0.072000,0.998955
SP_R_Yoga_2,posenet,6,0.242413,ok,1,direct,1.000000,9,left_wrist,1,1,2.000000,719.020000,416.880000,2.000000,720.119019,407.252838,9.689690,46.470412,1,0.062000,0.797550
SP_R_Yoga_2,posenet,6,0.242413,ok,1,direct,1.000000,10,right_wrist,1,1,2.000000,599.260000,419.620000,2.000000,596.909241,414.928589,5.247419,46.470412,1,0.062000,0.935811
SP_R_Yoga_2,posenet,6,0.242413,ok,1,direct,1.000000,11,left_hip,1,1,2.000000,681.440000,411.430000,2.000000,684.779785,423.563812,12.585053,46.470412,1,0.107000,0.879747
SP_R_Yoga_2,posenet,6,0.242413,ok,1,direct,1.000000,12,right_hip,1,1,2.000000,630.850000,414.020000,2.000000,632.248474,425.482788,11.547781,46.470412,1,0.107000,0.897743
SP_R_Yoga_2,posenet,6,0.242413,ok,1,direct,1.000000,13,left_knee,1,1,2.000000,682.270000,534.540000,2.000000,682.869568,527.186584,7.377818,46.470412,1,0.087000,0.935566
SP_R_Yoga_2,posenet,6,0.242413,ok,1,direct,1.000000,14,right_knee,1,1,2.000000,635.890000,535.180000,2.000000,637.979187,528.146057,7.337646,46.470412,1,0.087000,0.936243
SP_R_Yoga_2,posenet,6,0.242413,ok,1,direct,1.000000,15,left_ankle,1,1,2.000000,680.010000,646.300000,2.000000,677.138855,637.525635,9.232170,46.470412,1,0.089000,0.905149
SP_R_Yoga_2,posenet,6,0.242413,ok,1,direct,1.000000,16,right_ankle,1,1,2.000000,647.570000,649.130000,2.000000,644.664978,635.606689,13.831814,46.470412,1,0.089000,0.799559
SP_R_Yoga_2,posenet,7,0.282816,ok,1,direct,1.000000,0,nose,1,1,2.000000,646.110000,224.600000,2.000000,645.132935,222.352112,2.451052,46.470412,1,0.026000,0.920989
SP_R_Yoga_2,posenet,7,0.282816,ok,1,direct,1.000000,1,left_eye,0,0,0.000000,0.000000,0.000000,2.000000,654.719299,213.701477,,,,0.025000,
SP_R_Yoga_2,posenet,7,0.282816,ok,1,direct,1.000000,2,right_eye,0,0,0.000000,0.000000,0.000000,2.000000,637.463867,213.701477,,,,0.025000,
SP_R_Yoga_2,posenet,7,0.282816,ok,1,direct,1.000000,3,left_ear,0,0,0.000000,0.000000,0.000000,2.000000,670.057434,223.313278,,,,0.035000,
SP_R_Yoga_2,posenet,7,0.282816,ok,1,direct,1.000000,4,right_ear,0,0,0.000000,0.000000,0.000000,2.000000,626.918823,225.235657,,,,0.035000,
SP_R_Yoga_2,posenet,7,0.282816,ok,1,direct,1.000000,5,left_shoulder,1,1,2.000000,692.650000,276.200000,2.000000,692.106018,282.906555,6.728581,46.470412,1,0.079000,0.935023
SP_R_Yoga_2,posenet,7,0.282816,ok,1,direct,1.000000,6,right_shoulder,1,1,2.000000,602.830000,281.910000,2.000000,607.746155,283.867706,5.291615,46.470412,1,0.079000,0.959299
SP_R_Yoga_2,posenet,7,0.282816,ok,1,direct,1.000000,7,left_elbow,1,1,2.000000,713.040000,349.570000,2.000000,713.196045,350.189240,0.638598,46.470412,1,0.072000,0.999272
SP_R_Yoga_2,posenet,7,0.282816,ok,1,direct,1.000000,8,right_elbow,1,1,2.000000,591.850000,352.930000,2.000000,590.490723,353.072784,1.366756,46.470412,1,0.072000,0.996668
SP_R_Yoga_2,posenet,7,0.282816,ok,1,direct,1.000000,9,left_wrist,1,1,2.000000,719.020000,416.880000,2.000000,717.989136,408.821320,8.124347,46.470412,1,0.062000,0.852973
SP_R_Yoga_2,posenet,7,0.282816,ok,1,direct,1.000000,10,right_wrist,1,1,2.000000,599.260000,419.620000,2.000000,597.201172,415.549591,4.561469,46.470412,1,0.062000,0.951105
SP_R_Yoga_2,posenet,7,0.282816,ok,1,direct,1.000000,11,left_hip,1,1,2.000000,681.440000,411.430000,2.000000,684.436951,424.200195,13.117149,46.470412,1,0.107000,0.870068
SP_R_Yoga_2,posenet,7,0.282816,ok,1,direct,1.000000,12,right_hip,1,1,2.000000,630.850000,414.020000,2.000000,631.712036,426.122559,12.133220,46.470412,1,0.107000,0.887731
SP_R_Yoga_2,posenet,7,0.282816,ok,1,direct,1.000000,13,left_knee,1,1,2.000000,682.270000,534.540000,2.000000,682.519714,528.968994,5.576600,46.470412,1,0.087000,0.962663
SP_R_Yoga_2,posenet,7,0.282816,ok,1,direct,1.000000,14,right_knee,1,1,2.000000,635.890000,535.180000,2.000000,637.463867,528.968994,6.407312,46.470412,1,0.087000,0.951008
SP_R_Yoga_2,posenet,7,0.282816,ok,1,direct,1.000000,15,left_ankle,1,1,2.000000,680.010000,646.300000,2.000000,675.809265,639.504822,7.988781,46.470412,1,0.089000,0.928096
SP_R_Yoga_2,posenet,7,0.282816,ok,1,direct,1.000000,16,right_ankle,1,1,2.000000,647.570000,649.130000,2.000000,645.132935,637.582458,11.801907,46.470412,1,0.089000,0.849714
SP_R_Yoga_2,posenet,8,0.323218,ok,1,direct,1.000000,0,nose,1,1,2.000000,646.110000,224.600000,2.000000,647.567932,222.387772,2.649438,46.470412,1,0.026000,0.908310
SP_R_Yoga_2,posenet,8,0.323218,ok,1,direct,1.000000,1,left_eye,0,0,0.000000,0.000000,0.000000,2.000000,656.192444,214.702103,,,,0.025000,
SP_R_Yoga_2,posenet,8,0.323218,ok,1,direct,1.000000,2,right_eye,0,0,0.000000,0.000000,0.000000,2.000000,637.985168,216.623520,,,,0.025000,
SP_R_Yoga_2,posenet,8,0.323218,ok,1,direct,1.000000,3,left_ear,0,0,0.000000,0.000000,0.000000,2.000000,669.608398,221.427063,,,,0.035000,
SP_R_Yoga_2,posenet,8,0.323218,ok,1,direct,1.000000,4,right_ear,0,0,0.000000,0.000000,0.000000,2.000000,627.444092,227.191330,,,,0.035000,
SP_R_Yoga_2,posenet,8,0.323218,ok,1,direct,1.000000,5,left_shoulder,1,1,2.000000,692.650000,276.200000,2.000000,691.648804,280.991058,4.894551,46.470412,1,0.079000,0.965074
SP_R_Yoga_2,posenet,8,0.323218,ok,1,direct,1.000000,6,right_shoulder,1,1,2.000000,602.830000,281.910000,2.000000,608.278503,281.951782,5.448664,46.470412,1,0.079000,0.956901
SP_R_Yoga_2,posenet,8,0.323218,ok,1,direct,1.000000,7,left_elbow,1,1,2.000000,713.040000,349.570000,2.000000,712.730896,348.240723,1.364743,46.470412,1,0.072000,0.996678
SP_R_Yoga_2,posenet,8,0.323218,ok,1,direct,1.000000,8,right_elbow,1,1,2.000000,591.850000,352.930000,2.000000,590.071167,350.162109,3.290207,46.470412,1,0.072000,0.980846
SP_R_Yoga_2,posenet,8,0.323218,ok,1,direct,1.000000,9,left_wrist,1,1,2.000000,719.020000,416.880000,2.000000,718.480591,408.765381,8.132528,46.470412,1,0.062000,0.852700
SP_R_Yoga_2,posenet,8,0.323218,ok,1,direct,1.000000,10,right_wrist,1,1,2.000000,599.260000,419.620000,2.000000,596.779114,414.529694,5.662686,46.470412,1,0.062000,0.925652
SP_R_Yoga_2,posenet,8,0.323218,ok,1,direct,1.000000,11,left_hip,1,1,2.000000,681.440000,411.430000,2.000000,683.982544,425.097473,13.901955,46.470412,1,0.107000,0.855271
SP_R_Yoga_2,posenet,8,0.323218,ok,1,direct,1.000000,12,right_hip,1,1,2.000000,630.850000,414.020000,2.000000,630.318909,425.097473,11.090197,46.470412,1,0.107000,0.905297
SP_R_Yoga_2,posenet,8,0.323218,ok,1,direct,1.000000,13,left_knee,1,1,2.000000,682.270000,534.540000,2.000000,682.065979,527.893372,6.649759,46.470412,1,0.087000,0.947331
SP_R_Yoga_2,posenet,8,0.323218,ok,1,direct,1.000000,14,right_knee,1,1,2.000000,635.890000,535.180000,2.000000,637.026855,528.854065,6.427277,46.470412,1,0.087000,0.950710
SP_R_Yoga_2,posenet,8,0.323218,ok,1,direct,1.000000,15,left_ankle,1,1,2.000000,680.010000,646.300000,2.000000,675.358032,637.414246,10.029827,46.470412,1,0.089000,0.889033
SP_R_Yoga_2,posenet,8,0.323218,ok,1,direct,1.000000,16,right_ankle,1,1,2.000000,647.570000,649.130000,2.000000,644.693054,633.571411,15.822342,46.470412,1,0.089000,0.746238
SP_R_Yoga_2,posenet,9,0.363620,ok,1,direct,1.000000,0,nose,1,1,2.000000,646.110000,224.600000,2.000000,647.408691,222.972809,2.081910,46.470412,1,0.026000,0.942347
SP_R_Yoga_2,posenet,9,0.363620,ok,1,direct,1.000000,1,left_eye,0,0,0.000000,0.000000,0.000000,2.000000,656.017639,215.294037,,,,0.025000,
SP_R_Yoga_2,posenet,9,0.363620,ok,1,direct,1.000000,2,right_eye,0,0,0.000000,0.000000,0.000000,2.000000,638.799683,216.253891,,,,0.025000,
SP_R_Yoga_2,posenet,9,0.363620,ok,1,direct,1.000000,3,left_ear,0,0,0.000000,0.000000,0.000000,2.000000,669.409363,222.972809,,,,0.035000,
SP_R_Yoga_2,posenet,9,0.363620,ok,1,direct,1.000000,4,right_ear,0,0,0.000000,0.000000,0.000000,2.000000,627.321045,226.812210,,,,0.035000,
SP_R_Yoga_2,posenet,9,0.363620,ok,1,direct,1.000000,5,left_shoulder,1,1,2.000000,692.650000,276.200000,2.000000,690.453491,279.603790,4.050980,46.470412,1,0.079000,0.975942
SP_R_Yoga_2,posenet,9,0.363620,ok,1,direct,1.000000,6,right_shoulder,1,1,2.000000,602.830000,281.910000,2.000000,608.190002,283.443146,5.574958,46.470412,1,0.079000,0.954926
SP_R_Yoga_2,posenet,9,0.363620,ok,1,direct,1.000000,7,left_elbow,1,1,2.000000,713.040000,349.570000,2.000000,714.367310,346.793060,3.077847,46.470412,1,0.072000,0.983218
SP_R_Yoga_2,posenet,9,0.363620,ok,1,direct,1.000000,8,right_elbow,1,1,2.000000,591.850000,352.930000,2.000000,590.015564,349.672607,3.738417,46.470412,1,0.072000,0.975341
SP_R_Yoga_2,posenet,9,0.363620,ok,1,direct,1.000000,9,left_wrist,1,1,2.000000,719.020000,416.880000,2.000000,719.150146,407.263428,9.617453,46.470412,1,0.062000,0.800234
SP_R_Yoga_2,posenet,9,0.363620,ok,1,direct,1.000000,10,right_wrist,1,1,2.000000,599.260000,419.620000,2.000000,596.711365,414.942200,5.327040,46.470412,1,0.062000,0.933915
SP_R_Yoga_2,posenet,9,0.363620,ok,1,direct,1.000000,11,left_hip,1,1,2.000000,681.440000,411.430000,2.000000,683.757690,424.540680,13.313963,46.470412,1,0.107000,0.866415
SP_R_Yoga_2,posenet,9,0.363620,ok,1,direct,1.000000,12,right_hip,1,1,2.000000,630.850000,414.020000,2.000000,632.103821,425.500519,11.548783,46.470412,1,0.107000,0.897726
SP_R_Yoga_2,posenet,9,0.363620,ok,1,direct,1.000000,13,left_knee,1,1,2.000000,682.270000,534.540000,2.000000,681.844604,529.164001,5.392803,46.470412,1,0.087000,0.965041
SP_R_Yoga_2,posenet,9,0.363620,ok,1,direct,1.000000,14,right_knee,1,1,2.000000,635.890000,535.180000,2.000000,636.886597,529.164001,6.097987,46.470412,1,0.087000,0.955520
SP_R_Yoga_2,posenet,9,0.363620,ok,1,direct,1.000000,15,left_ankle,1,1,2.000000,680.010000,646.300000,2.000000,676.105225,634.747131,12.194919,46.470412,1,0.089000,0.840396
SP_R_Yoga_2,posenet,9,0.363620,ok,1,direct,1.000000,16,right_ankle,1,1,2.000000,647.570000,649.130000,2.000000,643.582458,633.787292,15.852418,46.470412,1,0.089000,0.745407
SP_R_Yoga_2,posenet,10,0.404022,ok,1,direct,1.000000,0,nose,1,1,2.000000,646.480000,224.600000,2.000000,646.460388,222.467972,2.132118,46.604472,1,0.026000,0.939955
SP_R_Yoga_2,posenet,10,0.404022,ok,1,direct,1.000000,1,left_eye,0,0,0.000000,0.000000,0.000000,2.000000,656.043579,214.786209,,,,0.025000,
SP_R_Yoga_2,posenet,10,0.404022,ok,1,direct,1.000000,2,right_eye,0,0,0.000000,0.000000,0.000000,2.000000,637.835449,214.786209,,,,0.025000,
SP_R_Yoga_2,posenet,10,0.404022,ok,1,direct,1.000000,3,left_ear,0,0,0.000000,0.000000,0.000000,2.000000,669.460022,223.428192,,,,0.035000,
SP_R_Yoga_2,posenet,10,0.404022,ok,1,direct,1.000000,4,right_ear,0,0,0.000000,0.000000,0.000000,2.000000,627.294006,224.388412,,,,0.035000,
SP_R_Yoga_2,posenet,10,0.404022,ok,1,direct,1.000000,5,left_shoulder,1,1,2.000000,693.010000,276.480000,2.000000,692.459717,282.961884,6.505200,46.604472,1,0.079000,0.939472
SP_R_Yoga_2,posenet,10,0.404022,ok,1,direct,1.000000,6,right_shoulder,1,1,2.000000,603.510000,282.090000,2.000000,608.127563,283.922089,4.967740,46.604472,1,0.079000,0.964243
SP_R_Yoga_2,posenet,10,0.404022,ok,1,direct,1.000000,7,left_elbow,1,1,2.000000,713.520000,349.390000,2.000000,712.584412,348.256927,1.469414,46.604472,1,0.072000,0.996172
SP_R_Yoga_2,posenet,10,0.404022,ok,1,direct,1.000000,8,right_elbow,1,1,2.000000,592.300000,353.070000,2.000000,589.919556,352.097809,2.571317,46.604472,1,0.072000,0.988325
SP_R_Yoga_2,posenet,10,0.404022,ok,1,direct,1.000000,9,left_wrist,1,1,2.000000,720.250000,416.780000,2.000000,718.334351,408.750854,8.254507,46.604472,1,0.062000,0.849404
SP_R_Yoga_2,posenet,10,0.404022,ok,1,direct,1.000000,10,right_wrist,1,1,2.000000,598.480000,419.510000,2.000000,595.669434,413.551941,6.587697,46.604472,1,0.062000,0.901263
SP_R_Yoga_2,posenet,10,0.404022,ok,1,direct,1.000000,11,left_hip,1,1,2.000000,682.550000,411.350000,2.000000,683.834839,424.114410,12.828912,46.604472,1,0.107000,0.876018
SP_R_Yoga_2,posenet,10,0.404022,ok,1,direct,1.000000,12,right_hip,1,1,2.000000,631.410000,413.890000,2.000000,630.168945,425.074585,11.253229,46.604472,1,0.107000,0.903165
SP_R_Yoga_2,posenet,10,0.404022,ok,1,direct,1.000000,13,left_knee,1,1,2.000000,682.940000,534.760000,2.000000,681.918213,528.778442,6.068202,46.604472,1,0.087000,0.956191
SP_R_Yoga_2,posenet,10,0.404022,ok,1,direct,1.000000,14,right_knee,1,1,2.000000,636.280000,535.180000,2.000000,636.877197,529.738708,5.473965,46.604472,1,0.087000,0.964203
SP_R_Yoga_2,posenet,10,0.404022,ok,1,direct,1.000000,15,left_ankle,1,1,2.000000,679.840000,646.220000,2.000000,676.168274,634.402771,12.374509,46.604472,1,0.089000,0.836932
SP_R_Yoga_2,posenet,10,0.404022,ok,1,direct,1.000000,16,right_ankle,1,1,2.000000,647.610000,648.980000,2.000000,643.585449,632.482300,16.981493,46.604472,1,0.089000,0.715172
SP_R_Yoga_2,posenet,11,0.444425,ok,1,direct,1.000000,0,nose,1,1,2.000000,646.840000,224.600000,2.000000,647.199036,222.626129,2.006258,46.739863,1,0.026000,0.946948
SP_R_Yoga_2,posenet,11,0.444425,ok,1,direct,1.000000,1,left_eye,0,0,0.000000,0.000000,0.000000,2.000000,655.810547,213.983566,,,,0.025000,
SP_R_Yoga_2,posenet,11,0.444425,ok,1,direct,1.000000,2,right_eye,0,0,0.000000,0.000000,0.000000,2.000000,638.587524,214.943863,,,,0.025000,
SP_R_Yoga_2,posenet,11,0.444425,ok,1,direct,1.000000,3,left_ear,0,0,0.000000,0.000000,0.000000,2.000000,669.206238,222.626129,,,,0.035000,
SP_R_Yoga_2,posenet,11,0.444425,ok,1,direct,1.000000,4,right_ear,0,0,0.000000,0.000000,0.000000,2.000000,628.062378,223.586411,,,,0.035000,
SP_R_Yoga_2,posenet,11,0.444425,ok,1,direct,1.000000,5,left_shoulder,1,1,2.000000,693.370000,276.760000,2.000000,691.213440,278.322723,2.663242,46.739863,1,0.079000,0.989649
SP_R_Yoga_2,posenet,11,0.444425,ok,1,direct,1.000000,6,right_shoulder,1,1,2.000000,604.200000,282.270000,2.000000,608.925659,279.282990,5.590535,46.739863,1,0.079000,0.955188
SP_R_Yoga_2,posenet,11,0.444425,ok,1,direct,1.000000,7,left_elbow,1,1,2.000000,714.010000,349.200000,2.000000,712.263733,346.502991,3.212990,46.739863,1,0.072000,0.981934
SP_R_Yoga_2,posenet,11,0.444425,ok,1,direct,1.000000,8,right_elbow,1,1,2.000000,592.740000,353.220000,2.000000,589.788940,348.423553,5.631576,46.739863,1,0.072000,0.945532
SP_R_Yoga_2,posenet,11,0.444425,ok,1,direct,1.000000,9,left_wrist,1,1,2.000000,721.480000,416.690000,2.000000,720.875244,405.080414,11.625327,46.739863,1,0.062000,0.724792
SP_R_Yoga_2,posenet,11,0.444425,ok,1,direct,1.000000,10,right_wrist,1,1,2.000000,597.710000,419.400000,2.000000,595.530029,411.802429,7.904135,46.739863,1,0.062000,0.861748
SP_R_Yoga_2,posenet,11,0.444425,ok,1,direct,1.000000,11,left_hip,1,1,2.000000,683.660000,411.280000,2.000000,683.558716,419.484711,8.205336,46.739863,1,0.107000,0.947587
SP_R_Yoga_2,posenet,11,0.444425,ok,1,direct,1.000000,12,right_hip,1,1,2.000000,631.960000,413.760000,2.000000,630.932861,419.484711,5.816126,46.739863,1,0.107000,0.973313
SP_R_Yoga_2,posenet,11,0.444425,ok,1,direct,1.000000,13,left_knee,1,1,2.000000,683.610000,534.980000,2.000000,682.601868,526.076416,8.960476,46.739863,1,0.087000,0.907453
SP_R_Yoga_2,posenet,11,0.444425,ok,1,direct,1.000000,14,right_knee,1,1,2.000000,636.670000,535.180000,2.000000,636.673889,527.036682,8.143319,46.739863,1,0.087000,0.922924
SP_R_Yoga_2,posenet,11,0.444425,ok,1,direct,1.000000,15,left_ankle,1,1,2.000000,679.660000,646.140000,2.000000,675.904053,632.668091,13.985688,46.739863,1,0.089000,0.797662
SP_R_Yoga_2,posenet,11,0.444425,ok,1,direct,1.000000,16,right_ankle,1,1,2.000000,647.650000,648.830000,2.000000,644.328552,632.668091,16.499676,46.739863,1,0.089000,0.730045
SP_R_Yoga_2,posenet,12,0.484827,ok,1,direct,1.000000,0,nose,1,1,2.000000,647.210000,224.600000,2.000000,646.929932,221.090347,3.520810,46.871143,1,0.026000,0.846251
SP_R_Yoga_2,posenet,12,0.484827,ok,1,direct,1.000000,1,left_eye,0,0,0.000000,0.000000,0.000000,2.000000,657.477478,213.414520,,,,0.025000,
SP_R_Yoga_2,posenet,12,0.484827,ok,1,direct,1.000000,2,right_eye,0,0,0.000000,0.000000,0.000000,2.000000,638.300049,214.373993,,,,0.025000,
SP_R_Yoga_2,posenet,12,0.484827,ok,1,direct,1.000000,3,left_ear,0,0,0.000000,0.000000,0.000000,2.000000,669.942871,220.130875,,,,0.035000,
SP_R_Yoga_2,posenet,12,0.484827,ok,1,direct,1.000000,4,right_ear,0,0,0.000000,0.000000,0.000000,2.000000,627.752502,223.968796,,,,0.035000,
SP_R_Yoga_2,posenet,12,0.484827,ok,1,direct,1.000000,5,left_shoulder,1,1,2.000000,693.730000,277.030000,2.000000,691.996887,278.659180,2.378635,46.871143,1,0.079000,0.991781
SP_R_Yoga_2,posenet,12,0.484827,ok,1,direct,1.000000,6,right_shoulder,1,1,2.000000,604.880000,282.440000,2.000000,608.575012,280.578125,4.137595,46.871143,1,0.079000,0.975337
SP_R_Yoga_2,posenet,12,0.484827,ok,1,direct,1.000000,7,left_elbow,1,1,2.000000,714.490000,349.020000,2.000000,712.133240,346.782227,3.249915,46.871143,1,0.072000,0.981623
SP_R_Yoga_2,posenet,12,0.484827,ok,1,direct,1.000000,8,right_elbow,1,1,2.000000,593.190000,353.370000,2.000000,587.479858,349.660645,6.809188,46.871143,1,0.072000,0.921804
SP_R_Yoga_2,posenet,12,0.484827,ok,1,direct,1.000000,9,left_wrist,1,1,2.000000,722.700000,416.590000,2.000000,720.763062,406.269989,10.500207,46.871143,1,0.062000,0.770193
SP_R_Yoga_2,posenet,12,0.484827,ok,1,direct,1.000000,10,right_wrist,1,1,2.000000,596.930000,419.290000,2.000000,594.191895,412.026855,7.762119,46.871143,1,0.062000,0.867022
SP_R_Yoga_2,posenet,12,0.484827,ok,1,direct,1.000000,11,left_hip,1,1,2.000000,684.780000,411.210000,2.000000,686.243652,423.540649,12.417214,46.871143,1,0.107000,0.884615
SP_R_Yoga_2,posenet,12,0.484827,ok,1,direct,1.000000,12,right_hip,1,1,2.000000,632.520000,413.630000,2.000000,630.629089,424.500092,11.033333,46.871143,1,0.107000,0.907740
SP_R_Yoga_2,posenet,12,0.484827,ok,1,direct,1.000000,13,left_knee,1,1,2.000000,684.270000,535.200000,2.000000,683.367065,531.002380,4.293635,46.871143,1,0.087000,0.978071
SP_R_Yoga_2,posenet,12,0.484827,ok,1,direct,1.000000,14,right_knee,1,1,2.000000,637.050000,535.180000,2.000000,636.382324,533.880798,1.460724,46.871143,1,0.087000,0.997437
SP_R_Yoga_2,posenet,12,0.484827,ok,1,direct,1.000000,15,left_ankle,1,1,2.000000,679.490000,646.060000,2.000000,675.696106,638.464172,8.490597,46.871143,1,0.089000,0.920485
SP_R_Yoga_2,posenet,12,0.484827,ok,1,direct,1.000000,16,right_ankle,1,1,2.000000,647.690000,648.680000,2.000000,644.053284,636.545166,12.668066,46.871143,1,0.089000,0.831568
SP_R_Yoga_2,posenet,13,0.525229,ok,1,direct,1.000000,0,nose,1,1,2.000000,647.580000,224.600000,2.000000,646.209351,222.653183,2.380919,47.005565,1,0.026000,0.926904
SP_R_Yoga_2,posenet,13,0.525229,ok,1,direct,1.000000,1,left_eye,0,0,0.000000,0.000000,0.000000,2.000000,656.739380,214.009323,,,,0.025000,
SP_R_Yoga_2,posenet,13,0.525229,ok,1,direct,1.000000,2,right_eye,0,0,0.000000,0.000000,0.000000,2.000000,638.551086,214.009323,,,,0.025000,
SP_R_Yoga_2,posenet,13,0.525229,ok,1,direct,1.000000,3,left_ear,0,0,0.000000,0.000000,0.000000,2.000000,671.098572,222.653183,,,,0.035000,
SP_R_Yoga_2,posenet,13,0.525229,ok,1,direct,1.000000,4,right_ear,0,0,0.000000,0.000000,0.000000,2.000000,628.021057,223.613617,,,,0.035000,
SP_R_Yoga_2,posenet,13,0.525229,ok,1,direct,1.000000,5,left_shoulder,1,1,2.000000,694.090000,277.310000,2.000000,692.158691,278.358063,2.197359,47.005565,1,0.079000,0.993022
SP_R_Yoga_2,posenet,13,0.525229,ok,1,direct,1.000000,6,right_shoulder,1,1,2.000000,605.570000,282.620000,2.000000,608.875488,280.278931,4.050538,47.005565,1,0.079000,0.976485
SP_R_Yoga_2,posenet,13,0.525229,ok,1,direct,1.000000,7,left_elbow,1,1,2.000000,714.970000,348.830000,2.000000,713.218750,348.469391,1.787992,47.005565,1,0.072000,0.994433
SP_R_Yoga_2,posenet,13,0.525229,ok,1,direct,1.000000,8,right_elbow,1,1,2.000000,593.630000,353.520000,2.000000,589.729919,349.429840,5.651552,47.005565,1,0.072000,0.945756
SP_R_Yoga_2,posenet,13,0.525229,ok,1,direct,1.000000,9,left_wrist,1,1,2.000000,723.930000,416.500000,2.000000,719.919739,405.134735,12.052031,47.005565,1,0.062000,0.710324
SP_R_Yoga_2,posenet,13,0.525229,ok,1,direct,1.000000,10,right_wrist,1,1,2.000000,596.150000,419.180000,2.000000,595.473572,412.818176,6.397684,47.005565,1,0.062000,0.908118
SP_R_Yoga_2,posenet,13,0.525229,ok,1,direct,1.000000,11,left_hip,1,1,2.000000,685.890000,411.130000,2.000000,685.457703,424.343323,13.220393,47.005565,1,0.107000,0.870940
SP_R_Yoga_2,posenet,13,0.525229,ok,1,direct,1.000000,12,right_hip,1,1,2.000000,633.080000,413.500000,2.000000,631.850159,429.145447,15.693709,47.005565,1,0.107000,0.823063
SP_R_Yoga_2,posenet,13,0.525229,ok,1,direct,1.000000,13,left_knee,1,1,2.000000,684.940000,535.430000,2.000000,683.543091,529.030090,6.550588,47.005565,1,0.087000,0.949978
SP_R_Yoga_2,posenet,13,0.525229,ok,1,direct,1.000000,14,right_knee,1,1,2.000000,637.440000,535.180000,2.000000,636.636536,530.950989,4.304659,47.005565,1,0.087000,0.978084
SP_R_Yoga_2,posenet,13,0.525229,ok,1,direct,1.000000,15,left_ankle,1,1,2.000000,679.320000,645.990000,2.000000,676.842163,635.637817,10.644593,47.005565,1,0.089000,0.878550
SP_R_Yoga_2,posenet,13,0.525229,ok,1,direct,1.000000,16,right_ankle,1,1,2.000000,647.720000,648.530000,2.000000,644.294739,634.677307,14.269881,47.005565,1,0.089000,0.792393
SP_R_Yoga_2,posenet,14,0.565631,ok,1,direct,1.000000,0,nose,1,1,2.000000,647.940000,224.600000,2.000000,648.012939,222.439621,2.161610,47.137706,1,0.026000,0.939680
SP_R_Yoga_2,posenet,14,0.565631,ok,1,direct,1.000000,1,left_eye,0,0,0.000000,0.000000,0.000000,2.000000,656.643921,213.792786,,,,0.025000,
SP_R_Yoga_2,posenet,14,0.565631,ok,1,direct,1.000000,2,right_eye,0,0,0.000000,0.000000,0.000000,2.000000,639.382019,214.753555,,,,0.025000,
SP_R_Yoga_2,posenet,14,0.565631,ok,1,direct,1.000000,3,left_ear,0,0,0.000000,0.000000,0.000000,2.000000,671.028809,221.478867,,,,0.035000,
SP_R_Yoga_2,posenet,14,0.565631,ok,1,direct,1.000000,4,right_ear,0,0,0.000000,0.000000,0.000000,2.000000,628.833069,223.400375,,,,0.035000,
SP_R_Yoga_2,posenet,14,0.565631,ok,1,direct,1.000000,5,left_shoulder,1,1,2.000000,694.450000,277.590000,2.000000,693.085754,279.124329,2.053127,47.137706,1,0.079000,0.993939
SP_R_Yoga_2,posenet,14,0.565631,ok,1,direct,1.000000,6,right_shoulder,1,1,2.000000,606.260000,282.800000,2.000000,610.612183,280.085083,5.129548,47.137706,1,0.079000,0.962762
SP_R_Yoga_2,posenet,14,0.565631,ok,1,direct,1.000000,7,left_elbow,1,1,2.000000,715.450000,348.650000,2.000000,714.183594,349.259613,1.405494,47.137706,1,0.072000,0.996576
SP_R_Yoga_2,posenet,14,0.565631,ok,1,direct,1.000000,8,right_elbow,1,1,2.000000,594.080000,353.670000,2.000000,591.432251,350.220337,4.348649,47.137706,1,0.072000,0.967698
SP_R_Yoga_2,posenet,14,0.565631,ok,1,direct,1.000000,9,left_wrist,1,1,2.000000,725.160000,416.400000,2.000000,721.855530,406.905060,10.053527,47.137706,1,0.062000,0.789250
SP_R_Yoga_2,posenet,14,0.565631,ok,1,direct,1.000000,10,right_wrist,1,1,2.000000,595.370000,419.070000,2.000000,595.268250,413.630371,5.440580,47.137706,1,0.062000,0.933037
SP_R_Yoga_2,posenet,14,0.565631,ok,1,direct,1.000000,11,left_hip,1,1,2.000000,687.010000,411.060000,2.000000,687.331726,422.277161,11.221774,47.137706,1,0.107000,0.905740
SP_R_Yoga_2,posenet,14,0.565631,ok,1,direct,1.000000,12,right_hip,1,1,2.000000,633.640000,413.370000,2.000000,631.710083,422.277161,9.113841,47.137706,1,0.107000,0.936784
SP_R_Yoga_2,posenet,14,0.565631,ok,1,direct,1.000000,13,left_knee,1,1,2.000000,685.610000,535.650000,2.000000,682.536743,528.921265,7.397350,47.137706,1,0.087000,0.936998
SP_R_Yoga_2,posenet,14,0.565631,ok,1,direct,1.000000,14,right_knee,1,1,2.000000,637.830000,535.180000,2.000000,637.463989,529.882019,5.310609,47.137706,1,0.087000,0.967018
SP_R_Yoga_2,posenet,14,0.565631,ok,1,direct,1.000000,15,left_ankle,1,1,2.000000,679.140000,645.910000,2.000000,675.823792,636.526062,9.952665,47.137706,1,0.089000,0.893542
SP_R_Yoga_2,posenet,14,0.565631,ok,1,direct,1.000000,16,right_ankle,1,1,2.000000,647.760000,648.380000,2.000000,643.217957,634.604553,14.504933,47.137706,1,0.089000,0.787351
SP_R_Yoga_2,posenet,15,0.606034,ok,1,direct,1.000000,0,nose,1,1,2.000000,648.870000,224.470000,2.000000,647.742615,222.240479,2.498352,47.447189,1,0.026000,0.921245
SP_R_Yoga_2,posenet,15,0.606034,ok,1,direct,1.000000,1,left_eye,0,0,0.000000,0.000000,0.000000,2.000000,658.245300,213.603012,,,,0.025000,
SP_R_Yoga_2,posenet,15,0.606034,ok,1,direct,1.000000,2,right_eye,0,0,0.000000,0.000000,0.000000,2.000000,639.149475,213.603012,,,,0.025000,
SP_R_Yoga_2,posenet,15,0.606034,ok,1,direct,1.000000,3,left_ear,0,0,0.000000,0.000000,0.000000,2.000000,670.657654,219.361313,,,,0.035000,
SP_R_Yoga_2,posenet,15,0.606034,ok,1,direct,1.000000,4,right_ear,0,0,0.000000,0.000000,0.000000,2.000000,628.646790,224.159912,,,,0.035000,
SP_R_Yoga_2,posenet,15,0.606034,ok,1,direct,1.000000,5,left_shoulder,1,1,2.000000,694.810000,277.870000,2.000000,694.527466,278.863861,1.033240,47.447189,1,0.079000,0.998481
SP_R_Yoga_2,posenet,15,0.606034,ok,1,direct,1.000000,6,right_shoulder,1,1,2.000000,606.940000,282.980000,2.000000,610.505737,280.783295,4.188078,47.447189,1,0.079000,0.975341
SP_R_Yoga_2,posenet,15,0.606034,ok,1,direct,1.000000,7,left_elbow,1,1,2.000000,715.940000,348.460000,2.000000,714.578003,348.923279,1.438632,47.447189,1,0.072000,0.996459
SP_R_Yoga_2,posenet,15,0.606034,ok,1,direct,1.000000,8,right_elbow,1,1,2.000000,594.530000,353.820000,2.000000,592.364685,350.842712,3.681417,47.447189,1,0.072000,0.977042
SP_R_Yoga_2,posenet,15,0.606034,ok,1,direct,1.000000,9,left_wrist,1,1,2.000000,727.340000,415.450000,2.000000,723.171204,410.345245,6.590704,47.447189,1,0.062000,0.904485
SP_R_Yoga_2,posenet,15,0.606034,ok,1,direct,1.000000,10,right_wrist,1,1,2.000000,594.590000,418.960000,2.000000,597.138611,415.143860,4.588937,47.447189,1,0.062000,0.952497
SP_R_Yoga_2,posenet,15,0.606034,ok,1,direct,1.000000,11,left_hip,1,1,2.000000,688.120000,410.980000,2.000000,687.843872,422.821625,11.844844,47.447189,1,0.107000,0.896849
SP_R_Yoga_2,posenet,15,0.606034,ok,1,direct,1.000000,12,right_hip,1,1,2.000000,634.200000,413.240000,2.000000,631.511169,422.821625,9.951751,47.447189,1,0.107000,0.926029
SP_R_Yoga_2,posenet,15,0.606034,ok,1,direct,1.000000,13,left_knee,1,1,2.000000,686.280000,535.870000,2.000000,684.024719,529.350342,6.898713,47.447189,1,0.087000,0.945671
SP_R_Yoga_2,posenet,15,0.606034,ok,1,direct,1.000000,14,right_knee,1,1,2.000000,638.210000,535.180000,2.000000,637.239929,530.310120,4.965559,47.447189,1,0.087000,0.971474
SP_R_Yoga_2,posenet,15,0.606034,ok,1,direct,1.000000,15,left_ankle,1,1,2.000000,678.970000,645.830000,2.000000,675.431580,634.919373,11.470057,47.447189,1,0.089000,0.862813
SP_R_Yoga_2,posenet,15,0.606034,ok,1,direct,1.000000,16,right_ankle,1,1,2.000000,647.800000,648.240000,2.000000,642.968628,632.999878,15.987604,47.447189,1,0.089000,0.750753
SP_R_Yoga_2,posenet,16,0.646436,ok,1,direct,1.000000,0,nose,1,1,2.000000,649.790000,224.340000,2.000000,649.183655,222.655151,1.790634,47.961281,1,0.026000,0.959599
SP_R_Yoga_2,posenet,16,0.646436,ok,1,direct,1.000000,1,left_eye,0,0,0.000000,0.000000,0.000000,2.000000,657.819092,214.008301,,,,0.025000,
SP_R_Yoga_2,posenet,16,0.646436,ok,1,direct,1.000000,2,right_eye,0,0,0.000000,0.000000,0.000000,2.000000,639.588745,214.008301,,,,0.025000,
SP_R_Yoga_2,posenet,16,0.646436,ok,1,direct,1.000000,3,left_ear,0,0,0.000000,0.000000,0.000000,2.000000,671.251953,220.733627,,,,0.035000,
SP_R_Yoga_2,posenet,16,0.646436,ok,1,direct,1.000000,4,right_ear,0,0,0.000000,0.000000,0.000000,2.000000,629.034302,223.615906,,,,0.035000,
SP_R_Yoga_2,posenet,16,0.646436,ok,1,direct,1.000000,5,left_shoulder,1,1,2.000000,695.170000,278.140000,2.000000,695.239258,277.418457,0.724859,47.961281,1,0.079000,0.999268
SP_R_Yoga_2,posenet,16,0.646436,ok,1,direct,1.000000,6,right_shoulder,1,1,2.000000,607.630000,283.150000,2.000000,612.722961,280.300751,5.835793,47.961281,1,0.079000,0.953663
SP_R_Yoga_2,posenet,16,0.646436,ok,1,direct,1.000000,7,left_elbow,1,1,2.000000,716.420000,348.270000,2.000000,714.429077,347.553925,2.115783,47.961281,1,0.072000,0.992520
SP_R_Yoga_2,posenet,16,0.646436,ok,1,direct,1.000000,8,right_elbow,1,1,2.000000,594.970000,353.970000,2.000000,595.452087,349.475433,4.520347,47.961281,1,0.072000,0.966310
SP_R_Yoga_2,posenet,16,0.646436,ok,1,direct,1.000000,9,left_wrist,1,1,2.000000,729.520000,414.500000,2.000000,724.983459,404.238739,11.219344,47.961281,1,0.062000,0.752234
SP_R_Yoga_2,posenet,16,0.646436,ok,1,direct,1.000000,10,right_wrist,1,1,2.000000,593.810000,418.840000,2.000000,597.371094,417.689392,3.742364,47.961281,1,0.062000,0.968819
SP_R_Yoga_2,posenet,16,0.646436,ok,1,direct,1.000000,11,left_hip,1,1,2.000000,689.230000,410.910000,2.000000,687.563293,420.571655,9.804361,47.961281,1,0.107000,0.929601
SP_R_Yoga_2,posenet,16,0.646436,ok,1,direct,1.000000,12,right_hip,1,1,2.000000,634.760000,413.120000,2.000000,632.872314,420.571655,7.687036,47.961281,1,0.107000,0.956118
SP_R_Yoga_2,posenet,16,0.646436,ok,1,direct,1.000000,13,left_knee,1,1,2.000000,686.950000,536.100000,2.000000,684.684875,528.176758,8.240665,47.961281,1,0.087000,0.924958
SP_R_Yoga_2,posenet,16,0.646436,ok,1,direct,1.000000,14,right_knee,1,1,2.000000,638.600000,535.180000,2.000000,638.629272,528.176758,7.003303,47.961281,1,0.087000,0.945218
SP_R_Yoga_2,posenet,16,0.646436,ok,1,direct,1.000000,15,left_ankle,1,1,2.000000,678.800000,645.750000,2.000000,676.049438,633.860413,12.203601,47.961281,1,0.089000,0.849190
SP_R_Yoga_2,posenet,16,0.646436,ok,1,direct,1.000000,16,right_ankle,1,1,2.000000,647.830000,648.090000,2.000000,643.426697,630.017334,18.601353,47.961281,1,0.089000,0.683997
SP_R_Yoga_2,posenet,17,0.686838,ok,1,direct,1.000000,0,nose,1,1,2.000000,650.710000,224.210000,2.000000,648.468445,221.541809,3.484797,48.480363,1,0.026000,0.858246
SP_R_Yoga_2,posenet,17,0.686838,ok,1,direct,1.000000,1,left_eye,0,0,0.000000,0.000000,0.000000,2.000000,658.065430,213.853104,,,,0.025000,
SP_R_Yoga_2,posenet,17,0.686838,ok,1,direct,1.000000,2,right_eye,0,0,0.000000,0.000000,0.000000,2.000000,639.831299,213.853104,,,,0.025000,
SP_R_Yoga_2,posenet,17,0.686838,ok,1,direct,1.000000,3,left_ear,0,0,0.000000,0.000000,0.000000,2.000000,671.501099,220.580704,,,,0.035000,
SP_R_Yoga_2,posenet,17,0.686838,ok,1,direct,1.000000,4,right_ear,0,0,0.000000,0.000000,0.000000,2.000000,629.274658,222.502899,,,,0.035000,
SP_R_Yoga_2,posenet,17,0.686838,ok,1,direct,1.000000,5,left_shoulder,1,1,2.000000,695.530000,278.420000,2.000000,697.412781,277.284851,2.198506,48.480363,1,0.079000,0.993431
SP_R_Yoga_2,posenet,17,0.686838,ok,1,direct,1.000000,6,right_shoulder,1,1,2.000000,608.310000,283.330000,2.000000,612.000183,281.129211,4.296617,48.480363,1,0.079000,0.975143
SP_R_Yoga_2,posenet,17,0.686838,ok,1,direct,1.000000,7,left_elbow,1,1,2.000000,716.900000,348.090000,2.000000,717.566345,347.444244,0.927910,48.480363,1,0.072000,0.998588
SP_R_Yoga_2,posenet,17,0.686838,ok,1,direct,1.000000,8,right_elbow,1,1,2.000000,595.420000,354.110000,2.000000,598.564514,354.171875,3.145123,48.480363,1,0.072000,0.983894
SP_R_Yoga_2,posenet,17,0.686838,ok,1,direct,1.000000,9,left_wrist,1,1,2.000000,731.700000,413.550000,2.000000,728.122925,409.914917,5.099931,48.480363,1,0.062000,0.944050
SP_R_Yoga_2,posenet,17,0.686838,ok,1,direct,1.000000,10,right_wrist,1,1,2.000000,593.030000,418.730000,2.000000,598.564514,418.564728,5.536981,48.480363,1,0.062000,0.934384
SP_R_Yoga_2,posenet,17,0.686838,ok,1,direct,1.000000,11,left_hip,1,1,2.000000,690.350000,410.830000,2.000000,687.815857,418.564728,8.139281,48.480363,1,0.107000,0.951954
SP_R_Yoga_2,posenet,17,0.686838,ok,1,direct,1.000000,12,right_hip,1,1,2.000000,635.320000,412.990000,2.000000,632.153748,419.525818,7.262374,48.480363,1,0.107000,0.961558
SP_R_Yoga_2,posenet,17,0.686838,ok,1,direct,1.000000,13,left_knee,1,1,2.000000,687.620000,536.320000,2.000000,683.977112,526.206482,10.749599,48.480363,1,0.087000,0.878174
SP_R_Yoga_2,posenet,17,0.686838,ok,1,direct,1.000000,14,right_knee,1,1,2.000000,638.990000,535.180000,2.000000,638.871582,531.011902,4.169780,48.480363,1,0.087000,0.980643
SP_R_Yoga_2,posenet,17,0.686838,ok,1,direct,1.000000,15,left_ankle,1,1,2.000000,678.630000,645.670000,2.000000,674.380188,633.848328,12.562358,48.480363,1,0.089000,0.844057
SP_R_Yoga_2,posenet,17,0.686838,ok,1,direct,1.000000,16,right_ankle,1,1,2.000000,647.870000,647.940000,2.000000,644.629700,631.926086,16.338451,48.480363,1,0.089000,0.750681
SP_R_Yoga_2,posenet,18,0.727240,ok,1,direct,1.000000,0,nose,1,1,2.000000,651.630000,224.070000,2.000000,648.881653,222.368591,3.232368,48.994475,1,0.026000,0.879172
SP_R_Yoga_2,posenet,18,0.727240,ok,1,direct,1.000000,1,left_eye,0,0,0.000000,0.000000,0.000000,2.000000,658.456726,213.728790,,,,0.025000,
SP_R_Yoga_2,posenet,18,0.727240,ok,1,direct,1.000000,2,right_eye,0,0,0.000000,0.000000,0.000000,2.000000,640.264099,213.728790,,,,0.025000,
SP_R_Yoga_2,posenet,18,0.727240,ok,1,direct,1.000000,3,left_ear,0,0,0.000000,0.000000,0.000000,2.000000,673.776855,220.448639,,,,0.035000,
SP_R_Yoga_2,posenet,18,0.727240,ok,1,direct,1.000000,4,right_ear,0,0,0.000000,0.000000,0.000000,2.000000,629.731506,223.328568,,,,0.035000,
SP_R_Yoga_2,posenet,18,0.727240,ok,1,direct,1.000000,5,left_shoulder,1,1,2.000000,695.890000,278.700000,2.000000,700.587036,277.087372,4.966157,48.994475,1,0.079000,0.967611
SP_R_Yoga_2,posenet,18,0.727240,ok,1,direct,1.000000,6,right_shoulder,1,1,2.000000,609.000000,283.510000,2.000000,612.496399,278.047363,6.485769,48.994475,1,0.079000,0.945391
SP_R_Yoga_2,posenet,18,0.727240,ok,1,direct,1.000000,7,left_elbow,1,1,2.000000,717.380000,347.900000,2.000000,718.779663,348.125793,1.417759,48.994475,1,0.072000,0.996775
SP_R_Yoga_2,posenet,18,0.727240,ok,1,direct,1.000000,8,right_elbow,1,1,2.000000,595.860000,354.260000,2.000000,598.133789,352.925690,2.636380,48.994475,1,0.072000,0.988891
SP_R_Yoga_2,posenet,18,0.727240,ok,1,direct,1.000000,9,left_wrist,1,1,2.000000,733.880000,412.590000,2.000000,729.312195,411.484375,4.699708,48.994475,1,0.062000,0.953254
SP_R_Yoga_2,posenet,18,0.727240,ok,1,direct,1.000000,10,right_wrist,1,1,2.000000,592.250000,418.620000,2.000000,595.261292,418.204254,3.039855,48.994475,1,0.062000,0.980170
SP_R_Yoga_2,posenet,18,0.727240,ok,1,direct,1.000000,11,left_hip,1,1,2.000000,691.460000,410.760000,2.000000,691.011963,418.204254,7.457725,48.994475,1,0.107000,0.960334
SP_R_Yoga_2,posenet,18,0.727240,ok,1,direct,1.000000,12,right_hip,1,1,2.000000,635.870000,412.860000,2.000000,633.561584,418.204254,5.821498,48.994475,1,0.107000,0.975639
SP_R_Yoga_2,posenet,18,0.727240,ok,1,direct,1.000000,13,left_knee,1,1,2.000000,688.280000,536.540000,2.000000,685.266907,526.681824,10.308364,48.994475,1,0.087000,0.889611
SP_R_Yoga_2,posenet,18,0.727240,ok,1,direct,1.000000,14,right_knee,1,1,2.000000,639.370000,535.180000,2.000000,638.349060,529.561768,5.710241,48.994475,1,0.087000,0.964744
SP_R_Yoga_2,posenet,18,0.727240,ok,1,direct,1.000000,15,left_ankle,1,1,2.000000,678.450000,645.590000,2.000000,674.734314,638.039368,8.415365,48.994475,1,0.089000,0.928216
SP_R_Yoga_2,posenet,18,0.727240,ok,1,direct,1.000000,16,right_ankle,1,1,2.000000,647.910000,647.790000,2.000000,644.094177,631.319519,16.906722,48.994475,1,0.089000,0.740330
SP_R_Yoga_2,posenet,19,0.767642,ok,1,direct,1.000000,0,nose,1,1,2.000000,652.560000,223.940000,2.000000,651.004883,222.076355,2.427254,49.500928,1,0.026000,0.931336
SP_R_Yoga_2,posenet,19,0.767642,ok,1,direct,1.000000,1,left_eye,0,0,0.000000,0.000000,0.000000,2.000000,660.594055,213.432022,,,,0.025000,
SP_R_Yoga_2,posenet,19,0.767642,ok,1,direct,1.000000,2,right_eye,0,0,0.000000,0.000000,0.000000,2.000000,641.415771,214.392517,,,,0.025000,
SP_R_Yoga_2,posenet,19,0.767642,ok,1,direct,1.000000,3,left_ear,0,0,0.000000,0.000000,0.000000,2.000000,674.018860,222.076355,,,,0.035000,
SP_R_Yoga_2,posenet,19,0.767642,ok,1,direct,1.000000,4,right_ear,0,0,0.000000,0.000000,0.000000,2.000000,628.949829,223.036835,,,,0.035000,
SP_R_Yoga_2,posenet,19,0.767642,ok,1,direct,1.000000,5,left_shoulder,1,1,2.000000,696.250000,278.970000,2.000000,699.909485,277.784180,3.846817,49.500928,1,0.079000,0.980833
SP_R_Yoga_2,posenet,19,0.767642,ok,1,direct,1.000000,6,right_shoulder,1,1,2.000000,609.680000,283.680000,2.000000,612.648315,279.705139,4.960889,49.500928,1,0.079000,0.968326
SP_R_Yoga_2,posenet,19,0.767642,ok,1,direct,1.000000,7,left_elbow,1,1,2.000000,717.870000,347.720000,2.000000,715.252136,347.899200,2.623990,49.500928,1,0.072000,0.989218
SP_R_Yoga_2,posenet,19,0.767642,ok,1,direct,1.000000,8,right_elbow,1,1,2.000000,596.310000,354.410000,2.000000,596.346741,352.701599,1.708796,49.500928,1,0.072000,0.995413
SP_R_Yoga_2,posenet,19,0.767642,ok,1,direct,1.000000,9,left_wrist,1,1,2.000000,736.050000,411.640000,2.000000,725.800171,409.369904,10.498206,49.500928,1,0.062000,0.791347
SP_R_Yoga_2,posenet,19,0.767642,ok,1,direct,1.000000,10,right_wrist,1,1,2.000000,591.470000,418.510000,2.000000,592.511169,418.014221,1.153183,49.500928,1,0.062000,0.997180
SP_R_Yoga_2,posenet,19,0.767642,ok,1,direct,1.000000,11,left_hip,1,1,2.000000,692.570000,410.680000,2.000000,690.320374,419.935181,9.524662,49.500928,1,0.107000,0.937372
SP_R_Yoga_2,posenet,19,0.767642,ok,1,direct,1.000000,12,right_hip,1,1,2.000000,636.430000,412.730000,2.000000,634.703308,419.935181,7.409190,49.500928,1,0.107000,0.961620
SP_R_Yoga_2,posenet,19,0.767642,ok,1,direct,1.000000,13,left_knee,1,1,2.000000,688.950000,536.760000,2.000000,686.484741,526.548401,10.504963,49.500928,1,0.087000,0.887806
SP_R_Yoga_2,posenet,19,0.767642,ok,1,direct,1.000000,14,right_knee,1,1,2.000000,639.760000,535.180000,2.000000,640.456848,528.469360,6.746724,49.500928,1,0.087000,0.952100
SP_R_Yoga_2,posenet,19,0.767642,ok,1,direct,1.000000,15,left_ankle,1,1,2.000000,678.280000,645.510000,2.000000,676.895569,633.161743,12.425623,49.500928,1,0.089000,0.852914
SP_R_Yoga_2,posenet,19,0.767642,ok,1,direct,1.000000,16,right_ankle,1,1,2.000000,647.950000,647.640000,2.000000,645.251404,633.161743,14.727605,49.500928,1,0.089000,0.799711
SP_R_Yoga_2,posenet,20,0.808045,ok,1,direct,1.000000,0,nose,1,1,2.000000,653.480000,223.810000,2.000000,652.009949,221.225983,2.972910,50.003899,1,0.026000,0.900705
SP_R_Yoga_2,posenet,20,0.808045,ok,1,direct,1.000000,1,left_eye,0,0,0.000000,0.000000,0.000000,2.000000,662.515564,212.580444,,,,0.025000,
SP_R_Yoga_2,posenet,20,0.808045,ok,1,direct,1.000000,2,right_eye,0,0,0.000000,0.000000,0.000000,2.000000,641.504272,212.580444,,,,0.025000,
SP_R_Yoga_2,posenet,20,0.808045,ok,1,direct,1.000000,3,left_ear,0,0,0.000000,0.000000,0.000000,2.000000,674.931335,221.225983,,,,0.035000,
SP_R_Yoga_2,posenet,20,0.808045,ok,1,direct,1.000000,4,right_ear,0,0,0.000000,0.000000,0.000000,2.000000,630.043579,224.107819,,,,0.035000,
SP_R_Yoga_2,posenet,20,0.808045,ok,1,direct,1.000000,5,left_shoulder,1,1,2.000000,696.610000,279.250000,2.000000,700.717957,279.823456,4.147790,50.003899,1,0.079000,0.978192
SP_R_Yoga_2,posenet,20,0.808045,ok,1,direct,1.000000,6,right_shoulder,1,1,2.000000,610.370000,283.860000,2.000000,612.852478,281.744659,3.261497,50.003899,1,0.079000,0.986459
SP_R_Yoga_2,posenet,20,0.808045,ok,1,direct,1.000000,7,left_elbow,1,1,2.000000,718.350000,347.530000,2.000000,718.864075,348.027039,0.715067,50.003899,1,0.072000,0.999211
SP_R_Yoga_2,posenet,20,0.808045,ok,1,direct,1.000000,8,right_elbow,1,1,2.000000,596.750000,354.560000,2.000000,597.571533,351.869476,2.813154,50.003899,1,0.072000,0.987863
SP_R_Yoga_2,posenet,20,0.808045,ok,1,direct,1.000000,9,left_wrist,1,1,2.000000,738.230000,410.690000,2.000000,733.189941,410.466949,5.044992,50.003899,1,0.062000,0.948417
SP_R_Yoga_2,posenet,20,0.808045,ok,1,direct,1.000000,10,right_wrist,1,1,2.000000,590.690000,418.400000,2.000000,594.706299,419.112488,4.079007,50.003899,1,0.062000,0.965971
SP_R_Yoga_2,posenet,20,0.808045,ok,1,direct,1.000000,11,left_hip,1,1,2.000000,693.690000,410.610000,2.000000,693.077454,414.309387,3.749757,50.003899,1,0.107000,0.990225
SP_R_Yoga_2,posenet,20,0.808045,ok,1,direct,1.000000,12,right_hip,1,1,2.000000,636.990000,412.600000,2.000000,635.773865,415.270020,2.933937,50.003899,1,0.107000,0.994004
SP_R_Yoga_2,posenet,20,0.808045,ok,1,direct,1.000000,13,left_knee,1,1,2.000000,689.620000,536.990000,2.000000,687.347107,525.740601,11.476717,50.003899,1,0.087000,0.870060
SP_R_Yoga_2,posenet,20,0.808045,ok,1,direct,1.000000,14,right_knee,1,1,2.000000,640.150000,535.180000,2.000000,642.459351,525.740601,9.717786,50.003899,1,0.087000,0.905021
SP_R_Yoga_2,posenet,20,0.808045,ok,1,direct,1.000000,15,left_ankle,1,1,2.000000,678.110000,645.430000,2.000000,677.796509,632.368774,13.064987,50.003899,1,0.089000,0.841668
SP_R_Yoga_2,posenet,20,0.808045,ok,1,direct,1.000000,16,right_ankle,1,1,2.000000,647.980000,647.490000,2.000000,646.279541,631.408203,16.171449,50.003899,1,0.089000,0.767910
SP_R_Yoga_2,posenet,21,0.848447,ok,1,direct,1.000000,0,nose,1,1,2.000000,654.500000,223.810000,2.000000,654.587402,220.617828,3.193368,50.518428,1,0.026000,0.888503
SP_R_Yoga_2,posenet,21,0.848447,ok,1,direct,1.000000,1,left_eye,0,0,0.000000,0.000000,0.000000,2.000000,663.196960,211.980087,,,,0.025000,
SP_R_Yoga_2,posenet,21,0.848447,ok,1,direct,1.000000,2,right_eye,0,0,0.000000,0.000000,0.000000,2.000000,643.107910,212.939850,,,,0.025000,
SP_R_Yoga_2,posenet,21,0.848447,ok,1,direct,1.000000,3,left_ear,0,0,0.000000,0.000000,0.000000,2.000000,676.589783,220.617828,,,,0.035000,
SP_R_Yoga_2,posenet,21,0.848447,ok,1,direct,1.000000,4,right_ear,0,0,0.000000,0.000000,0.000000,2.000000,631.628357,224.456833,,,,0.035000,
SP_R_Yoga_2,posenet,21,0.848447,ok,1,direct,1.000000,5,left_shoulder,1,1,2.000000,699.060000,280.040000,2.000000,703.375244,281.082031,4.439275,50.518428,1,0.079000,0.975558
SP_R_Yoga_2,posenet,21,0.848447,ok,1,direct,1.000000,6,right_shoulder,1,1,2.000000,611.710000,284.260000,2.000000,616.322388,283.001526,4.780991,50.518428,1,0.079000,0.971706
SP_R_Yoga_2,posenet,21,0.848447,ok,1,direct,1.000000,7,left_elbow,1,1,2.000000,720.080000,347.610000,2.000000,723.464355,346.344971,3.613054,50.518428,1,0.072000,0.980459
SP_R_Yoga_2,posenet,21,0.848447,ok,1,direct,1.000000,8,right_elbow,1,1,2.000000,597.380000,354.560000,2.000000,597.189880,352.103485,2.463861,50.518428,1,0.072000,0.990865
SP_R_Yoga_2,posenet,21,0.848447,ok,1,direct,1.000000,9,left_wrist,1,1,2.000000,739.730000,410.290000,2.000000,734.943848,406.809204,5.918040,50.518428,1,0.062000,0.931089
SP_R_Yoga_2,posenet,21,0.848447,ok,1,direct,1.000000,10,right_wrist,1,1,2.000000,589.010000,417.660000,2.000000,593.363403,416.406677,4.530225,50.518428,1,0.062000,0.959024
SP_R_Yoga_2,posenet,21,0.848447,ok,1,direct,1.000000,11,left_hip,1,1,2.000000,694.050000,410.240000,2.000000,695.722229,416.406677,6.389386,50.518428,1,0.107000,0.972443
SP_R_Yoga_2,posenet,21,0.848447,ok,1,direct,1.000000,12,right_hip,1,1,2.000000,638.450000,412.600000,2.000000,637.368164,415.446930,3.045551,50.518428,1,0.107000,0.993671
SP_R_Yoga_2,posenet,21,0.848447,ok,1,direct,1.000000,13,left_knee,1,1,2.000000,689.650000,536.860000,2.000000,689.025879,522.938843,13.935141,50.518428,1,0.087000,0.817868
SP_R_Yoga_2,posenet,21,0.848447,ok,1,direct,1.000000,14,right_knee,1,1,2.000000,638.870000,534.090000,2.000000,643.107910,522.938843,11.929300,50.518428,1,0.087000,0.863000
SP_R_Yoga_2,posenet,21,0.848447,ok,1,direct,1.000000,15,left_ankle,1,1,2.000000,677.930000,645.360000,2.000000,677.546387,632.350281,13.015374,50.518428,1,0.089000,0.845695
SP_R_Yoga_2,posenet,21,0.848447,ok,1,direct,1.000000,16,right_ankle,1,1,2.000000,648.530000,647.130000,2.000000,645.977783,631.390503,15.945080,50.518428,1,0.089000,0.777604
SP_R_Yoga_2,posenet,22,0.888849,ok,1,direct,1.000000,0,nose,1,1,2.000000,655.530000,223.810000,2.000000,657.423584,220.634644,3.697100,51.026270,1,0.026000,0.856144
SP_R_Yoga_2,posenet,22,0.888849,ok,1,direct,1.000000,1,left_eye,0,0,0.000000,0.000000,0.000000,2.000000,666.033569,211.996887,,,,0.025000,
SP_R_Yoga_2,posenet,22,0.888849,ok,1,direct,1.000000,2,right_eye,0,0,0.000000,0.000000,0.000000,2.000000,646.900208,213.916382,,,,0.025000,
SP_R_Yoga_2,posenet,22,0.888849,ok,1,direct,1.000000,3,left_ear,0,0,0.000000,0.000000,0.000000,2.000000,677.513611,220.634644,,,,0.035000,
SP_R_Yoga_2,posenet,22,0.888849,ok,1,direct,1.000000,4,right_ear,0,0,0.000000,0.000000,0.000000,2.000000,637.333557,229.272415,,,,0.035000,
SP_R_Yoga_2,posenet,22,0.888849,ok,1,direct,1.000000,5,left_shoulder,1,1,2.000000,701.500000,280.830000,2.000000,702.386963,283.018555,2.361456,51.026270,1,0.079000,0.993160
SP_R_Yoga_2,posenet,22,0.888849,ok,1,direct,1.000000,6,right_shoulder,1,1,2.000000,613.040000,284.650000,2.000000,619.156860,283.978302,6.153630,51.026270,1,0.079000,0.954462
SP_R_Yoga_2,posenet,22,0.888849,ok,1,direct,1.000000,7,left_elbow,1,1,2.000000,721.820000,347.690000,2.000000,726.303711,346.362244,4.676174,51.026270,1,0.072000,0.968118
SP_R_Yoga_2,posenet,22,0.888849,ok,1,direct,1.000000,8,right_elbow,1,1,2.000000,598.010000,354.560000,2.000000,598.110168,352.120728,2.441328,51.026270,1,0.072000,0.991207
SP_R_Yoga_2,posenet,22,0.888849,ok,1,direct,1.000000,9,left_wrist,1,1,2.000000,741.230000,409.900000,2.000000,734.913696,406.826630,7.024336,51.026270,1,0.062000,0.906107
SP_R_Yoga_2,posenet,22,0.888849,ok,1,direct,1.000000,10,right_wrist,1,1,2.000000,587.330000,416.920000,2.000000,589.500122,415.464386,2.613090,51.026270,1,0.062000,0.986448
SP_R_Yoga_2,posenet,22,0.888849,ok,1,direct,1.000000,11,left_hip,1,1,2.000000,694.420000,409.880000,2.000000,695.690308,421.222931,11.413841,51.026270,1,0.107000,0.916306
SP_R_Yoga_2,posenet,22,0.888849,ok,1,direct,1.000000,12,right_hip,1,1,2.000000,639.910000,412.600000,2.000000,637.333557,420.263153,8.084675,51.026270,1,0.107000,0.957095
SP_R_Yoga_2,posenet,22,0.888849,ok,1,direct,1.000000,13,left_knee,1,1,2.000000,689.670000,536.740000,2.000000,688.036987,524.876160,11.975702,51.026270,1,0.087000,0.864549
SP_R_Yoga_2,posenet,22,0.888849,ok,1,direct,1.000000,14,right_knee,1,1,2.000000,637.600000,532.990000,2.000000,644.030212,523.916443,11.121019,51.026270,1,0.087000,0.882043
SP_R_Yoga_2,posenet,22,0.888849,ok,1,direct,1.000000,15,left_ankle,1,1,2.000000,677.760000,645.280000,2.000000,677.513611,631.408691,13.873497,51.026270,1,0.089000,0.829732
SP_R_Yoga_2,posenet,22,0.888849,ok,1,direct,1.000000,16,right_ankle,1,1,2.000000,649.080000,646.760000,2.000000,646.900208,629.489197,17.407818,51.026270,1,0.089000,0.745376
SP_R_Yoga_2,posenet,23,0.929251,ok,1,direct,1.000000,0,nose,1,1,2.000000,656.550000,223.810000,2.000000,657.208191,222.370270,1.583047,51.527162,1,0.026000,0.972461
SP_R_Yoga_2,posenet,23,0.929251,ok,1,direct,1.000000,1,left_eye,0,0,0.000000,0.000000,0.000000,2.000000,667.718872,212.768631,,,,0.025000,
SP_R_Yoga_2,posenet,23,0.929251,ok,1,direct,1.000000,2,right_eye,0,0,0.000000,0.000000,0.000000,2.000000,645.742004,214.688965,,,,0.025000,
SP_R_Yoga_2,posenet,23,0.929251,ok,1,direct,1.000000,3,left_ear,0,0,0.000000,0.000000,0.000000,2.000000,680.140564,222.370270,,,,0.035000,
SP_R_Yoga_2,posenet,23,0.929251,ok,1,direct,1.000000,4,right_ear,0,0,0.000000,0.000000,0.000000,2.000000,633.320312,226.210922,,,,0.035000,
SP_R_Yoga_2,posenet,23,0.929251,ok,1,direct,1.000000,5,left_shoulder,1,1,2.000000,703.940000,281.610000,2.000000,704.983948,281.900391,1.083584,51.527162,1,0.079000,0.998584
SP_R_Yoga_2,posenet,23,0.929251,ok,1,direct,1.000000,6,right_shoulder,1,1,2.000000,614.380000,285.040000,2.000000,618.032043,282.860535,4.252939,51.527162,1,0.079000,0.978405
SP_R_Yoga_2,posenet,23,0.929251,ok,1,direct,1.000000,7,left_elbow,1,1,2.000000,723.550000,347.770000,2.000000,727.916382,350.071930,4.936008,51.527162,1,0.072000,0.965216
SP_R_Yoga_2,posenet,23,0.929251,ok,1,direct,1.000000,8,right_elbow,1,1,2.000000,598.640000,354.560000,2.000000,596.055176,351.032104,4.373484,51.527162,1,0.072000,0.972589
SP_R_Yoga_2,posenet,23,0.929251,ok,1,direct,1.000000,9,left_wrist,1,1,2.000000,742.720000,409.510000,2.000000,735.560486,404.801239,8.569193,51.527162,1,0.062000,0.865976
SP_R_Yoga_2,posenet,23,0.929251,ok,1,direct,1.000000,10,right_wrist,1,1,2.000000,585.650000,416.190000,2.000000,586.500000,413.442719,2.875770,51.527162,1,0.062000,0.983924
SP_R_Yoga_2,posenet,23,0.929251,ok,1,direct,1.000000,11,left_hip,1,1,2.000000,694.790000,409.510000,2.000000,696.384338,419.203705,9.823942,51.527162,1,0.107000,0.938476
SP_R_Yoga_2,posenet,23,0.929251,ok,1,direct,1.000000,12,right_hip,1,1,2.000000,641.370000,412.600000,2.000000,639.053345,419.203705,6.998272,51.527162,1,0.107000,0.968290
SP_R_Yoga_2,posenet,23,0.929251,ok,1,direct,1.000000,13,left_knee,1,1,2.000000,689.690000,536.610000,2.000000,688.740234,522.901306,13.741555,51.527162,1,0.087000,0.828675
SP_R_Yoga_2,posenet,23,0.929251,ok,1,direct,1.000000,14,right_knee,1,1,2.000000,636.320000,531.900000,2.000000,643.830933,522.901306,11.721374,51.527162,1,0.087000,0.872202
SP_R_Yoga_2,posenet,23,0.929251,ok,1,direct,1.000000,15,left_ankle,1,1,2.000000,677.590000,645.200000,2.000000,677.273987,633.320068,11.884134,51.527162,1,0.089000,0.874318
SP_R_Yoga_2,posenet,23,0.929251,ok,1,direct,1.000000,16,right_ankle,1,1,2.000000,649.620000,646.400000,2.000000,646.697449,628.519226,18.118040,51.527162,1,0.089000,0.731852
SP_R_Yoga_2,posenet,24,0.969654,ok,1,direct,1.000000,0,nose,1,1,2.000000,657.580000,223.810000,2.000000,657.381287,221.727219,2.092239,52.023978,1,0.026000,0.953275
SP_R_Yoga_2,posenet,24,0.969654,ok,1,direct,1.000000,1,left_eye,0,0,0.000000,0.000000,0.000000,2.000000,665.994507,213.087387,,,,0.025000,
SP_R_Yoga_2,posenet,24,0.969654,ok,1,direct,1.000000,2,right_eye,0,0,0.000000,0.000000,0.000000,2.000000,645.896851,215.967331,,,,0.025000,
SP_R_Yoga_2,posenet,24,0.969654,ok,1,direct,1.000000,3,left_ear,0,0,0.000000,0.000000,0.000000,2.000000,680.350098,220.767227,,,,0.035000,
SP_R_Yoga_2,posenet,24,0.969654,ok,1,direct,1.000000,4,right_ear,0,0,0.000000,0.000000,0.000000,2.000000,635.369446,228.447067,,,,0.035000,
SP_R_Yoga_2,posenet,24,0.969654,ok,1,direct,1.000000,5,left_shoulder,1,1,2.000000,706.380000,282.400000,2.000000,709.061035,282.205994,2.688045,52.023978,1,0.079000,0.991481
SP_R_Yoga_2,posenet,24,0.969654,ok,1,direct,1.000000,6,right_shoulder,1,1,2.000000,615.720000,285.440000,2.000000,619.099976,282.205994,4.677930,52.023978,1,0.079000,0.974422
SP_R_Yoga_2,posenet,24,0.969654,ok,1,direct,1.000000,7,left_elbow,1,1,2.000000,725.280000,347.850000,2.000000,725.330627,346.524689,1.326278,52.023978,1,0.072000,0.997496
SP_R_Yoga_2,posenet,24,0.969654,ok,1,direct,1.000000,8,right_elbow,1,1,2.000000,599.270000,354.560000,2.000000,597.088135,351.324585,3.902364,52.023978,1,0.072000,0.978526
SP_R_Yoga_2,posenet,24,0.969654,ok,1,direct,1.000000,9,left_wrist,1,1,2.000000,744.220000,409.110000,2.000000,733.943909,408.923462,10.277784,52.023978,1,0.062000,0.816224
SP_R_Yoga_2,posenet,24,0.969654,ok,1,direct,1.000000,10,right_wrist,1,1,2.000000,583.970000,415.450000,2.000000,585.603760,414.683350,1.804695,52.023978,1,0.062000,0.993759
SP_R_Yoga_2,posenet,24,0.969654,ok,1,direct,1.000000,11,left_hip,1,1,2.000000,695.150000,409.150000,2.000000,696.619568,416.603302,7.596798,52.023978,1,0.107000,0.963436
SP_R_Yoga_2,posenet,24,0.969654,ok,1,direct,1.000000,12,right_hip,1,1,2.000000,642.820000,412.600000,2.000000,637.283569,416.603302,6.832166,52.023978,1,0.107000,0.970321
SP_R_Yoga_2,posenet,24,0.969654,ok,1,direct,1.000000,13,left_knee,1,1,2.000000,689.720000,536.490000,2.000000,688.963318,523.161133,13.350328,52.023978,1,0.087000,0.840290
SP_R_Yoga_2,posenet,24,0.969654,ok,1,direct,1.000000,14,right_knee,1,1,2.000000,635.040000,530.800000,2.000000,643.982788,522.201172,12.406180,52.023978,1,0.087000,0.860479
SP_R_Yoga_2,posenet,24,0.969654,ok,1,direct,1.000000,15,left_ankle,1,1,2.000000,677.410000,645.120000,2.000000,680.350098,629.718994,15.679131,52.023978,1,0.089000,0.795055
SP_R_Yoga_2,posenet,24,0.969654,ok,1,direct,1.000000,16,right_ankle,1,1,2.000000,650.170000,646.040000,2.000000,647.810913,628.759033,17.441247,52.023978,1,0.089000,0.752924
SP_R_Yoga_2,posenet,25,1.010056,ok,1,direct,1.000000,0,nose,1,1,2.000000,658.600000,223.810000,2.000000,658.594055,222.797134,1.012883,52.512993,1,0.026000,0.989053
SP_R_Yoga_2,posenet,25,1.010056,ok,1,direct,1.000000,1,left_eye,0,0,0.000000,0.000000,0.000000,2.000000,667.199646,213.200546,,,,0.025000,
SP_R_Yoga_2,posenet,25,1.010056,ok,1,direct,1.000000,2,right_eye,0,0,0.000000,0.000000,0.000000,2.000000,647.119934,216.079529,,,,0.025000,
SP_R_Yoga_2,posenet,25,1.010056,ok,1,direct,1.000000,3,left_ear,0,0,0.000000,0.000000,0.000000,2.000000,681.542236,220.877823,,,,0.035000,
SP_R_Yoga_2,posenet,25,1.010056,ok,1,direct,1.000000,4,right_ear,0,0,0.000000,0.000000,0.000000,2.000000,638.514404,229.514755,,,,0.035000,
SP_R_Yoga_2,posenet,25,1.010056,ok,1,direct,1.000000,5,left_shoulder,1,1,2.000000,708.820000,283.190000,2.000000,708.315125,284.215302,1.142866,52.512993,1,0.079000,0.998483
SP_R_Yoga_2,posenet,25,1.010056,ok,1,direct,1.000000,6,right_shoulder,1,1,2.000000,617.060000,285.830000,2.000000,622.259399,284.215302,5.444355,52.512993,1,0.079000,0.966141
SP_R_Yoga_2,posenet,25,1.010056,ok,1,direct,1.000000,7,left_elbow,1,1,2.000000,727.010000,347.930000,2.000000,729.350952,349.472137,2.803256,52.512993,1,0.072000,0.989066
SP_R_Yoga_2,posenet,25,1.010056,ok,1,direct,1.000000,8,right_elbow,1,1,2.000000,599.900000,354.560000,2.000000,599.311157,354.270447,0.656184,52.512993,1,0.072000,0.999398
SP_R_Yoga_2,posenet,25,1.010056,ok,1,direct,1.000000,9,left_wrist,1,1,2.000000,745.710000,408.720000,2.000000,737.956543,411.849945,8.361379,52.512993,1,0.062000,0.876422
SP_R_Yoga_2,posenet,25,1.010056,ok,1,direct,1.000000,10,right_wrist,1,1,2.000000,582.290000,414.710000,2.000000,584.012390,416.648254,2.592963,52.512993,1,0.062000,0.987395
SP_R_Yoga_2,posenet,25,1.010056,ok,1,direct,1.000000,11,left_hip,1,1,2.000000,695.520000,408.780000,2.000000,699.709534,419.527252,11.534974,52.512993,1,0.107000,0.919167
SP_R_Yoga_2,posenet,25,1.010056,ok,1,direct,1.000000,12,right_hip,1,1,2.000000,644.280000,412.600000,2.000000,641.382935,418.567596,6.633641,52.512993,1,0.107000,0.972509
SP_R_Yoga_2,posenet,25,1.010056,ok,1,direct,1.000000,13,left_knee,1,1,2.000000,689.740000,536.360000,2.000000,691.103943,524.130066,12.305756,52.512993,1,0.087000,0.864934
SP_R_Yoga_2,posenet,25,1.010056,ok,1,direct,1.000000,14,right_knee,1,1,2.000000,633.770000,529.710000,2.000000,644.251404,524.130066,11.874152,52.512993,1,0.087000,0.873626
SP_R_Yoga_2,posenet,25,1.010056,ok,1,direct,1.000000,15,left_ankle,1,1,2.000000,677.240000,645.040000,2.000000,679.629883,632.571594,12.695380,52.512993,1,0.089000,0.862799
SP_R_Yoga_2,posenet,25,1.010056,ok,1,direct,1.000000,16,right_ankle,1,1,2.000000,650.720000,645.670000,2.000000,647.119934,629.692566,16.378000,52.512993,1,0.089000,0.782231
SP_R_Yoga_2,posenet,26,1.050458,ok,1,direct,1.000000,0,nose,1,1,2.000000,659.620000,223.810000,2.000000,658.928284,221.188217,2.711497,52.998830,1,0.026000,0.925482
SP_R_Yoga_2,posenet,26,1.050458,ok,1,direct,1.000000,1,left_eye,0,0,0.000000,0.000000,0.000000,2.000000,668.488953,212.546814,,,,0.025000,
SP_R_Yoga_2,posenet,26,1.050458,ok,1,direct,1.000000,2,right_eye,0,0,0.000000,0.000000,0.000000,2.000000,648.411560,214.467117,,,,0.025000,
SP_R_Yoga_2,posenet,26,1.050458,ok,1,direct,1.000000,3,left_ear,0,0,0.000000,0.000000,0.000000,2.000000,683.786133,221.188217,,,,0.035000,
SP_R_Yoga_2,posenet,26,1.050458,ok,1,direct,1.000000,4,right_ear,0,0,0.000000,0.000000,0.000000,2.000000,636.938721,225.028839,,,,0.035000,
SP_R_Yoga_2,posenet,26,1.050458,ok,1,direct,1.000000,5,left_shoulder,1,1,2.000000,711.260000,283.980000,2.000000,712.468201,282.638245,1.805563,52.998830,1,0.079000,0.996288
SP_R_Yoga_2,posenet,26,1.050458,ok,1,direct,1.000000,6,right_shoulder,1,1,2.000000,618.400000,286.230000,2.000000,623.553711,283.598419,5.786705,52.998830,1,0.079000,0.962517
SP_R_Yoga_2,posenet,26,1.050458,ok,1,direct,1.000000,7,left_elbow,1,1,2.000000,728.750000,348.010000,2.000000,734.457764,351.769501,6.834648,52.998830,1,0.072000,0.937855
SP_R_Yoga_2,posenet,26,1.050458,ok,1,direct,1.000000,8,right_elbow,1,1,2.000000,600.530000,354.560000,2.000000,600.608093,353.689819,0.873678,52.998830,1,0.072000,0.998952
SP_R_Yoga_2,posenet,26,1.050458,ok,1,direct,1.000000,9,left_wrist,1,1,2.000000,747.210000,408.320000,2.000000,745.930603,407.458588,1.542364,52.998830,1,0.062000,0.995603
SP_R_Yoga_2,posenet,26,1.050458,ok,1,direct,1.000000,10,right_wrist,1,1,2.000000,580.610000,413.970000,2.000000,583.398804,415.139801,3.024212,52.998830,1,0.062000,0.983202
SP_R_Yoga_2,posenet,26,1.050458,ok,1,direct,1.000000,11,left_hip,1,1,2.000000,695.890000,408.410000,2.000000,701.951416,422.821075,15.633933,52.998830,1,0.107000,0.858981
SP_R_Yoga_2,posenet,26,1.050458,ok,1,direct,1.000000,12,right_hip,1,1,2.000000,645.740000,412.600000,2.000000,642.675110,420.900757,8.848509,52.998830,1,0.107000,0.952473
SP_R_Yoga_2,posenet,26,1.050458,ok,1,direct,1.000000,13,left_knee,1,1,2.000000,689.770000,536.240000,2.000000,691.434692,528.438293,7.977332,52.998830,1,0.087000,0.941892
SP_R_Yoga_2,posenet,26,1.050458,ok,1,direct,1.000000,14,right_knee,1,1,2.000000,632.490000,528.620000,2.000000,639.806885,524.597656,8.349614,52.998830,1,0.087000,0.936521
SP_R_Yoga_2,posenet,26,1.050458,ok,1,direct,1.000000,15,left_ankle,1,1,2.000000,677.070000,644.960000,2.000000,681.873962,635.015625,11.043942,52.998830,1,0.089000,0.896157
SP_R_Yoga_2,posenet,26,1.050458,ok,1,direct,1.000000,16,right_ankle,1,1,2.000000,651.260000,645.310000,2.000000,646.499390,631.175049,14.915102,52.998830,1,0.089000,0.818753
SP_R_Yoga_2,posenet,27,1.090860,ok,1,direct,1.000000,0,nose,1,1,2.000000,660.720000,223.810000,2.000000,662.633179,223.221359,2.001687,54.547677,1,0.026000,0.960943
SP_R_Yoga_2,posenet,27,1.090860,ok,1,direct,1.000000,1,left_eye,0,0,0.000000,0.000000,0.000000,2.000000,671.258728,214.577728,,,,0.025000,
SP_R_Yoga_2,posenet,27,1.090860,ok,1,direct,1.000000,2,right_eye,0,0,0.000000,0.000000,0.000000,2.000000,650.174072,215.538132,,,,0.025000,
SP_R_Yoga_2,posenet,27,1.090860,ok,1,direct,1.000000,3,left_ear,0,0,0.000000,0.000000,0.000000,2.000000,684.676270,222.260956,,,,0.035000,
SP_R_Yoga_2,posenet,27,1.090860,ok,1,direct,1.000000,4,right_ear,0,0,0.000000,0.000000,0.000000,2.000000,638.673401,224.181778,,,,0.035000,
SP_R_Yoga_2,posenet,27,1.090860,ok,1,direct,1.000000,5,left_shoulder,1,1,2.000000,712.600000,284.540000,2.000000,708.636047,278.924835,6.873354,54.547677,1,0.079000,0.950391
SP_R_Yoga_2,posenet,27,1.090860,ok,1,direct,1.000000,6,right_shoulder,1,1,2.000000,619.600000,286.230000,2.000000,622.380737,281.806061,5.225298,54.547677,1,0.079000,0.971022
SP_R_Yoga_2,posenet,27,1.090860,ok,1,direct,1.000000,7,left_elbow,1,1,2.000000,730.390000,346.260000,2.000000,732.595825,347.113586,2.365222,54.547677,1,0.072000,0.992773
SP_R_Yoga_2,posenet,27,1.090860,ok,1,direct,1.000000,8,right_elbow,1,1,2.000000,599.440000,354.340000,2.000000,603.212830,353.836395,3.806292,54.547677,1,0.072000,0.981390
SP_R_Yoga_2,posenet,27,1.090860,ok,1,direct,1.000000,9,left_wrist,1,1,2.000000,751.910000,403.730000,2.000000,746.971680,403.777466,4.938548,54.547677,1,0.062000,0.958249
SP_R_Yoga_2,posenet,27,1.090860,ok,1,direct,1.000000,10,right_wrist,1,1,2.000000,575.250000,413.100000,2.000000,581.169800,413.381500,5.926489,54.547677,1,0.062000,0.940431
SP_R_Yoga_2,posenet,27,1.090860,ok,1,direct,1.000000,11,left_hip,1,1,2.000000,696.250000,408.050000,2.000000,701.927307,424.906342,17.786739,54.547677,1,0.107000,0.830491
SP_R_Yoga_2,posenet,27,1.090860,ok,1,direct,1.000000,12,right_hip,1,1,2.000000,646.520000,411.330000,2.000000,642.506897,424.906342,14.157049,54.547677,1,0.107000,0.888992
SP_R_Yoga_2,posenet,27,1.090860,ok,1,direct,1.000000,13,left_knee,1,1,2.000000,689.790000,536.120000,2.000000,691.385010,529.590454,6.721534,54.547677,1,0.087000,0.960673
SP_R_Yoga_2,posenet,27,1.090860,ok,1,direct,1.000000,14,right_knee,1,1,2.000000,626.260000,521.290000,2.000000,635.798218,526.709290,10.970246,54.547677,1,0.087000,0.898639
SP_R_Yoga_2,posenet,27,1.090860,ok,1,direct,1.000000,15,left_ankle,1,1,2.000000,676.890000,644.880000,2.000000,680.842651,634.274597,11.318040,54.547677,1,0.089000,0.896997
SP_R_Yoga_2,posenet,27,1.090860,ok,1,direct,1.000000,16,right_ankle,1,1,2.000000,651.370000,630.330000,2.000000,643.465332,631.393433,7.975880,54.547677,1,0.089000,0.947448
SP_R_Yoga_2,posenet,28,1.131263,ok,1,direct,1.000000,0,nose,1,1,2.000000,661.810000,223.810000,2.000000,662.821716,223.474274,1.065965,56.074636,1,0.026000,0.989366
SP_R_Yoga_2,posenet,28,1.131263,ok,1,direct,1.000000,1,left_eye,0,0,0.000000,0.000000,0.000000,2.000000,671.435120,214.838745,,,,0.025000,
SP_R_Yoga_2,posenet,28,1.131263,ok,1,direct,1.000000,2,right_eye,0,0,0.000000,0.000000,0.000000,2.000000,651.337158,215.798248,,,,0.025000,
SP_R_Yoga_2,posenet,28,1.131263,ok,1,direct,1.000000,3,left_ear,0,0,0.000000,0.000000,0.000000,2.000000,684.833740,222.514771,,,,0.035000,
SP_R_Yoga_2,posenet,28,1.131263,ok,1,direct,1.000000,4,right_ear,0,0,0.000000,0.000000,0.000000,2.000000,638.895569,224.433792,,,,0.035000,
SP_R_Yoga_2,posenet,28,1.131263,ok,1,direct,1.000000,5,left_shoulder,1,1,2.000000,713.940000,285.100000,2.000000,712.588013,282.963440,2.528391,56.074636,1,0.079000,0.993506
SP_R_Yoga_2,posenet,28,1.131263,ok,1,direct,1.000000,6,right_shoulder,1,1,2.000000,620.810000,286.230000,2.000000,623.582825,283.922913,3.607105,56.074636,1,0.079000,0.986827
SP_R_Yoga_2,posenet,28,1.131263,ok,1,direct,1.000000,7,left_elbow,1,1,2.000000,732.030000,344.510000,2.000000,730.771851,354.926117,10.491827,56.074636,1,0.072000,0.873661
SP_R_Yoga_2,posenet,28,1.131263,ok,1,direct,1.000000,8,right_elbow,1,1,2.000000,598.350000,354.120000,2.000000,602.527832,355.885590,4.535591,56.074636,1,0.072000,0.975075
SP_R_Yoga_2,posenet,28,1.131263,ok,1,direct,1.000000,9,left_wrist,1,1,2.000000,756.620000,399.140000,2.000000,747.998718,405.779724,10.881748,56.074636,1,0.062000,0.822066
SP_R_Yoga_2,posenet,28,1.131263,ok,1,direct,1.000000,10,right_wrist,1,1,2.000000,569.900000,412.220000,2.000000,576.687622,414.415253,7.133789,56.074636,1,0.062000,0.919240
SP_R_Yoga_2,posenet,28,1.131263,ok,1,direct,1.000000,11,left_hip,1,1,2.000000,696.620000,407.680000,2.000000,701.103455,424.010254,16.934537,56.074636,1,0.107000,0.852722
SP_R_Yoga_2,posenet,28,1.131263,ok,1,direct,1.000000,12,right_hip,1,1,2.000000,647.300000,410.070000,2.000000,643.680786,424.010254,14.402409,56.074636,1,0.107000,0.891153
SP_R_Yoga_2,posenet,28,1.131263,ok,1,direct,1.000000,13,left_knee,1,1,2.000000,689.820000,535.990000,2.000000,692.490112,529.555542,6.966473,56.074636,1,0.087000,0.960037
SP_R_Yoga_2,posenet,28,1.131263,ok,1,direct,1.000000,14,right_knee,1,1,2.000000,620.030000,513.960000,2.000000,629.325134,521.879517,12.211399,56.074636,1,0.087000,0.882222
SP_R_Yoga_2,posenet,28,1.131263,ok,1,direct,1.000000,15,left_ankle,1,1,2.000000,676.720000,644.810000,2.000000,681.005554,634.141296,11.497270,56.074636,1,0.089000,0.899293
SP_R_Yoga_2,posenet,28,1.131263,ok,1,direct,1.000000,16,right_ankle,1,1,2.000000,651.480000,615.340000,2.000000,636.024414,632.222290,22.888575,56.074636,1,0.089000,0.656598
SP_R_Yoga_2,posenet,29,1.171665,ok,1,direct,1.000000,0,nose,1,1,2.000000,662.910000,223.810000,2.000000,664.075378,224.016205,1.183481,57.559930,1,0.026000,0.987571
SP_R_Yoga_2,posenet,29,1.171665,ok,1,direct,1.000000,1,left_eye,0,0,0.000000,0.000000,0.000000,2.000000,674.623352,215.366302,,,,0.025000,
SP_R_Yoga_2,posenet,29,1.171665,ok,1,direct,1.000000,2,right_eye,0,0,0.000000,0.000000,0.000000,2.000000,652.568604,216.327408,,,,0.025000,
SP_R_Yoga_2,posenet,29,1.171665,ok,1,direct,1.000000,3,left_ear,0,0,0.000000,0.000000,0.000000,2.000000,686.130127,223.055099,,,,0.035000,
SP_R_Yoga_2,posenet,29,1.171665,ok,1,direct,1.000000,4,right_ear,0,0,0.000000,0.000000,0.000000,2.000000,640.102844,224.977295,,,,0.035000,
SP_R_Yoga_2,posenet,29,1.171665,ok,1,direct,1.000000,5,left_shoulder,1,1,2.000000,715.270000,285.670000,2.000000,710.102661,279.760040,7.850415,57.559930,1,0.079000,0.942132
SP_R_Yoga_2,posenet,29,1.171665,ok,1,direct,1.000000,6,right_shoulder,1,1,2.000000,622.010000,286.230000,2.000000,623.801514,284.565491,2.445427,57.559930,1,0.079000,0.994232
SP_R_Yoga_2,posenet,29,1.171665,ok,1,direct,1.000000,7,left_elbow,1,1,2.000000,733.670000,342.760000,2.000000,734.075256,345.114807,2.389424,57.559930,1,0.072000,0.993374
SP_R_Yoga_2,posenet,29,1.171665,ok,1,direct,1.000000,8,right_elbow,1,1,2.000000,597.250000,353.900000,2.000000,607.500183,355.686920,10.404775,57.559930,1,0.072000,0.881559
SP_R_Yoga_2,posenet,29,1.171665,ok,1,direct,1.000000,9,left_wrist,1,1,2.000000,761.320000,394.550000,2.000000,736.951965,404.703033,26.398583,57.559930,1,0.062000,0.334748
SP_R_Yoga_2,posenet,29,1.171665,ok,1,direct,1.000000,10,right_wrist,1,1,2.000000,564.540000,411.350000,2.000000,586.404297,414.314026,22.064291,57.559930,1,0.062000,0.465560
SP_R_Yoga_2,posenet,29,1.171665,ok,1,direct,1.000000,11,left_hip,1,1,2.000000,696.980000,407.310000,2.000000,702.431519,421.041748,14.774301,57.559930,1,0.107000,0.891286
SP_R_Yoga_2,posenet,29,1.171665,ok,1,direct,1.000000,12,right_hip,1,1,2.000000,648.080000,408.800000,2.000000,643.938416,421.041748,12.923355,57.559930,1,0.107000,0.915707
SP_R_Yoga_2,posenet,29,1.171665,ok,1,direct,1.000000,13,left_knee,1,1,2.000000,689.840000,535.870000,2.000000,692.842468,526.762756,9.589406,57.559930,1,0.087000,0.929286
SP_R_Yoga_2,posenet,29,1.171665,ok,1,direct,1.000000,14,right_knee,1,1,2.000000,613.800000,506.640000,2.000000,619.965881,515.229553,10.573482,57.559930,1,0.087000,0.914696
SP_R_Yoga_2,posenet,29,1.171665,ok,1,direct,1.000000,15,left_ankle,1,1,2.000000,676.550000,644.730000,2.000000,678.458984,631.522644,13.344605,57.559930,1,0.089000,0.873093
SP_R_Yoga_2,posenet,29,1.171665,ok,1,direct,1.000000,16,right_ankle,1,1,2.000000,651.590000,600.360000,2.000000,645.856262,604.611877,7.138222,57.559930,1,0.089000,0.961912
SP_R_Yoga_2,posenet,30,1.212067,ok,1,direct,1.000000,0,nose,1,1,2.000000,664.000000,223.810000,2.000000,664.319214,226.838364,3.045141,59.007303,1,0.026000,0.924231
SP_R_Yoga_2,posenet,30,1.212067,ok,1,direct,1.000000,1,left_eye,0,0,0.000000,0.000000,0.000000,2.000000,673.920654,214.359039,,,,0.025000,
SP_R_Yoga_2,posenet,30,1.212067,ok,1,direct,1.000000,2,right_eye,0,0,0.000000,0.000000,0.000000,2.000000,653.757690,219.158798,,,,0.025000,
SP_R_Yoga_2,posenet,30,1.212067,ok,1,direct,1.000000,3,left_ear,0,0,0.000000,0.000000,0.000000,2.000000,688.322754,221.078690,,,,0.035000,
SP_R_Yoga_2,posenet,30,1.212067,ok,1,direct,1.000000,4,right_ear,0,0,0.000000,0.000000,0.000000,2.000000,643.196167,227.798340,,,,0.035000,
SP_R_Yoga_2,posenet,30,1.212067,ok,1,direct,1.000000,5,left_shoulder,1,1,2.000000,716.610000,286.230000,2.000000,714.246521,279.635559,7.005190,59.007303,1,0.079000,0.955840
SP_R_Yoga_2,posenet,30,1.212067,ok,1,direct,1.000000,6,right_shoulder,1,1,2.000000,623.210000,286.220000,2.000000,623.993347,284.435303,1.949045,59.007303,1,0.079000,0.996510
SP_R_Yoga_2,posenet,30,1.212067,ok,1,direct,1.000000,7,left_elbow,1,1,2.000000,735.310000,341.010000,2.000000,733.449341,342.032166,2.122940,59.007303,1,0.072000,0.995019
SP_R_Yoga_2,posenet,30,1.212067,ok,1,direct,1.000000,8,right_elbow,1,1,2.000000,596.160000,353.690000,2.000000,605.750671,353.551605,9.591670,59.007303,1,0.072000,0.903084
SP_R_Yoga_2,posenet,30,1.212067,ok,1,direct,1.000000,9,left_wrist,1,1,2.000000,766.020000,389.950000,2.000000,732.489197,400.589050,35.178177,59.007303,1,0.062000,0.157364
SP_R_Yoga_2,posenet,30,1.212067,ok,1,direct,1.000000,10,right_wrist,1,1,2.000000,559.180000,410.470000,2.000000,582.707275,407.308685,23.738715,59.007303,1,0.062000,0.430817
SP_R_Yoga_2,posenet,30,1.212067,ok,1,direct,1.000000,11,left_hip,1,1,2.000000,697.350000,406.950000,2.000000,700.804565,415.948212,9.638560,59.007303,1,0.107000,0.954460
SP_R_Yoga_2,posenet,30,1.212067,ok,1,direct,1.000000,12,right_hip,1,1,2.000000,648.850000,407.540000,2.000000,641.275879,415.948212,11.316596,59.007303,1,0.107000,0.937769
SP_R_Yoga_2,posenet,30,1.212067,ok,1,direct,1.000000,13,left_knee,1,1,2.000000,689.870000,535.740000,2.000000,694.083618,518.662720,17.589431,59.007303,1,0.087000,0.790735
SP_R_Yoga_2,posenet,30,1.212067,ok,1,direct,1.000000,14,right_knee,1,1,2.000000,607.560000,499.310000,2.000000,613.431763,501.383636,6.227164,59.007303,1,0.087000,0.971001
SP_R_Yoga_2,posenet,30,1.212067,ok,1,direct,1.000000,15,left_ankle,1,1,2.000000,676.370000,644.650000,2.000000,682.561890,619.457275,25.942492,59.007303,1,0.089000,0.613824
SP_R_Yoga_2,posenet,30,1.212067,ok,1,direct,1.000000,16,right_ankle,1,1,2.000000,651.700000,585.380000,2.000000,643.196167,586.819092,8.624741,59.007303,1,0.089000,0.947487
SP_R_Yoga_2,posenet,31,1.252469,ok,1,direct,1.000000,0,nose,1,1,2.000000,665.090000,223.810000,2.000000,666.032898,225.762085,2.167877,60.419482,1,0.026000,0.962627
SP_R_Yoga_2,posenet,31,1.252469,ok,1,direct,1.000000,1,left_eye,0,0,0.000000,0.000000,0.000000,2.000000,676.590027,215.191376,,,,0.025000,
SP_R_Yoga_2,posenet,31,1.252469,ok,1,direct,1.000000,2,right_eye,0,0,0.000000,0.000000,0.000000,2.000000,655.475769,218.074310,,,,0.025000,
SP_R_Yoga_2,posenet,31,1.252469,ok,1,direct,1.000000,3,left_ear,0,0,0.000000,0.000000,0.000000,2.000000,689.066589,220.957230,,,,0.035000,
SP_R_Yoga_2,posenet,31,1.252469,ok,1,direct,1.000000,4,right_ear,0,0,0.000000,0.000000,0.000000,2.000000,643.958923,226.723083,,,,0.035000,
SP_R_Yoga_2,posenet,31,1.252469,ok,1,direct,1.000000,5,left_shoulder,1,1,2.000000,717.940000,286.790000,2.000000,714.019836,278.615723,9.065677,60.419482,1,0.079000,0.930394
SP_R_Yoga_2,posenet,31,1.252469,ok,1,direct,1.000000,6,right_shoulder,1,1,2.000000,624.410000,286.220000,2.000000,627.643433,281.498657,5.722426,60.419482,1,0.079000,0.971663
SP_R_Yoga_2,posenet,31,1.252469,ok,1,direct,1.000000,7,left_elbow,1,1,2.000000,736.950000,339.260000,2.000000,742.811951,337.235229,6.201787,60.419482,1,0.072000,0.960167
SP_R_Yoga_2,posenet,31,1.252469,ok,1,direct,1.000000,8,right_elbow,1,1,2.000000,595.070000,353.470000,2.000000,603.649963,351.649811,8.770910,60.419482,1,0.072000,0.921915
SP_R_Yoga_2,posenet,31,1.252469,ok,1,direct,1.000000,9,left_wrist,1,1,2.000000,770.720000,385.360000,2.000000,750.489868,391.049805,21.015045,60.419482,1,0.062000,0.532891
SP_R_Yoga_2,posenet,31,1.252469,ok,1,direct,1.000000,10,right_wrist,1,1,2.000000,553.820000,409.600000,2.000000,568.139648,401.620483,16.392834,60.419482,1,0.062000,0.681812
SP_R_Yoga_2,posenet,31,1.252469,ok,1,direct,1.000000,11,left_hip,1,1,2.000000,697.720000,406.580000,2.000000,706.341919,412.191254,10.287062,60.419482,1,0.107000,0.950621
SP_R_Yoga_2,posenet,31,1.252469,ok,1,direct,1.000000,12,right_hip,1,1,2.000000,649.630000,406.270000,2.000000,647.797913,411.230255,5.287785,60.419482,1,0.107000,0.986709
SP_R_Yoga_2,posenet,31,1.252469,ok,1,direct,1.000000,13,left_knee,1,1,2.000000,689.890000,535.620000,2.000000,695.784790,517.898499,18.676192,60.419482,1,0.087000,0.776878
SP_R_Yoga_2,posenet,31,1.252469,ok,1,direct,1.000000,14,right_knee,1,1,2.000000,601.330000,491.980000,2.000000,610.368103,488.108276,9.832474,60.419482,1,0.087000,0.932414
SP_R_Yoga_2,posenet,31,1.252469,ok,1,direct,1.000000,15,left_ankle,1,1,2.000000,676.200000,644.570000,2.000000,681.388733,622.644775,22.530833,60.419482,1,0.089000,0.703902
SP_R_Yoga_2,posenet,31,1.252469,ok,1,direct,1.000000,16,right_ankle,1,1,2.000000,651.810000,570.400000,2.000000,635.321289,584.205750,21.505262,60.419482,1,0.089000,0.726237
SP_R_Yoga_2,posenet,32,1.292872,ok,1,direct,1.000000,0,nose,1,1,2.000000,666.310000,224.270000,2.000000,666.802002,224.630768,0.610098,63.345061,1,0.026000,0.997259
SP_R_Yoga_2,posenet,32,1.292872,ok,1,direct,1.000000,1,left_eye,0,0,0.000000,0.000000,0.000000,2.000000,675.434021,215.036804,,,,0.025000,
SP_R_Yoga_2,posenet,32,1.292872,ok,1,direct,1.000000,2,right_eye,0,0,0.000000,0.000000,0.000000,2.000000,656.251770,216.955597,,,,0.025000,
SP_R_Yoga_2,posenet,32,1.292872,ok,1,direct,1.000000,3,left_ear,0,0,0.000000,0.000000,0.000000,2.000000,689.820740,218.874405,,,,0.035000,
SP_R_Yoga_2,posenet,32,1.292872,ok,1,direct,1.000000,4,right_ear,0,0,0.000000,0.000000,0.000000,2.000000,646.660645,225.590164,,,,0.035000,
SP_R_Yoga_2,posenet,32,1.292872,ok,1,direct,1.000000,5,left_shoulder,1,1,2.000000,719.280000,287.350000,2.000000,716.675842,279.316284,8.445249,63.345061,1,0.079000,0.944631
SP_R_Yoga_2,posenet,32,1.292872,ok,1,direct,1.000000,6,right_shoulder,1,1,2.000000,624.640000,285.990000,2.000000,631.314880,281.235107,8.195305,63.345061,1,0.079000,0.947774
SP_R_Yoga_2,posenet,32,1.292872,ok,1,direct,1.000000,7,left_elbow,1,1,2.000000,744.170000,334.760000,2.000000,748.326477,335.920624,4.315478,63.345061,1,0.072000,0.982253
SP_R_Yoga_2,posenet,32,1.292872,ok,1,direct,1.000000,8,right_elbow,1,1,2.000000,590.010000,348.560000,2.000000,608.296204,351.270966,18.486064,63.345061,1,0.072000,0.719952
SP_R_Yoga_2,posenet,32,1.292872,ok,1,direct,1.000000,9,left_wrist,1,1,2.000000,781.000000,376.820000,2.000000,732.021667,391.565552,51.149862,63.345061,1,0.062000,0.033627
SP_R_Yoga_2,posenet,32,1.292872,ok,1,direct,1.000000,10,right_wrist,1,1,2.000000,542.280000,399.160000,2.000000,614.050842,398.281342,71.776221,63.345061,0,0.062000,0.001256
SP_R_Yoga_2,posenet,32,1.292872,ok,1,direct,1.000000,11,left_hip,1,1,2.000000,698.080000,406.210000,2.000000,707.084717,415.550446,12.974161,63.345061,1,0.107000,0.929339
SP_R_Yoga_2,posenet,32,1.292872,ok,1,direct,1.000000,12,right_hip,1,1,2.000000,650.410000,405.010000,2.000000,651.456177,414.591064,9.638012,63.345061,1,0.107000,0.960367
SP_R_Yoga_2,posenet,32,1.292872,ok,1,direct,1.000000,13,left_knee,1,1,2.000000,689.920000,535.490000,2.000000,695.575378,513.408752,22.793964,63.345061,1,0.087000,0.710248
SP_R_Yoga_2,posenet,32,1.292872,ok,1,direct,1.000000,14,right_knee,1,1,2.000000,596.110000,481.700000,2.000000,601.582397,479.829956,5.783096,63.345061,1,0.087000,0.978217
SP_R_Yoga_2,posenet,32,1.292872,ok,1,direct,1.000000,15,left_ankle,1,1,2.000000,676.030000,644.490000,2.000000,680.229553,631.414429,13.733420,63.345061,1,0.089000,0.888091
SP_R_Yoga_2,posenet,32,1.292872,ok,1,direct,1.000000,16,right_ankle,1,1,2.000000,649.120000,560.120000,2.000000,634.192200,562.337952,15.091671,63.345061,1,0.089000,0.866479
SP_R_Yoga_2,posenet,33,1.333274,ok,1,direct,1.000000,0,nose,1,1,2.000000,667.530000,224.730000,2.000000,665.449951,224.196320,2.147421,66.135505,1,0.026000,0.969289
SP_R_Yoga_2,posenet,33,1.333274,ok,1,direct,1.000000,1,left_eye,0,0,0.000000,0.000000,0.000000,2.000000,675.965820,214.592041,,,,0.025000,
SP_R_Yoga_2,posenet,33,1.333274,ok,1,direct,1.000000,2,right_eye,0,0,0.000000,0.000000,0.000000,2.000000,655.890015,215.552475,,,,0.025000,
SP_R_Yoga_2,posenet,33,1.333274,ok,1,direct,1.000000,3,left_ear,0,0,0.000000,0.000000,0.000000,2.000000,691.261597,222.275467,,,,0.035000,
SP_R_Yoga_2,posenet,33,1.333274,ok,1,direct,1.000000,4,right_ear,0,0,0.000000,0.000000,0.000000,2.000000,645.374146,225.156738,,,,0.035000,
SP_R_Yoga_2,posenet,33,1.333274,ok,1,direct,1.000000,5,left_shoulder,1,1,2.000000,720.610000,287.920000,2.000000,715.161316,277.019806,12.186156,66.135505,1,0.079000,0.896907
SP_R_Yoga_2,posenet,33,1.333274,ok,1,direct,1.000000,6,right_shoulder,1,1,2.000000,624.870000,285.750000,2.000000,631.990356,281.821960,8.131972,66.135505,1,0.079000,0.952705
SP_R_Yoga_2,posenet,33,1.333274,ok,1,direct,1.000000,7,left_elbow,1,1,2.000000,751.400000,330.270000,2.000000,740.017029,336.566284,13.008275,66.135505,1,0.072000,0.861348
SP_R_Yoga_2,posenet,33,1.333274,ok,1,direct,1.000000,8,right_elbow,1,1,2.000000,584.940000,343.660000,2.000000,605.222656,344.249756,20.291229,66.135505,1,0.072000,0.695467
SP_R_Yoga_2,posenet,33,1.333274,ok,1,direct,1.000000,9,left_wrist,1,1,2.000000,791.280000,368.280000,2.000000,728.545166,391.310669,66.828670,66.135505,0,0.062000,0.004929
SP_R_Yoga_2,posenet,33,1.333274,ok,1,direct,1.000000,10,right_wrist,1,1,2.000000,530.730000,388.720000,2.000000,571.763062,383.627258,41.347892,66.135505,1,0.062000,0.130852
SP_R_Yoga_2,posenet,33,1.333274,ok,1,direct,1.000000,11,left_hip,1,1,2.000000,698.450000,405.850000,2.000000,709.425415,411.479645,12.335017,66.135505,1,0.107000,0.941042
SP_R_Yoga_2,posenet,33,1.333274,ok,1,direct,1.000000,12,right_hip,1,1,2.000000,651.190000,403.740000,2.000000,654.934082,409.558777,6.919271,66.135505,1,0.107000,0.981061
SP_R_Yoga_2,posenet,33,1.333274,ok,1,direct,1.000000,13,left_knee,1,1,2.000000,689.940000,535.370000,2.000000,697.953491,520.007935,17.326543,66.135505,1,0.087000,0.834133
SP_R_Yoga_2,posenet,33,1.333274,ok,1,direct,1.000000,14,right_knee,1,1,2.000000,590.890000,471.420000,2.000000,659.713989,501.759827,75.214670,66.135505,0,0.087000,0.032789
SP_R_Yoga_2,posenet,33,1.333274,ok,1,direct,1.000000,15,left_ankle,1,1,2.000000,675.850000,644.410000,2.000000,683.613708,629.496643,16.813191,66.135505,1,0.089000,0.849434
SP_R_Yoga_2,posenet,33,1.333274,ok,1,direct,1.000000,16,right_ankle,1,1,2.000000,646.430000,549.840000,2.000000,631.990356,562.266724,19.050637,66.135505,1,0.089000,0.810984
SP_R_Yoga_2,posenet,34,1.373676,ok,1,direct,1.000000,0,nose,1,1,2.000000,668.750000,225.180000,2.000000,666.577148,224.376099,2.316795,68.805635,1,0.026000,0.967013
SP_R_Yoga_2,posenet,34,1.373676,ok,1,direct,1.000000,1,left_eye,0,0,0.000000,0.000000,0.000000,2.000000,676.164978,214.780411,,,,0.025000,
SP_R_Yoga_2,posenet,34,1.373676,ok,1,direct,1.000000,2,right_eye,0,0,0.000000,0.000000,0.000000,2.000000,656.030640,216.699554,,,,0.025000,
SP_R_Yoga_2,posenet,34,1.373676,ok,1,direct,1.000000,3,left_ear,0,0,0.000000,0.000000,0.000000,2.000000,690.546570,222.456955,,,,0.035000,
SP_R_Yoga_2,posenet,34,1.373676,ok,1,direct,1.000000,4,right_ear,0,0,0.000000,0.000000,0.000000,2.000000,646.442810,225.335663,,,,0.035000,
SP_R_Yoga_2,posenet,34,1.373676,ok,1,direct,1.000000,5,left_shoulder,1,1,2.000000,721.950000,288.480000,2.000000,715.474854,279.071442,11.421405,68.805635,1,0.079000,0.915485
SP_R_Yoga_2,posenet,34,1.373676,ok,1,direct,1.000000,6,right_shoulder,1,1,2.000000,625.100000,285.510000,2.000000,633.019958,281.950165,8.683212,68.805635,1,0.079000,0.950243
SP_R_Yoga_2,posenet,34,1.373676,ok,1,direct,1.000000,7,left_elbow,1,1,2.000000,758.620000,325.770000,2.000000,737.526733,335.685944,23.307763,68.805635,1,0.072000,0.642294
SP_R_Yoga_2,posenet,34,1.373676,ok,1,direct,1.000000,8,right_elbow,1,1,2.000000,579.880000,338.760000,2.000000,599.462830,348.160339,21.722191,68.805635,1,0.072000,0.680774
SP_R_Yoga_2,posenet,34,1.373676,ok,1,direct,1.000000,9,left_wrist,1,1,2.000000,801.560000,359.740000,2.000000,727.938904,393.260040,80.892885,68.805635,0,0.062000,0.000753
SP_R_Yoga_2,posenet,34,1.373676,ok,1,direct,1.000000,10,right_wrist,1,1,2.000000,519.190000,378.280000,2.000000,546.729980,379.826080,27.583344,68.805635,1,0.062000,0.433369
SP_R_Yoga_2,posenet,34,1.373676,ok,1,direct,1.000000,11,left_hip,1,1,2.000000,698.820000,405.480000,2.000000,708.763367,415.330078,13.996235,68.805635,1,0.107000,0.930267
SP_R_Yoga_2,posenet,34,1.373676,ok,1,direct,1.000000,12,right_hip,1,1,2.000000,651.970000,402.480000,2.000000,653.154297,410.532257,8.138882,68.805635,1,0.107000,0.975854
SP_R_Yoga_2,posenet,34,1.373676,ok,1,direct,1.000000,13,left_knee,1,1,2.000000,689.970000,535.250000,2.000000,694.381714,524.720825,11.416074,68.805635,1,0.087000,0.929842
SP_R_Yoga_2,posenet,34,1.373676,ok,1,direct,1.000000,14,right_knee,1,1,2.000000,585.670000,461.150000,2.000000,589.875000,457.551025,5.534857,68.805635,1,0.087000,0.983047
SP_R_Yoga_2,posenet,34,1.373676,ok,1,direct,1.000000,15,left_ankle,1,1,2.000000,675.680000,644.330000,2.000000,682.876404,632.192383,14.110634,68.805635,1,0.089000,0.899251
SP_R_Yoga_2,posenet,34,1.373676,ok,1,direct,1.000000,16,right_ankle,1,1,2.000000,643.740000,539.560000,2.000000,619.597046,558.305664,30.566029,68.805635,1,0.089000,0.607570
SP_R_Yoga_2,posenet,35,1.414078,ok,1,direct,1.000000,0,nose,1,1,2.000000,669.970000,225.640000,2.000000,666.849243,223.444839,3.815475,71.369787,1,0.026000,0.918919
SP_R_Yoga_2,posenet,35,1.414078,ok,1,direct,1.000000,1,left_eye,0,0,0.000000,0.000000,0.000000,2.000000,677.373657,214.809219,,,,0.025000,
SP_R_Yoga_2,posenet,35,1.414078,ok,1,direct,1.000000,2,right_eye,0,0,0.000000,0.000000,0.000000,2.000000,657.281555,215.768723,,,,0.025000,
SP_R_Yoga_2,posenet,35,1.414078,ok,1,direct,1.000000,3,left_ear,0,0,0.000000,0.000000,0.000000,2.000000,691.725098,223.444839,,,,0.035000,
SP_R_Yoga_2,posenet,35,1.414078,ok,1,direct,1.000000,4,right_ear,0,0,0.000000,0.000000,0.000000,2.000000,645.800415,224.404343,,,,0.035000,
SP_R_Yoga_2,posenet,35,1.414078,ok,1,direct,1.000000,5,left_shoulder,1,1,2.000000,723.280000,289.040000,2.000000,717.557678,279.096558,11.472446,71.369787,1,0.079000,0.920530
SP_R_Yoga_2,posenet,35,1.414078,ok,1,direct,1.000000,6,right_shoulder,1,1,2.000000,625.330000,285.280000,2.000000,635.276062,280.056091,11.234472,71.369787,1,0.079000,0.923665
SP_R_Yoga_2,posenet,35,1.414078,ok,1,direct,1.000000,7,left_elbow,1,1,2.000000,765.850000,321.280000,2.000000,745.303833,322.274628,20.570228,71.369787,1,0.072000,0.725793
SP_R_Yoga_2,posenet,35,1.414078,ok,1,direct,1.000000,8,right_elbow,1,1,2.000000,574.820000,333.860000,2.000000,617.097473,346.262421,44.059105,71.369787,1,0.072000,0.229855
SP_R_Yoga_2,posenet,35,1.414078,ok,1,direct,1.000000,9,left_wrist,1,1,2.000000,811.840000,351.200000,2.000000,725.211731,289.651184,106.267181,71.369787,0,0.062000,0.000010
SP_R_Yoga_2,posenet,35,1.414078,ok,1,direct,1.000000,10,right_wrist,1,1,2.000000,507.640000,367.850000,2.000000,552.037598,352.979034,46.821921,71.369787,1,0.062000,0.106531
SP_R_Yoga_2,posenet,35,1.414078,ok,1,direct,1.000000,11,left_hip,1,1,2.000000,699.180000,405.120000,2.000000,710.860291,409.590271,12.506499,71.369787,1,0.107000,0.947771
SP_R_Yoga_2,posenet,35,1.414078,ok,1,direct,1.000000,12,right_hip,1,1,2.000000,652.750000,401.210000,2.000000,658.238342,408.630737,9.229802,71.369787,1,0.107000,0.971207
SP_R_Yoga_2,posenet,35,1.414078,ok,1,direct,1.000000,13,left_knee,1,1,2.000000,689.990000,535.120000,2.000000,700.335938,512.258118,25.093905,71.369787,1,0.087000,0.721327
SP_R_Yoga_2,posenet,35,1.414078,ok,1,direct,1.000000,14,right_knee,1,1,2.000000,580.450000,450.870000,2.000000,589.351379,448.930298,9.110269,71.369787,1,0.087000,0.957859
SP_R_Yoga_2,posenet,35,1.414078,ok,1,direct,1.000000,15,left_ankle,1,1,2.000000,675.510000,644.250000,2.000000,680.243958,633.156677,12.061184,71.369787,1,0.089000,0.930428
SP_R_Yoga_2,posenet,35,1.414078,ok,1,direct,1.000000,16,right_ankle,1,1,2.000000,641.060000,529.280000,2.000000,623.794861,536.245911,18.617436,71.369787,1,0.089000,0.842135
SP_R_Yoga_2,posenet,36,1.454480,ok,1,direct,1.000000,0,nose,1,1,2.000000,670.490000,225.640000,2.000000,669.225647,223.074219,2.860388,72.743968,1,0.026000,0.955286
SP_R_Yoga_2,posenet,36,1.454480,ok,1,direct,1.000000,1,left_eye,0,0,0.000000,0.000000,0.000000,2.000000,679.747070,215.399887,,,,0.025000,
SP_R_Yoga_2,posenet,36,1.454480,ok,1,direct,1.000000,2,right_eye,0,0,0.000000,0.000000,0.000000,2.000000,660.617188,216.359177,,,,0.025000,
SP_R_Yoga_2,posenet,36,1.454480,ok,1,direct,1.000000,3,left_ear,0,0,0.000000,0.000000,0.000000,2.000000,692.181396,223.074219,,,,0.035000,
SP_R_Yoga_2,posenet,36,1.454480,ok,1,direct,1.000000,4,right_ear,0,0,0.000000,0.000000,0.000000,2.000000,646.269897,224.033524,,,,0.035000,
SP_R_Yoga_2,posenet,36,1.454480,ok,1,direct,1.000000,5,left_shoulder,1,1,2.000000,724.230000,287.980000,2.000000,718.963135,279.672485,9.836395,72.743968,1,0.079000,0.943090
SP_R_Yoga_2,posenet,36,1.454480,ok,1,direct,1.000000,6,right_shoulder,1,1,2.000000,625.560000,285.040000,2.000000,632.879028,280.631775,8.544040,72.743968,1,0.079000,0.956754
SP_R_Yoga_2,posenet,36,1.454480,ok,1,direct,1.000000,7,left_elbow,1,1,2.000000,768.920000,313.480000,2.000000,759.135681,310.369843,10.266741,72.743968,1,0.072000,0.926030
SP_R_Yoga_2,posenet,36,1.454480,ok,1,direct,1.000000,8,right_elbow,1,1,2.000000,573.140000,325.270000,2.000000,582.185059,322.840668,9.365615,72.743968,1,0.072000,0.938051
SP_R_Yoga_2,posenet,36,1.454480,ok,1,direct,1.000000,9,left_wrist,1,1,2.000000,818.340000,336.200000,2.000000,728.528015,288.306122,101.784165,72.743968,0,0.062000,0.000038
SP_R_Yoga_2,posenet,36,1.454480,ok,1,direct,1.000000,10,right_wrist,1,1,2.000000,502.260000,351.240000,2.000000,540.099487,342.026520,38.945026,72.743968,1,0.062000,0.225086
SP_R_Yoga_2,posenet,36,1.454480,ok,1,direct,1.000000,11,left_hip,1,1,2.000000,699.550000,404.750000,2.000000,709.398193,417.810608,16.357457,72.743968,1,0.107000,0.915460
SP_R_Yoga_2,posenet,36,1.454480,ok,1,direct,1.000000,12,right_hip,1,1,2.000000,653.530000,399.950000,2.000000,652.965271,411.095581,11.159879,72.743968,1,0.107000,0.959720
SP_R_Yoga_2,posenet,36,1.454480,ok,1,direct,1.000000,13,left_knee,1,1,2.000000,690.020000,535.000000,2.000000,696.963867,523.332825,13.577197,72.743968,1,0.087000,0.912061
SP_R_Yoga_2,posenet,36,1.454480,ok,1,direct,1.000000,14,right_knee,1,1,2.000000,579.350000,443.430000,2.000000,583.141541,439.874329,5.197940,72.743968,1,0.087000,0.986599
SP_R_Yoga_2,posenet,36,1.454480,ok,1,direct,1.000000,15,left_ankle,1,1,2.000000,675.330000,644.180000,2.000000,677.834045,634.610718,9.891481,72.743968,1,0.089000,0.954388
SP_R_Yoga_2,posenet,36,1.454480,ok,1,direct,1.000000,16,right_ankle,1,1,2.000000,640.420000,522.320000,2.000000,630.009583,519.495605,10.786751,72.743968,1,0.089000,0.945995
SP_R_Yoga_2,posenet,37,1.494883,ok,1,direct,1.000000,0,nose,1,1,2.000000,671.000000,225.640000,2.000000,671.321411,223.603577,2.061632,74.090204,1,0.026000,0.977353
SP_R_Yoga_2,posenet,37,1.494883,ok,1,direct,1.000000,1,left_eye,0,0,0.000000,0.000000,0.000000,2.000000,681.832825,214.967285,,,,0.025000,
SP_R_Yoga_2,posenet,37,1.494883,ok,1,direct,1.000000,2,right_eye,0,0,0.000000,0.000000,0.000000,2.000000,660.809998,215.926865,,,,0.025000,
SP_R_Yoga_2,posenet,37,1.494883,ok,1,direct,1.000000,3,left_ear,0,0,0.000000,0.000000,0.000000,2.000000,693.299805,222.643982,,,,0.035000,
SP_R_Yoga_2,posenet,37,1.494883,ok,1,direct,1.000000,4,right_ear,0,0,0.000000,0.000000,0.000000,2.000000,647.431763,223.603577,,,,0.035000,
SP_R_Yoga_2,posenet,37,1.494883,ok,1,direct,1.000000,5,left_shoulder,1,1,2.000000,725.170000,286.910000,2.000000,723.878479,277.340515,9.656245,74.090204,1,0.079000,0.947021
SP_R_Yoga_2,posenet,37,1.494883,ok,1,direct,1.000000,6,right_shoulder,1,1,2.000000,625.790000,284.800000,2.000000,633.097961,279.259674,9.170688,74.090204,1,0.079000,0.952088
SP_R_Yoga_2,posenet,37,1.494883,ok,1,direct,1.000000,7,left_elbow,1,1,2.000000,771.990000,305.690000,2.000000,740.123413,344.511688,50.225520,74.090204,1,0.072000,0.169834
SP_R_Yoga_2,posenet,37,1.494883,ok,1,direct,1.000000,8,right_elbow,1,1,2.000000,571.460000,316.690000,2.000000,607.297241,350.269196,49.110795,74.090204,1,0.072000,0.183579
SP_R_Yoga_2,posenet,37,1.494883,ok,1,direct,1.000000,9,left_wrist,1,1,2.000000,824.840000,321.190000,2.000000,740.123413,392.491089,110.728250,74.090204,0,0.062000,0.000009
SP_R_Yoga_2,posenet,37,1.494883,ok,1,direct,1.000000,10,right_wrist,1,1,2.000000,496.890000,334.630000,2.000000,599.652588,398.248627,120.861405,74.090204,0,0.062000,0.000001
SP_R_Yoga_2,posenet,37,1.494883,ok,1,direct,1.000000,11,left_hip,1,1,2.000000,699.910000,404.380000,2.000000,713.367065,415.521210,17.470523,74.090204,1,0.107000,0.907438
SP_R_Yoga_2,posenet,37,1.494883,ok,1,direct,1.000000,12,right_hip,1,1,2.000000,654.300000,398.680000,2.000000,655.076416,409.763702,11.110863,74.090204,1,0.107000,0.961476
SP_R_Yoga_2,posenet,37,1.494883,ok,1,direct,1.000000,13,left_knee,1,1,2.000000,690.040000,534.870000,2.000000,696.166565,522.995117,13.362172,74.090204,1,0.087000,0.917644
SP_R_Yoga_2,posenet,37,1.494883,ok,1,direct,1.000000,14,right_knee,1,1,2.000000,578.240000,436.000000,2.000000,583.407593,426.076691,11.188212,74.090204,1,0.087000,0.941525
SP_R_Yoga_2,posenet,37,1.494883,ok,1,direct,1.000000,15,left_ankle,1,1,2.000000,675.160000,644.100000,2.000000,679.921631,633.347717,11.759452,74.090204,1,0.089000,0.938374
SP_R_Yoga_2,posenet,37,1.494883,ok,1,direct,1.000000,16,right_ankle,1,1,2.000000,639.790000,515.360000,2.000000,628.320068,514.358826,11.513543,74.090204,1,0.089000,0.940847
SP_R_Yoga_2,posenet,38,1.535285,ok,1,direct,1.000000,0,nose,1,1,2.000000,671.510000,225.640000,2.000000,671.728760,223.672852,1.979275,75.411907,1,0.026000,0.979826
SP_R_Yoga_2,posenet,38,1.535285,ok,1,direct,1.000000,1,left_eye,0,0,0.000000,0.000000,0.000000,2.000000,680.336060,215.034500,,,,0.025000,
SP_R_Yoga_2,posenet,38,1.535285,ok,1,direct,1.000000,2,right_eye,0,0,0.000000,0.000000,0.000000,2.000000,661.208740,215.994324,,,,0.025000,
SP_R_Yoga_2,posenet,38,1.535285,ok,1,direct,1.000000,3,left_ear,0,0,0.000000,0.000000,0.000000,2.000000,693.725220,222.713043,,,,0.035000,
SP_R_Yoga_2,posenet,38,1.535285,ok,1,direct,1.000000,4,right_ear,0,0,0.000000,0.000000,0.000000,2.000000,647.819641,224.632675,,,,0.035000,
SP_R_Yoga_2,posenet,38,1.535285,ok,1,direct,1.000000,5,left_shoulder,1,1,2.000000,726.120000,285.850000,2.000000,722.416199,277.422607,9.205384,75.411907,1,0.079000,0.953371
SP_R_Yoga_2,posenet,38,1.535285,ok,1,direct,1.000000,6,right_shoulder,1,1,2.000000,626.020000,284.560000,2.000000,632.517822,279.342224,8.333479,75.411907,1,0.079000,0.961622
SP_R_Yoga_2,posenet,38,1.535285,ok,1,direct,1.000000,7,left_elbow,1,1,2.000000,775.060000,297.890000,2.000000,746.325317,339.810699,50.823489,75.411907,1,0.072000,0.173371
SP_R_Yoga_2,posenet,38,1.535285,ok,1,direct,1.000000,8,right_elbow,1,1,2.000000,569.770000,308.110000,2.000000,625.823242,362.846283,78.345559,75.411907,0,0.072000,0.015545
SP_R_Yoga_2,posenet,38,1.535285,ok,1,direct,1.000000,9,left_wrist,1,1,2.000000,831.330000,306.190000,2.000000,729.110718,396.439911,136.359188,75.411907,0,0.062000,0.000000
SP_R_Yoga_2,posenet,38,1.535285,ok,1,direct,1.000000,10,right_wrist,1,1,2.000000,491.510000,318.030000,2.000000,601.914124,389.721161,131.638494,75.411907,0,0.062000,0.000000
SP_R_Yoga_2,posenet,38,1.535285,ok,1,direct,1.000000,11,left_hip,1,1,2.000000,700.280000,404.020000,2.000000,709.027039,411.796967,11.704354,75.411907,1,0.107000,0.958793
SP_R_Yoga_2,posenet,38,1.535285,ok,1,direct,1.000000,12,right_hip,1,1,2.000000,655.080000,397.420000,2.000000,654.514221,409.877350,12.470191,75.411907,1,0.107000,0.953356
SP_R_Yoga_2,posenet,38,1.535285,ok,1,direct,1.000000,13,left_knee,1,1,2.000000,690.070000,534.750000,2.000000,697.550659,516.417053,19.800434,75.411907,1,0.087000,0.833465
SP_R_Yoga_2,posenet,38,1.535285,ok,1,direct,1.000000,14,right_knee,1,1,2.000000,577.130000,428.570000,2.000000,583.743164,419.475525,11.244706,75.411907,1,0.087000,0.942942
SP_R_Yoga_2,posenet,38,1.535285,ok,1,direct,1.000000,15,left_ankle,1,1,2.000000,674.990000,644.020000,2.000000,679.379700,622.956726,21.515831,75.411907,1,0.089000,0.814211
SP_R_Yoga_2,posenet,38,1.535285,ok,1,direct,1.000000,16,right_ankle,1,1,2.000000,639.160000,508.410000,2.000000,627.735962,506.818878,11.534310,75.411907,1,0.089000,0.942643
SP_R_Yoga_2,posenet,39,1.575687,ok,1,direct,1.000000,0,nose,1,1,2.000000,672.020000,225.640000,2.000000,670.658081,223.116486,2.867568,76.711436,1,0.026000,0.959501
SP_R_Yoga_2,posenet,39,1.575687,ok,1,direct,1.000000,1,left_eye,0,0,0.000000,0.000000,0.000000,2.000000,680.224243,214.480301,,,,0.025000,
SP_R_Yoga_2,posenet,39,1.575687,ok,1,direct,1.000000,2,right_eye,0,0,0.000000,0.000000,0.000000,2.000000,661.091919,215.439865,,,,0.025000,
SP_R_Yoga_2,posenet,39,1.575687,ok,1,direct,1.000000,3,left_ear,0,0,0.000000,0.000000,0.000000,2.000000,693.616821,222.156906,,,,0.035000,
SP_R_Yoga_2,posenet,39,1.575687,ok,1,direct,1.000000,4,right_ear,0,0,0.000000,0.000000,0.000000,2.000000,648.656006,224.076065,,,,0.035000,
SP_R_Yoga_2,posenet,39,1.575687,ok,1,direct,1.000000,5,left_shoulder,1,1,2.000000,727.060000,284.790000,2.000000,720.401978,276.852722,10.360002,76.711436,1,0.079000,0.943227
SP_R_Yoga_2,posenet,39,1.575687,ok,1,direct,1.000000,6,right_shoulder,1,1,2.000000,626.250000,284.330000,2.000000,632.393555,277.812286,8.956777,76.711436,1,0.079000,0.957253
SP_R_Yoga_2,posenet,39,1.575687,ok,1,direct,1.000000,7,left_elbow,1,1,2.000000,778.130000,290.090000,2.000000,744.317322,335.386810,56.525200,76.711436,1,0.072000,0.123103
SP_R_Yoga_2,posenet,39,1.575687,ok,1,direct,1.000000,8,right_elbow,1,1,2.000000,568.090000,299.530000,2.000000,609.434814,347.861298,63.602736,76.711436,1,0.072000,0.070500
SP_R_Yoga_2,posenet,39,1.575687,ok,1,direct,1.000000,9,left_wrist,1,1,2.000000,837.830000,291.190000,2.000000,725.185120,287.408051,112.708350,76.711436,0,0.062000,0.000013
SP_R_Yoga_2,posenet,39,1.575687,ok,1,direct,1.000000,10,right_wrist,1,1,2.000000,486.130000,301.420000,2.000000,608.478149,389.123077,150.535376,76.711436,0,0.062000,0.000000
SP_R_Yoga_2,posenet,39,1.575687,ok,1,direct,1.000000,11,left_hip,1,1,2.000000,700.650000,403.650000,2.000000,710.835876,410.233734,12.128381,76.711436,1,0.107000,0.957273
SP_R_Yoga_2,posenet,39,1.575687,ok,1,direct,1.000000,12,right_hip,1,1,2.000000,655.860000,396.150000,2.000000,654.395630,409.274139,13.205583,76.711436,1,0.107000,0.949550
SP_R_Yoga_2,posenet,39,1.575687,ok,1,direct,1.000000,13,left_knee,1,1,2.000000,690.090000,534.620000,2.000000,694.573425,512.908325,22.169752,76.711436,1,0.087000,0.801961
SP_R_Yoga_2,posenet,39,1.575687,ok,1,direct,1.000000,14,right_knee,1,1,2.000000,576.030000,421.130000,2.000000,581.693054,416.950745,7.038207,76.711436,1,0.087000,0.978002
SP_R_Yoga_2,posenet,39,1.575687,ok,1,direct,1.000000,15,left_ankle,1,1,2.000000,674.810000,643.940000,2.000000,678.311035,620.380798,23.817918,76.711436,1,0.089000,0.783950
SP_R_Yoga_2,posenet,39,1.575687,ok,1,direct,1.000000,16,right_ankle,1,1,2.000000,638.530000,501.450000,2.000000,630.480286,506.191284,9.342252,76.711436,1,0.089000,0.963244
SP_R_Yoga_2,posenet,40,1.616089,ok,1,direct,1.000000,0,nose,1,1,2.000000,672.390000,225.440000,2.000000,670.095032,222.344620,3.853344,76.889959,1,0.026000,0.928388
SP_R_Yoga_2,posenet,40,1.616089,ok,1,direct,1.000000,1,left_eye,0,0,0.000000,0.000000,0.000000,2.000000,680.649475,213.701355,,,,0.025000,
SP_R_Yoga_2,posenet,40,1.616089,ok,1,direct,1.000000,2,right_eye,0,0,0.000000,0.000000,0.000000,2.000000,659.540466,215.622086,,,,0.025000,
SP_R_Yoga_2,posenet,40,1.616089,ok,1,direct,1.000000,3,left_ear,0,0,0.000000,0.000000,0.000000,2.000000,693.123047,222.344620,,,,0.035000,
SP_R_Yoga_2,posenet,40,1.616089,ok,1,direct,1.000000,4,right_ear,0,0,0.000000,0.000000,0.000000,2.000000,648.985962,225.225723,,,,0.035000,
SP_R_Yoga_2,posenet,40,1.616089,ok,1,direct,1.000000,5,left_shoulder,1,1,2.000000,726.430000,281.200000,2.000000,721.908142,276.125061,6.797220,76.889959,1,0.079000,0.975267
SP_R_Yoga_2,posenet,40,1.616089,ok,1,direct,1.000000,6,right_shoulder,1,1,2.000000,627.090000,283.060000,2.000000,634.593384,277.085449,9.591456,76.889959,1,0.079000,0.951357
SP_R_Yoga_2,posenet,40,1.616089,ok,1,direct,1.000000,7,left_elbow,1,1,2.000000,778.770000,284.610000,2.000000,744.936157,339.509155,64.487566,76.889959,1,0.072000,0.066284
SP_R_Yoga_2,posenet,40,1.616089,ok,1,direct,1.000000,8,right_elbow,1,1,2.000000,566.820000,290.680000,2.000000,615.403320,355.835358,81.274594,76.889959,0,0.072000,0.013426
SP_R_Yoga_2,posenet,40,1.616089,ok,1,direct,1.000000,9,left_wrist,1,1,2.000000,838.040000,279.170000,2.000000,719.029602,402.893280,171.670978,76.889959,0,0.062000,0.000000
SP_R_Yoga_2,posenet,40,1.616089,ok,1,direct,1.000000,10,right_wrist,1,1,2.000000,484.870000,285.610000,2.000000,616.362854,406.734711,178.777980,76.889959,0,0.062000,0.000000
SP_R_Yoga_2,posenet,40,1.616089,ok,1,direct,1.000000,11,left_hip,1,1,2.000000,700.830000,403.540000,2.000000,709.434631,411.536530,11.746666,76.889959,1,0.107000,0.960049
SP_R_Yoga_2,posenet,40,1.616089,ok,1,direct,1.000000,12,right_hip,1,1,2.000000,656.610000,395.740000,2.000000,648.985962,409.615814,15.832377,76.889959,1,0.107000,0.928611
SP_R_Yoga_2,posenet,40,1.616089,ok,1,direct,1.000000,13,left_knee,1,1,2.000000,690.190000,534.490000,2.000000,705.596558,448.990784,86.876222,76.889959,0,0.087000,0.034277
SP_R_Yoga_2,posenet,40,1.616089,ok,1,direct,1.000000,14,right_knee,1,1,2.000000,576.030000,419.560000,2.000000,579.901733,412.496918,8.054654,76.889959,1,0.087000,0.971420
SP_R_Yoga_2,posenet,40,1.616089,ok,1,direct,1.000000,15,left_ankle,1,1,2.000000,674.810000,643.940000,2.000000,677.770996,626.658264,17.533565,76.889959,1,0.089000,0.876958
SP_R_Yoga_2,posenet,40,1.616089,ok,1,direct,1.000000,16,right_ankle,1,1,2.000000,639.000000,500.680000,2.000000,624.998352,500.850494,14.002686,76.889959,1,0.089000,0.919670
SP_R_Yoga_2,posenet,41,1.656492,ok,1,direct,1.000000,0,nose,1,1,2.000000,672.750000,225.240000,2.000000,672.384766,222.988373,2.281057,77.069308,1,0.026000,0.974416
SP_R_Yoga_2,posenet,41,1.656492,ok,1,direct,1.000000,1,left_eye,0,0,0.000000,0.000000,0.000000,2.000000,680.045532,214.348419,,,,0.025000,
SP_R_Yoga_2,posenet,41,1.656492,ok,1,direct,1.000000,2,right_eye,0,0,0.000000,0.000000,0.000000,2.000000,661.851196,215.308411,,,,0.025000,
SP_R_Yoga_2,posenet,41,1.656492,ok,1,direct,1.000000,3,left_ear,0,0,0.000000,0.000000,0.000000,2.000000,694.409485,222.028381,,,,0.035000,
SP_R_Yoga_2,posenet,41,1.656492,ok,1,direct,1.000000,4,right_ear,0,0,0.000000,0.000000,0.000000,2.000000,649.402405,223.948364,,,,0.035000,
SP_R_Yoga_2,posenet,41,1.656492,ok,1,direct,1.000000,5,left_shoulder,1,1,2.000000,725.800000,277.620000,2.000000,717.391785,276.748047,8.453306,77.069308,1,0.079000,0.962180
SP_R_Yoga_2,posenet,41,1.656492,ok,1,direct,1.000000,6,right_shoulder,1,1,2.000000,627.930000,281.800000,2.000000,635.996033,276.748047,9.517516,77.069308,1,0.079000,0.952303
SP_R_Yoga_2,posenet,41,1.656492,ok,1,direct,1.000000,7,left_elbow,1,1,2.000000,779.400000,279.130000,2.000000,730.798218,339.147644,77.228562,77.069308,0,0.072000,0.020775
SP_R_Yoga_2,posenet,41,1.656492,ok,1,direct,1.000000,8,right_elbow,1,1,2.000000,565.560000,281.820000,2.000000,617.801697,348.747589,84.902868,77.069308,0,0.072000,0.009259
SP_R_Yoga_2,posenet,41,1.656492,ok,1,direct,1.000000,9,left_wrist,1,1,2.000000,838.250000,267.150000,2.000000,731.755798,399.627289,169.974254,77.069308,0,0.062000,0.000000
SP_R_Yoga_2,posenet,41,1.656492,ok,1,direct,1.000000,10,right_wrist,1,1,2.000000,483.600000,269.790000,2.000000,613.971313,411.147186,192.298033,77.069308,0,0.062000,0.000000
SP_R_Yoga_2,posenet,41,1.656492,ok,1,direct,1.000000,11,left_hip,1,1,2.000000,701.010000,403.430000,2.000000,703.985474,411.147186,8.270938,77.069308,1,0.107000,0.980082
SP_R_Yoga_2,posenet,41,1.656492,ok,1,direct,1.000000,12,right_hip,1,1,2.000000,657.370000,395.330000,2.000000,652.275208,405.387238,11.274083,77.069308,1,0.107000,0.963308
SP_R_Yoga_2,posenet,41,1.656492,ok,1,direct,1.000000,13,left_knee,1,1,2.000000,690.290000,534.360000,2.000000,576.625000,411.147186,167.633916,77.069308,0,0.087000,0.000004
SP_R_Yoga_2,posenet,41,1.656492,ok,1,direct,1.000000,14,right_knee,1,1,2.000000,576.030000,417.980000,2.000000,580.455383,411.147186,8.140722,77.069308,1,0.087000,0.970949
SP_R_Yoga_2,posenet,41,1.656492,ok,1,direct,1.000000,15,left_ankle,1,1,2.000000,674.810000,643.940000,2.000000,676.215149,621.385925,22.597804,77.069308,1,0.089000,0.804866
SP_R_Yoga_2,posenet,41,1.656492,ok,1,direct,1.000000,16,right_ankle,1,1,2.000000,639.470000,499.910000,2.000000,627.377686,495.626678,12.828519,77.069308,1,0.089000,0.932433
SP_R_Yoga_2,posenet,42,1.696894,ok,1,direct,1.000000,0,nose,1,1,2.000000,673.110000,225.050000,2.000000,671.306519,223.606720,2.309892,77.247471,1,0.026000,0.973892
SP_R_Yoga_2,posenet,42,1.696894,ok,1,direct,1.000000,1,left_eye,0,0,0.000000,0.000000,0.000000,2.000000,680.887756,213.998093,,,,0.025000,
SP_R_Yoga_2,posenet,42,1.696894,ok,1,direct,1.000000,2,right_eye,0,0,0.000000,0.000000,0.000000,2.000000,661.725342,215.919830,,,,0.025000,
SP_R_Yoga_2,posenet,42,1.696894,ok,1,direct,1.000000,3,left_ear,0,0,0.000000,0.000000,0.000000,2.000000,694.301392,221.685013,,,,0.035000,
SP_R_Yoga_2,posenet,42,1.696894,ok,1,direct,1.000000,4,right_ear,0,0,0.000000,0.000000,0.000000,2.000000,650.227844,224.567596,,,,0.035000,
SP_R_Yoga_2,posenet,42,1.696894,ok,1,direct,1.000000,5,left_shoulder,1,1,2.000000,725.170000,274.030000,2.000000,720.170654,273.571533,5.020324,77.247471,1,0.079000,0.986556
SP_R_Yoga_2,posenet,42,1.696894,ok,1,direct,1.000000,6,right_shoulder,1,1,2.000000,628.780000,280.530000,2.000000,635.856079,274.532410,9.275882,77.247471,1,0.079000,0.954843
SP_R_Yoga_2,posenet,42,1.696894,ok,1,direct,1.000000,7,left_elbow,1,1,2.000000,780.030000,273.640000,2.000000,748.914246,329.301544,63.768312,77.247471,1,0.072000,0.072144
SP_R_Yoga_2,posenet,42,1.696894,ok,1,direct,1.000000,8,right_elbow,1,1,2.000000,564.290000,272.960000,2.000000,622.442444,353.323059,99.196411,77.247471,0,0.072000,0.001726
SP_R_Yoga_2,posenet,42,1.696894,ok,1,direct,1.000000,9,left_wrist,1,1,2.000000,838.470000,255.130000,2.000000,730.709961,399.444397,180.107943,77.247471,0,0.062000,0.000000
SP_R_Yoga_2,posenet,42,1.696894,ok,1,direct,1.000000,10,right_wrist,1,1,2.000000,482.340000,253.970000,2.000000,608.070618,378.305481,176.826186,77.247471,0,0.062000,0.000000
SP_R_Yoga_2,posenet,42,1.696894,ok,1,direct,1.000000,11,left_hip,1,1,2.000000,701.190000,403.330000,2.000000,703.882568,408.092194,5.470687,77.247471,1,0.107000,0.991277
SP_R_Yoga_2,posenet,42,1.696894,ok,1,direct,1.000000,12,right_hip,1,1,2.000000,658.120000,394.920000,2.000000,650.227844,401.366150,10.190141,77.247471,1,0.107000,0.970059
SP_R_Yoga_2,posenet,42,1.696894,ok,1,direct,1.000000,13,left_knee,1,1,2.000000,690.380000,534.230000,2.000000,576.452698,409.053070,169.259251,77.247471,0,0.087000,0.000003
SP_R_Yoga_2,posenet,42,1.696894,ok,1,direct,1.000000,14,right_knee,1,1,2.000000,576.030000,416.410000,2.000000,578.368958,409.053070,7.719789,77.247471,1,0.087000,0.973956
SP_R_Yoga_2,posenet,42,1.696894,ok,1,direct,1.000000,15,left_ankle,1,1,2.000000,674.810000,643.940000,2.000000,674.180908,621.403503,22.545275,77.247471,1,0.089000,0.806480
SP_R_Yoga_2,posenet,42,1.696894,ok,1,direct,1.000000,16,right_ankle,1,1,2.000000,639.940000,499.140000,2.000000,624.358643,493.608887,16.533962,77.247471,1,0.089000,0.890766
SP_R_Yoga_2,posenet,43,1.737296,ok,1,direct,1.000000,0,nose,1,1,2.000000,673.470000,224.850000,2.000000,670.308533,220.835022,5.110276,76.020283,1,0.026000,0.874857
SP_R_Yoga_2,posenet,43,1.737296,ok,1,direct,1.000000,1,left_eye,0,0,0.000000,0.000000,0.000000,2.000000,680.861572,213.147598,,,,0.025000,
SP_R_Yoga_2,posenet,43,1.737296,ok,1,direct,1.000000,2,right_eye,0,0,0.000000,0.000000,0.000000,2.000000,660.714905,213.147598,,,,0.025000,
SP_R_Yoga_2,posenet,43,1.737296,ok,1,direct,1.000000,3,left_ear,0,0,0.000000,0.000000,0.000000,2.000000,694.292603,221.795959,,,,0.035000,
SP_R_Yoga_2,posenet,43,1.737296,ok,1,direct,1.000000,4,right_ear,0,0,0.000000,0.000000,0.000000,2.000000,650.161926,224.678741,,,,0.035000,
SP_R_Yoga_2,posenet,43,1.737296,ok,1,direct,1.000000,5,left_shoulder,1,1,2.000000,724.980000,273.860000,2.000000,720.195435,276.568848,5.498174,76.020283,1,0.079000,0.983377
SP_R_Yoga_2,posenet,43,1.737296,ok,1,direct,1.000000,6,right_shoulder,1,1,2.000000,629.700000,279.610000,2.000000,636.730835,276.568848,7.660369,76.020283,1,0.079000,0.967984
SP_R_Yoga_2,posenet,43,1.737296,ok,1,direct,1.000000,7,left_elbow,1,1,2.000000,779.010000,264.860000,2.000000,745.138794,338.068237,80.664147,76.020283,0,0.072000,0.012987
SP_R_Yoga_2,posenet,43,1.737296,ok,1,direct,1.000000,8,right_elbow,1,1,2.000000,566.940000,265.690000,2.000000,619.462341,350.560333,99.807664,76.020283,0,0.072000,0.001294
SP_R_Yoga_2,posenet,43,1.737296,ok,1,direct,1.000000,9,left_wrist,1,1,2.000000,835.680000,240.930000,2.000000,728.829651,402.450439,193.664270,76.020283,0,0.062000,0.000000
SP_R_Yoga_2,posenet,43,1.737296,ok,1,direct,1.000000,10,right_wrist,1,1,2.000000,490.940000,239.040000,2.000000,615.624878,413.020630,214.045739,76.020283,0,0.062000,0.000000
SP_R_Yoga_2,posenet,43,1.737296,ok,1,direct,1.000000,11,left_hip,1,1,2.000000,701.370000,403.220000,2.000000,706.764343,411.098785,9.548518,76.020283,1,0.107000,0.972817
SP_R_Yoga_2,posenet,43,1.737296,ok,1,direct,1.000000,12,right_hip,1,1,2.000000,658.870000,394.510000,2.000000,653.999390,405.333191,11.868627,76.020283,1,0.107000,0.958314
SP_R_Yoga_2,posenet,43,1.737296,ok,1,direct,1.000000,13,left_knee,1,1,2.000000,690.480000,534.090000,2.000000,577.250366,408.216003,169.308042,76.020283,0,0.087000,0.000002
SP_R_Yoga_2,posenet,43,1.737296,ok,1,direct,1.000000,14,right_knee,1,1,2.000000,576.340000,417.200000,2.000000,581.087830,410.137848,8.509752,76.020283,1,0.087000,0.967432
SP_R_Yoga_2,posenet,43,1.737296,ok,1,direct,1.000000,15,left_ankle,1,1,2.000000,674.810000,643.940000,2.000000,673.186646,628.268555,15.755300,76.020283,1,0.089000,0.897220
SP_R_Yoga_2,posenet,43,1.737296,ok,1,direct,1.000000,16,right_ankle,1,1,2.000000,640.420000,498.380000,2.000000,629.055969,498.543274,11.365204,76.020283,1,0.089000,0.945128
SP_R_Yoga_2,posenet,44,1.777698,ok,1,direct,1.000000,0,nose,1,1,2.000000,673.840000,224.650000,2.000000,670.148193,222.205368,4.427828,74.820994,1,0.026000,0.901573
SP_R_Yoga_2,posenet,44,1.777698,ok,1,direct,1.000000,1,left_eye,0,0,0.000000,0.000000,0.000000,2.000000,680.661011,213.558578,,,,0.025000,
SP_R_Yoga_2,posenet,44,1.777698,ok,1,direct,1.000000,2,right_eye,0,0,0.000000,0.000000,0.000000,2.000000,660.591003,213.558578,,,,0.025000,
SP_R_Yoga_2,posenet,44,1.777698,ok,1,direct,1.000000,3,left_ear,0,0,0.000000,0.000000,0.000000,2.000000,695.952515,223.166122,,,,0.035000,
SP_R_Yoga_2,posenet,44,1.777698,ok,1,direct,1.000000,4,right_ear,0,0,0.000000,0.000000,0.000000,2.000000,651.033813,224.126862,,,,0.035000,
SP_R_Yoga_2,posenet,44,1.777698,ok,1,direct,1.000000,5,left_shoulder,1,1,2.000000,724.800000,273.690000,2.000000,718.889648,276.968231,6.758628,74.820994,1,0.079000,0.974190
SP_R_Yoga_2,posenet,44,1.777698,ok,1,direct,1.000000,6,right_shoulder,1,1,2.000000,630.610000,278.700000,2.000000,634.786682,276.968231,4.521471,74.820994,1,0.079000,0.988365
SP_R_Yoga_2,posenet,44,1.777698,ok,1,direct,1.000000,7,left_elbow,1,1,2.000000,777.980000,256.080000,2.000000,739.915344,341.338623,93.369967,74.820994,0,0.072000,0.002459
SP_R_Yoga_2,posenet,44,1.777698,ok,1,direct,1.000000,8,right_elbow,1,1,2.000000,569.580000,258.410000,2.000000,619.495239,352.867645,106.835284,74.820994,0,0.072000,0.000384
SP_R_Yoga_2,posenet,44,1.777698,ok,1,direct,1.000000,9,left_wrist,1,1,2.000000,832.900000,226.730000,2.000000,724.623962,284.654236,122.796243,74.820994,0,0.062000,0.000001
SP_R_Yoga_2,posenet,44,1.777698,ok,1,direct,1.000000,10,right_wrist,1,1,2.000000,499.540000,224.110000,2.000000,608.982300,384.572449,194.231343,74.820994,0,0.062000,0.000000
SP_R_Yoga_2,posenet,44,1.777698,ok,1,direct,1.000000,11,left_hip,1,1,2.000000,701.550000,403.110000,2.000000,700.731079,408.591248,5.542085,74.820994,1,0.107000,0.990461
SP_R_Yoga_2,posenet,44,1.777698,ok,1,direct,1.000000,12,right_hip,1,1,2.000000,659.620000,394.100000,2.000000,652.945251,402.826721,10.986716,74.820994,1,0.107000,0.963034
SP_R_Yoga_2,posenet,44,1.777698,ok,1,direct,1.000000,13,left_knee,1,1,2.000000,690.570000,533.960000,2.000000,576.487976,409.552002,168.795907,74.820994,0,0.087000,0.000001
SP_R_Yoga_2,posenet,44,1.777698,ok,1,direct,1.000000,14,right_knee,1,1,2.000000,576.660000,418.000000,2.000000,582.222229,409.552002,10.114695,74.820994,1,0.087000,0.952858
SP_R_Yoga_2,posenet,44,1.777698,ok,1,direct,1.000000,15,left_ankle,1,1,2.000000,674.810000,643.940000,2.000000,675.882385,618.995972,24.967069,74.820994,1,0.089000,0.754915
SP_R_Yoga_2,posenet,44,1.777698,ok,1,direct,1.000000,16,right_ankle,1,1,2.000000,640.890000,497.610000,2.000000,627.140930,495.058899,13.983742,74.820994,1,0.089000,0.915581
SP_R_Yoga_2,posenet,45,1.818101,ok,1,direct,1.000000,0,nose,1,1,2.000000,674.200000,224.450000,2.000000,671.797729,220.365067,4.738943,74.828878,1,0.026000,0.888109
SP_R_Yoga_2,posenet,45,1.818101,ok,1,direct,1.000000,1,left_eye,0,0,0.000000,0.000000,0.000000,2.000000,682.313721,212.680069,,,,0.025000,
SP_R_Yoga_2,posenet,45,1.818101,ok,1,direct,1.000000,2,right_eye,0,0,0.000000,0.000000,0.000000,2.000000,662.237671,213.640701,,,,0.025000,
SP_R_Yoga_2,posenet,45,1.818101,ok,1,direct,1.000000,3,left_ear,0,0,0.000000,0.000000,0.000000,2.000000,694.741821,223.246948,,,,0.035000,
SP_R_Yoga_2,posenet,45,1.818101,ok,1,direct,1.000000,4,right_ear,0,0,0.000000,0.000000,0.000000,2.000000,650.765625,223.246948,,,,0.035000,
SP_R_Yoga_2,posenet,45,1.818101,ok,1,direct,1.000000,5,left_shoulder,1,1,2.000000,724.610000,273.520000,2.000000,713.861938,277.041901,11.310376,74.828878,1,0.079000,0.929402
SP_R_Yoga_2,posenet,45,1.818101,ok,1,direct,1.000000,6,right_shoulder,1,1,2.000000,631.530000,277.780000,2.000000,636.425537,276.081299,5.181879,74.828878,1,0.079000,0.984750
SP_R_Yoga_2,posenet,45,1.818101,ok,1,direct,1.000000,7,left_elbow,1,1,2.000000,776.960000,247.290000,2.000000,732.026001,335.639984,99.120048,74.828878,0,0.072000,0.001148
SP_R_Yoga_2,posenet,45,1.818101,ok,1,direct,1.000000,8,right_elbow,1,1,2.000000,572.230000,251.130000,2.000000,616.349426,358.694977,116.261550,74.828878,0,0.072000,0.000090
SP_R_Yoga_2,posenet,45,1.818101,ok,1,direct,1.000000,9,left_wrist,1,1,2.000000,830.120000,212.530000,2.000000,728.202026,400.962433,214.228978,74.828878,0,0.062000,0.000000
SP_R_Yoga_2,posenet,45,1.818101,ok,1,direct,1.000000,10,right_wrist,1,1,2.000000,508.140000,209.180000,2.000000,675.621704,414.411194,264.896138,74.828878,0,0.062000,0.000000
SP_R_Yoga_2,posenet,45,1.818101,ok,1,direct,1.000000,11,left_hip,1,1,2.000000,701.730000,403.000000,2.000000,704.301880,405.765564,3.776627,74.828878,1,0.107000,0.995560
SP_R_Yoga_2,posenet,45,1.818101,ok,1,direct,1.000000,12,right_hip,1,1,2.000000,660.370000,393.690000,2.000000,651.721619,404.804962,14.083213,74.828878,1,0.107000,0.939999
SP_R_Yoga_2,posenet,45,1.818101,ok,1,direct,1.000000,13,left_knee,1,1,2.000000,690.670000,533.830000,2.000000,723.421997,434.584290,104.510307,74.828878,0,0.087000,0.005774
SP_R_Yoga_2,posenet,45,1.818101,ok,1,direct,1.000000,14,right_knee,1,1,2.000000,576.980000,418.800000,2.000000,582.889282,411.529327,9.369221,74.828878,1,0.087000,0.959422
SP_R_Yoga_2,posenet,45,1.818101,ok,1,direct,1.000000,15,left_ankle,1,1,2.000000,674.810000,643.940000,2.000000,678.489746,601.732910,42.367192,74.828878,1,0.089000,0.445119
SP_R_Yoga_2,posenet,45,1.818101,ok,1,direct,1.000000,16,right_ankle,1,1,2.000000,641.360000,496.840000,2.000000,631.645508,497.024902,9.716252,74.828878,1,0.089000,0.958323
SP_R_Yoga_2,posenet,46,1.858503,ok,1,direct,1.000000,0,nose,1,1,2.000000,674.560000,224.260000,2.000000,673.095032,219.687515,4.801432,74.746724,1,0.026000,0.885079
SP_R_Yoga_2,posenet,46,1.858503,ok,1,direct,1.000000,1,left_eye,0,0,0.000000,0.000000,0.000000,2.000000,683.645996,212.000732,,,,0.025000,
SP_R_Yoga_2,posenet,46,1.858503,ok,1,direct,1.000000,2,right_eye,0,0,0.000000,0.000000,0.000000,2.000000,661.584961,212.961563,,,,0.025000,
SP_R_Yoga_2,posenet,46,1.858503,ok,1,direct,1.000000,3,left_ear,0,0,0.000000,0.000000,0.000000,2.000000,696.115234,224.491776,,,,0.035000,
SP_R_Yoga_2,posenet,46,1.858503,ok,1,direct,1.000000,4,right_ear,0,0,0.000000,0.000000,0.000000,2.000000,649.115723,223.530930,,,,0.035000,
SP_R_Yoga_2,posenet,46,1.858503,ok,1,direct,1.000000,5,left_shoulder,1,1,2.000000,724.430000,273.350000,2.000000,715.298767,277.338531,9.964326,74.746724,1,0.079000,0.944642
SP_R_Yoga_2,posenet,46,1.858503,ok,1,direct,1.000000,6,right_shoulder,1,1,2.000000,632.450000,276.860000,2.000000,635.687256,276.377686,3.272988,74.746724,1,0.079000,0.993874
SP_R_Yoga_2,posenet,46,1.858503,ok,1,direct,1.000000,7,left_elbow,1,1,2.000000,775.930000,238.510000,2.000000,740.237305,334.028687,101.969544,74.746724,0,0.072000,0.000762
SP_R_Yoga_2,posenet,46,1.858503,ok,1,direct,1.000000,8,right_elbow,1,1,2.000000,574.880000,243.860000,2.000000,626.095520,359.971619,126.905230,74.746724,0,0.072000,0.000015
SP_R_Yoga_2,posenet,46,1.858503,ok,1,direct,1.000000,9,left_wrist,1,1,2.000000,827.340000,198.330000,2.000000,729.686401,396.483948,220.909964,74.746724,0,0.062000,0.000000
SP_R_Yoga_2,posenet,46,1.858503,ok,1,direct,1.000000,10,right_wrist,1,1,2.000000,516.740000,194.240000,2.000000,604.993652,375.345215,201.464156,74.746724,0,0.062000,0.000000
SP_R_Yoga_2,posenet,46,1.858503,ok,1,direct,1.000000,11,left_hip,1,1,2.000000,701.910000,402.890000,2.000000,704.747864,405.131561,3.616361,74.746724,1,0.107000,0.995919
SP_R_Yoga_2,posenet,46,1.858503,ok,1,direct,1.000000,12,right_hip,1,1,2.000000,661.120000,393.280000,2.000000,650.074829,401.288177,13.642826,74.746724,1,0.107000,0.943466
SP_R_Yoga_2,posenet,46,1.858503,ok,1,direct,1.000000,13,left_knee,1,1,2.000000,690.770000,533.700000,2.000000,714.339600,438.761322,97.820645,74.746724,0,0.087000,0.010829
SP_R_Yoga_2,posenet,46,1.858503,ok,1,direct,1.000000,14,right_knee,1,1,2.000000,577.300000,419.590000,2.000000,581.014282,409.935852,10.344006,74.746724,1,0.087000,0.950655
SP_R_Yoga_2,posenet,46,1.858503,ok,1,direct,1.000000,15,left_ankle,1,1,2.000000,674.810000,643.940000,2.000000,679.809265,593.458130,50.728807,74.746724,1,0.089000,0.312551
SP_R_Yoga_2,posenet,46,1.858503,ok,1,direct,1.000000,16,right_ankle,1,1,2.000000,641.830000,496.070000,2.000000,632.809692,497.373169,9.113956,74.746724,1,0.089000,0.963157
SP_R_Yoga_2,posenet,47,1.898905,ok,1,direct,1.000000,0,nose,1,1,2.000000,674.920000,224.060000,2.000000,672.215881,220.522369,4.452762,74.572539,1,0.026000,0.899889
SP_R_Yoga_2,posenet,47,1.898905,ok,1,direct,1.000000,1,left_eye,0,0,0.000000,0.000000,0.000000,2.000000,682.731079,212.844604,,,,0.025000,
SP_R_Yoga_2,posenet,47,1.898905,ok,1,direct,1.000000,2,right_eye,0,0,0.000000,0.000000,0.000000,2.000000,661.700623,213.804337,,,,0.025000,
SP_R_Yoga_2,posenet,47,1.898905,ok,1,direct,1.000000,3,left_ear,0,0,0.000000,0.000000,0.000000,2.000000,696.114136,223.401535,,,,0.035000,
SP_R_Yoga_2,posenet,47,1.898905,ok,1,direct,1.000000,4,right_ear,0,0,0.000000,0.000000,0.000000,2.000000,648.317566,223.401535,,,,0.035000,
SP_R_Yoga_2,posenet,47,1.898905,ok,1,direct,1.000000,5,left_shoulder,1,1,2.000000,724.240000,273.180000,2.000000,716.188721,279.065338,9.972979,74.572539,1,0.079000,0.944297
SP_R_Yoga_2,posenet,47,1.898905,ok,1,direct,1.000000,6,right_shoulder,1,1,2.000000,633.370000,275.940000,2.000000,633.978638,279.065338,3.184051,74.572539,1,0.079000,0.994175
SP_R_Yoga_2,posenet,47,1.898905,ok,1,direct,1.000000,7,left_elbow,1,1,2.000000,774.910000,229.730000,2.000000,738.175110,332.809723,109.429801,74.572539,0,0.072000,0.000247
SP_R_Yoga_2,posenet,47,1.898905,ok,1,direct,1.000000,8,right_elbow,1,1,2.000000,577.520000,236.580000,2.000000,623.463379,357.762482,129.599336,74.572539,0,0.072000,0.000009
SP_R_Yoga_2,posenet,47,1.898905,ok,1,direct,1.000000,9,left_wrist,1,1,2.000000,824.560000,184.130000,2.000000,729.571716,392.312408,228.828952,74.572539,0,0.062000,0.000000
SP_R_Yoga_2,posenet,47,1.898905,ok,1,direct,1.000000,10,right_wrist,1,1,2.000000,525.340000,179.310000,2.000000,635.890503,493.083130,332.678510,74.572539,0,0.062000,0.000000
SP_R_Yoga_2,posenet,47,1.898905,ok,1,direct,1.000000,11,left_hip,1,1,2.000000,702.090000,402.790000,2.000000,698.981934,406.708252,5.001277,74.572539,1,0.107000,0.992174
SP_R_Yoga_2,posenet,47,1.898905,ok,1,direct,1.000000,12,right_hip,1,1,2.000000,661.880000,392.870000,2.000000,651.185425,399.990173,12.847988,74.572539,1,0.107000,0.949468
SP_R_Yoga_2,posenet,47,1.898905,ok,1,direct,1.000000,13,left_knee,1,1,2.000000,690.860000,533.570000,2.000000,721.924316,431.660980,106.538444,74.572539,0,0.087000,0.004547
SP_R_Yoga_2,posenet,47,1.898905,ok,1,direct,1.000000,14,right_knee,1,1,2.000000,577.620000,420.390000,2.000000,580.446472,411.506836,9.321993,74.572539,1,0.087000,0.959550
SP_R_Yoga_2,posenet,47,1.898905,ok,1,direct,1.000000,15,left_ankle,1,1,2.000000,674.810000,643.940000,2.000000,675.083618,617.846863,26.094572,74.572539,1,0.089000,0.734059
SP_R_Yoga_2,posenet,47,1.898905,ok,1,direct,1.000000,16,right_ankle,1,1,2.000000,642.310000,495.300000,2.000000,634.934509,495.002594,7.381485,74.572539,1,0.089000,0.975565
SP_R_Yoga_2,posenet,48,1.939307,ok,1,direct,1.000000,0,nose,1,1,2.000000,675.530000,223.980000,2.000000,673.145813,221.583923,3.380167,73.107961,1,0.026000,0.938713
SP_R_Yoga_2,posenet,48,1.939307,ok,1,direct,1.000000,1,left_eye,0,0,0.000000,0.000000,0.000000,2.000000,682.696594,213.905869,,,,0.025000,
SP_R_Yoga_2,posenet,48,1.939307,ok,1,direct,1.000000,2,right_eye,0,0,0.000000,0.000000,0.000000,2.000000,663.595032,213.905869,,,,0.025000,
SP_R_Yoga_2,posenet,48,1.939307,ok,1,direct,1.000000,3,left_ear,0,0,0.000000,0.000000,0.000000,2.000000,697.022766,222.543686,,,,0.035000,
SP_R_Yoga_2,posenet,48,1.939307,ok,1,direct,1.000000,4,right_ear,0,0,0.000000,0.000000,0.000000,2.000000,650.223938,222.543686,,,,0.035000,
SP_R_Yoga_2,posenet,48,1.939307,ok,1,direct,1.000000,5,left_shoulder,1,1,2.000000,724.060000,273.010000,2.000000,717.079346,277.249908,8.167396,73.107961,1,0.079000,0.960794
SP_R_Yoga_2,posenet,48,1.939307,ok,1,direct,1.000000,6,right_shoulder,1,1,2.000000,633.250000,276.650000,2.000000,638.763000,276.290161,5.524732,73.107961,1,0.079000,0.981866
SP_R_Yoga_2,posenet,48,1.939307,ok,1,direct,1.000000,7,left_elbow,1,1,2.000000,770.180000,227.130000,2.000000,740.001221,335.795166,112.777999,73.107961,0,0.072000,0.000103
SP_R_Yoga_2,posenet,48,1.939307,ok,1,direct,1.000000,8,right_elbow,1,1,2.000000,582.600000,234.100000,2.000000,627.302124,356.909882,130.692566,73.107961,0,0.072000,0.000004
SP_R_Yoga_2,posenet,48,1.939307,ok,1,direct,1.000000,9,left_wrist,1,1,2.000000,815.940000,174.800000,2.000000,731.405579,390.501404,231.674694,73.107961,0,0.062000,0.000000
SP_R_Yoga_2,posenet,48,1.939307,ok,1,direct,1.000000,10,right_wrist,1,1,2.000000,534.790000,168.680000,2.000000,670.280640,400.098999,268.164999,73.107961,0,0.062000,0.000000
SP_R_Yoga_2,posenet,48,1.939307,ok,1,direct,1.000000,11,left_hip,1,1,2.000000,702.270000,402.680000,2.000000,703.708252,404.897766,2.643304,73.107961,1,0.107000,0.997719
SP_R_Yoga_2,posenet,48,1.939307,ok,1,direct,1.000000,12,right_hip,1,1,2.000000,661.930000,392.870000,2.000000,651.179016,400.098999,12.955388,73.107961,1,0.107000,0.946620
SP_R_Yoga_2,posenet,48,1.939307,ok,1,direct,1.000000,13,left_knee,1,1,2.000000,690.960000,533.430000,2.000000,721.854797,432.730774,105.331964,73.107961,0,0.087000,0.004148
SP_R_Yoga_2,posenet,48,1.939307,ok,1,direct,1.000000,14,right_knee,1,1,2.000000,576.790000,422.750000,2.000000,581.458435,416.414886,7.869431,73.107961,1,0.087000,0.969848
SP_R_Yoga_2,posenet,48,1.939307,ok,1,direct,1.000000,15,left_ankle,1,1,2.000000,674.810000,643.940000,2.000000,671.235718,629.481201,14.894038,73.107961,1,0.089000,0.900508
SP_R_Yoga_2,posenet,48,1.939307,ok,1,direct,1.000000,16,right_ankle,1,1,2.000000,644.080000,495.070000,2.000000,634.942749,495.115051,9.137362,73.107961,1,0.089000,0.961325
SP_R_Yoga_2,posenet,49,1.979710,ok,1,direct,1.000000,0,nose,1,1,2.000000,676.150000,223.910000,2.000000,674.754150,220.006989,4.145105,71.504708,1,0.026000,0.905360
SP_R_Yoga_2,posenet,49,1.979710,ok,1,direct,1.000000,1,left_eye,0,0,0.000000,0.000000,0.000000,2.000000,684.336304,212.320801,,,,0.025000,
SP_R_Yoga_2,posenet,49,1.979710,ok,1,direct,1.000000,2,right_eye,0,0,0.000000,0.000000,0.000000,2.000000,663.255554,213.281570,,,,0.025000,
SP_R_Yoga_2,posenet,49,1.979710,ok,1,direct,1.000000,3,left_ear,0,0,0.000000,0.000000,0.000000,2.000000,695.834961,223.850082,,,,0.035000,
SP_R_Yoga_2,posenet,49,1.979710,ok,1,direct,1.000000,4,right_ear,0,0,0.000000,0.000000,0.000000,2.000000,649.840454,223.850082,,,,0.035000,
SP_R_Yoga_2,posenet,49,1.979710,ok,1,direct,1.000000,5,left_shoulder,1,1,2.000000,723.880000,272.830000,2.000000,723.623230,279.574982,6.749867,71.504708,1,0.079000,0.971848
SP_R_Yoga_2,posenet,49,1.979710,ok,1,direct,1.000000,6,right_shoulder,1,1,2.000000,633.130000,277.360000,2.000000,639.300110,277.653442,6.177084,71.504708,1,0.079000,0.976369
SP_R_Yoga_2,posenet,49,1.979710,ok,1,direct,1.000000,7,left_elbow,1,1,2.000000,765.460000,224.530000,2.000000,735.121826,334.339111,113.922982,71.504708,0,0.072000,0.000056
SP_R_Yoga_2,posenet,49,1.979710,ok,1,direct,1.000000,8,right_elbow,1,1,2.000000,587.680000,231.620000,2.000000,635.467224,367.966187,144.478031,71.504708,0,0.072000,0.000000
SP_R_Yoga_2,posenet,49,1.979710,ok,1,direct,1.000000,9,left_wrist,1,1,2.000000,807.310000,165.460000,2.000000,728.414368,397.750214,245.322775,71.504708,0,0.062000,0.000000
SP_R_Yoga_2,posenet,49,1.979710,ok,1,direct,1.000000,10,right_wrist,1,1,2.000000,544.240000,158.050000,2.000000,673.795898,405.436401,279.257520,71.504708,0,0.062000,0.000000
SP_R_Yoga_2,posenet,49,1.979710,ok,1,direct,1.000000,11,left_hip,1,1,2.000000,702.450000,402.570000,2.000000,710.208191,407.357941,9.116683,71.504708,1,0.107000,0.972003
SP_R_Yoga_2,posenet,49,1.979710,ok,1,direct,1.000000,12,right_hip,1,1,2.000000,661.990000,392.870000,2.000000,653.673340,405.436401,15.069216,71.504708,1,0.107000,0.925349
SP_R_Yoga_2,posenet,49,1.979710,ok,1,direct,1.000000,13,left_knee,1,1,2.000000,691.050000,533.300000,2.000000,719.790344,438.102692,99.441113,71.504708,0,0.087000,0.006034
SP_R_Yoga_2,posenet,49,1.979710,ok,1,direct,1.000000,14,right_knee,1,1,2.000000,575.970000,425.120000,2.000000,581.807007,419.847992,7.865413,71.504708,1,0.087000,0.968534
SP_R_Yoga_2,posenet,49,1.979710,ok,1,direct,1.000000,15,left_ankle,1,1,2.000000,674.810000,643.940000,2.000000,671.879456,612.963623,31.114691,71.504708,1,0.089000,0.619965
SP_R_Yoga_2,posenet,49,1.979710,ok,1,direct,1.000000,16,right_ankle,1,1,2.000000,645.850000,494.830000,2.000000,638.341858,497.670685,8.027558,71.504708,1,0.089000,0.968678
SP_R_Yoga_2,posenet,50,2.020112,ok,1,direct,1.000000,0,nose,1,1,2.000000,676.760000,223.830000,2.000000,675.138367,221.096695,3.178152,69.756677,1,0.026000,0.940435
SP_R_Yoga_2,posenet,50,2.020112,ok,1,direct,1.000000,1,left_eye,0,0,0.000000,0.000000,0.000000,2.000000,684.732605,213.411728,,,,0.025000,
SP_R_Yoga_2,posenet,50,2.020112,ok,1,direct,1.000000,2,right_eye,0,0,0.000000,0.000000,0.000000,2.000000,664.584717,213.411728,,,,0.025000,
SP_R_Yoga_2,posenet,50,2.020112,ok,1,direct,1.000000,3,left_ear,0,0,0.000000,0.000000,0.000000,2.000000,696.245667,222.057327,,,,0.035000,
SP_R_Yoga_2,posenet,50,2.020112,ok,1,direct,1.000000,4,right_ear,0,0,0.000000,0.000000,0.000000,2.000000,650.193359,223.017944,,,,0.035000,
SP_R_Yoga_2,posenet,50,2.020112,ok,1,direct,1.000000,5,left_shoulder,1,1,2.000000,723.690000,272.660000,2.000000,718.312439,277.773346,7.420544,69.756677,1,0.079000,0.964386
SP_R_Yoga_2,posenet,50,2.020112,ok,1,direct,1.000000,6,right_shoulder,1,1,2.000000,633.010000,278.070000,2.000000,643.477417,276.812714,10.542656,69.756677,1,0.079000,0.929416
SP_R_Yoga_2,posenet,50,2.020112,ok,1,direct,1.000000,7,left_elbow,1,1,2.000000,760.730000,221.930000,2.000000,732.703796,332.528748,114.094483,69.756677,0,0.072000,0.000033
SP_R_Yoga_2,posenet,50,2.020112,ok,1,direct,1.000000,8,right_elbow,1,1,2.000000,592.760000,229.140000,2.000000,631.004883,358.465515,134.862003,69.756677,0,0.072000,0.000001
SP_R_Yoga_2,posenet,50,2.020112,ok,1,direct,1.000000,9,left_wrist,1,1,2.000000,798.690000,156.130000,2.000000,732.703796,394.008514,246.861027,69.756677,0,0.062000,0.000000
SP_R_Yoga_2,posenet,50,2.020112,ok,1,direct,1.000000,10,right_wrist,1,1,2.000000,553.690000,147.410000,2.000000,674.178955,403.614716,283.122667,69.756677,0,0.062000,0.000000
SP_R_Yoga_2,posenet,50,2.020112,ok,1,direct,1.000000,11,left_hip,1,1,2.000000,702.630000,402.460000,2.000000,708.718201,404.575348,6.445222,69.756677,1,0.107000,0.985198
SP_R_Yoga_2,posenet,50,2.020112,ok,1,direct,1.000000,12,right_hip,1,1,2.000000,662.040000,392.870000,2.000000,656.909363,404.575348,12.780399,69.756677,1,0.107000,0.943048
SP_R_Yoga_2,posenet,50,2.020112,ok,1,direct,1.000000,13,left_knee,1,1,2.000000,691.150000,533.170000,2.000000,724.068970,436.275848,102.333451,69.756677,0,0.087000,0.003391
SP_R_Yoga_2,posenet,50,2.020112,ok,1,direct,1.000000,14,right_knee,1,1,2.000000,575.140000,427.480000,2.000000,582.074280,420.905914,9.555252,69.756677,1,0.087000,0.951629
SP_R_Yoga_2,posenet,50,2.020112,ok,1,direct,1.000000,15,left_ankle,1,1,2.000000,674.810000,643.940000,2.000000,679.935486,579.408386,64.734842,69.756677,1,0.089000,0.113668
SP_R_Yoga_2,posenet,50,2.020112,ok,1,direct,1.000000,16,right_ankle,1,1,2.000000,647.620000,494.600000,2.000000,643.477417,496.795013,4.688185,69.756677,1,0.089000,0.988660
SP_R_Yoga_2,posenet,51,2.060514,ok,1,direct,1.000000,0,nose,1,1,2.000000,677.370000,223.750000,2.000000,675.671570,222.282608,2.244528,67.848286,1,0.026000,0.968140
SP_R_Yoga_2,posenet,51,2.060514,ok,1,direct,1.000000,1,left_eye,0,0,0.000000,0.000000,0.000000,2.000000,685.233154,213.635071,,,,0.025000,
SP_R_Yoga_2,posenet,51,2.060514,ok,1,direct,1.000000,2,right_eye,0,0,0.000000,0.000000,0.000000,2.000000,665.153748,214.595901,,,,0.025000,
SP_R_Yoga_2,posenet,51,2.060514,ok,1,direct,1.000000,3,left_ear,0,0,0.000000,0.000000,0.000000,2.000000,696.707153,223.243454,,,,0.035000,
SP_R_Yoga_2,posenet,51,2.060514,ok,1,direct,1.000000,4,right_ear,0,0,0.000000,0.000000,0.000000,2.000000,649.855103,222.282608,,,,0.035000,
SP_R_Yoga_2,posenet,51,2.060514,ok,1,direct,1.000000,5,left_shoulder,1,1,2.000000,723.510000,272.490000,2.000000,716.786621,278.011292,8.699913,67.848286,1,0.079000,0.948674
SP_R_Yoga_2,posenet,51,2.060514,ok,1,direct,1.000000,6,right_shoulder,1,1,2.000000,632.900000,278.780000,2.000000,635.512634,277.050446,3.133244,67.848286,1,0.079000,0.993189
SP_R_Yoga_2,posenet,51,2.060514,ok,1,direct,1.000000,7,left_elbow,1,1,2.000000,756.010000,219.330000,2.000000,737.822205,340.465820,122.493603,67.848286,0,0.072000,0.000003
SP_R_Yoga_2,posenet,51,2.060514,ok,1,direct,1.000000,8,right_elbow,1,1,2.000000,597.850000,226.660000,2.000000,625.950989,357.760895,134.078746,67.848286,0,0.072000,0.000000
SP_R_Yoga_2,posenet,51,2.060514,ok,1,direct,1.000000,9,left_wrist,1,1,2.000000,790.060000,146.800000,2.000000,737.822205,396.194458,254.806560,67.848286,0,0.062000,0.000000
SP_R_Yoga_2,posenet,51,2.060514,ok,1,direct,1.000000,10,right_wrist,1,1,2.000000,563.140000,136.780000,2.000000,642.205811,496.121765,367.937368,67.848286,0,0.062000,0.000000
SP_R_Yoga_2,posenet,51,2.060514,ok,1,direct,1.000000,11,left_hip,1,1,2.000000,702.810000,402.350000,2.000000,705.312622,406.763672,5.073817,67.848286,1,0.107000,0.990278
SP_R_Yoga_2,posenet,51,2.060514,ok,1,direct,1.000000,12,right_hip,1,1,2.000000,662.090000,392.870000,2.000000,652.723572,404.842010,15.200625,67.848286,1,0.107000,0.916053
SP_R_Yoga_2,posenet,51,2.060514,ok,1,direct,1.000000,13,left_knee,1,1,2.000000,691.250000,533.040000,2.000000,729.216736,434.627991,105.481736,67.848286,0,0.087000,0.001684
SP_R_Yoga_2,posenet,51,2.060514,ok,1,direct,1.000000,14,right_knee,1,1,2.000000,574.310000,429.840000,2.000000,583.879761,425.980469,10.318735,67.848286,1,0.087000,0.940713
SP_R_Yoga_2,posenet,51,2.060514,ok,1,direct,1.000000,15,left_ankle,1,1,2.000000,674.810000,643.940000,2.000000,669.934509,624.874146,19.679360,67.848286,1,0.089000,0.808625
SP_R_Yoga_2,posenet,51,2.060514,ok,1,direct,1.000000,16,right_ankle,1,1,2.000000,649.400000,494.360000,2.000000,645.074280,498.043365,5.681464,67.848286,1,0.089000,0.982451
SP_R_Yoga_2,posenet,52,2.100916,ok,1,direct,1.000000,0,nose,1,1,2.000000,677.760000,223.690000,2.000000,676.750305,220.715942,3.140781,65.163046,1,0.026000,0.933577
SP_R_Yoga_2,posenet,52,2.100916,ok,1,direct,1.000000,1,left_eye,0,0,0.000000,0.000000,0.000000,2.000000,686.323303,212.079056,,,,0.025000,
SP_R_Yoga_2,posenet,52,2.100916,ok,1,direct,1.000000,2,right_eye,0,0,0.000000,0.000000,0.000000,2.000000,665.262695,213.038712,,,,0.025000,
SP_R_Yoga_2,posenet,52,2.100916,ok,1,direct,1.000000,3,left_ear,0,0,0.000000,0.000000,0.000000,2.000000,697.810913,225.514206,,,,0.035000,
SP_R_Yoga_2,posenet,52,2.100916,ok,1,direct,1.000000,4,right_ear,0,0,0.000000,0.000000,0.000000,2.000000,650.903198,225.514206,,,,0.035000,
SP_R_Yoga_2,posenet,52,2.100916,ok,1,direct,1.000000,5,left_shoulder,1,1,2.000000,723.320000,272.320000,2.000000,720.786194,281.174072,9.209493,65.163046,1,0.079000,0.937996
SP_R_Yoga_2,posenet,52,2.100916,ok,1,direct,1.000000,6,right_shoulder,1,1,2.000000,633.130000,278.610000,2.000000,637.500977,280.214417,4.656134,65.163046,1,0.079000,0.983772
SP_R_Yoga_2,posenet,52,2.100916,ok,1,direct,1.000000,7,left_elbow,1,1,2.000000,752.430000,217.090000,2.000000,740.889465,345.470825,128.898488,65.163046,0,0.072000,0.000000
SP_R_Yoga_2,posenet,52,2.100916,ok,1,direct,1.000000,8,right_elbow,1,1,2.000000,600.910000,223.900000,2.000000,625.056091,354.107697,132.427633,65.163046,0,0.072000,0.000000
SP_R_Yoga_2,posenet,52,2.100916,ok,1,direct,1.000000,9,left_wrist,1,1,2.000000,781.900000,143.330000,2.000000,734.188354,400.171051,261.235003,65.163046,0,0.062000,0.000000
SP_R_Yoga_2,posenet,52,2.100916,ok,1,direct,1.000000,10,right_wrist,1,1,2.000000,573.760000,133.920000,2.000000,645.159424,494.217041,367.303465,65.163046,0,0.062000,0.000000
SP_R_Yoga_2,posenet,52,2.100916,ok,1,direct,1.000000,11,left_hip,1,1,2.000000,702.990000,402.240000,2.000000,707.383972,410.727203,9.557176,65.163046,1,0.107000,0.963121
SP_R_Yoga_2,posenet,52,2.100916,ok,1,direct,1.000000,12,right_hip,1,1,2.000000,662.150000,392.870000,2.000000,654.732422,408.807922,17.579472,65.163046,1,0.107000,0.880613
SP_R_Yoga_2,posenet,52,2.100916,ok,1,direct,1.000000,13,left_knee,1,1,2.000000,691.340000,532.910000,2.000000,697.810913,506.692505,27.004255,65.163046,1,0.087000,0.635217
SP_R_Yoga_2,posenet,52,2.100916,ok,1,direct,1.000000,14,right_knee,1,1,2.000000,574.570000,432.000000,2.000000,582.934875,427.041321,9.724178,65.163046,1,0.087000,0.942855
SP_R_Yoga_2,posenet,52,2.100916,ok,1,direct,1.000000,15,left_ankle,1,1,2.000000,674.810000,643.940000,2.000000,669.091919,618.971924,25.614474,65.163046,1,0.089000,0.676964
SP_R_Yoga_2,posenet,52,2.100916,ok,1,direct,1.000000,16,right_ankle,1,1,2.000000,650.710000,494.520000,2.000000,648.988586,499.015289,4.813615,65.163046,1,0.089000,0.986316
SP_R_Yoga_2,posenet,53,2.141318,ok,1,direct,1.000000,0,nose,1,1,2.000000,678.160000,223.620000,2.000000,676.111633,220.532196,3.705447,63.876354,1,0.026000,0.905236
SP_R_Yoga_2,posenet,53,2.141318,ok,1,direct,1.000000,1,left_eye,0,0,0.000000,0.000000,0.000000,2.000000,686.673889,212.846832,,,,0.025000,
SP_R_Yoga_2,posenet,53,2.141318,ok,1,direct,1.000000,2,right_eye,0,0,0.000000,0.000000,0.000000,2.000000,666.509583,212.846832,,,,0.025000,
SP_R_Yoga_2,posenet,53,2.141318,ok,1,direct,1.000000,3,left_ear,0,0,0.000000,0.000000,0.000000,2.000000,699.156494,224.374863,,,,0.035000,
SP_R_Yoga_2,posenet,53,2.141318,ok,1,direct,1.000000,4,right_ear,0,0,0.000000,0.000000,0.000000,2.000000,650.186096,222.453522,,,,0.035000,
SP_R_Yoga_2,posenet,53,2.141318,ok,1,direct,1.000000,5,left_shoulder,1,1,2.000000,723.140000,272.150000,2.000000,722.201477,282.975708,10.866314,63.876354,1,0.079000,0.911432
SP_R_Yoga_2,posenet,53,2.141318,ok,1,direct,1.000000,6,right_shoulder,1,1,2.000000,633.370000,278.440000,2.000000,639.623840,282.015045,7.203573,63.876354,1,0.079000,0.960063
SP_R_Yoga_2,posenet,53,2.141318,ok,1,direct,1.000000,7,left_elbow,1,1,2.000000,748.860000,214.840000,2.000000,745.246399,350.222626,135.430844,63.876354,0,0.072000,0.000000
SP_R_Yoga_2,posenet,53,2.141318,ok,1,direct,1.000000,8,right_elbow,1,1,2.000000,603.970000,221.140000,2.000000,626.180969,367.514679,148.050241,63.876354,0,0.072000,0.000000
SP_R_Yoga_2,posenet,53,2.141318,ok,1,direct,1.000000,9,left_wrist,1,1,2.000000,773.730000,139.860000,2.000000,736.604553,406.902161,269.610486,63.876354,0,0.062000,0.000000
SP_R_Yoga_2,posenet,53,2.141318,ok,1,direct,1.000000,10,right_wrist,1,1,2.000000,584.380000,131.070000,2.000000,643.464661,490.480438,364.234623,63.876354,0,0.062000,0.000000
SP_R_Yoga_2,posenet,53,2.141318,ok,1,direct,1.000000,11,left_hip,1,1,2.000000,703.170000,402.140000,2.000000,708.758545,413.626831,12.774158,63.876354,1,0.107000,0.932522
SP_R_Yoga_2,posenet,53,2.141318,ok,1,direct,1.000000,12,right_hip,1,1,2.000000,662.200000,392.870000,2.000000,655.947266,408.823486,17.135064,63.876354,1,0.107000,0.881875
SP_R_Yoga_2,posenet,53,2.141318,ok,1,direct,1.000000,13,left_knee,1,1,2.000000,691.440000,532.770000,2.000000,745.246399,449.171600,99.417408,63.876354,0,0.087000,0.001660
SP_R_Yoga_2,posenet,53,2.141318,ok,1,direct,1.000000,14,right_knee,1,1,2.000000,574.840000,434.150000,2.000000,580.091125,429.958221,6.719027,63.876354,1,0.087000,0.971187
SP_R_Yoga_2,posenet,53,2.141318,ok,1,direct,1.000000,15,left_ankle,1,1,2.000000,674.810000,643.940000,2.000000,668.429932,627.856262,17.302945,63.876354,1,0.089000,0.830878
SP_R_Yoga_2,posenet,53,2.141318,ok,1,direct,1.000000,16,right_ankle,1,1,2.000000,652.020000,494.670000,2.000000,648.265686,496.244446,4.071087,63.876354,1,0.089000,0.989796
SP_R_Yoga_2,posenet,54,2.181721,ok,1,direct,1.000000,0,nose,1,1,2.000000,678.550000,223.560000,2.000000,677.599182,222.542038,1.392947,62.682034,1,0.026000,0.985496
SP_R_Yoga_2,posenet,54,2.181721,ok,1,direct,1.000000,1,left_eye,0,0,0.000000,0.000000,0.000000,2.000000,687.166748,213.895157,,,,0.025000,
SP_R_Yoga_2,posenet,54,2.181721,ok,1,direct,1.000000,2,right_eye,0,0,0.000000,0.000000,0.000000,2.000000,667.074768,213.895157,,,,0.025000,
SP_R_Yoga_2,posenet,54,2.181721,ok,1,direct,1.000000,3,left_ear,0,0,0.000000,0.000000,0.000000,2.000000,699.604736,225.424332,,,,0.035000,
SP_R_Yoga_2,posenet,54,2.181721,ok,1,direct,1.000000,4,right_ear,0,0,0.000000,0.000000,0.000000,2.000000,652.723267,224.463562,,,,0.035000,
SP_R_Yoga_2,posenet,54,2.181721,ok,1,direct,1.000000,5,left_shoulder,1,1,2.000000,722.950000,271.980000,2.000000,721.610352,281.148743,9.266094,62.682034,1,0.079000,0.932366
SP_R_Yoga_2,posenet,54,2.181721,ok,1,direct,1.000000,6,right_shoulder,1,1,2.000000,633.610000,278.270000,2.000000,636.458313,282.109497,4.780651,62.682034,1,0.079000,0.981532
SP_R_Yoga_2,posenet,54,2.181721,ok,1,direct,1.000000,7,left_elbow,1,1,2.000000,745.290000,212.590000,2.000000,740.745605,350.323853,137.808801,62.682034,0,0.072000,0.000000
SP_R_Yoga_2,posenet,54,2.181721,ok,1,direct,1.000000,8,right_elbow,1,1,2.000000,607.030000,218.390000,2.000000,624.020325,356.088470,138.742711,62.682034,0,0.072000,0.000000
SP_R_Yoga_2,posenet,54,2.181721,ok,1,direct,1.000000,9,left_wrist,1,1,2.000000,765.560000,136.380000,2.000000,733.091492,400.283661,265.893487,62.682034,0,0.062000,0.000000
SP_R_Yoga_2,posenet,54,2.181721,ok,1,direct,1.000000,10,right_wrist,1,1,2.000000,595.000000,128.210000,2.000000,640.285339,489.634857,364.250860,62.682034,0,0.062000,0.000000
SP_R_Yoga_2,posenet,54,2.181721,ok,1,direct,1.000000,11,left_hip,1,1,2.000000,703.350000,402.030000,2.000000,707.258850,412.773621,11.432607,62.682034,1,0.107000,0.943544
SP_R_Yoga_2,posenet,54,2.181721,ok,1,direct,1.000000,12,right_hip,1,1,2.000000,662.260000,392.870000,2.000000,654.636780,407.969818,16.915023,62.682034,1,0.107000,0.880549
SP_R_Yoga_2,posenet,54,2.181721,ok,1,direct,1.000000,13,left_knee,1,1,2.000000,691.530000,532.640000,2.000000,698.647949,512.693237,21.178729,62.682034,1,0.087000,0.739596
SP_R_Yoga_2,posenet,54,2.181721,ok,1,direct,1.000000,14,right_knee,1,1,2.000000,575.100000,436.300000,2.000000,581.922729,430.067413,9.240929,62.682034,1,0.087000,0.944188
SP_R_Yoga_2,posenet,54,2.181721,ok,1,direct,1.000000,15,left_ankle,1,1,2.000000,674.810000,643.940000,2.000000,668.031494,623.181274,21.837418,62.682034,1,0.089000,0.736052
SP_R_Yoga_2,posenet,54,2.181721,ok,1,direct,1.000000,16,right_ankle,1,1,2.000000,653.330000,494.830000,2.000000,644.112366,491.556366,9.781690,62.682034,1,0.089000,0.940364
SP_R_Yoga_2,posenet,55,2.222123,ok,1,direct,1.000000,0,nose,1,1,2.000000,678.950000,223.490000,2.000000,677.222839,221.773117,2.435317,61.448820,1,0.026000,0.954594
SP_R_Yoga_2,posenet,55,2.222123,ok,1,direct,1.000000,1,left_eye,0,0,0.000000,0.000000,0.000000,2.000000,687.747192,214.096390,,,,0.025000,
SP_R_Yoga_2,posenet,55,2.222123,ok,1,direct,1.000000,2,right_eye,0,0,0.000000,0.000000,0.000000,2.000000,667.655212,214.096390,,,,0.025000,
SP_R_Yoga_2,posenet,55,2.222123,ok,1,direct,1.000000,3,left_ear,0,0,0.000000,0.000000,0.000000,2.000000,699.228394,222.732712,,,,0.035000,
SP_R_Yoga_2,posenet,55,2.222123,ok,1,direct,1.000000,4,right_ear,0,0,0.000000,0.000000,0.000000,2.000000,651.390198,222.732712,,,,0.035000,
SP_R_Yoga_2,posenet,55,2.222123,ok,1,direct,1.000000,5,left_shoulder,1,1,2.000000,722.770000,271.810000,2.000000,721.233948,278.389008,6.755945,61.448820,1,0.079000,0.962004
SP_R_Yoga_2,posenet,55,2.222123,ok,1,direct,1.000000,6,right_shoulder,1,1,2.000000,633.850000,278.100000,2.000000,640.865845,277.429413,7.047820,61.448820,1,0.079000,0.958720
SP_R_Yoga_2,posenet,55,2.222123,ok,1,direct,1.000000,7,left_elbow,1,1,2.000000,741.710000,210.350000,2.000000,737.498962,345.560425,135.275984,61.448820,0,0.072000,0.000000
SP_R_Yoga_2,posenet,55,2.222123,ok,1,direct,1.000000,8,right_elbow,1,1,2.000000,610.100000,215.630000,2.000000,625.557617,350.358368,135.612208,61.448820,0,0.072000,0.000000
SP_R_Yoga_2,posenet,55,2.222123,ok,1,direct,1.000000,9,left_wrist,1,1,2.000000,757.390000,132.910000,2.000000,730.801575,394.499573,262.937348,61.448820,0,0.062000,0.000000
SP_R_Yoga_2,posenet,55,2.222123,ok,1,direct,1.000000,10,right_wrist,1,1,2.000000,605.620000,125.350000,2.000000,640.865845,493.337463,369.671534,61.448820,0,0.062000,0.000000
SP_R_Yoga_2,posenet,55,2.222123,ok,1,direct,1.000000,11,left_hip,1,1,2.000000,703.530000,401.920000,2.000000,708.796021,410.812622,10.334878,61.448820,1,0.107000,0.951787
SP_R_Yoga_2,posenet,55,2.222123,ok,1,direct,1.000000,12,right_hip,1,1,2.000000,662.310000,392.870000,2.000000,654.260498,408.893402,17.931645,61.448820,1,0.107000,0.861779
SP_R_Yoga_2,posenet,55,2.222123,ok,1,direct,1.000000,13,left_knee,1,1,2.000000,691.630000,532.510000,2.000000,696.358093,517.327271,15.901891,61.448820,1,0.087000,0.837818
SP_R_Yoga_2,posenet,55,2.222123,ok,1,direct,1.000000,14,right_knee,1,1,2.000000,575.360000,438.450000,2.000000,580.589722,433.842804,6.969666,61.448820,1,0.087000,0.966578
SP_R_Yoga_2,posenet,55,2.222123,ok,1,direct,1.000000,15,left_ankle,1,1,2.000000,674.810000,643.940000,2.000000,667.655212,635.356995,11.174031,61.448820,1,0.089000,0.919899
SP_R_Yoga_2,posenet,55,2.222123,ok,1,direct,1.000000,16,right_ankle,1,1,2.000000,654.650000,494.990000,2.000000,647.563171,498.135437,7.753510,61.448820,1,0.089000,0.960598
SP_R_Yoga_2,posenet,56,2.262525,ok,1,direct,1.000000,0,nose,1,1,2.000000,679.540000,223.400000,2.000000,678.157166,220.892853,2.863218,60.489997,1,0.026000,0.935863
SP_R_Yoga_2,posenet,56,2.262525,ok,1,direct,1.000000,1,left_eye,0,0,0.000000,0.000000,0.000000,2.000000,688.683167,213.207077,,,,0.025000,
SP_R_Yoga_2,posenet,56,2.262525,ok,1,direct,1.000000,2,right_eye,0,0,0.000000,0.000000,0.000000,2.000000,666.674194,212.246353,,,,0.025000,
SP_R_Yoga_2,posenet,56,2.262525,ok,1,direct,1.000000,3,left_ear,0,0,0.000000,0.000000,0.000000,2.000000,700.166138,222.814285,,,,0.035000,
SP_R_Yoga_2,posenet,56,2.262525,ok,1,direct,1.000000,4,right_ear,0,0,0.000000,0.000000,0.000000,2.000000,651.363647,221.853561,,,,0.035000,
SP_R_Yoga_2,posenet,56,2.262525,ok,1,direct,1.000000,5,left_shoulder,1,1,2.000000,722.580000,271.640000,2.000000,721.218201,279.496765,7.973911,60.489997,1,0.079000,0.945835
SP_R_Yoga_2,posenet,56,2.262525,ok,1,direct,1.000000,6,right_shoulder,1,1,2.000000,634.080000,277.930000,2.000000,637.966858,279.496765,4.190754,60.489997,1,0.079000,0.984736
SP_R_Yoga_2,posenet,56,2.262525,ok,1,direct,1.000000,7,left_elbow,1,1,2.000000,741.150000,208.550000,2.000000,740.356384,353.472229,144.924402,60.489997,0,0.072000,0.000000
SP_R_Yoga_2,posenet,56,2.262525,ok,1,direct,1.000000,8,right_elbow,1,1,2.000000,613.410000,212.610000,2.000000,621.699402,355.393677,143.024098,60.489997,0,0.072000,0.000000
SP_R_Yoga_2,posenet,56,2.262525,ok,1,direct,1.000000,9,left_wrist,1,1,2.000000,751.820000,131.780000,2.000000,731.744202,404.390381,273.348601,60.489997,0,0.062000,0.000000
SP_R_Yoga_2,posenet,56,2.262525,ok,1,direct,1.000000,10,right_wrist,1,1,2.000000,612.420000,124.780000,2.000000,643.708374,492.776642,369.324371,60.489997,0,0.062000,0.000000
SP_R_Yoga_2,posenet,56,2.262525,ok,1,direct,1.000000,11,left_hip,1,1,2.000000,703.710000,401.810000,2.000000,708.778381,413.036835,12.317886,60.489997,1,0.107000,0.930123
SP_R_Yoga_2,posenet,56,2.262525,ok,1,direct,1.000000,12,right_hip,1,1,2.000000,662.370000,392.870000,2.000000,653.277527,405.351105,15.441860,60.489997,1,0.107000,0.892401
SP_R_Yoga_2,posenet,56,2.262525,ok,1,direct,1.000000,13,left_knee,1,1,2.000000,691.730000,532.380000,2.000000,697.295410,513.912476,19.287904,60.489997,1,0.087000,0.764407
SP_R_Yoga_2,posenet,56,2.262525,ok,1,direct,1.000000,14,right_knee,1,1,2.000000,575.620000,440.610000,2.000000,579.595337,434.172699,7.565854,60.489997,1,0.087000,0.959506
SP_R_Yoga_2,posenet,56,2.262525,ok,1,direct,1.000000,15,left_ankle,1,1,2.000000,674.810000,643.940000,2.000000,669.544983,628.238159,16.561045,60.489997,1,0.089000,0.827571
SP_R_Yoga_2,posenet,56,2.262525,ok,1,direct,1.000000,16,right_ankle,1,1,2.000000,655.960000,495.150000,2.000000,650.406738,495.658783,5.576520,60.489997,1,0.089000,0.978770
SP_R_Yoga_2,posenet,57,2.302927,ok,1,direct,1.000000,0,nose,1,1,2.000000,680.130000,223.310000,2.000000,678.745789,220.289352,3.322703,59.510001,1,0.026000,0.911893
SP_R_Yoga_2,posenet,57,2.302927,ok,1,direct,1.000000,1,left_eye,0,0,0.000000,0.000000,0.000000,2.000000,687.366150,212.613663,,,,0.025000,
SP_R_Yoga_2,posenet,57,2.302927,ok,1,direct,1.000000,2,right_eye,0,0,0.000000,0.000000,0.000000,2.000000,667.252014,212.613663,,,,0.025000,
SP_R_Yoga_2,posenet,57,2.302927,ok,1,direct,1.000000,3,left_ear,0,0,0.000000,0.000000,0.000000,2.000000,698.859924,223.167740,,,,0.035000,
SP_R_Yoga_2,posenet,57,2.302927,ok,1,direct,1.000000,4,right_ear,0,0,0.000000,0.000000,0.000000,2.000000,650.969238,221.248810,,,,0.035000,
SP_R_Yoga_2,posenet,57,2.302927,ok,1,direct,1.000000,5,left_shoulder,1,1,2.000000,722.400000,271.460000,2.000000,721.847412,277.856995,6.420817,59.510001,1,0.079000,0.963381
SP_R_Yoga_2,posenet,57,2.302927,ok,1,direct,1.000000,6,right_shoulder,1,1,2.000000,634.320000,277.760000,2.000000,638.517700,276.897552,4.285382,59.510001,1,0.079000,0.983519
SP_R_Yoga_2,posenet,57,2.302927,ok,1,direct,1.000000,7,left_elbow,1,1,2.000000,740.580000,206.750000,2.000000,740.045837,345.978729,139.229754,59.510001,0,0.072000,0.000000
SP_R_Yoga_2,posenet,57,2.302927,ok,1,direct,1.000000,8,right_elbow,1,1,2.000000,616.710000,209.580000,2.000000,624.150452,353.654388,144.266385,59.510001,0,0.072000,0.000000
SP_R_Yoga_2,posenet,57,2.302927,ok,1,direct,1.000000,9,left_wrist,1,1,2.000000,746.240000,130.640000,2.000000,706.522400,285.532684,159.903819,59.510001,0,0.062000,0.000000
SP_R_Yoga_2,posenet,57,2.302927,ok,1,direct,1.000000,10,right_wrist,1,1,2.000000,619.230000,124.210000,2.000000,647.138000,492.776215,369.621308,59.510001,0,0.062000,0.000000
SP_R_Yoga_2,posenet,57,2.302927,ok,1,direct,1.000000,11,left_hip,1,1,2.000000,703.890000,401.700000,2.000000,708.438049,411.222046,10.552446,59.510001,1,0.107000,0.946554
SP_R_Yoga_2,posenet,57,2.302927,ok,1,direct,1.000000,12,right_hip,1,1,2.000000,662.420000,392.870000,2.000000,655.758301,405.465271,14.248477,59.510001,1,0.107000,0.904708
SP_R_Yoga_2,posenet,57,2.302927,ok,1,direct,1.000000,13,left_knee,1,1,2.000000,691.820000,532.250000,2.000000,695.028625,510.046478,22.434163,59.510001,1,0.087000,0.686933
SP_R_Yoga_2,posenet,57,2.302927,ok,1,direct,1.000000,14,right_knee,1,1,2.000000,575.890000,442.760000,2.000000,580.091064,436.168030,7.816842,59.510001,1,0.087000,0.955433
SP_R_Yoga_2,posenet,57,2.302927,ok,1,direct,1.000000,15,left_ankle,1,1,2.000000,674.810000,643.940000,2.000000,672.041077,623.262878,20.861694,59.510001,1,0.089000,0.733234
SP_R_Yoga_2,posenet,57,2.302927,ok,1,direct,1.000000,16,right_ankle,1,1,2.000000,657.270000,495.300000,2.000000,651.927063,493.735687,5.567230,59.510001,1,0.089000,0.978145
SP_R_Yoga_2,posenet,58,2.343330,ok,1,direct,1.000000,0,nose,1,1,2.000000,680.720000,223.220000,2.000000,677.438110,220.728241,4.120639,58.512531,1,0.026000,0.863528
SP_R_Yoga_2,posenet,58,2.343330,ok,1,direct,1.000000,1,left_eye,0,0,0.000000,0.000000,0.000000,2.000000,687.994202,212.082932,,,,0.025000,
SP_R_Yoga_2,posenet,58,2.343330,ok,1,direct,1.000000,2,right_eye,0,0,0.000000,0.000000,0.000000,2.000000,666.882019,212.082932,,,,0.025000,
SP_R_Yoga_2,posenet,58,2.343330,ok,1,direct,1.000000,3,left_ear,0,0,0.000000,0.000000,0.000000,2.000000,700.469543,224.570602,,,,0.035000,
SP_R_Yoga_2,posenet,58,2.343330,ok,1,direct,1.000000,4,right_ear,0,0,0.000000,0.000000,0.000000,2.000000,650.568054,224.570602,,,,0.035000,
SP_R_Yoga_2,posenet,58,2.343330,ok,1,direct,1.000000,5,left_shoulder,1,1,2.000000,722.220000,271.290000,2.000000,720.622009,276.442444,5.394558,58.512531,1,0.079000,0.973129
SP_R_Yoga_2,posenet,58,2.343330,ok,1,direct,1.000000,6,right_shoulder,1,1,2.000000,634.560000,277.590000,2.000000,643.850586,276.442444,9.361190,58.512531,1,0.079000,0.921250
SP_R_Yoga_2,posenet,58,2.343330,ok,1,direct,1.000000,7,left_elbow,1,1,2.000000,740.010000,204.960000,2.000000,739.814941,341.762573,136.802712,58.512531,0,0.072000,0.000000
SP_R_Yoga_2,posenet,58,2.343330,ok,1,direct,1.000000,8,right_elbow,1,1,2.000000,620.020000,206.560000,2.000000,628.496277,350.407898,144.097415,58.512531,0,0.072000,0.000000
SP_R_Yoga_2,posenet,58,2.343330,ok,1,direct,1.000000,9,left_wrist,1,1,2.000000,740.660000,129.510000,2.000000,707.187012,285.087769,159.137937,58.512531,0,0.062000,0.000000
SP_R_Yoga_2,posenet,58,2.343330,ok,1,direct,1.000000,10,right_wrist,1,1,2.000000,626.030000,123.650000,2.000000,620.819092,424.373322,300.768465,58.512531,0,0.062000,0.000000
SP_R_Yoga_2,posenet,58,2.343330,ok,1,direct,1.000000,11,left_hip,1,1,2.000000,704.070000,401.600000,2.000000,710.065918,413.806824,13.599911,58.512531,1,0.107000,0.909945
SP_R_Yoga_2,posenet,58,2.343330,ok,1,direct,1.000000,12,right_hip,1,1,2.000000,662.480000,392.870000,2.000000,656.325989,408.043274,16.373762,58.512531,1,0.107000,0.872151
SP_R_Yoga_2,posenet,58,2.343330,ok,1,direct,1.000000,13,left_knee,1,1,2.000000,691.920000,532.110000,2.000000,693.752014,513.708130,18.492839,58.512531,1,0.087000,0.768022
SP_R_Yoga_2,posenet,58,2.343330,ok,1,direct,1.000000,14,right_knee,1,1,2.000000,576.150000,444.910000,2.000000,581.473755,436.860962,9.650356,58.512531,1,0.087000,0.930647
SP_R_Yoga_2,posenet,58,2.343330,ok,1,direct,1.000000,15,left_ankle,1,1,2.000000,674.810000,643.940000,2.000000,670.720581,623.215393,21.124220,58.512531,1,0.089000,0.719579
SP_R_Yoga_2,posenet,58,2.343330,ok,1,direct,1.000000,16,right_ankle,1,1,2.000000,658.580000,495.460000,2.000000,653.447021,492.575195,5.888087,58.512531,1,0.089000,0.974756
SP_R_Yoga_2,posenet,59,2.383732,ok,1,direct,1.000000,0,nose,1,1,2.000000,681.320000,223.130000,2.000000,678.100342,223.979233,3.329774,58.280633,1,0.026000,0.907942
SP_R_Yoga_2,posenet,59,2.383732,ok,1,direct,1.000000,1,left_eye,0,0,0.000000,0.000000,0.000000,2.000000,689.616272,215.335785,,,,0.025000,
SP_R_Yoga_2,posenet,59,2.383732,ok,1,direct,1.000000,2,right_eye,0,0,0.000000,0.000000,0.000000,2.000000,666.584351,215.335785,,,,0.025000,
SP_R_Yoga_2,posenet,59,2.383732,ok,1,direct,1.000000,3,left_ear,0,0,0.000000,0.000000,0.000000,2.000000,703.051636,223.979233,,,,0.035000,
SP_R_Yoga_2,posenet,59,2.383732,ok,1,direct,1.000000,4,right_ear,0,0,0.000000,0.000000,0.000000,2.000000,648.350708,223.018860,,,,0.035000,
SP_R_Yoga_2,posenet,59,2.383732,ok,1,direct,1.000000,5,left_shoulder,1,1,2.000000,722.030000,271.120000,2.000000,720.325562,275.839905,5.018228,58.280633,1,0.079000,0.976521
SP_R_Yoga_2,posenet,59,2.383732,ok,1,direct,1.000000,6,right_shoulder,1,1,2.000000,634.790000,277.420000,2.000000,639.713684,275.839905,5.171012,58.280633,1,0.079000,0.975088
SP_R_Yoga_2,posenet,59,2.383732,ok,1,direct,1.000000,7,left_elbow,1,1,2.000000,739.440000,203.160000,2.000000,746.236511,342.106354,139.112479,58.280633,0,0.072000,0.000000
SP_R_Yoga_2,posenet,59,2.383732,ok,1,direct,1.000000,8,right_elbow,1,1,2.000000,623.330000,203.530000,2.000000,630.117126,360.353577,156.970377,58.280633,0,0.072000,0.000000
SP_R_Yoga_2,posenet,59,2.383732,ok,1,direct,1.000000,9,left_wrist,1,1,2.000000,735.090000,128.380000,2.000000,705.930603,284.483368,158.803438,58.280633,0,0.062000,0.000000
SP_R_Yoga_2,posenet,59,2.383732,ok,1,direct,1.000000,10,right_wrist,1,1,2.000000,632.840000,123.080000,2.000000,636.834717,200.930038,77.952461,58.280633,0,0.062000,0.000091
SP_R_Yoga_2,posenet,59,2.383732,ok,1,direct,1.000000,11,left_hip,1,1,2.000000,704.250000,401.490000,2.000000,708.809631,412.214264,11.653329,58.280633,1,0.107000,0.932542
SP_R_Yoga_2,posenet,59,2.383732,ok,1,direct,1.000000,12,right_hip,1,1,2.000000,662.530000,392.870000,2.000000,655.068359,409.333099,18.075113,58.280633,1,0.107000,0.845332
SP_R_Yoga_2,posenet,59,2.383732,ok,1,direct,1.000000,13,left_knee,1,1,2.000000,692.020000,531.980000,2.000000,696.333923,515.935608,16.614224,58.280633,1,0.087000,0.806755
SP_R_Yoga_2,posenet,59,2.383732,ok,1,direct,1.000000,14,right_knee,1,1,2.000000,576.410000,447.060000,2.000000,583.093506,443.906921,7.389936,58.280633,1,0.087000,0.958406
SP_R_Yoga_2,posenet,59,2.383732,ok,1,direct,1.000000,15,left_ankle,1,1,2.000000,674.810000,643.940000,2.000000,672.342346,618.696533,25.363792,58.280633,1,0.089000,0.619884
SP_R_Yoga_2,posenet,59,2.383732,ok,1,direct,1.000000,16,right_ankle,1,1,2.000000,659.900000,495.620000,2.000000,665.624634,499.609100,6.977417,58.280633,1,0.089000,0.964457
SP_R_Yoga_2,posenet,60,2.424134,ok,1,direct,1.000000,0,nose,1,1,2.000000,681.910000,223.030000,2.000000,680.935181,220.645203,2.576341,58.163888,1,0.026000,0.943605
SP_R_Yoga_2,posenet,60,2.424134,ok,1,direct,1.000000,1,left_eye,0,0,0.000000,0.000000,0.000000,2.000000,689.554810,212.962265,,,,0.025000,
SP_R_Yoga_2,posenet,60,2.424134,ok,1,direct,1.000000,2,right_eye,0,0,0.000000,0.000000,0.000000,2.000000,668.484619,212.962265,,,,0.025000,
SP_R_Yoga_2,posenet,60,2.424134,ok,1,direct,1.000000,3,left_ear,0,0,0.000000,0.000000,0.000000,2.000000,701.047607,221.605560,,,,0.035000,
SP_R_Yoga_2,posenet,60,2.424134,ok,1,direct,1.000000,4,right_ear,0,0,0.000000,0.000000,0.000000,2.000000,650.287659,221.605560,,,,0.035000,
SP_R_Yoga_2,posenet,60,2.424134,ok,1,direct,1.000000,5,left_shoulder,1,1,2.000000,721.850000,270.950000,2.000000,729.779724,280.187927,12.174556,58.163888,1,0.079000,0.869008
SP_R_Yoga_2,posenet,60,2.424134,ok,1,direct,1.000000,6,right_shoulder,1,1,2.000000,635.030000,277.250000,2.000000,636.879333,281.148285,4.314703,58.163888,1,0.079000,0.982520
SP_R_Yoga_2,posenet,60,2.424134,ok,1,direct,1.000000,7,left_elbow,1,1,2.000000,738.880000,201.370000,2.000000,740.314819,349.334320,147.971277,58.163888,0,0.072000,0.000000
SP_R_Yoga_2,posenet,60,2.424134,ok,1,direct,1.000000,8,right_elbow,1,1,2.000000,626.640000,200.510000,2.000000,630.175171,370.462402,169.989166,58.163888,0,0.072000,0.000000
SP_R_Yoga_2,posenet,60,2.424134,ok,1,direct,1.000000,9,left_wrist,1,1,2.000000,729.510000,127.240000,2.000000,709.667297,288.831207,162.804948,58.163888,0,0.062000,0.000000
SP_R_Yoga_2,posenet,60,2.424134,ok,1,direct,1.000000,10,right_wrist,1,1,2.000000,639.640000,122.510000,2.000000,669.442322,404.075226,283.138049,58.163888,0,0.062000,0.000000
SP_R_Yoga_2,posenet,60,2.424134,ok,1,direct,1.000000,11,left_hip,1,1,2.000000,704.430000,401.380000,2.000000,711.582703,412.718475,13.406050,58.163888,1,0.107000,0.911374
SP_R_Yoga_2,posenet,60,2.424134,ok,1,direct,1.000000,12,right_hip,1,1,2.000000,662.590000,392.870000,2.000000,655.076294,409.837402,18.556630,58.163888,1,0.107000,0.837102
SP_R_Yoga_2,posenet,60,2.424134,ok,1,direct,1.000000,13,left_knee,1,1,2.000000,692.110000,531.850000,2.000000,700.089905,499.151459,33.658186,58.163888,1,0.087000,0.412779
SP_R_Yoga_2,posenet,60,2.424134,ok,1,direct,1.000000,14,right_knee,1,1,2.000000,576.680000,449.220000,2.000000,582.288452,439.608734,11.127945,58.163888,1,0.087000,0.907810
SP_R_Yoga_2,posenet,60,2.424134,ok,1,direct,1.000000,15,left_ankle,1,1,2.000000,674.810000,643.940000,2.000000,674.231079,622.078430,21.869234,58.163888,1,0.089000,0.699806
SP_R_Yoga_2,posenet,60,2.424134,ok,1,direct,1.000000,16,right_ankle,1,1,2.000000,661.210000,495.780000,2.000000,686.681580,472.261200,34.668939,58.163888,1,0.089000,0.407764
SP_R_Yoga_2,posenet,61,2.464536,ok,1,direct,1.000000,0,nose,1,1,2.000000,681.550000,223.020000,2.000000,679.635132,219.971893,3.599677,57.875406,1,0.026000,0.891855
SP_R_Yoga_2,posenet,61,2.464536,ok,1,direct,1.000000,1,left_eye,0,0,0.000000,0.000000,0.000000,2.000000,689.214172,212.287186,,,,0.025000,
SP_R_Yoga_2,posenet,61,2.464536,ok,1,direct,1.000000,2,right_eye,0,0,0.000000,0.000000,0.000000,2.000000,668.140259,212.287186,,,,0.025000,
SP_R_Yoga_2,posenet,61,2.464536,ok,1,direct,1.000000,3,left_ear,0,0,0.000000,0.000000,0.000000,2.000000,700.709045,221.893066,,,,0.035000,
SP_R_Yoga_2,posenet,61,2.464536,ok,1,direct,1.000000,4,right_ear,0,0,0.000000,0.000000,0.000000,2.000000,648.982117,220.932480,,,,0.035000,
SP_R_Yoga_2,posenet,61,2.464536,ok,1,direct,1.000000,5,left_shoulder,1,1,2.000000,721.660000,270.780000,2.000000,728.488403,280.488953,11.869745,57.875406,1,0.079000,0.873896
SP_R_Yoga_2,posenet,61,2.464536,ok,1,direct,1.000000,6,right_shoulder,1,1,2.000000,635.030000,277.250000,2.000000,638.445129,279.528320,4.105344,57.875406,1,0.079000,0.984005
SP_R_Yoga_2,posenet,61,2.464536,ok,1,direct,1.000000,7,left_elbow,1,1,2.000000,737.350000,200.000000,2.000000,739.025330,347.730103,147.739602,57.875406,0,0.072000,0.000000
SP_R_Yoga_2,posenet,61,2.464536,ok,1,direct,1.000000,8,right_elbow,1,1,2.000000,627.630000,200.360000,2.000000,629.823975,364.060089,163.714791,57.875406,0,0.072000,0.000000
SP_R_Yoga_2,posenet,61,2.464536,ok,1,direct,1.000000,9,left_wrist,1,1,2.000000,725.010000,127.700000,2.000000,727.530457,396.720093,269.031900,57.875406,0,0.062000,0.000000
SP_R_Yoga_2,posenet,61,2.464536,ok,1,direct,1.000000,10,right_wrist,1,1,2.000000,643.300000,123.660000,2.000000,669.098145,403.444183,280.971055,57.875406,0,0.062000,0.000000
SP_R_Yoga_2,posenet,61,2.464536,ok,1,direct,1.000000,11,left_hip,1,1,2.000000,704.610000,401.270000,2.000000,711.246033,410.168304,11.100304,57.875406,1,0.107000,0.937761
SP_R_Yoga_2,posenet,61,2.464536,ok,1,direct,1.000000,12,right_hip,1,1,2.000000,662.640000,392.870000,2.000000,653.771606,408.247131,17.751185,57.875406,1,0.107000,0.848458
SP_R_Yoga_2,posenet,61,2.464536,ok,1,direct,1.000000,13,left_knee,1,1,2.000000,692.210000,531.720000,2.000000,694.961609,504.305969,27.551777,57.875406,1,0.087000,0.549455
SP_R_Yoga_2,posenet,61,2.464536,ok,1,direct,1.000000,14,right_knee,1,1,2.000000,576.400000,449.220000,2.000000,582.886597,444.749481,7.877911,57.875406,1,0.087000,0.952221
SP_R_Yoga_2,posenet,61,2.464536,ok,1,direct,1.000000,15,left_ankle,1,1,2.000000,674.810000,643.940000,2.000000,672.929810,624.379456,19.650700,57.875406,1,0.089000,0.747453
SP_R_Yoga_2,posenet,61,2.464536,ok,1,direct,1.000000,16,right_ankle,1,1,2.000000,661.210000,496.720000,2.000000,668.140259,499.502960,7.468156,57.875406,1,0.089000,0.958829
SP_R_Yoga_2,posenet,62,2.504939,ok,1,direct,1.000000,0,nose,1,1,2.000000,681.180000,223.000000,2.000000,681.237427,219.579193,3.421289,57.587033,1,0.026000,0.900840
SP_R_Yoga_2,posenet,62,2.504939,ok,1,direct,1.000000,1,left_eye,0,0,0.000000,0.000000,0.000000,2.000000,690.828918,210.943085,,,,0.025000,
SP_R_Yoga_2,posenet,62,2.504939,ok,1,direct,1.000000,2,right_eye,0,0,0.000000,0.000000,0.000000,2.000000,667.809326,210.943085,,,,0.025000,
SP_R_Yoga_2,posenet,62,2.504939,ok,1,direct,1.000000,3,left_ear,0,0,0.000000,0.000000,0.000000,2.000000,704.256958,219.579193,,,,0.035000,
SP_R_Yoga_2,posenet,62,2.504939,ok,1,direct,1.000000,4,right_ear,0,0,0.000000,0.000000,0.000000,2.000000,648.626343,220.538757,,,,0.035000,
SP_R_Yoga_2,posenet,62,2.504939,ok,1,direct,1.000000,5,left_shoulder,1,1,2.000000,721.480000,270.610000,2.000000,728.235779,280.031952,11.593693,57.587033,1,0.079000,0.878194
SP_R_Yoga_2,posenet,62,2.504939,ok,1,direct,1.000000,6,right_shoulder,1,1,2.000000,635.030000,277.250000,2.000000,634.239075,280.031952,2.892200,57.587033,1,0.079000,0.991949
SP_R_Yoga_2,posenet,62,2.504939,ok,1,direct,1.000000,7,left_elbow,1,1,2.000000,735.830000,198.620000,2.000000,739.745544,348.161224,149.592477,57.587033,0,0.072000,0.000000
SP_R_Yoga_2,posenet,62,2.504939,ok,1,direct,1.000000,8,right_elbow,1,1,2.000000,628.620000,200.210000,2.000000,621.770142,350.080322,150.026778,57.587033,0,0.072000,0.000000
SP_R_Yoga_2,posenet,62,2.504939,ok,1,direct,1.000000,9,left_wrist,1,1,2.000000,720.510000,128.160000,2.000000,732.072327,393.260864,265.352889,57.587033,0,0.062000,0.000000
SP_R_Yoga_2,posenet,62,2.504939,ok,1,direct,1.000000,10,right_wrist,1,1,2.000000,646.960000,124.800000,2.000000,606.423706,386.543915,264.864245,57.587033,0,0.062000,0.000000
SP_R_Yoga_2,posenet,62,2.504939,ok,1,direct,1.000000,11,left_hip,1,1,2.000000,704.790000,401.160000,2.000000,710.971008,413.411804,13.722666,57.587033,1,0.107000,0.905566
SP_R_Yoga_2,posenet,62,2.504939,ok,1,direct,1.000000,12,right_hip,1,1,2.000000,662.700000,392.870000,2.000000,651.503784,410.533051,20.912642,57.587033,1,0.107000,0.794238
SP_R_Yoga_2,posenet,62,2.504939,ok,1,direct,1.000000,13,left_knee,1,1,2.000000,692.300000,531.580000,2.000000,700.420410,507.449371,25.460328,57.587033,1,0.087000,0.596605
SP_R_Yoga_2,posenet,62,2.504939,ok,1,direct,1.000000,14,right_knee,1,1,2.000000,576.130000,449.220000,2.000000,583.404175,448.915741,7.280535,57.587033,1,0.087000,0.958645
SP_R_Yoga_2,posenet,62,2.504939,ok,1,direct,1.000000,15,left_ankle,1,1,2.000000,674.810000,643.940000,2.000000,674.523315,622.597473,21.344452,57.587033,1,0.089000,0.706895
SP_R_Yoga_2,posenet,62,2.504939,ok,1,direct,1.000000,16,right_ankle,1,1,2.000000,661.210000,497.670000,2.000000,675.482544,505.530212,16.293816,57.587033,1,0.089000,0.816983
SP_R_Yoga_2,posenet,63,2.545341,ok,1,direct,1.000000,0,nose,1,1,2.000000,680.820000,222.990000,2.000000,681.312622,220.460495,2.577028,57.296394,1,0.026000,0.941905
SP_R_Yoga_2,posenet,63,2.545341,ok,1,direct,1.000000,1,left_eye,0,0,0.000000,0.000000,0.000000,2.000000,688.970032,211.813980,,,,0.025000,
SP_R_Yoga_2,posenet,63,2.545341,ok,1,direct,1.000000,2,right_eye,0,0,0.000000,0.000000,0.000000,2.000000,668.869263,212.774704,,,,0.025000,
SP_R_Yoga_2,posenet,63,2.545341,ok,1,direct,1.000000,3,left_ear,0,0,0.000000,0.000000,0.000000,2.000000,703.327820,220.460495,,,,0.035000,
SP_R_Yoga_2,posenet,63,2.545341,ok,1,direct,1.000000,4,right_ear,0,0,0.000000,0.000000,0.000000,2.000000,649.725586,221.421219,,,,0.035000,
SP_R_Yoga_2,posenet,63,2.545341,ok,1,direct,1.000000,5,left_shoulder,1,1,2.000000,721.290000,270.440000,2.000000,724.385742,279.064575,9.163346,57.296394,1,0.079000,0.921304
SP_R_Yoga_2,posenet,63,2.545341,ok,1,direct,1.000000,6,right_shoulder,1,1,2.000000,635.030000,277.250000,2.000000,639.196655,280.025330,5.006343,57.296394,1,0.079000,0.975831
SP_R_Yoga_2,posenet,63,2.545341,ok,1,direct,1.000000,7,left_elbow,1,1,2.000000,734.300000,197.250000,2.000000,744.486511,348.236694,151.329927,57.296394,0,0.072000,0.000000
SP_R_Yoga_2,posenet,63,2.545341,ok,1,direct,1.000000,8,right_elbow,1,1,2.000000,629.610000,200.050000,2.000000,625.796143,349.197388,149.196142,57.296394,0,0.072000,0.000000
SP_R_Yoga_2,posenet,63,2.545341,ok,1,direct,1.000000,9,left_wrist,1,1,2.000000,716.010000,128.620000,2.000000,733.000427,392.429932,264.356492,57.296394,0,0.062000,0.000000
SP_R_Yoga_2,posenet,63,2.545341,ok,1,direct,1.000000,10,right_wrist,1,1,2.000000,650.620000,125.940000,2.000000,610.481262,386.665588,263.797177,57.296394,0,0.062000,0.000000
SP_R_Yoga_2,posenet,63,2.545341,ok,1,direct,1.000000,11,left_hip,1,1,2.000000,704.970000,401.060000,2.000000,710.985229,416.448029,16.521937,57.296394,1,0.107000,0.864802
SP_R_Yoga_2,posenet,63,2.545341,ok,1,direct,1.000000,12,right_hip,1,1,2.000000,662.750000,392.870000,2.000000,655.468689,410.683685,19.244347,57.296394,1,0.107000,0.821136
SP_R_Yoga_2,posenet,63,2.545341,ok,1,direct,1.000000,13,left_knee,1,1,2.000000,692.400000,531.450000,2.000000,700.456238,512.520325,20.572690,57.296394,1,0.087000,0.711302
SP_R_Yoga_2,posenet,63,2.545341,ok,1,direct,1.000000,14,right_knee,1,1,2.000000,575.860000,449.220000,2.000000,583.680115,449.112579,7.820853,57.296394,1,0.087000,0.951961
SP_R_Yoga_2,posenet,63,2.545341,ok,1,direct,1.000000,15,left_ankle,1,1,2.000000,674.810000,643.940000,2.000000,673.655151,623.964233,20.009121,57.296394,1,0.089000,0.734967
SP_R_Yoga_2,posenet,63,2.545341,ok,1,direct,1.000000,16,right_ankle,1,1,2.000000,661.210000,498.610000,2.000000,656.425903,506.755981,9.446936,57.296394,1,0.089000,0.933663
SP_R_Yoga_2,posenet,64,2.585743,ok,1,direct,1.000000,0,nose,1,1,2.000000,680.450000,222.970000,2.000000,680.841614,219.755859,3.237910,57.006544,1,0.026000,0.908966
SP_R_Yoga_2,posenet,64,2.585743,ok,1,direct,1.000000,1,left_eye,0,0,0.000000,0.000000,0.000000,2.000000,690.411560,211.113174,,,,0.025000,
SP_R_Yoga_2,posenet,64,2.585743,ok,1,direct,1.000000,2,right_eye,0,0,0.000000,0.000000,0.000000,2.000000,668.400757,212.073486,,,,0.025000,
SP_R_Yoga_2,posenet,64,2.585743,ok,1,direct,1.000000,3,left_ear,0,0,0.000000,0.000000,0.000000,2.000000,703.809448,219.755859,,,,0.035000,
SP_R_Yoga_2,posenet,64,2.585743,ok,1,direct,1.000000,4,right_ear,0,0,0.000000,0.000000,0.000000,2.000000,649.260925,221.676453,,,,0.035000,
SP_R_Yoga_2,posenet,64,2.585743,ok,1,direct,1.000000,5,left_shoulder,1,1,2.000000,721.110000,270.270000,2.000000,729.648193,278.334045,11.744342,57.006544,1,0.079000,0.872830
SP_R_Yoga_2,posenet,64,2.585743,ok,1,direct,1.000000,6,right_shoulder,1,1,2.000000,635.030000,277.250000,2.000000,638.734070,277.373718,3.706135,57.006544,1,0.079000,0.986547
SP_R_Yoga_2,posenet,64,2.585743,ok,1,direct,1.000000,7,left_elbow,1,1,2.000000,732.780000,195.880000,2.000000,741.132080,345.554871,149.907719,57.006544,0,0.072000,0.000000
SP_R_Yoga_2,posenet,64,2.585743,ok,1,direct,1.000000,8,right_elbow,1,1,2.000000,630.600000,199.900000,2.000000,625.336182,357.078430,157.266547,57.006544,0,0.072000,0.000000
SP_R_Yoga_2,posenet,64,2.585743,ok,1,direct,1.000000,9,left_wrist,1,1,2.000000,711.510000,129.070000,2.000000,729.648193,396.450684,267.995194,57.006544,0,0.062000,0.000000
SP_R_Yoga_2,posenet,64,2.585743,ok,1,direct,1.000000,10,right_wrist,1,1,2.000000,654.290000,127.090000,2.000000,611.938293,388.768280,265.083363,57.006544,0,0.062000,0.000000
SP_R_Yoga_2,posenet,64,2.585743,ok,1,direct,1.000000,11,left_hip,1,1,2.000000,705.150000,400.950000,2.000000,709.551331,415.656586,15.351071,57.006544,1,0.107000,0.881020
SP_R_Yoga_2,posenet,64,2.585743,ok,1,direct,1.000000,12,right_hip,1,1,2.000000,662.800000,392.870000,2.000000,655.002869,410.855103,19.602530,57.006544,1,0.107000,0.813381
SP_R_Yoga_2,posenet,64,2.585743,ok,1,direct,1.000000,13,left_knee,1,1,2.000000,692.500000,531.320000,2.000000,697.110474,516.487915,15.532135,57.006544,1,0.087000,0.821883
SP_R_Yoga_2,posenet,64,2.585743,ok,1,direct,1.000000,14,right_knee,1,1,2.000000,575.590000,449.220000,2.000000,584.185608,450.227356,8.654435,57.006544,1,0.087000,0.940917
SP_R_Yoga_2,posenet,64,2.585743,ok,1,direct,1.000000,15,left_ankle,1,1,2.000000,674.810000,643.940000,2.000000,672.228699,621.160339,22.925446,57.006544,1,0.089000,0.664744
SP_R_Yoga_2,posenet,64,2.585743,ok,1,direct,1.000000,16,right_ankle,1,1,2.000000,661.210000,499.560000,2.000000,656.916870,510.726105,11.962979,57.006544,1,0.089000,0.894766
SP_R_Yoga_2,posenet,65,2.626145,ok,1,direct,1.000000,0,nose,1,1,2.000000,680.090000,222.960000,2.000000,680.167419,221.674271,1.288058,56.901591,1,0.026000,0.984954
SP_R_Yoga_2,posenet,65,2.626145,ok,1,direct,1.000000,1,left_eye,0,0,0.000000,0.000000,0.000000,2.000000,690.703430,213.025131,,,,0.025000,
SP_R_Yoga_2,posenet,65,2.626145,ok,1,direct,1.000000,2,right_eye,0,0,0.000000,0.000000,0.000000,2.000000,668.673645,213.025131,,,,0.025000,
SP_R_Yoga_2,posenet,65,2.626145,ok,1,direct,1.000000,3,left_ear,0,0,0.000000,0.000000,0.000000,2.000000,705.070679,220.713257,,,,0.035000,
SP_R_Yoga_2,posenet,65,2.626145,ok,1,direct,1.000000,4,right_ear,0,0,0.000000,0.000000,0.000000,2.000000,649.517273,221.674271,,,,0.035000,
SP_R_Yoga_2,posenet,65,2.626145,ok,1,direct,1.000000,5,left_shoulder,1,1,2.000000,720.920000,270.090000,2.000000,728.058289,278.374207,10.935412,56.901591,1,0.079000,0.888378
SP_R_Yoga_2,posenet,65,2.626145,ok,1,direct,1.000000,6,right_shoulder,1,1,2.000000,635.030000,277.250000,2.000000,644.728149,278.374207,9.763091,56.901591,1,0.079000,0.909972
SP_R_Yoga_2,posenet,65,2.626145,ok,1,direct,1.000000,7,left_elbow,1,1,2.000000,732.050000,195.680000,2.000000,739.552124,343.723267,148.233231,56.901591,0,0.072000,0.000000
SP_R_Yoga_2,posenet,65,2.626145,ok,1,direct,1.000000,8,right_elbow,1,1,2.000000,630.410000,199.040000,2.000000,627.487488,356.216492,157.203660,56.901591,0,0.072000,0.000000
SP_R_Yoga_2,posenet,65,2.626145,ok,1,direct,1.000000,9,left_wrist,1,1,2.000000,708.880000,129.010000,2.000000,731.889526,393.696136,265.684379,56.901591,0,0.062000,0.000000
SP_R_Yoga_2,posenet,65,2.626145,ok,1,direct,1.000000,10,right_wrist,1,1,2.000000,655.540000,127.480000,2.000000,641.854736,193.804794,67.721967,56.901591,0,0.062000,0.000630
SP_R_Yoga_2,posenet,65,2.626145,ok,1,direct,1.000000,11,left_hip,1,1,2.000000,705.330000,400.840000,2.000000,711.775391,412.916443,13.688810,56.901591,1,0.107000,0.903844
SP_R_Yoga_2,posenet,65,2.626145,ok,1,direct,1.000000,12,right_hip,1,1,2.000000,662.860000,392.870000,2.000000,655.264160,410.994415,19.651748,56.901591,1,0.107000,0.811914
SP_R_Yoga_2,posenet,65,2.626145,ok,1,direct,1.000000,13,left_knee,1,1,2.000000,692.590000,531.190000,2.000000,698.365967,506.135010,25.712144,56.901591,1,0.087000,0.583020
SP_R_Yoga_2,posenet,65,2.626145,ok,1,direct,1.000000,14,right_knee,1,1,2.000000,575.320000,449.220000,2.000000,583.427917,450.396027,8.192763,56.901591,1,0.087000,0.946696
SP_R_Yoga_2,posenet,65,2.626145,ok,1,direct,1.000000,15,left_ankle,1,1,2.000000,674.810000,643.940000,2.000000,672.504883,616.651855,27.385332,56.901591,1,0.089000,0.557195
SP_R_Yoga_2,posenet,65,2.626145,ok,1,direct,1.000000,16,right_ankle,1,1,2.000000,661.180000,499.720000,2.000000,663.884521,503.251923,4.448473,56.901591,1,0.089000,0.984686
SP_R_Yoga_2,posenet,66,2.666548,ok,1,direct,1.000000,0,nose,1,1,2.000000,679.730000,222.940000,2.000000,680.242920,220.618958,2.377041,56.797837,1,0.026000,0.949500
SP_R_Yoga_2,posenet,66,2.666548,ok,1,direct,1.000000,1,left_eye,0,0,0.000000,0.000000,0.000000,2.000000,690.774292,211.008789,,,,0.025000,
SP_R_Yoga_2,posenet,66,2.666548,ok,1,direct,1.000000,2,right_eye,0,0,0.000000,0.000000,0.000000,2.000000,667.796814,211.969803,,,,0.025000,
SP_R_Yoga_2,posenet,66,2.666548,ok,1,direct,1.000000,3,left_ear,0,0,0.000000,0.000000,0.000000,2.000000,705.135193,220.618958,,,,0.035000,
SP_R_Yoga_2,posenet,66,2.666548,ok,1,direct,1.000000,4,right_ear,0,0,0.000000,0.000000,0.000000,2.000000,650.563721,224.463043,,,,0.035000,
SP_R_Yoga_2,posenet,66,2.666548,ok,1,direct,1.000000,5,left_shoulder,1,1,2.000000,720.740000,269.920000,2.000000,728.112671,278.280121,11.146654,56.797837,1,0.079000,0.883888
SP_R_Yoga_2,posenet,66,2.666548,ok,1,direct,1.000000,6,right_shoulder,1,1,2.000000,635.030000,277.250000,2.000000,647.691528,278.280121,12.703364,56.797837,1,0.079000,0.851883
SP_R_Yoga_2,posenet,66,2.666548,ok,1,direct,1.000000,7,left_elbow,1,1,2.000000,731.330000,195.480000,2.000000,739.601379,346.512482,151.258806,56.797837,0,0.072000,0.000000
SP_R_Yoga_2,posenet,66,2.666548,ok,1,direct,1.000000,8,right_elbow,1,1,2.000000,630.210000,198.190000,2.000000,631.415833,361.888763,163.703205,56.797837,0,0.072000,0.000000
SP_R_Yoga_2,posenet,66,2.666548,ok,1,direct,1.000000,9,left_wrist,1,1,2.000000,706.240000,128.940000,2.000000,731.942261,394.563446,266.864050,56.797837,0,0.062000,0.000000
SP_R_Yoga_2,posenet,66,2.666548,ok,1,direct,1.000000,10,right_wrist,1,1,2.000000,656.790000,127.880000,2.000000,641.947144,191.788406,65.609411,56.797837,0,0.062000,0.000966
SP_R_Yoga_2,posenet,66,2.666548,ok,1,direct,1.000000,11,left_hip,1,1,2.000000,705.510000,400.730000,2.000000,711.836975,415.705841,16.257504,56.797837,1,0.107000,0.866648
SP_R_Yoga_2,posenet,66,2.666548,ok,1,direct,1.000000,12,right_hip,1,1,2.000000,662.910000,392.870000,2.000000,656.308105,412.822784,21.016627,56.797837,1,0.107000,0.787273
SP_R_Yoga_2,posenet,66,2.666548,ok,1,direct,1.000000,13,left_knee,1,1,2.000000,692.690000,531.060000,2.000000,696.518677,508.924744,22.463934,56.797837,1,0.087000,0.661442
SP_R_Yoga_2,posenet,66,2.666548,ok,1,direct,1.000000,14,right_knee,1,1,2.000000,575.050000,449.220000,2.000000,581.631287,450.302551,6.669726,56.797837,1,0.087000,0.964219
SP_R_Yoga_2,posenet,66,2.666548,ok,1,direct,1.000000,15,left_ankle,1,1,2.000000,674.810000,643.940000,2.000000,673.541199,620.402893,23.571280,56.797837,1,0.089000,0.647353
SP_R_Yoga_2,posenet,66,2.666548,ok,1,direct,1.000000,16,right_ankle,1,1,2.000000,661.160000,499.880000,2.000000,666.839417,502.197601,6.134089,56.797837,1,0.089000,0.970979
SP_R_Yoga_2,posenet,67,2.706950,ok,1,direct,1.000000,0,nose,1,1,2.000000,679.360000,222.930000,2.000000,680.094482,220.360077,2.672820,56.694020,1,0.026000,0.936357
SP_R_Yoga_2,posenet,67,2.706950,ok,1,direct,1.000000,1,left_eye,0,0,0.000000,0.000000,0.000000,2.000000,689.671753,211.716934,,,,0.025000,
SP_R_Yoga_2,posenet,67,2.706950,ok,1,direct,1.000000,2,right_eye,0,0,0.000000,0.000000,0.000000,2.000000,668.601807,211.716934,,,,0.025000,
SP_R_Yoga_2,posenet,67,2.706950,ok,1,direct,1.000000,3,left_ear,0,0,0.000000,0.000000,0.000000,2.000000,703.079895,220.360077,,,,0.035000,
SP_R_Yoga_2,posenet,67,2.706950,ok,1,direct,1.000000,4,right_ear,0,0,0.000000,0.000000,0.000000,2.000000,648.489563,220.360077,,,,0.035000,
SP_R_Yoga_2,posenet,67,2.706950,ok,1,direct,1.000000,5,left_shoulder,1,1,2.000000,720.560000,269.750000,2.000000,727.980713,277.980927,11.082199,56.694020,1,0.079000,0.884752
SP_R_Yoga_2,posenet,67,2.706950,ok,1,direct,1.000000,6,right_shoulder,1,1,2.000000,635.030000,277.250000,2.000000,644.658691,277.020569,9.631424,56.694020,1,0.079000,0.911661
SP_R_Yoga_2,posenet,67,2.706950,ok,1,direct,1.000000,7,left_elbow,1,1,2.000000,730.600000,195.280000,2.000000,738.515686,347.125977,152.052158,56.694020,0,0.072000,0.000000
SP_R_Yoga_2,posenet,67,2.706950,ok,1,direct,1.000000,8,right_elbow,1,1,2.000000,630.010000,197.330000,2.000000,634.123657,367.293213,170.012987,56.694020,0,0.072000,0.000000
SP_R_Yoga_2,posenet,67,2.706950,ok,1,direct,1.000000,9,left_wrist,1,1,2.000000,703.600000,128.880000,2.000000,724.149841,398.984711,270.885309,56.694020,0,0.062000,0.000000
SP_R_Yoga_2,posenet,67,2.706950,ok,1,direct,1.000000,10,right_wrist,1,1,2.000000,658.040000,128.280000,2.000000,666.686279,405.707153,277.561855,56.694020,0,0.062000,0.000000
SP_R_Yoga_2,posenet,67,2.706950,ok,1,direct,1.000000,11,left_hip,1,1,2.000000,705.690000,400.620000,2.000000,712.657104,414.350250,15.396763,56.694020,1,0.107000,0.879116
SP_R_Yoga_2,posenet,67,2.706950,ok,1,direct,1.000000,12,right_hip,1,1,2.000000,662.970000,392.870000,2.000000,655.193665,411.469238,20.159441,56.694020,1,0.107000,0.801818
SP_R_Yoga_2,posenet,67,2.706950,ok,1,direct,1.000000,13,left_knee,1,1,2.000000,692.780000,530.920000,2.000000,695.418030,498.860840,32.167514,56.694020,1,0.087000,0.427136
SP_R_Yoga_2,posenet,67,2.706950,ok,1,direct,1.000000,14,right_knee,1,1,2.000000,574.770000,449.220000,2.000000,580.491028,451.803802,6.277435,56.694020,1,0.087000,0.968124
SP_R_Yoga_2,posenet,67,2.706950,ok,1,direct,1.000000,15,left_ankle,1,1,2.000000,674.810000,643.940000,2.000000,673.390381,623.706055,20.283685,56.694020,1,0.089000,0.723830
SP_R_Yoga_2,posenet,67,2.706950,ok,1,direct,1.000000,16,right_ankle,1,1,2.000000,661.130000,500.050000,2.000000,665.728638,503.662567,5.847915,56.694020,1,0.089000,0.973493
SP_R_Yoga_2,posenet,68,2.747352,ok,1,direct,1.000000,0,nose,1,1,2.000000,679.000000,222.910000,2.000000,680.253662,220.134277,3.045703,56.590689,1,0.026000,0.917872
SP_R_Yoga_2,posenet,68,2.747352,ok,1,direct,1.000000,1,left_eye,0,0,0.000000,0.000000,0.000000,2.000000,688.871460,212.457352,,,,0.025000,
SP_R_Yoga_2,posenet,68,2.747352,ok,1,direct,1.000000,2,right_eye,0,0,0.000000,0.000000,0.000000,2.000000,668.763367,212.457352,,,,0.025000,
SP_R_Yoga_2,posenet,68,2.747352,ok,1,direct,1.000000,3,left_ear,0,0,0.000000,0.000000,0.000000,2.000000,701.319275,221.093887,,,,0.035000,
SP_R_Yoga_2,posenet,68,2.747352,ok,1,direct,1.000000,4,right_ear,0,0,0.000000,0.000000,0.000000,2.000000,646.740234,220.134277,,,,0.035000,
SP_R_Yoga_2,posenet,68,2.747352,ok,1,direct,1.000000,5,left_shoulder,1,1,2.000000,720.370000,269.580000,2.000000,725.257385,278.670685,10.321196,56.590689,1,0.079000,0.898888
SP_R_Yoga_2,posenet,68,2.747352,ok,1,direct,1.000000,6,right_shoulder,1,1,2.000000,635.030000,277.250000,2.000000,640.995117,277.711090,5.982911,56.590689,1,0.079000,0.964815
SP_R_Yoga_2,posenet,68,2.747352,ok,1,direct,1.000000,7,left_elbow,1,1,2.000000,729.880000,195.090000,2.000000,737.705261,344.884033,149.998290,56.590689,0,0.072000,0.000000
SP_R_Yoga_2,posenet,68,2.747352,ok,1,direct,1.000000,8,right_elbow,1,1,2.000000,629.810000,196.470000,2.000000,628.547302,358.318634,161.853560,56.590689,0,0.072000,0.000000
SP_R_Yoga_2,posenet,68,2.747352,ok,1,direct,1.000000,9,left_wrist,1,1,2.000000,700.970000,128.810000,2.000000,725.257385,395.743561,268.036197,56.590689,0,0.062000,0.000000
SP_R_Yoga_2,posenet,68,2.747352,ok,1,direct,1.000000,10,right_wrist,1,1,2.000000,659.290000,128.670000,2.000000,639.080017,187.507401,62.211599,56.590689,0,0.062000,0.001859
SP_R_Yoga_2,posenet,68,2.747352,ok,1,direct,1.000000,11,left_hip,1,1,2.000000,705.870000,400.520000,2.000000,708.979431,413.976227,13.810815,56.590689,1,0.107000,0.901187
SP_R_Yoga_2,posenet,68,2.747352,ok,1,direct,1.000000,12,right_hip,1,1,2.000000,663.020000,392.870000,2.000000,653.442932,410.137756,19.745775,56.590689,1,0.107000,0.808417
SP_R_Yoga_2,posenet,68,2.747352,ok,1,direct,1.000000,13,left_knee,1,1,2.000000,692.880000,530.790000,2.000000,696.531616,498.422211,32.573119,56.590689,1,0.087000,0.416684
SP_R_Yoga_2,posenet,68,2.747352,ok,1,direct,1.000000,14,right_knee,1,1,2.000000,574.500000,449.220000,2.000000,580.670959,448.522308,6.210275,56.590689,1,0.087000,0.968679
SP_R_Yoga_2,posenet,68,2.747352,ok,1,direct,1.000000,15,left_ankle,1,1,2.000000,674.810000,643.940000,2.000000,673.550964,620.293213,23.680281,56.590689,1,0.089000,0.642677
SP_R_Yoga_2,posenet,68,2.747352,ok,1,direct,1.000000,16,right_ankle,1,1,2.000000,661.100000,500.210000,2.000000,660.145630,507.058746,6.914922,56.590689,1,0.089000,0.963002
SP_R_Yoga_2,posenet,69,2.787754,ok,1,direct,1.000000,0,nose,1,1,2.000000,678.640000,222.900000,2.000000,679.341248,221.142166,1.892545,56.499182,1,0.026000,0.967349
SP_R_Yoga_2,posenet,69,2.787754,ok,1,direct,1.000000,1,left_eye,0,0,0.000000,0.000000,0.000000,2.000000,688.908691,212.499100,,,,0.025000,
SP_R_Yoga_2,posenet,69,2.787754,ok,1,direct,1.000000,2,right_eye,0,0,0.000000,0.000000,0.000000,2.000000,667.860352,212.499100,,,,0.025000,
SP_R_Yoga_2,posenet,69,2.787754,ok,1,direct,1.000000,3,left_ear,0,0,0.000000,0.000000,0.000000,2.000000,701.346375,222.102509,,,,0.035000,
SP_R_Yoga_2,posenet,69,2.787754,ok,1,direct,1.000000,4,right_ear,0,0,0.000000,0.000000,0.000000,2.000000,646.812073,221.142166,,,,0.035000,
SP_R_Yoga_2,posenet,69,2.787754,ok,1,direct,1.000000,5,left_shoulder,1,1,2.000000,720.190000,269.410000,2.000000,726.221619,280.683411,12.785547,56.499182,1,0.079000,0.848650
SP_R_Yoga_2,posenet,69,2.787754,ok,1,direct,1.000000,6,right_shoulder,1,1,2.000000,635.030000,277.250000,2.000000,642.028320,279.723053,7.422431,56.499182,1,0.079000,0.946194
SP_R_Yoga_2,posenet,69,2.787754,ok,1,direct,1.000000,7,left_elbow,1,1,2.000000,729.150000,194.440000,2.000000,737.702576,347.907349,153.705477,56.499182,0,0.072000,0.000000
SP_R_Yoga_2,posenet,69,2.787754,ok,1,direct,1.000000,8,right_elbow,1,1,2.000000,629.810000,196.470000,2.000000,632.460938,363.272858,166.823922,56.499182,0,0.072000,0.000000
SP_R_Yoga_2,posenet,69,2.787754,ok,1,direct,1.000000,9,left_wrist,1,1,2.000000,698.780000,128.810000,2.000000,721.437927,397.845154,269.987584,56.499182,0,0.062000,0.000000
SP_R_Yoga_2,posenet,69,2.787754,ok,1,direct,1.000000,10,right_wrist,1,1,2.000000,659.650000,129.060000,2.000000,636.287842,172.164719,49.028637,56.499182,1,0.062000,0.019881
SP_R_Yoga_2,posenet,69,2.787754,ok,1,direct,1.000000,11,left_hip,1,1,2.000000,706.050000,400.410000,2.000000,709.956970,415.131317,15.230942,56.499182,1,0.107000,0.880778
SP_R_Yoga_2,posenet,69,2.787754,ok,1,direct,1.000000,12,right_hip,1,1,2.000000,663.080000,392.870000,2.000000,655.422668,409.369232,18.189541,56.499182,1,0.107000,0.834386
SP_R_Yoga_2,posenet,69,2.787754,ok,1,direct,1.000000,13,left_knee,1,1,2.000000,692.980000,530.660000,2.000000,695.605896,507.324158,23.483119,56.499182,1,0.087000,0.633512
SP_R_Yoga_2,posenet,69,2.787754,ok,1,direct,1.000000,14,right_knee,1,1,2.000000,574.230000,449.220000,2.000000,578.883362,450.664001,4.872260,56.499182,1,0.087000,0.980542
SP_R_Yoga_2,posenet,69,2.787754,ok,1,direct,1.000000,15,left_ankle,1,1,2.000000,674.810000,643.940000,2.000000,670.730591,623.525635,20.817970,56.499182,1,0.089000,0.709779
SP_R_Yoga_2,posenet,69,2.787754,ok,1,direct,1.000000,16,right_ankle,1,1,2.000000,661.070000,500.380000,2.000000,659.249695,515.967285,15.693214,56.499182,1,0.089000,0.822999
SP_R_Yoga_2,posenet,70,2.828156,ok,1,direct,1.000000,0,nose,1,1,2.000000,678.270000,222.880000,2.000000,678.145630,219.543213,3.339104,56.417065,1,0.026000,0.901551
SP_R_Yoga_2,posenet,70,2.828156,ok,1,direct,1.000000,1,left_eye,0,0,0.000000,0.000000,0.000000,2.000000,688.662231,212.822220,,,,0.025000,
SP_R_Yoga_2,posenet,70,2.828156,ok,1,direct,1.000000,2,right_eye,0,0,0.000000,0.000000,0.000000,2.000000,667.629028,214.742493,,,,0.025000,
SP_R_Yoga_2,posenet,70,2.828156,ok,1,direct,1.000000,3,left_ear,0,0,0.000000,0.000000,0.000000,2.000000,699.178894,224.343918,,,,0.035000,
SP_R_Yoga_2,posenet,70,2.828156,ok,1,direct,1.000000,4,right_ear,0,0,0.000000,0.000000,0.000000,2.000000,649.463928,224.343918,,,,0.035000,
SP_R_Yoga_2,posenet,70,2.828156,ok,1,direct,1.000000,5,left_shoulder,1,1,2.000000,720.000000,269.240000,2.000000,726.904541,282.912598,15.317069,56.417065,1,0.079000,0.789611
SP_R_Yoga_2,posenet,70,2.828156,ok,1,direct,1.000000,6,right_shoulder,1,1,2.000000,635.030000,277.250000,2.000000,646.595764,279.072052,11.708406,56.417065,1,0.079000,0.871079
SP_R_Yoga_2,posenet,70,2.828156,ok,1,direct,1.000000,7,left_elbow,1,1,2.000000,728.430000,193.790000,2.000000,736.465088,350.122589,156.538944,56.417065,0,0.072000,0.000000
SP_R_Yoga_2,posenet,70,2.828156,ok,1,direct,1.000000,8,right_elbow,1,1,2.000000,629.810000,196.470000,2.000000,576.803589,450.937531,259.929613,56.417065,0,0.072000,0.000000
SP_R_Yoga_2,posenet,70,2.828156,ok,1,direct,1.000000,9,left_wrist,1,1,2.000000,696.590000,128.810000,2.000000,722.124207,400.049957,272.439186,56.417065,0,0.062000,0.000000
SP_R_Yoga_2,posenet,70,2.828156,ok,1,direct,1.000000,10,right_wrist,1,1,2.000000,660.000000,129.460000,2.000000,637.035156,177.296936,53.063702,56.417065,1,0.062000,0.010024
SP_R_Yoga_2,posenet,70,2.828156,ok,1,direct,1.000000,11,left_hip,1,1,2.000000,706.230000,400.300000,2.000000,708.739441,418.292664,18.166817,56.417065,1,0.107000,0.834324
SP_R_Yoga_2,posenet,70,2.828156,ok,1,direct,1.000000,12,right_hip,1,1,2.000000,663.130000,392.870000,2.000000,655.200256,415.412262,23.896326,56.417065,1,0.107000,0.730955
SP_R_Yoga_2,posenet,70,2.828156,ok,1,direct,1.000000,13,left_knee,1,1,2.000000,693.070000,530.530000,2.000000,695.354614,509.506195,21.147573,56.417065,1,0.087000,0.689857
SP_R_Yoga_2,posenet,70,2.828156,ok,1,direct,1.000000,14,right_knee,1,1,2.000000,573.960000,449.220000,2.000000,577.759644,451.897675,4.648358,56.417065,1,0.087000,0.982222
SP_R_Yoga_2,posenet,70,2.828156,ok,1,direct,1.000000,15,left_ankle,1,1,2.000000,674.810000,643.940000,2.000000,673.365356,623.763184,20.228468,56.417065,1,0.089000,0.722813
SP_R_Yoga_2,posenet,70,2.828156,ok,1,direct,1.000000,16,right_ankle,1,1,2.000000,661.050000,500.540000,2.000000,665.716919,502.785187,5.178899,56.417065,1,0.089000,0.978948
SP_R_Yoga_2,posenet,71,2.868559,ok,1,direct,1.000000,0,nose,1,1,2.000000,677.910000,222.870000,2.000000,679.068298,221.520050,1.778769,56.333000,1,0.026000,0.970933
SP_R_Yoga_2,posenet,71,2.868559,ok,1,direct,1.000000,1,left_eye,0,0,0.000000,0.000000,0.000000,2.000000,688.655640,213.831848,,,,0.025000,
SP_R_Yoga_2,posenet,71,2.868559,ok,1,direct,1.000000,2,right_eye,0,0,0.000000,0.000000,0.000000,2.000000,665.646057,213.831848,,,,0.025000,
SP_R_Yoga_2,posenet,71,2.868559,ok,1,direct,1.000000,3,left_ear,0,0,0.000000,0.000000,0.000000,2.000000,701.119202,223.442108,,,,0.035000,
SP_R_Yoga_2,posenet,71,2.868559,ok,1,direct,1.000000,4,right_ear,0,0,0.000000,0.000000,0.000000,2.000000,649.347595,223.442108,,,,0.035000,
SP_R_Yoga_2,posenet,71,2.868559,ok,1,direct,1.000000,5,left_shoulder,1,1,2.000000,719.820000,269.070000,2.000000,721.252625,282.064758,13.073491,56.333000,1,0.079000,0.841477
SP_R_Yoga_2,posenet,71,2.868559,ok,1,direct,1.000000,6,right_shoulder,1,1,2.000000,635.030000,277.250000,2.000000,647.430115,282.064758,13.302058,56.333000,1,0.079000,0.836369
SP_R_Yoga_2,posenet,71,2.868559,ok,1,direct,1.000000,7,left_elbow,1,1,2.000000,727.700000,193.150000,2.000000,740.427307,350.297638,157.662185,56.333000,0,0.072000,0.000000
SP_R_Yoga_2,posenet,71,2.868559,ok,1,direct,1.000000,8,right_elbow,1,1,2.000000,629.810000,196.470000,2.000000,629.214172,365.674072,169.205121,56.333000,0,0.072000,0.000000
SP_R_Yoga_2,posenet,71,2.868559,ok,1,direct,1.000000,9,left_wrist,1,1,2.000000,694.400000,128.810000,2.000000,725.087585,399.310028,272.235180,56.333000,0,0.062000,0.000000
SP_R_Yoga_2,posenet,71,2.868559,ok,1,direct,1.000000,10,right_wrist,1,1,2.000000,660.360000,129.850000,2.000000,638.801453,172.507690,47.795915,56.333000,1,0.062000,0.023625
SP_R_Yoga_2,posenet,71,2.868559,ok,1,direct,1.000000,11,left_hip,1,1,2.000000,706.410000,400.190000,2.000000,708.789124,417.569550,17.541635,56.333000,1,0.107000,0.844183
SP_R_Yoga_2,posenet,71,2.868559,ok,1,direct,1.000000,12,right_hip,1,1,2.000000,663.190000,392.870000,2.000000,655.099976,411.803375,20.589347,56.333000,1,0.107000,0.791870
SP_R_Yoga_2,posenet,71,2.868559,ok,1,direct,1.000000,13,left_knee,1,1,2.000000,693.170000,530.400000,2.000000,695.366760,513.672180,16.871447,56.333000,1,0.087000,0.788982
SP_R_Yoga_2,posenet,71,2.868559,ok,1,direct,1.000000,14,right_knee,1,1,2.000000,573.690000,449.220000,2.000000,581.277405,451.205475,7.842884,56.333000,1,0.087000,0.950072
SP_R_Yoga_2,posenet,71,2.868559,ok,1,direct,1.000000,15,left_ankle,1,1,2.000000,674.810000,643.940000,2.000000,676.192078,626.112366,17.881126,56.333000,1,0.089000,0.775383
SP_R_Yoga_2,posenet,71,2.868559,ok,1,direct,1.000000,16,right_ankle,1,1,2.000000,661.020000,500.700000,2.000000,666.604736,514.633240,15.010811,56.333000,1,0.089000,0.835872
SP_R_Yoga_2,posenet,72,2.908961,ok,1,direct,1.000000,0,nose,1,1,2.000000,677.550000,222.850000,2.000000,677.550720,220.620651,2.229349,56.250640,1,0.026000,0.954592
SP_R_Yoga_2,posenet,72,2.908961,ok,1,direct,1.000000,1,left_eye,0,0,0.000000,0.000000,0.000000,2.000000,689.041077,215.819107,,,,0.025000,
SP_R_Yoga_2,posenet,72,2.908961,ok,1,direct,1.000000,2,right_eye,0,0,0.000000,0.000000,0.000000,2.000000,666.060425,214.858810,,,,0.025000,
SP_R_Yoga_2,posenet,72,2.908961,ok,1,direct,1.000000,3,left_ear,0,0,0.000000,0.000000,0.000000,2.000000,701.488892,226.382492,,,,0.035000,
SP_R_Yoga_2,posenet,72,2.908961,ok,1,direct,1.000000,4,right_ear,0,0,0.000000,0.000000,0.000000,2.000000,648.824890,225.422195,,,,0.035000,
SP_R_Yoga_2,posenet,72,2.908961,ok,1,direct,1.000000,5,left_shoulder,1,1,2.000000,719.630000,268.900000,2.000000,719.681946,279.199402,10.299533,56.250640,1,0.079000,0.898133
SP_R_Yoga_2,posenet,72,2.908961,ok,1,direct,1.000000,6,right_shoulder,1,1,2.000000,635.030000,277.250000,2.000000,644.994812,278.239075,10.013778,56.250640,1,0.079000,0.903428
SP_R_Yoga_2,posenet,72,2.908961,ok,1,direct,1.000000,7,left_elbow,1,1,2.000000,726.980000,192.500000,2.000000,735.002319,350.262146,157.965985,56.250640,0,0.072000,0.000000
SP_R_Yoga_2,posenet,72,2.908961,ok,1,direct,1.000000,8,right_elbow,1,1,2.000000,629.810000,196.470000,2.000000,625.844238,353.143066,156.723250,56.250640,0,0.072000,0.000000
SP_R_Yoga_2,posenet,72,2.908961,ok,1,direct,1.000000,9,left_wrist,1,1,2.000000,692.210000,128.810000,2.000000,732.129761,392.515656,266.710067,56.250640,0,0.062000,0.000000
SP_R_Yoga_2,posenet,72,2.908961,ok,1,direct,1.000000,10,right_wrist,1,1,2.000000,660.710000,130.250000,2.000000,638.292114,177.406815,52.214239,56.250640,1,0.062000,0.011299
SP_R_Yoga_2,posenet,72,2.908961,ok,1,direct,1.000000,11,left_hip,1,1,2.000000,706.590000,400.080000,2.000000,707.234070,417.483643,17.415556,56.250640,1,0.107000,0.845820
SP_R_Yoga_2,posenet,72,2.908961,ok,1,direct,1.000000,12,right_hip,1,1,2.000000,663.240000,392.870000,2.000000,655.527588,411.721832,20.368429,56.250640,1,0.107000,0.795292
SP_R_Yoga_2,posenet,72,2.908961,ok,1,direct,1.000000,13,left_knee,1,1,2.000000,693.260000,530.260000,2.000000,695.743774,512.554077,17.879285,56.250640,1,0.087000,0.765708
SP_R_Yoga_2,posenet,72,2.908961,ok,1,direct,1.000000,14,right_knee,1,1,2.000000,573.420000,449.220000,2.000000,582.755554,453.015045,10.077447,56.250640,1,0.087000,0.918689
SP_R_Yoga_2,posenet,72,2.908961,ok,1,direct,1.000000,15,left_ankle,1,1,2.000000,674.810000,643.940000,2.000000,675.635681,625.870300,18.088554,56.250640,1,0.089000,0.770206
SP_R_Yoga_2,posenet,72,2.908961,ok,1,direct,1.000000,16,right_ankle,1,1,2.000000,660.990000,500.870000,2.000000,663.187805,508.712830,8.144957,56.250640,1,0.089000,0.948438
SP_R_Yoga_2,posenet,73,2.949363,ok,1,direct,1.000000,0,nose,1,1,2.000000,677.180000,222.840000,2.000000,677.620605,221.460144,1.448494,56.168160,1,0.026000,0.980516
SP_R_Yoga_2,posenet,73,2.949363,ok,1,direct,1.000000,1,left_eye,0,0,0.000000,0.000000,0.000000,2.000000,689.132629,212.816391,,,,0.025000,
SP_R_Yoga_2,posenet,73,2.949363,ok,1,direct,1.000000,2,right_eye,0,0,0.000000,0.000000,0.000000,2.000000,665.149353,212.816391,,,,0.025000,
SP_R_Yoga_2,posenet,73,2.949363,ok,1,direct,1.000000,3,left_ear,0,0,0.000000,0.000000,0.000000,2.000000,700.644653,226.262238,,,,0.035000,
SP_R_Yoga_2,posenet,73,2.949363,ok,1,direct,1.000000,4,right_ear,0,0,0.000000,0.000000,0.000000,2.000000,644.044006,220.499741,,,,0.035000,
SP_R_Yoga_2,posenet,73,2.949363,ok,1,direct,1.000000,5,left_shoulder,1,1,2.000000,719.450000,268.720000,2.000000,716.953308,279.085205,10.661658,56.168160,1,0.079000,0.890953
SP_R_Yoga_2,posenet,73,2.949363,ok,1,direct,1.000000,6,right_shoulder,1,1,2.000000,635.030000,277.250000,2.000000,646.921997,279.085205,12.032771,56.168160,1,0.079000,0.863233
SP_R_Yoga_2,posenet,73,2.949363,ok,1,direct,1.000000,7,left_elbow,1,1,2.000000,726.250000,191.860000,2.000000,719.831360,190.726791,6.517906,56.168160,1,0.072000,0.949375
SP_R_Yoga_2,posenet,73,2.949363,ok,1,direct,1.000000,8,right_elbow,1,1,2.000000,629.810000,196.470000,2.000000,574.012695,449.079132,258.698111,56.168160,0,0.072000,0.000000
SP_R_Yoga_2,posenet,73,2.949363,ok,1,direct,1.000000,9,left_wrist,1,1,2.000000,690.030000,128.810000,2.000000,732.302612,395.295746,269.817765,56.168160,0,0.062000,0.000000
SP_R_Yoga_2,posenet,73,2.949363,ok,1,direct,1.000000,10,right_wrist,1,1,2.000000,661.070000,130.640000,2.000000,650.759338,502.862518,372.365295,56.168160,0,0.062000,0.000000
SP_R_Yoga_2,posenet,73,2.949363,ok,1,direct,1.000000,11,left_hip,1,1,2.000000,706.770000,399.970000,2.000000,706.400635,412.583282,12.618690,56.168160,1,0.107000,0.915607
SP_R_Yoga_2,posenet,73,2.949363,ok,1,direct,1.000000,12,right_hip,1,1,2.000000,663.300000,392.870000,2.000000,654.596680,410.662445,19.807041,56.168160,1,0.107000,0.804744
SP_R_Yoga_2,posenet,73,2.949363,ok,1,direct,1.000000,13,left_knee,1,1,2.000000,693.360000,530.130000,2.000000,694.888672,519.189636,11.046646,56.168160,1,0.087000,0.902844
SP_R_Yoga_2,posenet,73,2.949363,ok,1,direct,1.000000,14,right_knee,1,1,2.000000,573.140000,449.220000,2.000000,581.687317,450.999969,8.730688,56.168160,1,0.087000,0.938153
SP_R_Yoga_2,posenet,73,2.949363,ok,1,direct,1.000000,15,left_ankle,1,1,2.000000,674.810000,643.940000,2.000000,674.742676,636.360657,7.579642,56.168160,1,0.089000,0.955061
SP_R_Yoga_2,posenet,73,2.949363,ok,1,direct,1.000000,16,right_ankle,1,1,2.000000,660.960000,501.030000,2.000000,660.352661,506.704254,5.706665,56.168160,1,0.089000,0.974273
SP_R_Yoga_2,posenet,74,2.989765,ok,1,direct,1.000000,0,nose,1,1,2.000000,677.030000,222.870000,2.000000,676.100769,221.440475,1.704996,56.145257,1,0.026000,0.973085
SP_R_Yoga_2,posenet,74,2.989765,ok,1,direct,1.000000,1,left_eye,0,0,0.000000,0.000000,0.000000,2.000000,686.645752,213.760590,,,,0.025000,
SP_R_Yoga_2,posenet,74,2.989765,ok,1,direct,1.000000,2,right_eye,0,0,0.000000,0.000000,0.000000,2.000000,665.555786,213.760590,,,,0.025000,
SP_R_Yoga_2,posenet,74,2.989765,ok,1,direct,1.000000,3,left_ear,0,0,0.000000,0.000000,0.000000,2.000000,702.942505,224.320435,,,,0.035000,
SP_R_Yoga_2,posenet,74,2.989765,ok,1,direct,1.000000,4,right_ear,0,0,0.000000,0.000000,0.000000,2.000000,646.383118,221.440475,,,,0.035000,
SP_R_Yoga_2,posenet,74,2.989765,ok,1,direct,1.000000,5,left_shoulder,1,1,2.000000,719.200000,268.860000,2.000000,722.115173,282.879517,14.319395,56.145257,1,0.079000,0.811843
SP_R_Yoga_2,posenet,74,2.989765,ok,1,direct,1.000000,6,right_shoulder,1,1,2.000000,635.030000,277.250000,2.000000,645.424500,279.999573,10.752012,56.145257,1,0.079000,0.889119
SP_R_Yoga_2,posenet,74,2.989765,ok,1,direct,1.000000,7,left_elbow,1,1,2.000000,726.250000,191.860000,2.000000,718.280640,186.881012,9.396863,56.145257,1,0.072000,0.897565
SP_R_Yoga_2,posenet,74,2.989765,ok,1,direct,1.000000,8,right_elbow,1,1,2.000000,629.810000,196.470000,2.000000,625.293152,359.678375,163.270866,56.145257,0,0.072000,0.000000
SP_R_Yoga_2,posenet,74,2.989765,ok,1,direct,1.000000,9,left_wrist,1,1,2.000000,689.820000,129.230000,2.000000,731.701538,395.197784,269.245103,56.145257,0,0.062000,0.000000
SP_R_Yoga_2,posenet,74,2.989765,ok,1,direct,1.000000,10,right_wrist,1,1,2.000000,661.380000,130.850000,2.000000,635.838135,185.921036,60.705896,56.145257,0,0.062000,0.002282
SP_R_Yoga_2,posenet,74,2.989765,ok,1,direct,1.000000,11,left_hip,1,1,2.000000,706.770000,399.970000,2.000000,707.735657,416.317474,16.375971,56.145257,1,0.107000,0.861904
SP_R_Yoga_2,posenet,74,2.989765,ok,1,direct,1.000000,12,right_hip,1,1,2.000000,663.300000,392.870000,2.000000,653.093506,413.437531,22.960746,56.145257,1,0.107000,0.746655
SP_R_Yoga_2,posenet,74,2.989765,ok,1,direct,1.000000,13,left_knee,1,1,2.000000,693.360000,530.130000,2.000000,696.232056,518.075928,12.391504,56.145257,1,0.087000,0.879229
SP_R_Yoga_2,posenet,74,2.989765,ok,1,direct,1.000000,14,right_knee,1,1,2.000000,573.140000,449.220000,2.000000,581.196045,450.876953,8.224680,56.145257,1,0.087000,0.944875
SP_R_Yoga_2,posenet,74,2.989765,ok,1,direct,1.000000,15,left_ankle,1,1,2.000000,674.810000,643.940000,2.000000,674.183472,626.554199,17.397086,56.145257,1,0.089000,0.784723
SP_R_Yoga_2,posenet,74,2.989765,ok,1,direct,1.000000,16,right_ankle,1,1,2.000000,660.940000,501.200000,2.000000,659.804016,505.596100,4.540501,56.145257,1,0.089000,0.983622
SP_R_Yoga_2,posenet,75,3.030168,ok,1,direct,1.000000,0,nose,1,1,2.000000,676.890000,222.910000,2.000000,676.238586,224.282532,1.519271,56.122346,1,0.026000,0.978552
SP_R_Yoga_2,posenet,75,3.030168,ok,1,direct,1.000000,1,left_eye,0,0,0.000000,0.000000,0.000000,2.000000,686.787476,216.594971,,,,0.025000,
SP_R_Yoga_2,posenet,75,3.030168,ok,1,direct,1.000000,2,right_eye,0,0,0.000000,0.000000,0.000000,2.000000,666.648682,216.594971,,,,0.025000,
SP_R_Yoga_2,posenet,75,3.030168,ok,1,direct,1.000000,3,left_ear,0,0,0.000000,0.000000,0.000000,2.000000,702.131409,221.399689,,,,0.035000,
SP_R_Yoga_2,posenet,75,3.030168,ok,1,direct,1.000000,4,right_ear,0,0,0.000000,0.000000,0.000000,2.000000,649.386719,224.282532,,,,0.035000,
SP_R_Yoga_2,posenet,75,3.030168,ok,1,direct,1.000000,5,left_shoulder,1,1,2.000000,718.950000,268.990000,2.000000,721.311279,277.134460,8.479851,56.122346,1,0.079000,0.929451
SP_R_Yoga_2,posenet,75,3.030168,ok,1,direct,1.000000,6,right_shoulder,1,1,2.000000,635.030000,277.250000,2.000000,643.632812,282.900085,10.292320,56.122346,1,0.079000,0.897827
SP_R_Yoga_2,posenet,75,3.030168,ok,1,direct,1.000000,7,left_elbow,1,1,2.000000,726.250000,191.860000,2.000000,717.475342,182.000992,13.198283,56.122346,1,0.072000,0.807859
SP_R_Yoga_2,posenet,75,3.030168,ok,1,direct,1.000000,8,right_elbow,1,1,2.000000,629.810000,196.470000,2.000000,621.575928,358.814667,162.553347,56.122346,0,0.072000,0.000000
SP_R_Yoga_2,posenet,75,3.030168,ok,1,direct,1.000000,9,left_wrist,1,1,2.000000,689.610000,129.650000,2.000000,699.254456,134.914734,10.987854,56.122346,1,0.062000,0.819194
SP_R_Yoga_2,posenet,75,3.030168,ok,1,direct,1.000000,10,right_wrist,1,1,2.000000,661.700000,131.060000,2.000000,656.099670,134.914734,6.798725,56.122346,1,0.062000,0.926488
SP_R_Yoga_2,posenet,75,3.030168,ok,1,direct,1.000000,11,left_hip,1,1,2.000000,706.770000,399.970000,2.000000,707.885376,419.354126,19.416189,56.122346,1,0.107000,0.811328
SP_R_Yoga_2,posenet,75,3.030168,ok,1,direct,1.000000,12,right_hip,1,1,2.000000,663.300000,392.870000,2.000000,653.222717,411.666565,21.327505,56.122346,1,0.107000,0.777033
SP_R_Yoga_2,posenet,75,3.030168,ok,1,direct,1.000000,13,left_knee,1,1,2.000000,693.360000,530.130000,2.000000,696.377441,519.292297,11.249922,56.122346,1,0.087000,0.899268
SP_R_Yoga_2,posenet,75,3.030168,ok,1,direct,1.000000,14,right_knee,1,1,2.000000,573.140000,449.220000,2.000000,580.339172,450.104340,7.253285,56.122346,1,0.087000,0.956824
SP_R_Yoga_2,posenet,75,3.030168,ok,1,direct,1.000000,15,left_ankle,1,1,2.000000,674.810000,643.940000,2.000000,673.361633,630.761780,13.257573,56.122346,1,0.089000,0.868577
SP_R_Yoga_2,posenet,75,3.030168,ok,1,direct,1.000000,16,right_ankle,1,1,2.000000,660.910000,501.360000,2.000000,663.771606,503.917206,3.837720,56.122346,1,0.089000,0.988263
SP_R_Yoga_2,posenet,76,3.070570,ok,1,direct,1.000000,0,nose,1,1,2.000000,676.740000,222.950000,2.000000,675.302185,222.929428,1.437962,56.098879,1,0.026000,0.980749
SP_R_Yoga_2,posenet,76,3.070570,ok,1,direct,1.000000,1,left_eye,0,0,0.000000,0.000000,0.000000,2.000000,685.845154,213.334488,,,,0.025000,
SP_R_Yoga_2,posenet,76,3.070570,ok,1,direct,1.000000,2,right_eye,0,0,0.000000,0.000000,0.000000,2.000000,664.759216,215.253464,,,,0.025000,
SP_R_Yoga_2,posenet,76,3.070570,ok,1,direct,1.000000,3,left_ear,0,0,0.000000,0.000000,0.000000,2.000000,702.138733,222.929428,,,,0.035000,
SP_R_Yoga_2,posenet,76,3.070570,ok,1,direct,1.000000,4,right_ear,0,0,0.000000,0.000000,0.000000,2.000000,649.424133,224.848419,,,,0.035000,
SP_R_Yoga_2,posenet,76,3.070570,ok,1,direct,1.000000,5,left_shoulder,1,1,2.000000,718.710000,269.130000,2.000000,723.224609,283.377625,14.945785,56.098879,1,0.079000,0.796554
SP_R_Yoga_2,posenet,76,3.070570,ok,1,direct,1.000000,6,right_shoulder,1,1,2.000000,635.030000,277.250000,2.000000,648.465637,282.418091,14.395329,56.098879,1,0.079000,0.809763
SP_R_Yoga_2,posenet,76,3.070570,ok,1,direct,1.000000,7,left_elbow,1,1,2.000000,726.250000,191.860000,2.000000,719.390808,189.347107,7.305008,56.098879,1,0.072000,0.936676
SP_R_Yoga_2,posenet,76,3.070570,ok,1,direct,1.000000,8,right_elbow,1,1,2.000000,629.810000,196.470000,2.000000,628.338196,361.096710,164.633289,56.098879,0,0.072000,0.000000
SP_R_Yoga_2,posenet,76,3.070570,ok,1,direct,1.000000,9,left_wrist,1,1,2.000000,689.390000,130.080000,2.000000,728.975342,393.719513,266.594809,56.098879,0,0.062000,0.000000
SP_R_Yoga_2,posenet,76,3.070570,ok,1,direct,1.000000,10,right_wrist,1,1,2.000000,662.020000,131.270000,2.000000,634.088867,182.630646,58.464212,56.098879,0,0.062000,0.003514
SP_R_Yoga_2,posenet,76,3.070570,ok,1,direct,1.000000,11,left_hip,1,1,2.000000,706.770000,399.970000,2.000000,709.806335,418.666412,18.941361,56.098879,1,0.107000,0.819428
SP_R_Yoga_2,posenet,76,3.070570,ok,1,direct,1.000000,12,right_hip,1,1,2.000000,663.300000,392.870000,2.000000,654.216370,411.949921,21.131865,56.098879,1,0.107000,0.780459
SP_R_Yoga_2,posenet,76,3.070570,ok,1,direct,1.000000,13,left_knee,1,1,2.000000,693.360000,530.130000,2.000000,694.471191,520.372864,9.820206,56.098879,1,0.087000,0.922221
SP_R_Yoga_2,posenet,76,3.070570,ok,1,direct,1.000000,14,right_knee,1,1,2.000000,573.140000,449.220000,2.000000,578.498840,450.329742,5.472540,56.098879,1,0.087000,0.975168
SP_R_Yoga_2,posenet,76,3.070570,ok,1,direct,1.000000,15,left_ankle,1,1,2.000000,674.810000,643.940000,2.000000,675.302185,638.390747,5.571037,56.098879,1,0.089000,0.975407
SP_R_Yoga_2,posenet,76,3.070570,ok,1,direct,1.000000,16,right_ankle,1,1,2.000000,660.880000,501.520000,2.000000,661.883911,505.020935,3.642030,56.098879,1,0.089000,0.989414
SP_R_Yoga_2,posenet,77,3.110972,ok,1,direct,1.000000,0,nose,1,1,2.000000,676.590000,222.980000,2.000000,675.669922,222.996185,0.920220,56.075948,1,0.026000,0.992064
SP_R_Yoga_2,posenet,77,3.110972,ok,1,direct,1.000000,1,left_eye,0,0,0.000000,0.000000,0.000000,2.000000,686.216248,214.348068,,,,0.025000,
SP_R_Yoga_2,posenet,77,3.110972,ok,1,direct,1.000000,2,right_eye,0,0,0.000000,0.000000,0.000000,2.000000,664.164856,215.308975,,,,0.025000,
SP_R_Yoga_2,posenet,77,3.110972,ok,1,direct,1.000000,3,left_ear,0,0,0.000000,0.000000,0.000000,2.000000,701.556396,222.035294,,,,0.035000,
SP_R_Yoga_2,posenet,77,3.110972,ok,1,direct,1.000000,4,right_ear,0,0,0.000000,0.000000,0.000000,2.000000,649.783447,224.917999,,,,0.035000,
SP_R_Yoga_2,posenet,77,3.110972,ok,1,direct,1.000000,5,left_shoulder,1,1,2.000000,718.460000,269.260000,2.000000,721.690247,276.806671,8.208943,56.075948,1,0.079000,0.933630
SP_R_Yoga_2,posenet,77,3.110972,ok,1,direct,1.000000,6,right_shoulder,1,1,2.000000,635.030000,277.250000,2.000000,645.948425,281.611176,11.757205,56.075948,1,0.079000,0.868599
SP_R_Yoga_2,posenet,77,3.110972,ok,1,direct,1.000000,7,left_elbow,1,1,2.000000,726.250000,191.860000,2.000000,737.989197,349.835205,158.410777,56.075948,0,0.072000,0.000000
SP_R_Yoga_2,posenet,77,3.110972,ok,1,direct,1.000000,8,right_elbow,1,1,2.000000,629.810000,196.470000,2.000000,629.649536,350.796143,154.326226,56.075948,0,0.072000,0.000000
SP_R_Yoga_2,posenet,77,3.110972,ok,1,direct,1.000000,9,left_wrist,1,1,2.000000,689.180000,130.500000,2.000000,731.277893,391.153992,264.031695,56.075948,0,0.062000,0.000000
SP_R_Yoga_2,posenet,77,3.110972,ok,1,direct,1.000000,10,right_wrist,1,1,2.000000,662.330000,131.490000,2.000000,633.484558,174.951096,52.162499,56.075948,1,0.062000,0.011086
SP_R_Yoga_2,posenet,77,3.110972,ok,1,direct,1.000000,11,left_hip,1,1,2.000000,706.770000,399.970000,2.000000,710.185181,414.215607,14.649258,56.075948,1,0.107000,0.887615
SP_R_Yoga_2,posenet,77,3.110972,ok,1,direct,1.000000,12,right_hip,1,1,2.000000,663.300000,392.870000,2.000000,654.577271,411.332947,20.419755,56.075948,1,0.107000,0.793233
SP_R_Yoga_2,posenet,77,3.110972,ok,1,direct,1.000000,13,left_knee,1,1,2.000000,693.360000,530.130000,2.000000,696.762573,506.462219,23.911114,56.075948,1,0.087000,0.618512
SP_R_Yoga_2,posenet,77,3.110972,ok,1,direct,1.000000,14,right_knee,1,1,2.000000,573.140000,449.220000,2.000000,580.752869,451.690826,8.003796,56.075948,1,0.087000,0.947592
SP_R_Yoga_2,posenet,77,3.110972,ok,1,direct,1.000000,15,left_ankle,1,1,2.000000,674.810000,643.940000,2.000000,676.628662,625.614014,18.416007,56.075948,1,0.089000,0.761607
SP_R_Yoga_2,posenet,77,3.110972,ok,1,direct,1.000000,16,right_ankle,1,1,2.000000,660.850000,501.690000,2.000000,666.082336,504.540405,5.958368,56.075948,1,0.089000,0.971895
SP_R_Yoga_2,posenet,78,3.151374,ok,1,direct,1.000000,0,nose,1,1,2.000000,676.440000,223.020000,2.000000,673.783386,223.330673,2.674718,56.053008,1,0.026000,0.934853
SP_R_Yoga_2,posenet,78,3.151374,ok,1,direct,1.000000,1,left_eye,0,0,0.000000,0.000000,0.000000,2.000000,683.381042,214.685272,,,,0.025000,
SP_R_Yoga_2,posenet,78,3.151374,ok,1,direct,1.000000,2,right_eye,0,0,0.000000,0.000000,0.000000,2.000000,663.226074,215.645874,,,,0.025000,
SP_R_Yoga_2,posenet,78,3.151374,ok,1,direct,1.000000,3,left_ear,0,0,0.000000,0.000000,0.000000,2.000000,700.656799,223.330673,,,,0.035000,
SP_R_Yoga_2,posenet,78,3.151374,ok,1,direct,1.000000,4,right_ear,0,0,0.000000,0.000000,0.000000,2.000000,649.789307,226.212463,,,,0.035000,
SP_R_Yoga_2,posenet,78,3.151374,ok,1,direct,1.000000,5,left_shoulder,1,1,2.000000,718.210000,269.390000,2.000000,723.691162,282.887787,14.568232,56.053008,1,0.079000,0.805359
SP_R_Yoga_2,posenet,78,3.151374,ok,1,direct,1.000000,6,right_shoulder,1,1,2.000000,635.030000,277.250000,2.000000,648.829590,281.927124,14.570661,56.053008,1,0.079000,0.805301
SP_R_Yoga_2,posenet,78,3.151374,ok,1,direct,1.000000,7,left_elbow,1,1,2.000000,726.250000,191.860000,2.000000,738.087585,349.169037,157.753800,56.053008,0,0.072000,0.000000
SP_R_Yoga_2,posenet,78,3.151374,ok,1,direct,1.000000,8,right_elbow,1,1,2.000000,629.810000,196.470000,2.000000,625.795227,357.814423,161.394365,56.053008,0,0.072000,0.000000
SP_R_Yoga_2,posenet,78,3.151374,ok,1,direct,1.000000,9,left_wrist,1,1,2.000000,688.970000,130.920000,2.000000,730.409485,390.474762,262.841978,56.053008,0,0.062000,0.000000
SP_R_Yoga_2,posenet,78,3.151374,ok,1,direct,1.000000,10,right_wrist,1,1,2.000000,662.650000,131.700000,2.000000,610.438965,394.317169,267.756923,56.053008,0,0.062000,0.000000
SP_R_Yoga_2,posenet,78,3.151374,ok,1,direct,1.000000,11,left_hip,1,1,2.000000,706.770000,399.970000,2.000000,708.334961,417.371521,17.471750,56.053008,1,0.107000,0.843900
SP_R_Yoga_2,posenet,78,3.151374,ok,1,direct,1.000000,12,right_hip,1,1,2.000000,663.300000,392.870000,2.000000,655.547913,410.647308,19.394008,56.053008,1,0.107000,0.811296
SP_R_Yoga_2,posenet,78,3.151374,ok,1,direct,1.000000,13,left_knee,1,1,2.000000,693.360000,530.130000,2.000000,696.817810,518.234314,12.388051,56.053008,1,0.087000,0.878919
SP_R_Yoga_2,posenet,78,3.151374,ok,1,direct,1.000000,14,right_knee,1,1,2.000000,573.140000,449.220000,2.000000,580.686279,450.992432,7.751635,56.053008,1,0.087000,0.950722
SP_R_Yoga_2,posenet,78,3.151374,ok,1,direct,1.000000,15,left_ankle,1,1,2.000000,674.810000,643.940000,2.000000,675.702942,621.978943,21.979203,56.053008,1,0.089000,0.678264
SP_R_Yoga_2,posenet,78,3.151374,ok,1,direct,1.000000,16,right_ankle,1,1,2.000000,660.830000,501.850000,2.000000,667.065063,506.707184,7.903686,56.053008,1,0.089000,0.951038
SP_R_Yoga_2,posenet,79,3.191777,ok,1,direct,1.000000,0,nose,1,1,2.000000,676.300000,223.060000,2.000000,672.362732,224.372559,4.150288,56.046998,1,0.026000,0.850244
SP_R_Yoga_2,posenet,79,3.191777,ok,1,direct,1.000000,1,left_eye,0,0,0.000000,0.000000,0.000000,2.000000,683.831848,215.733963,,,,0.025000,
SP_R_Yoga_2,posenet,79,3.191777,ok,1,direct,1.000000,2,right_eye,0,0,0.000000,0.000000,0.000000,2.000000,662.805176,217.653656,,,,0.025000,
SP_R_Yoga_2,posenet,79,3.191777,ok,1,direct,1.000000,3,left_ear,0,0,0.000000,0.000000,0.000000,2.000000,701.991150,224.372559,,,,0.035000,
SP_R_Yoga_2,posenet,79,3.191777,ok,1,direct,1.000000,4,right_ear,0,0,0.000000,0.000000,0.000000,2.000000,648.468872,226.292236,,,,0.035000,
SP_R_Yoga_2,posenet,79,3.191777,ok,1,direct,1.000000,5,left_shoulder,1,1,2.000000,717.960000,269.530000,2.000000,723.973572,281.003296,12.953747,56.046998,1,0.079000,0.842667
SP_R_Yoga_2,posenet,79,3.191777,ok,1,direct,1.000000,6,right_shoulder,1,1,2.000000,635.030000,277.250000,2.000000,648.468872,280.043457,13.726131,56.046998,1,0.079000,0.825137
SP_R_Yoga_2,posenet,79,3.191777,ok,1,direct,1.000000,7,left_elbow,1,1,2.000000,726.250000,191.860000,2.000000,741.177185,349.152130,157.998845,56.046998,0,0.072000,0.000000
SP_R_Yoga_2,posenet,79,3.191777,ok,1,direct,1.000000,8,right_elbow,1,1,2.000000,629.810000,196.470000,2.000000,626.486450,357.790710,161.354943,56.046998,0,0.072000,0.000000
SP_R_Yoga_2,posenet,79,3.191777,ok,1,direct,1.000000,9,left_wrist,1,1,2.000000,688.810000,131.030000,2.000000,727.796631,391.385223,263.258048,56.046998,0,0.062000,0.000000
SP_R_Yoga_2,posenet,79,3.191777,ok,1,direct,1.000000,10,right_wrist,1,1,2.000000,662.540000,131.920000,2.000000,653.247620,498.887604,367.085236,56.046998,0,0.062000,0.000000
SP_R_Yoga_2,posenet,79,3.191777,ok,1,direct,1.000000,11,left_hip,1,1,2.000000,706.770000,399.970000,2.000000,707.725769,418.260803,18.315758,56.046998,1,0.107000,0.829813
SP_R_Yoga_2,posenet,79,3.191777,ok,1,direct,1.000000,12,right_hip,1,1,2.000000,663.300000,392.870000,2.000000,655.159119,411.541931,20.369462,56.046998,1,0.107000,0.793948
SP_R_Yoga_2,posenet,79,3.191777,ok,1,direct,1.000000,13,left_knee,1,1,2.000000,693.360000,530.130000,2.000000,694.345093,523.843567,6.363148,56.046998,1,0.087000,0.966515
SP_R_Yoga_2,posenet,79,3.191777,ok,1,direct,1.000000,14,right_knee,1,1,2.000000,573.140000,449.220000,2.000000,578.698669,448.975769,5.564032,56.046998,1,0.087000,0.974295
SP_R_Yoga_2,posenet,79,3.191777,ok,1,direct,1.000000,15,left_ankle,1,1,2.000000,674.810000,643.940000,2.000000,677.141541,626.546753,17.548821,56.046998,1,0.089000,0.780721
SP_R_Yoga_2,posenet,79,3.191777,ok,1,direct,1.000000,16,right_ankle,1,1,2.000000,660.800000,502.020000,2.000000,658.982178,500.807312,2.185198,56.046998,1,0.089000,0.996169
SP_R_Yoga_2,posenet,80,3.232179,ok,1,direct,1.000000,0,nose,1,1,2.000000,676.150000,223.100000,2.000000,671.674988,224.215302,4.611901,56.040988,1,0.026000,0.818428
SP_R_Yoga_2,posenet,80,3.232179,ok,1,direct,1.000000,1,left_eye,0,0,0.000000,0.000000,0.000000,2.000000,682.207031,215.574997,,,,0.025000,
SP_R_Yoga_2,posenet,80,3.232179,ok,1,direct,1.000000,2,right_eye,0,0,0.000000,0.000000,0.000000,2.000000,661.142944,216.535034,,,,0.025000,
SP_R_Yoga_2,posenet,80,3.232179,ok,1,direct,1.000000,3,left_ear,0,0,0.000000,0.000000,0.000000,2.000000,702.313660,223.255280,,,,0.035000,
SP_R_Yoga_2,posenet,80,3.232179,ok,1,direct,1.000000,4,right_ear,0,0,0.000000,0.000000,0.000000,2.000000,648.695984,227.095413,,,,0.035000,
SP_R_Yoga_2,posenet,80,3.232179,ok,1,direct,1.000000,5,left_shoulder,1,1,2.000000,717.710000,269.660000,2.000000,722.420227,279.897308,11.268927,56.040988,1,0.079000,0.878467
SP_R_Yoga_2,posenet,80,3.232179,ok,1,direct,1.000000,6,right_shoulder,1,1,2.000000,635.030000,277.250000,2.000000,646.781067,280.857330,12.292290,56.040988,1,0.079000,0.857117
SP_R_Yoga_2,posenet,80,3.232179,ok,1,direct,1.000000,7,left_elbow,1,1,2.000000,726.250000,191.860000,2.000000,737.739624,345.179657,153.749565,56.040988,0,0.072000,0.000000
SP_R_Yoga_2,posenet,80,3.232179,ok,1,direct,1.000000,8,right_elbow,1,1,2.000000,629.810000,196.470000,2.000000,630.504272,351.899902,155.431453,56.040988,0,0.072000,0.000000
SP_R_Yoga_2,posenet,80,3.232179,ok,1,direct,1.000000,9,left_wrist,1,1,2.000000,688.640000,131.140000,2.000000,730.079956,392.221375,264.349681,56.040988,0,0.062000,0.000000
SP_R_Yoga_2,posenet,80,3.232179,ok,1,direct,1.000000,10,right_wrist,1,1,2.000000,662.430000,132.140000,2.000000,618.057312,385.501099,257.217382,56.040988,0,0.062000,0.000000
SP_R_Yoga_2,posenet,80,3.232179,ok,1,direct,1.000000,11,left_hip,1,1,2.000000,706.770000,399.970000,2.000000,708.058350,417.182251,17.260401,56.040988,1,0.107000,0.847291
SP_R_Yoga_2,posenet,80,3.232179,ok,1,direct,1.000000,12,right_hip,1,1,2.000000,663.300000,392.870000,2.000000,653.483276,411.422058,20.989210,56.040988,1,0.107000,0.782671
SP_R_Yoga_2,posenet,80,3.232179,ok,1,direct,1.000000,13,left_knee,1,1,2.000000,693.360000,530.130000,2.000000,692.739014,518.945923,11.201304,56.040988,1,0.087000,0.899817
SP_R_Yoga_2,posenet,80,3.232179,ok,1,direct,1.000000,14,right_knee,1,1,2.000000,573.140000,449.220000,2.000000,578.801514,450.783447,5.873424,56.040988,1,0.087000,0.971393
SP_R_Yoga_2,posenet,80,3.232179,ok,1,direct,1.000000,15,left_ankle,1,1,2.000000,674.810000,643.940000,2.000000,674.547302,626.469788,17.472187,56.040988,1,0.089000,0.782366
SP_R_Yoga_2,posenet,80,3.232179,ok,1,direct,1.000000,16,right_ankle,1,1,2.000000,660.770000,502.180000,2.000000,664.972778,503.585358,4.431521,56.040988,1,0.089000,0.984335
SP_R_Yoga_2,posenet,81,3.272581,ok,1,direct,1.000000,0,nose,1,1,2.000000,676.000000,223.130000,2.000000,672.575256,221.261185,3.901454,56.034977,1,0.026000,0.866388
SP_R_Yoga_2,posenet,81,3.272581,ok,1,direct,1.000000,1,left_eye,0,0,0.000000,0.000000,0.000000,2.000000,682.176147,211.648758,,,,0.025000,
SP_R_Yoga_2,posenet,81,3.272581,ok,1,direct,1.000000,2,right_eye,0,0,0.000000,0.000000,0.000000,2.000000,662.014282,216.454956,,,,0.025000,
SP_R_Yoga_2,posenet,81,3.272581,ok,1,direct,1.000000,3,left_ear,0,0,0.000000,0.000000,0.000000,2.000000,700.417847,225.106140,,,,0.035000,
SP_R_Yoga_2,posenet,81,3.272581,ok,1,direct,1.000000,4,right_ear,0,0,0.000000,0.000000,0.000000,2.000000,650.493225,228.951126,,,,0.035000,
SP_R_Yoga_2,posenet,81,3.272581,ok,1,direct,1.000000,5,left_shoulder,1,1,2.000000,717.470000,269.790000,2.000000,721.539795,283.741913,14.533379,56.034977,1,0.079000,0.806081
SP_R_Yoga_2,posenet,81,3.272581,ok,1,direct,1.000000,6,right_shoulder,1,1,2.000000,635.030000,277.250000,2.000000,647.612915,283.741913,14.158908,56.034977,1,0.079000,0.814969
SP_R_Yoga_2,posenet,81,3.272581,ok,1,direct,1.000000,7,left_elbow,1,1,2.000000,726.250000,191.860000,2.000000,715.779236,189.540176,10.724667,56.034977,1,0.072000,0.868208
SP_R_Yoga_2,posenet,81,3.272581,ok,1,direct,1.000000,8,right_elbow,1,1,2.000000,629.810000,196.470000,2.000000,629.371277,363.525085,167.055662,56.034977,0,0.072000,0.000000
SP_R_Yoga_2,posenet,81,3.272581,ok,1,direct,1.000000,9,left_wrist,1,1,2.000000,688.470000,131.250000,2.000000,725.380127,393.323578,264.660004,56.034977,0,0.062000,0.000000
SP_R_Yoga_2,posenet,81,3.272581,ok,1,direct,1.000000,10,right_wrist,1,1,2.000000,662.320000,132.360000,2.000000,643.772644,173.199051,44.853456,56.034977,1,0.062000,0.035663
SP_R_Yoga_2,posenet,81,3.272581,ok,1,direct,1.000000,11,left_hip,1,1,2.000000,706.770000,399.970000,2.000000,708.098511,414.470917,14.561646,56.034977,1,0.107000,0.888724
SP_R_Yoga_2,posenet,81,3.272581,ok,1,direct,1.000000,12,right_hip,1,1,2.000000,663.300000,392.870000,2.000000,654.333557,412.548431,21.624934,56.034977,1,0.107000,0.770922
SP_R_Yoga_2,posenet,81,3.272581,ok,1,direct,1.000000,13,left_knee,1,1,2.000000,693.360000,530.130000,2.000000,693.697205,508.672699,21.459950,56.034977,1,0.087000,0.678716
SP_R_Yoga_2,posenet,81,3.272581,ok,1,direct,1.000000,14,right_knee,1,1,2.000000,573.140000,449.220000,2.000000,578.486633,450.036865,5.408674,56.034977,1,0.087000,0.975682
SP_R_Yoga_2,posenet,81,3.272581,ok,1,direct,1.000000,15,left_ankle,1,1,2.000000,674.810000,643.940000,2.000000,671.615173,632.672974,11.711225,56.034977,1,0.089000,0.895574
SP_R_Yoga_2,posenet,81,3.272581,ok,1,direct,1.000000,16,right_ankle,1,1,2.000000,660.750000,502.350000,2.000000,660.094116,505.788971,3.500958,56.034977,1,0.089000,0.990192
SP_R_Yoga_2,posenet,82,3.312983,ok,1,direct,1.000000,0,nose,1,1,2.000000,675.850000,223.170000,2.000000,671.940491,222.495407,3.967283,56.028965,1,0.026000,0.862142
SP_R_Yoga_2,posenet,82,3.312983,ok,1,direct,1.000000,1,left_eye,0,0,0.000000,0.000000,0.000000,2.000000,683.454102,213.852905,,,,0.025000,
SP_R_Yoga_2,posenet,82,3.312983,ok,1,direct,1.000000,2,right_eye,0,0,0.000000,0.000000,0.000000,2.000000,661.386414,215.773468,,,,0.025000,
SP_R_Yoga_2,posenet,82,3.312983,ok,1,direct,1.000000,3,left_ear,0,0,0.000000,0.000000,0.000000,2.000000,702.643433,223.455704,,,,0.035000,
SP_R_Yoga_2,posenet,82,3.312983,ok,1,direct,1.000000,4,right_ear,0,0,0.000000,0.000000,0.000000,2.000000,649.872742,232.098190,,,,0.035000,
SP_R_Yoga_2,posenet,82,3.312983,ok,1,direct,1.000000,5,left_shoulder,1,1,2.000000,717.220000,269.930000,2.000000,724.711182,285.873779,17.615956,56.028965,1,0.079000,0.728488
SP_R_Yoga_2,posenet,82,3.312983,ok,1,direct,1.000000,6,right_shoulder,1,1,2.000000,635.030000,277.250000,2.000000,652.751160,285.873779,19.708097,56.028965,1,0.079000,0.672672
SP_R_Yoga_2,posenet,82,3.312983,ok,1,direct,1.000000,7,left_elbow,1,1,2.000000,726.250000,191.860000,2.000000,737.184204,379.980988,188.438485,56.028965,0,0.072000,0.000000
SP_R_Yoga_2,posenet,82,3.312983,ok,1,direct,1.000000,8,right_elbow,1,1,2.000000,629.810000,196.470000,2.000000,635.480774,378.060425,181.678948,56.028965,0,0.072000,0.000000
SP_R_Yoga_2,posenet,82,3.312983,ok,1,direct,1.000000,9,left_wrist,1,1,2.000000,688.310000,131.360000,2.000000,727.589539,398.226257,269.741509,56.028965,0,0.062000,0.000000
SP_R_Yoga_2,posenet,82,3.312983,ok,1,direct,1.000000,10,right_wrist,1,1,2.000000,662.210000,132.580000,2.000000,652.751160,501.936218,369.477314,56.028965,0,0.062000,0.000000
SP_R_Yoga_2,posenet,82,3.312983,ok,1,direct,1.000000,11,left_hip,1,1,2.000000,706.770000,399.970000,2.000000,713.197571,417.431793,18.607200,56.028965,1,0.107000,0.824760
SP_R_Yoga_2,posenet,82,3.312983,ok,1,direct,1.000000,12,right_hip,1,1,2.000000,663.300000,392.870000,2.000000,660.426880,415.511230,22.822799,56.028965,1,0.107000,0.748375
SP_R_Yoga_2,posenet,82,3.312983,ok,1,direct,1.000000,13,left_knee,1,1,2.000000,693.360000,530.130000,2.000000,695.927185,502.896545,27.354186,56.028965,1,0.087000,0.532690
SP_R_Yoga_2,posenet,82,3.312983,ok,1,direct,1.000000,14,right_knee,1,1,2.000000,573.140000,449.220000,2.000000,576.953308,451.041534,4.226027,56.028965,1,0.087000,0.985080
SP_R_Yoga_2,posenet,82,3.312983,ok,1,direct,1.000000,15,left_ankle,1,1,2.000000,674.810000,643.940000,2.000000,675.778381,625.812134,18.153713,56.028965,1,0.089000,0.767155
SP_R_Yoga_2,posenet,82,3.312983,ok,1,direct,1.000000,16,right_ankle,1,1,2.000000,660.720000,502.510000,2.000000,657.548462,504.817108,3.921913,56.028965,1,0.089000,0.987705
SP_R_Yoga_2,posenet,83,3.353386,ok,1,direct,1.000000,0,nose,1,1,2.000000,675.710000,223.210000,2.000000,671.500854,221.872879,4.416424,56.022953,1,0.026000,0.832050
SP_R_Yoga_2,posenet,83,3.353386,ok,1,direct,1.000000,1,left_eye,0,0,0.000000,0.000000,0.000000,2.000000,682.999878,216.110245,,,,0.025000,
SP_R_Yoga_2,posenet,83,3.353386,ok,1,direct,1.000000,2,right_eye,0,0,0.000000,0.000000,0.000000,2.000000,660.960144,217.070694,,,,0.025000,
SP_R_Yoga_2,posenet,83,3.353386,ok,1,direct,1.000000,3,left_ear,0,0,0.000000,0.000000,0.000000,2.000000,704.081299,224.754181,,,,0.035000,
SP_R_Yoga_2,posenet,83,3.353386,ok,1,direct,1.000000,4,right_ear,0,0,0.000000,0.000000,0.000000,2.000000,646.586426,227.635483,,,,0.035000,
SP_R_Yoga_2,posenet,83,3.353386,ok,1,direct,1.000000,5,left_shoulder,1,1,2.000000,716.970000,270.060000,2.000000,722.288086,284.301300,15.201864,56.022953,1,0.079000,0.789813
SP_R_Yoga_2,posenet,83,3.353386,ok,1,direct,1.000000,6,right_shoulder,1,1,2.000000,635.030000,277.250000,2.000000,652.335876,281.419983,17.801183,56.022953,1,0.079000,0.723576
SP_R_Yoga_2,posenet,83,3.353386,ok,1,direct,1.000000,7,left_elbow,1,1,2.000000,726.250000,191.860000,2.000000,717.496826,184.415817,11.490601,56.022953,1,0.072000,0.850186
SP_R_Yoga_2,posenet,83,3.353386,ok,1,direct,1.000000,8,right_elbow,1,1,2.000000,629.810000,196.470000,2.000000,633.170959,366.898895,170.462032,56.022953,0,0.072000,0.000000
SP_R_Yoga_2,posenet,83,3.353386,ok,1,direct,1.000000,9,left_wrist,1,1,2.000000,688.140000,131.470000,2.000000,728.037537,395.712006,267.237069,56.022953,0,0.062000,0.000000
SP_R_Yoga_2,posenet,83,3.353386,ok,1,direct,1.000000,10,right_wrist,1,1,2.000000,662.100000,132.810000,2.000000,652.335876,503.280975,370.599624,56.022953,0,0.062000,0.000000
SP_R_Yoga_2,posenet,83,3.353386,ok,1,direct,1.000000,11,left_hip,1,1,2.000000,706.770000,399.970000,2.000000,707.914307,417.802032,17.868711,56.022953,1,0.107000,0.837183
SP_R_Yoga_2,posenet,83,3.353386,ok,1,direct,1.000000,12,right_hip,1,1,2.000000,663.300000,392.870000,2.000000,653.294128,414.920746,24.214724,56.022953,1,0.107000,0.721549
SP_R_Yoga_2,posenet,83,3.353386,ok,1,direct,1.000000,13,left_knee,1,1,2.000000,693.360000,530.130000,2.000000,693.540588,521.529236,8.602660,56.022953,1,0.087000,0.939596
SP_R_Yoga_2,posenet,83,3.353386,ok,1,direct,1.000000,14,right_knee,1,1,2.000000,573.140000,449.220000,2.000000,578.550781,452.377777,6.264831,56.022953,1,0.087000,0.967497
SP_R_Yoga_2,posenet,83,3.353386,ok,1,direct,1.000000,15,left_ankle,1,1,2.000000,674.810000,643.940000,2.000000,674.375610,631.019104,12.928196,56.022953,1,0.089000,0.874188
SP_R_Yoga_2,posenet,83,3.353386,ok,1,direct,1.000000,16,right_ankle,1,1,2.000000,660.690000,502.670000,2.000000,657.127136,505.201782,4.370803,56.022953,1,0.089000,0.984749
SP_R_Yoga_2,posenet,84,3.393788,ok,1,direct,1.000000,0,nose,1,1,2.000000,675.560000,223.240000,2.000000,672.366272,223.751709,3.234462,56.016940,1,0.026000,0.906070
SP_R_Yoga_2,posenet,84,3.393788,ok,1,direct,1.000000,1,left_eye,0,0,0.000000,0.000000,0.000000,2.000000,682.879761,214.143295,,,,0.025000,
SP_R_Yoga_2,posenet,84,3.393788,ok,1,direct,1.000000,2,right_eye,0,0,0.000000,0.000000,0.000000,2.000000,661.852722,216.064972,,,,0.025000,
SP_R_Yoga_2,posenet,84,3.393788,ok,1,direct,1.000000,3,left_ear,0,0,0.000000,0.000000,0.000000,2.000000,702.950989,224.712555,,,,0.035000,
SP_R_Yoga_2,posenet,84,3.393788,ok,1,direct,1.000000,4,right_ear,0,0,0.000000,0.000000,0.000000,2.000000,647.516113,226.634216,,,,0.035000,
SP_R_Yoga_2,posenet,84,3.393788,ok,1,direct,1.000000,5,left_shoulder,1,1,2.000000,716.720000,270.190000,2.000000,721.110718,280.441345,11.152062,56.016940,1,0.079000,0.880722
SP_R_Yoga_2,posenet,84,3.393788,ok,1,direct,1.000000,6,right_shoulder,1,1,2.000000,635.030000,277.250000,2.000000,651.339233,280.441345,16.618537,56.016940,1,0.079000,0.754238
SP_R_Yoga_2,posenet,84,3.393788,ok,1,direct,1.000000,7,left_elbow,1,1,2.000000,726.250000,191.860000,2.000000,737.358887,353.465332,161.986699,56.016940,0,0.072000,0.000000
SP_R_Yoga_2,posenet,84,3.393788,ok,1,direct,1.000000,8,right_elbow,1,1,2.000000,629.810000,196.470000,2.000000,630.312195,357.308685,160.839469,56.016940,0,0.072000,0.000000
SP_R_Yoga_2,posenet,84,3.393788,ok,1,direct,1.000000,9,left_wrist,1,1,2.000000,687.970000,131.580000,2.000000,730.668457,392.859833,264.745745,56.016940,0,0.062000,0.000000
SP_R_Yoga_2,posenet,84,3.393788,ok,1,direct,1.000000,10,right_wrist,1,1,2.000000,661.980000,133.030000,2.000000,637.002625,185.318039,57.947462,56.016940,0,0.062000,0.003819
SP_R_Yoga_2,posenet,84,3.393788,ok,1,direct,1.000000,11,left_hip,1,1,2.000000,706.770000,399.970000,2.000000,707.729858,418.802551,18.856996,56.016940,1,0.107000,0.820406
SP_R_Yoga_2,posenet,84,3.393788,ok,1,direct,1.000000,12,right_hip,1,1,2.000000,663.300000,392.870000,2.000000,652.294983,412.076660,22.136084,56.016940,1,0.107000,0.761254
SP_R_Yoga_2,posenet,84,3.393788,ok,1,direct,1.000000,13,left_knee,1,1,2.000000,693.360000,530.130000,2.000000,694.349060,523.534302,6.669443,56.016940,1,0.087000,0.963236
SP_R_Yoga_2,posenet,84,3.393788,ok,1,direct,1.000000,14,right_knee,1,1,2.000000,573.140000,449.220000,2.000000,578.700439,453.392853,6.952064,56.016940,1,0.087000,0.960118
SP_R_Yoga_2,posenet,84,3.393788,ok,1,direct,1.000000,15,left_ankle,1,1,2.000000,674.810000,643.940000,2.000000,676.189331,631.148560,12.865594,56.016940,1,0.089000,0.875299
SP_R_Yoga_2,posenet,84,3.393788,ok,1,direct,1.000000,16,right_ankle,1,1,2.000000,660.660000,502.840000,2.000000,653.250793,510.082520,10.361005,56.016940,1,0.089000,0.917245
SP_R_Yoga_2,posenet,85,3.434190,ok,1,direct,1.000000,0,nose,1,1,2.000000,675.410000,223.280000,2.000000,671.375549,223.356552,4.035177,56.010380,1,0.026000,0.857651
SP_R_Yoga_2,posenet,85,3.434190,ok,1,direct,1.000000,1,left_eye,0,0,0.000000,0.000000,0.000000,2.000000,683.835754,214.712143,,,,0.025000,
SP_R_Yoga_2,posenet,85,3.434190,ok,1,direct,1.000000,2,right_eye,0,0,0.000000,0.000000,0.000000,2.000000,660.832214,215.672638,,,,0.025000,
SP_R_Yoga_2,posenet,85,3.434190,ok,1,direct,1.000000,3,left_ear,0,0,0.000000,0.000000,0.000000,2.000000,702.046814,224.317047,,,,0.035000,
SP_R_Yoga_2,posenet,85,3.434190,ok,1,direct,1.000000,4,right_ear,0,0,0.000000,0.000000,0.000000,2.000000,646.455078,228.158997,,,,0.035000,
SP_R_Yoga_2,posenet,85,3.434190,ok,1,direct,1.000000,5,left_shoulder,1,1,2.000000,716.470000,270.330000,2.000000,720.257874,283.867432,14.057384,56.010380,1,0.079000,0.817210
SP_R_Yoga_2,posenet,85,3.434190,ok,1,direct,1.000000,6,right_shoulder,1,1,2.000000,635.030000,277.250000,2.000000,650.289001,282.906952,16.273851,56.010380,1,0.079000,0.762973
SP_R_Yoga_2,posenet,85,3.434190,ok,1,direct,1.000000,7,left_elbow,1,1,2.000000,726.250000,191.860000,2.000000,734.635132,348.220245,156.584919,56.010380,0,0.072000,0.000000
SP_R_Yoga_2,posenet,85,3.434190,ok,1,direct,1.000000,8,right_elbow,1,1,2.000000,629.810000,196.470000,2.000000,630.160950,356.864685,160.395069,56.010380,0,0.072000,0.000000
SP_R_Yoga_2,posenet,85,3.434190,ok,1,direct,1.000000,9,left_wrist,1,1,2.000000,687.810000,131.700000,2.000000,728.884216,392.402802,263.918628,56.010380,0,0.062000,0.000000
SP_R_Yoga_2,posenet,85,3.434190,ok,1,direct,1.000000,10,right_wrist,1,1,2.000000,661.870000,133.250000,2.000000,636.870300,183.015976,55.692346,56.010380,1,0.062000,0.005834
SP_R_Yoga_2,posenet,85,3.434190,ok,1,direct,1.000000,11,left_hip,1,1,2.000000,706.770000,399.970000,2.000000,707.797668,418.336060,18.394789,56.010380,1,0.107000,0.828271
SP_R_Yoga_2,posenet,85,3.434190,ok,1,direct,1.000000,12,right_hip,1,1,2.000000,663.300000,392.870000,2.000000,652.205994,411.612640,21.779889,56.010380,1,0.107000,0.767865
SP_R_Yoga_2,posenet,85,3.434190,ok,1,direct,1.000000,13,left_knee,1,1,2.000000,693.360000,530.130000,2.000000,693.420532,519.187500,10.942667,56.010380,1,0.087000,0.904063
SP_R_Yoga_2,posenet,85,3.434190,ok,1,direct,1.000000,14,right_knee,1,1,2.000000,573.140000,449.220000,2.000000,578.403076,452.913696,6.429880,56.010380,1,0.087000,0.965777
SP_R_Yoga_2,posenet,85,3.434190,ok,1,direct,1.000000,15,left_ankle,1,1,2.000000,674.810000,643.940000,2.000000,677.126404,632.525391,11.647276,56.010380,1,0.089000,0.896565
SP_R_Yoga_2,posenet,85,3.434190,ok,1,direct,1.000000,16,right_ankle,1,1,2.000000,660.660000,502.840000,2.000000,660.832214,506.701141,3.864980,56.010380,1,0.089000,0.988049
SP_R_Yoga_2,posenet,86,3.474592,ok,1,direct,1.000000,0,nose,1,1,2.000000,675.260000,223.320000,2.000000,672.964600,222.403625,2.471559,56.004366,1,0.026000,0.944008
SP_R_Yoga_2,posenet,86,3.474592,ok,1,direct,1.000000,1,left_eye,0,0,0.000000,0.000000,0.000000,2.000000,682.558044,212.795792,,,,0.025000,
SP_R_Yoga_2,posenet,86,3.474592,ok,1,direct,1.000000,2,right_eye,0,0,0.000000,0.000000,0.000000,2.000000,661.452515,216.638916,,,,0.025000,
SP_R_Yoga_2,posenet,86,3.474592,ok,1,direct,1.000000,3,left_ear,0,0,0.000000,0.000000,0.000000,2.000000,701.744873,222.403625,,,,0.035000,
SP_R_Yoga_2,posenet,86,3.474592,ok,1,direct,1.000000,4,right_ear,0,0,0.000000,0.000000,0.000000,2.000000,645.143677,228.168320,,,,0.035000,
SP_R_Yoga_2,posenet,86,3.474592,ok,1,direct,1.000000,5,left_shoulder,1,1,2.000000,716.230000,270.460000,2.000000,718.053650,280.050568,9.762412,56.004366,1,0.079000,0.907216
SP_R_Yoga_2,posenet,86,3.474592,ok,1,direct,1.000000,6,right_shoulder,1,1,2.000000,635.030000,277.250000,2.000000,642.265625,281.011383,8.154892,56.004366,1,0.079000,0.934310
SP_R_Yoga_2,posenet,86,3.474592,ok,1,direct,1.000000,7,left_elbow,1,1,2.000000,726.250000,191.860000,2.000000,734.362549,349.226959,157.575929,56.004366,0,0.072000,0.000000
SP_R_Yoga_2,posenet,86,3.474592,ok,1,direct,1.000000,8,right_elbow,1,1,2.000000,629.810000,196.470000,2.000000,573.192993,452.030701,261.757058,56.004366,0,0.072000,0.000000
SP_R_Yoga_2,posenet,86,3.474592,ok,1,direct,1.000000,9,left_wrist,1,1,2.000000,687.640000,131.810000,2.000000,730.525146,389.579834,261.312884,56.004366,0,0.062000,0.000000
SP_R_Yoga_2,posenet,86,3.474592,ok,1,direct,1.000000,10,right_wrist,1,1,2.000000,661.760000,133.470000,2.000000,654.737061,502.952240,369.548978,56.004366,0,0.062000,0.000000
SP_R_Yoga_2,posenet,86,3.474592,ok,1,direct,1.000000,11,left_hip,1,1,2.000000,706.770000,399.970000,2.000000,706.541565,418.403320,18.434736,56.004366,1,0.107000,0.827559
SP_R_Yoga_2,posenet,86,3.474592,ok,1,direct,1.000000,12,right_hip,1,1,2.000000,663.300000,392.870000,2.000000,650.899719,412.638611,23.335915,56.004366,1,0.107000,0.738380
SP_R_Yoga_2,posenet,86,3.474592,ok,1,direct,1.000000,13,left_knee,1,1,2.000000,693.360000,530.130000,2.000000,696.948120,528.893311,3.795261,56.004366,1,0.087000,0.987939
SP_R_Yoga_2,posenet,86,3.474592,ok,1,direct,1.000000,14,right_knee,1,1,2.000000,573.140000,449.220000,2.000000,575.111633,452.991516,4.255781,56.004366,1,0.087000,0.984858
SP_R_Yoga_2,posenet,86,3.474592,ok,1,direct,1.000000,15,left_ankle,1,1,2.000000,674.810000,643.940000,2.000000,675.842590,630.736328,13.243987,56.004366,1,0.089000,0.868313
SP_R_Yoga_2,posenet,86,3.474592,ok,1,direct,1.000000,16,right_ankle,1,1,2.000000,660.660000,502.840000,2.000000,658.574463,503.912994,2.345375,56.004366,1,0.089000,0.995582
SP_R_Yoga_2,posenet,87,3.514994,ok,1,direct,1.000000,0,nose,1,1,2.000000,675.110000,223.350000,2.000000,672.958618,222.530441,2.302199,55.998351,1,0.026000,0.951224
SP_R_Yoga_2,posenet,87,3.514994,ok,1,direct,1.000000,1,left_eye,0,0,0.000000,0.000000,0.000000,2.000000,681.592651,213.884354,,,,0.025000,
SP_R_Yoga_2,posenet,87,3.514994,ok,1,direct,1.000000,2,right_eye,0,0,0.000000,0.000000,0.000000,2.000000,661.446594,216.766388,,,,0.025000,
SP_R_Yoga_2,posenet,87,3.514994,ok,1,direct,1.000000,3,left_ear,0,0,0.000000,0.000000,0.000000,2.000000,701.738708,225.412460,,,,0.035000,
SP_R_Yoga_2,posenet,87,3.514994,ok,1,direct,1.000000,4,right_ear,0,0,0.000000,0.000000,0.000000,2.000000,646.097229,228.294510,,,,0.035000,
SP_R_Yoga_2,posenet,87,3.514994,ok,1,direct,1.000000,5,left_shoulder,1,1,2.000000,715.980000,270.590000,2.000000,719.006714,281.131714,10.967622,55.998351,1,0.079000,0.884327
SP_R_Yoga_2,posenet,87,3.514994,ok,1,direct,1.000000,6,right_shoulder,1,1,2.000000,635.030000,277.250000,2.000000,648.975159,282.092377,14.761980,55.998351,1,0.079000,0.800357
SP_R_Yoga_2,posenet,87,3.514994,ok,1,direct,1.000000,7,left_elbow,1,1,2.000000,726.250000,191.860000,2.000000,734.356140,353.182434,161.525965,55.998351,0,0.072000,0.000000
SP_R_Yoga_2,posenet,87,3.514994,ok,1,direct,1.000000,8,right_elbow,1,1,2.000000,629.810000,196.470000,2.000000,632.666443,364.710571,168.264818,55.998351,0,0.072000,0.000000
SP_R_Yoga_2,posenet,87,3.514994,ok,1,direct,1.000000,9,left_wrist,1,1,2.000000,687.480000,131.920000,2.000000,694.064026,286.895782,155.115578,55.998351,0,0.062000,0.000000
SP_R_Yoga_2,posenet,87,3.514994,ok,1,direct,1.000000,10,right_wrist,1,1,2.000000,661.650000,133.690000,2.000000,619.235779,426.193848,295.562966,55.998351,0,0.062000,0.000000
SP_R_Yoga_2,posenet,87,3.514994,ok,1,direct,1.000000,11,left_hip,1,1,2.000000,706.770000,399.970000,2.000000,707.494751,419.469116,19.512580,55.998351,1,0.107000,0.808884
SP_R_Yoga_2,posenet,87,3.514994,ok,1,direct,1.000000,12,right_hip,1,1,2.000000,663.300000,392.870000,2.000000,652.812561,414.665741,24.187615,55.998351,1,0.107000,0.721870
SP_R_Yoga_2,posenet,87,3.514994,ok,1,direct,1.000000,13,left_knee,1,1,2.000000,693.360000,530.130000,2.000000,696.942017,519.379517,11.331537,55.998351,1,0.087000,0.897450
SP_R_Yoga_2,posenet,87,3.514994,ok,1,direct,1.000000,14,right_knee,1,1,2.000000,573.140000,449.220000,2.000000,576.065613,453.092804,4.853640,55.998351,1,0.087000,0.980345
SP_R_Yoga_2,posenet,87,3.514994,ok,1,direct,1.000000,15,left_ankle,1,1,2.000000,674.810000,643.940000,2.000000,674.877258,634.660645,9.279599,55.998351,1,0.089000,0.933013
SP_R_Yoga_2,posenet,87,3.514994,ok,1,direct,1.000000,16,right_ankle,1,1,2.000000,660.660000,502.840000,2.000000,660.487244,506.890717,4.054399,55.998351,1,0.089000,0.986851
SP_R_Yoga_2,posenet,88,3.555397,ok,1,direct,1.000000,0,nose,1,1,2.000000,674.970000,223.390000,2.000000,671.652771,222.897247,3.353627,55.992335,1,0.026000,0.899304
SP_R_Yoga_2,posenet,88,3.555397,ok,1,direct,1.000000,1,left_eye,0,0,0.000000,0.000000,0.000000,2.000000,682.205627,214.249756,,,,0.025000,
SP_R_Yoga_2,posenet,88,3.555397,ok,1,direct,1.000000,2,right_eye,0,0,0.000000,0.000000,0.000000,2.000000,661.099915,216.171417,,,,0.025000,
SP_R_Yoga_2,posenet,88,3.555397,ok,1,direct,1.000000,3,left_ear,0,0,0.000000,0.000000,0.000000,2.000000,701.392639,222.897247,,,,0.035000,
SP_R_Yoga_2,posenet,88,3.555397,ok,1,direct,1.000000,4,right_ear,0,0,0.000000,0.000000,0.000000,2.000000,647.669006,229.623062,,,,0.035000,
SP_R_Yoga_2,posenet,88,3.555397,ok,1,direct,1.000000,5,left_shoulder,1,1,2.000000,715.730000,270.730000,2.000000,720.579712,283.429688,13.594181,55.992335,1,0.079000,0.827872
SP_R_Yoga_2,posenet,88,3.555397,ok,1,direct,1.000000,6,right_shoulder,1,1,2.000000,635.030000,277.250000,2.000000,648.628357,282.468842,14.565425,55.992335,1,0.079000,0.805048
SP_R_Yoga_2,posenet,88,3.555397,ok,1,direct,1.000000,7,left_elbow,1,1,2.000000,726.250000,191.860000,2.000000,734.969910,353.570465,161.945396,55.992335,0,0.072000,0.000000
SP_R_Yoga_2,posenet,88,3.555397,ok,1,direct,1.000000,8,right_elbow,1,1,2.000000,629.810000,196.470000,2.000000,629.441345,368.943787,172.474181,55.992335,0,0.072000,0.000000
SP_R_Yoga_2,posenet,88,3.555397,ok,1,direct,1.000000,9,left_wrist,1,1,2.000000,687.310000,132.030000,2.000000,694.677185,281.508026,149.659466,55.992335,0,0.062000,0.000000
SP_R_Yoga_2,posenet,88,3.555397,ok,1,direct,1.000000,10,right_wrist,1,1,2.000000,661.540000,133.910000,2.000000,654.384460,502.499451,368.658900,55.992335,0,0.062000,0.000000
SP_R_Yoga_2,posenet,88,3.555397,ok,1,direct,1.000000,11,left_hip,1,1,2.000000,706.770000,399.970000,2.000000,707.148743,416.985413,17.019627,55.992335,1,0.107000,0.850951
SP_R_Yoga_2,posenet,88,3.555397,ok,1,direct,1.000000,12,right_hip,1,1,2.000000,663.300000,392.870000,2.000000,653.425049,414.102905,23.416894,55.992335,1,0.107000,0.736728
SP_R_Yoga_2,posenet,88,3.555397,ok,1,direct,1.000000,13,left_knee,1,1,2.000000,693.360000,530.130000,2.000000,695.636536,519.794434,10.583315,55.992335,1,0.087000,0.909918
SP_R_Yoga_2,posenet,88,3.555397,ok,1,direct,1.000000,14,right_knee,1,1,2.000000,573.140000,449.220000,2.000000,574.758301,451.575378,2.857745,55.992335,1,0.087000,0.993141
SP_R_Yoga_2,posenet,88,3.555397,ok,1,direct,1.000000,15,left_ankle,1,1,2.000000,674.810000,643.940000,2.000000,673.571472,628.368591,15.620586,55.992335,1,0.089000,0.821592
SP_R_Yoga_2,posenet,88,3.555397,ok,1,direct,1.000000,16,right_ankle,1,1,2.000000,660.660000,502.840000,2.000000,658.221863,505.382019,3.522268,55.992335,1,0.089000,0.990058
SP_R_Yoga_2,posenet,89,3.595799,ok,1,direct,1.000000,0,nose,1,1,2.000000,674.820000,223.430000,2.000000,671.183228,221.881363,3.952770,55.986319,1,0.026000,0.862883
SP_R_Yoga_2,posenet,89,3.595799,ok,1,direct,1.000000,1,left_eye,0,0,0.000000,0.000000,0.000000,2.000000,680.785583,213.238800,,,,0.025000,
SP_R_Yoga_2,posenet,89,3.595799,ok,1,direct,1.000000,2,right_eye,0,0,0.000000,0.000000,0.000000,2.000000,660.620728,216.119659,,,,0.025000,
SP_R_Yoga_2,posenet,89,3.595799,ok,1,direct,1.000000,3,left_ear,0,0,0.000000,0.000000,0.000000,2.000000,700.950500,223.801941,,,,0.035000,
SP_R_Yoga_2,posenet,89,3.595799,ok,1,direct,1.000000,4,right_ear,0,0,0.000000,0.000000,0.000000,2.000000,647.177429,228.603363,,,,0.035000,
SP_R_Yoga_2,posenet,89,3.595799,ok,1,direct,1.000000,5,left_shoulder,1,1,2.000000,715.480000,270.860000,2.000000,720.155151,280.458679,10.676689,55.986319,1,0.079000,0.889992
SP_R_Yoga_2,posenet,89,3.595799,ok,1,direct,1.000000,6,right_shoulder,1,1,2.000000,635.030000,277.250000,2.000000,648.137634,281.418976,13.754651,55.986319,1,0.079000,0.824132
SP_R_Yoga_2,posenet,89,3.595799,ok,1,direct,1.000000,7,left_elbow,1,1,2.000000,726.250000,191.860000,2.000000,735.518860,358.241730,166.639706,55.986319,0,0.072000,0.000000
SP_R_Yoga_2,posenet,89,3.595799,ok,1,direct,1.000000,8,right_elbow,1,1,2.000000,629.810000,196.470000,2.000000,629.893250,364.003418,167.533439,55.986319,0,0.072000,0.000000
SP_R_Yoga_2,posenet,89,3.595799,ok,1,direct,1.000000,9,left_wrist,1,1,2.000000,687.140000,132.140000,2.000000,694.228821,286.220398,154.243380,55.986319,0,0.062000,0.000000
SP_R_Yoga_2,posenet,89,3.595799,ok,1,direct,1.000000,10,right_wrist,1,1,2.000000,661.430000,134.140000,2.000000,614.529541,389.931061,260.055225,55.986319,0,0.062000,0.000000
SP_R_Yoga_2,posenet,89,3.595799,ok,1,direct,1.000000,11,left_hip,1,1,2.000000,706.770000,399.970000,2.000000,706.711914,419.699890,19.729976,55.986319,1,0.107000,0.804973
SP_R_Yoga_2,posenet,89,3.595799,ok,1,direct,1.000000,12,right_hip,1,1,2.000000,663.300000,392.870000,2.000000,652.938843,416.819031,26.094246,55.986319,1,0.107000,0.684218
SP_R_Yoga_2,posenet,89,3.595799,ok,1,direct,1.000000,13,left_knee,1,1,2.000000,693.360000,530.130000,2.000000,694.228821,518.609131,11.553583,55.986319,1,0.087000,0.893572
SP_R_Yoga_2,posenet,89,3.595799,ok,1,direct,1.000000,14,right_knee,1,1,2.000000,573.140000,449.220000,2.000000,580.921387,454.270111,9.276508,55.986319,1,0.087000,0.930026
SP_R_Yoga_2,posenet,89,3.595799,ok,1,direct,1.000000,15,left_ankle,1,1,2.000000,674.810000,643.940000,2.000000,674.063965,631.922668,12.040466,55.986319,1,0.089000,0.889780
SP_R_Yoga_2,posenet,89,3.595799,ok,1,direct,1.000000,16,right_ankle,1,1,2.000000,660.660000,502.840000,2.000000,657.739990,507.085724,5.152924,55.986319,1,0.089000,0.978838
SP_R_Yoga_2,posenet,90,3.636201,ok,1,direct,1.000000,0,nose,1,1,2.000000,674.820000,223.430000,2.000000,672.374939,223.235535,2.452782,55.976473,1,0.026000,0.944778
SP_R_Yoga_2,posenet,90,3.636201,ok,1,direct,1.000000,1,left_eye,0,0,0.000000,0.000000,0.000000,2.000000,681.943359,213.651413,,,,0.025000,
SP_R_Yoga_2,posenet,90,3.636201,ok,1,direct,1.000000,2,right_eye,0,0,0.000000,0.000000,0.000000,2.000000,660.892822,217.485062,,,,0.025000,
SP_R_Yoga_2,posenet,90,3.636201,ok,1,direct,1.000000,3,left_ear,0,0,0.000000,0.000000,0.000000,2.000000,697.252869,222.277130,,,,0.035000,
SP_R_Yoga_2,posenet,90,3.636201,ok,1,direct,1.000000,4,right_ear,0,0,0.000000,0.000000,0.000000,2.000000,647.497009,233.778061,,,,0.035000,
SP_R_Yoga_2,posenet,90,3.636201,ok,1,direct,1.000000,5,left_shoulder,1,1,2.000000,715.480000,270.860000,2.000000,721.173950,283.615479,13.968654,55.976473,1,0.079000,0.819091
SP_R_Yoga_2,posenet,90,3.636201,ok,1,direct,1.000000,6,right_shoulder,1,1,2.000000,635.030000,277.250000,2.000000,648.453857,286.490692,16.296943,55.976473,1,0.079000,0.762137
SP_R_Yoga_2,posenet,90,3.636201,ok,1,direct,1.000000,7,left_elbow,1,1,2.000000,726.250000,191.860000,2.000000,716.389648,182.023834,13.927551,55.976473,1,0.072000,0.787542
SP_R_Yoga_2,posenet,90,3.636201,ok,1,direct,1.000000,8,right_elbow,1,1,2.000000,629.810000,196.470000,2.000000,634.101257,354.537933,158.126173,55.976473,0,0.072000,0.000000
SP_R_Yoga_2,posenet,90,3.636201,ok,1,direct,1.000000,9,left_wrist,1,1,2.000000,687.200000,132.320000,2.000000,692.468628,134.103256,5.562234,55.976473,1,0.062000,0.949924
SP_R_Yoga_2,posenet,90,3.636201,ok,1,direct,1.000000,10,right_wrist,1,1,2.000000,661.430000,134.290000,2.000000,659.935974,134.103256,1.505652,55.976473,1,0.062000,0.996243
SP_R_Yoga_2,posenet,90,3.636201,ok,1,direct,1.000000,11,left_hip,1,1,2.000000,706.770000,399.970000,2.000000,713.519165,409.167389,11.408032,55.976473,1,0.107000,0.930014
SP_R_Yoga_2,posenet,90,3.636201,ok,1,direct,1.000000,12,right_hip,1,1,2.000000,663.300000,392.870000,2.000000,660.892822,413.001007,20.274416,55.976473,1,0.107000,0.795197
SP_R_Yoga_2,posenet,90,3.636201,ok,1,direct,1.000000,13,left_knee,1,1,2.000000,693.360000,530.130000,2.000000,738.397095,429.294006,110.436577,55.976473,0,0.087000,0.000034
SP_R_Yoga_2,posenet,90,3.636201,ok,1,direct,1.000000,14,right_knee,1,1,2.000000,573.140000,449.220000,2.000000,602.525452,429.294006,35.504225,55.976473,1,0.087000,0.345412
SP_R_Yoga_2,posenet,90,3.636201,ok,1,direct,1.000000,15,left_ankle,1,1,2.000000,674.810000,643.940000,2.000000,691.511780,134.103256,510.110238,55.976473,0,0.089000,0.000000
SP_R_Yoga_2,posenet,90,3.636201,ok,1,direct,1.000000,16,right_ankle,1,1,2.000000,660.660000,502.840000,2.000000,660.892822,134.103256,368.736817,55.976473,0,0.089000,0.000000
SP_R_Yoga_2,posenet,91,3.676603,ok,1,direct,1.000000,0,nose,1,1,2.000000,674.820000,223.430000,2.000000,671.959045,224.045288,2.926370,55.966078,1,0.026000,0.922296
SP_R_Yoga_2,posenet,91,3.676603,ok,1,direct,1.000000,1,left_eye,0,0,0.000000,0.000000,0.000000,2.000000,682.471497,214.449112,,,,0.025000,
SP_R_Yoga_2,posenet,91,3.676603,ok,1,direct,1.000000,2,right_eye,0,0,0.000000,0.000000,0.000000,2.000000,661.446533,216.368347,,,,0.025000,
SP_R_Yoga_2,posenet,91,3.676603,ok,1,direct,1.000000,3,left_ear,0,0,0.000000,0.000000,0.000000,2.000000,700.629517,223.085663,,,,0.035000,
SP_R_Yoga_2,posenet,91,3.676603,ok,1,direct,1.000000,4,right_ear,0,0,0.000000,0.000000,0.000000,2.000000,647.111267,231.722229,,,,0.035000,
SP_R_Yoga_2,posenet,91,3.676603,ok,1,direct,1.000000,5,left_shoulder,1,1,2.000000,715.480000,270.860000,2.000000,726.432983,283.541565,16.756788,55.966078,1,0.079000,0.750301
SP_R_Yoga_2,posenet,91,3.676603,ok,1,direct,1.000000,6,right_shoulder,1,1,2.000000,635.030000,277.250000,2.000000,649.022644,283.541565,15.342030,55.966078,1,0.079000,0.785983
SP_R_Yoga_2,posenet,91,3.676603,ok,1,direct,1.000000,7,left_elbow,1,1,2.000000,726.250000,191.860000,2.000000,739.812500,367.987885,176.649294,55.966078,0,0.072000,0.000000
SP_R_Yoga_2,posenet,91,3.676603,ok,1,direct,1.000000,8,right_elbow,1,1,2.000000,629.810000,196.470000,2.000000,633.731689,381.422546,184.994119,55.966078,0,0.072000,0.000000
SP_R_Yoga_2,posenet,91,3.676603,ok,1,direct,1.000000,9,left_wrist,1,1,2.000000,687.260000,132.510000,2.000000,721.654541,405.412994,275.061864,55.966078,0,0.062000,0.000000
SP_R_Yoga_2,posenet,91,3.676603,ok,1,direct,1.000000,10,right_wrist,1,1,2.000000,661.430000,134.440000,2.000000,622.263489,439.959229,308.019504,55.966078,0,0.062000,0.000000
SP_R_Yoga_2,posenet,91,3.676603,ok,1,direct,1.000000,11,left_hip,1,1,2.000000,706.770000,399.970000,2.000000,712.097717,415.009155,15.954960,55.966078,1,0.107000,0.867645
SP_R_Yoga_2,posenet,91,3.676603,ok,1,direct,1.000000,12,right_hip,1,1,2.000000,663.300000,392.870000,2.000000,657.623779,414.049530,21.926969,55.966078,1,0.107000,0.764797
SP_R_Yoga_2,posenet,91,3.676603,ok,1,direct,1.000000,13,left_knee,1,1,2.000000,693.360000,530.130000,2.000000,695.851135,506.172791,24.086379,55.966078,1,0.087000,0.612980
SP_R_Yoga_2,posenet,91,3.676603,ok,1,direct,1.000000,14,right_knee,1,1,2.000000,573.140000,449.220000,2.000000,575.435059,456.272675,7.416705,55.966078,1,0.087000,0.954655
SP_R_Yoga_2,posenet,91,3.676603,ok,1,direct,1.000000,15,left_ankle,1,1,2.000000,674.810000,643.940000,2.000000,675.781738,629.003845,14.967732,55.966078,1,0.089000,0.834771
SP_R_Yoga_2,posenet,91,3.676603,ok,1,direct,1.000000,16,right_ankle,1,1,2.000000,660.660000,502.840000,2.000000,658.579468,506.172791,3.928881,55.966078,1,0.089000,0.987634
SP_R_Yoga_2,posenet,92,3.717006,ok,1,direct,1.000000,0,nose,1,1,2.000000,674.820000,223.430000,2.000000,672.419800,221.889084,2.852259,55.956228,1,0.026000,0.926009
SP_R_Yoga_2,posenet,92,3.717006,ok,1,direct,1.000000,1,left_eye,0,0,0.000000,0.000000,0.000000,2.000000,682.958008,212.287689,,,,0.025000,
SP_R_Yoga_2,posenet,92,3.717006,ok,1,direct,1.000000,2,right_eye,0,0,0.000000,0.000000,0.000000,2.000000,659.965454,214.207962,,,,0.025000,
SP_R_Yoga_2,posenet,92,3.717006,ok,1,direct,1.000000,3,left_ear,0,0,0.000000,0.000000,0.000000,2.000000,701.160522,219.968811,,,,0.035000,
SP_R_Yoga_2,posenet,92,3.717006,ok,1,direct,1.000000,4,right_ear,0,0,0.000000,0.000000,0.000000,2.000000,646.553101,229.570190,,,,0.035000,
SP_R_Yoga_2,posenet,92,3.717006,ok,1,direct,1.000000,5,left_shoulder,1,1,2.000000,715.480000,270.860000,2.000000,725.111145,281.417755,14.290736,55.956228,1,0.079000,0.811379
SP_R_Yoga_2,posenet,92,3.717006,ok,1,direct,1.000000,6,right_shoulder,1,1,2.000000,635.030000,277.250000,2.000000,649.427246,289.098877,18.646088,55.956228,1,0.079000,0.700585
SP_R_Yoga_2,posenet,92,3.717006,ok,1,direct,1.000000,7,left_elbow,1,1,2.000000,726.250000,191.860000,2.000000,718.404907,189.244324,8.269658,55.956228,1,0.072000,0.919188
SP_R_Yoga_2,posenet,92,3.717006,ok,1,direct,1.000000,8,right_elbow,1,1,2.000000,629.810000,196.470000,2.000000,633.140808,381.272278,184.832292,55.956228,0,0.072000,0.000000
SP_R_Yoga_2,posenet,92,3.717006,ok,1,direct,1.000000,9,left_wrist,1,1,2.000000,687.330000,132.690000,2.000000,721.278992,402.395386,271.833642,55.956228,0,0.062000,0.000000
SP_R_Yoga_2,posenet,92,3.717006,ok,1,direct,1.000000,10,right_wrist,1,1,2.000000,661.430000,134.590000,2.000000,625.476624,416.797485,284.488506,55.956228,0,0.062000,0.000000
SP_R_Yoga_2,posenet,92,3.717006,ok,1,direct,1.000000,11,left_hip,1,1,2.000000,706.770000,399.970000,2.000000,710.740784,424.478577,24.828158,55.956228,1,0.107000,0.708987
SP_R_Yoga_2,posenet,92,3.717006,ok,1,direct,1.000000,12,right_hip,1,1,2.000000,663.300000,392.870000,2.000000,659.007446,418.717743,26.201752,55.956228,1,0.107000,0.681796
SP_R_Yoga_2,posenet,92,3.717006,ok,1,direct,1.000000,13,left_knee,1,1,2.000000,693.360000,530.130000,2.000000,694.454346,505.130310,25.023631,55.956228,1,0.087000,0.589524
SP_R_Yoga_2,posenet,92,3.717006,ok,1,direct,1.000000,14,right_knee,1,1,2.000000,573.140000,449.220000,2.000000,574.701355,453.282776,4.352468,55.956228,1,0.087000,0.984140
SP_R_Yoga_2,posenet,92,3.717006,ok,1,direct,1.000000,15,left_ankle,1,1,2.000000,674.810000,643.940000,2.000000,676.251892,627.068054,16.933446,55.956228,1,0.089000,0.793557
SP_R_Yoga_2,posenet,92,3.717006,ok,1,direct,1.000000,16,right_ankle,1,1,2.000000,660.660000,502.840000,2.000000,659.007446,505.130310,2.824262,55.956228,1,0.089000,0.993588
SP_R_Yoga_2,posenet,93,3.757408,ok,1,direct,1.000000,0,nose,1,1,2.000000,674.820000,223.430000,2.000000,672.802002,225.722458,3.054125,55.946377,1,0.026000,0.915607
SP_R_Yoga_2,posenet,93,3.757408,ok,1,direct,1.000000,1,left_eye,0,0,0.000000,0.000000,0.000000,2.000000,683.331421,216.113098,,,,0.025000,
SP_R_Yoga_2,posenet,93,3.757408,ok,1,direct,1.000000,2,right_eye,0,0,0.000000,0.000000,0.000000,2.000000,662.272583,217.074036,,,,0.025000,
SP_R_Yoga_2,posenet,93,3.757408,ok,1,direct,1.000000,3,left_ear,0,0,0.000000,0.000000,0.000000,2.000000,703.432922,223.800598,,,,0.035000,
SP_R_Yoga_2,posenet,93,3.757408,ok,1,direct,1.000000,4,right_ear,0,0,0.000000,0.000000,0.000000,2.000000,645.999939,228.605270,,,,0.035000,
SP_R_Yoga_2,posenet,93,3.757408,ok,1,direct,1.000000,5,left_shoulder,1,1,2.000000,715.480000,270.860000,2.000000,724.491760,281.456757,13.910538,55.946377,1,0.079000,0.820275
SP_R_Yoga_2,posenet,93,3.757408,ok,1,direct,1.000000,6,right_shoulder,1,1,2.000000,635.030000,277.250000,2.000000,647.914368,283.378632,14.267693,55.946377,1,0.079000,0.811866
SP_R_Yoga_2,posenet,93,3.757408,ok,1,direct,1.000000,7,left_elbow,1,1,2.000000,726.250000,191.860000,2.000000,718.748413,187.285004,8.786603,55.946377,1,0.072000,0.909226
SP_R_Yoga_2,posenet,93,3.757408,ok,1,direct,1.000000,8,right_elbow,1,1,2.000000,629.810000,196.470000,2.000000,630.684448,366.019165,169.551420,55.946377,0,0.072000,0.000000
SP_R_Yoga_2,posenet,93,3.757408,ok,1,direct,1.000000,9,left_wrist,1,1,2.000000,687.390000,132.870000,2.000000,693.860779,133.472580,6.498775,55.946377,1,0.062000,0.932203
SP_R_Yoga_2,posenet,93,3.757408,ok,1,direct,1.000000,10,right_wrist,1,1,2.000000,661.430000,134.750000,2.000000,621.112244,404.456604,272.703454,55.946377,0,0.062000,0.000000
SP_R_Yoga_2,posenet,93,3.757408,ok,1,direct,1.000000,11,left_hip,1,1,2.000000,706.770000,399.970000,2.000000,708.219055,420.792542,20.872901,55.946377,1,0.107000,0.784150
SP_R_Yoga_2,posenet,93,3.757408,ok,1,direct,1.000000,12,right_hip,1,1,2.000000,663.300000,392.870000,2.000000,656.529358,412.144104,20.428722,55.946377,1,0.107000,0.792219
SP_R_Yoga_2,posenet,93,3.757408,ok,1,direct,1.000000,13,left_knee,1,1,2.000000,693.360000,530.130000,2.000000,695.775208,515.925232,14.408632,55.946377,1,0.087000,0.839235
SP_R_Yoga_2,posenet,93,3.757408,ok,1,direct,1.000000,14,right_knee,1,1,2.000000,573.140000,449.220000,2.000000,578.037476,452.503448,5.896296,55.946377,1,0.087000,0.971077
SP_R_Yoga_2,posenet,93,3.757408,ok,1,direct,1.000000,15,left_ankle,1,1,2.000000,674.810000,643.940000,2.000000,677.588074,629.315796,14.885733,55.946377,1,0.089000,0.836315
SP_R_Yoga_2,posenet,93,3.757408,ok,1,direct,1.000000,16,right_ankle,1,1,2.000000,660.660000,502.840000,2.000000,657.486511,505.354919,4.049179,55.946377,1,0.089000,0.986861
SP_R_Yoga_2,posenet,94,3.797810,ok,1,direct,1.000000,0,nose,1,1,2.000000,674.820000,223.430000,2.000000,672.076050,223.462418,2.744142,55.936524,1,0.026000,0.931272
SP_R_Yoga_2,posenet,94,3.797810,ok,1,direct,1.000000,1,left_eye,0,0,0.000000,0.000000,0.000000,2.000000,682.626831,213.849976,,,,0.025000,
SP_R_Yoga_2,posenet,94,3.797810,ok,1,direct,1.000000,2,right_eye,0,0,0.000000,0.000000,0.000000,2.000000,659.606934,215.772476,,,,0.025000,
SP_R_Yoga_2,posenet,94,3.797810,ok,1,direct,1.000000,3,left_ear,0,0,0.000000,0.000000,0.000000,2.000000,704.687500,221.539932,,,,0.035000,
SP_R_Yoga_2,posenet,94,3.797810,ok,1,direct,1.000000,4,right_ear,0,0,0.000000,0.000000,0.000000,2.000000,647.137817,231.152374,,,,0.035000,
SP_R_Yoga_2,posenet,94,3.797810,ok,1,direct,1.000000,5,left_shoulder,1,1,2.000000,715.480000,270.860000,2.000000,724.829895,284.981995,16.936684,55.936524,1,0.079000,0.745431
SP_R_Yoga_2,posenet,94,3.797810,ok,1,direct,1.000000,6,right_shoulder,1,1,2.000000,635.030000,277.250000,2.000000,650.015320,284.981995,16.862489,55.936524,1,0.079000,0.747348
SP_R_Yoga_2,posenet,94,3.797810,ok,1,direct,1.000000,7,left_elbow,1,1,2.000000,726.250000,191.860000,2.000000,718.115784,186.935165,9.508915,55.936524,1,0.072000,0.894500
SP_R_Yoga_2,posenet,94,3.797810,ok,1,direct,1.000000,8,right_elbow,1,1,2.000000,629.810000,196.470000,2.000000,633.709534,373.416443,176.989406,55.936524,0,0.072000,0.000000
SP_R_Yoga_2,posenet,94,3.797810,ok,1,direct,1.000000,9,left_wrist,1,1,2.000000,687.450000,133.050000,2.000000,720.034119,398.408783,267.351844,55.936524,0,0.062000,0.000000
SP_R_Yoga_2,posenet,94,3.797810,ok,1,direct,1.000000,10,right_wrist,1,1,2.000000,661.430000,134.900000,2.000000,626.995361,408.021240,275.283411,55.936524,0,0.062000,0.000000
SP_R_Yoga_2,posenet,94,3.797810,ok,1,direct,1.000000,11,left_hip,1,1,2.000000,706.770000,399.970000,2.000000,711.401672,419.556152,20.126345,55.936524,1,0.107000,0.797596
SP_R_Yoga_2,posenet,94,3.797810,ok,1,direct,1.000000,12,right_hip,1,1,2.000000,663.300000,392.870000,2.000000,657.688599,416.672424,24.454922,55.936524,1,0.107000,0.716132
SP_R_Yoga_2,posenet,94,3.797810,ok,1,direct,1.000000,13,left_knee,1,1,2.000000,693.360000,530.130000,2.000000,697.014282,507.990570,22.438987,55.936524,1,0.087000,0.653630
SP_R_Yoga_2,posenet,94,3.797810,ok,1,direct,1.000000,14,right_knee,1,1,2.000000,573.140000,449.220000,2.000000,578.078125,453.199677,6.342153,55.936524,1,0.087000,0.966602
SP_R_Yoga_2,posenet,94,3.797810,ok,1,direct,1.000000,15,left_ankle,1,1,2.000000,674.810000,643.940000,2.000000,676.871826,629.107239,14.975378,55.936524,1,0.089000,0.834458
SP_R_Yoga_2,posenet,94,3.797810,ok,1,direct,1.000000,16,right_ankle,1,1,2.000000,660.660000,502.840000,2.000000,655.770325,512.796753,11.092604,55.936524,1,0.089000,0.905476
SP_R_Yoga_2,posenet,95,3.838212,ok,1,direct,1.000000,0,nose,1,1,2.000000,674.820000,223.430000,2.000000,671.741394,222.677933,3.169135,55.926122,1,0.026000,0.909371
SP_R_Yoga_2,posenet,95,3.838212,ok,1,direct,1.000000,1,left_eye,0,0,0.000000,0.000000,0.000000,2.000000,682.259094,213.069809,,,,0.025000,
SP_R_Yoga_2,posenet,95,3.838212,ok,1,direct,1.000000,2,right_eye,0,0,0.000000,0.000000,0.000000,2.000000,660.267517,214.030609,,,,0.025000,
SP_R_Yoga_2,posenet,95,3.838212,ok,1,direct,1.000000,3,left_ear,0,0,0.000000,0.000000,0.000000,2.000000,703.294556,221.717117,,,,0.035000,
SP_R_Yoga_2,posenet,95,3.838212,ok,1,direct,1.000000,4,right_ear,0,0,0.000000,0.000000,0.000000,2.000000,646.881348,228.442810,,,,0.035000,
SP_R_Yoga_2,posenet,95,3.838212,ok,1,direct,1.000000,5,left_shoulder,1,1,2.000000,715.480000,270.860000,2.000000,723.373840,283.209106,14.656505,55.926122,1,0.079000,0.802444
SP_R_Yoga_2,posenet,95,3.838212,ok,1,direct,1.000000,6,right_shoulder,1,1,2.000000,635.030000,277.250000,2.000000,648.793579,283.209106,14.998235,55.926122,1,0.079000,0.794155
SP_R_Yoga_2,posenet,95,3.838212,ok,1,direct,1.000000,7,left_elbow,1,1,2.000000,726.250000,191.860000,2.000000,719.549255,192.892746,6.779863,55.926122,1,0.072000,0.944878
SP_R_Yoga_2,posenet,95,3.838212,ok,1,direct,1.000000,8,right_elbow,1,1,2.000000,629.810000,196.470000,2.000000,633.495117,365.839020,169.409105,55.926122,0,0.072000,0.000000
SP_R_Yoga_2,posenet,95,3.838212,ok,1,direct,1.000000,9,left_wrist,1,1,2.000000,687.510000,133.240000,2.000000,700.426086,150.616989,21.651444,55.926122,1,0.062000,0.458491
SP_R_Yoga_2,posenet,95,3.838212,ok,1,direct,1.000000,10,right_wrist,1,1,2.000000,661.430000,135.050000,2.000000,627.758179,408.114746,275.132963,55.926122,0,0.062000,0.000000
SP_R_Yoga_2,posenet,95,3.838212,ok,1,direct,1.000000,11,left_hip,1,1,2.000000,706.770000,399.970000,2.000000,709.987671,419.644501,19.935882,55.926122,1,0.107000,0.800935
SP_R_Yoga_2,posenet,95,3.838212,ok,1,direct,1.000000,12,right_hip,1,1,2.000000,663.300000,392.870000,2.000000,657.399048,412.918823,20.899200,55.926122,1,0.107000,0.783531
SP_R_Yoga_2,posenet,95,3.838212,ok,1,direct,1.000000,13,left_knee,1,1,2.000000,693.360000,530.130000,2.000000,697.557617,508.039276,22.485997,55.926122,1,0.087000,0.652362
SP_R_Yoga_2,posenet,95,3.838212,ok,1,direct,1.000000,14,right_knee,1,1,2.000000,573.140000,449.220000,2.000000,579.950317,454.233734,8.456829,55.926122,1,0.087000,0.941370
SP_R_Yoga_2,posenet,95,3.838212,ok,1,direct,1.000000,15,left_ankle,1,1,2.000000,674.810000,643.940000,2.000000,677.478333,626.219177,17.920590,55.926122,1,0.089000,0.771627
SP_R_Yoga_2,posenet,95,3.838212,ok,1,direct,1.000000,16,right_ankle,1,1,2.000000,660.660000,502.840000,2.000000,648.793579,518.608215,19.734451,55.926122,1,0.089000,0.730233
SP_R_Yoga_2,posenet,96,3.878615,ok,1,direct,1.000000,0,nose,1,1,2.000000,674.820000,223.430000,2.000000,670.804321,223.339355,4.016702,55.916265,1,0.026000,0.858415
SP_R_Yoga_2,posenet,96,3.878615,ok,1,direct,1.000000,1,left_eye,0,0,0.000000,0.000000,0.000000,2.000000,682.301270,214.694229,,,,0.025000,
SP_R_Yoga_2,posenet,96,3.878615,ok,1,direct,1.000000,2,right_eye,0,0,0.000000,0.000000,0.000000,2.000000,660.265503,216.615372,,,,0.025000,
SP_R_Yoga_2,posenet,96,3.878615,ok,1,direct,1.000000,3,left_ear,0,0,0.000000,0.000000,0.000000,2.000000,703.378906,223.339355,,,,0.035000,
SP_R_Yoga_2,posenet,96,3.878615,ok,1,direct,1.000000,4,right_ear,0,0,0.000000,0.000000,0.000000,2.000000,647.810547,231.984467,,,,0.035000,
SP_R_Yoga_2,posenet,96,3.878615,ok,1,direct,1.000000,5,left_shoulder,1,1,2.000000,715.480000,270.860000,2.000000,724.456604,279.052368,12.152955,55.916265,1,0.079000,0.859523
SP_R_Yoga_2,posenet,96,3.878615,ok,1,direct,1.000000,6,right_shoulder,1,1,2.000000,635.030000,277.250000,2.000000,648.768616,283.855225,15.243968,55.916265,1,0.079000,0.788065
SP_R_Yoga_2,posenet,96,3.878615,ok,1,direct,1.000000,7,left_elbow,1,1,2.000000,726.250000,191.860000,2.000000,718.708130,187.798279,8.566060,55.916265,1,0.072000,0.913436
SP_R_Yoga_2,posenet,96,3.878615,ok,1,direct,1.000000,8,right_elbow,1,1,2.000000,629.810000,196.470000,2.000000,634.397522,370.306427,173.896949,55.916265,0,0.072000,0.000000
SP_R_Yoga_2,posenet,96,3.878615,ok,1,direct,1.000000,9,left_wrist,1,1,2.000000,687.570000,133.420000,2.000000,696.672424,140.730392,11.674586,55.916265,1,0.062000,0.797076
SP_R_Yoga_2,posenet,96,3.878615,ok,1,direct,1.000000,10,right_wrist,1,1,2.000000,661.430000,135.200000,2.000000,622.900574,410.650360,278.132015,55.916265,0,0.062000,0.000000
SP_R_Yoga_2,posenet,96,3.878615,ok,1,direct,1.000000,11,left_hip,1,1,2.000000,706.770000,399.970000,2.000000,711.043518,419.295471,19.792342,55.916265,1,0.107000,0.803428
SP_R_Yoga_2,posenet,96,3.878615,ok,1,direct,1.000000,12,right_hip,1,1,2.000000,663.300000,392.870000,2.000000,657.391296,411.610931,19.650325,55.916265,1,0.107000,0.805947
SP_R_Yoga_2,posenet,96,3.878615,ok,1,direct,1.000000,13,left_knee,1,1,2.000000,693.360000,530.130000,2.000000,696.672424,510.549561,19.858645,55.916265,1,0.087000,0.716567
SP_R_Yoga_2,posenet,96,3.878615,ok,1,direct,1.000000,14,right_knee,1,1,2.000000,573.140000,449.220000,2.000000,577.871033,452.915375,6.003205,55.916265,1,0.087000,0.970003
SP_R_Yoga_2,posenet,96,3.878615,ok,1,direct,1.000000,15,left_ankle,1,1,2.000000,674.810000,643.940000,2.000000,676.552795,631.581238,12.481039,55.916265,1,0.089000,0.881793
SP_R_Yoga_2,posenet,96,3.878615,ok,1,direct,1.000000,16,right_ankle,1,1,2.000000,660.660000,502.840000,2.000000,652.600952,513.431213,13.308721,55.916265,1,0.089000,0.866723
SP_R_Yoga_2,posenet,97,3.919017,ok,1,direct,1.000000,0,nose,1,1,2.000000,674.820000,223.430000,2.000000,672.836121,225.756699,3.057663,55.906407,1,0.026000,0.915304
SP_R_Yoga_2,posenet,97,3.919017,ok,1,direct,1.000000,1,left_eye,0,0,0.000000,0.000000,0.000000,2.000000,683.367676,216.148849,,,,0.025000,
SP_R_Yoga_2,posenet,97,3.919017,ok,1,direct,1.000000,2,right_eye,0,0,0.000000,0.000000,0.000000,2.000000,661.347168,217.109634,,,,0.025000,
SP_R_Yoga_2,posenet,97,3.919017,ok,1,direct,1.000000,3,left_ear,0,0,0.000000,0.000000,0.000000,2.000000,703.473511,224.795914,,,,0.035000,
SP_R_Yoga_2,posenet,97,3.919017,ok,1,direct,1.000000,4,right_ear,0,0,0.000000,0.000000,0.000000,2.000000,645.071106,228.639053,,,,0.035000,
SP_R_Yoga_2,posenet,97,3.919017,ok,1,direct,1.000000,5,left_shoulder,1,1,2.000000,715.480000,270.860000,2.000000,722.621765,279.560699,11.256420,55.906407,1,0.079000,0.878172
SP_R_Yoga_2,posenet,97,3.919017,ok,1,direct,1.000000,6,right_shoulder,1,1,2.000000,635.030000,277.250000,2.000000,645.071106,282.443024,11.304482,55.906407,1,0.079000,0.877196
SP_R_Yoga_2,posenet,97,3.919017,ok,1,direct,1.000000,7,left_elbow,1,1,2.000000,726.250000,191.860000,2.000000,718.792114,187.325287,8.728326,55.906407,1,0.072000,0.910248
SP_R_Yoga_2,posenet,97,3.919017,ok,1,direct,1.000000,8,right_elbow,1,1,2.000000,629.810000,196.470000,2.000000,630.709839,366.992157,170.524531,55.906407,0,0.072000,0.000000
SP_R_Yoga_2,posenet,97,3.919017,ok,1,direct,1.000000,9,left_wrist,1,1,2.000000,687.630000,133.600000,2.000000,694.856689,133.521301,7.227118,55.906407,1,0.062000,0.916726
SP_R_Yoga_2,posenet,97,3.919017,ok,1,direct,1.000000,10,right_wrist,1,1,2.000000,661.430000,135.360000,2.000000,658.474915,133.521301,3.480423,55.906407,1,0.062000,0.980037
SP_R_Yoga_2,posenet,97,3.919017,ok,1,direct,1.000000,11,left_hip,1,1,2.000000,706.770000,399.970000,2.000000,711.132812,417.913757,18.466525,55.906407,1,0.107000,0.826468
SP_R_Yoga_2,posenet,97,3.919017,ok,1,direct,1.000000,12,right_hip,1,1,2.000000,663.300000,392.870000,2.000000,654.645264,413.109863,22.012645,55.906407,1,0.107000,0.762752
SP_R_Yoga_2,posenet,97,3.919017,ok,1,direct,1.000000,13,left_knee,1,1,2.000000,693.360000,530.130000,2.000000,694.856689,510.149170,20.036807,55.906407,1,0.087000,0.712190
SP_R_Yoga_2,posenet,97,3.919017,ok,1,direct,1.000000,14,right_knee,1,1,2.000000,573.140000,449.220000,2.000000,577.094543,453.462830,5.800001,55.906407,1,0.087000,0.971961
SP_R_Yoga_2,posenet,97,3.919017,ok,1,direct,1.000000,15,left_ankle,1,1,2.000000,674.810000,643.940000,2.000000,676.665771,633.129700,10.968431,55.906407,1,0.089000,0.907385
SP_R_Yoga_2,posenet,97,3.919017,ok,1,direct,1.000000,16,right_ankle,1,1,2.000000,660.660000,502.840000,2.000000,659.432312,508.227600,5.525708,55.906407,1,0.089000,0.975635
SP_R_Yoga_2,posenet,98,3.959419,ok,1,direct,1.000000,0,nose,1,1,2.000000,674.820000,223.430000,2.000000,672.873291,223.912857,2.005699,55.895999,1,0.026000,0.962623
SP_R_Yoga_2,posenet,98,3.959419,ok,1,direct,1.000000,1,left_eye,0,0,0.000000,0.000000,0.000000,2.000000,683.434570,214.305099,,,,0.025000,
SP_R_Yoga_2,posenet,98,3.959419,ok,1,direct,1.000000,2,right_eye,0,0,0.000000,0.000000,0.000000,2.000000,661.351868,215.265884,,,,0.025000,
SP_R_Yoga_2,posenet,98,3.959419,ok,1,direct,1.000000,3,left_ear,0,0,0.000000,0.000000,0.000000,2.000000,704.557129,223.912857,,,,0.035000,
SP_R_Yoga_2,posenet,98,3.959419,ok,1,direct,1.000000,4,right_ear,0,0,0.000000,0.000000,0.000000,2.000000,647.910217,230.638290,,,,0.035000,
SP_R_Yoga_2,posenet,98,3.959419,ok,1,direct,1.000000,5,left_shoulder,1,1,2.000000,715.480000,270.860000,2.000000,721.839294,279.637848,10.839338,55.895999,1,0.079000,0.886469
SP_R_Yoga_2,posenet,98,3.959419,ok,1,direct,1.000000,6,right_shoulder,1,1,2.000000,635.030000,277.250000,2.000000,647.910217,281.559418,13.582013,55.895999,1,0.079000,0.827613
SP_R_Yoga_2,posenet,98,3.959419,ok,1,direct,1.000000,7,left_elbow,1,1,2.000000,726.250000,191.860000,2.000000,720.879211,193.168030,5.527776,55.895999,1,0.072000,0.962971
SP_R_Yoga_2,posenet,98,3.959419,ok,1,direct,1.000000,8,right_elbow,1,1,2.000000,629.810000,196.470000,2.000000,632.548340,366.107666,169.659766,55.895999,0,0.072000,0.000000
SP_R_Yoga_2,posenet,98,3.959419,ok,1,direct,1.000000,9,left_wrist,1,1,2.000000,687.690000,133.790000,2.000000,693.995911,127.835274,8.673135,55.895999,1,0.062000,0.882261
SP_R_Yoga_2,posenet,98,3.959419,ok,1,direct,1.000000,10,right_wrist,1,1,2.000000,661.430000,135.510000,2.000000,658.471497,127.835274,8.225215,55.895999,1,0.062000,0.893452
SP_R_Yoga_2,posenet,98,3.959419,ok,1,direct,1.000000,11,left_hip,1,1,2.000000,706.770000,399.970000,2.000000,708.397644,422.793457,22.881421,55.895999,1,0.107000,0.746224
SP_R_Yoga_2,posenet,98,3.959419,ok,1,direct,1.000000,12,right_hip,1,1,2.000000,663.300000,392.870000,2.000000,655.591187,414.146454,22.629920,55.895999,1,0.107000,0.751015
SP_R_Yoga_2,posenet,98,3.959419,ok,1,direct,1.000000,13,left_knee,1,1,2.000000,693.360000,530.130000,2.000000,694.955994,519.831787,10.421151,55.895999,1,0.087000,0.912245
SP_R_Yoga_2,posenet,98,3.959419,ok,1,direct,1.000000,14,right_knee,1,1,2.000000,573.140000,449.220000,2.000000,577.821594,453.538269,6.369048,55.895999,1,0.087000,0.966275
SP_R_Yoga_2,posenet,98,3.959419,ok,1,direct,1.000000,15,left_ankle,1,1,2.000000,674.810000,643.940000,2.000000,677.673889,632.242554,12.042928,55.895999,1,0.089000,0.889401
SP_R_Yoga_2,posenet,98,3.959419,ok,1,direct,1.000000,16,right_ankle,1,1,2.000000,660.660000,502.840000,2.000000,656.551331,509.263275,7.624935,55.895999,1,0.089000,0.954102
SP_R_Yoga_2,posenet,99,3.999821,ok,1,direct,1.000000,0,nose,1,1,2.000000,674.820000,223.430000,2.000000,672.582520,226.504257,3.802286,55.886137,1,0.026000,0.872013
SP_R_Yoga_2,posenet,99,3.999821,ok,1,direct,1.000000,1,left_eye,0,0,0.000000,0.000000,0.000000,2.000000,682.169128,216.899841,,,,0.025000,
SP_R_Yoga_2,posenet,99,3.999821,ok,1,direct,1.000000,2,right_eye,0,0,0.000000,0.000000,0.000000,2.000000,662.037292,218.820724,,,,0.025000,
SP_R_Yoga_2,posenet,99,3.999821,ok,1,direct,1.000000,3,left_ear,0,0,0.000000,0.000000,0.000000,2.000000,703.259583,221.702057,,,,0.035000,
SP_R_Yoga_2,posenet,99,3.999821,ok,1,direct,1.000000,4,right_ear,0,0,0.000000,0.000000,0.000000,2.000000,648.616089,229.385590,,,,0.035000,
SP_R_Yoga_2,posenet,99,3.999821,ok,1,direct,1.000000,5,left_shoulder,1,1,2.000000,715.480000,270.860000,2.000000,722.432739,279.328613,10.957098,55.886137,1,0.079000,0.884100
SP_R_Yoga_2,posenet,99,3.999821,ok,1,direct,1.000000,6,right_shoulder,1,1,2.000000,635.030000,277.250000,2.000000,647.657410,285.091248,14.863938,55.886137,1,0.079000,0.797167
SP_R_Yoga_2,posenet,99,3.999821,ok,1,direct,1.000000,7,left_elbow,1,1,2.000000,726.250000,191.860000,2.000000,719.556763,186.165680,8.787759,55.886137,1,0.072000,0.909016
SP_R_Yoga_2,posenet,99,3.999821,ok,1,direct,1.000000,8,right_elbow,1,1,2.000000,629.810000,196.470000,2.000000,631.360229,364.807953,168.345091,55.886137,0,0.072000,0.000000
SP_R_Yoga_2,posenet,99,3.999821,ok,1,direct,1.000000,9,left_wrist,1,1,2.000000,687.750000,133.970000,2.000000,695.590332,135.262238,7.946111,55.886137,1,0.062000,0.900159
SP_R_Yoga_2,posenet,99,3.999821,ok,1,direct,1.000000,10,right_wrist,1,1,2.000000,661.430000,135.660000,2.000000,620.815002,412.830078,280.130024,55.886137,0,0.062000,0.000000
SP_R_Yoga_2,posenet,99,3.999821,ok,1,direct,1.000000,11,left_hip,1,1,2.000000,706.770000,399.970000,2.000000,709.011536,421.474060,21.620571,55.886137,1,0.107000,0.769934
SP_R_Yoga_2,posenet,99,3.999821,ok,1,direct,1.000000,12,right_hip,1,1,2.000000,663.300000,392.870000,2.000000,655.326660,412.830078,21.493694,55.886137,1,0.107000,0.772294
SP_R_Yoga_2,posenet,99,3.999821,ok,1,direct,1.000000,13,left_knee,1,1,2.000000,693.360000,530.130000,2.000000,695.590332,514.636963,15.652750,55.886137,1,0.087000,0.812789
SP_R_Yoga_2,posenet,99,3.999821,ok,1,direct,1.000000,14,right_knee,1,1,2.000000,573.140000,449.220000,2.000000,576.716736,453.168671,5.327761,55.886137,1,0.087000,0.976272
SP_R_Yoga_2,posenet,99,3.999821,ok,1,direct,1.000000,15,left_ankle,1,1,2.000000,674.810000,643.940000,2.000000,676.417175,632.771362,11.283682,55.886137,1,0.089000,0.902190
SP_R_Yoga_2,posenet,99,3.999821,ok,1,direct,1.000000,16,right_ankle,1,1,2.000000,660.660000,502.840000,2.000000,657.244019,506.953430,5.346890,55.886137,1,0.089000,0.977153
SP_R_Yoga_2,posenet,100,4.040224,ok,1,direct,1.000000,0,nose,1,1,2.000000,674.820000,223.430000,2.000000,671.920349,224.172989,2.993327,55.886137,1,0.026000,0.918626
SP_R_Yoga_2,posenet,100,4.040224,ok,1,direct,1.000000,1,left_eye,0,0,0.000000,0.000000,0.000000,2.000000,682.435181,214.570038,,,,0.025000,
SP_R_Yoga_2,posenet,100,4.040224,ok,1,direct,1.000000,2,right_eye,0,0,0.000000,0.000000,0.000000,2.000000,661.405579,216.490631,,,,0.025000,
SP_R_Yoga_2,posenet,100,4.040224,ok,1,direct,1.000000,3,left_ear,0,0,0.000000,0.000000,0.000000,2.000000,703.464783,223.212692,,,,0.035000,
SP_R_Yoga_2,posenet,100,4.040224,ok,1,direct,1.000000,4,right_ear,0,0,0.000000,0.000000,0.000000,2.000000,648.979004,231.855331,,,,0.035000,
SP_R_Yoga_2,posenet,100,4.040224,ok,1,direct,1.000000,5,left_shoulder,1,1,2.000000,715.480000,270.860000,2.000000,722.582581,282.750885,13.850624,55.886137,1,0.079000,0.821325
SP_R_Yoga_2,posenet,100,4.040224,ok,1,direct,1.000000,6,right_shoulder,1,1,2.000000,635.030000,277.250000,2.000000,648.979004,285.631805,16.273579,55.886137,1,0.079000,0.762062
SP_R_Yoga_2,posenet,100,4.040224,ok,1,direct,1.000000,7,left_elbow,1,1,2.000000,726.250000,191.860000,2.000000,719.714905,186.721542,8.313316,55.886137,1,0.072000,0.918172
SP_R_Yoga_2,posenet,100,4.040224,ok,1,direct,1.000000,8,right_elbow,1,1,2.000000,629.810000,196.470000,2.000000,632.728821,366.296448,169.851529,55.886137,0,0.072000,0.000000
SP_R_Yoga_2,posenet,100,4.040224,ok,1,direct,1.000000,9,left_wrist,1,1,2.000000,687.750000,133.970000,2.000000,703.464783,151.190659,23.313204,55.886137,1,0.062000,0.404379
SP_R_Yoga_2,posenet,100,4.040224,ok,1,direct,1.000000,10,right_wrist,1,1,2.000000,661.430000,135.660000,2.000000,621.258179,423.914062,291.039825,55.886137,0,0.062000,0.000000
SP_R_Yoga_2,posenet,100,4.040224,ok,1,direct,1.000000,11,left_hip,1,1,2.000000,706.770000,399.970000,2.000000,710.156006,423.914062,24.182290,55.886137,1,0.107000,0.721029
SP_R_Yoga_2,posenet,100,4.040224,ok,1,direct,1.000000,12,right_hip,1,1,2.000000,663.300000,392.870000,2.000000,654.714355,416.231720,24.889420,55.886137,1,0.107000,0.707170
SP_R_Yoga_2,posenet,100,4.040224,ok,1,direct,1.000000,13,left_knee,1,1,2.000000,693.360000,530.130000,2.000000,694.861755,518.022888,12.199894,55.886137,1,0.087000,0.881685
SP_R_Yoga_2,posenet,100,4.040224,ok,1,direct,1.000000,14,right_knee,1,1,2.000000,573.140000,449.220000,2.000000,579.198914,453.683167,7.525310,55.886137,1,0.087000,0.953219
SP_R_Yoga_2,posenet,100,4.040224,ok,1,direct,1.000000,15,left_ankle,1,1,2.000000,674.810000,643.940000,2.000000,678.611572,635.178711,9.550505,55.886137,1,0.089000,0.928915
SP_R_Yoga_2,posenet,100,4.040224,ok,1,direct,1.000000,16,right_ankle,1,1,2.000000,660.660000,502.840000,2.000000,660.449646,509.380219,6.543600,55.886137,1,0.089000,0.965976
SP_R_Yoga_2,posenet,101,4.080626,ok,1,direct,1.000000,0,nose,1,1,2.000000,674.820000,223.430000,2.000000,672.195618,225.164932,3.146009,55.886137,1,0.026000,0.910506
SP_R_Yoga_2,posenet,101,4.080626,ok,1,direct,1.000000,1,left_eye,0,0,0.000000,0.000000,0.000000,2.000000,682.747925,215.553055,,,,0.025000,
SP_R_Yoga_2,posenet,101,4.080626,ok,1,direct,1.000000,2,right_eye,0,0,0.000000,0.000000,0.000000,2.000000,661.643188,216.514236,,,,0.025000,
SP_R_Yoga_2,posenet,101,4.080626,ok,1,direct,1.000000,3,left_ear,0,0,0.000000,0.000000,0.000000,2.000000,702.893250,224.203751,,,,0.035000,
SP_R_Yoga_2,posenet,101,4.080626,ok,1,direct,1.000000,4,right_ear,0,0,0.000000,0.000000,0.000000,2.000000,647.253662,227.087311,,,,0.035000,
SP_R_Yoga_2,posenet,101,4.080626,ok,1,direct,1.000000,5,left_shoulder,1,1,2.000000,715.480000,270.860000,2.000000,723.038635,282.836273,14.162065,55.886137,1,0.079000,0.814005
SP_R_Yoga_2,posenet,101,4.080626,ok,1,direct,1.000000,6,right_shoulder,1,1,2.000000,635.030000,277.250000,2.000000,647.253662,283.797485,13.866776,55.886137,1,0.079000,0.820947
SP_R_Yoga_2,posenet,101,4.080626,ok,1,direct,1.000000,7,left_elbow,1,1,2.000000,726.250000,191.860000,2.000000,720.160706,188.639740,6.888366,55.886137,1,0.072000,0.943072
SP_R_Yoga_2,posenet,101,4.080626,ok,1,direct,1.000000,8,right_elbow,1,1,2.000000,629.810000,196.470000,2.000000,630.945557,369.343353,172.877083,55.886137,0,0.072000,0.000000
SP_R_Yoga_2,posenet,101,4.080626,ok,1,direct,1.000000,9,left_wrist,1,1,2.000000,687.750000,133.970000,2.000000,701.933960,143.463867,17.068047,55.886137,1,0.062000,0.615515
SP_R_Yoga_2,posenet,101,4.080626,ok,1,direct,1.000000,10,right_wrist,1,1,2.000000,661.430000,135.660000,2.000000,654.928101,507.754578,372.151380,55.886137,0,0.062000,0.000000
SP_R_Yoga_2,posenet,101,4.080626,ok,1,direct,1.000000,11,left_hip,1,1,2.000000,706.770000,399.970000,2.000000,709.608398,423.169922,23.372909,55.886137,1,0.107000,0.736719
SP_R_Yoga_2,posenet,101,4.080626,ok,1,direct,1.000000,12,right_hip,1,1,2.000000,663.300000,392.870000,2.000000,656.846680,415.480408,23.513313,55.886137,1,0.107000,0.734012
SP_R_Yoga_2,posenet,101,4.080626,ok,1,direct,1.000000,13,left_knee,1,1,2.000000,693.360000,530.130000,2.000000,695.218872,516.405273,13.850037,55.886137,1,0.087000,0.850197
SP_R_Yoga_2,posenet,101,4.080626,ok,1,direct,1.000000,14,right_knee,1,1,2.000000,573.140000,449.220000,2.000000,580.102478,452.966797,7.906617,55.886137,1,0.087000,0.948485
SP_R_Yoga_2,posenet,101,4.080626,ok,1,direct,1.000000,15,left_ankle,1,1,2.000000,674.810000,643.940000,2.000000,678.910706,634.631592,10.171639,55.886137,1,0.089000,0.919761
SP_R_Yoga_2,posenet,101,4.080626,ok,1,direct,1.000000,16,right_ankle,1,1,2.000000,660.660000,502.840000,2.000000,661.643188,508.715759,5.957450,55.886137,1,0.089000,0.971716
SP_R_Yoga_2,posenet,102,4.121028,ok,1,direct,1.000000,0,nose,1,1,2.000000,674.820000,223.430000,2.000000,671.599060,223.904358,3.255683,55.886137,1,0.026000,0.904470
SP_R_Yoga_2,posenet,102,4.121028,ok,1,direct,1.000000,1,left_eye,0,0,0.000000,0.000000,0.000000,2.000000,682.127319,214.299377,,,,0.025000,
SP_R_Yoga_2,posenet,102,4.121028,ok,1,direct,1.000000,2,right_eye,0,0,0.000000,0.000000,0.000000,2.000000,662.027954,216.220383,,,,0.025000,
SP_R_Yoga_2,posenet,102,4.121028,ok,1,direct,1.000000,3,left_ear,0,0,0.000000,0.000000,0.000000,2.000000,703.183716,222.943878,,,,0.035000,
SP_R_Yoga_2,posenet,102,4.121028,ok,1,direct,1.000000,4,right_ear,0,0,0.000000,0.000000,0.000000,2.000000,648.628479,228.706863,,,,0.035000,
SP_R_Yoga_2,posenet,102,4.121028,ok,1,direct,1.000000,5,left_shoulder,1,1,2.000000,715.480000,270.860000,2.000000,723.283020,283.455292,14.816494,55.886137,1,0.079000,0.798319
SP_R_Yoga_2,posenet,102,4.121028,ok,1,direct,1.000000,6,right_shoulder,1,1,2.000000,635.030000,277.250000,2.000000,648.628479,285.376312,15.841578,55.886137,1,0.079000,0.772987
SP_R_Yoga_2,posenet,102,4.121028,ok,1,direct,1.000000,7,left_elbow,1,1,2.000000,726.250000,191.860000,2.000000,719.454590,186.444901,8.689125,55.886137,1,0.072000,0.910954
SP_R_Yoga_2,posenet,102,4.121028,ok,1,direct,1.000000,8,right_elbow,1,1,2.000000,629.810000,196.470000,2.000000,632.357605,368.939728,172.488542,55.886137,0,0.072000,0.000000
SP_R_Yoga_2,posenet,102,4.121028,ok,1,direct,1.000000,9,left_wrist,1,1,2.000000,687.750000,133.970000,2.000000,703.183716,151.866928,23.632597,55.886137,1,0.062000,0.394403
SP_R_Yoga_2,posenet,102,4.121028,ok,1,direct,1.000000,10,right_wrist,1,1,2.000000,661.430000,135.660000,2.000000,655.328186,504.370148,368.760634,55.886137,0,0.062000,0.000000
SP_R_Yoga_2,posenet,102,4.121028,ok,1,direct,1.000000,11,left_hip,1,1,2.000000,706.770000,399.970000,2.000000,711.797729,421.767181,22.369515,55.886137,1,0.107000,0.755877
SP_R_Yoga_2,posenet,102,4.121028,ok,1,direct,1.000000,12,right_hip,1,1,2.000000,663.300000,392.870000,2.000000,657.242432,415.043701,22.986238,55.886137,1,0.107000,0.744143
SP_R_Yoga_2,posenet,102,4.121028,ok,1,direct,1.000000,13,left_knee,1,1,2.000000,693.360000,530.130000,2.000000,695.526855,513.014648,17.251972,55.886137,1,0.087000,0.777398
SP_R_Yoga_2,posenet,102,4.121028,ok,1,direct,1.000000,14,right_knee,1,1,2.000000,573.140000,449.220000,2.000000,577.802307,451.542664,5.208827,55.886137,1,0.087000,0.977307
SP_R_Yoga_2,posenet,102,4.121028,ok,1,direct,1.000000,15,left_ankle,1,1,2.000000,674.810000,643.940000,2.000000,679.255981,631.156006,13.535038,55.886137,1,0.089000,0.862343
SP_R_Yoga_2,posenet,102,4.121028,ok,1,direct,1.000000,16,right_ankle,1,1,2.000000,660.660000,502.840000,2.000000,662.985107,507.251648,4.986859,55.886137,1,0.089000,0.980096
SP_R_Yoga_2,posenet,103,4.161430,ok,1,direct,1.000000,0,nose,1,1,2.000000,674.820000,223.430000,2.000000,672.928040,226.066299,3.244933,55.886137,1,0.026000,0.905069
SP_R_Yoga_2,posenet,103,4.161430,ok,1,direct,1.000000,1,left_eye,0,0,0.000000,0.000000,0.000000,2.000000,684.418518,213.584000,,,,0.025000,
SP_R_Yoga_2,posenet,103,4.161430,ok,1,direct,1.000000,2,right_eye,0,0,0.000000,0.000000,0.000000,2.000000,662.395142,216.464539,,,,0.025000,
SP_R_Yoga_2,posenet,103,4.161430,ok,1,direct,1.000000,3,left_ear,0,0,0.000000,0.000000,0.000000,2.000000,704.526672,222.225601,,,,0.035000,
SP_R_Yoga_2,posenet,103,4.161430,ok,1,direct,1.000000,4,right_ear,0,0,0.000000,0.000000,0.000000,2.000000,648.032104,227.986633,,,,0.035000,
SP_R_Yoga_2,posenet,103,4.161430,ok,1,direct,1.000000,5,left_shoulder,1,1,2.000000,715.480000,270.860000,2.000000,728.465088,283.676849,18.245113,55.886137,1,0.079000,0.710664
SP_R_Yoga_2,posenet,103,4.161430,ok,1,direct,1.000000,6,right_shoulder,1,1,2.000000,635.030000,277.250000,2.000000,648.989624,283.676849,15.368002,55.886137,1,0.079000,0.784799
SP_R_Yoga_2,posenet,103,4.161430,ok,1,direct,1.000000,7,left_elbow,1,1,2.000000,726.250000,191.860000,2.000000,717.932190,189.579605,8.624741,55.886137,1,0.072000,0.912209
SP_R_Yoga_2,posenet,103,4.161430,ok,1,direct,1.000000,8,right_elbow,1,1,2.000000,629.810000,196.470000,2.000000,633.669067,370.092712,173.665594,55.886137,0,0.072000,0.000000
SP_R_Yoga_2,posenet,103,4.161430,ok,1,direct,1.000000,9,left_wrist,1,1,2.000000,687.750000,133.970000,2.000000,703.569214,146.371674,20.100971,55.886137,1,0.062000,0.510130
SP_R_Yoga_2,posenet,103,4.161430,ok,1,direct,1.000000,10,right_wrist,1,1,2.000000,661.430000,135.660000,2.000000,619.306030,416.181183,283.666288,55.886137,0,0.062000,0.000000
SP_R_Yoga_2,posenet,103,4.161430,ok,1,direct,1.000000,11,left_hip,1,1,2.000000,706.770000,399.970000,2.000000,711.229492,421.942230,22.420213,55.886137,1,0.107000,0.754917
SP_R_Yoga_2,posenet,103,4.161430,ok,1,direct,1.000000,12,right_hip,1,1,2.000000,663.300000,392.870000,2.000000,660.480042,415.221008,22.528199,55.886137,1,0.107000,0.752871
SP_R_Yoga_2,posenet,103,4.161430,ok,1,direct,1.000000,13,left_knee,1,1,2.000000,693.360000,530.130000,2.000000,694.951355,513.158997,17.045450,55.886137,1,0.087000,0.782070
SP_R_Yoga_2,posenet,103,4.161430,ok,1,direct,1.000000,14,right_knee,1,1,2.000000,573.140000,449.220000,2.000000,580.047058,451.707703,7.341397,55.886137,1,0.087000,0.955426
SP_R_Yoga_2,posenet,103,4.161430,ok,1,direct,1.000000,15,left_ankle,1,1,2.000000,674.810000,643.940000,2.000000,680.588318,636.061523,9.770330,55.886137,1,0.089000,0.925731
SP_R_Yoga_2,posenet,103,4.161430,ok,1,direct,1.000000,16,right_ankle,1,1,2.000000,660.660000,502.840000,2.000000,664.310181,507.397919,5.839387,55.886137,1,0.089000,0.972810
SP_R_Yoga_2,posenet,104,4.201832,ok,1,direct,1.000000,0,nose,1,1,2.000000,674.820000,223.430000,2.000000,674.660706,223.902740,0.498857,55.886137,1,0.026000,0.997645
SP_R_Yoga_2,posenet,104,4.201832,ok,1,direct,1.000000,1,left_eye,0,0,0.000000,0.000000,0.000000,2.000000,685.195618,214.296768,,,,0.025000,
SP_R_Yoga_2,posenet,104,4.201832,ok,1,direct,1.000000,2,right_eye,0,0,0.000000,0.000000,0.000000,2.000000,663.168152,216.217987,,,,0.025000,
SP_R_Yoga_2,posenet,104,4.201832,ok,1,direct,1.000000,3,left_ear,0,0,0.000000,0.000000,0.000000,2.000000,704.349915,222.942154,,,,0.035000,
SP_R_Yoga_2,posenet,104,4.201832,ok,1,direct,1.000000,4,right_ear,0,0,0.000000,0.000000,0.000000,2.000000,650.717773,231.587524,,,,0.035000,
SP_R_Yoga_2,posenet,104,4.201832,ok,1,direct,1.000000,5,left_shoulder,1,1,2.000000,715.480000,270.860000,2.000000,725.419739,285.381012,17.597108,55.886137,1,0.079000,0.727804
SP_R_Yoga_2,posenet,104,4.201832,ok,1,direct,1.000000,6,right_shoulder,1,1,2.000000,635.030000,277.250000,2.000000,650.717773,285.381012,17.669737,55.886137,1,0.079000,0.725893
SP_R_Yoga_2,posenet,104,4.201832,ok,1,direct,1.000000,7,left_elbow,1,1,2.000000,726.250000,191.860000,2.000000,718.715698,185.478851,9.873437,55.886137,1,0.072000,0.886549
SP_R_Yoga_2,posenet,104,4.201832,ok,1,direct,1.000000,8,right_elbow,1,1,2.000000,629.810000,196.470000,2.000000,634.436584,370.874207,174.465563,55.886137,0,0.072000,0.000000
SP_R_Yoga_2,posenet,104,4.201832,ok,1,direct,1.000000,9,left_wrist,1,1,2.000000,687.750000,133.970000,2.000000,725.419739,395.849762,264.575167,55.886137,0,0.062000,0.000000
SP_R_Yoga_2,posenet,104,4.201832,ok,1,direct,1.000000,10,right_wrist,1,1,2.000000,661.430000,135.660000,2.000000,620.070801,420.825317,288.148992,55.886137,0,0.062000,0.000000
SP_R_Yoga_2,posenet,104,4.201832,ok,1,direct,1.000000,11,left_hip,1,1,2.000000,706.770000,399.970000,2.000000,712.011658,422.746490,23.371853,55.886137,1,0.107000,0.736740
SP_R_Yoga_2,posenet,104,4.201832,ok,1,direct,1.000000,12,right_hip,1,1,2.000000,663.300000,392.870000,2.000000,657.421814,416.022308,23.886868,55.886137,1,0.107000,0.726778
SP_R_Yoga_2,posenet,104,4.201832,ok,1,direct,1.000000,13,left_knee,1,1,2.000000,693.360000,530.130000,2.000000,695.730530,516.885071,13.455392,55.886137,1,0.087000,0.857983
SP_R_Yoga_2,posenet,104,4.201832,ok,1,direct,1.000000,14,right_knee,1,1,2.000000,573.140000,449.220000,2.000000,579.846680,451.564423,7.104637,55.886137,1,0.087000,0.958195
SP_R_Yoga_2,posenet,104,4.201832,ok,1,direct,1.000000,15,left_ankle,1,1,2.000000,674.810000,643.940000,2.000000,681.364746,634.078003,11.841608,55.886137,1,0.089000,0.892828
SP_R_Yoga_2,posenet,104,4.201832,ok,1,direct,1.000000,16,right_ankle,1,1,2.000000,660.660000,502.840000,2.000000,660.294983,512.082092,9.249298,55.886137,1,0.089000,0.933177
SP_R_Yoga_2,posenet,105,4.242235,ok,1,direct,1.000000,0,nose,1,1,2.000000,674.820000,223.430000,2.000000,676.355042,226.472137,3.407485,55.886137,1,0.026000,0.895845
SP_R_Yoga_2,posenet,105,4.242235,ok,1,direct,1.000000,1,left_eye,0,0,0.000000,0.000000,0.000000,2.000000,684.008911,214.950012,,,,0.025000,
SP_R_Yoga_2,posenet,105,4.242235,ok,1,direct,1.000000,2,right_eye,0,0,0.000000,0.000000,0.000000,2.000000,662.960754,219.750900,,,,0.025000,
SP_R_Yoga_2,posenet,105,4.242235,ok,1,direct,1.000000,3,left_ear,0,0,0.000000,0.000000,0.000000,2.000000,706.013855,221.671249,,,,0.035000,
SP_R_Yoga_2,posenet,105,4.242235,ok,1,direct,1.000000,4,right_ear,0,0,0.000000,0.000000,0.000000,2.000000,651.479858,230.312836,,,,0.035000,
SP_R_Yoga_2,posenet,105,4.242235,ok,1,direct,1.000000,5,left_shoulder,1,1,2.000000,715.480000,270.860000,2.000000,724.191895,284.082733,15.834702,55.886137,1,0.079000,0.773160
SP_R_Yoga_2,posenet,105,4.242235,ok,1,direct,1.000000,6,right_shoulder,1,1,2.000000,635.030000,277.250000,2.000000,654.350037,282.162415,19.934784,55.886137,1,0.079000,0.665147
SP_R_Yoga_2,posenet,105,4.242235,ok,1,direct,1.000000,7,left_elbow,1,1,2.000000,726.250000,191.860000,2.000000,719.408203,185.184525,9.558878,55.886137,1,0.072000,0.893269
SP_R_Yoga_2,posenet,105,4.242235,ok,1,direct,1.000000,8,right_elbow,1,1,2.000000,629.810000,196.470000,2.000000,635.215332,365.697815,169.314119,55.886137,0,0.072000,0.000000
SP_R_Yoga_2,posenet,105,4.242235,ok,1,direct,1.000000,9,left_wrist,1,1,2.000000,687.750000,133.970000,2.000000,730.889038,393.542938,263.133211,55.886137,0,0.062000,0.000000
SP_R_Yoga_2,posenet,105,4.242235,ok,1,direct,1.000000,10,right_wrist,1,1,2.000000,661.430000,135.660000,2.000000,620.864258,430.029694,297.151638,55.886137,0,0.062000,0.000000
SP_R_Yoga_2,posenet,105,4.242235,ok,1,direct,1.000000,11,left_hip,1,1,2.000000,706.770000,399.970000,2.000000,710.797546,423.308441,23.683411,55.886137,1,0.107000,0.730723
SP_R_Yoga_2,posenet,105,4.242235,ok,1,direct,1.000000,12,right_hip,1,1,2.000000,663.300000,392.870000,2.000000,658.177002,418.507568,26.144407,55.886137,1,0.107000,0.682286
SP_R_Yoga_2,posenet,105,4.242235,ok,1,direct,1.000000,13,left_knee,1,1,2.000000,693.360000,530.130000,2.000000,696.446533,519.326172,11.236075,55.886137,1,0.087000,0.898696
SP_R_Yoga_2,posenet,105,4.242235,ok,1,direct,1.000000,14,right_knee,1,1,2.000000,573.140000,449.220000,2.000000,577.811096,453.073944,6.055743,55.886137,1,0.087000,0.969451
SP_R_Yoga_2,posenet,105,4.242235,ok,1,direct,1.000000,15,left_ankle,1,1,2.000000,674.810000,643.940000,2.000000,679.225220,632.627075,12.143988,55.886137,1,0.089000,0.887609
SP_R_Yoga_2,posenet,105,4.242235,ok,1,direct,1.000000,16,right_ankle,1,1,2.000000,660.660000,502.840000,2.000000,662.003967,508.764221,6.074755,55.886137,1,0.089000,0.970607
SP_R_Yoga_2,posenet,106,4.282637,ok,1,direct,1.000000,0,nose,1,1,2.000000,674.820000,223.430000,2.000000,675.707092,224.552505,1.430717,55.886137,1,0.026000,0.980797
SP_R_Yoga_2,posenet,106,4.282637,ok,1,direct,1.000000,1,left_eye,0,0,0.000000,0.000000,0.000000,2.000000,685.277161,214.942215,,,,0.025000,
SP_R_Yoga_2,posenet,106,4.282637,ok,1,direct,1.000000,2,right_eye,0,0,0.000000,0.000000,0.000000,2.000000,665.180115,217.825302,,,,0.025000,
SP_R_Yoga_2,posenet,106,4.282637,ok,1,direct,1.000000,3,left_ear,0,0,0.000000,0.000000,0.000000,2.000000,703.460205,223.591476,,,,0.035000,
SP_R_Yoga_2,posenet,106,4.282637,ok,1,direct,1.000000,4,right_ear,0,0,0.000000,0.000000,0.000000,2.000000,651.782043,232.240738,,,,0.035000,
SP_R_Yoga_2,posenet,106,4.282637,ok,1,direct,1.000000,5,left_shoulder,1,1,2.000000,715.480000,270.860000,2.000000,723.557251,280.292175,12.418048,55.886137,1,0.079000,0.853658
SP_R_Yoga_2,posenet,106,4.282637,ok,1,direct,1.000000,6,right_shoulder,1,1,2.000000,635.030000,277.250000,2.000000,649.868042,281.253235,15.368584,55.886137,1,0.079000,0.784785
SP_R_Yoga_2,posenet,106,4.282637,ok,1,direct,1.000000,7,left_elbow,1,1,2.000000,726.250000,191.860000,2.000000,719.729248,186.111343,8.692943,55.886137,1,0.072000,0.910879
SP_R_Yoga_2,posenet,106,4.282637,ok,1,direct,1.000000,8,right_elbow,1,1,2.000000,629.810000,196.470000,2.000000,633.598999,362.940674,166.513788,55.886137,0,0.072000,0.000000
SP_R_Yoga_2,posenet,106,4.282637,ok,1,direct,1.000000,9,left_wrist,1,1,2.000000,687.750000,133.970000,2.000000,702.503174,141.904022,16.751264,55.886137,1,0.062000,0.626599
SP_R_Yoga_2,posenet,106,4.282637,ok,1,direct,1.000000,10,right_wrist,1,1,2.000000,661.430000,135.660000,2.000000,619.243958,418.680328,286.147110,55.886137,0,0.062000,0.000000
SP_R_Yoga_2,posenet,106,4.282637,ok,1,direct,1.000000,11,left_hip,1,1,2.000000,706.770000,399.970000,2.000000,710.159180,421.563416,21.857771,55.886137,1,0.107000,0.765506
SP_R_Yoga_2,posenet,106,4.282637,ok,1,direct,1.000000,12,right_hip,1,1,2.000000,663.300000,392.870000,2.000000,656.567078,413.875183,22.057878,55.886137,1,0.107000,0.761753
SP_R_Yoga_2,posenet,106,4.282637,ok,1,direct,1.000000,13,left_knee,1,1,2.000000,693.360000,530.130000,2.000000,695.804199,524.393494,6.235512,55.886137,1,0.087000,0.967640
SP_R_Yoga_2,posenet,106,4.282637,ok,1,direct,1.000000,14,right_knee,1,1,2.000000,573.140000,449.220000,2.000000,580.006836,450.394318,6.966524,55.886137,1,0.087000,0.959772
SP_R_Yoga_2,posenet,106,4.282637,ok,1,direct,1.000000,15,left_ankle,1,1,2.000000,674.810000,643.940000,2.000000,679.535095,634.911865,10.189884,55.886137,1,0.089000,0.919484
SP_R_Yoga_2,posenet,106,4.282637,ok,1,direct,1.000000,16,right_ankle,1,1,2.000000,660.660000,502.840000,2.000000,657.524109,513.822205,11.421148,55.886137,1,0.089000,0.899916
SP_R_Yoga_2,posenet,107,4.323039,ok,1,direct,1.000000,0,nose,1,1,2.000000,674.820000,223.430000,2.000000,676.396851,224.415604,1.859536,55.886137,1,0.026000,0.967775
SP_R_Yoga_2,posenet,107,4.323039,ok,1,direct,1.000000,1,left_eye,0,0,0.000000,0.000000,0.000000,2.000000,685.952637,214.806686,,,,0.025000,
SP_R_Yoga_2,posenet,107,4.323039,ok,1,direct,1.000000,2,right_eye,0,0,0.000000,0.000000,0.000000,2.000000,664.930054,218.650253,,,,0.025000,
SP_R_Yoga_2,posenet,107,4.323039,ok,1,direct,1.000000,3,left_ear,0,0,0.000000,0.000000,0.000000,2.000000,703.152893,222.493835,,,,0.035000,
SP_R_Yoga_2,posenet,107,4.323039,ok,1,direct,1.000000,4,right_ear,0,0,0.000000,0.000000,0.000000,2.000000,650.596497,231.141876,,,,0.035000,
SP_R_Yoga_2,posenet,107,4.323039,ok,1,direct,1.000000,5,left_shoulder,1,1,2.000000,715.480000,270.860000,2.000000,724.175415,279.186523,12.039154,55.886137,1,0.079000,0.861813
SP_R_Yoga_2,posenet,107,4.323039,ok,1,direct,1.000000,6,right_shoulder,1,1,2.000000,635.030000,277.250000,2.000000,647.729797,281.108307,13.272957,55.886137,1,0.079000,0.834635
SP_R_Yoga_2,posenet,107,4.323039,ok,1,direct,1.000000,7,left_elbow,1,1,2.000000,726.250000,191.860000,2.000000,720.353149,185.018982,9.031743,55.886137,1,0.072000,0.904148
SP_R_Yoga_2,posenet,107,4.323039,ok,1,direct,1.000000,8,right_elbow,1,1,2.000000,629.810000,196.470000,2.000000,631.485107,361.823364,165.361849,55.886137,0,0.072000,0.000000
SP_R_Yoga_2,posenet,107,4.323039,ok,1,direct,1.000000,9,left_wrist,1,1,2.000000,687.750000,133.970000,2.000000,700.286133,139.856979,13.849590,55.886137,1,0.062000,0.726490
SP_R_Yoga_2,posenet,107,4.323039,ok,1,direct,1.000000,10,right_wrist,1,1,2.000000,661.430000,135.660000,2.000000,618.107117,418.516083,286.154566,55.886137,0,0.062000,0.000000
SP_R_Yoga_2,posenet,107,4.323039,ok,1,direct,1.000000,11,left_hip,1,1,2.000000,706.770000,399.970000,2.000000,710.797424,422.359650,22.748990,55.886137,1,0.107000,0.748673
SP_R_Yoga_2,posenet,107,4.323039,ok,1,direct,1.000000,12,right_hip,1,1,2.000000,663.300000,392.870000,2.000000,655.374329,412.750732,21.402331,55.886137,1,0.107000,0.773988
SP_R_Yoga_2,posenet,107,4.323039,ok,1,direct,1.000000,13,left_knee,1,1,2.000000,693.360000,530.130000,2.000000,696.463867,532.862366,4.135192,55.886137,1,0.087000,0.985637
SP_R_Yoga_2,posenet,107,4.323039,ok,1,direct,1.000000,14,right_knee,1,1,2.000000,573.140000,449.220000,2.000000,578.928711,450.225555,5.875399,55.886137,1,0.087000,0.971217
SP_R_Yoga_2,posenet,107,4.323039,ok,1,direct,1.000000,15,left_ankle,1,1,2.000000,674.810000,643.940000,2.000000,679.263672,635.677979,9.385957,55.886137,1,0.089000,0.931257
SP_R_Yoga_2,posenet,107,4.323039,ok,1,direct,1.000000,16,right_ankle,1,1,2.000000,660.660000,502.840000,2.000000,662.063354,512.683594,9.943125,55.886137,1,0.089000,0.923185
SP_R_Yoga_2,posenet,108,4.363441,ok,1,direct,1.000000,0,nose,1,1,2.000000,674.820000,223.430000,2.000000,675.822449,226.075348,2.828917,55.886137,1,0.026000,0.926994
SP_R_Yoga_2,posenet,108,4.363441,ok,1,direct,1.000000,1,left_eye,0,0,0.000000,0.000000,0.000000,2.000000,686.349121,216.464859,,,,0.025000,
SP_R_Yoga_2,posenet,108,4.363441,ok,1,direct,1.000000,2,right_eye,0,0,0.000000,0.000000,0.000000,2.000000,664.338867,218.386963,,,,0.025000,
SP_R_Yoga_2,posenet,108,4.363441,ok,1,direct,1.000000,3,left_ear,0,0,0.000000,0.000000,0.000000,2.000000,704.531494,220.309067,,,,0.035000,
SP_R_Yoga_2,posenet,108,4.363441,ok,1,direct,1.000000,4,right_ear,0,0,0.000000,0.000000,0.000000,2.000000,650.941284,228.958481,,,,0.035000,
SP_R_Yoga_2,posenet,108,4.363441,ok,1,direct,1.000000,5,left_shoulder,1,1,2.000000,715.480000,270.860000,2.000000,728.455688,283.738281,18.281647,55.886137,1,0.079000,0.709692
SP_R_Yoga_2,posenet,108,4.363441,ok,1,direct,1.000000,6,right_shoulder,1,1,2.000000,635.030000,277.250000,2.000000,651.898193,281.816193,17.475299,55.886137,1,0.079000,0.731001
SP_R_Yoga_2,posenet,108,4.363441,ok,1,direct,1.000000,7,left_elbow,1,1,2.000000,726.250000,191.860000,2.000000,718.885986,182.828156,11.653451,55.886137,1,0.072000,0.845564
SP_R_Yoga_2,posenet,108,4.363441,ok,1,direct,1.000000,8,right_elbow,1,1,2.000000,629.810000,196.470000,2.000000,633.715820,367.349487,170.924119,55.886137,0,0.072000,0.000000
SP_R_Yoga_2,posenet,108,4.363441,ok,1,direct,1.000000,9,left_wrist,1,1,2.000000,687.750000,133.970000,2.000000,730.369629,398.103058,267.549444,55.886137,0,0.062000,0.000000
SP_R_Yoga_2,posenet,108,4.363441,ok,1,direct,1.000000,10,right_wrist,1,1,2.000000,661.430000,135.660000,2.000000,613.619507,436.545013,304.659867,55.886137,0,0.062000,0.000000
SP_R_Yoga_2,posenet,108,4.363441,ok,1,direct,1.000000,11,left_hip,1,1,2.000000,706.770000,399.970000,2.000000,711.230225,423.090332,23.546621,55.886137,1,0.107000,0.733369
SP_R_Yoga_2,posenet,108,4.363441,ok,1,direct,1.000000,12,right_hip,1,1,2.000000,663.300000,392.870000,2.000000,658.597046,417.324036,24.902161,55.886137,1,0.107000,0.706919
SP_R_Yoga_2,posenet,108,4.363441,ok,1,direct,1.000000,13,left_knee,1,1,2.000000,693.360000,530.130000,2.000000,694.961792,525.922546,4.502044,55.886137,1,0.087000,0.982999
SP_R_Yoga_2,posenet,108,4.363441,ok,1,direct,1.000000,14,right_knee,1,1,2.000000,573.140000,449.220000,2.000000,578.211670,452.882812,6.256040,55.886137,1,0.087000,0.967430
SP_R_Yoga_2,posenet,108,4.363441,ok,1,direct,1.000000,15,left_ankle,1,1,2.000000,674.810000,643.940000,2.000000,677.736389,633.559998,10.784628,55.886137,1,0.089000,0.910258
SP_R_Yoga_2,posenet,108,4.363441,ok,1,direct,1.000000,16,right_ankle,1,1,2.000000,660.660000,502.840000,2.000000,665.295776,508.623627,7.412203,55.886137,1,0.089000,0.956556
SP_R_Yoga_2,posenet,109,4.403844,ok,1,direct,1.000000,0,nose,1,1,2.000000,674.820000,223.430000,2.000000,674.772949,223.043350,0.389502,55.886137,1,0.026000,0.998564
SP_R_Yoga_2,posenet,109,4.403844,ok,1,direct,1.000000,1,left_eye,0,0,0.000000,0.000000,0.000000,2.000000,684.334229,213.431152,,,,0.025000,
SP_R_Yoga_2,posenet,109,4.403844,ok,1,direct,1.000000,2,right_eye,0,0,0.000000,0.000000,0.000000,2.000000,663.299500,216.314789,,,,0.025000,
SP_R_Yoga_2,posenet,109,4.403844,ok,1,direct,1.000000,3,left_ear,0,0,0.000000,0.000000,0.000000,2.000000,703.456726,223.043350,,,,0.035000,
SP_R_Yoga_2,posenet,109,4.403844,ok,1,direct,1.000000,4,right_ear,0,0,0.000000,0.000000,0.000000,2.000000,648.957581,226.888229,,,,0.035000,
SP_R_Yoga_2,posenet,109,4.403844,ok,1,direct,1.000000,5,left_shoulder,1,1,2.000000,715.480000,270.860000,2.000000,725.447571,282.639008,15.430408,55.886137,1,0.079000,0.783253
SP_R_Yoga_2,posenet,109,4.403844,ok,1,direct,1.000000,6,right_shoulder,1,1,2.000000,635.030000,277.250000,2.000000,645.133118,282.639008,11.450519,55.886137,1,0.079000,0.874127
SP_R_Yoga_2,posenet,109,4.403844,ok,1,direct,1.000000,7,left_elbow,1,1,2.000000,726.250000,191.860000,2.000000,721.623108,189.400635,5.239905,55.886137,1,0.072000,0.966653
SP_R_Yoga_2,posenet,109,4.403844,ok,1,direct,1.000000,8,right_elbow,1,1,2.000000,629.810000,196.470000,2.000000,627.922791,362.420319,165.961049,55.886137,0,0.072000,0.000000
SP_R_Yoga_2,posenet,109,4.403844,ok,1,direct,1.000000,9,left_wrist,1,1,2.000000,687.750000,133.970000,2.000000,702.500610,145.184494,18.529581,55.886137,1,0.062000,0.564415
SP_R_Yoga_2,posenet,109,4.403844,ok,1,direct,1.000000,10,right_wrist,1,1,2.000000,661.430000,135.660000,2.000000,642.264709,178.827209,47.230460,55.886137,1,0.062000,0.024330
SP_R_Yoga_2,posenet,109,4.403844,ok,1,direct,1.000000,11,left_hip,1,1,2.000000,706.770000,399.970000,2.000000,711.105713,423.938416,24.357409,55.886137,1,0.107000,0.717609
SP_R_Yoga_2,posenet,109,4.403844,ok,1,direct,1.000000,12,right_hip,1,1,2.000000,663.300000,392.870000,2.000000,654.694336,415.287445,24.012482,55.886137,1,0.107000,0.724337
SP_R_Yoga_2,posenet,109,4.403844,ok,1,direct,1.000000,13,left_knee,1,1,2.000000,693.360000,530.130000,2.000000,696.763855,526.789001,4.769539,55.886137,1,0.087000,0.980938
SP_R_Yoga_2,posenet,109,4.403844,ok,1,direct,1.000000,14,right_knee,1,1,2.000000,573.140000,449.220000,2.000000,581.072693,452.775055,8.692872,55.886137,1,0.087000,0.938070
SP_R_Yoga_2,posenet,109,4.403844,ok,1,direct,1.000000,15,left_ankle,1,1,2.000000,674.810000,643.940000,2.000000,676.685242,634.445679,9.677741,55.886137,1,0.089000,0.927079
SP_R_Yoga_2,posenet,109,4.403844,ok,1,direct,1.000000,16,right_ankle,1,1,2.000000,660.660000,502.840000,2.000000,664.255554,508.525818,6.727298,55.886137,1,0.089000,0.964075
SP_R_Yoga_2,posenet,110,4.444246,ok,1,direct,1.000000,0,nose,1,1,2.000000,674.820000,223.430000,2.000000,675.066406,224.125793,0.738136,55.888328,1,0.026000,0.994853
SP_R_Yoga_2,posenet,110,4.444246,ok,1,direct,1.000000,1,left_eye,0,0,0.000000,0.000000,0.000000,2.000000,685.618469,214.521255,,,,0.025000,
SP_R_Yoga_2,posenet,110,4.444246,ok,1,direct,1.000000,2,right_eye,0,0,0.000000,0.000000,0.000000,2.000000,664.514404,215.481705,,,,0.025000,
SP_R_Yoga_2,posenet,110,4.444246,ok,1,direct,1.000000,3,left_ear,0,0,0.000000,0.000000,0.000000,2.000000,702.885376,225.086227,,,,0.035000,
SP_R_Yoga_2,posenet,110,4.444246,ok,1,direct,1.000000,4,right_ear,0,0,0.000000,0.000000,0.000000,2.000000,649.165955,226.046692,,,,0.035000,
SP_R_Yoga_2,posenet,110,4.444246,ok,1,direct,1.000000,5,left_shoulder,1,1,2.000000,715.480000,270.860000,2.000000,723.989441,281.752960,13.822705,55.888328,1,0.079000,0.821989
SP_R_Yoga_2,posenet,110,4.444246,ok,1,direct,1.000000,6,right_shoulder,1,1,2.000000,635.030000,277.250000,2.000000,646.288147,281.752960,12.125284,55.888328,1,0.079000,0.859985
SP_R_Yoga_2,posenet,110,4.444246,ok,1,direct,1.000000,7,left_elbow,1,1,2.000000,726.250000,191.860000,2.000000,720.152344,188.589020,6.919590,55.888328,1,0.072000,0.942575
SP_R_Yoga_2,posenet,110,4.444246,ok,1,direct,1.000000,8,right_elbow,1,1,2.000000,629.810000,196.470000,2.000000,628.061951,357.628754,161.168234,55.888328,0,0.072000,0.000000
SP_R_Yoga_2,posenet,110,4.444246,ok,1,direct,1.000000,9,left_wrist,1,1,2.000000,687.990000,133.930000,2.000000,702.885376,144.408188,18.211662,55.888328,1,0.062000,0.575530
SP_R_Yoga_2,posenet,110,4.444246,ok,1,direct,1.000000,10,right_wrist,1,1,2.000000,661.710000,135.800000,2.000000,638.613892,190.509933,59.385243,55.888328,0,0.062000,0.002811
SP_R_Yoga_2,posenet,110,4.444246,ok,1,direct,1.000000,11,left_hip,1,1,2.000000,706.770000,399.970000,2.000000,709.600281,422.939545,23.143260,55.888328,1,0.107000,0.741152
SP_R_Yoga_2,posenet,110,4.444246,ok,1,direct,1.000000,12,right_hip,1,1,2.000000,663.300000,392.870000,2.000000,654.921631,413.335022,22.113665,55.888328,1,0.107000,0.760720
SP_R_Yoga_2,posenet,110,4.444246,ok,1,direct,1.000000,13,left_knee,1,1,2.000000,693.360000,530.130000,2.000000,697.129700,523.787109,7.378543,55.888328,1,0.087000,0.954988
SP_R_Yoga_2,posenet,110,4.444246,ok,1,direct,1.000000,14,right_knee,1,1,2.000000,573.140000,449.220000,2.000000,581.057495,451.753143,8.312854,55.888328,1,0.087000,0.943217
SP_R_Yoga_2,posenet,110,4.444246,ok,1,direct,1.000000,15,left_ankle,1,1,2.000000,674.810000,643.940000,2.000000,676.025635,633.278687,10.730395,55.888328,1,0.089000,0.911124
SP_R_Yoga_2,posenet,110,4.444246,ok,1,direct,1.000000,16,right_ankle,1,1,2.000000,660.660000,502.840000,2.000000,662.595825,506.498962,4.139496,55.888328,1,0.089000,0.986244
SP_R_Yoga_2,posenet,111,4.484648,ok,1,direct,1.000000,0,nose,1,1,2.000000,674.820000,223.430000,2.000000,675.286621,224.030334,0.760353,55.890520,1,0.026000,0.994539
SP_R_Yoga_2,posenet,111,4.484648,ok,1,direct,1.000000,1,left_eye,0,0,0.000000,0.000000,0.000000,2.000000,685.818298,214.423508,,,,0.025000,
SP_R_Yoga_2,posenet,111,4.484648,ok,1,direct,1.000000,2,right_eye,0,0,0.000000,0.000000,0.000000,2.000000,664.754883,215.384186,,,,0.025000,
SP_R_Yoga_2,posenet,111,4.484648,ok,1,direct,1.000000,3,left_ear,0,0,0.000000,0.000000,0.000000,2.000000,703.052063,224.030334,,,,0.035000,
SP_R_Yoga_2,posenet,111,4.484648,ok,1,direct,1.000000,4,right_ear,0,0,0.000000,0.000000,0.000000,2.000000,649.436035,225.951691,,,,0.035000,
SP_R_Yoga_2,posenet,111,4.484648,ok,1,direct,1.000000,5,left_shoulder,1,1,2.000000,715.480000,270.860000,2.000000,724.115479,280.710571,13.099818,55.890520,1,0.079000,0.838578
SP_R_Yoga_2,posenet,111,4.484648,ok,1,direct,1.000000,6,right_shoulder,1,1,2.000000,635.030000,277.250000,2.000000,645.606323,281.671234,11.463242,55.890520,1,0.079000,0.873884
SP_R_Yoga_2,posenet,111,4.484648,ok,1,direct,1.000000,7,left_elbow,1,1,2.000000,726.250000,191.860000,2.000000,720.285767,188.485092,6.852889,55.890520,1,0.072000,0.943649
SP_R_Yoga_2,posenet,111,4.484648,ok,1,direct,1.000000,8,right_elbow,1,1,2.000000,629.810000,196.470000,2.000000,627.415161,356.604431,160.152338,55.890520,0,0.072000,0.000000
SP_R_Yoga_2,posenet,111,4.484648,ok,1,direct,1.000000,9,left_wrist,1,1,2.000000,688.220000,133.890000,2.000000,703.052063,144.293747,18.117065,55.890520,1,0.062000,0.578859
SP_R_Yoga_2,posenet,111,4.484648,ok,1,direct,1.000000,10,right_wrist,1,1,2.000000,661.980000,135.940000,2.000000,638.904236,191.367157,60.038826,55.890520,0,0.062000,0.002469
SP_R_Yoga_2,posenet,111,4.484648,ok,1,direct,1.000000,11,left_hip,1,1,2.000000,706.770000,399.970000,2.000000,709.754089,421.930786,22.162602,55.890520,1,0.107000,0.759815
SP_R_Yoga_2,posenet,111,4.484648,ok,1,direct,1.000000,12,right_hip,1,1,2.000000,663.300000,392.870000,2.000000,653.265747,413.284668,22.747415,55.890520,1,0.107000,0.748737
SP_R_Yoga_2,posenet,111,4.484648,ok,1,direct,1.000000,13,left_knee,1,1,2.000000,693.360000,530.130000,2.000000,696.350037,523.763062,7.034076,55.890520,1,0.087000,0.959010
SP_R_Yoga_2,posenet,111,4.484648,ok,1,direct,1.000000,14,right_knee,1,1,2.000000,573.140000,449.220000,2.000000,579.543701,451.711945,6.871476,55.890520,1,0.087000,0.960846
SP_R_Yoga_2,posenet,111,4.484648,ok,1,direct,1.000000,15,left_ankle,1,1,2.000000,674.810000,643.940000,2.000000,675.286621,633.280823,10.669828,55.890520,1,0.089000,0.912086
SP_R_Yoga_2,posenet,111,4.484648,ok,1,direct,1.000000,16,right_ankle,1,1,2.000000,660.660000,502.840000,2.000000,659.010254,505.510101,3.138647,55.890520,1,0.089000,0.992069
SP_R_Yoga_2,posenet,112,4.525050,ok,1,direct,1.000000,0,nose,1,1,2.000000,674.820000,223.430000,2.000000,674.878174,221.726807,1.704187,55.892711,1,0.026000,0.972870
SP_R_Yoga_2,posenet,112,4.525050,ok,1,direct,1.000000,1,left_eye,0,0,0.000000,0.000000,0.000000,2.000000,684.461548,212.126205,,,,0.025000,
SP_R_Yoga_2,posenet,112,4.525050,ok,1,direct,1.000000,2,right_eye,0,0,0.000000,0.000000,0.000000,2.000000,664.336426,215.006393,,,,0.025000,
SP_R_Yoga_2,posenet,112,4.525050,ok,1,direct,1.000000,3,left_ear,0,0,0.000000,0.000000,0.000000,2.000000,703.628418,222.686859,,,,0.035000,
SP_R_Yoga_2,posenet,112,4.525050,ok,1,direct,1.000000,4,right_ear,0,0,0.000000,0.000000,0.000000,2.000000,649.961304,227.487152,,,,0.035000,
SP_R_Yoga_2,posenet,112,4.525050,ok,1,direct,1.000000,5,left_shoulder,1,1,2.000000,715.480000,270.860000,2.000000,724.711914,281.250427,13.899252,55.892711,1,0.079000,0.820227
SP_R_Yoga_2,posenet,112,4.525050,ok,1,direct,1.000000,6,right_shoulder,1,1,2.000000,635.030000,277.250000,2.000000,645.169617,282.210480,11.287966,55.892711,1,0.079000,0.877475
SP_R_Yoga_2,posenet,112,4.525050,ok,1,direct,1.000000,7,left_elbow,1,1,2.000000,726.250000,191.860000,2.000000,720.878540,190.044861,5.669860,55.892711,1,0.072000,0.961077
SP_R_Yoga_2,posenet,112,4.525050,ok,1,direct,1.000000,8,right_elbow,1,1,2.000000,629.810000,196.470000,2.000000,628.877747,358.055115,161.587804,55.892711,0,0.072000,0.000000
SP_R_Yoga_2,posenet,112,4.525050,ok,1,direct,1.000000,9,left_wrist,1,1,2.000000,688.460000,133.850000,2.000000,702.670044,145.882172,18.619842,55.892711,1,0.062000,0.561347
SP_R_Yoga_2,posenet,112,4.525050,ok,1,direct,1.000000,10,right_wrist,1,1,2.000000,662.260000,136.080000,2.000000,655.711365,504.944092,368.922218,55.892711,0,0.062000,0.000000
SP_R_Yoga_2,posenet,112,4.525050,ok,1,direct,1.000000,11,left_hip,1,1,2.000000,706.770000,399.970000,2.000000,711.295105,422.379059,22.861376,55.892711,1,0.107000,0.746581
SP_R_Yoga_2,posenet,112,4.525050,ok,1,direct,1.000000,12,right_hip,1,1,2.000000,663.300000,392.870000,2.000000,653.794678,412.778473,22.061243,55.892711,1,0.107000,0.761738
SP_R_Yoga_2,posenet,112,4.525050,ok,1,direct,1.000000,13,left_knee,1,1,2.000000,693.360000,530.130000,2.000000,696.920044,525.105286,6.158057,55.892711,1,0.087000,0.968434
SP_R_Yoga_2,posenet,112,4.525050,ok,1,direct,1.000000,14,right_knee,1,1,2.000000,573.140000,449.220000,2.000000,580.002380,451.180817,7.137021,55.892711,1,0.087000,0.957831
SP_R_Yoga_2,posenet,112,4.525050,ok,1,direct,1.000000,15,left_ankle,1,1,2.000000,674.810000,643.940000,2.000000,677.753174,632.631897,11.684839,55.892711,1,0.089000,0.895518
SP_R_Yoga_2,posenet,112,4.525050,ok,1,direct,1.000000,16,right_ankle,1,1,2.000000,660.660000,502.840000,2.000000,659.544739,505.904144,3.260796,55.892711,1,0.089000,0.991443
SP_R_Yoga_2,posenet,113,4.565453,ok,1,direct,1.000000,0,nose,1,1,2.000000,674.820000,223.430000,2.000000,675.754150,224.376465,1.329824,55.894903,1,0.026000,0.983393
SP_R_Yoga_2,posenet,113,4.565453,ok,1,direct,1.000000,1,left_eye,0,0,0.000000,0.000000,0.000000,2.000000,686.277344,216.692871,,,,0.025000,
SP_R_Yoga_2,posenet,113,4.565453,ok,1,direct,1.000000,2,right_eye,0,0,0.000000,0.000000,0.000000,2.000000,665.230957,217.653336,,,,0.025000,
SP_R_Yoga_2,posenet,113,4.565453,ok,1,direct,1.000000,3,left_ear,0,0,0.000000,0.000000,0.000000,2.000000,702.540466,220.534668,,,,0.035000,
SP_R_Yoga_2,posenet,113,4.565453,ok,1,direct,1.000000,4,right_ear,0,0,0.000000,0.000000,0.000000,2.000000,650.881226,229.178680,,,,0.035000,
SP_R_Yoga_2,posenet,113,4.565453,ok,1,direct,1.000000,5,left_shoulder,1,1,2.000000,715.480000,270.860000,2.000000,724.543457,276.240601,10.540262,55.894903,1,0.079000,0.892298
SP_R_Yoga_2,posenet,113,4.565453,ok,1,direct,1.000000,6,right_shoulder,1,1,2.000000,635.030000,277.250000,2.000000,646.097961,282.003296,12.045480,55.894903,1,0.079000,0.861719
SP_R_Yoga_2,posenet,113,4.565453,ok,1,direct,1.000000,7,left_elbow,1,1,2.000000,726.250000,191.860000,2.000000,719.760193,183.077225,10.920382,55.894903,1,0.072000,0.863066
SP_R_Yoga_2,posenet,113,4.565453,ok,1,direct,1.000000,8,right_elbow,1,1,2.000000,629.810000,196.470000,2.000000,627.921570,356.918152,160.459265,55.894903,0,0.072000,0.000000
SP_R_Yoga_2,posenet,113,4.565453,ok,1,direct,1.000000,9,left_wrist,1,1,2.000000,688.700000,133.810000,2.000000,695.843872,136.015335,7.476524,55.894903,1,0.062000,0.911112
SP_R_Yoga_2,posenet,113,4.565453,ok,1,direct,1.000000,10,right_wrist,1,1,2.000000,662.530000,136.210000,2.000000,650.881226,163.868286,30.011244,55.894903,1,0.062000,0.223146
SP_R_Yoga_2,posenet,113,4.565453,ok,1,direct,1.000000,11,left_hip,1,1,2.000000,706.770000,399.970000,2.000000,710.193665,423.188995,23.470050,55.894903,1,0.107000,0.734918
SP_R_Yoga_2,posenet,113,4.565453,ok,1,direct,1.000000,12,right_hip,1,1,2.000000,663.300000,392.870000,2.000000,655.664429,413.584503,22.076970,55.894903,1,0.107000,0.761459
SP_R_Yoga_2,posenet,113,4.565453,ok,1,direct,1.000000,13,left_knee,1,1,2.000000,693.360000,530.130000,2.000000,696.800537,532.679993,4.282494,55.894903,1,0.087000,0.984609
SP_R_Yoga_2,posenet,113,4.565453,ok,1,direct,1.000000,14,right_knee,1,1,2.000000,573.140000,449.220000,2.000000,580.088989,452.002380,7.485325,55.894903,1,0.087000,0.953717
SP_R_Yoga_2,posenet,113,4.565453,ok,1,direct,1.000000,15,left_ankle,1,1,2.000000,674.810000,643.940000,2.000000,678.624084,632.566406,11.996077,55.894903,1,0.089000,0.890207
SP_R_Yoga_2,posenet,113,4.565453,ok,1,direct,1.000000,16,right_ankle,1,1,2.000000,660.660000,502.840000,2.000000,662.361023,507.708344,5.156961,55.894903,1,0.089000,0.978737
SP_R_Yoga_2,posenet,114,4.605855,ok,1,direct,1.000000,0,nose,1,1,2.000000,674.820000,223.430000,2.000000,675.522156,224.614120,1.376650,55.897094,1,0.026000,0.982215
SP_R_Yoga_2,posenet,114,4.605855,ok,1,direct,1.000000,1,left_eye,0,0,0.000000,0.000000,0.000000,2.000000,685.083374,216.924179,,,,0.025000,
SP_R_Yoga_2,posenet,114,4.605855,ok,1,direct,1.000000,2,right_eye,0,0,0.000000,0.000000,0.000000,2.000000,664.048767,217.885406,,,,0.025000,
SP_R_Yoga_2,posenet,114,4.605855,ok,1,direct,1.000000,3,left_ear,0,0,0.000000,0.000000,0.000000,2.000000,704.205627,221.730392,,,,0.035000,
SP_R_Yoga_2,posenet,114,4.605855,ok,1,direct,1.000000,4,right_ear,0,0,0.000000,0.000000,0.000000,2.000000,650.663147,229.420319,,,,0.035000,
SP_R_Yoga_2,posenet,114,4.605855,ok,1,direct,1.000000,5,left_shoulder,1,1,2.000000,715.480000,270.860000,2.000000,724.284058,276.521118,10.467076,55.897094,1,0.079000,0.893714
SP_R_Yoga_2,posenet,114,4.605855,ok,1,direct,1.000000,6,right_shoulder,1,1,2.000000,635.030000,277.250000,2.000000,646.838684,280.366119,12.212912,55.897094,1,0.079000,0.858147
SP_R_Yoga_2,posenet,114,4.605855,ok,1,direct,1.000000,7,left_elbow,1,1,2.000000,726.250000,191.860000,2.000000,719.503479,182.319489,11.684901,55.897094,1,0.072000,0.844854
SP_R_Yoga_2,posenet,114,4.605855,ok,1,direct,1.000000,8,right_elbow,1,1,2.000000,629.810000,196.470000,2.000000,573.217773,448.583313,258.386924,55.897094,0,0.072000,0.000000
SP_R_Yoga_2,posenet,114,4.605855,ok,1,direct,1.000000,9,left_wrist,1,1,2.000000,688.930000,133.770000,2.000000,694.644470,135.218674,5.895238,55.897094,1,0.062000,0.943770
SP_R_Yoga_2,posenet,114,4.605855,ok,1,direct,1.000000,10,right_wrist,1,1,2.000000,662.810000,136.350000,2.000000,649.707031,165.017151,31.519729,55.897094,1,0.062000,0.191212
SP_R_Yoga_2,posenet,114,4.605855,ok,1,direct,1.000000,11,left_hip,1,1,2.000000,706.770000,399.970000,2.000000,711.854553,425.513550,26.044685,55.897094,1,0.107000,0.684377
SP_R_Yoga_2,posenet,114,4.605855,ok,1,direct,1.000000,12,right_hip,1,1,2.000000,663.300000,392.870000,2.000000,655.443726,411.094910,19.846118,55.897094,1,0.107000,0.802351
SP_R_Yoga_2,posenet,114,4.605855,ok,1,direct,1.000000,13,left_knee,1,1,2.000000,693.360000,530.130000,2.000000,696.556702,534.133789,5.123400,55.897094,1,0.087000,0.978046
SP_R_Yoga_2,posenet,114,4.605855,ok,1,direct,1.000000,14,right_knee,1,1,2.000000,573.140000,449.220000,2.000000,580.866699,449.544556,7.733513,55.897094,1,0.087000,0.950679
SP_R_Yoga_2,posenet,114,4.605855,ok,1,direct,1.000000,15,left_ankle,1,1,2.000000,674.810000,643.940000,2.000000,680.302734,636.025391,9.633856,55.897094,1,0.089000,0.927742
SP_R_Yoga_2,posenet,114,4.605855,ok,1,direct,1.000000,16,right_ankle,1,1,2.000000,660.660000,502.840000,2.000000,664.048767,506.257812,4.813022,55.897094,1,0.089000,0.981454
SP_R_Yoga_2,posenet,115,4.646257,ok,1,direct,1.000000,0,nose,1,1,2.000000,674.820000,223.430000,2.000000,676.368469,222.936447,1.625223,55.899286,1,0.026000,0.975301
SP_R_Yoga_2,posenet,115,4.646257,ok,1,direct,1.000000,1,left_eye,0,0,0.000000,0.000000,0.000000,2.000000,686.883911,213.330688,,,,0.025000,
SP_R_Yoga_2,posenet,115,4.646257,ok,1,direct,1.000000,2,right_eye,0,0,0.000000,0.000000,0.000000,2.000000,666.808960,217.173004,,,,0.025000,
SP_R_Yoga_2,posenet,115,4.646257,ok,1,direct,1.000000,3,left_ear,0,0,0.000000,0.000000,0.000000,2.000000,703.135071,223.897034,,,,0.035000,
SP_R_Yoga_2,posenet,115,4.646257,ok,1,direct,1.000000,4,right_ear,0,0,0.000000,0.000000,0.000000,2.000000,652.469666,229.660492,,,,0.035000,
SP_R_Yoga_2,posenet,115,4.646257,ok,1,direct,1.000000,5,left_shoulder,1,1,2.000000,715.480000,270.860000,2.000000,723.210083,279.610504,11.675851,55.899286,1,0.079000,0.869523
SP_R_Yoga_2,posenet,115,4.646257,ok,1,direct,1.000000,6,right_shoulder,1,1,2.000000,635.030000,277.250000,2.000000,650.557739,278.649933,15.590718,55.899286,1,0.079000,0.779358
SP_R_Yoga_2,posenet,115,4.646257,ok,1,direct,1.000000,7,left_elbow,1,1,2.000000,726.250000,191.860000,2.000000,721.298157,189.316254,5.566992,55.899286,1,0.072000,0.962459
SP_R_Yoga_2,posenet,115,4.646257,ok,1,direct,1.000000,8,right_elbow,1,1,2.000000,629.810000,196.470000,2.000000,631.438721,361.259552,164.797601,55.899286,0,0.072000,0.000000
SP_R_Yoga_2,posenet,115,4.646257,ok,1,direct,1.000000,9,left_wrist,1,1,2.000000,689.170000,133.730000,2.000000,701.223206,146.090302,17.264322,55.899286,1,0.062000,0.608787
SP_R_Yoga_2,posenet,115,4.646257,ok,1,direct,1.000000,10,right_wrist,1,1,2.000000,663.080000,136.490000,2.000000,640.042236,191.237411,59.397118,55.899286,0,0.062000,0.002810
SP_R_Yoga_2,posenet,115,4.646257,ok,1,direct,1.000000,11,left_hip,1,1,2.000000,706.770000,399.970000,2.000000,710.782715,420.815338,21.228048,55.899286,1,0.107000,0.777304
SP_R_Yoga_2,posenet,115,4.646257,ok,1,direct,1.000000,12,right_hip,1,1,2.000000,663.300000,392.870000,2.000000,653.425598,416.973022,26.047255,55.899286,1,0.107000,0.684346
SP_R_Yoga_2,posenet,115,4.646257,ok,1,direct,1.000000,13,left_knee,1,1,2.000000,693.360000,530.130000,2.000000,694.531555,524.557678,5.694147,55.899286,1,0.087000,0.972954
SP_R_Yoga_2,posenet,115,4.646257,ok,1,direct,1.000000,14,right_knee,1,1,2.000000,573.140000,449.220000,2.000000,582.685120,454.435516,10.877082,55.899286,1,0.087000,0.904795
SP_R_Yoga_2,posenet,115,4.646257,ok,1,direct,1.000000,15,left_ankle,1,1,2.000000,674.810000,643.940000,2.000000,680.192261,637.905701,8.085883,55.899286,1,0.089000,0.948540
SP_R_Yoga_2,posenet,115,4.646257,ok,1,direct,1.000000,16,right_ankle,1,1,2.000000,660.660000,502.840000,2.000000,666.808960,513.030701,11.902104,55.899286,1,0.089000,0.891840
SP_R_Yoga_2,posenet,116,4.686659,ok,1,direct,1.000000,0,nose,1,1,2.000000,674.820000,223.430000,2.000000,676.891541,225.248245,2.756319,55.901477,1,0.026000,0.930598
SP_R_Yoga_2,posenet,116,4.686659,ok,1,direct,1.000000,1,left_eye,0,0,0.000000,0.000000,0.000000,2.000000,685.501221,216.606628,,,,0.025000,
SP_R_Yoga_2,posenet,116,4.686659,ok,1,direct,1.000000,2,right_eye,0,0,0.000000,0.000000,0.000000,2.000000,665.411987,217.566788,,,,0.025000,
SP_R_Yoga_2,posenet,116,4.686659,ok,1,direct,1.000000,3,left_ear,0,0,0.000000,0.000000,0.000000,2.000000,702.720581,220.447357,,,,0.035000,
SP_R_Yoga_2,posenet,116,4.686659,ok,1,direct,1.000000,4,right_ear,0,0,0.000000,0.000000,0.000000,2.000000,651.062500,229.088974,,,,0.035000,
SP_R_Yoga_2,posenet,116,4.686659,ok,1,direct,1.000000,5,left_shoulder,1,1,2.000000,715.480000,270.860000,2.000000,722.809814,276.137787,9.032232,55.901477,1,0.079000,0.919744
SP_R_Yoga_2,posenet,116,4.686659,ok,1,direct,1.000000,6,right_shoulder,1,1,2.000000,635.030000,277.250000,2.000000,646.279358,279.978516,11.575528,55.901477,1,0.079000,0.871615
SP_R_Yoga_2,posenet,116,4.686659,ok,1,direct,1.000000,7,left_elbow,1,1,2.000000,726.250000,191.860000,2.000000,719.939941,183.000290,10.877100,55.901477,1,0.072000,0.864102
SP_R_Yoga_2,posenet,116,4.686659,ok,1,direct,1.000000,8,right_elbow,1,1,2.000000,629.810000,196.470000,2.000000,573.575439,450.890656,260.561309,55.901477,0,0.072000,0.000000
SP_R_Yoga_2,posenet,116,4.686659,ok,1,direct,1.000000,9,left_wrist,1,1,2.000000,689.410000,133.690000,2.000000,696.980774,133.070908,7.596045,55.901477,1,0.062000,0.908403
SP_R_Yoga_2,posenet,116,4.686659,ok,1,direct,1.000000,10,right_wrist,1,1,2.000000,663.360000,136.630000,2.000000,655.845642,154.194885,19.104732,55.901477,1,0.062000,0.544608
SP_R_Yoga_2,posenet,116,4.686659,ok,1,direct,1.000000,11,left_hip,1,1,2.000000,706.770000,399.970000,2.000000,710.373657,422.085236,22.406918,55.901477,1,0.107000,0.755285
SP_R_Yoga_2,posenet,116,4.686659,ok,1,direct,1.000000,12,right_hip,1,1,2.000000,663.300000,392.870000,2.000000,654.888977,413.443604,22.226526,55.901477,1,0.107000,0.758692
SP_R_Yoga_2,posenet,116,4.686659,ok,1,direct,1.000000,13,left_knee,1,1,2.000000,693.360000,530.130000,2.000000,695.067505,523.864380,6.494118,55.901477,1,0.087000,0.964968
SP_R_Yoga_2,posenet,116,4.686659,ok,1,direct,1.000000,14,right_knee,1,1,2.000000,573.140000,449.220000,2.000000,582.185120,451.850830,9.419950,55.901477,1,0.087000,0.927715
SP_R_Yoga_2,posenet,116,4.686659,ok,1,direct,1.000000,15,left_ankle,1,1,2.000000,674.810000,643.940000,2.000000,680.718079,635.245300,10.512050,55.901477,1,0.089000,0.914585
SP_R_Yoga_2,posenet,116,4.686659,ok,1,direct,1.000000,16,right_ankle,1,1,2.000000,660.660000,502.840000,2.000000,665.411987,508.501495,7.391476,55.901477,1,0.089000,0.956817
SP_R_Yoga_2,posenet,117,4.727062,ok,1,direct,1.000000,0,nose,1,1,2.000000,674.820000,223.430000,2.000000,677.983154,225.273193,3.660998,55.903120,1,0.026000,0.880835
SP_R_Yoga_2,posenet,117,4.727062,ok,1,direct,1.000000,1,left_eye,0,0,0.000000,0.000000,0.000000,2.000000,686.581970,215.665970,,,,0.025000,
SP_R_Yoga_2,posenet,117,4.727062,ok,1,direct,1.000000,2,right_eye,0,0,0.000000,0.000000,0.000000,2.000000,666.518066,217.587418,,,,0.025000,
SP_R_Yoga_2,posenet,117,4.727062,ok,1,direct,1.000000,3,left_ear,0,0,0.000000,0.000000,0.000000,2.000000,702.824219,222.391037,,,,0.035000,
SP_R_Yoga_2,posenet,117,4.727062,ok,1,direct,1.000000,4,right_ear,0,0,0.000000,0.000000,0.000000,2.000000,650.275818,229.116074,,,,0.035000,
SP_R_Yoga_2,posenet,117,4.727062,ok,1,direct,1.000000,5,left_shoulder,1,1,2.000000,715.480000,270.860000,2.000000,721.932739,275.230743,7.793667,55.903120,1,0.079000,0.939615
SP_R_Yoga_2,posenet,117,4.727062,ok,1,direct,1.000000,6,right_shoulder,1,1,2.000000,635.030000,277.250000,2.000000,646.454163,282.916534,12.752298,55.903120,1,0.079000,0.846406
SP_R_Yoga_2,posenet,117,4.727062,ok,1,direct,1.000000,7,left_elbow,1,1,2.000000,726.250000,191.860000,2.000000,720.977356,184.922867,8.713472,55.903120,1,0.072000,0.910529
SP_R_Yoga_2,posenet,117,4.727062,ok,1,direct,1.000000,8,right_elbow,1,1,2.000000,629.810000,196.470000,2.000000,635.944397,198.372971,6.422782,55.903120,1,0.072000,0.950349
SP_R_Yoga_2,posenet,117,4.727062,ok,1,direct,1.000000,9,left_wrist,1,1,2.000000,689.640000,133.660000,2.000000,698.047119,131.122421,8.781740,55.903120,1,0.062000,0.879509
SP_R_Yoga_2,posenet,117,4.727062,ok,1,direct,1.000000,10,right_wrist,1,1,2.000000,663.640000,136.770000,2.000000,656.008362,152.258301,17.266423,55.903120,1,0.062000,0.608755
SP_R_Yoga_2,posenet,117,4.727062,ok,1,direct,1.000000,11,left_hip,1,1,2.000000,706.770000,399.970000,2.000000,712.378479,422.221252,22.947184,55.903120,1,0.107000,0.745023
SP_R_Yoga_2,posenet,117,4.727062,ok,1,direct,1.000000,12,right_hip,1,1,2.000000,663.300000,392.870000,2.000000,654.097473,413.574768,22.657756,55.903120,1,0.107000,0.750540
SP_R_Yoga_2,posenet,117,4.727062,ok,1,direct,1.000000,13,left_knee,1,1,2.000000,693.360000,530.130000,2.000000,697.091675,519.254150,11.498239,55.903120,1,0.087000,0.894237
SP_R_Yoga_2,posenet,117,4.727062,ok,1,direct,1.000000,14,right_knee,1,1,2.000000,573.140000,449.220000,2.000000,581.485168,451.042938,8.541952,55.903120,1,0.087000,0.940172
SP_R_Yoga_2,posenet,117,4.727062,ok,1,direct,1.000000,15,left_ankle,1,1,2.000000,674.810000,643.940000,2.000000,679.894043,635.501648,9.851562,55.903120,1,0.089000,0.924582
SP_R_Yoga_2,posenet,117,4.727062,ok,1,direct,1.000000,16,right_ankle,1,1,2.000000,660.660000,502.840000,2.000000,664.607239,506.764801,5.566395,55.903120,1,0.089000,0.975277
SP_R_Yoga_2,posenet,118,4.767464,ok,1,direct,1.000000,0,nose,1,1,2.000000,674.820000,223.430000,2.000000,678.364990,225.416885,4.063824,55.905311,1,0.026000,0.855275
SP_R_Yoga_2,posenet,118,4.767464,ok,1,direct,1.000000,1,left_eye,0,0,0.000000,0.000000,0.000000,2.000000,687.928040,215.807388,,,,0.025000,
SP_R_Yoga_2,posenet,118,4.767464,ok,1,direct,1.000000,2,right_eye,0,0,0.000000,0.000000,0.000000,2.000000,665.933044,216.768356,,,,0.025000,
SP_R_Yoga_2,posenet,118,4.767464,ok,1,direct,1.000000,3,left_ear,0,0,0.000000,0.000000,0.000000,2.000000,704.185120,223.494980,,,,0.035000,
SP_R_Yoga_2,posenet,118,4.767464,ok,1,direct,1.000000,4,right_ear,0,0,0.000000,0.000000,0.000000,2.000000,652.544861,234.065414,,,,0.035000,
SP_R_Yoga_2,posenet,118,4.767464,ok,1,direct,1.000000,5,left_shoulder,1,1,2.000000,715.480000,270.860000,2.000000,723.311218,280.190948,12.181731,55.905311,1,0.079000,0.858855
SP_R_Yoga_2,posenet,118,4.767464,ok,1,direct,1.000000,6,right_shoulder,1,1,2.000000,635.030000,277.250000,2.000000,648.719666,283.073792,14.876945,55.905311,1,0.079000,0.796974
SP_R_Yoga_2,posenet,118,4.767464,ok,1,direct,1.000000,7,left_elbow,1,1,2.000000,726.250000,191.860000,2.000000,721.398560,186.018005,7.593772,55.905311,1,0.072000,0.931292
SP_R_Yoga_2,posenet,118,4.767464,ok,1,direct,1.000000,8,right_elbow,1,1,2.000000,629.810000,196.470000,2.000000,576.996948,453.161652,262.068355,55.905311,0,0.072000,0.000000
SP_R_Yoga_2,posenet,118,4.767464,ok,1,direct,1.000000,9,left_wrist,1,1,2.000000,689.880000,133.620000,2.000000,698.447327,131.243942,8.890711,55.905311,1,0.062000,0.876703
SP_R_Yoga_2,posenet,118,4.767464,ok,1,direct,1.000000,10,right_wrist,1,1,2.000000,663.910000,136.900000,2.000000,652.544861,158.150497,24.098756,55.905311,1,0.062000,0.380304
SP_R_Yoga_2,posenet,118,4.767464,ok,1,direct,1.000000,11,left_hip,1,1,2.000000,706.770000,399.970000,2.000000,709.922974,424.333221,24.566396,55.905311,1,0.107000,0.713682
SP_R_Yoga_2,posenet,118,4.767464,ok,1,direct,1.000000,12,right_hip,1,1,2.000000,663.300000,392.870000,2.000000,655.413757,415.684662,24.139213,55.905311,1,0.107000,0.722030
SP_R_Yoga_2,posenet,118,4.767464,ok,1,direct,1.000000,13,left_knee,1,1,2.000000,693.360000,530.130000,2.000000,697.491028,512.740479,17.873468,55.905311,1,0.087000,0.763313
SP_R_Yoga_2,posenet,118,4.767464,ok,1,direct,1.000000,14,right_knee,1,1,2.000000,573.140000,449.220000,2.000000,581.778503,453.161652,9.495281,55.905311,1,0.087000,0.926607
SP_R_Yoga_2,posenet,118,4.767464,ok,1,direct,1.000000,15,left_ankle,1,1,2.000000,674.810000,643.940000,2.000000,679.321289,634.780945,10.209800,55.905311,1,0.089000,0.919236
SP_R_Yoga_2,posenet,118,4.767464,ok,1,direct,1.000000,16,right_ankle,1,1,2.000000,660.660000,502.840000,2.000000,665.933044,503.131012,5.281069,55.905311,1,0.089000,0.977721
SP_R_Yoga_2,posenet,119,4.807866,ok,1,direct,1.000000,0,nose,1,1,2.000000,674.820000,223.430000,2.000000,675.447998,223.453354,0.628432,55.907502,1,0.026000,0.996269
SP_R_Yoga_2,posenet,119,4.807866,ok,1,direct,1.000000,1,left_eye,0,0,0.000000,0.000000,0.000000,2.000000,685.958008,215.773209,,,,0.025000,
SP_R_Yoga_2,posenet,119,4.807866,ok,1,direct,1.000000,2,right_eye,0,0,0.000000,0.000000,0.000000,2.000000,664.937988,218.653244,,,,0.025000,
SP_R_Yoga_2,posenet,119,4.807866,ok,1,direct,1.000000,3,left_ear,0,0,0.000000,0.000000,0.000000,2.000000,705.067200,222.493332,,,,0.035000,
SP_R_Yoga_2,posenet,119,4.807866,ok,1,direct,1.000000,4,right_ear,0,0,0.000000,0.000000,0.000000,2.000000,651.561584,230.173492,,,,0.035000,
SP_R_Yoga_2,posenet,119,4.807866,ok,1,direct,1.000000,5,left_shoulder,1,1,2.000000,715.480000,270.860000,2.000000,725.131836,279.134460,12.713168,55.907502,1,0.079000,0.847294
SP_R_Yoga_2,posenet,119,4.807866,ok,1,direct,1.000000,6,right_shoulder,1,1,2.000000,635.030000,277.250000,2.000000,647.739685,284.894592,14.831584,55.907502,1,0.079000,0.798090
SP_R_Yoga_2,posenet,119,4.807866,ok,1,direct,1.000000,7,left_elbow,1,1,2.000000,726.250000,191.860000,2.000000,721.309998,184.092560,9.205257,55.907502,1,0.072000,0.900692
SP_R_Yoga_2,posenet,119,4.807866,ok,1,direct,1.000000,8,right_elbow,1,1,2.000000,629.810000,196.470000,2.000000,631.497009,368.416260,171.954535,55.907502,0,0.072000,0.000000
SP_R_Yoga_2,posenet,119,4.807866,ok,1,direct,1.000000,9,left_wrist,1,1,2.000000,690.120000,133.580000,2.000000,701.245361,138.011642,11.975522,55.907502,1,0.062000,0.787633
SP_R_Yoga_2,posenet,119,4.807866,ok,1,direct,1.000000,10,right_wrist,1,1,2.000000,664.190000,137.040000,2.000000,641.051575,183.132553,51.574317,55.907502,1,0.062000,0.011943
SP_R_Yoga_2,posenet,119,4.807866,ok,1,direct,1.000000,11,left_hip,1,1,2.000000,706.770000,399.970000,2.000000,711.755432,424.097351,24.637037,55.907502,1,0.107000,0.712316
SP_R_Yoga_2,posenet,119,4.807866,ok,1,direct,1.000000,12,right_hip,1,1,2.000000,663.300000,392.870000,2.000000,656.338867,415.457184,23.635529,55.907502,1,0.107000,0.731825
SP_R_Yoga_2,posenet,119,4.807866,ok,1,direct,1.000000,13,left_knee,1,1,2.000000,693.360000,530.130000,2.000000,695.512573,513.379089,16.888652,55.907502,1,0.087000,0.785744
SP_R_Yoga_2,posenet,119,4.807866,ok,1,direct,1.000000,14,right_knee,1,1,2.000000,573.140000,449.220000,2.000000,580.857666,452.897919,8.549237,55.907502,1,0.087000,0.940082
SP_R_Yoga_2,posenet,119,4.807866,ok,1,direct,1.000000,15,left_ankle,1,1,2.000000,674.810000,643.940000,2.000000,681.180725,632.421509,13.162894,55.907502,1,0.089000,0.869391
SP_R_Yoga_2,posenet,119,4.807866,ok,1,direct,1.000000,16,right_ankle,1,1,2.000000,660.660000,502.840000,2.000000,662.071594,509.539032,6.846140,55.907502,1,0.089000,0.962846
SP_R_Yoga_2,posenet,120,4.848268,ok,1,direct,1.000000,0,nose,1,1,2.000000,674.620000,223.440000,2.000000,676.793274,225.784424,3.196786,55.958622,1,0.026000,0.907960
SP_R_Yoga_2,posenet,120,4.848268,ok,1,direct,1.000000,1,left_eye,0,0,0.000000,0.000000,0.000000,2.000000,687.355835,213.303452,,,,0.025000,
SP_R_Yoga_2,posenet,120,4.848268,ok,1,direct,1.000000,2,right_eye,0,0,0.000000,0.000000,0.000000,2.000000,664.310425,215.223587,,,,0.025000,
SP_R_Yoga_2,posenet,120,4.848268,ok,1,direct,1.000000,3,left_ear,0,0,0.000000,0.000000,0.000000,2.000000,706.560364,222.904175,,,,0.035000,
SP_R_Yoga_2,posenet,120,4.848268,ok,1,direct,1.000000,4,right_ear,0,0,0.000000,0.000000,0.000000,2.000000,648.946777,227.704559,,,,0.035000,
SP_R_Yoga_2,posenet,120,4.848268,ok,1,direct,1.000000,5,left_shoulder,1,1,2.000000,715.600000,270.950000,2.000000,731.526245,280.508667,18.574536,55.958622,1,0.079000,0.702518
SP_R_Yoga_2,posenet,120,4.848268,ok,1,direct,1.000000,6,right_shoulder,1,1,2.000000,634.960000,277.390000,2.000000,652.787659,282.428833,18.526070,55.958622,1,0.079000,0.703812
SP_R_Yoga_2,posenet,120,4.848268,ok,1,direct,1.000000,7,left_elbow,1,1,2.000000,726.580000,191.610000,2.000000,720.003540,183.541122,10.409448,55.958622,1,0.072000,0.875026
SP_R_Yoga_2,posenet,120,4.848268,ok,1,direct,1.000000,8,right_elbow,1,1,2.000000,629.400000,196.190000,2.000000,632.622925,362.115021,165.956319,55.958622,0,0.072000,0.000000
SP_R_Yoga_2,posenet,120,4.848268,ok,1,direct,1.000000,9,left_wrist,1,1,2.000000,691.640000,133.170000,2.000000,711.361450,149.938522,25.886656,55.958622,1,0.062000,0.328429
SP_R_Yoga_2,posenet,120,4.848268,ok,1,direct,1.000000,10,right_wrist,1,1,2.000000,662.920000,136.550000,2.000000,626.861572,411.078827,276.886777,55.958622,0,0.062000,0.000000
SP_R_Yoga_2,posenet,120,4.848268,ok,1,direct,1.000000,11,left_hip,1,1,2.000000,706.610000,399.870000,2.000000,715.202393,416.839264,19.020650,55.958622,1,0.107000,0.817236
SP_R_Yoga_2,posenet,120,4.848268,ok,1,direct,1.000000,12,right_hip,1,1,2.000000,662.620000,392.870000,2.000000,659.509277,413.959076,21.317263,55.958622,1,0.107000,0.776074
SP_R_Yoga_2,posenet,120,4.848268,ok,1,direct,1.000000,13,left_knee,1,1,2.000000,693.390000,529.950000,2.000000,696.958130,517.647156,12.809822,55.958622,1,0.087000,0.870693
SP_R_Yoga_2,posenet,120,4.848268,ok,1,direct,1.000000,14,right_knee,1,1,2.000000,573.310000,449.750000,2.000000,585.571838,451.401978,12.372619,55.958622,1,0.087000,0.878820
SP_R_Yoga_2,posenet,120,4.848268,ok,1,direct,1.000000,15,left_ankle,1,1,2.000000,674.810000,643.930000,2.000000,676.793274,629.015808,15.045481,55.958622,1,0.089000,0.833162
SP_R_Yoga_2,posenet,120,4.848268,ok,1,direct,1.000000,16,right_ankle,1,1,2.000000,660.420000,503.900000,2.000000,663.350159,516.687073,13.118501,55.958622,1,0.089000,0.870431
SP_R_Yoga_2,posenet,121,4.888670,ok,1,direct,1.000000,0,nose,1,1,2.000000,674.420000,223.450000,2.000000,676.635071,222.803146,2.307587,56.011019,1,0.026000,0.951023
SP_R_Yoga_2,posenet,121,4.888670,ok,1,direct,1.000000,1,left_eye,0,0,0.000000,0.000000,0.000000,2.000000,689.094604,213.200806,,,,0.025000,
SP_R_Yoga_2,posenet,121,4.888670,ok,1,direct,1.000000,2,right_eye,0,0,0.000000,0.000000,0.000000,2.000000,666.092285,213.200806,,,,0.025000,
SP_R_Yoga_2,posenet,121,4.888670,ok,1,direct,1.000000,3,left_ear,0,0,0.000000,0.000000,0.000000,2.000000,706.346436,221.842911,,,,0.035000,
SP_R_Yoga_2,posenet,121,4.888670,ok,1,direct,1.000000,4,right_ear,0,0,0.000000,0.000000,0.000000,2.000000,648.840576,224.723602,,,,0.035000,
SP_R_Yoga_2,posenet,121,4.888670,ok,1,direct,1.000000,5,left_shoulder,1,1,2.000000,715.720000,271.050000,2.000000,729.348755,277.536438,15.093603,56.011019,1,0.079000,0.792383
SP_R_Yoga_2,posenet,121,4.888670,ok,1,direct,1.000000,6,right_shoulder,1,1,2.000000,634.890000,277.530000,2.000000,646.923706,285.218353,14.280086,56.011019,1,0.079000,0.811963
SP_R_Yoga_2,posenet,121,4.888670,ok,1,direct,1.000000,7,left_elbow,1,1,2.000000,726.910000,191.370000,2.000000,722.639709,190.155212,4.439717,56.011019,1,0.072000,0.976052
SP_R_Yoga_2,posenet,121,4.888670,ok,1,direct,1.000000,8,right_elbow,1,1,2.000000,628.990000,195.900000,2.000000,575.999817,450.378510,259.937053,56.011019,0,0.072000,0.000000
SP_R_Yoga_2,posenet,121,4.888670,ok,1,direct,1.000000,9,left_wrist,1,1,2.000000,693.160000,132.770000,2.000000,696.762146,128.700256,5.434912,56.011019,1,0.062000,0.952193
SP_R_Yoga_2,posenet,121,4.888670,ok,1,direct,1.000000,10,right_wrist,1,1,2.000000,661.650000,136.060000,2.000000,658.424866,146.944687,11.352440,56.011019,1,0.062000,0.807561
SP_R_Yoga_2,posenet,121,4.888670,ok,1,direct,1.000000,11,left_hip,1,1,2.000000,706.450000,399.770000,2.000000,714.972290,418.690796,20.751529,56.011019,1,0.107000,0.786800
SP_R_Yoga_2,posenet,121,4.888670,ok,1,direct,1.000000,12,right_hip,1,1,2.000000,661.950000,392.870000,2.000000,659.383240,411.969147,19.270850,56.011019,1,0.107000,0.813195
SP_R_Yoga_2,posenet,121,4.888670,ok,1,direct,1.000000,13,left_knee,1,1,2.000000,693.420000,529.770000,2.000000,698.678955,526.236938,6.335545,56.011019,1,0.087000,0.966758
SP_R_Yoga_2,posenet,121,4.888670,ok,1,direct,1.000000,14,right_knee,1,1,2.000000,573.470000,450.280000,2.000000,586.542542,451.338715,13.115343,56.011019,1,0.087000,0.865127
SP_R_Yoga_2,posenet,121,4.888670,ok,1,direct,1.000000,15,left_ankle,1,1,2.000000,674.810000,643.920000,2.000000,678.551880,629.942139,14.470047,56.011019,1,0.089000,0.844917
SP_R_Yoga_2,posenet,121,4.888670,ok,1,direct,1.000000,16,right_ankle,1,1,2.000000,660.170000,504.960000,2.000000,655.549561,511.833466,8.282088,56.011019,1,0.089000,0.946291
SP_R_Yoga_2,posenet,122,4.929073,ok,1,direct,1.000000,0,nose,1,1,2.000000,674.220000,223.470000,2.000000,676.495483,224.400696,2.458459,56.064510,1,0.026000,0.944698
SP_R_Yoga_2,posenet,122,4.929073,ok,1,direct,1.000000,1,left_eye,0,0,0.000000,0.000000,0.000000,2.000000,687.023987,215.759293,,,,0.025000,
SP_R_Yoga_2,posenet,122,4.929073,ok,1,direct,1.000000,2,right_eye,0,0,0.000000,0.000000,0.000000,2.000000,665.966980,216.719452,,,,0.025000,
SP_R_Yoga_2,posenet,122,4.929073,ok,1,direct,1.000000,3,left_ear,0,0,0.000000,0.000000,0.000000,2.000000,702.338196,223.440536,,,,0.035000,
SP_R_Yoga_2,posenet,122,4.929073,ok,1,direct,1.000000,4,right_ear,0,0,0.000000,0.000000,0.000000,2.000000,648.738525,224.400696,,,,0.035000,
SP_R_Yoga_2,posenet,122,4.929073,ok,1,direct,1.000000,5,left_shoulder,1,1,2.000000,715.830000,271.140000,2.000000,722.438049,278.169312,9.647670,56.064510,1,0.079000,0.909468
SP_R_Yoga_2,posenet,122,4.929073,ok,1,direct,1.000000,6,right_shoulder,1,1,2.000000,634.820000,277.670000,2.000000,642.995667,285.850555,11.565596,56.064510,1,0.079000,0.872515
SP_R_Yoga_2,posenet,122,4.929073,ok,1,direct,1.000000,7,left_elbow,1,1,2.000000,727.240000,191.120000,2.000000,720.523804,185.034363,9.063237,56.064510,1,0.072000,0.904094
SP_R_Yoga_2,posenet,122,4.929073,ok,1,direct,1.000000,8,right_elbow,1,1,2.000000,628.580000,195.620000,2.000000,575.038940,452.917389,262.809040,56.064510,0,0.072000,0.000000
SP_R_Yoga_2,posenet,122,4.929073,ok,1,direct,1.000000,9,left_wrist,1,1,2.000000,694.680000,132.360000,2.000000,742.537964,410.670624,282.395446,56.064510,0,0.062000,0.000000
SP_R_Yoga_2,posenet,122,4.929073,ok,1,direct,1.000000,10,right_wrist,1,1,2.000000,660.370000,135.570000,2.000000,650.652771,502.845398,367.403923,56.064510,0,0.062000,0.000000
SP_R_Yoga_2,posenet,122,4.929073,ok,1,direct,1.000000,11,left_hip,1,1,2.000000,706.290000,399.660000,2.000000,713.823853,420.272156,21.945840,56.064510,1,0.107000,0.765164
SP_R_Yoga_2,posenet,122,4.929073,ok,1,direct,1.000000,12,right_hip,1,1,2.000000,661.280000,392.870000,2.000000,658.309875,412.590912,19.943320,56.064510,1,0.107000,0.801680
SP_R_Yoga_2,posenet,122,4.929073,ok,1,direct,1.000000,13,left_knee,1,1,2.000000,693.440000,529.590000,2.000000,698.509644,528.769592,5.135597,56.064510,1,0.087000,0.978072
SP_R_Yoga_2,posenet,122,4.929073,ok,1,direct,1.000000,14,right_knee,1,1,2.000000,573.630000,450.810000,2.000000,585.567383,451.957245,11.992384,56.064510,1,0.087000,0.886123
SP_R_Yoga_2,posenet,122,4.929073,ok,1,direct,1.000000,15,left_ankle,1,1,2.000000,674.810000,643.920000,2.000000,679.366943,631.506104,13.223863,56.064510,1,0.089000,0.868948
SP_R_Yoga_2,posenet,122,4.929073,ok,1,direct,1.000000,16,right_ankle,1,1,2.000000,659.930000,506.020000,2.000000,659.266968,509.566498,3.607944,56.064510,1,0.089000,0.989598
SP_R_Yoga_2,posenet,123,4.969475,ok,1,direct,1.000000,0,nose,1,1,2.000000,674.020000,223.480000,2.000000,676.758118,225.084839,3.173767,56.115627,1,0.026000,0.909702
SP_R_Yoga_2,posenet,123,4.969475,ok,1,direct,1.000000,1,left_eye,0,0,0.000000,0.000000,0.000000,2.000000,687.279358,215.477127,,,,0.025000,
SP_R_Yoga_2,posenet,123,4.969475,ok,1,direct,1.000000,2,right_eye,0,0,0.000000,0.000000,0.000000,2.000000,664.323975,216.437912,,,,0.025000,
SP_R_Yoga_2,posenet,123,4.969475,ok,1,direct,1.000000,3,left_ear,0,0,0.000000,0.000000,0.000000,2.000000,705.452332,223.163300,,,,0.035000,
SP_R_Yoga_2,posenet,123,4.969475,ok,1,direct,1.000000,4,right_ear,0,0,0.000000,0.000000,0.000000,2.000000,648.063904,225.084839,,,,0.035000,
SP_R_Yoga_2,posenet,123,4.969475,ok,1,direct,1.000000,5,left_shoulder,1,1,2.000000,715.950000,271.230000,2.000000,728.407715,282.731079,16.954925,56.115627,1,0.079000,0.746358
SP_R_Yoga_2,posenet,123,4.969475,ok,1,direct,1.000000,6,right_shoulder,1,1,2.000000,634.750000,277.810000,2.000000,657.628601,282.731079,23.401868,56.115627,1,0.079000,0.572739
SP_R_Yoga_2,posenet,123,4.969475,ok,1,direct,1.000000,7,left_elbow,1,1,2.000000,727.570000,190.880000,2.000000,722.668884,188.575562,5.415845,56.115627,1,0.072000,0.964702
SP_R_Yoga_2,posenet,123,4.969475,ok,1,direct,1.000000,8,right_elbow,1,1,2.000000,628.170000,195.330000,2.000000,577.284729,450.865967,260.553145,56.115627,0,0.072000,0.000000
SP_R_Yoga_2,posenet,123,4.969475,ok,1,direct,1.000000,9,left_wrist,1,1,2.000000,696.200000,131.950000,2.000000,740.841919,402.827454,274.531411,56.115627,0,0.062000,0.000000
SP_R_Yoga_2,posenet,123,4.969475,ok,1,direct,1.000000,10,right_wrist,1,1,2.000000,659.100000,135.080000,2.000000,651.889771,502.747650,367.738342,56.115627,0,0.062000,0.000000
SP_R_Yoga_2,posenet,123,4.969475,ok,1,direct,1.000000,11,left_hip,1,1,2.000000,706.130000,399.560000,2.000000,713.104126,420.121338,21.711910,56.115627,1,0.107000,0.769887
SP_R_Yoga_2,posenet,123,4.969475,ok,1,direct,1.000000,12,right_hip,1,1,2.000000,660.610000,392.870000,2.000000,657.628601,414.356689,21.692546,56.115627,1,0.107000,0.770246
SP_R_Yoga_2,posenet,123,4.969475,ok,1,direct,1.000000,13,left_knee,1,1,2.000000,693.470000,529.410000,2.000000,696.844055,527.727661,3.770214,56.115627,1,0.087000,0.988143
SP_R_Yoga_2,posenet,123,4.969475,ok,1,direct,1.000000,14,right_knee,1,1,2.000000,573.800000,451.340000,2.000000,583.980042,450.865967,10.191072,56.115627,1,0.087000,0.916540
SP_R_Yoga_2,posenet,123,4.969475,ok,1,direct,1.000000,15,left_ankle,1,1,2.000000,674.810000,643.910000,2.000000,678.671082,628.608521,15.781103,56.115627,1,0.089000,0.818984
SP_R_Yoga_2,posenet,123,4.969475,ok,1,direct,1.000000,16,right_ankle,1,1,2.000000,659.680000,507.090000,2.000000,657.628601,509.472961,3.144319,56.115627,1,0.089000,0.992104
SP_R_Yoga_2,posenet,124,5.009877,ok,1,direct,1.000000,0,nose,1,1,2.000000,673.820000,223.490000,2.000000,675.818604,225.012299,2.512331,56.168019,1,0.026000,0.942526
SP_R_Yoga_2,posenet,124,5.009877,ok,1,direct,1.000000,1,left_eye,0,0,0.000000,0.000000,0.000000,2.000000,686.347046,214.440414,,,,0.025000,
SP_R_Yoga_2,posenet,124,5.009877,ok,1,direct,1.000000,2,right_eye,0,0,0.000000,0.000000,0.000000,2.000000,664.332947,215.401505,,,,0.025000,
SP_R_Yoga_2,posenet,124,5.009877,ok,1,direct,1.000000,3,left_ear,0,0,0.000000,0.000000,0.000000,2.000000,705.489746,223.090134,,,,0.035000,
SP_R_Yoga_2,posenet,124,5.009877,ok,1,direct,1.000000,4,right_ear,0,0,0.000000,0.000000,0.000000,2.000000,649.975891,224.051224,,,,0.035000,
SP_R_Yoga_2,posenet,124,5.009877,ok,1,direct,1.000000,5,left_shoulder,1,1,2.000000,716.060000,271.320000,2.000000,731.332397,284.599365,20.238272,56.168019,1,0.079000,0.659648
SP_R_Yoga_2,posenet,124,5.009877,ok,1,direct,1.000000,6,right_shoulder,1,1,2.000000,634.680000,277.950000,2.000000,650.933044,286.521515,18.374774,56.168019,1,0.079000,0.709668
SP_R_Yoga_2,posenet,124,5.009877,ok,1,direct,1.000000,7,left_elbow,1,1,2.000000,727.900000,190.630000,2.000000,721.761047,183.685806,9.268687,56.168019,1,0.072000,0.900274
SP_R_Yoga_2,posenet,124,5.009877,ok,1,direct,1.000000,8,right_elbow,1,1,2.000000,627.760000,195.040000,2.000000,579.147888,450.866425,260.404103,56.168019,0,0.072000,0.000000
SP_R_Yoga_2,posenet,124,5.009877,ok,1,direct,1.000000,9,left_wrist,1,1,2.000000,697.730000,131.550000,2.000000,727.503845,398.006958,268.115259,56.168019,0,0.062000,0.000000
SP_R_Yoga_2,posenet,124,5.009877,ok,1,direct,1.000000,10,right_wrist,1,1,2.000000,657.830000,134.590000,2.000000,647.104492,503.725891,369.291677,56.168019,0,0.062000,0.000000
SP_R_Yoga_2,posenet,124,5.009877,ok,1,direct,1.000000,11,left_hip,1,1,2.000000,705.970000,399.450000,2.000000,715.061157,422.995056,25.239232,56.168019,1,0.107000,0.702770
SP_R_Yoga_2,posenet,124,5.009877,ok,1,direct,1.000000,12,right_hip,1,1,2.000000,659.940000,392.870000,2.000000,658.590149,415.306396,22.476966,56.168019,1,0.107000,0.755978
SP_R_Yoga_2,posenet,124,5.009877,ok,1,direct,1.000000,13,left_knee,1,1,2.000000,693.500000,529.230000,2.000000,696.875549,521.986389,7.991510,56.168019,1,0.087000,0.947916
SP_R_Yoga_2,posenet,124,5.009877,ok,1,direct,1.000000,14,right_knee,1,1,2.000000,573.960000,451.870000,2.000000,585.847839,450.866425,11.930125,56.168019,1,0.087000,0.887624
SP_R_Yoga_2,posenet,124,5.009877,ok,1,direct,1.000000,15,left_ankle,1,1,2.000000,674.810000,643.900000,2.000000,678.690002,632.510803,12.031967,56.168019,1,0.089000,0.890597
SP_R_Yoga_2,posenet,124,5.009877,ok,1,direct,1.000000,16,right_ankle,1,1,2.000000,659.440000,508.150000,2.000000,656.675842,510.453430,3.598105,56.168019,1,0.089000,0.989692
SP_R_Yoga_2,posenet,125,5.050279,ok,1,direct,1.000000,0,nose,1,1,2.000000,673.620000,223.500000,2.000000,675.686157,228.482697,5.394096,56.400744,1,0.026000,0.762911
SP_R_Yoga_2,posenet,125,5.050279,ok,1,direct,1.000000,1,left_eye,0,0,0.000000,0.000000,0.000000,2.000000,686.222107,216.949402,,,,0.025000,
SP_R_Yoga_2,posenet,125,5.050279,ok,1,direct,1.000000,2,right_eye,0,0,0.000000,0.000000,0.000000,2.000000,664.192322,216.949402,,,,0.025000,
SP_R_Yoga_2,posenet,125,5.050279,ok,1,direct,1.000000,3,left_ear,0,0,0.000000,0.000000,0.000000,2.000000,703.462769,222.716049,,,,0.035000,
SP_R_Yoga_2,posenet,125,5.050279,ok,1,direct,1.000000,4,right_ear,0,0,0.000000,0.000000,0.000000,2.000000,642.162537,219.832718,,,,0.035000,
SP_R_Yoga_2,posenet,125,5.050279,ok,1,direct,1.000000,5,left_shoulder,1,1,2.000000,716.180000,271.420000,2.000000,733.155090,286.149170,22.474477,56.400744,1,0.079000,0.601190
SP_R_Yoga_2,posenet,125,5.050279,ok,1,direct,1.000000,6,right_shoulder,1,1,2.000000,634.610000,278.090000,2.000000,646.951660,286.149170,14.739973,56.400744,1,0.079000,0.803421
SP_R_Yoga_2,posenet,125,5.050279,ok,1,direct,1.000000,7,left_elbow,1,1,2.000000,729.190000,191.540000,2.000000,736.986389,380.337769,188.958676,56.400744,0,0.072000,0.000000
SP_R_Yoga_2,posenet,125,5.050279,ok,1,direct,1.000000,8,right_elbow,1,1,2.000000,626.130000,194.760000,2.000000,634.500000,379.376648,184.806287,56.400744,0,0.072000,0.000000
SP_R_Yoga_2,posenet,125,5.050279,ok,1,direct,1.000000,9,left_wrist,1,1,2.000000,702.350000,131.050000,2.000000,685.264282,114.110840,24.059445,56.400744,1,0.062000,0.387989
SP_R_Yoga_2,posenet,125,5.050279,ok,1,direct,1.000000,10,right_wrist,1,1,2.000000,652.920000,133.010000,2.000000,650.782898,505.281799,372.277934,56.400744,0,0.062000,0.000000
SP_R_Yoga_2,posenet,125,5.050279,ok,1,direct,1.000000,11,left_hip,1,1,2.000000,705.810000,399.350000,2.000000,716.872192,423.587616,26.642712,56.400744,1,0.107000,0.677188
SP_R_Yoga_2,posenet,125,5.050279,ok,1,direct,1.000000,12,right_hip,1,1,2.000000,659.260000,392.870000,2.000000,651.740723,414.937653,23.313533,56.400744,1,0.107000,0.741948
SP_R_Yoga_2,posenet,125,5.050279,ok,1,direct,1.000000,13,left_knee,1,1,2.000000,693.530000,529.050000,2.000000,692.926819,524.503967,4.585874,56.400744,1,0.087000,0.982683
SP_R_Yoga_2,posenet,125,5.050279,ok,1,direct,1.000000,14,right_knee,1,1,2.000000,574.120000,452.400000,2.000000,580.862305,450.498627,7.005276,56.400744,1,0.087000,0.960056
SP_R_Yoga_2,posenet,125,5.050279,ok,1,direct,1.000000,15,left_ankle,1,1,2.000000,674.810000,643.890000,2.000000,678.559509,638.875793,6.261077,56.400744,1,0.089000,0.969363
SP_R_Yoga_2,posenet,125,5.050279,ok,1,direct,1.000000,16,right_ankle,1,1,2.000000,659.190000,509.210000,2.000000,656.529785,514.892883,6.274704,56.400744,1,0.089000,0.969232
SP_R_Yoga_2,posenet,126,5.090682,ok,1,direct,1.000000,0,nose,1,1,2.000000,673.420000,223.520000,2.000000,675.221130,222.737228,1.963874,56.630540,1,0.026000,0.965045
SP_R_Yoga_2,posenet,126,5.090682,ok,1,direct,1.000000,1,left_eye,0,0,0.000000,0.000000,0.000000,2.000000,684.804749,214.091446,,,,0.025000,
SP_R_Yoga_2,posenet,126,5.090682,ok,1,direct,1.000000,2,right_eye,0,0,0.000000,0.000000,0.000000,2.000000,663.720825,216.012726,,,,0.025000,
SP_R_Yoga_2,posenet,126,5.090682,ok,1,direct,1.000000,3,left_ear,0,0,0.000000,0.000000,0.000000,2.000000,702.055176,222.737228,,,,0.035000,
SP_R_Yoga_2,posenet,126,5.090682,ok,1,direct,1.000000,4,right_ear,0,0,0.000000,0.000000,0.000000,2.000000,652.220581,227.540421,,,,0.035000,
SP_R_Yoga_2,posenet,126,5.090682,ok,1,direct,1.000000,5,left_shoulder,1,1,2.000000,716.300000,271.510000,2.000000,726.972412,283.257629,15.871584,56.630540,1,0.079000,0.777464
SP_R_Yoga_2,posenet,126,5.090682,ok,1,direct,1.000000,6,right_shoulder,1,1,2.000000,634.540000,278.230000,2.000000,652.220581,282.296967,18.142303,56.630540,1,0.079000,0.719718
SP_R_Yoga_2,posenet,126,5.090682,ok,1,direct,1.000000,7,left_elbow,1,1,2.000000,730.480000,192.440000,2.000000,745.181213,354.345093,162.571168,56.630540,0,0.072000,0.000000
SP_R_Yoga_2,posenet,126,5.090682,ok,1,direct,1.000000,8,right_elbow,1,1,2.000000,624.500000,194.470000,2.000000,633.053406,367.794037,173.534960,56.630540,0,0.072000,0.000000
SP_R_Yoga_2,posenet,126,5.090682,ok,1,direct,1.000000,9,left_wrist,1,1,2.000000,706.970000,130.560000,2.000000,726.972412,400.455872,270.636062,56.630540,0,0.062000,0.000000
SP_R_Yoga_2,posenet,126,5.090682,ok,1,direct,1.000000,10,right_wrist,1,1,2.000000,648.000000,131.430000,2.000000,626.344910,411.983551,281.388056,56.630540,0,0.062000,0.000000
SP_R_Yoga_2,posenet,126,5.090682,ok,1,direct,1.000000,11,left_hip,1,1,2.000000,705.650000,399.240000,2.000000,713.555420,421.589966,23.706890,56.630540,1,0.107000,0.736289
SP_R_Yoga_2,posenet,126,5.090682,ok,1,direct,1.000000,12,right_hip,1,1,2.000000,658.590000,392.870000,2.000000,658.929077,413.904816,21.037548,56.630540,1,0.107000,0.785783
SP_R_Yoga_2,posenet,126,5.090682,ok,1,direct,1.000000,13,left_knee,1,1,2.000000,693.550000,528.870000,2.000000,696.304993,528.221130,2.830374,56.630540,1,0.087000,0.993421
SP_R_Yoga_2,posenet,126,5.090682,ok,1,direct,1.000000,14,right_knee,1,1,2.000000,574.290000,452.930000,2.000000,584.177185,450.409180,10.203478,56.630540,1,0.087000,0.917796
SP_R_Yoga_2,posenet,126,5.090682,ok,1,direct,1.000000,15,left_ankle,1,1,2.000000,674.810000,643.880000,2.000000,678.096252,631.009766,13.283162,56.630540,1,0.089000,0.870301
SP_R_Yoga_2,posenet,126,5.090682,ok,1,direct,1.000000,16,right_ankle,1,1,2.000000,658.950000,510.270000,2.000000,656.054016,509.008301,3.158893,56.630540,1,0.089000,0.992174
SP_R_Yoga_2,posenet,127,5.131084,ok,1,direct,1.000000,0,nose,1,1,2.000000,673.220000,223.530000,2.000000,674.461182,223.797287,1.269635,56.874317,1,0.026000,0.985364
SP_R_Yoga_2,posenet,127,5.131084,ok,1,direct,1.000000,1,left_eye,0,0,0.000000,0.000000,0.000000,2.000000,685.011169,215.153549,,,,0.025000,
SP_R_Yoga_2,posenet,127,5.131084,ok,1,direct,1.000000,2,right_eye,0,0,0.000000,0.000000,0.000000,2.000000,663.911133,215.153549,,,,0.025000,
SP_R_Yoga_2,posenet,127,5.131084,ok,1,direct,1.000000,3,left_ear,0,0,0.000000,0.000000,0.000000,2.000000,701.315735,223.797287,,,,0.035000,
SP_R_Yoga_2,posenet,127,5.131084,ok,1,direct,1.000000,4,right_ear,0,0,0.000000,0.000000,0.000000,2.000000,652.402039,225.718109,,,,0.035000,
SP_R_Yoga_2,posenet,127,5.131084,ok,1,direct,1.000000,5,left_shoulder,1,1,2.000000,716.410000,271.600000,2.000000,726.252136,283.342957,15.322032,56.874317,1,0.079000,0.792485
SP_R_Yoga_2,posenet,127,5.131084,ok,1,direct,1.000000,6,right_shoulder,1,1,2.000000,634.480000,278.370000,2.000000,646.647400,283.342957,13.144425,56.874317,1,0.079000,0.842679
SP_R_Yoga_2,posenet,127,5.131084,ok,1,direct,1.000000,7,left_elbow,1,1,2.000000,731.770000,193.350000,2.000000,737.761292,351.532410,158.295832,56.874317,0,0.072000,0.000000
SP_R_Yoga_2,posenet,127,5.131084,ok,1,direct,1.000000,8,right_elbow,1,1,2.000000,622.860000,194.190000,2.000000,635.138306,367.859406,174.102898,56.874317,0,0.072000,0.000000
SP_R_Yoga_2,posenet,127,5.131084,ok,1,direct,1.000000,9,left_wrist,1,1,2.000000,711.590000,130.060000,2.000000,695.561157,286.224213,156.984665,56.874317,0,0.062000,0.000000
SP_R_Yoga_2,posenet,127,5.131084,ok,1,direct,1.000000,10,right_wrist,1,1,2.000000,643.080000,129.840000,2.000000,628.424683,395.711456,266.275064,56.874317,0,0.062000,0.000000
SP_R_Yoga_2,posenet,127,5.131084,ok,1,direct,1.000000,11,left_hip,1,1,2.000000,705.490000,399.140000,2.000000,710.906677,421.642670,23.145421,56.874317,1,0.107000,0.748782
SP_R_Yoga_2,posenet,127,5.131084,ok,1,direct,1.000000,12,right_hip,1,1,2.000000,657.920000,392.870000,2.000000,659.115662,413.959320,21.123187,56.874317,1,0.107000,0.785871
SP_R_Yoga_2,posenet,127,5.131084,ok,1,direct,1.000000,13,left_knee,1,1,2.000000,693.580000,528.690000,2.000000,695.561157,520.565308,8.362751,56.874317,1,0.087000,0.944472
SP_R_Yoga_2,posenet,127,5.131084,ok,1,direct,1.000000,14,right_knee,1,1,2.000000,574.450000,453.460000,2.000000,583.347290,451.415466,9.129178,56.874317,1,0.087000,0.934185
SP_R_Yoga_2,posenet,127,5.131084,ok,1,direct,1.000000,15,left_ankle,1,1,2.000000,674.810000,643.870000,2.000000,679.256592,634.854614,10.052331,56.874317,1,0.089000,0.924153
SP_R_Yoga_2,posenet,127,5.131084,ok,1,direct,1.000000,16,right_ankle,1,1,2.000000,658.700000,511.330000,2.000000,656.238403,510.961182,2.489073,56.874317,1,0.089000,0.995176
SP_R_Yoga_2,posenet,128,5.171486,ok,1,direct,1.000000,0,nose,1,1,2.000000,673.020000,223.540000,2.000000,675.175537,223.035431,2.213804,57.164062,1,0.026000,0.956597
SP_R_Yoga_2,posenet,128,5.171486,ok,1,direct,1.000000,1,left_eye,0,0,0.000000,0.000000,0.000000,2.000000,685.725830,213.431610,,,,0.025000,
SP_R_Yoga_2,posenet,128,5.171486,ok,1,direct,1.000000,2,right_eye,0,0,0.000000,0.000000,0.000000,2.000000,664.625244,213.431610,,,,0.025000,
SP_R_Yoga_2,posenet,128,5.171486,ok,1,direct,1.000000,3,left_ear,0,0,0.000000,0.000000,0.000000,2.000000,702.030762,222.075043,,,,0.035000,
SP_R_Yoga_2,posenet,128,5.171486,ok,1,direct,1.000000,4,right_ear,0,0,0.000000,0.000000,0.000000,2.000000,654.075012,227.837341,,,,0.035000,
SP_R_Yoga_2,posenet,128,5.171486,ok,1,direct,1.000000,5,left_shoulder,1,1,2.000000,716.530000,271.700000,2.000000,724.090454,277.777222,9.700159,57.164062,1,0.079000,0.911854
SP_R_Yoga_2,posenet,128,5.171486,ok,1,direct,1.000000,6,right_shoulder,1,1,2.000000,634.410000,278.510000,2.000000,648.320312,281.618713,14.253452,57.164062,1,0.079000,0.819356
SP_R_Yoga_2,posenet,128,5.171486,ok,1,direct,1.000000,7,left_elbow,1,1,2.000000,733.060000,194.250000,2.000000,744.231934,349.805878,155.956543,57.164062,0,0.072000,0.000000
SP_R_Yoga_2,posenet,128,5.171486,ok,1,direct,1.000000,8,right_elbow,1,1,2.000000,621.230000,193.900000,2.000000,635.851807,355.568146,162.328022,57.164062,0,0.072000,0.000000
SP_R_Yoga_2,posenet,128,5.171486,ok,1,direct,1.000000,9,left_wrist,1,1,2.000000,716.210000,129.560000,2.000000,737.518127,407.428802,278.684603,57.164062,0,0.062000,0.000000
SP_R_Yoga_2,posenet,128,5.171486,ok,1,direct,1.000000,10,right_wrist,1,1,2.000000,638.170000,128.260000,2.000000,622.424194,421.834534,293.996492,57.164062,0,0.062000,0.000000
SP_R_Yoga_2,posenet,128,5.171486,ok,1,direct,1.000000,11,left_hip,1,1,2.000000,705.330000,399.040000,2.000000,711.622009,417.993011,19.970128,57.164062,1,0.107000,0.807998
SP_R_Yoga_2,posenet,128,5.171486,ok,1,direct,1.000000,12,right_hip,1,1,2.000000,657.250000,392.870000,2.000000,655.993225,410.309937,17.485161,57.164062,1,0.107000,0.849218
SP_R_Yoga_2,posenet,128,5.171486,ok,1,direct,1.000000,13,left_knee,1,1,2.000000,693.610000,528.510000,2.000000,695.317017,525.555786,3.411933,57.164062,1,0.087000,0.990631
SP_R_Yoga_2,posenet,128,5.171486,ok,1,direct,1.000000,14,right_knee,1,1,2.000000,574.620000,454.000000,2.000000,580.223083,451.606354,6.092954,57.164062,1,0.087000,0.970427
SP_R_Yoga_2,posenet,128,5.171486,ok,1,direct,1.000000,15,left_ankle,1,1,2.000000,674.810000,643.870000,2.000000,679.971191,637.920471,7.876217,57.164062,1,0.089000,0.953197
SP_R_Yoga_2,posenet,128,5.171486,ok,1,direct,1.000000,16,right_ankle,1,1,2.000000,658.460000,512.400000,2.000000,653.115845,510.189697,5.783203,57.164062,1,0.089000,0.974488
SP_R_Yoga_2,posenet,129,5.211888,ok,1,direct,1.000000,0,nose,1,1,2.000000,672.820000,223.550000,2.000000,672.046753,224.420609,1.164418,57.456622,1,0.026000,0.987922
SP_R_Yoga_2,posenet,129,5.211888,ok,1,direct,1.000000,1,left_eye,0,0,0.000000,0.000000,0.000000,2.000000,682.577698,214.820389,,,,0.025000,
SP_R_Yoga_2,posenet,129,5.211888,ok,1,direct,1.000000,2,right_eye,0,0,0.000000,0.000000,0.000000,2.000000,662.473022,215.780411,,,,0.025000,
SP_R_Yoga_2,posenet,129,5.211888,ok,1,direct,1.000000,3,left_ear,0,0,0.000000,0.000000,0.000000,2.000000,703.639832,223.460602,,,,0.035000,
SP_R_Yoga_2,posenet,129,5.211888,ok,1,direct,1.000000,4,right_ear,0,0,0.000000,0.000000,0.000000,2.000000,653.856689,227.300705,,,,0.035000,
SP_R_Yoga_2,posenet,129,5.211888,ok,1,direct,1.000000,5,left_shoulder,1,1,2.000000,716.640000,271.790000,2.000000,725.659363,281.062012,12.935189,57.456622,1,0.079000,0.850084
SP_R_Yoga_2,posenet,129,5.211888,ok,1,direct,1.000000,6,right_shoulder,1,1,2.000000,634.340000,278.650000,2.000000,646.197754,281.062012,12.100584,57.456622,1,0.079000,0.867502
SP_R_Yoga_2,posenet,129,5.211888,ok,1,direct,1.000000,7,left_elbow,1,1,2.000000,734.360000,195.160000,2.000000,741.934570,350.183746,155.208685,57.456622,0,0.072000,0.000000
SP_R_Yoga_2,posenet,129,5.211888,ok,1,direct,1.000000,8,right_elbow,1,1,2.000000,619.600000,193.610000,2.000000,632.794556,357.863922,164.783031,57.456622,0,0.072000,0.000000
SP_R_Yoga_2,posenet,129,5.211888,ok,1,direct,1.000000,9,left_wrist,1,1,2.000000,720.830000,129.070000,2.000000,741.934570,409.705231,281.427674,57.456622,0,0.062000,0.000000
SP_R_Yoga_2,posenet,129,5.211888,ok,1,direct,1.000000,10,right_wrist,1,1,2.000000,633.250000,126.680000,2.000000,623.220886,156.258926,31.232931,57.456622,1,0.062000,0.214935
SP_R_Yoga_2,posenet,129,5.211888,ok,1,direct,1.000000,11,left_hip,1,1,2.000000,705.170000,398.930000,2.000000,711.298767,418.345459,20.359809,57.456622,1,0.107000,0.803044
SP_R_Yoga_2,posenet,129,5.211888,ok,1,direct,1.000000,12,right_hip,1,1,2.000000,656.580000,392.870000,2.000000,654.814087,409.705231,16.927594,57.456622,1,0.107000,0.859310
SP_R_Yoga_2,posenet,129,5.211888,ok,1,direct,1.000000,13,left_knee,1,1,2.000000,693.640000,528.330000,2.000000,693.108826,524.908020,3.462960,57.456622,1,0.087000,0.990447
SP_R_Yoga_2,posenet,129,5.211888,ok,1,direct,1.000000,14,right_knee,1,1,2.000000,574.780000,454.530000,2.000000,579.181946,451.946259,5.104199,57.456622,1,0.087000,0.979363
SP_R_Yoga_2,posenet,129,5.211888,ok,1,direct,1.000000,15,left_ankle,1,1,2.000000,674.810000,643.860000,2.000000,678.748230,630.510681,13.918117,57.456622,1,0.089000,0.862293
SP_R_Yoga_2,posenet,129,5.211888,ok,1,direct,1.000000,16,right_ankle,1,1,2.000000,658.210000,513.460000,2.000000,646.197754,520.107971,13.729151,57.456622,1,0.089000,0.865746
SP_R_Yoga_2,posenet,130,5.252291,ok,1,direct,1.000000,0,nose,1,1,2.000000,672.620000,223.570000,2.000000,672.949158,223.676834,0.346061,57.654521,1,0.026000,0.998935
SP_R_Yoga_2,posenet,130,5.252291,ok,1,direct,1.000000,1,left_eye,0,0,0.000000,0.000000,0.000000,2.000000,683.497620,215.041580,,,,0.025000,
SP_R_Yoga_2,posenet,130,5.252291,ok,1,direct,1.000000,2,right_eye,0,0,0.000000,0.000000,0.000000,2.000000,663.359619,216.001053,,,,0.025000,
SP_R_Yoga_2,posenet,130,5.252291,ok,1,direct,1.000000,3,left_ear,0,0,0.000000,0.000000,0.000000,2.000000,700.758789,224.636322,,,,0.035000,
SP_R_Yoga_2,posenet,130,5.252291,ok,1,direct,1.000000,4,right_ear,0,0,0.000000,0.000000,0.000000,2.000000,654.729065,229.433685,,,,0.035000,
SP_R_Yoga_2,posenet,130,5.252291,ok,1,direct,1.000000,5,left_shoulder,1,1,2.000000,716.760000,271.880000,2.000000,724.732605,278.366791,10.278175,57.654521,1,0.079000,0.903169
SP_R_Yoga_2,posenet,130,5.252291,ok,1,direct,1.000000,6,right_shoulder,1,1,2.000000,634.270000,278.790000,2.000000,646.098511,280.285767,11.922709,57.654521,1,0.079000,0.871932
SP_R_Yoga_2,posenet,130,5.252291,ok,1,direct,1.000000,7,left_elbow,1,1,2.000000,736.730000,196.110000,2.000000,741.034790,207.365799,12.050902,57.654521,1,0.072000,0.844886
SP_R_Yoga_2,posenet,130,5.252291,ok,1,direct,1.000000,8,right_elbow,1,1,2.000000,615.920000,195.160000,2.000000,630.755249,355.124664,160.651108,57.654521,0,0.072000,0.000000
SP_R_Yoga_2,posenet,130,5.252291,ok,1,direct,1.000000,9,left_wrist,1,1,2.000000,727.840000,129.780000,2.000000,734.322144,154.594772,25.647439,57.654521,1,0.062000,0.357150
SP_R_Yoga_2,posenet,130,5.252291,ok,1,direct,1.000000,10,right_wrist,1,1,2.000000,625.410000,127.630000,2.000000,621.165710,154.594772,27.296757,57.654521,1,0.062000,0.311524
SP_R_Yoga_2,posenet,130,5.252291,ok,1,direct,1.000000,11,left_hip,1,1,2.000000,705.010000,398.830000,2.000000,711.307251,415.571472,17.886650,57.654521,1,0.107000,0.845241
SP_R_Yoga_2,posenet,130,5.252291,ok,1,direct,1.000000,12,right_hip,1,1,2.000000,655.910000,392.870000,2.000000,655.687988,408.855164,15.986705,57.654521,1,0.107000,0.874318
SP_R_Yoga_2,posenet,130,5.252291,ok,1,direct,1.000000,13,left_knee,1,1,2.000000,693.670000,528.150000,2.000000,694.046082,528.789307,0.741721,57.654521,1,0.087000,0.999563
SP_R_Yoga_2,posenet,130,5.252291,ok,1,direct,1.000000,14,right_knee,1,1,2.000000,575.750000,457.970000,2.000000,581.848633,450.112549,9.946500,57.654521,1,0.087000,0.924369
SP_R_Yoga_2,posenet,130,5.252291,ok,1,direct,1.000000,15,left_ankle,1,1,2.000000,674.810000,643.850000,2.000000,675.826050,642.007141,2.104397,57.654521,1,0.089000,0.996642
SP_R_Yoga_2,posenet,130,5.252291,ok,1,direct,1.000000,16,right_ankle,1,1,2.000000,655.310000,521.630000,2.000000,640.344727,531.667786,18.019893,57.654521,1,0.089000,0.781411
SP_R_Yoga_2,posenet,131,5.292693,ok,1,direct,1.000000,0,nose,1,1,2.000000,672.420000,223.580000,2.000000,671.696167,225.084930,1.669955,57.854377,1,0.026000,0.975651
SP_R_Yoga_2,posenet,131,5.292693,ok,1,direct,1.000000,1,left_eye,0,0,0.000000,0.000000,0.000000,2.000000,683.176331,215.486954,,,,0.025000,
SP_R_Yoga_2,posenet,131,5.292693,ok,1,direct,1.000000,2,right_eye,0,0,0.000000,0.000000,0.000000,2.000000,661.172729,217.406555,,,,0.025000,
SP_R_Yoga_2,posenet,131,5.292693,ok,1,direct,1.000000,3,left_ear,0,0,0.000000,0.000000,0.000000,2.000000,698.483154,224.125122,,,,0.035000,
SP_R_Yoga_2,posenet,131,5.292693,ok,1,direct,1.000000,4,right_ear,0,0,0.000000,0.000000,0.000000,2.000000,653.519348,228.924103,,,,0.035000,
SP_R_Yoga_2,posenet,131,5.292693,ok,1,direct,1.000000,5,left_shoulder,1,1,2.000000,716.880000,271.970000,2.000000,726.226807,278.833496,11.596136,57.854377,1,0.079000,0.879198
SP_R_Yoga_2,posenet,131,5.292693,ok,1,direct,1.000000,6,right_shoulder,1,1,2.000000,634.200000,278.930000,2.000000,644.909302,280.753113,10.863374,57.854377,1,0.079000,0.893161
SP_R_Yoga_2,posenet,131,5.292693,ok,1,direct,1.000000,7,left_elbow,1,1,2.000000,739.110000,197.060000,2.000000,744.403687,201.090027,6.653137,57.854377,1,0.072000,0.950259
SP_R_Yoga_2,posenet,131,5.292693,ok,1,direct,1.000000,8,right_elbow,1,1,2.000000,612.240000,196.700000,2.000000,629.602417,356.576996,160.816999,57.854377,0,0.072000,0.000000
SP_R_Yoga_2,posenet,131,5.292693,ok,1,direct,1.000000,9,left_wrist,1,1,2.000000,734.850000,130.490000,2.000000,737.706909,134.864090,5.224423,57.854377,1,0.062000,0.958460
SP_R_Yoga_2,posenet,131,5.292693,ok,1,direct,1.000000,10,right_wrist,1,1,2.000000,617.570000,128.580000,2.000000,614.295593,159.818787,31.409927,57.854377,1,0.062000,0.215761
SP_R_Yoga_2,posenet,131,5.292693,ok,1,direct,1.000000,11,left_hip,1,1,2.000000,704.850000,398.720000,2.000000,709.963318,413.204956,15.360989,57.854377,1,0.107000,0.884133
SP_R_Yoga_2,posenet,131,5.292693,ok,1,direct,1.000000,12,right_hip,1,1,2.000000,655.230000,392.870000,2.000000,653.519348,406.486389,13.723425,57.854377,1,0.107000,0.906385
SP_R_Yoga_2,posenet,131,5.292693,ok,1,direct,1.000000,13,left_knee,1,1,2.000000,693.690000,527.970000,2.000000,707.093262,440.079254,88.906865,57.854377,0,0.087000,0.001950
SP_R_Yoga_2,posenet,131,5.292693,ok,1,direct,1.000000,14,right_knee,1,1,2.000000,576.710000,461.410000,2.000000,584.638611,452.556610,11.884670,57.854377,1,0.087000,0.894487
SP_R_Yoga_2,posenet,131,5.292693,ok,1,direct,1.000000,15,left_ankle,1,1,2.000000,674.810000,643.840000,2.000000,676.479553,628.199219,15.729636,57.854377,1,0.089000,0.829739
SP_R_Yoga_2,posenet,131,5.292693,ok,1,direct,1.000000,16,right_ankle,1,1,2.000000,652.410000,529.790000,2.000000,637.255859,527.420715,15.338236,57.854377,1,0.089000,0.837385
SP_R_Yoga_2,posenet,132,5.333095,ok,1,direct,1.000000,0,nose,1,1,2.000000,672.220000,223.590000,2.000000,670.517761,224.444809,1.904814,58.116357,1,0.026000,0.968717
SP_R_Yoga_2,posenet,132,5.333095,ok,1,direct,1.000000,1,left_eye,0,0,0.000000,0.000000,0.000000,2.000000,682.019043,215.809067,,,,0.025000,
SP_R_Yoga_2,posenet,132,5.333095,ok,1,direct,1.000000,2,right_eye,0,0,0.000000,0.000000,0.000000,2.000000,661.891785,215.809067,,,,0.025000,
SP_R_Yoga_2,posenet,132,5.333095,ok,1,direct,1.000000,3,left_ear,0,0,0.000000,0.000000,0.000000,2.000000,700.229431,226.363861,,,,0.035000,
SP_R_Yoga_2,posenet,132,5.333095,ok,1,direct,1.000000,4,right_ear,0,0,0.000000,0.000000,0.000000,2.000000,652.307312,225.404343,,,,0.035000,
SP_R_Yoga_2,posenet,132,5.333095,ok,1,direct,1.000000,5,left_shoulder,1,1,2.000000,716.990000,272.070000,2.000000,723.232056,280.097321,10.168635,58.116357,1,0.079000,0.906551
SP_R_Yoga_2,posenet,132,5.333095,ok,1,direct,1.000000,6,right_shoulder,1,1,2.000000,634.130000,279.060000,2.000000,644.639709,279.137817,10.509998,58.116357,1,0.079000,0.900500
SP_R_Yoga_2,posenet,132,5.333095,ok,1,direct,1.000000,7,left_elbow,1,1,2.000000,741.480000,198.010000,2.000000,738.567200,341.507019,143.526579,58.116357,0,0.072000,0.000000
SP_R_Yoga_2,posenet,132,5.333095,ok,1,direct,1.000000,8,right_elbow,1,1,2.000000,608.550000,198.250000,2.000000,613.969543,226.363861,28.631462,58.116357,1,0.072000,0.392042
SP_R_Yoga_2,posenet,132,5.333095,ok,1,direct,1.000000,9,left_wrist,1,1,2.000000,741.860000,131.210000,2.000000,697.354126,241.716278,119.131903,58.116357,0,0.062000,0.000000
SP_R_Yoga_2,posenet,132,5.333095,ok,1,direct,1.000000,10,right_wrist,1,1,2.000000,609.730000,129.530000,2.000000,607.260498,163.035126,33.596010,58.116357,1,0.062000,0.175748
SP_R_Yoga_2,posenet,132,5.333095,ok,1,direct,1.000000,11,left_hip,1,1,2.000000,704.690000,398.620000,2.000000,711.730774,412.511963,15.574310,58.116357,1,0.107000,0.882097
SP_R_Yoga_2,posenet,132,5.333095,ok,1,direct,1.000000,12,right_hip,1,1,2.000000,654.560000,392.870000,2.000000,650.390381,405.795258,13.581164,58.116357,1,0.107000,0.909011
SP_R_Yoga_2,posenet,132,5.333095,ok,1,direct,1.000000,13,left_knee,1,1,2.000000,693.720000,527.790000,2.000000,701.187866,502.707397,26.170708,58.116357,1,0.087000,0.585184
SP_R_Yoga_2,posenet,132,5.333095,ok,1,direct,1.000000,14,right_knee,1,1,2.000000,577.680000,464.840000,2.000000,587.133179,460.488251,10.406743,58.116357,1,0.087000,0.918763
SP_R_Yoga_2,posenet,132,5.333095,ok,1,direct,1.000000,15,left_ankle,1,1,2.000000,674.810000,643.830000,2.000000,677.226807,646.636353,3.703589,58.116357,1,0.089000,0.989798
SP_R_Yoga_2,posenet,132,5.333095,ok,1,direct,1.000000,16,right_ankle,1,1,2.000000,649.510000,537.960000,2.000000,636.972229,538.209900,12.540261,58.116357,1,0.089000,0.889086
SP_R_Yoga_2,posenet,133,5.373497,ok,1,direct,1.000000,0,nose,1,1,2.000000,672.020000,223.600000,2.000000,671.528564,221.024445,2.622021,59.118728,1,0.026000,0.943463
SP_R_Yoga_2,posenet,133,5.373497,ok,1,direct,1.000000,1,left_eye,0,0,0.000000,0.000000,0.000000,2.000000,682.070801,211.420593,,,,0.025000,
SP_R_Yoga_2,posenet,133,5.373497,ok,1,direct,1.000000,2,right_eye,0,0,0.000000,0.000000,0.000000,2.000000,661.944763,215.262146,,,,0.025000,
SP_R_Yoga_2,posenet,133,5.373497,ok,1,direct,1.000000,3,left_ear,0,0,0.000000,0.000000,0.000000,2.000000,697.404968,227.747177,,,,0.035000,
SP_R_Yoga_2,posenet,133,5.373497,ok,1,direct,1.000000,4,right_ear,0,0,0.000000,0.000000,0.000000,2.000000,653.319275,227.747177,,,,0.035000,
SP_R_Yoga_2,posenet,133,5.373497,ok,1,direct,1.000000,5,left_shoulder,1,1,2.000000,717.110000,272.160000,2.000000,724.239685,279.608032,10.310460,59.118728,1,0.079000,0.907127
SP_R_Yoga_2,posenet,133,5.373497,ok,1,direct,1.000000,6,right_shoulder,1,1,2.000000,634.060000,279.200000,2.000000,642.777100,279.608032,8.726644,59.118728,1,0.079000,0.932556
SP_R_Yoga_2,posenet,133,5.373497,ok,1,direct,1.000000,7,left_elbow,1,1,2.000000,743.860000,198.960000,2.000000,738.615417,341.072815,142.209556,59.118728,0,0.072000,0.000000
SP_R_Yoga_2,posenet,133,5.373497,ok,1,direct,1.000000,8,right_elbow,1,1,2.000000,604.870000,199.790000,2.000000,633.193298,360.280518,162.970597,59.118728,0,0.072000,0.000000
SP_R_Yoga_2,posenet,133,5.373497,ok,1,direct,1.000000,9,left_wrist,1,1,2.000000,748.860000,131.920000,2.000000,725.198059,396.775238,265.910106,59.118728,0,0.062000,0.000000
SP_R_Yoga_2,posenet,133,5.373497,ok,1,direct,1.000000,10,right_wrist,1,1,2.000000,601.890000,130.480000,2.000000,597.733093,166.282410,36.042925,59.118728,1,0.062000,0.144582
SP_R_Yoga_2,posenet,133,5.373497,ok,1,direct,1.000000,11,left_hip,1,1,2.000000,704.530000,398.510000,2.000000,710.822266,410.220642,13.294049,59.118728,1,0.107000,0.915455
SP_R_Yoga_2,posenet,133,5.373497,ok,1,direct,1.000000,12,right_hip,1,1,2.000000,653.890000,392.870000,2.000000,655.236084,408.299896,15.488500,59.118728,1,0.107000,0.887006
SP_R_Yoga_2,posenet,133,5.373497,ok,1,direct,1.000000,13,left_knee,1,1,2.000000,693.750000,527.610000,2.000000,698.363281,504.338531,23.724325,59.118728,1,0.087000,0.653424
SP_R_Yoga_2,posenet,133,5.373497,ok,1,direct,1.000000,14,right_knee,1,1,2.000000,578.650000,468.280000,2.000000,597.733093,458.239990,21.563076,59.118728,1,0.087000,0.703611
SP_R_Yoga_2,posenet,133,5.373497,ok,1,direct,1.000000,15,left_ankle,1,1,2.000000,674.810000,643.820000,2.000000,678.237305,632.069946,12.239697,59.118728,1,0.089000,0.897423
SP_R_Yoga_2,posenet,133,5.373497,ok,1,direct,1.000000,16,right_ankle,1,1,2.000000,646.600000,546.130000,2.000000,679.195679,631.109619,91.016559,59.118728,0,0.089000,0.002517
SP_R_Yoga_2,posenet,134,5.413900,ok,1,direct,1.000000,0,nose,1,1,2.000000,671.820000,223.620000,2.000000,672.149658,221.455231,2.189726,60.104529,1,0.026000,0.961492
SP_R_Yoga_2,posenet,134,5.413900,ok,1,direct,1.000000,1,left_eye,0,0,0.000000,0.000000,0.000000,2.000000,683.671143,213.777161,,,,0.025000,
SP_R_Yoga_2,posenet,134,5.413900,ok,1,direct,1.000000,2,right_eye,0,0,0.000000,0.000000,0.000000,2.000000,662.548340,217.616196,,,,0.025000,
SP_R_Yoga_2,posenet,134,5.413900,ok,1,direct,1.000000,3,left_ear,0,0,0.000000,0.000000,0.000000,2.000000,699.033142,227.213791,,,,0.035000,
SP_R_Yoga_2,posenet,134,5.413900,ok,1,direct,1.000000,4,right_ear,0,0,0.000000,0.000000,0.000000,2.000000,652.947144,229.133301,,,,0.035000,
SP_R_Yoga_2,posenet,134,5.413900,ok,1,direct,1.000000,5,left_shoulder,1,1,2.000000,717.230000,272.250000,2.000000,724.956543,280.960236,11.643353,60.104529,1,0.079000,0.886691
SP_R_Yoga_2,posenet,134,5.413900,ok,1,direct,1.000000,6,right_shoulder,1,1,2.000000,633.990000,279.340000,2.000000,643.345825,279.040710,9.360611,60.104529,1,0.079000,0.925217
SP_R_Yoga_2,posenet,134,5.413900,ok,1,direct,1.000000,7,left_elbow,1,1,2.000000,746.240000,199.910000,2.000000,734.557739,346.223755,146.779393,60.104529,0,0.072000,0.000000
SP_R_Yoga_2,posenet,134,5.413900,ok,1,direct,1.000000,8,right_elbow,1,1,2.000000,601.190000,201.330000,2.000000,617.422485,220.495468,25.115906,60.104529,1,0.072000,0.509833
SP_R_Yoga_2,posenet,134,5.413900,ok,1,direct,1.000000,9,left_wrist,1,1,2.000000,755.870000,132.630000,2.000000,729.757141,393.251923,261.926837,60.104529,0,0.062000,0.000000
SP_R_Yoga_2,posenet,134,5.413900,ok,1,direct,1.000000,10,right_wrist,1,1,2.000000,594.050000,131.430000,2.000000,597.259827,161.950226,30.688551,60.104529,1,0.062000,0.257589
SP_R_Yoga_2,posenet,134,5.413900,ok,1,direct,1.000000,11,left_hip,1,1,2.000000,704.370000,398.410000,2.000000,708.634399,409.567780,11.944921,60.104529,1,0.107000,0.933332
SP_R_Yoga_2,posenet,134,5.413900,ok,1,direct,1.000000,12,right_hip,1,1,2.000000,653.220000,392.870000,2.000000,655.827515,408.608032,15.952579,60.104529,1,0.107000,0.884212
SP_R_Yoga_2,posenet,134,5.413900,ok,1,direct,1.000000,13,left_knee,1,1,2.000000,693.780000,527.430000,2.000000,704.793884,448.917847,79.280917,60.104529,0,0.087000,0.010078
SP_R_Yoga_2,posenet,134,5.413900,ok,1,direct,1.000000,14,right_knee,1,1,2.000000,579.610000,471.720000,2.000000,586.698486,470.992310,7.125740,60.104529,1,0.087000,0.963542
SP_R_Yoga_2,posenet,134,5.413900,ok,1,direct,1.000000,15,left_ankle,1,1,2.000000,674.810000,643.820000,2.000000,675.030029,637.030457,6.793108,60.104529,1,0.089000,0.968261
SP_R_Yoga_2,posenet,134,5.413900,ok,1,direct,1.000000,16,right_ankle,1,1,2.000000,643.700000,554.300000,2.000000,625.103455,551.612000,18.789807,60.104529,1,0.089000,0.781326
SP_R_Yoga_2,posenet,135,5.454302,ok,1,direct,1.000000,0,nose,1,1,2.000000,671.620000,223.630000,2.000000,671.967224,222.924957,0.785907,60.333787,1,0.026000,0.994993
SP_R_Yoga_2,posenet,135,5.454302,ok,1,direct,1.000000,1,left_eye,0,0,0.000000,0.000000,0.000000,2.000000,682.498596,215.241608,,,,0.025000,
SP_R_Yoga_2,posenet,135,5.454302,ok,1,direct,1.000000,2,right_eye,0,0,0.000000,0.000000,0.000000,2.000000,662.393250,216.202026,,,,0.025000,
SP_R_Yoga_2,posenet,135,5.454302,ok,1,direct,1.000000,3,left_ear,0,0,0.000000,0.000000,0.000000,2.000000,697.816956,225.806213,,,,0.035000,
SP_R_Yoga_2,posenet,135,5.454302,ok,1,direct,1.000000,4,right_ear,0,0,0.000000,0.000000,0.000000,2.000000,653.776672,230.608307,,,,0.035000,
SP_R_Yoga_2,posenet,135,5.454302,ok,1,direct,1.000000,5,left_shoulder,1,1,2.000000,717.340000,272.350000,2.000000,726.538879,281.510498,12.982069,60.333787,1,0.079000,0.862113
SP_R_Yoga_2,posenet,135,5.454302,ok,1,direct,1.000000,6,right_shoulder,1,1,2.000000,633.920000,279.480000,2.000000,644.202698,279.589630,10.283282,60.333787,1,0.079000,0.911109
SP_R_Yoga_2,posenet,135,5.454302,ok,1,direct,1.000000,7,left_elbow,1,1,2.000000,749.210000,202.970000,2.000000,738.027649,349.700256,147.155744,60.333787,0,0.072000,0.000000
SP_R_Yoga_2,posenet,135,5.454302,ok,1,direct,1.000000,8,right_elbow,1,1,2.000000,597.570000,204.860000,2.000000,616.438171,231.568710,32.701118,60.333787,1,0.072000,0.321949
SP_R_Yoga_2,posenet,135,5.454302,ok,1,direct,1.000000,9,left_wrist,1,1,2.000000,763.860000,136.630000,2.000000,728.453674,394.839966,260.626158,60.333787,0,0.062000,0.000000
SP_R_Yoga_2,posenet,135,5.454302,ok,1,direct,1.000000,10,right_wrist,1,1,2.000000,585.410000,133.840000,2.000000,591.545837,155.695633,22.700599,60.333787,1,0.062000,0.478765
SP_R_Yoga_2,posenet,135,5.454302,ok,1,direct,1.000000,11,left_hip,1,1,2.000000,704.210000,398.310000,2.000000,712.177917,412.127472,15.950243,60.333787,1,0.107000,0.885070
SP_R_Yoga_2,posenet,135,5.454302,ok,1,direct,1.000000,12,right_hip,1,1,2.000000,652.550000,392.870000,2.000000,657.606262,410.206635,18.058923,60.333787,1,0.107000,0.855128
SP_R_Yoga_2,posenet,135,5.454302,ok,1,direct,1.000000,13,left_knee,1,1,2.000000,693.800000,527.250000,2.000000,693.987366,505.288147,21.962652,60.333787,1,0.087000,0.704590
SP_R_Yoga_2,posenet,135,5.454302,ok,1,direct,1.000000,14,right_knee,1,1,2.000000,585.750000,478.780000,2.000000,594.418091,473.594269,10.100872,60.333787,1,0.087000,0.928615
SP_R_Yoga_2,posenet,135,5.454302,ok,1,direct,1.000000,15,left_ankle,1,1,2.000000,674.810000,643.810000,2.000000,679.626404,622.459229,21.887284,60.333787,1,0.089000,0.717282
SP_R_Yoga_2,posenet,135,5.454302,ok,1,direct,1.000000,16,right_ankle,1,1,2.000000,641.940000,564.800000,2.000000,628.884338,566.754883,13.201207,60.333787,1,0.089000,0.886140
SP_R_Yoga_2,posenet,136,5.494704,ok,1,direct,1.000000,0,nose,1,1,2.000000,671.420000,223.640000,2.000000,671.781250,221.755859,1.918460,62.931996,1,0.026000,0.972880
SP_R_Yoga_2,posenet,136,5.494704,ok,1,direct,1.000000,1,left_eye,0,0,0.000000,0.000000,0.000000,2.000000,682.295898,213.113388,,,,0.025000,
SP_R_Yoga_2,posenet,136,5.494704,ok,1,direct,1.000000,2,right_eye,0,0,0.000000,0.000000,0.000000,2.000000,661.266663,214.073654,,,,0.025000,
SP_R_Yoga_2,posenet,136,5.494704,ok,1,direct,1.000000,3,left_ear,0,0,0.000000,0.000000,0.000000,2.000000,697.589783,223.676392,,,,0.035000,
SP_R_Yoga_2,posenet,136,5.494704,ok,1,direct,1.000000,4,right_ear,0,0,0.000000,0.000000,0.000000,2.000000,651.707886,229.438034,,,,0.035000,
SP_R_Yoga_2,posenet,136,5.494704,ok,1,direct,1.000000,5,left_shoulder,1,1,2.000000,717.460000,272.440000,2.000000,725.310120,281.292877,11.832067,62.931996,1,0.079000,0.892900
SP_R_Yoga_2,posenet,136,5.494704,ok,1,direct,1.000000,6,right_shoulder,1,1,2.000000,633.850000,279.620000,2.000000,644.060913,282.253143,10.544960,62.931996,1,0.079000,0.913954
SP_R_Yoga_2,posenet,136,5.494704,ok,1,direct,1.000000,7,left_elbow,1,1,2.000000,752.180000,206.040000,2.000000,737.736450,354.273743,148.935753,62.931996,0,0.072000,0.000000
SP_R_Yoga_2,posenet,136,5.494704,ok,1,direct,1.000000,8,right_elbow,1,1,2.000000,593.950000,208.390000,2.000000,620.164124,229.438034,33.618447,62.931996,1,0.072000,0.332547
SP_R_Yoga_2,posenet,136,5.494704,ok,1,direct,1.000000,9,left_wrist,1,1,2.000000,771.850000,140.620000,2.000000,722.442505,405.168274,269.122444,62.931996,0,0.062000,0.000000
SP_R_Yoga_2,posenet,136,5.494704,ok,1,direct,1.000000,10,right_wrist,1,1,2.000000,576.770000,136.260000,2.000000,685.163452,415.731293,299.755474,62.931996,0,0.062000,0.000000
SP_R_Yoga_2,posenet,136,5.494704,ok,1,direct,1.000000,11,left_hip,1,1,2.000000,704.050000,398.200000,2.000000,711.927856,413.810730,17.485866,62.931996,1,0.107000,0.873835
SP_R_Yoga_2,posenet,136,5.494704,ok,1,direct,1.000000,12,right_hip,1,1,2.000000,651.870000,392.870000,2.000000,661.266663,409.969635,19.511401,62.931996,1,0.107000,0.845423
SP_R_Yoga_2,posenet,136,5.494704,ok,1,direct,1.000000,13,left_knee,1,1,2.000000,693.830000,527.070000,2.000000,692.810425,508.877930,18.220619,62.931996,1,0.087000,0.801316
SP_R_Yoga_2,posenet,136,5.494704,ok,1,direct,1.000000,14,right_knee,1,1,2.000000,591.880000,485.840000,2.000000,602.958435,482.950470,11.449066,62.931996,1,0.087000,0.916259
SP_R_Yoga_2,posenet,136,5.494704,ok,1,direct,1.000000,15,left_ankle,1,1,2.000000,674.810000,643.800000,2.000000,677.516479,626.031372,17.973569,62.931996,1,0.089000,0.813868
SP_R_Yoga_2,posenet,136,5.494704,ok,1,direct,1.000000,16,right_ankle,1,1,2.000000,640.170000,575.290000,2.000000,630.678772,580.898499,11.024458,62.931996,1,0.089000,0.925440
SP_R_Yoga_2,posenet,137,5.535106,ok,1,direct,1.000000,0,nose,1,1,2.000000,671.220000,223.650000,2.000000,672.243286,222.458008,1.570974,65.403044,1,0.026000,0.983075
SP_R_Yoga_2,posenet,137,5.535106,ok,1,direct,1.000000,1,left_eye,0,0,0.000000,0.000000,0.000000,2.000000,681.816772,214.777878,,,,0.025000,
SP_R_Yoga_2,posenet,137,5.535106,ok,1,direct,1.000000,2,right_eye,0,0,0.000000,0.000000,0.000000,2.000000,660.755127,217.657944,,,,0.025000,
SP_R_Yoga_2,posenet,137,5.535106,ok,1,direct,1.000000,3,left_ear,0,0,0.000000,0.000000,0.000000,2.000000,697.134277,224.378036,,,,0.035000,
SP_R_Yoga_2,posenet,137,5.535106,ok,1,direct,1.000000,4,right_ear,0,0,0.000000,0.000000,0.000000,2.000000,650.224365,228.218094,,,,0.035000,
SP_R_Yoga_2,posenet,137,5.535106,ok,1,direct,1.000000,5,left_shoulder,1,1,2.000000,717.570000,272.530000,2.000000,722.982666,278.138855,7.794627,65.403044,1,0.079000,0.955504
SP_R_Yoga_2,posenet,137,5.535106,ok,1,direct,1.000000,6,right_shoulder,1,1,2.000000,633.780000,279.760000,2.000000,640.650879,281.978943,7.220297,65.403044,1,0.079000,0.961697
SP_R_Yoga_2,posenet,137,5.535106,ok,1,direct,1.000000,7,left_elbow,1,1,2.000000,755.150000,209.110000,2.000000,761.276489,201.337662,9.896621,65.403044,1,0.072000,0.915452
SP_R_Yoga_2,posenet,137,5.535106,ok,1,direct,1.000000,8,right_elbow,1,1,2.000000,590.320000,211.920000,2.000000,601.399719,235.898209,26.414289,65.403044,1,0.072000,0.532973
SP_R_Yoga_2,posenet,137,5.535106,ok,1,direct,1.000000,9,left_wrist,1,1,2.000000,779.840000,144.620000,2.000000,775.636658,137.016647,8.687868,65.403044,1,0.062000,0.912281
SP_R_Yoga_2,posenet,137,5.535106,ok,1,direct,1.000000,10,right_wrist,1,1,2.000000,568.130000,138.670000,2.000000,574.593994,171.577194,33.536050,65.403044,1,0.062000,0.254625
SP_R_Yoga_2,posenet,137,5.535106,ok,1,direct,1.000000,11,left_hip,1,1,2.000000,703.890000,398.100000,2.000000,713.409180,414.461029,18.928763,65.403044,1,0.107000,0.863879
SP_R_Yoga_2,posenet,137,5.535106,ok,1,direct,1.000000,12,right_hip,1,1,2.000000,651.200000,392.870000,2.000000,656.925781,412.540985,20.487367,65.403044,1,0.107000,0.842475
SP_R_Yoga_2,posenet,137,5.535106,ok,1,direct,1.000000,13,left_knee,1,1,2.000000,693.860000,526.890000,2.000000,694.262268,507.582489,19.311701,65.403044,1,0.087000,0.794235
SP_R_Yoga_2,posenet,137,5.535106,ok,1,direct,1.000000,14,right_knee,1,1,2.000000,598.010000,492.900000,2.000000,601.399719,494.142334,3.610206,65.403044,1,0.087000,0.991981
SP_R_Yoga_2,posenet,137,5.535106,ok,1,direct,1.000000,15,left_ankle,1,1,2.000000,674.810000,643.790000,2.000000,677.030029,623.744324,20.168234,65.403044,1,0.089000,0.786550
SP_R_Yoga_2,posenet,137,5.535106,ok,1,direct,1.000000,16,right_ankle,1,1,2.000000,638.410000,585.790000,2.000000,632.034790,586.303772,6.395879,65.403044,1,0.089000,0.976143
SP_R_Yoga_2,posenet,138,5.575508,ok,1,direct,1.000000,0,nose,1,1,2.000000,671.020000,223.670000,2.000000,672.262756,223.160767,1.343042,67.759644,1,0.026000,0.988444
SP_R_Yoga_2,posenet,138,5.575508,ok,1,direct,1.000000,1,left_eye,0,0,0.000000,0.000000,0.000000,2.000000,680.879883,213.548386,,,,0.025000,
SP_R_Yoga_2,posenet,138,5.575508,ok,1,direct,1.000000,2,right_eye,0,0,0.000000,0.000000,0.000000,2.000000,660.773254,215.470871,,,,0.025000,
SP_R_Yoga_2,posenet,138,5.575508,ok,1,direct,1.000000,3,left_ear,0,0,0.000000,0.000000,0.000000,2.000000,696.199280,223.160767,,,,0.035000,
SP_R_Yoga_2,posenet,138,5.575508,ok,1,direct,1.000000,4,right_ear,0,0,0.000000,0.000000,0.000000,2.000000,648.326294,225.083252,,,,0.035000,
SP_R_Yoga_2,posenet,138,5.575508,ok,1,direct,1.000000,5,left_shoulder,1,1,2.000000,717.690000,272.620000,2.000000,723.008118,276.990112,6.883332,67.759644,1,0.079000,0.967471
SP_R_Yoga_2,posenet,138,5.575508,ok,1,direct,1.000000,6,right_shoulder,1,1,2.000000,633.710000,279.900000,2.000000,639.709106,282.757538,6.644908,67.759644,1,0.079000,0.969652
SP_R_Yoga_2,posenet,138,5.575508,ok,1,direct,1.000000,7,left_elbow,1,1,2.000000,758.130000,212.170000,2.000000,728.752930,333.703156,125.033276,67.759644,0,0.072000,0.000002
SP_R_Yoga_2,posenet,138,5.575508,ok,1,direct,1.000000,8,right_elbow,1,1,2.000000,586.700000,215.450000,2.000000,633.964355,347.160522,139.934202,67.759644,0,0.072000,0.000000
SP_R_Yoga_2,posenet,138,5.575508,ok,1,direct,1.000000,9,left_wrist,1,1,2.000000,787.830000,148.610000,2.000000,729.710388,389.455017,247.758373,67.759644,0,0.062000,0.000000
SP_R_Yoga_2,posenet,138,5.575508,ok,1,direct,1.000000,10,right_wrist,1,1,2.000000,559.490000,141.090000,2.000000,636.836731,396.183655,266.561981,67.759644,0,0.062000,0.000000
SP_R_Yoga_2,posenet,138,5.575508,ok,1,direct,1.000000,11,left_hip,1,1,2.000000,703.730000,397.990000,2.000000,711.518616,408.679779,13.226258,67.759644,1,0.107000,0.935610
SP_R_Yoga_2,posenet,138,5.575508,ok,1,direct,1.000000,12,right_hip,1,1,2.000000,650.530000,392.870000,2.000000,659.815796,405.796051,15.915678,67.759644,1,0.107000,0.908122
SP_R_Yoga_2,posenet,138,5.575508,ok,1,direct,1.000000,13,left_knee,1,1,2.000000,693.890000,526.710000,2.000000,694.284363,514.415955,12.300369,67.759644,1,0.087000,0.916610
SP_R_Yoga_2,posenet,138,5.575508,ok,1,direct,1.000000,14,right_knee,1,1,2.000000,604.140000,499.960000,2.000000,611.942749,499.036163,7.857249,67.759644,1,0.087000,0.965094
SP_R_Yoga_2,posenet,138,5.575508,ok,1,direct,1.000000,15,left_ankle,1,1,2.000000,674.810000,643.780000,2.000000,673.220215,620.152222,23.681202,67.759644,1,0.089000,0.734621
SP_R_Yoga_2,posenet,138,5.575508,ok,1,direct,1.000000,16,right_ankle,1,1,2.000000,636.640000,596.290000,2.000000,654.070984,600.927429,18.037321,67.759644,1,0.089000,0.836175
SP_R_Yoga_2,posenet,139,5.615911,ok,1,direct,1.000000,0,nose,1,1,2.000000,670.820000,223.680000,2.000000,672.478455,222.724014,1.914257,70.013181,1,0.026000,0.978126
SP_R_Yoga_2,posenet,139,5.615911,ok,1,direct,1.000000,1,left_eye,0,0,0.000000,0.000000,0.000000,2.000000,681.077759,214.078140,,,,0.025000,
SP_R_Yoga_2,posenet,139,5.615911,ok,1,direct,1.000000,2,right_eye,0,0,0.000000,0.000000,0.000000,2.000000,661.968201,215.038788,,,,0.025000,
SP_R_Yoga_2,posenet,139,5.615911,ok,1,direct,1.000000,3,left_ear,0,0,0.000000,0.000000,0.000000,2.000000,695.409973,222.724014,,,,0.035000,
SP_R_Yoga_2,posenet,139,5.615911,ok,1,direct,1.000000,4,right_ear,0,0,0.000000,0.000000,0.000000,2.000000,648.591492,225.605972,,,,0.035000,
SP_R_Yoga_2,posenet,139,5.615911,ok,1,direct,1.000000,5,left_shoulder,1,1,2.000000,717.810000,272.720000,2.000000,722.163330,280.363159,8.795986,70.013181,1,0.079000,0.950677
SP_R_Yoga_2,posenet,139,5.615911,ok,1,direct,1.000000,6,right_shoulder,1,1,2.000000,633.640000,280.040000,2.000000,635.214783,280.363159,1.607598,70.013181,1,0.079000,0.998312
SP_R_Yoga_2,posenet,139,5.615911,ok,1,direct,1.000000,7,left_elbow,1,1,2.000000,761.100000,215.240000,2.000000,732.673645,347.608765,135.386659,70.013181,0,0.072000,0.000001
SP_R_Yoga_2,posenet,139,5.615911,ok,1,direct,1.000000,8,right_elbow,1,1,2.000000,583.080000,218.980000,2.000000,624.704529,347.608765,135.196008,70.013181,0,0.072000,0.000001
SP_R_Yoga_2,posenet,139,5.615911,ok,1,direct,1.000000,9,left_wrist,1,1,2.000000,795.820000,152.600000,2.000000,722.163330,399.484009,257.637379,70.013181,0,0.062000,0.000000
SP_R_Yoga_2,posenet,139,5.615911,ok,1,direct,1.000000,10,right_wrist,1,1,2.000000,550.860000,143.500000,2.000000,625.659973,399.484009,266.688674,70.013181,0,0.062000,0.000000
SP_R_Yoga_2,posenet,139,5.615911,ok,1,direct,1.000000,11,left_hip,1,1,2.000000,703.570000,397.890000,2.000000,707.831177,408.129852,11.091087,70.013181,1,0.107000,0.957109
SP_R_Yoga_2,posenet,139,5.615911,ok,1,direct,1.000000,12,right_hip,1,1,2.000000,649.860000,392.870000,2.000000,656.235291,408.129852,16.538060,70.013181,1,0.107000,0.907129
SP_R_Yoga_2,posenet,139,5.615911,ok,1,direct,1.000000,13,left_knee,1,1,2.000000,693.910000,526.530000,2.000000,693.498962,508.037750,18.496817,70.013181,1,0.087000,0.831580
SP_R_Yoga_2,posenet,139,5.615911,ok,1,direct,1.000000,14,right_knee,1,1,2.000000,610.270000,507.020000,2.000000,618.971680,501.313110,10.406143,70.013181,1,0.087000,0.943298
SP_R_Yoga_2,posenet,139,5.615911,ok,1,direct,1.000000,15,left_ankle,1,1,2.000000,674.810000,643.770000,2.000000,672.478455,624.276611,19.632328,70.013181,1,0.089000,0.819932
SP_R_Yoga_2,posenet,139,5.615911,ok,1,direct,1.000000,16,right_ankle,1,1,2.000000,634.880000,606.780000,2.000000,632.348328,602.181641,5.249217,70.013181,1,0.089000,0.985907
SP_R_Yoga_2,posenet,140,5.656313,ok,1,direct,1.000000,0,nose,1,1,2.000000,670.620000,223.690000,2.000000,672.100708,222.607361,1.834286,71.598811,1,0.026000,0.980769
SP_R_Yoga_2,posenet,140,5.656313,ok,1,direct,1.000000,1,left_eye,0,0,0.000000,0.000000,0.000000,2.000000,680.697693,213.967682,,,,0.025000,
SP_R_Yoga_2,posenet,140,5.656313,ok,1,direct,1.000000,2,right_eye,0,0,0.000000,0.000000,0.000000,2.000000,661.593323,214.927658,,,,0.025000,
SP_R_Yoga_2,posenet,140,5.656313,ok,1,direct,1.000000,3,left_ear,0,0,0.000000,0.000000,0.000000,2.000000,694.070679,222.607361,,,,0.035000,
SP_R_Yoga_2,posenet,140,5.656313,ok,1,direct,1.000000,4,right_ear,0,0,0.000000,0.000000,0.000000,2.000000,648.220337,224.527283,,,,0.035000,
SP_R_Yoga_2,posenet,140,5.656313,ok,1,direct,1.000000,5,left_shoulder,1,1,2.000000,717.410000,273.150000,2.000000,718.906250,275.405334,2.706529,71.598811,1,0.079000,0.995431
SP_R_Yoga_2,posenet,140,5.656313,ok,1,direct,1.000000,6,right_shoulder,1,1,2.000000,632.230000,279.640000,2.000000,631.981689,277.325256,2.328024,71.598811,1,0.079000,0.996618
SP_R_Yoga_2,posenet,140,5.656313,ok,1,direct,1.000000,7,left_elbow,1,1,2.000000,764.000000,218.600000,2.000000,735.144958,343.562683,128.250870,71.598811,0,0.072000,0.000004
SP_R_Yoga_2,posenet,140,5.656313,ok,1,direct,1.000000,8,right_elbow,1,1,2.000000,579.710000,222.580000,2.000000,591.862610,232.206985,15.503702,71.598811,1,0.072000,0.834524
SP_R_Yoga_2,posenet,140,5.656313,ok,1,direct,1.000000,9,left_wrist,1,1,2.000000,802.900000,160.270000,2.000000,727.503174,396.360657,247.837607,71.598811,0,0.062000,0.000000
SP_R_Yoga_2,posenet,140,5.656313,ok,1,direct,1.000000,10,right_wrist,1,1,2.000000,542.730000,151.170000,2.000000,630.071289,399.240570,262.997164,71.598811,0,0.062000,0.000000
SP_R_Yoga_2,posenet,140,5.656313,ok,1,direct,1.000000,11,left_hip,1,1,2.000000,703.410000,397.780000,2.000000,706.488464,411.720093,14.275963,71.598811,1,0.107000,0.932908
SP_R_Yoga_2,posenet,140,5.656313,ok,1,direct,1.000000,12,right_hip,1,1,2.000000,649.190000,392.870000,2.000000,653.951599,408.840210,16.664946,71.598811,1,0.107000,0.909704
SP_R_Yoga_2,posenet,140,5.656313,ok,1,direct,1.000000,13,left_knee,1,1,2.000000,693.940000,526.350000,2.000000,695.025879,515.396057,11.007634,71.598811,1,0.087000,0.939455
SP_R_Yoga_2,posenet,140,5.656313,ok,1,direct,1.000000,14,right_knee,1,1,2.000000,616.990000,510.650000,2.000000,627.205627,513.476135,10.599344,71.598811,1,0.087000,0.943737
SP_R_Yoga_2,posenet,140,5.656313,ok,1,direct,1.000000,15,left_ankle,1,1,2.000000,674.810000,643.770000,2.000000,674.966370,628.671753,15.099057,71.598811,1,0.089000,0.893786
SP_R_Yoga_2,posenet,140,5.656313,ok,1,direct,1.000000,16,right_ankle,1,1,2.000000,637.970000,615.650000,2.000000,630.071289,619.072144,8.608176,71.598811,1,0.089000,0.964161
SP_R_Yoga_2,posenet,141,5.696715,ok,1,direct,1.000000,0,nose,1,1,2.000000,670.420000,223.700000,2.000000,671.130554,222.844254,1.112290,73.086257,1,0.026000,0.993171
SP_R_Yoga_2,posenet,141,5.696715,ok,1,direct,1.000000,1,left_eye,0,0,0.000000,0.000000,0.000000,2.000000,679.735107,214.194351,,,,0.025000,
SP_R_Yoga_2,posenet,141,5.696715,ok,1,direct,1.000000,2,right_eye,0,0,0.000000,0.000000,0.000000,2.000000,660.613953,215.155457,,,,0.025000,
SP_R_Yoga_2,posenet,141,5.696715,ok,1,direct,1.000000,3,left_ear,0,0,0.000000,0.000000,0.000000,2.000000,694.075928,222.844254,,,,0.035000,
SP_R_Yoga_2,posenet,141,5.696715,ok,1,direct,1.000000,4,right_ear,0,0,0.000000,0.000000,0.000000,2.000000,648.185120,224.766449,,,,0.035000,
SP_R_Yoga_2,posenet,141,5.696715,ok,1,direct,1.000000,5,left_shoulder,1,1,2.000000,717.010000,273.580000,2.000000,718.933472,275.704681,2.866010,73.086257,1,0.079000,0.995084
SP_R_Yoga_2,posenet,141,5.696715,ok,1,direct,1.000000,6,right_shoulder,1,1,2.000000,630.830000,279.240000,2.000000,631.932129,279.549072,1.144646,73.086257,1,0.079000,0.999214
SP_R_Yoga_2,posenet,141,5.696715,ok,1,direct,1.000000,7,left_elbow,1,1,2.000000,766.900000,221.970000,2.000000,725.625854,343.942657,128.766782,73.086257,0,0.072000,0.000006
SP_R_Yoga_2,posenet,141,5.696715,ok,1,direct,1.000000,8,right_elbow,1,1,2.000000,576.340000,226.180000,2.000000,625.239746,348.748169,131.962651,73.086257,0,0.072000,0.000003
SP_R_Yoga_2,posenet,141,5.696715,ok,1,direct,1.000000,9,left_wrist,1,1,2.000000,809.980000,167.930000,2.000000,725.625854,400.647491,247.533943,73.086257,0,0.062000,0.000000
SP_R_Yoga_2,posenet,141,5.696715,ok,1,direct,1.000000,10,right_wrist,1,1,2.000000,534.600000,158.830000,2.000000,628.107971,401.608582,260.163757,73.086257,0,0.062000,0.000000
SP_R_Yoga_2,posenet,141,5.696715,ok,1,direct,1.000000,11,left_hip,1,1,2.000000,703.250000,397.680000,2.000000,703.636536,410.258484,12.584422,73.086257,1,0.107000,0.949527
SP_R_Yoga_2,posenet,141,5.696715,ok,1,direct,1.000000,12,right_hip,1,1,2.000000,648.520000,392.870000,2.000000,653.921509,410.258484,18.208121,73.086257,1,0.107000,0.897248
SP_R_Yoga_2,posenet,141,5.696715,ok,1,direct,1.000000,13,left_knee,1,1,2.000000,693.970000,526.170000,2.000000,691.207764,516.940430,9.634050,73.086257,1,0.087000,0.955125
SP_R_Yoga_2,posenet,141,5.696715,ok,1,direct,1.000000,14,right_knee,1,1,2.000000,623.710000,514.280000,2.000000,634.800354,515.018250,11.114898,73.086257,1,0.087000,0.940717
SP_R_Yoga_2,posenet,141,5.696715,ok,1,direct,1.000000,15,left_ankle,1,1,2.000000,674.810000,643.760000,2.000000,677.822937,628.427917,15.625317,73.086257,1,0.089000,0.891002
SP_R_Yoga_2,posenet,141,5.696715,ok,1,direct,1.000000,16,right_ankle,1,1,2.000000,641.060000,624.520000,2.000000,635.756409,628.427917,6.587860,73.086257,1,0.089000,0.979694
SP_R_Yoga_2,posenet,142,5.737117,ok,1,direct,1.000000,0,nose,1,1,2.000000,670.220000,223.720000,2.000000,672.443604,222.050186,2.780772,74.482684,1,0.026000,0.959600
SP_R_Yoga_2,posenet,142,5.737117,ok,1,direct,1.000000,1,left_eye,0,0,0.000000,0.000000,0.000000,2.000000,680.077148,213.413818,,,,0.025000,
SP_R_Yoga_2,posenet,142,5.737117,ok,1,direct,1.000000,2,right_eye,0,0,0.000000,0.000000,0.000000,2.000000,660.993286,214.373428,,,,0.025000,
SP_R_Yoga_2,posenet,142,5.737117,ok,1,direct,1.000000,3,left_ear,0,0,0.000000,0.000000,0.000000,2.000000,692.481628,222.050186,,,,0.035000,
SP_R_Yoga_2,posenet,142,5.737117,ok,1,direct,1.000000,4,right_ear,0,0,0.000000,0.000000,0.000000,2.000000,647.634705,224.928970,,,,0.035000,
SP_R_Yoga_2,posenet,142,5.737117,ok,1,direct,1.000000,5,left_shoulder,1,1,2.000000,716.610000,274.010000,2.000000,716.336365,278.666260,4.664293,74.482684,1,0.079000,0.987511
SP_R_Yoga_2,posenet,142,5.737117,ok,1,direct,1.000000,6,right_shoulder,1,1,2.000000,629.420000,278.840000,2.000000,632.367615,280.585480,3.425658,74.482684,1,0.079000,0.993244
SP_R_Yoga_2,posenet,142,5.737117,ok,1,direct,1.000000,7,left_elbow,1,1,2.000000,769.810000,225.340000,2.000000,734.465942,345.837952,125.574515,74.482684,0,0.072000,0.000017
SP_R_Yoga_2,posenet,142,5.737117,ok,1,direct,1.000000,8,right_elbow,1,1,2.000000,572.970000,229.780000,2.000000,618.054810,348.716705,127.195047,74.482684,0,0.072000,0.000013
SP_R_Yoga_2,posenet,142,5.737117,ok,1,direct,1.000000,9,left_wrist,1,1,2.000000,817.070000,175.600000,2.000000,700.115112,320.888428,186.513198,74.482684,0,0.062000,0.000000
SP_R_Yoga_2,posenet,142,5.737117,ok,1,direct,1.000000,10,right_wrist,1,1,2.000000,526.470000,166.490000,2.000000,626.642517,406.292389,259.884049,74.482684,0,0.062000,0.000000
SP_R_Yoga_2,posenet,142,5.737117,ok,1,direct,1.000000,11,left_hip,1,1,2.000000,703.090000,397.570000,2.000000,701.069336,411.090393,13.670556,74.482684,1,0.107000,0.942851
SP_R_Yoga_2,posenet,142,5.737117,ok,1,direct,1.000000,12,right_hip,1,1,2.000000,647.840000,392.870000,2.000000,650.497253,411.090393,18.413140,74.482684,1,0.107000,0.898742
SP_R_Yoga_2,posenet,142,5.737117,ok,1,direct,1.000000,13,left_knee,1,1,2.000000,694.000000,525.990000,2.000000,692.481628,519.524597,6.641302,74.482684,1,0.087000,0.979211
SP_R_Yoga_2,posenet,142,5.737117,ok,1,direct,1.000000,14,right_knee,1,1,2.000000,630.420000,517.900000,2.000000,637.138550,518.565002,6.751381,74.482684,1,0.087000,0.978524
SP_R_Yoga_2,posenet,142,5.737117,ok,1,direct,1.000000,15,left_ankle,1,1,2.000000,674.810000,643.750000,2.000000,677.214600,630.837585,13.134403,74.482684,1,0.089000,0.924487
SP_R_Yoga_2,posenet,142,5.737117,ok,1,direct,1.000000,16,right_ankle,1,1,2.000000,644.150000,633.390000,2.000000,637.138550,630.837585,7.461585,74.482684,1,0.089000,0.974979
SP_R_Yoga_2,posenet,143,5.777520,ok,1,direct,1.000000,0,nose,1,1,2.000000,670.020000,223.730000,2.000000,670.160461,223.726349,0.140509,75.789778,1,0.026000,0.999898
SP_R_Yoga_2,posenet,143,5.777520,ok,1,direct,1.000000,1,left_eye,0,0,0.000000,0.000000,0.000000,2.000000,678.792603,214.122604,,,,0.025000,
SP_R_Yoga_2,posenet,143,5.777520,ok,1,direct,1.000000,2,right_eye,0,0,0.000000,0.000000,0.000000,2.000000,660.569214,216.043350,,,,0.025000,
SP_R_Yoga_2,posenet,143,5.777520,ok,1,direct,1.000000,3,left_ear,0,0,0.000000,0.000000,0.000000,2.000000,692.220398,223.726349,,,,0.035000,
SP_R_Yoga_2,posenet,143,5.777520,ok,1,direct,1.000000,4,right_ear,0,0,0.000000,0.000000,0.000000,2.000000,647.141418,224.686722,,,,0.035000,
SP_R_Yoga_2,posenet,143,5.777520,ok,1,direct,1.000000,5,left_shoulder,1,1,2.000000,716.210000,274.440000,2.000000,714.280273,277.507385,3.623906,75.789778,1,0.079000,0.992700
SP_R_Yoga_2,posenet,143,5.777520,ok,1,direct,1.000000,6,right_shoulder,1,1,2.000000,628.020000,278.430000,2.000000,631.795410,277.507385,3.886507,75.789778,1,0.079000,0.991608
SP_R_Yoga_2,posenet,143,5.777520,ok,1,direct,1.000000,7,left_elbow,1,1,2.000000,772.710000,228.710000,2.000000,719.075867,343.773254,126.949489,75.789778,0,0.072000,0.000020
SP_R_Yoga_2,posenet,143,5.777520,ok,1,direct,1.000000,8,right_elbow,1,1,2.000000,569.610000,233.380000,2.000000,621.244995,345.694031,123.614782,75.789778,0,0.072000,0.000035
SP_R_Yoga_2,posenet,143,5.777520,ok,1,direct,1.000000,9,left_wrist,1,1,2.000000,824.150000,183.260000,2.000000,719.075867,395.633545,236.945344,75.789778,0,0.062000,0.000000
SP_R_Yoga_2,posenet,143,5.777520,ok,1,direct,1.000000,10,right_wrist,1,1,2.000000,518.340000,174.160000,2.000000,626.999756,404.276917,254.481311,75.789778,0,0.062000,0.000000
SP_R_Yoga_2,posenet,143,5.777520,ok,1,direct,1.000000,11,left_hip,1,1,2.000000,702.930000,397.470000,2.000000,697.015991,411.959930,15.650354,75.789778,1,0.107000,0.928218
SP_R_Yoga_2,posenet,143,5.777520,ok,1,direct,1.000000,12,right_hip,1,1,2.000000,647.170000,392.870000,2.000000,648.100586,411.959930,19.112599,75.789778,1,0.107000,0.894857
SP_R_Yoga_2,posenet,143,5.777520,ok,1,direct,1.000000,13,left_knee,1,1,2.000000,694.020000,525.810000,2.000000,690.302124,522.403076,5.042790,75.789778,1,0.087000,0.988370
SP_R_Yoga_2,posenet,143,5.777520,ok,1,direct,1.000000,14,right_knee,1,1,2.000000,637.140000,521.530000,2.000000,640.427551,523.363525,3.764281,75.789778,1,0.087000,0.993503
SP_R_Yoga_2,posenet,143,5.777520,ok,1,direct,1.000000,15,left_ankle,1,1,2.000000,674.810000,643.740000,2.000000,676.874390,631.885986,12.032429,75.789778,1,0.089000,0.938342
SP_R_Yoga_2,posenet,143,5.777520,ok,1,direct,1.000000,16,right_ankle,1,1,2.000000,647.240000,642.250000,2.000000,639.468445,628.044434,16.192442,75.789778,1,0.089000,0.891140
SP_R_Yoga_2,posenet,144,5.817922,ok,1,direct,1.000000,0,nose,1,1,2.000000,669.310000,223.860000,2.000000,669.329041,224.201202,0.341733,76.342062,1,0.026000,0.999407
SP_R_Yoga_2,posenet,144,5.817922,ok,1,direct,1.000000,1,left_eye,0,0,0.000000,0.000000,0.000000,2.000000,678.903320,214.591873,,,,0.025000,
SP_R_Yoga_2,posenet,144,5.817922,ok,1,direct,1.000000,2,right_eye,0,0,0.000000,0.000000,0.000000,2.000000,658.797363,215.552811,,,,0.025000,
SP_R_Yoga_2,posenet,144,5.817922,ok,1,direct,1.000000,3,left_ear,0,0,0.000000,0.000000,0.000000,2.000000,690.392456,223.240265,,,,0.035000,
SP_R_Yoga_2,posenet,144,5.817922,ok,1,direct,1.000000,4,right_ear,0,0,0.000000,0.000000,0.000000,2.000000,644.435974,224.201202,,,,0.035000,
SP_R_Yoga_2,posenet,144,5.817922,ok,1,direct,1.000000,5,left_shoulder,1,1,2.000000,715.820000,274.870000,2.000000,712.413269,277.052460,4.045855,76.342062,1,0.079000,0.991040
SP_R_Yoga_2,posenet,144,5.817922,ok,1,direct,1.000000,6,right_shoulder,1,1,2.000000,626.610000,278.030000,2.000000,629.117126,277.052460,2.690960,76.342062,1,0.079000,0.996026
SP_R_Yoga_2,posenet,144,5.817922,ok,1,direct,1.000000,7,left_elbow,1,1,2.000000,773.920000,234.480000,2.000000,716.242981,345.278687,124.911919,76.342062,0,0.072000,0.000033
SP_R_Yoga_2,posenet,144,5.817922,ok,1,direct,1.000000,8,right_elbow,1,1,2.000000,565.100000,238.200000,2.000000,620.500305,344.317749,119.708690,76.342062,0,0.072000,0.000076
SP_R_Yoga_2,posenet,144,5.817922,ok,1,direct,1.000000,9,left_wrist,1,1,2.000000,827.240000,193.200000,2.000000,716.242981,394.286194,229.686734,76.342062,0,0.062000,0.000000
SP_R_Yoga_2,posenet,144,5.817922,ok,1,direct,1.000000,10,right_wrist,1,1,2.000000,510.880000,183.170000,2.000000,626.244873,403.895538,249.055852,76.342062,0,0.062000,0.000000
SP_R_Yoga_2,posenet,144,5.817922,ok,1,direct,1.000000,11,left_hip,1,1,2.000000,702.780000,397.370000,2.000000,699.009277,409.661133,12.856527,76.342062,1,0.107000,0.951664
SP_R_Yoga_2,posenet,144,5.817922,ok,1,direct,1.000000,12,right_hip,1,1,2.000000,646.910000,393.140000,2.000000,648.265686,411.583008,18.492767,76.342062,1,0.107000,0.902575
SP_R_Yoga_2,posenet,144,5.817922,ok,1,direct,1.000000,13,left_knee,1,1,2.000000,694.050000,525.630000,2.000000,690.392456,524.012085,3.999410,76.342062,1,0.087000,0.992774
SP_R_Yoga_2,posenet,144,5.817922,ok,1,direct,1.000000,14,right_knee,1,1,2.000000,637.940000,522.090000,2.000000,643.478516,524.973022,6.243955,76.342062,1,0.087000,0.982479
SP_R_Yoga_2,posenet,144,5.817922,ok,1,direct,1.000000,15,left_ankle,1,1,2.000000,674.810000,643.730000,2.000000,676.988464,636.441162,7.607422,76.342062,1,0.089000,0.975239
SP_R_Yoga_2,posenet,144,5.817922,ok,1,direct,1.000000,16,right_ankle,1,1,2.000000,648.520000,642.410000,2.000000,643.478516,634.519287,9.363755,76.342062,1,0.089000,0.962727
SP_R_Yoga_2,posenet,145,5.858324,ok,1,direct,1.000000,0,nose,1,1,2.000000,668.600000,223.990000,2.000000,670.698669,226.122498,2.991982,76.840859,1,0.026000,0.956136
SP_R_Yoga_2,posenet,145,5.858324,ok,1,direct,1.000000,1,left_eye,0,0,0.000000,0.000000,0.000000,2.000000,677.378113,212.673874,,,,0.025000,
SP_R_Yoga_2,posenet,145,5.858324,ok,1,direct,1.000000,2,right_eye,0,0,0.000000,0.000000,0.000000,2.000000,660.202393,218.437576,,,,0.025000,
SP_R_Yoga_2,posenet,145,5.858324,ok,1,direct,1.000000,3,left_ear,0,0,0.000000,0.000000,0.000000,2.000000,688.828674,219.398178,,,,0.035000,
SP_R_Yoga_2,posenet,145,5.858324,ok,1,direct,1.000000,4,right_ear,0,0,0.000000,0.000000,0.000000,2.000000,645.889221,228.043732,,,,0.035000,
SP_R_Yoga_2,posenet,145,5.858324,ok,1,direct,1.000000,5,left_shoulder,1,1,2.000000,715.420000,275.310000,2.000000,712.683838,277.995789,3.834064,76.840859,1,0.079000,0.992053
SP_R_Yoga_2,posenet,145,5.858324,ok,1,direct,1.000000,6,right_shoulder,1,1,2.000000,625.210000,277.630000,2.000000,630.621887,277.995789,5.424235,76.840859,1,0.079000,0.984158
SP_R_Yoga_2,posenet,145,5.858324,ok,1,direct,1.000000,7,left_elbow,1,1,2.000000,775.130000,240.260000,2.000000,719.363281,344.278351,118.024337,76.840859,0,0.072000,0.000111
SP_R_Yoga_2,posenet,145,5.858324,ok,1,direct,1.000000,8,right_elbow,1,1,2.000000,560.590000,243.020000,2.000000,622.988220,344.278351,118.940285,76.840859,0,0.072000,0.000097
SP_R_Yoga_2,posenet,145,5.858324,ok,1,direct,1.000000,9,left_wrist,1,1,2.000000,830.330000,203.140000,2.000000,710.775452,392.309204,223.781764,76.840859,0,0.062000,0.000000
SP_R_Yoga_2,posenet,145,5.858324,ok,1,direct,1.000000,10,right_wrist,1,1,2.000000,503.420000,192.190000,2.000000,647.797668,345.238953,210.401742,76.840859,0,0.062000,0.000000
SP_R_Yoga_2,posenet,145,5.858324,ok,1,direct,1.000000,11,left_hip,1,1,2.000000,702.620000,397.260000,2.000000,699.324951,406.718445,10.015964,76.840859,1,0.107000,0.970756
SP_R_Yoga_2,posenet,145,5.858324,ok,1,direct,1.000000,12,right_hip,1,1,2.000000,646.650000,393.400000,2.000000,650.660278,406.718445,13.909109,76.840859,1,0.107000,0.944370
SP_R_Yoga_2,posenet,145,5.858324,ok,1,direct,1.000000,13,left_knee,1,1,2.000000,694.080000,525.450000,2.000000,692.645447,518.149963,7.439656,76.840859,1,0.087000,0.975535
SP_R_Yoga_2,posenet,145,5.858324,ok,1,direct,1.000000,14,right_knee,1,1,2.000000,638.750000,522.660000,2.000000,644.934998,517.189331,8.257264,76.840859,1,0.087000,0.969948
SP_R_Yoga_2,posenet,145,5.858324,ok,1,direct,1.000000,15,left_ankle,1,1,2.000000,674.810000,643.730000,2.000000,677.378113,636.305847,7.855778,76.840859,1,0.089000,0.973955
SP_R_Yoga_2,posenet,145,5.858324,ok,1,direct,1.000000,16,right_ankle,1,1,2.000000,649.810000,642.570000,2.000000,644.934998,632.463318,11.220992,76.840859,1,0.089000,0.947581
SP_R_Yoga_2,posenet,146,5.898726,ok,1,direct,1.000000,0,nose,1,1,2.000000,667.880000,224.120000,2.000000,667.390320,224.419662,0.574094,77.286331,1,0.026000,0.998369
SP_R_Yoga_2,posenet,146,5.898726,ok,1,direct,1.000000,1,left_eye,0,0,0.000000,0.000000,0.000000,2.000000,674.094971,213.846710,,,,0.025000,
SP_R_Yoga_2,posenet,146,5.898726,ok,1,direct,1.000000,2,right_eye,0,0,0.000000,0.000000,0.000000,2.000000,656.854553,217.691422,,,,0.025000,
SP_R_Yoga_2,posenet,146,5.898726,ok,1,direct,1.000000,3,left_ear,0,0,0.000000,0.000000,0.000000,2.000000,687.504211,220.574966,,,,0.035000,
SP_R_Yoga_2,posenet,146,5.898726,ok,1,direct,1.000000,4,right_ear,0,0,0.000000,0.000000,0.000000,2.000000,644.403137,225.380844,,,,0.035000,
SP_R_Yoga_2,posenet,146,5.898726,ok,1,direct,1.000000,5,left_shoulder,1,1,2.000000,715.020000,275.740000,2.000000,706.660217,279.206787,9.050115,77.286331,1,0.079000,0.957010
SP_R_Yoga_2,posenet,146,5.898726,ok,1,direct,1.000000,6,right_shoulder,1,1,2.000000,623.800000,277.230000,2.000000,627.162720,275.362061,3.846698,77.286331,1,0.079000,0.992093
SP_R_Yoga_2,posenet,146,5.898726,ok,1,direct,1.000000,7,left_elbow,1,1,2.000000,776.340000,246.040000,2.000000,713.364807,340.722137,113.712717,77.286331,0,0.072000,0.000236
SP_R_Yoga_2,posenet,146,5.898726,ok,1,direct,1.000000,8,right_elbow,1,1,2.000000,556.080000,247.840000,2.000000,616.626892,343.605682,113.300450,77.286331,0,0.072000,0.000251
SP_R_Yoga_2,posenet,146,5.898726,ok,1,direct,1.000000,9,left_wrist,1,1,2.000000,833.420000,213.090000,2.000000,713.364807,391.664551,215.179273,77.286331,0,0.062000,0.000000
SP_R_Yoga_2,posenet,146,5.898726,ok,1,direct,1.000000,10,right_wrist,1,1,2.000000,495.960000,201.210000,2.000000,630.036133,401.276337,240.838013,77.286331,0,0.062000,0.000000
SP_R_Yoga_2,posenet,146,5.898726,ok,1,direct,1.000000,11,left_hip,1,1,2.000000,702.460000,397.160000,2.000000,694.208801,408.965729,14.403385,77.286331,1,0.107000,0.941132
SP_R_Yoga_2,posenet,146,5.898726,ok,1,direct,1.000000,12,right_hip,1,1,2.000000,646.390000,393.670000,2.000000,649.192139,409.926910,16.496640,77.286331,1,0.107000,0.923497
SP_R_Yoga_2,posenet,146,5.898726,ok,1,direct,1.000000,13,left_knee,1,1,2.000000,694.110000,525.270000,2.000000,689.419800,521.423523,6.065753,77.286331,1,0.087000,0.983855
SP_R_Yoga_2,posenet,146,5.898726,ok,1,direct,1.000000,14,right_knee,1,1,2.000000,639.550000,523.220000,2.000000,646.318726,516.617554,9.455577,77.286331,1,0.087000,0.961221
SP_R_Yoga_2,posenet,146,5.898726,ok,1,direct,1.000000,15,left_ankle,1,1,2.000000,674.810000,643.720000,2.000000,679.841736,636.764771,8.584497,77.286331,1,0.089000,0.969329
SP_R_Yoga_2,posenet,146,5.898726,ok,1,direct,1.000000,16,right_ankle,1,1,2.000000,651.090000,642.730000,2.000000,647.276550,635.803589,7.906805,77.286331,1,0.089000,0.973919
SP_R_Yoga_2,posenet,147,5.939129,ok,1,direct,1.000000,0,nose,1,1,2.000000,667.170000,224.250000,2.000000,664.001892,224.357025,3.169915,77.681106,1,0.026000,0.951928
SP_R_Yoga_2,posenet,147,5.939129,ok,1,direct,1.000000,1,left_eye,0,0,0.000000,0.000000,0.000000,2.000000,672.588684,214.751740,,,,0.025000,
SP_R_Yoga_2,posenet,147,5.939129,ok,1,direct,1.000000,2,right_eye,0,0,0.000000,0.000000,0.000000,2.000000,654.461121,216.672791,,,,0.025000,
SP_R_Yoga_2,posenet,147,5.939129,ok,1,direct,1.000000,3,left_ear,0,0,0.000000,0.000000,0.000000,2.000000,685.945740,221.475449,,,,0.035000,
SP_R_Yoga_2,posenet,147,5.939129,ok,1,direct,1.000000,4,right_ear,0,0,0.000000,0.000000,0.000000,2.000000,641.104004,224.357025,,,,0.035000,
SP_R_Yoga_2,posenet,147,5.939129,ok,1,direct,1.000000,5,left_shoulder,1,1,2.000000,714.620000,276.170000,2.000000,705.027405,275.265137,9.635178,77.681106,1,0.079000,0.951894
SP_R_Yoga_2,posenet,147,5.939129,ok,1,direct,1.000000,6,right_shoulder,1,1,2.000000,622.400000,276.830000,2.000000,628.700928,275.265137,6.492341,77.681106,1,0.079000,0.977864
SP_R_Yoga_2,posenet,147,5.939129,ok,1,direct,1.000000,7,left_elbow,1,1,2.000000,777.550000,251.810000,2.000000,712.660034,334.817993,105.361447,77.681106,0,0.072000,0.000827
SP_R_Yoga_2,posenet,147,5.939129,ok,1,direct,1.000000,8,right_elbow,1,1,2.000000,551.570000,252.660000,2.000000,623.930603,338.660126,112.392520,77.681106,0,0.072000,0.000311
SP_R_Yoga_2,posenet,147,5.939129,ok,1,direct,1.000000,9,left_wrist,1,1,2.000000,836.510000,223.030000,2.000000,712.660034,388.607697,206.772309,77.681106,0,0.062000,0.000000
SP_R_Yoga_2,posenet,147,5.939129,ok,1,direct,1.000000,10,right_wrist,1,1,2.000000,488.500000,210.220000,2.000000,634.425415,396.291931,236.467736,77.681106,0,0.062000,0.000000
SP_R_Yoga_2,posenet,147,5.939129,ok,1,direct,1.000000,11,left_hip,1,1,2.000000,702.300000,397.050000,2.000000,698.348816,407.818298,11.470314,77.681106,1,0.107000,0.962629
SP_R_Yoga_2,posenet,147,5.939129,ok,1,direct,1.000000,12,right_hip,1,1,2.000000,646.130000,393.930000,2.000000,649.690735,406.857788,13.409196,77.681106,1,0.107000,0.949280
SP_R_Yoga_2,posenet,147,5.939129,ok,1,direct,1.000000,13,left_knee,1,1,2.000000,694.140000,525.090000,2.000000,690.716187,518.279297,7.622872,77.681106,1,0.087000,0.974876
SP_R_Yoga_2,posenet,147,5.939129,ok,1,direct,1.000000,14,right_knee,1,1,2.000000,640.350000,523.780000,2.000000,647.782532,518.279297,9.246635,77.681106,1,0.087000,0.963253
SP_R_Yoga_2,posenet,147,5.939129,ok,1,direct,1.000000,15,left_ankle,1,1,2.000000,674.810000,643.710000,2.000000,681.175415,637.385071,8.973474,77.681106,1,0.089000,0.966868
SP_R_Yoga_2,posenet,147,5.939129,ok,1,direct,1.000000,16,right_ankle,1,1,2.000000,652.370000,642.890000,2.000000,649.690735,637.385071,6.122312,77.681106,1,0.089000,0.984439
SP_R_Yoga_2,posenet,148,5.979531,ok,1,direct,1.000000,0,nose,1,1,2.000000,666.370000,225.450000,2.000000,661.702576,223.798019,4.951150,76.336254,1,0.026000,0.882973
SP_R_Yoga_2,posenet,148,5.979531,ok,1,direct,1.000000,1,left_eye,0,0,0.000000,0.000000,0.000000,2.000000,672.243347,215.161453,,,,0.025000,
SP_R_Yoga_2,posenet,148,5.979531,ok,1,direct,1.000000,2,right_eye,0,0,0.000000,0.000000,0.000000,2.000000,654.036621,216.121078,,,,0.025000,
SP_R_Yoga_2,posenet,148,5.979531,ok,1,direct,1.000000,3,left_ear,0,0,0.000000,0.000000,0.000000,2.000000,684.700623,221.878784,,,,0.035000,
SP_R_Yoga_2,posenet,148,5.979531,ok,1,direct,1.000000,4,right_ear,0,0,0.000000,0.000000,0.000000,2.000000,641.579346,223.798019,,,,0.035000,
SP_R_Yoga_2,posenet,148,5.979531,ok,1,direct,1.000000,5,left_shoulder,1,1,2.000000,714.220000,276.600000,2.000000,703.865662,276.577026,10.354364,76.336254,1,0.079000,0.942744
SP_R_Yoga_2,posenet,148,5.979531,ok,1,direct,1.000000,6,right_shoulder,1,1,2.000000,621.320000,277.370000,2.000000,628.163818,275.617371,7.064670,76.336254,1,0.079000,0.972926
SP_R_Yoga_2,posenet,148,5.979531,ok,1,direct,1.000000,7,left_elbow,1,1,2.000000,777.550000,259.440000,2.000000,716.322937,337.992554,99.595466,76.336254,0,0.072000,0.001406
SP_R_Yoga_2,posenet,148,5.979531,ok,1,direct,1.000000,8,right_elbow,1,1,2.000000,547.960000,256.270000,2.000000,620.497803,343.750244,113.642096,76.336254,0,0.072000,0.000193
SP_R_Yoga_2,posenet,148,5.979531,ok,1,direct,1.000000,9,left_wrist,1,1,2.000000,830.490000,243.100000,2.000000,716.322937,396.529236,191.244996,76.336254,0,0.062000,0.000000
SP_R_Yoga_2,posenet,148,5.979531,ok,1,direct,1.000000,10,right_wrist,1,1,2.000000,484.480000,222.670000,2.000000,633.913330,397.488831,229.982486,76.336254,0,0.062000,0.000000
SP_R_Yoga_2,posenet,148,5.979531,ok,1,direct,1.000000,11,left_hip,1,1,2.000000,702.140000,396.950000,2.000000,700.990906,413.802338,16.891468,76.336254,1,0.107000,0.918023
SP_R_Yoga_2,posenet,148,5.979531,ok,1,direct,1.000000,12,right_hip,1,1,2.000000,645.870000,394.200000,2.000000,648.287109,412.842712,18.798754,76.336254,1,0.107000,0.899479
SP_R_Yoga_2,posenet,148,5.979531,ok,1,direct,1.000000,13,left_knee,1,1,2.000000,694.160000,524.910000,2.000000,692.366638,524.158386,1.944497,76.336254,1,0.087000,0.998287
SP_R_Yoga_2,posenet,148,5.979531,ok,1,direct,1.000000,14,right_knee,1,1,2.000000,641.150000,524.340000,2.000000,648.287109,525.117981,7.179386,76.336254,1,0.087000,0.976899
SP_R_Yoga_2,posenet,148,5.979531,ok,1,direct,1.000000,15,left_ankle,1,1,2.000000,674.810000,643.700000,2.000000,679.909424,637.393250,8.110439,76.336254,1,0.089000,0.971900
SP_R_Yoga_2,posenet,148,5.979531,ok,1,direct,1.000000,16,right_ankle,1,1,2.000000,653.660000,643.060000,2.000000,650.203613,636.433655,7.473624,76.336254,1,0.089000,0.976089
SP_R_Yoga_2,posenet,149,6.019933,ok,1,direct,1.000000,0,nose,1,1,2.000000,665.070000,224.710000,2.000000,663.351562,223.338654,2.198549,76.912254,1,0.026000,0.976115
SP_R_Yoga_2,posenet,149,6.019933,ok,1,direct,1.000000,1,left_eye,0,0,0.000000,0.000000,0.000000,2.000000,672.894409,214.704147,,,,0.025000,
SP_R_Yoga_2,posenet,149,6.019933,ok,1,direct,1.000000,2,right_eye,0,0,0.000000,0.000000,0.000000,2.000000,653.808716,215.663528,,,,0.025000,
SP_R_Yoga_2,posenet,149,6.019933,ok,1,direct,1.000000,3,left_ear,0,0,0.000000,0.000000,0.000000,2.000000,685.300110,222.379272,,,,0.035000,
SP_R_Yoga_2,posenet,149,6.019933,ok,1,direct,1.000000,4,right_ear,0,0,0.000000,0.000000,0.000000,2.000000,640.448792,224.298050,,,,0.035000,
SP_R_Yoga_2,posenet,149,6.019933,ok,1,direct,1.000000,5,left_shoulder,1,1,2.000000,713.820000,277.030000,2.000000,705.340149,275.145813,8.686658,76.912254,1,0.079000,0.959946
SP_R_Yoga_2,posenet,149,6.019933,ok,1,direct,1.000000,6,right_shoulder,1,1,2.000000,620.230000,277.910000,2.000000,628.043091,276.105164,8.018842,76.912254,1,0.079000,0.965765
SP_R_Yoga_2,posenet,149,6.019933,ok,1,direct,1.000000,7,left_elbow,1,1,2.000000,776.430000,265.200000,2.000000,712.974426,338.465637,96.925040,76.912254,0,0.072000,0.002183
SP_R_Yoga_2,posenet,149,6.019933,ok,1,direct,1.000000,8,right_elbow,1,1,2.000000,544.900000,263.610000,2.000000,617.545898,344.221954,108.515961,76.912254,0,0.072000,0.000462
SP_R_Yoga_2,posenet,149,6.019933,ok,1,direct,1.000000,9,left_wrist,1,1,2.000000,830.580000,253.320000,2.000000,712.974426,395.069702,184.184823,76.912254,0,0.062000,0.000000
SP_R_Yoga_2,posenet,149,6.019933,ok,1,direct,1.000000,10,right_wrist,1,1,2.000000,477.610000,236.140000,2.000000,631.860168,396.988495,222.857248,76.912254,0,0.062000,0.000000
SP_R_Yoga_2,posenet,149,6.019933,ok,1,direct,1.000000,11,left_hip,1,1,2.000000,701.260000,396.700000,2.000000,698.660156,413.298157,16.800536,76.912254,1,0.107000,0.920027
SP_R_Yoga_2,posenet,149,6.019933,ok,1,direct,1.000000,12,right_hip,1,1,2.000000,644.390000,394.380000,2.000000,649.037292,411.379364,17.623158,76.912254,1,0.107000,0.912365
SP_R_Yoga_2,posenet,149,6.019933,ok,1,direct,1.000000,13,left_knee,1,1,2.000000,694.320000,524.430000,2.000000,691.025879,521.709351,4.272373,76.912254,1,0.087000,0.991880
SP_R_Yoga_2,posenet,149,6.019933,ok,1,direct,1.000000,14,right_knee,1,1,2.000000,641.150000,523.540000,2.000000,648.083069,520.749939,7.473412,76.912254,1,0.087000,0.975360
SP_R_Yoga_2,posenet,149,6.019933,ok,1,direct,1.000000,15,left_ankle,1,1,2.000000,674.810000,643.690000,2.000000,679.574463,633.958130,10.835562,76.912254,1,0.089000,0.951121
SP_R_Yoga_2,posenet,149,6.019933,ok,1,direct,1.000000,16,right_ankle,1,1,2.000000,653.660000,643.030000,2.000000,649.991638,633.958130,9.785484,76.912254,1,0.089000,0.959952
SP_R_Yoga_2,posenet,150,6.060335,ok,1,direct,1.000000,0,nose,1,1,2.000000,663.770000,223.970000,2.000000,662.600037,218.882797,5.220004,77.735556,1,0.026000,0.875107
SP_R_Yoga_2,posenet,150,6.060335,ok,1,direct,1.000000,1,left_eye,0,0,0.000000,0.000000,0.000000,2.000000,671.199585,210.238129,,,,0.025000,
SP_R_Yoga_2,posenet,150,6.060335,ok,1,direct,1.000000,2,right_eye,0,0,0.000000,0.000000,0.000000,2.000000,653.044983,213.119690,,,,0.025000,
SP_R_Yoga_2,posenet,150,6.060335,ok,1,direct,1.000000,3,left_ear,0,0,0.000000,0.000000,0.000000,2.000000,682.665710,220.803833,,,,0.035000,
SP_R_Yoga_2,posenet,150,6.060335,ok,1,direct,1.000000,4,right_ear,0,0,0.000000,0.000000,0.000000,2.000000,639.667908,223.685394,,,,0.035000,
SP_R_Yoga_2,posenet,150,6.060335,ok,1,direct,1.000000,5,left_shoulder,1,1,2.000000,713.430000,277.460000,2.000000,702.731323,273.632416,11.362750,77.735556,1,0.079000,0.933821
SP_R_Yoga_2,posenet,150,6.060335,ok,1,direct,1.000000,6,right_shoulder,1,1,2.000000,619.150000,278.450000,2.000000,624.379822,273.632416,7.110566,77.735556,1,0.079000,0.973543
SP_R_Yoga_2,posenet,150,6.060335,ok,1,direct,1.000000,7,left_elbow,1,1,2.000000,775.320000,270.960000,2.000000,707.508850,329.342529,89.481125,77.735556,0,0.072000,0.006024
SP_R_Yoga_2,posenet,150,6.060335,ok,1,direct,1.000000,8,right_elbow,1,1,2.000000,541.830000,270.950000,2.000000,612.913696,336.066162,96.400241,77.735556,0,0.072000,0.002650
SP_R_Yoga_2,posenet,150,6.060335,ok,1,direct,1.000000,9,left_wrist,1,1,2.000000,830.670000,263.540000,2.000000,707.508850,390.815796,177.109562,77.735556,0,0.062000,0.000000
SP_R_Yoga_2,posenet,150,6.060335,ok,1,direct,1.000000,10,right_wrist,1,1,2.000000,470.730000,249.610000,2.000000,632.979370,390.815796,215.090527,77.735556,0,0.062000,0.000000
SP_R_Yoga_2,posenet,150,6.060335,ok,1,direct,1.000000,11,left_hip,1,1,2.000000,700.390000,396.450000,2.000000,699.864868,406.184082,9.748237,77.735556,1,0.107000,0.972903
SP_R_Yoga_2,posenet,150,6.060335,ok,1,direct,1.000000,12,right_hip,1,1,2.000000,642.900000,394.570000,2.000000,648.267456,405.223572,11.929299,77.735556,1,0.107000,0.959696
SP_R_Yoga_2,posenet,150,6.060335,ok,1,direct,1.000000,13,left_knee,1,1,2.000000,694.480000,523.950000,2.000000,691.265259,516.643799,7.982176,77.735556,1,0.087000,0.972524
SP_R_Yoga_2,posenet,150,6.060335,ok,1,direct,1.000000,14,right_knee,1,1,2.000000,641.150000,522.740000,2.000000,647.311951,514.722778,10.111651,77.735556,1,0.087000,0.956276
SP_R_Yoga_2,posenet,150,6.060335,ok,1,direct,1.000000,15,left_ankle,1,1,2.000000,674.810000,643.680000,2.000000,675.977112,632.866638,10.876164,77.735556,1,0.089000,0.951775
SP_R_Yoga_2,posenet,150,6.060335,ok,1,direct,1.000000,16,right_ankle,1,1,2.000000,653.660000,643.000000,2.000000,650.178467,631.906128,11.627342,77.735556,1,0.089000,0.945076
SP_R_Yoga_2,posenet,151,6.100738,ok,1,direct,1.000000,0,nose,1,1,2.000000,662.470000,223.220000,2.000000,662.212463,221.289505,1.947598,78.554689,1,0.026000,0.981978
SP_R_Yoga_2,posenet,151,6.100738,ok,1,direct,1.000000,1,left_eye,0,0,0.000000,0.000000,0.000000,2.000000,669.879517,213.608429,,,,0.025000,
SP_R_Yoga_2,posenet,151,6.100738,ok,1,direct,1.000000,2,right_eye,0,0,0.000000,0.000000,0.000000,2.000000,652.628662,213.608429,,,,0.025000,
SP_R_Yoga_2,posenet,151,6.100738,ok,1,direct,1.000000,3,left_ear,0,0,0.000000,0.000000,0.000000,2.000000,681.380066,221.289505,,,,0.035000,
SP_R_Yoga_2,posenet,151,6.100738,ok,1,direct,1.000000,4,right_ear,0,0,0.000000,0.000000,0.000000,2.000000,640.169678,223.209793,,,,0.035000,
SP_R_Yoga_2,posenet,151,6.100738,ok,1,direct,1.000000,5,left_shoulder,1,1,2.000000,713.030000,277.890000,2.000000,705.339600,273.136902,9.040697,78.554689,1,0.079000,0.958442
SP_R_Yoga_2,posenet,151,6.100738,ok,1,direct,1.000000,6,right_shoulder,1,1,2.000000,618.060000,279.000000,2.000000,624.835632,274.097015,8.363519,78.554689,1,0.079000,0.964327
SP_R_Yoga_2,posenet,151,6.100738,ok,1,direct,1.000000,7,left_elbow,1,1,2.000000,774.200000,276.720000,2.000000,718.756897,335.545746,80.835673,78.554689,0,0.072000,0.016818
SP_R_Yoga_2,posenet,151,6.100738,ok,1,direct,1.000000,8,right_elbow,1,1,2.000000,538.770000,278.290000,2.000000,612.376648,342.266724,97.524150,78.554689,0,0.072000,0.002616
SP_R_Yoga_2,posenet,151,6.100738,ok,1,direct,1.000000,9,left_wrist,1,1,2.000000,830.770000,273.750000,2.000000,718.756897,393.153961,163.720009,78.554689,0,0.062000,0.000000
SP_R_Yoga_2,posenet,151,6.100738,ok,1,direct,1.000000,10,right_wrist,1,1,2.000000,463.860000,263.080000,2.000000,629.627502,394.114105,211.302630,78.554689,0,0.062000,0.000000
SP_R_Yoga_2,posenet,151,6.100738,ok,1,direct,1.000000,11,left_hip,1,1,2.000000,699.520000,396.200000,2.000000,700.547729,412.356720,16.189374,78.554689,1,0.107000,0.928490
SP_R_Yoga_2,posenet,151,6.100738,ok,1,direct,1.000000,12,right_hip,1,1,2.000000,641.420000,394.760000,2.000000,646.878357,411.396545,17.509092,78.554689,1,0.107000,0.916874
SP_R_Yoga_2,posenet,151,6.100738,ok,1,direct,1.000000,13,left_knee,1,1,2.000000,694.650000,523.470000,2.000000,692.880615,521.812256,2.424632,78.554689,1,0.087000,0.997486
SP_R_Yoga_2,posenet,151,6.100738,ok,1,direct,1.000000,14,right_knee,1,1,2.000000,641.150000,521.930000,2.000000,645.919983,522.772400,4.843798,78.554689,1,0.087000,0.990004
SP_R_Yoga_2,posenet,151,6.100738,ok,1,direct,1.000000,15,left_ankle,1,1,2.000000,674.810000,643.680000,2.000000,678.504883,632.227966,12.033338,78.554689,1,0.089000,0.942472
SP_R_Yoga_2,posenet,151,6.100738,ok,1,direct,1.000000,16,right_ankle,1,1,2.000000,653.660000,642.970000,2.000000,650.711853,632.227966,11.139249,78.554689,1,0.089000,0.950496
SP_R_Yoga_2,posenet,152,6.141140,ok,1,direct,1.000000,0,nose,1,1,2.000000,661.170000,222.480000,2.000000,660.057800,221.043518,1.816719,79.366118,1,0.026000,0.984618
SP_R_Yoga_2,posenet,152,6.141140,ok,1,direct,1.000000,1,left_eye,0,0,0.000000,0.000000,0.000000,2.000000,669.650208,213.365097,,,,0.025000,
SP_R_Yoga_2,posenet,152,6.141140,ok,1,direct,1.000000,2,right_eye,0,0,0.000000,0.000000,0.000000,2.000000,650.465210,213.365097,,,,0.025000,
SP_R_Yoga_2,posenet,152,6.141140,ok,1,direct,1.000000,3,left_ear,0,0,0.000000,0.000000,0.000000,2.000000,682.120544,221.043518,,,,0.035000,
SP_R_Yoga_2,posenet,152,6.141140,ok,1,direct,1.000000,4,right_ear,0,0,0.000000,0.000000,0.000000,2.000000,639.913513,222.003311,,,,0.035000,
SP_R_Yoga_2,posenet,152,6.141140,ok,1,direct,1.000000,5,left_shoulder,1,1,2.000000,712.630000,278.320000,2.000000,704.183228,273.832611,9.564759,79.366118,1,0.079000,0.954524
SP_R_Yoga_2,posenet,152,6.141140,ok,1,direct,1.000000,6,right_shoulder,1,1,2.000000,616.980000,279.540000,2.000000,622.647034,273.832611,8.042982,79.366118,1,0.079000,0.967625
SP_R_Yoga_2,posenet,152,6.141140,ok,1,direct,1.000000,7,left_elbow,1,1,2.000000,773.090000,282.480000,2.000000,719.531250,340.058929,78.637604,79.366118,1,0.072000,0.022652
SP_R_Yoga_2,posenet,152,6.141140,ok,1,direct,1.000000,8,right_elbow,1,1,2.000000,535.700000,285.630000,2.000000,610.176758,341.978485,93.391323,79.366118,0,0.072000,0.004786
SP_R_Yoga_2,posenet,152,6.141140,ok,1,direct,1.000000,9,left_wrist,1,1,2.000000,830.860000,283.970000,2.000000,719.531250,397.647003,159.111758,79.366118,0,0.062000,0.000000
SP_R_Yoga_2,posenet,152,6.141140,ok,1,direct,1.000000,10,right_wrist,1,1,2.000000,456.980000,276.550000,2.000000,627.443298,394.767609,207.444304,79.366118,0,0.062000,0.000000
SP_R_Yoga_2,posenet,152,6.141140,ok,1,direct,1.000000,11,left_hip,1,1,2.000000,698.650000,395.950000,2.000000,697.468445,413.003815,17.094697,79.366118,1,0.107000,0.922154
SP_R_Yoga_2,posenet,152,6.141140,ok,1,direct,1.000000,12,right_hip,1,1,2.000000,639.930000,394.940000,2.000000,645.669006,413.003815,18.953564,79.366118,1,0.107000,0.905176
SP_R_Yoga_2,posenet,152,6.141140,ok,1,direct,1.000000,13,left_knee,1,1,2.000000,694.810000,522.980000,2.000000,691.713013,523.380981,3.122838,79.366118,1,0.087000,0.995917
SP_R_Yoga_2,posenet,152,6.141140,ok,1,direct,1.000000,14,right_knee,1,1,2.000000,641.150000,521.130000,2.000000,646.628235,524.340820,6.349837,79.366118,1,0.087000,0.983228
SP_R_Yoga_2,posenet,152,6.141140,ok,1,direct,1.000000,15,left_ankle,1,1,2.000000,674.810000,643.670000,2.000000,678.283508,633.758179,10.502831,79.366118,1,0.089000,0.956746
SP_R_Yoga_2,posenet,152,6.141140,ok,1,direct,1.000000,16,right_ankle,1,1,2.000000,653.660000,642.950000,2.000000,652.383789,635.677795,7.383338,79.366118,1,0.089000,0.978385
SP_R_Yoga_2,posenet,153,6.181542,ok,1,direct,1.000000,0,nose,1,1,2.000000,659.870000,221.740000,2.000000,659.505859,220.207474,1.575194,80.170821,1,0.026000,0.988644
SP_R_Yoga_2,posenet,153,6.181542,ok,1,direct,1.000000,1,left_eye,0,0,0.000000,0.000000,0.000000,2.000000,667.176575,212.521378,,,,0.025000,
SP_R_Yoga_2,posenet,153,6.181542,ok,1,direct,1.000000,2,right_eye,0,0,0.000000,0.000000,0.000000,2.000000,648.958679,213.482132,,,,0.025000,
SP_R_Yoga_2,posenet,153,6.181542,ok,1,direct,1.000000,3,left_ear,0,0,0.000000,0.000000,0.000000,2.000000,680.600281,220.207474,,,,0.035000,
SP_R_Yoga_2,posenet,153,6.181542,ok,1,direct,1.000000,4,right_ear,0,0,0.000000,0.000000,0.000000,2.000000,637.452698,222.129013,,,,0.035000,
SP_R_Yoga_2,posenet,153,6.181542,ok,1,direct,1.000000,5,left_shoulder,1,1,2.000000,712.230000,278.760000,2.000000,702.653442,272.088623,11.671235,80.170821,1,0.079000,0.934338
SP_R_Yoga_2,posenet,153,6.181542,ok,1,direct,1.000000,6,right_shoulder,1,1,2.000000,615.900000,280.080000,2.000000,623.070190,274.010162,9.394390,80.170821,1,0.079000,0.956951
SP_R_Yoga_2,posenet,153,6.181542,ok,1,direct,1.000000,7,left_elbow,1,1,2.000000,771.970000,288.240000,2.000000,717.035950,337.420502,73.732433,80.170821,1,0.072000,0.038264
SP_R_Yoga_2,posenet,153,6.181542,ok,1,direct,1.000000,8,right_elbow,1,1,2.000000,532.630000,292.960000,2.000000,611.564148,341.263519,92.540962,80.170821,0,0.072000,0.005855
SP_R_Yoga_2,posenet,153,6.181542,ok,1,direct,1.000000,9,left_wrist,1,1,2.000000,830.950000,294.190000,2.000000,717.035950,401.791595,156.698801,80.170821,0,0.062000,0.000000
SP_R_Yoga_2,posenet,153,6.181542,ok,1,direct,1.000000,10,right_wrist,1,1,2.000000,450.110000,290.010000,2.000000,627.864380,394.105469,205.991471,80.170821,0,0.062000,0.000000
SP_R_Yoga_2,posenet,153,6.181542,ok,1,direct,1.000000,11,left_hip,1,1,2.000000,697.780000,395.700000,2.000000,697.859253,413.320709,17.620887,80.170821,1,0.107000,0.919074
SP_R_Yoga_2,posenet,153,6.181542,ok,1,direct,1.000000,12,right_hip,1,1,2.000000,638.440000,395.130000,2.000000,646.082214,412.359955,18.848734,80.170821,1,0.107000,0.907956
SP_R_Yoga_2,posenet,153,6.181542,ok,1,direct,1.000000,13,left_knee,1,1,2.000000,694.970000,522.500000,2.000000,691.147461,518.043823,5.871058,80.170821,1,0.087000,0.985929
SP_R_Yoga_2,posenet,153,6.181542,ok,1,direct,1.000000,14,right_knee,1,1,2.000000,641.150000,520.330000,2.000000,647.041016,523.808411,6.841301,80.170821,1,0.087000,0.980943
SP_R_Yoga_2,posenet,153,6.181542,ok,1,direct,1.000000,15,left_ankle,1,1,2.000000,674.810000,643.660000,2.000000,678.682617,630.453003,13.763064,80.170821,1,0.089000,0.928288
SP_R_Yoga_2,posenet,153,6.181542,ok,1,direct,1.000000,16,right_ankle,1,1,2.000000,653.660000,642.920000,2.000000,652.794067,635.256836,7.711934,80.170821,1,0.089000,0.976907
SP_R_Yoga_2,posenet,154,6.221944,ok,1,direct,1.000000,0,nose,1,1,2.000000,659.070000,221.640000,2.000000,656.448853,221.431213,2.629450,79.441213,1,0.026000,0.968107
SP_R_Yoga_2,posenet,154,6.221944,ok,1,direct,1.000000,1,left_eye,0,0,0.000000,0.000000,0.000000,2.000000,666.018738,212.791779,,,,0.025000,
SP_R_Yoga_2,posenet,154,6.221944,ok,1,direct,1.000000,2,right_eye,0,0,0.000000,0.000000,0.000000,2.000000,646.878967,212.791779,,,,0.025000,
SP_R_Yoga_2,posenet,154,6.221944,ok,1,direct,1.000000,3,left_ear,0,0,0.000000,0.000000,0.000000,2.000000,678.459595,221.431213,,,,0.035000,
SP_R_Yoga_2,posenet,154,6.221944,ok,1,direct,1.000000,4,right_ear,0,0,0.000000,0.000000,0.000000,2.000000,635.395142,222.391174,,,,0.035000,
SP_R_Yoga_2,posenet,154,6.221944,ok,1,direct,1.000000,5,left_shoulder,1,1,2.000000,710.000000,279.800000,2.000000,703.341248,274.227814,8.682640,79.441213,1,0.079000,0.962442
SP_R_Yoga_2,posenet,154,6.221944,ok,1,direct,1.000000,6,right_shoulder,1,1,2.000000,613.750000,280.260000,2.000000,621.040283,275.187744,8.881217,79.441213,1,0.079000,0.960739
SP_R_Yoga_2,posenet,154,6.221944,ok,1,direct,1.000000,7,left_elbow,1,1,2.000000,773.040000,298.280000,2.000000,719.610107,343.343323,69.896041,79.441213,1,0.072000,0.050458
SP_R_Yoga_2,posenet,154,6.221944,ok,1,direct,1.000000,8,right_elbow,1,1,2.000000,537.470000,301.740000,2.000000,611.470459,343.343323,84.893489,79.441213,0,0.072000,0.012207
SP_R_Yoga_2,posenet,154,6.221944,ok,1,direct,1.000000,9,left_wrist,1,1,2.000000,830.420000,306.640000,2.000000,719.610107,405.739288,148.659010,79.441213,0,0.062000,0.000000
SP_R_Yoga_2,posenet,154,6.221944,ok,1,direct,1.000000,10,right_wrist,1,1,2.000000,456.560000,307.930000,2.000000,628.696289,398.059814,194.304620,79.441213,0,0.062000,0.000000
SP_R_Yoga_2,posenet,154,6.221944,ok,1,direct,1.000000,11,left_hip,1,1,2.000000,697.380000,395.030000,2.000000,698.556335,415.338684,20.342724,79.441213,1,0.107000,0.891769
SP_R_Yoga_2,posenet,154,6.221944,ok,1,direct,1.000000,12,right_hip,1,1,2.000000,637.790000,395.030000,2.000000,644.965027,414.378723,20.636233,79.441213,1,0.107000,0.888805
SP_R_Yoga_2,posenet,154,6.221944,ok,1,direct,1.000000,13,left_knee,1,1,2.000000,694.550000,522.500000,2.000000,688.986450,520.931824,5.780334,79.441213,1,0.087000,0.986108
SP_R_Yoga_2,posenet,154,6.221944,ok,1,direct,1.000000,14,right_knee,1,1,2.000000,641.150000,520.290000,2.000000,644.965027,525.731506,6.645632,79.441213,1,0.087000,0.981678
SP_R_Yoga_2,posenet,154,6.221944,ok,1,direct,1.000000,15,left_ankle,1,1,2.000000,674.810000,643.650000,2.000000,676.545654,632.284607,11.497159,79.441213,1,0.089000,0.948488
SP_R_Yoga_2,posenet,154,6.221944,ok,1,direct,1.000000,16,right_ankle,1,1,2.000000,653.660000,642.890000,2.000000,652.620911,634.204468,8.747467,79.441213,1,0.089000,0.969850
SP_R_Yoga_2,posenet,155,6.262346,ok,1,direct,1.000000,0,nose,1,1,2.000000,658.270000,221.540000,2.000000,655.710449,220.098618,2.937496,78.703450,1,0.026000,0.959623
SP_R_Yoga_2,posenet,155,6.262346,ok,1,direct,1.000000,1,left_eye,0,0,0.000000,0.000000,0.000000,2.000000,664.327820,212.409897,,,,0.025000,
SP_R_Yoga_2,posenet,155,6.262346,ok,1,direct,1.000000,2,right_eye,0,0,0.000000,0.000000,0.000000,2.000000,646.135681,213.371002,,,,0.025000,
SP_R_Yoga_2,posenet,155,6.262346,ok,1,direct,1.000000,3,left_ear,0,0,0.000000,0.000000,0.000000,2.000000,677.732544,221.059708,,,,0.035000,
SP_R_Yoga_2,posenet,155,6.262346,ok,1,direct,1.000000,4,right_ear,0,0,0.000000,0.000000,0.000000,2.000000,634.645813,222.020798,,,,0.035000,
SP_R_Yoga_2,posenet,155,6.262346,ok,1,direct,1.000000,5,left_shoulder,1,1,2.000000,707.760000,280.840000,2.000000,702.627136,272.958527,9.405526,78.703450,1,0.079000,0.955264
SP_R_Yoga_2,posenet,155,6.262346,ok,1,direct,1.000000,6,right_shoulder,1,1,2.000000,611.600000,280.440000,2.000000,623.156067,278.725098,11.682618,78.703450,1,0.079000,0.931825
SP_R_Yoga_2,posenet,155,6.262346,ok,1,direct,1.000000,7,left_elbow,1,1,2.000000,774.110000,308.310000,2.000000,718.904358,341.195923,64.258438,78.703450,1,0.072000,0.076398
SP_R_Yoga_2,posenet,155,6.262346,ok,1,direct,1.000000,8,right_elbow,1,1,2.000000,542.310000,310.520000,2.000000,605.921387,344.079193,71.920984,78.703450,1,0.072000,0.039886
SP_R_Yoga_2,posenet,155,6.262346,ok,1,direct,1.000000,9,left_wrist,1,1,2.000000,829.880000,319.080000,2.000000,718.904358,405.588898,140.710279,78.703450,0,0.062000,0.000000
SP_R_Yoga_2,posenet,155,6.262346,ok,1,direct,1.000000,10,right_wrist,1,1,2.000000,463.010000,325.840000,2.000000,617.411133,402.705627,172.476185,78.703450,0,0.062000,0.000000
SP_R_Yoga_2,posenet,155,6.262346,ok,1,direct,1.000000,11,left_hip,1,1,2.000000,696.980000,394.370000,2.000000,696.882263,414.238739,19.868979,78.703450,1,0.107000,0.894640
SP_R_Yoga_2,posenet,155,6.262346,ok,1,direct,1.000000,12,right_hip,1,1,2.000000,637.140000,394.940000,2.000000,644.220703,413.277618,19.657177,78.703450,1,0.107000,0.896755
SP_R_Yoga_2,posenet,155,6.262346,ok,1,direct,1.000000,13,left_knee,1,1,2.000000,694.140000,522.500000,2.000000,688.264893,523.802979,6.017860,78.703450,1,0.087000,0.984670
SP_R_Yoga_2,posenet,155,6.262346,ok,1,direct,1.000000,14,right_knee,1,1,2.000000,641.150000,520.240000,2.000000,646.135681,524.763977,6.732264,78.703450,1,0.087000,0.980852
SP_R_Yoga_2,posenet,155,6.262346,ok,1,direct,1.000000,15,left_ankle,1,1,2.000000,674.810000,643.640000,2.000000,677.732544,629.522766,14.416572,78.703450,1,0.089000,0.918769
SP_R_Yoga_2,posenet,155,6.262346,ok,1,direct,1.000000,16,right_ankle,1,1,2.000000,653.660000,642.870000,2.000000,652.838074,635.289368,7.625061,78.703450,1,0.089000,0.976579
SP_R_Yoga_2,posenet,156,6.302749,ok,1,direct,1.000000,0,nose,1,1,2.000000,657.470000,221.440000,2.000000,655.572693,220.626923,2.064187,77.959466,1,0.026000,0.979472
SP_R_Yoga_2,posenet,156,6.302749,ok,1,direct,1.000000,1,left_eye,0,0,0.000000,0.000000,0.000000,2.000000,666.102844,212.949387,,,,0.025000,
SP_R_Yoga_2,posenet,156,6.302749,ok,1,direct,1.000000,2,right_eye,0,0,0.000000,0.000000,0.000000,2.000000,644.085205,212.949387,,,,0.025000,
SP_R_Yoga_2,posenet,156,6.302749,ok,1,direct,1.000000,3,left_ear,0,0,0.000000,0.000000,0.000000,2.000000,677.590332,220.626923,,,,0.035000,
SP_R_Yoga_2,posenet,156,6.302749,ok,1,direct,1.000000,4,right_ear,0,0,0.000000,0.000000,0.000000,2.000000,632.597778,222.546280,,,,0.035000,
SP_R_Yoga_2,posenet,156,6.302749,ok,1,direct,1.000000,5,left_shoulder,1,1,2.000000,705.520000,281.880000,2.000000,702.479797,274.369476,8.102518,77.959466,1,0.079000,0.965976
SP_R_Yoga_2,posenet,156,6.302749,ok,1,direct,1.000000,6,right_shoulder,1,1,2.000000,609.450000,280.620000,2.000000,623.982178,279.167908,14.604546,77.959466,1,0.079000,0.893629
SP_R_Yoga_2,posenet,156,6.302749,ok,1,direct,1.000000,7,left_elbow,1,1,2.000000,775.180000,318.350000,2.000000,713.009949,342.507355,66.698524,77.959466,1,0.072000,0.059370
SP_R_Yoga_2,posenet,156,6.302749,ok,1,direct,1.000000,8,right_elbow,1,1,2.000000,547.140000,319.300000,2.000000,606.750916,349.225189,66.700661,77.959466,1,0.072000,0.059359
SP_R_Yoga_2,posenet,156,6.302749,ok,1,direct,1.000000,9,left_wrist,1,1,2.000000,829.350000,331.520000,2.000000,713.009949,403.927429,137.032271,77.959466,0,0.062000,0.000000
SP_R_Yoga_2,posenet,156,6.302749,ok,1,direct,1.000000,10,right_wrist,1,1,2.000000,469.460000,343.760000,2.000000,623.024841,404.887115,165.283649,77.959466,0,0.062000,0.000000
SP_R_Yoga_2,posenet,156,6.302749,ok,1,direct,1.000000,11,left_hip,1,1,2.000000,696.580000,393.700000,2.000000,693.864197,413.524323,20.009482,77.959466,1,0.107000,0.891296
SP_R_Yoga_2,posenet,156,6.302749,ok,1,direct,1.000000,12,right_hip,1,1,2.000000,636.490000,394.850000,2.000000,644.085205,412.564636,19.274218,77.959466,1,0.107000,0.898726
SP_R_Yoga_2,posenet,156,6.302749,ok,1,direct,1.000000,13,left_knee,1,1,2.000000,693.720000,522.500000,2.000000,688.120483,523.888489,5.769098,77.959466,1,0.087000,0.985634
SP_R_Yoga_2,posenet,156,6.302749,ok,1,direct,1.000000,14,right_knee,1,1,2.000000,641.150000,520.200000,2.000000,645.042480,525.807861,6.826384,77.959466,1,0.087000,0.979944
SP_R_Yoga_2,posenet,156,6.302749,ok,1,direct,1.000000,15,left_ankle,1,1,2.000000,674.810000,643.630000,2.000000,677.590332,633.293030,10.704354,77.959466,1,0.089000,0.953512
SP_R_Yoga_2,posenet,156,6.302749,ok,1,direct,1.000000,16,right_ankle,1,1,2.000000,653.660000,642.840000,2.000000,651.743469,633.293030,9.737440,77.959466,1,0.089000,0.961374
SP_R_Yoga_2,posenet,157,6.343151,ok,1,direct,1.000000,0,nose,1,1,2.000000,656.230000,221.070000,2.000000,654.169495,222.314362,2.407097,75.641466,1,0.026000,0.970484
SP_R_Yoga_2,posenet,157,6.343151,ok,1,direct,1.000000,1,left_eye,0,0,0.000000,0.000000,0.000000,2.000000,663.751831,212.708298,,,,0.025000,
SP_R_Yoga_2,posenet,157,6.343151,ok,1,direct,1.000000,2,right_eye,0,0,0.000000,0.000000,0.000000,2.000000,644.587219,213.668900,,,,0.025000,
SP_R_Yoga_2,posenet,157,6.343151,ok,1,direct,1.000000,3,left_ear,0,0,0.000000,0.000000,0.000000,2.000000,677.167114,222.314362,,,,0.035000,
SP_R_Yoga_2,posenet,157,6.343151,ok,1,direct,1.000000,4,right_ear,0,0,0.000000,0.000000,0.000000,2.000000,633.088440,223.274979,,,,0.035000,
SP_R_Yoga_2,posenet,157,6.343151,ok,1,direct,1.000000,5,left_shoulder,1,1,2.000000,703.320000,281.380000,2.000000,701.122864,275.147736,6.608217,75.641466,1,0.079000,0.975838
SP_R_Yoga_2,posenet,157,6.343151,ok,1,direct,1.000000,6,right_shoulder,1,1,2.000000,609.450000,280.550000,2.000000,621.589661,276.108337,12.926706,75.641466,1,0.079000,0.910656
SP_R_Yoga_2,posenet,157,6.343151,ok,1,direct,1.000000,7,left_elbow,1,1,2.000000,767.340000,322.680000,2.000000,718.371033,343.350800,53.153003,75.641466,1,0.072000,0.148819
SP_R_Yoga_2,posenet,157,6.343151,ok,1,direct,1.000000,8,right_elbow,1,1,2.000000,551.980000,324.710000,2.000000,598.592041,345.272003,50.945837,75.641466,1,0.072000,0.173757
SP_R_Yoga_2,posenet,157,6.343151,ok,1,direct,1.000000,9,left_wrist,1,1,2.000000,819.570000,342.310000,2.000000,718.371033,405.790253,119.461180,75.641466,0,0.062000,0.000002
SP_R_Yoga_2,posenet,157,6.343151,ok,1,direct,1.000000,10,right_wrist,1,1,2.000000,481.060000,357.870000,2.000000,617.756714,402.908417,143.925156,75.641466,0,0.062000,0.000000
SP_R_Yoga_2,posenet,157,6.343151,ok,1,direct,1.000000,11,left_hip,1,1,2.000000,695.500000,393.560000,2.000000,694.415283,419.238739,25.701639,75.641466,1,0.107000,0.817356
SP_R_Yoga_2,posenet,157,6.343151,ok,1,direct,1.000000,12,right_hip,1,1,2.000000,635.830000,394.750000,2.000000,642.670715,415.396301,21.750061,75.641466,1,0.107000,0.865514
SP_R_Yoga_2,posenet,157,6.343151,ok,1,direct,1.000000,13,left_knee,1,1,2.000000,692.210000,522.350000,2.000000,689.624084,523.944824,3.038161,75.641466,1,0.087000,0.995746
SP_R_Yoga_2,posenet,157,6.343151,ok,1,direct,1.000000,14,right_knee,1,1,2.000000,641.150000,520.150000,2.000000,643.628967,525.866028,6.230430,75.641466,1,0.087000,0.982233
SP_R_Yoga_2,posenet,157,6.343151,ok,1,direct,1.000000,15,left_ankle,1,1,2.000000,674.810000,643.630000,2.000000,679.083557,630.572205,13.739334,75.641466,1,0.089000,0.920072
SP_R_Yoga_2,posenet,157,6.343151,ok,1,direct,1.000000,16,right_ankle,1,1,2.000000,653.660000,642.810000,2.000000,651.294861,635.375244,7.801889,75.641466,1,0.089000,0.973496
SP_R_Yoga_2,posenet,158,6.383553,ok,1,direct,1.000000,0,nose,1,1,2.000000,654.990000,220.700000,2.000000,652.941895,221.660416,2.262108,73.243809,1,0.026000,0.972174
SP_R_Yoga_2,posenet,158,6.383553,ok,1,direct,1.000000,1,left_eye,0,0,0.000000,0.000000,0.000000,2.000000,663.433899,213.017670,,,,0.025000,
SP_R_Yoga_2,posenet,158,6.383553,ok,1,direct,1.000000,2,right_eye,0,0,0.000000,0.000000,0.000000,2.000000,643.403870,213.017670,,,,0.025000,
SP_R_Yoga_2,posenet,158,6.383553,ok,1,direct,1.000000,3,left_ear,0,0,0.000000,0.000000,0.000000,2.000000,675.833374,221.660416,,,,0.035000,
SP_R_Yoga_2,posenet,158,6.383553,ok,1,direct,1.000000,4,right_ear,0,0,0.000000,0.000000,0.000000,2.000000,631.004333,222.620743,,,,0.035000,
SP_R_Yoga_2,posenet,158,6.383553,ok,1,direct,1.000000,5,left_shoulder,1,1,2.000000,701.120000,280.870000,2.000000,696.817139,276.397858,6.206019,73.243809,1,0.079000,0.977256
SP_R_Yoga_2,posenet,158,6.383553,ok,1,direct,1.000000,6,right_shoulder,1,1,2.000000,609.450000,280.480000,2.000000,621.466248,279.278778,12.076139,73.243809,1,0.079000,0.916572
SP_R_Yoga_2,posenet,158,6.383553,ok,1,direct,1.000000,7,left_elbow,1,1,2.000000,759.490000,327.020000,2.000000,709.216675,341.698639,52.372413,73.243809,1,0.072000,0.139102
SP_R_Yoga_2,posenet,158,6.383553,ok,1,direct,1.000000,8,right_elbow,1,1,2.000000,556.820000,330.120000,2.000000,603.343933,346.500153,49.323278,73.243809,1,0.072000,0.173852
SP_R_Yoga_2,posenet,158,6.383553,ok,1,direct,1.000000,9,left_wrist,1,1,2.000000,809.790000,353.100000,2.000000,714.939514,405.078827,108.159203,73.243809,0,0.062000,0.000012
SP_R_Yoga_2,posenet,158,6.383553,ok,1,direct,1.000000,10,right_wrist,1,1,2.000000,492.670000,371.990000,2.000000,620.512390,404.118530,131.817750,73.243809,0,0.062000,0.000000
SP_R_Yoga_2,posenet,158,6.383553,ok,1,direct,1.000000,11,left_hip,1,1,2.000000,694.420000,393.420000,2.000000,692.048157,415.642181,22.348400,73.243809,1,0.107000,0.849902
SP_R_Yoga_2,posenet,158,6.383553,ok,1,direct,1.000000,12,right_hip,1,1,2.000000,635.180000,394.660000,2.000000,641.496216,414.681885,20.994534,73.243809,1,0.107000,0.866298
SP_R_Yoga_2,posenet,158,6.383553,ok,1,direct,1.000000,13,left_knee,1,1,2.000000,690.690000,522.200000,2.000000,687.279053,524.156677,3.932321,73.243809,1,0.087000,0.992413
SP_R_Yoga_2,posenet,158,6.383553,ok,1,direct,1.000000,14,right_knee,1,1,2.000000,641.150000,520.110000,2.000000,643.403870,527.997925,8.203614,73.243809,1,0.087000,0.967395
SP_R_Yoga_2,posenet,158,6.383553,ok,1,direct,1.000000,15,left_ankle,1,1,2.000000,674.810000,643.620000,2.000000,676.787170,633.631592,10.182215,73.243809,1,0.089000,0.952374
SP_R_Yoga_2,posenet,158,6.383553,ok,1,direct,1.000000,16,right_ankle,1,1,2.000000,653.660000,642.790000,2.000000,651.034302,635.552185,7.699367,73.243809,1,0.089000,0.972485
SP_R_Yoga_2,posenet,159,6.423955,ok,1,direct,1.000000,0,nose,1,1,2.000000,653.750000,220.330000,2.000000,653.223572,219.361115,1.102663,70.759413,1,0.026000,0.992841
SP_R_Yoga_2,posenet,159,6.423955,ok,1,direct,1.000000,1,left_eye,0,0,0.000000,0.000000,0.000000,2.000000,662.774231,210.720734,,,,0.025000,
SP_R_Yoga_2,posenet,159,6.423955,ok,1,direct,1.000000,2,right_eye,0,0,0.000000,0.000000,0.000000,2.000000,643.672913,211.680786,,,,0.025000,
SP_R_Yoga_2,posenet,159,6.423955,ok,1,direct,1.000000,3,left_ear,0,0,0.000000,0.000000,0.000000,2.000000,674.234985,217.441025,,,,0.035000,
SP_R_Yoga_2,posenet,159,6.423955,ok,1,direct,1.000000,4,right_ear,0,0,0.000000,0.000000,0.000000,2.000000,633.167175,225.121368,,,,0.035000,
SP_R_Yoga_2,posenet,159,6.423955,ok,1,direct,1.000000,5,left_shoulder,1,1,2.000000,698.920000,280.370000,2.000000,701.931885,277.923645,3.880219,70.759413,1,0.079000,0.990410
SP_R_Yoga_2,posenet,159,6.423955,ok,1,direct,1.000000,6,right_shoulder,1,1,2.000000,609.450000,280.410000,2.000000,621.706421,278.883698,12.351091,70.759413,1,0.079000,0.906977
SP_R_Yoga_2,posenet,159,6.423955,ok,1,direct,1.000000,7,left_elbow,1,1,2.000000,751.640000,331.360000,2.000000,714.347717,346.086609,40.094730,70.759413,1,0.072000,0.289757
SP_R_Yoga_2,posenet,159,6.423955,ok,1,direct,1.000000,8,right_elbow,1,1,2.000000,561.650000,335.530000,2.000000,607.380493,352.806915,48.885272,70.759413,1,0.072000,0.158592
SP_R_Yoga_2,posenet,159,6.423955,ok,1,direct,1.000000,9,left_wrist,1,1,2.000000,800.000000,363.880000,2.000000,719.122986,407.529297,91.904040,70.759413,0,0.062000,0.000154
SP_R_Yoga_2,posenet,159,6.423955,ok,1,direct,1.000000,10,right_wrist,1,1,2.000000,504.280000,386.110000,2.000000,621.706421,407.529297,119.363942,70.759413,0,0.062000,0.000000
SP_R_Yoga_2,posenet,159,6.423955,ok,1,direct,1.000000,11,left_hip,1,1,2.000000,693.340000,393.280000,2.000000,695.246399,421.929932,28.713289,70.759413,1,0.107000,0.750026
SP_R_Yoga_2,posenet,159,6.423955,ok,1,direct,1.000000,12,right_hip,1,1,2.000000,634.530000,394.570000,2.000000,641.762817,420.009827,26.448033,70.759413,1,0.107000,0.783448
SP_R_Yoga_2,posenet,159,6.423955,ok,1,direct,1.000000,13,left_knee,1,1,2.000000,689.180000,522.050000,2.000000,685.695740,525.614380,4.984463,70.759413,1,0.087000,0.986974
SP_R_Yoga_2,posenet,159,6.423955,ok,1,direct,1.000000,14,right_knee,1,1,2.000000,641.150000,520.070000,2.000000,643.672913,528.494568,8.794227,70.759413,1,0.087000,0.960007
SP_R_Yoga_2,posenet,159,6.423955,ok,1,direct,1.000000,15,left_ankle,1,1,2.000000,674.810000,643.610000,2.000000,676.145081,633.139099,10.555672,70.759413,1,0.089000,0.945360
SP_R_Yoga_2,posenet,159,6.423955,ok,1,direct,1.000000,16,right_ankle,1,1,2.000000,653.660000,642.760000,2.000000,651.313416,635.059143,8.050444,70.759413,1,0.089000,0.967845
SP_R_Yoga_2,posenet,160,6.464358,ok,1,direct,1.000000,0,nose,1,1,2.000000,652.510000,219.960000,2.000000,655.797729,218.853958,3.468789,68.181276,1,0.026000,0.926280
SP_R_Yoga_2,posenet,160,6.464358,ok,1,direct,1.000000,1,left_eye,0,0,0.000000,0.000000,0.000000,2.000000,662.510864,209.243240,,,,0.025000,
SP_R_Yoga_2,posenet,160,6.464358,ok,1,direct,1.000000,2,right_eye,0,0,0.000000,0.000000,0.000000,2.000000,644.289551,211.165390,,,,0.025000,
SP_R_Yoga_2,posenet,160,6.464358,ok,1,direct,1.000000,3,left_ear,0,0,0.000000,0.000000,0.000000,2.000000,673.059998,216.931808,,,,0.035000,
SP_R_Yoga_2,posenet,160,6.464358,ok,1,direct,1.000000,4,right_ear,0,0,0.000000,0.000000,0.000000,2.000000,634.699402,225.581451,,,,0.035000,
SP_R_Yoga_2,posenet,160,6.464358,ok,1,direct,1.000000,5,left_shoulder,1,1,2.000000,696.720000,279.860000,2.000000,700.871460,277.479309,4.785636,68.181276,1,0.079000,0.984336
SP_R_Yoga_2,posenet,160,6.464358,ok,1,direct,1.000000,6,right_shoulder,1,1,2.000000,609.450000,280.340000,2.000000,622.232239,280.362518,12.782259,68.181276,1,0.079000,0.893480
SP_R_Yoga_2,posenet,160,6.464358,ok,1,direct,1.000000,7,left_elbow,1,1,2.000000,743.800000,335.690000,2.000000,715.256653,344.754303,29.948026,68.181276,1,0.072000,0.475048
SP_R_Yoga_2,posenet,160,6.464358,ok,1,direct,1.000000,8,right_elbow,1,1,2.000000,566.490000,340.940000,2.000000,611.683044,351.481781,46.406254,68.181276,1,0.072000,0.167418
SP_R_Yoga_2,posenet,160,6.464358,ok,1,direct,1.000000,9,left_wrist,1,1,2.000000,790.220000,374.670000,2.000000,720.051697,411.068207,79.046950,68.181276,0,0.062000,0.000918
SP_R_Yoga_2,posenet,160,6.464358,ok,1,direct,1.000000,10,right_wrist,1,1,2.000000,515.890000,400.230000,2.000000,615.519104,408.184998,99.946187,68.181276,0,0.062000,0.000014
SP_R_Yoga_2,posenet,160,6.464358,ok,1,direct,1.000000,11,left_hip,1,1,2.000000,692.260000,393.140000,2.000000,694.158325,418.756775,25.687016,68.181276,1,0.107000,0.780401
SP_R_Yoga_2,posenet,160,6.464358,ok,1,direct,1.000000,12,right_hip,1,1,2.000000,633.880000,394.470000,2.000000,640.453491,418.756775,25.160648,68.181276,1,0.107000,0.788290
SP_R_Yoga_2,posenet,160,6.464358,ok,1,direct,1.000000,13,left_knee,1,1,2.000000,687.670000,521.900000,2.000000,686.486206,521.591370,1.223365,68.181276,1,0.087000,0.999150
SP_R_Yoga_2,posenet,160,6.464358,ok,1,direct,1.000000,14,right_knee,1,1,2.000000,641.150000,520.020000,2.000000,643.330566,523.513550,4.118223,68.181276,1,0.087000,0.990406
SP_R_Yoga_2,posenet,160,6.464358,ok,1,direct,1.000000,15,left_ankle,1,1,2.000000,674.810000,643.600000,2.000000,676.896057,626.348145,17.377519,68.181276,1,0.089000,0.848726
SP_R_Yoga_2,posenet,160,6.464358,ok,1,direct,1.000000,16,right_ankle,1,1,2.000000,653.660000,642.730000,2.000000,651.002686,631.153564,11.877507,68.181276,1,0.089000,0.926237
SP_R_Yoga_2,posenet,161,6.504760,ok,1,direct,1.000000,0,nose,1,1,2.000000,651.270000,219.590000,2.000000,650.210754,222.223892,2.838906,65.498336,1,0.026000,0.945936
SP_R_Yoga_2,posenet,161,6.504760,ok,1,direct,1.000000,1,left_eye,0,0,0.000000,0.000000,0.000000,2.000000,658.805542,211.654922,,,,0.025000,
SP_R_Yoga_2,posenet,161,6.504760,ok,1,direct,1.000000,2,right_eye,0,0,0.000000,0.000000,0.000000,2.000000,640.660950,213.576553,,,,0.025000,
SP_R_Yoga_2,posenet,161,6.504760,ok,1,direct,1.000000,3,left_ear,0,0,0.000000,0.000000,0.000000,2.000000,671.220337,216.459000,,,,0.035000,
SP_R_Yoga_2,posenet,161,6.504760,ok,1,direct,1.000000,4,right_ear,0,0,0.000000,0.000000,0.000000,2.000000,629.201111,224.145523,,,,0.035000,
SP_R_Yoga_2,posenet,161,6.504760,ok,1,direct,1.000000,5,left_shoulder,1,1,2.000000,694.530000,279.360000,2.000000,699.869751,276.029510,6.293258,65.498336,1,0.079000,0.970849
SP_R_Yoga_2,posenet,161,6.504760,ok,1,direct,1.000000,6,right_shoulder,1,1,2.000000,609.450000,280.270000,2.000000,616.786377,280.833588,7.357993,65.498336,1,0.079000,0.960365
SP_R_Yoga_2,posenet,161,6.504760,ok,1,direct,1.000000,7,left_elbow,1,1,2.000000,735.950000,340.030000,2.000000,717.059509,344.247345,19.355532,65.498336,1,0.072000,0.713973
SP_R_Yoga_2,posenet,161,6.504760,ok,1,direct,1.000000,8,right_elbow,1,1,2.000000,571.330000,346.360000,2.000000,608.191528,350.973053,37.149058,65.498336,1,0.072000,0.289072
SP_R_Yoga_2,posenet,161,6.504760,ok,1,direct,1.000000,9,left_wrist,1,1,2.000000,780.440000,385.460000,2.000000,715.149536,403.817841,67.822231,65.498336,0,0.062000,0.003778
SP_R_Yoga_2,posenet,161,6.504760,ok,1,direct,1.000000,10,right_wrist,1,1,2.000000,527.490000,414.350000,2.000000,616.786377,404.778656,89.807870,65.498336,0,0.062000,0.000056
SP_R_Yoga_2,posenet,161,6.504760,ok,1,direct,1.000000,11,left_hip,1,1,2.000000,691.180000,393.000000,2.000000,694.139954,419.190887,26.357616,65.498336,1,0.107000,0.753604
SP_R_Yoga_2,posenet,161,6.504760,ok,1,direct,1.000000,12,right_hip,1,1,2.000000,633.220000,394.380000,2.000000,638.750916,419.190887,25.419897,65.498336,1,0.107000,0.768652
SP_R_Yoga_2,posenet,161,6.504760,ok,1,direct,1.000000,13,left_knee,1,1,2.000000,686.150000,521.750000,2.000000,684.590088,522.958862,1.973493,65.498336,1,0.087000,0.997604
SP_R_Yoga_2,posenet,161,6.504760,ok,1,direct,1.000000,14,right_knee,1,1,2.000000,641.150000,519.980000,2.000000,642.570862,526.802124,6.968517,65.498336,1,0.087000,0.970533
SP_R_Yoga_2,posenet,161,6.504760,ok,1,direct,1.000000,15,left_ankle,1,1,2.000000,674.810000,643.590000,2.000000,676.950256,627.687622,16.045757,65.498336,1,0.089000,0.859389
SP_R_Yoga_2,posenet,161,6.504760,ok,1,direct,1.000000,16,right_ankle,1,1,2.000000,653.660000,642.710000,2.000000,652.120667,633.452576,9.384533,65.498336,1,0.089000,0.949486
SP_R_Yoga_2,posenet,162,6.545162,ok,1,direct,1.000000,0,nose,1,1,2.000000,650.430000,219.650000,2.000000,649.594604,221.398285,1.937624,62.929392,1,0.026000,0.972341
SP_R_Yoga_2,posenet,162,6.545162,ok,1,direct,1.000000,1,left_eye,0,0,0.000000,0.000000,0.000000,2.000000,658.196106,211.788986,,,,0.025000,
SP_R_Yoga_2,posenet,162,6.545162,ok,1,direct,1.000000,2,right_eye,0,0,0.000000,0.000000,0.000000,2.000000,640.037415,213.710846,,,,0.025000,
SP_R_Yoga_2,posenet,162,6.545162,ok,1,direct,1.000000,3,left_ear,0,0,0.000000,0.000000,0.000000,2.000000,671.576172,219.476425,,,,0.035000,
SP_R_Yoga_2,posenet,162,6.545162,ok,1,direct,1.000000,4,right_ear,0,0,0.000000,0.000000,0.000000,2.000000,628.568726,222.359222,,,,0.035000,
SP_R_Yoga_2,posenet,162,6.545162,ok,1,direct,1.000000,5,left_shoulder,1,1,2.000000,694.390000,279.400000,2.000000,699.292053,277.132202,5.401207,62.929392,1,0.079000,0.976669
SP_R_Yoga_2,posenet,162,6.545162,ok,1,direct,1.000000,6,right_shoulder,1,1,2.000000,608.720000,280.310000,2.000000,616.144348,280.975922,7.454153,62.929392,1,0.079000,0.956032
SP_R_Yoga_2,posenet,162,6.545162,ok,1,direct,1.000000,7,left_elbow,1,1,2.000000,732.020000,342.830000,2.000000,717.450745,342.475403,14.573570,62.929392,1,0.072000,0.813090
SP_R_Yoga_2,posenet,162,6.545162,ok,1,direct,1.000000,8,right_elbow,1,1,2.000000,574.860000,348.860000,2.000000,600.852844,352.084717,26.192112,62.929392,1,0.072000,0.512558
SP_R_Yoga_2,posenet,162,6.545162,ok,1,direct,1.000000,9,left_wrist,1,1,2.000000,771.800000,391.310000,2.000000,716.495056,408.779541,57.998463,62.929392,1,0.062000,0.012040
SP_R_Yoga_2,posenet,162,6.545162,ok,1,direct,1.000000,10,right_wrist,1,1,2.000000,538.270000,417.130000,2.000000,606.587097,418.388824,68.328694,62.929392,0,0.062000,0.002168
SP_R_Yoga_2,posenet,162,6.545162,ok,1,direct,1.000000,11,left_hip,1,1,2.000000,690.430000,393.000000,2.000000,694.513489,418.388824,25.715118,62.929392,1,0.107000,0.746995
SP_R_Yoga_2,posenet,162,6.545162,ok,1,direct,1.000000,12,right_hip,1,1,2.000000,632.290000,394.750000,2.000000,637.170227,418.388824,24.137329,62.929392,1,0.107000,0.773368
SP_R_Yoga_2,posenet,162,6.545162,ok,1,direct,1.000000,13,left_knee,1,1,2.000000,686.150000,521.750000,2.000000,684.000549,521.208313,2.216656,62.929392,1,0.087000,0.996727
SP_R_Yoga_2,posenet,162,6.545162,ok,1,direct,1.000000,14,right_knee,1,1,2.000000,640.130000,519.980000,2.000000,641.948853,526.973877,7.226516,62.929392,1,0.087000,0.965755
SP_R_Yoga_2,posenet,162,6.545162,ok,1,direct,1.000000,15,left_ankle,1,1,2.000000,674.810000,643.590000,2.000000,676.354797,628.832458,14.838175,62.929392,1,0.089000,0.869028
SP_R_Yoga_2,posenet,162,6.545162,ok,1,direct,1.000000,16,right_ankle,1,1,2.000000,653.660000,642.710000,2.000000,651.505981,631.715210,11.203803,62.929392,1,0.089000,0.923085
SP_R_Yoga_2,posenet,163,6.585564,ok,1,direct,1.000000,0,nose,1,1,2.000000,649.590000,219.710000,2.000000,650.777344,219.149612,1.312943,60.251787,1,0.026000,0.986050
SP_R_Yoga_2,posenet,163,6.585564,ok,1,direct,1.000000,1,left_eye,0,0,0.000000,0.000000,0.000000,2.000000,657.468994,209.547058,,,,0.025000,
SP_R_Yoga_2,posenet,163,6.585564,ok,1,direct,1.000000,2,right_eye,0,0,0.000000,0.000000,0.000000,2.000000,640.261841,213.388077,,,,0.025000,
SP_R_Yoga_2,posenet,163,6.585564,ok,1,direct,1.000000,3,left_ear,0,0,0.000000,0.000000,0.000000,2.000000,670.852295,217.229111,,,,0.035000,
SP_R_Yoga_2,posenet,163,6.585564,ok,1,direct,1.000000,4,right_ear,0,0,0.000000,0.000000,0.000000,2.000000,630.702393,224.911133,,,,0.035000,
SP_R_Yoga_2,posenet,163,6.585564,ok,1,direct,1.000000,5,left_shoulder,1,1,2.000000,694.260000,279.450000,2.000000,697.618896,277.725098,3.775907,60.251787,1,0.079000,0.987493
SP_R_Yoga_2,posenet,163,6.585564,ok,1,direct,1.000000,6,right_shoulder,1,1,2.000000,608.000000,280.350000,2.000000,615.407166,281.566132,7.506336,60.251787,1,0.079000,0.951478
SP_R_Yoga_2,posenet,163,6.585564,ok,1,direct,1.000000,7,left_elbow,1,1,2.000000,728.080000,345.630000,2.000000,725.341431,344.942932,2.823442,60.251787,1,0.072000,0.991564
SP_R_Yoga_2,posenet,163,6.585564,ok,1,direct,1.000000,8,right_elbow,1,1,2.000000,578.390000,351.370000,2.000000,592.464355,349.744202,14.167946,60.251787,1,0.072000,0.807895
SP_R_Yoga_2,posenet,163,6.585564,ok,1,direct,1.000000,9,left_wrist,1,1,2.000000,763.160000,397.160000,2.000000,720.561707,409.279938,44.288909,60.251787,1,0.062000,0.060131
SP_R_Yoga_2,posenet,163,6.585564,ok,1,direct,1.000000,10,right_wrist,1,1,2.000000,549.050000,419.920000,2.000000,579.080994,409.279938,31.860187,60.251787,1,0.062000,0.233447
SP_R_Yoga_2,posenet,163,6.585564,ok,1,direct,1.000000,11,left_hip,1,1,2.000000,689.690000,393.000000,2.000000,692.839172,418.882507,26.073386,60.251787,1,0.107000,0.720992
SP_R_Yoga_2,posenet,163,6.585564,ok,1,direct,1.000000,12,right_hip,1,1,2.000000,631.370000,395.120000,2.000000,637.394043,418.882507,24.514197,60.251787,1,0.107000,0.748883
SP_R_Yoga_2,posenet,163,6.585564,ok,1,direct,1.000000,13,left_knee,1,1,2.000000,686.150000,521.750000,2.000000,685.191528,520.669495,1.444354,60.251787,1,0.087000,0.998483
SP_R_Yoga_2,posenet,163,6.585564,ok,1,direct,1.000000,14,right_knee,1,1,2.000000,639.110000,519.980000,2.000000,642.173767,523.550232,4.704596,60.251787,1,0.087000,0.984019
SP_R_Yoga_2,posenet,163,6.585564,ok,1,direct,1.000000,15,left_ankle,1,1,2.000000,674.810000,643.590000,2.000000,676.588013,628.217957,15.474529,60.251787,1,0.089000,0.846580
SP_R_Yoga_2,posenet,163,6.585564,ok,1,direct,1.000000,16,right_ankle,1,1,2.000000,653.660000,642.710000,2.000000,651.733276,630.138489,12.718300,60.251787,1,0.089000,0.893594
SP_R_Yoga_2,posenet,164,6.625967,ok,1,direct,1.000000,0,nose,1,1,2.000000,648.750000,219.770000,2.000000,648.192200,221.607834,1.920618,57.451807,1,0.026000,0.967476
SP_R_Yoga_2,posenet,164,6.625967,ok,1,direct,1.000000,1,left_eye,0,0,0.000000,0.000000,0.000000,2.000000,657.748840,212.001129,,,,0.025000,
SP_R_Yoga_2,posenet,164,6.625967,ok,1,direct,1.000000,2,right_eye,0,0,0.000000,0.000000,0.000000,2.000000,638.635681,213.922485,,,,0.025000,
SP_R_Yoga_2,posenet,164,6.625967,ok,1,direct,1.000000,3,left_ear,0,0,0.000000,0.000000,0.000000,2.000000,671.128113,221.607834,,,,0.035000,
SP_R_Yoga_2,posenet,164,6.625967,ok,1,direct,1.000000,4,right_ear,0,0,0.000000,0.000000,0.000000,2.000000,628.123413,224.489853,,,,0.035000,
SP_R_Yoga_2,posenet,164,6.625967,ok,1,direct,1.000000,5,left_shoulder,1,1,2.000000,694.120000,279.490000,2.000000,696.930908,281.169373,3.274370,57.451807,1,0.079000,0.989645
SP_R_Yoga_2,posenet,164,6.625967,ok,1,direct,1.000000,6,right_shoulder,1,1,2.000000,607.280000,280.390000,2.000000,613.788513,283.090729,7.046608,57.451807,1,0.079000,0.952935
SP_R_Yoga_2,posenet,164,6.625967,ok,1,direct,1.000000,7,left_elbow,1,1,2.000000,724.150000,348.430000,2.000000,718.911072,346.494934,5.584877,57.451807,1,0.072000,0.964199
SP_R_Yoga_2,posenet,164,6.625967,ok,1,direct,1.000000,8,right_elbow,1,1,2.000000,581.920000,353.880000,2.000000,595.630981,353.219635,13.726875,57.451807,1,0.072000,0.802324
SP_R_Yoga_2,posenet,164,6.625967,ok,1,direct,1.000000,9,left_wrist,1,1,2.000000,754.520000,403.010000,2.000000,729.423279,386.843079,29.853220,57.451807,1,0.062000,0.245410
SP_R_Yoga_2,posenet,164,6.625967,ok,1,direct,1.000000,10,right_wrist,1,1,2.000000,559.820000,422.710000,2.000000,583.207397,419.505859,23.605865,57.451807,1,0.062000,0.415458
SP_R_Yoga_2,posenet,164,6.625967,ok,1,direct,1.000000,11,left_hip,1,1,2.000000,688.950000,393.000000,2.000000,692.152588,420.466522,27.652602,57.451807,1,0.107000,0.667181
SP_R_Yoga_2,posenet,164,6.625967,ok,1,direct,1.000000,12,right_hip,1,1,2.000000,630.440000,395.490000,2.000000,635.768677,420.466522,25.538627,57.451807,1,0.107000,0.708090
SP_R_Yoga_2,posenet,164,6.625967,ok,1,direct,1.000000,13,left_knee,1,1,2.000000,686.150000,521.750000,2.000000,683.551697,523.258179,3.004294,57.451807,1,0.087000,0.992801
SP_R_Yoga_2,posenet,164,6.625967,ok,1,direct,1.000000,14,right_knee,1,1,2.000000,638.090000,519.980000,2.000000,641.502625,526.140259,7.042357,57.451807,1,0.087000,0.961075
SP_R_Yoga_2,posenet,164,6.625967,ok,1,direct,1.000000,15,left_ankle,1,1,2.000000,674.810000,643.590000,2.000000,676.862061,626.049927,17.659703,57.451807,1,0.089000,0.787756
SP_R_Yoga_2,posenet,164,6.625967,ok,1,direct,1.000000,16,right_ankle,1,1,2.000000,653.660000,642.710000,2.000000,651.059204,633.735291,9.343958,57.451807,1,0.089000,0.935393
SP_R_Yoga_2,posenet,165,6.666369,ok,1,direct,1.000000,0,nose,1,1,2.000000,647.910000,219.830000,2.000000,647.485352,221.990646,2.201981,54.509042,1,0.026000,0.952866
SP_R_Yoga_2,posenet,165,6.666369,ok,1,direct,1.000000,1,left_eye,0,0,0.000000,0.000000,0.000000,2.000000,657.061340,213.343826,,,,0.025000,
SP_R_Yoga_2,posenet,165,6.666369,ok,1,direct,1.000000,2,right_eye,0,0,0.000000,0.000000,0.000000,2.000000,637.909302,214.304581,,,,0.025000,
SP_R_Yoga_2,posenet,165,6.666369,ok,1,direct,1.000000,3,left_ear,0,0,0.000000,0.000000,0.000000,2.000000,670.467712,221.990646,,,,0.035000,
SP_R_Yoga_2,posenet,165,6.666369,ok,1,direct,1.000000,4,right_ear,0,0,0.000000,0.000000,0.000000,2.000000,626.418152,223.912155,,,,0.035000,
SP_R_Yoga_2,posenet,165,6.666369,ok,1,direct,1.000000,5,left_shoulder,1,1,2.000000,693.990000,279.540000,2.000000,694.407715,280.596771,1.136332,54.509042,1,0.079000,0.998608
SP_R_Yoga_2,posenet,165,6.666369,ok,1,direct,1.000000,6,right_shoulder,1,1,2.000000,606.560000,280.430000,2.000000,612.054199,282.518311,5.877692,54.509042,1,0.079000,0.963425
SP_R_Yoga_2,posenet,165,6.666369,ok,1,direct,1.000000,7,left_elbow,1,1,2.000000,720.210000,351.230000,2.000000,714.517273,346.888977,7.159024,54.509042,1,0.072000,0.935618
SP_R_Yoga_2,posenet,165,6.666369,ok,1,direct,1.000000,8,right_elbow,1,1,2.000000,585.450000,356.390000,2.000000,591.944580,352.653503,7.492728,54.509042,1,0.072000,0.929697
SP_R_Yoga_2,posenet,165,6.666369,ok,1,direct,1.000000,9,left_wrist,1,1,2.000000,745.890000,408.860000,2.000000,722.178040,400.691376,25.079543,54.509042,1,0.062000,0.332402
SP_R_Yoga_2,posenet,165,6.666369,ok,1,direct,1.000000,10,right_wrist,1,1,2.000000,570.600000,425.490000,2.000000,584.283813,416.063446,16.616458,54.509042,1,0.062000,0.616628
SP_R_Yoga_2,posenet,165,6.666369,ok,1,direct,1.000000,11,left_hip,1,1,2.000000,688.200000,393.000000,2.000000,688.662109,417.024200,24.028644,54.509042,1,0.107000,0.712157
SP_R_Yoga_2,posenet,165,6.666369,ok,1,direct,1.000000,12,right_hip,1,1,2.000000,629.510000,395.860000,2.000000,634.078979,417.984985,22.591825,54.509042,1,0.107000,0.740764
SP_R_Yoga_2,posenet,165,6.666369,ok,1,direct,1.000000,13,left_knee,1,1,2.000000,686.150000,521.750000,2.000000,682.916504,521.746704,3.233498,54.509042,1,0.087000,0.990745
SP_R_Yoga_2,posenet,165,6.666369,ok,1,direct,1.000000,14,right_knee,1,1,2.000000,637.070000,519.980000,2.000000,639.824524,525.589722,6.249510,54.509042,1,0.087000,0.965863
SP_R_Yoga_2,posenet,165,6.666369,ok,1,direct,1.000000,15,left_ankle,1,1,2.000000,674.810000,643.590000,2.000000,676.213318,628.390625,15.264020,54.509042,1,0.089000,0.820375
SP_R_Yoga_2,posenet,165,6.666369,ok,1,direct,1.000000,16,right_ankle,1,1,2.000000,653.660000,642.710000,2.000000,647.485352,631.272949,12.997400,54.509042,1,0.089000,0.866271
SP_R_Yoga_2,posenet,166,6.706771,ok,1,direct,1.000000,0,nose,1,1,2.000000,647.070000,219.890000,2.000000,646.887634,221.602722,1.722404,51.398971,1,0.026000,0.967322
SP_R_Yoga_2,posenet,166,6.706771,ok,1,direct,1.000000,1,left_eye,0,0,0.000000,0.000000,0.000000,2.000000,655.505920,212.952271,,,,0.025000,
SP_R_Yoga_2,posenet,166,6.706771,ok,1,direct,1.000000,2,right_eye,0,0,0.000000,0.000000,0.000000,2.000000,638.269348,213.913437,,,,0.025000,
SP_R_Yoga_2,posenet,166,6.706771,ok,1,direct,1.000000,3,left_ear,0,0,0.000000,0.000000,0.000000,2.000000,669.869690,221.602722,,,,0.035000,
SP_R_Yoga_2,posenet,166,6.706771,ok,1,direct,1.000000,4,right_ear,0,0,0.000000,0.000000,0.000000,2.000000,626.778320,223.525040,,,,0.035000,
SP_R_Yoga_2,posenet,166,6.706771,ok,1,direct,1.000000,5,left_shoulder,1,1,2.000000,693.860000,279.580000,2.000000,696.682129,281.194794,3.251457,51.398971,1,0.079000,0.987258
SP_R_Yoga_2,posenet,166,6.706771,ok,1,direct,1.000000,6,right_shoulder,1,1,2.000000,605.830000,280.470000,2.000000,612.414551,282.155945,6.796964,51.398971,1,0.079000,0.945501
SP_R_Yoga_2,posenet,166,6.706771,ok,1,direct,1.000000,7,left_elbow,1,1,2.000000,716.280000,354.030000,2.000000,714.876282,350.398499,3.893357,51.398971,1,0.072000,0.978107
SP_R_Yoga_2,posenet,166,6.706771,ok,1,direct,1.000000,8,right_elbow,1,1,2.000000,588.980000,358.900000,2.000000,594.220398,353.282013,7.682679,51.398971,1,0.072000,0.917415
SP_R_Yoga_2,posenet,166,6.706771,ok,1,direct,1.000000,9,left_wrist,1,1,2.000000,737.250000,414.720000,2.000000,724.452148,406.145935,15.404532,51.398971,1,0.062000,0.626666
SP_R_Yoga_2,posenet,166,6.706771,ok,1,direct,1.000000,10,right_wrist,1,1,2.000000,581.370000,428.280000,2.000000,583.686951,417.679901,10.850362,51.398971,1,0.062000,0.793057
SP_R_Yoga_2,posenet,166,6.706771,ok,1,direct,1.000000,11,left_hip,1,1,2.000000,687.460000,393.000000,2.000000,689.979004,420.563385,27.678251,51.398971,1,0.107000,0.602565
SP_R_Yoga_2,posenet,166,6.706771,ok,1,direct,1.000000,12,right_hip,1,1,2.000000,628.580000,396.240000,2.000000,633.481445,420.563385,24.812320,51.398971,1,0.107000,0.665586
SP_R_Yoga_2,posenet,166,6.706771,ok,1,direct,1.000000,13,left_knee,1,1,2.000000,686.150000,521.750000,2.000000,684.233521,523.407776,2.533992,51.398971,1,0.087000,0.993598
SP_R_Yoga_2,posenet,166,6.706771,ok,1,direct,1.000000,14,right_knee,1,1,2.000000,636.050000,519.980000,2.000000,641.142090,527.252380,8.877888,51.398971,1,0.087000,0.924195
SP_R_Yoga_2,posenet,166,6.706771,ok,1,direct,1.000000,15,left_ankle,1,1,2.000000,674.810000,643.590000,2.000000,678.488037,628.174500,15.848205,51.398971,1,0.089000,0.786589
SP_R_Yoga_2,posenet,166,6.706771,ok,1,direct,1.000000,16,right_ankle,1,1,2.000000,653.660000,642.710000,2.000000,651.675537,635.863831,7.127982,51.398971,1,0.089000,0.952601
SP_R_Yoga_2,posenet,167,6.747173,ok,1,direct,1.000000,0,nose,1,1,2.000000,646.640000,219.850000,2.000000,647.260071,221.877365,2.120070,50.560248,1,0.026000,0.949310
SP_R_Yoga_2,posenet,167,6.747173,ok,1,direct,1.000000,1,left_eye,0,0,0.000000,0.000000,0.000000,2.000000,655.876770,213.240646,,,,0.025000,
SP_R_Yoga_2,posenet,167,6.747173,ok,1,direct,1.000000,2,right_eye,0,0,0.000000,0.000000,0.000000,2.000000,638.643311,213.240646,,,,0.025000,
SP_R_Yoga_2,posenet,167,6.747173,ok,1,direct,1.000000,3,left_ear,0,0,0.000000,0.000000,0.000000,2.000000,669.280518,221.877365,,,,0.035000,
SP_R_Yoga_2,posenet,167,6.747173,ok,1,direct,1.000000,4,right_ear,0,0,0.000000,0.000000,0.000000,2.000000,626.196960,222.837006,,,,0.035000,
SP_R_Yoga_2,posenet,167,6.747173,ok,1,direct,1.000000,5,left_shoulder,1,1,2.000000,693.720000,279.630000,2.000000,694.173279,281.374786,1.802704,50.560248,1,0.079000,0.995934
SP_R_Yoga_2,posenet,167,6.747173,ok,1,direct,1.000000,6,right_shoulder,1,1,2.000000,605.110000,280.510000,2.000000,610.878296,281.374786,5.832760,50.560248,1,0.079000,0.958248
SP_R_Yoga_2,posenet,167,6.747173,ok,1,direct,1.000000,7,left_elbow,1,1,2.000000,715.070000,353.310000,2.000000,715.236389,343.751160,9.560288,50.560248,1,0.072000,0.871151
SP_R_Yoga_2,posenet,167,6.747173,ok,1,direct,1.000000,8,right_elbow,1,1,2.000000,589.460000,357.930000,2.000000,592.687500,352.387848,6.413439,50.560248,1,0.072000,0.939811
SP_R_Yoga_2,posenet,167,6.747173,ok,1,direct,1.000000,9,left_wrist,1,1,2.000000,734.520000,415.040000,2.000000,715.236389,401.329315,23.660949,50.560248,1,0.062000,0.319997
SP_R_Yoga_2,posenet,167,6.747173,ok,1,direct,1.000000,10,right_wrist,1,1,2.000000,583.700000,427.720000,2.000000,585.985596,418.602753,9.399369,50.560248,1,0.062000,0.835425
SP_R_Yoga_2,posenet,167,6.747173,ok,1,direct,1.000000,11,left_hip,1,1,2.000000,687.460000,393.000000,2.000000,687.471375,414.764191,21.764194,50.560248,1,0.107000,0.723475
SP_R_Yoga_2,posenet,167,6.747173,ok,1,direct,1.000000,12,right_hip,1,1,2.000000,628.580000,396.240000,2.000000,630.984009,414.764191,18.679532,50.560248,1,0.107000,0.787857
SP_R_Yoga_2,posenet,167,6.747173,ok,1,direct,1.000000,13,left_knee,1,1,2.000000,686.150000,521.750000,2.000000,682.684326,524.162659,4.222774,50.560248,1,0.087000,0.981737
SP_R_Yoga_2,posenet,167,6.747173,ok,1,direct,1.000000,14,right_knee,1,1,2.000000,636.050000,519.980000,2.000000,639.600769,528.001221,8.771998,50.560248,1,0.087000,0.923544
SP_R_Yoga_2,posenet,167,6.747173,ok,1,direct,1.000000,15,left_ankle,1,1,2.000000,674.810000,643.590000,2.000000,676.939819,629.722656,14.029945,50.560248,1,0.089000,0.823311
SP_R_Yoga_2,posenet,167,6.747173,ok,1,direct,1.000000,16,right_ankle,1,1,2.000000,653.660000,642.710000,2.000000,651.089722,637.399719,5.899611,50.560248,1,0.089000,0.966206
SP_R_Yoga_2,posenet,168,6.787576,ok,1,direct,1.000000,0,nose,1,1,2.000000,646.200000,219.810000,2.000000,645.618286,221.604828,1.886743,49.707212,1,0.026000,0.958270
SP_R_Yoga_2,posenet,168,6.787576,ok,1,direct,1.000000,1,left_eye,0,0,0.000000,0.000000,0.000000,2.000000,655.208191,212.009171,,,,0.025000,
SP_R_Yoga_2,posenet,168,6.787576,ok,1,direct,1.000000,2,right_eye,0,0,0.000000,0.000000,0.000000,2.000000,636.987366,212.968735,,,,0.025000,
SP_R_Yoga_2,posenet,168,6.787576,ok,1,direct,1.000000,3,left_ear,0,0,0.000000,0.000000,0.000000,2.000000,668.634033,222.564392,,,,0.035000,
SP_R_Yoga_2,posenet,168,6.787576,ok,1,direct,1.000000,4,right_ear,0,0,0.000000,0.000000,0.000000,2.000000,626.438477,224.483521,,,,0.035000,
SP_R_Yoga_2,posenet,168,6.787576,ok,1,direct,1.000000,5,left_shoulder,1,1,2.000000,693.590000,279.670000,2.000000,694.526733,282.057465,2.564655,49.707212,1,0.079000,0.991505
SP_R_Yoga_2,posenet,168,6.787576,ok,1,direct,1.000000,6,right_shoulder,1,1,2.000000,604.390000,280.550000,2.000000,611.094604,282.057465,6.871984,49.707212,1,0.079000,0.940589
SP_R_Yoga_2,posenet,168,6.787576,ok,1,direct,1.000000,7,left_elbow,1,1,2.000000,713.870000,352.580000,2.000000,715.624512,352.105774,1.817471,49.707212,1,0.072000,0.994856
SP_R_Yoga_2,posenet,168,6.787576,ok,1,direct,1.000000,8,right_elbow,1,1,2.000000,589.940000,356.970000,2.000000,590.955872,354.024902,3.115380,49.707212,1,0.072000,0.984960
SP_R_Yoga_2,posenet,168,6.787576,ok,1,direct,1.000000,9,left_wrist,1,1,2.000000,731.790000,415.360000,2.000000,718.501526,408.720154,14.855003,49.707212,1,0.062000,0.628337
SP_R_Yoga_2,posenet,168,6.787576,ok,1,direct,1.000000,10,right_wrist,1,1,2.000000,586.030000,427.160000,2.000000,586.160889,417.356232,9.804642,49.707212,1,0.062000,0.816745
SP_R_Yoga_2,posenet,168,6.787576,ok,1,direct,1.000000,11,left_hip,1,1,2.000000,687.460000,393.000000,2.000000,686.854858,421.194489,28.200982,49.707212,1,0.107000,0.569909
SP_R_Yoga_2,posenet,168,6.787576,ok,1,direct,1.000000,12,right_hip,1,1,2.000000,628.580000,396.240000,2.000000,631.233398,421.194489,25.095159,49.707212,1,0.107000,0.640664
SP_R_Yoga_2,posenet,168,6.787576,ok,1,direct,1.000000,13,left_knee,1,1,2.000000,686.150000,521.750000,2.000000,682.059875,526.746704,6.457257,49.707212,1,0.087000,0.956388
SP_R_Yoga_2,posenet,168,6.787576,ok,1,direct,1.000000,14,right_knee,1,1,2.000000,636.050000,519.980000,2.000000,639.864319,529.625366,10.372180,49.707212,1,0.087000,0.891320
SP_R_Yoga_2,posenet,168,6.787576,ok,1,direct,1.000000,15,left_ankle,1,1,2.000000,674.810000,643.590000,2.000000,676.305908,630.379822,13.294606,49.707212,1,0.089000,0.834754
SP_R_Yoga_2,posenet,168,6.787576,ok,1,direct,1.000000,16,right_ankle,1,1,2.000000,653.660000,642.710000,2.000000,650.413208,638.056396,5.674300,49.707212,1,0.089000,0.967632
SP_R_Yoga_2,posenet,169,6.827978,ok,1,direct,1.000000,0,nose,1,1,2.000000,645.770000,219.770000,2.000000,643.309326,218.683853,2.689727,48.839113,1,0.026000,0.914173
SP_R_Yoga_2,posenet,169,6.827978,ok,1,direct,1.000000,1,left_eye,0,0,0.000000,0.000000,0.000000,2.000000,653.814941,211.000443,,,,0.025000,
SP_R_Yoga_2,posenet,169,6.827978,ok,1,direct,1.000000,2,right_eye,0,0,0.000000,0.000000,0.000000,2.000000,635.668823,211.000443,,,,0.025000,
SP_R_Yoga_2,posenet,169,6.827978,ok,1,direct,1.000000,3,left_ear,0,0,0.000000,0.000000,0.000000,2.000000,668.140747,219.644287,,,,0.035000,
SP_R_Yoga_2,posenet,169,6.827978,ok,1,direct,1.000000,4,right_ear,0,0,0.000000,0.000000,0.000000,2.000000,626.118286,222.525574,,,,0.035000,
SP_R_Yoga_2,posenet,169,6.827978,ok,1,direct,1.000000,5,left_shoulder,1,1,2.000000,693.460000,279.710000,2.000000,691.062134,279.190796,2.453433,48.839113,1,0.079000,0.991946
SP_R_Yoga_2,posenet,169,6.827978,ok,1,direct,1.000000,6,right_shoulder,1,1,2.000000,603.670000,280.590000,2.000000,611.792480,280.151184,8.134325,48.839113,1,0.079000,0.914941
SP_R_Yoga_2,posenet,169,6.827978,ok,1,direct,1.000000,7,left_elbow,1,1,2.000000,712.660000,351.860000,2.000000,710.163208,341.618530,10.541426,48.839113,1,0.072000,0.835493
SP_R_Yoga_2,posenet,169,6.827978,ok,1,direct,1.000000,8,right_elbow,1,1,2.000000,590.420000,356.010000,2.000000,591.736267,350.262390,5.896404,48.839113,1,0.072000,0.945317
SP_R_Yoga_2,posenet,169,6.827978,ok,1,direct,1.000000,9,left_wrist,1,1,2.000000,729.060000,415.680000,2.000000,711.118225,408.848480,19.198358,48.839113,1,0.062000,0.447549
SP_R_Yoga_2,posenet,169,6.827978,ok,1,direct,1.000000,10,right_wrist,1,1,2.000000,588.360000,426.590000,2.000000,587.916077,417.492310,9.108515,48.839113,1,0.062000,0.834461
SP_R_Yoga_2,posenet,169,6.827978,ok,1,direct,1.000000,11,left_hip,1,1,2.000000,687.460000,393.000000,2.000000,686.286804,417.492310,24.520392,48.839113,1,0.107000,0.643822
SP_R_Yoga_2,posenet,169,6.827978,ok,1,direct,1.000000,12,right_hip,1,1,2.000000,628.580000,396.240000,2.000000,630.893616,417.492310,21.377874,48.839113,1,0.107000,0.715553
SP_R_Yoga_2,posenet,169,6.827978,ok,1,direct,1.000000,13,left_knee,1,1,2.000000,686.150000,521.750000,2.000000,681.511536,523.139343,4.842068,48.839113,1,0.087000,0.974362
SP_R_Yoga_2,posenet,169,6.827978,ok,1,direct,1.000000,14,right_knee,1,1,2.000000,636.050000,519.980000,2.000000,639.489136,525.060120,6.134759,48.839113,1,0.087000,0.959165
SP_R_Yoga_2,posenet,169,6.827978,ok,1,direct,1.000000,15,left_ankle,1,1,2.000000,674.810000,643.590000,2.000000,675.781189,626.865479,16.752696,48.839113,1,0.089000,0.742979
SP_R_Yoga_2,posenet,169,6.827978,ok,1,direct,1.000000,16,right_ankle,1,1,2.000000,653.660000,642.710000,2.000000,649.039673,634.548828,9.378281,48.839113,1,0.089000,0.911100
SP_R_Yoga_2,posenet,170,6.868380,ok,1,direct,1.000000,0,nose,1,1,2.000000,645.340000,219.730000,2.000000,643.393677,218.038956,2.578334,47.955133,1,0.026000,0.918031
SP_R_Yoga_2,posenet,170,6.868380,ok,1,direct,1.000000,1,left_eye,0,0,0.000000,0.000000,0.000000,2.000000,652.985962,209.403442,,,,0.025000,
SP_R_Yoga_2,posenet,170,6.868380,ok,1,direct,1.000000,2,right_eye,0,0,0.000000,0.000000,0.000000,2.000000,634.760559,212.281937,,,,0.025000,
SP_R_Yoga_2,posenet,170,6.868380,ok,1,direct,1.000000,3,left_ear,0,0,0.000000,0.000000,0.000000,2.000000,667.374390,219.957947,,,,0.035000,
SP_R_Yoga_2,posenet,170,6.868380,ok,1,direct,1.000000,4,right_ear,0,0,0.000000,0.000000,0.000000,2.000000,625.168274,223.795944,,,,0.035000,
SP_R_Yoga_2,posenet,170,6.868380,ok,1,direct,1.000000,5,left_shoulder,1,1,2.000000,693.320000,279.760000,2.000000,693.273621,276.568451,3.191886,47.955133,1,0.079000,0.985903
SP_R_Yoga_2,posenet,170,6.868380,ok,1,direct,1.000000,6,right_shoulder,1,1,2.000000,602.940000,280.630000,2.000000,609.820557,278.487457,7.206424,47.955133,1,0.079000,0.930189
SP_R_Yoga_2,posenet,170,6.868380,ok,1,direct,1.000000,7,left_elbow,1,1,2.000000,711.460000,351.140000,2.000000,713.417542,346.611938,4.933083,47.955133,1,0.072000,0.959997
SP_R_Yoga_2,posenet,170,6.868380,ok,1,direct,1.000000,8,right_elbow,1,1,2.000000,590.900000,355.040000,2.000000,590.635986,346.611938,8.432196,47.955133,1,0.072000,0.887557
SP_R_Yoga_2,posenet,170,6.868380,ok,1,direct,1.000000,9,left_wrist,1,1,2.000000,726.330000,416.000000,2.000000,715.335938,412.817444,11.445439,47.955133,1,0.062000,0.743509
SP_R_Yoga_2,posenet,170,6.868380,ok,1,direct,1.000000,10,right_wrist,1,1,2.000000,590.690000,426.030000,2.000000,590.635986,413.776978,12.253142,47.955133,1,0.062000,0.711997
SP_R_Yoga_2,posenet,170,6.868380,ok,1,direct,1.000000,11,left_hip,1,1,2.000000,687.460000,393.000000,2.000000,687.518311,415.695953,22.696028,47.955133,1,0.107000,0.676188
SP_R_Yoga_2,posenet,170,6.868380,ok,1,direct,1.000000,12,right_hip,1,1,2.000000,628.580000,396.240000,2.000000,629.964417,415.695953,19.505146,47.955133,1,0.107000,0.749016
SP_R_Yoga_2,posenet,170,6.868380,ok,1,direct,1.000000,13,left_knee,1,1,2.000000,686.150000,521.750000,2.000000,681.762878,522.200439,4.410185,47.955133,1,0.087000,0.977900
SP_R_Yoga_2,posenet,170,6.868380,ok,1,direct,1.000000,14,right_knee,1,1,2.000000,636.050000,519.980000,2.000000,640.515930,527.957458,9.142449,47.955133,1,0.087000,0.908429
SP_R_Yoga_2,posenet,170,6.868380,ok,1,direct,1.000000,15,left_ankle,1,1,2.000000,674.810000,643.590000,2.000000,676.007507,629.664490,13.976905,47.955133,1,0.089000,0.806955
SP_R_Yoga_2,posenet,170,6.868380,ok,1,direct,1.000000,16,right_ankle,1,1,2.000000,653.660000,642.710000,2.000000,650.108276,633.502502,9.868777,47.955133,1,0.089000,0.898587
SP_R_Yoga_2,posenet,171,6.908782,ok,1,direct,1.000000,0,nose,1,1,2.000000,644.900000,219.690000,2.000000,645.380066,218.118118,1.643556,47.347152,1,0.026000,0.964978
SP_R_Yoga_2,posenet,171,6.908782,ok,1,direct,1.000000,1,left_eye,0,0,0.000000,0.000000,0.000000,2.000000,653.019470,211.395859,,,,0.025000,
SP_R_Yoga_2,posenet,171,6.908782,ok,1,direct,1.000000,2,right_eye,0,0,0.000000,0.000000,0.000000,2.000000,636.785828,213.316498,,,,0.025000,
SP_R_Yoga_2,posenet,171,6.908782,ok,1,direct,1.000000,3,left_ear,0,0,0.000000,0.000000,0.000000,2.000000,668.298218,218.118118,,,,0.035000,
SP_R_Yoga_2,posenet,171,6.908782,ok,1,direct,1.000000,4,right_ear,0,0,0.000000,0.000000,0.000000,2.000000,625.326660,222.919724,,,,0.035000,
SP_R_Yoga_2,posenet,171,6.908782,ok,1,direct,1.000000,5,left_shoulder,1,1,2.000000,693.190000,279.800000,2.000000,689.306519,276.697693,4.970487,47.347152,1,0.079000,0.965299
SP_R_Yoga_2,posenet,171,6.908782,ok,1,direct,1.000000,6,right_shoulder,1,1,2.000000,602.220000,280.670000,2.000000,609.093018,280.538971,6.874266,47.347152,1,0.079000,0.934679
SP_R_Yoga_2,posenet,171,6.908782,ok,1,direct,1.000000,7,left_elbow,1,1,2.000000,710.260000,350.420000,2.000000,704.585266,345.840820,7.291878,47.347152,1,0.072000,0.912555
SP_R_Yoga_2,posenet,171,6.908782,ok,1,direct,1.000000,8,right_elbow,1,1,2.000000,591.390000,354.080000,2.000000,588.084717,350.642395,4.768860,47.347152,1,0.072000,0.961617
SP_R_Yoga_2,posenet,171,6.908782,ok,1,direct,1.000000,9,left_wrist,1,1,2.000000,723.600000,416.320000,2.000000,712.224670,412.102936,12.131849,47.347152,1,0.062000,0.710635
SP_R_Yoga_2,posenet,171,6.908782,ok,1,direct,1.000000,10,right_wrist,1,1,2.000000,593.010000,425.470000,2.000000,589.039673,411.142639,14.867305,47.347152,1,0.062000,0.598693
SP_R_Yoga_2,posenet,171,6.908782,ok,1,direct,1.000000,11,left_hip,1,1,2.000000,687.460000,393.000000,2.000000,684.531921,421.706177,28.855125,47.347152,1,0.107000,0.522665
SP_R_Yoga_2,posenet,171,6.908782,ok,1,direct,1.000000,12,right_hip,1,1,2.000000,628.580000,396.240000,2.000000,629.146423,420.745850,24.512395,47.347152,1,0.107000,0.626118
SP_R_Yoga_2,posenet,171,6.908782,ok,1,direct,1.000000,13,left_knee,1,1,2.000000,686.150000,521.750000,2.000000,680.712219,526.381165,7.142629,47.347152,1,0.087000,0.941638
SP_R_Yoga_2,posenet,171,6.908782,ok,1,direct,1.000000,14,right_knee,1,1,2.000000,636.050000,519.980000,2.000000,640.605469,527.341492,8.657012,47.347152,1,0.087000,0.915453
SP_R_Yoga_2,posenet,171,6.908782,ok,1,direct,1.000000,15,left_ankle,1,1,2.000000,674.810000,643.590000,2.000000,674.982666,629.135559,14.455472,47.347152,1,0.089000,0.790289
SP_R_Yoga_2,posenet,171,6.908782,ok,1,direct,1.000000,16,right_ankle,1,1,2.000000,653.660000,642.710000,2.000000,650.154663,632.976807,10.345165,47.347152,1,0.089000,0.886440
SP_R_Yoga_2,posenet,172,6.949184,ok,1,direct,1.000000,0,nose,1,1,2.000000,644.470000,219.650000,2.000000,644.794495,220.316193,0.741019,47.442410,1,0.026000,0.992808
SP_R_Yoga_2,posenet,172,6.949184,ok,1,direct,1.000000,1,left_eye,0,0,0.000000,0.000000,0.000000,2.000000,653.435730,214.552612,,,,0.025000,
SP_R_Yoga_2,posenet,172,6.949184,ok,1,direct,1.000000,2,right_eye,0,0,0.000000,0.000000,0.000000,2.000000,637.113281,214.552612,,,,0.025000,
SP_R_Yoga_2,posenet,172,6.949184,ok,1,direct,1.000000,3,left_ear,0,0,0.000000,0.000000,0.000000,2.000000,667.837891,220.316193,,,,0.035000,
SP_R_Yoga_2,posenet,172,6.949184,ok,1,direct,1.000000,4,right_ear,0,0,0.000000,0.000000,0.000000,2.000000,626.551758,222.237381,,,,0.035000,
SP_R_Yoga_2,posenet,172,6.949184,ok,1,direct,1.000000,5,left_shoulder,1,1,2.000000,693.060000,279.850000,2.000000,690.881287,277.952087,2.889440,47.442410,1,0.079000,0.988183
SP_R_Yoga_2,posenet,172,6.949184,ok,1,direct,1.000000,6,right_shoulder,1,1,2.000000,600.870000,281.060000,2.000000,609.269226,279.873260,8.482650,47.442410,1,0.079000,0.902625
SP_R_Yoga_2,posenet,172,6.949184,ok,1,direct,1.000000,7,left_elbow,1,1,2.000000,710.930000,350.030000,2.000000,708.163879,347.115112,4.018457,47.442410,1,0.072000,0.972701
SP_R_Yoga_2,posenet,172,6.949184,ok,1,direct,1.000000,8,right_elbow,1,1,2.000000,590.100000,354.330000,2.000000,588.146057,349.036316,5.642782,47.442410,1,0.072000,0.946885
SP_R_Yoga_2,posenet,172,6.949184,ok,1,direct,1.000000,9,left_wrist,1,1,2.000000,722.830000,416.070000,2.000000,710.084167,411.475189,13.548747,47.442410,1,0.062000,0.654203
SP_R_Yoga_2,posenet,172,6.949184,ok,1,direct,1.000000,10,right_wrist,1,1,2.000000,594.550000,425.340000,2.000000,591.026489,413.396362,12.452534,47.442410,1,0.062000,0.698759
SP_R_Yoga_2,posenet,172,6.949184,ok,1,direct,1.000000,11,left_hip,1,1,2.000000,687.460000,393.000000,2.000000,685.120422,421.081177,28.178469,47.442410,1,0.107000,0.539960
SP_R_Yoga_2,posenet,172,6.949184,ok,1,direct,1.000000,12,right_hip,1,1,2.000000,628.580000,396.240000,2.000000,630.392334,421.081177,24.907200,47.442410,1,0.107000,0.617868
SP_R_Yoga_2,posenet,172,6.949184,ok,1,direct,1.000000,13,left_knee,1,1,2.000000,686.150000,521.750000,2.000000,680.319763,523.865173,6.202066,47.442410,1,0.087000,0.955847
SP_R_Yoga_2,posenet,172,6.949184,ok,1,direct,1.000000,14,right_knee,1,1,2.000000,636.050000,519.980000,2.000000,639.993713,530.589355,11.318626,47.442410,1,0.087000,0.860364
SP_R_Yoga_2,posenet,172,6.949184,ok,1,direct,1.000000,15,left_ankle,1,1,2.000000,674.810000,643.590000,2.000000,675.519043,629.530945,14.076923,47.442410,1,0.089000,0.800678
SP_R_Yoga_2,posenet,172,6.949184,ok,1,direct,1.000000,16,right_ankle,1,1,2.000000,653.660000,642.710000,2.000000,650.555298,637.215698,6.310826,47.442410,1,0.089000,0.956306
SP_R_Yoga_2,posenet,173,6.989587,ok,1,direct,1.000000,0,nose,1,1,2.000000,644.040000,219.610000,2.000000,644.109863,219.285004,0.332421,47.535711,1,0.026000,0.998554
SP_R_Yoga_2,posenet,173,6.989587,ok,1,direct,1.000000,1,left_eye,0,0,0.000000,0.000000,0.000000,2.000000,652.747742,211.608948,,,,0.025000,
SP_R_Yoga_2,posenet,173,6.989587,ok,1,direct,1.000000,2,right_eye,0,0,0.000000,0.000000,0.000000,2.000000,636.431702,211.608948,,,,0.025000,
SP_R_Yoga_2,posenet,173,6.989587,ok,1,direct,1.000000,3,left_ear,0,0,0.000000,0.000000,0.000000,2.000000,666.184509,219.285004,,,,0.035000,
SP_R_Yoga_2,posenet,173,6.989587,ok,1,direct,1.000000,4,right_ear,0,0,0.000000,0.000000,0.000000,2.000000,626.834045,222.163498,,,,0.035000,
SP_R_Yoga_2,posenet,173,6.989587,ok,1,direct,1.000000,5,left_shoulder,1,1,2.000000,692.920000,279.890000,2.000000,691.138428,278.774353,2.102063,47.535711,1,0.079000,0.993753
SP_R_Yoga_2,posenet,173,6.989587,ok,1,direct,1.000000,6,right_shoulder,1,1,2.000000,599.520000,281.440000,2.000000,608.598450,280.693359,9.109101,47.535711,1,0.079000,0.888984
SP_R_Yoga_2,posenet,173,6.989587,ok,1,direct,1.000000,7,left_elbow,1,1,2.000000,711.610000,349.650000,2.000000,708.414246,346.899231,4.216584,47.535711,1,0.072000,0.970100
SP_R_Yoga_2,posenet,173,6.989587,ok,1,direct,1.000000,8,right_elbow,1,1,2.000000,588.820000,354.590000,2.000000,587.483521,352.656281,2.350627,47.535711,1,0.072000,0.990610
SP_R_Yoga_2,posenet,173,6.989587,ok,1,direct,1.000000,9,left_wrist,1,1,2.000000,722.060000,415.810000,2.000000,714.172852,409.267090,10.247770,47.535711,1,0.062000,0.785209
SP_R_Yoga_2,posenet,173,6.989587,ok,1,direct,1.000000,10,right_wrist,1,1,2.000000,596.090000,425.210000,2.000000,594.201904,413.105133,12.251233,47.535711,1,0.062000,0.707800
SP_R_Yoga_2,posenet,173,6.989587,ok,1,direct,1.000000,11,left_hip,1,1,2.000000,687.460000,393.000000,2.000000,684.420044,421.740631,28.900955,47.535711,1,0.107000,0.524283
SP_R_Yoga_2,posenet,173,6.989587,ok,1,direct,1.000000,12,right_hip,1,1,2.000000,628.580000,396.240000,2.000000,631.632812,425.578674,29.497076,47.535711,1,0.107000,0.510361
SP_R_Yoga_2,posenet,173,6.989587,ok,1,direct,1.000000,13,left_knee,1,1,2.000000,686.150000,521.750000,2.000000,679.621216,524.407776,7.049028,47.535711,1,0.087000,0.943551
SP_R_Yoga_2,posenet,173,6.989587,ok,1,direct,1.000000,14,right_knee,1,1,2.000000,636.050000,519.980000,2.000000,639.310974,528.245789,8.885787,47.535711,1,0.087000,0.911804
SP_R_Yoga_2,posenet,173,6.989587,ok,1,direct,1.000000,15,left_ankle,1,1,2.000000,674.810000,643.590000,2.000000,674.822388,628.034363,15.555642,47.535711,1,0.089000,0.763084
SP_R_Yoga_2,posenet,173,6.989587,ok,1,direct,1.000000,16,right_ankle,1,1,2.000000,653.660000,642.710000,2.000000,650.828186,629.953369,13.067165,47.535711,1,0.089000,0.826300
SP_R_Yoga_2,posenet,174,7.029989,ok,1,direct,1.000000,0,nose,1,1,2.000000,643.600000,219.570000,2.000000,642.553284,219.759979,1.063817,47.628846,1,0.026000,0.985349
SP_R_Yoga_2,posenet,174,7.029989,ok,1,direct,1.000000,1,left_eye,0,0,0.000000,0.000000,0.000000,2.000000,651.153625,211.116516,,,,0.025000,
SP_R_Yoga_2,posenet,174,7.029989,ok,1,direct,1.000000,2,right_eye,0,0,0.000000,0.000000,0.000000,2.000000,634.908508,211.116516,,,,0.025000,
SP_R_Yoga_2,posenet,174,7.029989,ok,1,direct,1.000000,3,left_ear,0,0,0.000000,0.000000,0.000000,2.000000,665.487610,218.799591,,,,0.035000,
SP_R_Yoga_2,posenet,174,7.029989,ok,1,direct,1.000000,4,right_ear,0,0,0.000000,0.000000,0.000000,2.000000,626.308167,221.680756,,,,0.035000,
SP_R_Yoga_2,posenet,174,7.029989,ok,1,direct,1.000000,5,left_shoulder,1,1,2.000000,692.790000,279.940000,2.000000,691.288757,280.264282,1.535867,47.628846,1,0.079000,0.996673
SP_R_Yoga_2,posenet,174,7.029989,ok,1,direct,1.000000,6,right_shoulder,1,1,2.000000,598.170000,281.830000,2.000000,607.196167,282.185059,9.033148,47.628846,1,0.079000,0.891126
SP_R_Yoga_2,posenet,174,7.029989,ok,1,direct,1.000000,7,left_elbow,1,1,2.000000,712.280000,349.260000,2.000000,709.445129,350.372467,3.045336,47.628846,1,0.072000,0.984351
SP_R_Yoga_2,posenet,174,7.029989,ok,1,direct,1.000000,8,right_elbow,1,1,2.000000,587.540000,354.850000,2.000000,588.084229,350.372467,4.510486,47.628846,1,0.072000,0.965992
SP_R_Yoga_2,posenet,174,7.029989,ok,1,direct,1.000000,9,left_wrist,1,1,2.000000,721.290000,415.550000,2.000000,713.267517,407.995605,11.019488,47.628846,1,0.062000,0.756916
SP_R_Yoga_2,posenet,174,7.029989,ok,1,direct,1.000000,10,right_wrist,1,1,2.000000,597.630000,425.090000,2.000000,592.862183,412.797577,13.184679,47.628846,1,0.062000,0.671192
SP_R_Yoga_2,posenet,174,7.029989,ok,1,direct,1.000000,11,left_hip,1,1,2.000000,687.460000,393.000000,2.000000,684.599609,421.441010,28.584486,47.628846,1,0.107000,0.533022
SP_R_Yoga_2,posenet,174,7.029989,ok,1,direct,1.000000,12,right_hip,1,1,2.000000,628.580000,396.240000,2.000000,629.174927,422.401398,26.168161,47.628846,1,0.107000,0.590188
SP_R_Yoga_2,posenet,174,7.029989,ok,1,direct,1.000000,13,left_knee,1,1,2.000000,686.150000,521.750000,2.000000,680.777222,525.162659,6.364981,47.628846,1,0.087000,0.953907
SP_R_Yoga_2,posenet,174,7.029989,ok,1,direct,1.000000,14,right_knee,1,1,2.000000,636.050000,519.980000,2.000000,639.686523,528.043884,8.845933,47.628846,1,0.087000,0.912884
SP_R_Yoga_2,posenet,174,7.029989,ok,1,direct,1.000000,15,left_ankle,1,1,2.000000,674.810000,643.590000,2.000000,675.043579,626.963623,16.628018,47.628846,1,0.089000,0.735103
SP_R_Yoga_2,posenet,174,7.029989,ok,1,direct,1.000000,16,right_ankle,1,1,2.000000,653.660000,642.710000,2.000000,650.198120,630.805176,12.397962,47.628846,1,0.089000,0.842750
