video_name,algorithm,frame_idx,timestamp_sec,status,matched_pred_found,match_method,matched_pred_score,keypoint_idx,keypoint_name,is_active,is_eval_joint,gt_v,gt_x,gt_y,pred_v,pred_x,pred_y,distance_px,pck_threshold_px,pck_correct,oks_sigma,oks_term
SP_T_Jongkok_1,movenet,0,0.000000,ok,1,direct,0.478046,0,nose,0,0,0.000000,0.000000,0.000000,2.000000,629.733521,170.109222,,,,0.026000,
SP_T_Jongkok_1,movenet,0,0.000000,ok,1,direct,0.478046,1,left_eye,0,0,0.000000,0.000000,0.000000,2.000000,643.838440,163.005615,,,,0.025000,
SP_T_Jongkok_1,movenet,0,0.000000,ok,1,direct,0.478046,2,right_eye,0,0,0.000000,0.000000,0.000000,2.000000,622.908020,163.313599,,,,0.025000,
SP_T_Jongkok_1,movenet,0,0.000000,ok,1,direct,0.478046,3,left_ear,0,0,0.000000,0.000000,0.000000,2.000000,678.342651,169.121597,,,,0.035000,
SP_T_Jongkok_1,movenet,0,0.000000,ok,1,direct,0.478046,4,right_ear,0,0,0.000000,0.000000,0.000000,2.000000,624.205017,171.556442,,,,0.035000,
SP_T_Jongkok_1,movenet,0,0.000000,ok,1,direct,0.478046,5,left_shoulder,1,1,2.000000,707.830000,239.520000,2.000000,701.133118,233.412140,9.063895,44.929645,1,0.079000,0.877728
SP_T_Jongkok_1,movenet,0,0.000000,ok,1,direct,0.478046,6,right_shoulder,1,1,2.000000,604.330000,246.810000,2.000000,602.198303,237.425171,9.623884,44.929645,1,0.079000,0.863267
SP_T_Jongkok_1,movenet,0,0.000000,ok,1,direct,0.478046,7,left_elbow,1,1,2.000000,717.660000,335.380000,2.000000,708.991638,314.076508,22.999550,44.929645,1,0.072000,0.363866
SP_T_Jongkok_1,movenet,0,0.000000,ok,1,direct,0.478046,8,right_elbow,1,1,2.000000,592.130000,332.240000,2.000000,592.828064,315.685791,16.568921,44.929645,1,0.072000,0.591750
SP_T_Jongkok_1,movenet,0,0.000000,ok,1,direct,0.478046,9,left_wrist,1,1,2.000000,700.250000,407.010000,2.000000,710.421997,376.848663,31.830422,44.929645,1,0.062000,0.073435
SP_T_Jongkok_1,movenet,0,0.000000,ok,1,direct,0.478046,10,right_wrist,1,1,2.000000,602.130000,408.050000,2.000000,587.136292,384.948334,27.540847,44.929645,1,0.062000,0.141572
SP_T_Jongkok_1,movenet,0,0.000000,ok,1,direct,0.478046,11,left_hip,1,1,2.000000,686.090000,404.600000,2.000000,683.459412,377.607086,27.120793,44.929645,1,0.107000,0.529139
SP_T_Jongkok_1,movenet,0,0.000000,ok,1,direct,0.478046,12,right_hip,1,1,2.000000,631.610000,404.460000,2.000000,607.995117,379.794800,34.147252,44.929645,1,0.107000,0.364569
SP_T_Jongkok_1,movenet,0,0.000000,ok,1,direct,0.478046,13,left_knee,1,1,2.000000,702.150000,533.440000,2.000000,690.451416,501.205505,34.291683,44.929645,1,0.087000,0.214547
SP_T_Jongkok_1,movenet,0,0.000000,ok,1,direct,0.478046,14,right_knee,1,1,2.000000,633.520000,525.430000,2.000000,620.937012,494.895386,33.025661,44.929645,1,0.087000,0.239867
SP_T_Jongkok_1,movenet,0,0.000000,ok,1,direct,0.478046,15,left_ankle,1,1,2.000000,707.280000,641.550000,2.000000,694.996826,622.866333,22.359691,44.929645,1,0.089000,0.535080
SP_T_Jongkok_1,movenet,0,0.000000,ok,1,direct,0.478046,16,right_ankle,1,1,2.000000,652.120000,638.450000,2.000000,631.204651,625.030701,24.850139,44.929645,1,0.089000,0.461904
SP_T_Jongkok_1,movenet,1,0.033231,ok,1,direct,0.467823,0,nose,0,0,0.000000,0.000000,0.000000,2.000000,630.739502,170.581589,,,,0.026000,
SP_T_Jongkok_1,movenet,1,0.033231,ok,1,direct,0.467823,1,left_eye,0,0,0.000000,0.000000,0.000000,2.000000,645.162964,163.486450,,,,0.025000,
SP_T_Jongkok_1,movenet,1,0.033231,ok,1,direct,0.467823,2,right_eye,0,0,0.000000,0.000000,0.000000,2.000000,623.748962,163.771927,,,,0.025000,
SP_T_Jongkok_1,movenet,1,0.033231,ok,1,direct,0.467823,3,left_ear,0,0,0.000000,0.000000,0.000000,2.000000,678.797485,169.588654,,,,0.035000,
SP_T_Jongkok_1,movenet,1,0.033231,ok,1,direct,0.467823,4,right_ear,0,0,0.000000,0.000000,0.000000,2.000000,623.021545,172.153763,,,,0.035000,
SP_T_Jongkok_1,movenet,1,0.033231,ok,1,direct,0.467823,5,left_shoulder,1,1,2.000000,707.590000,240.060000,2.000000,699.703491,233.102249,10.517001,44.777487,1,0.079000,0.837962
SP_T_Jongkok_1,movenet,1,0.033231,ok,1,direct,0.467823,6,right_shoulder,1,1,2.000000,604.120000,247.080000,2.000000,600.831543,237.483704,10.144104,44.777487,1,0.079000,0.848344
SP_T_Jongkok_1,movenet,1,0.033231,ok,1,direct,0.467823,7,left_elbow,1,1,2.000000,717.150000,335.420000,2.000000,709.437134,313.143524,23.573920,44.777487,1,0.072000,0.343241
SP_T_Jongkok_1,movenet,1,0.033231,ok,1,direct,0.467823,8,right_elbow,1,1,2.000000,592.270000,332.580000,2.000000,594.188599,315.641785,17.046529,44.777487,1,0.072000,0.571703
SP_T_Jongkok_1,movenet,1,0.033231,ok,1,direct,0.467823,9,left_wrist,1,1,2.000000,700.110000,407.690000,2.000000,710.928406,373.537170,35.825322,44.777487,1,0.062000,0.035776
SP_T_Jongkok_1,movenet,1,0.033231,ok,1,direct,0.467823,10,right_wrist,1,1,2.000000,601.960000,408.190000,2.000000,587.070679,383.881927,28.505689,44.777487,1,0.062000,0.121410
SP_T_Jongkok_1,movenet,1,0.033231,ok,1,direct,0.467823,11,left_hip,1,1,2.000000,686.030000,405.010000,2.000000,683.039795,374.902008,30.256115,44.777487,1,0.107000,0.450422
SP_T_Jongkok_1,movenet,1,0.033231,ok,1,direct,0.467823,12,right_hip,1,1,2.000000,631.330000,405.220000,2.000000,607.004639,378.083740,36.443104,44.777487,1,0.107000,0.314394
SP_T_Jongkok_1,movenet,1,0.033231,ok,1,direct,0.467823,13,left_knee,1,1,2.000000,702.150000,533.540000,2.000000,688.773743,497.839539,38.124103,44.777487,1,0.087000,0.147275
SP_T_Jongkok_1,movenet,1,0.033231,ok,1,direct,0.467823,14,right_knee,1,1,2.000000,633.610000,525.430000,2.000000,620.380615,492.699860,35.302673,44.777487,1,0.087000,0.193509
SP_T_Jongkok_1,movenet,1,0.033231,ok,1,direct,0.467823,15,left_ankle,1,1,2.000000,707.480000,641.450000,2.000000,695.107422,620.667969,24.186226,44.777487,1,0.089000,0.478710
SP_T_Jongkok_1,movenet,1,0.033231,ok,1,direct,0.467823,16,right_ankle,1,1,2.000000,652.120000,638.450000,2.000000,629.591187,623.852356,26.844714,44.777487,1,0.089000,0.403531
SP_T_Jongkok_1,movenet,2,0.066461,ok,1,direct,0.497654,0,nose,0,0,0.000000,0.000000,0.000000,2.000000,632.404541,171.584854,,,,0.026000,
SP_T_Jongkok_1,movenet,2,0.066461,ok,1,direct,0.497654,1,left_eye,0,0,0.000000,0.000000,0.000000,2.000000,647.009644,164.057541,,,,0.025000,
SP_T_Jongkok_1,movenet,2,0.066461,ok,1,direct,0.497654,2,right_eye,0,0,0.000000,0.000000,0.000000,2.000000,624.470276,164.585220,,,,0.025000,
SP_T_Jongkok_1,movenet,2,0.066461,ok,1,direct,0.497654,3,left_ear,0,0,0.000000,0.000000,0.000000,2.000000,678.967834,169.813568,,,,0.035000,
SP_T_Jongkok_1,movenet,2,0.066461,ok,1,direct,0.497654,4,right_ear,0,0,0.000000,0.000000,0.000000,2.000000,619.298218,173.030319,,,,0.035000,
SP_T_Jongkok_1,movenet,2,0.066461,ok,1,direct,0.497654,5,left_shoulder,1,1,2.000000,707.350000,240.610000,2.000000,701.244385,235.931915,7.691750,44.625182,1,0.079000,0.909185
SP_T_Jongkok_1,movenet,2,0.066461,ok,1,direct,0.497654,6,right_shoulder,1,1,2.000000,603.910000,247.360000,2.000000,600.544739,238.117050,9.836519,44.625182,1,0.079000,0.855813
SP_T_Jongkok_1,movenet,2,0.066461,ok,1,direct,0.497654,7,left_elbow,1,1,2.000000,716.640000,335.470000,2.000000,709.944092,312.979950,23.465667,44.625182,1,0.072000,0.344118
SP_T_Jongkok_1,movenet,2,0.066461,ok,1,direct,0.497654,8,right_elbow,1,1,2.000000,592.410000,332.930000,2.000000,595.558044,315.907440,17.311202,44.625182,1,0.072000,0.559576
SP_T_Jongkok_1,movenet,2,0.066461,ok,1,direct,0.497654,9,left_wrist,1,1,2.000000,699.980000,408.370000,2.000000,712.017944,374.132080,36.292524,44.625182,1,0.062000,0.032023
SP_T_Jongkok_1,movenet,2,0.066461,ok,1,direct,0.497654,10,right_wrist,1,1,2.000000,601.790000,408.330000,2.000000,585.739502,385.473633,27.929053,44.625182,1,0.062000,0.130292
SP_T_Jongkok_1,movenet,2,0.066461,ok,1,direct,0.497654,11,left_hip,1,1,2.000000,685.960000,405.430000,2.000000,682.852417,375.518494,30.072500,44.625182,1,0.107000,0.452346
SP_T_Jongkok_1,movenet,2,0.066461,ok,1,direct,0.497654,12,right_hip,1,1,2.000000,631.060000,405.980000,2.000000,609.255127,376.852386,36.385029,44.625182,1,0.107000,0.313076
SP_T_Jongkok_1,movenet,2,0.066461,ok,1,direct,0.497654,13,left_knee,1,1,2.000000,702.150000,533.640000,2.000000,690.421204,497.342834,38.145103,44.625182,1,0.087000,0.145050
SP_T_Jongkok_1,movenet,2,0.066461,ok,1,direct,0.497654,14,right_knee,1,1,2.000000,633.710000,525.430000,2.000000,618.766296,492.797852,35.891105,44.625182,1,0.087000,0.181002
SP_T_Jongkok_1,movenet,2,0.066461,ok,1,direct,0.497654,15,left_ankle,1,1,2.000000,707.680000,641.360000,2.000000,696.510132,622.336487,22.060372,44.625182,1,0.089000,0.539537
SP_T_Jongkok_1,movenet,2,0.066461,ok,1,direct,0.497654,16,right_ankle,1,1,2.000000,652.120000,638.450000,2.000000,631.869873,626.670898,23.426798,44.625182,1,0.089000,0.498650
SP_T_Jongkok_1,movenet,3,0.099692,ok,1,direct,0.495462,0,nose,0,0,0.000000,0.000000,0.000000,2.000000,632.026672,171.555878,,,,0.026000,
SP_T_Jongkok_1,movenet,3,0.099692,ok,1,direct,0.495462,1,left_eye,0,0,0.000000,0.000000,0.000000,2.000000,646.633240,163.847519,,,,0.025000,
SP_T_Jongkok_1,movenet,3,0.099692,ok,1,direct,0.495462,2,right_eye,0,0,0.000000,0.000000,0.000000,2.000000,623.088257,164.609848,,,,0.025000,
SP_T_Jongkok_1,movenet,3,0.099692,ok,1,direct,0.495462,3,left_ear,0,0,0.000000,0.000000,0.000000,2.000000,678.407043,169.380325,,,,0.035000,
SP_T_Jongkok_1,movenet,3,0.099692,ok,1,direct,0.495462,4,right_ear,0,0,0.000000,0.000000,0.000000,2.000000,617.041260,172.699570,,,,0.035000,
SP_T_Jongkok_1,movenet,3,0.099692,ok,1,direct,0.495462,5,left_shoulder,1,1,2.000000,707.120000,241.150000,2.000000,695.935181,233.464813,13.570640,44.472730,1,0.079000,0.742010
SP_T_Jongkok_1,movenet,3,0.099692,ok,1,direct,0.495462,6,right_shoulder,1,1,2.000000,603.700000,247.640000,2.000000,600.286926,239.098312,9.198342,44.472730,1,0.079000,0.871891
SP_T_Jongkok_1,movenet,3,0.099692,ok,1,direct,0.495462,7,left_elbow,1,1,2.000000,716.130000,335.520000,2.000000,708.790283,312.258606,24.391882,44.472730,1,0.072000,0.313310
SP_T_Jongkok_1,movenet,3,0.099692,ok,1,direct,0.495462,8,right_elbow,1,1,2.000000,592.550000,333.280000,2.000000,600.376160,314.490417,20.354292,44.472730,1,0.072000,0.445684
SP_T_Jongkok_1,movenet,3,0.099692,ok,1,direct,0.495462,9,left_wrist,1,1,2.000000,699.850000,409.050000,2.000000,711.367554,371.391968,39.379962,44.472730,1,0.062000,0.016915
SP_T_Jongkok_1,movenet,3,0.099692,ok,1,direct,0.495462,10,right_wrist,1,1,2.000000,601.620000,408.470000,2.000000,589.427063,379.193420,31.714127,44.472730,1,0.062000,0.070945
SP_T_Jongkok_1,movenet,3,0.099692,ok,1,direct,0.495462,11,left_hip,1,1,2.000000,685.890000,405.850000,2.000000,679.666016,375.427094,31.053039,44.472730,1,0.107000,0.426692
SP_T_Jongkok_1,movenet,3,0.099692,ok,1,direct,0.495462,12,right_hip,1,1,2.000000,630.780000,406.750000,2.000000,609.914734,375.440826,37.624775,44.472730,1,0.107000,0.286412
SP_T_Jongkok_1,movenet,3,0.099692,ok,1,direct,0.495462,13,left_knee,1,1,2.000000,702.150000,533.740000,2.000000,691.741821,501.180420,34.182692,44.472730,1,0.087000,0.209916
SP_T_Jongkok_1,movenet,3,0.099692,ok,1,direct,0.495462,14,right_knee,1,1,2.000000,633.800000,525.430000,2.000000,617.168945,494.352722,35.247541,44.472730,1,0.087000,0.190173
SP_T_Jongkok_1,movenet,3,0.099692,ok,1,direct,0.495462,15,left_ankle,1,1,2.000000,707.870000,641.260000,2.000000,695.517639,623.931763,21.280240,44.472730,1,0.089000,0.560954
SP_T_Jongkok_1,movenet,3,0.099692,ok,1,direct,0.495462,16,right_ankle,1,1,2.000000,652.120000,638.450000,2.000000,629.240295,629.515564,24.562268,44.472730,1,0.089000,0.462924
SP_T_Jongkok_1,movenet,4,0.132923,ok,1,direct,0.507722,0,nose,0,0,0.000000,0.000000,0.000000,2.000000,632.244324,171.904541,,,,0.026000,
SP_T_Jongkok_1,movenet,4,0.132923,ok,1,direct,0.507722,1,left_eye,0,0,0.000000,0.000000,0.000000,2.000000,646.421448,164.203262,,,,0.025000,
SP_T_Jongkok_1,movenet,4,0.132923,ok,1,direct,0.507722,2,right_eye,0,0,0.000000,0.000000,0.000000,2.000000,622.383972,165.200684,,,,0.025000,
SP_T_Jongkok_1,movenet,4,0.132923,ok,1,direct,0.507722,3,left_ear,0,0,0.000000,0.000000,0.000000,2.000000,678.158264,169.525482,,,,0.035000,
SP_T_Jongkok_1,movenet,4,0.132923,ok,1,direct,0.507722,4,right_ear,0,0,0.000000,0.000000,0.000000,2.000000,615.979858,173.118362,,,,0.035000,
SP_T_Jongkok_1,movenet,4,0.132923,ok,1,direct,0.507722,5,left_shoulder,1,1,2.000000,706.880000,241.690000,2.000000,701.921265,237.870316,6.259317,44.320130,1,0.079000,0.938081
SP_T_Jongkok_1,movenet,4,0.132923,ok,1,direct,0.507722,6,right_shoulder,1,1,2.000000,603.490000,247.920000,2.000000,600.409973,239.487106,8.977765,44.320130,1,0.079000,0.876783
SP_T_Jongkok_1,movenet,4,0.132923,ok,1,direct,0.507722,7,left_elbow,1,1,2.000000,715.620000,335.570000,2.000000,709.299072,310.132446,26.211129,44.320130,1,0.072000,0.259401
SP_T_Jongkok_1,movenet,4,0.132923,ok,1,direct,0.507722,8,right_elbow,1,1,2.000000,592.690000,333.620000,2.000000,601.484741,314.100922,21.408921,44.320130,1,0.072000,0.406477
SP_T_Jongkok_1,movenet,4,0.132923,ok,1,direct,0.507722,9,left_wrist,1,1,2.000000,699.710000,409.740000,2.000000,710.779297,369.930664,41.319639,44.320130,1,0.062000,0.010864
SP_T_Jongkok_1,movenet,4,0.132923,ok,1,direct,0.507722,10,right_wrist,1,1,2.000000,601.460000,408.610000,2.000000,591.345642,378.638336,31.632276,44.320130,1,0.062000,0.070626
SP_T_Jongkok_1,movenet,4,0.132923,ok,1,direct,0.507722,11,left_hip,1,1,2.000000,685.830000,406.260000,2.000000,681.118103,374.366425,32.239760,44.320130,1,0.107000,0.396783
SP_T_Jongkok_1,movenet,4,0.132923,ok,1,direct,0.507722,12,right_hip,1,1,2.000000,630.500000,407.510000,2.000000,612.362427,373.656769,38.405896,44.320130,1,0.107000,0.269344
SP_T_Jongkok_1,movenet,4,0.132923,ok,1,direct,0.507722,13,left_knee,1,1,2.000000,702.150000,533.840000,2.000000,694.972046,502.456146,32.194243,44.320130,1,0.087000,0.248015
SP_T_Jongkok_1,movenet,4,0.132923,ok,1,direct,0.507722,14,right_knee,1,1,2.000000,633.890000,525.430000,2.000000,617.802002,496.646606,32.974345,44.320130,1,0.087000,0.231621
SP_T_Jongkok_1,movenet,4,0.132923,ok,1,direct,0.507722,15,left_ankle,1,1,2.000000,708.070000,641.160000,2.000000,699.744507,625.601318,17.646144,44.320130,1,0.089000,0.670142
SP_T_Jongkok_1,movenet,4,0.132923,ok,1,direct,0.507722,16,right_ankle,1,1,2.000000,652.120000,638.450000,2.000000,629.729797,626.981140,25.156628,44.320130,1,0.089000,0.443308
SP_T_Jongkok_1,movenet,5,0.166154,ok,1,direct,0.493484,0,nose,0,0,0.000000,0.000000,0.000000,2.000000,629.742554,172.801697,,,,0.026000,
SP_T_Jongkok_1,movenet,5,0.166154,ok,1,direct,0.493484,1,left_eye,0,0,0.000000,0.000000,0.000000,2.000000,643.714050,164.772934,,,,0.025000,
SP_T_Jongkok_1,movenet,5,0.166154,ok,1,direct,0.493484,2,right_eye,0,0,0.000000,0.000000,0.000000,2.000000,620.413513,165.562851,,,,0.025000,
SP_T_Jongkok_1,movenet,5,0.166154,ok,1,direct,0.493484,3,left_ear,0,0,0.000000,0.000000,0.000000,2.000000,677.637634,169.877823,,,,0.035000,
SP_T_Jongkok_1,movenet,5,0.166154,ok,1,direct,0.493484,4,right_ear,0,0,0.000000,0.000000,0.000000,2.000000,615.517029,173.300995,,,,0.035000,
SP_T_Jongkok_1,movenet,5,0.166154,ok,1,direct,0.493484,5,left_shoulder,1,1,2.000000,706.330000,242.950000,2.000000,702.094116,238.129456,6.417193,44.228422,1,0.079000,0.934763
SP_T_Jongkok_1,movenet,5,0.166154,ok,1,direct,0.493484,6,right_shoulder,1,1,2.000000,602.740000,251.610000,2.000000,598.669373,240.412109,11.914813,44.228422,1,0.079000,0.792497
SP_T_Jongkok_1,movenet,5,0.166154,ok,1,direct,0.493484,7,left_elbow,1,1,2.000000,715.270000,336.640000,2.000000,709.310547,310.591156,26.721852,44.228422,1,0.072000,0.244559
SP_T_Jongkok_1,movenet,5,0.166154,ok,1,direct,0.493484,8,right_elbow,1,1,2.000000,592.430000,335.870000,2.000000,599.127075,315.023621,21.895715,44.228422,1,0.072000,0.388469
SP_T_Jongkok_1,movenet,5,0.166154,ok,1,direct,0.493484,9,left_wrist,1,1,2.000000,698.710000,411.450000,2.000000,709.207703,369.448883,43.293136,44.228422,1,0.062000,0.006838
SP_T_Jongkok_1,movenet,5,0.166154,ok,1,direct,0.493484,10,right_wrist,1,1,2.000000,599.770000,410.970000,2.000000,593.178223,380.674133,31.004694,44.228422,1,0.062000,0.077552
SP_T_Jongkok_1,movenet,5,0.166154,ok,1,direct,0.493484,11,left_hip,1,1,2.000000,685.110000,408.190000,2.000000,683.345947,377.164307,31.075803,44.228422,1,0.107000,0.422151
SP_T_Jongkok_1,movenet,5,0.166154,ok,1,direct,0.493484,12,right_hip,1,1,2.000000,631.010000,409.460000,2.000000,612.408447,377.381866,37.081322,44.228422,1,0.107000,0.292901
SP_T_Jongkok_1,movenet,5,0.166154,ok,1,direct,0.493484,13,left_knee,1,1,2.000000,702.150000,533.940000,2.000000,691.387024,510.116791,26.141671,44.228422,1,0.087000,0.397280
SP_T_Jongkok_1,movenet,5,0.166154,ok,1,direct,0.493484,14,right_knee,1,1,2.000000,629.240000,525.430000,2.000000,616.879211,505.073700,23.815290,44.228422,1,0.087000,0.464810
SP_T_Jongkok_1,movenet,5,0.166154,ok,1,direct,0.493484,15,left_ankle,1,1,2.000000,708.270000,641.060000,2.000000,700.651550,626.142578,16.750231,44.228422,1,0.089000,0.696178
SP_T_Jongkok_1,movenet,5,0.166154,ok,1,direct,0.493484,16,right_ankle,1,1,2.000000,652.120000,638.450000,2.000000,627.961548,631.038879,25.269656,44.228422,1,0.089000,0.438575
SP_T_Jongkok_1,movenet,6,0.199384,ok,1,direct,0.517494,0,nose,0,0,0.000000,0.000000,0.000000,2.000000,634.763672,172.893234,,,,0.026000,
SP_T_Jongkok_1,movenet,6,0.199384,ok,1,direct,0.517494,1,left_eye,0,0,0.000000,0.000000,0.000000,2.000000,649.798706,165.462723,,,,0.025000,
SP_T_Jongkok_1,movenet,6,0.199384,ok,1,direct,0.517494,2,right_eye,0,0,0.000000,0.000000,0.000000,2.000000,624.817444,166.513306,,,,0.025000,
SP_T_Jongkok_1,movenet,6,0.199384,ok,1,direct,0.517494,3,left_ear,0,0,0.000000,0.000000,0.000000,2.000000,678.743408,170.623322,,,,0.035000,
SP_T_Jongkok_1,movenet,6,0.199384,ok,1,direct,0.517494,4,right_ear,0,0,0.000000,0.000000,0.000000,2.000000,610.829956,174.960754,,,,0.035000,
SP_T_Jongkok_1,movenet,6,0.199384,ok,1,direct,0.517494,5,left_shoulder,1,1,2.000000,705.770000,244.200000,2.000000,695.622559,233.610794,14.666351,44.137191,1,0.079000,0.701985
SP_T_Jongkok_1,movenet,6,0.199384,ok,1,direct,0.517494,6,right_shoulder,1,1,2.000000,601.990000,255.300000,2.000000,597.070007,242.016678,14.165203,44.137191,1,0.079000,0.718870
SP_T_Jongkok_1,movenet,6,0.199384,ok,1,direct,0.517494,7,left_elbow,1,1,2.000000,714.920000,337.710000,2.000000,708.435608,310.133118,28.328992,44.137191,1,0.072000,0.204059
SP_T_Jongkok_1,movenet,6,0.199384,ok,1,direct,0.517494,8,right_elbow,1,1,2.000000,592.170000,338.110000,2.000000,593.288208,313.895996,24.239810,44.137191,1,0.072000,0.312351
SP_T_Jongkok_1,movenet,6,0.199384,ok,1,direct,0.517494,9,left_wrist,1,1,2.000000,697.710000,413.160000,2.000000,707.888123,366.415375,47.839881,44.137191,0,0.062000,0.002215
SP_T_Jongkok_1,movenet,6,0.199384,ok,1,direct,0.517494,10,right_wrist,1,1,2.000000,598.080000,413.340000,2.000000,592.982849,375.409698,38.271252,44.137191,1,0.062000,0.020003
SP_T_Jongkok_1,movenet,6,0.199384,ok,1,direct,0.517494,11,left_hip,1,1,2.000000,684.390000,410.120000,2.000000,683.236206,375.334900,34.804230,44.137191,1,0.107000,0.337490
SP_T_Jongkok_1,movenet,6,0.199384,ok,1,direct,0.517494,12,right_hip,1,1,2.000000,631.530000,411.410000,2.000000,611.900879,374.595337,41.720760,44.137191,1,0.107000,0.209960
SP_T_Jongkok_1,movenet,6,0.199384,ok,1,direct,0.517494,13,left_knee,1,1,2.000000,702.150000,534.030000,2.000000,692.821350,504.923950,30.564454,44.137191,1,0.087000,0.281644
SP_T_Jongkok_1,movenet,6,0.199384,ok,1,direct,0.517494,14,right_knee,1,1,2.000000,624.590000,525.430000,2.000000,620.786194,498.759155,26.940729,44.137191,1,0.087000,0.373639
SP_T_Jongkok_1,movenet,6,0.199384,ok,1,direct,0.517494,15,left_ankle,1,1,2.000000,708.460000,640.960000,2.000000,699.206238,626.229065,17.396338,44.137191,1,0.089000,0.675539
SP_T_Jongkok_1,movenet,6,0.199384,ok,1,direct,0.517494,16,right_ankle,1,1,2.000000,652.120000,638.450000,2.000000,628.647339,628.742310,25.400887,44.137191,1,0.089000,0.433331
SP_T_Jongkok_1,movenet,7,0.232615,ok,1,direct,0.463722,0,nose,0,0,0.000000,0.000000,0.000000,2.000000,638.770691,177.183228,,,,0.026000,
SP_T_Jongkok_1,movenet,7,0.232615,ok,1,direct,0.463722,1,left_eye,0,0,0.000000,0.000000,0.000000,2.000000,650.908142,170.322388,,,,0.025000,
SP_T_Jongkok_1,movenet,7,0.232615,ok,1,direct,0.463722,2,right_eye,0,0,0.000000,0.000000,0.000000,2.000000,627.499146,170.389435,,,,0.025000,
SP_T_Jongkok_1,movenet,7,0.232615,ok,1,direct,0.463722,3,left_ear,0,0,0.000000,0.000000,0.000000,2.000000,679.395813,174.151077,,,,0.035000,
SP_T_Jongkok_1,movenet,7,0.232615,ok,1,direct,0.463722,4,right_ear,0,0,0.000000,0.000000,0.000000,2.000000,609.168762,177.534851,,,,0.035000,
SP_T_Jongkok_1,movenet,7,0.232615,ok,1,direct,0.463722,5,left_shoulder,1,1,2.000000,705.220000,245.460000,2.000000,697.405273,237.019089,11.502997,44.043528,1,0.079000,0.803650
SP_T_Jongkok_1,movenet,7,0.232615,ok,1,direct,0.463722,6,right_shoulder,1,1,2.000000,601.230000,258.990000,2.000000,597.458069,245.205231,14.291512,44.043528,1,0.079000,0.713611
SP_T_Jongkok_1,movenet,7,0.232615,ok,1,direct,0.463722,7,left_elbow,1,1,2.000000,714.570000,338.790000,2.000000,712.034668,317.267914,21.670905,44.043528,1,0.072000,0.392972
SP_T_Jongkok_1,movenet,7,0.232615,ok,1,direct,0.463722,8,right_elbow,1,1,2.000000,591.920000,340.350000,2.000000,597.146240,317.204163,23.728535,44.043528,1,0.072000,0.326343
SP_T_Jongkok_1,movenet,7,0.232615,ok,1,direct,0.463722,9,left_wrist,1,1,2.000000,696.710000,414.870000,2.000000,707.256775,368.394196,47.657474,44.043528,0,0.062000,0.002261
SP_T_Jongkok_1,movenet,7,0.232615,ok,1,direct,0.463722,10,right_wrist,1,1,2.000000,596.390000,415.700000,2.000000,591.108948,378.021576,38.046723,44.043528,1,0.062000,0.020598
SP_T_Jongkok_1,movenet,7,0.232615,ok,1,direct,0.463722,11,left_hip,1,1,2.000000,683.670000,412.050000,2.000000,685.661255,381.139832,30.974241,44.043528,1,0.107000,0.421485
SP_T_Jongkok_1,movenet,7,0.232615,ok,1,direct,0.463722,12,right_hip,1,1,2.000000,632.040000,413.360000,2.000000,612.825256,380.914185,37.708584,44.043528,1,0.107000,0.277899
SP_T_Jongkok_1,movenet,7,0.232615,ok,1,direct,0.463722,13,left_knee,1,1,2.000000,702.150000,534.130000,2.000000,690.959534,509.367249,27.173892,44.043528,1,0.087000,0.365736
SP_T_Jongkok_1,movenet,7,0.232615,ok,1,direct,0.463722,14,right_knee,1,1,2.000000,619.950000,525.430000,2.000000,618.554932,504.943359,20.534085,44.043528,1,0.087000,0.563070
SP_T_Jongkok_1,movenet,7,0.232615,ok,1,direct,0.463722,15,left_ankle,1,1,2.000000,708.660000,640.860000,2.000000,704.536072,629.001709,12.554913,44.043528,1,0.089000,0.814509
SP_T_Jongkok_1,movenet,7,0.232615,ok,1,direct,0.463722,16,right_ankle,1,1,2.000000,652.120000,638.450000,2.000000,631.106079,628.180481,23.389055,44.043528,1,0.089000,0.490637
SP_T_Jongkok_1,movenet,8,0.265846,ok,1,direct,0.489497,0,nose,0,0,0.000000,0.000000,0.000000,2.000000,634.290100,182.656830,,,,0.026000,
SP_T_Jongkok_1,movenet,8,0.265846,ok,1,direct,0.489497,1,left_eye,0,0,0.000000,0.000000,0.000000,2.000000,648.625183,174.079727,,,,0.025000,
SP_T_Jongkok_1,movenet,8,0.265846,ok,1,direct,0.489497,2,right_eye,0,0,0.000000,0.000000,0.000000,2.000000,623.900818,175.348434,,,,0.025000,
SP_T_Jongkok_1,movenet,8,0.265846,ok,1,direct,0.489497,3,left_ear,0,0,0.000000,0.000000,0.000000,2.000000,675.635071,176.669937,,,,0.035000,
SP_T_Jongkok_1,movenet,8,0.265846,ok,1,direct,0.489497,4,right_ear,0,0,0.000000,0.000000,0.000000,2.000000,608.006531,181.688202,,,,0.035000,
SP_T_Jongkok_1,movenet,8,0.265846,ok,1,direct,0.489497,5,left_shoulder,1,1,2.000000,704.670000,246.710000,2.000000,697.633362,241.304306,8.873320,43.952699,1,0.079000,0.877560
SP_T_Jongkok_1,movenet,8,0.265846,ok,1,direct,0.489497,6,right_shoulder,1,1,2.000000,600.480000,262.680000,2.000000,600.954529,247.481628,15.205778,43.952699,1,0.079000,0.681438
SP_T_Jongkok_1,movenet,8,0.265846,ok,1,direct,0.489497,7,left_elbow,1,1,2.000000,714.220000,339.860000,2.000000,708.461792,318.250885,22.363157,43.952699,1,0.072000,0.368337
SP_T_Jongkok_1,movenet,8,0.265846,ok,1,direct,0.489497,8,right_elbow,1,1,2.000000,591.660000,342.600000,2.000000,602.404846,322.039551,23.198789,43.952699,1,0.072000,0.341369
SP_T_Jongkok_1,movenet,8,0.265846,ok,1,direct,0.489497,9,left_wrist,1,1,2.000000,695.710000,416.580000,2.000000,701.359314,384.565735,32.508890,43.952699,1,0.062000,0.058059
SP_T_Jongkok_1,movenet,8,0.265846,ok,1,direct,0.489497,10,right_wrist,1,1,2.000000,594.700000,418.070000,0.000000,594.518799,389.523834,,43.952699,0,0.062000,0.000000
SP_T_Jongkok_1,movenet,8,0.265846,ok,1,direct,0.489497,11,left_hip,1,1,2.000000,682.950000,413.970000,2.000000,675.848267,382.233337,32.521537,43.952699,1,0.107000,0.384279
SP_T_Jongkok_1,movenet,8,0.265846,ok,1,direct,0.489497,12,right_hip,1,1,2.000000,632.550000,415.300000,2.000000,609.954041,382.816040,39.570002,43.952699,1,0.107000,0.242714
SP_T_Jongkok_1,movenet,8,0.265846,ok,1,direct,0.489497,13,left_knee,1,1,2.000000,702.150000,534.230000,2.000000,686.703735,507.740417,30.664068,43.952699,1,0.087000,0.276342
SP_T_Jongkok_1,movenet,8,0.265846,ok,1,direct,0.489497,14,right_knee,1,1,2.000000,615.300000,525.430000,2.000000,611.728638,504.409241,21.321983,43.952699,1,0.087000,0.536958
SP_T_Jongkok_1,movenet,8,0.265846,ok,1,direct,0.489497,15,left_ankle,1,1,2.000000,708.860000,640.770000,2.000000,700.504150,630.283997,13.408076,43.952699,1,0.089000,0.790595
SP_T_Jongkok_1,movenet,8,0.265846,ok,1,direct,0.489497,16,right_ankle,1,1,2.000000,652.120000,638.450000,2.000000,620.375732,629.816345,32.897394,43.952699,1,0.089000,0.243048
SP_T_Jongkok_1,movenet,9,0.299077,ok,1,direct,0.513620,0,nose,0,0,0.000000,0.000000,0.000000,2.000000,632.992432,185.011200,,,,0.026000,
SP_T_Jongkok_1,movenet,9,0.299077,ok,1,direct,0.513620,1,left_eye,0,0,0.000000,0.000000,0.000000,2.000000,645.687561,176.563019,,,,0.025000,
SP_T_Jongkok_1,movenet,9,0.299077,ok,1,direct,0.513620,2,right_eye,0,0,0.000000,0.000000,0.000000,2.000000,621.390137,177.466553,,,,0.025000,
SP_T_Jongkok_1,movenet,9,0.299077,ok,1,direct,0.513620,3,left_ear,0,0,0.000000,0.000000,0.000000,2.000000,673.404663,179.406143,,,,0.035000,
SP_T_Jongkok_1,movenet,9,0.299077,ok,1,direct,0.513620,4,right_ear,0,0,0.000000,0.000000,0.000000,2.000000,609.065308,184.260941,,,,0.035000,
SP_T_Jongkok_1,movenet,9,0.299077,ok,1,direct,0.513620,5,left_shoulder,1,1,2.000000,706.250000,252.940000,2.000000,699.340088,247.743546,8.645810,43.072155,1,0.079000,0.878868
SP_T_Jongkok_1,movenet,9,0.299077,ok,1,direct,0.513620,6,right_shoulder,1,1,2.000000,600.440000,268.500000,2.000000,601.062683,250.383530,18.127168,43.072155,1,0.079000,0.566884
SP_T_Jongkok_1,movenet,9,0.299077,ok,1,direct,0.513620,7,left_elbow,1,1,2.000000,711.030000,350.890000,2.000000,709.351501,324.216614,26.726146,43.072155,1,0.072000,0.226411
SP_T_Jongkok_1,movenet,9,0.299077,ok,1,direct,0.513620,8,right_elbow,1,1,2.000000,591.410000,346.260000,2.000000,596.075012,329.126007,17.757704,43.072155,1,0.072000,0.519047
SP_T_Jongkok_1,movenet,9,0.299077,ok,1,direct,0.513620,9,left_wrist,1,1,2.000000,691.150000,423.970000,2.000000,702.220520,397.034912,29.121390,43.072155,1,0.062000,0.092702
SP_T_Jongkok_1,movenet,9,0.299077,ok,1,direct,0.513620,10,right_wrist,1,1,2.000000,593.010000,420.430000,2.000000,589.626709,404.898987,15.895252,43.072155,1,0.062000,0.492343
SP_T_Jongkok_1,movenet,9,0.299077,ok,1,direct,0.513620,11,left_hip,1,1,2.000000,684.610000,416.150000,2.000000,682.981873,390.293304,25.907904,43.072155,1,0.107000,0.531515
SP_T_Jongkok_1,movenet,9,0.299077,ok,1,direct,0.513620,12,right_hip,1,1,2.000000,633.060000,417.250000,2.000000,612.110840,392.674469,32.292786,43.072155,1,0.107000,0.374588
SP_T_Jongkok_1,movenet,9,0.299077,ok,1,direct,0.513620,13,left_knee,1,1,2.000000,702.150000,534.330000,2.000000,688.818237,518.080811,21.018374,43.072155,1,0.087000,0.533012
SP_T_Jongkok_1,movenet,9,0.299077,ok,1,direct,0.513620,14,right_knee,1,1,2.000000,610.650000,525.430000,2.000000,611.582581,512.094055,13.368513,43.072155,1,0.087000,0.775269
SP_T_Jongkok_1,movenet,9,0.299077,ok,1,direct,0.513620,15,left_ankle,1,1,2.000000,709.050000,640.670000,2.000000,704.641479,629.755859,11.770876,43.072155,1,0.089000,0.828142
SP_T_Jongkok_1,movenet,9,0.299077,ok,1,direct,0.513620,16,right_ankle,1,1,2.000000,652.120000,638.450000,2.000000,623.823730,630.858948,29.296808,43.072155,1,0.089000,0.310943
SP_T_Jongkok_1,movenet,10,0.332307,ok,1,direct,0.490553,0,nose,0,0,0.000000,0.000000,0.000000,2.000000,634.752441,192.022247,,,,0.026000,
SP_T_Jongkok_1,movenet,10,0.332307,ok,1,direct,0.490553,1,left_eye,0,0,0.000000,0.000000,0.000000,2.000000,648.220215,183.185822,,,,0.025000,
SP_T_Jongkok_1,movenet,10,0.332307,ok,1,direct,0.490553,2,right_eye,0,0,0.000000,0.000000,0.000000,2.000000,624.383423,183.881409,,,,0.025000,
SP_T_Jongkok_1,movenet,10,0.332307,ok,1,direct,0.490553,3,left_ear,0,0,0.000000,0.000000,0.000000,2.000000,672.144775,185.553650,,,,0.035000,
SP_T_Jongkok_1,movenet,10,0.332307,ok,1,direct,0.490553,4,right_ear,0,0,0.000000,0.000000,0.000000,2.000000,607.412231,190.119949,,,,0.035000,
SP_T_Jongkok_1,movenet,10,0.332307,ok,1,direct,0.490553,5,left_shoulder,1,1,2.000000,707.830000,259.170000,2.000000,699.857544,251.768555,10.878486,42.446833,1,0.079000,0.810191
SP_T_Jongkok_1,movenet,10,0.332307,ok,1,direct,0.490553,6,right_shoulder,1,1,2.000000,600.400000,274.330000,2.000000,599.187683,257.052277,17.320203,42.446833,1,0.079000,0.586508
SP_T_Jongkok_1,movenet,10,0.332307,ok,1,direct,0.490553,7,left_elbow,1,1,2.000000,707.830000,361.910000,2.000000,706.164612,333.775787,28.183460,42.446833,1,0.072000,0.182530
SP_T_Jongkok_1,movenet,10,0.332307,ok,1,direct,0.490553,8,right_elbow,1,1,2.000000,591.150000,349.930000,2.000000,593.797363,336.191711,13.991037,42.446833,1,0.072000,0.657603
SP_T_Jongkok_1,movenet,10,0.332307,ok,1,direct,0.490553,9,left_wrist,1,1,2.000000,686.590000,431.370000,2.000000,702.041992,410.241119,26.176204,42.446833,1,0.062000,0.138256
SP_T_Jongkok_1,movenet,10,0.332307,ok,1,direct,0.490553,10,right_wrist,1,1,2.000000,591.320000,422.790000,2.000000,589.616943,416.466675,6.548652,42.446833,1,0.062000,0.883521
SP_T_Jongkok_1,movenet,10,0.332307,ok,1,direct,0.490553,11,left_hip,1,1,2.000000,686.270000,418.320000,2.000000,678.109741,394.924805,24.777510,42.446833,1,0.107000,0.551434
SP_T_Jongkok_1,movenet,10,0.332307,ok,1,direct,0.490553,12,right_hip,1,1,2.000000,633.580000,419.200000,2.000000,611.741760,396.104889,31.785105,42.446833,1,0.107000,0.375486
SP_T_Jongkok_1,movenet,10,0.332307,ok,1,direct,0.490553,13,left_knee,1,1,2.000000,702.150000,534.430000,2.000000,681.927490,519.479187,25.149090,42.446833,1,0.087000,0.395515
SP_T_Jongkok_1,movenet,10,0.332307,ok,1,direct,0.490553,14,right_knee,1,1,2.000000,606.000000,525.430000,2.000000,608.063232,513.843018,11.769243,42.446833,1,0.087000,0.816163
SP_T_Jongkok_1,movenet,10,0.332307,ok,1,direct,0.490553,15,left_ankle,1,1,2.000000,709.250000,640.570000,2.000000,703.207092,630.566284,11.687218,42.446833,1,0.089000,0.825788
SP_T_Jongkok_1,movenet,10,0.332307,ok,1,direct,0.490553,16,right_ankle,1,1,2.000000,652.120000,638.450000,2.000000,623.028931,635.219360,29.269905,42.446833,1,0.089000,0.301010
SP_T_Jongkok_1,movenet,11,0.365538,ok,1,direct,0.491556,0,nose,0,0,0.000000,0.000000,0.000000,2.000000,633.452515,196.281250,,,,0.026000,
SP_T_Jongkok_1,movenet,11,0.365538,ok,1,direct,0.491556,1,left_eye,0,0,0.000000,0.000000,0.000000,2.000000,645.733154,187.349365,,,,0.025000,
SP_T_Jongkok_1,movenet,11,0.365538,ok,1,direct,0.491556,2,right_eye,0,0,0.000000,0.000000,0.000000,2.000000,620.425293,188.295273,,,,0.025000,
SP_T_Jongkok_1,movenet,11,0.365538,ok,1,direct,0.491556,3,left_ear,0,0,0.000000,0.000000,0.000000,2.000000,673.124329,190.422180,,,,0.035000,
SP_T_Jongkok_1,movenet,11,0.365538,ok,1,direct,0.491556,4,right_ear,0,0,0.000000,0.000000,0.000000,2.000000,611.251587,194.876770,,,,0.035000,
SP_T_Jongkok_1,movenet,11,0.365538,ok,1,direct,0.491556,5,left_shoulder,1,1,2.000000,707.340000,265.370000,2.000000,698.307800,255.695328,13.235555,43.142695,1,0.079000,0.739627
SP_T_Jongkok_1,movenet,11,0.365538,ok,1,direct,0.491556,6,right_shoulder,1,1,2.000000,601.630000,279.630000,2.000000,600.168823,260.609772,19.076271,43.142695,1,0.079000,0.534438
SP_T_Jongkok_1,movenet,11,0.365538,ok,1,direct,0.491556,7,left_elbow,1,1,2.000000,705.750000,361.130000,2.000000,704.016968,337.128784,24.063702,43.142695,1,0.072000,0.301116
SP_T_Jongkok_1,movenet,11,0.365538,ok,1,direct,0.491556,8,right_elbow,1,1,2.000000,585.650000,353.960000,2.000000,586.802856,344.339447,9.689382,43.142695,1,0.072000,0.823164
SP_T_Jongkok_1,movenet,11,0.365538,ok,1,direct,0.491556,9,left_wrist,1,1,2.000000,683.640000,426.850000,2.000000,697.250000,415.662201,17.618143,43.142695,1,0.062000,0.419931
SP_T_Jongkok_1,movenet,11,0.365538,ok,1,direct,0.491556,10,right_wrist,1,1,2.000000,585.130000,426.330000,2.000000,586.605469,423.329865,3.343325,43.142695,1,0.062000,0.969237
SP_T_Jongkok_1,movenet,11,0.365538,ok,1,direct,0.491556,11,left_hip,1,1,2.000000,688.100000,421.990000,2.000000,682.730957,400.639679,22.015059,43.142695,1,0.107000,0.634530
SP_T_Jongkok_1,movenet,11,0.365538,ok,1,direct,0.491556,12,right_hip,1,1,2.000000,634.560000,424.120000,2.000000,607.297607,401.370392,35.507502,43.142695,1,0.107000,0.306272
SP_T_Jongkok_1,movenet,11,0.365538,ok,1,direct,0.491556,13,left_knee,1,1,2.000000,701.070000,536.000000,2.000000,682.587524,520.539429,24.096290,43.142695,1,0.087000,0.438549
SP_T_Jongkok_1,movenet,11,0.365538,ok,1,direct,0.491556,14,right_knee,1,1,2.000000,603.450000,528.480000,2.000000,605.518738,521.519531,7.261391,43.142695,1,0.087000,0.927879
SP_T_Jongkok_1,movenet,11,0.365538,ok,1,direct,0.491556,15,left_ankle,1,1,2.000000,709.150000,640.570000,2.000000,701.994019,632.410400,10.852978,43.142695,1,0.089000,0.852328
SP_T_Jongkok_1,movenet,11,0.365538,ok,1,direct,0.491556,16,right_ankle,1,1,2.000000,652.120000,638.450000,2.000000,627.700256,636.592712,24.490271,43.142695,1,0.089000,0.443250
SP_T_Jongkok_1,movenet,12,0.398769,ok,1,direct,0.501878,0,nose,0,0,0.000000,0.000000,0.000000,2.000000,633.794067,204.998535,,,,0.026000,
SP_T_Jongkok_1,movenet,12,0.398769,ok,1,direct,0.501878,1,left_eye,0,0,0.000000,0.000000,0.000000,2.000000,646.950195,194.951828,,,,0.025000,
SP_T_Jongkok_1,movenet,12,0.398769,ok,1,direct,0.501878,2,right_eye,0,0,0.000000,0.000000,0.000000,2.000000,620.062195,197.547974,,,,0.025000,
SP_T_Jongkok_1,movenet,12,0.398769,ok,1,direct,0.501878,3,left_ear,0,0,0.000000,0.000000,0.000000,2.000000,670.546936,197.730240,,,,0.035000,
SP_T_Jongkok_1,movenet,12,0.398769,ok,1,direct,0.501878,4,right_ear,0,0,0.000000,0.000000,0.000000,2.000000,605.547302,204.177109,,,,0.035000,
SP_T_Jongkok_1,movenet,12,0.398769,ok,1,direct,0.501878,5,left_shoulder,1,1,2.000000,706.840000,271.560000,2.000000,698.320435,265.949219,10.201170,43.956073,1,0.079000,0.841475
SP_T_Jongkok_1,movenet,12,0.398769,ok,1,direct,0.501878,6,right_shoulder,1,1,2.000000,602.850000,284.940000,2.000000,596.833740,269.470734,16.597999,43.956073,1,0.079000,0.633225
SP_T_Jongkok_1,movenet,12,0.398769,ok,1,direct,0.501878,7,left_elbow,1,1,2.000000,703.680000,360.350000,2.000000,696.400879,348.911133,13.558513,43.956073,1,0.072000,0.692760
SP_T_Jongkok_1,movenet,12,0.398769,ok,1,direct,0.501878,8,right_elbow,1,1,2.000000,583.730000,355.330000,2.000000,584.329102,351.722626,3.656784,43.956073,1,0.072000,0.973652
SP_T_Jongkok_1,movenet,12,0.398769,ok,1,direct,0.501878,9,left_wrist,1,1,2.000000,680.700000,422.330000,2.000000,688.000854,422.713257,7.310907,43.956073,1,0.062000,0.865948
SP_T_Jongkok_1,movenet,12,0.398769,ok,1,direct,0.501878,10,right_wrist,1,1,2.000000,578.150000,423.320000,2.000000,581.243713,428.753784,6.252765,43.956073,1,0.062000,0.900071
SP_T_Jongkok_1,movenet,12,0.398769,ok,1,direct,0.501878,11,left_hip,1,1,2.000000,689.410000,426.610000,2.000000,676.808472,412.602356,18.841778,43.956073,1,0.107000,0.725443
SP_T_Jongkok_1,movenet,12,0.398769,ok,1,direct,0.501878,12,right_hip,1,1,2.000000,635.540000,429.030000,2.000000,601.881836,413.432648,37.096488,43.956073,1,0.107000,0.288171
SP_T_Jongkok_1,movenet,12,0.398769,ok,1,direct,0.501878,13,left_knee,1,1,2.000000,699.990000,537.570000,2.000000,679.482361,525.861023,23.614898,43.956073,1,0.087000,0.466428
SP_T_Jongkok_1,movenet,12,0.398769,ok,1,direct,0.501878,14,right_knee,1,1,2.000000,600.890000,531.530000,2.000000,602.004944,531.283264,1.141919,43.956073,1,0.087000,0.998218
SP_T_Jongkok_1,movenet,12,0.398769,ok,1,direct,0.501878,15,left_ankle,1,1,2.000000,709.050000,640.570000,2.000000,700.290283,634.021545,10.936860,43.956073,1,0.089000,0.855291
SP_T_Jongkok_1,movenet,12,0.398769,ok,1,direct,0.501878,16,right_ankle,1,1,2.000000,652.120000,638.450000,2.000000,632.247192,634.280518,20.305493,43.956073,1,0.089000,0.583439
SP_T_Jongkok_1,movenet,13,0.432000,ok,1,direct,0.501756,0,nose,0,0,0.000000,0.000000,0.000000,2.000000,630.438354,213.099731,,,,0.026000,
SP_T_Jongkok_1,movenet,13,0.432000,ok,1,direct,0.501756,1,left_eye,0,0,0.000000,0.000000,0.000000,2.000000,644.603821,203.460876,,,,0.025000,
SP_T_Jongkok_1,movenet,13,0.432000,ok,1,direct,0.501756,2,right_eye,0,0,0.000000,0.000000,0.000000,2.000000,617.617859,204.983475,,,,0.025000,
SP_T_Jongkok_1,movenet,13,0.432000,ok,1,direct,0.501756,3,left_ear,0,0,0.000000,0.000000,0.000000,2.000000,671.581787,206.304932,,,,0.035000,
SP_T_Jongkok_1,movenet,13,0.432000,ok,1,direct,0.501756,4,right_ear,0,0,0.000000,0.000000,0.000000,2.000000,607.064087,213.098999,,,,0.035000,
SP_T_Jongkok_1,movenet,13,0.432000,ok,1,direct,0.501756,5,left_shoulder,1,1,2.000000,706.350000,277.750000,2.000000,693.953613,273.396912,13.138485,44.716592,1,0.079000,0.758321
SP_T_Jongkok_1,movenet,13,0.432000,ok,1,direct,0.501756,6,right_shoulder,1,1,2.000000,604.080000,290.250000,2.000000,595.067322,278.269775,14.991803,44.716592,1,0.079000,0.697535
SP_T_Jongkok_1,movenet,13,0.432000,ok,1,direct,0.501756,7,left_elbow,1,1,2.000000,701.600000,359.560000,2.000000,694.425903,361.735016,7.496556,44.716592,1,0.072000,0.897241
SP_T_Jongkok_1,movenet,13,0.432000,ok,1,direct,0.501756,8,right_elbow,1,1,2.000000,581.820000,356.700000,2.000000,574.586121,364.300018,10.492344,44.716592,1,0.072000,0.808634
SP_T_Jongkok_1,movenet,13,0.432000,ok,1,direct,0.501756,9,left_wrist,1,1,2.000000,675.540000,420.750000,2.000000,690.288452,433.055664,19.207973,44.716592,1,0.062000,0.382892
SP_T_Jongkok_1,movenet,13,0.432000,ok,1,direct,0.501756,10,right_wrist,1,1,2.000000,571.170000,420.300000,2.000000,566.900269,436.555481,16.806882,44.716592,1,0.062000,0.479509
SP_T_Jongkok_1,movenet,13,0.432000,ok,1,direct,0.501756,11,left_hip,1,1,2.000000,690.710000,431.230000,2.000000,680.364685,420.124390,15.177619,44.716592,1,0.107000,0.817709
SP_T_Jongkok_1,movenet,13,0.432000,ok,1,direct,0.501756,12,right_hip,1,1,2.000000,636.520000,433.940000,2.000000,603.316772,422.564209,35.097905,44.716592,1,0.107000,0.340893
SP_T_Jongkok_1,movenet,13,0.432000,ok,1,direct,0.501756,13,left_knee,1,1,2.000000,698.910000,539.150000,2.000000,679.653687,533.179871,20.160557,44.716592,1,0.087000,0.584438
SP_T_Jongkok_1,movenet,13,0.432000,ok,1,direct,0.501756,14,right_knee,1,1,2.000000,598.340000,534.580000,2.000000,603.374756,538.768677,6.549334,44.716592,1,0.087000,0.944894
SP_T_Jongkok_1,movenet,13,0.432000,ok,1,direct,0.501756,15,left_ankle,1,1,2.000000,708.950000,640.570000,2.000000,698.945190,635.148743,11.379202,44.716592,1,0.089000,0.849161
SP_T_Jongkok_1,movenet,13,0.432000,ok,1,direct,0.501756,16,right_ankle,1,1,2.000000,652.120000,638.450000,2.000000,629.341492,634.029602,23.203456,44.716592,1,0.089000,0.506689
SP_T_Jongkok_1,movenet,14,0.465230,ok,1,direct,0.516618,0,nose,0,0,0.000000,0.000000,0.000000,2.000000,628.893005,218.447250,,,,0.026000,
SP_T_Jongkok_1,movenet,14,0.465230,ok,1,direct,0.516618,1,left_eye,0,0,0.000000,0.000000,0.000000,2.000000,642.724976,209.591934,,,,0.025000,
SP_T_Jongkok_1,movenet,14,0.465230,ok,1,direct,0.516618,2,right_eye,0,0,0.000000,0.000000,0.000000,2.000000,615.419678,212.028854,,,,0.025000,
SP_T_Jongkok_1,movenet,14,0.465230,ok,1,direct,0.516618,3,left_ear,0,0,0.000000,0.000000,0.000000,2.000000,671.367859,214.725235,,,,0.035000,
SP_T_Jongkok_1,movenet,14,0.465230,ok,1,direct,0.516618,4,right_ear,0,0,0.000000,0.000000,0.000000,2.000000,606.728943,221.242874,,,,0.035000,
SP_T_Jongkok_1,movenet,14,0.465230,ok,1,direct,0.516618,5,left_shoulder,1,1,2.000000,705.860000,283.940000,2.000000,701.856079,279.842102,5.729236,45.428477,1,0.079000,0.950307
SP_T_Jongkok_1,movenet,14,0.465230,ok,1,direct,0.516618,6,right_shoulder,1,1,2.000000,605.310000,295.560000,2.000000,596.666809,281.865753,16.193738,45.428477,1,0.079000,0.665507
SP_T_Jongkok_1,movenet,14,0.465230,ok,1,direct,0.516618,7,left_elbow,1,1,2.000000,699.520000,358.780000,2.000000,693.029053,358.263458,6.511468,45.428477,1,0.072000,0.923798
SP_T_Jongkok_1,movenet,14,0.465230,ok,1,direct,0.516618,8,right_elbow,1,1,2.000000,579.910000,358.070000,2.000000,573.981812,359.046967,6.008151,45.428477,1,0.072000,0.934744
SP_T_Jongkok_1,movenet,14,0.465230,ok,1,direct,0.516618,9,left_wrist,1,1,2.000000,670.380000,419.180000,2.000000,684.147583,420.917511,13.876789,45.428477,1,0.062000,0.615404
SP_T_Jongkok_1,movenet,14,0.465230,ok,1,direct,0.516618,10,right_wrist,1,1,2.000000,564.190000,417.290000,2.000000,558.813232,424.743286,9.190272,45.428477,1,0.062000,0.808209
SP_T_Jongkok_1,movenet,14,0.465230,ok,1,direct,0.516618,11,left_hip,1,1,2.000000,692.020000,435.850000,2.000000,685.158325,417.316223,19.763185,45.428477,1,0.107000,0.718483
SP_T_Jongkok_1,movenet,14,0.465230,ok,1,direct,0.516618,12,right_hip,1,1,2.000000,637.510000,438.860000,2.000000,609.911255,419.127472,33.927325,45.428477,1,0.107000,0.377446
SP_T_Jongkok_1,movenet,14,0.465230,ok,1,direct,0.516618,13,left_knee,1,1,2.000000,697.830000,540.720000,2.000000,683.442078,532.271118,16.685200,45.428477,1,0.087000,0.700158
SP_T_Jongkok_1,movenet,14,0.465230,ok,1,direct,0.516618,14,right_knee,1,1,2.000000,595.780000,537.620000,2.000000,602.379639,536.619934,6.674980,45.428477,1,0.087000,0.944549
SP_T_Jongkok_1,movenet,14,0.465230,ok,1,direct,0.516618,15,left_ankle,1,1,2.000000,708.860000,640.570000,2.000000,699.733215,633.034363,11.835710,45.428477,1,0.089000,0.842494
SP_T_Jongkok_1,movenet,14,0.465230,ok,1,direct,0.516618,16,right_ankle,1,1,2.000000,652.120000,638.450000,2.000000,625.619263,631.777710,27.327798,45.428477,1,0.089000,0.401038
SP_T_Jongkok_1,movenet,15,0.498461,ok,1,direct,0.514171,0,nose,0,0,0.000000,0.000000,0.000000,2.000000,621.906128,229.915329,,,,0.026000,
SP_T_Jongkok_1,movenet,15,0.498461,ok,1,direct,0.514171,1,left_eye,0,0,0.000000,0.000000,0.000000,2.000000,637.941956,220.277084,,,,0.025000,
SP_T_Jongkok_1,movenet,15,0.498461,ok,1,direct,0.514171,2,right_eye,0,0,0.000000,0.000000,0.000000,2.000000,611.915283,222.802170,,,,0.025000,
SP_T_Jongkok_1,movenet,15,0.498461,ok,1,direct,0.514171,3,left_ear,0,0,0.000000,0.000000,0.000000,2.000000,670.586853,222.064133,,,,0.035000,
SP_T_Jongkok_1,movenet,15,0.498461,ok,1,direct,0.514171,4,right_ear,0,0,0.000000,0.000000,0.000000,2.000000,611.510071,228.530029,,,,0.035000,
SP_T_Jongkok_1,movenet,15,0.498461,ok,1,direct,0.514171,5,left_shoulder,1,1,2.000000,705.370000,290.130000,2.000000,696.640747,283.612640,10.893844,46.090859,1,0.079000,0.836087
SP_T_Jongkok_1,movenet,15,0.498461,ok,1,direct,0.514171,6,right_shoulder,1,1,2.000000,606.950000,300.860000,2.000000,600.542847,289.693024,12.874509,46.090859,1,0.079000,0.778771
SP_T_Jongkok_1,movenet,15,0.498461,ok,1,direct,0.514171,7,left_elbow,1,1,2.000000,697.440000,358.000000,2.000000,684.634094,361.963898,13.405361,46.090859,1,0.072000,0.721548
SP_T_Jongkok_1,movenet,15,0.498461,ok,1,direct,0.514171,8,right_elbow,1,1,2.000000,578.000000,359.440000,2.000000,575.336182,358.562103,2.804751,46.090859,1,0.072000,0.985815
SP_T_Jongkok_1,movenet,15,0.498461,ok,1,direct,0.514171,9,left_wrist,1,1,2.000000,666.290000,412.970000,2.000000,668.063599,426.313782,13.461135,46.090859,1,0.062000,0.641598
SP_T_Jongkok_1,movenet,15,0.498461,ok,1,direct,0.514171,10,right_wrist,1,1,2.000000,557.210000,414.270000,2.000000,549.976868,413.339264,7.292769,46.090859,1,0.062000,0.877870
SP_T_Jongkok_1,movenet,15,0.498461,ok,1,direct,0.514171,11,left_hip,1,1,2.000000,693.320000,440.470000,2.000000,689.247742,421.597626,19.306729,46.090859,1,0.107000,0.736008
SP_T_Jongkok_1,movenet,15,0.498461,ok,1,direct,0.514171,12,right_hip,1,1,2.000000,638.490000,443.770000,2.000000,620.851013,422.917755,27.312085,46.090859,1,0.107000,0.541508
SP_T_Jongkok_1,movenet,15,0.498461,ok,1,direct,0.514171,13,left_knee,1,1,2.000000,696.750000,542.290000,2.000000,681.481567,538.390381,15.758555,46.090859,1,0.087000,0.734266
SP_T_Jongkok_1,movenet,15,0.498461,ok,1,direct,0.514171,14,right_knee,1,1,2.000000,593.230000,540.670000,2.000000,596.755249,542.198486,3.842350,46.090859,1,0.087000,0.981804
SP_T_Jongkok_1,movenet,15,0.498461,ok,1,direct,0.514171,15,left_ankle,1,1,2.000000,708.760000,640.570000,2.000000,703.058105,637.528503,6.462376,46.090859,1,0.089000,0.951575
SP_T_Jongkok_1,movenet,15,0.498461,ok,1,direct,0.514171,16,right_ankle,1,1,2.000000,652.120000,638.450000,2.000000,626.131653,634.371399,26.306447,46.090859,1,0.089000,0.439325
SP_T_Jongkok_1,movenet,16,0.531692,ok,1,direct,0.509092,0,nose,0,0,0.000000,0.000000,0.000000,2.000000,627.599915,236.251694,,,,0.026000,
SP_T_Jongkok_1,movenet,16,0.531692,ok,1,direct,0.509092,1,left_eye,0,0,0.000000,0.000000,0.000000,2.000000,641.126953,227.197754,,,,0.025000,
SP_T_Jongkok_1,movenet,16,0.531692,ok,1,direct,0.509092,2,right_eye,0,0,0.000000,0.000000,0.000000,2.000000,615.040649,229.059387,,,,0.025000,
SP_T_Jongkok_1,movenet,16,0.531692,ok,1,direct,0.509092,3,left_ear,0,0,0.000000,0.000000,0.000000,2.000000,673.736877,229.378433,,,,0.035000,
SP_T_Jongkok_1,movenet,16,0.531692,ok,1,direct,0.509092,4,right_ear,0,0,0.000000,0.000000,0.000000,2.000000,609.135315,234.810303,,,,0.035000,
SP_T_Jongkok_1,movenet,16,0.531692,ok,1,direct,0.509092,5,left_shoulder,1,1,2.000000,704.880000,296.330000,2.000000,701.855591,292.199677,5.119240,46.705246,1,0.079000,0.962232
SP_T_Jongkok_1,movenet,16,0.531692,ok,1,direct,0.509092,6,right_shoulder,1,1,2.000000,608.590000,306.170000,2.000000,604.148560,293.956024,12.996446,46.705246,1,0.079000,0.780252
SP_T_Jongkok_1,movenet,16,0.531692,ok,1,direct,0.509092,7,left_elbow,1,1,2.000000,695.360000,357.220000,2.000000,680.197388,366.736115,17.901431,46.705246,1,0.072000,0.567353
SP_T_Jongkok_1,movenet,16,0.531692,ok,1,direct,0.509092,8,right_elbow,1,1,2.000000,576.090000,360.810000,2.000000,574.101440,362.283386,2.474921,46.705246,1,0.072000,0.989225
SP_T_Jongkok_1,movenet,16,0.531692,ok,1,direct,0.509092,9,left_wrist,1,1,2.000000,662.200000,406.750000,2.000000,657.078857,427.865082,21.727236,46.705246,1,0.062000,0.324340
SP_T_Jongkok_1,movenet,16,0.531692,ok,1,direct,0.509092,10,right_wrist,1,1,2.000000,550.240000,411.260000,2.000000,546.196045,412.522369,4.236408,46.705246,1,0.062000,0.958097
SP_T_Jongkok_1,movenet,16,0.531692,ok,1,direct,0.509092,11,left_hip,1,1,2.000000,694.630000,445.090000,2.000000,693.901367,425.681732,19.421940,46.705246,1,0.107000,0.739282
SP_T_Jongkok_1,movenet,16,0.531692,ok,1,direct,0.509092,12,right_hip,1,1,2.000000,639.470000,448.690000,2.000000,629.112671,427.728729,23.380529,46.705246,1,0.107000,0.645478
SP_T_Jongkok_1,movenet,16,0.531692,ok,1,direct,0.509092,13,left_knee,1,1,2.000000,695.660000,543.860000,2.000000,683.957275,540.445740,12.190609,46.705246,1,0.087000,0.835257
SP_T_Jongkok_1,movenet,16,0.531692,ok,1,direct,0.509092,14,right_knee,1,1,2.000000,590.670000,543.720000,2.000000,595.569214,545.558289,5.232743,46.705246,1,0.087000,0.967376
SP_T_Jongkok_1,movenet,16,0.531692,ok,1,direct,0.509092,15,left_ankle,1,1,2.000000,708.660000,640.570000,2.000000,704.759583,637.676270,4.856638,46.705246,1,0.089000,0.973068
SP_T_Jongkok_1,movenet,16,0.531692,ok,1,direct,0.509092,16,right_ankle,1,1,2.000000,652.120000,638.450000,2.000000,630.879333,634.366760,21.629581,46.705246,1,0.089000,0.581863
SP_T_Jongkok_1,movenet,17,0.564922,ok,1,direct,0.521020,0,nose,0,0,0.000000,0.000000,0.000000,2.000000,625.416626,244.837784,,,,0.026000,
SP_T_Jongkok_1,movenet,17,0.564922,ok,1,direct,0.521020,1,left_eye,0,0,0.000000,0.000000,0.000000,2.000000,640.590088,234.867950,,,,0.025000,
SP_T_Jongkok_1,movenet,17,0.564922,ok,1,direct,0.521020,2,right_eye,0,0,0.000000,0.000000,0.000000,2.000000,615.456604,235.156448,,,,0.025000,
SP_T_Jongkok_1,movenet,17,0.564922,ok,1,direct,0.521020,3,left_ear,0,0,0.000000,0.000000,0.000000,2.000000,673.569580,237.667191,,,,0.035000,
SP_T_Jongkok_1,movenet,17,0.564922,ok,1,direct,0.521020,4,right_ear,0,0,0.000000,0.000000,0.000000,2.000000,611.457153,242.681549,,,,0.035000,
SP_T_Jongkok_1,movenet,17,0.564922,ok,1,direct,0.521020,5,left_shoulder,1,1,2.000000,704.390000,302.520000,2.000000,698.725098,296.943512,7.949109,47.023958,1,0.079000,0.912493
SP_T_Jongkok_1,movenet,17,0.564922,ok,1,direct,0.521020,6,right_shoulder,1,1,2.000000,610.230000,311.480000,2.000000,604.784546,301.597137,11.283791,47.023958,1,0.079000,0.831502
SP_T_Jongkok_1,movenet,17,0.564922,ok,1,direct,0.521020,7,left_elbow,1,1,2.000000,693.280000,356.430000,2.000000,675.635742,367.379852,20.765816,47.023958,1,0.072000,0.471254
SP_T_Jongkok_1,movenet,17,0.564922,ok,1,direct,0.521020,8,right_elbow,1,1,2.000000,574.180000,362.190000,2.000000,572.900757,363.042236,1.537130,47.023958,1,0.072000,0.995886
SP_T_Jongkok_1,movenet,17,0.564922,ok,1,direct,0.521020,9,left_wrist,1,1,2.000000,658.120000,400.540000,2.000000,645.889282,419.032471,22.171196,47.023958,1,0.062000,0.314551
SP_T_Jongkok_1,movenet,17,0.564922,ok,1,direct,0.521020,10,right_wrist,1,1,2.000000,545.030000,408.250000,2.000000,542.037170,407.510376,3.082868,47.023958,1,0.062000,0.977886
SP_T_Jongkok_1,movenet,17,0.564922,ok,1,direct,0.521020,11,left_hip,1,1,2.000000,695.940000,449.710000,2.000000,694.178955,433.719177,16.087501,47.023958,1,0.107000,0.815090
SP_T_Jongkok_1,movenet,17,0.564922,ok,1,direct,0.521020,12,right_hip,1,1,2.000000,640.460000,453.600000,2.000000,634.837952,438.129089,16.460756,47.023958,1,0.107000,0.807305
SP_T_Jongkok_1,movenet,17,0.564922,ok,1,direct,0.521020,13,left_knee,1,1,2.000000,694.580000,545.440000,2.000000,691.828003,545.531250,2.753509,47.023958,1,0.087000,0.990981
SP_T_Jongkok_1,movenet,17,0.564922,ok,1,direct,0.521020,14,right_knee,1,1,2.000000,588.120000,546.760000,2.000000,594.644226,549.289307,6.997351,47.023958,1,0.087000,0.943170
SP_T_Jongkok_1,movenet,17,0.564922,ok,1,direct,0.521020,15,left_ankle,1,1,2.000000,708.560000,640.570000,2.000000,711.037354,638.992126,2.937170,47.023958,1,0.089000,0.990198
SP_T_Jongkok_1,movenet,17,0.564922,ok,1,direct,0.521020,16,right_ankle,1,1,2.000000,652.120000,638.450000,2.000000,633.783020,637.032349,18.391698,47.023958,1,0.089000,0.679609
SP_T_Jongkok_1,movenet,18,0.598153,ok,1,direct,0.525899,0,nose,0,0,0.000000,0.000000,0.000000,2.000000,627.432495,252.981125,,,,0.026000,
SP_T_Jongkok_1,movenet,18,0.598153,ok,1,direct,0.525899,1,left_eye,0,0,0.000000,0.000000,0.000000,2.000000,640.733398,243.469299,,,,0.025000,
SP_T_Jongkok_1,movenet,18,0.598153,ok,1,direct,0.525899,2,right_eye,0,0,0.000000,0.000000,0.000000,2.000000,616.922668,245.323395,,,,0.025000,
SP_T_Jongkok_1,movenet,18,0.598153,ok,1,direct,0.525899,3,left_ear,0,0,0.000000,0.000000,0.000000,2.000000,671.574829,245.405045,,,,0.035000,
SP_T_Jongkok_1,movenet,18,0.598153,ok,1,direct,0.525899,4,right_ear,0,0,0.000000,0.000000,0.000000,2.000000,611.791443,252.128525,,,,0.035000,
SP_T_Jongkok_1,movenet,18,0.598153,ok,1,direct,0.525899,5,left_shoulder,1,1,2.000000,703.900000,308.710000,2.000000,698.094116,302.664825,8.381672,47.313791,1,0.079000,0.904323
SP_T_Jongkok_1,movenet,18,0.598153,ok,1,direct,0.525899,6,right_shoulder,1,1,2.000000,611.860000,316.790000,2.000000,603.385254,310.606140,10.491017,47.313791,1,0.079000,0.854229
SP_T_Jongkok_1,movenet,18,0.598153,ok,1,direct,0.525899,7,left_elbow,1,1,2.000000,691.210000,355.650000,2.000000,674.388123,369.246826,21.629823,47.313791,1,0.072000,0.446508
SP_T_Jongkok_1,movenet,18,0.598153,ok,1,direct,0.525899,8,right_elbow,1,1,2.000000,573.530000,362.450000,2.000000,569.563049,365.961060,5.297569,47.313791,1,0.072000,0.952785
SP_T_Jongkok_1,movenet,18,0.598153,ok,1,direct,0.525899,9,left_wrist,1,1,2.000000,654.030000,394.320000,2.000000,641.206970,408.685577,19.256165,47.313791,1,0.062000,0.422398
SP_T_Jongkok_1,movenet,18,0.598153,ok,1,direct,0.525899,10,right_wrist,1,1,2.000000,539.820000,405.230000,2.000000,541.133972,398.923065,6.442356,47.313791,1,0.062000,0.908044
SP_T_Jongkok_1,movenet,18,0.598153,ok,1,direct,0.525899,11,left_hip,1,1,2.000000,697.240000,454.330000,2.000000,699.125061,445.062683,9.457094,47.313791,1,0.107000,0.932588
SP_T_Jongkok_1,movenet,18,0.598153,ok,1,direct,0.525899,12,right_hip,1,1,2.000000,641.440000,458.520000,2.000000,639.519165,447.476074,11.209724,47.313791,1,0.107000,0.906598
SP_T_Jongkok_1,movenet,18,0.598153,ok,1,direct,0.525899,13,left_knee,1,1,2.000000,693.500000,547.010000,2.000000,692.072693,550.077393,3.383209,47.313791,1,0.087000,0.986580
SP_T_Jongkok_1,movenet,18,0.598153,ok,1,direct,0.525899,14,right_knee,1,1,2.000000,585.560000,549.810000,2.000000,592.221558,553.735291,7.732028,47.313791,1,0.087000,0.931865
SP_T_Jongkok_1,movenet,18,0.598153,ok,1,direct,0.525899,15,left_ankle,1,1,2.000000,708.460000,640.570000,2.000000,712.646484,640.546631,4.186550,47.313791,1,0.089000,0.980425
SP_T_Jongkok_1,movenet,18,0.598153,ok,1,direct,0.525899,16,right_ankle,1,1,2.000000,652.120000,638.450000,2.000000,636.375671,637.203186,15.793620,47.313791,1,0.089000,0.754769
SP_T_Jongkok_1,movenet,19,0.631384,ok,1,direct,0.516135,0,nose,0,0,0.000000,0.000000,0.000000,2.000000,631.258057,258.043793,,,,0.026000,
SP_T_Jongkok_1,movenet,19,0.631384,ok,1,direct,0.516135,1,left_eye,0,0,0.000000,0.000000,0.000000,2.000000,643.818054,250.458603,,,,0.025000,
SP_T_Jongkok_1,movenet,19,0.631384,ok,1,direct,0.516135,2,right_eye,0,0,0.000000,0.000000,0.000000,2.000000,619.514404,252.668747,,,,0.025000,
SP_T_Jongkok_1,movenet,19,0.631384,ok,1,direct,0.516135,3,left_ear,0,0,0.000000,0.000000,0.000000,2.000000,674.608154,254.093018,,,,0.035000,
SP_T_Jongkok_1,movenet,19,0.631384,ok,1,direct,0.516135,4,right_ear,0,0,0.000000,0.000000,0.000000,2.000000,611.398865,259.702881,,,,0.035000,
SP_T_Jongkok_1,movenet,19,0.631384,ok,1,direct,0.516135,5,left_shoulder,1,1,2.000000,703.400000,314.900000,2.000000,700.340454,308.751984,6.867236,47.575272,1,0.079000,0.935411
SP_T_Jongkok_1,movenet,19,0.631384,ok,1,direct,0.516135,6,right_shoulder,1,1,2.000000,613.500000,322.090000,2.000000,604.123291,315.780487,11.301886,47.575272,1,0.079000,0.834562
SP_T_Jongkok_1,movenet,19,0.631384,ok,1,direct,0.516135,7,left_elbow,1,1,2.000000,689.130000,354.870000,2.000000,675.443481,370.165833,20.525187,47.575272,1,0.072000,0.487685
SP_T_Jongkok_1,movenet,19,0.631384,ok,1,direct,0.516135,8,right_elbow,1,1,2.000000,572.880000,362.720000,2.000000,560.046509,373.179016,16.555649,47.575272,1,0.072000,0.626760
SP_T_Jongkok_1,movenet,19,0.631384,ok,1,direct,0.516135,9,left_wrist,1,1,2.000000,650.650000,390.240000,2.000000,639.143188,395.431854,12.623869,47.575272,1,0.062000,0.693276
SP_T_Jongkok_1,movenet,19,0.631384,ok,1,direct,0.516135,10,right_wrist,1,1,2.000000,534.610000,402.220000,2.000000,532.618591,397.735535,4.906744,47.575272,1,0.062000,0.946160
SP_T_Jongkok_1,movenet,19,0.631384,ok,1,direct,0.516135,11,left_hip,1,1,2.000000,698.550000,458.950000,2.000000,696.111511,458.161804,2.562710,47.575272,1,0.107000,0.994944
SP_T_Jongkok_1,movenet,19,0.631384,ok,1,direct,0.516135,12,right_hip,1,1,2.000000,642.420000,463.430000,2.000000,635.912109,460.131104,7.296256,47.575272,1,0.107000,0.959746
SP_T_Jongkok_1,movenet,19,0.631384,ok,1,direct,0.516135,13,left_knee,1,1,2.000000,692.420000,548.580000,2.000000,693.867310,554.517761,6.111605,47.575272,1,0.087000,0.957332
SP_T_Jongkok_1,movenet,19,0.631384,ok,1,direct,0.516135,14,right_knee,1,1,2.000000,583.000000,552.860000,2.000000,588.652344,554.515686,5.889846,47.575272,1,0.087000,0.960311
SP_T_Jongkok_1,movenet,19,0.631384,ok,1,direct,0.516135,15,left_ankle,1,1,2.000000,708.360000,640.570000,2.000000,711.330322,640.375916,2.976656,47.575272,1,0.089000,0.990164
SP_T_Jongkok_1,movenet,19,0.631384,ok,1,direct,0.516135,16,right_ankle,1,1,2.000000,652.120000,638.450000,2.000000,637.579834,636.420410,14.681133,47.575272,1,0.089000,0.786282
SP_T_Jongkok_1,movenet,20,0.664615,ok,1,direct,0.580451,0,nose,0,0,0.000000,0.000000,0.000000,2.000000,628.559509,267.410583,,,,0.026000,
SP_T_Jongkok_1,movenet,20,0.664615,ok,1,direct,0.580451,1,left_eye,0,0,0.000000,0.000000,0.000000,2.000000,641.364502,259.362793,,,,0.025000,
SP_T_Jongkok_1,movenet,20,0.664615,ok,1,direct,0.580451,2,right_eye,0,0,0.000000,0.000000,0.000000,2.000000,617.792725,259.750519,,,,0.025000,
SP_T_Jongkok_1,movenet,20,0.664615,ok,1,direct,0.580451,3,left_ear,0,0,0.000000,0.000000,0.000000,2.000000,674.717712,262.005219,,,,0.035000,
SP_T_Jongkok_1,movenet,20,0.664615,ok,1,direct,0.580451,4,right_ear,0,0,0.000000,0.000000,0.000000,2.000000,613.286865,264.867493,,,,0.035000,
SP_T_Jongkok_1,movenet,20,0.664615,ok,1,direct,0.580451,5,left_shoulder,1,1,2.000000,702.910000,321.090000,2.000000,702.295898,310.068665,11.038431,47.810203,1,0.079000,0.842970
SP_T_Jongkok_1,movenet,20,0.664615,ok,1,direct,0.580451,6,right_shoulder,1,1,2.000000,615.140000,327.400000,2.000000,600.437866,320.212311,16.365073,47.810203,1,0.079000,0.686969
SP_T_Jongkok_1,movenet,20,0.664615,ok,1,direct,0.580451,7,left_elbow,1,1,2.000000,687.050000,354.080000,2.000000,669.802612,368.927307,22.757744,47.810203,1,0.072000,0.417220
SP_T_Jongkok_1,movenet,20,0.664615,ok,1,direct,0.580451,8,right_elbow,1,1,2.000000,572.230000,362.990000,2.000000,569.794495,364.536163,2.884841,47.810203,1,0.072000,0.986052
SP_T_Jongkok_1,movenet,20,0.664615,ok,1,direct,0.580451,9,left_wrist,1,1,2.000000,647.280000,386.160000,2.000000,643.933472,385.817993,3.363959,47.810203,1,0.062000,0.974571
SP_T_Jongkok_1,movenet,20,0.664615,ok,1,direct,0.580451,10,right_wrist,1,1,2.000000,529.400000,399.200000,2.000000,530.882202,392.922119,6.450481,47.810203,1,0.062000,0.909638
SP_T_Jongkok_1,movenet,20,0.664615,ok,1,direct,0.580451,11,left_hip,1,1,2.000000,699.850000,463.570000,2.000000,695.887573,464.380127,4.044395,47.810203,1,0.107000,0.987577
SP_T_Jongkok_1,movenet,20,0.664615,ok,1,direct,0.580451,12,right_hip,1,1,2.000000,643.400000,468.340000,2.000000,638.645874,468.777222,4.774189,47.810203,1,0.107000,0.982732
SP_T_Jongkok_1,movenet,20,0.664615,ok,1,direct,0.580451,13,left_knee,1,1,2.000000,691.340000,550.150000,2.000000,687.702515,554.588684,5.738747,47.810203,1,0.087000,0.962645
SP_T_Jongkok_1,movenet,20,0.664615,ok,1,direct,0.580451,14,right_knee,1,1,2.000000,580.450000,555.900000,2.000000,587.815186,557.360596,7.508615,47.810203,1,0.087000,0.936905
SP_T_Jongkok_1,movenet,20,0.664615,ok,1,direct,0.580451,15,left_ankle,1,1,2.000000,708.270000,640.570000,2.000000,711.847046,642.622925,4.124289,47.810203,1,0.089000,0.981386
SP_T_Jongkok_1,movenet,20,0.664615,ok,1,direct,0.580451,16,right_ankle,1,1,2.000000,652.120000,638.450000,2.000000,640.750427,637.437744,11.414545,47.810203,1,0.089000,0.865956
SP_T_Jongkok_1,movenet,21,0.697845,ok,1,direct,0.521325,0,nose,0,0,0.000000,0.000000,0.000000,2.000000,627.298462,275.751007,,,,0.026000,
SP_T_Jongkok_1,movenet,21,0.697845,ok,1,direct,0.521325,1,left_eye,0,0,0.000000,0.000000,0.000000,2.000000,639.399963,266.434021,,,,0.025000,
SP_T_Jongkok_1,movenet,21,0.697845,ok,1,direct,0.521325,2,right_eye,0,0,0.000000,0.000000,0.000000,2.000000,617.647522,267.293335,,,,0.025000,
SP_T_Jongkok_1,movenet,21,0.697845,ok,1,direct,0.521325,3,left_ear,0,0,0.000000,0.000000,0.000000,2.000000,671.947937,268.862915,,,,0.035000,
SP_T_Jongkok_1,movenet,21,0.697845,ok,1,direct,0.521325,4,right_ear,0,0,0.000000,0.000000,0.000000,2.000000,614.428650,271.393677,,,,0.035000,
SP_T_Jongkok_1,movenet,21,0.697845,ok,1,direct,0.521325,5,left_shoulder,1,1,2.000000,703.310000,326.600000,2.000000,698.745972,317.294891,10.364140,47.586524,1,0.079000,0.858979
SP_T_Jongkok_1,movenet,21,0.697845,ok,1,direct,0.521325,6,right_shoulder,1,1,2.000000,615.340000,333.100000,2.000000,606.395935,323.992340,12.765021,47.586524,1,0.079000,0.794061
SP_T_Jongkok_1,movenet,21,0.697845,ok,1,direct,0.521325,7,left_elbow,1,1,2.000000,686.280000,357.420000,2.000000,654.626465,369.333557,33.821282,47.586524,1,0.072000,0.142439
SP_T_Jongkok_1,movenet,21,0.697845,ok,1,direct,0.521325,8,right_elbow,1,1,2.000000,571.570000,366.790000,2.000000,558.734497,371.626251,13.716394,47.586524,1,0.072000,0.725760
SP_T_Jongkok_1,movenet,21,0.697845,ok,1,direct,0.521325,9,left_wrist,1,1,2.000000,646.360000,383.090000,0.000000,600.103271,382.176727,,47.586524,0,0.062000,0.000000
SP_T_Jongkok_1,movenet,21,0.697845,ok,1,direct,0.521325,10,right_wrist,1,1,2.000000,527.860000,397.250000,2.000000,532.351135,387.870605,10.399199,47.586524,1,0.062000,0.779991
SP_T_Jongkok_1,movenet,21,0.697845,ok,1,direct,0.521325,11,left_hip,1,1,2.000000,700.540000,469.370000,2.000000,692.289917,468.358551,8.311853,47.586524,1,0.107000,0.948100
SP_T_Jongkok_1,movenet,21,0.697845,ok,1,direct,0.521325,12,right_hip,1,1,2.000000,644.090000,474.340000,2.000000,635.618835,472.643555,8.639361,47.586524,1,0.107000,0.944048
SP_T_Jongkok_1,movenet,21,0.697845,ok,1,direct,0.521325,13,left_knee,1,1,2.000000,691.630000,551.140000,2.000000,689.554749,556.448242,5.699483,47.586524,1,0.087000,0.962805
SP_T_Jongkok_1,movenet,21,0.697845,ok,1,direct,0.521325,14,right_knee,1,1,2.000000,580.550000,556.490000,2.000000,586.252380,558.625366,6.089083,47.586524,1,0.087000,0.957658
SP_T_Jongkok_1,movenet,21,0.697845,ok,1,direct,0.521325,15,left_ankle,1,1,2.000000,708.170000,640.570000,2.000000,710.119751,643.273621,3.333331,47.586524,1,0.089000,0.987687
SP_T_Jongkok_1,movenet,21,0.697845,ok,1,direct,0.521325,16,right_ankle,1,1,2.000000,652.120000,638.450000,2.000000,643.029114,637.593689,9.131127,47.586524,1,0.089000,0.911223
SP_T_Jongkok_1,movenet,22,0.731076,ok,1,direct,0.537094,0,nose,0,0,0.000000,0.000000,0.000000,2.000000,633.801514,280.941803,,,,0.026000,
SP_T_Jongkok_1,movenet,22,0.731076,ok,1,direct,0.537094,1,left_eye,0,0,0.000000,0.000000,0.000000,2.000000,645.763184,272.800171,,,,0.025000,
SP_T_Jongkok_1,movenet,22,0.731076,ok,1,direct,0.537094,2,right_eye,0,0,0.000000,0.000000,0.000000,2.000000,622.408813,273.141815,,,,0.025000,
SP_T_Jongkok_1,movenet,22,0.731076,ok,1,direct,0.537094,3,left_ear,0,0,0.000000,0.000000,0.000000,2.000000,675.051575,275.373718,,,,0.035000,
SP_T_Jongkok_1,movenet,22,0.731076,ok,1,direct,0.537094,4,right_ear,0,0,0.000000,0.000000,0.000000,2.000000,610.077454,278.170776,,,,0.035000,
SP_T_Jongkok_1,movenet,22,0.731076,ok,1,direct,0.537094,5,left_shoulder,1,1,2.000000,703.700000,332.100000,2.000000,695.865356,323.771057,11.434725,47.355854,1,0.079000,0.829573
SP_T_Jongkok_1,movenet,22,0.731076,ok,1,direct,0.537094,6,right_shoulder,1,1,2.000000,615.530000,338.800000,2.000000,606.315186,327.933075,14.247907,47.355854,1,0.079000,0.748197
SP_T_Jongkok_1,movenet,22,0.731076,ok,1,direct,0.537094,7,left_elbow,1,1,2.000000,685.510000,360.760000,2.000000,634.233154,375.344727,53.310685,47.355854,0,0.072000,0.007527
SP_T_Jongkok_1,movenet,22,0.731076,ok,1,direct,0.537094,8,right_elbow,1,1,2.000000,570.910000,370.600000,2.000000,566.287598,372.597839,5.035669,47.355854,1,0.072000,0.957313
SP_T_Jongkok_1,movenet,22,0.731076,ok,1,direct,0.537094,9,left_wrist,1,1,2.000000,645.440000,380.030000,2.000000,546.747803,386.864624,98.928570,47.355854,0,0.062000,0.000000
SP_T_Jongkok_1,movenet,22,0.731076,ok,1,direct,0.537094,10,right_wrist,1,1,2.000000,526.320000,395.300000,2.000000,528.369202,388.935486,6.686275,47.355854,1,0.062000,0.901477
SP_T_Jongkok_1,movenet,22,0.731076,ok,1,direct,0.537094,11,left_hip,1,1,2.000000,701.230000,475.160000,2.000000,695.441406,472.649994,6.309354,47.355854,1,0.107000,0.969467
SP_T_Jongkok_1,movenet,22,0.731076,ok,1,direct,0.537094,12,right_hip,1,1,2.000000,644.780000,480.330000,2.000000,639.218445,473.628021,8.709042,47.355854,1,0.107000,0.942629
SP_T_Jongkok_1,movenet,22,0.731076,ok,1,direct,0.537094,13,left_knee,1,1,2.000000,691.930000,552.120000,2.000000,688.374878,557.930542,6.811849,47.355854,1,0.087000,0.946795
SP_T_Jongkok_1,movenet,22,0.731076,ok,1,direct,0.537094,14,right_knee,1,1,2.000000,580.650000,557.080000,2.000000,586.070435,560.769897,6.557168,47.355854,1,0.087000,0.950601
SP_T_Jongkok_1,movenet,22,0.731076,ok,1,direct,0.537094,15,left_ankle,1,1,2.000000,708.070000,640.570000,2.000000,709.352966,645.739746,5.326563,47.355854,1,0.089000,0.968560
SP_T_Jongkok_1,movenet,22,0.731076,ok,1,direct,0.537094,16,right_ankle,1,1,2.000000,652.120000,638.450000,2.000000,641.964417,638.525452,10.155864,47.355854,1,0.089000,0.890361
SP_T_Jongkok_1,movenet,23,0.764307,ok,1,direct,0.527482,0,nose,0,0,0.000000,0.000000,0.000000,2.000000,627.613708,287.797913,,,,0.026000,
SP_T_Jongkok_1,movenet,23,0.764307,ok,1,direct,0.527482,1,left_eye,0,0,0.000000,0.000000,0.000000,2.000000,640.111633,279.087524,,,,0.025000,
SP_T_Jongkok_1,movenet,23,0.764307,ok,1,direct,0.527482,2,right_eye,0,0,0.000000,0.000000,0.000000,2.000000,616.872620,278.436584,,,,0.025000,
SP_T_Jongkok_1,movenet,23,0.764307,ok,1,direct,0.527482,3,left_ear,0,0,0.000000,0.000000,0.000000,2.000000,671.685669,282.490082,,,,0.035000,
SP_T_Jongkok_1,movenet,23,0.764307,ok,1,direct,0.527482,4,right_ear,0,0,0.000000,0.000000,0.000000,2.000000,615.995972,282.032623,,,,0.035000,
SP_T_Jongkok_1,movenet,23,0.764307,ok,1,direct,0.527482,5,left_shoulder,1,1,2.000000,704.090000,337.610000,2.000000,694.718689,325.383392,15.404915,47.116554,1,0.079000,0.709945
SP_T_Jongkok_1,movenet,23,0.764307,ok,1,direct,0.527482,6,right_shoulder,1,1,2.000000,615.730000,344.500000,2.000000,606.059326,331.848389,15.924359,47.116554,1,0.079000,0.693461
SP_T_Jongkok_1,movenet,23,0.764307,ok,1,direct,0.527482,7,left_elbow,1,1,2.000000,684.730000,364.100000,2.000000,646.965881,376.142639,39.637783,47.116554,1,0.072000,0.065189
SP_T_Jongkok_1,movenet,23,0.764307,ok,1,direct,0.527482,8,right_elbow,1,1,2.000000,570.240000,374.400000,2.000000,565.260925,376.855164,5.551487,47.116554,1,0.072000,0.947850
SP_T_Jongkok_1,movenet,23,0.764307,ok,1,direct,0.527482,9,left_wrist,1,1,2.000000,644.530000,376.960000,0.000000,574.891235,383.818451,,47.116554,0,0.062000,0.000000
SP_T_Jongkok_1,movenet,23,0.764307,ok,1,direct,0.527482,10,right_wrist,1,1,2.000000,524.780000,393.350000,2.000000,532.575745,389.063263,8.896614,47.116554,1,0.062000,0.830687
SP_T_Jongkok_1,movenet,23,0.764307,ok,1,direct,0.527482,11,left_hip,1,1,2.000000,701.920000,480.960000,2.000000,696.828552,475.802979,7.246910,47.116554,1,0.107000,0.959516
SP_T_Jongkok_1,movenet,23,0.764307,ok,1,direct,0.527482,12,right_hip,1,1,2.000000,645.470000,486.330000,2.000000,639.193176,477.939941,10.478149,47.116554,1,0.107000,0.917233
SP_T_Jongkok_1,movenet,23,0.764307,ok,1,direct,0.527482,13,left_knee,1,1,2.000000,692.220000,553.100000,2.000000,688.814087,558.029663,5.991813,47.116554,1,0.087000,0.958167
SP_T_Jongkok_1,movenet,23,0.764307,ok,1,direct,0.527482,14,right_knee,1,1,2.000000,580.740000,557.670000,2.000000,583.614258,561.334839,4.657510,47.116554,1,0.087000,0.974511
SP_T_Jongkok_1,movenet,23,0.764307,ok,1,direct,0.527482,15,left_ankle,1,1,2.000000,707.970000,640.570000,2.000000,706.227966,644.774658,4.551245,47.116554,1,0.089000,0.976716
SP_T_Jongkok_1,movenet,23,0.764307,ok,1,direct,0.527482,16,right_ankle,1,1,2.000000,652.120000,638.450000,2.000000,638.597046,640.663696,13.702946,47.116554,1,0.089000,0.807699
SP_T_Jongkok_1,movenet,24,0.797538,ok,1,direct,0.531834,0,nose,0,0,0.000000,0.000000,0.000000,2.000000,631.537231,294.858551,,,,0.026000,
SP_T_Jongkok_1,movenet,24,0.797538,ok,1,direct,0.531834,1,left_eye,0,0,0.000000,0.000000,0.000000,2.000000,642.132324,287.481445,,,,0.025000,
SP_T_Jongkok_1,movenet,24,0.797538,ok,1,direct,0.531834,2,right_eye,0,0,0.000000,0.000000,0.000000,2.000000,619.559692,287.470825,,,,0.025000,
SP_T_Jongkok_1,movenet,24,0.797538,ok,1,direct,0.531834,3,left_ear,0,0,0.000000,0.000000,0.000000,2.000000,671.177429,288.591064,,,,0.035000,
SP_T_Jongkok_1,movenet,24,0.797538,ok,1,direct,0.531834,4,right_ear,0,0,0.000000,0.000000,0.000000,2.000000,611.474976,289.918671,,,,0.035000,
SP_T_Jongkok_1,movenet,24,0.797538,ok,1,direct,0.531834,5,left_shoulder,1,1,2.000000,704.490000,343.110000,2.000000,692.592834,329.065765,18.406061,46.868781,1,0.079000,0.610040
SP_T_Jongkok_1,movenet,24,0.797538,ok,1,direct,0.531834,6,right_shoulder,1,1,2.000000,615.930000,350.200000,2.000000,607.161072,338.169189,14.887394,46.868781,1,0.079000,0.723735
SP_T_Jongkok_1,movenet,24,0.797538,ok,1,direct,0.531834,7,left_elbow,1,1,2.000000,683.960000,367.440000,2.000000,654.890503,368.630310,29.093857,46.868781,1,0.072000,0.226135
SP_T_Jongkok_1,movenet,24,0.797538,ok,1,direct,0.531834,8,right_elbow,1,1,2.000000,569.580000,378.210000,2.000000,569.194031,376.592529,1.662884,46.868781,1,0.072000,0.995155
SP_T_Jongkok_1,movenet,24,0.797538,ok,1,direct,0.531834,9,left_wrist,1,1,2.000000,643.610000,373.890000,2.000000,566.432617,386.360962,78.178471,46.868781,0,0.062000,0.000001
SP_T_Jongkok_1,movenet,24,0.797538,ok,1,direct,0.531834,10,right_wrist,1,1,2.000000,523.250000,391.400000,2.000000,537.021545,388.207855,14.136663,46.868781,1,0.062000,0.622918
SP_T_Jongkok_1,movenet,24,0.797538,ok,1,direct,0.531834,11,left_hip,1,1,2.000000,702.610000,486.760000,2.000000,694.440430,480.184906,10.486837,46.868781,1,0.107000,0.916260
SP_T_Jongkok_1,movenet,24,0.797538,ok,1,direct,0.531834,12,right_hip,1,1,2.000000,646.160000,492.330000,2.000000,641.950623,482.317108,10.861715,46.868781,1,0.107000,0.910447
SP_T_Jongkok_1,movenet,24,0.797538,ok,1,direct,0.531834,13,left_knee,1,1,2.000000,692.520000,554.090000,2.000000,689.972290,557.890015,4.575034,46.868781,1,0.087000,0.975137
SP_T_Jongkok_1,movenet,24,0.797538,ok,1,direct,0.531834,14,right_knee,1,1,2.000000,580.840000,558.260000,2.000000,583.603882,563.209717,5.669104,46.868781,1,0.087000,0.962079
SP_T_Jongkok_1,movenet,24,0.797538,ok,1,direct,0.531834,15,left_ankle,1,1,2.000000,707.870000,640.570000,2.000000,706.234802,644.660706,4.405422,46.868781,1,0.089000,0.977939
SP_T_Jongkok_1,movenet,24,0.797538,ok,1,direct,0.531834,16,right_ankle,1,1,2.000000,652.120000,638.450000,2.000000,645.038818,640.823914,7.468507,46.868781,1,0.089000,0.937898
SP_T_Jongkok_1,movenet,25,0.830768,ok,1,direct,0.500281,0,nose,0,0,0.000000,0.000000,0.000000,2.000000,631.305481,302.034485,,,,0.026000,
SP_T_Jongkok_1,movenet,25,0.830768,ok,1,direct,0.500281,1,left_eye,0,0,0.000000,0.000000,0.000000,2.000000,643.469238,294.349182,,,,0.025000,
SP_T_Jongkok_1,movenet,25,0.830768,ok,1,direct,0.500281,2,right_eye,0,0,0.000000,0.000000,0.000000,2.000000,619.438110,294.110107,,,,0.025000,
SP_T_Jongkok_1,movenet,25,0.830768,ok,1,direct,0.500281,3,left_ear,0,0,0.000000,0.000000,0.000000,2.000000,671.790161,293.603363,,,,0.035000,
SP_T_Jongkok_1,movenet,25,0.830768,ok,1,direct,0.500281,4,right_ear,0,0,0.000000,0.000000,0.000000,2.000000,611.752808,296.036835,,,,0.035000,
SP_T_Jongkok_1,movenet,25,0.830768,ok,1,direct,0.500281,5,left_shoulder,1,1,2.000000,704.880000,348.610000,2.000000,694.655212,334.943604,17.068001,46.911381,1,0.079000,0.654284
SP_T_Jongkok_1,movenet,25,0.830768,ok,1,direct,0.500281,6,right_shoulder,1,1,2.000000,616.120000,355.900000,2.000000,607.316956,345.452698,13.661615,46.911381,1,0.079000,0.762019
SP_T_Jongkok_1,movenet,25,0.830768,ok,1,direct,0.500281,7,left_elbow,1,1,2.000000,683.190000,370.780000,2.000000,663.620667,373.791962,19.799766,46.911381,1,0.072000,0.502946
SP_T_Jongkok_1,movenet,25,0.830768,ok,1,direct,0.500281,8,right_elbow,1,1,2.000000,568.910000,382.010000,2.000000,572.183960,383.628235,3.652054,46.911381,1,0.072000,0.976889
SP_T_Jongkok_1,movenet,25,0.830768,ok,1,direct,0.500281,9,left_wrist,1,1,2.000000,642.690000,375.570000,2.000000,579.186890,384.372009,64.110221,46.911381,0,0.062000,0.000060
SP_T_Jongkok_1,movenet,25,0.830768,ok,1,direct,0.500281,10,right_wrist,1,1,2.000000,519.340000,394.190000,2.000000,537.333130,391.157227,18.246930,46.911381,1,0.062000,0.455130
SP_T_Jongkok_1,movenet,25,0.830768,ok,1,direct,0.500281,11,left_hip,1,1,2.000000,703.290000,492.560000,2.000000,692.818726,484.633057,13.133317,46.911381,1,0.107000,0.872043
SP_T_Jongkok_1,movenet,25,0.830768,ok,1,direct,0.500281,12,right_hip,1,1,2.000000,646.840000,498.320000,2.000000,637.992065,485.028229,15.967377,46.911381,1,0.107000,0.816782
SP_T_Jongkok_1,movenet,25,0.830768,ok,1,direct,0.500281,13,left_knee,1,1,2.000000,692.810000,555.070000,2.000000,689.249023,559.388672,5.597453,46.911381,1,0.087000,0.963079
SP_T_Jongkok_1,movenet,25,0.830768,ok,1,direct,0.500281,14,right_knee,1,1,2.000000,580.940000,558.850000,2.000000,582.974365,564.460510,5.967953,46.911381,1,0.087000,0.958137
SP_T_Jongkok_1,movenet,25,0.830768,ok,1,direct,0.500281,15,left_ankle,1,1,2.000000,707.780000,640.570000,2.000000,706.311890,644.943115,4.612969,46.911381,1,0.089000,0.975881
SP_T_Jongkok_1,movenet,25,0.830768,ok,1,direct,0.500281,16,right_ankle,1,1,2.000000,652.120000,638.450000,2.000000,642.692749,639.110718,9.450376,46.911381,1,0.089000,0.902606
SP_T_Jongkok_1,movenet,26,0.863999,ok,1,direct,0.514130,0,nose,0,0,0.000000,0.000000,0.000000,2.000000,632.378052,306.825348,,,,0.026000,
SP_T_Jongkok_1,movenet,26,0.863999,ok,1,direct,0.514130,1,left_eye,0,0,0.000000,0.000000,0.000000,2.000000,644.424805,299.041962,,,,0.025000,
SP_T_Jongkok_1,movenet,26,0.863999,ok,1,direct,0.514130,2,right_eye,0,0,0.000000,0.000000,0.000000,2.000000,619.606628,299.399475,,,,0.025000,
SP_T_Jongkok_1,movenet,26,0.863999,ok,1,direct,0.514130,3,left_ear,0,0,0.000000,0.000000,0.000000,2.000000,668.342896,300.830902,,,,0.035000,
SP_T_Jongkok_1,movenet,26,0.863999,ok,1,direct,0.514130,4,right_ear,0,0,0.000000,0.000000,0.000000,2.000000,610.607239,302.293182,,,,0.035000,
SP_T_Jongkok_1,movenet,26,0.863999,ok,1,direct,0.514130,5,left_shoulder,1,1,2.000000,705.270000,354.120000,2.000000,692.427063,339.140533,19.731332,46.472771,1,0.079000,0.561196
SP_T_Jongkok_1,movenet,26,0.863999,ok,1,direct,0.514130,6,right_shoulder,1,1,2.000000,616.320000,361.600000,2.000000,610.978516,349.380768,13.335707,46.472771,1,0.079000,0.768064
SP_T_Jongkok_1,movenet,26,0.863999,ok,1,direct,0.514130,7,left_elbow,1,1,2.000000,682.420000,374.110000,2.000000,657.799927,375.543427,24.661766,46.472771,1,0.072000,0.337407
SP_T_Jongkok_1,movenet,26,0.863999,ok,1,direct,0.514130,8,right_elbow,1,1,2.000000,568.250000,385.820000,2.000000,573.434998,386.583405,5.240896,46.472771,1,0.072000,0.952118
SP_T_Jongkok_1,movenet,26,0.863999,ok,1,direct,0.514130,9,left_wrist,1,1,2.000000,643.220000,379.060000,0.000000,595.544556,383.148102,,46.472771,0,0.062000,0.000000
SP_T_Jongkok_1,movenet,26,0.863999,ok,1,direct,0.514130,10,right_wrist,1,1,2.000000,519.190000,395.980000,2.000000,535.528503,394.205383,16.434596,46.472771,1,0.062000,0.521691
SP_T_Jongkok_1,movenet,26,0.863999,ok,1,direct,0.514130,11,left_hip,1,1,2.000000,703.980000,498.360000,2.000000,694.969543,489.432922,12.683889,46.472771,1,0.107000,0.877983
SP_T_Jongkok_1,movenet,26,0.863999,ok,1,direct,0.514130,12,right_hip,1,1,2.000000,647.530000,504.320000,2.000000,640.761658,492.573151,13.557246,46.472771,1,0.107000,0.861858
SP_T_Jongkok_1,movenet,26,0.863999,ok,1,direct,0.514130,13,left_knee,1,1,2.000000,693.110000,556.050000,2.000000,682.255554,558.792297,11.195499,46.472771,1,0.087000,0.857830
SP_T_Jongkok_1,movenet,26,0.863999,ok,1,direct,0.514130,14,right_knee,1,1,2.000000,581.040000,559.440000,2.000000,584.130310,564.049744,5.549752,46.472771,1,0.087000,0.963018
SP_T_Jongkok_1,movenet,26,0.863999,ok,1,direct,0.514130,15,left_ankle,1,1,2.000000,707.680000,640.570000,2.000000,705.213135,643.676697,3.966987,46.472771,1,0.089000,0.981770
SP_T_Jongkok_1,movenet,26,0.863999,ok,1,direct,0.514130,16,right_ankle,1,1,2.000000,652.120000,638.450000,2.000000,643.203491,641.341858,9.373738,46.472771,1,0.089000,0.902375
SP_T_Jongkok_1,movenet,27,0.897230,ok,1,direct,0.520449,0,nose,0,0,0.000000,0.000000,0.000000,2.000000,632.321533,314.669891,,,,0.026000,
SP_T_Jongkok_1,movenet,27,0.897230,ok,1,direct,0.520449,1,left_eye,0,0,0.000000,0.000000,0.000000,2.000000,645.093384,307.519531,,,,0.025000,
SP_T_Jongkok_1,movenet,27,0.897230,ok,1,direct,0.520449,2,right_eye,0,0,0.000000,0.000000,0.000000,2.000000,619.694153,307.777588,,,,0.025000,
SP_T_Jongkok_1,movenet,27,0.897230,ok,1,direct,0.520449,3,left_ear,0,0,0.000000,0.000000,0.000000,2.000000,671.822144,307.231140,,,,0.035000,
SP_T_Jongkok_1,movenet,27,0.897230,ok,1,direct,0.520449,4,right_ear,0,0,0.000000,0.000000,0.000000,2.000000,608.831299,310.922760,,,,0.035000,
SP_T_Jongkok_1,movenet,27,0.897230,ok,1,direct,0.520449,5,left_shoulder,1,1,2.000000,705.670000,359.620000,2.000000,693.890320,346.030365,17.984411,46.030561,1,0.079000,0.613124
SP_T_Jongkok_1,movenet,27,0.897230,ok,1,direct,0.520449,6,right_shoulder,1,1,2.000000,616.520000,367.300000,2.000000,606.725525,358.241272,13.341375,46.030561,1,0.079000,0.763986
SP_T_Jongkok_1,movenet,27,0.897230,ok,1,direct,0.520449,7,left_elbow,1,1,2.000000,681.650000,377.450000,2.000000,660.709534,378.135651,20.951688,46.030561,1,0.072000,0.449643
SP_T_Jongkok_1,movenet,27,0.897230,ok,1,direct,0.520449,8,right_elbow,1,1,2.000000,567.590000,389.620000,2.000000,571.481384,392.053650,4.589719,46.030561,1,0.072000,0.962369
SP_T_Jongkok_1,movenet,27,0.897230,ok,1,direct,0.520449,9,left_wrist,1,1,2.000000,643.740000,382.550000,0.000000,597.946167,385.656036,,46.030561,0,0.062000,0.000000
SP_T_Jongkok_1,movenet,27,0.897230,ok,1,direct,0.520449,10,right_wrist,1,1,2.000000,519.040000,397.770000,2.000000,533.946411,396.960022,14.928401,46.030561,1,0.062000,0.578542
SP_T_Jongkok_1,movenet,27,0.897230,ok,1,direct,0.520449,11,left_hip,1,1,2.000000,704.670000,504.160000,2.000000,696.520874,494.211823,12.859801,46.030561,1,0.107000,0.872542
SP_T_Jongkok_1,movenet,27,0.897230,ok,1,direct,0.520449,12,right_hip,1,1,2.000000,648.220000,510.310000,2.000000,641.823975,496.834839,14.916069,46.030561,1,0.107000,0.832407
SP_T_Jongkok_1,movenet,27,0.897230,ok,1,direct,0.520449,13,left_knee,1,1,2.000000,693.400000,557.030000,2.000000,684.534973,559.099365,9.103350,46.030561,1,0.087000,0.901813
SP_T_Jongkok_1,movenet,27,0.897230,ok,1,direct,0.520449,14,right_knee,1,1,2.000000,581.140000,560.030000,2.000000,583.439148,564.995117,5.471606,46.030561,1,0.087000,0.963352
SP_T_Jongkok_1,movenet,27,0.897230,ok,1,direct,0.520449,15,left_ankle,1,1,2.000000,707.580000,640.570000,2.000000,706.449646,644.217163,3.818311,46.030561,1,0.089000,0.982776
SP_T_Jongkok_1,movenet,27,0.897230,ok,1,direct,0.520449,16,right_ankle,1,1,2.000000,652.120000,638.450000,2.000000,644.553833,639.918152,7.707292,46.030561,1,0.089000,0.931659
SP_T_Jongkok_1,movenet,28,0.930461,ok,1,direct,0.501023,0,nose,0,0,0.000000,0.000000,0.000000,2.000000,629.120300,322.265747,,,,0.026000,
SP_T_Jongkok_1,movenet,28,0.930461,ok,1,direct,0.501023,1,left_eye,0,0,0.000000,0.000000,0.000000,2.000000,642.323914,312.982635,,,,0.025000,
SP_T_Jongkok_1,movenet,28,0.930461,ok,1,direct,0.501023,2,right_eye,0,0,0.000000,0.000000,0.000000,2.000000,617.244385,313.889618,,,,0.025000,
SP_T_Jongkok_1,movenet,28,0.930461,ok,1,direct,0.501023,3,left_ear,0,0,0.000000,0.000000,0.000000,2.000000,669.019714,314.159790,,,,0.035000,
SP_T_Jongkok_1,movenet,28,0.930461,ok,1,direct,0.501023,4,right_ear,0,0,0.000000,0.000000,0.000000,2.000000,610.155396,316.748932,,,,0.035000,
SP_T_Jongkok_1,movenet,28,0.930461,ok,1,direct,0.501023,5,left_shoulder,1,1,2.000000,706.060000,365.130000,2.000000,695.585999,353.026672,16.006100,45.582992,1,0.079000,0.673592
SP_T_Jongkok_1,movenet,28,0.930461,ok,1,direct,0.501023,6,right_shoulder,1,1,2.000000,616.710000,373.000000,2.000000,608.541626,362.241669,13.507925,45.582992,1,0.079000,0.754715
SP_T_Jongkok_1,movenet,28,0.930461,ok,1,direct,0.501023,7,left_elbow,1,1,2.000000,680.870000,380.790000,2.000000,665.481018,383.949432,15.709958,45.582992,1,0.072000,0.632385
SP_T_Jongkok_1,movenet,28,0.930461,ok,1,direct,0.501023,8,right_elbow,1,1,2.000000,566.920000,393.430000,2.000000,574.256897,394.890015,7.480755,45.582992,1,0.072000,0.901308
SP_T_Jongkok_1,movenet,28,0.930461,ok,1,direct,0.501023,9,left_wrist,1,1,2.000000,644.260000,386.050000,0.000000,626.633850,385.857361,,45.582992,0,0.062000,0.000000
SP_T_Jongkok_1,movenet,28,0.930461,ok,1,direct,0.501023,10,right_wrist,1,1,2.000000,518.890000,399.560000,2.000000,533.325867,400.985046,14.506033,45.582992,1,0.062000,0.590425
SP_T_Jongkok_1,movenet,28,0.930461,ok,1,direct,0.501023,11,left_hip,1,1,2.000000,705.360000,509.960000,2.000000,696.939209,496.714722,15.695449,45.582992,1,0.107000,0.812929
SP_T_Jongkok_1,movenet,28,0.930461,ok,1,direct,0.501023,12,right_hip,1,1,2.000000,648.910000,516.310000,2.000000,641.174561,497.839874,20.024549,45.582992,1,0.107000,0.713824
SP_T_Jongkok_1,movenet,28,0.930461,ok,1,direct,0.501023,13,left_knee,1,1,2.000000,693.700000,558.020000,2.000000,686.640686,562.866272,8.562725,45.582992,1,0.087000,0.910973
SP_T_Jongkok_1,movenet,28,0.930461,ok,1,direct,0.501023,14,right_knee,1,1,2.000000,581.240000,560.620000,2.000000,583.248413,565.407104,5.191348,45.582992,1,0.087000,0.966308
SP_T_Jongkok_1,movenet,28,0.930461,ok,1,direct,0.501023,15,left_ankle,1,1,2.000000,707.480000,640.570000,2.000000,705.667969,644.295715,4.142996,45.582992,1,0.089000,0.979358
SP_T_Jongkok_1,movenet,28,0.930461,ok,1,direct,0.501023,16,right_ankle,1,1,2.000000,652.120000,638.450000,2.000000,645.510986,639.803467,6.746179,45.582992,1,0.089000,0.946197
SP_T_Jongkok_1,movenet,29,0.963691,ok,1,direct,0.521907,0,nose,0,0,0.000000,0.000000,0.000000,2.000000,633.404480,326.967255,,,,0.026000,
SP_T_Jongkok_1,movenet,29,0.963691,ok,1,direct,0.521907,1,left_eye,0,0,0.000000,0.000000,0.000000,2.000000,645.926575,319.717438,,,,0.025000,
SP_T_Jongkok_1,movenet,29,0.963691,ok,1,direct,0.521907,2,right_eye,0,0,0.000000,0.000000,0.000000,2.000000,621.452454,320.050293,,,,0.025000,
SP_T_Jongkok_1,movenet,29,0.963691,ok,1,direct,0.521907,3,left_ear,0,0,0.000000,0.000000,0.000000,2.000000,671.300537,319.822083,,,,0.035000,
SP_T_Jongkok_1,movenet,29,0.963691,ok,1,direct,0.521907,4,right_ear,0,0,0.000000,0.000000,0.000000,2.000000,610.260193,323.189026,,,,0.035000,
SP_T_Jongkok_1,movenet,29,0.963691,ok,1,direct,0.521907,5,left_shoulder,1,1,2.000000,706.450000,370.630000,2.000000,694.864868,359.101440,16.343897,45.131577,1,0.079000,0.656871
SP_T_Jongkok_1,movenet,29,0.963691,ok,1,direct,0.521907,6,right_shoulder,1,1,2.000000,616.910000,378.700000,2.000000,606.918457,365.980286,16.174735,45.131577,1,0.079000,0.662581
SP_T_Jongkok_1,movenet,29,0.963691,ok,1,direct,0.521907,7,left_elbow,1,1,2.000000,680.100000,384.130000,2.000000,667.014648,390.093018,14.379986,45.131577,1,0.072000,0.675927
SP_T_Jongkok_1,movenet,29,0.963691,ok,1,direct,0.521907,8,right_elbow,1,1,2.000000,566.260000,397.230000,2.000000,568.514282,400.230896,3.753287,45.131577,1,0.072000,0.973670
SP_T_Jongkok_1,movenet,29,0.963691,ok,1,direct,0.521907,9,left_wrist,1,1,2.000000,644.790000,389.540000,0.000000,630.046021,392.231903,,45.131577,0,0.062000,0.000000
SP_T_Jongkok_1,movenet,29,0.963691,ok,1,direct,0.521907,10,right_wrist,1,1,2.000000,518.740000,401.350000,2.000000,532.003235,402.687347,13.330488,45.131577,1,0.062000,0.635135
SP_T_Jongkok_1,movenet,29,0.963691,ok,1,direct,0.521907,11,left_hip,1,1,2.000000,706.040000,515.760000,2.000000,701.884094,495.628235,20.556253,45.131577,1,0.107000,0.696003
SP_T_Jongkok_1,movenet,29,0.963691,ok,1,direct,0.521907,12,right_hip,1,1,2.000000,649.590000,522.300000,2.000000,642.794495,499.858093,23.448200,45.131577,1,0.107000,0.624039
SP_T_Jongkok_1,movenet,29,0.963691,ok,1,direct,0.521907,13,left_knee,1,1,2.000000,693.990000,559.000000,2.000000,689.203369,563.645386,6.670191,45.131577,1,0.087000,0.943917
SP_T_Jongkok_1,movenet,29,0.963691,ok,1,direct,0.521907,14,right_knee,1,1,2.000000,581.330000,561.210000,2.000000,584.997314,567.246887,7.063512,45.131577,1,0.087000,0.937325
SP_T_Jongkok_1,movenet,29,0.963691,ok,1,direct,0.521907,15,left_ankle,1,1,2.000000,707.380000,640.570000,2.000000,705.169434,643.244751,3.470000,45.131577,1,0.089000,0.985185
SP_T_Jongkok_1,movenet,29,0.963691,ok,1,direct,0.521907,16,right_ankle,1,1,2.000000,652.120000,638.450000,2.000000,645.808105,639.050537,6.340399,45.131577,1,0.089000,0.951388
SP_T_Jongkok_1,movenet,30,0.996922,ok,1,direct,0.567617,0,nose,0,0,0.000000,0.000000,0.000000,2.000000,627.092041,334.870087,,,,0.026000,
SP_T_Jongkok_1,movenet,30,0.996922,ok,1,direct,0.567617,1,left_eye,0,0,0.000000,0.000000,0.000000,2.000000,640.753540,324.858032,,,,0.025000,
SP_T_Jongkok_1,movenet,30,0.996922,ok,1,direct,0.567617,2,right_eye,0,0,0.000000,0.000000,0.000000,2.000000,615.952942,325.207367,,,,0.025000,
SP_T_Jongkok_1,movenet,30,0.996922,ok,1,direct,0.567617,3,left_ear,0,0,0.000000,0.000000,0.000000,2.000000,668.217651,326.979919,,,,0.035000,
SP_T_Jongkok_1,movenet,30,0.996922,ok,1,direct,0.567617,4,right_ear,0,0,0.000000,0.000000,0.000000,2.000000,617.064026,328.407135,,,,0.035000,
SP_T_Jongkok_1,movenet,30,0.996922,ok,1,direct,0.567617,5,left_shoulder,1,1,2.000000,706.840000,376.130000,2.000000,698.623779,357.497986,20.363159,44.675355,1,0.079000,0.513873
SP_T_Jongkok_1,movenet,30,0.996922,ok,1,direct,0.567617,6,right_shoulder,1,1,2.000000,617.110000,384.410000,2.000000,605.138062,369.057495,19.468609,44.675355,1,0.079000,0.544129
SP_T_Jongkok_1,movenet,30,0.996922,ok,1,direct,0.567617,7,left_elbow,1,1,2.000000,679.330000,387.470000,2.000000,642.966614,390.372833,36.479067,44.675355,1,0.072000,0.076362
SP_T_Jongkok_1,movenet,30,0.996922,ok,1,direct,0.567617,8,right_elbow,1,1,2.000000,565.600000,401.040000,2.000000,561.918945,402.062714,3.820485,44.675355,1,0.072000,0.972180
SP_T_Jongkok_1,movenet,30,0.996922,ok,1,direct,0.567617,9,left_wrist,1,1,2.000000,645.310000,393.040000,2.000000,576.154724,398.744476,69.390152,44.675355,0,0.062000,0.000004
SP_T_Jongkok_1,movenet,30,0.996922,ok,1,direct,0.567617,10,right_wrist,1,1,2.000000,518.590000,403.140000,2.000000,514.313904,403.886658,4.340794,44.675355,1,0.062000,0.952068
SP_T_Jongkok_1,movenet,30,0.996922,ok,1,direct,0.567617,11,left_hip,1,1,2.000000,706.730000,521.550000,2.000000,708.909790,504.330872,17.356551,44.675355,1,0.107000,0.768230
SP_T_Jongkok_1,movenet,30,0.996922,ok,1,direct,0.567617,12,right_hip,1,1,2.000000,650.280000,528.300000,2.000000,645.040894,507.743011,21.214099,44.675355,1,0.107000,0.674428
SP_T_Jongkok_1,movenet,30,0.996922,ok,1,direct,0.567617,13,left_knee,1,1,2.000000,694.290000,559.980000,2.000000,692.711060,559.107483,1.803979,44.675355,1,0.087000,0.995701
SP_T_Jongkok_1,movenet,30,0.996922,ok,1,direct,0.567617,14,right_knee,1,1,2.000000,581.430000,561.800000,2.000000,588.640137,565.078674,7.920592,44.675355,1,0.087000,0.920300
SP_T_Jongkok_1,movenet,30,0.996922,ok,1,direct,0.567617,15,left_ankle,1,1,2.000000,707.280000,640.570000,2.000000,705.877197,638.662231,2.368003,44.675355,1,0.089000,0.992931
SP_T_Jongkok_1,movenet,30,0.996922,ok,1,direct,0.567617,16,right_ankle,1,1,2.000000,652.120000,638.450000,2.000000,639.276001,640.773254,13.052426,44.675355,1,0.089000,0.806119
SP_T_Jongkok_1,movenet,31,1.030153,ok,1,direct,0.565437,0,nose,0,0,0.000000,0.000000,0.000000,2.000000,625.005554,338.783600,,,,0.026000,
SP_T_Jongkok_1,movenet,31,1.030153,ok,1,direct,0.565437,1,left_eye,0,0,0.000000,0.000000,0.000000,2.000000,636.181519,330.916565,,,,0.025000,
SP_T_Jongkok_1,movenet,31,1.030153,ok,1,direct,0.565437,2,right_eye,0,0,0.000000,0.000000,0.000000,2.000000,613.939209,331.230896,,,,0.025000,
SP_T_Jongkok_1,movenet,31,1.030153,ok,1,direct,0.565437,3,left_ear,0,0,0.000000,0.000000,0.000000,2.000000,668.087280,331.980927,,,,0.035000,
SP_T_Jongkok_1,movenet,31,1.030153,ok,1,direct,0.565437,4,right_ear,0,0,0.000000,0.000000,0.000000,2.000000,615.164368,334.021423,,,,0.035000,
SP_T_Jongkok_1,movenet,31,1.030153,ok,1,direct,0.565437,5,left_shoulder,1,1,2.000000,707.140000,380.850000,2.000000,699.511963,360.769470,21.480564,44.417756,1,0.079000,0.472617
SP_T_Jongkok_1,movenet,31,1.030153,ok,1,direct,0.565437,6,right_shoulder,1,1,2.000000,617.630000,387.880000,2.000000,608.504761,374.017792,16.596108,44.417756,1,0.079000,0.639302
SP_T_Jongkok_1,movenet,31,1.030153,ok,1,direct,0.565437,7,left_elbow,1,1,2.000000,680.410000,391.100000,2.000000,640.181763,393.456970,40.297226,44.417756,1,0.072000,0.041776
SP_T_Jongkok_1,movenet,31,1.030153,ok,1,direct,0.565437,8,right_elbow,1,1,2.000000,565.700000,404.380000,2.000000,562.037720,408.650879,5.626074,44.417756,1,0.072000,0.939981
SP_T_Jongkok_1,movenet,31,1.030153,ok,1,direct,0.565437,9,left_wrist,1,1,2.000000,645.210000,396.280000,2.000000,562.190430,402.558472,83.256641,44.417756,0,0.062000,0.000000
SP_T_Jongkok_1,movenet,31,1.030153,ok,1,direct,0.565437,10,right_wrist,1,1,2.000000,518.100000,405.200000,2.000000,517.943359,409.007507,3.810728,44.417756,1,0.062000,0.962428
SP_T_Jongkok_1,movenet,31,1.030153,ok,1,direct,0.565437,11,left_hip,1,1,2.000000,708.010000,522.730000,2.000000,709.571655,511.871094,10.970625,44.417756,1,0.107000,0.898917
SP_T_Jongkok_1,movenet,31,1.030153,ok,1,direct,0.565437,12,right_hip,1,1,2.000000,651.360000,529.380000,2.000000,645.826660,514.513611,15.862767,44.417756,1,0.107000,0.800278
SP_T_Jongkok_1,movenet,31,1.030153,ok,1,direct,0.565437,13,left_knee,1,1,2.000000,694.680000,559.490000,2.000000,692.622009,558.325073,2.364821,44.417756,1,0.087000,0.992538
SP_T_Jongkok_1,movenet,31,1.030153,ok,1,direct,0.565437,14,right_knee,1,1,2.000000,581.630000,561.110000,2.000000,589.602783,564.223694,8.559227,44.417756,1,0.087000,0.906542
SP_T_Jongkok_1,movenet,31,1.030153,ok,1,direct,0.565437,15,left_ankle,1,1,2.000000,707.190000,640.570000,2.000000,707.687500,637.237488,3.369443,44.417756,1,0.089000,0.985575
SP_T_Jongkok_1,movenet,31,1.030153,ok,1,direct,0.565437,16,right_ankle,1,1,2.000000,652.120000,638.450000,2.000000,646.624878,636.090393,5.980310,44.417756,1,0.089000,0.955261
SP_T_Jongkok_1,movenet,32,1.063384,ok,1,direct,0.529701,0,nose,0,0,0.000000,0.000000,0.000000,2.000000,627.759766,345.829620,,,,0.026000,
SP_T_Jongkok_1,movenet,32,1.063384,ok,1,direct,0.529701,1,left_eye,0,0,0.000000,0.000000,0.000000,2.000000,639.699219,337.619202,,,,0.025000,
SP_T_Jongkok_1,movenet,32,1.063384,ok,1,direct,0.529701,2,right_eye,0,0,0.000000,0.000000,0.000000,2.000000,616.565186,338.302368,,,,0.025000,
SP_T_Jongkok_1,movenet,32,1.063384,ok,1,direct,0.529701,3,left_ear,0,0,0.000000,0.000000,0.000000,2.000000,668.664551,338.968414,,,,0.035000,
SP_T_Jongkok_1,movenet,32,1.063384,ok,1,direct,0.529701,4,right_ear,0,0,0.000000,0.000000,0.000000,2.000000,616.990051,341.178619,,,,0.035000,
SP_T_Jongkok_1,movenet,32,1.063384,ok,1,direct,0.529701,5,left_shoulder,1,1,2.000000,707.430000,385.570000,2.000000,698.106995,369.283356,18.766279,44.216920,1,0.079000,0.561447
SP_T_Jongkok_1,movenet,32,1.063384,ok,1,direct,0.529701,6,right_shoulder,1,1,2.000000,618.150000,391.350000,2.000000,605.966614,382.362213,15.139855,44.216920,1,0.079000,0.686808
SP_T_Jongkok_1,movenet,32,1.063384,ok,1,direct,0.529701,7,left_elbow,1,1,2.000000,681.490000,394.740000,2.000000,640.315002,401.543213,41.733250,44.216920,1,0.072000,0.032168
SP_T_Jongkok_1,movenet,32,1.063384,ok,1,direct,0.529701,8,right_elbow,1,1,2.000000,565.790000,407.720000,2.000000,562.731445,413.179626,6.257977,44.216920,1,0.072000,0.925632
SP_T_Jongkok_1,movenet,32,1.063384,ok,1,direct,0.529701,9,left_wrist,1,1,2.000000,645.120000,399.530000,2.000000,561.764954,407.313232,83.717635,44.216920,0,0.062000,0.000000
SP_T_Jongkok_1,movenet,32,1.063384,ok,1,direct,0.529701,10,right_wrist,1,1,2.000000,517.610000,407.260000,2.000000,509.953247,407.819611,7.677176,44.216920,1,0.062000,0.854836
SP_T_Jongkok_1,movenet,32,1.063384,ok,1,direct,0.529701,11,left_hip,1,1,2.000000,709.290000,523.910000,2.000000,711.163818,517.784485,6.405711,44.216920,1,0.107000,0.964002
SP_T_Jongkok_1,movenet,32,1.063384,ok,1,direct,0.529701,12,right_hip,1,1,2.000000,652.440000,530.460000,2.000000,648.255554,521.030212,10.316515,44.216920,1,0.107000,0.909288
SP_T_Jongkok_1,movenet,32,1.063384,ok,1,direct,0.529701,13,left_knee,1,1,2.000000,695.080000,559.000000,2.000000,693.755249,559.532166,1.427643,44.216920,1,0.087000,0.997249
SP_T_Jongkok_1,movenet,32,1.063384,ok,1,direct,0.529701,14,right_knee,1,1,2.000000,581.820000,560.420000,2.000000,588.384521,564.391113,7.672202,44.216920,1,0.087000,0.923529
SP_T_Jongkok_1,movenet,32,1.063384,ok,1,direct,0.529701,15,left_ankle,1,1,2.000000,707.090000,640.570000,2.000000,704.877075,638.489990,3.037018,44.216920,1,0.089000,0.988159
SP_T_Jongkok_1,movenet,32,1.063384,ok,1,direct,0.529701,16,right_ankle,1,1,2.000000,652.120000,638.450000,2.000000,637.398315,640.642700,14.884083,44.216920,1,0.089000,0.751188
SP_T_Jongkok_1,movenet,33,1.096614,ok,1,direct,0.528915,0,nose,0,0,0.000000,0.000000,0.000000,2.000000,629.171997,348.785675,,,,0.026000,
SP_T_Jongkok_1,movenet,33,1.096614,ok,1,direct,0.528915,1,left_eye,0,0,0.000000,0.000000,0.000000,2.000000,640.917358,341.522766,,,,0.025000,
SP_T_Jongkok_1,movenet,33,1.096614,ok,1,direct,0.528915,2,right_eye,0,0,0.000000,0.000000,0.000000,2.000000,616.966003,341.889282,,,,0.025000,
SP_T_Jongkok_1,movenet,33,1.096614,ok,1,direct,0.528915,3,left_ear,0,0,0.000000,0.000000,0.000000,2.000000,670.535828,343.883087,,,,0.035000,
SP_T_Jongkok_1,movenet,33,1.096614,ok,1,direct,0.528915,4,right_ear,0,0,0.000000,0.000000,0.000000,2.000000,614.049194,346.320831,,,,0.035000,
SP_T_Jongkok_1,movenet,33,1.096614,ok,1,direct,0.528915,5,left_shoulder,1,1,2.000000,707.730000,390.290000,2.000000,694.885559,375.091431,19.899150,44.008712,1,0.079000,0.519343
SP_T_Jongkok_1,movenet,33,1.096614,ok,1,direct,0.528915,6,right_shoulder,1,1,2.000000,618.680000,394.820000,2.000000,609.345154,389.493256,10.747723,44.008712,1,0.079000,0.826024
SP_T_Jongkok_1,movenet,33,1.096614,ok,1,direct,0.528915,7,left_elbow,1,1,2.000000,682.570000,398.380000,2.000000,639.592957,403.885345,43.328225,44.008712,1,0.072000,0.023763
SP_T_Jongkok_1,movenet,33,1.096614,ok,1,direct,0.528915,8,right_elbow,1,1,2.000000,565.890000,411.060000,2.000000,563.841675,415.761932,5.128723,44.008712,1,0.072000,0.948952
SP_T_Jongkok_1,movenet,33,1.096614,ok,1,direct,0.528915,9,left_wrist,1,1,2.000000,645.020000,402.770000,2.000000,557.813049,410.243195,87.526572,44.008712,0,0.062000,0.000000
SP_T_Jongkok_1,movenet,33,1.096614,ok,1,direct,0.528915,10,right_wrist,1,1,2.000000,517.110000,409.330000,2.000000,512.031982,411.326202,5.456289,44.008712,1,0.062000,0.923138
SP_T_Jongkok_1,movenet,33,1.096614,ok,1,direct,0.528915,11,left_hip,1,1,2.000000,710.570000,525.090000,2.000000,710.608887,523.938354,1.152302,44.008712,1,0.107000,0.998803
SP_T_Jongkok_1,movenet,33,1.096614,ok,1,direct,0.528915,12,right_hip,1,1,2.000000,653.530000,531.540000,2.000000,649.310181,526.423706,6.631994,44.008712,1,0.107000,0.961106
SP_T_Jongkok_1,movenet,33,1.096614,ok,1,direct,0.528915,13,left_knee,1,1,2.000000,695.470000,558.510000,2.000000,692.468506,560.465088,3.582085,44.008712,1,0.087000,0.982646
SP_T_Jongkok_1,movenet,33,1.096614,ok,1,direct,0.528915,14,right_knee,1,1,2.000000,582.020000,559.740000,2.000000,586.634399,567.187134,8.760849,44.008712,1,0.087000,0.900582
SP_T_Jongkok_1,movenet,33,1.096614,ok,1,direct,0.528915,15,left_ankle,1,1,2.000000,706.990000,640.570000,2.000000,706.034607,639.254700,1.625666,44.008712,1,0.089000,0.996561
SP_T_Jongkok_1,movenet,33,1.096614,ok,1,direct,0.528915,16,right_ankle,1,1,2.000000,652.120000,638.450000,2.000000,638.453735,642.105835,14.146799,44.008712,1,0.089000,0.770351
SP_T_Jongkok_1,movenet,34,1.129845,ok,1,direct,0.494347,0,nose,0,0,0.000000,0.000000,0.000000,2.000000,631.740967,355.154694,,,,0.026000,
SP_T_Jongkok_1,movenet,34,1.129845,ok,1,direct,0.494347,1,left_eye,0,0,0.000000,0.000000,0.000000,2.000000,644.148865,345.865845,,,,0.025000,
SP_T_Jongkok_1,movenet,34,1.129845,ok,1,direct,0.494347,2,right_eye,0,0,0.000000,0.000000,0.000000,2.000000,617.870850,347.213165,,,,0.025000,
SP_T_Jongkok_1,movenet,34,1.129845,ok,1,direct,0.494347,3,left_ear,0,0,0.000000,0.000000,0.000000,2.000000,670.462158,349.286896,,,,0.035000,
SP_T_Jongkok_1,movenet,34,1.129845,ok,1,direct,0.494347,4,right_ear,0,0,0.000000,0.000000,0.000000,2.000000,612.148682,352.478546,,,,0.035000,
SP_T_Jongkok_1,movenet,34,1.129845,ok,1,direct,0.494347,5,left_shoulder,1,1,2.000000,708.020000,395.000000,2.000000,692.218872,383.182861,19.731204,43.790490,1,0.079000,0.521725
SP_T_Jongkok_1,movenet,34,1.129845,ok,1,direct,0.494347,6,right_shoulder,1,1,2.000000,618.380000,400.920000,2.000000,606.447632,395.624359,13.054701,43.790490,1,0.079000,0.752160
SP_T_Jongkok_1,movenet,34,1.129845,ok,1,direct,0.494347,7,left_elbow,1,1,2.000000,683.650000,402.010000,2.000000,643.066650,410.189850,41.399495,43.790490,1,0.072000,0.031802
SP_T_Jongkok_1,movenet,34,1.129845,ok,1,direct,0.494347,8,right_elbow,1,1,2.000000,565.990000,414.400000,2.000000,566.042419,419.947327,5.547574,43.790490,1,0.072000,0.939961
SP_T_Jongkok_1,movenet,34,1.129845,ok,1,direct,0.494347,9,left_wrist,1,1,2.000000,644.920000,406.010000,2.000000,562.570251,415.923706,82.944335,43.790490,0,0.062000,0.000000
SP_T_Jongkok_1,movenet,34,1.129845,ok,1,direct,0.494347,10,right_wrist,1,1,2.000000,516.620000,411.390000,2.000000,527.570129,415.175751,11.586080,43.790490,1,0.062000,0.694741
SP_T_Jongkok_1,movenet,34,1.129845,ok,1,direct,0.494347,11,left_hip,1,1,2.000000,711.840000,526.270000,2.000000,712.429871,526.327515,0.592668,43.790490,1,0.107000,0.999680
SP_T_Jongkok_1,movenet,34,1.129845,ok,1,direct,0.494347,12,right_hip,1,1,2.000000,654.610000,532.620000,2.000000,648.726257,529.625549,6.601906,43.790490,1,0.107000,0.961073
SP_T_Jongkok_1,movenet,34,1.129845,ok,1,direct,0.494347,13,left_knee,1,1,2.000000,695.860000,558.020000,2.000000,691.663940,554.700195,5.350516,43.790490,1,0.087000,0.961320
SP_T_Jongkok_1,movenet,34,1.129845,ok,1,direct,0.494347,14,right_knee,1,1,2.000000,582.220000,559.050000,2.000000,585.874573,567.234192,8.963085,43.790490,1,0.087000,0.895207
SP_T_Jongkok_1,movenet,34,1.129845,ok,1,direct,0.494347,15,left_ankle,1,1,2.000000,706.890000,640.570000,2.000000,705.331543,639.274292,2.026733,43.790490,1,0.089000,0.994606
SP_T_Jongkok_1,movenet,34,1.129845,ok,1,direct,0.494347,16,right_ankle,1,1,2.000000,652.120000,638.450000,2.000000,639.867798,642.466675,12.893802,43.790490,1,0.089000,0.803399
SP_T_Jongkok_1,movenet,35,1.163076,ok,1,direct,0.492895,0,nose,0,0,0.000000,0.000000,0.000000,2.000000,631.477722,358.188293,,,,0.026000,
SP_T_Jongkok_1,movenet,35,1.163076,ok,1,direct,0.492895,1,left_eye,0,0,0.000000,0.000000,0.000000,2.000000,643.129517,350.152100,,,,0.025000,
SP_T_Jongkok_1,movenet,35,1.163076,ok,1,direct,0.492895,2,right_eye,0,0,0.000000,0.000000,0.000000,2.000000,617.219788,350.957520,,,,0.025000,
SP_T_Jongkok_1,movenet,35,1.163076,ok,1,direct,0.492895,3,left_ear,0,0,0.000000,0.000000,0.000000,2.000000,671.739441,351.900391,,,,0.035000,
SP_T_Jongkok_1,movenet,35,1.163076,ok,1,direct,0.492895,4,right_ear,0,0,0.000000,0.000000,0.000000,2.000000,612.136475,356.169739,,,,0.035000,
SP_T_Jongkok_1,movenet,35,1.163076,ok,1,direct,0.492895,5,left_shoulder,1,1,2.000000,708.320000,399.720000,2.000000,690.575073,386.910553,21.885254,43.563765,1,0.079000,0.445403
SP_T_Jongkok_1,movenet,35,1.163076,ok,1,direct,0.492895,6,right_shoulder,1,1,2.000000,618.090000,407.010000,2.000000,606.963867,398.190582,14.197639,43.563765,1,0.079000,0.711504
SP_T_Jongkok_1,movenet,35,1.163076,ok,1,direct,0.492895,7,left_elbow,1,1,2.000000,684.730000,405.650000,2.000000,640.901855,414.714661,44.755718,43.563765,0,0.072000,0.017043
SP_T_Jongkok_1,movenet,35,1.163076,ok,1,direct,0.492895,8,right_elbow,1,1,2.000000,566.090000,417.740000,2.000000,568.152710,420.849915,3.731801,43.563765,1,0.072000,0.972086
SP_T_Jongkok_1,movenet,35,1.163076,ok,1,direct,0.492895,9,left_wrist,1,1,2.000000,644.820000,409.260000,2.000000,555.667236,418.584381,89.639050,43.563765,0,0.062000,0.000000
SP_T_Jongkok_1,movenet,35,1.163076,ok,1,direct,0.492895,10,right_wrist,1,1,2.000000,516.130000,413.460000,2.000000,522.559753,417.388123,7.534711,43.563765,1,0.062000,0.855865
SP_T_Jongkok_1,movenet,35,1.163076,ok,1,direct,0.492895,11,left_hip,1,1,2.000000,713.120000,527.450000,2.000000,710.953308,530.754211,3.951249,43.563765,1,0.107000,0.985732
SP_T_Jongkok_1,movenet,35,1.163076,ok,1,direct,0.492895,12,right_hip,1,1,2.000000,655.690000,533.700000,2.000000,647.719055,533.521057,7.972953,43.563765,1,0.107000,0.943166
SP_T_Jongkok_1,movenet,35,1.163076,ok,1,direct,0.492895,13,left_knee,1,1,2.000000,696.260000,557.530000,2.000000,690.043335,560.772644,7.011538,43.563765,1,0.087000,0.933841
SP_T_Jongkok_1,movenet,35,1.163076,ok,1,direct,0.492895,14,right_knee,1,1,2.000000,582.410000,558.360000,2.000000,585.232971,567.076904,9.162619,43.563765,1,0.087000,0.889682
SP_T_Jongkok_1,movenet,35,1.163076,ok,1,direct,0.492895,15,left_ankle,1,1,2.000000,706.790000,640.570000,2.000000,705.577393,639.193909,1.834133,43.563765,1,0.089000,0.995534
SP_T_Jongkok_1,movenet,35,1.163076,ok,1,direct,0.492895,16,right_ankle,1,1,2.000000,652.120000,638.450000,2.000000,640.654358,642.643250,12.208370,43.563765,1,0.089000,0.820127
SP_T_Jongkok_1,movenet,36,1.196306,ok,1,direct,0.499410,0,nose,0,0,0.000000,0.000000,0.000000,2.000000,632.990479,359.615784,,,,0.026000,
SP_T_Jongkok_1,movenet,36,1.196306,ok,1,direct,0.499410,1,left_eye,0,0,0.000000,0.000000,0.000000,2.000000,644.094177,351.875000,,,,0.025000,
SP_T_Jongkok_1,movenet,36,1.196306,ok,1,direct,0.499410,2,right_eye,0,0,0.000000,0.000000,0.000000,2.000000,618.770935,352.848846,,,,0.025000,
SP_T_Jongkok_1,movenet,36,1.196306,ok,1,direct,0.499410,3,left_ear,0,0,0.000000,0.000000,0.000000,2.000000,671.220764,353.670898,,,,0.035000,
SP_T_Jongkok_1,movenet,36,1.196306,ok,1,direct,0.499410,4,right_ear,0,0,0.000000,0.000000,0.000000,2.000000,611.843933,357.809601,,,,0.035000,
SP_T_Jongkok_1,movenet,36,1.196306,ok,1,direct,0.499410,5,left_shoulder,1,1,2.000000,708.220000,400.110000,2.000000,690.652222,389.936554,20.300883,43.593617,1,0.079000,0.499094
SP_T_Jongkok_1,movenet,36,1.196306,ok,1,direct,0.499410,6,right_shoulder,1,1,2.000000,617.890000,407.210000,2.000000,608.952515,399.687683,11.681776,43.593617,1,0.079000,0.794441
SP_T_Jongkok_1,movenet,36,1.196306,ok,1,direct,0.499410,7,left_elbow,1,1,2.000000,684.640000,406.530000,2.000000,635.234558,416.765442,50.454553,43.593617,0,0.072000,0.005696
SP_T_Jongkok_1,movenet,36,1.196306,ok,1,direct,0.499410,8,right_elbow,1,1,2.000000,567.510000,417.150000,2.000000,571.681213,421.439575,5.983266,43.593617,1,0.072000,0.929901
SP_T_Jongkok_1,movenet,36,1.196306,ok,1,direct,0.499410,9,left_wrist,1,1,2.000000,645.120000,409.350000,2.000000,542.920044,418.460449,102.605221,43.593617,0,0.062000,0.000000
SP_T_Jongkok_1,movenet,36,1.196306,ok,1,direct,0.499410,10,right_wrist,1,1,2.000000,516.820000,413.550000,2.000000,521.379150,417.267517,5.882668,43.593617,1,0.062000,0.909606
SP_T_Jongkok_1,movenet,36,1.196306,ok,1,direct,0.499410,11,left_hip,1,1,2.000000,714.400000,528.630000,2.000000,712.416443,527.292969,2.392102,43.593617,1,0.107000,0.994754
SP_T_Jongkok_1,movenet,36,1.196306,ok,1,direct,0.499410,12,right_hip,1,1,2.000000,656.770000,534.780000,2.000000,645.998230,531.344727,11.306287,43.593617,1,0.107000,0.889136
SP_T_Jongkok_1,movenet,36,1.196306,ok,1,direct,0.499410,13,left_knee,1,1,2.000000,696.650000,557.030000,2.000000,691.457458,562.430481,7.491841,43.593617,1,0.087000,0.924927
SP_T_Jongkok_1,movenet,36,1.196306,ok,1,direct,0.499410,14,right_knee,1,1,2.000000,582.610000,557.670000,2.000000,586.019958,567.306274,10.221820,43.593617,1,0.087000,0.864781
SP_T_Jongkok_1,movenet,36,1.196306,ok,1,direct,0.499410,15,left_ankle,1,1,2.000000,706.690000,640.570000,2.000000,705.292969,639.424194,1.806811,43.593617,1,0.089000,0.995672
SP_T_Jongkok_1,movenet,36,1.196306,ok,1,direct,0.499410,16,right_ankle,1,1,2.000000,652.120000,638.450000,2.000000,641.371582,642.545898,11.502386,43.593617,1,0.089000,0.838799
SP_T_Jongkok_1,movenet,37,1.229537,ok,1,direct,0.490701,0,nose,0,0,0.000000,0.000000,0.000000,2.000000,631.008118,358.962036,,,,0.026000,
SP_T_Jongkok_1,movenet,37,1.229537,ok,1,direct,0.490701,1,left_eye,0,0,0.000000,0.000000,0.000000,2.000000,642.595825,352.000061,,,,0.025000,
SP_T_Jongkok_1,movenet,37,1.229537,ok,1,direct,0.490701,2,right_eye,0,0,0.000000,0.000000,0.000000,2.000000,617.428955,353.093109,,,,0.025000,
SP_T_Jongkok_1,movenet,37,1.229537,ok,1,direct,0.490701,3,left_ear,0,0,0.000000,0.000000,0.000000,2.000000,670.559692,353.280579,,,,0.035000,
SP_T_Jongkok_1,movenet,37,1.229537,ok,1,direct,0.490701,4,right_ear,0,0,0.000000,0.000000,0.000000,2.000000,612.213623,357.709045,,,,0.035000,
SP_T_Jongkok_1,movenet,37,1.229537,ok,1,direct,0.490701,5,left_shoulder,1,1,2.000000,708.120000,400.510000,2.000000,691.052856,389.314026,20.411693,43.622329,1,0.079000,0.495770
SP_T_Jongkok_1,movenet,37,1.229537,ok,1,direct,0.490701,6,right_shoulder,1,1,2.000000,617.700000,407.400000,2.000000,609.240906,399.698151,11.440051,43.622329,1,0.079000,0.802197
SP_T_Jongkok_1,movenet,37,1.229537,ok,1,direct,0.490701,7,left_elbow,1,1,2.000000,684.540000,407.420000,2.000000,636.956848,416.102112,48.368744,43.622329,0,0.072000,0.008710
SP_T_Jongkok_1,movenet,37,1.229537,ok,1,direct,0.490701,8,right_elbow,1,1,2.000000,568.940000,416.560000,2.000000,569.734619,421.336884,4.842524,43.622329,1,0.072000,0.953569
SP_T_Jongkok_1,movenet,37,1.229537,ok,1,direct,0.490701,9,left_wrist,1,1,2.000000,645.410000,409.450000,2.000000,544.308594,418.499207,101.505579,43.622329,0,0.062000,0.000000
SP_T_Jongkok_1,movenet,37,1.229537,ok,1,direct,0.490701,10,right_wrist,1,1,2.000000,517.510000,413.650000,2.000000,520.961548,416.854889,4.710042,43.622329,1,0.062000,0.941146
SP_T_Jongkok_1,movenet,37,1.229537,ok,1,direct,0.490701,11,left_hip,1,1,2.000000,715.680000,529.810000,2.000000,712.131897,526.758789,4.679629,43.622329,1,0.107000,0.980097
SP_T_Jongkok_1,movenet,37,1.229537,ok,1,direct,0.490701,12,right_hip,1,1,2.000000,657.850000,535.860000,2.000000,645.497681,531.032349,13.262202,43.622329,1,0.107000,0.850897
SP_T_Jongkok_1,movenet,37,1.229537,ok,1,direct,0.490701,13,left_knee,1,1,2.000000,697.040000,556.540000,2.000000,691.190857,556.134521,5.863181,43.622329,1,0.087000,0.953386
SP_T_Jongkok_1,movenet,37,1.229537,ok,1,direct,0.490701,14,right_knee,1,1,2.000000,582.810000,556.990000,2.000000,586.200317,565.845276,9.482097,43.622329,1,0.087000,0.882631
SP_T_Jongkok_1,movenet,37,1.229537,ok,1,direct,0.490701,15,left_ankle,1,1,2.000000,706.600000,640.570000,2.000000,705.286743,638.255066,2.661496,43.622329,1,0.089000,0.990645
SP_T_Jongkok_1,movenet,37,1.229537,ok,1,direct,0.490701,16,right_ankle,1,1,2.000000,652.120000,638.450000,2.000000,639.373718,642.617065,13.410150,43.622329,1,0.089000,0.787717
SP_T_Jongkok_1,movenet,38,1.262768,ok,1,direct,0.484259,0,nose,0,0,0.000000,0.000000,0.000000,2.000000,631.026306,358.986267,,,,0.026000,
SP_T_Jongkok_1,movenet,38,1.262768,ok,1,direct,0.484259,1,left_eye,0,0,0.000000,0.000000,0.000000,2.000000,643.162476,352.260437,,,,0.025000,
SP_T_Jongkok_1,movenet,38,1.262768,ok,1,direct,0.484259,2,right_eye,0,0,0.000000,0.000000,0.000000,2.000000,617.914062,353.459259,,,,0.025000,
SP_T_Jongkok_1,movenet,38,1.262768,ok,1,direct,0.484259,3,left_ear,0,0,0.000000,0.000000,0.000000,2.000000,671.583252,352.894409,,,,0.035000,
SP_T_Jongkok_1,movenet,38,1.262768,ok,1,direct,0.484259,4,right_ear,0,0,0.000000,0.000000,0.000000,2.000000,612.602173,357.665558,,,,0.035000,
SP_T_Jongkok_1,movenet,38,1.262768,ok,1,direct,0.484259,5,left_shoulder,1,1,2.000000,708.020000,400.900000,2.000000,692.137207,389.067932,19.805579,43.651717,1,0.079000,0.517005
SP_T_Jongkok_1,movenet,38,1.262768,ok,1,direct,0.484259,6,right_shoulder,1,1,2.000000,617.500000,407.600000,2.000000,609.230896,400.242584,11.068408,43.651717,1,0.079000,0.813804
SP_T_Jongkok_1,movenet,38,1.262768,ok,1,direct,0.484259,7,left_elbow,1,1,2.000000,684.440000,408.300000,2.000000,650.265381,414.766724,34.781074,43.651717,1,0.072000,0.086351
SP_T_Jongkok_1,movenet,38,1.262768,ok,1,direct,0.484259,8,right_elbow,1,1,2.000000,570.360000,415.970000,2.000000,569.529358,420.575989,4.680288,43.651717,1,0.072000,0.956618
SP_T_Jongkok_1,movenet,38,1.262768,ok,1,direct,0.484259,9,left_wrist,1,1,2.000000,645.710000,409.550000,2.000000,561.259094,417.987305,84.871336,43.651717,0,0.062000,0.000000
SP_T_Jongkok_1,movenet,38,1.262768,ok,1,direct,0.484259,10,right_wrist,1,1,2.000000,518.190000,413.750000,2.000000,525.541016,416.909485,8.001236,43.651717,1,0.062000,0.839619
SP_T_Jongkok_1,movenet,38,1.262768,ok,1,direct,0.484259,11,left_hip,1,1,2.000000,716.950000,530.990000,2.000000,712.963501,526.814697,5.772809,43.651717,1,0.107000,0.969910
SP_T_Jongkok_1,movenet,38,1.262768,ok,1,direct,0.484259,12,right_hip,1,1,2.000000,658.930000,536.950000,2.000000,646.832336,531.827087,13.137644,43.651717,1,0.107000,0.853652
SP_T_Jongkok_1,movenet,38,1.262768,ok,1,direct,0.484259,13,left_knee,1,1,2.000000,697.430000,556.050000,2.000000,690.367981,552.509460,7.899844,43.651717,1,0.087000,0.917097
SP_T_Jongkok_1,movenet,38,1.262768,ok,1,direct,0.484259,14,right_knee,1,1,2.000000,583.000000,556.300000,2.000000,586.201294,565.114685,9.378004,43.651717,1,0.087000,0.885186
SP_T_Jongkok_1,movenet,38,1.262768,ok,1,direct,0.484259,15,left_ankle,1,1,2.000000,706.500000,640.570000,2.000000,708.324890,636.545288,4.419110,43.651717,1,0.089000,0.974455
SP_T_Jongkok_1,movenet,38,1.262768,ok,1,direct,0.484259,16,right_ankle,1,1,2.000000,652.120000,638.450000,2.000000,635.810913,640.522583,16.440253,43.651717,1,0.089000,0.698969
SP_T_Jongkok_1,movenet,39,1.295999,ok,1,direct,0.496688,0,nose,0,0,0.000000,0.000000,0.000000,2.000000,632.821106,359.440826,,,,0.026000,
SP_T_Jongkok_1,movenet,39,1.295999,ok,1,direct,0.496688,1,left_eye,0,0,0.000000,0.000000,0.000000,2.000000,644.206848,351.489166,,,,0.025000,
SP_T_Jongkok_1,movenet,39,1.295999,ok,1,direct,0.496688,2,right_eye,0,0,0.000000,0.000000,0.000000,2.000000,618.652649,352.594330,,,,0.025000,
SP_T_Jongkok_1,movenet,39,1.295999,ok,1,direct,0.496688,3,left_ear,0,0,0.000000,0.000000,0.000000,2.000000,672.476685,352.380859,,,,0.035000,
SP_T_Jongkok_1,movenet,39,1.295999,ok,1,direct,0.496688,4,right_ear,0,0,0.000000,0.000000,0.000000,2.000000,612.344360,357.331207,,,,0.035000,
SP_T_Jongkok_1,movenet,39,1.295999,ok,1,direct,0.496688,5,left_shoulder,1,1,2.000000,707.930000,401.290000,2.000000,694.299561,387.505768,19.385405,43.680874,1,0.079000,0.531972
SP_T_Jongkok_1,movenet,39,1.295999,ok,1,direct,0.496688,6,right_shoulder,1,1,2.000000,617.300000,407.800000,2.000000,607.184814,400.553284,12.443146,43.680874,1,0.079000,0.771015
SP_T_Jongkok_1,movenet,39,1.295999,ok,1,direct,0.496688,7,left_elbow,1,1,2.000000,684.340000,409.190000,2.000000,652.899780,414.211273,31.838665,43.680874,1,0.072000,0.128772
SP_T_Jongkok_1,movenet,39,1.295999,ok,1,direct,0.496688,8,right_elbow,1,1,2.000000,571.790000,415.380000,2.000000,564.902832,420.516479,8.591653,43.680874,1,0.072000,0.861347
SP_T_Jongkok_1,movenet,39,1.295999,ok,1,direct,0.496688,9,left_wrist,1,1,2.000000,646.000000,409.650000,2.000000,560.436890,416.967529,85.875445,43.680874,0,0.062000,0.000000
SP_T_Jongkok_1,movenet,39,1.295999,ok,1,direct,0.496688,10,right_wrist,1,1,2.000000,518.880000,413.850000,2.000000,512.541199,414.306610,6.355226,43.680874,1,0.062000,0.895713
SP_T_Jongkok_1,movenet,39,1.295999,ok,1,direct,0.496688,11,left_hip,1,1,2.000000,718.230000,532.170000,2.000000,711.480042,531.080750,6.837281,43.680874,1,0.107000,0.958103
SP_T_Jongkok_1,movenet,39,1.295999,ok,1,direct,0.496688,12,right_hip,1,1,2.000000,660.010000,538.030000,2.000000,648.464905,534.625061,12.036728,43.680874,1,0.107000,0.875774
SP_T_Jongkok_1,movenet,39,1.295999,ok,1,direct,0.496688,13,left_knee,1,1,2.000000,697.830000,555.560000,2.000000,693.954529,549.923401,6.840360,43.680874,1,0.087000,0.937256
SP_T_Jongkok_1,movenet,39,1.295999,ok,1,direct,0.496688,14,right_knee,1,1,2.000000,583.200000,555.610000,2.000000,588.234497,561.948730,8.094792,43.680874,1,0.087000,0.913251
SP_T_Jongkok_1,movenet,39,1.295999,ok,1,direct,0.496688,15,left_ankle,1,1,2.000000,706.400000,640.570000,2.000000,709.447144,636.655884,4.960382,43.680874,1,0.089000,0.967963
SP_T_Jongkok_1,movenet,39,1.295999,ok,1,direct,0.496688,16,right_ankle,1,1,2.000000,652.120000,638.450000,2.000000,636.403259,642.857666,16.323096,43.680874,1,0.089000,0.702864
SP_T_Jongkok_1,movenet,40,1.329229,ok,1,direct,0.505034,0,nose,0,0,0.000000,0.000000,0.000000,2.000000,633.482300,358.530334,,,,0.026000,
SP_T_Jongkok_1,movenet,40,1.329229,ok,1,direct,0.505034,1,left_eye,0,0,0.000000,0.000000,0.000000,2.000000,645.149658,350.462891,,,,0.025000,
SP_T_Jongkok_1,movenet,40,1.329229,ok,1,direct,0.505034,2,right_eye,0,0,0.000000,0.000000,0.000000,2.000000,619.083130,351.727417,,,,0.025000,
SP_T_Jongkok_1,movenet,40,1.329229,ok,1,direct,0.505034,3,left_ear,0,0,0.000000,0.000000,0.000000,2.000000,672.767700,351.819061,,,,0.035000,
SP_T_Jongkok_1,movenet,40,1.329229,ok,1,direct,0.505034,4,right_ear,0,0,0.000000,0.000000,0.000000,2.000000,612.673096,356.752625,,,,0.035000,
SP_T_Jongkok_1,movenet,40,1.329229,ok,1,direct,0.505034,5,left_shoulder,1,1,2.000000,707.830000,401.690000,2.000000,694.134827,385.669678,21.076254,43.708886,1,0.079000,0.474680
SP_T_Jongkok_1,movenet,40,1.329229,ok,1,direct,0.505034,6,right_shoulder,1,1,2.000000,617.110000,407.990000,2.000000,607.866211,400.683228,11.782893,43.708886,1,0.079000,0.792245
SP_T_Jongkok_1,movenet,40,1.329229,ok,1,direct,0.505034,7,left_elbow,1,1,2.000000,684.240000,410.070000,2.000000,642.781494,413.857422,41.631145,43.708886,1,0.072000,0.030199
SP_T_Jongkok_1,movenet,40,1.329229,ok,1,direct,0.505034,8,right_elbow,1,1,2.000000,573.210000,414.790000,2.000000,564.299683,421.310608,11.041381,43.708886,1,0.072000,0.781773
SP_T_Jongkok_1,movenet,40,1.329229,ok,1,direct,0.505034,9,left_wrist,1,1,2.000000,646.300000,409.750000,2.000000,558.473145,417.169495,88.139693,43.708886,0,0.062000,0.000000
SP_T_Jongkok_1,movenet,40,1.329229,ok,1,direct,0.505034,10,right_wrist,1,1,2.000000,519.570000,413.950000,2.000000,507.946472,413.254974,11.644289,43.708886,1,0.062000,0.691245
SP_T_Jongkok_1,movenet,40,1.329229,ok,1,direct,0.505034,11,left_hip,1,1,2.000000,719.510000,533.350000,2.000000,712.076904,531.692444,7.615668,43.708886,1,0.107000,0.948350
SP_T_Jongkok_1,movenet,40,1.329229,ok,1,direct,0.505034,12,right_hip,1,1,2.000000,661.090000,539.110000,2.000000,648.014160,534.938782,13.725037,43.708886,1,0.107000,0.841772
SP_T_Jongkok_1,movenet,40,1.329229,ok,1,direct,0.505034,13,left_knee,1,1,2.000000,698.220000,555.070000,0.000000,694.176025,549.151550,,43.708886,0,0.087000,0.000000
SP_T_Jongkok_1,movenet,40,1.329229,ok,1,direct,0.505034,14,right_knee,1,1,2.000000,583.400000,554.920000,2.000000,588.145447,561.526245,8.133987,43.708886,1,0.087000,0.912554
SP_T_Jongkok_1,movenet,40,1.329229,ok,1,direct,0.505034,15,left_ankle,1,1,2.000000,706.300000,640.570000,2.000000,710.226929,636.216797,5.862691,43.708886,1,0.089000,0.955590
SP_T_Jongkok_1,movenet,40,1.329229,ok,1,direct,0.505034,16,right_ankle,1,1,2.000000,652.120000,638.450000,2.000000,635.346802,641.420593,17.034219,43.708886,1,0.089000,0.681478
SP_T_Jongkok_1,movenet,41,1.362460,ok,1,direct,0.521231,0,nose,0,0,0.000000,0.000000,0.000000,2.000000,635.550049,357.934235,,,,0.026000,
SP_T_Jongkok_1,movenet,41,1.362460,ok,1,direct,0.521231,1,left_eye,0,0,0.000000,0.000000,0.000000,2.000000,647.100891,349.813995,,,,0.025000,
SP_T_Jongkok_1,movenet,41,1.362460,ok,1,direct,0.521231,2,right_eye,0,0,0.000000,0.000000,0.000000,2.000000,620.170959,351.155212,,,,0.025000,
SP_T_Jongkok_1,movenet,41,1.362460,ok,1,direct,0.521231,3,left_ear,0,0,0.000000,0.000000,0.000000,2.000000,673.834595,351.718079,,,,0.035000,
SP_T_Jongkok_1,movenet,41,1.362460,ok,1,direct,0.521231,4,right_ear,0,0,0.000000,0.000000,0.000000,2.000000,613.688599,356.736847,,,,0.035000,
SP_T_Jongkok_1,movenet,41,1.362460,ok,1,direct,0.521231,5,left_shoulder,1,1,2.000000,707.830000,401.880000,2.000000,697.705139,383.686096,20.821406,43.684561,1,0.079000,0.482867
SP_T_Jongkok_1,movenet,41,1.362460,ok,1,direct,0.521231,6,right_shoulder,1,1,2.000000,617.200000,408.090000,2.000000,605.345093,400.529510,14.060577,43.684561,1,0.079000,0.717494
SP_T_Jongkok_1,movenet,41,1.362460,ok,1,direct,0.521231,7,left_elbow,1,1,2.000000,684.310000,409.680000,2.000000,656.492249,412.402954,27.950703,43.684561,1,0.072000,0.206097
SP_T_Jongkok_1,movenet,41,1.362460,ok,1,direct,0.521231,8,right_elbow,1,1,2.000000,573.410000,415.090000,2.000000,564.185547,420.155457,10.523753,43.684561,1,0.072000,0.799397
SP_T_Jongkok_1,movenet,41,1.362460,ok,1,direct,0.521231,9,left_wrist,1,1,2.000000,646.860000,409.750000,2.000000,561.645081,415.816864,85.430611,43.684561,0,0.062000,0.000000
SP_T_Jongkok_1,movenet,41,1.362460,ok,1,direct,0.521231,10,right_wrist,1,1,2.000000,519.600000,413.980000,2.000000,509.255951,412.767242,10.414900,43.684561,1,0.062000,0.743986
SP_T_Jongkok_1,movenet,41,1.362460,ok,1,direct,0.521231,11,left_hip,1,1,2.000000,719.510000,533.740000,2.000000,713.796692,532.190308,5.919750,43.684561,1,0.107000,0.968431
SP_T_Jongkok_1,movenet,41,1.362460,ok,1,direct,0.521231,12,right_hip,1,1,2.000000,660.800000,539.210000,2.000000,648.036194,535.964050,13.170077,43.684561,1,0.107000,0.853188
SP_T_Jongkok_1,movenet,41,1.362460,ok,1,direct,0.521231,13,left_knee,1,1,2.000000,698.270000,555.270000,0.000000,693.859314,548.624451,,43.684561,0,0.087000,0.000000
SP_T_Jongkok_1,movenet,41,1.362460,ok,1,direct,0.521231,14,right_knee,1,1,2.000000,583.500000,554.760000,2.000000,588.734680,561.268677,8.352530,43.684561,1,0.087000,0.907920
SP_T_Jongkok_1,movenet,41,1.362460,ok,1,direct,0.521231,15,left_ankle,1,1,2.000000,706.400000,640.530000,2.000000,709.726868,636.079529,5.556505,43.684561,1,0.089000,0.959973
SP_T_Jongkok_1,movenet,41,1.362460,ok,1,direct,0.521231,16,right_ankle,1,1,2.000000,652.120000,638.450000,2.000000,634.824768,640.954224,17.475588,43.684561,1,0.089000,0.667597
SP_T_Jongkok_1,movenet,42,1.395691,ok,1,direct,0.530269,0,nose,0,0,0.000000,0.000000,0.000000,2.000000,636.802307,357.620667,,,,0.026000,
SP_T_Jongkok_1,movenet,42,1.395691,ok,1,direct,0.530269,1,left_eye,0,0,0.000000,0.000000,0.000000,2.000000,648.137939,349.568634,,,,0.025000,
SP_T_Jongkok_1,movenet,42,1.395691,ok,1,direct,0.530269,2,right_eye,0,0,0.000000,0.000000,0.000000,2.000000,621.429993,350.633392,,,,0.025000,
SP_T_Jongkok_1,movenet,42,1.395691,ok,1,direct,0.530269,3,left_ear,0,0,0.000000,0.000000,0.000000,2.000000,674.383667,351.495239,,,,0.035000,
SP_T_Jongkok_1,movenet,42,1.395691,ok,1,direct,0.530269,4,right_ear,0,0,0.000000,0.000000,0.000000,2.000000,614.663391,355.827911,,,,0.035000,
SP_T_Jongkok_1,movenet,42,1.395691,ok,1,direct,0.530269,5,left_shoulder,1,1,2.000000,707.830000,402.080000,2.000000,698.285645,383.263580,21.098634,43.658221,1,0.079000,0.473108
SP_T_Jongkok_1,movenet,42,1.395691,ok,1,direct,0.530269,6,right_shoulder,1,1,2.000000,617.300000,408.190000,2.000000,604.012512,400.019775,15.598394,43.658221,1,0.079000,0.664264
SP_T_Jongkok_1,movenet,42,1.395691,ok,1,direct,0.530269,7,left_elbow,1,1,2.000000,684.370000,409.290000,2.000000,660.018921,411.250275,24.429853,43.658221,1,0.072000,0.298788
SP_T_Jongkok_1,movenet,42,1.395691,ok,1,direct,0.530269,8,right_elbow,1,1,2.000000,573.610000,415.380000,2.000000,563.825989,420.031860,10.833590,43.658221,1,0.072000,0.788548
SP_T_Jongkok_1,movenet,42,1.395691,ok,1,direct,0.530269,9,left_wrist,1,1,2.000000,647.420000,409.760000,2.000000,581.107727,414.933258,66.513759,43.658221,0,0.062000,0.000006
SP_T_Jongkok_1,movenet,42,1.395691,ok,1,direct,0.530269,10,right_wrist,1,1,2.000000,519.640000,414.010000,2.000000,506.730347,411.909363,13.079443,43.658221,1,0.062000,0.626896
SP_T_Jongkok_1,movenet,42,1.395691,ok,1,direct,0.530269,11,left_hip,1,1,2.000000,719.510000,534.130000,2.000000,715.340088,531.749023,4.801793,43.658221,1,0.107000,0.979090
SP_T_Jongkok_1,movenet,42,1.395691,ok,1,direct,0.530269,12,right_hip,1,1,2.000000,660.500000,539.300000,2.000000,648.478760,535.678284,12.554961,43.658221,1,0.107000,0.865486
SP_T_Jongkok_1,movenet,42,1.395691,ok,1,direct,0.530269,13,left_knee,1,1,2.000000,698.320000,555.460000,0.000000,693.430237,548.450745,,43.658221,0,0.087000,0.000000
SP_T_Jongkok_1,movenet,42,1.395691,ok,1,direct,0.530269,14,right_knee,1,1,2.000000,583.590000,554.590000,2.000000,589.805664,560.655029,8.684415,43.658221,1,0.087000,0.900726
SP_T_Jongkok_1,movenet,42,1.395691,ok,1,direct,0.530269,15,left_ankle,1,1,2.000000,706.500000,640.490000,2.000000,709.918457,636.267822,5.432553,43.658221,1,0.089000,0.961659
SP_T_Jongkok_1,movenet,42,1.395691,ok,1,direct,0.530269,16,right_ankle,1,1,2.000000,652.120000,638.450000,2.000000,634.561279,641.062866,17.752063,43.658221,1,0.089000,0.658717
SP_T_Jongkok_1,movenet,43,1.428922,ok,1,direct,0.535145,0,nose,0,0,0.000000,0.000000,0.000000,2.000000,636.516724,358.020874,,,,0.026000,
SP_T_Jongkok_1,movenet,43,1.428922,ok,1,direct,0.535145,1,left_eye,0,0,0.000000,0.000000,0.000000,2.000000,648.518433,350.239899,,,,0.025000,
SP_T_Jongkok_1,movenet,43,1.428922,ok,1,direct,0.535145,2,right_eye,0,0,0.000000,0.000000,0.000000,2.000000,622.118164,350.892548,,,,0.025000,
SP_T_Jongkok_1,movenet,43,1.428922,ok,1,direct,0.535145,3,left_ear,0,0,0.000000,0.000000,0.000000,2.000000,674.993530,352.192108,,,,0.035000,
SP_T_Jongkok_1,movenet,43,1.428922,ok,1,direct,0.535145,4,right_ear,0,0,0.000000,0.000000,0.000000,2.000000,615.015015,355.412201,,,,0.035000,
SP_T_Jongkok_1,movenet,43,1.428922,ok,1,direct,0.535145,5,left_shoulder,1,1,2.000000,707.830000,402.280000,2.000000,697.848572,384.085602,20.752471,43.632966,1,0.079000,0.484367
SP_T_Jongkok_1,movenet,43,1.428922,ok,1,direct,0.535145,6,right_shoulder,1,1,2.000000,617.400000,408.290000,2.000000,604.294922,399.087219,16.013564,43.632966,1,0.079000,0.649443
SP_T_Jongkok_1,movenet,43,1.428922,ok,1,direct,0.535145,7,left_elbow,1,1,2.000000,684.440000,408.890000,2.000000,654.166138,411.477295,30.384220,43.632966,1,0.072000,0.153998
SP_T_Jongkok_1,movenet,43,1.428922,ok,1,direct,0.535145,8,right_elbow,1,1,2.000000,573.800000,415.670000,2.000000,566.868164,419.539856,7.938900,43.632966,1,0.072000,0.880100
SP_T_Jongkok_1,movenet,43,1.428922,ok,1,direct,0.535145,9,left_wrist,1,1,2.000000,647.980000,409.770000,0.000000,581.001648,414.450378,,43.632966,0,0.062000,0.000000
SP_T_Jongkok_1,movenet,43,1.428922,ok,1,direct,0.535145,10,right_wrist,1,1,2.000000,519.670000,414.050000,2.000000,496.096161,410.216705,23.883468,43.632966,1,0.062000,0.210372
SP_T_Jongkok_1,movenet,43,1.428922,ok,1,direct,0.535145,11,left_hip,1,1,2.000000,719.510000,534.530000,2.000000,714.731995,530.700256,6.123420,43.632966,1,0.107000,0.966180
SP_T_Jongkok_1,movenet,43,1.428922,ok,1,direct,0.535145,12,right_hip,1,1,2.000000,660.210000,539.400000,2.000000,649.141296,534.285706,12.193121,43.632966,1,0.107000,0.872480
SP_T_Jongkok_1,movenet,43,1.428922,ok,1,direct,0.535145,13,left_knee,1,1,2.000000,698.370000,555.660000,2.000000,694.980408,546.990784,9.308311,43.632966,1,0.087000,0.886694
SP_T_Jongkok_1,movenet,43,1.428922,ok,1,direct,0.535145,14,right_knee,1,1,2.000000,583.690000,554.430000,2.000000,590.182861,560.511475,8.896155,43.632966,1,0.087000,0.895976
SP_T_Jongkok_1,movenet,43,1.428922,ok,1,direct,0.535145,15,left_ankle,1,1,2.000000,706.600000,640.450000,2.000000,709.700256,636.130066,5.317276,43.632966,1,0.089000,0.963197
SP_T_Jongkok_1,movenet,43,1.428922,ok,1,direct,0.535145,16,right_ankle,1,1,2.000000,652.120000,638.450000,2.000000,634.663574,640.816101,17.616051,43.632966,1,0.089000,0.662613
SP_T_Jongkok_1,movenet,44,1.462152,ok,1,direct,0.508918,0,nose,0,0,0.000000,0.000000,0.000000,2.000000,637.974243,357.805908,,,,0.026000,
SP_T_Jongkok_1,movenet,44,1.462152,ok,1,direct,0.508918,1,left_eye,0,0,0.000000,0.000000,0.000000,2.000000,649.230835,350.652039,,,,0.025000,
SP_T_Jongkok_1,movenet,44,1.462152,ok,1,direct,0.508918,2,right_eye,0,0,0.000000,0.000000,0.000000,2.000000,623.369202,351.668884,,,,0.025000,
SP_T_Jongkok_1,movenet,44,1.462152,ok,1,direct,0.508918,3,left_ear,0,0,0.000000,0.000000,0.000000,2.000000,674.442383,352.804291,,,,0.035000,
SP_T_Jongkok_1,movenet,44,1.462152,ok,1,direct,0.508918,4,right_ear,0,0,0.000000,0.000000,0.000000,2.000000,613.128113,357.322632,,,,0.035000,
SP_T_Jongkok_1,movenet,44,1.462152,ok,1,direct,0.508918,5,left_shoulder,1,1,2.000000,707.830000,402.470000,2.000000,694.332886,387.699493,20.008497,43.608619,1,0.079000,0.509349
SP_T_Jongkok_1,movenet,44,1.462152,ok,1,direct,0.508918,6,right_shoulder,1,1,2.000000,617.500000,408.390000,2.000000,605.915405,399.853821,14.389899,43.608619,1,0.079000,0.705438
SP_T_Jongkok_1,movenet,44,1.462152,ok,1,direct,0.508918,7,left_elbow,1,1,2.000000,684.510000,408.500000,2.000000,652.351562,413.058990,32.479986,43.608619,1,0.072000,0.117633
SP_T_Jongkok_1,movenet,44,1.462152,ok,1,direct,0.508918,8,right_elbow,1,1,2.000000,574.000000,415.960000,2.000000,565.315857,419.811859,9.500061,43.608619,1,0.072000,0.832690
SP_T_Jongkok_1,movenet,44,1.462152,ok,1,direct,0.508918,9,left_wrist,1,1,2.000000,648.540000,409.780000,2.000000,561.386353,415.303467,87.328500,43.608619,0,0.062000,0.000000
SP_T_Jongkok_1,movenet,44,1.462152,ok,1,direct,0.508918,10,right_wrist,1,1,2.000000,519.700000,414.080000,2.000000,504.967590,411.641449,14.932864,43.608619,1,0.062000,0.543306
SP_T_Jongkok_1,movenet,44,1.462152,ok,1,direct,0.508918,11,left_hip,1,1,2.000000,719.510000,534.920000,2.000000,710.731812,527.589111,11.436718,43.608619,1,0.107000,0.886788
SP_T_Jongkok_1,movenet,44,1.462152,ok,1,direct,0.508918,12,right_hip,1,1,2.000000,659.910000,539.500000,2.000000,647.318481,531.174133,15.095244,43.608619,1,0.107000,0.811141
SP_T_Jongkok_1,movenet,44,1.462152,ok,1,direct,0.508918,13,left_knee,1,1,2.000000,698.420000,555.850000,2.000000,696.767578,548.226562,7.800468,43.608619,1,0.087000,0.918930
SP_T_Jongkok_1,movenet,44,1.462152,ok,1,direct,0.508918,14,right_knee,1,1,2.000000,583.790000,554.270000,2.000000,592.079834,561.649536,11.098599,43.608619,1,0.087000,0.842693
SP_T_Jongkok_1,movenet,44,1.462152,ok,1,direct,0.508918,15,left_ankle,1,1,2.000000,706.690000,640.410000,2.000000,709.614136,635.329712,5.861732,43.608619,1,0.089000,0.955405
SP_T_Jongkok_1,movenet,44,1.462152,ok,1,direct,0.508918,16,right_ankle,1,1,2.000000,652.120000,638.450000,2.000000,634.881775,640.990295,17.424394,43.608619,1,0.089000,0.668240
SP_T_Jongkok_1,movenet,45,1.495383,ok,1,direct,0.496643,0,nose,0,0,0.000000,0.000000,0.000000,2.000000,638.562622,358.705017,,,,0.026000,
SP_T_Jongkok_1,movenet,45,1.495383,ok,1,direct,0.496643,1,left_eye,0,0,0.000000,0.000000,0.000000,2.000000,649.433899,351.406952,,,,0.025000,
SP_T_Jongkok_1,movenet,45,1.495383,ok,1,direct,0.496643,2,right_eye,0,0,0.000000,0.000000,0.000000,2.000000,623.652954,352.830536,,,,0.025000,
SP_T_Jongkok_1,movenet,45,1.495383,ok,1,direct,0.496643,3,left_ear,0,0,0.000000,0.000000,0.000000,2.000000,674.848572,353.518005,,,,0.035000,
SP_T_Jongkok_1,movenet,45,1.495383,ok,1,direct,0.496643,4,right_ear,0,0,0.000000,0.000000,0.000000,2.000000,612.953247,358.679626,,,,0.035000,
SP_T_Jongkok_1,movenet,45,1.495383,ok,1,direct,0.496643,5,left_shoulder,1,1,2.000000,707.830000,402.670000,2.000000,694.478882,389.790710,18.550700,43.583348,1,0.079000,0.559579
SP_T_Jongkok_1,movenet,45,1.495383,ok,1,direct,0.496643,6,right_shoulder,1,1,2.000000,617.600000,408.490000,2.000000,606.644104,400.377075,13.632726,43.583348,1,0.079000,0.730851
SP_T_Jongkok_1,movenet,45,1.495383,ok,1,direct,0.496643,7,left_elbow,1,1,2.000000,684.570000,408.110000,2.000000,650.455872,414.308350,34.672659,43.583348,1,0.072000,0.087010
SP_T_Jongkok_1,movenet,45,1.495383,ok,1,direct,0.496643,8,right_elbow,1,1,2.000000,574.200000,416.250000,2.000000,567.185547,419.922485,7.917683,43.583348,1,0.072000,0.880446
SP_T_Jongkok_1,movenet,45,1.495383,ok,1,direct,0.496643,9,left_wrist,1,1,2.000000,649.100000,409.780000,2.000000,559.713989,416.655457,89.650046,43.583348,0,0.062000,0.000000
SP_T_Jongkok_1,movenet,45,1.495383,ok,1,direct,0.496643,10,right_wrist,1,1,2.000000,519.730000,414.110000,2.000000,502.130066,412.710571,17.655483,43.583348,1,0.062000,0.425787
SP_T_Jongkok_1,movenet,45,1.495383,ok,1,direct,0.496643,11,left_hip,1,1,2.000000,719.510000,535.310000,2.000000,709.809082,527.084473,12.718770,43.583348,1,0.107000,0.861768
SP_T_Jongkok_1,movenet,45,1.495383,ok,1,direct,0.496643,12,right_hip,1,1,2.000000,659.620000,539.600000,2.000000,645.938110,530.697876,16.323049,43.583348,1,0.107000,0.782679
SP_T_Jongkok_1,movenet,45,1.495383,ok,1,direct,0.496643,13,left_knee,1,1,2.000000,698.470000,556.050000,2.000000,697.707825,547.589294,8.494966,43.583348,1,0.087000,0.904488
SP_T_Jongkok_1,movenet,45,1.495383,ok,1,direct,0.496643,14,right_knee,1,1,2.000000,583.890000,554.100000,2.000000,591.725220,561.261841,10.615208,43.583348,1,0.087000,0.854918
SP_T_Jongkok_1,movenet,45,1.495383,ok,1,direct,0.496643,15,left_ankle,1,1,2.000000,706.790000,640.370000,2.000000,709.281067,634.865173,6.042229,43.583348,1,0.089000,0.952630
SP_T_Jongkok_1,movenet,45,1.495383,ok,1,direct,0.496643,16,right_ankle,1,1,2.000000,652.120000,638.450000,2.000000,635.089050,640.861694,17.200858,43.583348,1,0.089000,0.674835
SP_T_Jongkok_1,movenet,46,1.528614,ok,1,direct,0.496740,0,nose,0,0,0.000000,0.000000,0.000000,2.000000,636.450073,359.216187,,,,0.026000,
SP_T_Jongkok_1,movenet,46,1.528614,ok,1,direct,0.496740,1,left_eye,0,0,0.000000,0.000000,0.000000,2.000000,649.375671,351.780670,,,,0.025000,
SP_T_Jongkok_1,movenet,46,1.528614,ok,1,direct,0.496740,2,right_eye,0,0,0.000000,0.000000,0.000000,2.000000,623.692993,353.363037,,,,0.025000,
SP_T_Jongkok_1,movenet,46,1.528614,ok,1,direct,0.496740,3,left_ear,0,0,0.000000,0.000000,0.000000,2.000000,674.319153,353.567383,,,,0.035000,
SP_T_Jongkok_1,movenet,46,1.528614,ok,1,direct,0.496740,4,right_ear,0,0,0.000000,0.000000,0.000000,2.000000,612.737366,358.902679,,,,0.035000,
SP_T_Jongkok_1,movenet,46,1.528614,ok,1,direct,0.496740,5,left_shoulder,1,1,2.000000,707.830000,402.870000,2.000000,694.239380,389.501465,19.063648,43.556979,1,0.079000,0.541255
SP_T_Jongkok_1,movenet,46,1.528614,ok,1,direct,0.496740,6,right_shoulder,1,1,2.000000,617.700000,408.580000,2.000000,607.363953,399.680298,13.639596,43.556979,1,0.079000,0.730343
SP_T_Jongkok_1,movenet,46,1.528614,ok,1,direct,0.496740,7,left_elbow,1,1,2.000000,684.640000,407.710000,2.000000,650.767822,414.340485,34.515037,43.556979,1,0.072000,0.088698
SP_T_Jongkok_1,movenet,46,1.528614,ok,1,direct,0.496740,8,right_elbow,1,1,2.000000,574.390000,416.540000,2.000000,568.318481,420.365326,7.176103,43.556979,1,0.072000,0.900577
SP_T_Jongkok_1,movenet,46,1.528614,ok,1,direct,0.496740,9,left_wrist,1,1,2.000000,649.660000,409.790000,2.000000,560.412720,417.689117,89.596167,43.556979,0,0.062000,0.000000
SP_T_Jongkok_1,movenet,46,1.528614,ok,1,direct,0.496740,10,right_wrist,1,1,2.000000,519.770000,414.140000,2.000000,511.485657,415.100739,8.339866,43.556979,1,0.062000,0.826345
SP_T_Jongkok_1,movenet,46,1.528614,ok,1,direct,0.496740,11,left_hip,1,1,2.000000,719.510000,535.710000,2.000000,709.971069,526.976929,12.932816,43.556979,1,0.107000,0.857268
SP_T_Jongkok_1,movenet,46,1.528614,ok,1,direct,0.496740,12,right_hip,1,1,2.000000,659.320000,539.700000,2.000000,647.349609,530.559509,15.061169,43.556979,1,0.107000,0.811505
SP_T_Jongkok_1,movenet,46,1.528614,ok,1,direct,0.496740,13,left_knee,1,1,2.000000,698.520000,556.250000,2.000000,697.663025,549.756775,6.549533,43.556979,1,0.087000,0.942005
SP_T_Jongkok_1,movenet,46,1.528614,ok,1,direct,0.496740,14,right_knee,1,1,2.000000,583.990000,553.940000,2.000000,592.140564,561.990479,11.456086,43.556979,1,0.087000,0.832944
SP_T_Jongkok_1,movenet,46,1.528614,ok,1,direct,0.496740,15,left_ankle,1,1,2.000000,706.890000,640.330000,2.000000,709.401733,635.091614,5.809432,43.556979,1,0.089000,0.956078
SP_T_Jongkok_1,movenet,46,1.528614,ok,1,direct,0.496740,16,right_ankle,1,1,2.000000,652.120000,638.450000,2.000000,635.462524,641.025452,16.855398,43.556979,1,0.089000,0.685159
SP_T_Jongkok_1,movenet,47,1.561845,ok,1,direct,0.504605,0,nose,0,0,0.000000,0.000000,0.000000,2.000000,636.446594,359.668488,,,,0.026000,
SP_T_Jongkok_1,movenet,47,1.561845,ok,1,direct,0.504605,1,left_eye,0,0,0.000000,0.000000,0.000000,2.000000,649.706177,352.456116,,,,0.025000,
SP_T_Jongkok_1,movenet,47,1.561845,ok,1,direct,0.504605,2,right_eye,0,0,0.000000,0.000000,0.000000,2.000000,624.080811,353.648376,,,,0.025000,
SP_T_Jongkok_1,movenet,47,1.561845,ok,1,direct,0.504605,3,left_ear,0,0,0.000000,0.000000,0.000000,2.000000,674.514893,354.708130,,,,0.035000,
SP_T_Jongkok_1,movenet,47,1.561845,ok,1,direct,0.504605,4,right_ear,0,0,0.000000,0.000000,0.000000,2.000000,612.817749,358.771088,,,,0.035000,
SP_T_Jongkok_1,movenet,47,1.561845,ok,1,direct,0.504605,5,left_shoulder,1,1,2.000000,707.830000,403.060000,2.000000,694.535217,390.397369,18.360105,43.532610,1,0.079000,0.565509
SP_T_Jongkok_1,movenet,47,1.561845,ok,1,direct,0.504605,6,right_shoulder,1,1,2.000000,617.790000,408.680000,2.000000,606.098755,399.541809,14.838859,43.532610,1,0.079000,0.689115
SP_T_Jongkok_1,movenet,47,1.561845,ok,1,direct,0.504605,7,left_elbow,1,1,2.000000,684.700000,407.320000,2.000000,649.165039,414.928223,36.340315,43.532610,1,0.072000,0.067982
SP_T_Jongkok_1,movenet,47,1.561845,ok,1,direct,0.504605,8,right_elbow,1,1,2.000000,574.590000,416.830000,2.000000,569.806396,421.352417,6.582941,43.532610,1,0.072000,0.915558
SP_T_Jongkok_1,movenet,47,1.561845,ok,1,direct,0.504605,9,left_wrist,1,1,2.000000,650.220000,409.800000,2.000000,559.617981,418.693481,91.037464,43.532610,0,0.062000,0.000000
SP_T_Jongkok_1,movenet,47,1.561845,ok,1,direct,0.504605,10,right_wrist,1,1,2.000000,519.800000,414.180000,2.000000,518.603943,415.744202,1.969081,43.532610,1,0.062000,0.989411
SP_T_Jongkok_1,movenet,47,1.561845,ok,1,direct,0.504605,11,left_hip,1,1,2.000000,719.510000,536.100000,2.000000,713.985901,527.487549,10.231812,43.532610,1,0.107000,0.908008
SP_T_Jongkok_1,movenet,47,1.561845,ok,1,direct,0.504605,12,right_hip,1,1,2.000000,659.030000,539.800000,2.000000,646.885864,531.292969,14.827327,43.532610,1,0.107000,0.816559
SP_T_Jongkok_1,movenet,47,1.561845,ok,1,direct,0.504605,13,left_knee,1,1,2.000000,698.560000,556.440000,2.000000,697.812195,551.619568,4.878092,43.532610,1,0.087000,0.967365
SP_T_Jongkok_1,movenet,47,1.561845,ok,1,direct,0.504605,14,right_knee,1,1,2.000000,584.090000,553.770000,2.000000,591.930481,562.053955,11.406010,43.532610,1,0.087000,0.834104
SP_T_Jongkok_1,movenet,47,1.561845,ok,1,direct,0.504605,15,left_ankle,1,1,2.000000,706.990000,640.290000,2.000000,709.443298,635.148376,5.696926,43.532610,1,0.089000,0.957680
SP_T_Jongkok_1,movenet,47,1.561845,ok,1,direct,0.504605,16,right_ankle,1,1,2.000000,652.120000,638.450000,2.000000,636.357117,640.977356,15.964211,43.532610,1,0.089000,0.712084
SP_T_Jongkok_1,movenet,48,1.595075,ok,1,direct,0.480166,0,nose,0,0,0.000000,0.000000,0.000000,2.000000,636.166687,359.402802,,,,0.026000,
SP_T_Jongkok_1,movenet,48,1.595075,ok,1,direct,0.480166,1,left_eye,0,0,0.000000,0.000000,0.000000,2.000000,649.272766,352.483795,,,,0.025000,
SP_T_Jongkok_1,movenet,48,1.595075,ok,1,direct,0.480166,2,right_eye,0,0,0.000000,0.000000,0.000000,2.000000,624.070984,353.300171,,,,0.025000,
SP_T_Jongkok_1,movenet,48,1.595075,ok,1,direct,0.480166,3,left_ear,0,0,0.000000,0.000000,0.000000,2.000000,673.775757,354.958801,,,,0.035000,
SP_T_Jongkok_1,movenet,48,1.595075,ok,1,direct,0.480166,4,right_ear,0,0,0.000000,0.000000,0.000000,2.000000,612.546631,358.312836,,,,0.035000,
SP_T_Jongkok_1,movenet,48,1.595075,ok,1,direct,0.480166,5,left_shoulder,1,1,2.000000,707.830000,403.260000,2.000000,693.741699,391.357391,18.443219,43.507316,1,0.079000,0.562215
SP_T_Jongkok_1,movenet,48,1.595075,ok,1,direct,0.480166,6,right_shoulder,1,1,2.000000,617.890000,408.780000,2.000000,607.233032,403.513916,11.887077,43.507316,1,0.079000,0.787240
SP_T_Jongkok_1,movenet,48,1.595075,ok,1,direct,0.480166,7,left_elbow,1,1,2.000000,684.770000,406.930000,2.000000,648.420166,415.446411,37.334162,43.507316,1,0.072000,0.058374
SP_T_Jongkok_1,movenet,48,1.595075,ok,1,direct,0.480166,8,right_elbow,1,1,2.000000,574.790000,417.130000,2.000000,569.483521,422.081116,7.257566,43.507316,1,0.072000,0.898207
SP_T_Jongkok_1,movenet,48,1.595075,ok,1,direct,0.480166,9,left_wrist,1,1,2.000000,650.780000,409.800000,2.000000,558.217285,419.071045,93.025848,43.507316,0,0.062000,0.000000
SP_T_Jongkok_1,movenet,48,1.595075,ok,1,direct,0.480166,10,right_wrist,1,1,2.000000,519.830000,414.210000,2.000000,514.104980,415.121918,5.797193,43.507316,1,0.062000,0.911763
SP_T_Jongkok_1,movenet,48,1.595075,ok,1,direct,0.480166,11,left_hip,1,1,2.000000,719.510000,536.490000,2.000000,711.169556,528.511963,11.541754,43.507316,1,0.107000,0.884320
SP_T_Jongkok_1,movenet,48,1.595075,ok,1,direct,0.480166,12,right_hip,1,1,2.000000,658.730000,539.890000,2.000000,648.001465,532.027954,13.300873,43.507316,1,0.107000,0.849364
SP_T_Jongkok_1,movenet,48,1.595075,ok,1,direct,0.480166,13,left_knee,1,1,2.000000,698.610000,556.640000,0.000000,698.898560,556.103333,,43.507316,0,0.087000,0.000000
SP_T_Jongkok_1,movenet,48,1.595075,ok,1,direct,0.480166,14,right_knee,1,1,2.000000,584.180000,553.610000,2.000000,591.379639,562.255249,11.250561,43.507316,1,0.087000,0.838038
SP_T_Jongkok_1,movenet,48,1.595075,ok,1,direct,0.480166,15,left_ankle,1,1,2.000000,707.090000,640.250000,2.000000,709.508362,634.995605,5.784214,43.507316,1,0.089000,0.956353
SP_T_Jongkok_1,movenet,48,1.595075,ok,1,direct,0.480166,16,right_ankle,1,1,2.000000,652.120000,638.450000,2.000000,635.540710,641.311951,16.824494,43.507316,1,0.089000,0.685518
SP_T_Jongkok_1,movenet,49,1.628306,ok,1,direct,0.483410,0,nose,0,0,0.000000,0.000000,0.000000,2.000000,636.003540,360.808167,,,,0.026000,
SP_T_Jongkok_1,movenet,49,1.628306,ok,1,direct,0.483410,1,left_eye,0,0,0.000000,0.000000,0.000000,2.000000,648.906921,353.533112,,,,0.025000,
SP_T_Jongkok_1,movenet,49,1.628306,ok,1,direct,0.483410,2,right_eye,0,0,0.000000,0.000000,0.000000,2.000000,624.025146,354.626434,,,,0.025000,
SP_T_Jongkok_1,movenet,49,1.628306,ok,1,direct,0.483410,3,left_ear,0,0,0.000000,0.000000,0.000000,2.000000,673.473022,356.061951,,,,0.035000,
SP_T_Jongkok_1,movenet,49,1.628306,ok,1,direct,0.483410,4,right_ear,0,0,0.000000,0.000000,0.000000,2.000000,612.011475,359.266327,,,,0.035000,
SP_T_Jongkok_1,movenet,49,1.628306,ok,1,direct,0.483410,5,left_shoulder,1,1,2.000000,707.830000,403.460000,2.000000,694.648804,391.689667,17.671578,43.482932,1,0.079000,0.589026
SP_T_Jongkok_1,movenet,49,1.628306,ok,1,direct,0.483410,6,right_shoulder,1,1,2.000000,617.990000,408.880000,2.000000,608.674072,403.718689,10.650147,43.482932,1,0.079000,0.825107
SP_T_Jongkok_1,movenet,49,1.628306,ok,1,direct,0.483410,7,left_elbow,1,1,2.000000,684.830000,406.540000,2.000000,632.405640,417.244385,53.506050,43.482932,0,0.072000,0.002904
SP_T_Jongkok_1,movenet,49,1.628306,ok,1,direct,0.483410,8,right_elbow,1,1,2.000000,574.980000,417.420000,2.000000,568.843689,422.271118,7.822254,43.482932,1,0.072000,0.882629
SP_T_Jongkok_1,movenet,49,1.628306,ok,1,direct,0.483410,9,left_wrist,1,1,2.000000,651.340000,409.810000,2.000000,554.933594,419.173828,96.860087,43.482932,0,0.062000,0.000000
SP_T_Jongkok_1,movenet,49,1.628306,ok,1,direct,0.483410,10,right_wrist,1,1,2.000000,519.860000,414.240000,2.000000,514.107300,414.797455,5.779647,43.482932,1,0.062000,0.912178
SP_T_Jongkok_1,movenet,49,1.628306,ok,1,direct,0.483410,11,left_hip,1,1,2.000000,719.510000,536.890000,2.000000,711.291138,528.508789,11.738586,43.482932,1,0.107000,0.880462
SP_T_Jongkok_1,movenet,49,1.628306,ok,1,direct,0.483410,12,right_hip,1,1,2.000000,658.440000,539.990000,2.000000,648.692627,532.100098,12.540408,43.482932,1,0.107000,0.864768
SP_T_Jongkok_1,movenet,49,1.628306,ok,1,direct,0.483410,13,left_knee,1,1,2.000000,698.660000,556.840000,2.000000,696.870789,550.946777,6.158843,43.482932,1,0.087000,0.948371
SP_T_Jongkok_1,movenet,49,1.628306,ok,1,direct,0.483410,14,right_knee,1,1,2.000000,584.280000,553.450000,2.000000,591.456543,561.846008,11.045167,43.482932,1,0.087000,0.843252
SP_T_Jongkok_1,movenet,49,1.628306,ok,1,direct,0.483410,15,left_ankle,1,1,2.000000,707.190000,640.220000,2.000000,710.195190,634.939087,6.076118,43.482932,1,0.089000,0.951894
SP_T_Jongkok_1,movenet,49,1.628306,ok,1,direct,0.483410,16,right_ankle,1,1,2.000000,652.120000,638.450000,2.000000,636.174866,641.292114,16.196448,43.482932,1,0.089000,0.704470
SP_T_Jongkok_1,movenet,50,1.661537,ok,1,direct,0.480719,0,nose,0,0,0.000000,0.000000,0.000000,2.000000,635.527405,361.393768,,,,0.026000,
SP_T_Jongkok_1,movenet,50,1.661537,ok,1,direct,0.480719,1,left_eye,0,0,0.000000,0.000000,0.000000,2.000000,648.790955,354.316986,,,,0.025000,
SP_T_Jongkok_1,movenet,50,1.661537,ok,1,direct,0.480719,2,right_eye,0,0,0.000000,0.000000,0.000000,2.000000,623.920654,355.194916,,,,0.025000,
SP_T_Jongkok_1,movenet,50,1.661537,ok,1,direct,0.480719,3,left_ear,0,0,0.000000,0.000000,0.000000,2.000000,672.499512,357.915375,,,,0.035000,
SP_T_Jongkok_1,movenet,50,1.661537,ok,1,direct,0.480719,4,right_ear,0,0,0.000000,0.000000,0.000000,2.000000,611.930786,359.684937,,,,0.035000,
SP_T_Jongkok_1,movenet,50,1.661537,ok,1,direct,0.480719,5,left_shoulder,1,1,2.000000,707.830000,403.650000,2.000000,694.422302,391.827911,17.875350,43.457452,1,0.079000,0.581470
SP_T_Jongkok_1,movenet,50,1.661537,ok,1,direct,0.480719,6,right_shoulder,1,1,2.000000,618.090000,408.980000,2.000000,607.903687,404.004028,11.336722,43.457452,1,0.079000,0.804058
SP_T_Jongkok_1,movenet,50,1.661537,ok,1,direct,0.480719,7,left_elbow,1,1,2.000000,684.900000,406.140000,2.000000,634.469604,416.552948,51.494216,43.457452,0,0.072000,0.004441
SP_T_Jongkok_1,movenet,50,1.661537,ok,1,direct,0.480719,8,right_elbow,1,1,2.000000,575.180000,417.710000,2.000000,571.852173,422.253418,5.631792,43.457452,1,0.072000,0.937261
SP_T_Jongkok_1,movenet,50,1.661537,ok,1,direct,0.480719,9,left_wrist,1,1,2.000000,651.900000,409.820000,2.000000,557.331787,419.627777,95.075440,43.457452,0,0.062000,0.000000
SP_T_Jongkok_1,movenet,50,1.661537,ok,1,direct,0.480719,10,right_wrist,1,1,2.000000,519.900000,414.270000,2.000000,517.199829,415.109497,2.827663,43.457452,1,0.062000,0.978213
SP_T_Jongkok_1,movenet,50,1.661537,ok,1,direct,0.480719,11,left_hip,1,1,2.000000,719.510000,537.280000,2.000000,713.721802,527.965149,10.966754,43.457452,1,0.107000,0.894717
SP_T_Jongkok_1,movenet,50,1.661537,ok,1,direct,0.480719,12,right_hip,1,1,2.000000,658.140000,540.090000,2.000000,647.034912,531.981323,13.750404,43.457452,1,0.107000,0.839549
SP_T_Jongkok_1,movenet,50,1.661537,ok,1,direct,0.480719,13,left_knee,1,1,2.000000,698.710000,557.030000,2.000000,700.139893,556.651733,1.479080,43.457452,1,0.087000,0.996944
SP_T_Jongkok_1,movenet,50,1.661537,ok,1,direct,0.480719,14,right_knee,1,1,2.000000,584.380000,553.280000,2.000000,591.788086,562.398804,11.748716,43.457452,1,0.087000,0.824377
SP_T_Jongkok_1,movenet,50,1.661537,ok,1,direct,0.480719,15,left_ankle,1,1,2.000000,707.280000,640.180000,2.000000,709.829590,634.566162,6.165678,43.457452,1,0.089000,0.950444
SP_T_Jongkok_1,movenet,50,1.661537,ok,1,direct,0.480719,16,right_ankle,1,1,2.000000,652.120000,638.450000,2.000000,636.278748,640.653503,15.993771,43.457452,1,0.089000,0.710350
SP_T_Jongkok_1,movenet,51,1.694767,ok,1,direct,0.485223,0,nose,0,0,0.000000,0.000000,0.000000,2.000000,635.628113,361.778381,,,,0.026000,
SP_T_Jongkok_1,movenet,51,1.694767,ok,1,direct,0.485223,1,left_eye,0,0,0.000000,0.000000,0.000000,2.000000,649.001587,354.520325,,,,0.025000,
SP_T_Jongkok_1,movenet,51,1.694767,ok,1,direct,0.485223,2,right_eye,0,0,0.000000,0.000000,0.000000,2.000000,624.205505,355.611755,,,,0.025000,
SP_T_Jongkok_1,movenet,51,1.694767,ok,1,direct,0.485223,3,left_ear,0,0,0.000000,0.000000,0.000000,2.000000,673.730713,357.949066,,,,0.035000,
SP_T_Jongkok_1,movenet,51,1.694767,ok,1,direct,0.485223,4,right_ear,0,0,0.000000,0.000000,0.000000,2.000000,612.924316,359.655640,,,,0.035000,
SP_T_Jongkok_1,movenet,51,1.694767,ok,1,direct,0.485223,5,left_shoulder,1,1,2.000000,708.330000,403.430000,2.000000,694.430908,392.619324,17.608392,43.479429,1,0.079000,0.591206
SP_T_Jongkok_1,movenet,51,1.694767,ok,1,direct,0.485223,6,right_shoulder,1,1,2.000000,618.560000,408.950000,2.000000,608.952209,404.223663,10.707376,43.479429,1,0.079000,0.823373
SP_T_Jongkok_1,movenet,51,1.694767,ok,1,direct,0.485223,7,left_elbow,1,1,2.000000,685.470000,406.640000,2.000000,635.241577,415.887482,51.072599,43.479429,0,0.072000,0.004877
SP_T_Jongkok_1,movenet,51,1.694767,ok,1,direct,0.485223,8,right_elbow,1,1,2.000000,574.830000,418.070000,2.000000,571.861511,421.438202,4.489622,43.479429,1,0.072000,0.959699
SP_T_Jongkok_1,movenet,51,1.694767,ok,1,direct,0.485223,9,left_wrist,1,1,2.000000,652.460000,409.830000,2.000000,556.607605,418.488922,96.242707,43.479429,0,0.062000,0.000000
SP_T_Jongkok_1,movenet,51,1.694767,ok,1,direct,0.485223,10,right_wrist,1,1,2.000000,519.850000,414.540000,2.000000,504.519226,413.429871,15.370915,43.479429,1,0.062000,0.521917
SP_T_Jongkok_1,movenet,51,1.694767,ok,1,direct,0.485223,11,left_hip,1,1,2.000000,719.510000,537.670000,2.000000,714.093994,527.055420,11.916477,43.479429,1,0.107000,0.877027
SP_T_Jongkok_1,movenet,51,1.694767,ok,1,direct,0.485223,12,right_hip,1,1,2.000000,658.240000,540.680000,2.000000,647.482239,531.389160,14.214399,43.479429,1,0.107000,0.829690
SP_T_Jongkok_1,movenet,51,1.694767,ok,1,direct,0.485223,13,left_knee,1,1,2.000000,698.760000,557.230000,2.000000,698.533020,550.828247,6.405776,43.479429,1,0.087000,0.944259
SP_T_Jongkok_1,movenet,51,1.694767,ok,1,direct,0.485223,14,right_knee,1,1,2.000000,584.480000,553.120000,2.000000,591.880493,562.096313,11.633637,43.479429,1,0.087000,0.827645
SP_T_Jongkok_1,movenet,51,1.694767,ok,1,direct,0.485223,15,left_ankle,1,1,2.000000,707.380000,640.140000,2.000000,709.655823,634.548706,6.036716,43.479429,1,0.089000,0.952493
SP_T_Jongkok_1,movenet,51,1.694767,ok,1,direct,0.485223,16,right_ankle,1,1,2.000000,652.120000,638.450000,2.000000,636.243408,640.630188,16.025585,43.479429,1,0.089000,0.709629
SP_T_Jongkok_1,movenet,52,1.727998,ok,1,direct,0.487855,0,nose,0,0,0.000000,0.000000,0.000000,2.000000,636.702148,361.839355,,,,0.026000,
SP_T_Jongkok_1,movenet,52,1.727998,ok,1,direct,0.487855,1,left_eye,0,0,0.000000,0.000000,0.000000,2.000000,650.119934,355.082794,,,,0.025000,
SP_T_Jongkok_1,movenet,52,1.727998,ok,1,direct,0.487855,2,right_eye,0,0,0.000000,0.000000,0.000000,2.000000,625.940247,355.848450,,,,0.025000,
SP_T_Jongkok_1,movenet,52,1.727998,ok,1,direct,0.487855,3,left_ear,0,0,0.000000,0.000000,0.000000,2.000000,673.770691,358.568909,,,,0.035000,
SP_T_Jongkok_1,movenet,52,1.727998,ok,1,direct,0.487855,4,right_ear,0,0,0.000000,0.000000,0.000000,2.000000,612.664917,360.019684,,,,0.035000,
SP_T_Jongkok_1,movenet,52,1.727998,ok,1,direct,0.487855,5,left_shoulder,1,1,2.000000,708.840000,403.220000,2.000000,694.676575,393.128967,17.390559,43.500485,1,0.079000,0.599194
SP_T_Jongkok_1,movenet,52,1.727998,ok,1,direct,0.487855,6,right_shoulder,1,1,2.000000,619.040000,408.930000,2.000000,608.305603,404.876099,11.474380,43.500485,1,0.079000,0.800139
SP_T_Jongkok_1,movenet,52,1.727998,ok,1,direct,0.487855,7,left_elbow,1,1,2.000000,686.040000,407.140000,2.000000,635.718201,415.750366,51.053128,43.500485,0,0.072000,0.004922
SP_T_Jongkok_1,movenet,52,1.727998,ok,1,direct,0.487855,8,right_elbow,1,1,2.000000,574.470000,418.430000,2.000000,570.851074,421.779816,4.931317,43.500485,1,0.072000,0.951629
SP_T_Jongkok_1,movenet,52,1.727998,ok,1,direct,0.487855,9,left_wrist,1,1,2.000000,653.020000,409.830000,2.000000,556.683777,418.758759,96.749112,43.500485,0,0.062000,0.000000
SP_T_Jongkok_1,movenet,52,1.727998,ok,1,direct,0.487855,10,right_wrist,1,1,2.000000,519.800000,414.810000,2.000000,506.903046,413.517548,12.961553,43.500485,1,0.062000,0.630069
SP_T_Jongkok_1,movenet,52,1.727998,ok,1,direct,0.487855,11,left_hip,1,1,2.000000,719.510000,538.070000,2.000000,713.576782,526.308960,13.172894,43.500485,1,0.107000,0.851982
SP_T_Jongkok_1,movenet,52,1.727998,ok,1,direct,0.487855,12,right_hip,1,1,2.000000,658.340000,541.270000,2.000000,646.746094,530.104431,16.096229,43.500485,1,0.107000,0.787274
SP_T_Jongkok_1,movenet,52,1.727998,ok,1,direct,0.487855,13,left_knee,1,1,2.000000,698.810000,557.430000,2.000000,700.014771,551.386230,6.162680,43.500485,1,0.087000,0.948349
SP_T_Jongkok_1,movenet,52,1.727998,ok,1,direct,0.487855,14,right_knee,1,1,2.000000,584.580000,552.960000,2.000000,590.739868,561.155334,10.252194,43.500485,1,0.087000,0.863493
SP_T_Jongkok_1,movenet,52,1.727998,ok,1,direct,0.487855,15,left_ankle,1,1,2.000000,707.480000,640.100000,2.000000,710.192566,634.290405,6.411662,43.500485,1,0.089000,0.946624
SP_T_Jongkok_1,movenet,52,1.727998,ok,1,direct,0.487855,16,right_ankle,1,1,2.000000,652.120000,638.450000,2.000000,639.746643,639.707642,12.437107,43.500485,1,0.089000,0.813511
SP_T_Jongkok_1,movenet,53,1.761229,ok,1,direct,0.491172,0,nose,0,0,0.000000,0.000000,0.000000,2.000000,635.360718,363.309448,,,,0.026000,
SP_T_Jongkok_1,movenet,53,1.761229,ok,1,direct,0.491172,1,left_eye,0,0,0.000000,0.000000,0.000000,2.000000,648.826904,355.906616,,,,0.025000,
SP_T_Jongkok_1,movenet,53,1.761229,ok,1,direct,0.491172,2,right_eye,0,0,0.000000,0.000000,0.000000,2.000000,624.194275,356.909210,,,,0.025000,
SP_T_Jongkok_1,movenet,53,1.761229,ok,1,direct,0.491172,3,left_ear,0,0,0.000000,0.000000,0.000000,2.000000,673.539062,358.735443,,,,0.035000,
SP_T_Jongkok_1,movenet,53,1.761229,ok,1,direct,0.491172,4,right_ear,0,0,0.000000,0.000000,0.000000,2.000000,612.672424,360.277008,,,,0.035000,
SP_T_Jongkok_1,movenet,53,1.761229,ok,1,direct,0.491172,5,left_shoulder,1,1,2.000000,709.340000,403.000000,2.000000,695.334351,393.232086,17.075431,43.522457,1,0.079000,0.610621
SP_T_Jongkok_1,movenet,53,1.761229,ok,1,direct,0.491172,6,right_shoulder,1,1,2.000000,619.520000,408.900000,2.000000,608.022461,405.242859,12.065160,43.522457,1,0.079000,0.781710
SP_T_Jongkok_1,movenet,53,1.761229,ok,1,direct,0.491172,7,left_elbow,1,1,2.000000,686.610000,407.640000,2.000000,638.481323,415.218567,48.721702,43.522457,0,0.072000,0.007948
SP_T_Jongkok_1,movenet,53,1.761229,ok,1,direct,0.491172,8,right_elbow,1,1,2.000000,574.120000,418.790000,2.000000,567.858154,422.269226,7.163500,43.522457,1,0.072000,0.900759
SP_T_Jongkok_1,movenet,53,1.761229,ok,1,direct,0.491172,9,left_wrist,1,1,2.000000,653.580000,409.840000,2.000000,557.112427,418.886688,96.890842,43.522457,0,0.062000,0.000000
SP_T_Jongkok_1,movenet,53,1.761229,ok,1,direct,0.491172,10,right_wrist,1,1,2.000000,519.750000,415.080000,2.000000,507.511261,413.368195,12.357872,43.522457,1,0.062000,0.657391
SP_T_Jongkok_1,movenet,53,1.761229,ok,1,direct,0.491172,11,left_hip,1,1,2.000000,719.510000,538.460000,2.000000,715.098328,527.259460,12.038062,43.522457,1,0.107000,0.874902
SP_T_Jongkok_1,movenet,53,1.761229,ok,1,direct,0.491172,12,right_hip,1,1,2.000000,658.440000,541.860000,2.000000,647.043335,532.009766,15.063568,43.522457,1,0.107000,0.811182
SP_T_Jongkok_1,movenet,53,1.761229,ok,1,direct,0.491172,13,left_knee,1,1,2.000000,698.860000,557.620000,2.000000,701.607300,549.550964,8.523907,43.522457,1,0.087000,0.903613
SP_T_Jongkok_1,movenet,53,1.761229,ok,1,direct,0.491172,14,right_knee,1,1,2.000000,584.680000,552.790000,2.000000,591.232239,561.272156,10.718153,43.522457,1,0.087000,0.851929
SP_T_Jongkok_1,movenet,53,1.761229,ok,1,direct,0.491172,15,left_ankle,1,1,2.000000,707.580000,640.060000,2.000000,709.651733,633.475159,6.903058,43.522457,1,0.089000,0.938456
SP_T_Jongkok_1,movenet,53,1.761229,ok,1,direct,0.491172,16,right_ankle,1,1,2.000000,652.120000,638.450000,2.000000,636.511658,640.753479,15.777400,43.522457,1,0.089000,0.717621
SP_T_Jongkok_1,movenet,54,1.794460,ok,1,direct,0.497974,0,nose,0,0,0.000000,0.000000,0.000000,2.000000,635.562073,364.098663,,,,0.026000,
SP_T_Jongkok_1,movenet,54,1.794460,ok,1,direct,0.497974,1,left_eye,0,0,0.000000,0.000000,0.000000,2.000000,648.520996,356.335144,,,,0.025000,
SP_T_Jongkok_1,movenet,54,1.794460,ok,1,direct,0.497974,2,right_eye,0,0,0.000000,0.000000,0.000000,2.000000,623.909973,357.388977,,,,0.025000,
SP_T_Jongkok_1,movenet,54,1.794460,ok,1,direct,0.497974,3,left_ear,0,0,0.000000,0.000000,0.000000,2.000000,673.776306,359.099091,,,,0.035000,
SP_T_Jongkok_1,movenet,54,1.794460,ok,1,direct,0.497974,4,right_ear,0,0,0.000000,0.000000,0.000000,2.000000,613.263489,360.643372,,,,0.035000,
SP_T_Jongkok_1,movenet,54,1.794460,ok,1,direct,0.497974,5,left_shoulder,1,1,2.000000,709.840000,402.780000,2.000000,696.285522,393.987122,16.156688,43.544425,1,0.079000,0.643277
SP_T_Jongkok_1,movenet,54,1.794460,ok,1,direct,0.497974,6,right_shoulder,1,1,2.000000,619.990000,408.880000,2.000000,607.421875,405.673676,12.970670,43.544425,1,0.079000,0.752512
SP_T_Jongkok_1,movenet,54,1.794460,ok,1,direct,0.497974,7,left_elbow,1,1,2.000000,687.180000,408.140000,2.000000,638.722412,415.706635,49.044794,43.544425,0,0.072000,0.007490
SP_T_Jongkok_1,movenet,54,1.794460,ok,1,direct,0.497974,8,right_elbow,1,1,2.000000,573.770000,419.150000,2.000000,565.228943,422.660706,9.234431,43.544425,1,0.072000,0.840710
SP_T_Jongkok_1,movenet,54,1.794460,ok,1,direct,0.497974,9,left_wrist,1,1,2.000000,654.140000,409.850000,2.000000,556.578552,419.104248,97.999373,43.544425,0,0.062000,0.000000
SP_T_Jongkok_1,movenet,54,1.794460,ok,1,direct,0.497974,10,right_wrist,1,1,2.000000,519.700000,415.350000,2.000000,501.917114,412.656830,17.985666,43.544425,1,0.062000,0.411628
SP_T_Jongkok_1,movenet,54,1.794460,ok,1,direct,0.497974,11,left_hip,1,1,2.000000,719.510000,538.850000,2.000000,713.507935,528.607422,11.871613,43.544425,1,0.107000,0.878234
SP_T_Jongkok_1,movenet,54,1.794460,ok,1,direct,0.497974,12,right_hip,1,1,2.000000,658.540000,542.450000,2.000000,644.678040,533.245911,16.639387,43.544425,1,0.107000,0.774857
SP_T_Jongkok_1,movenet,54,1.794460,ok,1,direct,0.497974,13,left_knee,1,1,2.000000,698.910000,557.820000,2.000000,700.170593,549.665527,8.251334,43.544425,1,0.087000,0.909482
SP_T_Jongkok_1,movenet,54,1.794460,ok,1,direct,0.497974,14,right_knee,1,1,2.000000,584.770000,552.630000,2.000000,591.110107,561.843872,11.184471,43.544425,1,0.087000,0.840025
SP_T_Jongkok_1,movenet,54,1.794460,ok,1,direct,0.497974,15,left_ankle,1,1,2.000000,707.680000,640.020000,2.000000,709.219421,634.201599,6.018605,43.544425,1,0.089000,0.952908
SP_T_Jongkok_1,movenet,54,1.794460,ok,1,direct,0.497974,16,right_ankle,1,1,2.000000,652.120000,638.450000,2.000000,636.489563,641.629395,15.950521,43.544425,1,0.089000,0.712630
SP_T_Jongkok_1,movenet,55,1.827690,ok,1,direct,0.504930,0,nose,0,0,0.000000,0.000000,0.000000,2.000000,636.023682,364.544739,,,,0.026000,
SP_T_Jongkok_1,movenet,55,1.827690,ok,1,direct,0.504930,1,left_eye,0,0,0.000000,0.000000,0.000000,2.000000,649.010681,356.713470,,,,0.025000,
SP_T_Jongkok_1,movenet,55,1.827690,ok,1,direct,0.504930,2,right_eye,0,0,0.000000,0.000000,0.000000,2.000000,624.472656,357.626648,,,,0.025000,
SP_T_Jongkok_1,movenet,55,1.827690,ok,1,direct,0.504930,3,left_ear,0,0,0.000000,0.000000,0.000000,2.000000,673.986816,359.448517,,,,0.035000,
SP_T_Jongkok_1,movenet,55,1.827690,ok,1,direct,0.504930,4,right_ear,0,0,0.000000,0.000000,0.000000,2.000000,613.704773,360.754364,,,,0.035000,
SP_T_Jongkok_1,movenet,55,1.827690,ok,1,direct,0.504930,5,left_shoulder,1,1,2.000000,710.350000,402.560000,2.000000,696.117432,393.887024,16.666929,43.566391,1,0.079000,0.625620
SP_T_Jongkok_1,movenet,55,1.827690,ok,1,direct,0.504930,6,right_shoulder,1,1,2.000000,620.470000,408.850000,2.000000,607.400696,405.641113,13.457476,43.566391,1,0.079000,0.736553
SP_T_Jongkok_1,movenet,55,1.827690,ok,1,direct,0.504930,7,left_elbow,1,1,2.000000,687.750000,408.640000,2.000000,638.546936,415.584412,49.690707,43.566391,0,0.072000,0.006612
SP_T_Jongkok_1,movenet,55,1.827690,ok,1,direct,0.504930,8,right_elbow,1,1,2.000000,573.410000,419.520000,2.000000,567.435669,422.349976,6.610703,43.566391,1,0.072000,0.915002
SP_T_Jongkok_1,movenet,55,1.827690,ok,1,direct,0.504930,9,left_wrist,1,1,2.000000,654.700000,409.860000,2.000000,558.321167,418.899384,96.801807,43.566391,0,0.062000,0.000000
SP_T_Jongkok_1,movenet,55,1.827690,ok,1,direct,0.504930,10,right_wrist,1,1,2.000000,519.650000,415.620000,2.000000,501.353577,412.473053,18.565085,43.566391,1,0.062000,0.388759
SP_T_Jongkok_1,movenet,55,1.827690,ok,1,direct,0.504930,11,left_hip,1,1,2.000000,719.510000,539.250000,2.000000,713.601807,528.321960,12.422914,43.566391,1,0.107000,0.867588
SP_T_Jongkok_1,movenet,55,1.827690,ok,1,direct,0.504930,12,right_hip,1,1,2.000000,658.640000,543.040000,2.000000,645.579834,533.720886,16.044121,43.566391,1,0.107000,0.789059
SP_T_Jongkok_1,movenet,55,1.827690,ok,1,direct,0.504930,13,left_knee,1,1,2.000000,698.960000,558.020000,2.000000,699.802917,551.265930,6.806465,43.566391,1,0.087000,0.937540
SP_T_Jongkok_1,movenet,55,1.827690,ok,1,direct,0.504930,14,right_knee,1,1,2.000000,584.870000,552.460000,2.000000,592.046448,561.860840,11.826969,43.566391,1,0.087000,0.823056
SP_T_Jongkok_1,movenet,55,1.827690,ok,1,direct,0.504930,15,left_ankle,1,1,2.000000,707.780000,639.980000,2.000000,709.627075,634.664185,5.627573,43.566391,1,0.089000,0.958745
SP_T_Jongkok_1,movenet,55,1.827690,ok,1,direct,0.504930,16,right_ankle,1,1,2.000000,652.120000,638.450000,2.000000,636.133972,641.846802,16.342930,43.566391,1,0.089000,0.700957
SP_T_Jongkok_1,movenet,56,1.860921,ok,1,direct,0.508148,0,nose,0,0,0.000000,0.000000,0.000000,2.000000,634.631104,363.329529,,,,0.026000,
SP_T_Jongkok_1,movenet,56,1.860921,ok,1,direct,0.508148,1,left_eye,0,0,0.000000,0.000000,0.000000,2.000000,647.161316,356.352295,,,,0.025000,
SP_T_Jongkok_1,movenet,56,1.860921,ok,1,direct,0.508148,2,right_eye,0,0,0.000000,0.000000,0.000000,2.000000,622.752014,356.867340,,,,0.025000,
SP_T_Jongkok_1,movenet,56,1.860921,ok,1,direct,0.508148,3,left_ear,0,0,0.000000,0.000000,0.000000,2.000000,672.961365,359.719269,,,,0.035000,
SP_T_Jongkok_1,movenet,56,1.860921,ok,1,direct,0.508148,4,right_ear,0,0,0.000000,0.000000,0.000000,2.000000,613.661560,360.450653,,,,0.035000,
SP_T_Jongkok_1,movenet,56,1.860921,ok,1,direct,0.508148,5,left_shoulder,1,1,2.000000,710.850000,402.350000,2.000000,695.601562,394.584198,17.112058,43.587437,1,0.079000,0.610229
SP_T_Jongkok_1,movenet,56,1.860921,ok,1,direct,0.508148,6,right_shoulder,1,1,2.000000,620.940000,408.830000,2.000000,606.936340,405.766754,14.334781,43.587437,1,0.079000,0.707084
SP_T_Jongkok_1,movenet,56,1.860921,ok,1,direct,0.508148,7,left_elbow,1,1,2.000000,688.320000,409.140000,2.000000,654.913269,414.660156,33.859737,43.587437,1,0.072000,0.097477
SP_T_Jongkok_1,movenet,56,1.860921,ok,1,direct,0.508148,8,right_elbow,1,1,2.000000,573.060000,419.880000,2.000000,568.288513,422.751495,5.568893,43.587437,1,0.072000,0.938965
SP_T_Jongkok_1,movenet,56,1.860921,ok,1,direct,0.508148,9,left_wrist,1,1,2.000000,654.630000,410.180000,2.000000,561.522827,419.154938,93.538736,43.587437,0,0.062000,0.000000
SP_T_Jongkok_1,movenet,56,1.860921,ok,1,direct,0.508148,10,right_wrist,1,1,2.000000,519.600000,415.890000,2.000000,500.181458,412.153778,19.774710,43.587437,1,0.062000,0.342704
SP_T_Jongkok_1,movenet,56,1.860921,ok,1,direct,0.508148,11,left_hip,1,1,2.000000,719.510000,539.640000,2.000000,713.770996,530.426819,10.854440,43.587437,1,0.107000,0.897330
SP_T_Jongkok_1,movenet,56,1.860921,ok,1,direct,0.508148,12,right_hip,1,1,2.000000,658.730000,543.630000,2.000000,646.216980,535.547852,14.896201,43.587437,1,0.107000,0.815439
SP_T_Jongkok_1,movenet,56,1.860921,ok,1,direct,0.508148,13,left_knee,1,1,2.000000,699.010000,558.210000,2.000000,699.243713,550.514709,7.698839,43.587437,1,0.087000,0.920870
SP_T_Jongkok_1,movenet,56,1.860921,ok,1,direct,0.508148,14,right_knee,1,1,2.000000,584.970000,552.300000,2.000000,591.729492,561.443787,11.370997,43.587437,1,0.087000,0.835411
SP_T_Jongkok_1,movenet,56,1.860921,ok,1,direct,0.508148,15,left_ankle,1,1,2.000000,707.870000,639.940000,2.000000,710.128174,635.109009,5.332713,43.587437,1,0.089000,0.962911
SP_T_Jongkok_1,movenet,56,1.860921,ok,1,direct,0.508148,16,right_ankle,1,1,2.000000,652.120000,638.450000,2.000000,637.274353,642.099976,15.287758,43.587437,1,0.089000,0.733000
SP_T_Jongkok_1,movenet,57,1.894152,ok,1,direct,0.507027,0,nose,0,0,0.000000,0.000000,0.000000,2.000000,633.450500,363.610992,,,,0.026000,
SP_T_Jongkok_1,movenet,57,1.894152,ok,1,direct,0.507027,1,left_eye,0,0,0.000000,0.000000,0.000000,2.000000,646.048279,356.966644,,,,0.025000,
SP_T_Jongkok_1,movenet,57,1.894152,ok,1,direct,0.507027,2,right_eye,0,0,0.000000,0.000000,0.000000,2.000000,622.057861,357.467133,,,,0.025000,
SP_T_Jongkok_1,movenet,57,1.894152,ok,1,direct,0.507027,3,left_ear,0,0,0.000000,0.000000,0.000000,2.000000,672.822388,360.075012,,,,0.035000,
SP_T_Jongkok_1,movenet,57,1.894152,ok,1,direct,0.507027,4,right_ear,0,0,0.000000,0.000000,0.000000,2.000000,613.990906,361.688293,,,,0.035000,
SP_T_Jongkok_1,movenet,57,1.894152,ok,1,direct,0.507027,5,left_shoulder,1,1,2.000000,711.360000,402.130000,2.000000,694.383667,395.560089,18.203286,43.609398,1,0.079000,0.572146
SP_T_Jongkok_1,movenet,57,1.894152,ok,1,direct,0.507027,6,right_shoulder,1,1,2.000000,621.420000,408.810000,2.000000,605.632263,406.580475,15.944385,43.609398,1,0.079000,0.651562
SP_T_Jongkok_1,movenet,57,1.894152,ok,1,direct,0.507027,7,left_elbow,1,1,2.000000,688.890000,409.640000,2.000000,660.830627,413.850891,28.373579,43.609398,1,0.072000,0.195308
SP_T_Jongkok_1,movenet,57,1.894152,ok,1,direct,0.507027,8,right_elbow,1,1,2.000000,572.710000,420.240000,2.000000,567.200439,424.087677,6.720110,43.609398,1,0.072000,0.912458
SP_T_Jongkok_1,movenet,57,1.894152,ok,1,direct,0.507027,9,left_wrist,1,1,2.000000,654.560000,410.500000,2.000000,580.656738,421.057281,74.653522,43.609398,0,0.062000,0.000000
SP_T_Jongkok_1,movenet,57,1.894152,ok,1,direct,0.507027,10,right_wrist,1,1,2.000000,519.550000,416.160000,2.000000,517.567200,413.160522,3.595603,43.609398,1,0.062000,0.965249
SP_T_Jongkok_1,movenet,57,1.894152,ok,1,direct,0.507027,11,left_hip,1,1,2.000000,719.510000,540.030000,2.000000,710.584839,528.955750,14.223133,43.609398,1,0.107000,0.830423
SP_T_Jongkok_1,movenet,57,1.894152,ok,1,direct,0.507027,12,right_hip,1,1,2.000000,658.830000,544.220000,2.000000,644.466064,534.542542,17.319811,43.609398,1,0.107000,0.759160
SP_T_Jongkok_1,movenet,57,1.894152,ok,1,direct,0.507027,13,left_knee,1,1,2.000000,699.060000,558.410000,2.000000,699.638367,552.479431,5.958704,43.609398,1,0.087000,0.951864
SP_T_Jongkok_1,movenet,57,1.894152,ok,1,direct,0.507027,14,right_knee,1,1,2.000000,585.070000,552.140000,2.000000,591.296143,560.874390,10.726342,43.609398,1,0.087000,0.852265
SP_T_Jongkok_1,movenet,57,1.894152,ok,1,direct,0.507027,15,left_ankle,1,1,2.000000,707.970000,639.900000,2.000000,710.514648,635.561401,5.029779,43.609398,1,0.089000,0.966970
SP_T_Jongkok_1,movenet,57,1.894152,ok,1,direct,0.507027,16,right_ankle,1,1,2.000000,652.120000,638.450000,2.000000,638.454956,642.087036,14.140773,43.609398,1,0.089000,0.766836
SP_T_Jongkok_1,movenet,58,1.927383,ok,1,direct,0.505120,0,nose,0,0,0.000000,0.000000,0.000000,2.000000,634.019165,364.476807,,,,0.026000,
SP_T_Jongkok_1,movenet,58,1.927383,ok,1,direct,0.505120,1,left_eye,0,0,0.000000,0.000000,0.000000,2.000000,646.394165,357.413605,,,,0.025000,
SP_T_Jongkok_1,movenet,58,1.927383,ok,1,direct,0.505120,2,right_eye,0,0,0.000000,0.000000,0.000000,2.000000,622.359070,358.122925,,,,0.025000,
SP_T_Jongkok_1,movenet,58,1.927383,ok,1,direct,0.505120,3,left_ear,0,0,0.000000,0.000000,0.000000,2.000000,673.086670,360.000977,,,,0.035000,
SP_T_Jongkok_1,movenet,58,1.927383,ok,1,direct,0.505120,4,right_ear,0,0,0.000000,0.000000,0.000000,2.000000,614.184509,361.817993,,,,0.035000,
SP_T_Jongkok_1,movenet,58,1.927383,ok,1,direct,0.505120,5,left_shoulder,1,1,2.000000,711.860000,401.910000,2.000000,695.070068,395.996735,17.800801,43.631355,1,0.079000,0.586604
SP_T_Jongkok_1,movenet,58,1.927383,ok,1,direct,0.505120,6,right_shoulder,1,1,2.000000,621.890000,408.780000,2.000000,605.804626,407.144958,16.168259,43.631355,1,0.079000,0.644002
SP_T_Jongkok_1,movenet,58,1.927383,ok,1,direct,0.505120,7,left_elbow,1,1,2.000000,689.460000,410.130000,2.000000,657.013489,415.149902,32.832537,43.631355,1,0.072000,0.112520
SP_T_Jongkok_1,movenet,58,1.927383,ok,1,direct,0.505120,8,right_elbow,1,1,2.000000,572.350000,420.600000,2.000000,568.439636,424.415283,5.463271,43.631355,1,0.072000,0.941305
SP_T_Jongkok_1,movenet,58,1.927383,ok,1,direct,0.505120,9,left_wrist,1,1,2.000000,654.490000,410.820000,2.000000,578.387512,421.645782,76.868630,43.631355,0,0.062000,0.000000
SP_T_Jongkok_1,movenet,58,1.927383,ok,1,direct,0.505120,10,right_wrist,1,1,2.000000,519.500000,416.430000,2.000000,517.089478,414.870300,2.871112,43.631355,1,0.062000,0.977723
SP_T_Jongkok_1,movenet,58,1.927383,ok,1,direct,0.505120,11,left_hip,1,1,2.000000,719.510000,540.420000,2.000000,713.507019,531.465271,10.780675,43.631355,1,0.107000,0.898841
SP_T_Jongkok_1,movenet,58,1.927383,ok,1,direct,0.505120,12,right_hip,1,1,2.000000,658.930000,544.810000,2.000000,647.458557,536.876648,13.947476,43.631355,1,0.107000,0.836518
SP_T_Jongkok_1,movenet,58,1.927383,ok,1,direct,0.505120,13,left_knee,1,1,2.000000,699.110000,558.610000,2.000000,698.071045,551.869141,6.820455,43.631355,1,0.087000,0.937472
SP_T_Jongkok_1,movenet,58,1.927383,ok,1,direct,0.505120,14,right_knee,1,1,2.000000,585.170000,551.970000,2.000000,590.619019,560.786133,10.364169,43.631355,1,0.087000,0.861487
SP_T_Jongkok_1,movenet,58,1.927383,ok,1,direct,0.505120,15,left_ankle,1,1,2.000000,708.070000,639.860000,2.000000,710.367432,636.328613,4.212942,43.631355,1,0.089000,0.976734
SP_T_Jongkok_1,movenet,58,1.927383,ok,1,direct,0.505120,16,right_ankle,1,1,2.000000,652.120000,638.450000,2.000000,640.405273,640.385620,11.873561,43.631355,1,0.089000,0.829453
SP_T_Jongkok_1,movenet,59,1.960613,ok,1,direct,0.502683,0,nose,0,0,0.000000,0.000000,0.000000,2.000000,633.807007,365.498047,,,,0.026000,
SP_T_Jongkok_1,movenet,59,1.960613,ok,1,direct,0.502683,1,left_eye,0,0,0.000000,0.000000,0.000000,2.000000,646.514038,357.868835,,,,0.025000,
SP_T_Jongkok_1,movenet,59,1.960613,ok,1,direct,0.502683,2,right_eye,0,0,0.000000,0.000000,0.000000,2.000000,622.548096,358.548859,,,,0.025000,
SP_T_Jongkok_1,movenet,59,1.960613,ok,1,direct,0.502683,3,left_ear,0,0,0.000000,0.000000,0.000000,2.000000,673.845459,360.109314,,,,0.035000,
SP_T_Jongkok_1,movenet,59,1.960613,ok,1,direct,0.502683,4,right_ear,0,0,0.000000,0.000000,0.000000,2.000000,614.311401,361.714722,,,,0.035000,
SP_T_Jongkok_1,movenet,59,1.960613,ok,1,direct,0.502683,5,left_shoulder,1,1,2.000000,712.360000,401.690000,2.000000,695.778931,396.653168,17.329211,43.653310,1,0.079000,0.603500
SP_T_Jongkok_1,movenet,59,1.960613,ok,1,direct,0.502683,6,right_shoulder,1,1,2.000000,622.370000,408.760000,2.000000,606.327087,407.260406,16.112847,43.653310,1,0.079000,0.646228
SP_T_Jongkok_1,movenet,59,1.960613,ok,1,direct,0.502683,7,left_elbow,1,1,2.000000,690.030000,410.630000,2.000000,659.764526,414.756409,30.545477,43.653310,1,0.072000,0.151228
SP_T_Jongkok_1,movenet,59,1.960613,ok,1,direct,0.502683,8,right_elbow,1,1,2.000000,572.000000,420.960000,2.000000,570.011353,425.517487,4.972464,43.653310,1,0.072000,0.951174
SP_T_Jongkok_1,movenet,59,1.960613,ok,1,direct,0.502683,9,left_wrist,1,1,2.000000,654.420000,411.150000,2.000000,579.644775,422.364807,75.611547,43.653310,0,0.062000,0.000000
SP_T_Jongkok_1,movenet,59,1.960613,ok,1,direct,0.502683,10,right_wrist,1,1,2.000000,519.450000,416.700000,2.000000,517.898804,415.645203,1.875848,43.653310,1,0.062000,0.990439
SP_T_Jongkok_1,movenet,59,1.960613,ok,1,direct,0.502683,11,left_hip,1,1,2.000000,719.510000,540.820000,2.000000,712.976318,529.192688,13.337293,43.653310,1,0.107000,0.849535
SP_T_Jongkok_1,movenet,59,1.960613,ok,1,direct,0.502683,12,right_hip,1,1,2.000000,659.030000,545.400000,2.000000,647.038086,535.234436,15.720836,43.653310,1,0.107000,0.797273
SP_T_Jongkok_1,movenet,59,1.960613,ok,1,direct,0.502683,13,left_knee,1,1,2.000000,699.150000,558.800000,2.000000,699.421875,554.353760,4.454545,43.653310,1,0.087000,0.972860
SP_T_Jongkok_1,movenet,59,1.960613,ok,1,direct,0.502683,14,right_knee,1,1,2.000000,585.260000,551.810000,2.000000,590.902832,562.659607,12.229290,43.653310,1,0.087000,0.812714
SP_T_Jongkok_1,movenet,59,1.960613,ok,1,direct,0.502683,15,left_ankle,1,1,2.000000,708.170000,639.820000,2.000000,710.599670,637.351562,3.463594,43.653310,1,0.089000,0.984230
SP_T_Jongkok_1,movenet,59,1.960613,ok,1,direct,0.502683,16,right_ankle,1,1,2.000000,652.120000,638.450000,2.000000,639.262817,644.281555,14.117867,43.653310,1,0.089000,0.767904
SP_T_Jongkok_1,movenet,60,1.993844,ok,1,direct,0.494126,0,nose,0,0,0.000000,0.000000,0.000000,2.000000,632.602539,365.315582,,,,0.026000,
SP_T_Jongkok_1,movenet,60,1.993844,ok,1,direct,0.494126,1,left_eye,0,0,0.000000,0.000000,0.000000,2.000000,645.370605,357.837769,,,,0.025000,
SP_T_Jongkok_1,movenet,60,1.993844,ok,1,direct,0.494126,2,right_eye,0,0,0.000000,0.000000,0.000000,2.000000,621.687256,358.328735,,,,0.025000,
SP_T_Jongkok_1,movenet,60,1.993844,ok,1,direct,0.494126,3,left_ear,0,0,0.000000,0.000000,0.000000,2.000000,673.765991,360.800720,,,,0.035000,
SP_T_Jongkok_1,movenet,60,1.993844,ok,1,direct,0.494126,4,right_ear,0,0,0.000000,0.000000,0.000000,2.000000,615.256287,361.761902,,,,0.035000,
SP_T_Jongkok_1,movenet,60,1.993844,ok,1,direct,0.494126,5,left_shoulder,1,1,2.000000,712.870000,401.480000,2.000000,695.302734,397.454102,18.022671,43.674346,1,0.079000,0.579431
SP_T_Jongkok_1,movenet,60,1.993844,ok,1,direct,0.494126,6,right_shoulder,1,1,2.000000,622.850000,408.730000,2.000000,607.907654,407.506042,14.992391,43.674346,1,0.079000,0.685485
SP_T_Jongkok_1,movenet,60,1.993844,ok,1,direct,0.494126,7,left_elbow,1,1,2.000000,690.600000,411.130000,2.000000,658.278320,416.299347,32.732448,43.674346,1,0.072000,0.114515
SP_T_Jongkok_1,movenet,60,1.993844,ok,1,direct,0.494126,8,right_elbow,1,1,2.000000,571.640000,421.320000,2.000000,568.805359,425.546234,5.088835,43.674346,1,0.072000,0.948970
SP_T_Jongkok_1,movenet,60,1.993844,ok,1,direct,0.494126,9,left_wrist,1,1,2.000000,654.350000,411.470000,2.000000,561.928101,421.505981,92.965200,43.674346,0,0.062000,0.000000
SP_T_Jongkok_1,movenet,60,1.993844,ok,1,direct,0.494126,10,right_wrist,1,1,2.000000,519.400000,416.970000,2.000000,518.470398,415.946167,1.382893,43.674346,1,0.062000,0.994797
SP_T_Jongkok_1,movenet,60,1.993844,ok,1,direct,0.494126,11,left_hip,1,1,2.000000,719.510000,541.210000,2.000000,715.924316,529.686829,12.068165,43.674346,1,0.107000,0.875132
SP_T_Jongkok_1,movenet,60,1.993844,ok,1,direct,0.494126,12,right_hip,1,1,2.000000,659.130000,545.990000,2.000000,649.818787,535.346008,14.141897,43.674346,1,0.107000,0.832637
SP_T_Jongkok_1,movenet,60,1.993844,ok,1,direct,0.494126,13,left_knee,1,1,2.000000,699.200000,559.000000,2.000000,698.635803,556.578308,2.486546,43.674346,1,0.087000,0.991471
SP_T_Jongkok_1,movenet,60,1.993844,ok,1,direct,0.494126,14,right_knee,1,1,2.000000,585.360000,551.640000,2.000000,591.223267,561.947510,11.858442,43.674346,1,0.087000,0.822997
SP_T_Jongkok_1,movenet,60,1.993844,ok,1,direct,0.494126,15,left_ankle,1,1,2.000000,708.270000,639.780000,2.000000,710.924011,637.574219,3.450978,43.674346,1,0.089000,0.984359
SP_T_Jongkok_1,movenet,60,1.993844,ok,1,direct,0.494126,16,right_ankle,1,1,2.000000,652.120000,638.450000,2.000000,639.343994,641.838684,13.217772,43.674346,1,0.089000,0.793528
SP_T_Jongkok_1,movenet,61,2.027075,ok,1,direct,0.496177,0,nose,0,0,0.000000,0.000000,0.000000,2.000000,633.939331,364.728333,,,,0.026000,
SP_T_Jongkok_1,movenet,61,2.027075,ok,1,direct,0.496177,1,left_eye,0,0,0.000000,0.000000,0.000000,2.000000,646.214661,357.787964,,,,0.025000,
SP_T_Jongkok_1,movenet,61,2.027075,ok,1,direct,0.496177,2,right_eye,0,0,0.000000,0.000000,0.000000,2.000000,622.605652,358.396118,,,,0.025000,
SP_T_Jongkok_1,movenet,61,2.027075,ok,1,direct,0.496177,3,left_ear,0,0,0.000000,0.000000,0.000000,2.000000,673.528809,360.190582,,,,0.035000,
SP_T_Jongkok_1,movenet,61,2.027075,ok,1,direct,0.496177,4,right_ear,0,0,0.000000,0.000000,0.000000,2.000000,614.166626,362.009094,,,,0.035000,
SP_T_Jongkok_1,movenet,61,2.027075,ok,1,direct,0.496177,5,left_shoulder,1,1,2.000000,712.350000,399.550000,2.000000,696.294006,396.410187,16.360115,43.746289,1,0.079000,0.638781
SP_T_Jongkok_1,movenet,61,2.027075,ok,1,direct,0.496177,6,right_shoulder,1,1,2.000000,622.770000,407.720000,2.000000,606.929199,407.670837,15.840877,43.746289,1,0.079000,0.656918
SP_T_Jongkok_1,movenet,61,2.027075,ok,1,direct,0.496177,7,left_elbow,1,1,2.000000,690.650000,410.100000,2.000000,663.124634,416.327667,28.221085,43.746289,1,0.072000,0.200775
SP_T_Jongkok_1,movenet,61,2.027075,ok,1,direct,0.496177,8,right_elbow,1,1,2.000000,571.580000,421.670000,2.000000,566.839233,427.598022,7.590541,43.746289,1,0.072000,0.890340
SP_T_Jongkok_1,movenet,61,2.027075,ok,1,direct,0.496177,9,left_wrist,1,1,2.000000,655.050000,410.760000,2.000000,564.533813,421.853210,91.193417,43.746289,0,0.062000,0.000000
SP_T_Jongkok_1,movenet,61,2.027075,ok,1,direct,0.496177,10,right_wrist,1,1,2.000000,519.630000,416.690000,2.000000,516.403259,416.274628,3.253366,43.746289,1,0.062000,0.971634
SP_T_Jongkok_1,movenet,61,2.027075,ok,1,direct,0.496177,11,left_hip,1,1,2.000000,718.820000,536.490000,2.000000,713.979797,527.053772,10.605186,43.746289,1,0.107000,0.902430
SP_T_Jongkok_1,movenet,61,2.027075,ok,1,direct,0.496177,12,right_hip,1,1,2.000000,659.010000,542.360000,2.000000,648.205505,530.722412,15.879879,43.746289,1,0.107000,0.794388
SP_T_Jongkok_1,movenet,61,2.027075,ok,1,direct,0.496177,13,left_knee,1,1,2.000000,699.300000,557.820000,2.000000,699.219116,558.578247,0.762549,43.746289,1,0.087000,0.999197
SP_T_Jongkok_1,movenet,61,2.027075,ok,1,direct,0.496177,14,right_knee,1,1,2.000000,585.460000,551.480000,2.000000,589.322144,561.983215,11.190786,43.746289,1,0.087000,0.841210
SP_T_Jongkok_1,movenet,61,2.027075,ok,1,direct,0.496177,15,left_ankle,1,1,2.000000,708.360000,639.740000,2.000000,710.897461,637.264038,3.545292,43.746289,1,0.089000,0.983553
SP_T_Jongkok_1,movenet,61,2.027075,ok,1,direct,0.496177,16,right_ankle,1,1,2.000000,652.120000,638.450000,2.000000,638.034912,642.270386,14.594007,43.746289,1,0.089000,0.755023
SP_T_Jongkok_1,movenet,62,2.060306,ok,1,direct,0.502891,0,nose,0,0,0.000000,0.000000,0.000000,2.000000,635.262146,363.203552,,,,0.026000,
SP_T_Jongkok_1,movenet,62,2.060306,ok,1,direct,0.502891,1,left_eye,0,0,0.000000,0.000000,0.000000,2.000000,648.115906,356.758911,,,,0.025000,
SP_T_Jongkok_1,movenet,62,2.060306,ok,1,direct,0.502891,2,right_eye,0,0,0.000000,0.000000,0.000000,2.000000,624.459045,357.453674,,,,0.025000,
SP_T_Jongkok_1,movenet,62,2.060306,ok,1,direct,0.502891,3,left_ear,0,0,0.000000,0.000000,0.000000,2.000000,672.666382,359.616882,,,,0.035000,
SP_T_Jongkok_1,movenet,62,2.060306,ok,1,direct,0.502891,4,right_ear,0,0,0.000000,0.000000,0.000000,2.000000,613.645813,361.229218,,,,0.035000,
SP_T_Jongkok_1,movenet,62,2.060306,ok,1,direct,0.502891,5,left_shoulder,1,1,2.000000,711.840000,397.630000,2.000000,696.626465,394.554352,15.521316,43.815622,1,0.079000,0.668889
SP_T_Jongkok_1,movenet,62,2.060306,ok,1,direct,0.502891,6,right_shoulder,1,1,2.000000,623.000000,405.020000,2.000000,607.815918,406.407928,15.247383,43.815622,1,0.079000,0.678366
SP_T_Jongkok_1,movenet,62,2.060306,ok,1,direct,0.502891,7,left_elbow,1,1,2.000000,690.710000,409.060000,2.000000,659.976318,416.192291,31.550416,43.815622,1,0.072000,0.135281
SP_T_Jongkok_1,movenet,62,2.060306,ok,1,direct,0.502891,8,right_elbow,1,1,2.000000,572.160000,420.660000,2.000000,567.600586,427.329193,8.078762,43.815622,1,0.072000,0.877079
SP_T_Jongkok_1,movenet,62,2.060306,ok,1,direct,0.502891,9,left_wrist,1,1,2.000000,655.750000,410.060000,2.000000,562.220276,421.795013,94.263035,43.815622,0,0.062000,0.000000
SP_T_Jongkok_1,movenet,62,2.060306,ok,1,direct,0.502891,10,right_wrist,1,1,2.000000,519.860000,416.400000,2.000000,521.191406,417.798218,1.930714,43.815622,1,0.062000,0.989948
SP_T_Jongkok_1,movenet,62,2.060306,ok,1,direct,0.502891,11,left_hip,1,1,2.000000,718.130000,531.780000,2.000000,715.190369,521.704285,10.495784,43.815622,1,0.107000,0.904622
SP_T_Jongkok_1,movenet,62,2.060306,ok,1,direct,0.502891,12,right_hip,1,1,2.000000,658.900000,538.730000,2.000000,648.496765,526.009277,16.433018,43.815622,1,0.107000,0.782142
SP_T_Jongkok_1,movenet,62,2.060306,ok,1,direct,0.502891,13,left_knee,1,1,2.000000,699.400000,556.640000,2.000000,700.085327,561.708984,5.115103,43.815622,1,0.087000,0.964629
SP_T_Jongkok_1,movenet,62,2.060306,ok,1,direct,0.502891,14,right_knee,1,1,2.000000,585.560000,551.320000,2.000000,590.428955,563.974548,13.558920,43.815622,1,0.087000,0.776439
SP_T_Jongkok_1,movenet,62,2.060306,ok,1,direct,0.502891,15,left_ankle,1,1,2.000000,708.460000,639.700000,2.000000,711.361572,637.489685,3.647549,43.815622,1,0.089000,0.982654
SP_T_Jongkok_1,movenet,62,2.060306,ok,1,direct,0.502891,16,right_ankle,1,1,2.000000,652.120000,638.450000,2.000000,639.909180,641.166626,12.509364,43.815622,1,0.089000,0.813989
SP_T_Jongkok_1,movenet,63,2.093536,ok,1,direct,0.487799,0,nose,0,0,0.000000,0.000000,0.000000,2.000000,635.504211,361.516632,,,,0.026000,
SP_T_Jongkok_1,movenet,63,2.093536,ok,1,direct,0.487799,1,left_eye,0,0,0.000000,0.000000,0.000000,2.000000,648.648132,354.695221,,,,0.025000,
SP_T_Jongkok_1,movenet,63,2.093536,ok,1,direct,0.487799,2,right_eye,0,0,0.000000,0.000000,0.000000,2.000000,624.645874,356.075684,,,,0.025000,
SP_T_Jongkok_1,movenet,63,2.093536,ok,1,direct,0.487799,3,left_ear,0,0,0.000000,0.000000,0.000000,2.000000,674.145813,355.732056,,,,0.035000,
SP_T_Jongkok_1,movenet,63,2.093536,ok,1,direct,0.487799,4,right_ear,0,0,0.000000,0.000000,0.000000,2.000000,612.349060,360.098053,,,,0.035000,
SP_T_Jongkok_1,movenet,63,2.093536,ok,1,direct,0.487799,5,left_shoulder,1,1,2.000000,711.330000,395.700000,2.000000,696.272583,393.288605,15.249283,43.885068,1,0.079000,0.679133
SP_T_Jongkok_1,movenet,63,2.093536,ok,1,direct,0.487799,6,right_shoulder,1,1,2.000000,623.240000,402.330000,2.000000,606.033386,405.302979,17.461562,43.885068,1,0.079000,0.602088
SP_T_Jongkok_1,movenet,63,2.093536,ok,1,direct,0.487799,7,left_elbow,1,1,2.000000,690.760000,408.030000,2.000000,660.018005,417.504578,32.168896,43.885068,1,0.072000,0.125805
SP_T_Jongkok_1,movenet,63,2.093536,ok,1,direct,0.487799,8,right_elbow,1,1,2.000000,572.730000,419.640000,2.000000,566.829956,423.974243,7.320941,43.885068,1,0.072000,0.898197
SP_T_Jongkok_1,movenet,63,2.093536,ok,1,direct,0.487799,9,left_wrist,1,1,2.000000,656.450000,409.350000,2.000000,562.672485,420.448395,94.431968,43.885068,0,0.062000,0.000000
SP_T_Jongkok_1,movenet,63,2.093536,ok,1,direct,0.487799,10,right_wrist,1,1,2.000000,520.090000,416.120000,2.000000,521.328064,418.912781,3.054902,43.885068,1,0.062000,0.975103
SP_T_Jongkok_1,movenet,63,2.093536,ok,1,direct,0.487799,11,left_hip,1,1,2.000000,717.440000,527.060000,2.000000,708.356628,521.281799,10.765465,43.885068,1,0.107000,0.900214
SP_T_Jongkok_1,movenet,63,2.093536,ok,1,direct,0.487799,12,right_hip,1,1,2.000000,658.780000,535.090000,2.000000,648.068726,525.195557,14.581886,43.885068,1,0.107000,0.824592
SP_T_Jongkok_1,movenet,63,2.093536,ok,1,direct,0.487799,13,left_knee,1,1,2.000000,699.500000,555.460000,2.000000,700.161011,560.316101,4.900883,43.885068,1,0.087000,0.967583
SP_T_Jongkok_1,movenet,63,2.093536,ok,1,direct,0.487799,14,right_knee,1,1,2.000000,585.660000,551.150000,2.000000,591.162537,563.331299,13.366449,43.885068,1,0.087000,0.782606
SP_T_Jongkok_1,movenet,63,2.093536,ok,1,direct,0.487799,15,left_ankle,1,1,2.000000,708.560000,639.670000,2.000000,712.660645,636.906677,4.944819,43.885068,1,0.089000,0.968452
SP_T_Jongkok_1,movenet,63,2.093536,ok,1,direct,0.487799,16,right_ankle,1,1,2.000000,652.120000,638.450000,2.000000,642.886047,640.868286,9.545365,43.885068,1,0.089000,0.887405
SP_T_Jongkok_1,movenet,64,2.126767,ok,1,direct,0.485926,0,nose,0,0,0.000000,0.000000,0.000000,2.000000,638.911682,358.887299,,,,0.026000,
SP_T_Jongkok_1,movenet,64,2.126767,ok,1,direct,0.485926,1,left_eye,0,0,0.000000,0.000000,0.000000,2.000000,652.124634,351.101562,,,,0.025000,
SP_T_Jongkok_1,movenet,64,2.126767,ok,1,direct,0.485926,2,right_eye,0,0,0.000000,0.000000,0.000000,2.000000,627.048706,352.181091,,,,0.025000,
SP_T_Jongkok_1,movenet,64,2.126767,ok,1,direct,0.485926,3,left_ear,0,0,0.000000,0.000000,0.000000,2.000000,676.990234,352.898743,,,,0.035000,
SP_T_Jongkok_1,movenet,64,2.126767,ok,1,direct,0.485926,4,right_ear,0,0,0.000000,0.000000,0.000000,2.000000,613.892456,357.073151,,,,0.035000,
SP_T_Jongkok_1,movenet,64,2.126767,ok,1,direct,0.485926,5,left_shoulder,1,1,2.000000,710.810000,393.780000,2.000000,696.603638,389.999023,14.700902,43.952144,1,0.079000,0.698715
SP_T_Jongkok_1,movenet,64,2.126767,ok,1,direct,0.485926,6,right_shoulder,1,1,2.000000,623.470000,399.630000,2.000000,607.221313,398.207397,16.310843,43.952144,1,0.079000,0.643177
SP_T_Jongkok_1,movenet,64,2.126767,ok,1,direct,0.485926,7,left_elbow,1,1,2.000000,690.820000,407.000000,2.000000,662.525391,413.984985,29.144038,43.952144,1,0.072000,0.183360
SP_T_Jongkok_1,movenet,64,2.126767,ok,1,direct,0.485926,8,right_elbow,1,1,2.000000,573.300000,418.630000,2.000000,568.233032,420.992310,5.590588,43.952144,1,0.072000,0.939489
SP_T_Jongkok_1,movenet,64,2.126767,ok,1,direct,0.485926,9,left_wrist,1,1,2.000000,657.150000,408.640000,2.000000,562.637512,418.764740,95.053252,43.952144,0,0.062000,0.000000
SP_T_Jongkok_1,movenet,64,2.126767,ok,1,direct,0.485926,10,right_wrist,1,1,2.000000,520.320000,415.830000,2.000000,518.581177,416.493378,1.861069,43.952144,1,0.062000,0.990715
SP_T_Jongkok_1,movenet,64,2.126767,ok,1,direct,0.485926,11,left_hip,1,1,2.000000,716.760000,522.340000,2.000000,709.362305,517.987549,8.583107,43.952144,1,0.107000,0.935553
SP_T_Jongkok_1,movenet,64,2.126767,ok,1,direct,0.485926,12,right_hip,1,1,2.000000,658.660000,531.460000,2.000000,653.324707,522.452698,10.468851,43.952144,1,0.107000,0.905647
SP_T_Jongkok_1,movenet,64,2.126767,ok,1,direct,0.485926,13,left_knee,1,1,2.000000,699.600000,554.280000,2.000000,702.238525,561.003052,7.222274,43.952144,1,0.087000,0.931138
SP_T_Jongkok_1,movenet,64,2.126767,ok,1,direct,0.485926,14,right_knee,1,1,2.000000,585.760000,550.990000,2.000000,590.973694,563.270447,13.341363,43.952144,1,0.087000,0.783909
SP_T_Jongkok_1,movenet,64,2.126767,ok,1,direct,0.485926,15,left_ankle,1,1,2.000000,708.660000,639.630000,2.000000,709.599304,636.865601,2.919623,43.952144,1,0.089000,0.988920
SP_T_Jongkok_1,movenet,64,2.126767,ok,1,direct,0.485926,16,right_ankle,1,1,2.000000,652.120000,638.450000,2.000000,640.845581,639.658203,11.338972,43.952144,1,0.089000,0.845312
SP_T_Jongkok_1,movenet,65,2.159998,ok,1,direct,0.482960,0,nose,0,0,0.000000,0.000000,0.000000,2.000000,636.742310,352.869904,,,,0.026000,
SP_T_Jongkok_1,movenet,65,2.159998,ok,1,direct,0.482960,1,left_eye,0,0,0.000000,0.000000,0.000000,2.000000,649.462769,344.694702,,,,0.025000,
SP_T_Jongkok_1,movenet,65,2.159998,ok,1,direct,0.482960,2,right_eye,0,0,0.000000,0.000000,0.000000,2.000000,625.238342,346.608856,,,,0.025000,
SP_T_Jongkok_1,movenet,65,2.159998,ok,1,direct,0.482960,3,left_ear,0,0,0.000000,0.000000,0.000000,2.000000,673.284180,347.747253,,,,0.035000,
SP_T_Jongkok_1,movenet,65,2.159998,ok,1,direct,0.482960,4,right_ear,0,0,0.000000,0.000000,0.000000,2.000000,616.963928,351.156464,,,,0.035000,
SP_T_Jongkok_1,movenet,65,2.159998,ok,1,direct,0.482960,5,left_shoulder,1,1,2.000000,710.310000,386.740000,2.000000,696.776489,383.672241,13.876853,44.490571,1,0.079000,0.732156
SP_T_Jongkok_1,movenet,65,2.159998,ok,1,direct,0.482960,6,right_shoulder,1,1,2.000000,622.410000,393.380000,2.000000,608.864624,395.020905,13.644405,44.490571,1,0.079000,0.739779
SP_T_Jongkok_1,movenet,65,2.159998,ok,1,direct,0.482960,7,left_elbow,1,1,2.000000,690.840000,401.630000,2.000000,673.122314,406.668243,18.420105,44.490571,1,0.072000,0.516168
SP_T_Jongkok_1,movenet,65,2.159998,ok,1,direct,0.482960,8,right_elbow,1,1,2.000000,574.290000,412.970000,2.000000,566.205444,417.374207,9.206361,44.490571,1,0.072000,0.847726
SP_T_Jongkok_1,movenet,65,2.159998,ok,1,direct,0.482960,9,left_wrist,1,1,2.000000,657.110000,405.890000,0.000000,654.079590,407.259613,,44.490571,0,0.062000,0.000000
SP_T_Jongkok_1,movenet,65,2.159998,ok,1,direct,0.482960,10,right_wrist,1,1,2.000000,520.360000,411.260000,2.000000,514.982727,411.699524,5.395206,44.490571,1,0.062000,0.926342
SP_T_Jongkok_1,movenet,65,2.159998,ok,1,direct,0.482960,11,left_hip,1,1,2.000000,716.070000,517.620000,2.000000,711.209656,516.382935,5.015304,44.490571,1,0.107000,0.978046
SP_T_Jongkok_1,movenet,65,2.159998,ok,1,direct,0.482960,12,right_hip,1,1,2.000000,657.760000,525.860000,2.000000,655.784302,519.509705,6.650536,44.490571,1,0.107000,0.961718
SP_T_Jongkok_1,movenet,65,2.159998,ok,1,direct,0.482960,13,left_knee,1,1,2.000000,699.690000,553.100000,2.000000,700.006714,552.647095,0.552658,44.490571,1,0.087000,0.999592
SP_T_Jongkok_1,movenet,65,2.159998,ok,1,direct,0.482960,14,right_knee,1,1,2.000000,585.850000,550.830000,2.000000,592.653870,562.670837,13.656430,44.490571,1,0.087000,0.779611
SP_T_Jongkok_1,movenet,65,2.159998,ok,1,direct,0.482960,15,left_ankle,1,1,2.000000,708.760000,639.590000,2.000000,708.328735,638.373657,1.290534,44.490571,1,0.089000,0.997878
SP_T_Jongkok_1,movenet,65,2.159998,ok,1,direct,0.482960,16,right_ankle,1,1,2.000000,652.120000,638.450000,2.000000,639.202820,641.195312,13.205691,44.490571,1,0.089000,0.800553
SP_T_Jongkok_1,movenet,66,2.193228,ok,1,direct,0.520437,0,nose,0,0,0.000000,0.000000,0.000000,2.000000,635.631165,347.382355,,,,0.026000,
SP_T_Jongkok_1,movenet,66,2.193228,ok,1,direct,0.520437,1,left_eye,0,0,0.000000,0.000000,0.000000,2.000000,646.427002,340.132721,,,,0.025000,
SP_T_Jongkok_1,movenet,66,2.193228,ok,1,direct,0.520437,2,right_eye,0,0,0.000000,0.000000,0.000000,2.000000,623.415710,341.034027,,,,0.025000,
SP_T_Jongkok_1,movenet,66,2.193228,ok,1,direct,0.520437,3,left_ear,0,0,0.000000,0.000000,0.000000,2.000000,673.200806,339.928223,,,,0.035000,
SP_T_Jongkok_1,movenet,66,2.193228,ok,1,direct,0.520437,4,right_ear,0,0,0.000000,0.000000,0.000000,2.000000,614.164185,344.653931,,,,0.035000,
SP_T_Jongkok_1,movenet,66,2.193228,ok,1,direct,0.520437,5,left_shoulder,1,1,2.000000,709.820000,379.700000,2.000000,693.763916,377.243652,16.242890,45.019174,1,0.079000,0.658913
SP_T_Jongkok_1,movenet,66,2.193228,ok,1,direct,0.520437,6,right_shoulder,1,1,2.000000,621.350000,387.130000,2.000000,608.895508,385.153107,12.610412,45.019174,1,0.079000,0.777678
SP_T_Jongkok_1,movenet,66,2.193228,ok,1,direct,0.520437,7,left_elbow,1,1,2.000000,690.860000,396.260000,2.000000,665.637207,400.901978,25.646388,45.019174,1,0.072000,0.285917
SP_T_Jongkok_1,movenet,66,2.193228,ok,1,direct,0.520437,8,right_elbow,1,1,2.000000,575.290000,407.300000,2.000000,564.349670,411.160675,11.601535,45.019174,1,0.072000,0.773977
SP_T_Jongkok_1,movenet,66,2.193228,ok,1,direct,0.520437,9,left_wrist,1,1,2.000000,657.070000,403.150000,2.000000,560.705994,407.678650,96.470360,45.019174,0,0.062000,0.000000
SP_T_Jongkok_1,movenet,66,2.193228,ok,1,direct,0.520437,10,right_wrist,1,1,2.000000,520.390000,406.680000,2.000000,508.224854,406.917419,12.167463,45.019174,1,0.062000,0.683821
SP_T_Jongkok_1,movenet,66,2.193228,ok,1,direct,0.520437,11,left_hip,1,1,2.000000,715.380000,512.910000,2.000000,713.154785,507.819336,5.555758,45.019174,1,0.107000,0.973746
SP_T_Jongkok_1,movenet,66,2.193228,ok,1,direct,0.520437,12,right_hip,1,1,2.000000,656.850000,520.250000,2.000000,654.714111,513.375305,7.198851,45.019174,1,0.107000,0.956315
SP_T_Jongkok_1,movenet,66,2.193228,ok,1,direct,0.520437,13,left_knee,1,1,2.000000,699.790000,551.920000,2.000000,700.653076,549.847107,2.245392,45.019174,1,0.087000,0.993448
SP_T_Jongkok_1,movenet,66,2.193228,ok,1,direct,0.520437,14,right_knee,1,1,2.000000,585.950000,550.660000,2.000000,592.858765,562.229187,13.475055,45.019174,1,0.087000,0.789203
SP_T_Jongkok_1,movenet,66,2.193228,ok,1,direct,0.520437,15,left_ankle,1,1,2.000000,708.860000,639.550000,2.000000,707.100525,637.575989,2.644328,45.019174,1,0.089000,0.991326
SP_T_Jongkok_1,movenet,66,2.193228,ok,1,direct,0.520437,16,right_ankle,1,1,2.000000,652.120000,638.450000,2.000000,643.254333,638.608521,8.867084,45.019174,1,0.089000,0.906692
SP_T_Jongkok_1,movenet,67,2.226459,ok,1,direct,0.539052,0,nose,0,0,0.000000,0.000000,0.000000,2.000000,634.347412,338.002258,,,,0.026000,
SP_T_Jongkok_1,movenet,67,2.226459,ok,1,direct,0.539052,1,left_eye,0,0,0.000000,0.000000,0.000000,2.000000,647.860046,330.926300,,,,0.025000,
SP_T_Jongkok_1,movenet,67,2.226459,ok,1,direct,0.539052,2,right_eye,0,0,0.000000,0.000000,0.000000,2.000000,624.030273,331.889465,,,,0.025000,
SP_T_Jongkok_1,movenet,67,2.226459,ok,1,direct,0.539052,3,left_ear,0,0,0.000000,0.000000,0.000000,2.000000,672.625244,331.157288,,,,0.035000,
SP_T_Jongkok_1,movenet,67,2.226459,ok,1,direct,0.539052,4,right_ear,0,0,0.000000,0.000000,0.000000,2.000000,612.151733,334.910126,,,,0.035000,
SP_T_Jongkok_1,movenet,67,2.226459,ok,1,direct,0.539052,5,left_shoulder,1,1,2.000000,709.320000,372.670000,2.000000,693.826355,368.400330,16.071189,45.535190,1,0.079000,0.670865
SP_T_Jongkok_1,movenet,67,2.226459,ok,1,direct,0.539052,6,right_shoulder,1,1,2.000000,620.290000,380.880000,2.000000,609.899475,374.398956,12.246099,45.535190,1,0.079000,0.793120
SP_T_Jongkok_1,movenet,67,2.226459,ok,1,direct,0.539052,7,left_elbow,1,1,2.000000,690.880000,390.900000,2.000000,658.211670,397.275787,33.284688,45.535190,1,0.072000,0.127277
SP_T_Jongkok_1,movenet,67,2.226459,ok,1,direct,0.539052,8,right_elbow,1,1,2.000000,576.280000,401.640000,2.000000,559.121033,405.531677,17.594752,45.535190,1,0.072000,0.562132
SP_T_Jongkok_1,movenet,67,2.226459,ok,1,direct,0.539052,9,left_wrist,1,1,2.000000,657.020000,400.400000,0.000000,635.170654,399.930878,,45.535190,0,0.062000,0.000000
SP_T_Jongkok_1,movenet,67,2.226459,ok,1,direct,0.539052,10,right_wrist,1,1,2.000000,520.430000,402.110000,2.000000,514.468323,404.199554,6.317265,45.535190,1,0.062000,0.904710
SP_T_Jongkok_1,movenet,67,2.226459,ok,1,direct,0.539052,11,left_hip,1,1,2.000000,714.690000,508.190000,2.000000,712.866943,501.410126,7.020700,45.535190,1,0.107000,0.959324
SP_T_Jongkok_1,movenet,67,2.226459,ok,1,direct,0.539052,12,right_hip,1,1,2.000000,655.950000,514.650000,2.000000,653.908630,506.185242,8.707429,45.535190,1,0.107000,0.938120
SP_T_Jongkok_1,movenet,67,2.226459,ok,1,direct,0.539052,13,left_knee,1,1,2.000000,699.890000,550.740000,2.000000,699.176392,554.424805,3.753268,45.535190,1,0.087000,0.982208
SP_T_Jongkok_1,movenet,67,2.226459,ok,1,direct,0.539052,14,right_knee,1,1,2.000000,586.050000,550.500000,2.000000,593.810364,560.431152,12.603612,45.535190,1,0.087000,0.816739
SP_T_Jongkok_1,movenet,67,2.226459,ok,1,direct,0.539052,15,left_ankle,1,1,2.000000,708.950000,639.510000,2.000000,707.523071,636.693481,3.157357,45.535190,1,0.089000,0.987934
SP_T_Jongkok_1,movenet,67,2.226459,ok,1,direct,0.539052,16,right_ankle,1,1,2.000000,652.120000,638.450000,2.000000,643.800598,636.347717,8.580911,45.535190,1,0.089000,0.914237
SP_T_Jongkok_1,movenet,68,2.259690,ok,1,direct,0.527994,0,nose,0,0,0.000000,0.000000,0.000000,2.000000,632.687195,327.984589,,,,0.026000,
SP_T_Jongkok_1,movenet,68,2.259690,ok,1,direct,0.527994,1,left_eye,0,0,0.000000,0.000000,0.000000,2.000000,645.416260,320.397034,,,,0.025000,
SP_T_Jongkok_1,movenet,68,2.259690,ok,1,direct,0.527994,2,right_eye,0,0,0.000000,0.000000,0.000000,2.000000,622.291809,321.168274,,,,0.025000,
SP_T_Jongkok_1,movenet,68,2.259690,ok,1,direct,0.527994,3,left_ear,0,0,0.000000,0.000000,0.000000,2.000000,672.126404,320.923828,,,,0.035000,
SP_T_Jongkok_1,movenet,68,2.259690,ok,1,direct,0.527994,4,right_ear,0,0,0.000000,0.000000,0.000000,2.000000,611.935913,323.655823,,,,0.035000,
SP_T_Jongkok_1,movenet,68,2.259690,ok,1,direct,0.527994,5,left_shoulder,1,1,2.000000,708.820000,365.630000,2.000000,693.650818,361.933777,15.613012,46.041831,1,0.079000,0.691767
SP_T_Jongkok_1,movenet,68,2.259690,ok,1,direct,0.527994,6,right_shoulder,1,1,2.000000,619.230000,374.630000,2.000000,610.543518,366.241180,12.075896,46.041831,1,0.079000,0.802158
SP_T_Jongkok_1,movenet,68,2.259690,ok,1,direct,0.527994,7,left_elbow,1,1,2.000000,690.900000,385.530000,2.000000,658.545288,396.002930,34.007494,46.041831,1,0.072000,0.121871
SP_T_Jongkok_1,movenet,68,2.259690,ok,1,direct,0.527994,8,right_elbow,1,1,2.000000,577.280000,395.980000,2.000000,564.502686,401.695038,13.997193,46.041831,1,0.072000,0.700075
SP_T_Jongkok_1,movenet,68,2.259690,ok,1,direct,0.527994,9,left_wrist,1,1,2.000000,656.980000,397.650000,2.000000,563.837524,398.897278,93.150826,46.041831,0,0.062000,0.000000
SP_T_Jongkok_1,movenet,68,2.259690,ok,1,direct,0.527994,10,right_wrist,1,1,2.000000,520.470000,397.540000,2.000000,528.857300,402.192352,9.591203,46.041831,1,0.062000,0.797893
SP_T_Jongkok_1,movenet,68,2.259690,ok,1,direct,0.527994,11,left_hip,1,1,2.000000,714.000000,503.470000,2.000000,712.742615,494.242798,9.312480,46.041831,1,0.107000,0.931030
SP_T_Jongkok_1,movenet,68,2.259690,ok,1,direct,0.527994,12,right_hip,1,1,2.000000,655.040000,509.040000,2.000000,652.661011,498.876160,10.438546,46.041831,1,0.107000,0.914121
SP_T_Jongkok_1,movenet,68,2.259690,ok,1,direct,0.527994,13,left_knee,1,1,2.000000,699.990000,549.560000,2.000000,700.809814,556.533386,7.021411,46.041831,1,0.087000,0.940398
SP_T_Jongkok_1,movenet,68,2.259690,ok,1,direct,0.527994,14,right_knee,1,1,2.000000,586.150000,550.330000,2.000000,593.551392,557.929443,10.608117,46.041831,1,0.087000,0.869124
SP_T_Jongkok_1,movenet,68,2.259690,ok,1,direct,0.527994,15,left_ankle,1,1,2.000000,709.050000,639.470000,2.000000,705.232788,640.560120,3.969820,46.041831,1,0.089000,0.981404
SP_T_Jongkok_1,movenet,68,2.259690,ok,1,direct,0.527994,16,right_ankle,1,1,2.000000,652.120000,638.450000,2.000000,634.473633,637.655640,17.664237,46.041831,1,0.089000,0.689595
SP_T_Jongkok_1,movenet,69,2.292921,ok,1,direct,0.552665,0,nose,0,0,0.000000,0.000000,0.000000,2.000000,629.757202,321.362061,,,,0.026000,
SP_T_Jongkok_1,movenet,69,2.292921,ok,1,direct,0.552665,1,left_eye,0,0,0.000000,0.000000,0.000000,2.000000,642.175232,311.881622,,,,0.025000,
SP_T_Jongkok_1,movenet,69,2.292921,ok,1,direct,0.552665,2,right_eye,0,0,0.000000,0.000000,0.000000,2.000000,619.342590,312.002808,,,,0.025000,
SP_T_Jongkok_1,movenet,69,2.292921,ok,1,direct,0.552665,3,left_ear,0,0,0.000000,0.000000,0.000000,2.000000,669.208252,312.894379,,,,0.035000,
SP_T_Jongkok_1,movenet,69,2.292921,ok,1,direct,0.552665,4,right_ear,0,0,0.000000,0.000000,0.000000,2.000000,615.387756,313.071075,,,,0.035000,
SP_T_Jongkok_1,movenet,69,2.292921,ok,1,direct,0.552665,5,left_shoulder,1,1,2.000000,708.320000,358.600000,2.000000,692.979004,348.729767,18.241921,46.538944,1,0.079000,0.611182
SP_T_Jongkok_1,movenet,69,2.292921,ok,1,direct,0.552665,6,right_shoulder,1,1,2.000000,618.170000,366.250000,2.000000,606.361267,357.270386,14.835082,46.538944,1,0.079000,0.722073
SP_T_Jongkok_1,movenet,69,2.292921,ok,1,direct,0.552665,7,left_elbow,1,1,2.000000,690.930000,380.160000,2.000000,660.041016,384.785614,31.233406,46.538944,1,0.072000,0.175927
SP_T_Jongkok_1,movenet,69,2.292921,ok,1,direct,0.552665,8,right_elbow,1,1,2.000000,574.720000,386.770000,2.000000,558.212158,392.551544,17.491000,46.538944,1,0.072000,0.579867
SP_T_Jongkok_1,movenet,69,2.292921,ok,1,direct,0.552665,9,left_wrist,1,1,2.000000,656.940000,394.910000,0.000000,629.444519,394.742981,,46.538944,0,0.062000,0.000000
SP_T_Jongkok_1,movenet,69,2.292921,ok,1,direct,0.552665,10,right_wrist,1,1,2.000000,520.510000,392.970000,2.000000,520.108582,393.893433,1.006908,46.538944,1,0.062000,0.997567
SP_T_Jongkok_1,movenet,69,2.292921,ok,1,direct,0.552665,11,left_hip,1,1,2.000000,713.320000,498.750000,2.000000,708.908997,489.397308,10.340686,46.538944,1,0.107000,0.917371
SP_T_Jongkok_1,movenet,69,2.292921,ok,1,direct,0.552665,12,right_hip,1,1,2.000000,654.140000,503.430000,2.000000,652.300049,494.370270,9.244681,46.538944,1,0.107000,0.933391
SP_T_Jongkok_1,movenet,69,2.292921,ok,1,direct,0.552665,13,left_knee,1,1,2.000000,700.090000,548.390000,2.000000,700.340576,555.614624,7.228968,46.538944,1,0.087000,0.938235
SP_T_Jongkok_1,movenet,69,2.292921,ok,1,direct,0.552665,14,right_knee,1,1,2.000000,586.250000,550.170000,2.000000,590.193420,555.826965,6.895783,46.538944,1,0.087000,0.943638
SP_T_Jongkok_1,movenet,69,2.292921,ok,1,direct,0.552665,15,left_ankle,1,1,2.000000,709.150000,639.430000,2.000000,706.030029,639.061035,3.141712,46.538944,1,0.089000,0.988559
SP_T_Jongkok_1,movenet,69,2.292921,ok,1,direct,0.552665,16,right_ankle,1,1,2.000000,652.120000,638.450000,2.000000,641.623840,634.281311,11.293686,46.538944,1,0.089000,0.861834
SP_T_Jongkok_1,movenet,70,2.326151,ok,1,direct,0.551009,0,nose,0,0,0.000000,0.000000,0.000000,2.000000,634.314941,308.571869,,,,0.026000,
SP_T_Jongkok_1,movenet,70,2.326151,ok,1,direct,0.551009,1,left_eye,0,0,0.000000,0.000000,0.000000,2.000000,646.684021,299.857666,,,,0.025000,
SP_T_Jongkok_1,movenet,70,2.326151,ok,1,direct,0.551009,2,right_eye,0,0,0.000000,0.000000,0.000000,2.000000,621.516785,300.025177,,,,0.025000,
SP_T_Jongkok_1,movenet,70,2.326151,ok,1,direct,0.551009,3,left_ear,0,0,0.000000,0.000000,0.000000,2.000000,671.751770,301.647186,,,,0.035000,
SP_T_Jongkok_1,movenet,70,2.326151,ok,1,direct,0.551009,4,right_ear,0,0,0.000000,0.000000,0.000000,2.000000,611.925903,302.391113,,,,0.035000,
SP_T_Jongkok_1,movenet,70,2.326151,ok,1,direct,0.551009,5,left_shoulder,1,1,2.000000,707.830000,351.560000,2.000000,694.065918,339.786652,18.112473,47.026115,1,0.079000,0.621640
SP_T_Jongkok_1,movenet,70,2.326151,ok,1,direct,0.551009,6,right_shoulder,1,1,2.000000,617.110000,357.870000,2.000000,606.436096,348.165161,14.426230,47.026115,1,0.079000,0.739648
SP_T_Jongkok_1,movenet,70,2.326151,ok,1,direct,0.551009,7,left_elbow,1,1,2.000000,690.950000,374.800000,2.000000,661.562134,378.183228,29.581969,47.026115,1,0.072000,0.217261
SP_T_Jongkok_1,movenet,70,2.326151,ok,1,direct,0.551009,8,right_elbow,1,1,2.000000,572.160000,377.550000,2.000000,557.259766,386.165436,17.211703,47.026115,1,0.072000,0.596418
SP_T_Jongkok_1,movenet,70,2.326151,ok,1,direct,0.551009,9,left_wrist,1,1,2.000000,656.900000,392.160000,0.000000,630.015320,392.704071,,47.026115,0,0.062000,0.000000
SP_T_Jongkok_1,movenet,70,2.326151,ok,1,direct,0.551009,10,right_wrist,1,1,2.000000,520.550000,388.390000,2.000000,531.209412,389.253082,10.694296,47.026115,1,0.062000,0.764086
SP_T_Jongkok_1,movenet,70,2.326151,ok,1,direct,0.551009,11,left_hip,1,1,2.000000,712.630000,494.040000,2.000000,707.562927,483.152649,12.008732,47.026115,1,0.107000,0.892334
SP_T_Jongkok_1,movenet,70,2.326151,ok,1,direct,0.551009,12,right_hip,1,1,2.000000,653.230000,497.830000,2.000000,650.967346,486.977417,11.085944,47.026115,1,0.107000,0.907483
SP_T_Jongkok_1,movenet,70,2.326151,ok,1,direct,0.551009,13,left_knee,1,1,2.000000,700.190000,547.210000,2.000000,696.426147,547.774475,3.805945,47.026115,1,0.087000,0.982841
SP_T_Jongkok_1,movenet,70,2.326151,ok,1,direct,0.551009,14,right_knee,1,1,2.000000,586.350000,550.010000,2.000000,587.363037,554.265930,4.374836,47.026115,1,0.087000,0.977391
SP_T_Jongkok_1,movenet,70,2.326151,ok,1,direct,0.551009,15,left_ankle,1,1,2.000000,709.250000,639.390000,2.000000,707.439453,638.822510,1.897400,47.026115,1,0.089000,0.995898
SP_T_Jongkok_1,movenet,70,2.326151,ok,1,direct,0.551009,16,right_ankle,1,1,2.000000,652.120000,638.450000,2.000000,643.484497,635.323120,9.184187,47.026115,1,0.089000,0.908186
SP_T_Jongkok_1,movenet,71,2.359382,ok,1,direct,0.534445,0,nose,0,0,0.000000,0.000000,0.000000,2.000000,632.884216,296.919922,,,,0.026000,
SP_T_Jongkok_1,movenet,71,2.359382,ok,1,direct,0.534445,1,left_eye,0,0,0.000000,0.000000,0.000000,2.000000,644.444519,288.805359,,,,0.025000,
SP_T_Jongkok_1,movenet,71,2.359382,ok,1,direct,0.534445,2,right_eye,0,0,0.000000,0.000000,0.000000,2.000000,622.135437,288.818115,,,,0.025000,
SP_T_Jongkok_1,movenet,71,2.359382,ok,1,direct,0.534445,3,left_ear,0,0,0.000000,0.000000,0.000000,2.000000,670.837280,289.853882,,,,0.035000,
SP_T_Jongkok_1,movenet,71,2.359382,ok,1,direct,0.534445,4,right_ear,0,0,0.000000,0.000000,0.000000,2.000000,615.017273,290.199402,,,,0.035000,
SP_T_Jongkok_1,movenet,71,2.359382,ok,1,direct,0.534445,5,left_shoulder,1,1,2.000000,707.530000,342.300000,2.000000,697.498230,329.143188,16.545032,47.466460,1,0.079000,0.677499
SP_T_Jongkok_1,movenet,71,2.359382,ok,1,direct,0.534445,6,right_shoulder,1,1,2.000000,616.880000,348.090000,2.000000,607.882935,338.698181,13.005900,47.466460,1,0.079000,0.786162
SP_T_Jongkok_1,movenet,71,2.359382,ok,1,direct,0.534445,7,left_elbow,1,1,2.000000,690.460000,368.010000,2.000000,671.503174,369.217743,18.995260,47.466460,1,0.072000,0.539103
SP_T_Jongkok_1,movenet,71,2.359382,ok,1,direct,0.534445,8,right_elbow,1,1,2.000000,572.320000,371.090000,2.000000,549.939758,377.606628,23.309690,47.466460,1,0.072000,0.394400
SP_T_Jongkok_1,movenet,71,2.359382,ok,1,direct,0.534445,9,left_wrist,1,1,2.000000,656.660000,390.420000,0.000000,632.653259,386.983887,,47.466460,0,0.062000,0.000000
SP_T_Jongkok_1,movenet,71,2.359382,ok,1,direct,0.534445,10,right_wrist,1,1,2.000000,522.220000,384.700000,2.000000,521.585571,384.262878,0.770438,47.466460,1,0.062000,0.998630
SP_T_Jongkok_1,movenet,71,2.359382,ok,1,direct,0.534445,11,left_hip,1,1,2.000000,711.840000,486.270000,2.000000,709.492310,477.453247,9.123967,47.466460,1,0.107000,0.937495
SP_T_Jongkok_1,movenet,71,2.359382,ok,1,direct,0.534445,12,right_hip,1,1,2.000000,652.250000,490.060000,2.000000,648.311646,480.423065,10.410627,47.466460,1,0.107000,0.919402
SP_T_Jongkok_1,movenet,71,2.359382,ok,1,direct,0.534445,13,left_knee,1,1,2.000000,700.580000,544.950000,2.000000,697.377319,545.888733,3.337422,47.466460,1,0.087000,0.987022
SP_T_Jongkok_1,movenet,71,2.359382,ok,1,direct,0.534445,14,right_knee,1,1,2.000000,588.900000,547.450000,2.000000,588.559326,554.204102,6.762688,47.466460,1,0.087000,0.947777
SP_T_Jongkok_1,movenet,71,2.359382,ok,1,direct,0.534445,15,left_ankle,1,1,2.000000,709.350000,639.350000,2.000000,707.105835,637.069763,3.199337,47.466460,1,0.089000,0.988595
SP_T_Jongkok_1,movenet,71,2.359382,ok,1,direct,0.534445,16,right_ankle,1,1,2.000000,652.120000,638.450000,2.000000,636.883118,638.440308,15.236885,47.466460,1,0.089000,0.770915
SP_T_Jongkok_1,movenet,72,2.392613,ok,1,direct,0.520338,0,nose,0,0,0.000000,0.000000,0.000000,2.000000,632.210876,283.652802,,,,0.026000,
SP_T_Jongkok_1,movenet,72,2.392613,ok,1,direct,0.520338,1,left_eye,0,0,0.000000,0.000000,0.000000,2.000000,644.210938,275.397858,,,,0.025000,
SP_T_Jongkok_1,movenet,72,2.392613,ok,1,direct,0.520338,2,right_eye,0,0,0.000000,0.000000,0.000000,2.000000,621.981262,276.546814,,,,0.025000,
SP_T_Jongkok_1,movenet,72,2.392613,ok,1,direct,0.520338,3,left_ear,0,0,0.000000,0.000000,0.000000,2.000000,675.826721,277.060028,,,,0.035000,
SP_T_Jongkok_1,movenet,72,2.392613,ok,1,direct,0.520338,4,right_ear,0,0,0.000000,0.000000,0.000000,2.000000,619.952942,279.860199,,,,0.035000,
SP_T_Jongkok_1,movenet,72,2.392613,ok,1,direct,0.520338,5,left_shoulder,1,1,2.000000,707.230000,333.040000,2.000000,701.077148,324.102417,10.850713,47.885094,1,0.079000,0.848277
SP_T_Jongkok_1,movenet,72,2.392613,ok,1,direct,0.520338,6,right_shoulder,1,1,2.000000,616.660000,338.310000,2.000000,612.295593,327.115173,12.015498,47.885094,1,0.079000,0.817282
SP_T_Jongkok_1,movenet,72,2.392613,ok,1,direct,0.520338,7,left_elbow,1,1,2.000000,689.980000,361.230000,2.000000,669.529419,370.424530,22.422436,47.885094,1,0.072000,0.429162
SP_T_Jongkok_1,movenet,72,2.392613,ok,1,direct,0.520338,8,right_elbow,1,1,2.000000,572.480000,364.630000,2.000000,568.652588,365.797058,4.001388,47.885094,1,0.072000,0.973420
SP_T_Jongkok_1,movenet,72,2.392613,ok,1,direct,0.520338,9,left_wrist,1,1,2.000000,656.430000,388.670000,2.000000,630.139526,394.069977,26.839314,47.885094,1,0.062000,0.195047
SP_T_Jongkok_1,movenet,72,2.392613,ok,1,direct,0.520338,10,right_wrist,1,1,2.000000,523.890000,381.010000,2.000000,530.612549,380.072571,6.787594,47.885094,1,0.062000,0.900740
SP_T_Jongkok_1,movenet,72,2.392613,ok,1,direct,0.520338,11,left_hip,1,1,2.000000,711.060000,478.510000,2.000000,705.844849,466.752808,12.861935,47.885094,1,0.107000,0.881588
SP_T_Jongkok_1,movenet,72,2.392613,ok,1,direct,0.520338,12,right_hip,1,1,2.000000,651.260000,482.300000,2.000000,646.404297,468.460114,14.666980,47.885094,1,0.107000,0.848838
SP_T_Jongkok_1,movenet,72,2.392613,ok,1,direct,0.520338,13,left_knee,1,1,2.000000,700.970000,542.690000,2.000000,697.610535,546.451721,5.043466,47.885094,1,0.087000,0.971113
SP_T_Jongkok_1,movenet,72,2.392613,ok,1,direct,0.520338,14,right_knee,1,1,2.000000,591.460000,544.900000,2.000000,592.118896,550.557373,5.695614,47.885094,1,0.087000,0.963307
SP_T_Jongkok_1,movenet,72,2.392613,ok,1,direct,0.520338,15,left_ankle,1,1,2.000000,709.450000,639.310000,2.000000,706.841919,637.089478,3.425318,47.885094,1,0.089000,0.987163
SP_T_Jongkok_1,movenet,72,2.392613,ok,1,direct,0.520338,16,right_ankle,1,1,2.000000,652.120000,638.450000,2.000000,635.149292,636.232910,17.114918,47.885094,1,0.089000,0.724299
SP_T_Jongkok_1,movenet,73,2.425844,ok,1,direct,0.495282,0,nose,0,0,0.000000,0.000000,0.000000,2.000000,632.623230,272.341003,,,,0.026000,
SP_T_Jongkok_1,movenet,73,2.425844,ok,1,direct,0.495282,1,left_eye,0,0,0.000000,0.000000,0.000000,2.000000,644.404175,264.239532,,,,0.025000,
SP_T_Jongkok_1,movenet,73,2.425844,ok,1,direct,0.495282,2,right_eye,0,0,0.000000,0.000000,0.000000,2.000000,622.044556,266.208740,,,,0.025000,
SP_T_Jongkok_1,movenet,73,2.425844,ok,1,direct,0.495282,3,left_ear,0,0,0.000000,0.000000,0.000000,2.000000,673.701660,267.159119,,,,0.035000,
SP_T_Jongkok_1,movenet,73,2.425844,ok,1,direct,0.495282,4,right_ear,0,0,0.000000,0.000000,0.000000,2.000000,615.917236,269.651611,,,,0.035000,
SP_T_Jongkok_1,movenet,73,2.425844,ok,1,direct,0.495282,5,left_shoulder,1,1,2.000000,706.940000,323.780000,2.000000,697.092163,315.606384,12.797964,48.281389,1,0.079000,0.798386
SP_T_Jongkok_1,movenet,73,2.425844,ok,1,direct,0.495282,6,right_shoulder,1,1,2.000000,616.440000,328.530000,2.000000,610.494080,319.502380,10.809805,48.281389,1,0.079000,0.851599
SP_T_Jongkok_1,movenet,73,2.425844,ok,1,direct,0.495282,7,left_elbow,1,1,2.000000,689.500000,354.440000,2.000000,676.313599,363.118195,15.785824,48.281389,1,0.072000,0.662046
SP_T_Jongkok_1,movenet,73,2.425844,ok,1,direct,0.495282,8,right_elbow,1,1,2.000000,572.650000,358.170000,2.000000,558.050293,361.263550,14.923857,48.281389,1,0.072000,0.691695
SP_T_Jongkok_1,movenet,73,2.425844,ok,1,direct,0.495282,9,left_wrist,1,1,2.000000,656.190000,386.930000,2.000000,646.022583,390.459900,10.762740,48.281389,1,0.062000,0.772176
SP_T_Jongkok_1,movenet,73,2.425844,ok,1,direct,0.495282,10,right_wrist,1,1,2.000000,525.550000,377.320000,2.000000,528.493530,375.050720,3.716719,48.281389,1,0.062000,0.969638
SP_T_Jongkok_1,movenet,73,2.425844,ok,1,direct,0.495282,11,left_hip,1,1,2.000000,710.270000,470.740000,2.000000,705.479187,457.033051,14.520067,48.281389,1,0.107000,0.853855
SP_T_Jongkok_1,movenet,73,2.425844,ok,1,direct,0.495282,12,right_hip,1,1,2.000000,650.280000,474.530000,2.000000,644.874268,458.891083,16.546833,48.281389,1,0.107000,0.814502
SP_T_Jongkok_1,movenet,73,2.425844,ok,1,direct,0.495282,13,left_knee,1,1,2.000000,701.370000,540.420000,2.000000,699.341309,542.279541,2.751996,48.281389,1,0.087000,0.991452
SP_T_Jongkok_1,movenet,73,2.425844,ok,1,direct,0.495282,14,right_knee,1,1,2.000000,594.010000,542.340000,2.000000,593.234619,546.457581,4.189951,48.281389,1,0.087000,0.980297
SP_T_Jongkok_1,movenet,73,2.425844,ok,1,direct,0.495282,15,left_ankle,1,1,2.000000,709.540000,639.270000,2.000000,706.066040,636.793030,4.266589,48.281389,1,0.089000,0.980476
SP_T_Jongkok_1,movenet,73,2.425844,ok,1,direct,0.495282,16,right_ankle,1,1,2.000000,652.120000,638.450000,2.000000,635.426758,636.569885,16.798785,48.281389,1,0.089000,0.736633
SP_T_Jongkok_1,movenet,74,2.459074,ok,1,direct,0.526982,0,nose,0,0,0.000000,0.000000,0.000000,2.000000,635.987854,258.699127,,,,0.026000,
SP_T_Jongkok_1,movenet,74,2.459074,ok,1,direct,0.526982,1,left_eye,0,0,0.000000,0.000000,0.000000,2.000000,646.789856,250.695663,,,,0.025000,
SP_T_Jongkok_1,movenet,74,2.459074,ok,1,direct,0.526982,2,right_eye,0,0,0.000000,0.000000,0.000000,2.000000,624.464417,253.397217,,,,0.025000,
SP_T_Jongkok_1,movenet,74,2.459074,ok,1,direct,0.526982,3,left_ear,0,0,0.000000,0.000000,0.000000,2.000000,677.006775,251.926651,,,,0.035000,
SP_T_Jongkok_1,movenet,74,2.459074,ok,1,direct,0.526982,4,right_ear,0,0,0.000000,0.000000,0.000000,2.000000,619.271179,259.325897,,,,0.035000,
SP_T_Jongkok_1,movenet,74,2.459074,ok,1,direct,0.526982,5,left_shoulder,1,1,2.000000,706.640000,314.520000,2.000000,700.893616,302.628479,13.207165,48.675907,1,0.079000,0.789843
SP_T_Jongkok_1,movenet,74,2.459074,ok,1,direct,0.526982,6,right_shoulder,1,1,2.000000,616.220000,318.750000,2.000000,613.439941,308.018494,11.085755,48.675907,1,0.079000,0.846862
SP_T_Jongkok_1,movenet,74,2.459074,ok,1,direct,0.526982,7,left_elbow,1,1,2.000000,689.010000,347.660000,2.000000,685.373474,354.575012,7.812920,48.675907,1,0.072000,0.905385
SP_T_Jongkok_1,movenet,74,2.459074,ok,1,direct,0.526982,8,right_elbow,1,1,2.000000,572.810000,351.720000,2.000000,555.614014,352.598633,17.218419,48.675907,1,0.072000,0.617083
SP_T_Jongkok_1,movenet,74,2.459074,ok,1,direct,0.526982,9,left_wrist,1,1,2.000000,655.960000,385.180000,2.000000,648.624390,391.720795,9.828183,48.675907,1,0.062000,0.808874
SP_T_Jongkok_1,movenet,74,2.459074,ok,1,direct,0.526982,10,right_wrist,1,1,2.000000,527.220000,373.630000,2.000000,518.820740,371.028198,8.793005,48.675907,1,0.062000,0.843848
SP_T_Jongkok_1,movenet,74,2.459074,ok,1,direct,0.526982,11,left_hip,1,1,2.000000,709.480000,462.980000,2.000000,703.812195,448.312439,15.724546,48.675907,1,0.107000,0.833350
SP_T_Jongkok_1,movenet,74,2.459074,ok,1,direct,0.526982,12,right_hip,1,1,2.000000,649.300000,466.770000,2.000000,646.156677,452.367798,14.741231,48.675907,1,0.107000,0.851961
SP_T_Jongkok_1,movenet,74,2.459074,ok,1,direct,0.526982,13,left_knee,1,1,2.000000,701.760000,538.160000,2.000000,700.058655,543.020020,5.149210,48.675907,1,0.087000,0.970863
SP_T_Jongkok_1,movenet,74,2.459074,ok,1,direct,0.526982,14,right_knee,1,1,2.000000,596.570000,539.790000,2.000000,594.295776,543.434204,4.295616,48.675907,1,0.087000,0.979632
SP_T_Jongkok_1,movenet,74,2.459074,ok,1,direct,0.526982,15,left_ankle,1,1,2.000000,709.640000,639.230000,2.000000,709.167358,636.056091,3.208907,48.675907,1,0.089000,0.989087
SP_T_Jongkok_1,movenet,74,2.459074,ok,1,direct,0.526982,16,right_ankle,1,1,2.000000,652.120000,638.450000,2.000000,632.229736,635.768494,20.070203,48.675907,1,0.089000,0.650987
SP_T_Jongkok_1,movenet,75,2.492305,ok,1,direct,0.506607,0,nose,0,0,0.000000,0.000000,0.000000,2.000000,631.252930,247.385101,,,,0.026000,
SP_T_Jongkok_1,movenet,75,2.492305,ok,1,direct,0.506607,1,left_eye,0,0,0.000000,0.000000,0.000000,2.000000,644.219666,239.599365,,,,0.025000,
SP_T_Jongkok_1,movenet,75,2.492305,ok,1,direct,0.506607,2,right_eye,0,0,0.000000,0.000000,0.000000,2.000000,621.413635,240.865936,,,,0.025000,
SP_T_Jongkok_1,movenet,75,2.492305,ok,1,direct,0.506607,3,left_ear,0,0,0.000000,0.000000,0.000000,2.000000,673.789673,241.181534,,,,0.035000,
SP_T_Jongkok_1,movenet,75,2.492305,ok,1,direct,0.506607,4,right_ear,0,0,0.000000,0.000000,0.000000,2.000000,618.523926,245.526245,,,,0.035000,
SP_T_Jongkok_1,movenet,75,2.492305,ok,1,direct,0.506607,5,left_shoulder,1,1,2.000000,706.350000,305.250000,2.000000,699.807800,291.020630,15.661269,49.149995,1,0.079000,0.722257
SP_T_Jongkok_1,movenet,75,2.492305,ok,1,direct,0.506607,6,right_shoulder,1,1,2.000000,616.000000,308.970000,2.000000,614.963989,296.443909,12.568862,49.149995,1,0.079000,0.810936
SP_T_Jongkok_1,movenet,75,2.492305,ok,1,direct,0.506607,7,left_elbow,1,1,2.000000,688.530000,340.870000,2.000000,683.964905,350.111115,10.307196,49.149995,1,0.072000,0.843945
SP_T_Jongkok_1,movenet,75,2.492305,ok,1,direct,0.506607,8,right_elbow,1,1,2.000000,572.970000,345.260000,2.000000,568.459229,342.271271,5.411059,49.149995,1,0.072000,0.954316
SP_T_Jongkok_1,movenet,75,2.492305,ok,1,direct,0.506607,9,left_wrist,1,1,2.000000,655.730000,383.440000,2.000000,651.454468,391.546631,9.165023,49.149995,1,0.062000,0.834509
SP_T_Jongkok_1,movenet,75,2.492305,ok,1,direct,0.506607,10,right_wrist,1,1,2.000000,528.890000,369.940000,2.000000,526.758972,366.110504,4.382501,49.149995,1,0.062000,0.959478
SP_T_Jongkok_1,movenet,75,2.492305,ok,1,direct,0.506607,11,left_hip,1,1,2.000000,708.700000,455.210000,2.000000,702.138977,437.647705,18.747833,49.149995,1,0.107000,0.775563
SP_T_Jongkok_1,movenet,75,2.492305,ok,1,direct,0.506607,12,right_hip,1,1,2.000000,648.320000,459.010000,2.000000,643.439392,440.769562,18.882106,49.149995,1,0.107000,0.772734
SP_T_Jongkok_1,movenet,75,2.492305,ok,1,direct,0.506607,13,left_knee,1,1,2.000000,702.150000,535.900000,2.000000,701.040527,538.521729,2.846821,49.149995,1,0.087000,0.991174
SP_T_Jongkok_1,movenet,75,2.492305,ok,1,direct,0.506607,14,right_knee,1,1,2.000000,599.120000,537.230000,2.000000,598.221436,540.525940,3.416232,49.149995,1,0.087000,0.987316
SP_T_Jongkok_1,movenet,75,2.492305,ok,1,direct,0.506607,15,left_ankle,1,1,2.000000,709.740000,639.190000,2.000000,707.980286,635.304016,4.265849,49.149995,1,0.089000,0.981160
SP_T_Jongkok_1,movenet,75,2.492305,ok,1,direct,0.506607,16,right_ankle,1,1,2.000000,652.120000,638.450000,2.000000,629.912842,635.070862,22.462779,49.149995,1,0.089000,0.590145
SP_T_Jongkok_1,movenet,76,2.525536,ok,1,direct,0.511475,0,nose,0,0,0.000000,0.000000,0.000000,2.000000,629.410278,236.240601,,,,0.026000,
SP_T_Jongkok_1,movenet,76,2.525536,ok,1,direct,0.511475,1,left_eye,0,0,0.000000,0.000000,0.000000,2.000000,642.954773,227.001450,,,,0.025000,
SP_T_Jongkok_1,movenet,76,2.525536,ok,1,direct,0.511475,2,right_eye,0,0,0.000000,0.000000,0.000000,2.000000,618.631958,228.859909,,,,0.025000,
SP_T_Jongkok_1,movenet,76,2.525536,ok,1,direct,0.511475,3,left_ear,0,0,0.000000,0.000000,0.000000,2.000000,674.328918,228.613297,,,,0.035000,
SP_T_Jongkok_1,movenet,76,2.525536,ok,1,direct,0.511475,4,right_ear,0,0,0.000000,0.000000,0.000000,2.000000,613.547607,234.342499,,,,0.035000,
SP_T_Jongkok_1,movenet,76,2.525536,ok,1,direct,0.511475,5,left_shoulder,1,1,2.000000,706.050000,295.990000,2.000000,697.849365,282.719391,15.599983,49.669366,1,0.079000,0.728975
SP_T_Jongkok_1,movenet,76,2.525536,ok,1,direct,0.511475,6,right_shoulder,1,1,2.000000,615.770000,299.190000,2.000000,608.345642,289.041443,12.574351,49.669366,1,0.079000,0.814333
SP_T_Jongkok_1,movenet,76,2.525536,ok,1,direct,0.511475,7,left_elbow,1,1,2.000000,690.030000,336.430000,2.000000,682.009583,342.647430,10.148080,49.669366,1,0.072000,0.851251
SP_T_Jongkok_1,movenet,76,2.525536,ok,1,direct,0.511475,8,right_elbow,1,1,2.000000,573.360000,337.040000,2.000000,572.981689,334.990112,2.084504,49.669366,1,0.072000,0.993228
SP_T_Jongkok_1,movenet,76,2.525536,ok,1,direct,0.511475,9,left_wrist,1,1,2.000000,658.510000,381.170000,2.000000,654.104004,391.635590,11.355235,49.669366,1,0.062000,0.761905
SP_T_Jongkok_1,movenet,76,2.525536,ok,1,direct,0.511475,10,right_wrist,1,1,2.000000,530.110000,366.100000,2.000000,528.826660,362.420898,3.896505,49.669366,1,0.062000,0.968487
SP_T_Jongkok_1,movenet,76,2.525536,ok,1,direct,0.511475,11,left_hip,1,1,2.000000,707.910000,447.450000,2.000000,700.725464,425.935913,22.682008,49.669366,1,0.107000,0.694689
SP_T_Jongkok_1,movenet,76,2.525536,ok,1,direct,0.511475,12,right_hip,1,1,2.000000,647.330000,451.240000,2.000000,637.933289,430.217773,23.026771,49.669366,1,0.107000,0.686981
SP_T_Jongkok_1,movenet,76,2.525536,ok,1,direct,0.511475,13,left_knee,1,1,2.000000,702.550000,533.640000,2.000000,704.621216,533.923340,2.090506,49.669366,1,0.087000,0.995330
SP_T_Jongkok_1,movenet,76,2.525536,ok,1,direct,0.511475,14,right_knee,1,1,2.000000,601.680000,534.670000,2.000000,597.238464,537.500793,5.266937,49.669366,1,0.087000,0.970725
SP_T_Jongkok_1,movenet,76,2.525536,ok,1,direct,0.511475,15,left_ankle,1,1,2.000000,709.840000,639.150000,2.000000,707.022827,633.680237,6.152623,49.669366,1,0.089000,0.961998
SP_T_Jongkok_1,movenet,76,2.525536,ok,1,direct,0.511475,16,right_ankle,1,1,2.000000,652.120000,638.450000,2.000000,623.231079,634.283325,29.187856,49.669366,1,0.089000,0.418148
SP_T_Jongkok_1,movenet,77,2.558767,ok,1,direct,0.524187,0,nose,0,0,0.000000,0.000000,0.000000,2.000000,631.319397,225.627533,,,,0.026000,
SP_T_Jongkok_1,movenet,77,2.558767,ok,1,direct,0.524187,1,left_eye,0,0,0.000000,0.000000,0.000000,2.000000,644.662537,217.258484,,,,0.025000,
SP_T_Jongkok_1,movenet,77,2.558767,ok,1,direct,0.524187,2,right_eye,0,0,0.000000,0.000000,0.000000,2.000000,620.457031,219.092636,,,,0.025000,
SP_T_Jongkok_1,movenet,77,2.558767,ok,1,direct,0.524187,3,left_ear,0,0,0.000000,0.000000,0.000000,2.000000,673.801147,220.947891,,,,0.035000,
SP_T_Jongkok_1,movenet,77,2.558767,ok,1,direct,0.524187,4,right_ear,0,0,0.000000,0.000000,0.000000,2.000000,611.939880,226.017029,,,,0.035000,
SP_T_Jongkok_1,movenet,77,2.558767,ok,1,direct,0.524187,5,left_shoulder,1,1,2.000000,705.750000,286.730000,2.000000,700.060730,278.316315,10.156667,49.862334,1,0.079000,0.875497
SP_T_Jongkok_1,movenet,77,2.558767,ok,1,direct,0.524187,6,right_shoulder,1,1,2.000000,615.120000,290.020000,2.000000,609.317139,279.808167,11.745414,49.862334,1,0.079000,0.837098
SP_T_Jongkok_1,movenet,77,2.558767,ok,1,direct,0.524187,7,left_elbow,1,1,2.000000,691.530000,331.990000,2.000000,685.101013,340.068878,10.324735,49.862334,1,0.072000,0.847541
SP_T_Jongkok_1,movenet,77,2.558767,ok,1,direct,0.524187,8,right_elbow,1,1,2.000000,575.040000,329.940000,2.000000,571.680298,330.217468,3.371140,49.862334,1,0.072000,0.982520
SP_T_Jongkok_1,movenet,77,2.558767,ok,1,direct,0.524187,9,left_wrist,1,1,2.000000,661.290000,378.890000,2.000000,656.085571,388.114960,10.591787,49.862334,1,0.062000,0.790754
SP_T_Jongkok_1,movenet,77,2.558767,ok,1,direct,0.524187,10,right_wrist,1,1,2.000000,533.550000,364.300000,2.000000,530.076050,360.823364,4.914807,49.862334,1,0.062000,0.950707
SP_T_Jongkok_1,movenet,77,2.558767,ok,1,direct,0.524187,11,left_hip,1,1,2.000000,707.120000,439.680000,2.000000,694.059998,423.073273,21.126927,49.862334,1,0.107000,0.730804
SP_T_Jongkok_1,movenet,77,2.558767,ok,1,direct,0.524187,12,right_hip,1,1,2.000000,646.350000,443.480000,2.000000,633.594849,425.649841,21.922784,49.862334,1,0.107000,0.713422
SP_T_Jongkok_1,movenet,77,2.558767,ok,1,direct,0.524187,13,left_knee,1,1,2.000000,702.940000,531.380000,2.000000,704.642578,531.764832,1.745528,49.862334,1,0.087000,0.996767
SP_T_Jongkok_1,movenet,77,2.558767,ok,1,direct,0.524187,14,right_knee,1,1,2.000000,604.230000,532.120000,2.000000,598.911194,533.074890,5.403843,49.862334,1,0.087000,0.969442
SP_T_Jongkok_1,movenet,77,2.558767,ok,1,direct,0.524187,15,left_ankle,1,1,2.000000,709.940000,639.110000,2.000000,707.490356,633.285217,6.318928,49.862334,1,0.089000,0.960261
SP_T_Jongkok_1,movenet,77,2.558767,ok,1,direct,0.524187,16,right_ankle,1,1,2.000000,652.120000,638.450000,2.000000,624.010742,631.747009,28.897413,49.862334,1,0.089000,0.428248
SP_T_Jongkok_1,movenet,78,2.591997,ok,1,direct,0.506803,0,nose,0,0,0.000000,0.000000,0.000000,2.000000,632.826416,213.923126,,,,0.026000,
SP_T_Jongkok_1,movenet,78,2.591997,ok,1,direct,0.506803,1,left_eye,0,0,0.000000,0.000000,0.000000,2.000000,646.280518,206.327957,,,,0.025000,
SP_T_Jongkok_1,movenet,78,2.591997,ok,1,direct,0.506803,2,right_eye,0,0,0.000000,0.000000,0.000000,2.000000,622.210510,208.282135,,,,0.025000,
SP_T_Jongkok_1,movenet,78,2.591997,ok,1,direct,0.506803,3,left_ear,0,0,0.000000,0.000000,0.000000,2.000000,674.598328,209.219513,,,,0.035000,
SP_T_Jongkok_1,movenet,78,2.591997,ok,1,direct,0.506803,4,right_ear,0,0,0.000000,0.000000,0.000000,2.000000,611.934875,214.799622,,,,0.035000,
SP_T_Jongkok_1,movenet,78,2.591997,ok,1,direct,0.506803,5,left_shoulder,1,1,2.000000,705.460000,277.470000,2.000000,693.521423,266.776764,16.027318,50.029189,1,0.079000,0.719722
SP_T_Jongkok_1,movenet,78,2.591997,ok,1,direct,0.506803,6,right_shoulder,1,1,2.000000,614.470000,280.860000,2.000000,606.109314,271.466339,12.575450,50.029189,1,0.079000,0.816705
SP_T_Jongkok_1,movenet,78,2.591997,ok,1,direct,0.506803,7,left_elbow,1,1,2.000000,693.040000,327.550000,2.000000,687.750305,335.667053,9.688520,50.029189,1,0.072000,0.865292
SP_T_Jongkok_1,movenet,78,2.591997,ok,1,direct,0.506803,8,right_elbow,1,1,2.000000,576.720000,322.840000,2.000000,573.786316,326.488525,4.681692,50.029189,1,0.072000,0.966779
SP_T_Jongkok_1,movenet,78,2.591997,ok,1,direct,0.506803,9,left_wrist,1,1,2.000000,664.070000,376.620000,2.000000,664.588501,381.187103,4.596442,50.029189,1,0.062000,0.957032
SP_T_Jongkok_1,movenet,78,2.591997,ok,1,direct,0.506803,10,right_wrist,1,1,2.000000,537.000000,362.500000,2.000000,532.607971,359.866089,5.121270,50.029189,1,0.062000,0.946940
SP_T_Jongkok_1,movenet,78,2.591997,ok,1,direct,0.506803,11,left_hip,1,1,2.000000,706.340000,431.920000,2.000000,692.571472,411.062683,24.991999,50.029189,1,0.107000,0.646663
SP_T_Jongkok_1,movenet,78,2.591997,ok,1,direct,0.506803,12,right_hip,1,1,2.000000,645.370000,435.710000,2.000000,632.126465,414.360474,25.123565,50.029189,1,0.107000,0.643694
SP_T_Jongkok_1,movenet,78,2.591997,ok,1,direct,0.506803,13,left_knee,1,1,2.000000,703.330000,529.120000,2.000000,703.861572,524.495422,4.655028,50.029189,1,0.087000,0.977383
SP_T_Jongkok_1,movenet,78,2.591997,ok,1,direct,0.506803,14,right_knee,1,1,2.000000,606.790000,529.560000,2.000000,604.197510,527.289001,3.446511,50.029189,1,0.087000,0.987538
SP_T_Jongkok_1,movenet,78,2.591997,ok,1,direct,0.506803,15,left_ankle,1,1,2.000000,710.040000,639.080000,2.000000,707.120911,629.308228,10.198462,50.029189,1,0.089000,0.900393
SP_T_Jongkok_1,movenet,78,2.591997,ok,1,direct,0.506803,16,right_ankle,1,1,2.000000,652.120000,638.450000,2.000000,623.984985,629.805115,29.433197,50.029189,1,0.089000,0.417307
SP_T_Jongkok_1,movenet,79,2.625228,ok,1,direct,0.501066,0,nose,0,0,0.000000,0.000000,0.000000,2.000000,633.034912,205.355911,,,,0.026000,
SP_T_Jongkok_1,movenet,79,2.625228,ok,1,direct,0.501066,1,left_eye,0,0,0.000000,0.000000,0.000000,2.000000,644.577698,197.092880,,,,0.025000,
SP_T_Jongkok_1,movenet,79,2.625228,ok,1,direct,0.501066,2,right_eye,0,0,0.000000,0.000000,0.000000,2.000000,622.525696,198.356445,,,,0.025000,
SP_T_Jongkok_1,movenet,79,2.625228,ok,1,direct,0.501066,3,left_ear,0,0,0.000000,0.000000,0.000000,2.000000,672.274536,198.874969,,,,0.035000,
SP_T_Jongkok_1,movenet,79,2.625228,ok,1,direct,0.501066,4,right_ear,0,0,0.000000,0.000000,0.000000,2.000000,613.237183,202.573837,,,,0.035000,
SP_T_Jongkok_1,movenet,79,2.625228,ok,1,direct,0.501066,5,left_shoulder,1,1,2.000000,705.160000,268.210000,2.000000,696.749573,257.973480,13.248457,50.170168,1,0.079000,0.799740
SP_T_Jongkok_1,movenet,79,2.625228,ok,1,direct,0.501066,6,right_shoulder,1,1,2.000000,613.810000,271.700000,2.000000,606.459412,262.960510,11.419712,50.170168,1,0.079000,0.847018
SP_T_Jongkok_1,movenet,79,2.625228,ok,1,direct,0.501066,7,left_elbow,1,1,2.000000,694.540000,323.110000,2.000000,694.170471,326.801514,3.709963,50.170168,1,0.072000,0.979124
SP_T_Jongkok_1,movenet,79,2.625228,ok,1,direct,0.501066,8,right_elbow,1,1,2.000000,578.400000,315.740000,2.000000,573.566956,319.012329,5.836648,50.170168,1,0.072000,0.949124
SP_T_Jongkok_1,movenet,79,2.625228,ok,1,direct,0.501066,9,left_wrist,1,1,2.000000,666.850000,374.350000,2.000000,670.662720,377.933105,5.232158,50.170168,1,0.062000,0.944984
SP_T_Jongkok_1,movenet,79,2.625228,ok,1,direct,0.501066,10,right_wrist,1,1,2.000000,540.440000,360.700000,2.000000,538.320251,354.494171,6.557869,50.170168,1,0.062000,0.914941
SP_T_Jongkok_1,movenet,79,2.625228,ok,1,direct,0.501066,11,left_hip,1,1,2.000000,705.550000,424.160000,2.000000,690.008057,404.169800,25.321140,50.170168,1,0.107000,0.640839
SP_T_Jongkok_1,movenet,79,2.625228,ok,1,direct,0.501066,12,right_hip,1,1,2.000000,644.390000,427.950000,2.000000,630.006226,407.023254,25.393339,50.170168,1,0.107000,0.639212
SP_T_Jongkok_1,movenet,79,2.625228,ok,1,direct,0.501066,13,left_knee,1,1,2.000000,703.730000,526.860000,2.000000,697.950562,521.807983,7.676248,50.170168,1,0.087000,0.940016
SP_T_Jongkok_1,movenet,79,2.625228,ok,1,direct,0.501066,14,right_knee,1,1,2.000000,609.350000,527.010000,2.000000,608.205444,524.856628,2.438651,50.170168,1,0.087000,0.993776
SP_T_Jongkok_1,movenet,79,2.625228,ok,1,direct,0.501066,15,left_ankle,1,1,2.000000,710.130000,639.040000,2.000000,705.902588,629.016357,10.878622,50.170168,1,0.089000,0.888061
SP_T_Jongkok_1,movenet,79,2.625228,ok,1,direct,0.501066,16,right_ankle,1,1,2.000000,652.120000,638.450000,2.000000,626.412048,628.419983,27.595290,50.170168,1,0.089000,0.465852
SP_T_Jongkok_1,movenet,80,2.658459,ok,1,direct,0.532540,0,nose,0,0,0.000000,0.000000,0.000000,2.000000,635.970825,195.594925,,,,0.026000,
SP_T_Jongkok_1,movenet,80,2.658459,ok,1,direct,0.532540,1,left_eye,0,0,0.000000,0.000000,0.000000,2.000000,650.001831,187.019745,,,,0.025000,
SP_T_Jongkok_1,movenet,80,2.658459,ok,1,direct,0.532540,2,right_eye,0,0,0.000000,0.000000,0.000000,2.000000,627.757385,187.375031,,,,0.025000,
SP_T_Jongkok_1,movenet,80,2.658459,ok,1,direct,0.532540,3,left_ear,0,0,0.000000,0.000000,0.000000,2.000000,675.640930,190.594254,,,,0.035000,
SP_T_Jongkok_1,movenet,80,2.658459,ok,1,direct,0.532540,4,right_ear,0,0,0.000000,0.000000,0.000000,2.000000,615.333496,192.641922,,,,0.035000,
SP_T_Jongkok_1,movenet,80,2.658459,ok,1,direct,0.532540,5,left_shoulder,1,1,2.000000,704.870000,258.950000,2.000000,697.227051,248.426910,13.005771,50.286188,1,0.079000,0.807055
SP_T_Jongkok_1,movenet,80,2.658459,ok,1,direct,0.532540,6,right_shoulder,1,1,2.000000,613.160000,262.530000,2.000000,603.430786,255.954544,11.742837,50.286188,1,0.079000,0.839664
SP_T_Jongkok_1,movenet,80,2.658459,ok,1,direct,0.532540,7,left_elbow,1,1,2.000000,696.040000,318.670000,2.000000,693.273193,319.094116,2.799124,50.286188,1,0.072000,0.988117
SP_T_Jongkok_1,movenet,80,2.658459,ok,1,direct,0.532540,8,right_elbow,1,1,2.000000,580.080000,308.630000,2.000000,575.747375,312.812256,6.021868,50.286188,1,0.072000,0.946177
SP_T_Jongkok_1,movenet,80,2.658459,ok,1,direct,0.532540,9,left_wrist,1,1,2.000000,669.630000,372.070000,2.000000,672.674805,372.927765,3.163320,50.286188,1,0.062000,0.979621
SP_T_Jongkok_1,movenet,80,2.658459,ok,1,direct,0.532540,10,right_wrist,1,1,2.000000,543.890000,358.890000,2.000000,539.977661,359.428101,3.949171,50.286188,1,0.062000,0.968420
SP_T_Jongkok_1,movenet,80,2.658459,ok,1,direct,0.532540,11,left_hip,1,1,2.000000,704.770000,416.390000,2.000000,695.712524,396.296906,22.040198,50.286188,1,0.107000,0.714923
SP_T_Jongkok_1,movenet,80,2.658459,ok,1,direct,0.532540,12,right_hip,1,1,2.000000,643.400000,420.180000,2.000000,628.447021,397.968109,26.776102,50.286188,1,0.107000,0.609394
SP_T_Jongkok_1,movenet,80,2.658459,ok,1,direct,0.532540,13,left_knee,1,1,2.000000,704.120000,524.600000,2.000000,694.897827,517.935364,11.378306,50.286188,1,0.087000,0.873467
SP_T_Jongkok_1,movenet,80,2.658459,ok,1,direct,0.532540,14,right_knee,1,1,2.000000,611.900000,524.450000,2.000000,611.305725,520.663757,3.832597,50.286188,1,0.087000,0.984768
SP_T_Jongkok_1,movenet,80,2.658459,ok,1,direct,0.532540,15,left_ankle,1,1,2.000000,710.230000,639.000000,2.000000,705.542297,633.007935,7.607851,50.286188,1,0.089000,0.943845
SP_T_Jongkok_1,movenet,80,2.658459,ok,1,direct,0.532540,16,right_ankle,1,1,2.000000,652.120000,638.450000,2.000000,625.195679,632.404724,27.594645,50.286188,1,0.089000,0.467512
SP_T_Jongkok_1,movenet,81,2.691690,ok,1,direct,0.501375,0,nose,0,0,0.000000,0.000000,0.000000,2.000000,636.782654,188.355331,,,,0.026000,
SP_T_Jongkok_1,movenet,81,2.691690,ok,1,direct,0.501375,1,left_eye,0,0,0.000000,0.000000,0.000000,2.000000,649.553589,181.280746,,,,0.025000,
SP_T_Jongkok_1,movenet,81,2.691690,ok,1,direct,0.501375,2,right_eye,0,0,0.000000,0.000000,0.000000,2.000000,627.222778,181.117737,,,,0.025000,
SP_T_Jongkok_1,movenet,81,2.691690,ok,1,direct,0.501375,3,left_ear,0,0,0.000000,0.000000,0.000000,2.000000,678.669373,183.636383,,,,0.035000,
SP_T_Jongkok_1,movenet,81,2.691690,ok,1,direct,0.501375,4,right_ear,0,0,0.000000,0.000000,0.000000,2.000000,611.672913,186.078873,,,,0.035000,
SP_T_Jongkok_1,movenet,81,2.691690,ok,1,direct,0.501375,5,left_shoulder,1,1,2.000000,705.360000,257.090000,2.000000,697.495178,244.029175,15.246002,49.933011,1,0.079000,0.741743
SP_T_Jongkok_1,movenet,81,2.691690,ok,1,direct,0.501375,6,right_shoulder,1,1,2.000000,612.430000,261.560000,2.000000,604.473511,248.010117,15.713213,49.933011,1,0.079000,0.728080
SP_T_Jongkok_1,movenet,81,2.691690,ok,1,direct,0.501375,7,left_elbow,1,1,2.000000,697.770000,317.880000,2.000000,696.429749,314.310974,3.812377,49.933011,1,0.072000,0.977761
SP_T_Jongkok_1,movenet,81,2.691690,ok,1,direct,0.501375,8,right_elbow,1,1,2.000000,580.550000,308.690000,2.000000,577.479492,308.260925,3.100342,49.933011,1,0.072000,0.985237
SP_T_Jongkok_1,movenet,81,2.691690,ok,1,direct,0.501375,9,left_wrist,1,1,2.000000,672.600000,374.740000,2.000000,674.645447,376.630646,2.785389,49.933011,1,0.062000,0.983940
SP_T_Jongkok_1,movenet,81,2.691690,ok,1,direct,0.501375,10,right_wrist,1,1,2.000000,547.100000,361.440000,2.000000,540.982788,362.591064,6.224567,49.933011,1,0.062000,0.922330
SP_T_Jongkok_1,movenet,81,2.691690,ok,1,direct,0.501375,11,left_hip,1,1,2.000000,703.390000,416.590000,2.000000,692.214050,386.282043,32.302849,49.933011,1,0.107000,0.481386
SP_T_Jongkok_1,movenet,81,2.691690,ok,1,direct,0.501375,12,right_hip,1,1,2.000000,642.320000,420.180000,2.000000,624.330078,386.406921,38.265626,49.933011,1,0.107000,0.358474
SP_T_Jongkok_1,movenet,81,2.691690,ok,1,direct,0.501375,13,left_knee,1,1,2.000000,704.020000,525.390000,2.000000,698.066040,510.474243,16.060182,49.933011,1,0.087000,0.760827
SP_T_Jongkok_1,movenet,81,2.691690,ok,1,direct,0.501375,14,right_knee,1,1,2.000000,616.130000,525.190000,2.000000,616.681885,514.149780,11.054005,49.933011,1,0.087000,0.878538
SP_T_Jongkok_1,movenet,81,2.691690,ok,1,direct,0.501375,15,left_ankle,1,1,2.000000,710.330000,638.960000,2.000000,705.869446,628.120850,11.721080,49.933011,1,0.089000,0.870118
SP_T_Jongkok_1,movenet,81,2.691690,ok,1,direct,0.501375,16,right_ankle,1,1,2.000000,652.120000,638.450000,2.000000,629.829224,627.883179,24.668531,49.933011,1,0.089000,0.539962
SP_T_Jongkok_1,movenet,82,2.724920,ok,1,direct,0.495773,0,nose,0,0,0.000000,0.000000,0.000000,2.000000,632.409058,182.806992,,,,0.026000,
SP_T_Jongkok_1,movenet,82,2.724920,ok,1,direct,0.495773,1,left_eye,0,0,0.000000,0.000000,0.000000,2.000000,646.198730,176.069153,,,,0.025000,
SP_T_Jongkok_1,movenet,82,2.724920,ok,1,direct,0.495773,2,right_eye,0,0,0.000000,0.000000,0.000000,2.000000,623.910400,176.085022,,,,0.025000,
SP_T_Jongkok_1,movenet,82,2.724920,ok,1,direct,0.495773,3,left_ear,0,0,0.000000,0.000000,0.000000,2.000000,676.292969,179.716156,,,,0.035000,
SP_T_Jongkok_1,movenet,82,2.724920,ok,1,direct,0.495773,4,right_ear,0,0,0.000000,0.000000,0.000000,2.000000,613.686096,181.644348,,,,0.035000,
SP_T_Jongkok_1,movenet,82,2.724920,ok,1,direct,0.495773,5,left_shoulder,1,1,2.000000,705.860000,255.230000,2.000000,697.871216,238.464264,18.571768,49.571204,1,0.079000,0.637753
SP_T_Jongkok_1,movenet,82,2.724920,ok,1,direct,0.495773,6,right_shoulder,1,1,2.000000,611.700000,260.580000,2.000000,601.411011,245.231552,18.478045,49.571204,1,0.079000,0.640648
SP_T_Jongkok_1,movenet,82,2.724920,ok,1,direct,0.495773,7,left_elbow,1,1,2.000000,699.500000,317.080000,2.000000,697.204224,313.054016,4.634559,49.571204,1,0.072000,0.966840
SP_T_Jongkok_1,movenet,82,2.724920,ok,1,direct,0.495773,8,right_elbow,1,1,2.000000,581.020000,308.750000,2.000000,582.528259,305.641571,3.455022,49.571204,1,0.072000,0.981433
SP_T_Jongkok_1,movenet,82,2.724920,ok,1,direct,0.495773,9,left_wrist,1,1,2.000000,675.580000,377.400000,2.000000,678.329834,372.754181,5.398631,49.571204,1,0.062000,0.940156
SP_T_Jongkok_1,movenet,82,2.724920,ok,1,direct,0.495773,10,right_wrist,1,1,2.000000,550.320000,363.990000,2.000000,543.579285,362.696930,6.863620,49.571204,1,0.062000,0.905068
SP_T_Jongkok_1,movenet,82,2.724920,ok,1,direct,0.495773,11,left_hip,1,1,2.000000,702.010000,416.780000,2.000000,690.164124,381.081390,37.612704,49.571204,1,0.107000,0.365785
SP_T_Jongkok_1,movenet,82,2.724920,ok,1,direct,0.495773,12,right_hip,1,1,2.000000,641.240000,420.180000,2.000000,618.943787,380.343597,45.651507,49.571204,1,0.107000,0.227287
SP_T_Jongkok_1,movenet,82,2.724920,ok,1,direct,0.495773,13,left_knee,1,1,2.000000,703.920000,526.170000,2.000000,696.447021,503.050842,24.296931,49.571204,1,0.087000,0.530043
SP_T_Jongkok_1,movenet,82,2.724920,ok,1,direct,0.495773,14,right_knee,1,1,2.000000,620.370000,525.930000,2.000000,624.239197,507.954071,18.387624,49.571204,1,0.087000,0.695193
SP_T_Jongkok_1,movenet,82,2.724920,ok,1,direct,0.495773,15,left_ankle,1,1,2.000000,710.430000,638.920000,2.000000,709.661011,620.600342,18.335791,49.571204,1,0.089000,0.707899
SP_T_Jongkok_1,movenet,82,2.724920,ok,1,direct,0.495773,16,right_ankle,1,1,2.000000,652.120000,638.450000,2.000000,627.685730,621.510498,29.731806,49.571204,1,0.089000,0.403205
SP_T_Jongkok_1,movenet,83,2.758151,ok,1,direct,0.473331,0,nose,0,0,0.000000,0.000000,0.000000,2.000000,633.288086,179.283279,,,,0.026000,
SP_T_Jongkok_1,movenet,83,2.758151,ok,1,direct,0.473331,1,left_eye,0,0,0.000000,0.000000,0.000000,2.000000,647.063721,172.283997,,,,0.025000,
SP_T_Jongkok_1,movenet,83,2.758151,ok,1,direct,0.473331,2,right_eye,0,0,0.000000,0.000000,0.000000,2.000000,625.075012,172.271683,,,,0.025000,
SP_T_Jongkok_1,movenet,83,2.758151,ok,1,direct,0.473331,3,left_ear,0,0,0.000000,0.000000,0.000000,2.000000,678.783081,176.182343,,,,0.035000,
SP_T_Jongkok_1,movenet,83,2.758151,ok,1,direct,0.473331,4,right_ear,0,0,0.000000,0.000000,0.000000,0.000000,613.965393,179.087296,,,,0.035000,
SP_T_Jongkok_1,movenet,83,2.758151,ok,1,direct,0.473331,5,left_shoulder,1,1,2.000000,706.360000,253.370000,2.000000,697.364746,235.116714,20.349374,49.203687,1,0.079000,0.578030
SP_T_Jongkok_1,movenet,83,2.758151,ok,1,direct,0.473331,6,right_shoulder,1,1,2.000000,610.970000,259.600000,2.000000,602.559448,243.949265,17.767468,49.203687,1,0.079000,0.658454
SP_T_Jongkok_1,movenet,83,2.758151,ok,1,direct,0.473331,7,left_elbow,1,1,2.000000,701.230000,316.290000,2.000000,697.382874,310.362854,7.066218,49.203687,1,0.072000,0.923514
SP_T_Jongkok_1,movenet,83,2.758151,ok,1,direct,0.473331,8,right_elbow,1,1,2.000000,581.490000,308.800000,2.000000,582.585205,306.504303,2.543560,49.203687,1,0.072000,0.989743
SP_T_Jongkok_1,movenet,83,2.758151,ok,1,direct,0.473331,9,left_wrist,1,1,2.000000,678.550000,380.060000,2.000000,680.645752,372.828949,7.528630,49.203687,1,0.062000,0.885316
SP_T_Jongkok_1,movenet,83,2.758151,ok,1,direct,0.473331,10,right_wrist,1,1,2.000000,553.530000,366.540000,2.000000,545.964294,364.652679,7.797556,49.203687,1,0.062000,0.877509
SP_T_Jongkok_1,movenet,83,2.758151,ok,1,direct,0.473331,11,left_hip,1,1,2.000000,700.640000,416.980000,2.000000,688.265625,380.183655,38.821337,49.203687,1,0.107000,0.337076
SP_T_Jongkok_1,movenet,83,2.758151,ok,1,direct,0.473331,12,right_hip,1,1,2.000000,640.160000,420.180000,2.000000,618.082214,379.749298,46.065934,49.203687,1,0.107000,0.216280
SP_T_Jongkok_1,movenet,83,2.758151,ok,1,direct,0.473331,13,left_knee,1,1,2.000000,703.820000,526.960000,2.000000,692.009399,503.628479,26.150529,49.203687,1,0.087000,0.474082
SP_T_Jongkok_1,movenet,83,2.758151,ok,1,direct,0.473331,14,right_knee,1,1,2.000000,624.600000,526.660000,2.000000,620.217041,506.343994,20.783417,49.203687,1,0.087000,0.624100
SP_T_Jongkok_1,movenet,83,2.758151,ok,1,direct,0.473331,15,left_ankle,1,1,2.000000,710.530000,638.880000,2.000000,701.672241,625.797668,15.798965,49.203687,1,0.089000,0.770803
SP_T_Jongkok_1,movenet,83,2.758151,ok,1,direct,0.473331,16,right_ankle,1,1,2.000000,652.120000,638.450000,2.000000,631.716370,625.480225,24.176915,49.203687,1,0.089000,0.543559
SP_T_Jongkok_1,movenet,84,2.791382,ok,1,direct,0.518381,0,nose,0,0,0.000000,0.000000,0.000000,2.000000,633.412415,174.670380,,,,0.026000,
SP_T_Jongkok_1,movenet,84,2.791382,ok,1,direct,0.518381,1,left_eye,0,0,0.000000,0.000000,0.000000,2.000000,646.712769,168.060043,,,,0.025000,
SP_T_Jongkok_1,movenet,84,2.791382,ok,1,direct,0.518381,2,right_eye,0,0,0.000000,0.000000,0.000000,2.000000,624.523071,168.444550,,,,0.025000,
SP_T_Jongkok_1,movenet,84,2.791382,ok,1,direct,0.518381,3,left_ear,0,0,0.000000,0.000000,0.000000,2.000000,678.394287,174.072006,,,,0.035000,
SP_T_Jongkok_1,movenet,84,2.791382,ok,1,direct,0.518381,4,right_ear,0,0,0.000000,0.000000,0.000000,2.000000,614.917297,176.304092,,,,0.035000,
SP_T_Jongkok_1,movenet,84,2.791382,ok,1,direct,0.518381,5,left_shoulder,1,1,2.000000,706.860000,251.510000,2.000000,701.695862,237.248016,15.168141,48.827181,1,0.079000,0.733993
SP_T_Jongkok_1,movenet,84,2.791382,ok,1,direct,0.518381,6,right_shoulder,1,1,2.000000,610.240000,258.620000,2.000000,601.677795,242.169586,18.545281,48.827181,1,0.079000,0.629836
SP_T_Jongkok_1,movenet,84,2.791382,ok,1,direct,0.518381,7,left_elbow,1,1,2.000000,702.960000,315.490000,2.000000,698.246399,310.230316,7.062741,48.827181,1,0.072000,0.922451
SP_T_Jongkok_1,movenet,84,2.791382,ok,1,direct,0.518381,8,right_elbow,1,1,2.000000,581.960000,308.860000,2.000000,582.114990,307.542358,1.326726,48.827181,1,0.072000,0.997156
SP_T_Jongkok_1,movenet,84,2.791382,ok,1,direct,0.518381,9,left_wrist,1,1,2.000000,681.520000,382.730000,2.000000,683.203003,374.479126,8.420773,48.827181,1,0.062000,0.856630
SP_T_Jongkok_1,movenet,84,2.791382,ok,1,direct,0.518381,10,right_wrist,1,1,2.000000,556.750000,369.080000,2.000000,548.952271,365.012299,8.794929,48.827181,1,0.062000,0.844673
SP_T_Jongkok_1,movenet,84,2.791382,ok,1,direct,0.518381,11,left_hip,1,1,2.000000,699.260000,417.180000,2.000000,685.353882,377.802094,41.761222,48.827181,1,0.107000,0.278631
SP_T_Jongkok_1,movenet,84,2.791382,ok,1,direct,0.518381,12,right_hip,1,1,2.000000,639.080000,420.180000,2.000000,616.222595,377.325439,48.569273,48.827181,1,0.107000,0.177556
SP_T_Jongkok_1,movenet,84,2.791382,ok,1,direct,0.518381,13,left_knee,1,1,2.000000,703.720000,527.750000,2.000000,691.558899,502.257538,28.244610,48.827181,1,0.087000,0.413054
SP_T_Jongkok_1,movenet,84,2.791382,ok,1,direct,0.518381,14,right_knee,1,1,2.000000,628.830000,527.400000,2.000000,624.610657,507.540863,20.302418,48.827181,1,0.087000,0.633282
SP_T_Jongkok_1,movenet,84,2.791382,ok,1,direct,0.518381,15,left_ankle,1,1,2.000000,710.630000,638.840000,2.000000,705.524170,625.295532,14.474879,48.827181,1,0.089000,0.800996
SP_T_Jongkok_1,movenet,84,2.791382,ok,1,direct,0.518381,16,right_ankle,1,1,2.000000,652.120000,638.450000,2.000000,636.074158,626.461426,20.029852,48.827181,1,0.089000,0.653838
SP_T_Jongkok_1,movenet,85,2.824612,ok,1,direct,0.519566,0,nose,0,0,0.000000,0.000000,0.000000,2.000000,632.796570,171.130142,,,,0.026000,
SP_T_Jongkok_1,movenet,85,2.824612,ok,1,direct,0.519566,1,left_eye,0,0,0.000000,0.000000,0.000000,2.000000,648.955200,165.203064,,,,0.025000,
SP_T_Jongkok_1,movenet,85,2.824612,ok,1,direct,0.519566,2,right_eye,0,0,0.000000,0.000000,0.000000,2.000000,625.417114,165.616165,,,,0.025000,
SP_T_Jongkok_1,movenet,85,2.824612,ok,1,direct,0.519566,3,left_ear,0,0,0.000000,0.000000,0.000000,2.000000,679.128357,171.308929,,,,0.035000,
SP_T_Jongkok_1,movenet,85,2.824612,ok,1,direct,0.519566,4,right_ear,0,0,0.000000,0.000000,0.000000,2.000000,612.465881,173.206268,,,,0.035000,
SP_T_Jongkok_1,movenet,85,2.824612,ok,1,direct,0.519566,5,left_shoulder,1,1,2.000000,707.360000,249.650000,2.000000,700.819641,235.589600,15.507132,48.443061,1,0.079000,0.720090
SP_T_Jongkok_1,movenet,85,2.824612,ok,1,direct,0.519566,6,right_shoulder,1,1,2.000000,609.510000,257.650000,2.000000,601.311951,240.210373,19.270407,48.443061,1,0.079000,0.602239
SP_T_Jongkok_1,movenet,85,2.824612,ok,1,direct,0.519566,7,left_elbow,1,1,2.000000,704.690000,314.700000,2.000000,700.222412,306.342896,9.476315,48.443061,1,0.072000,0.862748
SP_T_Jongkok_1,movenet,85,2.824612,ok,1,direct,0.519566,8,right_elbow,1,1,2.000000,582.430000,308.920000,2.000000,581.665771,311.409454,2.604118,48.443061,1,0.072000,0.988913
SP_T_Jongkok_1,movenet,85,2.824612,ok,1,direct,0.519566,9,left_wrist,1,1,2.000000,684.500000,385.390000,2.000000,684.698792,375.298676,10.093282,48.443061,1,0.062000,0.797826
SP_T_Jongkok_1,movenet,85,2.824612,ok,1,direct,0.519566,10,right_wrist,1,1,2.000000,559.960000,371.630000,2.000000,554.445435,371.856537,5.519217,48.443061,1,0.062000,0.934694
SP_T_Jongkok_1,movenet,85,2.824612,ok,1,direct,0.519566,11,left_hip,1,1,2.000000,697.890000,417.370000,2.000000,682.712524,378.171051,42.034669,48.443061,1,0.107000,0.268402
SP_T_Jongkok_1,movenet,85,2.824612,ok,1,direct,0.519566,12,right_hip,1,1,2.000000,638.000000,420.180000,2.000000,614.208069,379.031097,47.531970,48.443061,1,0.107000,0.186041
SP_T_Jongkok_1,movenet,85,2.824612,ok,1,direct,0.519566,13,left_knee,1,1,2.000000,703.630000,528.530000,2.000000,689.452271,505.510498,27.035264,48.443061,1,0.087000,0.439121
SP_T_Jongkok_1,movenet,85,2.824612,ok,1,direct,0.519566,14,right_knee,1,1,2.000000,633.060000,528.140000,2.000000,625.899292,511.286774,18.311389,48.443061,1,0.087000,0.685541
SP_T_Jongkok_1,movenet,85,2.824612,ok,1,direct,0.519566,15,left_ankle,1,1,2.000000,710.720000,638.800000,2.000000,706.528564,630.506104,9.292839,48.443061,1,0.089000,0.911271
SP_T_Jongkok_1,movenet,85,2.824612,ok,1,direct,0.519566,16,right_ankle,1,1,2.000000,652.120000,638.450000,2.000000,633.161560,629.591492,20.925956,48.443061,1,0.089000,0.624285
SP_T_Jongkok_1,movenet,86,2.857843,ok,1,direct,0.514664,0,nose,0,0,0.000000,0.000000,0.000000,2.000000,632.121399,169.886307,,,,0.026000,
SP_T_Jongkok_1,movenet,86,2.857843,ok,1,direct,0.514664,1,left_eye,0,0,0.000000,0.000000,0.000000,2.000000,649.370972,163.576660,,,,0.025000,
SP_T_Jongkok_1,movenet,86,2.857843,ok,1,direct,0.514664,2,right_eye,0,0,0.000000,0.000000,0.000000,2.000000,625.331665,164.032669,,,,0.025000,
SP_T_Jongkok_1,movenet,86,2.857843,ok,1,direct,0.514664,3,left_ear,0,0,0.000000,0.000000,0.000000,2.000000,679.595215,170.372681,,,,0.035000,
SP_T_Jongkok_1,movenet,86,2.857843,ok,1,direct,0.514664,4,right_ear,0,0,0.000000,0.000000,0.000000,2.000000,612.735352,172.239868,,,,0.035000,
SP_T_Jongkok_1,movenet,86,2.857843,ok,1,direct,0.514664,5,left_shoulder,1,1,2.000000,707.860000,247.800000,2.000000,699.577942,235.078903,15.179552,47.858124,1,0.079000,0.724415
SP_T_Jongkok_1,movenet,86,2.857843,ok,1,direct,0.514664,6,right_shoulder,1,1,2.000000,608.780000,256.670000,2.000000,600.877197,240.535156,17.966287,47.858124,1,0.079000,0.636591
SP_T_Jongkok_1,movenet,86,2.857843,ok,1,direct,0.514664,7,left_elbow,1,1,2.000000,707.080000,317.850000,2.000000,703.101807,311.450531,7.535199,47.858124,1,0.072000,0.908790
SP_T_Jongkok_1,movenet,86,2.857843,ok,1,direct,0.514664,8,right_elbow,1,1,2.000000,583.830000,312.790000,2.000000,583.680054,313.600983,0.824728,47.858124,1,0.072000,0.998855
SP_T_Jongkok_1,movenet,86,2.857843,ok,1,direct,0.514664,9,left_wrist,1,1,2.000000,687.470000,389.480000,2.000000,693.364319,376.460663,14.291471,47.858124,1,0.062000,0.628783
SP_T_Jongkok_1,movenet,86,2.857843,ok,1,direct,0.514664,10,right_wrist,1,1,2.000000,564.360000,377.580000,2.000000,561.350830,379.622223,3.636726,47.858124,1,0.062000,0.970403
SP_T_Jongkok_1,movenet,86,2.857843,ok,1,direct,0.514664,11,left_hip,1,1,2.000000,696.510000,417.570000,2.000000,685.276428,381.488800,37.789498,47.858124,1,0.107000,0.336498
SP_T_Jongkok_1,movenet,86,2.857843,ok,1,direct,0.514664,12,right_hip,1,1,2.000000,636.920000,420.180000,2.000000,611.814453,383.141083,44.745613,47.858124,1,0.107000,0.217176
SP_T_Jongkok_1,movenet,86,2.857843,ok,1,direct,0.514664,13,left_knee,1,1,2.000000,703.530000,529.320000,2.000000,690.273682,506.067566,26.765755,47.858124,1,0.087000,0.437581
SP_T_Jongkok_1,movenet,86,2.857843,ok,1,direct,0.514664,14,right_knee,1,1,2.000000,634.340000,529.170000,2.000000,626.927979,509.688599,20.843778,47.858124,1,0.087000,0.605788
SP_T_Jongkok_1,movenet,86,2.857843,ok,1,direct,0.514664,15,left_ankle,1,1,2.000000,710.820000,638.760000,2.000000,705.307739,632.017395,8.709061,47.858124,1,0.089000,0.919786
SP_T_Jongkok_1,movenet,86,2.857843,ok,1,direct,0.514664,16,right_ankle,1,1,2.000000,652.120000,638.450000,2.000000,635.468018,629.939209,18.700858,47.858124,1,0.089000,0.680088
SP_T_Jongkok_1,movenet,87,2.891074,ok,1,direct,0.501575,0,nose,0,0,0.000000,0.000000,0.000000,2.000000,633.912109,169.061462,,,,0.026000,
SP_T_Jongkok_1,movenet,87,2.891074,ok,1,direct,0.501575,1,left_eye,0,0,0.000000,0.000000,0.000000,2.000000,650.732971,163.071396,,,,0.025000,
SP_T_Jongkok_1,movenet,87,2.891074,ok,1,direct,0.501575,2,right_eye,0,0,0.000000,0.000000,0.000000,2.000000,626.992676,163.331619,,,,0.025000,
SP_T_Jongkok_1,movenet,87,2.891074,ok,1,direct,0.501575,3,left_ear,0,0,0.000000,0.000000,0.000000,2.000000,679.406433,170.091400,,,,0.035000,
SP_T_Jongkok_1,movenet,87,2.891074,ok,1,direct,0.501575,4,right_ear,0,0,0.000000,0.000000,0.000000,2.000000,612.902954,172.218735,,,,0.035000,
SP_T_Jongkok_1,movenet,87,2.891074,ok,1,direct,0.501575,5,left_shoulder,1,1,2.000000,708.360000,245.940000,2.000000,700.127441,234.783447,13.865197,47.259964,1,0.079000,0.758942
SP_T_Jongkok_1,movenet,87,2.891074,ok,1,direct,0.501575,6,right_shoulder,1,1,2.000000,608.040000,255.690000,2.000000,598.545776,240.991699,17.498009,47.259964,1,0.079000,0.644484
SP_T_Jongkok_1,movenet,87,2.891074,ok,1,direct,0.501575,7,left_elbow,1,1,2.000000,709.480000,321.010000,2.000000,706.769714,310.323181,11.025142,47.259964,1,0.072000,0.810613
SP_T_Jongkok_1,movenet,87,2.891074,ok,1,direct,0.501575,8,right_elbow,1,1,2.000000,585.230000,316.670000,2.000000,583.484985,312.084259,4.906536,47.259964,1,0.072000,0.959269
SP_T_Jongkok_1,movenet,87,2.891074,ok,1,direct,0.501575,9,left_wrist,1,1,2.000000,690.450000,393.560000,2.000000,697.586914,376.966064,18.063616,47.259964,1,0.062000,0.467621
SP_T_Jongkok_1,movenet,87,2.891074,ok,1,direct,0.501575,10,right_wrist,1,1,2.000000,568.760000,383.540000,2.000000,563.002747,383.654907,5.758400,47.259964,1,0.062000,0.925664
SP_T_Jongkok_1,movenet,87,2.891074,ok,1,direct,0.501575,11,left_hip,1,1,2.000000,695.130000,417.770000,2.000000,686.441101,379.868347,38.884859,47.259964,1,0.107000,0.306482
SP_T_Jongkok_1,movenet,87,2.891074,ok,1,direct,0.501575,12,right_hip,1,1,2.000000,635.830000,420.180000,2.000000,609.508484,381.111267,47.108259,47.259964,1,0.107000,0.176280
SP_T_Jongkok_1,movenet,87,2.891074,ok,1,direct,0.501575,13,left_knee,1,1,2.000000,703.430000,530.110000,2.000000,689.471375,506.035889,27.828152,47.259964,1,0.087000,0.400050
SP_T_Jongkok_1,movenet,87,2.891074,ok,1,direct,0.501575,14,right_knee,1,1,2.000000,635.610000,530.200000,2.000000,624.626587,503.717987,28.669363,47.259964,1,0.087000,0.378178
SP_T_Jongkok_1,movenet,87,2.891074,ok,1,direct,0.501575,15,left_ankle,1,1,2.000000,710.920000,638.720000,2.000000,696.996155,632.675476,15.179253,47.259964,1,0.089000,0.770686
SP_T_Jongkok_1,movenet,87,2.891074,ok,1,direct,0.501575,16,right_ankle,1,1,2.000000,652.120000,638.450000,2.000000,632.783997,629.846375,21.163728,47.259964,1,0.089000,0.602694
SP_T_Jongkok_1,movenet,88,2.924305,ok,1,direct,0.501881,0,nose,0,0,0.000000,0.000000,0.000000,2.000000,634.031738,168.509689,,,,0.026000,
SP_T_Jongkok_1,movenet,88,2.924305,ok,1,direct,0.501881,1,left_eye,0,0,0.000000,0.000000,0.000000,2.000000,650.255676,162.477539,,,,0.025000,
SP_T_Jongkok_1,movenet,88,2.924305,ok,1,direct,0.501881,2,right_eye,0,0,0.000000,0.000000,0.000000,2.000000,627.260681,162.809830,,,,0.025000,
SP_T_Jongkok_1,movenet,88,2.924305,ok,1,direct,0.501881,3,left_ear,0,0,0.000000,0.000000,0.000000,2.000000,679.544800,169.534210,,,,0.035000,
SP_T_Jongkok_1,movenet,88,2.924305,ok,1,direct,0.501881,4,right_ear,0,0,0.000000,0.000000,0.000000,2.000000,615.462952,173.415573,,,,0.035000,
SP_T_Jongkok_1,movenet,88,2.924305,ok,1,direct,0.501881,5,left_shoulder,1,1,2.000000,708.860000,244.080000,2.000000,703.723450,235.946167,9.619947,46.792697,1,0.079000,0.873327
SP_T_Jongkok_1,movenet,88,2.924305,ok,1,direct,0.501881,6,right_shoulder,1,1,2.000000,607.310000,254.720000,2.000000,599.521423,240.957794,15.813293,46.792697,1,0.079000,0.693513
SP_T_Jongkok_1,movenet,88,2.924305,ok,1,direct,0.501881,7,left_elbow,1,1,2.000000,711.880000,324.160000,2.000000,710.414551,312.581451,11.670918,46.792697,1,0.072000,0.786625
SP_T_Jongkok_1,movenet,88,2.924305,ok,1,direct,0.501881,8,right_elbow,1,1,2.000000,586.620000,320.550000,2.000000,585.281006,316.282013,4.473099,46.792697,1,0.072000,0.965359
SP_T_Jongkok_1,movenet,88,2.924305,ok,1,direct,0.501881,9,left_wrist,1,1,2.000000,693.420000,397.650000,2.000000,701.894470,375.460266,23.752914,46.792697,1,0.062000,0.261668
SP_T_Jongkok_1,movenet,88,2.924305,ok,1,direct,0.501881,10,right_wrist,1,1,2.000000,573.160000,389.490000,2.000000,567.217590,391.815125,6.381100,46.792697,1,0.062000,0.907777
SP_T_Jongkok_1,movenet,88,2.924305,ok,1,direct,0.501881,11,left_hip,1,1,2.000000,693.760000,417.960000,2.000000,688.863403,381.288116,36.997347,46.792697,1,0.107000,0.335524
SP_T_Jongkok_1,movenet,88,2.924305,ok,1,direct,0.501881,12,right_hip,1,1,2.000000,634.750000,420.180000,2.000000,613.897156,382.105316,43.411089,46.792697,1,0.107000,0.222347
SP_T_Jongkok_1,movenet,88,2.924305,ok,1,direct,0.501881,13,left_knee,1,1,2.000000,703.330000,530.890000,2.000000,691.868286,504.520294,28.752952,46.792697,1,0.087000,0.368726
SP_T_Jongkok_1,movenet,88,2.924305,ok,1,direct,0.501881,14,right_knee,1,1,2.000000,636.880000,531.230000,2.000000,627.807556,504.104523,28.602461,46.792697,1,0.087000,0.372587
SP_T_Jongkok_1,movenet,88,2.924305,ok,1,direct,0.501881,15,left_ankle,1,1,2.000000,711.020000,638.680000,2.000000,705.833374,630.464417,9.715807,46.792697,1,0.089000,0.896860
SP_T_Jongkok_1,movenet,88,2.924305,ok,1,direct,0.501881,16,right_ankle,1,1,2.000000,652.120000,638.450000,2.000000,634.005920,631.627380,19.356343,46.792697,1,0.089000,0.649173
SP_T_Jongkok_1,movenet,89,2.957535,ok,1,direct,0.498318,0,nose,0,0,0.000000,0.000000,0.000000,2.000000,633.353088,168.821564,,,,0.026000,
SP_T_Jongkok_1,movenet,89,2.957535,ok,1,direct,0.498318,1,left_eye,0,0,0.000000,0.000000,0.000000,2.000000,649.691223,162.587296,,,,0.025000,
SP_T_Jongkok_1,movenet,89,2.957535,ok,1,direct,0.498318,2,right_eye,0,0,0.000000,0.000000,0.000000,2.000000,626.895691,163.099030,,,,0.025000,
SP_T_Jongkok_1,movenet,89,2.957535,ok,1,direct,0.498318,3,left_ear,0,0,0.000000,0.000000,0.000000,2.000000,679.386292,169.373199,,,,0.035000,
SP_T_Jongkok_1,movenet,89,2.957535,ok,1,direct,0.498318,4,right_ear,0,0,0.000000,0.000000,0.000000,2.000000,616.084290,173.489899,,,,0.035000,
SP_T_Jongkok_1,movenet,89,2.957535,ok,1,direct,0.498318,5,left_shoulder,1,1,2.000000,709.360000,242.220000,2.000000,702.282104,237.460709,8.529212,46.561161,1,0.079000,0.898046
SP_T_Jongkok_1,movenet,89,2.957535,ok,1,direct,0.498318,6,right_shoulder,1,1,2.000000,606.580000,253.740000,2.000000,601.132446,242.074615,12.874666,46.561161,1,0.079000,0.782689
SP_T_Jongkok_1,movenet,89,2.957535,ok,1,direct,0.498318,7,left_elbow,1,1,2.000000,714.280000,327.310000,2.000000,713.777405,314.697723,12.622287,46.561161,1,0.072000,0.753123
SP_T_Jongkok_1,movenet,89,2.957535,ok,1,direct,0.498318,8,right_elbow,1,1,2.000000,588.020000,324.430000,2.000000,589.562866,318.131927,6.484301,46.561161,1,0.072000,0.927906
SP_T_Jongkok_1,movenet,89,2.957535,ok,1,direct,0.498318,9,left_wrist,1,1,2.000000,696.390000,401.730000,2.000000,702.321716,382.057495,20.547328,46.561161,1,0.062000,0.363043
SP_T_Jongkok_1,movenet,89,2.957535,ok,1,direct,0.498318,10,right_wrist,1,1,2.000000,577.560000,395.440000,2.000000,581.613037,389.273804,7.378962,46.561161,1,0.062000,0.877504
SP_T_Jongkok_1,movenet,89,2.957535,ok,1,direct,0.498318,11,left_hip,1,1,2.000000,692.380000,418.160000,2.000000,685.417419,382.032013,36.792784,46.561161,1,0.107000,0.335952
SP_T_Jongkok_1,movenet,89,2.957535,ok,1,direct,0.498318,12,right_hip,1,1,2.000000,633.670000,420.180000,2.000000,615.014282,382.395844,42.138798,46.561161,1,0.107000,0.239117
SP_T_Jongkok_1,movenet,89,2.957535,ok,1,direct,0.498318,13,left_knee,1,1,2.000000,703.230000,531.680000,2.000000,689.001953,506.861877,28.607281,46.561161,1,0.087000,0.368814
SP_T_Jongkok_1,movenet,89,2.957535,ok,1,direct,0.498318,14,right_knee,1,1,2.000000,638.150000,532.270000,2.000000,627.013062,506.135071,28.408906,46.561161,1,0.087000,0.373933
SP_T_Jongkok_1,movenet,89,2.957535,ok,1,direct,0.498318,15,left_ankle,1,1,2.000000,711.120000,638.640000,2.000000,701.174988,630.211853,13.035986,46.561161,1,0.089000,0.820435
SP_T_Jongkok_1,movenet,89,2.957535,ok,1,direct,0.498318,16,right_ankle,1,1,2.000000,652.120000,638.450000,2.000000,635.389404,631.459351,18.132347,46.561161,1,0.089000,0.681866
SP_T_Jongkok_1,movenet,90,2.990766,ok,1,direct,0.509489,0,nose,0,0,0.000000,0.000000,0.000000,2.000000,633.871399,170.819260,,,,0.026000,
SP_T_Jongkok_1,movenet,90,2.990766,ok,1,direct,0.509489,1,left_eye,0,0,0.000000,0.000000,0.000000,2.000000,650.864136,163.539948,,,,0.025000,
SP_T_Jongkok_1,movenet,90,2.990766,ok,1,direct,0.509489,2,right_eye,0,0,0.000000,0.000000,0.000000,2.000000,627.220398,164.478394,,,,0.025000,
SP_T_Jongkok_1,movenet,90,2.990766,ok,1,direct,0.509489,3,left_ear,0,0,0.000000,0.000000,0.000000,2.000000,680.395874,170.018143,,,,0.035000,
SP_T_Jongkok_1,movenet,90,2.990766,ok,1,direct,0.509489,4,right_ear,0,0,0.000000,0.000000,0.000000,2.000000,615.870972,173.862381,,,,0.035000,
SP_T_Jongkok_1,movenet,90,2.990766,ok,1,direct,0.509489,5,left_shoulder,1,1,2.000000,709.860000,240.360000,2.000000,698.171753,235.150208,12.796760,46.325325,1,0.079000,0.783070
SP_T_Jongkok_1,movenet,90,2.990766,ok,1,direct,0.509489,6,right_shoulder,1,1,2.000000,605.850000,252.760000,2.000000,601.497986,243.369263,10.350168,46.325325,1,0.079000,0.852171
SP_T_Jongkok_1,movenet,90,2.990766,ok,1,direct,0.509489,7,left_elbow,1,1,2.000000,716.680000,330.460000,2.000000,710.769592,312.877136,18.549664,46.325325,1,0.072000,0.538706
SP_T_Jongkok_1,movenet,90,2.990766,ok,1,direct,0.509489,8,right_elbow,1,1,2.000000,589.410000,328.300000,2.000000,591.892944,320.504517,8.181355,46.325325,1,0.072000,0.886627
SP_T_Jongkok_1,movenet,90,2.990766,ok,1,direct,0.509489,9,left_wrist,1,1,2.000000,699.370000,405.810000,2.000000,706.912170,383.248199,23.789056,46.325325,1,0.062000,0.253591
SP_T_Jongkok_1,movenet,90,2.990766,ok,1,direct,0.509489,10,right_wrist,1,1,2.000000,581.960000,401.400000,2.000000,583.179382,391.376343,10.097554,46.325325,1,0.062000,0.780987
SP_T_Jongkok_1,movenet,90,2.990766,ok,1,direct,0.509489,11,left_hip,1,1,2.000000,691.010000,418.360000,2.000000,680.589050,387.005219,33.041164,46.325325,1,0.107000,0.411206
SP_T_Jongkok_1,movenet,90,2.990766,ok,1,direct,0.509489,12,right_hip,1,1,2.000000,632.590000,420.180000,2.000000,615.380737,388.378448,36.159334,46.325325,1,0.107000,0.344967
SP_T_Jongkok_1,movenet,90,2.990766,ok,1,direct,0.509489,13,left_knee,1,1,2.000000,703.130000,532.460000,2.000000,689.979553,507.742584,27.997944,46.325325,1,0.087000,0.380916
SP_T_Jongkok_1,movenet,90,2.990766,ok,1,direct,0.509489,14,right_knee,1,1,2.000000,639.420000,533.300000,2.000000,628.341492,506.094696,29.374511,46.325325,1,0.087000,0.345619
SP_T_Jongkok_1,movenet,90,2.990766,ok,1,direct,0.509489,15,left_ankle,1,1,2.000000,711.210000,638.600000,2.000000,698.795105,628.869141,15.774005,46.325325,1,0.089000,0.746209
SP_T_Jongkok_1,movenet,90,2.990766,ok,1,direct,0.509489,16,right_ankle,1,1,2.000000,652.120000,638.450000,2.000000,640.022644,630.781860,14.322932,46.325325,1,0.089000,0.785554
SP_T_Jongkok_1,movenet,91,3.023997,ok,1,direct,0.512021,0,nose,0,0,0.000000,0.000000,0.000000,2.000000,635.941284,171.397079,,,,0.026000,
SP_T_Jongkok_1,movenet,91,3.023997,ok,1,direct,0.512021,1,left_eye,0,0,0.000000,0.000000,0.000000,2.000000,653.064209,163.681030,,,,0.025000,
SP_T_Jongkok_1,movenet,91,3.023997,ok,1,direct,0.512021,2,right_eye,0,0,0.000000,0.000000,0.000000,2.000000,628.665833,164.637863,,,,0.025000,
SP_T_Jongkok_1,movenet,91,3.023997,ok,1,direct,0.512021,3,left_ear,0,0,0.000000,0.000000,0.000000,2.000000,683.283386,170.029968,,,,0.035000,
SP_T_Jongkok_1,movenet,91,3.023997,ok,1,direct,0.512021,4,right_ear,0,0,0.000000,0.000000,0.000000,2.000000,615.586487,173.913193,,,,0.035000,
SP_T_Jongkok_1,movenet,91,3.023997,ok,1,direct,0.512021,5,left_shoulder,1,1,2.000000,710.280000,241.020000,2.000000,697.745422,235.687286,13.621801,45.632938,1,0.079000,0.751598
SP_T_Jongkok_1,movenet,91,3.023997,ok,1,direct,0.512021,6,right_shoulder,1,1,2.000000,605.890000,253.770000,2.000000,600.549255,243.277649,11.773402,45.632938,1,0.079000,0.807901
SP_T_Jongkok_1,movenet,91,3.023997,ok,1,direct,0.512021,7,left_elbow,1,1,2.000000,717.460000,330.560000,2.000000,712.214294,315.155975,16.272720,45.632938,1,0.072000,0.612258
SP_T_Jongkok_1,movenet,91,3.023997,ok,1,direct,0.512021,8,right_elbow,1,1,2.000000,591.740000,328.510000,2.000000,596.681641,320.194824,9.672743,45.632938,1,0.072000,0.840849
SP_T_Jongkok_1,movenet,91,3.023997,ok,1,direct,0.512021,9,left_wrist,1,1,2.000000,700.450000,405.810000,2.000000,705.827576,381.840088,24.565728,45.632938,1,0.062000,0.221392
SP_T_Jongkok_1,movenet,91,3.023997,ok,1,direct,0.512021,10,right_wrist,1,1,2.000000,586.520000,403.790000,2.000000,585.644592,396.040985,7.798306,45.632938,1,0.062000,0.859034
SP_T_Jongkok_1,movenet,91,3.023997,ok,1,direct,0.512021,11,left_hip,1,1,2.000000,691.010000,418.360000,2.000000,685.238586,389.612885,29.320741,45.632938,1,0.107000,0.486169
SP_T_Jongkok_1,movenet,91,3.023997,ok,1,direct,0.512021,12,right_hip,1,1,2.000000,632.590000,420.180000,2.000000,610.374084,391.019440,36.659040,45.632938,1,0.107000,0.323883
SP_T_Jongkok_1,movenet,91,3.023997,ok,1,direct,0.512021,13,left_knee,1,1,2.000000,703.130000,532.460000,2.000000,694.473389,511.806427,22.394352,45.632938,1,0.087000,0.529208
SP_T_Jongkok_1,movenet,91,3.023997,ok,1,direct,0.512021,14,right_knee,1,1,2.000000,639.420000,533.300000,2.000000,625.116394,511.685242,25.918930,45.632938,1,0.087000,0.426369
SP_T_Jongkok_1,movenet,91,3.023997,ok,1,direct,0.512021,15,left_ankle,1,1,2.000000,711.210000,638.600000,2.000000,701.694336,633.997925,10.570097,45.632938,1,0.089000,0.873303
SP_T_Jongkok_1,movenet,91,3.023997,ok,1,direct,0.512021,16,right_ankle,1,1,2.000000,652.120000,638.450000,2.000000,635.826660,633.410034,17.055034,45.632938,1,0.089000,0.702792
SP_T_Jongkok_1,movenet,92,3.057228,ok,1,direct,0.490455,0,nose,0,0,0.000000,0.000000,0.000000,2.000000,636.684204,171.934235,,,,0.026000,
SP_T_Jongkok_1,movenet,92,3.057228,ok,1,direct,0.490455,1,left_eye,0,0,0.000000,0.000000,0.000000,2.000000,653.947754,163.954453,,,,0.025000,
SP_T_Jongkok_1,movenet,92,3.057228,ok,1,direct,0.490455,2,right_eye,0,0,0.000000,0.000000,0.000000,2.000000,629.185425,164.923950,,,,0.025000,
SP_T_Jongkok_1,movenet,92,3.057228,ok,1,direct,0.490455,3,left_ear,0,0,0.000000,0.000000,0.000000,2.000000,683.680908,170.156326,,,,0.035000,
SP_T_Jongkok_1,movenet,92,3.057228,ok,1,direct,0.490455,4,right_ear,0,0,0.000000,0.000000,0.000000,2.000000,616.354492,174.340530,,,,0.035000,
SP_T_Jongkok_1,movenet,92,3.057228,ok,1,direct,0.490455,5,left_shoulder,1,1,2.000000,710.700000,241.680000,2.000000,698.243896,235.350082,13.972200,44.933870,1,0.079000,0.733554
SP_T_Jongkok_1,movenet,92,3.057228,ok,1,direct,0.490455,6,right_shoulder,1,1,2.000000,605.920000,254.790000,2.000000,603.371399,243.742523,11.337641,44.933870,1,0.079000,0.815446
SP_T_Jongkok_1,movenet,92,3.057228,ok,1,direct,0.490455,7,left_elbow,1,1,2.000000,718.250000,330.660000,2.000000,712.337402,317.192596,14.708153,44.933870,1,0.072000,0.661421
SP_T_Jongkok_1,movenet,92,3.057228,ok,1,direct,0.490455,8,right_elbow,1,1,2.000000,594.060000,328.720000,2.000000,600.143250,320.143280,10.515039,44.933870,1,0.072000,0.809555
SP_T_Jongkok_1,movenet,92,3.057228,ok,1,direct,0.490455,9,left_wrist,1,1,2.000000,701.530000,405.810000,2.000000,708.197266,389.385773,17.725904,44.933870,1,0.062000,0.444998
SP_T_Jongkok_1,movenet,92,3.057228,ok,1,direct,0.490455,10,right_wrist,1,1,2.000000,591.080000,406.180000,0.000000,587.390686,395.671783,,44.933870,0,0.062000,0.000000
SP_T_Jongkok_1,movenet,92,3.057228,ok,1,direct,0.490455,11,left_hip,1,1,2.000000,691.010000,418.360000,2.000000,682.703369,388.956543,30.554270,44.933870,1,0.107000,0.445875
SP_T_Jongkok_1,movenet,92,3.057228,ok,1,direct,0.490455,12,right_hip,1,1,2.000000,632.590000,420.180000,2.000000,612.861877,389.954773,36.093811,44.933870,1,0.107000,0.323956
SP_T_Jongkok_1,movenet,92,3.057228,ok,1,direct,0.490455,13,left_knee,1,1,2.000000,703.130000,532.460000,2.000000,692.686646,511.015015,23.852695,44.933870,1,0.087000,0.474928
SP_T_Jongkok_1,movenet,92,3.057228,ok,1,direct,0.490455,14,right_knee,1,1,2.000000,639.420000,533.300000,2.000000,626.048035,511.261108,25.778328,44.933870,1,0.087000,0.419091
SP_T_Jongkok_1,movenet,92,3.057228,ok,1,direct,0.490455,15,left_ankle,1,1,2.000000,711.210000,638.600000,2.000000,703.692749,634.044189,8.790021,44.933870,1,0.089000,0.907898
SP_T_Jongkok_1,movenet,92,3.057228,ok,1,direct,0.490455,16,right_ankle,1,1,2.000000,652.120000,638.450000,2.000000,638.689819,635.893066,13.671418,44.933870,1,0.089000,0.791569
SP_T_Jongkok_1,movenet,93,3.090458,ok,1,direct,0.515047,0,nose,0,0,0.000000,0.000000,0.000000,2.000000,637.935791,171.752960,,,,0.026000,
SP_T_Jongkok_1,movenet,93,3.090458,ok,1,direct,0.515047,1,left_eye,0,0,0.000000,0.000000,0.000000,2.000000,654.862549,164.153839,,,,0.025000,
SP_T_Jongkok_1,movenet,93,3.090458,ok,1,direct,0.515047,2,right_eye,0,0,0.000000,0.000000,0.000000,2.000000,630.693970,165.134995,,,,0.025000,
SP_T_Jongkok_1,movenet,93,3.090458,ok,1,direct,0.515047,3,left_ear,0,0,0.000000,0.000000,0.000000,2.000000,683.487549,170.516266,,,,0.035000,
SP_T_Jongkok_1,movenet,93,3.090458,ok,1,direct,0.515047,4,right_ear,0,0,0.000000,0.000000,0.000000,2.000000,617.250244,174.696960,,,,0.035000,
SP_T_Jongkok_1,movenet,93,3.090458,ok,1,direct,0.515047,5,left_shoulder,1,1,2.000000,711.120000,242.330000,2.000000,700.181335,235.377640,12.961084,44.226561,1,0.079000,0.759399
SP_T_Jongkok_1,movenet,93,3.090458,ok,1,direct,0.515047,6,right_shoulder,1,1,2.000000,605.960000,255.800000,2.000000,603.663574,243.815033,12.202992,44.226561,1,0.079000,0.783509
SP_T_Jongkok_1,movenet,93,3.090458,ok,1,direct,0.515047,7,left_elbow,1,1,2.000000,719.040000,330.760000,2.000000,713.344421,316.505585,15.350178,44.226561,1,0.072000,0.628288
SP_T_Jongkok_1,movenet,93,3.090458,ok,1,direct,0.515047,8,right_elbow,1,1,2.000000,596.380000,328.930000,2.000000,596.475586,321.067871,7.862710,44.226561,1,0.072000,0.885202
SP_T_Jongkok_1,movenet,93,3.090458,ok,1,direct,0.515047,9,left_wrist,1,1,2.000000,702.610000,405.810000,2.000000,708.671997,388.797180,18.060561,44.226561,1,0.062000,0.419939
SP_T_Jongkok_1,movenet,93,3.090458,ok,1,direct,0.515047,10,right_wrist,1,1,2.000000,595.640000,408.580000,2.000000,588.087524,393.700012,16.686939,44.226561,1,0.062000,0.476787
SP_T_Jongkok_1,movenet,93,3.090458,ok,1,direct,0.515047,11,left_hip,1,1,2.000000,691.010000,418.360000,2.000000,686.895020,387.049500,31.579748,44.226561,1,0.107000,0.410384
SP_T_Jongkok_1,movenet,93,3.090458,ok,1,direct,0.515047,12,right_hip,1,1,2.000000,632.590000,420.180000,2.000000,621.210876,387.035522,35.043414,44.226561,1,0.107000,0.333954
SP_T_Jongkok_1,movenet,93,3.090458,ok,1,direct,0.515047,13,left_knee,1,1,2.000000,703.130000,532.460000,2.000000,690.239136,507.858124,27.774569,44.226561,1,0.087000,0.352704
SP_T_Jongkok_1,movenet,93,3.090458,ok,1,direct,0.515047,14,right_knee,1,1,2.000000,639.420000,533.300000,2.000000,626.397034,506.840179,29.491011,44.226561,1,0.087000,0.308847
SP_T_Jongkok_1,movenet,93,3.090458,ok,1,direct,0.515047,15,left_ankle,1,1,2.000000,711.210000,638.600000,2.000000,705.185181,633.685242,7.775172,44.226561,1,0.089000,0.924930
SP_T_Jongkok_1,movenet,93,3.090458,ok,1,direct,0.515047,16,right_ankle,1,1,2.000000,652.120000,638.450000,2.000000,635.320068,633.787598,17.434899,44.226561,1,0.089000,0.675438
SP_T_Jongkok_1,movenet,94,3.123689,ok,1,direct,0.503364,0,nose,0,0,0.000000,0.000000,0.000000,2.000000,637.818848,171.553970,,,,0.026000,
SP_T_Jongkok_1,movenet,94,3.123689,ok,1,direct,0.503364,1,left_eye,0,0,0.000000,0.000000,0.000000,2.000000,653.833984,163.885895,,,,0.025000,
SP_T_Jongkok_1,movenet,94,3.123689,ok,1,direct,0.503364,2,right_eye,0,0,0.000000,0.000000,0.000000,2.000000,630.414185,164.974731,,,,0.025000,
SP_T_Jongkok_1,movenet,94,3.123689,ok,1,direct,0.503364,3,left_ear,0,0,0.000000,0.000000,0.000000,2.000000,682.796936,170.406128,,,,0.035000,
SP_T_Jongkok_1,movenet,94,3.123689,ok,1,direct,0.503364,4,right_ear,0,0,0.000000,0.000000,0.000000,2.000000,617.559753,174.200104,,,,0.035000,
SP_T_Jongkok_1,movenet,94,3.123689,ok,1,direct,0.503364,5,left_shoulder,1,1,2.000000,711.540000,242.990000,2.000000,699.336243,233.439041,15.496855,43.779577,1,0.079000,0.669294
SP_T_Jongkok_1,movenet,94,3.123689,ok,1,direct,0.503364,6,right_shoulder,1,1,2.000000,606.000000,256.810000,2.000000,604.663025,240.874344,15.991643,43.779577,1,0.079000,0.652084
SP_T_Jongkok_1,movenet,94,3.123689,ok,1,direct,0.503364,7,left_elbow,1,1,2.000000,719.820000,330.860000,2.000000,717.056396,312.006042,19.055425,43.779577,1,0.072000,0.481474
SP_T_Jongkok_1,movenet,94,3.123689,ok,1,direct,0.503364,8,right_elbow,1,1,2.000000,598.700000,329.140000,2.000000,600.338257,313.461090,15.764267,43.779577,1,0.072000,0.606391
SP_T_Jongkok_1,movenet,94,3.123689,ok,1,direct,0.503364,9,left_wrist,1,1,2.000000,703.690000,405.810000,2.000000,716.234009,377.974762,30.531175,43.779577,1,0.062000,0.079627
SP_T_Jongkok_1,movenet,94,3.123689,ok,1,direct,0.503364,10,right_wrist,1,1,2.000000,600.200000,410.970000,0.000000,612.283447,375.423767,,43.779577,0,0.062000,0.000000
SP_T_Jongkok_1,movenet,94,3.123689,ok,1,direct,0.503364,11,left_hip,1,1,2.000000,691.010000,418.360000,2.000000,691.603699,376.230835,42.133348,43.779577,1,0.107000,0.198300
SP_T_Jongkok_1,movenet,94,3.123689,ok,1,direct,0.503364,12,right_hip,1,1,2.000000,632.590000,420.180000,2.000000,620.694641,378.198181,43.634535,43.779577,1,0.107000,0.176343
SP_T_Jongkok_1,movenet,94,3.123689,ok,1,direct,0.503364,13,left_knee,1,1,2.000000,703.130000,532.460000,2.000000,694.771790,500.927307,32.621625,43.779577,1,0.087000,0.230593
SP_T_Jongkok_1,movenet,94,3.123689,ok,1,direct,0.503364,14,right_knee,1,1,2.000000,639.420000,533.300000,2.000000,623.661255,500.921417,36.009869,43.779577,1,0.087000,0.167347
SP_T_Jongkok_1,movenet,94,3.123689,ok,1,direct,0.503364,15,left_ankle,1,1,2.000000,711.210000,638.600000,2.000000,705.273193,627.418518,12.659827,43.779577,1,0.089000,0.809664
SP_T_Jongkok_1,movenet,94,3.123689,ok,1,direct,0.503364,16,right_ankle,1,1,2.000000,652.120000,638.450000,2.000000,629.718201,632.771057,23.110409,43.779577,1,0.089000,0.494804
SP_T_Jongkok_1,movenet,95,3.156920,ok,1,direct,0.500032,0,nose,0,0,0.000000,0.000000,0.000000,2.000000,639.067078,171.704208,,,,0.026000,
SP_T_Jongkok_1,movenet,95,3.156920,ok,1,direct,0.500032,1,left_eye,0,0,0.000000,0.000000,0.000000,2.000000,655.247864,163.981644,,,,0.025000,
SP_T_Jongkok_1,movenet,95,3.156920,ok,1,direct,0.500032,2,right_eye,0,0,0.000000,0.000000,0.000000,2.000000,631.727112,165.174057,,,,0.025000,
SP_T_Jongkok_1,movenet,95,3.156920,ok,1,direct,0.500032,3,left_ear,0,0,0.000000,0.000000,0.000000,2.000000,683.487854,170.170715,,,,0.035000,
SP_T_Jongkok_1,movenet,95,3.156920,ok,1,direct,0.500032,4,right_ear,0,0,0.000000,0.000000,0.000000,2.000000,617.783936,174.195206,,,,0.035000,
SP_T_Jongkok_1,movenet,95,3.156920,ok,1,direct,0.500032,5,left_shoulder,1,1,2.000000,711.970000,243.650000,2.000000,698.834778,232.943451,16.945921,43.465881,1,0.079000,0.614412
SP_T_Jongkok_1,movenet,95,3.156920,ok,1,direct,0.500032,6,right_shoulder,1,1,2.000000,606.030000,257.820000,2.000000,605.268250,239.491882,18.343941,43.465881,1,0.079000,0.565088
SP_T_Jongkok_1,movenet,95,3.156920,ok,1,direct,0.500032,7,left_elbow,1,1,2.000000,720.610000,330.950000,2.000000,714.472778,311.230194,20.652754,43.465881,1,0.072000,0.418528
SP_T_Jongkok_1,movenet,95,3.156920,ok,1,direct,0.500032,8,right_elbow,1,1,2.000000,601.020000,329.350000,2.000000,603.735168,311.380402,18.173569,43.465881,1,0.072000,0.509438
SP_T_Jongkok_1,movenet,95,3.156920,ok,1,direct,0.500032,9,left_wrist,1,1,2.000000,704.770000,405.810000,2.000000,715.862488,379.853271,28.227558,43.465881,1,0.062000,0.111436
SP_T_Jongkok_1,movenet,95,3.156920,ok,1,direct,0.500032,10,right_wrist,1,1,2.000000,604.760000,413.360000,0.000000,615.790771,372.057465,,43.465881,0,0.062000,0.000000
SP_T_Jongkok_1,movenet,95,3.156920,ok,1,direct,0.500032,11,left_hip,1,1,2.000000,691.010000,418.360000,2.000000,688.822510,373.948608,44.465232,43.465881,0,0.107000,0.160714
SP_T_Jongkok_1,movenet,95,3.156920,ok,1,direct,0.500032,12,right_hip,1,1,2.000000,632.590000,420.180000,2.000000,617.505127,375.348419,47.301417,43.465881,0,0.107000,0.126340
SP_T_Jongkok_1,movenet,95,3.156920,ok,1,direct,0.500032,13,left_knee,1,1,2.000000,703.130000,532.460000,2.000000,694.809021,497.925140,35.523165,43.465881,1,0.087000,0.171206
SP_T_Jongkok_1,movenet,95,3.156920,ok,1,direct,0.500032,14,right_knee,1,1,2.000000,639.420000,533.300000,2.000000,626.514954,498.792786,36.841391,43.465881,1,0.087000,0.149822
SP_T_Jongkok_1,movenet,95,3.156920,ok,1,direct,0.500032,15,left_ankle,1,1,2.000000,711.210000,638.600000,2.000000,706.967163,626.378662,12.936876,43.465881,1,0.089000,0.799577
SP_T_Jongkok_1,movenet,95,3.156920,ok,1,direct,0.500032,16,right_ankle,1,1,2.000000,652.120000,638.450000,2.000000,632.199951,632.910706,20.675883,43.465881,1,0.089000,0.564778
SP_T_Jongkok_1,movenet,96,3.190151,ok,1,direct,0.499824,0,nose,0,0,0.000000,0.000000,0.000000,2.000000,639.420715,171.859406,,,,0.026000,
SP_T_Jongkok_1,movenet,96,3.190151,ok,1,direct,0.499824,1,left_eye,0,0,0.000000,0.000000,0.000000,2.000000,655.263184,163.912094,,,,0.025000,
SP_T_Jongkok_1,movenet,96,3.190151,ok,1,direct,0.499824,2,right_eye,0,0,0.000000,0.000000,0.000000,2.000000,631.359924,165.175995,,,,0.025000,
SP_T_Jongkok_1,movenet,96,3.190151,ok,1,direct,0.499824,3,left_ear,0,0,0.000000,0.000000,0.000000,2.000000,683.774048,169.770782,,,,0.035000,
SP_T_Jongkok_1,movenet,96,3.190151,ok,1,direct,0.499824,4,right_ear,0,0,0.000000,0.000000,0.000000,2.000000,617.404297,173.939545,,,,0.035000,
SP_T_Jongkok_1,movenet,96,3.190151,ok,1,direct,0.499824,5,left_shoulder,1,1,2.000000,711.970000,243.650000,2.000000,704.145203,236.641846,10.504365,43.728594,1,0.079000,0.831171
SP_T_Jongkok_1,movenet,96,3.190151,ok,1,direct,0.499824,6,right_shoulder,1,1,2.000000,606.090000,256.560000,2.000000,605.955017,238.139221,18.421273,43.728594,1,0.079000,0.566260
SP_T_Jongkok_1,movenet,96,3.190151,ok,1,direct,0.499824,7,left_elbow,1,1,2.000000,721.400000,331.050000,2.000000,715.953674,311.293152,20.493792,43.728594,1,0.072000,0.428536
SP_T_Jongkok_1,movenet,96,3.190151,ok,1,direct,0.499824,8,right_elbow,1,1,2.000000,600.360000,329.560000,2.000000,604.177734,311.941925,18.026970,43.728594,1,0.072000,0.519099
SP_T_Jongkok_1,movenet,96,3.190151,ok,1,direct,0.499824,9,left_wrist,1,1,2.000000,705.860000,405.810000,2.000000,717.787842,379.418945,28.961374,43.728594,1,0.062000,0.102059
SP_T_Jongkok_1,movenet,96,3.190151,ok,1,direct,0.499824,10,right_wrist,1,1,2.000000,603.640000,412.300000,0.000000,620.004944,375.005005,,43.728594,0,0.062000,0.000000
SP_T_Jongkok_1,movenet,96,3.190151,ok,1,direct,0.499824,11,left_hip,1,1,2.000000,691.010000,418.360000,2.000000,688.525024,375.251007,43.180556,43.728594,1,0.107000,0.182070
SP_T_Jongkok_1,movenet,96,3.190151,ok,1,direct,0.499824,12,right_hip,1,1,2.000000,632.590000,420.180000,2.000000,616.496826,376.397217,46.646783,43.728594,0,0.107000,0.136995
SP_T_Jongkok_1,movenet,96,3.190151,ok,1,direct,0.499824,13,left_knee,1,1,2.000000,703.130000,532.460000,2.000000,694.442749,498.105957,35.435414,43.728594,1,0.087000,0.176375
SP_T_Jongkok_1,movenet,96,3.190151,ok,1,direct,0.499824,14,right_knee,1,1,2.000000,639.420000,533.300000,2.000000,625.453430,499.358856,36.702402,43.728594,1,0.087000,0.155448
SP_T_Jongkok_1,movenet,96,3.190151,ok,1,direct,0.499824,15,left_ankle,1,1,2.000000,711.210000,638.600000,2.000000,703.635132,627.228760,13.663226,43.728594,1,0.089000,0.781528
SP_T_Jongkok_1,movenet,96,3.190151,ok,1,direct,0.499824,16,right_ankle,1,1,2.000000,652.120000,638.450000,2.000000,628.426208,632.978516,24.317337,43.728594,1,0.089000,0.458030
SP_T_Jongkok_1,movenet,97,3.223381,ok,1,direct,0.497941,0,nose,0,0,0.000000,0.000000,0.000000,2.000000,638.876831,171.197769,,,,0.026000,
SP_T_Jongkok_1,movenet,97,3.223381,ok,1,direct,0.497941,1,left_eye,0,0,0.000000,0.000000,0.000000,2.000000,655.274780,163.558472,,,,0.025000,
SP_T_Jongkok_1,movenet,97,3.223381,ok,1,direct,0.497941,2,right_eye,0,0,0.000000,0.000000,0.000000,2.000000,630.934998,164.722916,,,,0.025000,
SP_T_Jongkok_1,movenet,97,3.223381,ok,1,direct,0.497941,3,left_ear,0,0,0.000000,0.000000,0.000000,2.000000,684.393677,169.643661,,,,0.035000,
SP_T_Jongkok_1,movenet,97,3.223381,ok,1,direct,0.497941,4,right_ear,0,0,0.000000,0.000000,0.000000,2.000000,617.015259,173.920898,,,,0.035000,
SP_T_Jongkok_1,movenet,97,3.223381,ok,1,direct,0.497941,5,left_shoulder,1,1,2.000000,711.970000,243.650000,2.000000,700.050415,233.566162,15.612825,43.989738,1,0.079000,0.667859
SP_T_Jongkok_1,movenet,97,3.223381,ok,1,direct,0.497941,6,right_shoulder,1,1,2.000000,606.150000,255.300000,2.000000,605.725647,239.755890,15.549901,43.989738,1,0.079000,0.670031
SP_T_Jongkok_1,movenet,97,3.223381,ok,1,direct,0.497941,7,left_elbow,1,1,2.000000,722.180000,331.150000,2.000000,715.979370,313.646637,18.569209,43.989738,1,0.072000,0.502850
SP_T_Jongkok_1,movenet,97,3.223381,ok,1,direct,0.497941,8,right_elbow,1,1,2.000000,599.690000,329.770000,2.000000,608.153198,314.960541,17.057134,43.989738,1,0.072000,0.559864
SP_T_Jongkok_1,movenet,97,3.223381,ok,1,direct,0.497941,9,left_wrist,1,1,2.000000,706.940000,405.810000,2.000000,713.858765,379.784790,26.929182,43.989738,1,0.062000,0.142302
SP_T_Jongkok_1,movenet,97,3.223381,ok,1,direct,0.497941,10,right_wrist,1,1,2.000000,602.530000,411.240000,2.000000,623.746094,380.575104,37.288852,43.989738,1,0.062000,0.023789
SP_T_Jongkok_1,movenet,97,3.223381,ok,1,direct,0.497941,11,left_hip,1,1,2.000000,691.010000,418.360000,2.000000,694.377747,379.224152,39.280483,43.989738,1,0.107000,0.248359
SP_T_Jongkok_1,movenet,97,3.223381,ok,1,direct,0.497941,12,right_hip,1,1,2.000000,632.590000,420.180000,2.000000,618.199707,381.311035,41.447279,43.989738,1,0.107000,0.212081
SP_T_Jongkok_1,movenet,97,3.223381,ok,1,direct,0.497941,13,left_knee,1,1,2.000000,703.130000,532.460000,2.000000,694.707031,504.675476,29.033191,43.989738,1,0.087000,0.316318
SP_T_Jongkok_1,movenet,97,3.223381,ok,1,direct,0.497941,14,right_knee,1,1,2.000000,639.420000,533.300000,2.000000,627.311523,505.525574,30.299075,43.989738,1,0.087000,0.285485
SP_T_Jongkok_1,movenet,97,3.223381,ok,1,direct,0.497941,15,left_ankle,1,1,2.000000,711.210000,638.600000,2.000000,704.683228,631.406067,9.713467,43.989738,1,0.089000,0.884166
SP_T_Jongkok_1,movenet,97,3.223381,ok,1,direct,0.497941,16,right_ankle,1,1,2.000000,652.120000,638.450000,2.000000,631.039917,633.377869,21.681707,43.989738,1,0.089000,0.541514
SP_T_Jongkok_1,movenet,98,3.256612,ok,1,direct,0.496307,0,nose,0,0,0.000000,0.000000,0.000000,2.000000,638.475464,170.779831,,,,0.026000,
SP_T_Jongkok_1,movenet,98,3.256612,ok,1,direct,0.496307,1,left_eye,0,0,0.000000,0.000000,0.000000,2.000000,654.775513,163.309357,,,,0.025000,
SP_T_Jongkok_1,movenet,98,3.256612,ok,1,direct,0.496307,2,right_eye,0,0,0.000000,0.000000,0.000000,2.000000,630.488098,164.348724,,,,0.025000,
SP_T_Jongkok_1,movenet,98,3.256612,ok,1,direct,0.496307,3,left_ear,0,0,0.000000,0.000000,0.000000,2.000000,684.151367,169.352127,,,,0.035000,
SP_T_Jongkok_1,movenet,98,3.256612,ok,1,direct,0.496307,4,right_ear,0,0,0.000000,0.000000,0.000000,2.000000,616.828491,173.517578,,,,0.035000,
SP_T_Jongkok_1,movenet,98,3.256612,ok,1,direct,0.496307,5,left_shoulder,1,1,2.000000,711.970000,243.650000,2.000000,700.351013,232.656006,15.995898,44.249340,1,0.079000,0.657853
SP_T_Jongkok_1,movenet,98,3.256612,ok,1,direct,0.496307,6,right_shoulder,1,1,2.000000,606.210000,254.040000,2.000000,604.941956,239.541092,14.554253,44.249340,1,0.079000,0.707024
SP_T_Jongkok_1,movenet,98,3.256612,ok,1,direct,0.496307,7,left_elbow,1,1,2.000000,722.970000,331.250000,2.000000,719.362488,313.557648,18.056397,44.249340,1,0.072000,0.526022
SP_T_Jongkok_1,movenet,98,3.256612,ok,1,direct,0.496307,8,right_elbow,1,1,2.000000,599.030000,329.980000,2.000000,605.987000,314.356842,17.102132,44.249340,1,0.072000,0.561971
SP_T_Jongkok_1,movenet,98,3.256612,ok,1,direct,0.496307,9,left_wrist,1,1,2.000000,708.020000,405.810000,2.000000,715.334412,381.626587,25.265353,44.249340,1,0.062000,0.183374
SP_T_Jongkok_1,movenet,98,3.256612,ok,1,direct,0.496307,10,right_wrist,1,1,2.000000,601.410000,410.170000,2.000000,618.312439,383.031250,31.971928,44.249340,1,0.062000,0.066122
SP_T_Jongkok_1,movenet,98,3.256612,ok,1,direct,0.496307,11,left_hip,1,1,2.000000,691.010000,418.360000,2.000000,694.257874,380.842255,37.658066,44.249340,1,0.107000,0.282178
SP_T_Jongkok_1,movenet,98,3.256612,ok,1,direct,0.496307,12,right_hip,1,1,2.000000,632.590000,420.180000,2.000000,617.728943,382.925293,40.109403,44.249340,1,0.107000,0.238045
SP_T_Jongkok_1,movenet,98,3.256612,ok,1,direct,0.496307,13,left_knee,1,1,2.000000,703.130000,532.460000,2.000000,695.602356,504.434692,29.018671,44.249340,1,0.087000,0.320971
SP_T_Jongkok_1,movenet,98,3.256612,ok,1,direct,0.496307,14,right_knee,1,1,2.000000,639.420000,533.300000,2.000000,628.041931,505.373383,30.155537,44.249340,1,0.087000,0.293115
SP_T_Jongkok_1,movenet,98,3.256612,ok,1,direct,0.496307,15,left_ankle,1,1,2.000000,711.210000,638.600000,2.000000,705.358398,630.158691,10.271170,44.249340,1,0.089000,0.872805
SP_T_Jongkok_1,movenet,98,3.256612,ok,1,direct,0.496307,16,right_ankle,1,1,2.000000,652.120000,638.450000,2.000000,633.816101,632.985352,19.102228,44.249340,1,0.089000,0.624660
SP_T_Jongkok_1,movenet,99,3.289843,ok,1,direct,0.504026,0,nose,0,0,0.000000,0.000000,0.000000,2.000000,637.394592,170.578659,,,,0.026000,
SP_T_Jongkok_1,movenet,99,3.289843,ok,1,direct,0.504026,1,left_eye,0,0,0.000000,0.000000,0.000000,2.000000,653.829041,163.161697,,,,0.025000,
SP_T_Jongkok_1,movenet,99,3.289843,ok,1,direct,0.504026,2,right_eye,0,0,0.000000,0.000000,0.000000,2.000000,629.927002,164.098495,,,,0.025000,
SP_T_Jongkok_1,movenet,99,3.289843,ok,1,direct,0.504026,3,left_ear,0,0,0.000000,0.000000,0.000000,2.000000,683.648682,169.320541,,,,0.035000,
SP_T_Jongkok_1,movenet,99,3.289843,ok,1,direct,0.504026,4,right_ear,0,0,0.000000,0.000000,0.000000,2.000000,616.769470,173.137405,,,,0.035000,
SP_T_Jongkok_1,movenet,99,3.289843,ok,1,direct,0.504026,5,left_shoulder,1,1,2.000000,711.970000,243.650000,2.000000,699.528870,233.163849,16.270866,44.507429,1,0.079000,0.651626
SP_T_Jongkok_1,movenet,99,3.289843,ok,1,direct,0.504026,6,right_shoulder,1,1,2.000000,606.270000,252.770000,2.000000,603.833496,240.348495,12.658212,44.507429,1,0.079000,0.771659
SP_T_Jongkok_1,movenet,99,3.289843,ok,1,direct,0.504026,7,left_elbow,1,1,2.000000,723.750000,331.350000,2.000000,720.351624,314.935883,16.762226,44.507429,1,0.072000,0.578555
SP_T_Jongkok_1,movenet,99,3.289843,ok,1,direct,0.504026,8,right_elbow,1,1,2.000000,598.360000,330.190000,2.000000,594.553162,313.911133,16.718060,44.507429,1,0.072000,0.580224
SP_T_Jongkok_1,movenet,99,3.289843,ok,1,direct,0.504026,9,left_wrist,1,1,2.000000,709.100000,405.810000,2.000000,713.521240,382.349152,23.873809,44.507429,1,0.062000,0.223798
SP_T_Jongkok_1,movenet,99,3.289843,ok,1,direct,0.504026,10,right_wrist,1,1,2.000000,600.300000,409.110000,2.000000,614.608887,383.974823,28.922679,44.507429,1,0.062000,0.111120
SP_T_Jongkok_1,movenet,99,3.289843,ok,1,direct,0.504026,11,left_hip,1,1,2.000000,691.010000,418.360000,2.000000,691.292969,383.050690,35.310444,44.507429,1,0.107000,0.333030
SP_T_Jongkok_1,movenet,99,3.289843,ok,1,direct,0.504026,12,right_hip,1,1,2.000000,632.590000,420.180000,2.000000,619.701538,384.198792,38.219888,44.507429,1,0.107000,0.275772
SP_T_Jongkok_1,movenet,99,3.289843,ok,1,direct,0.504026,13,left_knee,1,1,2.000000,703.130000,532.460000,2.000000,694.974121,505.021606,28.624881,44.507429,1,0.087000,0.335215
SP_T_Jongkok_1,movenet,99,3.289843,ok,1,direct,0.504026,14,right_knee,1,1,2.000000,639.420000,533.300000,2.000000,628.503540,505.572052,29.799466,44.507429,1,0.087000,0.305892
SP_T_Jongkok_1,movenet,99,3.289843,ok,1,direct,0.504026,15,left_ankle,1,1,2.000000,711.210000,638.600000,2.000000,706.929077,631.596069,8.208614,44.507429,1,0.089000,0.917698
SP_T_Jongkok_1,movenet,99,3.289843,ok,1,direct,0.504026,16,right_ankle,1,1,2.000000,652.120000,638.450000,2.000000,633.982056,633.041504,18.927146,44.507429,1,0.089000,0.633421
SP_T_Jongkok_1,movenet,100,3.323073,ok,1,direct,0.503466,0,nose,0,0,0.000000,0.000000,0.000000,2.000000,638.072815,170.686035,,,,0.026000,
SP_T_Jongkok_1,movenet,100,3.323073,ok,1,direct,0.503466,1,left_eye,0,0,0.000000,0.000000,0.000000,2.000000,654.398682,163.298096,,,,0.025000,
SP_T_Jongkok_1,movenet,100,3.323073,ok,1,direct,0.503466,2,right_eye,0,0,0.000000,0.000000,0.000000,2.000000,630.644043,164.211975,,,,0.025000,
SP_T_Jongkok_1,movenet,100,3.323073,ok,1,direct,0.503466,3,left_ear,0,0,0.000000,0.000000,0.000000,2.000000,683.689880,169.611328,,,,0.035000,
SP_T_Jongkok_1,movenet,100,3.323073,ok,1,direct,0.503466,4,right_ear,0,0,0.000000,0.000000,0.000000,2.000000,616.851501,173.462296,,,,0.035000,
SP_T_Jongkok_1,movenet,100,3.323073,ok,1,direct,0.503466,5,left_shoulder,1,1,2.000000,711.970000,243.650000,2.000000,700.419861,233.675018,15.261257,45.136571,1,0.079000,0.693258
SP_T_Jongkok_1,movenet,100,3.323073,ok,1,direct,0.503466,6,right_shoulder,1,1,2.000000,606.330000,251.510000,2.000000,604.100586,241.255310,10.494234,45.136571,1,0.079000,0.840945
SP_T_Jongkok_1,movenet,100,3.323073,ok,1,direct,0.503466,7,left_elbow,1,1,2.000000,724.540000,331.450000,2.000000,718.661987,315.287598,17.198090,45.136571,1,0.072000,0.571150
SP_T_Jongkok_1,movenet,100,3.323073,ok,1,direct,0.503466,8,right_elbow,1,1,2.000000,595.580000,328.390000,2.000000,600.304810,314.761810,14.423986,45.136571,1,0.072000,0.674365
SP_T_Jongkok_1,movenet,100,3.323073,ok,1,direct,0.503466,9,left_wrist,1,1,2.000000,710.180000,405.810000,2.000000,713.399780,380.350830,25.661962,45.136571,1,0.062000,0.186043
SP_T_Jongkok_1,movenet,100,3.323073,ok,1,direct,0.503466,10,right_wrist,1,1,2.000000,599.180000,408.050000,0.000000,615.365295,381.752075,,45.136571,0,0.062000,0.000000
SP_T_Jongkok_1,movenet,100,3.323073,ok,1,direct,0.503466,11,left_hip,1,1,2.000000,691.010000,418.360000,2.000000,694.381836,381.768066,36.746957,45.136571,1,0.107000,0.314164
SP_T_Jongkok_1,movenet,100,3.323073,ok,1,direct,0.503466,12,right_hip,1,1,2.000000,632.590000,420.180000,2.000000,619.355286,383.703430,38.803322,45.136571,1,0.107000,0.274982
SP_T_Jongkok_1,movenet,100,3.323073,ok,1,direct,0.503466,13,left_knee,1,1,2.000000,703.130000,532.460000,2.000000,695.173035,505.478760,28.130066,45.136571,1,0.087000,0.358329
SP_T_Jongkok_1,movenet,100,3.323073,ok,1,direct,0.503466,14,right_knee,1,1,2.000000,639.420000,533.300000,2.000000,628.997314,506.223083,29.013648,45.136571,1,0.087000,0.335615
SP_T_Jongkok_1,movenet,100,3.323073,ok,1,direct,0.503466,15,left_ankle,1,1,2.000000,711.210000,638.600000,2.000000,708.670105,629.560120,9.389915,45.136571,1,0.089000,0.896485
SP_T_Jongkok_1,movenet,100,3.323073,ok,1,direct,0.503466,16,right_ankle,1,1,2.000000,652.120000,638.450000,2.000000,635.566956,632.604004,17.555026,45.136571,1,0.089000,0.682536
SP_T_Jongkok_1,movenet,101,3.356304,ok,1,direct,0.513549,0,nose,0,0,0.000000,0.000000,0.000000,2.000000,636.153076,170.442810,,,,0.026000,
SP_T_Jongkok_1,movenet,101,3.356304,ok,1,direct,0.513549,1,left_eye,0,0,0.000000,0.000000,0.000000,2.000000,652.728333,163.065704,,,,0.025000,
SP_T_Jongkok_1,movenet,101,3.356304,ok,1,direct,0.513549,2,right_eye,0,0,0.000000,0.000000,0.000000,2.000000,628.644043,164.037064,,,,0.025000,
SP_T_Jongkok_1,movenet,101,3.356304,ok,1,direct,0.513549,3,left_ear,0,0,0.000000,0.000000,0.000000,2.000000,683.312439,169.795929,,,,0.035000,
SP_T_Jongkok_1,movenet,101,3.356304,ok,1,direct,0.513549,4,right_ear,0,0,0.000000,0.000000,0.000000,2.000000,616.538635,173.622925,,,,0.035000,
SP_T_Jongkok_1,movenet,101,3.356304,ok,1,direct,0.513549,5,left_shoulder,1,1,2.000000,711.970000,243.650000,2.000000,700.338440,234.026001,15.096839,45.024431,1,0.079000,0.697474
SP_T_Jongkok_1,movenet,101,3.356304,ok,1,direct,0.513549,6,right_shoulder,1,1,2.000000,606.320000,251.700000,2.000000,604.309326,241.354156,10.539416,45.024431,1,0.079000,0.838958
SP_T_Jongkok_1,movenet,101,3.356304,ok,1,direct,0.513549,7,left_elbow,1,1,2.000000,724.050000,331.250000,2.000000,719.387573,311.877228,19.925926,45.024431,1,0.072000,0.469718
SP_T_Jongkok_1,movenet,101,3.356304,ok,1,direct,0.513549,8,right_elbow,1,1,2.000000,595.730000,328.480000,2.000000,600.593140,315.336823,14.014037,45.024431,1,0.072000,0.688141
SP_T_Jongkok_1,movenet,101,3.356304,ok,1,direct,0.513549,9,left_wrist,1,1,2.000000,709.880000,405.810000,2.000000,715.179749,381.110138,25.262037,45.024431,1,0.062000,0.194388
SP_T_Jongkok_1,movenet,101,3.356304,ok,1,direct,0.513549,10,right_wrist,1,1,2.000000,599.180000,408.050000,0.000000,613.923462,382.481628,,45.024431,0,0.062000,0.000000
SP_T_Jongkok_1,movenet,101,3.356304,ok,1,direct,0.513549,11,left_hip,1,1,2.000000,691.010000,418.360000,2.000000,695.142517,384.260345,34.349150,45.024431,1,0.107000,0.361783
SP_T_Jongkok_1,movenet,101,3.356304,ok,1,direct,0.513549,12,right_hip,1,1,2.000000,632.590000,420.180000,2.000000,618.522034,385.980347,36.980048,45.024431,1,0.107000,0.307764
SP_T_Jongkok_1,movenet,101,3.356304,ok,1,direct,0.513549,13,left_knee,1,1,2.000000,703.130000,532.460000,2.000000,694.617188,507.288086,26.572415,45.024431,1,0.087000,0.398376
SP_T_Jongkok_1,movenet,101,3.356304,ok,1,direct,0.513549,14,right_knee,1,1,2.000000,639.420000,533.300000,2.000000,628.829102,507.809296,27.603318,45.024431,1,0.087000,0.370406
SP_T_Jongkok_1,movenet,101,3.356304,ok,1,direct,0.513549,15,left_ankle,1,1,2.000000,711.210000,638.600000,2.000000,709.625854,630.313843,8.436227,45.024431,1,0.089000,0.915171
SP_T_Jongkok_1,movenet,101,3.356304,ok,1,direct,0.513549,16,right_ankle,1,1,2.000000,652.120000,638.450000,2.000000,635.520447,632.273682,17.711354,45.024431,1,0.089000,0.676575
SP_T_Jongkok_1,movenet,102,3.389535,ok,1,direct,0.509177,0,nose,0,0,0.000000,0.000000,0.000000,2.000000,636.526062,170.646667,,,,0.026000,
SP_T_Jongkok_1,movenet,102,3.389535,ok,1,direct,0.509177,1,left_eye,0,0,0.000000,0.000000,0.000000,2.000000,653.354248,163.165298,,,,0.025000,
SP_T_Jongkok_1,movenet,102,3.389535,ok,1,direct,0.509177,2,right_eye,0,0,0.000000,0.000000,0.000000,2.000000,629.030457,164.108261,,,,0.025000,
SP_T_Jongkok_1,movenet,102,3.389535,ok,1,direct,0.509177,3,left_ear,0,0,0.000000,0.000000,0.000000,2.000000,683.459595,169.864182,,,,0.035000,
SP_T_Jongkok_1,movenet,102,3.389535,ok,1,direct,0.509177,4,right_ear,0,0,0.000000,0.000000,0.000000,2.000000,616.452209,173.646255,,,,0.035000,
SP_T_Jongkok_1,movenet,102,3.389535,ok,1,direct,0.509177,5,left_shoulder,1,1,2.000000,711.970000,243.650000,2.000000,700.365601,234.542984,14.751265,44.910251,1,0.079000,0.707700
SP_T_Jongkok_1,movenet,102,3.389535,ok,1,direct,0.509177,6,right_shoulder,1,1,2.000000,606.320000,251.900000,2.000000,604.367188,241.225891,10.851271,44.910251,1,0.079000,0.829371
SP_T_Jongkok_1,movenet,102,3.389535,ok,1,direct,0.509177,7,left_elbow,1,1,2.000000,723.560000,331.050000,2.000000,716.994507,312.343872,19.824856,44.910251,1,0.072000,0.471524
SP_T_Jongkok_1,movenet,102,3.389535,ok,1,direct,0.509177,8,right_elbow,1,1,2.000000,595.890000,328.580000,2.000000,602.479980,316.070831,14.138852,44.910251,1,0.072000,0.682231
SP_T_Jongkok_1,movenet,102,3.389535,ok,1,direct,0.509177,9,left_wrist,1,1,2.000000,709.590000,405.810000,2.000000,713.825317,382.429260,23.761248,44.910251,1,0.062000,0.233063
SP_T_Jongkok_1,movenet,102,3.389535,ok,1,direct,0.509177,10,right_wrist,1,1,2.000000,599.180000,408.050000,0.000000,613.999512,383.401062,,44.910251,0,0.062000,0.000000
SP_T_Jongkok_1,movenet,102,3.389535,ok,1,direct,0.509177,11,left_hip,1,1,2.000000,691.010000,418.360000,2.000000,692.687317,382.673798,35.725599,44.910251,1,0.107000,0.331069
SP_T_Jongkok_1,movenet,102,3.389535,ok,1,direct,0.509177,12,right_hip,1,1,2.000000,632.590000,420.180000,2.000000,617.459839,384.514954,38.741674,44.910251,1,0.107000,0.272544
SP_T_Jongkok_1,movenet,102,3.389535,ok,1,direct,0.509177,13,left_knee,1,1,2.000000,703.130000,532.460000,2.000000,694.746399,506.619751,27.166215,44.910251,1,0.087000,0.380279
SP_T_Jongkok_1,movenet,102,3.389535,ok,1,direct,0.509177,14,right_knee,1,1,2.000000,639.420000,533.300000,2.000000,628.343506,507.478027,28.097384,44.910251,1,0.087000,0.355487
SP_T_Jongkok_1,movenet,102,3.389535,ok,1,direct,0.509177,15,left_ankle,1,1,2.000000,711.210000,638.600000,2.000000,707.105713,631.719604,8.011555,44.910251,1,0.089000,0.922792
SP_T_Jongkok_1,movenet,102,3.389535,ok,1,direct,0.509177,16,right_ankle,1,1,2.000000,652.120000,638.450000,2.000000,635.921387,631.896057,17.474245,44.910251,1,0.089000,0.682319
SP_T_Jongkok_1,movenet,103,3.422766,ok,1,direct,0.502663,0,nose,0,0,0.000000,0.000000,0.000000,2.000000,636.967651,170.813751,,,,0.026000,
SP_T_Jongkok_1,movenet,103,3.422766,ok,1,direct,0.502663,1,left_eye,0,0,0.000000,0.000000,0.000000,2.000000,653.563477,163.335632,,,,0.025000,
SP_T_Jongkok_1,movenet,103,3.422766,ok,1,direct,0.502663,2,right_eye,0,0,0.000000,0.000000,0.000000,2.000000,629.410278,164.197998,,,,0.025000,
SP_T_Jongkok_1,movenet,103,3.422766,ok,1,direct,0.502663,3,left_ear,0,0,0.000000,0.000000,0.000000,2.000000,683.463196,169.996368,,,,0.035000,
SP_T_Jongkok_1,movenet,103,3.422766,ok,1,direct,0.502663,4,right_ear,0,0,0.000000,0.000000,0.000000,2.000000,616.881165,173.621445,,,,0.035000,
SP_T_Jongkok_1,movenet,103,3.422766,ok,1,direct,0.502663,5,left_shoulder,1,1,2.000000,711.970000,243.650000,2.000000,700.708069,233.744125,14.998581,44.797544,1,0.079000,0.698217
SP_T_Jongkok_1,movenet,103,3.422766,ok,1,direct,0.502663,6,right_shoulder,1,1,2.000000,606.320000,252.090000,2.000000,604.219666,240.216080,12.058250,44.797544,1,0.079000,0.792799
SP_T_Jongkok_1,movenet,103,3.422766,ok,1,direct,0.502663,7,left_elbow,1,1,2.000000,723.070000,330.860000,2.000000,718.797913,311.460907,19.863926,44.797544,1,0.072000,0.468343
SP_T_Jongkok_1,movenet,103,3.422766,ok,1,direct,0.502663,8,right_elbow,1,1,2.000000,596.040000,328.680000,2.000000,594.042725,314.319489,14.498738,44.797544,1,0.072000,0.667560
SP_T_Jongkok_1,movenet,103,3.422766,ok,1,direct,0.502663,9,left_wrist,1,1,2.000000,709.300000,405.810000,2.000000,716.054077,382.749817,24.028933,44.797544,1,0.062000,0.223812
SP_T_Jongkok_1,movenet,103,3.422766,ok,1,direct,0.502663,10,right_wrist,1,1,2.000000,599.180000,408.050000,0.000000,612.068726,383.236603,,44.797544,0,0.062000,0.000000
SP_T_Jongkok_1,movenet,103,3.422766,ok,1,direct,0.502663,11,left_hip,1,1,2.000000,691.010000,418.360000,2.000000,693.081299,380.474091,37.942488,44.797544,1,0.107000,0.285602
SP_T_Jongkok_1,movenet,103,3.422766,ok,1,direct,0.502663,12,right_hip,1,1,2.000000,632.590000,420.180000,2.000000,620.310730,381.740662,40.352983,44.797544,1,0.107000,0.242333
SP_T_Jongkok_1,movenet,103,3.422766,ok,1,direct,0.502663,13,left_knee,1,1,2.000000,703.130000,532.460000,2.000000,694.967285,504.358246,29.263262,44.797544,1,0.087000,0.323832
SP_T_Jongkok_1,movenet,103,3.422766,ok,1,direct,0.502663,14,right_knee,1,1,2.000000,639.420000,533.300000,2.000000,626.911804,505.036835,30.907305,44.797544,1,0.087000,0.284284
SP_T_Jongkok_1,movenet,103,3.422766,ok,1,direct,0.502663,15,left_ankle,1,1,2.000000,711.210000,638.600000,2.000000,707.046875,631.732422,8.030893,44.797544,1,0.089000,0.922059
SP_T_Jongkok_1,movenet,103,3.422766,ok,1,direct,0.502663,16,right_ankle,1,1,2.000000,652.120000,638.450000,2.000000,632.645813,633.023560,20.216088,44.797544,1,0.089000,0.597976
SP_T_Jongkok_1,movenet,104,3.455996,ok,1,direct,0.503807,0,nose,0,0,0.000000,0.000000,0.000000,2.000000,636.091431,170.694061,,,,0.026000,
SP_T_Jongkok_1,movenet,104,3.455996,ok,1,direct,0.503807,1,left_eye,0,0,0.000000,0.000000,0.000000,2.000000,653.104553,163.242859,,,,0.025000,
SP_T_Jongkok_1,movenet,104,3.455996,ok,1,direct,0.503807,2,right_eye,0,0,0.000000,0.000000,0.000000,2.000000,628.700195,164.064392,,,,0.025000,
SP_T_Jongkok_1,movenet,104,3.455996,ok,1,direct,0.503807,3,left_ear,0,0,0.000000,0.000000,0.000000,2.000000,683.352173,170.033463,,,,0.035000,
SP_T_Jongkok_1,movenet,104,3.455996,ok,1,direct,0.503807,4,right_ear,0,0,0.000000,0.000000,0.000000,2.000000,616.395325,173.545258,,,,0.035000,
SP_T_Jongkok_1,movenet,104,3.455996,ok,1,direct,0.503807,5,left_shoulder,1,1,2.000000,711.970000,243.650000,2.000000,699.472717,234.510422,15.482699,44.682785,1,0.079000,0.680615
SP_T_Jongkok_1,movenet,104,3.455996,ok,1,direct,0.503807,6,right_shoulder,1,1,2.000000,606.310000,252.280000,2.000000,603.722412,241.039703,11.534291,44.682785,1,0.079000,0.807721
SP_T_Jongkok_1,movenet,104,3.455996,ok,1,direct,0.503807,7,left_elbow,1,1,2.000000,722.570000,330.660000,2.000000,714.154663,313.519928,19.094501,44.682785,1,0.072000,0.494340
SP_T_Jongkok_1,movenet,104,3.455996,ok,1,direct,0.503807,8,right_elbow,1,1,2.000000,596.190000,328.780000,2.000000,601.956543,315.350800,14.614939,44.682785,1,0.072000,0.661833
SP_T_Jongkok_1,movenet,104,3.455996,ok,1,direct,0.503807,9,left_wrist,1,1,2.000000,709.000000,405.810000,2.000000,713.484131,385.270691,21.023098,44.682785,1,0.062000,0.316082
SP_T_Jongkok_1,movenet,104,3.455996,ok,1,direct,0.503807,10,right_wrist,1,1,2.000000,599.180000,408.050000,0.000000,614.874512,384.456421,,44.682785,0,0.062000,0.000000
SP_T_Jongkok_1,movenet,104,3.455996,ok,1,direct,0.503807,11,left_hip,1,1,2.000000,691.010000,418.360000,2.000000,689.114990,380.460205,37.947141,44.682785,1,0.107000,0.283679
SP_T_Jongkok_1,movenet,104,3.455996,ok,1,direct,0.503807,12,right_hip,1,1,2.000000,632.590000,420.180000,2.000000,618.567871,381.739441,40.918171,44.682785,1,0.107000,0.231096
SP_T_Jongkok_1,movenet,104,3.455996,ok,1,direct,0.503807,13,left_knee,1,1,2.000000,703.130000,532.460000,2.000000,695.336060,504.471283,29.053636,44.682785,1,0.087000,0.327211
SP_T_Jongkok_1,movenet,104,3.455996,ok,1,direct,0.503807,14,right_knee,1,1,2.000000,639.420000,533.300000,2.000000,628.161987,505.491913,30.000543,44.682785,1,0.087000,0.303869
SP_T_Jongkok_1,movenet,104,3.455996,ok,1,direct,0.503807,15,left_ankle,1,1,2.000000,711.210000,638.600000,2.000000,708.838501,632.434692,6.605681,44.682785,1,0.089000,0.946312
SP_T_Jongkok_1,movenet,104,3.455996,ok,1,direct,0.503807,16,right_ankle,1,1,2.000000,652.120000,638.450000,2.000000,635.211731,632.907959,17.793363,44.682785,1,0.089000,0.670057
SP_T_Jongkok_1,movenet,105,3.489227,ok,1,direct,0.502753,0,nose,0,0,0.000000,0.000000,0.000000,2.000000,636.161255,170.689636,,,,0.026000,
SP_T_Jongkok_1,movenet,105,3.489227,ok,1,direct,0.502753,1,left_eye,0,0,0.000000,0.000000,0.000000,2.000000,652.757202,163.289703,,,,0.025000,
SP_T_Jongkok_1,movenet,105,3.489227,ok,1,direct,0.502753,2,right_eye,0,0,0.000000,0.000000,0.000000,2.000000,628.710693,164.083542,,,,0.025000,
SP_T_Jongkok_1,movenet,105,3.489227,ok,1,direct,0.502753,3,left_ear,0,0,0.000000,0.000000,0.000000,2.000000,682.906433,170.278687,,,,0.035000,
SP_T_Jongkok_1,movenet,105,3.489227,ok,1,direct,0.502753,4,right_ear,0,0,0.000000,0.000000,0.000000,2.000000,616.455750,173.425323,,,,0.035000,
SP_T_Jongkok_1,movenet,105,3.489227,ok,1,direct,0.502753,5,left_shoulder,1,1,2.000000,711.970000,243.650000,2.000000,699.044800,234.009491,16.124522,44.567730,1,0.079000,0.657390
SP_T_Jongkok_1,movenet,105,3.489227,ok,1,direct,0.502753,6,right_shoulder,1,1,2.000000,606.310000,252.480000,2.000000,604.543152,240.055618,12.549383,44.567730,1,0.079000,0.775626
SP_T_Jongkok_1,movenet,105,3.489227,ok,1,direct,0.502753,7,left_elbow,1,1,2.000000,722.080000,330.460000,2.000000,714.280151,314.587067,17.685804,44.567730,1,0.072000,0.544690
SP_T_Jongkok_1,movenet,105,3.489227,ok,1,direct,0.502753,8,right_elbow,1,1,2.000000,596.350000,328.870000,2.000000,602.891357,313.703003,16.517480,44.567730,1,0.072000,0.588651
SP_T_Jongkok_1,movenet,105,3.489227,ok,1,direct,0.502753,9,left_wrist,1,1,2.000000,708.710000,405.810000,2.000000,712.958740,382.016479,24.169886,44.567730,1,0.062000,0.216487
SP_T_Jongkok_1,movenet,105,3.489227,ok,1,direct,0.502753,10,right_wrist,1,1,2.000000,599.180000,408.050000,0.000000,613.664734,379.637726,,44.567730,0,0.062000,0.000000
SP_T_Jongkok_1,movenet,105,3.489227,ok,1,direct,0.502753,11,left_hip,1,1,2.000000,691.010000,418.360000,2.000000,686.725098,376.562225,42.016834,44.567730,1,0.107000,0.211690
SP_T_Jongkok_1,movenet,105,3.489227,ok,1,direct,0.502753,12,right_hip,1,1,2.000000,632.590000,420.180000,2.000000,617.775635,378.403351,44.325544,44.567730,1,0.107000,0.177649
SP_T_Jongkok_1,movenet,105,3.489227,ok,1,direct,0.502753,13,left_knee,1,1,2.000000,703.130000,532.460000,2.000000,695.528931,500.649475,32.706051,44.567730,1,0.087000,0.240989
SP_T_Jongkok_1,movenet,105,3.489227,ok,1,direct,0.502753,14,right_knee,1,1,2.000000,639.420000,533.300000,2.000000,625.472961,501.884338,34.372426,44.567730,1,0.087000,0.207691
SP_T_Jongkok_1,movenet,105,3.489227,ok,1,direct,0.502753,15,left_ankle,1,1,2.000000,711.210000,638.600000,2.000000,708.698975,628.202271,10.696636,44.567730,1,0.089000,0.864636
SP_T_Jongkok_1,movenet,105,3.489227,ok,1,direct,0.502753,16,right_ankle,1,1,2.000000,652.120000,638.450000,2.000000,633.098938,632.237366,20.009938,44.567730,1,0.089000,0.601109
SP_T_Jongkok_1,movenet,106,3.522458,ok,1,direct,0.511075,0,nose,0,0,0.000000,0.000000,0.000000,2.000000,635.936096,170.817795,,,,0.026000,
SP_T_Jongkok_1,movenet,106,3.522458,ok,1,direct,0.511075,1,left_eye,0,0,0.000000,0.000000,0.000000,2.000000,652.391602,163.378815,,,,0.025000,
SP_T_Jongkok_1,movenet,106,3.522458,ok,1,direct,0.511075,2,right_eye,0,0,0.000000,0.000000,0.000000,2.000000,628.358826,164.210129,,,,0.025000,
SP_T_Jongkok_1,movenet,106,3.522458,ok,1,direct,0.511075,3,left_ear,0,0,0.000000,0.000000,0.000000,2.000000,682.540771,170.232086,,,,0.035000,
SP_T_Jongkok_1,movenet,106,3.522458,ok,1,direct,0.511075,4,right_ear,0,0,0.000000,0.000000,0.000000,2.000000,616.261230,173.453064,,,,0.035000,
SP_T_Jongkok_1,movenet,106,3.522458,ok,1,direct,0.511075,5,left_shoulder,1,1,2.000000,711.970000,243.650000,2.000000,698.829285,233.427048,16.648938,44.454154,1,0.079000,0.637951
SP_T_Jongkok_1,movenet,106,3.522458,ok,1,direct,0.511075,6,right_shoulder,1,1,2.000000,606.310000,252.670000,2.000000,605.385193,239.011459,13.689814,44.454154,1,0.079000,0.737927
SP_T_Jongkok_1,movenet,106,3.522458,ok,1,direct,0.511075,7,left_elbow,1,1,2.000000,721.590000,330.270000,2.000000,714.813110,313.601562,17.993417,44.454154,1,0.072000,0.531489
SP_T_Jongkok_1,movenet,106,3.522458,ok,1,direct,0.511075,8,right_elbow,1,1,2.000000,596.500000,328.970000,2.000000,598.829346,311.919037,17.209335,44.454154,1,0.072000,0.560914
SP_T_Jongkok_1,movenet,106,3.522458,ok,1,direct,0.511075,9,left_wrist,1,1,2.000000,708.410000,405.810000,2.000000,713.454041,381.528015,24.800345,44.454154,1,0.062000,0.198030
SP_T_Jongkok_1,movenet,106,3.522458,ok,1,direct,0.511075,10,right_wrist,1,1,2.000000,599.180000,408.050000,0.000000,616.518799,376.135864,,44.454154,0,0.062000,0.000000
SP_T_Jongkok_1,movenet,106,3.522458,ok,1,direct,0.511075,11,left_hip,1,1,2.000000,691.010000,418.360000,2.000000,685.415405,375.080292,43.639806,44.454154,1,0.107000,0.185730
SP_T_Jongkok_1,movenet,106,3.522458,ok,1,direct,0.511075,12,right_hip,1,1,2.000000,632.590000,420.180000,2.000000,616.668457,375.515961,47.417001,44.454154,0,0.107000,0.137038
SP_T_Jongkok_1,movenet,106,3.522458,ok,1,direct,0.511075,13,left_knee,1,1,2.000000,703.130000,532.460000,2.000000,695.193359,498.147156,35.218767,44.454154,1,0.087000,0.190425
SP_T_Jongkok_1,movenet,106,3.522458,ok,1,direct,0.511075,14,right_knee,1,1,2.000000,639.420000,533.300000,2.000000,624.909119,499.143188,37.111366,44.454154,1,0.087000,0.158573
SP_T_Jongkok_1,movenet,106,3.522458,ok,1,direct,0.511075,15,left_ankle,1,1,2.000000,711.210000,638.600000,2.000000,708.224854,626.658508,12.308953,44.454154,1,0.089000,0.824001
SP_T_Jongkok_1,movenet,106,3.522458,ok,1,direct,0.511075,16,right_ankle,1,1,2.000000,652.120000,638.450000,2.000000,632.034424,633.194885,20.761662,44.454154,1,0.089000,0.576521
SP_T_Jongkok_1,movenet,107,3.555689,ok,1,direct,0.502859,0,nose,0,0,0.000000,0.000000,0.000000,2.000000,636.797791,171.225372,,,,0.026000,
SP_T_Jongkok_1,movenet,107,3.555689,ok,1,direct,0.502859,1,left_eye,0,0,0.000000,0.000000,0.000000,2.000000,652.868958,163.607193,,,,0.025000,
SP_T_Jongkok_1,movenet,107,3.555689,ok,1,direct,0.502859,2,right_eye,0,0,0.000000,0.000000,0.000000,2.000000,628.609253,164.772125,,,,0.025000,
SP_T_Jongkok_1,movenet,107,3.555689,ok,1,direct,0.502859,3,left_ear,0,0,0.000000,0.000000,0.000000,2.000000,682.658325,170.119797,,,,0.035000,
SP_T_Jongkok_1,movenet,107,3.555689,ok,1,direct,0.502859,4,right_ear,0,0,0.000000,0.000000,0.000000,2.000000,616.582886,174.066498,,,,0.035000,
SP_T_Jongkok_1,movenet,107,3.555689,ok,1,direct,0.502859,5,left_shoulder,1,1,2.000000,711.970000,243.650000,2.000000,699.395020,233.252365,16.316891,44.338506,1,0.079000,0.647913
SP_T_Jongkok_1,movenet,107,3.555689,ok,1,direct,0.502859,6,right_shoulder,1,1,2.000000,606.300000,252.860000,2.000000,605.547668,239.470520,13.410599,44.338506,1,0.079000,0.745900
SP_T_Jongkok_1,movenet,107,3.555689,ok,1,direct,0.502859,7,left_elbow,1,1,2.000000,721.100000,330.070000,2.000000,714.224854,312.782745,18.604215,44.338506,1,0.072000,0.507000
SP_T_Jongkok_1,movenet,107,3.555689,ok,1,direct,0.502859,8,right_elbow,1,1,2.000000,596.660000,329.070000,2.000000,602.103088,312.758606,17.195604,44.338506,1,0.072000,0.559742
SP_T_Jongkok_1,movenet,107,3.555689,ok,1,direct,0.502859,9,left_wrist,1,1,2.000000,708.120000,405.810000,2.000000,713.912598,381.130859,25.349836,44.338506,1,0.062000,0.182551
SP_T_Jongkok_1,movenet,107,3.555689,ok,1,direct,0.502859,10,right_wrist,1,1,2.000000,599.180000,408.050000,0.000000,617.245605,376.257019,,44.338506,0,0.062000,0.000000
SP_T_Jongkok_1,movenet,107,3.555689,ok,1,direct,0.502859,11,left_hip,1,1,2.000000,691.010000,418.360000,2.000000,685.873352,374.850647,43.811516,44.338506,1,0.107000,0.181664
SP_T_Jongkok_1,movenet,107,3.555689,ok,1,direct,0.502859,12,right_hip,1,1,2.000000,632.590000,420.180000,2.000000,616.947754,375.411163,47.422870,44.338506,0,0.107000,0.135556
SP_T_Jongkok_1,movenet,107,3.555689,ok,1,direct,0.502859,13,left_knee,1,1,2.000000,703.130000,532.460000,2.000000,695.232422,496.689117,36.632332,44.338506,1,0.087000,0.164692
SP_T_Jongkok_1,movenet,107,3.555689,ok,1,direct,0.502859,14,right_knee,1,1,2.000000,639.420000,533.300000,2.000000,623.942505,496.310303,40.097264,44.338506,1,0.087000,0.115208
SP_T_Jongkok_1,movenet,107,3.555689,ok,1,direct,0.502859,15,left_ankle,1,1,2.000000,711.210000,638.600000,2.000000,704.013184,626.543457,14.041168,44.338506,1,0.089000,0.776299
SP_T_Jongkok_1,movenet,107,3.555689,ok,1,direct,0.502859,16,right_ankle,1,1,2.000000,652.120000,638.450000,2.000000,632.466919,633.107727,20.366234,44.338506,1,0.089000,0.586999
SP_T_Jongkok_1,movenet,108,3.588919,ok,1,direct,0.509562,0,nose,0,0,0.000000,0.000000,0.000000,2.000000,637.005127,171.249939,,,,0.026000,
SP_T_Jongkok_1,movenet,108,3.588919,ok,1,direct,0.509562,1,left_eye,0,0,0.000000,0.000000,0.000000,2.000000,653.107422,163.682510,,,,0.025000,
SP_T_Jongkok_1,movenet,108,3.588919,ok,1,direct,0.509562,2,right_eye,0,0,0.000000,0.000000,0.000000,2.000000,628.946045,164.778854,,,,0.025000,
SP_T_Jongkok_1,movenet,108,3.588919,ok,1,direct,0.509562,3,left_ear,0,0,0.000000,0.000000,0.000000,2.000000,682.687927,170.293488,,,,0.035000,
SP_T_Jongkok_1,movenet,108,3.588919,ok,1,direct,0.509562,4,right_ear,0,0,0.000000,0.000000,0.000000,2.000000,616.722473,174.059494,,,,0.035000,
SP_T_Jongkok_1,movenet,108,3.588919,ok,1,direct,0.509562,5,left_shoulder,1,1,2.000000,711.970000,243.650000,2.000000,699.283569,233.377853,16.323680,44.224342,1,0.079000,0.646226
SP_T_Jongkok_1,movenet,108,3.588919,ok,1,direct,0.509562,6,right_shoulder,1,1,2.000000,606.300000,253.060000,2.000000,605.102051,239.428741,13.683797,44.224342,1,0.079000,0.735792
SP_T_Jongkok_1,movenet,108,3.588919,ok,1,direct,0.509562,7,left_elbow,1,1,2.000000,720.610000,329.870000,2.000000,714.355957,313.107727,17.890971,44.224342,1,0.072000,0.531842
SP_T_Jongkok_1,movenet,108,3.588919,ok,1,direct,0.509562,8,right_elbow,1,1,2.000000,596.810000,329.160000,2.000000,597.735352,311.771149,17.413455,44.224342,1,0.072000,0.549826
SP_T_Jongkok_1,movenet,108,3.588919,ok,1,direct,0.509562,9,left_wrist,1,1,2.000000,707.820000,405.810000,2.000000,713.984741,381.470856,25.107727,44.224342,1,0.062000,0.186930
SP_T_Jongkok_1,movenet,108,3.588919,ok,1,direct,0.509562,10,right_wrist,1,1,2.000000,599.180000,408.050000,0.000000,618.063171,376.089294,,44.224342,0,0.062000,0.000000
SP_T_Jongkok_1,movenet,108,3.588919,ok,1,direct,0.509562,11,left_hip,1,1,2.000000,691.010000,418.360000,2.000000,686.128906,374.829773,43.803033,44.224342,1,0.107000,0.180188
SP_T_Jongkok_1,movenet,108,3.588919,ok,1,direct,0.509562,12,right_hip,1,1,2.000000,632.590000,420.180000,2.000000,617.082764,375.193146,47.584571,44.224342,0,0.107000,0.132334
SP_T_Jongkok_1,movenet,108,3.588919,ok,1,direct,0.509562,13,left_knee,1,1,2.000000,703.130000,532.460000,2.000000,694.480713,497.218842,36.287042,44.224342,1,0.087000,0.168810
SP_T_Jongkok_1,movenet,108,3.588919,ok,1,direct,0.509562,14,right_knee,1,1,2.000000,639.420000,533.300000,2.000000,624.518799,497.207794,39.047319,44.224342,1,0.087000,0.127464
SP_T_Jongkok_1,movenet,108,3.588919,ok,1,direct,0.509562,15,left_ankle,1,1,2.000000,711.210000,638.600000,2.000000,703.577881,626.388672,14.400201,44.224342,1,0.089000,0.765130
SP_T_Jongkok_1,movenet,108,3.588919,ok,1,direct,0.509562,16,right_ankle,1,1,2.000000,652.120000,638.450000,2.000000,631.393555,633.554749,21.296690,44.224342,1,0.089000,0.556809
SP_T_Jongkok_1,movenet,109,3.622150,ok,1,direct,0.508974,0,nose,0,0,0.000000,0.000000,0.000000,2.000000,637.791260,171.573730,,,,0.026000,
SP_T_Jongkok_1,movenet,109,3.622150,ok,1,direct,0.508974,1,left_eye,0,0,0.000000,0.000000,0.000000,2.000000,653.799438,163.878571,,,,0.025000,
SP_T_Jongkok_1,movenet,109,3.622150,ok,1,direct,0.508974,2,right_eye,0,0,0.000000,0.000000,0.000000,2.000000,629.800903,164.905304,,,,0.025000,
SP_T_Jongkok_1,movenet,109,3.622150,ok,1,direct,0.508974,3,left_ear,0,0,0.000000,0.000000,0.000000,2.000000,682.703003,169.884399,,,,0.035000,
SP_T_Jongkok_1,movenet,109,3.622150,ok,1,direct,0.508974,4,right_ear,0,0,0.000000,0.000000,0.000000,2.000000,616.956238,173.819702,,,,0.035000,
SP_T_Jongkok_1,movenet,109,3.622150,ok,1,direct,0.508974,5,left_shoulder,1,1,2.000000,711.970000,243.650000,2.000000,703.087463,236.960373,11.119828,44.109882,1,0.079000,0.815742
SP_T_Jongkok_1,movenet,109,3.622150,ok,1,direct,0.508974,6,right_shoulder,1,1,2.000000,606.300000,253.250000,2.000000,604.957031,239.124069,14.189626,44.109882,1,0.079000,0.717757
SP_T_Jongkok_1,movenet,109,3.622150,ok,1,direct,0.508974,7,left_elbow,1,1,2.000000,720.120000,329.680000,2.000000,716.868530,311.448853,18.518823,44.109882,1,0.072000,0.506608
SP_T_Jongkok_1,movenet,109,3.622150,ok,1,direct,0.508974,8,right_elbow,1,1,2.000000,596.960000,329.260000,2.000000,596.444214,311.934052,17.333624,44.109882,1,0.072000,0.551143
SP_T_Jongkok_1,movenet,109,3.622150,ok,1,direct,0.508974,9,left_wrist,1,1,2.000000,707.530000,405.810000,2.000000,714.488831,379.572601,27.144547,44.109882,1,0.062000,0.139410
SP_T_Jongkok_1,movenet,109,3.622150,ok,1,direct,0.508974,10,right_wrist,1,1,2.000000,599.180000,408.050000,0.000000,616.774048,375.009827,,44.109882,0,0.062000,0.000000
SP_T_Jongkok_1,movenet,109,3.622150,ok,1,direct,0.508974,11,left_hip,1,1,2.000000,691.010000,418.360000,2.000000,686.834717,375.483154,43.079657,44.109882,1,0.107000,0.188958
SP_T_Jongkok_1,movenet,109,3.622150,ok,1,direct,0.508974,12,right_hip,1,1,2.000000,632.590000,420.180000,2.000000,617.154724,376.388031,46.432578,44.109882,0,0.107000,0.144324
SP_T_Jongkok_1,movenet,109,3.622150,ok,1,direct,0.508974,13,left_knee,1,1,2.000000,703.130000,532.460000,2.000000,693.876038,498.028351,35.653531,44.109882,1,0.087000,0.177936
SP_T_Jongkok_1,movenet,109,3.622150,ok,1,direct,0.508974,14,right_knee,1,1,2.000000,639.420000,533.300000,2.000000,625.112549,497.336212,38.705261,44.109882,1,0.087000,0.130745
SP_T_Jongkok_1,movenet,109,3.622150,ok,1,direct,0.508974,15,left_ankle,1,1,2.000000,711.210000,638.600000,2.000000,705.488281,626.909729,13.015395,44.109882,1,0.089000,0.802653
SP_T_Jongkok_1,movenet,109,3.622150,ok,1,direct,0.508974,16,right_ankle,1,1,2.000000,652.120000,638.450000,2.000000,631.518005,634.342407,21.007487,44.109882,1,0.089000,0.564001
SP_T_Jongkok_1,movenet,110,3.655381,ok,1,direct,0.496698,0,nose,0,0,0.000000,0.000000,0.000000,2.000000,637.787354,171.509399,,,,0.026000,
SP_T_Jongkok_1,movenet,110,3.655381,ok,1,direct,0.496698,1,left_eye,0,0,0.000000,0.000000,0.000000,2.000000,653.991089,163.824707,,,,0.025000,
SP_T_Jongkok_1,movenet,110,3.655381,ok,1,direct,0.496698,2,right_eye,0,0,0.000000,0.000000,0.000000,2.000000,629.839355,164.794861,,,,0.025000,
SP_T_Jongkok_1,movenet,110,3.655381,ok,1,direct,0.496698,3,left_ear,0,0,0.000000,0.000000,0.000000,2.000000,682.824097,170.074081,,,,0.035000,
SP_T_Jongkok_1,movenet,110,3.655381,ok,1,direct,0.496698,4,right_ear,0,0,0.000000,0.000000,0.000000,2.000000,616.915039,173.848206,,,,0.035000,
SP_T_Jongkok_1,movenet,110,3.655381,ok,1,direct,0.496698,5,left_shoulder,1,1,2.000000,711.970000,243.650000,2.000000,702.838867,236.414230,11.650491,43.993329,1,0.079000,0.798720
SP_T_Jongkok_1,movenet,110,3.655381,ok,1,direct,0.496698,6,right_shoulder,1,1,2.000000,606.290000,253.440000,2.000000,604.349915,238.768997,14.798725,43.993329,1,0.079000,0.695851
SP_T_Jongkok_1,movenet,110,3.655381,ok,1,direct,0.496698,7,left_elbow,1,1,2.000000,719.630000,329.480000,2.000000,717.340454,310.089142,19.525558,43.993329,1,0.072000,0.467679
SP_T_Jongkok_1,movenet,110,3.655381,ok,1,direct,0.496698,8,right_elbow,1,1,2.000000,597.120000,329.360000,2.000000,594.295105,310.061218,19.504436,43.993329,1,0.072000,0.468448
SP_T_Jongkok_1,movenet,110,3.655381,ok,1,direct,0.496698,9,left_wrist,1,1,2.000000,707.230000,405.810000,2.000000,716.353516,380.151459,27.232320,43.993329,1,0.062000,0.136202
SP_T_Jongkok_1,movenet,110,3.655381,ok,1,direct,0.496698,10,right_wrist,1,1,2.000000,599.180000,408.050000,0.000000,611.898621,372.439056,,43.993329,0,0.062000,0.000000
SP_T_Jongkok_1,movenet,110,3.655381,ok,1,direct,0.496698,11,left_hip,1,1,2.000000,691.010000,418.360000,2.000000,685.378906,373.994080,44.721853,43.993329,0,0.107000,0.164439
SP_T_Jongkok_1,movenet,110,3.655381,ok,1,direct,0.496698,12,right_hip,1,1,2.000000,632.590000,420.180000,2.000000,615.315613,374.954834,48.411983,43.993329,0,0.107000,0.120584
SP_T_Jongkok_1,movenet,110,3.655381,ok,1,direct,0.496698,13,left_knee,1,1,2.000000,703.130000,532.460000,2.000000,689.756104,498.372894,36.616825,43.993329,1,0.087000,0.160327
SP_T_Jongkok_1,movenet,110,3.655381,ok,1,direct,0.496698,14,right_knee,1,1,2.000000,639.420000,533.300000,2.000000,623.774841,495.167572,41.217145,43.993329,1,0.087000,0.098334
SP_T_Jongkok_1,movenet,110,3.655381,ok,1,direct,0.496698,15,left_ankle,1,1,2.000000,711.210000,638.600000,2.000000,704.073120,624.976807,15.379416,43.993329,1,0.089000,0.734495
SP_T_Jongkok_1,movenet,110,3.655381,ok,1,direct,0.496698,16,right_ankle,1,1,2.000000,652.120000,638.450000,2.000000,631.733276,632.521606,21.231212,43.993329,1,0.089000,0.555401
SP_T_Jongkok_1,movenet,111,3.688612,ok,1,direct,0.502855,0,nose,0,0,0.000000,0.000000,0.000000,2.000000,637.618958,171.286560,,,,0.026000,
SP_T_Jongkok_1,movenet,111,3.688612,ok,1,direct,0.502855,1,left_eye,0,0,0.000000,0.000000,0.000000,2.000000,653.636841,163.687302,,,,0.025000,
SP_T_Jongkok_1,movenet,111,3.688612,ok,1,direct,0.502855,2,right_eye,0,0,0.000000,0.000000,0.000000,2.000000,629.720337,164.680557,,,,0.025000,
SP_T_Jongkok_1,movenet,111,3.688612,ok,1,direct,0.502855,3,left_ear,0,0,0.000000,0.000000,0.000000,2.000000,682.281006,169.994644,,,,0.035000,
SP_T_Jongkok_1,movenet,111,3.688612,ok,1,direct,0.502855,4,right_ear,0,0,0.000000,0.000000,0.000000,2.000000,616.763367,173.792618,,,,0.035000,
SP_T_Jongkok_1,movenet,111,3.688612,ok,1,direct,0.502855,5,left_shoulder,1,1,2.000000,711.970000,243.650000,2.000000,699.010315,233.177841,16.661919,43.993329,1,0.079000,0.631488
SP_T_Jongkok_1,movenet,111,3.688612,ok,1,direct,0.502855,6,right_shoulder,1,1,2.000000,606.290000,253.440000,2.000000,603.948730,238.885971,14.741143,43.993329,1,0.079000,0.697814
SP_T_Jongkok_1,movenet,111,3.688612,ok,1,direct,0.502855,7,left_elbow,1,1,2.000000,719.630000,329.480000,2.000000,717.671265,310.920044,18.663028,43.993329,1,0.072000,0.499417
SP_T_Jongkok_1,movenet,111,3.688612,ok,1,direct,0.502855,8,right_elbow,1,1,2.000000,597.120000,329.360000,2.000000,592.749878,310.468140,19.390729,43.993329,1,0.072000,0.472596
SP_T_Jongkok_1,movenet,111,3.688612,ok,1,direct,0.502855,9,left_wrist,1,1,2.000000,706.780000,405.810000,2.000000,715.771118,380.014557,27.317487,43.993329,1,0.062000,0.134511
SP_T_Jongkok_1,movenet,111,3.688612,ok,1,direct,0.502855,10,right_wrist,1,1,2.000000,599.180000,408.050000,0.000000,611.794800,372.247253,,43.993329,0,0.062000,0.000000
SP_T_Jongkok_1,movenet,111,3.688612,ok,1,direct,0.502855,11,left_hip,1,1,2.000000,691.010000,418.360000,2.000000,684.528198,375.471619,43.375419,43.993329,1,0.107000,0.183022
SP_T_Jongkok_1,movenet,111,3.688612,ok,1,direct,0.502855,12,right_hip,1,1,2.000000,632.590000,420.180000,2.000000,614.759216,375.823700,47.806048,43.993329,0,0.107000,0.127099
SP_T_Jongkok_1,movenet,111,3.688612,ok,1,direct,0.502855,13,left_knee,1,1,2.000000,703.130000,532.460000,2.000000,692.267822,498.274750,35.869461,43.993329,1,0.087000,0.172635
SP_T_Jongkok_1,movenet,111,3.688612,ok,1,direct,0.502855,14,right_knee,1,1,2.000000,639.420000,533.300000,2.000000,624.707886,497.299652,38.890505,43.993329,1,0.087000,0.126827
SP_T_Jongkok_1,movenet,111,3.688612,ok,1,direct,0.502855,15,left_ankle,1,1,2.000000,711.210000,638.600000,2.000000,703.366089,625.479614,15.286316,43.993329,1,0.089000,0.737236
SP_T_Jongkok_1,movenet,111,3.688612,ok,1,direct,0.502855,16,right_ankle,1,1,2.000000,652.120000,638.450000,2.000000,633.080505,632.253906,20.022336,43.993329,1,0.089000,0.592737
SP_T_Jongkok_1,movenet,112,3.721842,ok,1,direct,0.500077,0,nose,0,0,0.000000,0.000000,0.000000,2.000000,637.785156,171.565872,,,,0.026000,
SP_T_Jongkok_1,movenet,112,3.721842,ok,1,direct,0.500077,1,left_eye,0,0,0.000000,0.000000,0.000000,2.000000,653.859924,163.755295,,,,0.025000,
SP_T_Jongkok_1,movenet,112,3.721842,ok,1,direct,0.500077,2,right_eye,0,0,0.000000,0.000000,0.000000,2.000000,629.792114,164.880295,,,,0.025000,
SP_T_Jongkok_1,movenet,112,3.721842,ok,1,direct,0.500077,3,left_ear,0,0,0.000000,0.000000,0.000000,2.000000,682.428284,169.951218,,,,0.035000,
SP_T_Jongkok_1,movenet,112,3.721842,ok,1,direct,0.500077,4,right_ear,0,0,0.000000,0.000000,0.000000,2.000000,616.582520,173.905045,,,,0.035000,
SP_T_Jongkok_1,movenet,112,3.721842,ok,1,direct,0.500077,5,left_shoulder,1,1,2.000000,711.970000,243.650000,2.000000,703.103577,236.763123,11.226867,43.993329,1,0.079000,0.811640
SP_T_Jongkok_1,movenet,112,3.721842,ok,1,direct,0.500077,6,right_shoulder,1,1,2.000000,606.290000,253.440000,2.000000,603.938110,239.019089,14.611436,43.993329,1,0.079000,0.702227
SP_T_Jongkok_1,movenet,112,3.721842,ok,1,direct,0.500077,7,left_elbow,1,1,2.000000,719.630000,329.480000,2.000000,717.635010,309.734894,19.845634,43.993329,1,0.072000,0.456077
SP_T_Jongkok_1,movenet,112,3.721842,ok,1,direct,0.500077,8,right_elbow,1,1,2.000000,597.120000,329.360000,2.000000,591.995300,309.748901,20.269626,43.993329,1,0.072000,0.440873
SP_T_Jongkok_1,movenet,112,3.721842,ok,1,direct,0.500077,9,left_wrist,1,1,2.000000,706.320000,405.810000,2.000000,716.196411,376.954468,30.498938,43.993329,1,0.062000,0.082037
SP_T_Jongkok_1,movenet,112,3.721842,ok,1,direct,0.500077,10,right_wrist,1,1,2.000000,599.180000,408.050000,0.000000,610.225159,370.389130,,43.993329,0,0.062000,0.000000
SP_T_Jongkok_1,movenet,112,3.721842,ok,1,direct,0.500077,11,left_hip,1,1,2.000000,691.010000,418.360000,2.000000,685.625671,374.490570,44.198618,43.993329,0,0.107000,0.171492
SP_T_Jongkok_1,movenet,112,3.721842,ok,1,direct,0.500077,12,right_hip,1,1,2.000000,632.590000,420.180000,2.000000,616.073059,374.668579,48.415894,43.993329,0,0.107000,0.120543
SP_T_Jongkok_1,movenet,112,3.721842,ok,1,direct,0.500077,13,left_knee,1,1,2.000000,703.130000,532.460000,2.000000,692.882751,497.163544,36.753856,43.993329,1,0.087000,0.158141
SP_T_Jongkok_1,movenet,112,3.721842,ok,1,direct,0.500077,14,right_knee,1,1,2.000000,639.420000,533.300000,2.000000,625.274109,496.291962,39.619454,43.993329,1,0.087000,0.117295
SP_T_Jongkok_1,movenet,112,3.721842,ok,1,direct,0.500077,15,left_ankle,1,1,2.000000,711.210000,638.600000,2.000000,703.687866,624.361145,16.103648,43.993329,1,0.089000,0.712969
SP_T_Jongkok_1,movenet,112,3.721842,ok,1,direct,0.500077,16,right_ankle,1,1,2.000000,652.120000,638.450000,2.000000,631.879150,631.670288,21.346112,43.993329,1,0.089000,0.551867
SP_T_Jongkok_1,movenet,113,3.755073,ok,1,direct,0.502274,0,nose,0,0,0.000000,0.000000,0.000000,2.000000,638.591309,171.642853,,,,0.026000,
SP_T_Jongkok_1,movenet,113,3.755073,ok,1,direct,0.502274,1,left_eye,0,0,0.000000,0.000000,0.000000,2.000000,654.507568,163.837326,,,,0.025000,
SP_T_Jongkok_1,movenet,113,3.755073,ok,1,direct,0.502274,2,right_eye,0,0,0.000000,0.000000,0.000000,2.000000,630.422852,164.940536,,,,0.025000,
SP_T_Jongkok_1,movenet,113,3.755073,ok,1,direct,0.502274,3,left_ear,0,0,0.000000,0.000000,0.000000,2.000000,682.572510,169.861160,,,,0.035000,
SP_T_Jongkok_1,movenet,113,3.755073,ok,1,direct,0.502274,4,right_ear,0,0,0.000000,0.000000,0.000000,2.000000,616.589600,173.755875,,,,0.035000,
SP_T_Jongkok_1,movenet,113,3.755073,ok,1,direct,0.502274,5,left_shoulder,1,1,2.000000,711.970000,243.650000,2.000000,702.813354,236.264160,11.764131,43.993329,1,0.079000,0.795208
SP_T_Jongkok_1,movenet,113,3.755073,ok,1,direct,0.502274,6,right_shoulder,1,1,2.000000,606.290000,253.440000,2.000000,604.120605,238.559723,15.037584,43.993329,1,0.079000,0.687688
SP_T_Jongkok_1,movenet,113,3.755073,ok,1,direct,0.502274,7,left_elbow,1,1,2.000000,719.630000,329.480000,2.000000,717.230347,309.548157,20.075774,43.993329,1,0.072000,0.447800
SP_T_Jongkok_1,movenet,113,3.755073,ok,1,direct,0.502274,8,right_elbow,1,1,2.000000,597.120000,329.360000,2.000000,593.328125,310.123749,19.606419,43.993329,1,0.072000,0.464738
SP_T_Jongkok_1,movenet,113,3.755073,ok,1,direct,0.502274,9,left_wrist,1,1,2.000000,705.870000,405.810000,2.000000,715.949585,376.802094,30.709228,43.993329,1,0.062000,0.079247
SP_T_Jongkok_1,movenet,113,3.755073,ok,1,direct,0.502274,10,right_wrist,1,1,2.000000,599.180000,408.050000,0.000000,611.877930,370.530823,,43.993329,0,0.062000,0.000000
SP_T_Jongkok_1,movenet,113,3.755073,ok,1,direct,0.502274,11,left_hip,1,1,2.000000,691.010000,418.360000,2.000000,686.161804,375.820435,42.814946,43.993329,1,0.107000,0.191178
SP_T_Jongkok_1,movenet,113,3.755073,ok,1,direct,0.502274,12,right_hip,1,1,2.000000,632.590000,420.180000,2.000000,615.741699,375.997070,47.286325,43.993329,0,0.107000,0.132897
SP_T_Jongkok_1,movenet,113,3.755073,ok,1,direct,0.502274,13,left_knee,1,1,2.000000,703.130000,532.460000,2.000000,693.372681,498.452972,35.379135,43.993329,1,0.087000,0.181068
SP_T_Jongkok_1,movenet,113,3.755073,ok,1,direct,0.502274,14,right_knee,1,1,2.000000,639.420000,533.300000,2.000000,624.881714,497.154816,38.959416,43.993329,1,0.087000,0.125902
SP_T_Jongkok_1,movenet,113,3.755073,ok,1,direct,0.502274,15,left_ankle,1,1,2.000000,711.210000,638.600000,2.000000,704.052185,624.680847,15.651745,43.993329,1,0.089000,0.726442
SP_T_Jongkok_1,movenet,113,3.755073,ok,1,direct,0.502274,16,right_ankle,1,1,2.000000,652.120000,638.450000,2.000000,631.507446,632.415527,21.477715,43.993329,1,0.089000,0.547824
SP_T_Jongkok_1,movenet,114,3.788304,ok,1,direct,0.496760,0,nose,0,0,0.000000,0.000000,0.000000,2.000000,638.364807,171.585251,,,,0.026000,
SP_T_Jongkok_1,movenet,114,3.788304,ok,1,direct,0.496760,1,left_eye,0,0,0.000000,0.000000,0.000000,2.000000,654.309143,163.823776,,,,0.025000,
SP_T_Jongkok_1,movenet,114,3.788304,ok,1,direct,0.496760,2,right_eye,0,0,0.000000,0.000000,0.000000,2.000000,630.444397,164.862198,,,,0.025000,
SP_T_Jongkok_1,movenet,114,3.788304,ok,1,direct,0.496760,3,left_ear,0,0,0.000000,0.000000,0.000000,2.000000,682.716431,169.899719,,,,0.035000,
SP_T_Jongkok_1,movenet,114,3.788304,ok,1,direct,0.496760,4,right_ear,0,0,0.000000,0.000000,0.000000,2.000000,616.649902,173.657547,,,,0.035000,
SP_T_Jongkok_1,movenet,114,3.788304,ok,1,direct,0.496760,5,left_shoulder,1,1,2.000000,711.970000,243.650000,2.000000,703.993774,236.932053,10.428374,43.993329,1,0.079000,0.835214
SP_T_Jongkok_1,movenet,114,3.788304,ok,1,direct,0.496760,6,right_shoulder,1,1,2.000000,606.290000,253.440000,2.000000,602.817810,239.228653,14.629371,43.993329,1,0.079000,0.701617
SP_T_Jongkok_1,movenet,114,3.788304,ok,1,direct,0.496760,7,left_elbow,1,1,2.000000,719.630000,329.480000,2.000000,719.015991,309.495636,19.993794,43.993329,1,0.072000,0.450742
SP_T_Jongkok_1,movenet,114,3.788304,ok,1,direct,0.496760,8,right_elbow,1,1,2.000000,597.120000,329.360000,2.000000,591.817932,311.741791,18.398729,43.993329,1,0.072000,0.509265
SP_T_Jongkok_1,movenet,114,3.788304,ok,1,direct,0.496760,9,left_wrist,1,1,2.000000,705.420000,405.810000,2.000000,716.291260,376.229797,31.514642,43.993329,1,0.062000,0.069258
SP_T_Jongkok_1,movenet,114,3.788304,ok,1,direct,0.496760,10,right_wrist,1,1,2.000000,599.180000,408.050000,0.000000,611.964172,371.151154,,43.993329,0,0.062000,0.000000
SP_T_Jongkok_1,movenet,114,3.788304,ok,1,direct,0.496760,11,left_hip,1,1,2.000000,691.010000,418.360000,2.000000,688.120789,375.254120,43.202598,43.993329,1,0.107000,0.185510
SP_T_Jongkok_1,movenet,114,3.788304,ok,1,direct,0.496760,12,right_hip,1,1,2.000000,632.590000,420.180000,2.000000,614.561157,377.177795,46.628626,43.993329,0,0.107000,0.140517
SP_T_Jongkok_1,movenet,114,3.788304,ok,1,direct,0.496760,13,left_knee,1,1,2.000000,703.130000,532.460000,2.000000,693.881775,499.122192,34.596807,43.993329,1,0.087000,0.195120
SP_T_Jongkok_1,movenet,114,3.788304,ok,1,direct,0.496760,14,right_knee,1,1,2.000000,639.420000,533.300000,2.000000,623.732239,498.304016,38.351333,43.993329,1,0.087000,0.134248
SP_T_Jongkok_1,movenet,114,3.788304,ok,1,direct,0.496760,15,left_ankle,1,1,2.000000,711.210000,638.600000,2.000000,703.496765,625.425293,15.266529,43.993329,1,0.089000,0.737818
SP_T_Jongkok_1,movenet,114,3.788304,ok,1,direct,0.496760,16,right_ankle,1,1,2.000000,652.120000,638.450000,2.000000,631.517273,632.540039,21.433618,43.993329,1,0.089000,0.549178
SP_T_Jongkok_1,movenet,115,3.821534,ok,1,direct,0.492968,0,nose,0,0,0.000000,0.000000,0.000000,2.000000,637.986511,171.429810,,,,0.026000,
SP_T_Jongkok_1,movenet,115,3.821534,ok,1,direct,0.492968,1,left_eye,0,0,0.000000,0.000000,0.000000,2.000000,654.040405,163.852814,,,,0.025000,
SP_T_Jongkok_1,movenet,115,3.821534,ok,1,direct,0.492968,2,right_eye,0,0,0.000000,0.000000,0.000000,2.000000,630.191284,164.787903,,,,0.025000,
SP_T_Jongkok_1,movenet,115,3.821534,ok,1,direct,0.492968,3,left_ear,0,0,0.000000,0.000000,0.000000,2.000000,682.774536,169.925491,,,,0.035000,
SP_T_Jongkok_1,movenet,115,3.821534,ok,1,direct,0.492968,4,right_ear,0,0,0.000000,0.000000,0.000000,2.000000,616.804321,173.617050,,,,0.035000,
SP_T_Jongkok_1,movenet,115,3.821534,ok,1,direct,0.492968,5,left_shoulder,1,1,2.000000,711.970000,243.650000,2.000000,699.335266,233.729797,16.063839,43.993329,1,0.079000,0.652288
SP_T_Jongkok_1,movenet,115,3.821534,ok,1,direct,0.492968,6,right_shoulder,1,1,2.000000,606.290000,253.440000,2.000000,602.692810,240.180298,13.738977,43.993329,1,0.079000,0.731584
SP_T_Jongkok_1,movenet,115,3.821534,ok,1,direct,0.492968,7,left_elbow,1,1,2.000000,719.630000,329.480000,2.000000,717.638000,311.145203,18.442691,43.993329,1,0.072000,0.507623
SP_T_Jongkok_1,movenet,115,3.821534,ok,1,direct,0.492968,8,right_elbow,1,1,2.000000,597.120000,329.360000,2.000000,591.826843,314.012146,16.234966,43.993329,1,0.072000,0.591316
SP_T_Jongkok_1,movenet,115,3.821534,ok,1,direct,0.492968,9,left_wrist,1,1,2.000000,704.960000,405.810000,2.000000,715.453857,376.584412,31.052473,43.993329,1,0.062000,0.074857
SP_T_Jongkok_1,movenet,115,3.821534,ok,1,direct,0.492968,10,right_wrist,1,1,2.000000,599.180000,408.050000,0.000000,612.563232,372.359070,,43.993329,0,0.062000,0.000000
SP_T_Jongkok_1,movenet,115,3.821534,ok,1,direct,0.492968,11,left_hip,1,1,2.000000,691.010000,418.360000,2.000000,688.003479,377.875610,40.595874,43.993329,1,0.107000,0.225940
SP_T_Jongkok_1,movenet,115,3.821534,ok,1,direct,0.492968,12,right_hip,1,1,2.000000,632.590000,420.180000,2.000000,614.158569,379.349426,44.797917,43.993329,0,0.107000,0.163432
SP_T_Jongkok_1,movenet,115,3.821534,ok,1,direct,0.492968,13,left_knee,1,1,2.000000,703.130000,532.460000,2.000000,694.597656,501.920258,31.709254,43.993329,1,0.087000,0.253410
SP_T_Jongkok_1,movenet,115,3.821534,ok,1,direct,0.492968,14,right_knee,1,1,2.000000,639.420000,533.300000,2.000000,624.376099,502.146484,34.595672,43.993329,1,0.087000,0.195141
SP_T_Jongkok_1,movenet,115,3.821534,ok,1,direct,0.492968,15,left_ankle,1,1,2.000000,711.210000,638.600000,2.000000,705.432861,625.608704,14.217915,43.993329,1,0.089000,0.768186
SP_T_Jongkok_1,movenet,115,3.821534,ok,1,direct,0.492968,16,right_ankle,1,1,2.000000,652.120000,638.450000,2.000000,630.987488,633.108032,21.797240,43.993329,1,0.089000,0.538031
SP_T_Jongkok_1,movenet,116,3.854765,ok,1,direct,0.488942,0,nose,0,0,0.000000,0.000000,0.000000,2.000000,637.832703,171.616486,,,,0.026000,
SP_T_Jongkok_1,movenet,116,3.854765,ok,1,direct,0.488942,1,left_eye,0,0,0.000000,0.000000,0.000000,2.000000,653.868774,163.964539,,,,0.025000,
SP_T_Jongkok_1,movenet,116,3.854765,ok,1,direct,0.488942,2,right_eye,0,0,0.000000,0.000000,0.000000,2.000000,629.993408,164.932999,,,,0.025000,
SP_T_Jongkok_1,movenet,116,3.854765,ok,1,direct,0.488942,3,left_ear,0,0,0.000000,0.000000,0.000000,2.000000,682.627441,169.994904,,,,0.035000,
SP_T_Jongkok_1,movenet,116,3.854765,ok,1,direct,0.488942,4,right_ear,0,0,0.000000,0.000000,0.000000,2.000000,616.856689,173.660416,,,,0.035000,
SP_T_Jongkok_1,movenet,116,3.854765,ok,1,direct,0.488942,5,left_shoulder,1,1,2.000000,711.970000,243.650000,2.000000,699.602417,233.665955,15.894599,43.993329,1,0.079000,0.658156
SP_T_Jongkok_1,movenet,116,3.854765,ok,1,direct,0.488942,6,right_shoulder,1,1,2.000000,606.290000,253.440000,2.000000,602.481445,240.227798,13.750177,43.993329,1,0.079000,0.731211
SP_T_Jongkok_1,movenet,116,3.854765,ok,1,direct,0.488942,7,left_elbow,1,1,2.000000,719.630000,329.480000,2.000000,718.587646,310.667358,18.841496,43.993329,1,0.072000,0.492798
SP_T_Jongkok_1,movenet,116,3.854765,ok,1,direct,0.488942,8,right_elbow,1,1,2.000000,597.120000,329.360000,2.000000,590.588867,313.080353,17.540884,43.993329,1,0.072000,0.541544
SP_T_Jongkok_1,movenet,116,3.854765,ok,1,direct,0.488942,9,left_wrist,1,1,2.000000,704.510000,405.810000,2.000000,715.789429,374.413086,33.361531,43.993329,1,0.062000,0.050186
SP_T_Jongkok_1,movenet,116,3.854765,ok,1,direct,0.488942,10,right_wrist,1,1,2.000000,599.180000,408.050000,0.000000,611.494812,371.555420,,43.993329,0,0.062000,0.000000
SP_T_Jongkok_1,movenet,116,3.854765,ok,1,direct,0.488942,11,left_hip,1,1,2.000000,691.010000,418.360000,2.000000,687.194214,377.702789,40.835879,43.993329,1,0.107000,0.221990
SP_T_Jongkok_1,movenet,116,3.854765,ok,1,direct,0.488942,12,right_hip,1,1,2.000000,632.590000,420.180000,2.000000,612.734314,378.872833,45.831543,43.993329,0,0.107000,0.150182
SP_T_Jongkok_1,movenet,116,3.854765,ok,1,direct,0.488942,13,left_knee,1,1,2.000000,703.130000,532.460000,2.000000,694.266663,501.446533,32.255137,43.993329,1,0.087000,0.241613
SP_T_Jongkok_1,movenet,116,3.854765,ok,1,direct,0.488942,14,right_knee,1,1,2.000000,639.420000,533.300000,2.000000,621.163818,502.241699,36.026465,43.993329,1,0.087000,0.169994
SP_T_Jongkok_1,movenet,116,3.854765,ok,1,direct,0.488942,15,left_ankle,1,1,2.000000,711.210000,638.600000,2.000000,703.510986,626.159119,14.630459,43.993329,1,0.089000,0.756351
SP_T_Jongkok_1,movenet,116,3.854765,ok,1,direct,0.488942,16,right_ankle,1,1,2.000000,652.120000,638.450000,2.000000,628.569885,633.708252,24.022741,43.993329,1,0.089000,0.471012
SP_T_Jongkok_1,movenet,117,3.887996,ok,1,direct,0.490458,0,nose,0,0,0.000000,0.000000,0.000000,2.000000,638.240479,171.708054,,,,0.026000,
SP_T_Jongkok_1,movenet,117,3.887996,ok,1,direct,0.490458,1,left_eye,0,0,0.000000,0.000000,0.000000,2.000000,654.384460,164.054550,,,,0.025000,
SP_T_Jongkok_1,movenet,117,3.887996,ok,1,direct,0.490458,2,right_eye,0,0,0.000000,0.000000,0.000000,2.000000,630.533142,164.979736,,,,0.025000,
SP_T_Jongkok_1,movenet,117,3.887996,ok,1,direct,0.490458,3,left_ear,0,0,0.000000,0.000000,0.000000,2.000000,683.059814,170.114273,,,,0.035000,
SP_T_Jongkok_1,movenet,117,3.887996,ok,1,direct,0.490458,4,right_ear,0,0,0.000000,0.000000,0.000000,2.000000,616.897705,173.795883,,,,0.035000,
SP_T_Jongkok_1,movenet,117,3.887996,ok,1,direct,0.490458,5,left_shoulder,1,1,2.000000,711.970000,243.650000,2.000000,699.882263,233.917145,15.519080,43.993329,1,0.079000,0.671138
SP_T_Jongkok_1,movenet,117,3.887996,ok,1,direct,0.490458,6,right_shoulder,1,1,2.000000,606.290000,253.440000,2.000000,602.068848,240.516800,13.595118,43.993329,1,0.079000,0.736362
SP_T_Jongkok_1,movenet,117,3.887996,ok,1,direct,0.490458,7,left_elbow,1,1,2.000000,719.630000,329.480000,2.000000,718.029419,310.462524,19.084712,43.993329,1,0.072000,0.483819
SP_T_Jongkok_1,movenet,117,3.887996,ok,1,direct,0.490458,8,right_elbow,1,1,2.000000,597.120000,329.360000,2.000000,590.373901,314.507050,16.313184,43.993329,1,0.072000,0.588323
SP_T_Jongkok_1,movenet,117,3.887996,ok,1,direct,0.490458,9,left_wrist,1,1,2.000000,704.060000,405.810000,2.000000,714.694946,371.259491,36.150239,43.993329,1,0.062000,0.029803
SP_T_Jongkok_1,movenet,117,3.887996,ok,1,direct,0.490458,10,right_wrist,1,1,2.000000,599.180000,408.050000,0.000000,613.393677,370.688873,,43.993329,0,0.062000,0.000000
SP_T_Jongkok_1,movenet,117,3.887996,ok,1,direct,0.490458,11,left_hip,1,1,2.000000,691.010000,418.360000,2.000000,687.608337,378.051697,40.451584,43.993329,1,0.107000,0.228338
SP_T_Jongkok_1,movenet,117,3.887996,ok,1,direct,0.490458,12,right_hip,1,1,2.000000,632.590000,420.180000,2.000000,612.962891,378.552643,46.022389,43.993329,0,0.107000,0.147824
SP_T_Jongkok_1,movenet,117,3.887996,ok,1,direct,0.490458,13,left_knee,1,1,2.000000,703.130000,532.460000,2.000000,693.309875,502.062317,31.944545,43.993329,1,0.087000,0.248281
SP_T_Jongkok_1,movenet,117,3.887996,ok,1,direct,0.490458,14,right_knee,1,1,2.000000,639.420000,533.300000,2.000000,621.199951,503.269867,35.125191,43.993329,1,0.087000,0.185549
SP_T_Jongkok_1,movenet,117,3.887996,ok,1,direct,0.490458,15,left_ankle,1,1,2.000000,711.210000,638.600000,2.000000,702.136597,628.095093,13.880912,43.993329,1,0.089000,0.777735
SP_T_Jongkok_1,movenet,117,3.887996,ok,1,direct,0.490458,16,right_ankle,1,1,2.000000,652.120000,638.450000,2.000000,628.896240,634.318665,23.588365,43.993329,1,0.089000,0.483893
SP_T_Jongkok_1,movenet,118,3.921227,ok,1,direct,0.489063,0,nose,0,0,0.000000,0.000000,0.000000,2.000000,638.978516,171.685394,,,,0.026000,
SP_T_Jongkok_1,movenet,118,3.921227,ok,1,direct,0.489063,1,left_eye,0,0,0.000000,0.000000,0.000000,2.000000,655.093994,164.094269,,,,0.025000,
SP_T_Jongkok_1,movenet,118,3.921227,ok,1,direct,0.489063,2,right_eye,0,0,0.000000,0.000000,0.000000,2.000000,631.188599,164.980728,,,,0.025000,
SP_T_Jongkok_1,movenet,118,3.921227,ok,1,direct,0.489063,3,left_ear,0,0,0.000000,0.000000,0.000000,2.000000,683.094177,170.485229,,,,0.035000,
SP_T_Jongkok_1,movenet,118,3.921227,ok,1,direct,0.489063,4,right_ear,0,0,0.000000,0.000000,0.000000,2.000000,617.055054,174.020264,,,,0.035000,
SP_T_Jongkok_1,movenet,118,3.921227,ok,1,direct,0.489063,5,left_shoulder,1,1,2.000000,711.970000,243.650000,2.000000,699.557190,234.147430,15.632552,43.993329,1,0.079000,0.667221
SP_T_Jongkok_1,movenet,118,3.921227,ok,1,direct,0.489063,6,right_shoulder,1,1,2.000000,606.290000,253.440000,2.000000,602.180603,241.038971,13.064175,43.993329,1,0.079000,0.753824
SP_T_Jongkok_1,movenet,118,3.921227,ok,1,direct,0.489063,7,left_elbow,1,1,2.000000,719.630000,329.480000,2.000000,718.617615,309.579102,19.926632,43.993329,1,0.072000,0.453158
SP_T_Jongkok_1,movenet,118,3.921227,ok,1,direct,0.489063,8,right_elbow,1,1,2.000000,597.120000,329.360000,2.000000,589.187866,314.444916,16.893149,43.993329,1,0.072000,0.566165
SP_T_Jongkok_1,movenet,118,3.921227,ok,1,direct,0.489063,9,left_wrist,1,1,2.000000,703.600000,405.810000,2.000000,713.585815,368.052155,39.056003,43.993329,1,0.062000,0.016563
SP_T_Jongkok_1,movenet,118,3.921227,ok,1,direct,0.489063,10,right_wrist,1,1,2.000000,599.180000,408.050000,0.000000,613.021362,370.208221,,43.993329,0,0.062000,0.000000
SP_T_Jongkok_1,movenet,118,3.921227,ok,1,direct,0.489063,11,left_hip,1,1,2.000000,691.010000,418.360000,2.000000,687.177612,378.664398,39.880170,43.993329,1,0.107000,0.237997
SP_T_Jongkok_1,movenet,118,3.921227,ok,1,direct,0.489063,12,right_hip,1,1,2.000000,632.590000,420.180000,2.000000,612.300720,379.156494,45.766613,43.993329,0,0.107000,0.150990
SP_T_Jongkok_1,movenet,118,3.921227,ok,1,direct,0.489063,13,left_knee,1,1,2.000000,703.130000,532.460000,2.000000,693.400879,502.125977,31.856063,43.993329,1,0.087000,0.250202
SP_T_Jongkok_1,movenet,118,3.921227,ok,1,direct,0.489063,14,right_knee,1,1,2.000000,639.420000,533.300000,2.000000,620.927673,503.340515,35.207057,43.993329,1,0.087000,0.184096
SP_T_Jongkok_1,movenet,118,3.921227,ok,1,direct,0.489063,15,left_ankle,1,1,2.000000,711.210000,638.600000,2.000000,702.729553,627.323059,14.109833,43.993329,1,0.089000,0.771261
SP_T_Jongkok_1,movenet,118,3.921227,ok,1,direct,0.489063,16,right_ankle,1,1,2.000000,652.120000,638.450000,2.000000,627.346985,632.838501,25.400614,43.993329,1,0.089000,0.430971
SP_T_Jongkok_1,movenet,119,3.954457,ok,1,direct,0.493794,0,nose,0,0,0.000000,0.000000,0.000000,2.000000,638.907837,171.857605,,,,0.026000,
SP_T_Jongkok_1,movenet,119,3.954457,ok,1,direct,0.493794,1,left_eye,0,0,0.000000,0.000000,0.000000,2.000000,655.267395,164.189865,,,,0.025000,
SP_T_Jongkok_1,movenet,119,3.954457,ok,1,direct,0.493794,2,right_eye,0,0,0.000000,0.000000,0.000000,2.000000,631.375854,165.079742,,,,0.025000,
SP_T_Jongkok_1,movenet,119,3.954457,ok,1,direct,0.493794,3,left_ear,0,0,0.000000,0.000000,0.000000,2.000000,683.241638,170.318253,,,,0.035000,
SP_T_Jongkok_1,movenet,119,3.954457,ok,1,direct,0.493794,4,right_ear,0,0,0.000000,0.000000,0.000000,2.000000,617.027161,173.885513,,,,0.035000,
SP_T_Jongkok_1,movenet,119,3.954457,ok,1,direct,0.493794,5,left_shoulder,1,1,2.000000,711.970000,243.650000,2.000000,699.187744,234.376740,15.791752,43.993329,1,0.079000,0.661717
SP_T_Jongkok_1,movenet,119,3.954457,ok,1,direct,0.493794,6,right_shoulder,1,1,2.000000,606.290000,253.440000,2.000000,600.903320,241.417816,13.173808,43.993329,1,0.079000,0.750242
SP_T_Jongkok_1,movenet,119,3.954457,ok,1,direct,0.493794,7,left_elbow,1,1,2.000000,719.630000,329.480000,2.000000,715.830017,311.940704,17.946219,43.993329,1,0.072000,0.526237
SP_T_Jongkok_1,movenet,119,3.954457,ok,1,direct,0.493794,8,right_elbow,1,1,2.000000,597.120000,329.360000,2.000000,590.616089,313.987885,16.691399,43.993329,1,0.072000,0.573864
SP_T_Jongkok_1,movenet,119,3.954457,ok,1,direct,0.493794,9,left_wrist,1,1,2.000000,703.150000,405.810000,2.000000,712.063599,372.237274,34.735863,43.993329,1,0.062000,0.039023
SP_T_Jongkok_1,movenet,119,3.954457,ok,1,direct,0.493794,10,right_wrist,1,1,2.000000,599.180000,408.050000,0.000000,613.227539,374.153656,,43.993329,0,0.062000,0.000000
SP_T_Jongkok_1,movenet,119,3.954457,ok,1,direct,0.493794,11,left_hip,1,1,2.000000,691.010000,418.360000,2.000000,686.412415,381.107178,37.535457,43.993329,1,0.107000,0.280365
SP_T_Jongkok_1,movenet,119,3.954457,ok,1,direct,0.493794,12,right_hip,1,1,2.000000,632.590000,420.180000,2.000000,611.766235,381.290894,44.113397,43.993329,0,0.107000,0.172661
SP_T_Jongkok_1,movenet,119,3.954457,ok,1,direct,0.493794,13,left_knee,1,1,2.000000,703.130000,532.460000,2.000000,692.305420,505.058533,29.462042,43.993329,1,0.087000,0.305725
SP_T_Jongkok_1,movenet,119,3.954457,ok,1,direct,0.493794,14,right_knee,1,1,2.000000,639.420000,533.300000,2.000000,621.215088,505.397278,33.316373,43.993329,1,0.087000,0.219716
SP_T_Jongkok_1,movenet,119,3.954457,ok,1,direct,0.493794,15,left_ankle,1,1,2.000000,711.210000,638.600000,2.000000,703.373962,628.231384,12.996603,43.993329,1,0.089000,0.802229
SP_T_Jongkok_1,movenet,119,3.954457,ok,1,direct,0.493794,16,right_ankle,1,1,2.000000,652.120000,638.450000,2.000000,628.625122,632.485107,24.240240,43.993329,1,0.089000,0.464605
SP_T_Jongkok_1,movenet,120,3.987688,ok,1,direct,0.509430,0,nose,0,0,0.000000,0.000000,0.000000,2.000000,642.739319,171.278503,,,,0.026000,
SP_T_Jongkok_1,movenet,120,3.987688,ok,1,direct,0.509430,1,left_eye,0,0,0.000000,0.000000,0.000000,2.000000,657.356628,164.464294,,,,0.025000,
SP_T_Jongkok_1,movenet,120,3.987688,ok,1,direct,0.509430,2,right_eye,0,0,0.000000,0.000000,0.000000,2.000000,633.949951,165.069016,,,,0.025000,
SP_T_Jongkok_1,movenet,120,3.987688,ok,1,direct,0.509430,3,left_ear,0,0,0.000000,0.000000,0.000000,2.000000,684.847290,170.184692,,,,0.035000,
SP_T_Jongkok_1,movenet,120,3.987688,ok,1,direct,0.509430,4,right_ear,0,0,0.000000,0.000000,0.000000,2.000000,619.822449,173.797531,,,,0.035000,
SP_T_Jongkok_1,movenet,120,3.987688,ok,1,direct,0.509430,5,left_shoulder,1,1,2.000000,711.970000,243.650000,2.000000,701.716187,234.720490,13.596943,43.993329,1,0.079000,0.736302
SP_T_Jongkok_1,movenet,120,3.987688,ok,1,direct,0.509430,6,right_shoulder,1,1,2.000000,606.290000,253.440000,2.000000,601.449402,241.871094,12.540773,43.993329,1,0.079000,0.770739
SP_T_Jongkok_1,movenet,120,3.987688,ok,1,direct,0.509430,7,left_elbow,1,1,2.000000,719.630000,329.480000,2.000000,720.245850,310.726685,18.763425,43.993329,1,0.072000,0.495690
SP_T_Jongkok_1,movenet,120,3.987688,ok,1,direct,0.509430,8,right_elbow,1,1,2.000000,597.120000,329.360000,2.000000,590.432983,313.806396,16.930173,43.993329,1,0.072000,0.564754
SP_T_Jongkok_1,movenet,120,3.987688,ok,1,direct,0.509430,9,left_wrist,1,1,2.000000,702.690000,405.810000,2.000000,715.619141,374.681519,33.706751,43.993329,1,0.062000,0.047157
SP_T_Jongkok_1,movenet,120,3.987688,ok,1,direct,0.509430,10,right_wrist,1,1,2.000000,599.180000,408.050000,0.000000,611.442383,374.757172,,43.993329,0,0.062000,0.000000
SP_T_Jongkok_1,movenet,120,3.987688,ok,1,direct,0.509430,11,left_hip,1,1,2.000000,691.010000,418.360000,2.000000,689.780762,376.443970,41.934051,43.993329,1,0.107000,0.204504
SP_T_Jongkok_1,movenet,120,3.987688,ok,1,direct,0.509430,12,right_hip,1,1,2.000000,632.590000,420.180000,2.000000,617.346863,376.554932,46.211469,43.993329,0,0.107000,0.145515
SP_T_Jongkok_1,movenet,120,3.987688,ok,1,direct,0.509430,13,left_knee,1,1,2.000000,703.130000,532.460000,2.000000,696.338013,499.567657,33.586266,43.993329,1,0.087000,0.214365
SP_T_Jongkok_1,movenet,120,3.987688,ok,1,direct,0.509430,14,right_knee,1,1,2.000000,639.420000,533.300000,2.000000,621.618530,499.413666,38.277617,43.993329,1,0.087000,0.135287
SP_T_Jongkok_1,movenet,120,3.987688,ok,1,direct,0.509430,15,left_ankle,1,1,2.000000,711.210000,638.600000,2.000000,701.405151,625.672729,16.224962,43.993329,1,0.089000,0.709330
SP_T_Jongkok_1,movenet,120,3.987688,ok,1,direct,0.509430,16,right_ankle,1,1,2.000000,652.120000,638.450000,2.000000,630.583008,633.164856,22.175996,43.993329,1,0.089000,0.526466
SP_T_Jongkok_1,movenet,121,4.020919,ok,1,direct,0.507617,0,nose,0,0,0.000000,0.000000,0.000000,2.000000,642.999023,171.302979,,,,0.026000,
SP_T_Jongkok_1,movenet,121,4.020919,ok,1,direct,0.507617,1,left_eye,0,0,0.000000,0.000000,0.000000,2.000000,657.780762,164.860458,,,,0.025000,
SP_T_Jongkok_1,movenet,121,4.020919,ok,1,direct,0.507617,2,right_eye,0,0,0.000000,0.000000,0.000000,2.000000,634.060364,165.155502,,,,0.025000,
SP_T_Jongkok_1,movenet,121,4.020919,ok,1,direct,0.507617,3,left_ear,0,0,0.000000,0.000000,0.000000,2.000000,684.207397,170.879486,,,,0.035000,
SP_T_Jongkok_1,movenet,121,4.020919,ok,1,direct,0.507617,4,right_ear,0,0,0.000000,0.000000,0.000000,2.000000,620.695801,173.906036,,,,0.035000,
SP_T_Jongkok_1,movenet,121,4.020919,ok,1,direct,0.507617,5,left_shoulder,1,1,2.000000,711.970000,243.650000,2.000000,700.740967,234.673508,14.375973,43.993329,1,0.079000,0.710208
SP_T_Jongkok_1,movenet,121,4.020919,ok,1,direct,0.507617,6,right_shoulder,1,1,2.000000,606.290000,253.440000,2.000000,601.852417,241.975418,12.293445,43.993329,1,0.079000,0.778617
SP_T_Jongkok_1,movenet,121,4.020919,ok,1,direct,0.507617,7,left_elbow,1,1,2.000000,719.630000,329.480000,2.000000,717.965393,311.330994,18.225184,43.993329,1,0.072000,0.515758
SP_T_Jongkok_1,movenet,121,4.020919,ok,1,direct,0.507617,8,right_elbow,1,1,2.000000,597.120000,329.360000,2.000000,592.345032,314.385742,15.717147,43.993329,1,0.072000,0.611143
SP_T_Jongkok_1,movenet,121,4.020919,ok,1,direct,0.507617,9,left_wrist,1,1,2.000000,702.240000,405.810000,2.000000,714.425964,370.753326,37.114257,43.993329,1,0.062000,0.024649
SP_T_Jongkok_1,movenet,121,4.020919,ok,1,direct,0.507617,10,right_wrist,1,1,2.000000,599.180000,408.050000,0.000000,613.410828,378.766357,,43.993329,0,0.062000,0.000000
SP_T_Jongkok_1,movenet,121,4.020919,ok,1,direct,0.507617,11,left_hip,1,1,2.000000,691.010000,418.360000,2.000000,691.290955,376.931061,41.429892,43.993329,1,0.107000,0.212411
SP_T_Jongkok_1,movenet,121,4.020919,ok,1,direct,0.507617,12,right_hip,1,1,2.000000,632.590000,420.180000,2.000000,616.304626,378.347412,44.890743,43.993329,0,0.107000,0.162208
SP_T_Jongkok_1,movenet,121,4.020919,ok,1,direct,0.507617,13,left_knee,1,1,2.000000,703.130000,532.460000,2.000000,692.138977,505.157410,29.431854,43.993329,1,0.087000,0.306468
SP_T_Jongkok_1,movenet,121,4.020919,ok,1,direct,0.507617,14,right_knee,1,1,2.000000,639.420000,533.300000,2.000000,621.683594,502.013092,35.964576,43.993329,1,0.087000,0.171032
SP_T_Jongkok_1,movenet,121,4.020919,ok,1,direct,0.507617,15,left_ankle,1,1,2.000000,711.210000,638.600000,2.000000,704.857910,628.786926,11.689545,43.993329,1,0.089000,0.836719
SP_T_Jongkok_1,movenet,121,4.020919,ok,1,direct,0.507617,16,right_ankle,1,1,2.000000,652.120000,638.450000,2.000000,625.916626,632.370789,26.899324,43.993329,1,0.089000,0.389079
SP_T_Jongkok_1,movenet,122,4.054150,ok,1,direct,0.483787,0,nose,0,0,0.000000,0.000000,0.000000,2.000000,641.116272,170.896622,,,,0.026000,
SP_T_Jongkok_1,movenet,122,4.054150,ok,1,direct,0.483787,1,left_eye,0,0,0.000000,0.000000,0.000000,2.000000,655.839966,163.903442,,,,0.025000,
SP_T_Jongkok_1,movenet,122,4.054150,ok,1,direct,0.483787,2,right_eye,0,0,0.000000,0.000000,0.000000,2.000000,631.794678,164.755478,,,,0.025000,
SP_T_Jongkok_1,movenet,122,4.054150,ok,1,direct,0.483787,3,left_ear,0,0,0.000000,0.000000,0.000000,2.000000,683.755249,170.140839,,,,0.035000,
SP_T_Jongkok_1,movenet,122,4.054150,ok,1,direct,0.483787,4,right_ear,0,0,0.000000,0.000000,0.000000,2.000000,616.998535,174.044647,,,,0.035000,
SP_T_Jongkok_1,movenet,122,4.054150,ok,1,direct,0.483787,5,left_shoulder,1,1,2.000000,711.970000,243.650000,2.000000,698.579712,233.971329,16.522000,43.993329,1,0.079000,0.636361
SP_T_Jongkok_1,movenet,122,4.054150,ok,1,direct,0.483787,6,right_shoulder,1,1,2.000000,606.290000,253.440000,2.000000,602.765198,240.814026,13.108755,43.993329,1,0.079000,0.752369
SP_T_Jongkok_1,movenet,122,4.054150,ok,1,direct,0.483787,7,left_elbow,1,1,2.000000,719.630000,329.480000,2.000000,715.676025,313.126282,16.824922,43.993329,1,0.072000,0.568767
SP_T_Jongkok_1,movenet,122,4.054150,ok,1,direct,0.483787,8,right_elbow,1,1,2.000000,597.120000,329.360000,2.000000,592.179443,315.292511,14.909841,43.993329,1,0.072000,0.642020
SP_T_Jongkok_1,movenet,122,4.054150,ok,1,direct,0.483787,9,left_wrist,1,1,2.000000,701.790000,405.810000,2.000000,710.053650,375.739624,31.185180,43.993329,1,0.062000,0.073213
SP_T_Jongkok_1,movenet,122,4.054150,ok,1,direct,0.483787,10,right_wrist,1,1,2.000000,599.180000,408.050000,0.000000,611.096313,377.338776,,43.993329,0,0.062000,0.000000
SP_T_Jongkok_1,movenet,122,4.054150,ok,1,direct,0.483787,11,left_hip,1,1,2.000000,691.010000,418.360000,2.000000,684.350037,380.767578,38.177812,43.993329,1,0.107000,0.268324
SP_T_Jongkok_1,movenet,122,4.054150,ok,1,direct,0.483787,12,right_hip,1,1,2.000000,632.590000,420.180000,2.000000,614.755554,380.665039,43.353196,43.993329,1,0.107000,0.183340
SP_T_Jongkok_1,movenet,122,4.054150,ok,1,direct,0.483787,13,left_knee,1,1,2.000000,703.130000,532.460000,2.000000,693.803772,504.187561,29.770948,43.993329,1,0.087000,0.298182
SP_T_Jongkok_1,movenet,122,4.054150,ok,1,direct,0.483787,14,right_knee,1,1,2.000000,639.420000,533.300000,2.000000,621.288940,504.034058,34.427180,43.993329,1,0.087000,0.198264
SP_T_Jongkok_1,movenet,122,4.054150,ok,1,direct,0.483787,15,left_ankle,1,1,2.000000,711.210000,638.600000,2.000000,705.067200,627.592163,12.605811,43.993329,1,0.089000,0.812769
SP_T_Jongkok_1,movenet,122,4.054150,ok,1,direct,0.483787,16,right_ankle,1,1,2.000000,652.120000,638.450000,2.000000,636.793457,631.888062,16.672191,43.993329,1,0.089000,0.695845
SP_T_Jongkok_1,movenet,123,4.087380,ok,1,direct,0.487325,0,nose,0,0,0.000000,0.000000,0.000000,2.000000,637.076843,171.347214,,,,0.026000,
SP_T_Jongkok_1,movenet,123,4.087380,ok,1,direct,0.487325,1,left_eye,0,0,0.000000,0.000000,0.000000,2.000000,653.620056,163.870010,,,,0.025000,
SP_T_Jongkok_1,movenet,123,4.087380,ok,1,direct,0.487325,2,right_eye,0,0,0.000000,0.000000,0.000000,2.000000,629.164307,164.893906,,,,0.025000,
SP_T_Jongkok_1,movenet,123,4.087380,ok,1,direct,0.487325,3,left_ear,0,0,0.000000,0.000000,0.000000,2.000000,683.294556,170.320801,,,,0.035000,
SP_T_Jongkok_1,movenet,123,4.087380,ok,1,direct,0.487325,4,right_ear,0,0,0.000000,0.000000,0.000000,2.000000,615.749939,174.058273,,,,0.035000,
SP_T_Jongkok_1,movenet,123,4.087380,ok,1,direct,0.487325,5,left_shoulder,1,1,2.000000,711.970000,243.650000,2.000000,700.116211,233.820633,15.398986,43.993329,1,0.079000,0.675277
SP_T_Jongkok_1,movenet,123,4.087380,ok,1,direct,0.487325,6,right_shoulder,1,1,2.000000,606.290000,253.440000,2.000000,604.013428,241.163055,12.486238,43.993329,1,0.079000,0.772482
SP_T_Jongkok_1,movenet,123,4.087380,ok,1,direct,0.487325,7,left_elbow,1,1,2.000000,719.630000,329.480000,2.000000,714.080566,313.030243,17.360608,43.993329,1,0.072000,0.548379
SP_T_Jongkok_1,movenet,123,4.087380,ok,1,direct,0.487325,8,right_elbow,1,1,2.000000,597.120000,329.360000,2.000000,595.196228,313.480835,15.995274,43.993329,1,0.072000,0.600492
SP_T_Jongkok_1,movenet,123,4.087380,ok,1,direct,0.487325,9,left_wrist,1,1,2.000000,701.330000,405.810000,2.000000,707.562805,378.095856,28.406366,43.993329,1,0.062000,0.114266
SP_T_Jongkok_1,movenet,123,4.087380,ok,1,direct,0.487325,10,right_wrist,1,1,2.000000,599.180000,408.050000,0.000000,611.380554,379.661285,,43.993329,0,0.062000,0.000000
SP_T_Jongkok_1,movenet,123,4.087380,ok,1,direct,0.487325,11,left_hip,1,1,2.000000,691.010000,418.360000,2.000000,683.986511,379.645233,39.346697,43.993329,1,0.107000,0.247251
SP_T_Jongkok_1,movenet,123,4.087380,ok,1,direct,0.487325,12,right_hip,1,1,2.000000,632.590000,420.180000,2.000000,616.526245,379.980255,43.290457,43.993329,1,0.107000,0.184242
SP_T_Jongkok_1,movenet,123,4.087380,ok,1,direct,0.487325,13,left_knee,1,1,2.000000,703.130000,532.460000,2.000000,693.975464,503.549896,30.324901,43.993329,1,0.087000,0.284933
SP_T_Jongkok_1,movenet,123,4.087380,ok,1,direct,0.487325,14,right_knee,1,1,2.000000,639.420000,533.300000,2.000000,622.280579,501.677795,35.968369,43.993329,1,0.087000,0.170968
SP_T_Jongkok_1,movenet,123,4.087380,ok,1,direct,0.487325,15,left_ankle,1,1,2.000000,711.210000,638.600000,2.000000,702.053589,624.290771,16.988051,43.993329,1,0.089000,0.686260
SP_T_Jongkok_1,movenet,123,4.087380,ok,1,direct,0.487325,16,right_ankle,1,1,2.000000,652.120000,638.450000,2.000000,637.324097,631.844543,16.203420,43.993329,1,0.089000,0.709977
