video_name,algorithm,frame_idx,timestamp_sec,status,matched_pred_found,match_method,matched_pred_score,keypoint_idx,keypoint_name,is_active,is_eval_joint,gt_v,gt_x,gt_y,pred_v,pred_x,pred_y,distance_px,pck_threshold_px,pck_correct,oks_sigma,oks_term
SP_R_PushUp_1,posenet,0,0.000000,ok,1,direct,1.000000,0,nose,0,0,0.000000,0.000000,0.000000,2.000000,813.601746,226.864304,,,,0.026000,
SP_R_PushUp_1,posenet,0,0.000000,ok,1,direct,1.000000,1,left_eye,0,0,0.000000,0.000000,0.000000,2.000000,824.138550,216.311356,,,,0.025000,
SP_R_PushUp_1,posenet,0,0.000000,ok,1,direct,1.000000,2,right_eye,0,0,0.000000,0.000000,0.000000,2.000000,816.475403,213.433273,,,,0.025000,
SP_R_PushUp_1,posenet,0,0.000000,ok,1,direct,1.000000,3,left_ear,0,0,0.000000,0.000000,0.000000,2.000000,776.243835,187.530563,,,,0.035000,
SP_R_PushUp_1,posenet,0,0.000000,ok,1,direct,1.000000,4,right_ear,0,0,0.000000,0.000000,0.000000,2.000000,775.285950,187.530563,,,,0.035000,
SP_R_PushUp_1,posenet,0,0.000000,ok,1,direct,1.000000,5,left_shoulder,1,1,2.000000,748.590000,210.120000,2.000000,755.170166,180.815048,30.034626,66.709986,1,0.079000,0.522260
SP_R_PushUp_1,posenet,0,0.000000,ok,1,direct,1.000000,6,right_shoulder,1,1,2.000000,669.780000,214.040000,2.000000,707.275330,228.783020,40.289656,66.709986,1,0.079000,0.310705
SP_R_PushUp_1,posenet,0,0.000000,ok,1,direct,1.000000,7,left_elbow,1,1,2.000000,752.500000,306.500000,2.000000,759.001709,334.312592,28.562431,66.709986,1,0.072000,0.492998
SP_R_PushUp_1,posenet,0,0.000000,ok,1,direct,1.000000,8,right_elbow,1,1,2.000000,672.550000,335.950000,2.000000,681.412231,361.174683,26.736188,66.709986,1,0.072000,0.538105
SP_R_PushUp_1,posenet,0,0.000000,ok,1,direct,1.000000,9,left_wrist,1,1,2.000000,765.200000,419.940000,2.000000,762.833313,409.142670,11.053667,66.709986,1,0.062000,0.866885
SP_R_PushUp_1,posenet,0,0.000000,ok,1,direct,1.000000,10,right_wrist,1,1,2.000000,686.290000,463.290000,2.000000,684.285950,452.313843,11.157609,66.709986,1,0.062000,0.864548
SP_R_PushUp_1,posenet,0,0.000000,ok,1,direct,1.000000,11,left_hip,1,0,0.000000,544.790000,246.260000,2.000000,740.801697,237.417267,,,,0.107000,
SP_R_PushUp_1,posenet,0,0.000000,ok,1,direct,1.000000,12,right_hip,1,1,2.000000,523.920000,251.640000,2.000000,690.033264,238.376633,166.641932,66.709986,0,0.107000,0.000018
SP_R_PushUp_1,posenet,0,0.000000,ok,1,direct,1.000000,13,left_knee,1,0,0.000000,434.350000,341.950000,2.000000,759.001709,320.881561,,,,0.087000,
SP_R_PushUp_1,posenet,0,0.000000,ok,1,direct,1.000000,14,right_knee,1,1,2.000000,444.160000,323.400000,2.000000,675.664856,295.938202,233.127966,66.709986,0,0.087000,0.000000
SP_R_PushUp_1,posenet,0,0.000000,ok,1,direct,1.000000,15,left_ankle,1,0,0.000000,361.860000,366.480000,2.000000,762.833313,412.980103,,,,0.089000,
SP_R_PushUp_1,posenet,0,0.000000,ok,1,direct,1.000000,16,right_ankle,1,1,2.000000,325.750000,361.440000,2.000000,684.285950,452.313843,369.873063,66.709986,0,0.089000,0.000000
SP_R_PushUp_1,posenet,1,0.033510,ok,1,direct,1.000000,0,nose,0,0,0.000000,0.000000,0.000000,2.000000,814.435974,226.544418,,,,0.026000,
SP_R_PushUp_1,posenet,1,0.033510,ok,1,direct,1.000000,1,left_eye,0,0,0.000000,0.000000,0.000000,2.000000,824.007507,218.870361,,,,0.025000,
SP_R_PushUp_1,posenet,1,0.033510,ok,1,direct,1.000000,2,right_eye,0,0,0.000000,0.000000,0.000000,2.000000,815.393127,212.155563,,,,0.025000,
SP_R_PushUp_1,posenet,1,0.033510,ok,1,direct,1.000000,3,left_ear,0,0,0.000000,0.000000,0.000000,2.000000,776.149780,186.255615,,,,0.035000,
SP_R_PushUp_1,posenet,1,0.033510,ok,1,direct,1.000000,4,right_ear,0,0,0.000000,0.000000,0.000000,2.000000,775.192627,187.214859,,,,0.035000,
SP_R_PushUp_1,posenet,1,0.033510,ok,1,direct,1.000000,5,left_shoulder,1,1,2.000000,748.590000,210.120000,2.000000,754.135254,244.770325,35.091236,66.709986,1,0.079000,0.412001
SP_R_PushUp_1,posenet,1,0.033510,ok,1,direct,1.000000,6,right_shoulder,1,1,2.000000,669.780000,214.040000,2.000000,707.234619,222.707397,38.444405,66.709986,1,0.079000,0.344972
SP_R_PushUp_1,posenet,1,0.033510,ok,1,direct,1.000000,7,left_elbow,1,1,2.000000,752.500000,306.500000,2.000000,757.963806,334.940552,28.960631,66.709986,1,0.072000,0.483304
SP_R_PushUp_1,posenet,1,0.033510,ok,1,direct,1.000000,8,right_elbow,1,1,2.000000,672.550000,335.950000,2.000000,683.305725,362.759064,28.886182,66.709986,1,0.072000,0.485112
SP_R_PushUp_1,posenet,1,0.033510,ok,1,direct,1.000000,9,left_wrist,1,1,2.000000,765.200000,419.940000,2.000000,762.749634,407.844177,12.341524,66.709986,1,0.062000,0.836880
SP_R_PushUp_1,posenet,1,0.033510,ok,1,direct,1.000000,10,right_wrist,1,1,2.000000,686.290000,463.290000,2.000000,684.262878,454.847839,8.682125,66.709986,1,0.062000,0.915643
SP_R_PushUp_1,posenet,1,0.033510,ok,1,direct,1.000000,11,left_hip,1,0,0.000000,544.790000,246.260000,2.000000,741.692200,239.014786,,,,0.107000,
SP_R_PushUp_1,posenet,1,0.033510,ok,1,direct,1.000000,12,right_hip,1,1,2.000000,523.920000,251.640000,2.000000,640.233765,203.522247,125.873786,66.709986,0,0.107000,0.001990
SP_R_PushUp_1,posenet,1,0.033510,ok,1,direct,1.000000,13,left_knee,1,0,0.000000,434.350000,341.950000,2.000000,757.963806,318.633209,,,,0.087000,
SP_R_PushUp_1,posenet,1,0.033510,ok,1,direct,1.000000,14,right_knee,1,1,2.000000,444.160000,323.400000,2.000000,674.691345,292.733215,232.562148,66.709986,0,0.087000,0.000000
SP_R_PushUp_1,posenet,1,0.033510,ok,1,direct,1.000000,15,left_ankle,1,0,0.000000,361.860000,366.480000,2.000000,764.663940,413.599731,,,,0.089000,
SP_R_PushUp_1,posenet,1,0.033510,ok,1,direct,1.000000,16,right_ankle,1,1,2.000000,325.750000,361.440000,2.000000,684.262878,454.847839,370.481455,66.709986,0,0.089000,0.000000
SP_R_PushUp_1,posenet,2,0.067019,ok,1,direct,1.000000,0,nose,0,0,0.000000,0.000000,0.000000,2.000000,814.844604,226.292770,,,,0.026000,
SP_R_PushUp_1,posenet,2,0.067019,ok,1,direct,1.000000,1,left_eye,0,0,0.000000,0.000000,0.000000,2.000000,825.404114,219.578659,,,,0.025000,
SP_R_PushUp_1,posenet,2,0.067019,ok,1,direct,1.000000,2,right_eye,0,0,0.000000,0.000000,0.000000,2.000000,814.844604,211.905350,,,,0.025000,
SP_R_PushUp_1,posenet,2,0.067019,ok,1,direct,1.000000,3,left_ear,0,0,0.000000,0.000000,0.000000,2.000000,775.486450,186.008041,,,,0.035000,
SP_R_PushUp_1,posenet,2,0.067019,ok,1,direct,1.000000,4,right_ear,0,0,0.000000,0.000000,0.000000,2.000000,775.486450,186.967209,,,,0.035000,
SP_R_PushUp_1,posenet,2,0.067019,ok,1,direct,1.000000,5,left_shoulder,1,1,2.000000,748.590000,210.120000,2.000000,753.407410,251.230927,41.392218,66.709986,1,0.079000,0.291195
SP_R_PushUp_1,posenet,2,0.067019,ok,1,direct,1.000000,6,right_shoulder,1,1,2.000000,669.780000,214.040000,2.000000,703.489746,224.374435,35.258297,66.709986,1,0.079000,0.408529
SP_R_PushUp_1,posenet,2,0.067019,ok,1,direct,1.000000,7,left_elbow,1,1,2.000000,752.500000,306.500000,2.000000,758.207214,336.596161,30.632519,66.709986,1,0.072000,0.443311
SP_R_PushUp_1,posenet,2,0.067019,ok,1,direct,1.000000,8,right_elbow,1,1,2.000000,672.550000,335.950000,2.000000,681.410767,358.656891,24.374496,66.709986,1,0.072000,0.597467
SP_R_PushUp_1,posenet,2,0.067019,ok,1,direct,1.000000,9,left_wrist,1,1,2.000000,765.200000,419.940000,2.000000,764.926941,411.410675,8.533695,66.709986,1,0.062000,0.918383
SP_R_PushUp_1,posenet,2,0.067019,ok,1,direct,1.000000,10,right_wrist,1,1,2.000000,686.290000,463.290000,2.000000,684.290588,451.695404,11.765726,66.709986,1,0.062000,0.850572
SP_R_PushUp_1,posenet,2,0.067019,ok,1,direct,1.000000,11,left_hip,1,0,0.000000,544.790000,246.260000,2.000000,737.088196,217.660324,,,,0.107000,
SP_R_PushUp_1,posenet,2,0.067019,ok,1,direct,1.000000,12,right_hip,1,1,2.000000,523.920000,251.640000,2.000000,632.453064,206.150391,117.680629,66.709986,0,0.107000,0.004356
SP_R_PushUp_1,posenet,2,0.067019,ok,1,direct,1.000000,13,left_knee,1,0,0.000000,434.350000,341.950000,2.000000,758.207214,325.086243,,,,0.087000,
SP_R_PushUp_1,posenet,2,0.067019,ok,1,direct,1.000000,14,right_knee,1,1,2.000000,444.160000,323.400000,2.000000,672.771179,293.433960,230.566769,66.709986,0,0.087000,0.000000
SP_R_PushUp_1,posenet,2,0.067019,ok,1,direct,1.000000,15,left_ankle,1,0,0.000000,361.860000,366.480000,2.000000,765.886841,415.247314,,,,0.089000,
SP_R_PushUp_1,posenet,2,0.067019,ok,1,direct,1.000000,16,right_ankle,1,1,2.000000,325.750000,361.440000,2.000000,685.250610,452.654572,370.891880,66.709986,0,0.089000,0.000000
SP_R_PushUp_1,posenet,3,0.100529,ok,1,direct,1.000000,0,nose,0,0,0.000000,0.000000,0.000000,2.000000,814.197754,227.672775,,,,0.026000,
SP_R_PushUp_1,posenet,3,0.100529,ok,1,direct,1.000000,1,left_eye,0,0,0.000000,0.000000,0.000000,2.000000,822.823547,220.952103,,,,0.025000,
SP_R_PushUp_1,posenet,3,0.100529,ok,1,direct,1.000000,2,right_eye,0,0,0.000000,0.000000,0.000000,2.000000,815.156189,214.231415,,,,0.025000,
SP_R_PushUp_1,posenet,3,0.100529,ok,1,direct,1.000000,3,left_ear,0,0,0.000000,0.000000,0.000000,2.000000,775.861023,187.348709,,,,0.035000,
SP_R_PushUp_1,posenet,3,0.100529,ok,1,direct,1.000000,4,right_ear,0,0,0.000000,0.000000,0.000000,2.000000,774.902588,187.348709,,,,0.035000,
SP_R_PushUp_1,posenet,3,0.100529,ok,1,direct,1.000000,5,left_shoulder,1,1,2.000000,748.590000,210.120000,2.000000,754.775818,249.755005,40.114810,66.709986,1,0.079000,0.313867
SP_R_PushUp_1,posenet,3,0.100529,ok,1,direct,1.000000,6,right_shoulder,1,1,2.000000,669.780000,214.040000,2.000000,706.854919,225.752594,38.881030,66.709986,1,0.079000,0.336686
SP_R_PushUp_1,posenet,3,0.100529,ok,1,direct,1.000000,7,left_elbow,1,1,2.000000,752.500000,306.500000,2.000000,759.567932,336.163727,30.494136,66.709986,1,0.072000,0.446574
SP_R_PushUp_1,posenet,3,0.100529,ok,1,direct,1.000000,8,right_elbow,1,1,2.000000,672.550000,335.950000,2.000000,681.936035,361.126251,26.868965,66.709986,1,0.072000,0.534795
SP_R_PushUp_1,posenet,3,0.100529,ok,1,direct,1.000000,9,left_wrist,1,1,2.000000,765.200000,419.940000,2.000000,765.318420,414.891663,5.049726,66.709986,1,0.062000,0.970627
SP_R_PushUp_1,posenet,3,0.100529,ok,1,direct,1.000000,10,right_wrist,1,1,2.000000,686.290000,463.290000,2.000000,684.811279,451.375336,12.006075,66.709986,1,0.062000,0.844909
SP_R_PushUp_1,posenet,3,0.100529,ok,1,direct,1.000000,11,left_hip,1,0,0.000000,544.790000,246.260000,2.000000,735.607483,216.151627,,,,0.107000,
SP_R_PushUp_1,posenet,3,0.100529,ok,1,direct,1.000000,12,right_hip,1,1,2.000000,523.920000,251.640000,2.000000,643.599243,202.710251,129.295172,66.709986,0,0.107000,0.001413
SP_R_PushUp_1,posenet,3,0.100529,ok,1,direct,1.000000,13,left_knee,1,0,0.000000,434.350000,341.950000,2.000000,758.609497,322.722351,,,,0.087000,
SP_R_PushUp_1,posenet,3,0.100529,ok,1,direct,1.000000,14,right_knee,1,1,2.000000,444.160000,323.400000,2.000000,675.227112,300.640167,232.185314,66.709986,0,0.087000,0.000000
SP_R_PushUp_1,posenet,3,0.100529,ok,1,direct,1.000000,15,left_ankle,1,0,0.000000,361.860000,366.480000,2.000000,766.276855,415.851776,,,,0.089000,
SP_R_PushUp_1,posenet,3,0.100529,ok,1,direct,1.000000,16,right_ankle,1,1,2.000000,325.750000,361.440000,2.000000,685.769714,454.255615,371.791518,66.709986,0,0.089000,0.000000
SP_R_PushUp_1,posenet,4,0.134038,ok,1,direct,1.000000,0,nose,0,0,0.000000,0.000000,0.000000,2.000000,814.129456,227.124771,,,,0.026000,
SP_R_PushUp_1,posenet,4,0.134038,ok,1,direct,1.000000,1,left_eye,0,0,0.000000,0.000000,0.000000,2.000000,822.752380,219.453384,,,,0.025000,
SP_R_PushUp_1,posenet,4,0.134038,ok,1,direct,1.000000,2,right_eye,0,0,0.000000,0.000000,0.000000,2.000000,816.045715,212.740936,,,,0.025000,
SP_R_PushUp_1,posenet,4,0.134038,ok,1,direct,1.000000,3,left_ear,0,0,0.000000,0.000000,0.000000,2.000000,776.763550,185.891144,,,,0.035000,
SP_R_PushUp_1,posenet,4,0.134038,ok,1,direct,1.000000,4,right_ear,0,0,0.000000,0.000000,0.000000,2.000000,776.763550,185.891144,,,,0.035000,
SP_R_PushUp_1,posenet,4,0.134038,ok,1,direct,1.000000,5,left_shoulder,1,1,2.000000,748.590000,210.120000,2.000000,752.810974,251.097794,41.194614,66.709986,1,0.079000,0.294637
SP_R_PushUp_1,posenet,4,0.134038,ok,1,direct,1.000000,6,right_shoulder,1,1,2.000000,669.780000,214.040000,2.000000,702.989685,223.289062,34.473589,66.709986,1,0.079000,0.424947
SP_R_PushUp_1,posenet,4,0.134038,ok,1,direct,1.000000,7,left_elbow,1,1,2.000000,752.500000,306.500000,2.000000,757.601440,334.523987,28.484531,66.709986,1,0.072000,0.494901
SP_R_PushUp_1,posenet,4,0.134038,ok,1,direct,1.000000,8,right_elbow,1,1,2.000000,672.550000,335.950000,2.000000,681.911438,359.455933,25.301490,66.709986,1,0.072000,0.574085
SP_R_PushUp_1,posenet,4,0.134038,ok,1,direct,1.000000,9,left_wrist,1,1,2.000000,765.200000,419.940000,2.000000,765.266296,417.950165,1.990939,66.709986,1,0.062000,0.995376
SP_R_PushUp_1,posenet,4,0.134038,ok,1,direct,1.000000,10,right_wrist,1,1,2.000000,686.290000,463.290000,2.000000,684.785706,453.430267,9.973827,66.709986,1,0.062000,0.890206
SP_R_PushUp_1,posenet,4,0.134038,ok,1,direct,1.000000,11,left_hip,1,0,0.000000,544.790000,246.260000,2.000000,739.397583,225.206909,,,,0.107000,
SP_R_PushUp_1,posenet,4,0.134038,ok,1,direct,1.000000,12,right_hip,1,1,2.000000,523.920000,251.640000,2.000000,636.880676,206.987411,121.465913,66.709986,0,0.107000,0.003053
SP_R_PushUp_1,posenet,4,0.134038,ok,1,direct,1.000000,13,left_knee,1,0,0.000000,434.350000,341.950000,2.000000,757.601440,319.181274,,,,0.087000,
SP_R_PushUp_1,posenet,4,0.134038,ok,1,direct,1.000000,14,right_knee,1,1,2.000000,444.160000,323.400000,2.000000,678.079041,325.893677,233.932332,66.709986,0,0.087000,0.000000
SP_R_PushUp_1,posenet,4,0.134038,ok,1,direct,1.000000,15,left_ankle,1,0,0.000000,361.860000,366.480000,2.000000,765.266296,418.909119,,,,0.089000,
SP_R_PushUp_1,posenet,4,0.134038,ok,1,direct,1.000000,16,right_ankle,1,1,2.000000,325.750000,361.440000,2.000000,684.785706,454.389191,370.872202,66.709986,0,0.089000,0.000000
SP_R_PushUp_1,posenet,5,0.167548,ok,1,direct,1.000000,0,nose,0,0,0.000000,0.000000,0.000000,2.000000,814.077637,227.190079,,,,0.026000,
SP_R_PushUp_1,posenet,5,0.167548,ok,1,direct,1.000000,1,left_eye,0,0,0.000000,0.000000,0.000000,2.000000,821.755554,218.559799,,,,0.025000,
SP_R_PushUp_1,posenet,5,0.167548,ok,1,direct,1.000000,2,right_eye,0,0,0.000000,0.000000,0.000000,2.000000,815.997070,212.806274,,,,0.025000,
SP_R_PushUp_1,posenet,5,0.167548,ok,1,direct,1.000000,3,left_ear,0,0,0.000000,0.000000,0.000000,2.000000,776.647705,185.956497,,,,0.035000,
SP_R_PushUp_1,posenet,5,0.167548,ok,1,direct,1.000000,4,right_ear,0,0,0.000000,0.000000,0.000000,2.000000,776.647705,185.956497,,,,0.035000,
SP_R_PushUp_1,posenet,5,0.167548,ok,1,direct,1.000000,5,left_shoulder,1,1,2.000000,748.590000,210.120000,2.000000,751.694458,252.122040,42.116612,66.709986,1,0.079000,0.278782
SP_R_PushUp_1,posenet,5,0.167548,ok,1,direct,1.000000,6,right_shoulder,1,1,2.000000,669.780000,214.040000,2.000000,702.747620,222.395493,34.009972,66.709986,1,0.079000,0.434775
SP_R_PushUp_1,posenet,5,0.167548,ok,1,direct,1.000000,7,left_elbow,1,1,2.000000,752.500000,306.500000,2.000000,757.452881,333.630310,27.578701,66.709986,1,0.072000,0.517176
SP_R_PushUp_1,posenet,5,0.167548,ok,1,direct,1.000000,8,right_elbow,1,1,2.000000,672.550000,335.950000,2.000000,681.633362,360.480103,26.157855,66.709986,1,0.072000,0.552567
SP_R_PushUp_1,posenet,5,0.167548,ok,1,direct,1.000000,9,left_wrist,1,1,2.000000,765.200000,419.940000,2.000000,765.130798,418.015350,1.925893,66.709986,1,0.062000,0.995673
SP_R_PushUp_1,posenet,5,0.167548,ok,1,direct,1.000000,10,right_wrist,1,1,2.000000,686.290000,463.290000,2.000000,684.512573,453.495453,9.954517,66.709986,1,0.062000,0.890607
SP_R_PushUp_1,posenet,5,0.167548,ok,1,direct,1.000000,11,left_hip,1,0,0.000000,544.790000,246.260000,2.000000,739.217834,226.231171,,,,0.107000,
SP_R_PushUp_1,posenet,5,0.167548,ok,1,direct,1.000000,12,right_hip,1,1,2.000000,523.920000,251.640000,2.000000,636.525513,205.134903,121.830725,66.709986,0,0.107000,0.002949
SP_R_PushUp_1,posenet,5,0.167548,ok,1,direct,1.000000,13,left_knee,1,0,0.000000,434.350000,341.950000,2.000000,756.493103,319.246490,,,,0.087000,
SP_R_PushUp_1,posenet,5,0.167548,ok,1,direct,1.000000,14,right_knee,1,1,2.000000,444.160000,323.400000,2.000000,676.834595,319.246490,232.711664,66.709986,0,0.087000,0.000000
SP_R_PushUp_1,posenet,5,0.167548,ok,1,direct,1.000000,15,left_ankle,1,0,0.000000,361.860000,366.480000,2.000000,765.130798,418.974304,,,,0.089000,
SP_R_PushUp_1,posenet,5,0.167548,ok,1,direct,1.000000,16,right_ankle,1,1,2.000000,325.750000,361.440000,2.000000,684.512573,454.454346,370.624139,66.709986,0,0.089000,0.000000
SP_R_PushUp_1,posenet,6,0.201057,ok,1,direct,1.000000,0,nose,0,0,0.000000,0.000000,0.000000,2.000000,814.575684,226.405197,,,,0.026000,
SP_R_PushUp_1,posenet,6,0.201057,ok,1,direct,1.000000,1,left_eye,0,0,0.000000,0.000000,0.000000,2.000000,822.237549,217.757217,,,,0.025000,
SP_R_PushUp_1,posenet,6,0.201057,ok,1,direct,1.000000,2,right_eye,0,0,0.000000,0.000000,0.000000,2.000000,816.491150,211.991882,,,,0.025000,
SP_R_PushUp_1,posenet,6,0.201057,ok,1,direct,1.000000,3,left_ear,0,0,0.000000,0.000000,0.000000,2.000000,777.223877,185.087036,,,,0.035000,
SP_R_PushUp_1,posenet,6,0.201057,ok,1,direct,1.000000,4,right_ear,0,0,0.000000,0.000000,0.000000,2.000000,777.223877,187.008804,,,,0.035000,
SP_R_PushUp_1,posenet,6,0.201057,ok,1,direct,1.000000,5,left_shoulder,1,1,2.000000,748.590000,210.120000,2.000000,751.364990,251.388260,41.361454,66.709986,1,0.079000,0.291729
SP_R_PushUp_1,posenet,6,0.201057,ok,1,direct,1.000000,6,right_shoulder,1,1,2.000000,669.780000,214.040000,2.000000,704.435913,224.483429,36.195269,66.709986,1,0.079000,0.389300
SP_R_PushUp_1,posenet,6,0.201057,ok,1,direct,1.000000,7,left_elbow,1,1,2.000000,752.500000,306.500000,2.000000,758.069153,333.063690,27.141207,66.709986,1,0.072000,0.528021
SP_R_PushUp_1,posenet,6,0.201057,ok,1,direct,1.000000,8,right_elbow,1,1,2.000000,672.550000,335.950000,2.000000,681.450195,359.968567,25.614547,66.709986,1,0.072000,0.566207
SP_R_PushUp_1,posenet,6,0.201057,ok,1,direct,1.000000,9,left_wrist,1,1,2.000000,765.200000,419.940000,2.000000,765.731079,418.582672,1.457527,66.709986,1,0.062000,0.997519
SP_R_PushUp_1,posenet,6,0.201057,ok,1,direct,1.000000,10,right_wrist,1,1,2.000000,686.290000,463.290000,2.000000,685.281128,451.252838,12.079366,66.709986,1,0.062000,0.843167
SP_R_PushUp_1,posenet,6,0.201057,ok,1,direct,1.000000,11,left_hip,1,0,0.000000,544.790000,246.260000,2.000000,742.745361,240.818497,,,,0.107000,
SP_R_PushUp_1,posenet,6,0.201057,ok,1,direct,1.000000,12,right_hip,1,1,2.000000,523.920000,251.640000,2.000000,625.901489,215.835434,108.084185,66.709986,0,0.107000,0.010197
SP_R_PushUp_1,posenet,6,0.201057,ok,1,direct,1.000000,13,left_knee,1,0,0.000000,434.350000,341.950000,2.000000,757.111450,319.611267,,,,0.087000,
SP_R_PushUp_1,posenet,6,0.201057,ok,1,direct,1.000000,14,right_knee,1,1,2.000000,444.160000,323.400000,2.000000,674.746033,313.845947,230.783878,66.709986,0,0.087000,0.000000
SP_R_PushUp_1,posenet,6,0.201057,ok,1,direct,1.000000,15,left_ankle,1,0,0.000000,361.860000,366.480000,2.000000,765.731079,421.465363,,,,0.089000,
SP_R_PushUp_1,posenet,6,0.201057,ok,1,direct,1.000000,16,right_ankle,1,1,2.000000,325.750000,361.440000,2.000000,685.281128,457.018158,372.018570,66.709986,0,0.089000,0.000000
SP_R_PushUp_1,posenet,7,0.234567,ok,1,direct,1.000000,0,nose,0,0,0.000000,0.000000,0.000000,2.000000,815.432739,228.503754,,,,0.026000,
SP_R_PushUp_1,posenet,7,0.234567,ok,1,direct,1.000000,1,left_eye,0,0,0.000000,0.000000,0.000000,2.000000,824.060913,219.868546,,,,0.025000,
SP_R_PushUp_1,posenet,7,0.234567,ok,1,direct,1.000000,2,right_eye,0,0,0.000000,0.000000,0.000000,2.000000,817.350098,211.233322,,,,0.025000,
SP_R_PushUp_1,posenet,7,0.234567,ok,1,direct,1.000000,3,left_ear,0,0,0.000000,0.000000,0.000000,2.000000,777.085205,186.287155,,,,0.035000,
SP_R_PushUp_1,posenet,7,0.234567,ok,1,direct,1.000000,4,right_ear,0,0,0.000000,0.000000,0.000000,2.000000,777.085205,186.287155,,,,0.035000,
SP_R_PushUp_1,posenet,7,0.234567,ok,1,direct,1.000000,5,left_shoulder,1,1,2.000000,748.590000,210.120000,2.000000,751.200745,249.612076,39.578277,66.709986,1,0.079000,0.323681
SP_R_PushUp_1,posenet,7,0.234567,ok,1,direct,1.000000,6,right_shoulder,1,1,2.000000,669.780000,214.040000,2.000000,703.266357,228.503754,36.476517,66.709986,1,0.079000,0.383613
SP_R_PushUp_1,posenet,7,0.234567,ok,1,direct,1.000000,7,left_elbow,1,1,2.000000,752.500000,306.500000,2.000000,756.952820,330.207367,24.121916,66.709986,1,0.072000,0.603845
SP_R_PushUp_1,posenet,7,0.234567,ok,1,direct,1.000000,8,right_elbow,1,1,2.000000,672.550000,335.950000,2.000000,682.175232,357.072510,23.212184,66.709986,1,0.072000,0.626814
SP_R_PushUp_1,posenet,7,0.234567,ok,1,direct,1.000000,9,left_wrist,1,1,2.000000,765.200000,419.940000,2.000000,766.539734,419.437958,1.430711,66.709986,1,0.062000,0.997610
SP_R_PushUp_1,posenet,7,0.234567,ok,1,direct,1.000000,10,right_wrist,1,1,2.000000,686.290000,463.290000,2.000000,685.051270,452.059845,11.298267,66.709986,1,0.062000,0.861361
SP_R_PushUp_1,posenet,7,0.234567,ok,1,direct,1.000000,11,left_hip,1,0,0.000000,544.790000,246.260000,2.000000,627.530090,195.881836,,,,0.107000,
SP_R_PushUp_1,posenet,7,0.234567,ok,1,direct,1.000000,12,right_hip,1,1,2.000000,523.920000,251.640000,2.000000,574.802307,228.503754,55.895394,66.709986,1,0.107000,0.293346
SP_R_PushUp_1,posenet,7,0.234567,ok,1,direct,1.000000,13,left_knee,1,0,0.000000,434.350000,341.950000,2.000000,756.952820,322.531647,,,,0.087000,
SP_R_PushUp_1,posenet,7,0.234567,ok,1,direct,1.000000,14,right_knee,1,1,2.000000,444.160000,323.400000,2.000000,674.505737,321.572174,230.352989,66.709986,0,0.087000,0.000000
SP_R_PushUp_1,posenet,7,0.234567,ok,1,direct,1.000000,15,left_ankle,1,0,0.000000,361.860000,366.480000,2.000000,766.539734,423.275787,,,,0.089000,
SP_R_PushUp_1,posenet,7,0.234567,ok,1,direct,1.000000,16,right_ankle,1,1,2.000000,325.750000,361.440000,2.000000,685.051270,454.938263,371.267191,66.709986,0,0.089000,0.000000
SP_R_PushUp_1,posenet,8,0.268077,ok,1,direct,1.000000,0,nose,0,0,0.000000,0.000000,0.000000,2.000000,814.898560,227.850616,,,,0.026000,
SP_R_PushUp_1,posenet,8,0.268077,ok,1,direct,1.000000,1,left_eye,0,0,0.000000,0.000000,0.000000,2.000000,823.525635,219.204742,,,,0.025000,
SP_R_PushUp_1,posenet,8,0.268077,ok,1,direct,1.000000,2,right_eye,0,0,0.000000,0.000000,0.000000,2.000000,814.898560,212.480164,,,,0.025000,
SP_R_PushUp_1,posenet,8,0.268077,ok,1,direct,1.000000,3,left_ear,0,0,0.000000,0.000000,0.000000,2.000000,776.555847,185.581848,,,,0.035000,
SP_R_PushUp_1,posenet,8,0.268077,ok,1,direct,1.000000,4,right_ear,0,0,0.000000,0.000000,0.000000,2.000000,776.555847,185.581848,,,,0.035000,
SP_R_PushUp_1,posenet,8,0.268077,ok,1,direct,1.000000,5,left_shoulder,1,1,2.000000,748.590000,210.120000,2.000000,750.674500,252.827652,42.758492,66.709986,1,0.079000,0.268057
SP_R_PushUp_1,posenet,8,0.268077,ok,1,direct,1.000000,6,right_shoulder,1,1,2.000000,669.780000,214.040000,2.000000,704.663208,226.889969,37.174721,66.709986,1,0.079000,0.369667
SP_R_PushUp_1,posenet,8,0.268077,ok,1,direct,1.000000,7,left_elbow,1,1,2.000000,752.500000,306.500000,2.000000,758.343018,334.483246,28.586761,66.709986,1,0.072000,0.492404
SP_R_PushUp_1,posenet,8,0.268077,ok,1,direct,1.000000,8,right_elbow,1,1,2.000000,672.550000,335.950000,2.000000,682.616089,362.342194,28.246664,66.709986,1,0.072000,0.500724
SP_R_PushUp_1,posenet,8,0.268077,ok,1,direct,1.000000,9,left_wrist,1,1,2.000000,765.200000,419.940000,2.000000,766.011597,419.981415,0.812653,66.709986,1,0.062000,0.999228
SP_R_PushUp_1,posenet,8,0.268077,ok,1,direct,1.000000,10,right_wrist,1,1,2.000000,686.290000,463.290000,2.000000,685.491821,448.801056,14.510913,66.709986,1,0.062000,0.781781
SP_R_PushUp_1,posenet,8,0.268077,ok,1,direct,1.000000,11,left_hip,1,0,0.000000,544.790000,246.260000,2.000000,743.964539,242.260452,,,,0.107000,
SP_R_PushUp_1,posenet,8,0.268077,ok,1,direct,1.000000,12,right_hip,1,1,2.000000,523.920000,251.640000,2.000000,631.812012,207.676895,116.505111,66.709986,0,0.107000,0.004853
SP_R_PushUp_1,posenet,8,0.268077,ok,1,direct,1.000000,13,left_knee,1,0,0.000000,434.350000,341.950000,2.000000,755.467285,314.309479,,,,0.087000,
SP_R_PushUp_1,posenet,8,0.268077,ok,1,direct,1.000000,14,right_knee,1,1,2.000000,444.160000,323.400000,2.000000,677.823303,319.112762,233.702631,66.709986,0,0.087000,0.000000
SP_R_PushUp_1,posenet,8,0.268077,ok,1,direct,1.000000,15,left_ankle,1,0,0.000000,361.860000,366.480000,2.000000,766.970154,420.942108,,,,0.089000,
SP_R_PushUp_1,posenet,8,0.268077,ok,1,direct,1.000000,16,right_ankle,1,1,2.000000,325.750000,361.440000,2.000000,685.491821,454.564972,371.599836,66.709986,0,0.089000,0.000000
SP_R_PushUp_1,posenet,9,0.301586,ok,1,direct,1.000000,0,nose,0,0,0.000000,0.000000,0.000000,2.000000,817.631226,226.939606,,,,0.026000,
SP_R_PushUp_1,posenet,9,0.301586,ok,1,direct,1.000000,1,left_eye,0,0,0.000000,0.000000,0.000000,2.000000,825.287964,218.291794,,,,0.025000,
SP_R_PushUp_1,posenet,9,0.301586,ok,1,direct,1.000000,2,right_eye,0,0,0.000000,0.000000,0.000000,2.000000,816.674072,211.565750,,,,0.025000,
SP_R_PushUp_1,posenet,9,0.301586,ok,1,direct,1.000000,3,left_ear,0,0,0.000000,0.000000,0.000000,2.000000,776.476196,185.622375,,,,0.035000,
SP_R_PushUp_1,posenet,9,0.301586,ok,1,direct,1.000000,4,right_ear,0,0,0.000000,0.000000,0.000000,2.000000,776.476196,185.622375,,,,0.035000,
SP_R_PushUp_1,posenet,9,0.301586,ok,1,direct,1.000000,5,left_shoulder,1,1,2.000000,748.590000,210.120000,2.000000,751.591675,252.882980,42.868200,66.709986,1,0.079000,0.266250
SP_R_PushUp_1,posenet,9,0.301586,ok,1,direct,1.000000,6,right_shoulder,1,1,2.000000,669.780000,214.040000,2.000000,705.651123,219.252670,36.247888,66.709986,1,0.079000,0.388233
SP_R_PushUp_1,posenet,9,0.301586,ok,1,direct,1.000000,7,left_elbow,1,1,2.000000,752.500000,306.500000,2.000000,758.291321,333.595673,27.707668,66.709986,1,0.072000,0.513989
SP_R_PushUp_1,posenet,9,0.301586,ok,1,direct,1.000000,8,right_elbow,1,1,2.000000,672.550000,335.950000,2.000000,681.723816,359.539062,25.310132,66.709986,1,0.072000,0.573867
SP_R_PushUp_1,posenet,9,0.301586,ok,1,direct,1.000000,9,left_wrist,1,1,2.000000,765.200000,419.940000,2.000000,766.905273,418.151855,2.470914,66.709986,1,0.062000,0.992887
SP_R_PushUp_1,posenet,9,0.301586,ok,1,direct,1.000000,10,right_wrist,1,1,2.000000,686.290000,463.290000,2.000000,685.552185,451.782166,11.531462,66.709986,1,0.062000,0.856017
SP_R_PushUp_1,posenet,9,0.301586,ok,1,direct,1.000000,11,left_hip,1,0,0.000000,544.790000,246.260000,2.000000,743.934998,242.313446,,,,0.107000,
SP_R_PushUp_1,posenet,9,0.301586,ok,1,direct,1.000000,12,right_hip,1,1,2.000000,523.920000,251.640000,2.000000,596.542419,232.704788,75.050370,66.709986,0,0.107000,0.109592
SP_R_PushUp_1,posenet,9,0.301586,ok,1,direct,1.000000,13,left_knee,1,0,0.000000,434.350000,341.950000,2.000000,755.420105,309.574036,,,,0.087000,
SP_R_PushUp_1,posenet,9,0.301586,ok,1,direct,1.000000,14,right_knee,1,1,2.000000,444.160000,323.400000,2.000000,677.895447,326.869629,233.761197,66.709986,0,0.087000,0.000000
SP_R_PushUp_1,posenet,9,0.301586,ok,1,direct,1.000000,15,left_ankle,1,0,0.000000,361.860000,366.480000,2.000000,765.948120,419.112732,,,,0.089000,
SP_R_PushUp_1,posenet,9,0.301586,ok,1,direct,1.000000,16,right_ankle,1,1,2.000000,325.750000,361.440000,2.000000,685.552185,454.664764,371.683291,66.709986,0,0.089000,0.000000
SP_R_PushUp_1,posenet,10,0.335096,ok,1,direct,1.000000,0,nose,0,0,0.000000,0.000000,0.000000,2.000000,816.306885,227.296570,,,,0.026000,
SP_R_PushUp_1,posenet,10,0.335096,ok,1,direct,1.000000,1,left_eye,0,0,0.000000,0.000000,0.000000,2.000000,823.987000,218.660141,,,,0.025000,
SP_R_PushUp_1,posenet,10,0.335096,ok,1,direct,1.000000,2,right_eye,0,0,0.000000,0.000000,0.000000,2.000000,815.346863,211.942932,,,,0.025000,
SP_R_PushUp_1,posenet,10,0.335096,ok,1,direct,1.000000,3,left_ear,0,0,0.000000,0.000000,0.000000,2.000000,776.946289,185.074036,,,,0.035000,
SP_R_PushUp_1,posenet,10,0.335096,ok,1,direct,1.000000,4,right_ear,0,0,0.000000,0.000000,0.000000,2.000000,775.986206,185.074036,,,,0.035000,
SP_R_PushUp_1,posenet,10,0.335096,ok,1,direct,1.000000,5,left_shoulder,1,1,2.000000,748.590000,210.120000,2.000000,752.945862,252.246277,42.350876,66.709986,1,0.079000,0.274838
SP_R_PushUp_1,posenet,10,0.335096,ok,1,direct,1.000000,6,right_shoulder,1,1,2.000000,669.780000,214.040000,2.000000,701.104919,218.660141,31.663801,66.709986,1,0.079000,0.485793
SP_R_PushUp_1,posenet,10,0.335096,ok,1,direct,1.000000,7,left_elbow,1,1,2.000000,752.500000,306.500000,2.000000,758.705933,329.974091,24.280579,66.709986,1,0.072000,0.599839
SP_R_PushUp_1,posenet,10,0.335096,ok,1,direct,1.000000,8,right_elbow,1,1,2.000000,672.550000,335.950000,2.000000,680.944641,356.842987,22.516370,66.709986,1,0.072000,0.644345
SP_R_PushUp_1,posenet,10,0.335096,ok,1,direct,1.000000,9,left_wrist,1,1,2.000000,765.200000,419.940000,2.000000,767.346069,418.257568,2.726938,66.709986,1,0.062000,0.991344
SP_R_PushUp_1,posenet,10,0.335096,ok,1,direct,1.000000,10,right_wrist,1,1,2.000000,686.290000,463.290000,2.000000,684.784668,451.843719,11.544841,66.709986,1,0.062000,0.855708
SP_R_PushUp_1,posenet,10,0.335096,ok,1,direct,1.000000,11,left_hip,1,0,0.000000,544.790000,246.260000,2.000000,559.982605,244.569443,,,,0.107000,
SP_R_PushUp_1,posenet,10,0.335096,ok,1,direct,1.000000,12,right_hip,1,1,2.000000,523.920000,251.640000,2.000000,559.982605,234.013809,40.139682,66.709986,1,0.107000,0.531287
SP_R_PushUp_1,posenet,10,0.335096,ok,1,direct,1.000000,13,left_knee,1,0,0.000000,434.350000,341.950000,2.000000,757.745911,314.620453,,,,0.087000,
SP_R_PushUp_1,posenet,10,0.335096,ok,1,direct,1.000000,14,right_knee,1,1,2.000000,444.160000,323.400000,2.000000,678.064575,326.135712,233.920573,66.709986,0,0.087000,0.000000
SP_R_PushUp_1,posenet,10,0.335096,ok,1,direct,1.000000,15,left_ankle,1,0,0.000000,361.860000,366.480000,2.000000,766.386108,418.257568,,,,0.089000,
SP_R_PushUp_1,posenet,10,0.335096,ok,1,direct,1.000000,16,right_ankle,1,1,2.000000,325.750000,361.440000,2.000000,684.784668,457.601318,371.689241,66.709986,0,0.089000,0.000000
SP_R_PushUp_1,posenet,11,0.368605,ok,1,direct,1.000000,0,nose,0,0,0.000000,0.000000,0.000000,2.000000,813.702271,229.269684,,,,0.026000,
SP_R_PushUp_1,posenet,11,0.368605,ok,1,direct,1.000000,1,left_eye,0,0,0.000000,0.000000,0.000000,2.000000,824.252075,219.675110,,,,0.025000,
SP_R_PushUp_1,posenet,11,0.368605,ok,1,direct,1.000000,2,right_eye,0,0,0.000000,0.000000,0.000000,2.000000,813.702271,211.039993,,,,0.025000,
SP_R_PushUp_1,posenet,11,0.368605,ok,1,direct,1.000000,3,left_ear,0,0,0.000000,0.000000,0.000000,2.000000,777.257629,186.094101,,,,0.035000,
SP_R_PushUp_1,posenet,11,0.368605,ok,1,direct,1.000000,4,right_ear,0,0,0.000000,0.000000,0.000000,2.000000,777.257629,187.053543,,,,0.035000,
SP_R_PushUp_1,posenet,11,0.368605,ok,1,direct,1.000000,5,left_shoulder,1,1,2.000000,748.590000,210.120000,2.000000,751.362793,249.418289,39.395989,66.709986,1,0.079000,0.327054
SP_R_PushUp_1,posenet,11,0.368605,ok,1,direct,1.000000,6,right_shoulder,1,1,2.000000,669.780000,214.040000,2.000000,699.573120,215.837265,29.847281,66.709986,1,0.079000,0.526497
SP_R_PushUp_1,posenet,11,0.368605,ok,1,direct,1.000000,7,left_elbow,1,1,2.000000,752.500000,306.500000,2.000000,757.117188,330.972168,24.903924,66.709986,1,0.072000,0.584105
SP_R_PushUp_1,posenet,11,0.368605,ok,1,direct,1.000000,8,right_elbow,1,1,2.000000,672.550000,335.950000,2.000000,680.391724,356.877472,22.348416,66.709986,1,0.072000,0.648568
SP_R_PushUp_1,posenet,11,0.368605,ok,1,direct,1.000000,9,left_wrist,1,1,2.000000,765.200000,419.940000,2.000000,766.707886,420.201691,1.530425,66.709986,1,0.062000,0.997265
SP_R_PushUp_1,posenet,11,0.368605,ok,1,direct,1.000000,10,right_wrist,1,1,2.000000,686.290000,463.290000,2.000000,685.187073,451.863708,11.479398,66.709986,1,0.062000,0.857217
SP_R_PushUp_1,posenet,11,0.368605,ok,1,direct,1.000000,11,left_hip,1,0,0.000000,544.790000,246.260000,2.000000,547.081177,226.391296,,,,0.107000,
SP_R_PushUp_1,posenet,11,0.368605,ok,1,direct,1.000000,12,right_hip,1,1,2.000000,523.920000,251.640000,2.000000,547.081177,230.229126,31.541491,66.709986,1,0.107000,0.676704
SP_R_PushUp_1,posenet,11,0.368605,ok,1,direct,1.000000,13,left_knee,1,0,0.000000,434.350000,341.950000,2.000000,756.158081,315.620819,,,,0.087000,
SP_R_PushUp_1,posenet,11,0.368605,ok,1,direct,1.000000,14,right_knee,1,1,2.000000,444.160000,323.400000,2.000000,674.637329,325.215393,230.484479,66.709986,0,0.087000,0.000000
SP_R_PushUp_1,posenet,11,0.368605,ok,1,direct,1.000000,15,left_ankle,1,0,0.000000,361.860000,366.480000,2.000000,766.707886,420.201691,,,,0.089000,
SP_R_PushUp_1,posenet,11,0.368605,ok,1,direct,1.000000,16,right_ankle,1,1,2.000000,325.750000,361.440000,2.000000,685.187073,458.579956,372.332083,66.709986,0,0.089000,0.000000
SP_R_PushUp_1,posenet,12,0.402115,ok,1,direct,1.000000,0,nose,0,0,0.000000,0.000000,0.000000,2.000000,813.904358,228.720276,,,,0.026000,
SP_R_PushUp_1,posenet,12,0.402115,ok,1,direct,1.000000,1,left_eye,0,0,0.000000,0.000000,0.000000,2.000000,823.495422,220.072754,,,,0.025000,
SP_R_PushUp_1,posenet,12,0.402115,ok,1,direct,1.000000,2,right_eye,0,0,0.000000,0.000000,0.000000,2.000000,813.904358,211.425217,,,,0.025000,
SP_R_PushUp_1,posenet,12,0.402115,ok,1,direct,1.000000,3,left_ear,0,0,0.000000,0.000000,0.000000,2.000000,778.417664,186.443481,,,,0.035000,
SP_R_PushUp_1,posenet,12,0.402115,ok,1,direct,1.000000,4,right_ear,0,0,0.000000,0.000000,0.000000,2.000000,777.458496,186.443481,,,,0.035000,
SP_R_PushUp_1,posenet,12,0.402115,ok,1,direct,1.000000,5,left_shoulder,1,1,2.000000,748.590000,210.120000,2.000000,751.562805,256.584534,46.559537,66.709986,1,0.079000,0.209920
SP_R_PushUp_1,posenet,12,0.402115,ok,1,direct,1.000000,6,right_shoulder,1,1,2.000000,669.780000,214.040000,2.000000,701.689514,221.033585,32.666915,66.709986,1,0.079000,0.463736
SP_R_PushUp_1,posenet,12,0.402115,ok,1,direct,1.000000,7,left_elbow,1,1,2.000000,752.500000,306.500000,2.000000,758.276489,334.412323,28.503782,66.709986,1,0.072000,0.494430
SP_R_PushUp_1,posenet,12,0.402115,ok,1,direct,1.000000,8,right_elbow,1,1,2.000000,672.550000,335.950000,2.000000,679.630188,356.511536,21.746398,66.709986,1,0.072000,0.663666
SP_R_PushUp_1,posenet,12,0.402115,ok,1,direct,1.000000,9,left_wrist,1,1,2.000000,765.200000,419.940000,2.000000,767.867554,418.965942,2.839829,66.709986,1,0.062000,0.990616
SP_R_PushUp_1,posenet,12,0.402115,ok,1,direct,1.000000,10,right_wrist,1,1,2.000000,686.290000,463.290000,2.000000,685.384766,451.634369,11.690731,66.709986,1,0.062000,0.852323
SP_R_PushUp_1,posenet,12,0.402115,ok,1,direct,1.000000,11,left_hip,1,0,0.000000,544.790000,246.260000,2.000000,551.110535,246.976181,,,,0.107000,
SP_R_PushUp_1,posenet,12,0.402115,ok,1,direct,1.000000,12,right_hip,1,1,2.000000,523.920000,251.640000,2.000000,551.110535,234.485291,32.149794,66.709986,1,0.107000,0.666490
SP_R_PushUp_1,posenet,12,0.402115,ok,1,direct,1.000000,13,left_knee,1,0,0.000000,434.350000,341.950000,2.000000,757.317383,316.156433,,,,0.087000,
SP_R_PushUp_1,posenet,12,0.402115,ok,1,direct,1.000000,14,right_knee,1,1,2.000000,444.160000,323.400000,2.000000,674.834656,325.764771,230.686777,66.709986,0,0.087000,0.000000
SP_R_PushUp_1,posenet,12,0.402115,ok,1,direct,1.000000,15,left_ankle,1,0,0.000000,361.860000,366.480000,2.000000,767.867554,420.887604,,,,0.089000,
SP_R_PushUp_1,posenet,12,0.402115,ok,1,direct,1.000000,16,right_ankle,1,1,2.000000,325.750000,361.440000,2.000000,685.384766,457.399384,372.216829,66.709986,0,0.089000,0.000000
SP_R_PushUp_1,posenet,13,0.435624,ok,1,direct,1.000000,0,nose,0,0,0.000000,0.000000,0.000000,2.000000,815.859802,228.793884,,,,0.026000,
SP_R_PushUp_1,posenet,13,0.435624,ok,1,direct,1.000000,1,left_eye,0,0,0.000000,0.000000,0.000000,2.000000,825.455017,220.155136,,,,0.025000,
SP_R_PushUp_1,posenet,13,0.435624,ok,1,direct,1.000000,2,right_eye,0,0,0.000000,0.000000,0.000000,2.000000,815.859802,212.476257,,,,0.025000,
SP_R_PushUp_1,posenet,13,0.435624,ok,1,direct,1.000000,3,left_ear,0,0,0.000000,0.000000,0.000000,2.000000,777.478577,186.560028,,,,0.035000,
SP_R_PushUp_1,posenet,13,0.435624,ok,1,direct,1.000000,4,right_ear,0,0,0.000000,0.000000,0.000000,2.000000,777.478577,187.519882,,,,0.035000,
SP_R_PushUp_1,posenet,13,0.435624,ok,1,direct,1.000000,5,left_shoulder,1,1,2.000000,748.590000,210.120000,2.000000,751.571289,243.191788,33.205891,66.709986,1,0.079000,0.452030
SP_R_PushUp_1,posenet,13,0.435624,ok,1,direct,1.000000,6,right_shoulder,1,1,2.000000,669.780000,214.040000,2.000000,701.675659,226.874161,34.380936,66.709986,1,0.079000,0.426904
SP_R_PushUp_1,posenet,13,0.435624,ok,1,direct,1.000000,7,left_elbow,1,1,2.000000,752.500000,306.500000,2.000000,758.287964,330.539093,24.726070,66.709986,1,0.072000,0.588592
SP_R_PushUp_1,posenet,13,0.435624,ok,1,direct,1.000000,8,right_elbow,1,1,2.000000,672.550000,335.950000,2.000000,679.606506,352.615906,18.098251,66.709986,1,0.072000,0.752797
SP_R_PushUp_1,posenet,13,0.435624,ok,1,direct,1.000000,9,left_wrist,1,1,2.000000,765.200000,419.940000,2.000000,765.964233,417.886414,2.191180,66.709986,1,0.062000,0.994402
SP_R_PushUp_1,posenet,13,0.435624,ok,1,direct,1.000000,10,right_wrist,1,1,2.000000,686.290000,463.290000,2.000000,685.363647,451.481537,11.844743,66.709986,1,0.062000,0.848719
SP_R_PushUp_1,posenet,13,0.435624,ok,1,direct,1.000000,11,left_hip,1,0,0.000000,544.790000,246.260000,2.000000,641.225281,195.198776,,,,0.107000,
SP_R_PushUp_1,posenet,13,0.435624,ok,1,direct,1.000000,12,right_hip,1,1,2.000000,523.920000,251.640000,2.000000,560.624756,227.834030,43.748866,66.709986,1,0.107000,0.471752
SP_R_PushUp_1,posenet,13,0.435624,ok,1,direct,1.000000,13,left_knee,1,0,0.000000,434.350000,341.950000,2.000000,756.368896,313.261597,,,,0.087000,
SP_R_PushUp_1,posenet,13,0.435624,ok,1,direct,1.000000,14,right_knee,1,1,2.000000,444.160000,323.400000,2.000000,674.808838,328.619354,230.707885,66.709986,0,0.087000,0.000000
SP_R_PushUp_1,posenet,13,0.435624,ok,1,direct,1.000000,15,left_ankle,1,0,0.000000,361.860000,366.480000,2.000000,765.964233,417.886414,,,,0.089000,
SP_R_PushUp_1,posenet,13,0.435624,ok,1,direct,1.000000,16,right_ankle,1,1,2.000000,325.750000,361.440000,2.000000,685.363647,458.200531,372.403781,66.709986,0,0.089000,0.000000
SP_R_PushUp_1,posenet,14,0.469134,ok,1,direct,1.000000,0,nose,0,0,0.000000,0.000000,0.000000,2.000000,814.134094,228.479736,,,,0.026000,
SP_R_PushUp_1,posenet,14,0.469134,ok,1,direct,1.000000,1,left_eye,0,0,0.000000,0.000000,0.000000,2.000000,823.736206,219.830978,,,,0.025000,
SP_R_PushUp_1,posenet,14,0.469134,ok,1,direct,1.000000,2,right_eye,0,0,0.000000,0.000000,0.000000,2.000000,814.134094,211.182190,,,,0.025000,
SP_R_PushUp_1,posenet,14,0.469134,ok,1,direct,1.000000,3,left_ear,0,0,0.000000,0.000000,0.000000,2.000000,777.646179,187.157867,,,,0.035000,
SP_R_PushUp_1,posenet,14,0.469134,ok,1,direct,1.000000,4,right_ear,0,0,0.000000,0.000000,0.000000,2.000000,776.685974,187.157867,,,,0.035000,
SP_R_PushUp_1,posenet,14,0.469134,ok,1,direct,1.000000,5,left_shoulder,1,1,2.000000,748.590000,210.120000,2.000000,751.720581,243.855316,33.880261,66.709986,1,0.079000,0.437541
SP_R_PushUp_1,posenet,14,0.469134,ok,1,direct,1.000000,6,right_shoulder,1,1,2.000000,669.780000,214.040000,2.000000,699.869324,222.713882,31.314591,66.709986,1,0.079000,0.493548
SP_R_PushUp_1,posenet,14,0.469134,ok,1,direct,1.000000,7,left_elbow,1,1,2.000000,752.500000,306.500000,2.000000,756.521606,331.303955,25.127863,66.709986,1,0.072000,0.578459
SP_R_PushUp_1,posenet,14,0.469134,ok,1,direct,1.000000,8,right_elbow,1,1,2.000000,672.550000,335.950000,2.000000,678.744690,352.445343,17.620174,66.709986,1,0.072000,0.764024
SP_R_PushUp_1,posenet,14,0.469134,ok,1,direct,1.000000,9,left_wrist,1,1,2.000000,765.200000,419.940000,2.000000,767.083862,419.713531,1.897426,66.709986,1,0.062000,0.995800
SP_R_PushUp_1,posenet,14,0.469134,ok,1,direct,1.000000,10,right_wrist,1,1,2.000000,686.290000,463.290000,2.000000,684.505920,452.386627,11.048370,66.709986,1,0.062000,0.867003
SP_R_PushUp_1,posenet,14,0.469134,ok,1,direct,1.000000,11,left_hip,1,0,0.000000,544.790000,246.260000,2.000000,623.052551,199.650513,,,,0.107000,
SP_R_PushUp_1,posenet,14,0.469134,ok,1,direct,1.000000,12,right_hip,1,1,2.000000,523.920000,251.640000,2.000000,549.116455,230.401688,32.953410,66.709986,1,0.107000,0.652942
SP_R_PushUp_1,posenet,14,0.469134,ok,1,direct,1.000000,13,left_knee,1,0,0.000000,434.350000,341.950000,2.000000,755.561401,313.045441,,,,0.087000,
SP_R_PushUp_1,posenet,14,0.469134,ok,1,direct,1.000000,14,right_knee,1,1,2.000000,444.160000,323.400000,2.000000,565.440063,312.084473,121.806794,66.709986,0,0.087000,0.000149
SP_R_PushUp_1,posenet,14,0.469134,ok,1,direct,1.000000,15,left_ankle,1,0,0.000000,361.860000,366.480000,2.000000,767.083862,419.713531,,,,0.089000,
SP_R_PushUp_1,posenet,14,0.469134,ok,1,direct,1.000000,16,right_ankle,1,1,2.000000,325.750000,361.440000,2.000000,684.505920,459.113464,371.814357,66.709986,0,0.089000,0.000000
SP_R_PushUp_1,posenet,15,0.502644,ok,1,direct,1.000000,0,nose,0,0,0.000000,0.000000,0.000000,2.000000,816.497070,228.558578,,,,0.026000,
SP_R_PushUp_1,posenet,15,0.502644,ok,1,direct,1.000000,1,left_eye,0,0,0.000000,0.000000,0.000000,2.000000,825.135864,219.909912,,,,0.025000,
SP_R_PushUp_1,posenet,15,0.502644,ok,1,direct,1.000000,2,right_eye,0,0,0.000000,0.000000,0.000000,2.000000,815.537292,213.183197,,,,0.025000,
SP_R_PushUp_1,posenet,15,0.502644,ok,1,direct,1.000000,3,left_ear,0,0,0.000000,0.000000,0.000000,2.000000,777.142822,186.276291,,,,0.035000,
SP_R_PushUp_1,posenet,15,0.502644,ok,1,direct,1.000000,4,right_ear,0,0,0.000000,0.000000,0.000000,2.000000,777.142822,187.237244,,,,0.035000,
SP_R_PushUp_1,posenet,15,0.502644,ok,1,direct,1.000000,5,left_shoulder,1,1,2.000000,751.880000,213.540000,2.000000,753.146362,247.777817,34.261228,66.199491,1,0.079000,0.423854
SP_R_PushUp_1,posenet,15,0.502644,ok,1,direct,1.000000,6,right_shoulder,1,1,2.000000,672.220000,216.850000,2.000000,704.193420,226.636658,33.437678,66.199491,1,0.079000,0.441492
SP_R_PushUp_1,posenet,15,0.502644,ok,1,direct,1.000000,7,left_elbow,1,1,2.000000,751.530000,308.700000,2.000000,757.945679,336.186218,28.225044,66.199491,1,0.072000,0.495923
SP_R_PushUp_1,posenet,15,0.502644,ok,1,direct,1.000000,8,right_elbow,1,1,2.000000,668.410000,338.510000,2.000000,678.277222,349.639679,14.873864,66.199491,1,0.072000,0.823031
SP_R_PushUp_1,posenet,15,0.502644,ok,1,direct,1.000000,9,left_wrist,1,1,2.000000,764.980000,420.280000,2.000000,766.584412,417.867889,2.896966,66.199491,1,0.062000,0.990086
SP_R_PushUp_1,posenet,15,0.502644,ok,1,direct,1.000000,10,right_wrist,1,1,2.000000,685.780000,462.680000,2.000000,684.996277,450.540619,12.164654,66.199491,1,0.062000,0.838881
SP_R_PushUp_1,posenet,15,0.502644,ok,1,direct,1.000000,11,left_hip,1,0,0.000000,544.790000,248.630000,2.000000,636.043335,194.924942,,,,0.107000,
SP_R_PushUp_1,posenet,15,0.502644,ok,1,direct,1.000000,12,right_hip,1,1,2.000000,524.890000,253.100000,2.000000,566.933411,233.363373,46.445482,66.199491,1,0.107000,0.423211
SP_R_PushUp_1,posenet,15,0.502644,ok,1,direct,1.000000,13,left_knee,1,0,0.000000,434.350000,343.360000,2.000000,756.985779,316.966980,,,,0.087000,
SP_R_PushUp_1,posenet,15,0.502644,ok,1,direct,1.000000,14,right_knee,1,1,2.000000,444.160000,324.990000,2.000000,674.437744,308.318359,230.880452,66.199491,0,0.087000,0.000000
SP_R_PushUp_1,posenet,15,0.502644,ok,1,direct,1.000000,15,left_ankle,1,0,0.000000,361.860000,367.650000,2.000000,684.996277,450.540619,,,,0.089000,
SP_R_PushUp_1,posenet,15,0.502644,ok,1,direct,1.000000,16,right_ankle,1,1,2.000000,325.230000,360.600000,2.000000,684.996277,457.267303,372.526968,66.199491,0,0.089000,0.000000
SP_R_PushUp_1,posenet,16,0.536153,ok,1,direct,1.000000,0,nose,0,0,0.000000,0.000000,0.000000,2.000000,816.380432,228.532333,,,,0.026000,
SP_R_PushUp_1,posenet,16,0.536153,ok,1,direct,1.000000,1,left_eye,0,0,0.000000,0.000000,0.000000,2.000000,824.039001,219.886215,,,,0.025000,
SP_R_PushUp_1,posenet,16,0.536153,ok,1,direct,1.000000,2,right_eye,0,0,0.000000,0.000000,0.000000,2.000000,816.380432,214.122131,,,,0.025000,
SP_R_PushUp_1,posenet,16,0.536153,ok,1,direct,1.000000,3,left_ear,0,0,0.000000,0.000000,0.000000,2.000000,776.172852,187.223114,,,,0.035000,
SP_R_PushUp_1,posenet,16,0.536153,ok,1,direct,1.000000,4,right_ear,0,0,0.000000,0.000000,0.000000,2.000000,777.130188,187.223114,,,,0.035000,
SP_R_PushUp_1,posenet,16,0.536153,ok,1,direct,1.000000,5,left_shoulder,1,1,2.000000,755.180000,216.960000,2.000000,751.282471,255.431366,38.668291,65.684886,1,0.079000,0.329364
SP_R_PushUp_1,posenet,16,0.536153,ok,1,direct,1.000000,6,right_shoulder,1,1,2.000000,674.660000,219.650000,2.000000,700.544373,241.981842,34.186429,65.684886,1,0.079000,0.419763
SP_R_PushUp_1,posenet,16,0.536153,ok,1,direct,1.000000,7,left_elbow,1,1,2.000000,750.550000,310.890000,2.000000,758.941040,337.089142,27.510082,65.684886,1,0.072000,0.508274
SP_R_PushUp_1,posenet,16,0.536153,ok,1,direct,1.000000,8,right_elbow,1,1,2.000000,664.260000,341.070000,2.000000,680.440613,363.988159,28.054487,65.684886,1,0.072000,0.494710
SP_R_PushUp_1,posenet,16,0.536153,ok,1,direct,1.000000,9,left_wrist,1,1,2.000000,764.760000,420.610000,2.000000,766.599670,416.825562,4.207893,65.684886,1,0.062000,0.978874
SP_R_PushUp_1,posenet,16,0.536153,ok,1,direct,1.000000,10,right_wrist,1,1,2.000000,685.260000,462.080000,2.000000,685.227234,450.449371,11.630675,65.684886,1,0.062000,0.849483
SP_R_PushUp_1,posenet,16,0.536153,ok,1,direct,1.000000,11,left_hip,1,0,0.000000,544.790000,250.990000,2.000000,648.848938,193.947861,,,,0.107000,
SP_R_PushUp_1,posenet,16,0.536153,ok,1,direct,1.000000,12,right_hip,1,1,2.000000,525.870000,254.570000,2.000000,584.708313,233.335739,62.552705,65.684886,1,0.107000,0.205102
SP_R_PushUp_1,posenet,16,0.536153,ok,1,direct,1.000000,13,left_knee,1,0,0.000000,434.350000,344.770000,2.000000,757.983765,320.757599,,,,0.087000,
SP_R_PushUp_1,posenet,16,0.536153,ok,1,direct,1.000000,14,right_knee,1,1,2.000000,444.160000,326.590000,2.000000,675.653931,335.167786,231.652797,65.684886,0,0.087000,0.000000
SP_R_PushUp_1,posenet,16,0.536153,ok,1,direct,1.000000,15,left_ankle,1,0,0.000000,361.860000,368.810000,2.000000,766.599670,416.825562,,,,0.089000,
SP_R_PushUp_1,posenet,16,0.536153,ok,1,direct,1.000000,16,right_ankle,1,1,2.000000,324.720000,359.770000,2.000000,685.227234,456.213440,373.184677,65.684886,0,0.089000,0.000000
SP_R_PushUp_1,posenet,17,0.569663,ok,1,direct,1.000000,0,nose,0,0,0.000000,0.000000,0.000000,2.000000,817.827271,230.425217,,,,0.026000,
SP_R_PushUp_1,posenet,17,0.569663,ok,1,direct,1.000000,1,left_eye,0,0,0.000000,0.000000,0.000000,2.000000,825.484253,220.827896,,,,0.025000,
SP_R_PushUp_1,posenet,17,0.569663,ok,1,direct,1.000000,2,right_eye,0,0,0.000000,0.000000,0.000000,2.000000,815.913086,215.069489,,,,0.025000,
SP_R_PushUp_1,posenet,17,0.569663,ok,1,direct,1.000000,3,left_ear,0,0,0.000000,0.000000,0.000000,2.000000,777.628418,190.116409,,,,0.035000,
SP_R_PushUp_1,posenet,17,0.569663,ok,1,direct,1.000000,4,right_ear,0,0,0.000000,0.000000,0.000000,2.000000,778.585571,191.076157,,,,0.035000,
SP_R_PushUp_1,posenet,17,0.569663,ok,1,direct,1.000000,5,left_shoulder,1,1,2.000000,758.470000,220.370000,2.000000,754.657593,247.700424,27.595045,65.165501,1,0.079000,0.562902
SP_R_PushUp_1,posenet,17,0.569663,ok,1,direct,1.000000,6,right_shoulder,1,1,2.000000,677.100000,222.460000,2.000000,704.887573,233.304428,29.828692,65.165501,1,0.079000,0.510971
SP_R_PushUp_1,posenet,17,0.569663,ok,1,direct,1.000000,7,left_elbow,1,1,2.000000,749.570000,313.090000,2.000000,757.528931,335.995941,24.249262,65.165501,1,0.072000,0.586122
SP_R_PushUp_1,posenet,17,0.569663,ok,1,direct,1.000000,8,right_elbow,1,1,2.000000,660.110000,343.630000,2.000000,675.216980,365.747681,26.784560,65.165501,1,0.072000,0.521119
SP_R_PushUp_1,posenet,17,0.569663,ok,1,direct,1.000000,9,left_wrist,1,1,2.000000,764.540000,420.950000,2.000000,764.228760,414.694092,6.263646,65.165501,1,0.062000,0.953068
SP_R_PushUp_1,posenet,17,0.569663,ok,1,direct,1.000000,10,right_wrist,1,1,2.000000,684.750000,461.470000,2.000000,685.745239,449.244476,12.265966,65.165501,1,0.062000,0.831655
SP_R_PushUp_1,posenet,17,0.569663,ok,1,direct,1.000000,11,left_hip,1,0,0.000000,544.790000,253.350000,2.000000,737.429565,195.874817,,,,0.107000,
SP_R_PushUp_1,posenet,17,0.569663,ok,1,direct,1.000000,12,right_hip,1,1,2.000000,526.850000,256.030000,2.000000,595.776306,256.338043,68.926994,65.165501,0,0.107000,0.141654
SP_R_PushUp_1,posenet,17,0.569663,ok,1,direct,1.000000,13,left_knee,1,0,0.000000,434.350000,346.180000,2.000000,756.571899,313.922058,,,,0.087000,
SP_R_PushUp_1,posenet,17,0.569663,ok,1,direct,1.000000,14,right_knee,1,1,2.000000,444.160000,328.180000,2.000000,668.517151,319.680450,224.518092,65.165501,0,0.087000,0.000000
SP_R_PushUp_1,posenet,17,0.569663,ok,1,direct,1.000000,15,left_ankle,1,0,0.000000,361.860000,369.970000,2.000000,765.185913,415.653809,,,,0.089000,
SP_R_PushUp_1,posenet,17,0.569663,ok,1,direct,1.000000,16,right_ankle,1,1,2.000000,324.210000,358.930000,2.000000,685.745239,454.043152,373.837185,65.165501,0,0.089000,0.000000
SP_R_PushUp_1,posenet,18,0.603172,ok,1,direct,1.000000,0,nose,0,0,0.000000,0.000000,0.000000,2.000000,822.358765,236.009232,,,,0.026000,
SP_R_PushUp_1,posenet,18,0.603172,ok,1,direct,1.000000,1,left_eye,0,0,0.000000,0.000000,0.000000,2.000000,832.905151,226.404221,,,,0.025000,
SP_R_PushUp_1,posenet,18,0.603172,ok,1,direct,1.000000,2,right_eye,0,0,0.000000,0.000000,0.000000,2.000000,818.523682,219.680725,,,,0.025000,
SP_R_PushUp_1,posenet,18,0.603172,ok,1,direct,1.000000,3,left_ear,0,0,0.000000,0.000000,0.000000,2.000000,779.214233,195.668228,,,,0.035000,
SP_R_PushUp_1,posenet,18,0.603172,ok,1,direct,1.000000,4,right_ear,0,0,0.000000,0.000000,0.000000,2.000000,779.214233,195.668228,,,,0.035000,
SP_R_PushUp_1,posenet,18,0.603172,ok,1,direct,1.000000,5,left_shoulder,1,1,2.000000,761.760000,223.790000,2.000000,757.162598,190.865723,33.243708,64.641222,1,0.079000,0.428455
SP_R_PushUp_1,posenet,18,0.603172,ok,1,direct,1.000000,6,right_shoulder,1,1,2.000000,679.540000,225.260000,2.000000,700.595337,240.811722,26.176005,64.641222,1,0.079000,0.591266
SP_R_PushUp_1,posenet,18,0.603172,ok,1,direct,1.000000,7,left_elbow,1,1,2.000000,748.600000,315.280000,2.000000,758.121399,340.703735,27.148174,64.641222,1,0.072000,0.506365
SP_R_PushUp_1,posenet,18,0.603172,ok,1,direct,1.000000,8,right_elbow,1,1,2.000000,655.960000,346.190000,2.000000,671.832336,357.032227,19.221991,64.641222,1,0.072000,0.710954
SP_R_PushUp_1,posenet,18,0.603172,ok,1,direct,1.000000,9,left_wrist,1,1,2.000000,764.320000,421.290000,2.000000,765.791504,415.622742,5.855181,64.641222,1,0.062000,0.958210
SP_R_PushUp_1,posenet,18,0.603172,ok,1,direct,1.000000,10,right_wrist,1,1,2.000000,684.240000,460.870000,2.000000,680.461243,434.832733,26.310041,64.641222,1,0.062000,0.422347
SP_R_PushUp_1,posenet,18,0.603172,ok,1,direct,1.000000,11,left_hip,1,0,0.000000,544.790000,255.720000,2.000000,740.863525,200.470718,,,,0.107000,
SP_R_PushUp_1,posenet,18,0.603172,ok,1,direct,1.000000,12,right_hip,1,1,2.000000,527.820000,257.490000,2.000000,689.090149,206.233719,169.219583,64.641222,0,0.107000,0.000006
SP_R_PushUp_1,posenet,18,0.603172,ok,1,direct,1.000000,13,left_knee,1,0,0.000000,434.350000,347.590000,2.000000,757.162598,324.375214,,,,0.087000,
SP_R_PushUp_1,posenet,18,0.603172,ok,1,direct,1.000000,14,right_knee,1,1,2.000000,444.160000,329.780000,2.000000,671.832336,312.849243,228.300993,64.641222,0,0.087000,0.000000
SP_R_PushUp_1,posenet,18,0.603172,ok,1,direct,1.000000,15,left_ankle,1,0,0.000000,361.860000,371.140000,2.000000,765.791504,415.622742,,,,0.089000,
SP_R_PushUp_1,posenet,18,0.603172,ok,1,direct,1.000000,16,right_ankle,1,1,2.000000,323.700000,358.100000,2.000000,684.296265,453.082245,372.895820,64.641222,0,0.089000,0.000000
SP_R_PushUp_1,posenet,19,0.636682,ok,1,direct,1.000000,0,nose,0,0,0.000000,0.000000,0.000000,2.000000,824.757080,241.346161,,,,0.026000,
SP_R_PushUp_1,posenet,19,0.636682,ok,1,direct,1.000000,1,left_eye,0,0,0.000000,0.000000,0.000000,2.000000,833.388062,233.668671,,,,0.025000,
SP_R_PushUp_1,posenet,19,0.636682,ok,1,direct,1.000000,2,right_eye,0,0,0.000000,0.000000,0.000000,2.000000,820.921082,226.950867,,,,0.025000,
SP_R_PushUp_1,posenet,19,0.636682,ok,1,direct,1.000000,3,left_ear,0,0,0.000000,0.000000,0.000000,2.000000,779.684143,201.998993,,,,0.035000,
SP_R_PushUp_1,posenet,19,0.636682,ok,1,direct,1.000000,4,right_ear,0,0,0.000000,0.000000,0.000000,2.000000,779.684143,202.958664,,,,0.035000,
SP_R_PushUp_1,posenet,19,0.636682,ok,1,direct,1.000000,5,left_shoulder,1,1,2.000000,765.060000,227.200000,2.000000,755.709229,190.482727,37.889247,64.182413,1,0.079000,0.327325
SP_R_PushUp_1,posenet,19,0.636682,ok,1,direct,1.000000,6,right_shoulder,1,1,2.000000,681.980000,228.070000,2.000000,703.923340,235.588043,23.195498,64.182413,1,0.079000,0.657998
SP_R_PushUp_1,posenet,19,0.636682,ok,1,direct,1.000000,7,left_elbow,1,1,2.000000,747.620000,317.480000,2.000000,756.668213,344.032745,28.052067,64.182413,1,0.072000,0.478551
SP_R_PushUp_1,posenet,19,0.636682,ok,1,direct,1.000000,8,right_elbow,1,1,2.000000,651.810000,348.760000,2.000000,755.709229,343.073059,104.054750,64.182413,0,0.072000,0.000039
SP_R_PushUp_1,posenet,19,0.636682,ok,1,direct,1.000000,9,left_wrist,1,1,2.000000,764.100000,421.630000,2.000000,766.258240,417.928680,4.284596,64.182413,1,0.062000,0.977080
SP_R_PushUp_1,posenet,19,0.636682,ok,1,direct,1.000000,10,right_wrist,1,1,2.000000,683.730000,460.260000,2.000000,685.702454,452.477417,8.028647,64.182413,1,0.062000,0.921812
SP_R_PushUp_1,posenet,19,0.636682,ok,1,direct,1.000000,11,left_hip,1,0,0.000000,544.790000,258.080000,2.000000,737.488281,192.402115,,,,0.107000,
SP_R_PushUp_1,posenet,19,0.636682,ok,1,direct,1.000000,12,right_hip,1,1,2.000000,528.800000,258.960000,2.000000,676.112427,206.797424,156.275031,64.182413,0,0.107000,0.000032
SP_R_PushUp_1,posenet,19,0.636682,ok,1,direct,1.000000,13,left_knee,1,0,0.000000,434.350000,349.000000,2.000000,755.709229,318.121185,,,,0.087000,
SP_R_PushUp_1,posenet,19,0.636682,ok,1,direct,1.000000,14,right_knee,1,1,2.000000,444.160000,331.370000,2.000000,661.727478,318.121185,217.970499,64.182413,0,0.087000,0.000000
SP_R_PushUp_1,posenet,19,0.636682,ok,1,direct,1.000000,15,left_ankle,1,0,0.000000,361.860000,372.300000,2.000000,767.217224,419.848053,,,,0.089000,
SP_R_PushUp_1,posenet,19,0.636682,ok,1,direct,1.000000,16,right_ankle,1,1,2.000000,323.180000,357.260000,2.000000,684.743408,453.437134,374.136525,64.182413,0,0.089000,0.000000
SP_R_PushUp_1,posenet,20,0.670191,ok,1,direct,1.000000,0,nose,0,0,0.000000,0.000000,0.000000,2.000000,829.330688,245.567993,,,,0.026000,
SP_R_PushUp_1,posenet,20,0.670191,ok,1,direct,1.000000,1,left_eye,0,0,0.000000,0.000000,0.000000,2.000000,838.921570,237.883179,,,,0.025000,
SP_R_PushUp_1,posenet,20,0.670191,ok,1,direct,1.000000,2,right_eye,0,0,0.000000,0.000000,0.000000,2.000000,824.535278,231.158966,,,,0.025000,
SP_R_PushUp_1,posenet,20,0.670191,ok,1,direct,1.000000,3,left_ear,0,0,0.000000,0.000000,0.000000,2.000000,784.253845,209.065125,,,,0.035000,
SP_R_PushUp_1,posenet,20,0.670191,ok,1,direct,1.000000,4,right_ear,0,0,0.000000,0.000000,0.000000,2.000000,783.294739,211.946930,,,,0.035000,
SP_R_PushUp_1,posenet,20,0.670191,ok,1,direct,1.000000,5,left_shoulder,1,1,2.000000,768.350000,230.620000,2.000000,756.440491,195.616699,36.973876,63.898072,1,0.079000,0.341989
SP_R_PushUp_1,posenet,20,0.670191,ok,1,direct,1.000000,6,right_shoulder,1,1,2.000000,684.420000,230.870000,2.000000,757.399536,263.819427,80.072951,63.898072,0,0.079000,0.006523
SP_R_PushUp_1,posenet,20,0.670191,ok,1,direct,1.000000,7,left_elbow,1,1,2.000000,746.650000,319.680000,2.000000,759.317688,353.155426,35.792101,63.898072,1,0.072000,0.298049
SP_R_PushUp_1,posenet,20,0.670191,ok,1,direct,1.000000,8,right_elbow,1,1,2.000000,647.670000,351.320000,2.000000,758.358643,355.076599,110.752371,63.898072,0,0.072000,0.000009
SP_R_PushUp_1,posenet,20,0.670191,ok,1,direct,1.000000,9,left_wrist,1,1,2.000000,763.890000,421.970000,2.000000,766.031250,417.515747,4.942198,63.898072,1,0.062000,0.969354
SP_R_PushUp_1,posenet,20,0.670191,ok,1,direct,1.000000,10,right_wrist,1,1,2.000000,683.210000,459.650000,2.000000,766.031250,419.436951,92.067632,63.898072,0,0.062000,0.000020
SP_R_PushUp_1,posenet,20,0.670191,ok,1,direct,1.000000,11,left_hip,1,0,0.000000,544.790000,260.440000,2.000000,730.545227,194.656082,,,,0.107000,
SP_R_PushUp_1,posenet,20,0.670191,ok,1,direct,1.000000,12,right_hip,1,1,2.000000,529.770000,260.420000,2.000000,679.713867,208.104523,158.808288,63.898072,0,0.107000,0.000021
SP_R_PushUp_1,posenet,20,0.670191,ok,1,direct,1.000000,13,left_knee,1,0,0.000000,434.350000,350.410000,2.000000,757.399536,321.455566,,,,0.087000,
SP_R_PushUp_1,posenet,20,0.670191,ok,1,direct,1.000000,14,right_knee,1,1,2.000000,444.160000,332.960000,2.000000,661.491272,294.558685,220.697854,63.898072,0,0.087000,0.000000
SP_R_PushUp_1,posenet,20,0.670191,ok,1,direct,1.000000,15,left_ankle,1,0,0.000000,361.860000,373.470000,2.000000,684.509277,453.058044,,,,0.089000,
SP_R_PushUp_1,posenet,20,0.670191,ok,1,direct,1.000000,16,right_ankle,1,1,2.000000,322.670000,356.430000,2.000000,683.550171,452.097412,373.345352,63.898072,0,0.089000,0.000000
SP_R_PushUp_1,posenet,21,0.703701,ok,1,direct,1.000000,0,nose,0,0,0.000000,0.000000,0.000000,2.000000,834.026001,250.416550,,,,0.026000,
SP_R_PushUp_1,posenet,21,0.703701,ok,1,direct,1.000000,1,left_eye,0,0,0.000000,0.000000,0.000000,2.000000,844.569946,232.186707,,,,0.025000,
SP_R_PushUp_1,posenet,21,0.703701,ok,1,direct,1.000000,2,right_eye,0,0,0.000000,0.000000,0.000000,2.000000,824.440613,232.186707,,,,0.025000,
SP_R_PushUp_1,posenet,21,0.703701,ok,1,direct,1.000000,3,left_ear,0,0,0.000000,0.000000,0.000000,2.000000,787.057495,220.673111,,,,0.035000,
SP_R_PushUp_1,posenet,21,0.703701,ok,1,direct,1.000000,4,right_ear,0,0,0.000000,0.000000,0.000000,2.000000,787.057495,220.673111,,,,0.035000,
SP_R_PushUp_1,posenet,21,0.703701,ok,1,direct,1.000000,5,left_shoulder,1,1,2.000000,769.810000,242.170000,2.000000,793.767334,293.592560,56.729477,62.317359,1,0.079000,0.070251
SP_R_PushUp_1,posenet,21,0.703701,ok,1,direct,1.000000,6,right_shoulder,1,1,2.000000,687.170000,243.180000,2.000000,680.659668,282.078979,39.440018,62.317359,1,0.079000,0.277036
SP_R_PushUp_1,posenet,21,0.703701,ok,1,direct,1.000000,7,left_elbow,1,1,2.000000,744.270000,325.770000,2.000000,653.820496,383.782410,107.454886,62.317359,0,0.072000,0.000010
SP_R_PushUp_1,posenet,21,0.703701,ok,1,direct,1.000000,8,right_elbow,1,1,2.000000,641.630000,352.410000,2.000000,653.820496,380.904022,30.992217,62.317359,1,0.072000,0.385109
SP_R_PushUp_1,posenet,21,0.703701,ok,1,direct,1.000000,9,left_wrist,1,1,2.000000,763.670000,422.310000,2.000000,765.011169,416.404266,6.056106,62.317359,1,0.062000,0.952050
SP_R_PushUp_1,posenet,21,0.703701,ok,1,direct,1.000000,10,right_wrist,1,1,2.000000,682.700000,459.050000,2.000000,683.535278,453.823456,5.292868,62.317359,1,0.062000,0.963163
SP_R_PushUp_1,posenet,21,0.703701,ok,1,direct,1.000000,11,left_hip,1,0,0.000000,544.790000,262.800000,2.000000,726.669495,204.362183,,,,0.107000,
SP_R_PushUp_1,posenet,21,0.703701,ok,1,direct,1.000000,12,right_hip,1,1,2.000000,532.700000,266.340000,2.000000,877.160339,488.364258,409.814222,62.317359,0,0.107000,0.000000
SP_R_PushUp_1,posenet,21,0.703701,ok,1,direct,1.000000,13,left_knee,1,0,0.000000,434.350000,351.820000,2.000000,759.259888,299.349365,,,,0.087000,
SP_R_PushUp_1,posenet,21,0.703701,ok,1,direct,1.000000,14,right_knee,1,1,2.000000,444.160000,334.560000,2.000000,644.235107,336.768524,200.087296,62.317359,0,0.087000,0.000000
SP_R_PushUp_1,posenet,21,0.703701,ok,1,direct,1.000000,15,left_ankle,1,0,0.000000,361.860000,374.630000,2.000000,765.011169,416.404266,,,,0.089000,
SP_R_PushUp_1,posenet,21,0.703701,ok,1,direct,1.000000,16,right_ankle,1,1,2.000000,322.160000,355.590000,2.000000,683.535278,455.742401,374.996794,62.317359,0,0.089000,0.000000
SP_R_PushUp_1,posenet,22,0.737211,ok,1,direct,1.000000,0,nose,0,0,0.000000,0.000000,0.000000,2.000000,838.731567,252.083633,,,,0.026000,
SP_R_PushUp_1,posenet,22,0.737211,ok,1,direct,1.000000,1,left_eye,0,0,0.000000,0.000000,0.000000,2.000000,848.317383,238.640213,,,,0.025000,
SP_R_PushUp_1,posenet,22,0.737211,ok,1,direct,1.000000,2,right_eye,0,0,0.000000,0.000000,0.000000,2.000000,825.311401,235.759476,,,,0.025000,
SP_R_PushUp_1,posenet,22,0.737211,ok,1,direct,1.000000,3,left_ear,0,0,0.000000,0.000000,0.000000,2.000000,790.802368,233.838974,,,,0.035000,
SP_R_PushUp_1,posenet,22,0.737211,ok,1,direct,1.000000,4,right_ear,0,0,0.000000,0.000000,0.000000,2.000000,788.885193,234.799225,,,,0.035000,
SP_R_PushUp_1,posenet,22,0.737211,ok,1,direct,1.000000,5,left_shoulder,1,1,2.000000,771.280000,253.710000,2.000000,788.885193,303.936798,53.222872,60.680392,1,0.079000,0.084981
SP_R_PushUp_1,posenet,22,0.737211,ok,1,direct,1.000000,6,right_shoulder,1,1,2.000000,689.910000,255.500000,2.000000,679.606689,292.413879,38.324831,60.680392,1,0.079000,0.278505
SP_R_PushUp_1,posenet,22,0.737211,ok,1,direct,1.000000,7,left_elbow,1,1,2.000000,741.890000,331.860000,2.000000,647.973450,382.676788,106.783259,60.680392,0,0.072000,0.000006
SP_R_PushUp_1,posenet,22,0.737211,ok,1,direct,1.000000,8,right_elbow,1,1,2.000000,635.590000,353.500000,2.000000,753.417603,363.471924,118.248819,60.680392,0,0.072000,0.000000
SP_R_PushUp_1,posenet,22,0.737211,ok,1,direct,1.000000,9,left_wrist,1,1,2.000000,763.450000,422.650000,2.000000,763.962036,418.205841,4.473559,60.680392,1,0.062000,0.972118
SP_R_PushUp_1,posenet,22,0.737211,ok,1,direct,1.000000,10,right_wrist,1,1,2.000000,682.190000,458.440000,2.000000,763.962036,418.205841,91.134261,60.680392,0,0.062000,0.000008
SP_R_PushUp_1,posenet,22,0.737211,ok,1,direct,1.000000,11,left_hip,1,0,0.000000,544.790000,265.170000,2.000000,871.323364,486.383148,,,,0.107000,
SP_R_PushUp_1,posenet,22,0.737211,ok,1,direct,1.000000,12,right_hip,1,1,2.000000,535.630000,272.260000,2.000000,725.618652,393.239502,225.237048,60.680392,0,0.107000,0.000000
SP_R_PushUp_1,posenet,22,0.737211,ok,1,direct,1.000000,13,left_knee,1,0,0.000000,434.350000,353.230000,2.000000,642.221924,351.948975,,,,0.087000,
SP_R_PushUp_1,posenet,22,0.737211,ok,1,direct,1.000000,14,right_knee,1,1,2.000000,444.160000,336.150000,2.000000,638.387573,351.948975,194.869079,60.680392,0,0.087000,0.000000
SP_R_PushUp_1,posenet,22,0.737211,ok,1,direct,1.000000,15,left_ankle,1,0,0.000000,361.860000,375.800000,2.000000,685.358154,457.575836,,,,0.089000,
SP_R_PushUp_1,posenet,22,0.737211,ok,1,direct,1.000000,16,right_ankle,1,1,2.000000,321.650000,354.760000,2.000000,680.565308,450.854095,371.556555,60.680392,0,0.089000,0.000000
SP_R_PushUp_1,posenet,23,0.770720,ok,1,direct,1.000000,0,nose,0,0,0.000000,0.000000,0.000000,2.000000,837.207764,272.112488,,,,0.026000,
SP_R_PushUp_1,posenet,23,0.770720,ok,1,direct,1.000000,1,left_eye,0,0,0.000000,0.000000,0.000000,2.000000,845.818176,250.987671,,,,0.025000,
SP_R_PushUp_1,posenet,23,0.770720,ok,1,direct,1.000000,2,right_eye,0,0,0.000000,0.000000,0.000000,2.000000,826.684021,250.987671,,,,0.025000,
SP_R_PushUp_1,posenet,23,0.770720,ok,1,direct,1.000000,3,left_ear,0,0,0.000000,0.000000,0.000000,2.000000,791.285706,249.067215,,,,0.035000,
SP_R_PushUp_1,posenet,23,0.770720,ok,1,direct,1.000000,4,right_ear,0,0,0.000000,0.000000,0.000000,2.000000,791.285706,249.067215,,,,0.035000,
SP_R_PushUp_1,posenet,23,0.770720,ok,1,direct,1.000000,5,left_shoulder,1,1,2.000000,772.740000,265.260000,2.000000,784.588745,307.640594,44.005767,58.981710,1,0.079000,0.167989
SP_R_PushUp_1,posenet,23,0.770720,ok,1,direct,1.000000,6,right_shoulder,1,1,2.000000,692.660000,267.810000,2.000000,756.844116,286.515778,66.854371,58.981710,0,0.079000,0.016290
SP_R_PushUp_1,posenet,23,0.770720,ok,1,direct,1.000000,7,left_elbow,1,1,2.000000,739.510000,337.950000,2.000000,752.060547,363.333344,28.316609,58.981710,1,0.072000,0.410973
SP_R_PushUp_1,posenet,23,0.770720,ok,1,direct,1.000000,8,right_elbow,1,1,2.000000,629.550000,354.600000,2.000000,752.060547,363.333344,122.821437,58.981710,0,0.072000,0.000000
SP_R_PushUp_1,posenet,23,0.770720,ok,1,direct,1.000000,9,left_wrist,1,1,2.000000,763.230000,422.990000,2.000000,765.454529,419.026031,4.545500,58.981710,1,0.062000,0.969571
SP_R_PushUp_1,posenet,23,0.770720,ok,1,direct,1.000000,10,right_wrist,1,1,2.000000,681.680000,457.840000,2.000000,765.454529,419.986237,91.929751,58.981710,0,0.062000,0.000003
SP_R_PushUp_1,posenet,23,0.770720,ok,1,direct,1.000000,11,left_hip,1,0,0.000000,544.790000,267.530000,2.000000,691.787781,389.259247,,,,0.107000,
SP_R_PushUp_1,posenet,23,0.770720,ok,1,direct,1.000000,12,right_hip,1,1,2.000000,538.560000,278.180000,2.000000,716.662231,389.259247,209.902368,58.981710,0,0.107000,0.000000
SP_R_PushUp_1,posenet,23,0.770720,ok,1,direct,1.000000,13,left_knee,1,0,0.000000,434.350000,354.630000,2.000000,691.787781,459.355255,,,,0.087000,
SP_R_PushUp_1,posenet,23,0.770720,ok,1,direct,1.000000,14,right_knee,1,1,2.000000,444.160000,337.740000,2.000000,734.839783,389.259247,295.210042,58.981710,0,0.087000,0.000000
SP_R_PushUp_1,posenet,23,0.770720,ok,1,direct,1.000000,15,left_ankle,1,0,0.000000,361.860000,376.960000,2.000000,691.787781,459.355255,,,,0.089000,
SP_R_PushUp_1,posenet,23,0.770720,ok,1,direct,1.000000,16,right_ankle,1,1,2.000000,321.130000,353.920000,2.000000,691.787781,459.355255,385.361886,58.981710,0,0.089000,0.000000
SP_R_PushUp_1,posenet,24,0.804230,ok,1,direct,1.000000,0,nose,0,0,0.000000,0.000000,0.000000,2.000000,839.622559,304.924377,,,,0.026000,
SP_R_PushUp_1,posenet,24,0.804230,ok,1,direct,1.000000,1,left_eye,0,0,0.000000,0.000000,0.000000,2.000000,802.298645,260.729523,,,,0.025000,
SP_R_PushUp_1,posenet,24,0.804230,ok,1,direct,1.000000,2,right_eye,0,0,0.000000,0.000000,0.000000,2.000000,838.665466,288.591522,,,,0.025000,
SP_R_PushUp_1,posenet,24,0.804230,ok,1,direct,1.000000,3,left_ear,0,0,0.000000,0.000000,0.000000,2.000000,834.837402,284.748505,,,,0.035000,
SP_R_PushUp_1,posenet,24,0.804230,ok,1,direct,1.000000,4,right_ear,0,0,0.000000,0.000000,0.000000,2.000000,798.470520,263.611786,,,,0.035000,
SP_R_PushUp_1,posenet,24,0.804230,ok,1,direct,1.000000,5,left_shoulder,1,1,2.000000,774.200000,276.810000,2.000000,833.880432,331.825592,81.169387,57.213601,0,0.079000,0.001580
SP_R_PushUp_1,posenet,24,0.804230,ok,1,direct,1.000000,6,right_shoulder,1,1,2.000000,695.400000,280.120000,2.000000,672.143311,309.728180,37.649939,57.213601,1,0.079000,0.249641
SP_R_PushUp_1,posenet,24,0.804230,ok,1,direct,1.000000,7,left_elbow,1,1,2.000000,737.130000,344.040000,2.000000,646.303711,393.314087,103.331265,57.213601,0,0.072000,0.000003
SP_R_PushUp_1,posenet,24,0.804230,ok,1,direct,1.000000,8,right_elbow,1,1,2.000000,623.510000,355.690000,2.000000,646.303711,393.314087,43.990058,57.213601,1,0.072000,0.102209
SP_R_PushUp_1,posenet,24,0.804230,ok,1,direct,1.000000,9,left_wrist,1,1,2.000000,763.010000,423.320000,2.000000,681.713623,455.763367,87.530983,57.213601,0,0.062000,0.000005
SP_R_PushUp_1,posenet,24,0.804230,ok,1,direct,1.000000,10,right_wrist,1,1,2.000000,681.170000,457.230000,2.000000,681.713623,455.763367,1.564142,57.213601,1,0.062000,0.996119
SP_R_PushUp_1,posenet,24,0.804230,ok,1,direct,1.000000,11,left_hip,1,0,0.000000,544.790000,269.890000,2.000000,903.743225,482.664581,,,,0.107000,
SP_R_PushUp_1,posenet,24,0.804230,ok,1,direct,1.000000,12,right_hip,1,1,2.000000,541.480000,284.100000,2.000000,903.743225,482.664581,413.113226,57.213601,0,0.107000,0.000000
SP_R_PushUp_1,posenet,24,0.804230,ok,1,direct,1.000000,13,left_knee,1,0,0.000000,434.350000,356.040000,2.000000,636.733459,367.373657,,,,0.087000,
SP_R_PushUp_1,posenet,24,0.804230,ok,1,direct,1.000000,14,right_knee,1,1,2.000000,444.160000,339.340000,2.000000,635.776367,364.491364,193.259989,57.213601,0,0.087000,0.000000
SP_R_PushUp_1,posenet,24,0.804230,ok,1,direct,1.000000,15,left_ankle,1,0,0.000000,361.860000,378.130000,2.000000,685.541687,457.684845,,,,0.089000,
SP_R_PushUp_1,posenet,24,0.804230,ok,1,direct,1.000000,16,right_ankle,1,1,2.000000,320.620000,353.090000,2.000000,681.713623,457.684845,375.937077,57.213601,0,0.089000,0.000000
SP_R_PushUp_1,posenet,25,0.837739,ok,1,direct,1.000000,0,nose,0,0,0.000000,0.000000,0.000000,2.000000,844.006653,295.617249,,,,0.026000,
SP_R_PushUp_1,posenet,25,0.837739,ok,1,direct,1.000000,1,left_eye,0,0,0.000000,0.000000,0.000000,2.000000,852.642700,275.438477,,,,0.025000,
SP_R_PushUp_1,posenet,25,0.837739,ok,1,direct,1.000000,2,right_eye,0,0,0.000000,0.000000,0.000000,2.000000,834.411072,278.321167,,,,0.025000,
SP_R_PushUp_1,posenet,25,0.837739,ok,1,direct,1.000000,3,left_ear,0,0,0.000000,0.000000,0.000000,2.000000,802.745544,279.282043,,,,0.035000,
SP_R_PushUp_1,posenet,25,0.837739,ok,1,direct,1.000000,4,right_ear,0,0,0.000000,0.000000,0.000000,2.000000,801.785950,279.282043,,,,0.035000,
SP_R_PushUp_1,posenet,25,0.837739,ok,1,direct,1.000000,5,left_shoulder,1,1,2.000000,769.810000,280.660000,2.000000,870.874390,362.879791,130.284707,56.472287,0,0.079000,0.000000
SP_R_PushUp_1,posenet,25,0.837739,ok,1,direct,1.000000,6,right_shoulder,1,1,2.000000,699.240000,289.500000,2.000000,719.263672,383.058563,95.677334,56.472287,0,0.079000,0.000101
SP_R_PushUp_1,posenet,25,0.837739,ok,1,direct,1.000000,7,left_elbow,1,1,2.000000,738.590000,349.670000,2.000000,749.010071,363.840698,17.589388,56.472287,1,0.072000,0.687785
SP_R_PushUp_1,posenet,25,0.837739,ok,1,direct,1.000000,8,right_elbow,1,1,2.000000,626.620000,364.020000,2.000000,649.215637,402.276459,44.431064,56.472287,1,0.072000,0.091796
SP_R_PushUp_1,posenet,25,0.837739,ok,1,direct,1.000000,9,left_wrist,1,1,2.000000,763.740000,424.810000,2.000000,684.719421,457.047394,85.343432,56.472287,0,0.062000,0.000007
SP_R_PushUp_1,posenet,25,0.837739,ok,1,direct,1.000000,10,right_wrist,1,1,2.000000,683.000000,458.660000,2.000000,766.282166,417.650726,92.831458,56.472287,0,0.062000,0.000001
SP_R_PushUp_1,posenet,25,0.837739,ok,1,direct,1.000000,11,left_hip,1,0,0.000000,544.790000,279.320000,2.000000,909.256836,475.304352,,,,0.107000,
SP_R_PushUp_1,posenet,25,0.837739,ok,1,direct,1.000000,12,right_hip,1,1,2.000000,540.390000,292.060000,2.000000,909.256836,475.304352,411.875266,56.472287,0,0.107000,0.000000
SP_R_PushUp_1,posenet,25,0.837739,ok,1,direct,1.000000,13,left_knee,1,0,0.000000,434.350000,361.700000,2.000000,747.090942,362.879791,,,,0.087000,
SP_R_PushUp_1,posenet,25,0.837739,ok,1,direct,1.000000,14,right_knee,1,1,2.000000,443.610000,343.900000,2.000000,648.256104,400.354645,212.290260,56.472287,0,0.087000,0.000000
SP_R_PushUp_1,posenet,25,0.837739,ok,1,direct,1.000000,15,left_ankle,1,0,0.000000,361.860000,382.820000,2.000000,690.476807,461.851868,,,,0.089000,
SP_R_PushUp_1,posenet,25,0.837739,ok,1,direct,1.000000,16,right_ankle,1,1,2.000000,321.900000,354.670000,2.000000,688.557678,460.890961,381.733867,56.472287,0,0.089000,0.000000
SP_R_PushUp_1,posenet,26,0.871249,ok,1,direct,1.000000,0,nose,0,0,0.000000,0.000000,0.000000,2.000000,320.510071,356.141235,,,,0.026000,
SP_R_PushUp_1,posenet,26,0.871249,ok,1,direct,1.000000,1,left_eye,0,0,0.000000,0.000000,0.000000,2.000000,322.429138,364.788208,,,,0.025000,
SP_R_PushUp_1,posenet,26,0.871249,ok,1,direct,1.000000,2,right_eye,0,0,0.000000,0.000000,0.000000,2.000000,323.388641,374.396027,,,,0.025000,
SP_R_PushUp_1,posenet,26,0.871249,ok,1,direct,1.000000,3,left_ear,0,0,0.000000,0.000000,0.000000,2.000000,303.238556,364.788208,,,,0.035000,
SP_R_PushUp_1,posenet,26,0.871249,ok,1,direct,1.000000,4,right_ear,0,0,0.000000,0.000000,0.000000,2.000000,327.226776,375.356812,,,,0.035000,
SP_R_PushUp_1,posenet,26,0.871249,ok,1,direct,1.000000,5,left_shoulder,1,0,0.000000,765.420000,284.500000,2.000000,789.719971,263.906464,,,,0.079000,
SP_R_PushUp_1,posenet,26,0.871249,ok,1,direct,1.000000,6,right_shoulder,1,1,2.000000,703.090000,298.880000,2.000000,303.238556,357.102020,404.068040,53.342646,0,0.079000,0.000000
SP_R_PushUp_1,posenet,26,0.871249,ok,1,direct,1.000000,7,left_elbow,1,1,2.000000,740.060000,355.310000,2.000000,635.235718,384.003815,108.680565,53.342646,0,0.072000,0.000000
SP_R_PushUp_1,posenet,26,0.871249,ok,1,direct,1.000000,8,right_elbow,1,1,2.000000,629.730000,372.340000,2.000000,640.992920,393.611603,24.069367,53.342646,1,0.072000,0.455892
SP_R_PushUp_1,posenet,26,0.871249,ok,1,direct,1.000000,9,left_wrist,1,1,2.000000,764.470000,426.300000,2.000000,678.414612,453.179871,90.155739,53.342646,0,0.062000,0.000000
SP_R_PushUp_1,posenet,26,0.871249,ok,1,direct,1.000000,10,right_wrist,1,1,2.000000,684.820000,460.080000,2.000000,688.009888,460.866119,3.285326,53.342646,1,0.062000,0.980458
SP_R_PushUp_1,posenet,26,0.871249,ok,1,direct,1.000000,11,left_hip,1,0,0.000000,544.790000,288.760000,2.000000,303.238556,215.867554,,,,0.107000,
SP_R_PushUp_1,posenet,26,0.871249,ok,1,direct,1.000000,12,right_hip,1,1,2.000000,539.290000,300.020000,2.000000,538.323303,485.846344,185.828858,53.342646,0,0.107000,0.000000
SP_R_PushUp_1,posenet,26,0.871249,ok,1,direct,1.000000,13,left_knee,1,0,0.000000,434.350000,367.360000,2.000000,466.358551,269.671143,,,,0.087000,
SP_R_PushUp_1,posenet,26,0.871249,ok,1,direct,1.000000,14,right_knee,1,1,2.000000,443.070000,348.460000,2.000000,543.120911,260.063385,133.507102,53.342646,0,0.087000,0.000000
SP_R_PushUp_1,posenet,26,0.871249,ok,1,direct,1.000000,15,left_ankle,1,0,0.000000,361.860000,387.510000,2.000000,592.056946,413.787964,,,,0.089000,
SP_R_PushUp_1,posenet,26,0.871249,ok,1,direct,1.000000,16,right_ankle,1,1,2.000000,323.180000,356.250000,2.000000,303.238556,360.945129,20.486714,53.342646,1,0.089000,0.689057
SP_R_PushUp_1,posenet,27,0.904759,ok,1,direct,1.000000,0,nose,0,0,0.000000,0.000000,0.000000,2.000000,851.396790,353.072601,,,,0.026000,
SP_R_PushUp_1,posenet,27,0.904759,ok,1,direct,1.000000,1,left_eye,0,0,0.000000,0.000000,0.000000,2.000000,862.887329,321.446808,,,,0.025000,
SP_R_PushUp_1,posenet,27,0.904759,ok,1,direct,1.000000,2,right_eye,0,0,0.000000,0.000000,0.000000,2.000000,846.609009,326.238586,,,,0.025000,
SP_R_PushUp_1,posenet,27,0.904759,ok,1,direct,1.000000,3,left_ear,0,0,0.000000,0.000000,0.000000,2.000000,810.222046,312.821594,,,,0.035000,
SP_R_PushUp_1,posenet,27,0.904759,ok,1,direct,1.000000,4,right_ear,0,0,0.000000,0.000000,0.000000,2.000000,810.222046,313.779938,,,,0.035000,
SP_R_PushUp_1,posenet,27,0.904759,ok,1,direct,1.000000,5,left_shoulder,1,0,0.000000,761.030000,288.350000,2.000000,874.377930,398.115448,,,,0.079000,
SP_R_PushUp_1,posenet,27,0.904759,ok,1,direct,1.000000,6,right_shoulder,1,1,2.000000,706.930000,308.260000,2.000000,763.302124,386.615143,96.526394,52.025691,0,0.079000,0.000016
SP_R_PushUp_1,posenet,27,0.904759,ok,1,direct,1.000000,7,left_elbow,1,1,2.000000,741.520000,360.940000,2.000000,910.764832,429.741241,182.694893,52.025691,0,0.072000,0.000000
SP_R_PushUp_1,posenet,27,0.904759,ok,1,direct,1.000000,8,right_elbow,1,1,2.000000,632.840000,380.670000,2.000000,747.023804,369.364685,114.742107,52.025691,0,0.072000,0.000000
SP_R_PushUp_1,posenet,27,0.904759,ok,1,direct,1.000000,9,left_wrist,1,1,2.000000,765.200000,427.780000,2.000000,761.387024,420.157684,8.522821,52.025691,1,0.062000,0.869680
SP_R_PushUp_1,posenet,27,0.904759,ok,1,direct,1.000000,10,right_wrist,1,1,2.000000,686.650000,461.510000,2.000000,761.387024,417.282562,86.842898,52.025691,0,0.062000,0.000001
SP_R_PushUp_1,posenet,27,0.904759,ok,1,direct,1.000000,11,left_hip,1,0,0.000000,544.790000,298.190000,2.000000,871.505310,384.698456,,,,0.107000,
SP_R_PushUp_1,posenet,27,0.904759,ok,1,direct,1.000000,12,right_hip,1,1,2.000000,538.190000,307.980000,2.000000,910.764832,429.741241,391.966587,52.025691,0,0.107000,0.000000
SP_R_PushUp_1,posenet,27,0.904759,ok,1,direct,1.000000,13,left_knee,1,0,0.000000,434.350000,373.020000,2.000000,842.778809,341.572296,,,,0.087000,
SP_R_PushUp_1,posenet,27,0.904759,ok,1,direct,1.000000,14,right_knee,1,1,2.000000,442.520000,353.020000,2.000000,910.764832,429.741241,474.488536,52.025691,0,0.087000,0.000000
SP_R_PushUp_1,posenet,27,0.904759,ok,1,direct,1.000000,15,left_ankle,1,0,0.000000,361.860000,392.200000,2.000000,786.283325,429.741241,,,,0.089000,
SP_R_PushUp_1,posenet,27,0.904759,ok,1,direct,1.000000,16,right_ankle,1,1,2.000000,324.460000,357.830000,2.000000,764.259705,429.741241,445.639997,52.025691,0,0.089000,0.000000
SP_R_PushUp_1,posenet,28,0.938268,ok,1,direct,1.000000,0,nose,0,0,0.000000,0.000000,0.000000,2.000000,617.171021,350.016022,,,,0.026000,
SP_R_PushUp_1,posenet,28,0.938268,ok,1,direct,1.000000,1,left_eye,0,0,0.000000,0.000000,0.000000,2.000000,617.171021,350.016022,,,,0.025000,
SP_R_PushUp_1,posenet,28,0.938268,ok,1,direct,1.000000,2,right_eye,0,0,0.000000,0.000000,0.000000,2.000000,617.171021,350.016022,,,,0.025000,
SP_R_PushUp_1,posenet,28,0.938268,ok,1,direct,1.000000,3,left_ear,0,0,0.000000,0.000000,0.000000,2.000000,617.171021,350.016022,,,,0.035000,
SP_R_PushUp_1,posenet,28,0.938268,ok,1,direct,1.000000,4,right_ear,0,0,0.000000,0.000000,0.000000,2.000000,642.932129,357.690033,,,,0.035000,
SP_R_PushUp_1,posenet,28,0.938268,ok,1,direct,1.000000,5,left_shoulder,1,0,0.000000,756.640000,292.190000,2.000000,640.069824,377.834198,,,,0.079000,
SP_R_PushUp_1,posenet,28,0.938268,ok,1,direct,1.000000,6,right_shoulder,1,1,2.000000,710.770000,317.650000,2.000000,640.069824,379.752686,94.102383,50.873776,0,0.079000,0.000017
SP_R_PushUp_1,posenet,28,0.938268,ok,1,direct,1.000000,7,left_elbow,1,1,2.000000,742.980000,366.580000,2.000000,644.840332,407.570862,106.356218,50.873776,0,0.072000,0.000000
SP_R_PushUp_1,posenet,28,0.938268,ok,1,direct,1.000000,8,right_elbow,1,1,2.000000,635.950000,389.000000,2.000000,645.794495,407.570862,21.018824,50.873776,1,0.072000,0.517597
SP_R_PushUp_1,posenet,28,0.938268,ok,1,direct,1.000000,9,left_wrist,1,1,2.000000,765.930000,429.270000,2.000000,678.234436,450.736969,90.284787,50.873776,0,0.062000,0.000000
SP_R_PushUp_1,posenet,28,0.938268,ok,1,direct,1.000000,10,right_wrist,1,1,2.000000,688.480000,462.930000,2.000000,677.280334,448.818481,18.015756,50.873776,1,0.062000,0.520755
SP_R_PushUp_1,posenet,28,0.938268,ok,1,direct,1.000000,11,left_hip,1,0,0.000000,544.790000,307.620000,2.000000,617.171021,451.696228,,,,0.107000,
SP_R_PushUp_1,posenet,28,0.938268,ok,1,direct,1.000000,12,right_hip,1,1,2.000000,537.090000,315.940000,2.000000,641.978027,456.492462,175.375292,50.873776,0,0.107000,0.000000
SP_R_PushUp_1,posenet,28,0.938268,ok,1,direct,1.000000,13,left_knee,1,0,0.000000,434.350000,378.680000,2.000000,686.821411,458.410980,,,,0.087000,
SP_R_PushUp_1,posenet,28,0.938268,ok,1,direct,1.000000,14,right_knee,1,1,2.000000,441.970000,357.580000,2.000000,641.978027,399.896881,204.435636,50.873776,0,0.087000,0.000000
SP_R_PushUp_1,posenet,28,0.938268,ok,1,direct,1.000000,15,left_ankle,1,0,0.000000,361.860000,396.890000,2.000000,723.077881,473.758942,,,,0.089000,
SP_R_PushUp_1,posenet,28,0.938268,ok,1,direct,1.000000,16,right_ankle,1,1,2.000000,325.740000,359.410000,2.000000,687.775574,464.166473,376.886820,50.873776,0,0.089000,0.000000
SP_R_PushUp_1,posenet,29,0.971778,ok,1,direct,1.000000,0,nose,0,0,0.000000,0.000000,0.000000,2.000000,326.712219,353.646912,,,,0.026000,
SP_R_PushUp_1,posenet,29,0.971778,ok,1,direct,1.000000,1,left_eye,0,0,0.000000,0.000000,0.000000,2.000000,323.833099,385.322113,,,,0.025000,
SP_R_PushUp_1,posenet,29,0.971778,ok,1,direct,1.000000,2,right_eye,0,0,0.000000,0.000000,0.000000,2.000000,317.115204,378.603119,,,,0.025000,
SP_R_PushUp_1,posenet,29,0.971778,ok,1,direct,1.000000,3,left_ear,0,0,0.000000,0.000000,0.000000,2.000000,317.115204,363.245483,,,,0.035000,
SP_R_PushUp_1,posenet,29,0.971778,ok,1,direct,1.000000,4,right_ear,0,0,0.000000,0.000000,0.000000,2.000000,319.034607,375.723572,,,,0.035000,
SP_R_PushUp_1,posenet,29,0.971778,ok,1,direct,1.000000,5,left_shoulder,1,0,0.000000,756.640000,292.190000,2.000000,561.838989,297.975372,,,,0.079000,
SP_R_PushUp_1,posenet,29,0.971778,ok,1,direct,1.000000,6,right_shoulder,1,1,2.000000,717.110000,330.640000,2.000000,483.143463,397.800232,243.414948,49.976909,0,0.079000,0.000000
SP_R_PushUp_1,posenet,29,0.971778,ok,1,direct,1.000000,7,left_elbow,1,0,0.000000,742.980000,366.580000,2.000000,637.655334,391.081238,,,,0.072000,
SP_R_PushUp_1,posenet,29,0.971778,ok,1,direct,1.000000,8,right_elbow,1,1,2.000000,635.950000,389.000000,2.000000,646.292664,409.318481,22.799372,49.976909,1,0.072000,0.448019
SP_R_PushUp_1,posenet,29,0.971778,ok,1,direct,1.000000,9,left_wrist,1,1,2.000000,765.200000,429.270000,2.000000,684.680725,461.150635,86.600973,49.976909,0,0.062000,0.000000
SP_R_PushUp_1,posenet,29,0.971778,ok,1,direct,1.000000,10,right_wrist,1,1,2.000000,688.480000,462.930000,2.000000,683.721008,460.190765,5.491030,49.976909,1,0.062000,0.939124
SP_R_PushUp_1,posenet,29,0.971778,ok,1,direct,1.000000,11,left_hip,1,0,0.000000,544.790000,307.620000,2.000000,249.936111,36.894936,,,,0.107000,
SP_R_PushUp_1,posenet,29,0.971778,ok,1,direct,1.000000,12,right_hip,1,1,2.000000,539.390000,320.540000,2.000000,249.936111,36.894936,405.262972,49.976909,0,0.107000,0.000000
SP_R_PushUp_1,posenet,29,0.971778,ok,1,direct,1.000000,13,left_knee,1,0,0.000000,434.350000,378.680000,2.000000,272.009247,36.894936,,,,0.087000,
SP_R_PushUp_1,posenet,29,0.971778,ok,1,direct,1.000000,14,right_knee,1,1,2.000000,441.440000,358.940000,2.000000,296.961487,76.248978,317.471660,49.976909,0,0.087000,0.000000
SP_R_PushUp_1,posenet,29,0.971778,ok,1,direct,1.000000,15,left_ankle,1,0,0.000000,361.860000,396.890000,2.000000,448.594208,338.289246,,,,0.089000,
SP_R_PushUp_1,posenet,29,0.971778,ok,1,direct,1.000000,16,right_ankle,1,1,2.000000,326.670000,359.210000,2.000000,451.473358,333.489990,127.426046,49.976909,0,0.089000,0.000000
SP_R_PushUp_1,posenet,30,1.005287,ok,1,direct,1.000000,0,nose,0,0,0.000000,0.000000,0.000000,2.000000,618.595886,365.316803,,,,0.026000,
SP_R_PushUp_1,posenet,30,1.005287,ok,1,direct,1.000000,1,left_eye,0,0,0.000000,0.000000,0.000000,2.000000,618.595886,365.316803,,,,0.025000,
SP_R_PushUp_1,posenet,30,1.005287,ok,1,direct,1.000000,2,right_eye,0,0,0.000000,0.000000,0.000000,2.000000,618.595886,365.316803,,,,0.025000,
SP_R_PushUp_1,posenet,30,1.005287,ok,1,direct,1.000000,3,left_ear,0,0,0.000000,0.000000,0.000000,2.000000,618.595886,365.316803,,,,0.035000,
SP_R_PushUp_1,posenet,30,1.005287,ok,1,direct,1.000000,4,right_ear,0,0,0.000000,0.000000,0.000000,2.000000,642.433350,379.673798,,,,0.035000,
SP_R_PushUp_1,posenet,30,1.005287,ok,1,direct,1.000000,5,left_shoulder,1,0,0.000000,756.640000,292.190000,2.000000,632.898376,381.588074,,,,0.079000,
SP_R_PushUp_1,posenet,30,1.005287,ok,1,direct,1.000000,6,right_shoulder,1,1,2.000000,723.460000,343.630000,2.000000,635.758850,388.287994,98.416605,49.110856,0,0.079000,0.000003
SP_R_PushUp_1,posenet,30,1.005287,ok,1,direct,1.000000,7,left_elbow,1,0,0.000000,742.980000,366.580000,2.000000,644.340393,412.216309,,,,0.072000,
SP_R_PushUp_1,posenet,30,1.005287,ok,1,direct,1.000000,8,right_elbow,1,1,2.000000,635.950000,389.000000,2.000000,646.247375,411.259186,24.525646,49.110856,1,0.072000,0.382064
SP_R_PushUp_1,posenet,30,1.005287,ok,1,direct,1.000000,9,left_wrist,1,1,2.000000,765.200000,429.270000,2.000000,679.619873,451.458771,88.409839,49.110856,0,0.062000,0.000000
SP_R_PushUp_1,posenet,30,1.005287,ok,1,direct,1.000000,10,right_wrist,1,1,2.000000,688.480000,462.930000,2.000000,679.619873,450.501617,15.263242,49.110856,1,0.062000,0.604982
SP_R_PushUp_1,posenet,30,1.005287,ok,1,direct,1.000000,11,left_hip,1,0,0.000000,544.790000,307.620000,2.000000,618.595886,365.316803,,,,0.107000,
SP_R_PushUp_1,posenet,30,1.005287,ok,1,direct,1.000000,12,right_hip,1,1,2.000000,541.690000,325.140000,2.000000,627.177368,448.587372,150.157729,49.110856,0,0.107000,0.000000
SP_R_PushUp_1,posenet,30,1.005287,ok,1,direct,1.000000,13,left_knee,1,0,0.000000,434.350000,378.680000,2.000000,642.433350,407.430664,,,,0.087000,
SP_R_PushUp_1,posenet,30,1.005287,ok,1,direct,1.000000,14,right_knee,1,1,2.000000,440.920000,360.300000,2.000000,642.433350,405.516388,206.523974,49.110856,0,0.087000,0.000000
SP_R_PushUp_1,posenet,30,1.005287,ok,1,direct,1.000000,15,left_ankle,1,0,0.000000,361.860000,396.890000,2.000000,720.620361,472.515656,,,,0.089000,
SP_R_PushUp_1,posenet,30,1.005287,ok,1,direct,1.000000,16,right_ankle,1,1,2.000000,327.600000,359.020000,2.000000,679.619873,453.373016,364.445445,49.110856,0,0.089000,0.000000
SP_R_PushUp_1,posenet,31,1.038797,ok,1,direct,1.000000,0,nose,0,0,0.000000,0.000000,0.000000,2.000000,333.108002,348.079224,,,,0.026000,
SP_R_PushUp_1,posenet,31,1.038797,ok,1,direct,1.000000,1,left_eye,0,0,0.000000,0.000000,0.000000,2.000000,328.307251,356.707062,,,,0.025000,
SP_R_PushUp_1,posenet,31,1.038797,ok,1,direct,1.000000,2,right_eye,0,0,0.000000,0.000000,0.000000,2.000000,323.506470,354.789764,,,,0.025000,
SP_R_PushUp_1,posenet,31,1.038797,ok,1,direct,1.000000,3,left_ear,0,0,0.000000,0.000000,0.000000,2.000000,325.426788,353.831116,,,,0.035000,
SP_R_PushUp_1,posenet,31,1.038797,ok,1,direct,1.000000,4,right_ear,0,0,0.000000,0.000000,0.000000,2.000000,320.626007,403.680786,,,,0.035000,
SP_R_PushUp_1,posenet,31,1.038797,ok,1,direct,1.000000,5,left_shoulder,1,0,0.000000,756.640000,292.190000,2.000000,385.916473,439.150757,,,,0.079000,
SP_R_PushUp_1,posenet,31,1.038797,ok,1,direct,1.000000,6,right_shoulder,1,1,2.000000,729.800000,356.620000,2.000000,384.956299,439.150757,354.582154,48.232801,0,0.079000,0.000000
SP_R_PushUp_1,posenet,31,1.038797,ok,1,direct,1.000000,7,left_elbow,1,0,0.000000,742.980000,366.580000,2.000000,301.422943,347.120575,,,,0.072000,
SP_R_PushUp_1,posenet,31,1.038797,ok,1,direct,1.000000,8,right_elbow,1,1,2.000000,635.950000,389.000000,2.000000,644.197754,406.556732,19.397533,48.232801,1,0.072000,0.535806
SP_R_PushUp_1,posenet,31,1.038797,ok,1,direct,1.000000,9,left_wrist,1,1,2.000000,765.200000,429.270000,2.000000,682.603882,457.365082,87.243638,48.232801,0,0.062000,0.000000
SP_R_PushUp_1,posenet,31,1.038797,ok,1,direct,1.000000,10,right_wrist,1,1,2.000000,688.480000,462.930000,2.000000,688.364807,463.116943,0.219584,48.232801,1,0.062000,0.999892
SP_R_PushUp_1,posenet,31,1.038797,ok,1,direct,1.000000,11,left_hip,1,0,0.000000,544.790000,307.620000,2.000000,735.412354,286.725769,,,,0.107000,
SP_R_PushUp_1,posenet,31,1.038797,ok,1,direct,1.000000,12,right_hip,1,1,2.000000,543.990000,329.740000,2.000000,588.508911,286.725769,61.904422,48.232801,0,0.107000,0.056273
SP_R_PushUp_1,posenet,31,1.038797,ok,1,direct,1.000000,13,left_knee,1,0,0.000000,434.350000,378.680000,2.000000,579.867432,306.857391,,,,0.087000,
SP_R_PushUp_1,posenet,31,1.038797,ok,1,direct,1.000000,14,right_knee,1,1,2.000000,440.400000,361.660000,2.000000,634.596191,395.052948,197.046314,48.232801,0,0.087000,0.000000
SP_R_PushUp_1,posenet,31,1.038797,ok,1,direct,1.000000,15,left_ankle,1,0,0.000000,361.860000,396.890000,2.000000,646.118042,410.391327,,,,0.089000,
SP_R_PushUp_1,posenet,31,1.038797,ok,1,direct,1.000000,16,right_ankle,1,1,2.000000,328.530000,358.820000,2.000000,646.118042,412.308624,322.060860,48.232801,0,0.089000,0.000000
SP_R_PushUp_1,posenet,32,1.072306,ok,1,direct,1.000000,0,nose,0,0,0.000000,0.000000,0.000000,2.000000,333.366425,363.056183,,,,0.026000,
SP_R_PushUp_1,posenet,32,1.072306,ok,1,direct,1.000000,1,left_eye,0,0,0.000000,0.000000,0.000000,2.000000,334.325653,360.174408,,,,0.025000,
SP_R_PushUp_1,posenet,32,1.072306,ok,1,direct,1.000000,2,right_eye,0,0,0.000000,0.000000,0.000000,2.000000,317.060181,369.780334,,,,0.025000,
SP_R_PushUp_1,posenet,32,1.072306,ok,1,direct,1.000000,3,left_ear,0,0,0.000000,0.000000,0.000000,2.000000,327.611298,381.307465,,,,0.035000,
SP_R_PushUp_1,posenet,32,1.072306,ok,1,direct,1.000000,4,right_ear,0,0,0.000000,0.000000,0.000000,2.000000,20.669695,332.317169,,,,0.035000,
SP_R_PushUp_1,posenet,32,1.072306,ok,1,direct,1.000000,5,left_shoulder,1,0,0.000000,756.640000,292.190000,2.000000,6.281806,709.830750,,,,0.079000,
SP_R_PushUp_1,posenet,32,1.072306,ok,1,direct,1.000000,6,right_shoulder,1,1,2.000000,733.640000,363.020000,2.000000,6.281806,709.830750,805.808686,47.342620,0,0.079000,0.000000
SP_R_PushUp_1,posenet,32,1.072306,ok,1,direct,1.000000,7,left_elbow,1,0,0.000000,742.980000,366.580000,2.000000,131.936020,355.371429,,,,0.072000,
SP_R_PushUp_1,posenet,32,1.072306,ok,1,direct,1.000000,8,right_elbow,1,1,2.000000,635.950000,389.000000,2.000000,125.221672,362.095581,511.436480,47.342620,0,0.072000,0.000000
SP_R_PushUp_1,posenet,32,1.072306,ok,1,direct,1.000000,9,left_wrist,1,1,2.000000,765.200000,429.270000,2.000000,313.223419,341.923096,460.339344,47.342620,0,0.062000,0.000000
SP_R_PushUp_1,posenet,32,1.072306,ok,1,direct,1.000000,10,right_wrist,1,1,2.000000,688.480000,462.930000,2.000000,311.304993,335.198944,398.216284,47.342620,0,0.062000,0.000000
SP_R_PushUp_1,posenet,32,1.072306,ok,1,direct,1.000000,11,left_hip,1,0,0.000000,544.790000,307.620000,2.000000,47.527084,672.367493,,,,0.107000,
SP_R_PushUp_1,posenet,32,1.072306,ok,1,direct,1.000000,12,right_hip,1,1,2.000000,546.290000,334.340000,2.000000,131.936020,651.234436,521.642890,47.342620,0,0.107000,0.000000
SP_R_PushUp_1,posenet,32,1.072306,ok,1,direct,1.000000,13,left_knee,1,0,0.000000,434.350000,378.680000,2.000000,203.875473,548.450867,,,,0.087000,
SP_R_PushUp_1,posenet,32,1.072306,ok,1,direct,1.000000,14,right_knee,1,1,2.000000,439.880000,363.020000,2.000000,133.854416,521.554260,344.651664,47.342620,0,0.087000,0.000000
SP_R_PushUp_1,posenet,32,1.072306,ok,1,direct,1.000000,15,left_ankle,1,0,0.000000,361.860000,396.890000,2.000000,33.139198,684.855286,,,,0.089000,
SP_R_PushUp_1,posenet,32,1.072306,ok,1,direct,1.000000,16,right_ankle,1,1,2.000000,329.450000,358.630000,2.000000,134.813599,672.367493,369.207994,47.342620,0,0.089000,0.000000
SP_R_PushUp_1,posenet,33,1.105816,ok,1,direct,1.000000,0,nose,0,0,0.000000,0.000000,0.000000,2.000000,332.843323,365.771729,,,,0.026000,
SP_R_PushUp_1,posenet,33,1.105816,ok,1,direct,1.000000,1,left_eye,0,0,0.000000,0.000000,0.000000,2.000000,322.287598,365.771729,,,,0.025000,
SP_R_PushUp_1,posenet,33,1.105816,ok,1,direct,1.000000,2,right_eye,0,0,0.000000,0.000000,0.000000,2.000000,317.489563,366.731781,,,,0.025000,
SP_R_PushUp_1,posenet,33,1.105816,ok,1,direct,1.000000,3,left_ear,0,0,0.000000,0.000000,0.000000,2.000000,324.206848,379.212402,,,,0.035000,
SP_R_PushUp_1,posenet,33,1.105816,ok,1,direct,1.000000,4,right_ear,0,0,0.000000,0.000000,0.000000,2.000000,23.849474,358.091339,,,,0.035000,
SP_R_PushUp_1,posenet,33,1.105816,ok,1,direct,1.000000,5,left_shoulder,1,0,0.000000,756.640000,292.190000,2.000000,5.616917,707.549011,,,,0.079000,
SP_R_PushUp_1,posenet,33,1.105816,ok,1,direct,1.000000,6,right_shoulder,1,1,2.000000,737.480000,369.430000,2.000000,5.616917,707.549011,806.193549,46.438489,0,0.079000,0.000000
SP_R_PushUp_1,posenet,33,1.105816,ok,1,direct,1.000000,7,left_elbow,1,0,0.000000,742.980000,366.580000,2.000000,128.446762,351.371002,,,,0.072000,
SP_R_PushUp_1,posenet,33,1.105816,ok,1,direct,1.000000,8,right_elbow,1,1,2.000000,635.950000,389.000000,2.000000,122.689117,358.091339,514.190703,46.438489,0,0.072000,0.000000
SP_R_PushUp_1,posenet,33,1.105816,ok,1,direct,1.000000,9,left_wrist,1,1,2.000000,765.200000,429.270000,2.000000,310.772339,339.850433,463.141834,46.438489,0,0.062000,0.000000
SP_R_PushUp_1,posenet,33,1.105816,ok,1,direct,1.000000,10,right_wrist,1,1,2.000000,688.480000,462.930000,2.000000,302.135864,333.130096,407.565708,46.438489,0,0.062000,0.000000
SP_R_PushUp_1,posenet,33,1.105816,ok,1,direct,1.000000,11,left_hip,1,0,0.000000,544.790000,307.620000,2.000000,46.880070,670.107117,,,,0.107000,
SP_R_PushUp_1,posenet,33,1.105816,ok,1,direct,1.000000,12,right_hip,1,1,2.000000,548.590000,338.940000,2.000000,135.164017,648.025940,516.192950,46.438489,0,0.107000,0.000000
SP_R_PushUp_1,posenet,33,1.105816,ok,1,direct,1.000000,13,left_knee,1,0,0.000000,434.350000,378.680000,2.000000,197.538544,545.300781,,,,0.087000,
SP_R_PushUp_1,posenet,33,1.105816,ok,1,direct,1.000000,14,right_knee,1,1,2.000000,439.350000,364.380000,2.000000,133.244812,531.860107,348.926887,46.438489,0,0.087000,0.000000
SP_R_PushUp_1,posenet,33,1.105816,ok,1,direct,1.000000,15,left_ankle,1,0,0.000000,361.860000,396.890000,2.000000,33.445557,682.587708,,,,0.089000,
SP_R_PushUp_1,posenet,33,1.105816,ok,1,direct,1.000000,16,right_ankle,1,1,2.000000,330.380000,358.430000,2.000000,128.446762,669.147034,370.569977,46.438489,0,0.089000,0.000000
SP_R_PushUp_1,posenet,34,1.139326,ok,1,direct,1.000000,0,nose,0,0,0.000000,0.000000,0.000000,2.000000,349.642090,339.418640,,,,0.026000,
SP_R_PushUp_1,posenet,34,1.139326,ok,1,direct,1.000000,1,left_eye,0,0,0.000000,0.000000,0.000000,2.000000,331.399384,357.610748,,,,0.025000,
SP_R_PushUp_1,posenet,34,1.139326,ok,1,direct,1.000000,2,right_eye,0,0,0.000000,0.000000,0.000000,2.000000,328.518982,355.695770,,,,0.025000,
SP_R_PushUp_1,posenet,34,1.139326,ok,1,direct,1.000000,3,left_ear,0,0,0.000000,0.000000,0.000000,2.000000,329.479095,363.355591,,,,0.035000,
SP_R_PushUp_1,posenet,34,1.139326,ok,1,direct,1.000000,4,right_ear,0,0,0.000000,0.000000,0.000000,2.000000,335.239960,374.845367,,,,0.035000,
SP_R_PushUp_1,posenet,34,1.139326,ok,1,direct,1.000000,5,left_shoulder,1,0,0.000000,756.640000,292.190000,2.000000,581.036377,311.651764,,,,0.079000,
SP_R_PushUp_1,posenet,34,1.139326,ok,1,direct,1.000000,6,right_shoulder,1,1,2.000000,741.330000,375.830000,2.000000,396.689026,375.802826,344.640975,45.520161,0,0.079000,0.000000
SP_R_PushUp_1,posenet,34,1.139326,ok,1,direct,1.000000,7,left_elbow,1,0,0.000000,742.980000,366.580000,2.000000,641.525330,401.654755,,,,0.072000,
SP_R_PushUp_1,posenet,34,1.139326,ok,1,direct,1.000000,8,right_elbow,1,1,2.000000,635.950000,389.000000,2.000000,640.565247,400.697296,12.574865,45.520161,1,0.072000,0.744965
SP_R_PushUp_1,posenet,34,1.139326,ok,1,direct,1.000000,9,left_wrist,1,1,2.000000,765.200000,429.270000,2.000000,690.492554,460.060944,80.803990,45.520161,0,0.062000,0.000000
SP_R_PushUp_1,posenet,34,1.139326,ok,1,direct,1.000000,10,right_wrist,1,1,2.000000,688.480000,462.930000,2.000000,690.492554,461.018433,2.775691,45.520161,1,0.062000,0.980840
SP_R_PushUp_1,posenet,34,1.139326,ok,1,direct,1.000000,11,left_hip,1,0,0.000000,544.790000,307.620000,2.000000,310.276245,488.785309,,,,0.107000,
SP_R_PushUp_1,posenet,34,1.139326,ok,1,direct,1.000000,12,right_hip,1,1,2.000000,550.890000,343.540000,2.000000,530.148804,407.399628,67.143498,45.520161,0,0.107000,0.022355
SP_R_PushUp_1,posenet,34,1.139326,ok,1,direct,1.000000,13,left_knee,1,0,0.000000,434.350000,378.680000,2.000000,605.039917,308.779327,,,,0.087000,
SP_R_PushUp_1,posenet,34,1.139326,ok,1,direct,1.000000,14,right_knee,1,1,2.000000,438.830000,365.740000,2.000000,605.039917,310.694275,175.087888,45.520161,0,0.087000,0.000000
SP_R_PushUp_1,posenet,34,1.139326,ok,1,direct,1.000000,15,left_ankle,1,0,0.000000,361.860000,396.890000,2.000000,399.569458,369.100494,,,,0.089000,
SP_R_PushUp_1,posenet,34,1.139326,ok,1,direct,1.000000,16,right_ankle,1,1,2.000000,331.310000,358.240000,2.000000,690.492554,460.060944,373.335789,45.520161,0,0.089000,0.000000
SP_R_PushUp_1,posenet,35,1.172835,ok,1,direct,1.000000,0,nose,0,0,0.000000,0.000000,0.000000,2.000000,339.981842,347.455139,,,,0.026000,
SP_R_PushUp_1,posenet,35,1.172835,ok,1,direct,1.000000,1,left_eye,0,0,0.000000,0.000000,0.000000,2.000000,338.063293,366.653778,,,,0.025000,
SP_R_PushUp_1,posenet,35,1.172835,ok,1,direct,1.000000,2,right_eye,0,0,0.000000,0.000000,0.000000,2.000000,83.858856,361.854126,,,,0.025000,
SP_R_PushUp_1,posenet,35,1.172835,ok,1,direct,1.000000,3,left_ear,0,0,0.000000,0.000000,0.000000,2.000000,325.592896,380.092834,,,,0.035000,
SP_R_PushUp_1,posenet,35,1.172835,ok,1,direct,1.000000,4,right_ear,0,0,0.000000,0.000000,0.000000,2.000000,21.506828,355.134613,,,,0.035000,
SP_R_PushUp_1,posenet,35,1.172835,ok,1,direct,1.000000,5,left_shoulder,1,0,0.000000,756.640000,292.190000,2.000000,4.240111,666.152649,,,,0.079000,
SP_R_PushUp_1,posenet,35,1.172835,ok,1,direct,1.000000,6,right_shoulder,1,1,2.000000,745.170000,382.240000,2.000000,4.240111,666.152649,793.462975,43.543717,0,0.079000,0.000000
SP_R_PushUp_1,posenet,35,1.172835,ok,1,direct,1.000000,7,left_elbow,1,0,0.000000,742.980000,366.580000,2.000000,129.903442,357.054474,,,,0.072000,
SP_R_PushUp_1,posenet,35,1.172835,ok,1,direct,1.000000,8,right_elbow,1,1,2.000000,635.950000,389.000000,2.000000,123.188606,360.894196,513.531093,43.543717,0,0.072000,0.000000
SP_R_PushUp_1,posenet,35,1.172835,ok,1,direct,1.000000,9,left_wrist,1,0,0.000000,765.200000,429.270000,2.000000,309.285461,337.855804,,,,0.062000,
SP_R_PushUp_1,posenet,35,1.172835,ok,1,direct,1.000000,10,right_wrist,1,1,2.000000,688.480000,462.930000,2.000000,302.570587,334.016083,406.872060,43.543717,0,0.062000,0.000000
SP_R_PushUp_1,posenet,35,1.172835,ok,1,direct,1.000000,11,left_hip,1,0,0.000000,544.790000,307.620000,2.000000,54.121738,666.152649,,,,0.107000,
SP_R_PushUp_1,posenet,35,1.172835,ok,1,direct,1.000000,12,right_hip,1,1,2.000000,553.190000,348.140000,2.000000,145.251633,666.152649,517.248254,43.543717,0,0.107000,0.000000
SP_R_PushUp_1,posenet,35,1.172835,ok,1,direct,1.000000,13,left_knee,1,0,0.000000,434.350000,378.680000,2.000000,203.766617,556.720337,,,,0.087000,
SP_R_PushUp_1,posenet,35,1.172835,ok,1,direct,1.000000,14,right_knee,1,1,2.000000,438.310000,367.100000,2.000000,151.007202,530.802124,330.667935,43.543717,0,0.087000,0.000000
SP_R_PushUp_1,posenet,35,1.172835,ok,1,direct,1.000000,15,left_ankle,1,0,0.000000,361.860000,396.890000,2.000000,33.977234,666.152649,,,,0.089000,
SP_R_PushUp_1,posenet,35,1.172835,ok,1,direct,1.000000,16,right_ankle,1,1,2.000000,332.230000,358.040000,2.000000,139.496063,666.152649,363.427812,43.543717,0,0.089000,0.000000
SP_R_PushUp_1,posenet,36,1.206345,ok,1,direct,1.000000,0,nose,0,0,0.000000,0.000000,0.000000,2.000000,337.614685,348.411407,,,,0.026000,
SP_R_PushUp_1,posenet,36,1.206345,ok,1,direct,1.000000,1,left_eye,0,0,0.000000,0.000000,0.000000,2.000000,123.604332,351.294312,,,,0.025000,
SP_R_PushUp_1,posenet,36,1.206345,ok,1,direct,1.000000,2,right_eye,0,0,0.000000,0.000000,0.000000,2.000000,71.781197,352.255310,,,,0.025000,
SP_R_PushUp_1,posenet,36,1.206345,ok,1,direct,1.000000,3,left_ear,0,0,0.000000,0.000000,0.000000,2.000000,323.219421,375.318604,,,,0.035000,
SP_R_PushUp_1,posenet,36,1.206345,ok,1,direct,1.000000,4,right_ear,0,0,0.000000,0.000000,0.000000,2.000000,23.796808,354.177246,,,,0.035000,
SP_R_PushUp_1,posenet,36,1.206345,ok,1,direct,1.000000,5,left_shoulder,1,0,0.000000,756.640000,292.190000,2.000000,4.603052,670.336975,,,,0.079000,
SP_R_PushUp_1,posenet,36,1.206345,ok,1,direct,1.000000,6,right_shoulder,1,1,2.000000,745.170000,382.240000,2.000000,4.603052,670.336975,794.631532,43.217169,0,0.079000,0.000000
SP_R_PushUp_1,posenet,36,1.206345,ok,1,direct,1.000000,7,left_elbow,1,0,0.000000,742.980000,366.580000,2.000000,130.322159,350.333344,,,,0.072000,
SP_R_PushUp_1,posenet,36,1.206345,ok,1,direct,1.000000,8,right_elbow,1,1,2.000000,635.950000,389.000000,2.000000,124.564026,361.865021,512.105381,43.217169,0,0.072000,0.000000
SP_R_PushUp_1,posenet,36,1.206345,ok,1,direct,1.000000,9,left_wrist,1,0,0.000000,765.200000,429.270000,2.000000,302.106262,336.879761,,,,0.062000,
SP_R_PushUp_1,posenet,36,1.206345,ok,1,direct,1.000000,10,right_wrist,1,1,2.000000,688.480000,462.930000,2.000000,301.146545,330.152954,409.459337,43.217169,0,0.062000,0.000000
SP_R_PushUp_1,posenet,36,1.206345,ok,1,direct,1.000000,11,left_hip,1,0,0.000000,544.790000,307.620000,2.000000,58.345570,644.390747,,,,0.107000,
SP_R_PushUp_1,posenet,36,1.206345,ok,1,direct,1.000000,12,right_hip,1,1,2.000000,554.200000,349.600000,2.000000,140.878723,643.429810,507.119744,43.217169,0,0.107000,0.000000
SP_R_PushUp_1,posenet,36,1.206345,ok,1,direct,1.000000,13,left_knee,1,0,0.000000,434.350000,378.680000,2.000000,205.177811,547.332581,,,,0.087000,
SP_R_PushUp_1,posenet,36,1.206345,ok,1,direct,1.000000,14,right_knee,1,1,2.000000,438.310000,368.010000,2.000000,139.919037,522.347290,335.942206,43.217169,0,0.087000,0.000000
SP_R_PushUp_1,posenet,36,1.206345,ok,1,direct,1.000000,15,left_ankle,1,0,0.000000,361.860000,396.890000,2.000000,34.353374,670.336975,,,,0.089000,
SP_R_PushUp_1,posenet,36,1.206345,ok,1,direct,1.000000,16,right_ankle,1,1,2.000000,333.160000,357.850000,2.000000,139.919037,670.336975,367.410097,43.217169,0,0.089000,0.000000
SP_R_PushUp_1,posenet,37,1.239854,ok,1,direct,1.000000,0,nose,0,0,0.000000,0.000000,0.000000,2.000000,356.618988,337.003174,,,,0.026000,
SP_R_PushUp_1,posenet,37,1.239854,ok,1,direct,1.000000,1,left_eye,0,0,0.000000,0.000000,0.000000,2.000000,333.573700,356.224579,,,,0.025000,
SP_R_PushUp_1,posenet,37,1.239854,ok,1,direct,1.000000,2,right_eye,0,0,0.000000,0.000000,0.000000,2.000000,331.653259,355.263489,,,,0.025000,
SP_R_PushUp_1,posenet,37,1.239854,ok,1,direct,1.000000,3,left_ear,0,0,0.000000,0.000000,0.000000,2.000000,332.613464,372.562744,,,,0.035000,
SP_R_PushUp_1,posenet,37,1.239854,ok,1,direct,1.000000,4,right_ear,0,0,0.000000,0.000000,0.000000,2.000000,336.454376,374.484924,,,,0.035000,
SP_R_PushUp_1,posenet,37,1.239854,ok,1,direct,1.000000,5,left_shoulder,1,0,0.000000,756.640000,292.190000,2.000000,385.425598,355.263489,,,,0.079000,
SP_R_PushUp_1,posenet,37,1.239854,ok,1,direct,1.000000,6,right_shoulder,1,1,2.000000,745.170000,382.240000,2.000000,395.027771,372.562744,350.275934,42.887485,0,0.079000,0.000000
SP_R_PushUp_1,posenet,37,1.239854,ok,1,direct,1.000000,7,left_elbow,1,0,0.000000,742.980000,366.580000,2.000000,644.685059,400.433807,,,,0.072000,
SP_R_PushUp_1,posenet,37,1.239854,ok,1,direct,1.000000,8,right_elbow,1,1,2.000000,635.950000,389.000000,2.000000,639.883972,396.589539,8.548522,42.887485,1,0.072000,0.857889
SP_R_PushUp_1,posenet,37,1.239854,ok,1,direct,1.000000,9,left_wrist,1,0,0.000000,765.200000,429.270000,2.000000,687.894958,460.020172,,,,0.062000,
SP_R_PushUp_1,posenet,37,1.239854,ok,1,direct,1.000000,10,right_wrist,1,1,2.000000,688.480000,462.930000,2.000000,688.855164,462.903412,0.376105,42.887485,1,0.062000,0.999600
SP_R_PushUp_1,posenet,37,1.239854,ok,1,direct,1.000000,11,left_hip,1,0,0.000000,544.790000,307.620000,2.000000,779.115845,278.377838,,,,0.107000,
SP_R_PushUp_1,posenet,37,1.239854,ok,1,direct,1.000000,12,right_hip,1,1,2.000000,555.210000,351.070000,2.000000,779.115845,278.377838,235.410233,42.887485,0,0.107000,0.000000
SP_R_PushUp_1,posenet,37,1.239854,ok,1,direct,1.000000,13,left_knee,1,0,0.000000,434.350000,378.680000,2.000000,597.634216,310.093170,,,,0.087000,
SP_R_PushUp_1,posenet,37,1.239854,ok,1,direct,1.000000,14,right_knee,1,1,2.000000,438.310000,368.930000,2.000000,594.753601,311.054260,166.805880,42.887485,0,0.087000,0.000000
SP_R_PushUp_1,posenet,37,1.239854,ok,1,direct,1.000000,15,left_ankle,1,0,0.000000,361.860000,396.890000,2.000000,686.934753,459.059143,,,,0.089000,
SP_R_PushUp_1,posenet,37,1.239854,ok,1,direct,1.000000,16,right_ankle,1,1,2.000000,334.090000,357.650000,2.000000,687.894958,460.981293,368.585546,42.887485,0,0.089000,0.000000
SP_R_PushUp_1,posenet,38,1.273364,ok,1,direct,1.000000,0,nose,0,0,0.000000,0.000000,0.000000,2.000000,861.125366,441.592102,,,,0.026000,
SP_R_PushUp_1,posenet,38,1.273364,ok,1,direct,1.000000,1,left_eye,0,0,0.000000,0.000000,0.000000,2.000000,839.047729,402.350128,,,,0.025000,
SP_R_PushUp_1,posenet,38,1.273364,ok,1,direct,1.000000,2,right_eye,0,0,0.000000,0.000000,0.000000,2.000000,860.165405,421.492584,,,,0.025000,
SP_R_PushUp_1,posenet,38,1.273364,ok,1,direct,1.000000,3,left_ear,0,0,0.000000,0.000000,0.000000,2.000000,860.165405,434.892273,,,,0.035000,
SP_R_PushUp_1,posenet,38,1.273364,ok,1,direct,1.000000,4,right_ear,0,0,0.000000,0.000000,0.000000,2.000000,860.165405,433.935150,,,,0.035000,
SP_R_PushUp_1,posenet,38,1.273364,ok,1,direct,1.000000,5,left_shoulder,1,0,0.000000,756.640000,292.190000,2.000000,825.609253,406.178650,,,,0.079000,
SP_R_PushUp_1,posenet,38,1.273364,ok,1,direct,1.000000,6,right_shoulder,1,1,2.000000,745.170000,382.240000,2.000000,828.488892,432.978027,97.551961,42.558459,0,0.079000,0.000000
SP_R_PushUp_1,posenet,38,1.273364,ok,1,direct,1.000000,7,left_elbow,1,0,0.000000,742.980000,366.580000,2.000000,649.948608,403.307251,,,,0.072000,
SP_R_PushUp_1,posenet,38,1.273364,ok,1,direct,1.000000,8,right_elbow,1,1,2.000000,635.950000,389.000000,2.000000,641.309570,390.864685,5.674685,42.558459,1,0.072000,0.933707
SP_R_PushUp_1,posenet,38,1.273364,ok,1,direct,1.000000,9,left_wrist,1,0,0.000000,765.200000,429.270000,2.000000,683.544861,454.991821,,,,0.062000,
SP_R_PushUp_1,posenet,38,1.273364,ok,1,direct,1.000000,10,right_wrist,1,1,2.000000,688.480000,462.930000,2.000000,684.504761,457.863159,6.440140,42.558459,1,0.062000,0.887682
SP_R_PushUp_1,posenet,38,1.273364,ok,1,direct,1.000000,11,left_hip,1,0,0.000000,544.790000,307.620000,2.000000,624.031433,305.680939,,,,0.107000,
SP_R_PushUp_1,posenet,38,1.273364,ok,1,direct,1.000000,12,right_hip,1,1,2.000000,556.210000,352.530000,2.000000,624.031433,305.680939,82.429250,42.558459,0,0.107000,0.001426
SP_R_PushUp_1,posenet,38,1.273364,ok,1,direct,1.000000,13,left_knee,1,0,0.000000,434.350000,378.680000,2.000000,638.429871,321.951996,,,,0.087000,
SP_R_PushUp_1,posenet,38,1.273364,ok,1,direct,1.000000,14,right_knee,1,1,2.000000,438.310000,369.840000,2.000000,639.389771,322.909088,206.483860,42.558459,0,0.087000,0.000000
SP_R_PushUp_1,posenet,38,1.273364,ok,1,direct,1.000000,15,left_ankle,1,0,0.000000,361.860000,396.890000,2.000000,863.045105,403.307251,,,,0.089000,
SP_R_PushUp_1,posenet,38,1.273364,ok,1,direct,1.000000,16,right_ankle,1,1,2.000000,335.020000,357.450000,2.000000,686.424561,460.734497,366.268825,42.558459,0,0.089000,0.000000
SP_R_PushUp_1,posenet,39,1.306873,ok,1,direct,1.000000,0,nose,0,0,0.000000,0.000000,0.000000,2.000000,860.650757,446.687500,,,,0.026000,
SP_R_PushUp_1,posenet,39,1.306873,ok,1,direct,1.000000,1,left_eye,0,0,0.000000,0.000000,0.000000,2.000000,869.285461,442.844421,,,,0.025000,
SP_R_PushUp_1,posenet,39,1.306873,ok,1,direct,1.000000,2,right_eye,0,0,0.000000,0.000000,0.000000,2.000000,864.488342,432.275909,,,,0.025000,
SP_R_PushUp_1,posenet,39,1.306873,ok,1,direct,1.000000,3,left_ear,0,0,0.000000,0.000000,0.000000,2.000000,862.569580,440.922852,,,,0.035000,
SP_R_PushUp_1,posenet,39,1.306873,ok,1,direct,1.000000,4,right_ear,0,0,0.000000,0.000000,0.000000,2.000000,831.868469,404.413483,,,,0.035000,
SP_R_PushUp_1,posenet,39,1.306873,ok,1,direct,1.000000,5,left_shoulder,1,0,0.000000,756.640000,292.190000,2.000000,813.639709,360.217896,,,,0.079000,
SP_R_PushUp_1,posenet,39,1.306873,ok,1,direct,1.000000,6,right_shoulder,1,1,2.000000,745.170000,382.240000,2.000000,796.370300,422.668182,65.237326,42.228671,0,0.079000,0.000477
SP_R_PushUp_1,posenet,39,1.306873,ok,1,direct,1.000000,7,left_elbow,1,0,0.000000,742.980000,366.580000,2.000000,646.702515,398.648865,,,,0.072000,
SP_R_PushUp_1,posenet,39,1.306873,ok,1,direct,1.000000,8,right_elbow,1,1,2.000000,635.950000,389.000000,2.000000,639.986633,390.001892,4.159110,42.228671,1,0.072000,0.963268
SP_R_PushUp_1,posenet,39,1.306873,ok,1,direct,1.000000,9,left_wrist,1,0,0.000000,765.200000,429.270000,2.000000,685.078918,457.256012,,,,0.062000,
SP_R_PushUp_1,posenet,39,1.306873,ok,1,direct,1.000000,10,right_wrist,1,1,2.000000,688.480000,462.930000,2.000000,686.038269,459.177551,4.476932,42.228671,1,0.062000,0.943199
SP_R_PushUp_1,posenet,39,1.306873,ok,1,direct,1.000000,11,left_hip,1,0,0.000000,544.790000,307.620000,2.000000,804.045654,344.845551,,,,0.107000,
SP_R_PushUp_1,posenet,39,1.306873,ok,1,direct,1.000000,12,right_hip,1,1,2.000000,557.220000,353.990000,2.000000,770.466309,433.236694,227.495114,42.228671,0,0.107000,0.000000
SP_R_PushUp_1,posenet,39,1.306873,ok,1,direct,1.000000,13,left_knee,1,0,0.000000,434.350000,378.680000,2.000000,639.986633,325.630066,,,,0.087000,
SP_R_PushUp_1,posenet,39,1.306873,ok,1,direct,1.000000,14,right_knee,1,1,2.000000,438.310000,370.750000,2.000000,639.986633,327.551636,206.251214,42.228671,0,0.087000,0.000000
SP_R_PushUp_1,posenet,39,1.306873,ok,1,direct,1.000000,15,left_ankle,1,0,0.000000,361.860000,396.890000,2.000000,685.078918,459.177551,,,,0.089000,
SP_R_PushUp_1,posenet,39,1.306873,ok,1,direct,1.000000,16,right_ankle,1,1,2.000000,335.940000,357.260000,2.000000,686.038269,461.099091,365.173048,42.228671,0,0.089000,0.000000
SP_R_PushUp_1,posenet,40,1.340383,ok,1,direct,1.000000,0,nose,0,0,0.000000,0.000000,0.000000,2.000000,359.610229,334.998840,,,,0.026000,
SP_R_PushUp_1,posenet,40,1.340383,ok,1,direct,1.000000,1,left_eye,0,0,0.000000,0.000000,0.000000,2.000000,334.673065,357.030487,,,,0.025000,
SP_R_PushUp_1,posenet,40,1.340383,ok,1,direct,1.000000,2,right_eye,0,0,0.000000,0.000000,0.000000,2.000000,332.754822,359.904205,,,,0.025000,
SP_R_PushUp_1,posenet,40,1.340383,ok,1,direct,1.000000,3,left_ear,0,0,0.000000,0.000000,0.000000,2.000000,335.632172,370.441101,,,,0.035000,
SP_R_PushUp_1,posenet,40,1.340383,ok,1,direct,1.000000,4,right_ear,0,0,0.000000,0.000000,0.000000,2.000000,341.386902,375.230560,,,,0.035000,
SP_R_PushUp_1,posenet,40,1.340383,ok,1,direct,1.000000,5,left_shoulder,1,0,0.000000,756.640000,292.190000,2.000000,388.383881,354.156799,,,,0.079000,
SP_R_PushUp_1,posenet,40,1.340383,ok,1,direct,1.000000,6,right_shoulder,1,1,2.000000,745.170000,382.240000,2.000000,402.770721,384.809570,342.408920,41.895108,0,0.079000,0.000000
SP_R_PushUp_1,posenet,40,1.340383,ok,1,direct,1.000000,7,left_elbow,1,0,0.000000,742.980000,366.580000,2.000000,646.387695,396.304352,,,,0.072000,
SP_R_PushUp_1,posenet,40,1.340383,ok,1,direct,1.000000,8,right_elbow,1,1,2.000000,635.950000,389.000000,2.000000,642.551147,393.430664,7.950216,41.895108,1,0.072000,0.870289
SP_R_PushUp_1,posenet,40,1.340383,ok,1,direct,1.000000,9,left_wrist,1,0,0.000000,765.200000,429.270000,2.000000,686.670837,459.525635,,,,0.062000,
SP_R_PushUp_1,posenet,40,1.340383,ok,1,direct,1.000000,10,right_wrist,1,1,2.000000,688.480000,462.930000,2.000000,689.548157,462.399323,1.192718,41.895108,1,0.062000,0.995792
SP_R_PushUp_1,posenet,40,1.340383,ok,1,direct,1.000000,11,left_hip,1,0,0.000000,544.790000,307.620000,2.000000,541.843384,347.451538,,,,0.107000,
SP_R_PushUp_1,posenet,40,1.340383,ok,1,direct,1.000000,12,right_hip,1,1,2.000000,558.230000,355.460000,2.000000,583.085632,375.230560,31.759684,41.895108,1,0.107000,0.366449
SP_R_PushUp_1,posenet,40,1.340383,ok,1,direct,1.000000,13,left_knee,1,0,0.000000,434.350000,378.680000,2.000000,600.349792,314.882996,,,,0.087000,
SP_R_PushUp_1,posenet,40,1.340383,ok,1,direct,1.000000,14,right_knee,1,1,2.000000,438.310000,371.670000,2.000000,598.431580,317.756683,168.954331,41.895108,0,0.087000,0.000000
SP_R_PushUp_1,posenet,40,1.340383,ok,1,direct,1.000000,15,left_ankle,1,0,0.000000,361.860000,396.890000,2.000000,646.387695,396.304352,,,,0.089000,
SP_R_PushUp_1,posenet,40,1.340383,ok,1,direct,1.000000,16,right_ankle,1,1,2.000000,336.870000,357.060000,2.000000,683.793457,458.567719,361.468812,41.895108,0,0.089000,0.000000
SP_R_PushUp_1,posenet,41,1.373893,ok,1,direct,0.000000,0,nose,0,0,0.000000,0.000000,0.000000,0.000000,0.000000,0.000000,,,,0.026000,
SP_R_PushUp_1,posenet,41,1.373893,ok,1,direct,0.000000,1,left_eye,0,0,0.000000,0.000000,0.000000,0.000000,0.000000,0.000000,,,,0.025000,
SP_R_PushUp_1,posenet,41,1.373893,ok,1,direct,0.000000,2,right_eye,0,0,0.000000,0.000000,0.000000,0.000000,0.000000,0.000000,,,,0.025000,
SP_R_PushUp_1,posenet,41,1.373893,ok,1,direct,0.000000,3,left_ear,0,0,0.000000,0.000000,0.000000,0.000000,0.000000,0.000000,,,,0.035000,
SP_R_PushUp_1,posenet,41,1.373893,ok,1,direct,0.000000,4,right_ear,0,0,0.000000,0.000000,0.000000,0.000000,0.000000,0.000000,,,,0.035000,
SP_R_PushUp_1,posenet,41,1.373893,ok,1,direct,0.000000,5,left_shoulder,1,0,0.000000,756.640000,292.190000,0.000000,0.000000,0.000000,,,,0.079000,
SP_R_PushUp_1,posenet,41,1.373893,ok,1,direct,0.000000,6,right_shoulder,1,1,2.000000,745.170000,382.240000,0.000000,0.000000,0.000000,,41.571944,0,0.079000,0.000000
SP_R_PushUp_1,posenet,41,1.373893,ok,1,direct,0.000000,7,left_elbow,1,0,0.000000,742.980000,366.580000,0.000000,0.000000,0.000000,,,,0.072000,
SP_R_PushUp_1,posenet,41,1.373893,ok,1,direct,0.000000,8,right_elbow,1,1,2.000000,635.950000,389.000000,0.000000,0.000000,0.000000,,41.571944,0,0.072000,0.000000
SP_R_PushUp_1,posenet,41,1.373893,ok,1,direct,0.000000,9,left_wrist,1,0,0.000000,765.200000,429.270000,0.000000,0.000000,0.000000,,,,0.062000,
SP_R_PushUp_1,posenet,41,1.373893,ok,1,direct,0.000000,10,right_wrist,1,1,2.000000,688.480000,462.930000,0.000000,0.000000,0.000000,,41.571944,0,0.062000,0.000000
SP_R_PushUp_1,posenet,41,1.373893,ok,1,direct,0.000000,11,left_hip,1,0,0.000000,544.790000,307.620000,0.000000,0.000000,0.000000,,,,0.107000,
SP_R_PushUp_1,posenet,41,1.373893,ok,1,direct,0.000000,12,right_hip,1,1,2.000000,559.230000,356.920000,0.000000,0.000000,0.000000,,41.571944,0,0.107000,0.000000
SP_R_PushUp_1,posenet,41,1.373893,ok,1,direct,0.000000,13,left_knee,1,0,0.000000,434.350000,378.680000,0.000000,0.000000,0.000000,,,,0.087000,
SP_R_PushUp_1,posenet,41,1.373893,ok,1,direct,0.000000,14,right_knee,1,1,2.000000,438.310000,372.580000,0.000000,0.000000,0.000000,,41.571944,0,0.087000,0.000000
SP_R_PushUp_1,posenet,41,1.373893,ok,1,direct,0.000000,15,left_ankle,1,0,0.000000,361.860000,396.890000,0.000000,0.000000,0.000000,,,,0.089000,
SP_R_PushUp_1,posenet,41,1.373893,ok,1,direct,0.000000,16,right_ankle,1,1,2.000000,337.800000,356.870000,0.000000,0.000000,0.000000,,41.571944,0,0.089000,0.000000
SP_R_PushUp_1,posenet,42,1.407402,ok,1,direct,1.000000,0,nose,0,0,0.000000,0.000000,0.000000,2.000000,335.183655,367.716217,,,,0.026000,
SP_R_PushUp_1,posenet,42,1.407402,ok,1,direct,1.000000,1,left_eye,0,0,0.000000,0.000000,0.000000,2.000000,334.224304,355.230988,,,,0.025000,
SP_R_PushUp_1,posenet,42,1.407402,ok,1,direct,1.000000,2,right_eye,0,0,0.000000,0.000000,0.000000,2.000000,333.264893,358.112213,,,,0.025000,
SP_R_PushUp_1,posenet,42,1.407402,ok,1,direct,1.000000,3,left_ear,0,0,0.000000,0.000000,0.000000,2.000000,333.264893,355.230988,,,,0.035000,
SP_R_PushUp_1,posenet,42,1.407402,ok,1,direct,1.000000,4,right_ear,0,0,0.000000,0.000000,0.000000,2.000000,340.939941,379.240997,,,,0.035000,
SP_R_PushUp_1,posenet,42,1.407402,ok,1,direct,1.000000,5,left_shoulder,1,0,0.000000,756.640000,292.190000,2.000000,424.405884,357.151794,,,,0.079000,
SP_R_PushUp_1,posenet,42,1.407402,ok,1,direct,1.000000,6,right_shoulder,1,1,2.000000,745.170000,382.240000,2.000000,399.462036,386.924225,345.739697,41.564108,0,0.079000,0.000000
SP_R_PushUp_1,posenet,42,1.407402,ok,1,direct,1.000000,7,left_elbow,1,0,0.000000,742.980000,366.580000,2.000000,643.144348,397.488647,,,,0.072000,
SP_R_PushUp_1,posenet,42,1.407402,ok,1,direct,1.000000,8,right_elbow,1,1,2.000000,635.950000,389.000000,2.000000,642.184937,396.528229,9.774900,41.564108,1,0.072000,0.807850
SP_R_PushUp_1,posenet,42,1.407402,ok,1,direct,1.000000,9,left_wrist,1,0,0.000000,765.200000,429.270000,2.000000,690.153931,462.795898,,,,0.062000,
SP_R_PushUp_1,posenet,42,1.407402,ok,1,direct,1.000000,10,right_wrist,1,1,2.000000,688.480000,462.930000,2.000000,691.113281,463.756287,2.759877,41.564108,1,0.062000,0.977321
SP_R_PushUp_1,posenet,42,1.407402,ok,1,direct,1.000000,11,left_hip,1,0,0.000000,544.790000,307.620000,2.000000,560.637695,348.508209,,,,0.107000,
SP_R_PushUp_1,posenet,42,1.407402,ok,1,direct,1.000000,12,right_hip,1,1,2.000000,560.240000,358.390000,2.000000,582.703430,364.835022,23.369724,41.564108,1,0.107000,0.575655
SP_R_PushUp_1,posenet,42,1.407402,ok,1,direct,1.000000,13,left_knee,1,0,0.000000,434.350000,378.680000,2.000000,622.037964,326.418976,,,,0.087000,
SP_R_PushUp_1,posenet,42,1.407402,ok,1,direct,1.000000,14,right_knee,1,1,2.000000,438.310000,373.500000,2.000000,573.109619,326.418976,142.785014,41.564108,0,0.087000,0.000000
SP_R_PushUp_1,posenet,42,1.407402,ok,1,direct,1.000000,15,left_ankle,1,0,0.000000,361.860000,396.890000,2.000000,643.144348,394.607422,,,,0.089000,
SP_R_PushUp_1,posenet,42,1.407402,ok,1,direct,1.000000,16,right_ankle,1,1,2.000000,338.720000,356.670000,2.000000,691.113281,462.795898,368.026807,41.564108,0,0.089000,0.000000
SP_R_PushUp_1,posenet,43,1.440912,ok,1,direct,1.000000,0,nose,0,0,0.000000,0.000000,0.000000,2.000000,359.562653,335.075134,,,,0.026000,
SP_R_PushUp_1,posenet,43,1.440912,ok,1,direct,1.000000,1,left_eye,0,0,0.000000,0.000000,0.000000,2.000000,336.519012,355.192871,,,,0.025000,
SP_R_PushUp_1,posenet,43,1.440912,ok,1,direct,1.000000,2,right_eye,0,0,0.000000,0.000000,0.000000,2.000000,332.678406,360.940765,,,,0.025000,
SP_R_PushUp_1,posenet,43,1.440912,ok,1,direct,1.000000,3,left_ear,0,0,0.000000,0.000000,0.000000,2.000000,334.598724,369.562653,,,,0.035000,
SP_R_PushUp_1,posenet,43,1.440912,ok,1,direct,1.000000,4,right_ear,0,0,0.000000,0.000000,0.000000,2.000000,343.240082,376.268555,,,,0.035000,
SP_R_PushUp_1,posenet,43,1.440912,ok,1,direct,1.000000,5,left_shoulder,1,0,0.000000,756.640000,292.190000,2.000000,426.773285,356.150818,,,,0.079000,
SP_R_PushUp_1,posenet,43,1.440912,ok,1,direct,1.000000,6,right_shoulder,1,1,2.000000,745.170000,382.240000,2.000000,400.849182,386.806396,344.351096,41.553630,0,0.079000,0.000000
SP_R_PushUp_1,posenet,43,1.440912,ok,1,direct,1.000000,7,left_elbow,1,0,0.000000,742.980000,366.580000,2.000000,642.807434,395.428284,,,,0.072000,
SP_R_PushUp_1,posenet,43,1.440912,ok,1,direct,1.000000,8,right_elbow,1,1,2.000000,635.950000,389.000000,2.000000,640.887085,393.512329,6.688492,41.553630,1,0.072000,0.904878
SP_R_PushUp_1,posenet,43,1.440912,ok,1,direct,1.000000,9,left_wrist,1,0,0.000000,765.200000,429.270000,2.000000,687.934509,461.529358,,,,0.062000,
SP_R_PushUp_1,posenet,43,1.440912,ok,1,direct,1.000000,10,right_wrist,1,1,2.000000,688.480000,462.930000,2.000000,688.894714,463.445343,0.661488,41.553630,1,0.062000,0.998682
SP_R_PushUp_1,posenet,43,1.440912,ok,1,direct,1.000000,11,left_hip,1,0,0.000000,544.790000,307.620000,2.000000,561.194580,360.940765,,,,0.107000,
SP_R_PushUp_1,posenet,43,1.440912,ok,1,direct,1.000000,12,right_hip,1,1,2.000000,561.240000,359.850000,2.000000,576.557007,361.898743,15.453415,41.553630,1,0.107000,0.785372
SP_R_PushUp_1,posenet,43,1.440912,ok,1,direct,1.000000,13,left_knee,1,0,0.000000,434.350000,378.680000,2.000000,619.763794,322.621307,,,,0.087000,
SP_R_PushUp_1,posenet,43,1.440912,ok,1,direct,1.000000,14,right_knee,1,1,2.000000,438.310000,374.410000,2.000000,617.843445,322.621307,186.853757,41.553630,0,0.087000,0.000000
SP_R_PushUp_1,posenet,43,1.440912,ok,1,direct,1.000000,15,left_ankle,1,0,0.000000,361.860000,396.890000,2.000000,687.934509,461.529358,,,,0.089000,
SP_R_PushUp_1,posenet,43,1.440912,ok,1,direct,1.000000,16,right_ankle,1,1,2.000000,339.650000,356.480000,2.000000,689.854919,464.403320,366.457267,41.553630,0,0.089000,0.000000
SP_R_PushUp_1,posenet,44,1.474421,ok,1,direct,1.000000,0,nose,0,0,0.000000,0.000000,0.000000,2.000000,360.848145,334.272095,,,,0.026000,
SP_R_PushUp_1,posenet,44,1.474421,ok,1,direct,1.000000,1,left_eye,0,0,0.000000,0.000000,0.000000,2.000000,336.850830,354.431549,,,,0.025000,
SP_R_PushUp_1,posenet,44,1.474421,ok,1,direct,1.000000,2,right_eye,0,0,0.000000,0.000000,0.000000,2.000000,333.971161,360.191376,,,,0.025000,
SP_R_PushUp_1,posenet,44,1.474421,ok,1,direct,1.000000,3,left_ear,0,0,0.000000,0.000000,0.000000,2.000000,335.890930,369.791138,,,,0.035000,
SP_R_PushUp_1,posenet,44,1.474421,ok,1,direct,1.000000,4,right_ear,0,0,0.000000,0.000000,0.000000,2.000000,345.489838,375.550964,,,,0.035000,
SP_R_PushUp_1,posenet,44,1.474421,ok,1,direct,1.000000,5,left_shoulder,1,0,0.000000,756.640000,292.190000,2.000000,427.080719,356.351471,,,,0.079000,
SP_R_PushUp_1,posenet,44,1.474421,ok,1,direct,1.000000,6,right_shoulder,1,1,2.000000,745.120000,381.940000,2.000000,402.123535,387.070648,343.034836,41.545277,0,0.079000,0.000000
SP_R_PushUp_1,posenet,44,1.474421,ok,1,direct,1.000000,7,left_elbow,1,0,0.000000,743.480000,365.690000,2.000000,645.936218,395.710419,,,,0.072000,
SP_R_PushUp_1,posenet,44,1.474421,ok,1,direct,1.000000,8,right_elbow,1,1,2.000000,635.800000,388.450000,2.000000,641.136780,392.830475,6.904330,41.545277,1,0.072000,0.898928
SP_R_PushUp_1,posenet,44,1.474421,ok,1,direct,1.000000,9,left_wrist,1,0,0.000000,765.200000,429.270000,2.000000,688.171509,460.988556,,,,0.062000,
SP_R_PushUp_1,posenet,44,1.474421,ok,1,direct,1.000000,10,right_wrist,1,1,2.000000,688.480000,462.870000,2.000000,688.171509,461.948547,0.971721,41.545277,1,0.062000,0.997158
SP_R_PushUp_1,posenet,44,1.474421,ok,1,direct,1.000000,11,left_hip,1,0,0.000000,544.790000,307.070000,2.000000,315.733185,487.867798,,,,0.107000,
SP_R_PushUp_1,posenet,44,1.474421,ok,1,direct,1.000000,12,right_hip,1,1,2.000000,560.260000,358.870000,2.000000,560.505798,415.869843,57.000373,41.545277,0,0.107000,0.037316
SP_R_PushUp_1,posenet,44,1.474421,ok,1,direct,1.000000,13,left_knee,1,0,0.000000,434.350000,378.350000,2.000000,622.898804,322.752441,,,,0.087000,
SP_R_PushUp_1,posenet,44,1.474421,ok,1,direct,1.000000,14,right_knee,1,1,2.000000,438.710000,374.120000,2.000000,620.019104,323.712402,188.185858,41.545277,0,0.087000,0.000000
SP_R_PushUp_1,posenet,44,1.474421,ok,1,direct,1.000000,15,left_ankle,1,0,0.000000,361.860000,396.630000,2.000000,687.211609,460.028595,,,,0.089000,
SP_R_PushUp_1,posenet,44,1.474421,ok,1,direct,1.000000,16,right_ankle,1,1,2.000000,339.420000,356.510000,2.000000,689.131348,463.868469,365.819447,41.545277,0,0.089000,0.000000
SP_R_PushUp_1,posenet,45,1.507931,ok,1,direct,1.000000,0,nose,0,0,0.000000,0.000000,0.000000,2.000000,363.619751,333.196075,,,,0.026000,
SP_R_PushUp_1,posenet,45,1.507931,ok,1,direct,1.000000,1,left_eye,0,0,0.000000,0.000000,0.000000,2.000000,336.776306,357.147949,,,,0.025000,
SP_R_PushUp_1,posenet,45,1.507931,ok,1,direct,1.000000,2,right_eye,0,0,0.000000,0.000000,0.000000,2.000000,332.941528,360.980225,,,,0.025000,
SP_R_PushUp_1,posenet,45,1.507931,ok,1,direct,1.000000,3,left_ear,0,0,0.000000,0.000000,0.000000,2.000000,336.776306,365.770630,,,,0.035000,
SP_R_PushUp_1,posenet,45,1.507931,ok,1,direct,1.000000,4,right_ear,0,0,0.000000,0.000000,0.000000,2.000000,345.404572,375.351379,,,,0.035000,
SP_R_PushUp_1,posenet,45,1.507931,ok,1,direct,1.000000,5,left_shoulder,1,0,0.000000,756.640000,292.190000,2.000000,411.554474,364.812531,,,,0.079000,
SP_R_PushUp_1,posenet,45,1.507931,ok,1,direct,1.000000,6,right_shoulder,1,1,2.000000,745.070000,381.650000,2.000000,403.884918,390.680573,341.304573,41.535465,0,0.079000,0.000000
SP_R_PushUp_1,posenet,45,1.507931,ok,1,direct,1.000000,7,left_elbow,1,0,0.000000,743.980000,364.800000,2.000000,646.434509,393.554810,,,,0.072000,
SP_R_PushUp_1,posenet,45,1.507931,ok,1,direct,1.000000,8,right_elbow,1,1,2.000000,635.650000,387.900000,2.000000,645.475830,392.596710,10.890639,41.535465,1,0.072000,0.767024
SP_R_PushUp_1,posenet,45,1.507931,ok,1,direct,1.000000,9,left_wrist,1,0,0.000000,765.200000,429.270000,2.000000,687.658386,460.620056,,,,0.062000,
SP_R_PushUp_1,posenet,45,1.507931,ok,1,direct,1.000000,10,right_wrist,1,1,2.000000,688.480000,462.810000,2.000000,688.617065,461.578094,1.239507,41.535465,1,0.062000,0.995377
SP_R_PushUp_1,posenet,45,1.507931,ok,1,direct,1.000000,11,left_hip,1,0,0.000000,544.790000,306.520000,2.000000,315.685059,487.446136,,,,0.107000,
SP_R_PushUp_1,posenet,45,1.507931,ok,1,direct,1.000000,12,right_hip,1,1,2.000000,559.280000,357.900000,2.000000,588.912964,372.477142,33.024319,41.535465,1,0.107000,0.331439
SP_R_PushUp_1,posenet,45,1.507931,ok,1,direct,1.000000,13,left_knee,1,0,0.000000,434.350000,378.030000,2.000000,623.425903,322.657257,,,,0.087000,
SP_R_PushUp_1,posenet,45,1.507931,ok,1,direct,1.000000,14,right_knee,1,1,2.000000,439.110000,373.830000,2.000000,623.425903,323.615326,191.033677,41.535465,0,0.087000,0.000000
SP_R_PushUp_1,posenet,45,1.507931,ok,1,direct,1.000000,15,left_ankle,1,0,0.000000,361.860000,396.360000,2.000000,687.658386,459.661957,,,,0.089000,
SP_R_PushUp_1,posenet,45,1.507931,ok,1,direct,1.000000,16,right_ankle,1,1,2.000000,339.180000,356.550000,2.000000,691.493164,463.494263,368.186965,41.535465,0,0.089000,0.000000
SP_R_PushUp_1,posenet,46,1.541440,ok,1,direct,1.000000,0,nose,0,0,0.000000,0.000000,0.000000,2.000000,363.162964,332.728973,,,,0.026000,
SP_R_PushUp_1,posenet,46,1.541440,ok,1,direct,1.000000,1,left_eye,0,0,0.000000,0.000000,0.000000,2.000000,335.371033,357.606293,,,,0.025000,
SP_R_PushUp_1,posenet,46,1.541440,ok,1,direct,1.000000,2,right_eye,0,0,0.000000,0.000000,0.000000,2.000000,334.412689,362.390381,,,,0.025000,
SP_R_PushUp_1,posenet,46,1.541440,ok,1,direct,1.000000,3,left_ear,0,0,0.000000,0.000000,0.000000,2.000000,335.371033,362.390381,,,,0.035000,
SP_R_PushUp_1,posenet,46,1.541440,ok,1,direct,1.000000,4,right_ear,0,0,0.000000,0.000000,0.000000,2.000000,345.912811,380.569977,,,,0.035000,
SP_R_PushUp_1,posenet,46,1.541440,ok,1,direct,1.000000,5,left_shoulder,1,0,0.000000,756.640000,292.190000,2.000000,431.205231,354.735840,,,,0.079000,
SP_R_PushUp_1,posenet,46,1.541440,ok,1,direct,1.000000,6,right_shoulder,1,1,2.000000,745.020000,381.360000,2.000000,405.329987,393.965485,339.923820,41.525121,0,0.079000,0.000000
SP_R_PushUp_1,posenet,46,1.541440,ok,1,direct,1.000000,7,left_elbow,1,0,0.000000,744.480000,363.910000,2.000000,645.873840,393.008667,,,,0.072000,
SP_R_PushUp_1,posenet,46,1.541440,ok,1,direct,1.000000,8,right_elbow,1,1,2.000000,635.500000,387.350000,2.000000,643.957153,391.095001,9.249242,41.525121,1,0.072000,0.825797
SP_R_PushUp_1,posenet,46,1.541440,ok,1,direct,1.000000,9,left_wrist,1,0,0.000000,765.200000,429.270000,2.000000,687.082458,459.029266,,,,0.062000,
SP_R_PushUp_1,posenet,46,1.541440,ok,1,direct,1.000000,10,right_wrist,1,1,2.000000,688.480000,462.740000,2.000000,687.082458,459.986053,3.088259,41.525121,1,0.062000,0.971633
SP_R_PushUp_1,posenet,46,1.541440,ok,1,direct,1.000000,11,left_hip,1,0,0.000000,544.790000,305.970000,2.000000,543.331238,346.124451,,,,0.107000,
SP_R_PushUp_1,posenet,46,1.541440,ok,1,direct,1.000000,12,right_hip,1,1,2.000000,558.300000,356.920000,2.000000,580.706604,371.958588,26.985459,41.525121,1,0.107000,0.478196
SP_R_PushUp_1,posenet,46,1.541440,ok,1,direct,1.000000,13,left_knee,1,0,0.000000,434.350000,377.700000,2.000000,619.040222,322.203949,,,,0.087000,
SP_R_PushUp_1,posenet,46,1.541440,ok,1,direct,1.000000,14,right_knee,1,1,2.000000,439.510000,373.540000,2.000000,615.206909,321.247131,183.313797,41.525121,0,0.087000,0.000000
SP_R_PushUp_1,posenet,46,1.541440,ok,1,direct,1.000000,15,left_ankle,1,0,0.000000,361.860000,396.090000,2.000000,647.790466,398.749573,,,,0.089000,
SP_R_PushUp_1,posenet,46,1.541440,ok,1,direct,1.000000,16,right_ankle,1,1,2.000000,338.950000,356.580000,2.000000,390.954865,359.519958,52.087900,41.525121,0,0.089000,0.018820
SP_R_PushUp_1,posenet,47,1.574950,ok,1,direct,1.000000,0,nose,0,0,0.000000,0.000000,0.000000,2.000000,865.682495,440.682556,,,,0.026000,
SP_R_PushUp_1,posenet,47,1.574950,ok,1,direct,1.000000,1,left_eye,0,0,0.000000,0.000000,0.000000,2.000000,839.822083,400.453644,,,,0.025000,
SP_R_PushUp_1,posenet,47,1.574950,ok,1,direct,1.000000,2,right_eye,0,0,0.000000,0.000000,0.000000,2.000000,866.640259,428.230774,,,,0.025000,
SP_R_PushUp_1,posenet,47,1.574950,ok,1,direct,1.000000,3,left_ear,0,0,0.000000,0.000000,0.000000,2.000000,861.851318,432.062103,,,,0.035000,
SP_R_PushUp_1,posenet,47,1.574950,ok,1,direct,1.000000,4,right_ear,0,0,0.000000,0.000000,0.000000,2.000000,835.033142,407.158447,,,,0.035000,
SP_R_PushUp_1,posenet,47,1.574950,ok,1,direct,1.000000,5,left_shoulder,1,0,0.000000,756.640000,292.190000,2.000000,878.133789,351.604187,,,,0.079000,
SP_R_PushUp_1,posenet,47,1.574950,ok,1,direct,1.000000,6,right_shoulder,1,1,2.000000,744.970000,381.070000,2.000000,813.003906,439.724731,89.827557,41.646191,0,0.079000,0.000000
SP_R_PushUp_1,posenet,47,1.574950,ok,1,direct,1.000000,7,left_elbow,1,0,0.000000,744.970000,363.020000,2.000000,650.179199,397.580139,,,,0.072000,
SP_R_PushUp_1,posenet,47,1.574950,ok,1,direct,1.000000,8,right_elbow,1,1,2.000000,635.340000,386.800000,2.000000,644.432434,387.043976,9.095707,41.646191,1,0.072000,0.831911
SP_R_PushUp_1,posenet,47,1.574950,ok,1,direct,1.000000,9,left_wrist,1,0,0.000000,765.200000,429.270000,2.000000,685.617493,455.050049,,,,0.062000,
SP_R_PushUp_1,posenet,47,1.574950,ok,1,direct,1.000000,10,right_wrist,1,1,2.000000,688.480000,462.680000,2.000000,686.575256,457.923523,5.123682,41.646191,1,0.062000,0.924269
SP_R_PushUp_1,posenet,47,1.574950,ok,1,direct,1.000000,11,left_hip,1,0,0.000000,544.790000,305.430000,2.000000,629.107727,303.712585,,,,0.107000,
SP_R_PushUp_1,posenet,47,1.574950,ok,1,direct,1.000000,12,right_hip,1,1,2.000000,557.310000,355.950000,2.000000,629.107727,303.712585,88.789983,41.646191,0,0.107000,0.000356
SP_R_PushUp_1,posenet,47,1.574950,ok,1,direct,1.000000,13,left_knee,1,0,0.000000,434.350000,377.380000,2.000000,629.107727,329.574066,,,,0.087000,
SP_R_PushUp_1,posenet,47,1.574950,ok,1,direct,1.000000,14,right_knee,1,1,2.000000,439.910000,373.250000,2.000000,639.643494,324.784912,205.529397,41.646191,0,0.087000,0.000000
SP_R_PushUp_1,posenet,47,1.574950,ok,1,direct,1.000000,15,left_ankle,1,0,0.000000,361.860000,395.820000,2.000000,686.575256,457.923523,,,,0.089000,
SP_R_PushUp_1,posenet,47,1.574950,ok,1,direct,1.000000,16,right_ankle,1,1,2.000000,338.710000,356.610000,2.000000,687.533142,460.797058,364.050172,41.646191,0,0.089000,0.000000
SP_R_PushUp_1,posenet,48,1.608460,ok,1,direct,1.000000,0,nose,0,0,0.000000,0.000000,0.000000,2.000000,362.389832,332.508057,,,,0.026000,
SP_R_PushUp_1,posenet,48,1.608460,ok,1,direct,1.000000,1,left_eye,0,0,0.000000,0.000000,0.000000,2.000000,336.510040,357.468262,,,,0.025000,
SP_R_PushUp_1,posenet,48,1.608460,ok,1,direct,1.000000,2,right_eye,0,0,0.000000,0.000000,0.000000,2.000000,334.593018,363.228271,,,,0.025000,
SP_R_PushUp_1,posenet,48,1.608460,ok,1,direct,1.000000,3,left_ear,0,0,0.000000,0.000000,0.000000,2.000000,336.510040,356.508240,,,,0.035000,
SP_R_PushUp_1,posenet,48,1.608460,ok,1,direct,1.000000,4,right_ear,0,0,0.000000,0.000000,0.000000,2.000000,345.136627,377.628418,,,,0.035000,
SP_R_PushUp_1,posenet,48,1.608460,ok,1,direct,1.000000,5,left_shoulder,1,0,0.000000,756.640000,292.190000,2.000000,375.808960,353.628204,,,,0.079000,
SP_R_PushUp_1,posenet,48,1.608460,ok,1,direct,1.000000,6,right_shoulder,1,1,2.000000,744.930000,380.770000,2.000000,399.771698,389.148468,345.259978,41.835077,0,0.079000,0.000000
SP_R_PushUp_1,posenet,48,1.608460,ok,1,direct,1.000000,7,left_elbow,1,0,0.000000,745.470000,362.130000,2.000000,314.464294,343.068115,,,,0.072000,
SP_R_PushUp_1,posenet,48,1.608460,ok,1,direct,1.000000,8,right_elbow,1,1,2.000000,635.190000,386.250000,2.000000,640.357727,386.268433,5.167760,41.835077,1,0.072000,0.942830
SP_R_PushUp_1,posenet,48,1.608460,ok,1,direct,1.000000,9,left_wrist,1,0,0.000000,765.200000,429.270000,2.000000,685.407715,456.349030,,,,0.062000,
SP_R_PushUp_1,posenet,48,1.608460,ok,1,direct,1.000000,10,right_wrist,1,1,2.000000,688.480000,462.620000,2.000000,685.407715,457.309021,6.135588,41.835077,1,0.062000,0.894123
SP_R_PushUp_1,posenet,48,1.608460,ok,1,direct,1.000000,11,left_hip,1,0,0.000000,544.790000,304.880000,2.000000,559.842896,374.748383,,,,0.107000,
SP_R_PushUp_1,posenet,48,1.608460,ok,1,direct,1.000000,12,right_hip,1,1,2.000000,556.330000,354.970000,2.000000,532.046082,402.588593,53.453148,41.835077,0,0.107000,0.057737
SP_R_PushUp_1,posenet,48,1.608460,ok,1,direct,1.000000,13,left_knee,1,0,0.000000,434.350000,377.050000,2.000000,617.353455,314.267883,,,,0.087000,
SP_R_PushUp_1,posenet,48,1.608460,ok,1,direct,1.000000,14,right_knee,1,1,2.000000,440.300000,372.960000,2.000000,617.353455,317.147919,185.641898,41.835077,0,0.087000,0.000000
SP_R_PushUp_1,posenet,48,1.608460,ok,1,direct,1.000000,15,left_ankle,1,0,0.000000,361.860000,395.550000,2.000000,685.407715,457.309021,,,,0.089000,
SP_R_PushUp_1,posenet,48,1.608460,ok,1,direct,1.000000,16,right_ankle,1,1,2.000000,338.480000,356.650000,2.000000,687.324707,460.189026,363.885916,41.835077,0,0.089000,0.000000
SP_R_PushUp_1,posenet,49,1.641969,ok,1,direct,1.000000,0,nose,0,0,0.000000,0.000000,0.000000,2.000000,338.399384,369.755188,,,,0.026000,
SP_R_PushUp_1,posenet,49,1.641969,ok,1,direct,1.000000,1,left_eye,0,0,0.000000,0.000000,0.000000,2.000000,336.481781,357.273376,,,,0.025000,
SP_R_PushUp_1,posenet,49,1.641969,ok,1,direct,1.000000,2,right_eye,0,0,0.000000,0.000000,0.000000,2.000000,334.564117,362.074066,,,,0.025000,
SP_R_PushUp_1,posenet,49,1.641969,ok,1,direct,1.000000,3,left_ear,0,0,0.000000,0.000000,0.000000,2.000000,337.440582,352.472687,,,,0.035000,
SP_R_PushUp_1,posenet,49,1.641969,ok,1,direct,1.000000,4,right_ear,0,0,0.000000,0.000000,0.000000,2.000000,346.069855,384.157288,,,,0.035000,
SP_R_PushUp_1,posenet,49,1.641969,ok,1,direct,1.000000,5,left_shoulder,1,0,0.000000,756.640000,292.190000,2.000000,430.445404,355.353088,,,,0.079000,
SP_R_PushUp_1,posenet,49,1.641969,ok,1,direct,1.000000,6,right_shoulder,1,1,2.000000,744.880000,380.480000,2.000000,429.486603,365.914642,315.729544,42.022765,0,0.079000,0.000000
SP_R_PushUp_1,posenet,49,1.641969,ok,1,direct,1.000000,7,left_elbow,1,0,0.000000,745.970000,361.250000,2.000000,314.429077,342.871277,,,,0.072000,
SP_R_PushUp_1,posenet,49,1.641969,ok,1,direct,1.000000,8,right_elbow,1,1,2.000000,635.040000,385.700000,2.000000,648.095825,392.798553,14.860822,42.022765,1,0.072000,0.617249
SP_R_PushUp_1,posenet,49,1.641969,ok,1,direct,1.000000,9,left_wrist,1,0,0.000000,765.200000,429.270000,2.000000,684.530701,457.127899,,,,0.062000,
SP_R_PushUp_1,posenet,49,1.641969,ok,1,direct,1.000000,10,right_wrist,1,1,2.000000,688.480000,462.560000,2.000000,684.530701,458.088043,5.966185,42.022765,1,0.062000,0.900437
SP_R_PushUp_1,posenet,49,1.641969,ok,1,direct,1.000000,11,left_hip,1,0,0.000000,544.790000,304.330000,2.000000,557.008606,372.635590,,,,0.107000,
SP_R_PushUp_1,posenet,49,1.641969,ok,1,direct,1.000000,12,right_hip,1,1,2.000000,555.350000,353.990000,2.000000,555.091003,398.559387,44.570140,42.022765,0,0.107000,0.140144
SP_R_PushUp_1,posenet,49,1.641969,ok,1,direct,1.000000,13,left_knee,1,0,0.000000,434.350000,376.730000,2.000000,627.960754,321.748230,,,,0.087000,
SP_R_PushUp_1,posenet,49,1.641969,ok,1,direct,1.000000,14,right_knee,1,1,2.000000,440.700000,372.670000,2.000000,628.919617,324.628632,194.253950,42.022765,0,0.087000,0.000000
SP_R_PushUp_1,posenet,49,1.641969,ok,1,direct,1.000000,15,left_ankle,1,0,0.000000,361.860000,395.280000,2.000000,603.990479,412.001343,,,,0.089000,
SP_R_PushUp_1,posenet,49,1.641969,ok,1,direct,1.000000,16,right_ankle,1,1,2.000000,338.250000,356.680000,2.000000,690.283569,463.848877,367.984785,42.022765,0,0.089000,0.000000
SP_R_PushUp_1,posenet,50,1.675479,ok,1,direct,1.000000,0,nose,0,0,0.000000,0.000000,0.000000,2.000000,866.557312,446.666534,,,,0.026000,
SP_R_PushUp_1,posenet,50,1.675479,ok,1,direct,1.000000,1,left_eye,0,0,0.000000,0.000000,0.000000,2.000000,835.864807,405.381744,,,,0.025000,
SP_R_PushUp_1,posenet,50,1.675479,ok,1,direct,1.000000,2,right_eye,0,0,0.000000,0.000000,0.000000,2.000000,866.557312,427.464294,,,,0.025000,
SP_R_PushUp_1,posenet,50,1.675479,ok,1,direct,1.000000,3,left_ear,0,0,0.000000,0.000000,0.000000,2.000000,861.761597,428.424408,,,,0.035000,
SP_R_PushUp_1,posenet,50,1.675479,ok,1,direct,1.000000,4,right_ear,0,0,0.000000,0.000000,0.000000,2.000000,832.028320,409.222229,,,,0.035000,
SP_R_PushUp_1,posenet,50,1.675479,ok,1,direct,1.000000,5,left_shoulder,1,0,0.000000,756.640000,292.190000,2.000000,809.968140,345.854889,,,,0.079000,
SP_R_PushUp_1,posenet,50,1.675479,ok,1,direct,1.000000,6,right_shoulder,1,1,2.000000,744.830000,380.190000,2.000000,818.600403,443.786163,97.398893,42.111872,0,0.079000,0.000000
SP_R_PushUp_1,posenet,50,1.675479,ok,1,direct,1.000000,7,left_elbow,1,0,0.000000,746.460000,360.360000,2.000000,649.791931,395.780640,,,,0.072000,
SP_R_PushUp_1,posenet,50,1.675479,ok,1,direct,1.000000,8,right_elbow,1,1,2.000000,634.890000,385.160000,2.000000,646.914551,390.019989,12.969553,42.111872,1,0.072000,0.693547
SP_R_PushUp_1,posenet,50,1.675479,ok,1,direct,1.000000,9,left_wrist,1,0,0.000000,765.200000,429.270000,2.000000,684.320984,456.267639,,,,0.062000,
SP_R_PushUp_1,posenet,50,1.675479,ok,1,direct,1.000000,10,right_wrist,1,1,2.000000,688.480000,462.490000,2.000000,685.280090,457.227753,6.158788,42.111872,1,0.062000,0.894686
SP_R_PushUp_1,posenet,50,1.675479,ok,1,direct,1.000000,11,left_hip,1,0,0.000000,544.790000,303.780000,2.000000,805.172424,344.894775,,,,0.107000,
SP_R_PushUp_1,posenet,50,1.675479,ok,1,direct,1.000000,12,right_hip,1,1,2.000000,556.470000,353.510000,2.000000,797.499329,431.304779,253.272906,42.111872,0,0.107000,0.000000
SP_R_PushUp_1,posenet,50,1.675479,ok,1,direct,1.000000,13,left_knee,1,0,0.000000,434.350000,376.400000,2.000000,644.037109,321.852142,,,,0.087000,
SP_R_PushUp_1,posenet,50,1.675479,ok,1,direct,1.000000,14,right_knee,1,1,2.000000,440.580000,372.610000,2.000000,644.037109,322.812225,209.462679,42.111872,0,0.087000,0.000000
SP_R_PushUp_1,posenet,50,1.675479,ok,1,direct,1.000000,15,left_ankle,1,0,0.000000,361.860000,395.010000,2.000000,873.271301,387.139679,,,,0.089000,
SP_R_PushUp_1,posenet,50,1.675479,ok,1,direct,1.000000,16,right_ankle,1,1,2.000000,338.010000,356.710000,2.000000,689.116638,463.948517,367.118470,42.111872,0,0.089000,0.000000
SP_R_PushUp_1,posenet,51,1.708988,ok,1,direct,1.000000,0,nose,0,0,0.000000,0.000000,0.000000,2.000000,864.677612,446.355835,,,,0.026000,
SP_R_PushUp_1,posenet,51,1.708988,ok,1,direct,1.000000,1,left_eye,0,0,0.000000,0.000000,0.000000,2.000000,839.746765,406.139587,,,,0.025000,
SP_R_PushUp_1,posenet,51,1.708988,ok,1,direct,1.000000,2,right_eye,0,0,0.000000,0.000000,0.000000,2.000000,865.636475,429.120300,,,,0.025000,
SP_R_PushUp_1,posenet,51,1.708988,ok,1,direct,1.000000,3,left_ear,0,0,0.000000,0.000000,0.000000,2.000000,860.842102,437.738037,,,,0.035000,
SP_R_PushUp_1,posenet,51,1.708988,ok,1,direct,1.000000,4,right_ear,0,0,0.000000,0.000000,0.000000,2.000000,833.034607,409.969696,,,,0.035000,
SP_R_PushUp_1,posenet,51,1.708988,ok,1,direct,1.000000,5,left_shoulder,1,0,0.000000,756.640000,292.190000,2.000000,815.774780,345.815247,,,,0.079000,
SP_R_PushUp_1,posenet,51,1.708988,ok,1,direct,1.000000,6,right_shoulder,1,1,2.000000,744.780000,379.890000,2.000000,814.815918,444.440735,95.246140,42.204204,0,0.079000,0.000000
SP_R_PushUp_1,posenet,51,1.708988,ok,1,direct,1.000000,7,left_elbow,1,0,0.000000,746.960000,359.470000,2.000000,648.929871,396.564301,,,,0.072000,
SP_R_PushUp_1,posenet,51,1.708988,ok,1,direct,1.000000,8,right_elbow,1,1,2.000000,634.730000,384.610000,2.000000,644.135498,386.031464,9.512305,42.204204,1,0.072000,0.822024
SP_R_PushUp_1,posenet,51,1.708988,ok,1,direct,1.000000,9,left_wrist,1,0,0.000000,765.200000,429.270000,2.000000,683.449463,454.973572,,,,0.062000,
SP_R_PushUp_1,posenet,51,1.708988,ok,1,direct,1.000000,10,right_wrist,1,1,2.000000,688.480000,462.430000,2.000000,688.243835,460.718719,1.727500,42.204204,1,0.062000,0.991321
SP_R_PushUp_1,posenet,51,1.708988,ok,1,direct,1.000000,11,left_hip,1,0,0.000000,544.790000,303.240000,2.000000,623.998962,314.216797,,,,0.107000,
SP_R_PushUp_1,posenet,51,1.708988,ok,1,direct,1.000000,12,right_hip,1,1,2.000000,557.590000,353.020000,2.000000,765.913086,441.568176,226.360968,42.204204,0,0.107000,0.000000
SP_R_PushUp_1,posenet,51,1.708988,ok,1,direct,1.000000,13,left_knee,1,0,0.000000,434.350000,376.070000,2.000000,648.929871,328.579712,,,,0.087000,
SP_R_PushUp_1,posenet,51,1.708988,ok,1,direct,1.000000,14,right_knee,1,1,2.000000,440.450000,372.550000,2.000000,643.176575,329.537262,207.239378,42.204204,0,0.087000,0.000000
SP_R_PushUp_1,posenet,51,1.708988,ok,1,direct,1.000000,15,left_ankle,1,0,0.000000,361.860000,394.740000,2.000000,830.157959,431.992859,,,,0.089000,
SP_R_PushUp_1,posenet,51,1.708988,ok,1,direct,1.000000,16,right_ankle,1,1,2.000000,337.780000,356.750000,2.000000,689.202759,462.633820,367.027708,42.204204,0,0.089000,0.000000
SP_R_PushUp_1,posenet,52,1.742498,ok,1,direct,1.000000,0,nose,0,0,0.000000,0.000000,0.000000,2.000000,364.657990,332.794830,,,,0.026000,
SP_R_PushUp_1,posenet,52,1.742498,ok,1,direct,1.000000,1,left_eye,0,0,0.000000,0.000000,0.000000,2.000000,337.791992,357.754425,,,,0.025000,
SP_R_PushUp_1,posenet,52,1.742498,ok,1,direct,1.000000,2,right_eye,0,0,0.000000,0.000000,0.000000,2.000000,359.860504,337.594757,,,,0.025000,
SP_R_PushUp_1,posenet,52,1.742498,ok,1,direct,1.000000,3,left_ear,0,0,0.000000,0.000000,0.000000,2.000000,369.455505,339.514740,,,,0.035000,
SP_R_PushUp_1,posenet,52,1.742498,ok,1,direct,1.000000,4,right_ear,0,0,0.000000,0.000000,0.000000,2.000000,346.427490,381.754059,,,,0.035000,
SP_R_PushUp_1,posenet,52,1.742498,ok,1,direct,1.000000,5,left_shoulder,1,0,0.000000,756.640000,292.190000,2.000000,428.944580,361.594360,,,,0.079000,
SP_R_PushUp_1,posenet,52,1.742498,ok,1,direct,1.000000,6,right_shoulder,1,1,2.000000,744.730000,379.600000,2.000000,403.038025,392.313873,341.928426,42.296926,0,0.079000,0.000000
SP_R_PushUp_1,posenet,52,1.742498,ok,1,direct,1.000000,7,left_elbow,1,0,0.000000,747.460000,358.580000,2.000000,646.751282,391.353882,,,,0.072000,
SP_R_PushUp_1,posenet,52,1.742498,ok,1,direct,1.000000,8,right_elbow,1,1,2.000000,634.580000,384.060000,2.000000,641.953796,388.473938,8.593935,42.296926,1,0.072000,0.852767
SP_R_PushUp_1,posenet,52,1.742498,ok,1,direct,1.000000,9,left_wrist,1,0,0.000000,765.200000,429.270000,2.000000,686.090820,458.552795,,,,0.062000,
SP_R_PushUp_1,posenet,52,1.742498,ok,1,direct,1.000000,10,right_wrist,1,1,2.000000,688.480000,462.370000,2.000000,686.090820,459.512756,3.724516,42.296926,1,0.062000,0.960460
SP_R_PushUp_1,posenet,52,1.742498,ok,1,direct,1.000000,11,left_hip,1,0,0.000000,544.790000,302.690000,2.000000,567.112732,373.114197,,,,0.107000,
SP_R_PushUp_1,posenet,52,1.742498,ok,1,direct,1.000000,12,right_hip,1,1,2.000000,558.720000,352.530000,2.000000,600.695190,372.154205,46.336012,42.296926,0,0.107000,0.122893
SP_R_PushUp_1,posenet,52,1.742498,ok,1,direct,1.000000,13,left_knee,1,0,0.000000,434.350000,375.750000,2.000000,627.561279,320.315033,,,,0.087000,
SP_R_PushUp_1,posenet,52,1.742498,ok,1,direct,1.000000,14,right_knee,1,1,2.000000,440.320000,372.490000,2.000000,631.399292,323.195007,197.335481,42.296926,0,0.087000,0.000000
SP_R_PushUp_1,posenet,52,1.742498,ok,1,direct,1.000000,15,left_ankle,1,0,0.000000,361.860000,394.470000,2.000000,686.090820,458.552795,,,,0.089000,
SP_R_PushUp_1,posenet,52,1.742498,ok,1,direct,1.000000,16,right_ankle,1,1,2.000000,337.540000,356.780000,2.000000,687.050354,461.432709,364.841989,42.296926,0,0.089000,0.000000
SP_R_PushUp_1,posenet,53,1.776007,ok,1,direct,1.000000,0,nose,0,0,0.000000,0.000000,0.000000,2.000000,863.779846,446.893982,,,,0.026000,
SP_R_PushUp_1,posenet,53,1.776007,ok,1,direct,1.000000,1,left_eye,0,0,0.000000,0.000000,0.000000,2.000000,874.310303,442.100342,,,,0.025000,
SP_R_PushUp_1,posenet,53,1.776007,ok,1,direct,1.000000,2,right_eye,0,0,0.000000,0.000000,0.000000,2.000000,864.737122,430.595642,,,,0.025000,
SP_R_PushUp_1,posenet,53,1.776007,ok,1,direct,1.000000,3,left_ear,0,0,0.000000,0.000000,0.000000,2.000000,863.779846,437.306732,,,,0.035000,
SP_R_PushUp_1,posenet,53,1.776007,ok,1,direct,1.000000,4,right_ear,0,0,0.000000,0.000000,0.000000,2.000000,834.103027,411.421173,,,,0.035000,
SP_R_PushUp_1,posenet,53,1.776007,ok,1,direct,1.000000,5,left_shoulder,1,0,0.000000,756.640000,292.190000,2.000000,816.871338,354.856476,,,,0.079000,
SP_R_PushUp_1,posenet,53,1.776007,ok,1,direct,1.000000,6,right_shoulder,1,1,2.000000,744.680000,379.310000,2.000000,823.572510,432.513123,95.155664,42.389003,0,0.079000,0.000000
SP_R_PushUp_1,posenet,53,1.776007,ok,1,direct,1.000000,7,left_elbow,1,0,0.000000,747.950000,357.690000,2.000000,650.298279,397.040314,,,,0.072000,
SP_R_PushUp_1,posenet,53,1.776007,ok,1,direct,1.000000,8,right_elbow,1,1,2.000000,634.430000,383.510000,2.000000,648.383667,392.246704,16.463135,42.389003,1,0.072000,0.558809
SP_R_PushUp_1,posenet,53,1.776007,ok,1,direct,1.000000,9,left_wrist,1,0,0.000000,765.200000,429.270000,2.000000,683.804321,455.522491,,,,0.062000,
SP_R_PushUp_1,posenet,53,1.776007,ok,1,direct,1.000000,10,right_wrist,1,1,2.000000,688.480000,462.310000,2.000000,687.633606,459.357391,3.071527,42.389003,1,0.062000,0.973052
SP_R_PushUp_1,posenet,53,1.776007,ok,1,direct,1.000000,11,left_hip,1,0,0.000000,544.790000,302.140000,2.000000,807.298157,347.186676,,,,0.107000,
SP_R_PushUp_1,posenet,53,1.776007,ok,1,direct,1.000000,12,right_hip,1,1,2.000000,559.840000,352.040000,2.000000,753.688477,434.430573,210.631048,42.389003,0,0.107000,0.000000
SP_R_PushUp_1,posenet,53,1.776007,ok,1,direct,1.000000,13,left_knee,1,0,0.000000,434.350000,375.420000,2.000000,642.639709,324.177307,,,,0.087000,
SP_R_PushUp_1,posenet,53,1.776007,ok,1,direct,1.000000,14,right_knee,1,1,2.000000,440.190000,372.430000,2.000000,642.639709,325.136017,207.900471,42.389003,0,0.087000,0.000000
SP_R_PushUp_1,posenet,53,1.776007,ok,1,direct,1.000000,15,left_ankle,1,0,0.000000,361.860000,394.210000,2.000000,682.847046,456.481232,,,,0.089000,
SP_R_PushUp_1,posenet,53,1.776007,ok,1,direct,1.000000,16,right_ankle,1,1,2.000000,337.310000,356.820000,2.000000,692.420166,466.068481,371.535275,42.389003,0,0.089000,0.000000
SP_R_PushUp_1,posenet,54,1.809517,ok,1,direct,1.000000,0,nose,0,0,0.000000,0.000000,0.000000,2.000000,862.509949,444.595093,,,,0.026000,
SP_R_PushUp_1,posenet,54,1.809517,ok,1,direct,1.000000,1,left_eye,0,0,0.000000,0.000000,0.000000,2.000000,872.082520,440.761871,,,,0.025000,
SP_R_PushUp_1,posenet,54,1.809517,ok,1,direct,1.000000,2,right_eye,0,0,0.000000,0.000000,0.000000,2.000000,863.467285,428.303833,,,,0.025000,
SP_R_PushUp_1,posenet,54,1.809517,ok,1,direct,1.000000,3,left_ear,0,0,0.000000,0.000000,0.000000,2.000000,831.877808,409.137665,,,,0.035000,
SP_R_PushUp_1,posenet,54,1.809517,ok,1,direct,1.000000,4,right_ear,0,0,0.000000,0.000000,0.000000,2.000000,834.749573,409.137665,,,,0.035000,
SP_R_PushUp_1,posenet,54,1.809517,ok,1,direct,1.000000,5,left_shoulder,1,0,0.000000,756.640000,292.190000,2.000000,815.604431,353.555695,,,,0.079000,
SP_R_PushUp_1,posenet,54,1.809517,ok,1,direct,1.000000,6,right_shoulder,1,1,2.000000,744.630000,379.020000,2.000000,804.117371,434.053680,81.039825,42.479556,0,0.079000,0.000009
SP_R_PushUp_1,posenet,54,1.809517,ok,1,direct,1.000000,7,left_elbow,1,0,0.000000,748.450000,356.800000,2.000000,651.913635,396.679626,,,,0.072000,
SP_R_PushUp_1,posenet,54,1.809517,ok,1,direct,1.000000,8,right_elbow,1,1,2.000000,634.280000,382.960000,2.000000,650.956360,392.846405,19.386644,42.479556,1,0.072000,0.447739
SP_R_PushUp_1,posenet,54,1.809517,ok,1,direct,1.000000,9,left_wrist,1,0,0.000000,765.200000,429.270000,2.000000,684.460327,456.094818,,,,0.062000,
SP_R_PushUp_1,posenet,54,1.809517,ok,1,direct,1.000000,10,right_wrist,1,1,2.000000,688.480000,462.240000,2.000000,685.417603,457.053131,6.023445,42.479556,1,0.062000,0.900675
SP_R_PushUp_1,posenet,54,1.809517,ok,1,direct,1.000000,11,left_hip,1,0,0.000000,544.790000,301.590000,2.000000,808.903687,348.764130,,,,0.107000,
SP_R_PushUp_1,posenet,54,1.809517,ok,1,direct,1.000000,12,right_hip,1,1,2.000000,560.960000,351.550000,2.000000,756.254578,434.053680,212.006673,42.479556,0,0.107000,0.000000
SP_R_PushUp_1,posenet,54,1.809517,ok,1,direct,1.000000,13,left_knee,1,0,0.000000,434.350000,375.100000,2.000000,647.127380,323.848083,,,,0.087000,
SP_R_PushUp_1,posenet,54,1.809517,ok,1,direct,1.000000,14,right_knee,1,1,2.000000,440.060000,372.370000,2.000000,646.170044,323.848083,211.744484,42.479556,0,0.087000,0.000000
SP_R_PushUp_1,posenet,54,1.809517,ok,1,direct,1.000000,15,left_ankle,1,0,0.000000,361.860000,393.940000,2.000000,875.911621,365.055420,,,,0.089000,
SP_R_PushUp_1,posenet,54,1.809517,ok,1,direct,1.000000,16,right_ankle,1,1,2.000000,337.070000,356.850000,2.000000,690.203857,463.761292,368.962797,42.479556,0,0.089000,0.000000
SP_R_PushUp_1,posenet,55,1.843027,ok,1,direct,1.000000,0,nose,0,0,0.000000,0.000000,0.000000,2.000000,863.486755,446.368927,,,,0.026000,
SP_R_PushUp_1,posenet,55,1.843027,ok,1,direct,1.000000,1,left_eye,0,0,0.000000,0.000000,0.000000,2.000000,872.113831,441.570129,,,,0.025000,
SP_R_PushUp_1,posenet,55,1.843027,ok,1,direct,1.000000,2,right_eye,0,0,0.000000,0.000000,0.000000,2.000000,863.486755,430.053009,,,,0.025000,
SP_R_PushUp_1,posenet,55,1.843027,ok,1,direct,1.000000,3,left_ear,0,0,0.000000,0.000000,0.000000,2.000000,831.854004,408.938171,,,,0.035000,
SP_R_PushUp_1,posenet,55,1.843027,ok,1,direct,1.000000,4,right_ear,0,0,0.000000,0.000000,0.000000,2.000000,833.771118,409.897980,,,,0.035000,
SP_R_PushUp_1,posenet,55,1.843027,ok,1,direct,1.000000,5,left_shoulder,1,0,0.000000,756.640000,292.190000,2.000000,803.096985,409.897980,,,,0.079000,
SP_R_PushUp_1,posenet,55,1.843027,ok,1,direct,1.000000,6,right_shoulder,1,1,2.000000,744.580000,378.720000,2.000000,807.889832,437.731079,86.547341,42.571384,0,0.079000,0.000002
SP_R_PushUp_1,posenet,55,1.843027,ok,1,direct,1.000000,7,left_elbow,1,0,0.000000,748.950000,355.910000,2.000000,653.560547,399.340576,,,,0.072000,
SP_R_PushUp_1,posenet,55,1.843027,ok,1,direct,1.000000,8,right_elbow,1,1,2.000000,634.120000,382.410000,2.000000,647.809082,390.702698,16.004993,42.571384,1,0.072000,0.579664
SP_R_PushUp_1,posenet,55,1.843027,ok,1,direct,1.000000,9,left_wrist,1,0,0.000000,765.200000,429.270000,2.000000,687.110352,456.926361,,,,0.062000,
SP_R_PushUp_1,posenet,55,1.843027,ok,1,direct,1.000000,10,right_wrist,1,1,2.000000,688.480000,462.180000,2.000000,687.110352,458.845856,3.604505,42.571384,1,0.062000,0.963388
SP_R_PushUp_1,posenet,55,1.843027,ok,1,direct,1.000000,11,left_hip,1,0,0.000000,544.790000,301.040000,2.000000,807.889832,346.553619,,,,0.107000,
SP_R_PushUp_1,posenet,55,1.843027,ok,1,direct,1.000000,12,right_hip,1,1,2.000000,562.090000,351.060000,2.000000,759.002930,434.851776,213.999448,42.571384,0,0.107000,0.000000
SP_R_PushUp_1,posenet,55,1.843027,ok,1,direct,1.000000,13,left_knee,1,0,0.000000,434.350000,374.770000,2.000000,649.726257,323.519318,,,,0.087000,
SP_R_PushUp_1,posenet,55,1.843027,ok,1,direct,1.000000,14,right_knee,1,1,2.000000,439.940000,372.310000,2.000000,654.519043,327.358368,219.236892,42.571384,0,0.087000,0.000000
SP_R_PushUp_1,posenet,55,1.843027,ok,1,direct,1.000000,15,left_ankle,1,0,0.000000,361.860000,393.670000,2.000000,861.569580,363.829346,,,,0.089000,
SP_R_PushUp_1,posenet,55,1.843027,ok,1,direct,1.000000,16,right_ankle,1,1,2.000000,336.840000,356.880000,2.000000,691.903198,464.604431,371.045048,42.571384,0,0.089000,0.000000
SP_R_PushUp_1,posenet,56,1.876536,ok,1,direct,1.000000,0,nose,0,0,0.000000,0.000000,0.000000,2.000000,830.184387,413.756500,,,,0.026000,
SP_R_PushUp_1,posenet,56,1.876536,ok,1,direct,1.000000,1,left_eye,0,0,0.000000,0.000000,0.000000,2.000000,840.717468,400.333130,,,,0.025000,
SP_R_PushUp_1,posenet,56,1.876536,ok,1,direct,1.000000,2,right_eye,0,0,0.000000,0.000000,0.000000,2.000000,832.099548,399.374298,,,,0.025000,
SP_R_PushUp_1,posenet,56,1.876536,ok,1,direct,1.000000,3,left_ear,0,0,0.000000,0.000000,0.000000,2.000000,862.741211,426.221069,,,,0.035000,
SP_R_PushUp_1,posenet,56,1.876536,ok,1,direct,1.000000,4,right_ear,0,0,0.000000,0.000000,0.000000,2.000000,858.911072,427.179901,,,,0.035000,
SP_R_PushUp_1,posenet,56,1.876536,ok,1,direct,1.000000,5,left_shoulder,1,0,0.000000,756.640000,292.190000,2.000000,813.906006,344.721924,,,,0.079000,
SP_R_PushUp_1,posenet,56,1.876536,ok,1,direct,1.000000,6,right_shoulder,1,1,2.000000,744.540000,378.430000,2.000000,920.194458,481.832245,203.829617,42.662221,0,0.079000,0.000000
SP_R_PushUp_1,posenet,56,1.876536,ok,1,direct,1.000000,7,left_elbow,1,0,0.000000,749.440000,355.020000,2.000000,651.121887,396.497833,,,,0.072000,
SP_R_PushUp_1,posenet,56,1.876536,ok,1,direct,1.000000,8,right_elbow,1,1,2.000000,633.970000,381.860000,2.000000,648.249268,390.744965,16.817850,42.662221,1,0.072000,0.549063
SP_R_PushUp_1,posenet,56,1.876536,ok,1,direct,1.000000,9,left_wrist,1,0,0.000000,765.200000,429.270000,2.000000,684.636292,455.944305,,,,0.062000,
SP_R_PushUp_1,posenet,56,1.876536,ok,1,direct,1.000000,10,right_wrist,1,1,2.000000,688.480000,462.120000,2.000000,685.593811,456.903107,5.962052,42.662221,1,0.062000,0.903379
SP_R_PushUp_1,posenet,56,1.876536,ok,1,direct,1.000000,11,left_hip,1,0,0.000000,544.790000,300.500000,2.000000,795.712463,410.880035,,,,0.107000,
SP_R_PushUp_1,posenet,56,1.876536,ok,1,direct,1.000000,12,right_hip,1,1,2.000000,563.210000,350.580000,2.000000,754.537720,435.809174,209.452401,42.662221,0,0.107000,0.000000
SP_R_PushUp_1,posenet,56,1.876536,ok,1,direct,1.000000,13,left_knee,1,0,0.000000,434.350000,374.440000,2.000000,644.419006,320.751587,,,,0.087000,
SP_R_PushUp_1,posenet,56,1.876536,ok,1,direct,1.000000,14,right_knee,1,1,2.000000,439.810000,372.250000,2.000000,647.291626,324.586823,212.885893,42.662221,0,0.087000,0.000000
SP_R_PushUp_1,posenet,56,1.876536,ok,1,direct,1.000000,15,left_ankle,1,0,0.000000,361.860000,393.400000,2.000000,874.231873,386.909729,,,,0.089000,
SP_R_PushUp_1,posenet,56,1.876536,ok,1,direct,1.000000,16,right_ankle,1,1,2.000000,336.600000,356.920000,2.000000,690.381592,463.614807,369.520225,42.662221,0,0.089000,0.000000
SP_R_PushUp_1,posenet,57,1.910046,ok,1,direct,0.000000,0,nose,0,0,0.000000,0.000000,0.000000,0.000000,0.000000,0.000000,,,,0.026000,
SP_R_PushUp_1,posenet,57,1.910046,ok,1,direct,0.000000,1,left_eye,0,0,0.000000,0.000000,0.000000,0.000000,0.000000,0.000000,,,,0.025000,
SP_R_PushUp_1,posenet,57,1.910046,ok,1,direct,0.000000,2,right_eye,0,0,0.000000,0.000000,0.000000,0.000000,0.000000,0.000000,,,,0.025000,
SP_R_PushUp_1,posenet,57,1.910046,ok,1,direct,0.000000,3,left_ear,0,0,0.000000,0.000000,0.000000,0.000000,0.000000,0.000000,,,,0.035000,
SP_R_PushUp_1,posenet,57,1.910046,ok,1,direct,0.000000,4,right_ear,0,0,0.000000,0.000000,0.000000,0.000000,0.000000,0.000000,,,,0.035000,
SP_R_PushUp_1,posenet,57,1.910046,ok,1,direct,0.000000,5,left_shoulder,1,0,0.000000,756.640000,292.190000,0.000000,0.000000,0.000000,,,,0.079000,
SP_R_PushUp_1,posenet,57,1.910046,ok,1,direct,0.000000,6,right_shoulder,1,1,2.000000,744.490000,378.140000,0.000000,0.000000,0.000000,,42.753805,0,0.079000,0.000000
SP_R_PushUp_1,posenet,57,1.910046,ok,1,direct,0.000000,7,left_elbow,1,0,0.000000,749.940000,354.140000,0.000000,0.000000,0.000000,,,,0.072000,
SP_R_PushUp_1,posenet,57,1.910046,ok,1,direct,0.000000,8,right_elbow,1,1,2.000000,633.820000,381.310000,0.000000,0.000000,0.000000,,42.753805,0,0.072000,0.000000
SP_R_PushUp_1,posenet,57,1.910046,ok,1,direct,0.000000,9,left_wrist,1,0,0.000000,765.200000,429.270000,0.000000,0.000000,0.000000,,,,0.062000,
SP_R_PushUp_1,posenet,57,1.910046,ok,1,direct,0.000000,10,right_wrist,1,1,2.000000,688.480000,462.060000,0.000000,0.000000,0.000000,,42.753805,0,0.062000,0.000000
SP_R_PushUp_1,posenet,57,1.910046,ok,1,direct,0.000000,11,left_hip,1,0,0.000000,544.790000,299.950000,0.000000,0.000000,0.000000,,,,0.107000,
SP_R_PushUp_1,posenet,57,1.910046,ok,1,direct,0.000000,12,right_hip,1,1,2.000000,564.330000,350.090000,0.000000,0.000000,0.000000,,42.753805,0,0.107000,0.000000
SP_R_PushUp_1,posenet,57,1.910046,ok,1,direct,0.000000,13,left_knee,1,0,0.000000,434.350000,374.120000,0.000000,0.000000,0.000000,,,,0.087000,
SP_R_PushUp_1,posenet,57,1.910046,ok,1,direct,0.000000,14,right_knee,1,1,2.000000,439.680000,372.190000,0.000000,0.000000,0.000000,,42.753805,0,0.087000,0.000000
SP_R_PushUp_1,posenet,57,1.910046,ok,1,direct,0.000000,15,left_ankle,1,0,0.000000,361.860000,393.130000,0.000000,0.000000,0.000000,,,,0.089000,
SP_R_PushUp_1,posenet,57,1.910046,ok,1,direct,0.000000,16,right_ankle,1,1,2.000000,336.370000,356.950000,0.000000,0.000000,0.000000,,42.753805,0,0.089000,0.000000
SP_R_PushUp_1,posenet,58,1.943555,ok,1,direct,0.000000,0,nose,0,0,0.000000,0.000000,0.000000,0.000000,0.000000,0.000000,,,,0.026000,
SP_R_PushUp_1,posenet,58,1.943555,ok,1,direct,0.000000,1,left_eye,0,0,0.000000,0.000000,0.000000,0.000000,0.000000,0.000000,,,,0.025000,
SP_R_PushUp_1,posenet,58,1.943555,ok,1,direct,0.000000,2,right_eye,0,0,0.000000,0.000000,0.000000,0.000000,0.000000,0.000000,,,,0.025000,
SP_R_PushUp_1,posenet,58,1.943555,ok,1,direct,0.000000,3,left_ear,0,0,0.000000,0.000000,0.000000,0.000000,0.000000,0.000000,,,,0.035000,
SP_R_PushUp_1,posenet,58,1.943555,ok,1,direct,0.000000,4,right_ear,0,0,0.000000,0.000000,0.000000,0.000000,0.000000,0.000000,,,,0.035000,
SP_R_PushUp_1,posenet,58,1.943555,ok,1,direct,0.000000,5,left_shoulder,1,0,0.000000,756.640000,292.190000,0.000000,0.000000,0.000000,,,,0.079000,
SP_R_PushUp_1,posenet,58,1.943555,ok,1,direct,0.000000,6,right_shoulder,1,1,2.000000,744.440000,377.840000,0.000000,0.000000,0.000000,,42.843360,0,0.079000,0.000000
SP_R_PushUp_1,posenet,58,1.943555,ok,1,direct,0.000000,7,left_elbow,1,0,0.000000,750.440000,353.250000,0.000000,0.000000,0.000000,,,,0.072000,
SP_R_PushUp_1,posenet,58,1.943555,ok,1,direct,0.000000,8,right_elbow,1,1,2.000000,633.670000,380.760000,0.000000,0.000000,0.000000,,42.843360,0,0.072000,0.000000
SP_R_PushUp_1,posenet,58,1.943555,ok,1,direct,0.000000,9,left_wrist,1,0,0.000000,765.200000,429.270000,0.000000,0.000000,0.000000,,,,0.062000,
SP_R_PushUp_1,posenet,58,1.943555,ok,1,direct,0.000000,10,right_wrist,1,1,2.000000,688.480000,461.990000,0.000000,0.000000,0.000000,,42.843360,0,0.062000,0.000000
SP_R_PushUp_1,posenet,58,1.943555,ok,1,direct,0.000000,11,left_hip,1,0,0.000000,544.790000,299.400000,0.000000,0.000000,0.000000,,,,0.107000,
SP_R_PushUp_1,posenet,58,1.943555,ok,1,direct,0.000000,12,right_hip,1,1,2.000000,565.450000,349.600000,0.000000,0.000000,0.000000,,42.843360,0,0.107000,0.000000
SP_R_PushUp_1,posenet,58,1.943555,ok,1,direct,0.000000,13,left_knee,1,0,0.000000,434.350000,373.790000,0.000000,0.000000,0.000000,,,,0.087000,
SP_R_PushUp_1,posenet,58,1.943555,ok,1,direct,0.000000,14,right_knee,1,1,2.000000,439.550000,372.130000,0.000000,0.000000,0.000000,,42.843360,0,0.087000,0.000000
SP_R_PushUp_1,posenet,58,1.943555,ok,1,direct,0.000000,15,left_ankle,1,0,0.000000,361.860000,392.860000,0.000000,0.000000,0.000000,,,,0.089000,
SP_R_PushUp_1,posenet,58,1.943555,ok,1,direct,0.000000,16,right_ankle,1,1,2.000000,336.140000,356.980000,0.000000,0.000000,0.000000,,42.843360,0,0.089000,0.000000
SP_R_PushUp_1,posenet,59,1.977065,ok,1,direct,0.000000,0,nose,0,0,0.000000,0.000000,0.000000,0.000000,0.000000,0.000000,,,,0.026000,
SP_R_PushUp_1,posenet,59,1.977065,ok,1,direct,0.000000,1,left_eye,0,0,0.000000,0.000000,0.000000,0.000000,0.000000,0.000000,,,,0.025000,
SP_R_PushUp_1,posenet,59,1.977065,ok,1,direct,0.000000,2,right_eye,0,0,0.000000,0.000000,0.000000,0.000000,0.000000,0.000000,,,,0.025000,
SP_R_PushUp_1,posenet,59,1.977065,ok,1,direct,0.000000,3,left_ear,0,0,0.000000,0.000000,0.000000,0.000000,0.000000,0.000000,,,,0.035000,
SP_R_PushUp_1,posenet,59,1.977065,ok,1,direct,0.000000,4,right_ear,0,0,0.000000,0.000000,0.000000,0.000000,0.000000,0.000000,,,,0.035000,
SP_R_PushUp_1,posenet,59,1.977065,ok,1,direct,0.000000,5,left_shoulder,1,0,0.000000,756.640000,292.190000,0.000000,0.000000,0.000000,,,,0.079000,
SP_R_PushUp_1,posenet,59,1.977065,ok,1,direct,0.000000,6,right_shoulder,1,1,2.000000,743.890000,369.060000,0.000000,0.000000,0.000000,,43.506524,0,0.079000,0.000000
SP_R_PushUp_1,posenet,59,1.977065,ok,1,direct,0.000000,7,left_elbow,1,0,0.000000,750.930000,352.360000,0.000000,0.000000,0.000000,,,,0.072000,
SP_R_PushUp_1,posenet,59,1.977065,ok,1,direct,0.000000,8,right_elbow,1,1,2.000000,633.510000,380.210000,0.000000,0.000000,0.000000,,43.506524,0,0.072000,0.000000
SP_R_PushUp_1,posenet,59,1.977065,ok,1,direct,0.000000,9,left_wrist,1,0,0.000000,765.200000,429.270000,0.000000,0.000000,0.000000,,,,0.062000,
SP_R_PushUp_1,posenet,59,1.977065,ok,1,direct,0.000000,10,right_wrist,1,1,2.000000,688.480000,461.930000,0.000000,0.000000,0.000000,,43.506524,0,0.062000,0.000000
SP_R_PushUp_1,posenet,59,1.977065,ok,1,direct,0.000000,11,left_hip,1,0,0.000000,544.790000,298.850000,0.000000,0.000000,0.000000,,,,0.107000,
SP_R_PushUp_1,posenet,59,1.977065,ok,1,direct,0.000000,12,right_hip,1,1,2.000000,563.670000,345.940000,0.000000,0.000000,0.000000,,43.506524,0,0.107000,0.000000
SP_R_PushUp_1,posenet,59,1.977065,ok,1,direct,0.000000,13,left_knee,1,0,0.000000,434.350000,373.470000,0.000000,0.000000,0.000000,,,,0.087000,
SP_R_PushUp_1,posenet,59,1.977065,ok,1,direct,0.000000,14,right_knee,1,1,2.000000,439.420000,369.960000,0.000000,0.000000,0.000000,,43.506524,0,0.087000,0.000000
SP_R_PushUp_1,posenet,59,1.977065,ok,1,direct,0.000000,15,left_ankle,1,0,0.000000,361.860000,392.590000,0.000000,0.000000,0.000000,,,,0.089000,
SP_R_PushUp_1,posenet,59,1.977065,ok,1,direct,0.000000,16,right_ankle,1,1,2.000000,335.920000,356.900000,0.000000,0.000000,0.000000,,43.506524,0,0.089000,0.000000
SP_R_PushUp_1,posenet,60,2.010574,ok,1,direct,1.000000,0,nose,0,0,0.000000,0.000000,0.000000,2.000000,331.626953,374.768188,,,,0.026000,
SP_R_PushUp_1,posenet,60,2.010574,ok,1,direct,1.000000,1,left_eye,0,0,0.000000,0.000000,0.000000,2.000000,331.626953,355.640015,,,,0.025000,
SP_R_PushUp_1,posenet,60,2.010574,ok,1,direct,1.000000,2,right_eye,0,0,0.000000,0.000000,0.000000,2.000000,332.586029,352.770752,,,,0.025000,
SP_R_PushUp_1,posenet,60,2.010574,ok,1,direct,1.000000,3,left_ear,0,0,0.000000,0.000000,0.000000,2.000000,333.545135,352.770752,,,,0.035000,
SP_R_PushUp_1,posenet,60,2.010574,ok,1,direct,1.000000,4,right_ear,0,0,0.000000,0.000000,0.000000,2.000000,340.258789,375.724579,,,,0.035000,
SP_R_PushUp_1,posenet,60,2.010574,ok,1,direct,1.000000,5,left_shoulder,1,0,0.000000,756.640000,292.190000,2.000000,370.949799,447.455292,,,,0.079000,
SP_R_PushUp_1,posenet,60,2.010574,ok,1,direct,1.000000,6,right_shoulder,1,1,2.000000,743.340000,360.280000,2.000000,396.845337,389.114288,347.692346,44.158654,0,0.079000,0.000000
SP_R_PushUp_1,posenet,60,2.010574,ok,1,direct,1.000000,7,left_elbow,1,0,0.000000,751.430000,351.470000,2.000000,310.526855,345.119507,,,,0.072000,
SP_R_PushUp_1,posenet,60,2.010574,ok,1,direct,1.000000,8,right_elbow,1,1,2.000000,633.360000,379.670000,2.000000,522.486694,394.852783,111.908028,44.158654,0,0.072000,0.000000
SP_R_PushUp_1,posenet,60,2.010574,ok,1,direct,1.000000,9,left_wrist,1,0,0.000000,765.200000,429.270000,2.000000,681.696289,453.193726,,,,0.062000,
SP_R_PushUp_1,posenet,60,2.010574,ok,1,direct,1.000000,10,right_wrist,1,1,2.000000,688.480000,461.870000,2.000000,681.696289,454.150146,10.276910,44.158654,1,0.062000,0.754425
SP_R_PushUp_1,posenet,60,2.010574,ok,1,direct,1.000000,11,left_hip,1,0,0.000000,544.790000,298.300000,2.000000,549.341309,340.337433,,,,0.107000,
SP_R_PushUp_1,posenet,60,2.010574,ok,1,direct,1.000000,12,right_hip,1,1,2.000000,561.890000,342.280000,2.000000,571.400513,364.247681,23.938021,44.158654,1,0.107000,0.598492
SP_R_PushUp_1,posenet,60,2.010574,ok,1,direct,1.000000,13,left_knee,1,0,0.000000,434.350000,373.140000,2.000000,592.500610,307.819519,,,,0.087000,
SP_R_PushUp_1,posenet,60,2.010574,ok,1,direct,1.000000,14,right_knee,1,1,2.000000,439.290000,367.780000,2.000000,613.600647,359.465607,174.508827,44.158654,0,0.087000,0.000000
SP_R_PushUp_1,posenet,60,2.010574,ok,1,direct,1.000000,15,left_ankle,1,0,0.000000,361.860000,392.320000,2.000000,682.655457,453.193726,,,,0.089000,
SP_R_PushUp_1,posenet,60,2.010574,ok,1,direct,1.000000,16,right_ankle,1,1,2.000000,335.700000,356.810000,2.000000,688.409973,460.845001,367.733064,44.158654,0,0.089000,0.000000
SP_R_PushUp_1,posenet,61,2.044084,ok,1,direct,0.000000,0,nose,0,0,0.000000,0.000000,0.000000,0.000000,0.000000,0.000000,,,,0.026000,
SP_R_PushUp_1,posenet,61,2.044084,ok,1,direct,0.000000,1,left_eye,0,0,0.000000,0.000000,0.000000,0.000000,0.000000,0.000000,,,,0.025000,
SP_R_PushUp_1,posenet,61,2.044084,ok,1,direct,0.000000,2,right_eye,0,0,0.000000,0.000000,0.000000,0.000000,0.000000,0.000000,,,,0.025000,
SP_R_PushUp_1,posenet,61,2.044084,ok,1,direct,0.000000,3,left_ear,0,0,0.000000,0.000000,0.000000,0.000000,0.000000,0.000000,,,,0.035000,
SP_R_PushUp_1,posenet,61,2.044084,ok,1,direct,0.000000,4,right_ear,0,0,0.000000,0.000000,0.000000,0.000000,0.000000,0.000000,,,,0.035000,
SP_R_PushUp_1,posenet,61,2.044084,ok,1,direct,0.000000,5,left_shoulder,1,0,0.000000,756.640000,292.190000,0.000000,0.000000,0.000000,,,,0.079000,
SP_R_PushUp_1,posenet,61,2.044084,ok,1,direct,0.000000,6,right_shoulder,1,1,2.000000,742.790000,351.490000,0.000000,0.000000,0.000000,,44.799682,0,0.079000,0.000000
SP_R_PushUp_1,posenet,61,2.044084,ok,1,direct,0.000000,7,left_elbow,1,0,0.000000,751.930000,350.580000,0.000000,0.000000,0.000000,,,,0.072000,
SP_R_PushUp_1,posenet,61,2.044084,ok,1,direct,0.000000,8,right_elbow,1,1,2.000000,633.210000,379.120000,0.000000,0.000000,0.000000,,44.799682,0,0.072000,0.000000
SP_R_PushUp_1,posenet,61,2.044084,ok,1,direct,0.000000,9,left_wrist,1,0,0.000000,765.200000,429.270000,0.000000,0.000000,0.000000,,,,0.062000,
SP_R_PushUp_1,posenet,61,2.044084,ok,1,direct,0.000000,10,right_wrist,1,1,2.000000,688.480000,461.810000,0.000000,0.000000,0.000000,,44.799682,0,0.062000,0.000000
SP_R_PushUp_1,posenet,61,2.044084,ok,1,direct,0.000000,11,left_hip,1,0,0.000000,544.790000,297.760000,0.000000,0.000000,0.000000,,,,0.107000,
SP_R_PushUp_1,posenet,61,2.044084,ok,1,direct,0.000000,12,right_hip,1,1,2.000000,560.100000,338.620000,0.000000,0.000000,0.000000,,44.799682,0,0.107000,0.000000
SP_R_PushUp_1,posenet,61,2.044084,ok,1,direct,0.000000,13,left_knee,1,0,0.000000,434.350000,372.820000,0.000000,0.000000,0.000000,,,,0.087000,
SP_R_PushUp_1,posenet,61,2.044084,ok,1,direct,0.000000,14,right_knee,1,1,2.000000,439.170000,365.610000,0.000000,0.000000,0.000000,,44.799682,0,0.087000,0.000000
SP_R_PushUp_1,posenet,61,2.044084,ok,1,direct,0.000000,15,left_ankle,1,0,0.000000,361.860000,392.050000,0.000000,0.000000,0.000000,,,,0.089000,
SP_R_PushUp_1,posenet,61,2.044084,ok,1,direct,0.000000,16,right_ankle,1,1,2.000000,335.490000,356.730000,0.000000,0.000000,0.000000,,44.799682,0,0.089000,0.000000
SP_R_PushUp_1,posenet,62,2.077594,ok,1,direct,1.000000,0,nose,0,0,0.000000,0.000000,0.000000,2.000000,821.434814,362.533936,,,,0.026000,
SP_R_PushUp_1,posenet,62,2.077594,ok,1,direct,1.000000,1,left_eye,0,0,0.000000,0.000000,0.000000,2.000000,823.348511,351.994568,,,,0.025000,
SP_R_PushUp_1,posenet,62,2.077594,ok,1,direct,1.000000,2,right_eye,0,0,0.000000,0.000000,0.000000,2.000000,818.564209,352.952667,,,,0.025000,
SP_R_PushUp_1,posenet,62,2.077594,ok,1,direct,1.000000,3,left_ear,0,0,0.000000,0.000000,0.000000,2.000000,861.622620,353.910797,,,,0.035000,
SP_R_PushUp_1,posenet,62,2.077594,ok,1,direct,1.000000,4,right_ear,0,0,0.000000,0.000000,0.000000,2.000000,821.434814,338.580811,,,,0.035000,
SP_R_PushUp_1,posenet,62,2.077594,ok,1,direct,1.000000,5,left_shoulder,1,0,0.000000,756.640000,292.190000,2.000000,741.059143,424.812012,,,,0.079000,
SP_R_PushUp_1,posenet,62,2.077594,ok,1,direct,1.000000,6,right_shoulder,1,1,2.000000,742.240000,342.710000,2.000000,962.092224,424.812012,234.682212,46.693265,0,0.079000,0.000000
SP_R_PushUp_1,posenet,62,2.077594,ok,1,direct,1.000000,7,left_elbow,1,0,0.000000,752.420000,349.690000,2.000000,754.455078,421.937592,,,,0.072000,
SP_R_PushUp_1,posenet,62,2.077594,ok,1,direct,1.000000,8,right_elbow,1,1,2.000000,633.060000,378.570000,2.000000,714.267212,451.639465,109.241741,46.693265,0,0.072000,0.000000
SP_R_PushUp_1,posenet,62,2.077594,ok,1,direct,1.000000,9,left_wrist,1,1,2.000000,765.200000,429.270000,2.000000,777.419556,441.100098,17.007903,46.693265,1,0.062000,0.501424
SP_R_PushUp_1,posenet,62,2.077594,ok,1,direct,1.000000,10,right_wrist,1,1,2.000000,688.480000,461.740000,2.000000,784.117554,439.183868,98.261492,46.693265,0,0.062000,0.000000
SP_R_PushUp_1,posenet,62,2.077594,ok,1,direct,1.000000,11,left_hip,1,0,0.000000,544.790000,297.210000,2.000000,972.617615,451.639465,,,,0.107000,
SP_R_PushUp_1,posenet,62,2.077594,ok,1,direct,1.000000,12,right_hip,1,1,2.000000,558.320000,334.960000,2.000000,972.617615,451.639465,430.414464,46.693265,0,0.107000,0.000000
SP_R_PushUp_1,posenet,62,2.077594,ok,1,direct,1.000000,13,left_knee,1,0,0.000000,434.350000,372.490000,2.000000,714.267212,451.639465,,,,0.087000,
SP_R_PushUp_1,posenet,62,2.077594,ok,1,direct,1.000000,14,right_knee,1,1,2.000000,439.040000,363.430000,2.000000,714.267212,451.639465,289.017176,46.693265,0,0.087000,0.000000
SP_R_PushUp_1,posenet,62,2.077594,ok,1,direct,1.000000,15,left_ankle,1,0,0.000000,361.860000,391.790000,2.000000,873.104858,317.502075,,,,0.089000,
SP_R_PushUp_1,posenet,62,2.077594,ok,1,direct,1.000000,16,right_ankle,1,1,2.000000,335.270000,356.640000,2.000000,862.579468,410.440125,530.046911,46.693265,0,0.089000,0.000000
SP_R_PushUp_1,posenet,63,2.111103,ok,1,direct,1.000000,0,nose,0,0,0.000000,0.000000,0.000000,2.000000,322.127716,351.983734,,,,0.026000,
SP_R_PushUp_1,posenet,63,2.111103,ok,1,direct,1.000000,1,left_eye,0,0,0.000000,0.000000,0.000000,2.000000,322.127716,351.983734,,,,0.025000,
SP_R_PushUp_1,posenet,63,2.111103,ok,1,direct,1.000000,2,right_eye,0,0,0.000000,0.000000,0.000000,2.000000,322.127716,353.899994,,,,0.025000,
SP_R_PushUp_1,posenet,63,2.111103,ok,1,direct,1.000000,3,left_ear,0,0,0.000000,0.000000,0.000000,2.000000,322.127716,354.858093,,,,0.035000,
SP_R_PushUp_1,posenet,63,2.111103,ok,1,direct,1.000000,4,right_ear,0,0,0.000000,0.000000,0.000000,2.000000,322.127716,359.648743,,,,0.035000,
SP_R_PushUp_1,posenet,63,2.111103,ok,1,direct,1.000000,5,left_shoulder,1,0,0.000000,757.200000,287.920000,2.000000,378.657928,442.047302,,,,0.079000,
SP_R_PushUp_1,posenet,63,2.111103,ok,1,direct,1.000000,6,right_shoulder,1,1,2.000000,741.800000,338.900000,2.000000,397.820709,374.020569,345.767562,47.122762,0,0.079000,0.000000
SP_R_PushUp_1,posenet,63,2.111103,ok,1,direct,1.000000,7,left_elbow,1,0,0.000000,752.920000,348.800000,2.000000,322.127716,485.162811,,,,0.072000,
SP_R_PushUp_1,posenet,63,2.111103,ok,1,direct,1.000000,8,right_elbow,1,1,2.000000,632.900000,378.020000,2.000000,641.187866,396.057404,19.850357,47.122762,1,0.072000,0.504289
SP_R_PushUp_1,posenet,63,2.111103,ok,1,direct,1.000000,9,left_wrist,1,1,2.000000,765.200000,428.920000,2.000000,678.555298,453.544769,90.075988,47.122762,0,0.062000,0.000000
SP_R_PushUp_1,posenet,63,2.111103,ok,1,direct,1.000000,10,right_wrist,1,1,2.000000,688.480000,461.680000,2.000000,679.513428,456.419128,10.395970,47.122762,1,0.062000,0.776289
SP_R_PushUp_1,posenet,63,2.111103,ok,1,direct,1.000000,11,left_hip,1,0,0.000000,544.790000,296.660000,2.000000,546.332153,367.313690,,,,0.107000,
SP_R_PushUp_1,posenet,63,2.111103,ok,1,direct,1.000000,12,right_hip,1,1,2.000000,558.760000,332.620000,2.000000,541.541504,414.261719,83.437682,47.122762,0,0.107000,0.004183
SP_R_PushUp_1,posenet,63,2.111103,ok,1,direct,1.000000,13,left_knee,1,0,0.000000,434.350000,372.160000,2.000000,576.992615,289.705780,,,,0.087000,
SP_R_PushUp_1,posenet,63,2.111103,ok,1,direct,1.000000,14,right_knee,1,1,2.000000,440.360000,362.700000,2.000000,632.564697,383.601807,193.337868,47.122762,0,0.087000,0.000000
SP_R_PushUp_1,posenet,63,2.111103,ok,1,direct,1.000000,15,left_ankle,1,0,0.000000,361.860000,391.520000,2.000000,615.318115,429.591675,,,,0.089000,
SP_R_PushUp_1,posenet,63,2.111103,ok,1,direct,1.000000,16,right_ankle,1,1,2.000000,335.060000,356.550000,2.000000,678.555298,453.544769,356.927170,47.122762,0,0.089000,0.000000
SP_R_PushUp_1,posenet,64,2.144613,ok,1,direct,1.000000,0,nose,0,0,0.000000,0.000000,0.000000,2.000000,845.751282,359.946564,,,,0.026000,
SP_R_PushUp_1,posenet,64,2.144613,ok,1,direct,1.000000,1,left_eye,0,0,0.000000,0.000000,0.000000,2.000000,858.207092,346.519989,,,,0.025000,
SP_R_PushUp_1,posenet,64,2.144613,ok,1,direct,1.000000,2,right_eye,0,0,0.000000,0.000000,0.000000,2.000000,856.290833,323.503052,,,,0.025000,
SP_R_PushUp_1,posenet,64,2.144613,ok,1,direct,1.000000,3,left_ear,0,0,0.000000,0.000000,0.000000,2.000000,856.290833,333.093445,,,,0.035000,
SP_R_PushUp_1,posenet,64,2.144613,ok,1,direct,1.000000,4,right_ear,0,0,0.000000,0.000000,0.000000,2.000000,813.174500,311.035522,,,,0.035000,
SP_R_PushUp_1,posenet,64,2.144613,ok,1,direct,1.000000,5,left_shoulder,1,0,0.000000,757.760000,283.640000,2.000000,819.881470,395.431000,,,,0.079000,
SP_R_PushUp_1,posenet,64,2.144613,ok,1,direct,1.000000,6,right_shoulder,1,1,2.000000,741.360000,335.100000,2.000000,738.439575,329.257294,6.531929,47.549335,1,0.079000,0.941318
SP_R_PushUp_1,posenet,64,2.144613,ok,1,direct,1.000000,7,left_elbow,1,0,0.000000,753.420000,347.910000,2.000000,638.792969,394.471954,,,,0.072000,
SP_R_PushUp_1,posenet,64,2.144613,ok,1,direct,1.000000,8,right_elbow,1,1,2.000000,632.750000,377.470000,2.000000,635.918579,385.840607,8.950249,47.549335,1,0.072000,0.872238
SP_R_PushUp_1,posenet,64,2.144613,ok,1,direct,1.000000,9,left_wrist,1,1,2.000000,765.200000,428.560000,2.000000,681.909302,455.850525,87.647665,47.549335,0,0.062000,0.000000
SP_R_PushUp_1,posenet,64,2.144613,ok,1,direct,1.000000,10,right_wrist,1,1,2.000000,688.480000,461.620000,2.000000,681.909302,455.850525,8.744193,47.549335,1,0.062000,0.838657
SP_R_PushUp_1,posenet,64,2.144613,ok,1,direct,1.000000,11,left_hip,1,0,0.000000,544.790000,296.110000,2.000000,764.309387,286.100494,,,,0.107000,
SP_R_PushUp_1,posenet,64,2.144613,ok,1,direct,1.000000,12,right_hip,1,1,2.000000,559.200000,330.280000,2.000000,621.546448,368.577911,73.169731,47.549335,0,0.107000,0.015978
SP_R_PushUp_1,posenet,64,2.144613,ok,1,direct,1.000000,13,left_knee,1,0,0.000000,434.350000,371.840000,2.000000,621.546448,293.772797,,,,0.087000,
SP_R_PushUp_1,posenet,64,2.144613,ok,1,direct,1.000000,14,right_knee,1,1,2.000000,441.670000,361.970000,2.000000,621.546448,288.977600,194.122196,47.549335,0,0.087000,0.000000
SP_R_PushUp_1,posenet,64,2.144613,ok,1,direct,1.000000,15,left_ankle,1,0,0.000000,361.860000,391.250000,2.000000,825.630310,290.895691,,,,0.089000,
SP_R_PushUp_1,posenet,64,2.144613,ok,1,direct,1.000000,16,right_ankle,1,1,2.000000,334.840000,356.470000,2.000000,682.867432,459.686676,363.010710,47.549335,0,0.089000,0.000000
SP_R_PushUp_1,posenet,65,2.178122,ok,1,direct,1.000000,0,nose,0,0,0.000000,0.000000,0.000000,2.000000,835.575134,337.624390,,,,0.026000,
SP_R_PushUp_1,posenet,65,2.178122,ok,1,direct,1.000000,1,left_eye,0,0,0.000000,0.000000,0.000000,2.000000,852.820801,317.501251,,,,0.025000,
SP_R_PushUp_1,posenet,65,2.178122,ok,1,direct,1.000000,2,right_eye,0,0,0.000000,0.000000,0.000000,2.000000,842.281799,309.835297,,,,0.025000,
SP_R_PushUp_1,posenet,65,2.178122,ok,1,direct,1.000000,3,left_ear,0,0,0.000000,0.000000,0.000000,2.000000,848.988464,319.417694,,,,0.035000,
SP_R_PushUp_1,posenet,65,2.178122,ok,1,direct,1.000000,4,right_ear,0,0,0.000000,0.000000,0.000000,2.000000,808.748474,300.252838,,,,0.035000,
SP_R_PushUp_1,posenet,65,2.178122,ok,1,direct,1.000000,5,left_shoulder,1,0,0.000000,758.330000,279.360000,2.000000,856.653259,365.413483,,,,0.079000,
SP_R_PushUp_1,posenet,65,2.178122,ok,1,direct,1.000000,6,right_shoulder,1,1,2.000000,740.920000,331.290000,2.000000,761.801880,313.668274,27.323582,47.972534,1,0.079000,0.353597
SP_R_PushUp_1,posenet,65,2.178122,ok,1,direct,1.000000,7,left_elbow,1,0,0.000000,753.910000,347.030000,2.000000,756.053345,380.745422,,,,0.072000,
SP_R_PushUp_1,posenet,65,2.178122,ok,1,direct,1.000000,8,right_elbow,1,1,2.000000,632.600000,376.920000,2.000000,636.291504,388.411377,12.069753,47.972534,1,0.072000,0.783317
SP_R_PushUp_1,posenet,65,2.178122,ok,1,direct,1.000000,9,left_wrist,1,1,2.000000,765.200000,428.210000,2.000000,763.718079,422.908173,5.505040,47.972534,1,0.062000,0.933780
SP_R_PushUp_1,posenet,65,2.178122,ok,1,direct,1.000000,10,right_wrist,1,1,2.000000,688.480000,461.560000,2.000000,679.405701,453.572021,12.089281,47.972534,1,0.062000,0.718624
SP_R_PushUp_1,posenet,65,2.178122,ok,1,direct,1.000000,11,left_hip,1,0,0.000000,544.790000,295.570000,2.000000,621.920044,344.332092,,,,0.107000,
SP_R_PushUp_1,posenet,65,2.178122,ok,1,direct,1.000000,12,right_hip,1,1,2.000000,559.630000,327.940000,2.000000,914.138916,349.123322,355.141246,47.972534,0,0.107000,0.000000
SP_R_PushUp_1,posenet,65,2.178122,ok,1,direct,1.000000,13,left_knee,1,0,0.000000,434.350000,371.510000,2.000000,662.160034,295.461578,,,,0.087000,
SP_R_PushUp_1,posenet,65,2.178122,ok,1,direct,1.000000,14,right_knee,1,1,2.000000,442.990000,361.240000,2.000000,667.908630,296.419861,234.072725,47.972534,0,0.087000,0.000000
SP_R_PushUp_1,posenet,65,2.178122,ok,1,direct,1.000000,15,left_ankle,1,0,0.000000,361.860000,390.980000,2.000000,642.040039,391.286102,,,,0.089000,
SP_R_PushUp_1,posenet,65,2.178122,ok,1,direct,1.000000,16,right_ankle,1,1,2.000000,334.620000,356.380000,2.000000,680.363831,462.196228,361.574156,47.972534,0,0.089000,0.000000
SP_R_PushUp_1,posenet,66,2.211632,ok,1,direct,1.000000,0,nose,0,0,0.000000,0.000000,0.000000,2.000000,841.045715,315.604279,,,,0.026000,
SP_R_PushUp_1,posenet,66,2.211632,ok,1,direct,1.000000,1,left_eye,0,0,0.000000,0.000000,0.000000,2.000000,852.554260,309.855042,,,,0.025000,
SP_R_PushUp_1,posenet,66,2.211632,ok,1,direct,1.000000,2,right_eye,0,0,0.000000,0.000000,0.000000,2.000000,842.963806,306.022186,,,,0.025000,
SP_R_PushUp_1,posenet,66,2.211632,ok,1,direct,1.000000,3,left_ear,0,0,0.000000,0.000000,0.000000,2.000000,842.004761,305.063995,,,,0.035000,
SP_R_PushUp_1,posenet,66,2.211632,ok,1,direct,1.000000,4,right_ear,0,0,0.000000,0.000000,0.000000,2.000000,819.946655,291.649078,,,,0.035000,
SP_R_PushUp_1,posenet,66,2.211632,ok,1,direct,1.000000,5,left_shoulder,1,0,0.000000,758.890000,275.080000,2.000000,773.912354,266.735657,,,,0.079000,
SP_R_PushUp_1,posenet,66,2.211632,ok,1,direct,1.000000,6,right_shoulder,1,1,2.000000,740.480000,327.490000,2.000000,767.198975,309.855042,32.013987,48.391884,1,0.079000,0.245975
SP_R_PushUp_1,posenet,66,2.211632,ok,1,direct,1.000000,7,left_elbow,1,0,0.000000,754.410000,346.140000,2.000000,635.809387,389.386322,,,,0.072000,
SP_R_PushUp_1,posenet,66,2.211632,ok,1,direct,1.000000,8,right_elbow,1,1,2.000000,632.450000,376.370000,2.000000,633.891296,385.553467,9.295881,48.391884,1,0.072000,0.867305
SP_R_PushUp_1,posenet,66,2.211632,ok,1,direct,1.000000,9,left_wrist,1,1,2.000000,765.200000,427.850000,2.000000,681.843689,452.628052,86.961063,48.391884,0,0.062000,0.000000
SP_R_PushUp_1,posenet,66,2.211632,ok,1,direct,1.000000,10,right_wrist,1,1,2.000000,688.480000,461.490000,2.000000,682.802795,455.502686,8.250975,48.391884,1,0.062000,0.859628
SP_R_PushUp_1,posenet,66,2.211632,ok,1,direct,1.000000,11,left_hip,1,0,0.000000,544.790000,295.020000,2.000000,576.348389,281.108765,,,,0.107000,
SP_R_PushUp_1,posenet,66,2.211632,ok,1,direct,1.000000,12,right_hip,1,1,2.000000,560.070000,325.590000,2.000000,577.307434,287.816254,41.520899,48.391884,1,0.107000,0.276366
SP_R_PushUp_1,posenet,66,2.211632,ok,1,direct,1.000000,13,left_knee,1,0,0.000000,434.350000,371.190000,2.000000,560.044556,272.484894,,,,0.087000,
SP_R_PushUp_1,posenet,66,2.211632,ok,1,direct,1.000000,14,right_knee,1,1,2.000000,444.310000,360.510000,2.000000,566.757874,277.275940,148.058740,48.391884,0,0.087000,0.000000
SP_R_PushUp_1,posenet,66,2.211632,ok,1,direct,1.000000,15,left_ankle,1,0,0.000000,361.860000,390.710000,2.000000,389.334045,373.096771,,,,0.089000,
SP_R_PushUp_1,posenet,66,2.211632,ok,1,direct,1.000000,16,right_ankle,1,1,2.000000,334.410000,356.300000,2.000000,387.415924,366.389313,53.957596,48.391884,0,0.089000,0.043320
SP_R_PushUp_1,posenet,67,2.245142,ok,1,direct,1.000000,0,nose,0,0,0.000000,0.000000,0.000000,2.000000,849.796753,306.680725,,,,0.026000,
SP_R_PushUp_1,posenet,67,2.245142,ok,1,direct,1.000000,1,left_eye,0,0,0.000000,0.000000,0.000000,2.000000,863.229614,293.245667,,,,0.025000,
SP_R_PushUp_1,posenet,67,2.245142,ok,1,direct,1.000000,2,right_eye,0,0,0.000000,0.000000,0.000000,2.000000,848.837219,293.245667,,,,0.025000,
SP_R_PushUp_1,posenet,67,2.245142,ok,1,direct,1.000000,3,left_ear,0,0,0.000000,0.000000,0.000000,2.000000,806.619446,276.931671,,,,0.035000,
SP_R_PushUp_1,posenet,67,2.245142,ok,1,direct,1.000000,4,right_ear,0,0,0.000000,0.000000,0.000000,2.000000,805.659973,276.931671,,,,0.035000,
SP_R_PushUp_1,posenet,67,2.245142,ok,1,direct,1.000000,5,left_shoulder,1,0,0.000000,759.450000,270.800000,2.000000,784.551147,303.801788,,,,0.079000,
SP_R_PushUp_1,posenet,67,2.245142,ok,1,direct,1.000000,6,right_shoulder,1,1,2.000000,740.040000,323.680000,2.000000,772.077698,312.438629,33.952651,48.808590,1,0.079000,0.212097
SP_R_PushUp_1,posenet,67,2.245142,ok,1,direct,1.000000,7,left_elbow,1,0,0.000000,754.910000,345.250000,2.000000,641.586548,391.129608,,,,0.072000,
SP_R_PushUp_1,posenet,67,2.245142,ok,1,direct,1.000000,8,right_elbow,1,1,2.000000,632.290000,375.820000,2.000000,640.627014,390.169952,16.595992,48.808590,1,0.072000,0.640155
SP_R_PushUp_1,posenet,67,2.245142,ok,1,direct,1.000000,9,left_wrist,1,1,2.000000,765.200000,427.500000,2.000000,677.087830,454.466278,92.146268,48.808590,0,0.062000,0.000000
SP_R_PushUp_1,posenet,67,2.245142,ok,1,direct,1.000000,10,right_wrist,1,1,2.000000,688.480000,461.430000,2.000000,677.087830,455.425934,12.877514,48.808590,1,0.062000,0.696161
SP_R_PushUp_1,posenet,67,2.245142,ok,1,direct,1.000000,11,left_hip,1,0,0.000000,544.790000,294.470000,2.000000,551.394043,352.743744,,,,0.107000,
SP_R_PushUp_1,posenet,67,2.245142,ok,1,direct,1.000000,12,right_hip,1,1,2.000000,560.510000,323.250000,2.000000,575.381409,281.729950,44.102986,48.808590,1,0.107000,0.240200
SP_R_PushUp_1,posenet,67,2.245142,ok,1,direct,1.000000,13,left_knee,1,0,0.000000,434.350000,370.860000,2.000000,488.067444,364.259521,,,,0.087000,
SP_R_PushUp_1,posenet,67,2.245142,ok,1,direct,1.000000,14,right_knee,1,1,2.000000,445.620000,359.770000,2.000000,489.026947,366.178802,43.877509,48.808590,1,0.087000,0.118195
SP_R_PushUp_1,posenet,67,2.245142,ok,1,direct,1.000000,15,left_ankle,1,0,0.000000,361.860000,390.440000,2.000000,397.875031,371.936707,,,,0.089000,
SP_R_PushUp_1,posenet,67,2.245142,ok,1,direct,1.000000,16,right_ankle,1,1,2.000000,334.190000,356.210000,2.000000,394.037048,365.219177,60.521355,48.808590,0,0.089000,0.020606
SP_R_PushUp_1,posenet,68,2.278651,ok,1,direct,1.000000,0,nose,0,0,0.000000,0.000000,0.000000,2.000000,844.287537,301.723328,,,,0.026000,
SP_R_PushUp_1,posenet,68,2.278651,ok,1,direct,1.000000,1,left_eye,0,0,0.000000,0.000000,0.000000,2.000000,856.770569,291.157440,,,,0.025000,
SP_R_PushUp_1,posenet,68,2.278651,ok,1,direct,1.000000,2,right_eye,0,0,0.000000,0.000000,0.000000,2.000000,842.367126,285.394226,,,,0.025000,
SP_R_PushUp_1,posenet,68,2.278651,ok,1,direct,1.000000,3,left_ear,0,0,0.000000,0.000000,0.000000,2.000000,802.037476,263.301971,,,,0.035000,
SP_R_PushUp_1,posenet,68,2.278651,ok,1,direct,1.000000,4,right_ear,0,0,0.000000,0.000000,0.000000,2.000000,801.077209,264.262543,,,,0.035000,
SP_R_PushUp_1,posenet,68,2.278651,ok,1,direct,1.000000,5,left_shoulder,1,0,0.000000,760.020000,266.520000,2.000000,770.349854,256.578247,,,,0.079000,
SP_R_PushUp_1,posenet,68,2.278651,ok,1,direct,1.000000,6,right_shoulder,1,1,2.000000,736.750000,311.780000,2.000000,741.542908,301.723328,11.140405,50.796142,1,0.079000,0.857152
SP_R_PushUp_1,posenet,68,2.278651,ok,1,direct,1.000000,7,left_elbow,1,0,0.000000,755.400000,344.360000,2.000000,761.707825,361.276398,,,,0.072000,
SP_R_PushUp_1,posenet,68,2.278651,ok,1,direct,1.000000,8,right_elbow,1,1,2.000000,635.040000,371.610000,2.000000,631.116455,362.236938,10.161126,50.796142,1,0.072000,0.856947
SP_R_PushUp_1,posenet,68,2.278651,ok,1,direct,1.000000,9,left_wrist,1,1,2.000000,765.200000,427.140000,2.000000,764.588440,419.868958,7.296716,50.796142,1,0.062000,0.898203
SP_R_PushUp_1,posenet,68,2.278651,ok,1,direct,1.000000,10,right_wrist,1,1,2.000000,688.480000,461.370000,2.000000,680.088196,456.369202,9.768846,50.796142,1,0.062000,0.824952
SP_R_PushUp_1,posenet,68,2.278651,ok,1,direct,1.000000,11,left_hip,1,0,0.000000,544.790000,293.920000,2.000000,575.423096,284.433716,,,,0.107000,
SP_R_PushUp_1,posenet,68,2.278651,ok,1,direct,1.000000,12,right_hip,1,1,2.000000,560.880000,320.870000,2.000000,570.621948,280.591583,41.439793,50.796142,1,0.107000,0.312667
SP_R_PushUp_1,posenet,68,2.278651,ok,1,direct,1.000000,13,left_knee,1,0,0.000000,434.350000,370.540000,2.000000,568.701477,269.065186,,,,0.087000,
SP_R_PushUp_1,posenet,68,2.278651,ok,1,direct,1.000000,14,right_knee,1,1,2.000000,445.620000,357.760000,2.000000,565.820740,269.065186,149.382020,50.796142,0,0.087000,0.000000
SP_R_PushUp_1,posenet,68,2.278651,ok,1,direct,1.000000,15,left_ankle,1,0,0.000000,361.860000,390.170000,2.000000,609.991394,415.066284,,,,0.089000,
SP_R_PushUp_1,posenet,68,2.278651,ok,1,direct,1.000000,16,right_ankle,1,1,2.000000,333.980000,356.130000,2.000000,680.088196,457.329773,360.599885,50.796142,0,0.089000,0.000000
SP_R_PushUp_1,posenet,69,2.312161,ok,1,direct,1.000000,0,nose,0,0,0.000000,0.000000,0.000000,2.000000,849.408325,287.495361,,,,0.026000,
SP_R_PushUp_1,posenet,69,2.312161,ok,1,direct,1.000000,1,left_eye,0,0,0.000000,0.000000,0.000000,2.000000,860.914673,273.082977,,,,0.025000,
SP_R_PushUp_1,posenet,69,2.312161,ok,1,direct,1.000000,2,right_eye,0,0,0.000000,0.000000,0.000000,2.000000,843.655090,275.965454,,,,0.025000,
SP_R_PushUp_1,posenet,69,2.312161,ok,1,direct,1.000000,3,left_ear,0,0,0.000000,0.000000,0.000000,2.000000,798.588745,255.788071,,,,0.035000,
SP_R_PushUp_1,posenet,69,2.312161,ok,1,direct,1.000000,4,right_ear,0,0,0.000000,0.000000,0.000000,2.000000,799.547546,256.748901,,,,0.035000,
SP_R_PushUp_1,posenet,69,2.312161,ok,1,direct,1.000000,5,left_shoulder,1,0,0.000000,760.580000,262.240000,2.000000,747.769104,250.983948,,,,0.079000,
SP_R_PushUp_1,posenet,69,2.312161,ok,1,direct,1.000000,6,right_shoulder,1,1,2.000000,733.460000,299.890000,2.000000,756.398865,283.652069,28.104482,52.779937,1,0.079000,0.403074
SP_R_PushUp_1,posenet,69,2.312161,ok,1,direct,1.000000,7,left_elbow,1,0,0.000000,755.900000,343.470000,2.000000,627.911560,356.674927,,,,0.072000,
SP_R_PushUp_1,posenet,69,2.312161,ok,1,direct,1.000000,8,right_elbow,1,1,2.000000,637.780000,367.400000,2.000000,634.623596,360.518219,7.571116,52.779937,1,0.072000,0.923683
SP_R_PushUp_1,posenet,69,2.312161,ok,1,direct,1.000000,9,left_wrist,1,1,2.000000,765.200000,426.790000,2.000000,678.731140,451.796814,90.012246,52.779937,0,0.062000,0.000000
SP_R_PushUp_1,posenet,69,2.312161,ok,1,direct,1.000000,10,right_wrist,1,1,2.000000,688.480000,461.310000,2.000000,678.731140,450.835968,14.308935,52.779937,1,0.062000,0.682219
SP_R_PushUp_1,posenet,69,2.312161,ok,1,direct,1.000000,11,left_hip,1,0,0.000000,544.790000,293.370000,2.000000,301.899048,182.765228,,,,0.107000,
SP_R_PushUp_1,posenet,69,2.312161,ok,1,direct,1.000000,12,right_hip,1,1,2.000000,561.250000,318.490000,2.000000,574.215393,377.813110,60.723413,52.779937,0,0.107000,0.099037
SP_R_PushUp_1,posenet,69,2.312161,ok,1,direct,1.000000,13,left_knee,1,0,0.000000,434.350000,370.210000,2.000000,474.493927,360.518219,,,,0.087000,
SP_R_PushUp_1,posenet,69,2.312161,ok,1,direct,1.000000,14,right_knee,1,1,2.000000,445.620000,355.750000,2.000000,477.370514,360.518219,32.106558,52.779937,1,0.087000,0.376145
SP_R_PushUp_1,posenet,69,2.312161,ok,1,direct,1.000000,15,left_ankle,1,0,0.000000,361.860000,389.900000,2.000000,387.237640,373.009003,,,,0.089000,
SP_R_PushUp_1,posenet,69,2.312161,ok,1,direct,1.000000,16,right_ankle,1,1,2.000000,333.760000,356.040000,2.000000,301.899048,351.870758,32.132582,52.779937,1,0.089000,0.392255
SP_R_PushUp_1,posenet,70,2.345670,ok,1,direct,1.000000,0,nose,0,0,0.000000,0.000000,0.000000,2.000000,843.961487,279.792023,,,,0.026000,
SP_R_PushUp_1,posenet,70,2.345670,ok,1,direct,1.000000,1,left_eye,0,0,0.000000,0.000000,0.000000,2.000000,863.117004,268.286316,,,,0.025000,
SP_R_PushUp_1,posenet,70,2.345670,ok,1,direct,1.000000,2,right_eye,0,0,0.000000,0.000000,0.000000,2.000000,842.045898,269.245117,,,,0.025000,
SP_R_PushUp_1,posenet,70,2.345670,ok,1,direct,1.000000,3,left_ear,0,0,0.000000,0.000000,0.000000,2.000000,836.299255,271.162720,,,,0.035000,
SP_R_PushUp_1,posenet,70,2.345670,ok,1,direct,1.000000,4,right_ear,0,0,0.000000,0.000000,0.000000,2.000000,794.157166,245.274811,,,,0.035000,
SP_R_PushUp_1,posenet,70,2.345670,ok,1,direct,1.000000,5,left_shoulder,1,0,0.000000,761.140000,257.960000,2.000000,779.790527,267.327484,,,,0.079000,
SP_R_PushUp_1,posenet,70,2.345670,ok,1,direct,1.000000,6,right_shoulder,1,1,2.000000,730.160000,287.990000,2.000000,752.015076,272.121552,27.008369,54.693727,1,0.079000,0.457745
SP_R_PushUp_1,posenet,70,2.345670,ok,1,direct,1.000000,7,left_elbow,1,0,0.000000,756.400000,342.580000,2.000000,760.635071,347.867706,,,,0.072000,
SP_R_PushUp_1,posenet,70,2.345670,ok,1,direct,1.000000,8,right_elbow,1,1,2.000000,640.530000,363.200000,2.000000,758.719543,352.661743,118.658430,54.693727,0,0.072000,0.000000
SP_R_PushUp_1,posenet,70,2.345670,ok,1,direct,1.000000,9,left_wrist,1,1,2.000000,765.200000,426.430000,2.000000,762.550598,418.819763,8.058228,54.693727,1,0.062000,0.893204
SP_R_PushUp_1,posenet,70,2.345670,ok,1,direct,1.000000,10,right_wrist,1,1,2.000000,688.480000,461.240000,2.000000,762.550598,418.819763,85.357659,54.693727,0,0.062000,0.000003
SP_R_PushUp_1,posenet,70,2.345670,ok,1,direct,1.000000,11,left_hip,1,0,0.000000,544.790000,292.830000,2.000000,578.657837,288.421356,,,,0.107000,
SP_R_PushUp_1,posenet,70,2.345670,ok,1,direct,1.000000,12,right_hip,1,1,2.000000,561.610000,316.110000,2.000000,622.715454,359.373444,74.870569,54.693727,0,0.107000,0.037874
SP_R_PushUp_1,posenet,70,2.345670,ok,1,direct,1.000000,13,left_knee,1,0,0.000000,434.350000,369.880000,2.000000,758.719543,342.114807,,,,0.087000,
SP_R_PushUp_1,posenet,70,2.345670,ok,1,direct,1.000000,14,right_knee,1,1,2.000000,445.620000,353.740000,2.000000,635.166504,366.085114,189.948095,54.693727,0,0.087000,0.000000
SP_R_PushUp_1,posenet,70,2.345670,ok,1,direct,1.000000,15,left_ankle,1,0,0.000000,361.860000,389.630000,2.000000,619.842102,411.149292,,,,0.089000,
SP_R_PushUp_1,posenet,70,2.345670,ok,1,direct,1.000000,16,right_ankle,1,1,2.000000,333.540000,355.950000,2.000000,684.013062,458.131073,365.064842,54.693727,0,0.089000,0.000000
SP_R_PushUp_1,posenet,71,2.379180,ok,1,direct,1.000000,0,nose,0,0,0.000000,0.000000,0.000000,2.000000,840.066711,264.982483,,,,0.026000,
SP_R_PushUp_1,posenet,71,2.379180,ok,1,direct,1.000000,1,left_eye,0,0,0.000000,0.000000,0.000000,2.000000,846.771240,252.495956,,,,0.025000,
SP_R_PushUp_1,posenet,71,2.379180,ok,1,direct,1.000000,2,right_eye,0,0,0.000000,0.000000,0.000000,2.000000,831.446655,247.693451,,,,0.025000,
SP_R_PushUp_1,posenet,71,2.379180,ok,1,direct,1.000000,3,left_ear,0,0,0.000000,0.000000,0.000000,2.000000,835.277832,252.495956,,,,0.035000,
SP_R_PushUp_1,posenet,71,2.379180,ok,1,direct,1.000000,4,right_ear,0,0,0.000000,0.000000,0.000000,2.000000,794.093018,235.206924,,,,0.035000,
SP_R_PushUp_1,posenet,71,2.379180,ok,1,direct,1.000000,5,left_shoulder,1,0,0.000000,761.700000,253.680000,2.000000,788.346375,266.903473,,,,0.079000,
SP_R_PushUp_1,posenet,71,2.379180,ok,1,direct,1.000000,6,right_shoulder,1,1,2.000000,726.870000,276.100000,2.000000,735.668213,264.982483,14.177720,56.543965,1,0.079000,0.817526
SP_R_PushUp_1,posenet,71,2.379180,ok,1,direct,1.000000,7,left_elbow,1,1,2.000000,756.890000,341.690000,2.000000,765.359497,344.704163,8.989859,56.543965,1,0.072000,0.907083
SP_R_PushUp_1,posenet,71,2.379180,ok,1,direct,1.000000,8,right_elbow,1,1,2.000000,643.270000,358.990000,2.000000,763.443970,345.664642,120.910496,56.543965,0,0.072000,0.000000
SP_R_PushUp_1,posenet,71,2.379180,ok,1,direct,1.000000,9,left_wrist,1,1,2.000000,765.200000,426.070000,2.000000,764.401733,415.781311,10.319610,56.543965,1,0.062000,0.840885
SP_R_PushUp_1,posenet,71,2.379180,ok,1,direct,1.000000,10,right_wrist,1,1,2.000000,688.480000,461.180000,2.000000,680.116760,451.319855,12.929279,56.543965,1,0.062000,0.761829
SP_R_PushUp_1,posenet,71,2.379180,ok,1,direct,1.000000,11,left_hip,1,0,0.000000,544.790000,292.280000,2.000000,690.652405,242.890930,,,,0.107000,
SP_R_PushUp_1,posenet,71,2.379180,ok,1,direct,1.000000,12,right_hip,1,1,2.000000,561.980000,313.740000,2.000000,617.860718,336.059601,60.173243,56.543965,0,0.107000,0.138301
SP_R_PushUp_1,posenet,71,2.379180,ok,1,direct,1.000000,13,left_knee,1,0,0.000000,434.350000,369.560000,2.000000,768.232910,331.257141,,,,0.087000,
SP_R_PushUp_1,posenet,71,2.379180,ok,1,direct,1.000000,14,right_knee,1,1,2.000000,445.620000,351.720000,2.000000,643.720947,358.151184,198.205311,56.543965,0,0.087000,0.000000
SP_R_PushUp_1,posenet,71,2.379180,ok,1,direct,1.000000,15,left_ankle,1,0,0.000000,361.860000,389.370000,2.000000,763.443970,415.781311,,,,0.089000,
SP_R_PushUp_1,posenet,71,2.379180,ok,1,direct,1.000000,16,right_ankle,1,1,2.000000,333.330000,355.870000,2.000000,681.074524,456.122375,361.907160,56.543965,0,0.089000,0.000000
SP_R_PushUp_1,posenet,72,2.412689,ok,1,direct,1.000000,0,nose,0,0,0.000000,0.000000,0.000000,2.000000,836.000122,250.179459,,,,0.026000,
SP_R_PushUp_1,posenet,72,2.412689,ok,1,direct,1.000000,1,left_eye,0,0,0.000000,0.000000,0.000000,2.000000,844.614502,237.695740,,,,0.025000,
SP_R_PushUp_1,posenet,72,2.412689,ok,1,direct,1.000000,2,right_eye,0,0,0.000000,0.000000,0.000000,2.000000,829.300049,235.775177,,,,0.025000,
SP_R_PushUp_1,posenet,72,2.412689,ok,1,direct,1.000000,3,left_ear,0,0,0.000000,0.000000,0.000000,2.000000,792.928223,221.370911,,,,0.035000,
SP_R_PushUp_1,posenet,72,2.412689,ok,1,direct,1.000000,4,right_ear,0,0,0.000000,0.000000,0.000000,2.000000,792.928223,223.291473,,,,0.035000,
SP_R_PushUp_1,posenet,72,2.412689,ok,1,direct,1.000000,5,left_shoulder,1,0,0.000000,762.270000,249.400000,2.000000,772.828064,237.695740,,,,0.079000,
SP_R_PushUp_1,posenet,72,2.412689,ok,1,direct,1.000000,6,right_shoulder,1,1,2.000000,716.070000,266.950000,2.000000,748.899231,250.179459,36.864746,57.930619,1,0.079000,0.273153
SP_R_PushUp_1,posenet,72,2.412689,ok,1,direct,1.000000,7,left_elbow,1,1,2.000000,757.990000,341.510000,2.000000,763.256531,351.009399,10.861627,57.930619,1,0.072000,0.873170
SP_R_PushUp_1,posenet,72,2.412689,ok,1,direct,1.000000,8,right_elbow,1,1,2.000000,652.420000,356.060000,2.000000,760.385071,351.009399,108.083140,57.930619,0,0.072000,0.000001
SP_R_PushUp_1,posenet,72,2.412689,ok,1,direct,1.000000,9,left_wrist,1,1,2.000000,765.200000,425.720000,2.000000,764.213684,417.269073,8.508289,57.930619,1,0.062000,0.893837
SP_R_PushUp_1,posenet,72,2.412689,ok,1,direct,1.000000,10,right_wrist,1,1,2.000000,688.480000,461.120000,2.000000,683.812744,454.720154,7.920941,57.930619,1,0.062000,0.907310
SP_R_PushUp_1,posenet,72,2.412689,ok,1,direct,1.000000,11,left_hip,1,0,0.000000,544.790000,291.730000,2.000000,605.326294,148.389221,,,,0.107000,
SP_R_PushUp_1,posenet,72,2.412689,ok,1,direct,1.000000,12,right_hip,1,1,2.000000,561.250000,305.500000,2.000000,605.326294,148.389221,163.176336,57.930619,0,0.107000,0.000001
SP_R_PushUp_1,posenet,72,2.412689,ok,1,direct,1.000000,13,left_knee,1,0,0.000000,434.350000,369.230000,2.000000,767.085144,328.922821,,,,0.087000,
SP_R_PushUp_1,posenet,72,2.412689,ok,1,direct,1.000000,14,right_knee,1,1,2.000000,446.170000,349.350000,2.000000,656.055359,327.002258,211.071754,57.930619,0,0.087000,0.000000
SP_R_PushUp_1,posenet,72,2.412689,ok,1,direct,1.000000,15,left_ankle,1,0,0.000000,361.860000,389.100000,2.000000,764.213684,417.269073,,,,0.089000,
SP_R_PushUp_1,posenet,72,2.412689,ok,1,direct,1.000000,16,right_ankle,1,1,2.000000,333.110000,355.780000,2.000000,664.669739,407.666229,335.595055,57.930619,0,0.089000,0.000000
SP_R_PushUp_1,posenet,73,2.446199,ok,1,direct,1.000000,0,nose,0,0,0.000000,0.000000,0.000000,2.000000,834.831238,243.071976,,,,0.026000,
SP_R_PushUp_1,posenet,73,2.446199,ok,1,direct,1.000000,1,left_eye,0,0,0.000000,0.000000,0.000000,2.000000,843.457336,235.400848,,,,0.025000,
SP_R_PushUp_1,posenet,73,2.446199,ok,1,direct,1.000000,2,right_eye,0,0,0.000000,0.000000,0.000000,2.000000,830.038879,229.647491,,,,0.025000,
SP_R_PushUp_1,posenet,73,2.446199,ok,1,direct,1.000000,3,left_ear,0,0,0.000000,0.000000,0.000000,2.000000,788.824951,212.387466,,,,0.035000,
SP_R_PushUp_1,posenet,73,2.446199,ok,1,direct,1.000000,4,right_ear,0,0,0.000000,0.000000,0.000000,2.000000,788.824951,212.387466,,,,0.035000,
SP_R_PushUp_1,posenet,73,2.446199,ok,1,direct,1.000000,5,left_shoulder,1,0,0.000000,762.830000,245.120000,2.000000,781.157288,236.359726,,,,0.079000,
SP_R_PushUp_1,posenet,73,2.446199,ok,1,direct,1.000000,6,right_shoulder,1,1,2.000000,705.280000,257.800000,2.000000,731.317200,244.030838,29.453787,59.286198,1,0.079000,0.453412
SP_R_PushUp_1,posenet,73,2.446199,ok,1,direct,1.000000,7,left_elbow,1,1,2.000000,759.090000,341.330000,2.000000,771.572632,327.454376,18.664111,59.286198,1,0.072000,0.682249
SP_R_PushUp_1,posenet,73,2.446199,ok,1,direct,1.000000,8,right_elbow,1,1,2.000000,661.570000,353.130000,2.000000,665.183289,362.933319,10.448010,59.286198,1,0.072000,0.887081
SP_R_PushUp_1,posenet,73,2.446199,ok,1,direct,1.000000,9,left_wrist,1,1,2.000000,765.200000,425.360000,2.000000,762.946472,415.672333,9.946320,59.286198,1,0.062000,0.863776
SP_R_PushUp_1,posenet,73,2.446199,ok,1,direct,1.000000,10,right_wrist,1,1,2.000000,688.480000,461.060000,2.000000,680.518677,449.233490,14.256543,59.286198,1,0.062000,0.740180
SP_R_PushUp_1,posenet,73,2.446199,ok,1,direct,1.000000,11,left_hip,1,0,0.000000,544.790000,291.180000,2.000000,735.151123,311.153198,,,,0.107000,
SP_R_PushUp_1,posenet,73,2.446199,ok,1,direct,1.000000,12,right_hip,1,1,2.000000,560.510000,297.270000,2.000000,592.340149,139.511765,160.937315,59.286198,0,0.107000,0.000003
SP_R_PushUp_1,posenet,73,2.446199,ok,1,direct,1.000000,13,left_knee,1,0,0.000000,434.350000,368.910000,2.000000,767.738770,328.413239,,,,0.087000,
SP_R_PushUp_1,posenet,73,2.446199,ok,1,direct,1.000000,14,right_knee,1,1,2.000000,446.720000,346.970000,2.000000,766.780334,322.659882,320.982242,59.286198,0,0.087000,0.000000
SP_R_PushUp_1,posenet,73,2.446199,ok,1,direct,1.000000,15,left_ankle,1,0,0.000000,361.860000,388.830000,2.000000,762.946472,416.631195,,,,0.089000,
SP_R_PushUp_1,posenet,73,2.446199,ok,1,direct,1.000000,16,right_ankle,1,1,2.000000,332.890000,355.700000,2.000000,679.560181,447.315704,358.571682,59.286198,0,0.089000,0.000000
SP_R_PushUp_1,posenet,74,2.479709,ok,1,direct,1.000000,0,nose,0,0,0.000000,0.000000,0.000000,2.000000,829.596252,231.388336,,,,0.026000,
SP_R_PushUp_1,posenet,74,2.479709,ok,1,direct,1.000000,1,left_eye,0,0,0.000000,0.000000,0.000000,2.000000,838.223938,219.871841,,,,0.025000,
SP_R_PushUp_1,posenet,74,2.479709,ok,1,direct,1.000000,2,right_eye,0,0,0.000000,0.000000,0.000000,2.000000,824.803101,213.153900,,,,0.025000,
SP_R_PushUp_1,posenet,74,2.479709,ok,1,direct,1.000000,3,left_ear,0,0,0.000000,0.000000,0.000000,2.000000,789.333923,199.717987,,,,0.035000,
SP_R_PushUp_1,posenet,74,2.479709,ok,1,direct,1.000000,4,right_ear,0,0,0.000000,0.000000,0.000000,2.000000,788.375244,200.677673,,,,0.035000,
SP_R_PushUp_1,posenet,74,2.479709,ok,1,direct,1.000000,5,left_shoulder,1,0,0.000000,763.390000,240.850000,2.000000,780.706238,234.267471,,,,0.079000,
SP_R_PushUp_1,posenet,74,2.479709,ok,1,direct,1.000000,6,right_shoulder,1,1,2.000000,694.480000,248.650000,2.000000,730.857605,231.388336,40.265310,60.610658,1,0.079000,0.243097
SP_R_PushUp_1,posenet,74,2.479709,ok,1,direct,1.000000,7,left_elbow,1,1,2.000000,760.190000,341.140000,2.000000,770.161377,326.399445,17.796413,60.610658,1,0.072000,0.717052
SP_R_PushUp_1,posenet,74,2.479709,ok,1,direct,1.000000,8,right_elbow,1,1,2.000000,670.720000,350.200000,2.000000,680.050415,314.882965,36.528750,60.610658,1,0.072000,0.246272
SP_R_PushUp_1,posenet,74,2.479709,ok,1,direct,1.000000,9,left_wrist,1,1,2.000000,765.200000,425.010000,2.000000,764.409607,413.732880,11.304785,60.610658,1,0.062000,0.834437
SP_R_PushUp_1,posenet,74,2.479709,ok,1,direct,1.000000,10,right_wrist,1,1,2.000000,688.480000,460.990000,2.000000,684.843506,453.080933,8.705024,60.610658,1,0.062000,0.898236
SP_R_PushUp_1,posenet,74,2.479709,ok,1,direct,1.000000,11,left_hip,1,0,0.000000,544.790000,290.630000,2.000000,714.560974,309.124695,,,,0.107000,
SP_R_PushUp_1,posenet,74,2.479709,ok,1,direct,1.000000,12,right_hip,1,1,2.000000,559.780000,289.030000,2.000000,675.257263,309.124695,117.212606,60.610658,0,0.107000,0.001455
SP_R_PushUp_1,posenet,74,2.479709,ok,1,direct,1.000000,13,left_knee,1,0,0.000000,434.350000,368.580000,2.000000,769.202698,320.641205,,,,0.087000,
SP_R_PushUp_1,posenet,74,2.479709,ok,1,direct,1.000000,14,right_knee,1,1,2.000000,447.270000,344.590000,2.000000,675.257263,364.787750,228.880190,60.610658,0,0.087000,0.000000
SP_R_PushUp_1,posenet,74,2.479709,ok,1,direct,1.000000,15,left_ankle,1,0,0.000000,361.860000,388.560000,2.000000,764.409607,418.531433,,,,0.089000,
SP_R_PushUp_1,posenet,74,2.479709,ok,1,direct,1.000000,16,right_ankle,1,1,2.000000,332.680000,355.610000,2.000000,683.884888,452.121216,364.224228,60.610658,0,0.089000,0.000000
SP_R_PushUp_1,posenet,75,2.513218,ok,1,direct,1.000000,0,nose,0,0,0.000000,0.000000,0.000000,2.000000,833.389709,217.073807,,,,0.026000,
SP_R_PushUp_1,posenet,75,2.513218,ok,1,direct,1.000000,1,left_eye,0,0,0.000000,0.000000,0.000000,2.000000,842.990112,208.438004,,,,0.025000,
SP_R_PushUp_1,posenet,75,2.513218,ok,1,direct,1.000000,2,right_eye,0,0,0.000000,0.000000,0.000000,2.000000,825.709534,202.680801,,,,0.025000,
SP_R_PushUp_1,posenet,75,2.513218,ok,1,direct,1.000000,3,left_ear,0,0,0.000000,0.000000,0.000000,2.000000,787.308228,189.247314,,,,0.035000,
SP_R_PushUp_1,posenet,75,2.513218,ok,1,direct,1.000000,4,right_ear,0,0,0.000000,0.000000,0.000000,2.000000,787.308228,189.247314,,,,0.035000,
SP_R_PushUp_1,posenet,75,2.513218,ok,1,direct,1.000000,5,left_shoulder,1,1,2.000000,763.960000,236.570000,2.000000,781.548035,222.831009,22.318128,62.318391,1,0.079000,0.662976
SP_R_PushUp_1,posenet,75,2.513218,ok,1,direct,1.000000,6,right_shoulder,1,1,2.000000,683.680000,239.500000,2.000000,730.666321,219.952423,50.890295,62.318391,1,0.079000,0.118003
SP_R_PushUp_1,posenet,75,2.513218,ok,1,direct,1.000000,7,left_elbow,1,1,2.000000,761.280000,340.960000,2.000000,767.147522,327.420258,14.756437,62.318391,1,0.072000,0.805478
SP_R_PushUp_1,posenet,75,2.513218,ok,1,direct,1.000000,8,right_elbow,1,1,2.000000,679.870000,347.270000,2.000000,685.544800,331.258362,16.987522,62.318391,1,0.072000,0.750754
SP_R_PushUp_1,posenet,75,2.513218,ok,1,direct,1.000000,9,left_wrist,1,1,2.000000,765.200000,424.650000,2.000000,766.187500,410.899719,13.785695,62.318391,1,0.062000,0.775221
SP_R_PushUp_1,posenet,75,2.513218,ok,1,direct,1.000000,10,right_wrist,1,1,2.000000,688.480000,460.930000,2.000000,685.544800,451.200134,10.162957,62.318391,1,0.062000,0.870773
SP_R_PushUp_1,posenet,75,2.513218,ok,1,direct,1.000000,11,left_hip,1,0,0.000000,544.790000,290.090000,2.000000,673.064392,211.316605,,,,0.107000,
SP_R_PushUp_1,posenet,75,2.513218,ok,1,direct,1.000000,12,right_hip,1,1,2.000000,559.050000,280.800000,2.000000,652.903748,328.379791,105.225294,62.318391,0,0.107000,0.006871
SP_R_PushUp_1,posenet,75,2.513218,ok,1,direct,1.000000,13,left_knee,1,0,0.000000,434.350000,368.250000,2.000000,767.147522,327.420258,,,,0.087000,
SP_R_PushUp_1,posenet,75,2.513218,ok,1,direct,1.000000,14,right_knee,1,1,2.000000,447.820000,342.210000,2.000000,682.664734,358.125305,235.383402,62.318391,0,0.087000,0.000000
SP_R_PushUp_1,posenet,75,2.513218,ok,1,direct,1.000000,15,left_ankle,1,0,0.000000,361.860000,388.290000,2.000000,766.187500,416.656921,,,,0.089000,
SP_R_PushUp_1,posenet,75,2.513218,ok,1,direct,1.000000,16,right_ankle,1,1,2.000000,332.460000,355.520000,2.000000,685.544800,451.200134,365.819032,62.318391,0,0.089000,0.000000
SP_R_PushUp_1,posenet,76,2.546728,ok,1,direct,1.000000,0,nose,0,0,0.000000,0.000000,0.000000,2.000000,830.348083,216.787003,,,,0.026000,
SP_R_PushUp_1,posenet,76,2.546728,ok,1,direct,1.000000,1,left_eye,0,0,0.000000,0.000000,0.000000,2.000000,838.017883,207.186539,,,,0.025000,
SP_R_PushUp_1,posenet,76,2.546728,ok,1,direct,1.000000,2,right_eye,0,0,0.000000,0.000000,0.000000,2.000000,826.513245,202.386292,,,,0.025000,
SP_R_PushUp_1,posenet,76,2.546728,ok,1,direct,1.000000,3,left_ear,0,0,0.000000,0.000000,0.000000,2.000000,785.288330,181.265289,,,,0.035000,
SP_R_PushUp_1,posenet,76,2.546728,ok,1,direct,1.000000,4,right_ear,0,0,0.000000,0.000000,0.000000,2.000000,784.329590,182.225342,,,,0.035000,
SP_R_PushUp_1,posenet,76,2.546728,ok,1,direct,1.000000,5,left_shoulder,1,1,2.000000,763.960000,229.640000,2.000000,772.825012,209.106628,22.365326,63.280654,1,0.079000,0.670120
SP_R_PushUp_1,posenet,76,2.546728,ok,1,direct,1.000000,6,right_shoulder,1,1,2.000000,683.870000,233.020000,2.000000,726.806519,220.627182,44.689222,63.280654,1,0.079000,0.202254
SP_R_PushUp_1,posenet,76,2.546728,ok,1,direct,1.000000,7,left_elbow,1,1,2.000000,762.570000,335.500000,2.000000,764.196472,324.312195,11.305414,63.280654,1,0.072000,0.884141
SP_R_PushUp_1,posenet,76,2.546728,ok,1,direct,1.000000,8,right_elbow,1,1,2.000000,681.510000,343.460000,2.000000,688.457764,331.032501,14.237772,63.280654,1,0.072000,0.822586
SP_R_PushUp_1,posenet,76,2.546728,ok,1,direct,1.000000,9,left_wrist,1,1,2.000000,765.200000,424.300000,2.000000,769.948853,412.636444,12.593258,63.280654,1,0.062000,0.813789
SP_R_PushUp_1,posenet,76,2.546728,ok,1,direct,1.000000,10,right_wrist,1,1,2.000000,688.480000,460.870000,2.000000,687.499023,450.078217,10.836277,63.280654,1,0.062000,0.858500
SP_R_PushUp_1,posenet,76,2.546728,ok,1,direct,1.000000,11,left_hip,1,0,0.000000,544.790000,289.540000,2.000000,603.131775,292.630676,,,,0.107000,
SP_R_PushUp_1,posenet,76,2.546728,ok,1,direct,1.000000,12,right_hip,1,1,2.000000,559.050000,275.110000,2.000000,603.131775,299.350952,50.307322,63.280654,1,0.107000,0.331531
SP_R_PushUp_1,posenet,76,2.546728,ok,1,direct,1.000000,13,left_knee,1,0,0.000000,434.350000,367.930000,2.000000,767.072632,319.511932,,,,0.087000,
SP_R_PushUp_1,posenet,76,2.546728,ok,1,direct,1.000000,14,right_knee,1,1,2.000000,448.180000,339.900000,2.000000,765.155212,300.311005,319.437903,63.280654,0,0.087000,0.000000
SP_R_PushUp_1,posenet,76,2.546728,ok,1,direct,1.000000,15,left_ankle,1,0,0.000000,361.860000,388.020000,2.000000,769.948853,419.356750,,,,0.089000,
SP_R_PushUp_1,posenet,76,2.546728,ok,1,direct,1.000000,16,right_ankle,1,1,2.000000,332.250000,355.440000,2.000000,687.499023,451.998322,368.137716,63.280654,0,0.089000,0.000000
SP_R_PushUp_1,posenet,77,2.580237,ok,1,direct,1.000000,0,nose,0,0,0.000000,0.000000,0.000000,2.000000,830.660095,205.195129,,,,0.026000,
SP_R_PushUp_1,posenet,77,2.580237,ok,1,direct,1.000000,1,left_eye,0,0,0.000000,0.000000,0.000000,2.000000,838.330750,198.481842,,,,0.025000,
SP_R_PushUp_1,posenet,77,2.580237,ok,1,direct,1.000000,2,right_eye,0,0,0.000000,0.000000,0.000000,2.000000,826.824768,191.768539,,,,0.025000,
SP_R_PushUp_1,posenet,77,2.580237,ok,1,direct,1.000000,3,left_ear,0,0,0.000000,0.000000,0.000000,2.000000,785.595093,173.546722,,,,0.035000,
SP_R_PushUp_1,posenet,77,2.580237,ok,1,direct,1.000000,4,right_ear,0,0,0.000000,0.000000,0.000000,2.000000,785.595093,175.464813,,,,0.035000,
SP_R_PushUp_1,posenet,77,2.580237,ok,1,direct,1.000000,5,left_shoulder,1,1,2.000000,763.960000,222.710000,2.000000,780.800964,211.908432,20.007297,64.230142,1,0.079000,0.732759
SP_R_PushUp_1,posenet,77,2.580237,ok,1,direct,1.000000,6,right_shoulder,1,1,2.000000,684.050000,226.540000,2.000000,725.188843,209.990341,44.342932,64.230142,1,0.079000,0.217104
SP_R_PushUp_1,posenet,77,2.580237,ok,1,direct,1.000000,7,left_elbow,1,1,2.000000,763.850000,330.050000,2.000000,766.418518,318.362152,11.966749,64.230142,1,0.072000,0.874662
SP_R_PushUp_1,posenet,77,2.580237,ok,1,direct,1.000000,8,right_elbow,1,1,2.000000,683.160000,339.640000,2.000000,692.588623,322.198303,19.827045,64.230142,1,0.072000,0.692378
SP_R_PushUp_1,posenet,77,2.580237,ok,1,direct,1.000000,9,left_wrist,1,1,2.000000,765.200000,423.940000,2.000000,771.212646,409.471161,15.668415,64.230142,1,0.062000,0.733731
SP_R_PushUp_1,posenet,77,2.580237,ok,1,direct,1.000000,10,right_wrist,1,1,2.000000,688.480000,460.810000,2.000000,686.835693,449.750946,11.180627,64.230142,1,0.062000,0.854146
SP_R_PushUp_1,posenet,77,2.580237,ok,1,direct,1.000000,11,left_hip,1,0,0.000000,544.790000,288.990000,2.000000,615.882324,286.713745,,,,0.107000,
SP_R_PushUp_1,posenet,77,2.580237,ok,1,direct,1.000000,12,right_hip,1,1,2.000000,559.050000,269.430000,2.000000,614.923462,287.672760,58.776203,64.230142,1,0.107000,0.231585
SP_R_PushUp_1,posenet,77,2.580237,ok,1,direct,1.000000,13,left_knee,1,0,0.000000,434.350000,367.600000,2.000000,769.294983,322.198303,,,,0.087000,
SP_R_PushUp_1,posenet,77,2.580237,ok,1,direct,1.000000,14,right_knee,1,1,2.000000,448.550000,337.590000,2.000000,693.547424,367.273346,246.789058,64.230142,0,0.087000,0.000000
SP_R_PushUp_1,posenet,77,2.580237,ok,1,direct,1.000000,15,left_ankle,1,0,0.000000,361.860000,387.750000,2.000000,770.253845,417.143524,,,,0.089000,
SP_R_PushUp_1,posenet,77,2.580237,ok,1,direct,1.000000,16,right_ankle,1,1,2.000000,332.030000,355.350000,2.000000,686.835693,450.709991,367.397071,64.230142,0,0.089000,0.000000
SP_R_PushUp_1,posenet,78,2.613747,ok,1,direct,1.000000,0,nose,0,0,0.000000,0.000000,0.000000,2.000000,828.997070,208.627609,,,,0.026000,
SP_R_PushUp_1,posenet,78,2.613747,ok,1,direct,1.000000,1,left_eye,0,0,0.000000,0.000000,0.000000,2.000000,837.628723,199.023834,,,,0.025000,
SP_R_PushUp_1,posenet,78,2.613747,ok,1,direct,1.000000,2,right_eye,0,0,0.000000,0.000000,0.000000,2.000000,827.079041,193.261536,,,,0.025000,
SP_R_PushUp_1,posenet,78,2.613747,ok,1,direct,1.000000,3,left_ear,0,0,0.000000,0.000000,0.000000,2.000000,783.921082,171.172806,,,,0.035000,
SP_R_PushUp_1,posenet,78,2.613747,ok,1,direct,1.000000,4,right_ear,0,0,0.000000,0.000000,0.000000,2.000000,783.921082,172.133194,,,,0.035000,
SP_R_PushUp_1,posenet,78,2.613747,ok,1,direct,1.000000,5,left_shoulder,1,1,2.000000,763.960000,215.780000,2.000000,775.289551,199.984207,19.438770,65.165394,1,0.079000,0.751899
SP_R_PushUp_1,posenet,78,2.613747,ok,1,direct,1.000000,6,right_shoulder,1,1,2.000000,684.230000,220.060000,2.000000,723.500061,211.508759,40.190315,65.165394,1,0.079000,0.295541
SP_R_PushUp_1,posenet,78,2.613747,ok,1,direct,1.000000,7,left_elbow,1,1,2.000000,765.130000,324.590000,2.000000,764.739807,343.080811,18.494927,65.165394,1,0.072000,0.732884
SP_R_PushUp_1,posenet,78,2.613747,ok,1,direct,1.000000,8,right_elbow,1,1,2.000000,684.810000,335.830000,2.000000,690.891846,322.912842,14.277318,65.165394,1,0.072000,0.830944
SP_R_PushUp_1,posenet,78,2.613747,ok,1,direct,1.000000,9,left_wrist,1,1,2.000000,765.200000,423.590000,2.000000,770.494202,417.030060,8.429792,65.165394,1,0.062000,0.916617
SP_R_PushUp_1,posenet,78,2.613747,ok,1,direct,1.000000,10,right_wrist,1,1,2.000000,688.480000,460.740000,2.000000,687.055603,450.643341,10.196638,65.165394,1,0.062000,0.880393
SP_R_PushUp_1,posenet,78,2.613747,ok,1,direct,1.000000,11,left_hip,1,0,0.000000,544.790000,288.440000,2.000000,625.675476,280.656128,,,,0.107000,
SP_R_PushUp_1,posenet,78,2.613747,ok,1,direct,1.000000,12,right_hip,1,1,2.000000,559.050000,263.740000,2.000000,625.675476,273.933472,67.400749,65.165394,0,0.107000,0.154312
SP_R_PushUp_1,posenet,78,2.613747,ok,1,direct,1.000000,13,left_knee,1,0,0.000000,434.350000,367.280000,2.000000,769.535095,300.824097,,,,0.087000,
SP_R_PushUp_1,posenet,78,2.613747,ok,1,direct,1.000000,14,right_knee,1,1,2.000000,448.920000,335.280000,2.000000,693.769043,365.169525,246.666653,65.165394,0,0.087000,0.000000
SP_R_PushUp_1,posenet,78,2.613747,ok,1,direct,1.000000,15,left_ankle,1,0,0.000000,361.860000,387.480000,2.000000,769.535095,421.831970,,,,0.089000,
SP_R_PushUp_1,posenet,78,2.613747,ok,1,direct,1.000000,16,right_ankle,1,1,2.000000,331.810000,355.270000,2.000000,686.096497,451.603729,367.149982,65.165394,0,0.089000,0.000000
SP_R_PushUp_1,posenet,79,2.647256,ok,1,direct,1.000000,0,nose,0,0,0.000000,0.000000,0.000000,2.000000,827.993591,204.585739,,,,0.026000,
SP_R_PushUp_1,posenet,79,2.647256,ok,1,direct,1.000000,1,left_eye,0,0,0.000000,0.000000,0.000000,2.000000,836.615906,196.902359,,,,0.025000,
SP_R_PushUp_1,posenet,79,2.647256,ok,1,direct,1.000000,2,right_eye,0,0,0.000000,0.000000,0.000000,2.000000,827.035583,190.179413,,,,0.025000,
SP_R_PushUp_1,posenet,79,2.647256,ok,1,direct,1.000000,3,left_ear,0,0,0.000000,0.000000,0.000000,2.000000,827.993591,198.823212,,,,0.035000,
SP_R_PushUp_1,posenet,79,2.647256,ok,1,direct,1.000000,4,right_ear,0,0,0.000000,0.000000,0.000000,2.000000,782.966064,171.931396,,,,0.035000,
SP_R_PushUp_1,posenet,79,2.647256,ok,1,direct,1.000000,5,left_shoulder,1,1,2.000000,763.960000,208.850000,2.000000,777.217834,200.744034,15.539526,66.181025,1,0.079000,0.838049
SP_R_PushUp_1,posenet,79,2.647256,ok,1,direct,1.000000,6,right_shoulder,1,1,2.000000,684.410000,213.580000,2.000000,716.861877,217.071198,32.639130,66.181025,1,0.079000,0.458660
SP_R_PushUp_1,posenet,79,2.647256,ok,1,direct,1.000000,7,left_elbow,1,1,2.000000,766.410000,319.130000,2.000000,763.805420,326.559204,7.872542,66.181025,1,0.072000,0.946872
SP_R_PushUp_1,posenet,79,2.647256,ok,1,direct,1.000000,8,right_elbow,1,1,2.000000,686.450000,332.010000,2.000000,690.994995,326.559204,7.097053,66.181025,1,0.072000,0.956603
SP_R_PushUp_1,posenet,79,2.647256,ok,1,direct,1.000000,9,left_wrist,1,1,2.000000,765.200000,423.230000,2.000000,770.511658,410.115845,14.149020,66.181025,1,0.062000,0.788351
SP_R_PushUp_1,posenet,79,2.647256,ok,1,direct,1.000000,10,right_wrist,1,1,2.000000,688.480000,460.680000,2.000000,688.120911,449.493103,11.192659,66.181025,1,0.062000,0.861729
SP_R_PushUp_1,posenet,79,2.647256,ok,1,direct,1.000000,11,left_hip,1,0,0.000000,544.790000,287.900000,2.000000,759.015259,286.221527,,,,0.107000,
SP_R_PushUp_1,posenet,79,2.647256,ok,1,direct,1.000000,12,right_hip,1,1,2.000000,559.050000,258.060000,2.000000,628.722900,273.736053,71.414646,66.181025,0,0.107000,0.130800
SP_R_PushUp_1,posenet,79,2.647256,ok,1,direct,1.000000,13,left_knee,1,0,0.000000,434.350000,366.950000,2.000000,768.595642,313.113281,,,,0.087000,
SP_R_PushUp_1,posenet,79,2.647256,ok,1,direct,1.000000,14,right_knee,1,1,2.000000,449.280000,332.960000,2.000000,694.827148,366.896881,247.881250,66.181025,0,0.087000,0.000000
SP_R_PushUp_1,posenet,79,2.647256,ok,1,direct,1.000000,15,left_ankle,1,0,0.000000,361.860000,387.210000,2.000000,771.469666,419.720032,,,,0.089000,
SP_R_PushUp_1,posenet,79,2.647256,ok,1,direct,1.000000,16,right_ankle,1,1,2.000000,331.600000,355.180000,2.000000,688.120911,450.453522,369.031440,66.181025,0,0.089000,0.000000
SP_R_PushUp_1,posenet,80,2.680766,ok,1,direct,1.000000,0,nose,0,0,0.000000,0.000000,0.000000,2.000000,828.138550,205.932602,,,,0.026000,
SP_R_PushUp_1,posenet,80,2.680766,ok,1,direct,1.000000,1,left_eye,0,0,0.000000,0.000000,0.000000,2.000000,835.811646,196.335953,,,,0.025000,
SP_R_PushUp_1,posenet,80,2.680766,ok,1,direct,1.000000,2,right_eye,0,0,0.000000,0.000000,0.000000,2.000000,826.220215,191.537643,,,,0.025000,
SP_R_PushUp_1,posenet,80,2.680766,ok,1,direct,1.000000,3,left_ear,0,0,0.000000,0.000000,0.000000,2.000000,829.097656,196.335953,,,,0.035000,
SP_R_PushUp_1,posenet,80,2.680766,ok,1,direct,1.000000,4,right_ear,0,0,0.000000,0.000000,0.000000,2.000000,784.017883,171.384689,,,,0.035000,
SP_R_PushUp_1,posenet,80,2.680766,ok,1,direct,1.000000,5,left_shoulder,1,1,2.000000,763.960000,208.850000,2.000000,776.344788,201.134277,14.591619,66.181025,1,0.079000,0.855746
SP_R_PushUp_1,posenet,80,2.680766,ok,1,direct,1.000000,6,right_shoulder,1,1,2.000000,684.410000,213.580000,2.000000,714.000366,207.851929,30.139684,66.181025,1,0.079000,0.514459
SP_R_PushUp_1,posenet,80,2.680766,ok,1,direct,1.000000,7,left_elbow,1,1,2.000000,766.410000,319.130000,2.000000,765.794128,327.809906,8.701728,66.181025,1,0.072000,0.935478
SP_R_PushUp_1,posenet,80,2.680766,ok,1,direct,1.000000,8,right_elbow,1,1,2.000000,686.450000,332.010000,2.000000,693.858459,330.688904,7.525328,66.181025,1,0.072000,0.951341
SP_R_PushUp_1,posenet,80,2.680766,ok,1,direct,1.000000,9,left_wrist,1,1,2.000000,765.200000,423.230000,2.000000,772.508240,417.058655,9.565347,66.181025,1,0.062000,0.897010
SP_R_PushUp_1,posenet,80,2.680766,ok,1,direct,1.000000,10,right_wrist,1,1,2.000000,688.480000,460.680000,2.000000,689.062683,449.687225,11.008207,66.181025,1,0.062000,0.865931
SP_R_PushUp_1,posenet,80,2.680766,ok,1,direct,1.000000,11,left_hip,1,0,0.000000,544.790000,287.900000,2.000000,568.210571,259.673798,,,,0.107000,
SP_R_PushUp_1,posenet,80,2.680766,ok,1,direct,1.000000,12,right_hip,1,1,2.000000,559.050000,258.060000,2.000000,568.210571,246.238495,14.955402,66.181025,1,0.107000,0.914658
SP_R_PushUp_1,posenet,80,2.680766,ok,1,direct,1.000000,13,left_knee,1,0,0.000000,434.350000,366.950000,2.000000,768.671570,303.818298,,,,0.087000,
SP_R_PushUp_1,posenet,80,2.680766,ok,1,direct,1.000000,14,right_knee,1,1,2.000000,449.280000,332.960000,2.000000,695.776672,362.357819,248.243512,66.181025,0,0.087000,0.000000
SP_R_PushUp_1,posenet,80,2.680766,ok,1,direct,1.000000,15,left_ankle,1,0,0.000000,361.860000,387.210000,2.000000,689.062683,450.646881,,,,0.089000,
SP_R_PushUp_1,posenet,80,2.680766,ok,1,direct,1.000000,16,right_ankle,1,1,2.000000,331.600000,355.180000,2.000000,688.103577,450.646881,369.064663,66.181025,0,0.089000,0.000000
SP_R_PushUp_1,posenet,81,2.714276,ok,1,direct,1.000000,0,nose,0,0,0.000000,0.000000,0.000000,2.000000,827.754639,206.438675,,,,0.026000,
SP_R_PushUp_1,posenet,81,2.714276,ok,1,direct,1.000000,1,left_eye,0,0,0.000000,0.000000,0.000000,2.000000,834.455139,197.793182,,,,0.025000,
SP_R_PushUp_1,posenet,81,2.714276,ok,1,direct,1.000000,2,right_eye,0,0,0.000000,0.000000,0.000000,2.000000,826.797424,192.990143,,,,0.025000,
SP_R_PushUp_1,posenet,81,2.714276,ok,1,direct,1.000000,3,left_ear,0,0,0.000000,0.000000,0.000000,2.000000,828.711853,196.832581,,,,0.035000,
SP_R_PushUp_1,posenet,81,2.714276,ok,1,direct,1.000000,4,right_ear,0,0,0.000000,0.000000,0.000000,2.000000,782.765808,171.856720,,,,0.035000,
SP_R_PushUp_1,posenet,81,2.714276,ok,1,direct,1.000000,5,left_shoulder,1,1,2.000000,763.960000,208.850000,2.000000,772.236511,196.832581,14.591745,66.181025,1,0.079000,0.855744
SP_R_PushUp_1,posenet,81,2.714276,ok,1,direct,1.000000,6,right_shoulder,1,1,2.000000,684.410000,213.580000,2.000000,712.889526,209.320496,28.796298,66.181025,1,0.079000,0.545141
SP_R_PushUp_1,posenet,81,2.714276,ok,1,direct,1.000000,7,left_elbow,1,1,2.000000,766.410000,319.130000,2.000000,765.536011,329.396698,10.303832,66.181025,1,0.072000,0.910722
SP_R_PushUp_1,posenet,81,2.714276,ok,1,direct,1.000000,8,right_elbow,1,1,2.000000,686.450000,332.010000,2.000000,692.788086,331.317902,6.375761,66.181025,1,0.072000,0.964827
SP_R_PushUp_1,posenet,81,2.714276,ok,1,direct,1.000000,9,left_wrist,1,1,2.000000,765.200000,423.230000,2.000000,771.279297,418.733398,7.561566,66.181025,1,0.062000,0.934334
SP_R_PushUp_1,posenet,81,2.714276,ok,1,direct,1.000000,10,right_wrist,1,1,2.000000,688.480000,460.680000,2.000000,688.959229,452.354736,8.339045,66.181025,1,0.062000,0.920714
SP_R_PushUp_1,posenet,81,2.714276,ok,1,direct,1.000000,11,left_hip,1,0,0.000000,544.790000,287.900000,2.000000,578.880127,333.239136,,,,0.107000,
SP_R_PushUp_1,posenet,81,2.714276,ok,1,direct,1.000000,12,right_hip,1,1,2.000000,559.050000,258.060000,2.000000,578.880127,247.744904,22.352520,66.181025,1,0.107000,0.819326
SP_R_PushUp_1,posenet,81,2.714276,ok,1,direct,1.000000,13,left_knee,1,0,0.000000,434.350000,366.950000,2.000000,766.493225,304.420868,,,,0.087000,
SP_R_PushUp_1,posenet,81,2.714276,ok,1,direct,1.000000,14,right_knee,1,1,2.000000,449.280000,332.960000,2.000000,696.616882,363.018036,249.156615,66.181025,0,0.087000,0.000000
SP_R_PushUp_1,posenet,81,2.714276,ok,1,direct,1.000000,15,left_ankle,1,0,0.000000,361.860000,387.210000,2.000000,770.322083,422.575836,,,,0.089000,
SP_R_PushUp_1,posenet,81,2.714276,ok,1,direct,1.000000,16,right_ankle,1,1,2.000000,331.600000,355.180000,2.000000,688.959229,453.315308,370.588932,66.181025,0,0.089000,0.000000
SP_R_PushUp_1,posenet,82,2.747785,ok,1,direct,1.000000,0,nose,0,0,0.000000,0.000000,0.000000,2.000000,827.855469,209.272202,,,,0.026000,
SP_R_PushUp_1,posenet,82,2.747785,ok,1,direct,1.000000,1,left_eye,0,0,0.000000,0.000000,0.000000,2.000000,834.571106,200.626282,,,,0.025000,
SP_R_PushUp_1,posenet,82,2.747785,ok,1,direct,1.000000,2,right_eye,0,0,0.000000,0.000000,0.000000,2.000000,826.896118,194.862350,,,,0.025000,
SP_R_PushUp_1,posenet,82,2.747785,ok,1,direct,1.000000,3,left_ear,0,0,0.000000,0.000000,0.000000,2.000000,826.896118,199.665649,,,,0.035000,
SP_R_PushUp_1,posenet,82,2.747785,ok,1,direct,1.000000,4,right_ear,0,0,0.000000,0.000000,0.000000,2.000000,783.723816,171.806610,,,,0.035000,
SP_R_PushUp_1,posenet,82,2.747785,ok,1,direct,1.000000,5,left_shoulder,1,1,2.000000,763.960000,208.850000,2.000000,776.048767,202.547607,13.632991,66.181025,1,0.079000,0.872856
SP_R_PushUp_1,posenet,82,2.747785,ok,1,direct,1.000000,6,right_shoulder,1,1,2.000000,684.410000,213.580000,2.000000,715.607605,210.232849,31.376647,66.181025,1,0.079000,0.486599
SP_R_PushUp_1,posenet,82,2.747785,ok,1,direct,1.000000,7,left_elbow,1,1,2.000000,766.410000,319.130000,2.000000,766.454895,329.354279,10.224377,66.181025,1,0.072000,0.912031
SP_R_PushUp_1,posenet,82,2.747785,ok,1,direct,1.000000,8,right_elbow,1,1,2.000000,686.450000,332.010000,2.000000,693.541748,330.314911,7.291517,66.181025,1,0.072000,0.954249
SP_R_PushUp_1,posenet,82,2.747785,ok,1,direct,1.000000,9,left_wrist,1,1,2.000000,765.200000,423.230000,2.000000,772.211182,416.774017,9.530812,66.181025,1,0.062000,0.897713
SP_R_PushUp_1,posenet,82,2.747785,ok,1,direct,1.000000,10,right_wrist,1,1,2.000000,688.480000,460.680000,2.000000,689.704224,452.318268,8.450875,66.181025,1,0.062000,0.918662
SP_R_PushUp_1,posenet,82,2.747785,ok,1,direct,1.000000,11,left_hip,1,0,0.000000,544.790000,287.900000,2.000000,618.709839,262.108337,,,,0.107000,
SP_R_PushUp_1,posenet,82,2.747785,ok,1,direct,1.000000,12,right_hip,1,1,2.000000,559.050000,258.060000,2.000000,576.497009,247.698456,20.291864,66.181025,1,0.107000,0.848551
SP_R_PushUp_1,posenet,82,2.747785,ok,1,direct,1.000000,13,left_knee,1,0,0.000000,434.350000,366.950000,2.000000,768.373657,307.259186,,,,0.087000,
SP_R_PushUp_1,posenet,82,2.747785,ok,1,direct,1.000000,14,right_knee,1,1,2.000000,449.280000,332.960000,2.000000,696.419922,360.095245,248.625145,66.181025,0,0.087000,0.000000
SP_R_PushUp_1,posenet,82,2.747785,ok,1,direct,1.000000,15,left_ankle,1,0,0.000000,361.860000,387.210000,2.000000,770.292480,418.695312,,,,0.089000,
SP_R_PushUp_1,posenet,82,2.747785,ok,1,direct,1.000000,16,right_ankle,1,1,2.000000,331.600000,355.180000,2.000000,687.785400,452.318268,369.193557,66.181025,0,0.089000,0.000000
SP_R_PushUp_1,posenet,83,2.781295,ok,1,direct,1.000000,0,nose,0,0,0.000000,0.000000,0.000000,2.000000,827.220886,209.299088,,,,0.026000,
SP_R_PushUp_1,posenet,83,2.781295,ok,1,direct,1.000000,1,left_eye,0,0,0.000000,0.000000,0.000000,2.000000,835.855835,198.737167,,,,0.025000,
SP_R_PushUp_1,posenet,83,2.781295,ok,1,direct,1.000000,2,right_eye,0,0,0.000000,0.000000,0.000000,2.000000,826.261475,192.976135,,,,0.025000,
SP_R_PushUp_1,posenet,83,2.781295,ok,1,direct,1.000000,3,left_ear,0,0,0.000000,0.000000,0.000000,2.000000,829.139832,197.776993,,,,0.035000,
SP_R_PushUp_1,posenet,83,2.781295,ok,1,direct,1.000000,4,right_ear,0,0,0.000000,0.000000,0.000000,2.000000,784.046753,172.812500,,,,0.035000,
SP_R_PushUp_1,posenet,83,2.781295,ok,1,direct,1.000000,5,left_shoulder,1,1,2.000000,763.960000,208.850000,2.000000,774.452515,205.458389,11.027053,66.181025,1,0.079000,0.914876
SP_R_PushUp_1,posenet,83,2.781295,ok,1,direct,1.000000,6,right_shoulder,1,1,2.000000,684.410000,213.580000,2.000000,714.008606,210.259247,29.784306,66.181025,1,0.079000,0.522538
SP_R_PushUp_1,posenet,83,2.781295,ok,1,direct,1.000000,7,left_elbow,1,1,2.000000,766.410000,319.130000,2.000000,764.858154,329.320709,10.308190,66.181025,1,0.072000,0.910650
SP_R_PushUp_1,posenet,83,2.781295,ok,1,direct,1.000000,8,right_elbow,1,1,2.000000,686.450000,332.010000,2.000000,692.901184,344.683472,14.220923,66.181025,1,0.072000,0.836828
SP_R_PushUp_1,posenet,83,2.781295,ok,1,direct,1.000000,9,left_wrist,1,1,2.000000,765.200000,423.230000,2.000000,773.493042,417.656647,9.991837,66.181025,1,0.062000,0.888166
SP_R_PushUp_1,posenet,83,2.781295,ok,1,direct,1.000000,10,right_wrist,1,1,2.000000,688.480000,460.680000,2.000000,688.104004,449.342346,11.343887,66.181025,1,0.062000,0.858247
SP_R_PushUp_1,posenet,83,2.781295,ok,1,direct,1.000000,11,left_hip,1,0,0.000000,544.790000,287.900000,2.000000,560.500305,255.387390,,,,0.107000,
SP_R_PushUp_1,posenet,83,2.781295,ok,1,direct,1.000000,12,right_hip,1,1,2.000000,559.050000,258.060000,2.000000,560.500305,250.586502,7.612920,66.181025,1,0.107000,0.977150
SP_R_PushUp_1,posenet,83,2.781295,ok,1,direct,1.000000,13,left_knee,1,0,0.000000,434.350000,366.950000,2.000000,764.858154,305.316376,,,,0.087000,
SP_R_PushUp_1,posenet,83,2.781295,ok,1,direct,1.000000,14,right_knee,1,1,2.000000,449.280000,332.960000,2.000000,693.860596,361.006439,246.183408,66.181025,0,0.087000,0.000000
SP_R_PushUp_1,posenet,83,2.781295,ok,1,direct,1.000000,15,left_ankle,1,0,0.000000,361.860000,387.210000,2.000000,688.104004,449.342346,,,,0.089000,
SP_R_PushUp_1,posenet,83,2.781295,ok,1,direct,1.000000,16,right_ankle,1,1,2.000000,331.600000,355.180000,2.000000,687.144592,453.183044,368.804222,66.181025,0,0.089000,0.000000
SP_R_PushUp_1,posenet,84,2.814804,ok,1,direct,1.000000,0,nose,0,0,0.000000,0.000000,0.000000,2.000000,825.753479,208.759033,,,,0.026000,
SP_R_PushUp_1,posenet,84,2.814804,ok,1,direct,1.000000,1,left_eye,0,0,0.000000,0.000000,0.000000,2.000000,835.349548,200.123901,,,,0.025000,
SP_R_PushUp_1,posenet,84,2.814804,ok,1,direct,1.000000,2,right_eye,0,0,0.000000,0.000000,0.000000,2.000000,825.753479,194.367142,,,,0.025000,
SP_R_PushUp_1,posenet,84,2.814804,ok,1,direct,1.000000,3,left_ear,0,0,0.000000,0.000000,0.000000,2.000000,828.632263,198.204971,,,,0.035000,
SP_R_PushUp_1,posenet,84,2.814804,ok,1,direct,1.000000,4,right_ear,0,0,0.000000,0.000000,0.000000,2.000000,784.490234,172.299576,,,,0.035000,
SP_R_PushUp_1,posenet,84,2.814804,ok,1,direct,1.000000,5,left_shoulder,1,1,2.000000,763.960000,208.850000,2.000000,774.894104,203.002258,12.399626,66.181025,1,0.079000,0.893603
SP_R_PushUp_1,posenet,84,2.814804,ok,1,direct,1.000000,6,right_shoulder,1,1,2.000000,684.410000,213.580000,2.000000,720.196350,209.718475,35.994086,66.181025,1,0.079000,0.387547
SP_R_PushUp_1,posenet,84,2.814804,ok,1,direct,1.000000,7,left_elbow,1,1,2.000000,766.410000,319.130000,2.000000,766.257629,327.731934,8.603283,66.181025,1,0.072000,0.936883
SP_R_PushUp_1,posenet,84,2.814804,ok,1,direct,1.000000,8,right_elbow,1,1,2.000000,686.450000,332.010000,2.000000,696.206055,329.650879,10.037233,66.181025,1,0.072000,0.915082
SP_R_PushUp_1,posenet,84,2.814804,ok,1,direct,1.000000,9,left_wrist,1,1,2.000000,765.200000,423.230000,2.000000,773.934509,416.961639,10.751000,66.181025,1,0.062000,0.871707
SP_R_PushUp_1,posenet,84,2.814804,ok,1,direct,1.000000,10,right_wrist,1,1,2.000000,688.480000,460.680000,2.000000,689.488770,448.623779,12.098350,66.181025,1,0.062000,0.840404
SP_R_PushUp_1,posenet,84,2.814804,ok,1,direct,1.000000,11,left_hip,1,0,0.000000,544.790000,287.900000,2.000000,615.598816,271.123871,,,,0.107000,
SP_R_PushUp_1,posenet,84,2.814804,ok,1,direct,1.000000,12,right_hip,1,1,2.000000,559.050000,258.060000,2.000000,592.568176,267.286011,34.764744,66.181025,1,0.107000,0.617529
SP_R_PushUp_1,posenet,84,2.814804,ok,1,direct,1.000000,13,left_knee,1,0,0.000000,434.350000,366.950000,2.000000,768.176819,303.745483,,,,0.087000,
SP_R_PushUp_1,posenet,84,2.814804,ok,1,direct,1.000000,14,right_knee,1,1,2.000000,449.280000,332.960000,2.000000,697.165649,303.745483,249.601248,66.181025,0,0.087000,0.000000
SP_R_PushUp_1,posenet,84,2.814804,ok,1,direct,1.000000,15,left_ankle,1,0,0.000000,361.860000,387.210000,2.000000,772.015259,421.758942,,,,0.089000,
SP_R_PushUp_1,posenet,84,2.814804,ok,1,direct,1.000000,16,right_ankle,1,1,2.000000,331.600000,355.180000,2.000000,687.569580,450.542725,368.521901,66.181025,0,0.089000,0.000000
