video_name,algorithm,frame_idx,timestamp_sec,status,matched_pred_found,match_method,matched_pred_score,keypoint_idx,keypoint_name,is_active,is_eval_joint,gt_v,gt_x,gt_y,pred_v,pred_x,pred_y,distance_px,pck_threshold_px,pck_correct,oks_sigma,oks_term
MP_T_DudukBerdiri_1,movenet,0,0.000000,ok,1,direct,0.485112,0,nose,0,0,0.000000,0.000000,0.000000,2.000000,637.497803,231.470001,,,,0.026000,
MP_T_DudukBerdiri_1,movenet,0,0.000000,ok,1,direct,0.485112,1,left_eye,0,0,0.000000,0.000000,0.000000,2.000000,652.842346,221.870804,,,,0.025000,
MP_T_DudukBerdiri_1,movenet,0,0.000000,ok,1,direct,0.485112,2,right_eye,0,0,0.000000,0.000000,0.000000,2.000000,623.496643,220.260315,,,,0.025000,
MP_T_DudukBerdiri_1,movenet,0,0.000000,ok,1,direct,0.485112,3,left_ear,0,0,0.000000,0.000000,0.000000,2.000000,664.635559,227.570969,,,,0.035000,
MP_T_DudukBerdiri_1,movenet,0,0.000000,ok,1,direct,0.485112,4,right_ear,0,0,0.000000,0.000000,0.000000,2.000000,592.902588,224.841583,,,,0.035000,
MP_T_DudukBerdiri_1,movenet,0,0.000000,ok,1,direct,0.485112,5,left_shoulder,1,1,2.000000,661.370000,306.500000,2.000000,667.347290,285.597076,21.740750,49.224543,1,0.079000,0.535199
MP_T_DudukBerdiri_1,movenet,0,0.000000,ok,1,direct,0.485112,6,right_shoulder,1,1,2.000000,560.180000,299.590000,2.000000,561.124023,288.832886,10.798458,49.224543,1,0.079000,0.857085
MP_T_DudukBerdiri_1,movenet,0,0.000000,ok,1,direct,0.485112,7,left_elbow,1,1,2.000000,669.790000,383.650000,2.000000,684.237183,359.604523,28.051846,49.224543,1,0.072000,0.285668
MP_T_DudukBerdiri_1,movenet,0,0.000000,ok,1,direct,0.485112,8,right_elbow,1,1,2.000000,523.050000,386.000000,2.000000,532.939209,375.238007,14.615641,49.224543,1,0.072000,0.711682
MP_T_DudukBerdiri_1,movenet,0,0.000000,ok,1,direct,0.485112,9,left_wrist,1,1,2.000000,702.260000,434.770000,2.000000,703.386108,422.032959,12.786725,49.224543,1,0.062000,0.703930
MP_T_DudukBerdiri_1,movenet,0,0.000000,ok,1,direct,0.485112,10,right_wrist,1,1,2.000000,570.990000,443.450000,2.000000,540.293518,423.370117,36.680727,49.224543,1,0.062000,0.055628
MP_T_DudukBerdiri_1,movenet,0,0.000000,ok,1,direct,0.485112,11,left_hip,1,1,2.000000,623.790000,431.200000,2.000000,647.149780,406.521179,33.981223,49.224543,1,0.107000,0.434967
MP_T_DudukBerdiri_1,movenet,0,0.000000,ok,1,direct,0.485112,12,right_hip,1,1,2.000000,539.410000,423.650000,2.000000,568.002991,413.049255,30.494834,49.224543,1,0.107000,0.511490
MP_T_DudukBerdiri_1,movenet,0,0.000000,ok,1,direct,0.485112,13,left_knee,1,1,2.000000,714.960000,473.990000,2.000000,727.526245,478.373535,13.308865,49.224543,1,0.087000,0.824353
MP_T_DudukBerdiri_1,movenet,0,0.000000,ok,1,direct,0.485112,14,right_knee,1,0,0.000000,578.650000,485.960000,2.000000,620.997681,487.886230,,,,0.087000,
MP_T_DudukBerdiri_1,movenet,0,0.000000,ok,1,direct,0.485112,15,left_ankle,1,1,2.000000,665.590000,602.820000,2.000000,702.447388,581.548218,42.555326,49.224543,1,0.089000,0.151511
MP_T_DudukBerdiri_1,movenet,0,0.000000,ok,1,direct,0.485112,16,right_ankle,1,1,2.000000,577.830000,615.240000,2.000000,672.082825,586.283264,98.600647,49.224543,0,0.089000,0.000040
MP_T_DudukBerdiri_1,movenet,1,0.033244,ok,1,direct,0.467150,0,nose,0,0,0.000000,0.000000,0.000000,2.000000,640.328064,228.229507,,,,0.026000,
MP_T_DudukBerdiri_1,movenet,1,0.033244,ok,1,direct,0.467150,1,left_eye,0,0,0.000000,0.000000,0.000000,2.000000,656.071411,219.207153,,,,0.025000,
MP_T_DudukBerdiri_1,movenet,1,0.033244,ok,1,direct,0.467150,2,right_eye,0,0,0.000000,0.000000,0.000000,2.000000,627.199341,217.674225,,,,0.025000,
MP_T_DudukBerdiri_1,movenet,1,0.033244,ok,1,direct,0.467150,3,left_ear,0,0,0.000000,0.000000,0.000000,2.000000,667.271484,223.904007,,,,0.035000,
MP_T_DudukBerdiri_1,movenet,1,0.033244,ok,1,direct,0.467150,4,right_ear,0,0,0.000000,0.000000,0.000000,2.000000,598.181702,221.022476,,,,0.035000,
MP_T_DudukBerdiri_1,movenet,1,0.033244,ok,1,direct,0.467150,5,left_shoulder,1,1,2.000000,664.880000,301.820000,2.000000,664.075928,279.380402,22.454000,48.803936,1,0.079000,0.507454
MP_T_DudukBerdiri_1,movenet,1,0.033244,ok,1,direct,0.467150,6,right_shoulder,1,1,2.000000,561.210000,293.580000,2.000000,566.107666,286.738922,8.413530,48.803936,1,0.079000,0.909154
MP_T_DudukBerdiri_1,movenet,1,0.033244,ok,1,direct,0.467150,7,left_elbow,1,1,2.000000,672.870000,381.010000,2.000000,687.712463,361.763306,24.305019,48.803936,1,0.072000,0.384098
MP_T_DudukBerdiri_1,movenet,1,0.033244,ok,1,direct,0.467150,8,right_elbow,1,1,2.000000,527.750000,382.090000,2.000000,540.286987,377.091156,13.496833,48.803936,1,0.072000,0.744483
MP_T_DudukBerdiri_1,movenet,1,0.033244,ok,1,direct,0.467150,9,left_wrist,1,1,2.000000,702.850000,434.040000,2.000000,710.735779,425.934418,11.308668,48.803936,1,0.062000,0.756270
MP_T_DudukBerdiri_1,movenet,1,0.033244,ok,1,direct,0.467150,10,right_wrist,1,1,2.000000,572.630000,442.460000,2.000000,576.932617,464.003876,21.969322,48.803936,1,0.062000,0.348431
MP_T_DudukBerdiri_1,movenet,1,0.033244,ok,1,direct,0.467150,11,left_hip,1,1,2.000000,624.530000,424.020000,2.000000,647.439270,408.680115,27.570759,48.803936,1,0.107000,0.572635
MP_T_DudukBerdiri_1,movenet,1,0.033244,ok,1,direct,0.467150,12,right_hip,1,1,2.000000,541.160000,416.480000,2.000000,568.396973,414.775635,27.290246,48.803936,1,0.107000,0.579135
MP_T_DudukBerdiri_1,movenet,1,0.033244,ok,1,direct,0.467150,13,left_knee,1,1,2.000000,712.910000,472.380000,2.000000,726.218323,484.498047,17.998848,48.803936,1,0.087000,0.698099
MP_T_DudukBerdiri_1,movenet,1,0.033244,ok,1,direct,0.467150,14,right_knee,1,0,0.000000,579.970000,482.450000,2.000000,621.086609,490.093262,,,,0.087000,
MP_T_DudukBerdiri_1,movenet,1,0.033244,ok,1,direct,0.467150,15,left_ankle,1,1,2.000000,665.590000,602.820000,2.000000,702.039490,584.575928,40.760416,48.803936,1,0.089000,0.171832
MP_T_DudukBerdiri_1,movenet,1,0.033244,ok,1,direct,0.467150,16,right_ankle,1,1,2.000000,577.830000,615.170000,2.000000,673.541199,585.954285,100.070933,48.803936,0,0.089000,0.000025
MP_T_DudukBerdiri_1,movenet,2,0.066487,ok,1,direct,0.425291,0,nose,0,0,0.000000,0.000000,0.000000,2.000000,647.180481,224.345169,,,,0.026000,
MP_T_DudukBerdiri_1,movenet,2,0.066487,ok,1,direct,0.425291,1,left_eye,0,0,0.000000,0.000000,0.000000,2.000000,662.160950,214.638535,,,,0.025000,
MP_T_DudukBerdiri_1,movenet,2,0.066487,ok,1,direct,0.425291,2,right_eye,0,0,0.000000,0.000000,0.000000,2.000000,631.636597,213.140274,,,,0.025000,
MP_T_DudukBerdiri_1,movenet,2,0.066487,ok,1,direct,0.425291,3,left_ear,0,0,0.000000,0.000000,0.000000,2.000000,672.253418,219.128601,,,,0.035000,
MP_T_DudukBerdiri_1,movenet,2,0.066487,ok,1,direct,0.425291,4,right_ear,0,0,0.000000,0.000000,0.000000,2.000000,597.899963,216.604233,,,,0.035000,
MP_T_DudukBerdiri_1,movenet,2,0.066487,ok,1,direct,0.425291,5,left_shoulder,1,1,2.000000,668.390000,297.130000,2.000000,663.551147,277.379242,20.334870,48.345035,1,0.079000,0.567245
MP_T_DudukBerdiri_1,movenet,2,0.066487,ok,1,direct,0.425291,6,right_shoulder,1,1,2.000000,562.230000,287.580000,2.000000,566.361206,279.412140,9.153185,48.345035,1,0.079000,0.891480
MP_T_DudukBerdiri_1,movenet,2,0.066487,ok,1,direct,0.425291,7,left_elbow,1,1,2.000000,675.940000,378.380000,2.000000,683.331665,355.487183,24.056554,48.345035,1,0.072000,0.384707
MP_T_DudukBerdiri_1,movenet,2,0.066487,ok,1,direct,0.425291,8,right_elbow,1,1,2.000000,532.450000,378.180000,2.000000,534.692261,371.671600,6.883822,48.345035,1,0.072000,0.924761
MP_T_DudukBerdiri_1,movenet,2,0.066487,ok,1,direct,0.425291,9,left_wrist,1,1,2.000000,703.430000,433.310000,2.000000,703.911072,420.373291,12.945651,48.345035,1,0.062000,0.688617
MP_T_DudukBerdiri_1,movenet,2,0.066487,ok,1,direct,0.425291,10,right_wrist,1,1,2.000000,574.270000,441.480000,2.000000,573.551819,457.136810,15.673273,48.345035,1,0.062000,0.578774
MP_T_DudukBerdiri_1,movenet,2,0.066487,ok,1,direct,0.425291,11,left_hip,1,1,2.000000,625.260000,416.850000,2.000000,646.606750,405.514008,24.169991,48.345035,1,0.107000,0.646212
MP_T_DudukBerdiri_1,movenet,2,0.066487,ok,1,direct,0.425291,12,right_hip,1,1,2.000000,542.920000,409.300000,2.000000,568.032959,410.918365,25.165051,48.345035,1,0.107000,0.622931
MP_T_DudukBerdiri_1,movenet,2,0.066487,ok,1,direct,0.425291,13,left_knee,1,1,2.000000,710.860000,470.770000,2.000000,723.819031,483.257904,17.996784,48.345035,1,0.087000,0.693388
MP_T_DudukBerdiri_1,movenet,2,0.066487,ok,1,direct,0.425291,14,right_knee,1,0,0.000000,581.290000,478.940000,0.000000,620.119019,489.493073,,,,0.087000,
MP_T_DudukBerdiri_1,movenet,2,0.066487,ok,1,direct,0.425291,15,left_ankle,1,1,2.000000,665.590000,602.820000,2.000000,702.556274,583.172546,41.863204,48.345035,1,0.089000,0.150580
MP_T_DudukBerdiri_1,movenet,2,0.066487,ok,1,direct,0.425291,16,right_ankle,1,1,2.000000,577.830000,615.090000,2.000000,674.368042,585.646423,100.928280,48.345035,0,0.089000,0.000017
MP_T_DudukBerdiri_1,movenet,3,0.099731,ok,1,direct,0.451912,0,nose,0,0,0.000000,0.000000,0.000000,2.000000,651.306396,216.267090,,,,0.026000,
MP_T_DudukBerdiri_1,movenet,3,0.099731,ok,1,direct,0.451912,1,left_eye,0,0,0.000000,0.000000,0.000000,2.000000,664.575745,206.891586,,,,0.025000,
MP_T_DudukBerdiri_1,movenet,3,0.099731,ok,1,direct,0.451912,2,right_eye,0,0,0.000000,0.000000,0.000000,2.000000,633.374390,206.370941,,,,0.025000,
MP_T_DudukBerdiri_1,movenet,3,0.099731,ok,1,direct,0.451912,3,left_ear,0,0,0.000000,0.000000,0.000000,2.000000,671.896057,211.809235,,,,0.035000,
MP_T_DudukBerdiri_1,movenet,3,0.099731,ok,1,direct,0.451912,4,right_ear,0,0,0.000000,0.000000,0.000000,2.000000,598.894470,210.771271,,,,0.035000,
MP_T_DudukBerdiri_1,movenet,3,0.099731,ok,1,direct,0.451912,5,left_shoulder,1,1,2.000000,671.910000,292.450000,2.000000,661.081665,271.702362,23.403361,47.849059,1,0.079000,0.464576
MP_T_DudukBerdiri_1,movenet,3,0.099731,ok,1,direct,0.451912,6,right_shoulder,1,1,2.000000,563.260000,281.580000,2.000000,572.762512,275.306305,11.386702,47.849059,1,0.079000,0.834036
MP_T_DudukBerdiri_1,movenet,3,0.099731,ok,1,direct,0.451912,7,left_elbow,1,1,2.000000,679.020000,375.740000,2.000000,684.926025,351.136322,25.302611,47.849059,1,0.072000,0.339997
MP_T_DudukBerdiri_1,movenet,3,0.099731,ok,1,direct,0.451912,8,right_elbow,1,1,2.000000,537.150000,374.270000,2.000000,541.679321,369.030945,6.925493,47.849059,1,0.072000,0.922360
MP_T_DudukBerdiri_1,movenet,3,0.099731,ok,1,direct,0.451912,9,left_wrist,1,1,2.000000,704.020000,432.580000,2.000000,708.266968,417.106293,16.045945,47.849059,1,0.062000,0.557050
MP_T_DudukBerdiri_1,movenet,3,0.099731,ok,1,direct,0.451912,10,right_wrist,1,1,2.000000,575.920000,440.490000,2.000000,567.710083,432.240051,11.638917,47.849059,1,0.062000,0.735033
MP_T_DudukBerdiri_1,movenet,3,0.099731,ok,1,direct,0.451912,11,left_hip,1,1,2.000000,625.990000,409.680000,2.000000,652.913147,400.657227,28.394828,47.849059,1,0.107000,0.540550
MP_T_DudukBerdiri_1,movenet,3,0.099731,ok,1,direct,0.451912,12,right_hip,1,1,2.000000,544.680000,402.130000,2.000000,581.675110,404.814850,37.092406,47.849059,1,0.107000,0.350025
MP_T_DudukBerdiri_1,movenet,3,0.099731,ok,1,direct,0.451912,13,left_knee,1,1,2.000000,708.810000,469.160000,2.000000,714.994385,482.165680,14.401192,47.849059,1,0.087000,0.787136
MP_T_DudukBerdiri_1,movenet,3,0.099731,ok,1,direct,0.451912,14,right_knee,1,0,0.000000,582.610000,475.420000,2.000000,645.194458,486.430786,,,,0.087000,
MP_T_DudukBerdiri_1,movenet,3,0.099731,ok,1,direct,0.451912,15,left_ankle,1,1,2.000000,665.590000,602.820000,2.000000,696.717896,584.243164,36.249755,47.849059,1,0.089000,0.234770
MP_T_DudukBerdiri_1,movenet,3,0.099731,ok,1,direct,0.451912,16,right_ankle,1,1,2.000000,577.830000,615.020000,2.000000,676.575806,584.698975,103.296170,47.849059,0,0.089000,0.000008
MP_T_DudukBerdiri_1,movenet,4,0.132975,ok,1,direct,0.464914,0,nose,0,0,0.000000,0.000000,0.000000,2.000000,656.444397,208.253052,,,,0.026000,
MP_T_DudukBerdiri_1,movenet,4,0.132975,ok,1,direct,0.464914,1,left_eye,0,0,0.000000,0.000000,0.000000,2.000000,669.274658,197.475357,,,,0.025000,
MP_T_DudukBerdiri_1,movenet,4,0.132975,ok,1,direct,0.464914,2,right_eye,0,0,0.000000,0.000000,0.000000,2.000000,638.084167,197.078293,,,,0.025000,
MP_T_DudukBerdiri_1,movenet,4,0.132975,ok,1,direct,0.464914,3,left_ear,0,0,0.000000,0.000000,0.000000,2.000000,673.109436,202.139709,,,,0.035000,
MP_T_DudukBerdiri_1,movenet,4,0.132975,ok,1,direct,0.464914,4,right_ear,0,0,0.000000,0.000000,0.000000,2.000000,597.833618,201.466797,,,,0.035000,
MP_T_DudukBerdiri_1,movenet,4,0.132975,ok,1,direct,0.464914,5,left_shoulder,1,1,2.000000,675.420000,287.760000,2.000000,665.217041,266.210754,23.842616,47.314060,1,0.079000,0.443183
MP_T_DudukBerdiri_1,movenet,4,0.132975,ok,1,direct,0.464914,6,right_shoulder,1,1,2.000000,564.280000,275.580000,2.000000,574.856445,267.265533,13.453310,47.314060,1,0.079000,0.771752
MP_T_DudukBerdiri_1,movenet,4,0.132975,ok,1,direct,0.464914,7,left_elbow,1,1,2.000000,682.090000,373.110000,2.000000,685.055420,345.971588,27.299947,47.314060,1,0.072000,0.276810
MP_T_DudukBerdiri_1,movenet,4,0.132975,ok,1,direct,0.464914,8,right_elbow,1,1,2.000000,541.850000,370.360000,2.000000,553.652466,360.527893,15.361267,47.314060,1,0.072000,0.665866
MP_T_DudukBerdiri_1,movenet,4,0.132975,ok,1,direct,0.464914,9,left_wrist,1,1,2.000000,704.600000,431.840000,2.000000,707.132874,411.899323,20.100897,47.314060,1,0.062000,0.390992
MP_T_DudukBerdiri_1,movenet,4,0.132975,ok,1,direct,0.464914,10,right_wrist,1,1,2.000000,577.560000,439.510000,2.000000,566.111572,431.761353,13.824183,47.314060,1,0.062000,0.641359
MP_T_DudukBerdiri_1,movenet,4,0.132975,ok,1,direct,0.464914,11,left_hip,1,1,2.000000,626.720000,402.500000,2.000000,654.929871,396.711487,28.797633,47.314060,1,0.107000,0.523543
MP_T_DudukBerdiri_1,movenet,4,0.132975,ok,1,direct,0.464914,12,right_hip,1,1,2.000000,546.430000,394.960000,2.000000,587.733704,402.266602,41.944992,47.314060,1,0.107000,0.253368
MP_T_DudukBerdiri_1,movenet,4,0.132975,ok,1,direct,0.464914,13,left_knee,1,1,2.000000,706.760000,467.550000,2.000000,710.019287,486.952271,19.674121,47.314060,1,0.087000,0.633257
MP_T_DudukBerdiri_1,movenet,4,0.132975,ok,1,direct,0.464914,14,right_knee,1,0,0.000000,583.920000,471.910000,2.000000,642.417297,488.871735,,,,0.087000,
MP_T_DudukBerdiri_1,movenet,4,0.132975,ok,1,direct,0.464914,15,left_ankle,1,1,2.000000,665.590000,602.820000,2.000000,691.635498,586.433777,30.771355,47.314060,1,0.089000,0.343702
MP_T_DudukBerdiri_1,movenet,4,0.132975,ok,1,direct,0.464914,16,right_ankle,1,1,2.000000,577.830000,614.950000,2.000000,674.787231,584.844971,101.523483,47.314060,0,0.089000,0.000009
MP_T_DudukBerdiri_1,movenet,5,0.166218,ok,1,direct,0.473191,0,nose,0,0,0.000000,0.000000,0.000000,2.000000,655.863281,196.963989,,,,0.026000,
MP_T_DudukBerdiri_1,movenet,5,0.166218,ok,1,direct,0.473191,1,left_eye,0,0,0.000000,0.000000,0.000000,2.000000,669.829651,186.345520,,,,0.025000,
MP_T_DudukBerdiri_1,movenet,5,0.166218,ok,1,direct,0.473191,2,right_eye,0,0,0.000000,0.000000,0.000000,2.000000,638.371643,186.416107,,,,0.025000,
MP_T_DudukBerdiri_1,movenet,5,0.166218,ok,1,direct,0.473191,3,left_ear,0,0,0.000000,0.000000,0.000000,2.000000,677.241150,190.738968,,,,0.035000,
MP_T_DudukBerdiri_1,movenet,5,0.166218,ok,1,direct,0.473191,4,right_ear,0,0,0.000000,0.000000,0.000000,2.000000,601.214355,191.204208,,,,0.035000,
MP_T_DudukBerdiri_1,movenet,5,0.166218,ok,1,direct,0.473191,5,left_shoulder,1,1,2.000000,678.930000,283.080000,2.000000,669.144226,259.476868,25.551306,46.809568,1,0.079000,0.384872
MP_T_DudukBerdiri_1,movenet,5,0.166218,ok,1,direct,0.473191,6,right_shoulder,1,1,2.000000,565.310000,269.580000,2.000000,575.103638,257.391937,15.635351,46.809568,1,0.079000,0.699396
MP_T_DudukBerdiri_1,movenet,5,0.166218,ok,1,direct,0.473191,7,left_elbow,1,1,2.000000,685.160000,370.470000,2.000000,683.064270,338.153778,32.384105,46.809568,1,0.072000,0.157782
MP_T_DudukBerdiri_1,movenet,5,0.166218,ok,1,direct,0.473191,8,right_elbow,1,1,2.000000,546.550000,366.460000,2.000000,550.310303,342.841461,23.916004,46.809568,1,0.072000,0.365276
MP_T_DudukBerdiri_1,movenet,5,0.166218,ok,1,direct,0.473191,9,left_wrist,1,1,2.000000,705.190000,431.110000,2.000000,711.053223,403.288635,28.432476,46.809568,1,0.062000,0.146668
MP_T_DudukBerdiri_1,movenet,5,0.166218,ok,1,direct,0.473191,10,right_wrist,1,1,2.000000,579.200000,438.530000,2.000000,554.866638,413.567749,34.860099,46.809568,1,0.062000,0.055822
MP_T_DudukBerdiri_1,movenet,5,0.166218,ok,1,direct,0.473191,11,left_hip,1,1,2.000000,627.450000,395.330000,2.000000,654.937012,390.062408,27.987199,46.809568,1,0.107000,0.535545
MP_T_DudukBerdiri_1,movenet,5,0.166218,ok,1,direct,0.473191,12,right_hip,1,1,2.000000,548.190000,387.780000,2.000000,589.029480,394.686340,41.419327,46.809568,1,0.107000,0.254685
MP_T_DudukBerdiri_1,movenet,5,0.166218,ok,1,direct,0.473191,13,left_knee,1,1,2.000000,704.710000,465.940000,2.000000,703.941284,480.838745,14.918563,46.809568,1,0.087000,0.764605
MP_T_DudukBerdiri_1,movenet,5,0.166218,ok,1,direct,0.473191,14,right_knee,1,1,2.000000,585.240000,468.400000,2.000000,628.100342,484.617493,45.825931,46.809568,1,0.087000,0.079462
MP_T_DudukBerdiri_1,movenet,5,0.166218,ok,1,direct,0.473191,15,left_ankle,1,1,2.000000,665.590000,602.820000,2.000000,689.584045,587.729736,28.344846,46.809568,1,0.089000,0.396204
MP_T_DudukBerdiri_1,movenet,5,0.166218,ok,1,direct,0.473191,16,right_ankle,1,1,2.000000,577.830000,614.880000,2.000000,671.690796,586.363831,98.096998,46.809568,0,0.089000,0.000015
MP_T_DudukBerdiri_1,movenet,6,0.199462,ok,1,direct,0.445742,0,nose,0,0,0.000000,0.000000,0.000000,2.000000,652.422607,185.956863,,,,0.026000,
MP_T_DudukBerdiri_1,movenet,6,0.199462,ok,1,direct,0.445742,1,left_eye,0,0,0.000000,0.000000,0.000000,2.000000,668.505127,176.401031,,,,0.025000,
MP_T_DudukBerdiri_1,movenet,6,0.199462,ok,1,direct,0.445742,2,right_eye,0,0,0.000000,0.000000,0.000000,2.000000,636.262451,176.263840,,,,0.025000,
MP_T_DudukBerdiri_1,movenet,6,0.199462,ok,1,direct,0.445742,3,left_ear,0,0,0.000000,0.000000,0.000000,2.000000,679.736084,180.826248,,,,0.035000,
MP_T_DudukBerdiri_1,movenet,6,0.199462,ok,1,direct,0.445742,4,right_ear,0,0,0.000000,0.000000,0.000000,2.000000,600.287170,181.061142,,,,0.035000,
MP_T_DudukBerdiri_1,movenet,6,0.199462,ok,1,direct,0.445742,5,left_shoulder,1,1,2.000000,679.040000,273.020000,2.000000,668.075500,243.395279,31.588674,46.672661,1,0.079000,0.230396
MP_T_DudukBerdiri_1,movenet,6,0.199462,ok,1,direct,0.445742,6,right_shoulder,1,1,2.000000,566.960000,259.420000,2.000000,580.406982,245.574081,19.301057,46.672661,1,0.079000,0.578081
MP_T_DudukBerdiri_1,movenet,6,0.199462,ok,1,direct,0.445742,7,left_elbow,1,1,2.000000,684.620000,361.290000,2.000000,683.158813,318.638092,42.676930,46.672661,1,0.072000,0.039727
MP_T_DudukBerdiri_1,movenet,6,0.199462,ok,1,direct,0.445742,8,right_elbow,1,1,2.000000,550.560000,359.660000,2.000000,550.874512,327.155060,32.506462,46.672661,1,0.072000,0.153900
MP_T_DudukBerdiri_1,movenet,6,0.199462,ok,1,direct,0.445742,9,left_wrist,1,1,2.000000,702.020000,424.990000,2.000000,698.319336,373.486023,51.636756,46.672661,0,0.062000,0.001715
MP_T_DudukBerdiri_1,movenet,6,0.199462,ok,1,direct,0.445742,10,right_wrist,1,1,2.000000,580.330000,433.040000,2.000000,562.066895,400.568146,37.255367,46.672661,1,0.062000,0.036330
MP_T_DudukBerdiri_1,movenet,6,0.199462,ok,1,direct,0.445742,11,left_hip,1,1,2.000000,628.260000,387.840000,2.000000,650.023499,379.961182,23.145748,46.672661,1,0.107000,0.650759
MP_T_DudukBerdiri_1,movenet,6,0.199462,ok,1,direct,0.445742,12,right_hip,1,1,2.000000,548.780000,381.340000,2.000000,587.815735,385.176361,39.223797,46.672661,1,0.107000,0.291191
MP_T_DudukBerdiri_1,movenet,6,0.199462,ok,1,direct,0.445742,13,left_knee,1,1,2.000000,701.780000,465.350000,2.000000,691.450684,478.552307,16.762926,46.672661,1,0.087000,0.711164
MP_T_DudukBerdiri_1,movenet,6,0.199462,ok,1,direct,0.445742,14,right_knee,1,1,2.000000,585.620000,467.140000,0.000000,623.074951,481.118469,,46.672661,0,0.087000,0.000000
MP_T_DudukBerdiri_1,movenet,6,0.199462,ok,1,direct,0.445742,15,left_ankle,1,1,2.000000,665.590000,602.820000,2.000000,687.886414,582.757141,29.994139,46.672661,1,0.089000,0.352469
MP_T_DudukBerdiri_1,movenet,6,0.199462,ok,1,direct,0.445742,16,right_ankle,1,1,2.000000,577.830000,614.800000,2.000000,674.272766,582.570251,101.685613,46.672661,0,0.089000,0.000006
MP_T_DudukBerdiri_1,movenet,7,0.232706,ok,1,direct,0.462344,0,nose,0,0,0.000000,0.000000,0.000000,2.000000,655.850708,174.410828,,,,0.026000,
MP_T_DudukBerdiri_1,movenet,7,0.232706,ok,1,direct,0.462344,1,left_eye,0,0,0.000000,0.000000,0.000000,2.000000,670.687622,164.873398,,,,0.025000,
MP_T_DudukBerdiri_1,movenet,7,0.232706,ok,1,direct,0.462344,2,right_eye,0,0,0.000000,0.000000,0.000000,2.000000,637.767456,164.441025,,,,0.025000,
MP_T_DudukBerdiri_1,movenet,7,0.232706,ok,1,direct,0.462344,3,left_ear,0,0,0.000000,0.000000,0.000000,2.000000,682.138062,170.495972,,,,0.035000,
MP_T_DudukBerdiri_1,movenet,7,0.232706,ok,1,direct,0.462344,4,right_ear,0,0,0.000000,0.000000,0.000000,2.000000,601.948181,170.322357,,,,0.035000,
MP_T_DudukBerdiri_1,movenet,7,0.232706,ok,1,direct,0.462344,5,left_shoulder,1,1,2.000000,679.150000,262.960000,2.000000,674.064880,236.344498,27.096926,46.747242,1,0.079000,0.340710
MP_T_DudukBerdiri_1,movenet,7,0.232706,ok,1,direct,0.462344,6,right_shoulder,1,1,2.000000,568.620000,249.270000,2.000000,575.641541,237.917877,13.348136,46.747242,1,0.079000,0.770066
MP_T_DudukBerdiri_1,movenet,7,0.232706,ok,1,direct,0.462344,7,left_elbow,1,1,2.000000,684.070000,352.100000,2.000000,681.285400,312.290100,39.907169,46.747242,1,0.072000,0.060108
MP_T_DudukBerdiri_1,movenet,7,0.232706,ok,1,direct,0.462344,8,right_elbow,1,1,2.000000,554.560000,352.870000,2.000000,555.077026,325.569214,27.305681,46.747242,1,0.072000,0.268122
MP_T_DudukBerdiri_1,movenet,7,0.232706,ok,1,direct,0.462344,9,left_wrist,1,1,2.000000,698.850000,418.870000,2.000000,693.259277,365.050964,54.108639,46.747242,0,0.062000,0.000939
MP_T_DudukBerdiri_1,movenet,7,0.232706,ok,1,direct,0.462344,10,right_wrist,1,1,2.000000,581.470000,427.550000,2.000000,562.753357,390.136230,41.834231,46.747242,1,0.062000,0.015502
MP_T_DudukBerdiri_1,movenet,7,0.232706,ok,1,direct,0.462344,11,left_hip,1,1,2.000000,629.060000,380.340000,2.000000,651.813049,366.344788,26.712679,46.747242,1,0.107000,0.565295
MP_T_DudukBerdiri_1,movenet,7,0.232706,ok,1,direct,0.462344,12,right_hip,1,1,2.000000,549.360000,374.900000,2.000000,583.208679,370.724060,34.105301,46.747242,1,0.107000,0.394629
MP_T_DudukBerdiri_1,movenet,7,0.232706,ok,1,direct,0.462344,13,left_knee,1,1,2.000000,698.850000,464.770000,2.000000,691.546021,470.896210,9.533025,46.747242,1,0.087000,0.895937
MP_T_DudukBerdiri_1,movenet,7,0.232706,ok,1,direct,0.462344,14,right_knee,1,1,2.000000,586.000000,465.880000,2.000000,603.425842,476.863373,20.598409,46.747242,1,0.087000,0.598676
MP_T_DudukBerdiri_1,movenet,7,0.232706,ok,1,direct,0.462344,15,left_ankle,1,1,2.000000,665.590000,602.820000,2.000000,685.313477,577.738708,31.907471,46.747242,1,0.089000,0.308414
MP_T_DudukBerdiri_1,movenet,7,0.232706,ok,1,direct,0.462344,16,right_ankle,1,1,2.000000,577.830000,614.730000,2.000000,667.679138,577.108337,97.407685,46.747242,0,0.089000,0.000017
MP_T_DudukBerdiri_1,movenet,8,0.265950,ok,1,direct,0.331453,0,nose,0,0,0.000000,0.000000,0.000000,2.000000,656.672729,165.761124,,,,0.026000,
MP_T_DudukBerdiri_1,movenet,8,0.265950,ok,1,direct,0.331453,1,left_eye,0,0,0.000000,0.000000,0.000000,2.000000,670.371826,154.407669,,,,0.025000,
MP_T_DudukBerdiri_1,movenet,8,0.265950,ok,1,direct,0.331453,2,right_eye,0,0,0.000000,0.000000,0.000000,2.000000,637.477173,153.710968,,,,0.025000,
MP_T_DudukBerdiri_1,movenet,8,0.265950,ok,1,direct,0.331453,3,left_ear,0,0,0.000000,0.000000,0.000000,2.000000,679.510864,158.880234,,,,0.035000,
MP_T_DudukBerdiri_1,movenet,8,0.265950,ok,1,direct,0.331453,4,right_ear,0,0,0.000000,0.000000,0.000000,2.000000,598.734619,159.917511,,,,0.035000,
MP_T_DudukBerdiri_1,movenet,8,0.265950,ok,1,direct,0.331453,5,left_shoulder,1,1,2.000000,679.260000,252.900000,2.000000,668.699951,223.078506,31.635994,46.828534,1,0.079000,0.231639
MP_T_DudukBerdiri_1,movenet,8,0.265950,ok,1,direct,0.331453,6,right_shoulder,1,1,2.000000,570.280000,239.110000,2.000000,571.300903,229.806854,9.358994,46.828534,1,0.079000,0.879853
MP_T_DudukBerdiri_1,movenet,8,0.265950,ok,1,direct,0.331453,7,left_elbow,1,1,2.000000,683.530000,342.920000,2.000000,675.416382,306.627472,37.188417,46.828534,1,0.072000,0.087765
MP_T_DudukBerdiri_1,movenet,8,0.265950,ok,1,direct,0.331453,8,right_elbow,1,1,2.000000,558.560000,346.080000,2.000000,570.059937,317.648834,30.668872,46.828534,1,0.072000,0.191135
MP_T_DudukBerdiri_1,movenet,8,0.265950,ok,1,direct,0.331453,9,left_wrist,1,1,2.000000,695.670000,412.740000,2.000000,693.066895,366.201233,46.611511,46.828534,1,0.062000,0.005772
MP_T_DudukBerdiri_1,movenet,8,0.265950,ok,1,direct,0.331453,10,right_wrist,1,1,2.000000,582.610000,422.050000,0.000000,588.533020,374.346985,,46.828534,0,0.062000,0.000000
MP_T_DudukBerdiri_1,movenet,8,0.265950,ok,1,direct,0.331453,11,left_hip,1,1,2.000000,629.870000,372.840000,2.000000,642.908325,369.324463,13.503960,46.828534,1,0.107000,0.864792
MP_T_DudukBerdiri_1,movenet,8,0.265950,ok,1,direct,0.331453,12,right_hip,1,1,2.000000,549.950000,368.460000,2.000000,582.721680,371.690491,32.930519,46.828534,1,0.107000,0.421536
MP_T_DudukBerdiri_1,movenet,8,0.265950,ok,1,direct,0.331453,13,left_knee,1,1,2.000000,695.930000,464.180000,0.000000,666.763428,470.516235,,46.828534,0,0.087000,0.000000
MP_T_DudukBerdiri_1,movenet,8,0.265950,ok,1,direct,0.331453,14,right_knee,1,1,2.000000,586.380000,464.630000,2.000000,581.661926,473.604553,10.139173,46.828534,1,0.087000,0.883492
MP_T_DudukBerdiri_1,movenet,8,0.265950,ok,1,direct,0.331453,15,left_ankle,1,1,2.000000,665.590000,602.820000,0.000000,575.418945,506.686401,,46.828534,0,0.089000,0.000000
MP_T_DudukBerdiri_1,movenet,8,0.265950,ok,1,direct,0.331453,16,right_ankle,1,1,2.000000,577.830000,614.660000,0.000000,576.772949,512.073425,,46.828534,0,0.089000,0.000000
MP_T_DudukBerdiri_1,movenet,9,0.299193,ok,1,direct,0.345503,0,nose,0,0,0.000000,0.000000,0.000000,2.000000,656.859436,153.931442,,,,0.026000,
MP_T_DudukBerdiri_1,movenet,9,0.299193,ok,1,direct,0.345503,1,left_eye,0,0,0.000000,0.000000,0.000000,2.000000,670.937500,143.347427,,,,0.025000,
MP_T_DudukBerdiri_1,movenet,9,0.299193,ok,1,direct,0.345503,2,right_eye,0,0,0.000000,0.000000,0.000000,2.000000,638.875244,143.357681,,,,0.025000,
MP_T_DudukBerdiri_1,movenet,9,0.299193,ok,1,direct,0.345503,3,left_ear,0,0,0.000000,0.000000,0.000000,2.000000,678.551270,148.351212,,,,0.035000,
MP_T_DudukBerdiri_1,movenet,9,0.299193,ok,1,direct,0.345503,4,right_ear,0,0,0.000000,0.000000,0.000000,2.000000,600.489990,147.868942,,,,0.035000,
MP_T_DudukBerdiri_1,movenet,9,0.299193,ok,1,direct,0.345503,5,left_shoulder,1,1,2.000000,679.370000,242.840000,2.000000,666.251709,211.991455,33.521967,46.878260,1,0.079000,0.194238
MP_T_DudukBerdiri_1,movenet,9,0.299193,ok,1,direct,0.345503,6,right_shoulder,1,1,2.000000,571.940000,228.960000,2.000000,575.104309,217.797150,11.602676,46.878260,1,0.079000,0.821755
MP_T_DudukBerdiri_1,movenet,9,0.299193,ok,1,direct,0.345503,7,left_elbow,1,1,2.000000,682.980000,333.730000,2.000000,675.861450,299.099304,35.354757,46.878260,1,0.072000,0.111424
MP_T_DudukBerdiri_1,movenet,9,0.299193,ok,1,direct,0.345503,8,right_elbow,1,1,2.000000,562.570000,339.290000,0.000000,573.056702,308.738342,,46.878260,0,0.072000,0.000000
MP_T_DudukBerdiri_1,movenet,9,0.299193,ok,1,direct,0.345503,9,left_wrist,1,1,2.000000,692.500000,406.620000,2.000000,692.381104,360.306244,46.313909,46.878260,1,0.062000,0.006230
MP_T_DudukBerdiri_1,movenet,9,0.299193,ok,1,direct,0.345503,10,right_wrist,1,1,2.000000,583.750000,416.560000,2.000000,566.288757,380.820221,39.777215,46.878260,1,0.062000,0.023611
MP_T_DudukBerdiri_1,movenet,9,0.299193,ok,1,direct,0.345503,11,left_hip,1,1,2.000000,630.680000,365.350000,2.000000,637.917175,358.377838,10.049266,46.878260,1,0.107000,0.922861
MP_T_DudukBerdiri_1,movenet,9,0.299193,ok,1,direct,0.345503,12,right_hip,1,1,2.000000,550.530000,362.020000,2.000000,579.181763,365.456085,28.857065,46.878260,1,0.107000,0.515846
MP_T_DudukBerdiri_1,movenet,9,0.299193,ok,1,direct,0.345503,13,left_knee,1,1,2.000000,693.000000,463.590000,2.000000,665.687805,468.567230,27.762003,46.878260,1,0.087000,0.395849
MP_T_DudukBerdiri_1,movenet,9,0.299193,ok,1,direct,0.345503,14,right_knee,1,1,2.000000,586.760000,463.370000,2.000000,578.165405,472.788147,12.750237,46.878260,1,0.087000,0.822446
MP_T_DudukBerdiri_1,movenet,9,0.299193,ok,1,direct,0.345503,15,left_ankle,1,1,2.000000,665.590000,602.820000,0.000000,670.874573,577.739380,,46.878260,0,0.089000,0.000000
MP_T_DudukBerdiri_1,movenet,9,0.299193,ok,1,direct,0.345503,16,right_ankle,1,1,2.000000,577.830000,614.580000,0.000000,619.359924,544.386353,,46.878260,0,0.089000,0.000000
MP_T_DudukBerdiri_1,movenet,10,0.332437,ok,1,direct,0.347005,0,nose,0,0,0.000000,0.000000,0.000000,2.000000,653.918213,143.355911,,,,0.026000,
MP_T_DudukBerdiri_1,movenet,10,0.332437,ok,1,direct,0.347005,1,left_eye,0,0,0.000000,0.000000,0.000000,2.000000,669.067993,132.646347,,,,0.025000,
MP_T_DudukBerdiri_1,movenet,10,0.332437,ok,1,direct,0.347005,2,right_eye,0,0,0.000000,0.000000,0.000000,2.000000,637.993652,132.208420,,,,0.025000,
MP_T_DudukBerdiri_1,movenet,10,0.332437,ok,1,direct,0.347005,3,left_ear,0,0,0.000000,0.000000,0.000000,2.000000,678.109131,138.633957,,,,0.035000,
MP_T_DudukBerdiri_1,movenet,10,0.332437,ok,1,direct,0.347005,4,right_ear,0,0,0.000000,0.000000,0.000000,2.000000,601.330383,137.370499,,,,0.035000,
MP_T_DudukBerdiri_1,movenet,10,0.332437,ok,1,direct,0.347005,5,left_shoulder,1,1,2.000000,679.480000,232.780000,2.000000,661.647705,197.763901,39.295266,46.897294,1,0.079000,0.105411
MP_T_DudukBerdiri_1,movenet,10,0.332437,ok,1,direct,0.347005,6,right_shoulder,1,1,2.000000,573.600000,218.800000,2.000000,576.050049,207.297180,11.760850,46.897294,1,0.079000,0.817472
MP_T_DudukBerdiri_1,movenet,10,0.332437,ok,1,direct,0.347005,7,left_elbow,1,1,2.000000,682.430000,324.550000,2.000000,673.267212,286.783417,38.862212,46.897294,1,0.072000,0.070704
MP_T_DudukBerdiri_1,movenet,10,0.332437,ok,1,direct,0.347005,8,right_elbow,1,1,2.000000,566.570000,332.500000,2.000000,572.636230,291.778931,41.170434,46.897294,1,0.072000,0.051134
MP_T_DudukBerdiri_1,movenet,10,0.332437,ok,1,direct,0.347005,9,left_wrist,1,1,2.000000,689.330000,400.490000,2.000000,696.227783,343.224060,57.679869,46.897294,0,0.062000,0.000382
MP_T_DudukBerdiri_1,movenet,10,0.332437,ok,1,direct,0.347005,10,right_wrist,1,1,2.000000,584.880000,411.070000,2.000000,614.731689,354.763489,63.730264,46.897294,0,0.062000,0.000067
MP_T_DudukBerdiri_1,movenet,10,0.332437,ok,1,direct,0.347005,11,left_hip,1,1,2.000000,631.480000,357.850000,2.000000,636.799438,348.740875,10.548582,46.897294,1,0.107000,0.915413
MP_T_DudukBerdiri_1,movenet,10,0.332437,ok,1,direct,0.347005,12,right_hip,1,1,2.000000,551.120000,355.580000,2.000000,572.773193,353.152161,21.788878,46.897294,1,0.107000,0.685859
MP_T_DudukBerdiri_1,movenet,10,0.332437,ok,1,direct,0.347005,13,left_knee,1,1,2.000000,690.070000,463.010000,0.000000,677.072083,451.654907,,46.897294,0,0.087000,0.000000
MP_T_DudukBerdiri_1,movenet,10,0.332437,ok,1,direct,0.347005,14,right_knee,1,1,2.000000,587.140000,462.120000,2.000000,576.729614,470.611725,13.434490,46.897294,1,0.087000,0.805059
MP_T_DudukBerdiri_1,movenet,10,0.332437,ok,1,direct,0.347005,15,left_ankle,1,1,2.000000,665.590000,602.820000,0.000000,664.079956,580.528625,,46.897294,0,0.089000,0.000000
MP_T_DudukBerdiri_1,movenet,10,0.332437,ok,1,direct,0.347005,16,right_ankle,1,1,2.000000,577.830000,614.510000,0.000000,573.602783,515.924744,,46.897294,0,0.089000,0.000000
MP_T_DudukBerdiri_1,movenet,11,0.365681,ok,1,direct,0.372999,0,nose,0,0,0.000000,0.000000,0.000000,2.000000,650.706787,131.157410,,,,0.026000,
MP_T_DudukBerdiri_1,movenet,11,0.365681,ok,1,direct,0.372999,1,left_eye,0,0,0.000000,0.000000,0.000000,2.000000,665.068298,120.855370,,,,0.025000,
MP_T_DudukBerdiri_1,movenet,11,0.365681,ok,1,direct,0.372999,2,right_eye,0,0,0.000000,0.000000,0.000000,2.000000,633.865967,120.552948,,,,0.025000,
MP_T_DudukBerdiri_1,movenet,11,0.365681,ok,1,direct,0.372999,3,left_ear,0,0,0.000000,0.000000,0.000000,2.000000,675.179565,128.190369,,,,0.035000,
MP_T_DudukBerdiri_1,movenet,11,0.365681,ok,1,direct,0.372999,4,right_ear,0,0,0.000000,0.000000,0.000000,2.000000,599.850220,127.722191,,,,0.035000,
MP_T_DudukBerdiri_1,movenet,11,0.365681,ok,1,direct,0.372999,5,left_shoulder,1,1,2.000000,679.340000,223.890000,2.000000,662.496704,189.326553,38.449037,45.944737,1,0.079000,0.106005
MP_T_DudukBerdiri_1,movenet,11,0.365681,ok,1,direct,0.372999,6,right_shoulder,1,1,2.000000,573.460000,210.460000,2.000000,571.235229,200.270889,10.429170,45.944737,1,0.079000,0.847791
MP_T_DudukBerdiri_1,movenet,11,0.365681,ok,1,direct,0.372999,7,left_elbow,1,1,2.000000,682.570000,315.660000,2.000000,671.944336,275.828278,41.224639,45.944737,1,0.072000,0.044778
MP_T_DudukBerdiri_1,movenet,11,0.365681,ok,1,direct,0.372999,8,right_elbow,1,1,2.000000,566.570000,321.840000,2.000000,570.231750,288.971802,33.071542,45.944737,1,0.072000,0.135477
MP_T_DudukBerdiri_1,movenet,11,0.365681,ok,1,direct,0.372999,9,left_wrist,1,1,2.000000,687.560000,393.930000,2.000000,697.132263,339.906769,54.864722,45.944737,0,0.062000,0.000600
MP_T_DudukBerdiri_1,movenet,11,0.365681,ok,1,direct,0.372999,10,right_wrist,1,1,2.000000,585.700000,401.510000,2.000000,590.442017,351.668457,50.066617,45.944737,0,0.062000,0.002074
MP_T_DudukBerdiri_1,movenet,11,0.365681,ok,1,direct,0.372999,11,left_hip,1,1,2.000000,631.480000,356.480000,2.000000,648.965515,345.337311,20.734097,45.944737,1,0.107000,0.700638
MP_T_DudukBerdiri_1,movenet,11,0.365681,ok,1,direct,0.372999,12,right_hip,1,1,2.000000,557.000000,354.350000,2.000000,575.865601,351.574615,19.068656,45.944737,1,0.107000,0.740147
MP_T_DudukBerdiri_1,movenet,11,0.365681,ok,1,direct,0.372999,13,left_knee,1,1,2.000000,687.610000,462.050000,2.000000,658.469238,462.864166,29.152133,45.944737,1,0.087000,0.345141
MP_T_DudukBerdiri_1,movenet,11,0.365681,ok,1,direct,0.372999,14,right_knee,1,1,2.000000,586.660000,461.480000,0.000000,578.233521,471.395477,,45.944737,0,0.087000,0.000000
MP_T_DudukBerdiri_1,movenet,11,0.365681,ok,1,direct,0.372999,15,left_ankle,1,1,2.000000,665.590000,602.820000,2.000000,485.091370,611.038208,180.685623,45.944737,0,0.089000,0.000000
MP_T_DudukBerdiri_1,movenet,11,0.365681,ok,1,direct,0.372999,16,right_ankle,1,1,2.000000,577.830000,614.510000,0.000000,564.468445,514.182983,,45.944737,0,0.089000,0.000000
MP_T_DudukBerdiri_1,movenet,12,0.398924,ok,1,direct,0.359951,0,nose,0,0,0.000000,0.000000,0.000000,2.000000,651.177734,122.518112,,,,0.026000,
MP_T_DudukBerdiri_1,movenet,12,0.398924,ok,1,direct,0.359951,1,left_eye,0,0,0.000000,0.000000,0.000000,2.000000,664.362244,113.481369,,,,0.025000,
MP_T_DudukBerdiri_1,movenet,12,0.398924,ok,1,direct,0.359951,2,right_eye,0,0,0.000000,0.000000,0.000000,2.000000,635.670715,111.105003,,,,0.025000,
MP_T_DudukBerdiri_1,movenet,12,0.398924,ok,1,direct,0.359951,3,left_ear,0,0,0.000000,0.000000,0.000000,2.000000,671.350403,119.281364,,,,0.035000,
MP_T_DudukBerdiri_1,movenet,12,0.398924,ok,1,direct,0.359951,4,right_ear,0,0,0.000000,0.000000,0.000000,2.000000,598.473572,118.725319,,,,0.035000,
MP_T_DudukBerdiri_1,movenet,12,0.398924,ok,1,direct,0.359951,5,left_shoulder,1,1,2.000000,679.210000,215.010000,2.000000,658.970032,184.933319,36.252766,45.026937,1,0.079000,0.125260
MP_T_DudukBerdiri_1,movenet,12,0.398924,ok,1,direct,0.359951,6,right_shoulder,1,1,2.000000,573.320000,202.130000,2.000000,569.767883,193.388626,9.435526,45.026937,1,0.079000,0.868730
MP_T_DudukBerdiri_1,movenet,12,0.398924,ok,1,direct,0.359951,7,left_elbow,1,1,2.000000,682.710000,306.780000,2.000000,672.995911,270.553619,37.506189,45.026937,1,0.072000,0.068779
MP_T_DudukBerdiri_1,movenet,12,0.398924,ok,1,direct,0.359951,8,right_elbow,1,1,2.000000,566.570000,311.180000,2.000000,573.009705,289.754456,22.372388,45.026937,1,0.072000,0.385792
MP_T_DudukBerdiri_1,movenet,12,0.398924,ok,1,direct,0.359951,9,left_wrist,1,1,2.000000,685.780000,387.370000,2.000000,696.571167,338.173828,50.365788,45.026937,0,0.062000,0.001489
MP_T_DudukBerdiri_1,movenet,12,0.398924,ok,1,direct,0.359951,10,right_wrist,1,1,2.000000,586.520000,391.940000,2.000000,591.499390,355.713470,36.567140,45.026937,1,0.062000,0.032338
MP_T_DudukBerdiri_1,movenet,12,0.398924,ok,1,direct,0.359951,11,left_hip,1,1,2.000000,631.480000,355.120000,2.000000,639.538635,347.368500,11.181563,45.026937,1,0.107000,0.897873
MP_T_DudukBerdiri_1,movenet,12,0.398924,ok,1,direct,0.359951,12,right_hip,1,1,2.000000,562.870000,353.120000,2.000000,565.008484,356.227448,3.772180,45.026937,1,0.107000,0.987815
MP_T_DudukBerdiri_1,movenet,12,0.398924,ok,1,direct,0.359951,13,left_knee,1,1,2.000000,685.150000,461.100000,2.000000,611.269348,486.244751,78.042355,45.026937,0,0.087000,0.000357
MP_T_DudukBerdiri_1,movenet,12,0.398924,ok,1,direct,0.359951,14,right_knee,1,1,2.000000,586.190000,460.850000,2.000000,567.528625,500.149811,43.505425,45.026937,1,0.087000,0.084856
MP_T_DudukBerdiri_1,movenet,12,0.398924,ok,1,direct,0.359951,15,left_ankle,1,1,2.000000,665.590000,602.820000,2.000000,485.393738,615.424683,180.636571,45.026937,0,0.089000,0.000000
MP_T_DudukBerdiri_1,movenet,12,0.398924,ok,1,direct,0.359951,16,right_ankle,1,1,2.000000,577.830000,614.510000,0.000000,567.316101,514.359436,,45.026937,0,0.089000,0.000000
MP_T_DudukBerdiri_1,movenet,13,0.432168,ok,1,direct,0.336920,0,nose,0,0,0.000000,0.000000,0.000000,2.000000,643.532410,111.747269,,,,0.026000,
MP_T_DudukBerdiri_1,movenet,13,0.432168,ok,1,direct,0.336920,1,left_eye,0,0,0.000000,0.000000,0.000000,2.000000,659.541138,101.951523,,,,0.025000,
MP_T_DudukBerdiri_1,movenet,13,0.432168,ok,1,direct,0.336920,2,right_eye,0,0,0.000000,0.000000,0.000000,2.000000,626.857056,100.697838,,,,0.025000,
MP_T_DudukBerdiri_1,movenet,13,0.432168,ok,1,direct,0.336920,3,left_ear,0,0,0.000000,0.000000,0.000000,2.000000,671.743286,107.815781,,,,0.035000,
MP_T_DudukBerdiri_1,movenet,13,0.432168,ok,1,direct,0.336920,4,right_ear,0,0,0.000000,0.000000,0.000000,2.000000,592.462402,106.949265,,,,0.035000,
MP_T_DudukBerdiri_1,movenet,13,0.432168,ok,1,direct,0.336920,5,left_shoulder,1,1,2.000000,679.070000,206.120000,2.000000,666.963379,177.887711,30.718601,44.454538,1,0.079000,0.216494
MP_T_DudukBerdiri_1,movenet,13,0.432168,ok,1,direct,0.336920,6,right_shoulder,1,1,2.000000,573.190000,193.790000,2.000000,568.276489,186.862335,8.493240,44.454538,1,0.079000,0.889608
MP_T_DudukBerdiri_1,movenet,13,0.432168,ok,1,direct,0.336920,7,left_elbow,1,1,2.000000,682.840000,297.890000,2.000000,672.825684,269.797455,29.824112,44.454538,1,0.072000,0.176141
MP_T_DudukBerdiri_1,movenet,13,0.432168,ok,1,direct,0.336920,8,right_elbow,1,1,2.000000,566.570000,300.520000,2.000000,578.617554,284.517700,20.030406,44.454538,1,0.072000,0.456909
MP_T_DudukBerdiri_1,movenet,13,0.432168,ok,1,direct,0.336920,9,left_wrist,1,1,2.000000,684.000000,380.810000,2.000000,695.176880,341.002289,41.347025,44.454538,1,0.062000,0.011099
MP_T_DudukBerdiri_1,movenet,13,0.432168,ok,1,direct,0.336920,10,right_wrist,1,1,2.000000,587.340000,382.370000,2.000000,583.851379,363.241577,19.443946,44.454538,1,0.062000,0.369588
MP_T_DudukBerdiri_1,movenet,13,0.432168,ok,1,direct,0.336920,11,left_hip,1,1,2.000000,631.480000,353.750000,2.000000,644.290527,343.126923,16.642097,44.454538,1,0.107000,0.782846
MP_T_DudukBerdiri_1,movenet,13,0.432168,ok,1,direct,0.336920,12,right_hip,1,1,2.000000,568.750000,351.890000,2.000000,575.977051,347.391998,8.512478,44.454538,1,0.107000,0.937955
MP_T_DudukBerdiri_1,movenet,13,0.432168,ok,1,direct,0.336920,13,left_knee,1,1,2.000000,682.690000,460.140000,2.000000,660.680603,467.947144,23.353052,44.454538,1,0.087000,0.482295
MP_T_DudukBerdiri_1,movenet,13,0.432168,ok,1,direct,0.336920,14,right_knee,1,1,2.000000,585.710000,460.220000,0.000000,584.986084,460.393372,,44.454538,0,0.087000,0.000000
MP_T_DudukBerdiri_1,movenet,13,0.432168,ok,1,direct,0.336920,15,left_ankle,1,1,2.000000,665.590000,602.820000,0.000000,581.145752,512.830139,,44.454538,0,0.089000,0.000000
MP_T_DudukBerdiri_1,movenet,13,0.432168,ok,1,direct,0.336920,16,right_ankle,1,1,2.000000,577.830000,614.510000,0.000000,575.960938,513.975403,,44.454538,0,0.089000,0.000000
MP_T_DudukBerdiri_1,movenet,14,0.465412,ok,1,direct,0.327172,0,nose,0,0,0.000000,0.000000,0.000000,2.000000,645.967102,102.798996,,,,0.026000,
MP_T_DudukBerdiri_1,movenet,14,0.465412,ok,1,direct,0.327172,1,left_eye,0,0,0.000000,0.000000,0.000000,2.000000,659.480347,93.825691,,,,0.025000,
MP_T_DudukBerdiri_1,movenet,14,0.465412,ok,1,direct,0.327172,2,right_eye,0,0,0.000000,0.000000,0.000000,2.000000,627.476868,93.521286,,,,0.025000,
MP_T_DudukBerdiri_1,movenet,14,0.465412,ok,1,direct,0.327172,3,left_ear,0,0,0.000000,0.000000,0.000000,2.000000,669.928528,100.458961,,,,0.035000,
MP_T_DudukBerdiri_1,movenet,14,0.465412,ok,1,direct,0.327172,4,right_ear,0,0,0.000000,0.000000,0.000000,2.000000,591.875793,100.548477,,,,0.035000,
MP_T_DudukBerdiri_1,movenet,14,0.465412,ok,1,direct,0.327172,5,left_shoulder,1,1,2.000000,678.930000,197.240000,2.000000,664.152466,167.982895,32.777335,44.697595,1,0.079000,0.178481
MP_T_DudukBerdiri_1,movenet,14,0.465412,ok,1,direct,0.327172,6,right_shoulder,1,1,2.000000,573.050000,185.450000,2.000000,568.104126,178.295059,8.697980,44.697595,1,0.079000,0.885723
MP_T_DudukBerdiri_1,movenet,14,0.465412,ok,1,direct,0.327172,7,left_elbow,1,1,2.000000,682.980000,289.010000,2.000000,670.582886,258.841766,32.616112,44.697595,1,0.072000,0.128184
MP_T_DudukBerdiri_1,movenet,14,0.465412,ok,1,direct,0.327172,8,right_elbow,1,1,2.000000,566.570000,289.850000,2.000000,573.372681,269.481750,21.474218,44.697595,1,0.072000,0.410453
MP_T_DudukBerdiri_1,movenet,14,0.465412,ok,1,direct,0.327172,9,left_wrist,1,1,2.000000,682.220000,374.250000,2.000000,692.883667,327.576050,47.876627,44.697595,0,0.062000,0.002556
MP_T_DudukBerdiri_1,movenet,14,0.465412,ok,1,direct,0.327172,10,right_wrist,1,1,2.000000,588.160000,372.800000,2.000000,598.715088,336.851837,37.465722,44.697595,1,0.062000,0.025849
MP_T_DudukBerdiri_1,movenet,14,0.465412,ok,1,direct,0.327172,11,left_hip,1,1,2.000000,631.480000,352.380000,2.000000,637.693298,337.946686,15.713868,44.697595,1,0.107000,0.805813
MP_T_DudukBerdiri_1,movenet,14,0.465412,ok,1,direct,0.327172,12,right_hip,1,1,2.000000,574.630000,350.660000,0.000000,569.306091,340.954163,,44.697595,0,0.107000,0.000000
MP_T_DudukBerdiri_1,movenet,14,0.465412,ok,1,direct,0.327172,13,left_knee,1,1,2.000000,680.230000,459.180000,2.000000,571.378479,501.252838,116.699517,44.697595,0,0.087000,0.000000
MP_T_DudukBerdiri_1,movenet,14,0.465412,ok,1,direct,0.327172,14,right_knee,1,1,2.000000,585.240000,459.590000,2.000000,566.772888,502.353424,46.580518,44.697595,0,0.087000,0.056718
MP_T_DudukBerdiri_1,movenet,14,0.465412,ok,1,direct,0.327172,15,left_ankle,1,1,2.000000,665.590000,602.820000,0.000000,568.407349,512.355225,,44.697595,0,0.089000,0.000000
MP_T_DudukBerdiri_1,movenet,14,0.465412,ok,1,direct,0.327172,16,right_ankle,1,1,2.000000,577.830000,614.510000,0.000000,570.299927,510.162598,,44.697595,0,0.089000,0.000000
MP_T_DudukBerdiri_1,movenet,15,0.498655,ok,1,direct,0.270385,0,nose,0,0,0.000000,0.000000,0.000000,2.000000,396.070679,201.630188,,,,0.026000,
MP_T_DudukBerdiri_1,movenet,15,0.498655,ok,1,direct,0.270385,1,left_eye,0,0,0.000000,0.000000,0.000000,2.000000,370.478241,188.861649,,,,0.025000,
MP_T_DudukBerdiri_1,movenet,15,0.498655,ok,1,direct,0.270385,2,right_eye,0,0,0.000000,0.000000,0.000000,2.000000,391.844849,188.816360,,,,0.025000,
MP_T_DudukBerdiri_1,movenet,15,0.498655,ok,1,direct,0.270385,3,left_ear,0,0,0.000000,0.000000,0.000000,2.000000,272.962982,191.507538,,,,0.035000,
MP_T_DudukBerdiri_1,movenet,15,0.498655,ok,1,direct,0.270385,4,right_ear,0,0,0.000000,0.000000,0.000000,2.000000,358.717468,197.155060,,,,0.035000,
MP_T_DudukBerdiri_1,movenet,15,0.498655,ok,1,direct,0.270385,5,left_shoulder,1,1,2.000000,678.140000,193.130000,2.000000,274.311462,277.398163,412.527103,45.087847,0,0.079000,0.000000
MP_T_DudukBerdiri_1,movenet,15,0.498655,ok,1,direct,0.270385,6,right_shoulder,1,1,2.000000,572.100000,182.600000,2.000000,329.136597,288.045197,264.858273,45.087847,0,0.079000,0.000000
MP_T_DudukBerdiri_1,movenet,15,0.498655,ok,1,direct,0.270385,7,left_elbow,1,1,2.000000,684.240000,283.950000,0.000000,366.088928,395.584198,,45.087847,0,0.072000,0.000000
MP_T_DudukBerdiri_1,movenet,15,0.498655,ok,1,direct,0.270385,8,right_elbow,1,1,2.000000,566.570000,286.690000,2.000000,390.862152,407.990173,213.511077,45.087847,0,0.072000,0.000000
MP_T_DudukBerdiri_1,movenet,15,0.498655,ok,1,direct,0.270385,9,left_wrist,1,1,2.000000,683.960000,369.980000,0.000000,418.216858,375.599030,,45.087847,0,0.062000,0.000000
MP_T_DudukBerdiri_1,movenet,15,0.498655,ok,1,direct,0.270385,10,right_wrist,1,1,2.000000,590.060000,367.900000,0.000000,453.415497,470.276337,,45.087847,0,0.062000,0.000000
MP_T_DudukBerdiri_1,movenet,15,0.498655,ok,1,direct,0.270385,11,left_hip,1,1,2.000000,635.750000,349.540000,2.000000,338.865295,490.336700,328.579121,45.087847,0,0.107000,0.000000
MP_T_DudukBerdiri_1,movenet,15,0.498655,ok,1,direct,0.270385,12,right_hip,1,1,2.000000,578.110000,348.920000,2.000000,385.233032,495.707642,242.380149,45.087847,0,0.107000,0.000000
MP_T_DudukBerdiri_1,movenet,15,0.498655,ok,1,direct,0.270385,13,left_knee,1,1,2.000000,678.010000,458.710000,2.000000,573.036621,498.942322,112.419082,45.087847,0,0.087000,0.000000
MP_T_DudukBerdiri_1,movenet,15,0.498655,ok,1,direct,0.270385,14,right_knee,1,1,2.000000,585.990000,459.450000,2.000000,565.029236,502.547485,47.924387,45.087847,0,0.087000,0.050525
MP_T_DudukBerdiri_1,movenet,15,0.498655,ok,1,direct,0.270385,15,left_ankle,1,1,2.000000,665.590000,602.820000,0.000000,486.826660,620.573059,,45.087847,0,0.089000,0.000000
MP_T_DudukBerdiri_1,movenet,15,0.498655,ok,1,direct,0.270385,16,right_ankle,1,1,2.000000,577.830000,614.510000,0.000000,480.841522,630.592407,,45.087847,0,0.089000,0.000000
MP_T_DudukBerdiri_1,movenet,16,0.531899,ok,1,direct,0.346895,0,nose,0,0,0.000000,0.000000,0.000000,2.000000,641.403198,89.753525,,,,0.026000,
MP_T_DudukBerdiri_1,movenet,16,0.531899,ok,1,direct,0.346895,1,left_eye,0,0,0.000000,0.000000,0.000000,2.000000,656.679077,81.678986,,,,0.025000,
MP_T_DudukBerdiri_1,movenet,16,0.531899,ok,1,direct,0.346895,2,right_eye,0,0,0.000000,0.000000,0.000000,2.000000,624.689575,80.928329,,,,0.025000,
MP_T_DudukBerdiri_1,movenet,16,0.531899,ok,1,direct,0.346895,3,left_ear,0,0,0.000000,0.000000,0.000000,2.000000,668.956238,88.046768,,,,0.035000,
MP_T_DudukBerdiri_1,movenet,16,0.531899,ok,1,direct,0.346895,4,right_ear,0,0,0.000000,0.000000,0.000000,2.000000,591.436096,88.814888,,,,0.035000,
MP_T_DudukBerdiri_1,movenet,16,0.531899,ok,1,direct,0.346895,5,left_shoulder,1,1,2.000000,677.350000,189.010000,2.000000,668.994263,163.416718,26.922750,45.515609,1,0.079000,0.325879
MP_T_DudukBerdiri_1,movenet,16,0.531899,ok,1,direct,0.346895,6,right_shoulder,1,1,2.000000,571.150000,179.760000,2.000000,564.544739,171.005508,10.966795,45.515609,1,0.079000,0.830237
MP_T_DudukBerdiri_1,movenet,16,0.531899,ok,1,direct,0.346895,7,left_elbow,1,1,2.000000,685.510000,278.890000,2.000000,669.811646,254.671432,28.861347,45.515609,1,0.072000,0.211986
MP_T_DudukBerdiri_1,movenet,16,0.531899,ok,1,direct,0.346895,8,right_elbow,1,1,2.000000,566.570000,283.530000,2.000000,564.941650,271.519684,12.120199,45.515609,1,0.072000,0.760661
MP_T_DudukBerdiri_1,movenet,16,0.531899,ok,1,direct,0.346895,9,left_wrist,1,1,2.000000,685.700000,365.710000,2.000000,693.358154,318.594299,47.734019,45.515609,0,0.062000,0.003272
MP_T_DudukBerdiri_1,movenet,16,0.531899,ok,1,direct,0.346895,10,right_wrist,1,1,2.000000,591.960000,363.000000,2.000000,576.175293,353.206421,18.576091,45.515609,1,0.062000,0.420365
MP_T_DudukBerdiri_1,movenet,16,0.531899,ok,1,direct,0.346895,11,left_hip,1,1,2.000000,640.020000,346.690000,2.000000,650.245850,335.150452,15.418469,45.515609,1,0.107000,0.818356
MP_T_DudukBerdiri_1,movenet,16,0.531899,ok,1,direct,0.346895,12,right_hip,1,1,2.000000,581.590000,347.180000,2.000000,566.601135,340.606964,16.366761,45.515609,1,0.107000,0.797818
MP_T_DudukBerdiri_1,movenet,16,0.531899,ok,1,direct,0.346895,13,left_knee,1,1,2.000000,675.800000,458.230000,2.000000,575.614319,499.101410,108.201862,45.515609,0,0.087000,0.000000
MP_T_DudukBerdiri_1,movenet,16,0.531899,ok,1,direct,0.346895,14,right_knee,1,1,2.000000,586.740000,459.310000,0.000000,580.697815,449.787689,,45.515609,0,0.087000,0.000000
MP_T_DudukBerdiri_1,movenet,16,0.531899,ok,1,direct,0.346895,15,left_ankle,1,1,2.000000,665.590000,602.820000,0.000000,565.036621,511.659363,,45.515609,0,0.089000,0.000000
MP_T_DudukBerdiri_1,movenet,16,0.531899,ok,1,direct,0.346895,16,right_ankle,1,1,2.000000,577.830000,614.510000,0.000000,559.344849,508.266815,,45.515609,0,0.089000,0.000000
MP_T_DudukBerdiri_1,movenet,17,0.565143,ok,1,direct,0.354461,0,nose,0,0,0.000000,0.000000,0.000000,2.000000,639.345764,87.980911,,,,0.026000,
MP_T_DudukBerdiri_1,movenet,17,0.565143,ok,1,direct,0.354461,1,left_eye,0,0,0.000000,0.000000,0.000000,2.000000,656.167236,77.117767,,,,0.025000,
MP_T_DudukBerdiri_1,movenet,17,0.565143,ok,1,direct,0.354461,2,right_eye,0,0,0.000000,0.000000,0.000000,2.000000,621.569580,76.413521,,,,0.025000,
MP_T_DudukBerdiri_1,movenet,17,0.565143,ok,1,direct,0.354461,3,left_ear,0,0,0.000000,0.000000,0.000000,2.000000,667.366394,84.634789,,,,0.035000,
MP_T_DudukBerdiri_1,movenet,17,0.565143,ok,1,direct,0.354461,4,right_ear,0,0,0.000000,0.000000,0.000000,2.000000,590.033691,85.893974,,,,0.035000,
MP_T_DudukBerdiri_1,movenet,17,0.565143,ok,1,direct,0.354461,5,left_shoulder,1,1,2.000000,676.560000,184.900000,2.000000,670.063110,160.883484,24.879763,45.996831,1,0.079000,0.391571
MP_T_DudukBerdiri_1,movenet,17,0.565143,ok,1,direct,0.354461,6,right_shoulder,1,1,2.000000,570.200000,176.910000,2.000000,564.871155,169.665359,8.993409,45.996831,1,0.079000,0.884698
MP_T_DudukBerdiri_1,movenet,17,0.565143,ok,1,direct,0.354461,7,left_elbow,1,1,2.000000,686.770000,273.830000,2.000000,674.622681,253.033585,24.084191,45.996831,1,0.072000,0.347244
MP_T_DudukBerdiri_1,movenet,17,0.565143,ok,1,direct,0.354461,8,right_elbow,1,1,2.000000,566.570000,280.370000,2.000000,566.110107,266.586792,13.790878,45.996831,1,0.072000,0.706939
MP_T_DudukBerdiri_1,movenet,17,0.565143,ok,1,direct,0.354461,9,left_wrist,1,1,2.000000,687.440000,361.440000,0.000000,689.639893,321.940308,,45.996831,0,0.062000,0.000000
MP_T_DudukBerdiri_1,movenet,17,0.565143,ok,1,direct,0.354461,10,right_wrist,1,1,2.000000,593.860000,358.090000,2.000000,574.625122,353.055725,19.882768,45.996831,1,0.062000,0.378259
MP_T_DudukBerdiri_1,movenet,17,0.565143,ok,1,direct,0.354461,11,left_hip,1,1,2.000000,644.290000,343.840000,2.000000,650.924927,334.220184,11.686022,45.996831,1,0.107000,0.893369
MP_T_DudukBerdiri_1,movenet,17,0.565143,ok,1,direct,0.354461,12,right_hip,1,1,2.000000,585.070000,345.440000,2.000000,561.007141,339.583740,24.765237,45.996831,1,0.107000,0.602663
MP_T_DudukBerdiri_1,movenet,17,0.565143,ok,1,direct,0.354461,13,left_knee,1,1,2.000000,673.590000,457.760000,2.000000,569.741699,503.369049,113.422462,45.996831,0,0.087000,0.000000
MP_T_DudukBerdiri_1,movenet,17,0.565143,ok,1,direct,0.354461,14,right_knee,1,1,2.000000,587.500000,459.180000,2.000000,561.322021,504.380615,52.233918,45.996831,0,0.087000,0.033123
MP_T_DudukBerdiri_1,movenet,17,0.565143,ok,1,direct,0.354461,15,left_ankle,1,1,2.000000,665.590000,602.820000,0.000000,558.187683,508.741547,,45.996831,0,0.089000,0.000000
MP_T_DudukBerdiri_1,movenet,17,0.565143,ok,1,direct,0.354461,16,right_ankle,1,1,2.000000,577.830000,614.510000,0.000000,558.731934,506.340637,,45.996831,0,0.089000,0.000000
MP_T_DudukBerdiri_1,movenet,18,0.598386,ok,1,direct,0.331854,0,nose,0,0,0.000000,0.000000,0.000000,2.000000,638.823547,84.547424,,,,0.026000,
MP_T_DudukBerdiri_1,movenet,18,0.598386,ok,1,direct,0.331854,1,left_eye,0,0,0.000000,0.000000,0.000000,2.000000,654.318726,74.680031,,,,0.025000,
MP_T_DudukBerdiri_1,movenet,18,0.598386,ok,1,direct,0.331854,2,right_eye,0,0,0.000000,0.000000,0.000000,2.000000,621.418823,74.083473,,,,0.025000,
MP_T_DudukBerdiri_1,movenet,18,0.598386,ok,1,direct,0.331854,3,left_ear,0,0,0.000000,0.000000,0.000000,2.000000,665.299805,83.531082,,,,0.035000,
MP_T_DudukBerdiri_1,movenet,18,0.598386,ok,1,direct,0.331854,4,right_ear,0,0,0.000000,0.000000,0.000000,2.000000,589.904907,84.749237,,,,0.035000,
MP_T_DudukBerdiri_1,movenet,18,0.598386,ok,1,direct,0.331854,5,left_shoulder,1,1,2.000000,675.770000,180.790000,2.000000,668.365723,158.354462,23.625764,46.477338,1,0.079000,0.436893
MP_T_DudukBerdiri_1,movenet,18,0.598386,ok,1,direct,0.331854,6,right_shoulder,1,1,2.000000,569.250000,174.060000,2.000000,563.361389,167.047241,9.157212,46.477338,1,0.079000,0.883027
MP_T_DudukBerdiri_1,movenet,18,0.598386,ok,1,direct,0.331854,7,left_elbow,1,1,2.000000,688.040000,268.770000,2.000000,673.716064,247.026947,26.037194,46.477338,1,0.072000,0.297960
MP_T_DudukBerdiri_1,movenet,18,0.598386,ok,1,direct,0.331854,8,right_elbow,1,1,2.000000,566.570000,277.200000,2.000000,568.972961,258.895416,18.461636,46.477338,1,0.072000,0.544043
MP_T_DudukBerdiri_1,movenet,18,0.598386,ok,1,direct,0.331854,9,left_wrist,1,1,2.000000,689.180000,357.170000,2.000000,694.165894,311.977051,45.467151,46.477338,1,0.062000,0.006880
MP_T_DudukBerdiri_1,movenet,18,0.598386,ok,1,direct,0.331854,10,right_wrist,1,1,2.000000,595.760000,353.190000,2.000000,576.283325,312.496826,45.114025,46.477338,1,0.062000,0.007431
MP_T_DudukBerdiri_1,movenet,18,0.598386,ok,1,direct,0.331854,11,left_hip,1,1,2.000000,648.560000,341.000000,2.000000,650.370728,334.225647,7.012175,46.477338,1,0.107000,0.961017
MP_T_DudukBerdiri_1,movenet,18,0.598386,ok,1,direct,0.331854,12,right_hip,1,1,2.000000,588.550000,343.700000,2.000000,563.066833,330.085846,28.891815,46.477338,1,0.107000,0.509136
MP_T_DudukBerdiri_1,movenet,18,0.598386,ok,1,direct,0.331854,13,left_knee,1,1,2.000000,671.370000,457.280000,2.000000,576.264404,498.294617,103.572550,46.477338,0,0.087000,0.000002
MP_T_DudukBerdiri_1,movenet,18,0.598386,ok,1,direct,0.331854,14,right_knee,1,1,2.000000,588.250000,459.040000,2.000000,560.204773,503.682770,52.721074,46.477338,0,0.087000,0.033374
MP_T_DudukBerdiri_1,movenet,18,0.598386,ok,1,direct,0.331854,15,left_ankle,1,1,2.000000,665.590000,602.820000,0.000000,557.116211,509.509369,,46.477338,0,0.089000,0.000000
MP_T_DudukBerdiri_1,movenet,18,0.598386,ok,1,direct,0.331854,16,right_ankle,1,1,2.000000,577.830000,614.510000,0.000000,555.602966,508.106506,,46.477338,0,0.089000,0.000000
MP_T_DudukBerdiri_1,movenet,19,0.631630,ok,1,direct,0.343144,0,nose,0,0,0.000000,0.000000,0.000000,2.000000,640.249146,82.667145,,,,0.026000,
MP_T_DudukBerdiri_1,movenet,19,0.631630,ok,1,direct,0.343144,1,left_eye,0,0,0.000000,0.000000,0.000000,2.000000,655.482422,73.374123,,,,0.025000,
MP_T_DudukBerdiri_1,movenet,19,0.631630,ok,1,direct,0.343144,2,right_eye,0,0,0.000000,0.000000,0.000000,2.000000,623.480713,72.320518,,,,0.025000,
MP_T_DudukBerdiri_1,movenet,19,0.631630,ok,1,direct,0.343144,3,left_ear,0,0,0.000000,0.000000,0.000000,2.000000,665.926514,81.922852,,,,0.035000,
MP_T_DudukBerdiri_1,movenet,19,0.631630,ok,1,direct,0.343144,4,right_ear,0,0,0.000000,0.000000,0.000000,2.000000,590.099121,81.858398,,,,0.035000,
MP_T_DudukBerdiri_1,movenet,19,0.631630,ok,1,direct,0.343144,5,left_shoulder,1,1,2.000000,677.270000,179.120000,2.000000,666.210083,154.036224,27.413821,47.197207,1,0.079000,0.339208
MP_T_DudukBerdiri_1,movenet,19,0.631630,ok,1,direct,0.343144,6,right_shoulder,1,1,2.000000,569.250000,172.320000,2.000000,563.067078,163.884811,10.458534,47.197207,1,0.079000,0.854399
MP_T_DudukBerdiri_1,movenet,19,0.631630,ok,1,direct,0.343144,7,left_elbow,1,1,2.000000,689.460000,267.980000,2.000000,677.318237,244.051773,26.832489,47.197207,1,0.072000,0.287376
MP_T_DudukBerdiri_1,movenet,19,0.631630,ok,1,direct,0.343144,8,right_elbow,1,1,2.000000,566.410000,274.670000,2.000000,572.660522,259.807892,16.123005,47.197207,1,0.072000,0.637488
MP_T_DudukBerdiri_1,movenet,19,0.631630,ok,1,direct,0.343144,9,left_wrist,1,1,2.000000,692.350000,351.630000,2.000000,697.081055,302.173431,49.682341,47.197207,0,0.062000,0.003135
MP_T_DudukBerdiri_1,movenet,19,0.631630,ok,1,direct,0.343144,10,right_wrist,1,1,2.000000,596.860000,352.080000,2.000000,575.521851,310.894775,46.384689,47.197207,1,0.062000,0.006570
MP_T_DudukBerdiri_1,movenet,19,0.631630,ok,1,direct,0.343144,11,left_hip,1,1,2.000000,649.990000,339.260000,2.000000,656.089233,321.816864,18.478735,47.197207,1,0.107000,0.765078
MP_T_DudukBerdiri_1,movenet,19,0.631630,ok,1,direct,0.343144,12,right_hip,1,1,2.000000,588.700000,341.640000,2.000000,567.872253,324.348907,27.069852,47.197207,1,0.107000,0.562903
MP_T_DudukBerdiri_1,movenet,19,0.631630,ok,1,direct,0.343144,13,left_knee,1,1,2.000000,671.370000,457.280000,2.000000,569.872009,498.674530,109.614548,47.197207,0,0.087000,0.000001
MP_T_DudukBerdiri_1,movenet,19,0.631630,ok,1,direct,0.343144,14,right_knee,1,1,2.000000,589.000000,458.900000,0.000000,580.942932,427.450256,,47.197207,0,0.087000,0.000000
MP_T_DudukBerdiri_1,movenet,19,0.631630,ok,1,direct,0.343144,15,left_ankle,1,1,2.000000,665.590000,602.820000,0.000000,559.539062,509.638336,,47.197207,0,0.089000,0.000000
MP_T_DudukBerdiri_1,movenet,19,0.631630,ok,1,direct,0.343144,16,right_ankle,1,1,2.000000,577.830000,614.510000,0.000000,557.330933,508.413116,,47.197207,0,0.089000,0.000000
MP_T_DudukBerdiri_1,movenet,20,0.664874,ok,1,direct,0.306437,0,nose,0,0,0.000000,0.000000,0.000000,2.000000,640.529663,82.574455,,,,0.026000,
MP_T_DudukBerdiri_1,movenet,20,0.664874,ok,1,direct,0.306437,1,left_eye,0,0,0.000000,0.000000,0.000000,2.000000,654.835266,72.811050,,,,0.025000,
MP_T_DudukBerdiri_1,movenet,20,0.664874,ok,1,direct,0.306437,2,right_eye,0,0,0.000000,0.000000,0.000000,2.000000,622.682739,72.251396,,,,0.025000,
MP_T_DudukBerdiri_1,movenet,20,0.664874,ok,1,direct,0.306437,3,left_ear,0,0,0.000000,0.000000,0.000000,2.000000,665.669556,80.924553,,,,0.035000,
MP_T_DudukBerdiri_1,movenet,20,0.664874,ok,1,direct,0.306437,4,right_ear,0,0,0.000000,0.000000,0.000000,2.000000,588.096863,81.973259,,,,0.035000,
MP_T_DudukBerdiri_1,movenet,20,0.664874,ok,1,direct,0.306437,5,left_shoulder,1,1,2.000000,678.780000,177.450000,2.000000,668.181091,155.677017,24.215690,47.907391,1,0.079000,0.440972
MP_T_DudukBerdiri_1,movenet,20,0.664874,ok,1,direct,0.306437,6,right_shoulder,1,1,2.000000,569.250000,170.580000,2.000000,565.279114,162.823975,8.713430,47.907391,1,0.079000,0.899415
MP_T_DudukBerdiri_1,movenet,20,0.664874,ok,1,direct,0.306437,7,left_elbow,1,1,2.000000,690.890000,267.190000,2.000000,678.673035,244.419540,25.840822,47.907391,1,0.072000,0.325477
MP_T_DudukBerdiri_1,movenet,20,0.664874,ok,1,direct,0.306437,8,right_elbow,1,1,2.000000,566.260000,272.140000,2.000000,572.119385,255.387665,17.747482,47.907391,1,0.072000,0.588923
MP_T_DudukBerdiri_1,movenet,20,0.664874,ok,1,direct,0.306437,9,left_wrist,1,1,2.000000,695.510000,346.100000,2.000000,698.920288,305.539124,40.703990,47.907391,1,0.062000,0.023379
MP_T_DudukBerdiri_1,movenet,20,0.664874,ok,1,direct,0.306437,10,right_wrist,1,1,2.000000,597.970000,350.980000,2.000000,573.317078,311.640198,46.426142,47.907391,1,0.062000,0.007550
MP_T_DudukBerdiri_1,movenet,20,0.664874,ok,1,direct,0.306437,11,left_hip,1,1,2.000000,651.410000,337.520000,2.000000,652.808960,329.693817,7.950234,47.907391,1,0.107000,0.953031
MP_T_DudukBerdiri_1,movenet,20,0.664874,ok,1,direct,0.306437,12,right_hip,1,1,2.000000,588.860000,339.590000,2.000000,564.604431,327.498962,27.102137,47.907391,1,0.107000,0.571742
MP_T_DudukBerdiri_1,movenet,20,0.664874,ok,1,direct,0.306437,13,left_knee,1,1,2.000000,671.370000,457.280000,2.000000,570.800659,499.732880,109.162445,47.907391,0,0.087000,0.000001
MP_T_DudukBerdiri_1,movenet,20,0.664874,ok,1,direct,0.306437,14,right_knee,1,1,2.000000,589.750000,458.770000,0.000000,579.252380,426.946167,,47.907391,0,0.087000,0.000000
MP_T_DudukBerdiri_1,movenet,20,0.664874,ok,1,direct,0.306437,15,left_ankle,1,1,2.000000,665.590000,602.820000,0.000000,557.039856,511.915680,,47.907391,0,0.089000,0.000000
MP_T_DudukBerdiri_1,movenet,20,0.664874,ok,1,direct,0.306437,16,right_ankle,1,1,2.000000,577.830000,614.510000,0.000000,555.695496,510.543152,,47.907391,0,0.089000,0.000000
MP_T_DudukBerdiri_1,movenet,21,0.698118,ok,1,direct,0.307014,0,nose,0,0,0.000000,0.000000,0.000000,2.000000,639.163330,81.370255,,,,0.026000,
MP_T_DudukBerdiri_1,movenet,21,0.698118,ok,1,direct,0.307014,1,left_eye,0,0,0.000000,0.000000,0.000000,2.000000,653.366394,72.468140,,,,0.025000,
MP_T_DudukBerdiri_1,movenet,21,0.698118,ok,1,direct,0.307014,2,right_eye,0,0,0.000000,0.000000,0.000000,2.000000,621.144958,71.688980,,,,0.025000,
MP_T_DudukBerdiri_1,movenet,21,0.698118,ok,1,direct,0.307014,3,left_ear,0,0,0.000000,0.000000,0.000000,2.000000,664.506714,79.451584,,,,0.035000,
MP_T_DudukBerdiri_1,movenet,21,0.698118,ok,1,direct,0.307014,4,right_ear,0,0,0.000000,0.000000,0.000000,2.000000,587.961731,81.186012,,,,0.035000,
MP_T_DudukBerdiri_1,movenet,21,0.698118,ok,1,direct,0.307014,5,left_shoulder,1,1,2.000000,680.280000,175.790000,2.000000,667.110535,154.105927,25.369940,48.613772,1,0.079000,0.417796
MP_T_DudukBerdiri_1,movenet,21,0.698118,ok,1,direct,0.307014,6,right_shoulder,1,1,2.000000,569.250000,168.840000,2.000000,566.113831,160.980988,8.461657,48.613772,1,0.079000,0.907476
MP_T_DudukBerdiri_1,movenet,21,0.698118,ok,1,direct,0.307014,7,left_elbow,1,1,2.000000,692.310000,266.390000,2.000000,683.661377,238.934204,28.785750,48.613772,1,0.072000,0.258541
MP_T_DudukBerdiri_1,movenet,21,0.698118,ok,1,direct,0.307014,8,right_elbow,1,1,2.000000,566.100000,269.610000,2.000000,567.841858,255.692307,14.026270,48.613772,1,0.072000,0.725302
MP_T_DudukBerdiri_1,movenet,21,0.698118,ok,1,direct,0.307014,9,left_wrist,1,1,2.000000,698.670000,340.560000,2.000000,699.897705,297.113861,43.463482,48.613772,1,0.062000,0.015625
MP_T_DudukBerdiri_1,movenet,21,0.698118,ok,1,direct,0.307014,10,right_wrist,1,1,2.000000,599.080000,349.870000,2.000000,577.368408,321.923004,35.389657,48.613772,1,0.062000,0.063464
MP_T_DudukBerdiri_1,movenet,21,0.698118,ok,1,direct,0.307014,11,left_hip,1,1,2.000000,652.830000,335.780000,2.000000,652.599976,322.442627,13.339356,48.613772,1,0.107000,0.876756
MP_T_DudukBerdiri_1,movenet,21,0.698118,ok,1,direct,0.307014,12,right_hip,1,1,2.000000,589.020000,337.530000,2.000000,562.899109,326.326904,28.422004,48.613772,1,0.107000,0.550401
MP_T_DudukBerdiri_1,movenet,21,0.698118,ok,1,direct,0.307014,13,left_knee,1,1,2.000000,671.370000,457.280000,0.000000,690.589233,404.259033,,48.613772,0,0.087000,0.000000
MP_T_DudukBerdiri_1,movenet,21,0.698118,ok,1,direct,0.307014,14,right_knee,1,1,2.000000,590.500000,458.630000,0.000000,580.138062,412.090851,,48.613772,0,0.087000,0.000000
MP_T_DudukBerdiri_1,movenet,21,0.698118,ok,1,direct,0.307014,15,left_ankle,1,1,2.000000,665.590000,602.820000,0.000000,558.445618,511.894897,,48.613772,0,0.089000,0.000000
MP_T_DudukBerdiri_1,movenet,21,0.698118,ok,1,direct,0.307014,16,right_ankle,1,1,2.000000,577.830000,614.510000,0.000000,561.216492,511.099182,,48.613772,0,0.089000,0.000000
MP_T_DudukBerdiri_1,movenet,22,0.731361,ok,1,direct,0.356472,0,nose,0,0,0.000000,0.000000,0.000000,2.000000,636.924500,80.752831,,,,0.026000,
MP_T_DudukBerdiri_1,movenet,22,0.731361,ok,1,direct,0.356472,1,left_eye,0,0,0.000000,0.000000,0.000000,2.000000,651.796387,71.914925,,,,0.025000,
MP_T_DudukBerdiri_1,movenet,22,0.731361,ok,1,direct,0.356472,2,right_eye,0,0,0.000000,0.000000,0.000000,2.000000,618.086426,71.765244,,,,0.025000,
MP_T_DudukBerdiri_1,movenet,22,0.731361,ok,1,direct,0.356472,3,left_ear,0,0,0.000000,0.000000,0.000000,2.000000,664.074585,79.114616,,,,0.035000,
MP_T_DudukBerdiri_1,movenet,22,0.731361,ok,1,direct,0.356472,4,right_ear,0,0,0.000000,0.000000,0.000000,2.000000,588.167969,81.621078,,,,0.035000,
MP_T_DudukBerdiri_1,movenet,22,0.731361,ok,1,direct,0.356472,5,left_shoulder,1,1,2.000000,681.780000,174.120000,2.000000,669.723206,154.756271,22.810530,49.314722,1,0.079000,0.503770
MP_T_DudukBerdiri_1,movenet,22,0.731361,ok,1,direct,0.356472,6,right_shoulder,1,1,2.000000,569.250000,167.100000,2.000000,566.349487,160.367859,7.330395,49.314722,1,0.079000,0.931641
MP_T_DudukBerdiri_1,movenet,22,0.731361,ok,1,direct,0.356472,7,left_elbow,1,1,2.000000,693.730000,265.600000,2.000000,686.803650,241.936707,24.656151,49.314722,1,0.072000,0.381207
MP_T_DudukBerdiri_1,movenet,22,0.731361,ok,1,direct,0.356472,8,right_elbow,1,1,2.000000,565.940000,267.080000,2.000000,568.190430,255.177505,12.113373,49.314722,1,0.072000,0.792329
MP_T_DudukBerdiri_1,movenet,22,0.731361,ok,1,direct,0.356472,9,left_wrist,1,1,2.000000,701.830000,335.030000,2.000000,705.140930,313.448517,21.833980,49.314722,1,0.062000,0.360630
MP_T_DudukBerdiri_1,movenet,22,0.731361,ok,1,direct,0.356472,10,right_wrist,1,1,2.000000,600.180000,348.760000,2.000000,579.410278,337.971008,23.404779,49.314722,1,0.062000,0.309768
MP_T_DudukBerdiri_1,movenet,22,0.731361,ok,1,direct,0.356472,11,left_hip,1,1,2.000000,654.260000,334.040000,2.000000,662.474060,316.152893,19.682972,49.314722,1,0.107000,0.757081
MP_T_DudukBerdiri_1,movenet,22,0.731361,ok,1,direct,0.356472,12,right_hip,1,1,2.000000,589.180000,335.470000,2.000000,581.812805,319.188354,17.870857,49.314722,1,0.107000,0.795008
MP_T_DudukBerdiri_1,movenet,22,0.731361,ok,1,direct,0.356472,13,left_knee,1,1,2.000000,671.370000,457.280000,0.000000,693.524475,416.119781,,49.314722,0,0.087000,0.000000
MP_T_DudukBerdiri_1,movenet,22,0.731361,ok,1,direct,0.356472,14,right_knee,1,1,2.000000,591.260000,458.490000,0.000000,584.006226,412.485168,,49.314722,0,0.087000,0.000000
MP_T_DudukBerdiri_1,movenet,22,0.731361,ok,1,direct,0.356472,15,left_ankle,1,1,2.000000,665.590000,602.820000,2.000000,562.098450,509.042969,139.658987,49.314722,0,0.089000,0.000000
MP_T_DudukBerdiri_1,movenet,22,0.731361,ok,1,direct,0.356472,16,right_ankle,1,1,2.000000,577.830000,614.510000,0.000000,563.804260,508.231201,,49.314722,0,0.089000,0.000000
MP_T_DudukBerdiri_1,movenet,23,0.764605,ok,1,direct,0.386164,0,nose,0,0,0.000000,0.000000,0.000000,2.000000,636.699585,80.217262,,,,0.026000,
MP_T_DudukBerdiri_1,movenet,23,0.764605,ok,1,direct,0.386164,1,left_eye,0,0,0.000000,0.000000,0.000000,2.000000,651.360352,71.489578,,,,0.025000,
MP_T_DudukBerdiri_1,movenet,23,0.764605,ok,1,direct,0.386164,2,right_eye,0,0,0.000000,0.000000,0.000000,2.000000,617.768921,71.274231,,,,0.025000,
MP_T_DudukBerdiri_1,movenet,23,0.764605,ok,1,direct,0.386164,3,left_ear,0,0,0.000000,0.000000,0.000000,2.000000,664.163208,79.153404,,,,0.035000,
MP_T_DudukBerdiri_1,movenet,23,0.764605,ok,1,direct,0.386164,4,right_ear,0,0,0.000000,0.000000,0.000000,2.000000,588.630249,81.357567,,,,0.035000,
MP_T_DudukBerdiri_1,movenet,23,0.764605,ok,1,direct,0.386164,5,left_shoulder,1,1,2.000000,682.470000,174.390000,2.000000,671.674255,156.042511,21.287989,49.466931,1,0.079000,0.552395
MP_T_DudukBerdiri_1,movenet,23,0.764605,ok,1,direct,0.386164,6,right_shoulder,1,1,2.000000,568.430000,166.280000,2.000000,568.125854,161.026169,5.262627,49.466931,1,0.079000,0.964380
MP_T_DudukBerdiri_1,movenet,23,0.764605,ok,1,direct,0.386164,7,left_elbow,1,1,2.000000,695.390000,265.600000,2.000000,691.969604,240.832153,25.002907,49.466931,1,0.072000,0.373202
MP_T_DudukBerdiri_1,movenet,23,0.764605,ok,1,direct,0.386164,8,right_elbow,1,1,2.000000,567.360000,266.610000,2.000000,565.170532,254.837479,11.974391,49.466931,1,0.072000,0.797663
MP_T_DudukBerdiri_1,movenet,23,0.764605,ok,1,direct,0.386164,9,left_wrist,1,1,2.000000,703.840000,335.970000,2.000000,706.489868,309.698914,26.404389,49.466931,1,0.062000,0.227089
MP_T_DudukBerdiri_1,movenet,23,0.764605,ok,1,direct,0.386164,10,right_wrist,1,1,2.000000,599.500000,348.710000,2.000000,578.508423,331.650787,27.049271,49.466931,1,0.062000,0.211040
MP_T_DudukBerdiri_1,movenet,23,0.764605,ok,1,direct,0.386164,11,left_hip,1,1,2.000000,655.080000,333.800000,2.000000,669.081360,322.250244,18.150343,49.466931,1,0.107000,0.790428
MP_T_DudukBerdiri_1,movenet,23,0.764605,ok,1,direct,0.386164,12,right_hip,1,1,2.000000,590.830000,335.470000,2.000000,586.750122,325.774597,10.518852,49.466931,1,0.107000,0.924050
MP_T_DudukBerdiri_1,movenet,23,0.764605,ok,1,direct,0.386164,13,left_knee,1,1,2.000000,671.370000,457.280000,0.000000,692.965149,425.822357,,49.466931,0,0.087000,0.000000
MP_T_DudukBerdiri_1,movenet,23,0.764605,ok,1,direct,0.386164,14,right_knee,1,1,2.000000,591.260000,458.490000,0.000000,595.053223,425.185577,,49.466931,0,0.087000,0.000000
MP_T_DudukBerdiri_1,movenet,23,0.764605,ok,1,direct,0.386164,15,left_ankle,1,1,2.000000,665.590000,602.820000,2.000000,567.000122,506.374847,137.918931,49.466931,0,0.089000,0.000000
MP_T_DudukBerdiri_1,movenet,23,0.764605,ok,1,direct,0.386164,16,right_ankle,1,1,2.000000,577.830000,614.510000,0.000000,567.224792,506.354706,,49.466931,0,0.089000,0.000000
MP_T_DudukBerdiri_1,movenet,24,0.797849,ok,1,direct,0.408802,0,nose,0,0,0.000000,0.000000,0.000000,2.000000,635.954346,79.759239,,,,0.026000,
MP_T_DudukBerdiri_1,movenet,24,0.797849,ok,1,direct,0.408802,1,left_eye,0,0,0.000000,0.000000,0.000000,2.000000,650.961975,71.009766,,,,0.025000,
MP_T_DudukBerdiri_1,movenet,24,0.797849,ok,1,direct,0.408802,2,right_eye,0,0,0.000000,0.000000,0.000000,2.000000,617.111511,70.823936,,,,0.025000,
MP_T_DudukBerdiri_1,movenet,24,0.797849,ok,1,direct,0.408802,3,left_ear,0,0,0.000000,0.000000,0.000000,2.000000,664.026794,78.696426,,,,0.035000,
MP_T_DudukBerdiri_1,movenet,24,0.797849,ok,1,direct,0.408802,4,right_ear,0,0,0.000000,0.000000,0.000000,2.000000,589.088074,80.799561,,,,0.035000,
MP_T_DudukBerdiri_1,movenet,24,0.797849,ok,1,direct,0.408802,5,left_shoulder,1,1,2.000000,683.150000,174.670000,2.000000,673.222534,157.568634,19.774006,49.832738,1,0.079000,0.603755
MP_T_DudukBerdiri_1,movenet,24,0.797849,ok,1,direct,0.408802,6,right_shoulder,1,1,2.000000,567.600000,165.450000,2.000000,570.325317,161.568741,4.742523,49.832738,1,0.079000,0.971393
MP_T_DudukBerdiri_1,movenet,24,0.797849,ok,1,direct,0.408802,7,left_elbow,1,1,2.000000,697.040000,265.600000,2.000000,692.619934,243.773041,22.270005,49.832738,1,0.072000,0.462779
MP_T_DudukBerdiri_1,movenet,24,0.797849,ok,1,direct,0.408802,8,right_elbow,1,1,2.000000,568.770000,266.140000,2.000000,562.727539,258.589355,9.670758,49.832738,1,0.072000,0.864765
MP_T_DudukBerdiri_1,movenet,24,0.797849,ok,1,direct,0.408802,9,left_wrist,1,1,2.000000,705.850000,336.920000,2.000000,706.356934,311.350189,25.574835,49.832738,1,0.062000,0.254009
MP_T_DudukBerdiri_1,movenet,24,0.797849,ok,1,direct,0.408802,10,right_wrist,1,1,2.000000,598.820000,348.660000,2.000000,582.766602,338.359314,19.073954,49.832738,1,0.062000,0.466614
MP_T_DudukBerdiri_1,movenet,24,0.797849,ok,1,direct,0.408802,11,left_hip,1,1,2.000000,655.910000,333.570000,2.000000,675.509766,322.887787,22.321749,49.832738,1,0.107000,0.704335
MP_T_DudukBerdiri_1,movenet,24,0.797849,ok,1,direct,0.408802,12,right_hip,1,1,2.000000,592.490000,335.470000,2.000000,599.497131,326.294922,11.544780,49.832738,1,0.107000,0.910504
MP_T_DudukBerdiri_1,movenet,24,0.797849,ok,1,direct,0.408802,13,left_knee,1,1,2.000000,671.370000,457.280000,2.000000,691.347717,424.711700,38.207373,49.832738,1,0.087000,0.211548
MP_T_DudukBerdiri_1,movenet,24,0.797849,ok,1,direct,0.408802,14,right_knee,1,1,2.000000,591.260000,458.490000,0.000000,610.575195,434.200745,,49.832738,0,0.087000,0.000000
MP_T_DudukBerdiri_1,movenet,24,0.797849,ok,1,direct,0.408802,15,left_ankle,1,1,2.000000,665.590000,602.820000,2.000000,578.195740,505.673340,130.672225,49.832738,0,0.089000,0.000000
MP_T_DudukBerdiri_1,movenet,24,0.797849,ok,1,direct,0.408802,16,right_ankle,1,1,2.000000,577.830000,614.510000,0.000000,575.268677,506.007904,,49.832738,0,0.089000,0.000000
MP_T_DudukBerdiri_1,movenet,25,0.831092,ok,1,direct,0.412932,0,nose,0,0,0.000000,0.000000,0.000000,2.000000,636.483948,80.133278,,,,0.026000,
MP_T_DudukBerdiri_1,movenet,25,0.831092,ok,1,direct,0.412932,1,left_eye,0,0,0.000000,0.000000,0.000000,2.000000,651.101929,71.494766,,,,0.025000,
MP_T_DudukBerdiri_1,movenet,25,0.831092,ok,1,direct,0.412932,2,right_eye,0,0,0.000000,0.000000,0.000000,2.000000,617.479919,71.488068,,,,0.025000,
MP_T_DudukBerdiri_1,movenet,25,0.831092,ok,1,direct,0.412932,3,left_ear,0,0,0.000000,0.000000,0.000000,2.000000,665.022522,80.446075,,,,0.035000,
MP_T_DudukBerdiri_1,movenet,25,0.831092,ok,1,direct,0.412932,4,right_ear,0,0,0.000000,0.000000,0.000000,2.000000,589.618713,82.100273,,,,0.035000,
MP_T_DudukBerdiri_1,movenet,25,0.831092,ok,1,direct,0.412932,5,left_shoulder,1,1,2.000000,683.830000,174.940000,2.000000,672.777161,158.509140,19.802485,50.388483,1,0.079000,0.609607
MP_T_DudukBerdiri_1,movenet,25,0.831092,ok,1,direct,0.412932,6,right_shoulder,1,1,2.000000,566.770000,164.620000,2.000000,572.473022,163.074936,5.908611,50.388483,1,0.079000,0.956893
MP_T_DudukBerdiri_1,movenet,25,0.831092,ok,1,direct,0.412932,7,left_elbow,1,1,2.000000,698.700000,265.600000,2.000000,688.634644,245.006638,22.921561,50.388483,1,0.072000,0.450073
MP_T_DudukBerdiri_1,movenet,25,0.831092,ok,1,direct,0.412932,8,right_elbow,1,1,2.000000,570.190000,265.660000,2.000000,569.557922,259.936249,5.758546,50.388483,1,0.072000,0.950860
MP_T_DudukBerdiri_1,movenet,25,0.831092,ok,1,direct,0.412932,9,left_wrist,1,1,2.000000,707.860000,337.860000,2.000000,711.223083,309.409546,28.648537,50.388483,1,0.062000,0.186028
MP_T_DudukBerdiri_1,movenet,25,0.831092,ok,1,direct,0.412932,10,right_wrist,1,1,2.000000,598.140000,348.620000,2.000000,583.037964,341.356293,16.758071,50.388483,1,0.062000,0.562433
MP_T_DudukBerdiri_1,movenet,25,0.831092,ok,1,direct,0.412932,11,left_hip,1,1,2.000000,656.740000,333.330000,2.000000,672.234619,319.500366,20.768774,50.388483,1,0.107000,0.743214
MP_T_DudukBerdiri_1,movenet,25,0.831092,ok,1,direct,0.412932,12,right_hip,1,1,2.000000,594.140000,335.470000,2.000000,597.464966,323.548859,12.376147,50.388483,1,0.107000,0.899980
MP_T_DudukBerdiri_1,movenet,25,0.831092,ok,1,direct,0.412932,13,left_knee,1,1,2.000000,671.370000,457.280000,2.000000,699.475342,423.321930,44.080163,50.388483,1,0.087000,0.132369
MP_T_DudukBerdiri_1,movenet,25,0.831092,ok,1,direct,0.412932,14,right_knee,1,1,2.000000,591.260000,458.490000,0.000000,618.484863,437.313293,,50.388483,0,0.087000,0.000000
MP_T_DudukBerdiri_1,movenet,25,0.831092,ok,1,direct,0.412932,15,left_ankle,1,1,2.000000,665.590000,602.820000,2.000000,577.264343,500.513428,135.159374,50.388483,0,0.089000,0.000000
MP_T_DudukBerdiri_1,movenet,25,0.831092,ok,1,direct,0.412932,16,right_ankle,1,1,2.000000,577.830000,614.510000,0.000000,573.740356,504.549530,,50.388483,0,0.089000,0.000000
MP_T_DudukBerdiri_1,movenet,26,0.864336,ok,1,direct,0.435439,0,nose,0,0,0.000000,0.000000,0.000000,2.000000,636.647400,80.782532,,,,0.026000,
MP_T_DudukBerdiri_1,movenet,26,0.864336,ok,1,direct,0.435439,1,left_eye,0,0,0.000000,0.000000,0.000000,2.000000,651.045593,71.919792,,,,0.025000,
MP_T_DudukBerdiri_1,movenet,26,0.864336,ok,1,direct,0.435439,2,right_eye,0,0,0.000000,0.000000,0.000000,2.000000,617.989441,72.137482,,,,0.025000,
MP_T_DudukBerdiri_1,movenet,26,0.864336,ok,1,direct,0.435439,3,left_ear,0,0,0.000000,0.000000,0.000000,2.000000,664.567505,80.827583,,,,0.035000,
MP_T_DudukBerdiri_1,movenet,26,0.864336,ok,1,direct,0.435439,4,right_ear,0,0,0.000000,0.000000,0.000000,2.000000,590.318909,82.722397,,,,0.035000,
MP_T_DudukBerdiri_1,movenet,26,0.864336,ok,1,direct,0.435439,5,left_shoulder,1,1,2.000000,684.520000,175.210000,2.000000,673.866211,159.528946,18.957813,50.937681,1,0.079000,0.641537
MP_T_DudukBerdiri_1,movenet,26,0.864336,ok,1,direct,0.435439,6,right_shoulder,1,1,2.000000,565.950000,163.800000,2.000000,572.753723,163.345917,6.818859,50.937681,1,0.079000,0.944190
MP_T_DudukBerdiri_1,movenet,26,0.864336,ok,1,direct,0.435439,7,left_elbow,1,1,2.000000,700.350000,265.600000,2.000000,691.814453,239.979050,27.005345,50.937681,1,0.072000,0.338107
MP_T_DudukBerdiri_1,movenet,26,0.864336,ok,1,direct,0.435439,8,right_elbow,1,1,2.000000,571.610000,265.190000,2.000000,566.036987,258.418427,8.769987,50.937681,1,0.072000,0.891934
MP_T_DudukBerdiri_1,movenet,26,0.864336,ok,1,direct,0.435439,9,left_wrist,1,1,2.000000,709.870000,338.810000,2.000000,712.910889,301.733826,37.200668,50.937681,1,0.062000,0.062347
MP_T_DudukBerdiri_1,movenet,26,0.864336,ok,1,direct,0.435439,10,right_wrist,1,1,2.000000,597.460000,348.570000,2.000000,583.628601,342.496368,15.106177,50.937681,1,0.062000,0.632806
MP_T_DudukBerdiri_1,movenet,26,0.864336,ok,1,direct,0.435439,11,left_hip,1,1,2.000000,657.560000,333.090000,2.000000,677.649048,318.849884,24.624190,50.937681,1,0.107000,0.664824
MP_T_DudukBerdiri_1,movenet,26,0.864336,ok,1,direct,0.435439,12,right_hip,1,1,2.000000,595.790000,335.470000,2.000000,602.192871,322.570038,14.401590,50.937681,1,0.107000,0.869673
MP_T_DudukBerdiri_1,movenet,26,0.864336,ok,1,direct,0.435439,13,left_knee,1,1,2.000000,671.370000,457.280000,2.000000,694.575562,428.669373,36.838378,50.937681,1,0.087000,0.251071
MP_T_DudukBerdiri_1,movenet,26,0.864336,ok,1,direct,0.435439,14,right_knee,1,1,2.000000,591.260000,458.490000,0.000000,620.160217,447.629913,,50.937681,0,0.087000,0.000000
MP_T_DudukBerdiri_1,movenet,26,0.864336,ok,1,direct,0.435439,15,left_ankle,1,1,2.000000,665.590000,602.820000,0.000000,707.711304,524.849487,,50.937681,0,0.089000,0.000000
MP_T_DudukBerdiri_1,movenet,26,0.864336,ok,1,direct,0.435439,16,right_ankle,1,1,2.000000,577.830000,614.510000,0.000000,584.204407,505.187714,,50.937681,0,0.089000,0.000000
MP_T_DudukBerdiri_1,movenet,27,0.897580,ok,1,direct,0.459281,0,nose,0,0,0.000000,0.000000,0.000000,2.000000,636.685120,80.824493,,,,0.026000,
MP_T_DudukBerdiri_1,movenet,27,0.897580,ok,1,direct,0.459281,1,left_eye,0,0,0.000000,0.000000,0.000000,2.000000,651.374634,72.122795,,,,0.025000,
MP_T_DudukBerdiri_1,movenet,27,0.897580,ok,1,direct,0.459281,2,right_eye,0,0,0.000000,0.000000,0.000000,2.000000,618.277100,72.013107,,,,0.025000,
MP_T_DudukBerdiri_1,movenet,27,0.897580,ok,1,direct,0.459281,3,left_ear,0,0,0.000000,0.000000,0.000000,2.000000,664.525757,80.214798,,,,0.035000,
MP_T_DudukBerdiri_1,movenet,27,0.897580,ok,1,direct,0.459281,4,right_ear,0,0,0.000000,0.000000,0.000000,2.000000,590.637756,82.471359,,,,0.035000,
MP_T_DudukBerdiri_1,movenet,27,0.897580,ok,1,direct,0.459281,5,left_shoulder,1,1,2.000000,685.200000,175.490000,2.000000,671.154297,158.190475,22.283521,51.117867,1,0.079000,0.543909
MP_T_DudukBerdiri_1,movenet,27,0.897580,ok,1,direct,0.459281,6,right_shoulder,1,1,2.000000,565.950000,163.800000,2.000000,576.122192,164.248642,10.182081,51.117867,1,0.079000,0.880605
MP_T_DudukBerdiri_1,movenet,27,0.897580,ok,1,direct,0.459281,7,left_elbow,1,1,2.000000,700.350000,265.600000,2.000000,683.364868,240.181778,30.570913,51.117867,1,0.072000,0.251613
MP_T_DudukBerdiri_1,movenet,27,0.897580,ok,1,direct,0.459281,8,right_elbow,1,1,2.000000,571.540000,265.470000,2.000000,569.954895,258.404999,7.240635,51.117867,1,0.072000,0.925514
MP_T_DudukBerdiri_1,movenet,27,0.897580,ok,1,direct,0.459281,9,left_wrist,1,1,2.000000,710.890000,338.610000,2.000000,720.361694,309.726776,30.396605,51.117867,1,0.062000,0.158862
MP_T_DudukBerdiri_1,movenet,27,0.897580,ok,1,direct,0.459281,10,right_wrist,1,1,2.000000,596.780000,348.520000,2.000000,585.192993,342.170197,13.212825,51.117867,1,0.062000,0.706374
MP_T_DudukBerdiri_1,movenet,27,0.897580,ok,1,direct,0.459281,11,left_hip,1,1,2.000000,659.100000,333.330000,2.000000,672.392090,320.646729,18.372399,51.117867,1,0.107000,0.797992
MP_T_DudukBerdiri_1,movenet,27,0.897580,ok,1,direct,0.459281,12,right_hip,1,1,2.000000,597.450000,335.470000,2.000000,607.978394,323.092560,16.249557,51.117867,1,0.107000,0.838180
MP_T_DudukBerdiri_1,movenet,27,0.897580,ok,1,direct,0.459281,13,left_knee,1,1,2.000000,671.370000,457.280000,2.000000,686.457886,436.313538,25.830928,51.117867,1,0.087000,0.509297
MP_T_DudukBerdiri_1,movenet,27,0.897580,ok,1,direct,0.459281,14,right_knee,1,1,2.000000,591.260000,458.490000,2.000000,631.162659,441.119781,43.519497,51.117867,1,0.087000,0.147313
MP_T_DudukBerdiri_1,movenet,27,0.897580,ok,1,direct,0.459281,15,left_ankle,1,1,2.000000,665.590000,602.820000,0.000000,697.204468,533.331787,,51.117867,0,0.089000,0.000000
MP_T_DudukBerdiri_1,movenet,27,0.897580,ok,1,direct,0.459281,16,right_ankle,1,1,2.000000,577.830000,614.510000,2.000000,591.129822,505.061920,110.253197,51.117867,0,0.089000,0.000008
MP_T_DudukBerdiri_1,movenet,28,0.930823,ok,1,direct,0.479963,0,nose,0,0,0.000000,0.000000,0.000000,2.000000,635.805664,80.646324,,,,0.026000,
MP_T_DudukBerdiri_1,movenet,28,0.930823,ok,1,direct,0.479963,1,left_eye,0,0,0.000000,0.000000,0.000000,2.000000,650.826050,72.006676,,,,0.025000,
MP_T_DudukBerdiri_1,movenet,28,0.930823,ok,1,direct,0.479963,2,right_eye,0,0,0.000000,0.000000,0.000000,2.000000,617.738708,71.882477,,,,0.025000,
MP_T_DudukBerdiri_1,movenet,28,0.930823,ok,1,direct,0.479963,3,left_ear,0,0,0.000000,0.000000,0.000000,2.000000,664.589539,80.526360,,,,0.035000,
MP_T_DudukBerdiri_1,movenet,28,0.930823,ok,1,direct,0.479963,4,right_ear,0,0,0.000000,0.000000,0.000000,2.000000,590.802856,82.506996,,,,0.035000,
MP_T_DudukBerdiri_1,movenet,28,0.930823,ok,1,direct,0.479963,5,left_shoulder,1,1,2.000000,685.880000,175.760000,2.000000,671.115601,159.569748,21.911453,51.297420,1,0.079000,0.557278
MP_T_DudukBerdiri_1,movenet,28,0.930823,ok,1,direct,0.479963,6,right_shoulder,1,1,2.000000,565.950000,163.800000,2.000000,575.295471,163.210449,9.364048,51.297420,1,0.079000,0.898718
MP_T_DudukBerdiri_1,movenet,28,0.930823,ok,1,direct,0.479963,7,left_elbow,1,1,2.000000,700.350000,265.600000,2.000000,680.543274,239.266693,32.950712,51.297420,1,0.072000,0.203548
MP_T_DudukBerdiri_1,movenet,28,0.930823,ok,1,direct,0.479963,8,right_elbow,1,1,2.000000,571.470000,265.750000,2.000000,569.890381,255.058960,10.807106,51.297420,1,0.072000,0.842623
MP_T_DudukBerdiri_1,movenet,28,0.930823,ok,1,direct,0.479963,9,left_wrist,1,1,2.000000,711.910000,338.400000,2.000000,717.312683,304.512787,34.315189,51.297420,1,0.062000,0.097467
MP_T_DudukBerdiri_1,movenet,28,0.930823,ok,1,direct,0.479963,10,right_wrist,1,1,2.000000,596.100000,348.470000,2.000000,582.588928,338.954285,16.525674,51.297420,1,0.062000,0.582763
MP_T_DudukBerdiri_1,movenet,28,0.930823,ok,1,direct,0.479963,11,left_hip,1,1,2.000000,660.640000,333.570000,2.000000,671.680969,324.564362,14.247966,51.297420,1,0.107000,0.873921
MP_T_DudukBerdiri_1,movenet,28,0.930823,ok,1,direct,0.479963,12,right_hip,1,1,2.000000,599.100000,335.470000,2.000000,602.588806,327.047424,9.116554,51.297420,1,0.107000,0.946321
MP_T_DudukBerdiri_1,movenet,28,0.930823,ok,1,direct,0.479963,13,left_knee,1,1,2.000000,671.370000,457.280000,2.000000,685.535645,442.198364,20.691090,51.297420,1,0.087000,0.650574
MP_T_DudukBerdiri_1,movenet,28,0.930823,ok,1,direct,0.479963,14,right_knee,1,1,2.000000,591.260000,458.490000,2.000000,614.737854,445.961243,26.611640,51.297420,1,0.087000,0.491093
MP_T_DudukBerdiri_1,movenet,28,0.930823,ok,1,direct,0.479963,15,left_ankle,1,1,2.000000,665.590000,602.820000,0.000000,701.641479,548.582581,,51.297420,0,0.089000,0.000000
MP_T_DudukBerdiri_1,movenet,28,0.930823,ok,1,direct,0.479963,16,right_ankle,1,1,2.000000,577.830000,614.510000,2.000000,587.015015,506.833466,108.067574,51.297420,0,0.089000,0.000014
MP_T_DudukBerdiri_1,movenet,29,0.964067,ok,1,direct,0.482473,0,nose,0,0,0.000000,0.000000,0.000000,2.000000,636.304688,80.689255,,,,0.026000,
MP_T_DudukBerdiri_1,movenet,29,0.964067,ok,1,direct,0.482473,1,left_eye,0,0,0.000000,0.000000,0.000000,2.000000,651.434082,72.136421,,,,0.025000,
MP_T_DudukBerdiri_1,movenet,29,0.964067,ok,1,direct,0.482473,2,right_eye,0,0,0.000000,0.000000,0.000000,2.000000,618.195557,72.047409,,,,0.025000,
MP_T_DudukBerdiri_1,movenet,29,0.964067,ok,1,direct,0.482473,3,left_ear,0,0,0.000000,0.000000,0.000000,2.000000,664.891907,81.018761,,,,0.035000,
MP_T_DudukBerdiri_1,movenet,29,0.964067,ok,1,direct,0.482473,4,right_ear,0,0,0.000000,0.000000,0.000000,2.000000,591.358154,82.733253,,,,0.035000,
MP_T_DudukBerdiri_1,movenet,29,0.964067,ok,1,direct,0.482473,5,left_shoulder,1,1,2.000000,686.570000,176.030000,2.000000,672.155518,160.458923,21.218759,51.476346,1,0.079000,0.580130
MP_T_DudukBerdiri_1,movenet,29,0.964067,ok,1,direct,0.482473,6,right_shoulder,1,1,2.000000,565.950000,163.800000,2.000000,575.957825,163.483444,10.012830,51.476346,1,0.079000,0.885814
MP_T_DudukBerdiri_1,movenet,29,0.964067,ok,1,direct,0.482473,7,left_elbow,1,1,2.000000,700.350000,265.600000,2.000000,678.878784,240.718750,32.864718,51.476346,1,0.072000,0.207512
MP_T_DudukBerdiri_1,movenet,29,0.964067,ok,1,direct,0.482473,8,right_elbow,1,1,2.000000,571.400000,266.030000,2.000000,572.405457,255.181290,10.895203,51.476346,1,0.072000,0.841280
MP_T_DudukBerdiri_1,movenet,29,0.964067,ok,1,direct,0.482473,9,left_wrist,1,1,2.000000,712.930000,338.200000,2.000000,724.762024,303.445435,36.713439,51.476346,1,0.062000,0.070895
MP_T_DudukBerdiri_1,movenet,29,0.964067,ok,1,direct,0.482473,10,right_wrist,1,1,2.000000,595.420000,348.420000,2.000000,583.478760,339.876526,14.682785,51.476346,1,0.062000,0.654882
MP_T_DudukBerdiri_1,movenet,29,0.964067,ok,1,direct,0.482473,11,left_hip,1,1,2.000000,662.170000,333.800000,2.000000,667.838684,326.109436,9.553991,51.476346,1,0.107000,0.941600
MP_T_DudukBerdiri_1,movenet,29,0.964067,ok,1,direct,0.482473,12,right_hip,1,1,2.000000,600.760000,335.470000,2.000000,595.618469,326.631958,10.224790,51.476346,1,0.107000,0.933400
MP_T_DudukBerdiri_1,movenet,29,0.964067,ok,1,direct,0.482473,13,left_knee,1,1,2.000000,671.370000,457.280000,2.000000,676.994507,447.243713,11.504874,51.476346,1,0.087000,0.876350
MP_T_DudukBerdiri_1,movenet,29,0.964067,ok,1,direct,0.482473,14,right_knee,1,1,2.000000,591.260000,458.490000,2.000000,599.684753,450.830627,11.386064,51.476346,1,0.087000,0.878730
MP_T_DudukBerdiri_1,movenet,29,0.964067,ok,1,direct,0.482473,15,left_ankle,1,1,2.000000,665.590000,602.820000,0.000000,691.752686,562.782959,,51.476346,0,0.089000,0.000000
MP_T_DudukBerdiri_1,movenet,29,0.964067,ok,1,direct,0.482473,16,right_ankle,1,1,2.000000,577.830000,614.510000,2.000000,585.153564,505.703094,109.053094,51.476346,0,0.089000,0.000012
MP_T_DudukBerdiri_1,movenet,30,0.997311,ok,1,direct,0.453631,0,nose,0,0,0.000000,0.000000,0.000000,2.000000,634.232910,80.954536,,,,0.026000,
MP_T_DudukBerdiri_1,movenet,30,0.997311,ok,1,direct,0.453631,1,left_eye,0,0,0.000000,0.000000,0.000000,2.000000,650.184204,72.510948,,,,0.025000,
MP_T_DudukBerdiri_1,movenet,30,0.997311,ok,1,direct,0.453631,2,right_eye,0,0,0.000000,0.000000,0.000000,2.000000,616.693237,72.368286,,,,0.025000,
MP_T_DudukBerdiri_1,movenet,30,0.997311,ok,1,direct,0.453631,3,left_ear,0,0,0.000000,0.000000,0.000000,2.000000,665.366333,82.025948,,,,0.035000,
MP_T_DudukBerdiri_1,movenet,30,0.997311,ok,1,direct,0.453631,4,right_ear,0,0,0.000000,0.000000,0.000000,2.000000,590.243164,83.406441,,,,0.035000,
MP_T_DudukBerdiri_1,movenet,30,0.997311,ok,1,direct,0.453631,5,left_shoulder,1,1,2.000000,687.250000,176.310000,2.000000,672.059265,162.022079,20.854330,51.654653,1,0.079000,0.593134
MP_T_DudukBerdiri_1,movenet,30,0.997311,ok,1,direct,0.453631,6,right_shoulder,1,1,2.000000,565.950000,163.800000,2.000000,573.755249,163.990189,7.807566,51.654653,1,0.079000,0.929403
MP_T_DudukBerdiri_1,movenet,30,0.997311,ok,1,direct,0.453631,7,left_elbow,1,1,2.000000,700.350000,265.600000,2.000000,681.042847,241.711960,30.714893,51.654653,1,0.072000,0.255612
MP_T_DudukBerdiri_1,movenet,30,0.997311,ok,1,direct,0.453631,8,right_elbow,1,1,2.000000,571.330000,266.320000,2.000000,570.362122,251.356995,14.994276,51.654653,1,0.072000,0.722466
MP_T_DudukBerdiri_1,movenet,30,0.997311,ok,1,direct,0.453631,9,left_wrist,1,1,2.000000,713.950000,337.990000,2.000000,726.552246,299.692047,40.318108,51.654653,1,0.062000,0.042013
MP_T_DudukBerdiri_1,movenet,30,0.997311,ok,1,direct,0.453631,10,right_wrist,1,1,2.000000,594.730000,348.370000,2.000000,575.577087,326.049988,29.411171,51.654653,1,0.062000,0.185119
MP_T_DudukBerdiri_1,movenet,30,0.997311,ok,1,direct,0.453631,11,left_hip,1,1,2.000000,663.710000,334.040000,2.000000,655.542847,326.510834,11.108138,51.654653,1,0.107000,0.922393
MP_T_DudukBerdiri_1,movenet,30,0.997311,ok,1,direct,0.453631,12,right_hip,1,1,2.000000,602.410000,335.470000,2.000000,579.458618,328.905914,23.871597,51.654653,1,0.107000,0.688607
MP_T_DudukBerdiri_1,movenet,30,0.997311,ok,1,direct,0.453631,13,left_knee,1,1,2.000000,671.370000,457.280000,2.000000,692.290894,443.350433,25.133973,51.654653,1,0.087000,0.534942
MP_T_DudukBerdiri_1,movenet,30,0.997311,ok,1,direct,0.453631,14,right_knee,1,1,2.000000,591.260000,458.490000,2.000000,593.153625,457.566437,2.106843,51.654653,1,0.087000,0.995614
MP_T_DudukBerdiri_1,movenet,30,0.997311,ok,1,direct,0.453631,15,left_ankle,1,1,2.000000,665.590000,602.820000,0.000000,703.326721,557.743591,,51.654653,0,0.089000,0.000000
MP_T_DudukBerdiri_1,movenet,30,0.997311,ok,1,direct,0.453631,16,right_ankle,1,1,2.000000,577.830000,614.510000,0.000000,629.622253,576.057739,,51.654653,0,0.089000,0.000000
MP_T_DudukBerdiri_1,movenet,31,1.030555,ok,1,direct,0.435066,0,nose,0,0,0.000000,0.000000,0.000000,2.000000,633.283813,81.016190,,,,0.026000,
MP_T_DudukBerdiri_1,movenet,31,1.030555,ok,1,direct,0.435066,1,left_eye,0,0,0.000000,0.000000,0.000000,2.000000,649.026978,72.564369,,,,0.025000,
MP_T_DudukBerdiri_1,movenet,31,1.030555,ok,1,direct,0.435066,2,right_eye,0,0,0.000000,0.000000,0.000000,2.000000,615.506714,72.882126,,,,0.025000,
MP_T_DudukBerdiri_1,movenet,31,1.030555,ok,1,direct,0.435066,3,left_ear,0,0,0.000000,0.000000,0.000000,2.000000,664.938477,82.175537,,,,0.035000,
MP_T_DudukBerdiri_1,movenet,31,1.030555,ok,1,direct,0.435066,4,right_ear,0,0,0.000000,0.000000,0.000000,2.000000,589.897644,84.158371,,,,0.035000,
MP_T_DudukBerdiri_1,movenet,31,1.030555,ok,1,direct,0.435066,5,left_shoulder,1,1,2.000000,687.010000,176.310000,2.000000,669.594849,161.264465,23.014248,51.455328,1,0.079000,0.526726
MP_T_DudukBerdiri_1,movenet,31,1.030555,ok,1,direct,0.435066,6,right_shoulder,1,1,2.000000,565.950000,163.800000,2.000000,574.327881,163.843750,8.377995,51.455328,1,0.079000,0.918552
MP_T_DudukBerdiri_1,movenet,31,1.030555,ok,1,direct,0.435066,7,left_elbow,1,1,2.000000,700.350000,265.600000,2.000000,680.086548,245.851486,28.295075,51.455328,1,0.072000,0.311421
MP_T_DudukBerdiri_1,movenet,31,1.030555,ok,1,direct,0.435066,8,right_elbow,1,1,2.000000,571.260000,266.600000,2.000000,578.581787,248.775803,19.269421,51.455328,1,0.072000,0.582134
MP_T_DudukBerdiri_1,movenet,31,1.030555,ok,1,direct,0.435066,9,left_wrist,1,1,2.000000,712.810000,338.250000,2.000000,746.770386,301.027802,50.386505,51.455328,1,0.062000,0.006812
MP_T_DudukBerdiri_1,movenet,31,1.030555,ok,1,direct,0.435066,10,right_wrist,1,1,2.000000,594.050000,348.320000,2.000000,569.636047,319.427917,37.825831,51.455328,1,0.062000,0.060105
MP_T_DudukBerdiri_1,movenet,31,1.030555,ok,1,direct,0.435066,11,left_hip,1,1,2.000000,663.710000,334.040000,2.000000,660.361633,326.149200,8.571830,51.455328,1,0.107000,0.952678
MP_T_DudukBerdiri_1,movenet,31,1.030555,ok,1,direct,0.435066,12,right_hip,1,1,2.000000,602.410000,335.470000,2.000000,583.497131,330.186951,19.636884,51.455328,1,0.107000,0.775368
MP_T_DudukBerdiri_1,movenet,31,1.030555,ok,1,direct,0.435066,13,left_knee,1,1,2.000000,671.370000,457.280000,2.000000,701.633362,449.254547,31.309407,51.455328,1,0.087000,0.375943
MP_T_DudukBerdiri_1,movenet,31,1.030555,ok,1,direct,0.435066,14,right_knee,1,1,2.000000,591.260000,458.490000,2.000000,614.526794,475.573822,28.865216,51.455328,1,0.087000,0.435381
MP_T_DudukBerdiri_1,movenet,31,1.030555,ok,1,direct,0.435066,15,left_ankle,1,1,2.000000,665.590000,602.820000,0.000000,715.107727,558.976868,,51.455328,0,0.089000,0.000000
MP_T_DudukBerdiri_1,movenet,31,1.030555,ok,1,direct,0.435066,16,right_ankle,1,1,2.000000,577.830000,614.510000,0.000000,670.699158,572.650146,,51.455328,0,0.089000,0.000000
MP_T_DudukBerdiri_1,movenet,32,1.063798,ok,1,direct,0.465522,0,nose,0,0,0.000000,0.000000,0.000000,2.000000,633.038208,81.167236,,,,0.026000,
MP_T_DudukBerdiri_1,movenet,32,1.063798,ok,1,direct,0.465522,1,left_eye,0,0,0.000000,0.000000,0.000000,2.000000,648.559326,72.857254,,,,0.025000,
MP_T_DudukBerdiri_1,movenet,32,1.063798,ok,1,direct,0.465522,2,right_eye,0,0,0.000000,0.000000,0.000000,2.000000,615.074524,73.344093,,,,0.025000,
MP_T_DudukBerdiri_1,movenet,32,1.063798,ok,1,direct,0.465522,3,left_ear,0,0,0.000000,0.000000,0.000000,2.000000,663.938110,82.484070,,,,0.035000,
MP_T_DudukBerdiri_1,movenet,32,1.063798,ok,1,direct,0.465522,4,right_ear,0,0,0.000000,0.000000,0.000000,2.000000,590.686523,84.251396,,,,0.035000,
MP_T_DudukBerdiri_1,movenet,32,1.063798,ok,1,direct,0.465522,5,left_shoulder,1,1,2.000000,686.760000,176.310000,2.000000,673.662231,160.623093,20.436012,51.256987,1,0.079000,0.600854
MP_T_DudukBerdiri_1,movenet,32,1.063798,ok,1,direct,0.465522,6,right_shoulder,1,1,2.000000,565.950000,163.800000,2.000000,574.719116,163.586029,8.771726,51.256987,1,0.079000,0.910418
MP_T_DudukBerdiri_1,movenet,32,1.063798,ok,1,direct,0.465522,7,left_elbow,1,1,2.000000,700.350000,265.600000,2.000000,680.078613,245.349426,28.653357,51.256987,1,0.072000,0.299507
MP_T_DudukBerdiri_1,movenet,32,1.063798,ok,1,direct,0.465522,8,right_elbow,1,1,2.000000,571.190000,266.880000,2.000000,576.548218,244.963547,22.561946,51.256987,1,0.072000,0.473548
MP_T_DudukBerdiri_1,movenet,32,1.063798,ok,1,direct,0.465522,9,left_wrist,1,1,2.000000,711.680000,338.500000,2.000000,754.216980,295.028473,60.820789,51.256987,0,0.062000,0.000658
MP_T_DudukBerdiri_1,movenet,32,1.063798,ok,1,direct,0.465522,10,right_wrist,1,1,2.000000,593.370000,348.270000,2.000000,562.346924,320.989624,41.311623,51.256987,1,0.062000,0.034056
MP_T_DudukBerdiri_1,movenet,32,1.063798,ok,1,direct,0.465522,11,left_hip,1,1,2.000000,663.710000,334.040000,2.000000,672.482849,320.675171,15.986918,51.256987,1,0.107000,0.843719
MP_T_DudukBerdiri_1,movenet,32,1.063798,ok,1,direct,0.465522,12,right_hip,1,1,2.000000,602.410000,335.470000,2.000000,592.014526,324.826965,14.877502,51.256987,1,0.107000,0.863148
MP_T_DudukBerdiri_1,movenet,32,1.063798,ok,1,direct,0.465522,13,left_knee,1,1,2.000000,671.370000,457.280000,2.000000,701.753235,446.106384,32.372684,51.256987,1,0.087000,0.348539
MP_T_DudukBerdiri_1,movenet,32,1.063798,ok,1,direct,0.465522,14,right_knee,1,1,2.000000,591.260000,458.490000,0.000000,616.825195,457.713806,,51.256987,0,0.087000,0.000000
MP_T_DudukBerdiri_1,movenet,32,1.063798,ok,1,direct,0.465522,15,left_ankle,1,1,2.000000,665.590000,602.820000,0.000000,715.875854,559.354248,,51.256987,0,0.089000,0.000000
MP_T_DudukBerdiri_1,movenet,32,1.063798,ok,1,direct,0.465522,16,right_ankle,1,1,2.000000,577.830000,614.510000,0.000000,675.794189,579.575500,,51.256987,0,0.089000,0.000000
MP_T_DudukBerdiri_1,movenet,33,1.097042,ok,1,direct,0.348669,0,nose,0,0,0.000000,0.000000,0.000000,2.000000,390.772369,203.548416,,,,0.026000,
MP_T_DudukBerdiri_1,movenet,33,1.097042,ok,1,direct,0.348669,1,left_eye,0,0,0.000000,0.000000,0.000000,2.000000,365.492096,190.822998,,,,0.025000,
MP_T_DudukBerdiri_1,movenet,33,1.097042,ok,1,direct,0.348669,2,right_eye,0,0,0.000000,0.000000,0.000000,2.000000,387.653656,191.489807,,,,0.025000,
MP_T_DudukBerdiri_1,movenet,33,1.097042,ok,1,direct,0.348669,3,left_ear,0,0,0.000000,0.000000,0.000000,2.000000,259.860199,200.833282,,,,0.035000,
MP_T_DudukBerdiri_1,movenet,33,1.097042,ok,1,direct,0.348669,4,right_ear,0,0,0.000000,0.000000,0.000000,2.000000,356.243927,202.429260,,,,0.035000,
MP_T_DudukBerdiri_1,movenet,33,1.097042,ok,1,direct,0.348669,5,left_shoulder,1,1,2.000000,686.520000,176.310000,2.000000,250.180191,285.619263,449.823236,51.056110,0,0.079000,0.000000
MP_T_DudukBerdiri_1,movenet,33,1.097042,ok,1,direct,0.348669,6,right_shoulder,1,1,2.000000,565.950000,163.800000,2.000000,345.719940,297.079346,257.419236,51.056110,0,0.079000,0.000000
MP_T_DudukBerdiri_1,movenet,33,1.097042,ok,1,direct,0.348669,7,left_elbow,1,1,2.000000,700.350000,265.600000,2.000000,441.832397,389.238708,286.562177,51.056110,0,0.072000,0.000000
MP_T_DudukBerdiri_1,movenet,33,1.097042,ok,1,direct,0.348669,8,right_elbow,1,1,2.000000,571.120000,267.160000,2.000000,460.386780,393.601654,168.075394,51.056110,0,0.072000,0.000000
MP_T_DudukBerdiri_1,movenet,33,1.097042,ok,1,direct,0.348669,9,left_wrist,1,1,2.000000,710.540000,338.750000,0.000000,472.239807,301.380890,,51.056110,0,0.062000,0.000000
MP_T_DudukBerdiri_1,movenet,33,1.097042,ok,1,direct,0.348669,10,right_wrist,1,1,2.000000,592.690000,348.230000,2.000000,474.236786,304.702728,126.197414,51.056110,0,0.062000,0.000000
MP_T_DudukBerdiri_1,movenet,33,1.097042,ok,1,direct,0.348669,11,left_hip,1,1,2.000000,663.710000,334.040000,2.000000,330.448059,503.244781,373.756310,51.056110,0,0.107000,0.000000
MP_T_DudukBerdiri_1,movenet,33,1.097042,ok,1,direct,0.348669,12,right_hip,1,1,2.000000,602.410000,335.470000,2.000000,388.425873,506.005341,273.626587,51.056110,0,0.107000,0.000000
MP_T_DudukBerdiri_1,movenet,33,1.097042,ok,1,direct,0.348669,13,left_knee,1,1,2.000000,671.370000,457.280000,2.000000,666.948364,459.066559,4.768926,51.056110,1,0.087000,0.977210
MP_T_DudukBerdiri_1,movenet,33,1.097042,ok,1,direct,0.348669,14,right_knee,1,1,2.000000,591.260000,458.490000,2.000000,580.910156,491.656738,34.744090,51.056110,1,0.087000,0.294154
MP_T_DudukBerdiri_1,movenet,33,1.097042,ok,1,direct,0.348669,15,left_ankle,1,1,2.000000,665.590000,602.820000,0.000000,517.504395,628.306641,,51.056110,0,0.089000,0.000000
MP_T_DudukBerdiri_1,movenet,33,1.097042,ok,1,direct,0.348669,16,right_ankle,1,1,2.000000,577.830000,614.510000,2.000000,510.094788,644.104980,73.918346,51.056110,0,0.089000,0.005029
MP_T_DudukBerdiri_1,movenet,34,1.130286,ok,1,direct,0.342101,0,nose,0,0,0.000000,0.000000,0.000000,2.000000,392.124878,202.119507,,,,0.026000,
MP_T_DudukBerdiri_1,movenet,34,1.130286,ok,1,direct,0.342101,1,left_eye,0,0,0.000000,0.000000,0.000000,2.000000,365.098633,188.903259,,,,0.025000,
MP_T_DudukBerdiri_1,movenet,34,1.130286,ok,1,direct,0.342101,2,right_eye,0,0,0.000000,0.000000,0.000000,2.000000,387.470551,189.413208,,,,0.025000,
MP_T_DudukBerdiri_1,movenet,34,1.130286,ok,1,direct,0.342101,3,left_ear,0,0,0.000000,0.000000,0.000000,2.000000,256.667816,200.845184,,,,0.035000,
MP_T_DudukBerdiri_1,movenet,34,1.130286,ok,1,direct,0.342101,4,right_ear,0,0,0.000000,0.000000,0.000000,2.000000,350.255798,200.383636,,,,0.035000,
MP_T_DudukBerdiri_1,movenet,34,1.130286,ok,1,direct,0.342101,5,left_shoulder,1,1,2.000000,686.280000,176.310000,2.000000,246.031860,286.152435,453.744185,50.854439,0,0.079000,0.000000
MP_T_DudukBerdiri_1,movenet,34,1.130286,ok,1,direct,0.342101,6,right_shoulder,1,1,2.000000,565.950000,163.800000,2.000000,343.253113,294.980682,258.461361,50.854439,0,0.079000,0.000000
MP_T_DudukBerdiri_1,movenet,34,1.130286,ok,1,direct,0.342101,7,left_elbow,1,1,2.000000,700.350000,265.600000,2.000000,451.218719,379.240784,273.825898,50.854439,0,0.072000,0.000000
MP_T_DudukBerdiri_1,movenet,34,1.130286,ok,1,direct,0.342101,8,right_elbow,1,1,2.000000,571.050000,267.440000,2.000000,469.433960,385.533051,155.794057,50.854439,0,0.072000,0.000000
MP_T_DudukBerdiri_1,movenet,34,1.130286,ok,1,direct,0.342101,9,left_wrist,1,1,2.000000,709.400000,339.010000,0.000000,485.919128,294.100067,,50.854439,0,0.062000,0.000000
MP_T_DudukBerdiri_1,movenet,34,1.130286,ok,1,direct,0.342101,10,right_wrist,1,1,2.000000,592.010000,348.180000,2.000000,490.125854,296.724091,114.140658,50.854439,0,0.062000,0.000000
MP_T_DudukBerdiri_1,movenet,34,1.130286,ok,1,direct,0.342101,11,left_hip,1,1,2.000000,663.710000,334.040000,2.000000,323.003876,504.538330,380.986015,50.854439,0,0.107000,0.000000
MP_T_DudukBerdiri_1,movenet,34,1.130286,ok,1,direct,0.342101,12,right_hip,1,1,2.000000,602.410000,335.470000,2.000000,393.489563,506.575897,270.046250,50.854439,0,0.107000,0.000000
MP_T_DudukBerdiri_1,movenet,34,1.130286,ok,1,direct,0.342101,13,left_knee,1,1,2.000000,671.370000,457.280000,2.000000,670.095764,461.928833,4.820303,50.854439,1,0.087000,0.976539
MP_T_DudukBerdiri_1,movenet,34,1.130286,ok,1,direct,0.342101,14,right_knee,1,1,2.000000,591.260000,458.490000,2.000000,585.658020,492.676422,34.642368,50.854439,1,0.087000,0.293416
MP_T_DudukBerdiri_1,movenet,34,1.130286,ok,1,direct,0.342101,15,left_ankle,1,1,2.000000,665.590000,602.820000,0.000000,517.319214,626.356873,,50.854439,0,0.089000,0.000000
MP_T_DudukBerdiri_1,movenet,34,1.130286,ok,1,direct,0.342101,16,right_ankle,1,1,2.000000,577.830000,614.510000,0.000000,508.524109,646.070007,,50.854439,0,0.089000,0.000000
MP_T_DudukBerdiri_1,movenet,35,1.163529,ok,1,direct,0.325352,0,nose,0,0,0.000000,0.000000,0.000000,2.000000,403.748322,205.771164,,,,0.026000,
MP_T_DudukBerdiri_1,movenet,35,1.163529,ok,1,direct,0.325352,1,left_eye,0,0,0.000000,0.000000,0.000000,2.000000,372.386414,192.102234,,,,0.025000,
MP_T_DudukBerdiri_1,movenet,35,1.163529,ok,1,direct,0.325352,2,right_eye,0,0,0.000000,0.000000,0.000000,2.000000,397.743378,191.859756,,,,0.025000,
MP_T_DudukBerdiri_1,movenet,35,1.163529,ok,1,direct,0.325352,3,left_ear,0,0,0.000000,0.000000,0.000000,2.000000,261.759155,201.741409,,,,0.035000,
MP_T_DudukBerdiri_1,movenet,35,1.163529,ok,1,direct,0.325352,4,right_ear,0,0,0.000000,0.000000,0.000000,2.000000,359.661316,202.493393,,,,0.035000,
MP_T_DudukBerdiri_1,movenet,35,1.163529,ok,1,direct,0.325352,5,left_shoulder,1,1,2.000000,686.030000,176.310000,2.000000,241.078964,286.759247,458.454426,50.651965,0,0.079000,0.000000
MP_T_DudukBerdiri_1,movenet,35,1.163529,ok,1,direct,0.325352,6,right_shoulder,1,1,2.000000,565.950000,163.800000,2.000000,360.048065,296.439758,244.926340,50.651965,0,0.079000,0.000000
MP_T_DudukBerdiri_1,movenet,35,1.163529,ok,1,direct,0.325352,7,left_elbow,1,1,2.000000,700.350000,265.600000,2.000000,458.992371,374.247284,264.684222,50.651965,0,0.072000,0.000000
MP_T_DudukBerdiri_1,movenet,35,1.163529,ok,1,direct,0.325352,8,right_elbow,1,1,2.000000,570.980000,267.720000,2.000000,472.319641,373.975128,144.996616,50.651965,0,0.072000,0.000000
MP_T_DudukBerdiri_1,movenet,35,1.163529,ok,1,direct,0.325352,9,left_wrist,1,1,2.000000,708.260000,339.260000,0.000000,506.288269,284.869659,,50.651965,0,0.062000,0.000000
MP_T_DudukBerdiri_1,movenet,35,1.163529,ok,1,direct,0.325352,10,right_wrist,1,1,2.000000,591.330000,348.130000,2.000000,501.401123,281.845428,111.717713,50.651965,0,0.062000,0.000000
MP_T_DudukBerdiri_1,movenet,35,1.163529,ok,1,direct,0.325352,11,left_hip,1,1,2.000000,663.710000,334.040000,2.000000,305.976685,507.188080,397.433494,50.651965,0,0.107000,0.000000
MP_T_DudukBerdiri_1,movenet,35,1.163529,ok,1,direct,0.325352,12,right_hip,1,1,2.000000,602.410000,335.470000,2.000000,387.698486,509.786530,276.563350,50.651965,0,0.107000,0.000000
MP_T_DudukBerdiri_1,movenet,35,1.163529,ok,1,direct,0.325352,13,left_knee,1,1,2.000000,671.370000,457.280000,2.000000,672.236816,462.065308,4.863182,50.651965,1,0.087000,0.975936
MP_T_DudukBerdiri_1,movenet,35,1.163529,ok,1,direct,0.325352,14,right_knee,1,1,2.000000,591.260000,458.490000,2.000000,588.840027,494.329651,35.921259,50.651965,1,0.087000,0.264761
MP_T_DudukBerdiri_1,movenet,35,1.163529,ok,1,direct,0.325352,15,left_ankle,1,1,2.000000,665.590000,602.820000,0.000000,521.909729,625.612793,,50.651965,0,0.089000,0.000000
MP_T_DudukBerdiri_1,movenet,35,1.163529,ok,1,direct,0.325352,16,right_ankle,1,1,2.000000,577.830000,614.510000,0.000000,508.697144,646.314941,,50.651965,0,0.089000,0.000000
MP_T_DudukBerdiri_1,movenet,36,1.196773,ok,1,direct,0.471184,0,nose,0,0,0.000000,0.000000,0.000000,2.000000,631.160767,81.437424,,,,0.026000,
MP_T_DudukBerdiri_1,movenet,36,1.196773,ok,1,direct,0.471184,1,left_eye,0,0,0.000000,0.000000,0.000000,2.000000,646.382568,73.031456,,,,0.025000,
MP_T_DudukBerdiri_1,movenet,36,1.196773,ok,1,direct,0.471184,2,right_eye,0,0,0.000000,0.000000,0.000000,2.000000,612.352356,73.733139,,,,0.025000,
MP_T_DudukBerdiri_1,movenet,36,1.196773,ok,1,direct,0.471184,3,left_ear,0,0,0.000000,0.000000,0.000000,2.000000,662.607544,83.427094,,,,0.035000,
MP_T_DudukBerdiri_1,movenet,36,1.196773,ok,1,direct,0.471184,4,right_ear,0,0,0.000000,0.000000,0.000000,2.000000,586.424255,85.162628,,,,0.035000,
MP_T_DudukBerdiri_1,movenet,36,1.196773,ok,1,direct,0.471184,5,left_shoulder,1,1,2.000000,685.790000,176.310000,2.000000,677.072693,166.935272,12.801444,50.602111,1,0.079000,0.814569
MP_T_DudukBerdiri_1,movenet,36,1.196773,ok,1,direct,0.471184,6,right_shoulder,1,1,2.000000,565.950000,163.800000,2.000000,572.705200,165.139999,6.886823,50.602111,1,0.079000,0.942370
MP_T_DudukBerdiri_1,movenet,36,1.196773,ok,1,direct,0.471184,7,left_elbow,1,1,2.000000,700.350000,265.600000,2.000000,684.378540,262.725555,16.228061,50.602111,1,0.072000,0.672475
MP_T_DudukBerdiri_1,movenet,36,1.196773,ok,1,direct,0.471184,8,right_elbow,1,1,2.000000,570.610000,267.170000,2.000000,541.576782,254.834106,31.545237,50.602111,1,0.072000,0.223281
MP_T_DudukBerdiri_1,movenet,36,1.196773,ok,1,direct,0.471184,9,left_wrist,1,1,2.000000,707.980000,339.260000,2.000000,774.227417,265.669495,99.016578,50.602111,0,0.062000,0.000000
MP_T_DudukBerdiri_1,movenet,36,1.196773,ok,1,direct,0.471184,10,right_wrist,1,1,2.000000,589.500000,348.130000,2.000000,509.012329,255.294525,122.868591,50.602111,0,0.062000,0.000000
MP_T_DudukBerdiri_1,movenet,36,1.196773,ok,1,direct,0.471184,11,left_hip,1,1,2.000000,663.710000,334.040000,2.000000,663.185303,323.412537,10.640408,50.602111,1,0.107000,0.925668
MP_T_DudukBerdiri_1,movenet,36,1.196773,ok,1,direct,0.471184,12,right_hip,1,1,2.000000,602.410000,335.470000,2.000000,588.014465,321.253510,20.232153,50.602111,1,0.107000,0.756343
MP_T_DudukBerdiri_1,movenet,36,1.196773,ok,1,direct,0.471184,13,left_knee,1,1,2.000000,671.370000,457.280000,2.000000,676.023682,456.456665,4.725953,50.602111,1,0.087000,0.977216
MP_T_DudukBerdiri_1,movenet,36,1.196773,ok,1,direct,0.471184,14,right_knee,1,1,2.000000,591.260000,458.490000,2.000000,607.445435,464.181793,17.157063,50.602111,1,0.087000,0.738033
MP_T_DudukBerdiri_1,movenet,36,1.196773,ok,1,direct,0.471184,15,left_ankle,1,1,2.000000,665.590000,602.820000,0.000000,707.424988,568.346802,,50.602111,0,0.089000,0.000000
MP_T_DudukBerdiri_1,movenet,36,1.196773,ok,1,direct,0.471184,16,right_ankle,1,1,2.000000,577.830000,614.510000,0.000000,624.223511,576.553894,,50.602111,0,0.089000,0.000000
MP_T_DudukBerdiri_1,movenet,37,1.230017,ok,1,direct,0.318226,0,nose,0,0,0.000000,0.000000,0.000000,2.000000,398.672424,207.313904,,,,0.026000,
MP_T_DudukBerdiri_1,movenet,37,1.230017,ok,1,direct,0.318226,1,left_eye,0,0,0.000000,0.000000,0.000000,2.000000,373.695343,192.366394,,,,0.025000,
MP_T_DudukBerdiri_1,movenet,37,1.230017,ok,1,direct,0.318226,2,right_eye,0,0,0.000000,0.000000,0.000000,2.000000,390.342041,193.857208,,,,0.025000,
MP_T_DudukBerdiri_1,movenet,37,1.230017,ok,1,direct,0.318226,3,left_ear,0,0,0.000000,0.000000,0.000000,0.000000,281.563568,200.261749,,,,0.035000,
MP_T_DudukBerdiri_1,movenet,37,1.230017,ok,1,direct,0.318226,4,right_ear,0,0,0.000000,0.000000,0.000000,2.000000,355.969055,201.306976,,,,0.035000,
MP_T_DudukBerdiri_1,movenet,37,1.230017,ok,1,direct,0.318226,5,left_shoulder,1,1,2.000000,685.540000,176.310000,2.000000,264.389038,281.540894,434.098691,50.553991,0,0.079000,0.000000
MP_T_DudukBerdiri_1,movenet,37,1.230017,ok,1,direct,0.318226,6,right_shoulder,1,1,2.000000,565.950000,163.800000,2.000000,333.193726,285.209900,262.518280,50.553991,0,0.079000,0.000000
MP_T_DudukBerdiri_1,movenet,37,1.230017,ok,1,direct,0.318226,7,left_elbow,1,1,2.000000,700.350000,265.600000,0.000000,461.641510,335.480133,,50.553991,0,0.072000,0.000000
MP_T_DudukBerdiri_1,movenet,37,1.230017,ok,1,direct,0.318226,8,right_elbow,1,1,2.000000,570.250000,266.620000,2.000000,490.915070,328.894165,100.856843,50.553991,0,0.072000,0.000000
MP_T_DudukBerdiri_1,movenet,37,1.230017,ok,1,direct,0.318226,9,left_wrist,1,1,2.000000,707.710000,339.260000,0.000000,524.579773,271.929474,,50.553991,0,0.062000,0.000000
MP_T_DudukBerdiri_1,movenet,37,1.230017,ok,1,direct,0.318226,10,right_wrist,1,1,2.000000,587.670000,348.130000,2.000000,523.066528,248.726395,118.552458,50.553991,0,0.062000,0.000000
MP_T_DudukBerdiri_1,movenet,37,1.230017,ok,1,direct,0.318226,11,left_hip,1,1,2.000000,663.710000,334.040000,2.000000,353.773743,502.628204,352.820728,50.553991,0,0.107000,0.000000
MP_T_DudukBerdiri_1,movenet,37,1.230017,ok,1,direct,0.318226,12,right_hip,1,1,2.000000,602.410000,335.470000,2.000000,379.458344,507.778259,281.775757,50.553991,0,0.107000,0.000000
MP_T_DudukBerdiri_1,movenet,37,1.230017,ok,1,direct,0.318226,13,left_knee,1,1,2.000000,671.370000,457.280000,2.000000,671.588867,465.590027,8.312909,50.553991,1,0.087000,0.931045
MP_T_DudukBerdiri_1,movenet,37,1.230017,ok,1,direct,0.318226,14,right_knee,1,1,2.000000,591.260000,458.490000,2.000000,587.796143,491.862366,33.551648,50.553991,1,0.087000,0.312272
MP_T_DudukBerdiri_1,movenet,37,1.230017,ok,1,direct,0.318226,15,left_ankle,1,1,2.000000,665.590000,602.820000,0.000000,524.006714,618.664917,,50.553991,0,0.089000,0.000000
MP_T_DudukBerdiri_1,movenet,37,1.230017,ok,1,direct,0.318226,16,right_ankle,1,1,2.000000,577.830000,614.510000,0.000000,532.851074,622.581848,,50.553991,0,0.089000,0.000000
MP_T_DudukBerdiri_1,movenet,38,1.263260,ok,1,direct,0.430677,0,nose,0,0,0.000000,0.000000,0.000000,2.000000,631.343384,81.248077,,,,0.026000,
MP_T_DudukBerdiri_1,movenet,38,1.263260,ok,1,direct,0.430677,1,left_eye,0,0,0.000000,0.000000,0.000000,2.000000,646.835449,72.804535,,,,0.025000,
MP_T_DudukBerdiri_1,movenet,38,1.263260,ok,1,direct,0.430677,2,right_eye,0,0,0.000000,0.000000,0.000000,2.000000,611.823792,73.407204,,,,0.025000,
MP_T_DudukBerdiri_1,movenet,38,1.263260,ok,1,direct,0.430677,3,left_ear,0,0,0.000000,0.000000,0.000000,2.000000,664.017334,82.739250,,,,0.035000,
MP_T_DudukBerdiri_1,movenet,38,1.263260,ok,1,direct,0.430677,4,right_ear,0,0,0.000000,0.000000,0.000000,2.000000,586.084106,84.806999,,,,0.035000,
MP_T_DudukBerdiri_1,movenet,38,1.263260,ok,1,direct,0.430677,5,left_shoulder,1,1,2.000000,685.300000,176.310000,2.000000,675.049927,165.235306,15.090158,50.504040,1,0.079000,0.751191
MP_T_DudukBerdiri_1,movenet,38,1.263260,ok,1,direct,0.430677,6,right_shoulder,1,1,2.000000,565.950000,163.800000,2.000000,571.184937,163.329025,5.256080,50.504040,1,0.079000,0.965886
MP_T_DudukBerdiri_1,movenet,38,1.263260,ok,1,direct,0.430677,7,left_elbow,1,1,2.000000,700.350000,265.600000,2.000000,678.911682,261.914307,21.752834,50.504040,1,0.072000,0.488839
MP_T_DudukBerdiri_1,movenet,38,1.263260,ok,1,direct,0.430677,8,right_elbow,1,1,2.000000,569.880000,266.070000,2.000000,561.384338,256.227448,13.002004,50.504040,1,0.072000,0.774373
MP_T_DudukBerdiri_1,movenet,38,1.263260,ok,1,direct,0.430677,9,left_wrist,1,1,2.000000,707.430000,339.260000,2.000000,789.329102,245.949173,124.154635,50.504040,0,0.062000,0.000000
MP_T_DudukBerdiri_1,movenet,38,1.263260,ok,1,direct,0.430677,10,right_wrist,1,1,2.000000,585.840000,348.130000,2.000000,545.614258,294.223297,67.261006,50.504040,0,0.062000,0.000098
MP_T_DudukBerdiri_1,movenet,38,1.263260,ok,1,direct,0.430677,11,left_hip,1,1,2.000000,663.710000,334.040000,2.000000,665.796753,324.054688,10.201030,50.504040,1,0.107000,0.931212
MP_T_DudukBerdiri_1,movenet,38,1.263260,ok,1,direct,0.430677,12,right_hip,1,1,2.000000,602.410000,335.470000,2.000000,596.034058,327.486359,10.217200,50.504040,1,0.107000,0.931001
MP_T_DudukBerdiri_1,movenet,38,1.263260,ok,1,direct,0.430677,13,left_knee,1,1,2.000000,671.370000,457.280000,2.000000,671.168213,460.264587,2.991401,50.504040,1,0.087000,0.990773
MP_T_DudukBerdiri_1,movenet,38,1.263260,ok,1,direct,0.430677,14,right_knee,1,1,2.000000,591.260000,458.490000,2.000000,606.951660,466.432373,17.587197,50.504040,1,0.087000,0.725837
MP_T_DudukBerdiri_1,movenet,38,1.263260,ok,1,direct,0.430677,15,left_ankle,1,1,2.000000,665.590000,602.820000,0.000000,711.722046,558.268066,,50.504040,0,0.089000,0.000000
MP_T_DudukBerdiri_1,movenet,38,1.263260,ok,1,direct,0.430677,16,right_ankle,1,1,2.000000,577.830000,614.510000,0.000000,621.669678,563.774902,,50.504040,0,0.089000,0.000000
MP_T_DudukBerdiri_1,movenet,39,1.296504,ok,1,direct,0.437509,0,nose,0,0,0.000000,0.000000,0.000000,2.000000,631.260925,81.016876,,,,0.026000,
MP_T_DudukBerdiri_1,movenet,39,1.296504,ok,1,direct,0.437509,1,left_eye,0,0,0.000000,0.000000,0.000000,2.000000,646.792114,72.365791,,,,0.025000,
MP_T_DudukBerdiri_1,movenet,39,1.296504,ok,1,direct,0.437509,2,right_eye,0,0,0.000000,0.000000,0.000000,2.000000,611.204224,73.025726,,,,0.025000,
MP_T_DudukBerdiri_1,movenet,39,1.296504,ok,1,direct,0.437509,3,left_ear,0,0,0.000000,0.000000,0.000000,2.000000,664.503906,82.118011,,,,0.035000,
MP_T_DudukBerdiri_1,movenet,39,1.296504,ok,1,direct,0.437509,4,right_ear,0,0,0.000000,0.000000,0.000000,2.000000,585.997986,84.099304,,,,0.035000,
MP_T_DudukBerdiri_1,movenet,39,1.296504,ok,1,direct,0.437509,5,left_shoulder,1,1,2.000000,685.060000,176.310000,2.000000,674.472107,163.060944,16.959982,50.455826,1,0.079000,0.696227
MP_T_DudukBerdiri_1,movenet,39,1.296504,ok,1,direct,0.437509,6,right_shoulder,1,1,2.000000,565.950000,163.800000,2.000000,573.445740,159.023468,8.888272,50.455826,1,0.079000,0.905339
MP_T_DudukBerdiri_1,movenet,39,1.296504,ok,1,direct,0.437509,7,left_elbow,1,1,2.000000,700.350000,265.600000,2.000000,682.484802,257.822906,19.484570,50.455826,1,0.072000,0.562514
MP_T_DudukBerdiri_1,movenet,39,1.296504,ok,1,direct,0.437509,8,right_elbow,1,1,2.000000,569.510000,265.520000,2.000000,558.663879,259.411682,12.447887,50.455826,1,0.072000,0.790714
MP_T_DudukBerdiri_1,movenet,39,1.296504,ok,1,direct,0.437509,9,left_wrist,1,1,2.000000,707.160000,339.260000,2.000000,791.057434,241.366898,128.925711,50.455826,0,0.062000,0.000000
MP_T_DudukBerdiri_1,movenet,39,1.296504,ok,1,direct,0.437509,10,right_wrist,1,1,2.000000,584.010000,348.130000,2.000000,553.160645,217.623856,134.102709,50.455826,0,0.062000,0.000000
MP_T_DudukBerdiri_1,movenet,39,1.296504,ok,1,direct,0.437509,11,left_hip,1,1,2.000000,663.710000,334.040000,2.000000,669.905090,319.809235,15.520755,50.455826,1,0.107000,0.847642
MP_T_DudukBerdiri_1,movenet,39,1.296504,ok,1,direct,0.437509,12,right_hip,1,1,2.000000,602.410000,335.470000,2.000000,604.238831,321.572601,14.017215,50.455826,1,0.107000,0.873871
MP_T_DudukBerdiri_1,movenet,39,1.296504,ok,1,direct,0.437509,13,left_knee,1,1,2.000000,671.370000,457.280000,2.000000,684.733887,446.628235,17.089575,50.455826,1,0.087000,0.738502
MP_T_DudukBerdiri_1,movenet,39,1.296504,ok,1,direct,0.437509,14,right_knee,1,1,2.000000,591.260000,458.490000,2.000000,611.667175,453.415131,21.028721,50.455826,1,0.087000,0.631927
MP_T_DudukBerdiri_1,movenet,39,1.296504,ok,1,direct,0.437509,15,left_ankle,1,1,2.000000,665.590000,602.820000,0.000000,720.874512,549.782959,,50.455826,0,0.089000,0.000000
MP_T_DudukBerdiri_1,movenet,39,1.296504,ok,1,direct,0.437509,16,right_ankle,1,1,2.000000,577.830000,614.510000,0.000000,585.390259,506.260559,,50.455826,0,0.089000,0.000000
MP_T_DudukBerdiri_1,movenet,40,1.329748,ok,1,direct,0.442665,0,nose,0,0,0.000000,0.000000,0.000000,2.000000,630.882629,82.070175,,,,0.026000,
MP_T_DudukBerdiri_1,movenet,40,1.329748,ok,1,direct,0.442665,1,left_eye,0,0,0.000000,0.000000,0.000000,2.000000,646.483521,72.504684,,,,0.025000,
MP_T_DudukBerdiri_1,movenet,40,1.329748,ok,1,direct,0.442665,2,right_eye,0,0,0.000000,0.000000,0.000000,2.000000,610.441833,73.826706,,,,0.025000,
MP_T_DudukBerdiri_1,movenet,40,1.329748,ok,1,direct,0.442665,3,left_ear,0,0,0.000000,0.000000,0.000000,2.000000,664.592834,82.444649,,,,0.035000,
MP_T_DudukBerdiri_1,movenet,40,1.329748,ok,1,direct,0.442665,4,right_ear,0,0,0.000000,0.000000,0.000000,2.000000,587.411438,84.931190,,,,0.035000,
MP_T_DudukBerdiri_1,movenet,40,1.329748,ok,1,direct,0.442665,5,left_shoulder,1,1,2.000000,685.060000,176.310000,2.000000,672.014771,164.246521,17.768105,50.405778,1,0.079000,0.671530
MP_T_DudukBerdiri_1,movenet,40,1.329748,ok,1,direct,0.442665,6,right_shoulder,1,1,2.000000,565.950000,163.800000,2.000000,580.589050,158.123871,15.700963,50.405778,1,0.079000,0.732762
MP_T_DudukBerdiri_1,movenet,40,1.329748,ok,1,direct,0.442665,7,left_elbow,1,1,2.000000,700.350000,265.600000,2.000000,684.346985,257.015076,18.160325,50.405778,1,0.072000,0.606055
MP_T_DudukBerdiri_1,movenet,40,1.329748,ok,1,direct,0.442665,8,right_elbow,1,1,2.000000,569.170000,265.520000,2.000000,552.820374,259.266144,17.504885,50.405778,1,0.072000,0.627954
MP_T_DudukBerdiri_1,movenet,40,1.329748,ok,1,direct,0.442665,9,left_wrist,1,1,2.000000,706.880000,339.260000,2.000000,796.008850,236.586304,135.962641,50.405778,0,0.062000,0.000000
MP_T_DudukBerdiri_1,movenet,40,1.329748,ok,1,direct,0.442665,10,right_wrist,1,1,2.000000,583.490000,348.130000,2.000000,559.057556,202.566559,147.599660,50.405778,0,0.062000,0.000000
MP_T_DudukBerdiri_1,movenet,40,1.329748,ok,1,direct,0.442665,11,left_hip,1,1,2.000000,663.710000,334.040000,2.000000,665.321716,323.034851,11.122542,50.405778,1,0.107000,0.918460
MP_T_DudukBerdiri_1,movenet,40,1.329748,ok,1,direct,0.442665,12,right_hip,1,1,2.000000,602.410000,335.470000,2.000000,610.379272,324.468292,13.584803,50.405778,1,0.107000,0.880835
MP_T_DudukBerdiri_1,movenet,40,1.329748,ok,1,direct,0.442665,13,left_knee,1,1,2.000000,671.370000,457.280000,2.000000,680.611938,451.260559,11.029374,50.405778,1,0.087000,0.881163
MP_T_DudukBerdiri_1,movenet,40,1.329748,ok,1,direct,0.442665,14,right_knee,1,1,2.000000,591.260000,458.490000,2.000000,623.404175,455.895782,32.248689,50.405778,1,0.087000,0.339062
MP_T_DudukBerdiri_1,movenet,40,1.329748,ok,1,direct,0.442665,15,left_ankle,1,1,2.000000,665.590000,602.820000,0.000000,718.402649,549.531433,,50.405778,0,0.089000,0.000000
MP_T_DudukBerdiri_1,movenet,40,1.329748,ok,1,direct,0.442665,16,right_ankle,1,1,2.000000,577.830000,614.510000,0.000000,589.279541,506.979462,,50.405778,0,0.089000,0.000000
MP_T_DudukBerdiri_1,movenet,41,1.362991,ok,1,direct,0.449490,0,nose,0,0,0.000000,0.000000,0.000000,2.000000,629.820679,82.496712,,,,0.026000,
MP_T_DudukBerdiri_1,movenet,41,1.362991,ok,1,direct,0.449490,1,left_eye,0,0,0.000000,0.000000,0.000000,2.000000,645.926147,72.777161,,,,0.025000,
MP_T_DudukBerdiri_1,movenet,41,1.362991,ok,1,direct,0.449490,2,right_eye,0,0,0.000000,0.000000,0.000000,2.000000,610.197998,73.924225,,,,0.025000,
MP_T_DudukBerdiri_1,movenet,41,1.362991,ok,1,direct,0.449490,3,left_ear,0,0,0.000000,0.000000,0.000000,2.000000,664.518555,82.384636,,,,0.035000,
MP_T_DudukBerdiri_1,movenet,41,1.362991,ok,1,direct,0.449490,4,right_ear,0,0,0.000000,0.000000,0.000000,2.000000,586.181824,84.464272,,,,0.035000,
MP_T_DudukBerdiri_1,movenet,41,1.362991,ok,1,direct,0.449490,5,left_shoulder,1,1,2.000000,685.060000,176.310000,2.000000,677.495056,165.721878,13.012944,50.357470,1,0.079000,0.807354
MP_T_DudukBerdiri_1,movenet,41,1.362991,ok,1,direct,0.449490,6,right_shoulder,1,1,2.000000,565.950000,163.800000,2.000000,580.689209,159.308151,15.408471,50.357470,1,0.079000,0.740795
MP_T_DudukBerdiri_1,movenet,41,1.362991,ok,1,direct,0.449490,7,left_elbow,1,1,2.000000,700.350000,265.600000,2.000000,684.570618,255.789520,18.580485,50.357470,1,0.072000,0.591418
MP_T_DudukBerdiri_1,movenet,41,1.362991,ok,1,direct,0.449490,8,right_elbow,1,1,2.000000,568.820000,265.520000,2.000000,558.282104,253.311310,16.127596,50.357470,1,0.072000,0.673202
MP_T_DudukBerdiri_1,movenet,41,1.362991,ok,1,direct,0.449490,9,left_wrist,1,1,2.000000,706.610000,339.260000,2.000000,788.596863,232.947342,134.254337,50.357470,0,0.062000,0.000000
MP_T_DudukBerdiri_1,movenet,41,1.362991,ok,1,direct,0.449490,10,right_wrist,1,1,2.000000,582.980000,348.130000,2.000000,552.511902,194.344589,156.774544,50.357470,0,0.062000,0.000000
MP_T_DudukBerdiri_1,movenet,41,1.362991,ok,1,direct,0.449490,11,left_hip,1,1,2.000000,663.710000,334.040000,2.000000,673.440674,328.220764,11.337968,50.357470,1,0.107000,0.915254
MP_T_DudukBerdiri_1,movenet,41,1.362991,ok,1,direct,0.449490,12,right_hip,1,1,2.000000,602.410000,335.470000,2.000000,600.220093,325.659821,10.051632,50.357470,1,0.107000,0.932767
MP_T_DudukBerdiri_1,movenet,41,1.362991,ok,1,direct,0.449490,13,left_knee,1,1,2.000000,671.370000,457.280000,2.000000,680.716492,449.503815,12.158370,50.357470,1,0.087000,0.857244
MP_T_DudukBerdiri_1,movenet,41,1.362991,ok,1,direct,0.449490,14,right_knee,1,1,2.000000,591.260000,458.490000,2.000000,626.941650,450.976654,36.464099,50.357470,1,0.087000,0.250208
MP_T_DudukBerdiri_1,movenet,41,1.362991,ok,1,direct,0.449490,15,left_ankle,1,1,2.000000,665.590000,602.820000,0.000000,718.551697,553.916687,,50.357470,0,0.089000,0.000000
MP_T_DudukBerdiri_1,movenet,41,1.362991,ok,1,direct,0.449490,16,right_ankle,1,1,2.000000,577.830000,614.510000,0.000000,660.759033,564.782410,,50.357470,0,0.089000,0.000000
MP_T_DudukBerdiri_1,movenet,42,1.396235,ok,1,direct,0.461368,0,nose,0,0,0.000000,0.000000,0.000000,2.000000,630.338013,81.997124,,,,0.026000,
MP_T_DudukBerdiri_1,movenet,42,1.396235,ok,1,direct,0.461368,1,left_eye,0,0,0.000000,0.000000,0.000000,2.000000,646.068970,72.266647,,,,0.025000,
MP_T_DudukBerdiri_1,movenet,42,1.396235,ok,1,direct,0.461368,2,right_eye,0,0,0.000000,0.000000,0.000000,2.000000,610.985718,73.496613,,,,0.025000,
MP_T_DudukBerdiri_1,movenet,42,1.396235,ok,1,direct,0.461368,3,left_ear,0,0,0.000000,0.000000,0.000000,2.000000,664.876709,81.423553,,,,0.035000,
MP_T_DudukBerdiri_1,movenet,42,1.396235,ok,1,direct,0.461368,4,right_ear,0,0,0.000000,0.000000,0.000000,2.000000,586.239075,84.080269,,,,0.035000,
MP_T_DudukBerdiri_1,movenet,42,1.396235,ok,1,direct,0.461368,5,left_shoulder,1,1,2.000000,685.060000,176.310000,2.000000,672.282654,168.772934,14.834687,50.307323,1,0.079000,0.756799
MP_T_DudukBerdiri_1,movenet,42,1.396235,ok,1,direct,0.461368,6,right_shoulder,1,1,2.000000,565.950000,163.800000,2.000000,580.518433,159.940384,15.071027,50.307323,1,0.079000,0.750056
MP_T_DudukBerdiri_1,movenet,42,1.396235,ok,1,direct,0.461368,7,left_elbow,1,1,2.000000,700.350000,265.600000,2.000000,685.305420,257.141968,17.259134,50.307323,1,0.072000,0.635026
MP_T_DudukBerdiri_1,movenet,42,1.396235,ok,1,direct,0.461368,8,right_elbow,1,1,2.000000,568.480000,265.520000,2.000000,562.167419,255.176788,12.117372,50.307323,1,0.072000,0.799451
MP_T_DudukBerdiri_1,movenet,42,1.396235,ok,1,direct,0.461368,9,left_wrist,1,1,2.000000,706.330000,339.260000,2.000000,786.294922,230.162582,135.265056,50.307323,0,0.062000,0.000000
MP_T_DudukBerdiri_1,movenet,42,1.396235,ok,1,direct,0.461368,10,right_wrist,1,1,2.000000,582.460000,348.130000,2.000000,544.470459,197.118652,155.716513,50.307323,0,0.062000,0.000000
MP_T_DudukBerdiri_1,movenet,42,1.396235,ok,1,direct,0.461368,11,left_hip,1,1,2.000000,663.710000,334.040000,2.000000,676.558350,333.395844,12.864487,50.307323,1,0.107000,0.892052
MP_T_DudukBerdiri_1,movenet,42,1.396235,ok,1,direct,0.461368,12,right_hip,1,1,2.000000,602.410000,335.470000,2.000000,607.982788,336.168488,5.616391,50.307323,1,0.107000,0.978462
MP_T_DudukBerdiri_1,movenet,42,1.396235,ok,1,direct,0.461368,13,left_knee,1,1,2.000000,671.370000,457.280000,2.000000,686.081604,454.874512,14.906967,50.307323,1,0.087000,0.792938
MP_T_DudukBerdiri_1,movenet,42,1.396235,ok,1,direct,0.461368,14,right_knee,1,1,2.000000,591.260000,458.490000,2.000000,627.469543,464.134460,36.646841,50.307323,1,0.087000,0.246061
MP_T_DudukBerdiri_1,movenet,42,1.396235,ok,1,direct,0.461368,15,left_ankle,1,1,2.000000,665.590000,602.820000,0.000000,716.758972,559.540405,,50.307323,0,0.089000,0.000000
MP_T_DudukBerdiri_1,movenet,42,1.396235,ok,1,direct,0.461368,16,right_ankle,1,1,2.000000,577.830000,614.510000,0.000000,683.702148,577.109802,,50.307323,0,0.089000,0.000000
MP_T_DudukBerdiri_1,movenet,43,1.429479,ok,1,direct,0.451551,0,nose,0,0,0.000000,0.000000,0.000000,2.000000,629.644714,82.167793,,,,0.026000,
MP_T_DudukBerdiri_1,movenet,43,1.429479,ok,1,direct,0.451551,1,left_eye,0,0,0.000000,0.000000,0.000000,2.000000,645.758606,71.956146,,,,0.025000,
MP_T_DudukBerdiri_1,movenet,43,1.429479,ok,1,direct,0.451551,2,right_eye,0,0,0.000000,0.000000,0.000000,2.000000,609.925598,73.178116,,,,0.025000,
MP_T_DudukBerdiri_1,movenet,43,1.429479,ok,1,direct,0.451551,3,left_ear,0,0,0.000000,0.000000,0.000000,2.000000,664.745605,80.870155,,,,0.035000,
MP_T_DudukBerdiri_1,movenet,43,1.429479,ok,1,direct,0.451551,4,right_ear,0,0,0.000000,0.000000,0.000000,2.000000,585.234192,83.636002,,,,0.035000,
MP_T_DudukBerdiri_1,movenet,43,1.429479,ok,1,direct,0.451551,5,left_shoulder,1,1,2.000000,685.060000,176.310000,2.000000,671.121094,168.762375,15.851175,50.257127,1,0.079000,0.727029
MP_T_DudukBerdiri_1,movenet,43,1.429479,ok,1,direct,0.451551,6,right_shoulder,1,1,2.000000,565.950000,163.800000,2.000000,579.780762,160.450302,14.230616,50.257127,1,0.079000,0.773416
MP_T_DudukBerdiri_1,movenet,43,1.429479,ok,1,direct,0.451551,7,left_elbow,1,1,2.000000,700.350000,265.600000,2.000000,684.813477,256.300385,18.107082,50.257127,1,0.072000,0.606044
MP_T_DudukBerdiri_1,movenet,43,1.429479,ok,1,direct,0.451551,8,right_elbow,1,1,2.000000,568.130000,265.520000,2.000000,561.950806,254.555603,12.585724,50.257127,1,0.072000,0.785095
MP_T_DudukBerdiri_1,movenet,43,1.429479,ok,1,direct,0.451551,9,left_wrist,1,1,2.000000,706.050000,339.260000,2.000000,794.640625,227.005814,143.001053,50.257127,0,0.062000,0.000000
MP_T_DudukBerdiri_1,movenet,43,1.429479,ok,1,direct,0.451551,10,right_wrist,1,1,2.000000,581.950000,348.130000,2.000000,545.316772,193.580643,158.831663,50.257127,0,0.062000,0.000000
MP_T_DudukBerdiri_1,movenet,43,1.429479,ok,1,direct,0.451551,11,left_hip,1,1,2.000000,663.710000,334.040000,2.000000,678.888550,333.236298,15.199813,50.257127,1,0.107000,0.852325
MP_T_DudukBerdiri_1,movenet,43,1.429479,ok,1,direct,0.451551,12,right_hip,1,1,2.000000,602.410000,335.470000,2.000000,610.463989,335.365173,8.054671,50.257127,1,0.107000,0.956121
MP_T_DudukBerdiri_1,movenet,43,1.429479,ok,1,direct,0.451551,13,left_knee,1,1,2.000000,671.370000,457.280000,2.000000,690.927795,452.370544,20.164576,50.257127,1,0.087000,0.653523
MP_T_DudukBerdiri_1,movenet,43,1.429479,ok,1,direct,0.451551,14,right_knee,1,1,2.000000,591.260000,458.490000,2.000000,625.476440,462.586182,34.460753,50.257127,1,0.087000,0.288704
MP_T_DudukBerdiri_1,movenet,43,1.429479,ok,1,direct,0.451551,15,left_ankle,1,1,2.000000,665.590000,602.820000,0.000000,724.733826,552.650940,,50.257127,0,0.089000,0.000000
MP_T_DudukBerdiri_1,movenet,43,1.429479,ok,1,direct,0.451551,16,right_ankle,1,1,2.000000,577.830000,614.510000,0.000000,675.571838,568.082886,,50.257127,0,0.089000,0.000000
MP_T_DudukBerdiri_1,movenet,44,1.462723,ok,1,direct,0.454440,0,nose,0,0,0.000000,0.000000,0.000000,2.000000,630.033997,82.617599,,,,0.026000,
MP_T_DudukBerdiri_1,movenet,44,1.462723,ok,1,direct,0.454440,1,left_eye,0,0,0.000000,0.000000,0.000000,2.000000,645.432129,72.300240,,,,0.025000,
MP_T_DudukBerdiri_1,movenet,44,1.462723,ok,1,direct,0.454440,2,right_eye,0,0,0.000000,0.000000,0.000000,2.000000,609.758972,73.426605,,,,0.025000,
MP_T_DudukBerdiri_1,movenet,44,1.462723,ok,1,direct,0.454440,3,left_ear,0,0,0.000000,0.000000,0.000000,2.000000,664.494080,81.295593,,,,0.035000,
MP_T_DudukBerdiri_1,movenet,44,1.462723,ok,1,direct,0.454440,4,right_ear,0,0,0.000000,0.000000,0.000000,2.000000,585.196411,83.716629,,,,0.035000,
MP_T_DudukBerdiri_1,movenet,44,1.462723,ok,1,direct,0.454440,5,left_shoulder,1,1,2.000000,685.060000,176.310000,2.000000,680.006836,165.783569,11.676481,50.208676,1,0.079000,0.840871
MP_T_DudukBerdiri_1,movenet,44,1.462723,ok,1,direct,0.454440,6,right_shoulder,1,1,2.000000,565.950000,163.800000,2.000000,581.955078,157.458786,17.215502,50.208676,1,0.079000,0.686085
MP_T_DudukBerdiri_1,movenet,44,1.462723,ok,1,direct,0.454440,7,left_elbow,1,1,2.000000,700.350000,265.600000,2.000000,685.167847,254.971817,18.532567,50.208676,1,0.072000,0.591184
MP_T_DudukBerdiri_1,movenet,44,1.462723,ok,1,direct,0.454440,8,right_elbow,1,1,2.000000,567.790000,265.520000,2.000000,579.009949,254.424545,15.779619,50.208676,1,0.072000,0.683133
MP_T_DudukBerdiri_1,movenet,44,1.462723,ok,1,direct,0.454440,9,left_wrist,1,1,2.000000,705.780000,339.260000,2.000000,794.252625,225.369110,144.216990,50.208676,0,0.062000,0.000000
MP_T_DudukBerdiri_1,movenet,44,1.462723,ok,1,direct,0.454440,10,right_wrist,1,1,2.000000,581.430000,348.130000,2.000000,555.736084,186.255966,163.900519,50.208676,0,0.062000,0.000000
MP_T_DudukBerdiri_1,movenet,44,1.462723,ok,1,direct,0.454440,11,left_hip,1,1,2.000000,663.710000,334.040000,2.000000,678.326721,327.613373,15.967156,50.208676,1,0.107000,0.838057
MP_T_DudukBerdiri_1,movenet,44,1.462723,ok,1,direct,0.454440,12,right_hip,1,1,2.000000,602.410000,335.470000,2.000000,610.932312,330.942627,9.650228,50.208676,1,0.107000,0.937505
MP_T_DudukBerdiri_1,movenet,44,1.462723,ok,1,direct,0.454440,13,left_knee,1,1,2.000000,671.370000,457.280000,2.000000,683.301697,450.036560,13.958252,50.208676,1,0.087000,0.815284
MP_T_DudukBerdiri_1,movenet,44,1.462723,ok,1,direct,0.454440,14,right_knee,1,1,2.000000,591.260000,458.490000,2.000000,624.835815,451.577148,34.280066,50.208676,1,0.087000,0.291786
MP_T_DudukBerdiri_1,movenet,44,1.462723,ok,1,direct,0.454440,15,left_ankle,1,1,2.000000,665.590000,602.820000,0.000000,721.370117,556.324646,,50.208676,0,0.089000,0.000000
MP_T_DudukBerdiri_1,movenet,44,1.462723,ok,1,direct,0.454440,16,right_ankle,1,1,2.000000,577.830000,614.510000,0.000000,677.617554,567.893677,,50.208676,0,0.089000,0.000000
MP_T_DudukBerdiri_1,movenet,45,1.495966,ok,1,direct,0.456515,0,nose,0,0,0.000000,0.000000,0.000000,2.000000,629.718689,82.513496,,,,0.026000,
MP_T_DudukBerdiri_1,movenet,45,1.495966,ok,1,direct,0.456515,1,left_eye,0,0,0.000000,0.000000,0.000000,2.000000,645.141296,72.210663,,,,0.025000,
MP_T_DudukBerdiri_1,movenet,45,1.495966,ok,1,direct,0.456515,2,right_eye,0,0,0.000000,0.000000,0.000000,2.000000,609.629272,73.290001,,,,0.025000,
MP_T_DudukBerdiri_1,movenet,45,1.495966,ok,1,direct,0.456515,3,left_ear,0,0,0.000000,0.000000,0.000000,2.000000,664.451660,81.237434,,,,0.035000,
MP_T_DudukBerdiri_1,movenet,45,1.495966,ok,1,direct,0.456515,4,right_ear,0,0,0.000000,0.000000,0.000000,2.000000,584.896851,83.578453,,,,0.035000,
MP_T_DudukBerdiri_1,movenet,45,1.495966,ok,1,direct,0.456515,5,left_shoulder,1,1,2.000000,685.060000,176.310000,2.000000,671.959351,166.151031,16.578047,50.158381,1,0.079000,0.704638
MP_T_DudukBerdiri_1,movenet,45,1.495966,ok,1,direct,0.456515,6,right_shoulder,1,1,2.000000,565.950000,163.800000,2.000000,582.963257,155.856232,18.776431,50.158381,1,0.079000,0.638221
MP_T_DudukBerdiri_1,movenet,45,1.495966,ok,1,direct,0.456515,7,left_elbow,1,1,2.000000,700.350000,265.600000,2.000000,686.678223,254.178329,17.814939,50.158381,1,0.072000,0.614662
MP_T_DudukBerdiri_1,movenet,45,1.495966,ok,1,direct,0.456515,8,right_elbow,1,1,2.000000,567.440000,265.520000,2.000000,579.174072,253.259094,16.971101,50.158381,1,0.072000,0.642962
MP_T_DudukBerdiri_1,movenet,45,1.495966,ok,1,direct,0.456515,9,left_wrist,1,1,2.000000,705.500000,339.260000,2.000000,797.216858,222.370026,148.577415,50.158381,0,0.062000,0.000000
MP_T_DudukBerdiri_1,movenet,45,1.495966,ok,1,direct,0.456515,10,right_wrist,1,1,2.000000,580.920000,348.130000,2.000000,555.626465,185.643646,164.443237,50.158381,0,0.062000,0.000000
MP_T_DudukBerdiri_1,movenet,45,1.495966,ok,1,direct,0.456515,11,left_hip,1,1,2.000000,663.710000,334.040000,2.000000,680.216980,327.402161,17.791608,50.158381,1,0.107000,0.802688
MP_T_DudukBerdiri_1,movenet,45,1.495966,ok,1,direct,0.456515,12,right_hip,1,1,2.000000,602.410000,335.470000,2.000000,610.826965,330.751221,9.649465,50.158381,1,0.107000,0.937394
MP_T_DudukBerdiri_1,movenet,45,1.495966,ok,1,direct,0.456515,13,left_knee,1,1,2.000000,671.370000,457.280000,2.000000,682.790894,449.819641,13.641619,50.158381,1,0.087000,0.822464
MP_T_DudukBerdiri_1,movenet,45,1.495966,ok,1,direct,0.456515,14,right_knee,1,1,2.000000,591.260000,458.490000,2.000000,623.901733,451.563965,33.368439,50.158381,1,0.087000,0.310542
MP_T_DudukBerdiri_1,movenet,45,1.495966,ok,1,direct,0.456515,15,left_ankle,1,1,2.000000,665.590000,602.820000,2.000000,721.695435,556.815125,72.555278,50.158381,0,0.089000,0.005076
MP_T_DudukBerdiri_1,movenet,45,1.495966,ok,1,direct,0.456515,16,right_ankle,1,1,2.000000,577.830000,614.510000,0.000000,676.329407,568.663086,,50.158381,0,0.089000,0.000000
MP_T_DudukBerdiri_1,movenet,46,1.529210,ok,1,direct,0.451279,0,nose,0,0,0.000000,0.000000,0.000000,2.000000,629.230042,82.110695,,,,0.026000,
MP_T_DudukBerdiri_1,movenet,46,1.529210,ok,1,direct,0.451279,1,left_eye,0,0,0.000000,0.000000,0.000000,2.000000,644.950195,71.810104,,,,0.025000,
MP_T_DudukBerdiri_1,movenet,46,1.529210,ok,1,direct,0.451279,2,right_eye,0,0,0.000000,0.000000,0.000000,2.000000,609.181396,72.947762,,,,0.025000,
MP_T_DudukBerdiri_1,movenet,46,1.529210,ok,1,direct,0.451279,3,left_ear,0,0,0.000000,0.000000,0.000000,2.000000,664.204590,80.964241,,,,0.035000,
MP_T_DudukBerdiri_1,movenet,46,1.529210,ok,1,direct,0.451279,4,right_ear,0,0,0.000000,0.000000,0.000000,2.000000,584.502502,83.375114,,,,0.035000,
MP_T_DudukBerdiri_1,movenet,46,1.529210,ok,1,direct,0.451279,5,left_shoulder,1,1,2.000000,685.060000,176.310000,2.000000,672.992798,166.898956,15.303108,50.109835,1,0.079000,0.741652
MP_T_DudukBerdiri_1,movenet,46,1.529210,ok,1,direct,0.451279,6,right_shoulder,1,1,2.000000,565.950000,163.800000,2.000000,581.334961,158.601974,16.239350,50.109835,1,0.079000,0.714220
MP_T_DudukBerdiri_1,movenet,46,1.529210,ok,1,direct,0.451279,7,left_elbow,1,1,2.000000,700.350000,265.600000,2.000000,686.812805,254.067337,17.783643,50.109835,1,0.072000,0.615134
MP_T_DudukBerdiri_1,movenet,46,1.529210,ok,1,direct,0.451279,8,right_elbow,1,1,2.000000,567.100000,265.520000,2.000000,563.704163,251.348969,14.572229,50.109835,1,0.072000,0.721614
MP_T_DudukBerdiri_1,movenet,46,1.529210,ok,1,direct,0.451279,9,left_wrist,1,1,2.000000,705.230000,339.260000,2.000000,798.690857,220.997421,150.734765,50.109835,0,0.062000,0.000000
MP_T_DudukBerdiri_1,movenet,46,1.529210,ok,1,direct,0.451279,10,right_wrist,1,1,2.000000,580.400000,348.130000,2.000000,544.356140,190.650772,161.551438,50.109835,0,0.062000,0.000000
MP_T_DudukBerdiri_1,movenet,46,1.529210,ok,1,direct,0.451279,11,left_hip,1,1,2.000000,663.710000,334.040000,2.000000,680.015198,327.190033,17.685630,50.109835,1,0.107000,0.804448
MP_T_DudukBerdiri_1,movenet,46,1.529210,ok,1,direct,0.451279,12,right_hip,1,1,2.000000,602.410000,335.470000,2.000000,611.135986,330.892639,9.853683,50.109835,1,0.107000,0.934683
MP_T_DudukBerdiri_1,movenet,46,1.529210,ok,1,direct,0.451279,13,left_knee,1,1,2.000000,671.370000,457.280000,2.000000,683.627319,449.155945,14.705174,50.109835,1,0.087000,0.796479
MP_T_DudukBerdiri_1,movenet,46,1.529210,ok,1,direct,0.451279,14,right_knee,1,1,2.000000,591.260000,458.490000,2.000000,625.171387,451.087219,34.709989,50.109835,1,0.087000,0.281447
MP_T_DudukBerdiri_1,movenet,46,1.529210,ok,1,direct,0.451279,15,left_ankle,1,1,2.000000,665.590000,602.820000,0.000000,720.993713,557.416992,,50.109835,0,0.089000,0.000000
MP_T_DudukBerdiri_1,movenet,46,1.529210,ok,1,direct,0.451279,16,right_ankle,1,1,2.000000,577.830000,614.510000,0.000000,675.448914,568.351807,,50.109835,0,0.089000,0.000000
MP_T_DudukBerdiri_1,movenet,47,1.562454,ok,1,direct,0.450436,0,nose,0,0,0.000000,0.000000,0.000000,2.000000,630.252441,82.432854,,,,0.026000,
MP_T_DudukBerdiri_1,movenet,47,1.562454,ok,1,direct,0.450436,1,left_eye,0,0,0.000000,0.000000,0.000000,2.000000,645.979248,72.191101,,,,0.025000,
MP_T_DudukBerdiri_1,movenet,47,1.562454,ok,1,direct,0.450436,2,right_eye,0,0,0.000000,0.000000,0.000000,2.000000,610.281250,73.247597,,,,0.025000,
MP_T_DudukBerdiri_1,movenet,47,1.562454,ok,1,direct,0.450436,3,left_ear,0,0,0.000000,0.000000,0.000000,2.000000,664.738281,81.107536,,,,0.035000,
MP_T_DudukBerdiri_1,movenet,47,1.562454,ok,1,direct,0.450436,4,right_ear,0,0,0.000000,0.000000,0.000000,2.000000,584.960083,83.740067,,,,0.035000,
MP_T_DudukBerdiri_1,movenet,47,1.562454,ok,1,direct,0.450436,5,left_shoulder,1,1,2.000000,685.060000,176.310000,2.000000,673.017334,168.057251,14.599098,50.059441,1,0.079000,0.761431
MP_T_DudukBerdiri_1,movenet,47,1.562454,ok,1,direct,0.450436,6,right_shoulder,1,1,2.000000,565.950000,163.800000,2.000000,580.813599,159.161819,15.570462,50.059441,1,0.079000,0.733423
MP_T_DudukBerdiri_1,movenet,47,1.562454,ok,1,direct,0.450436,7,left_elbow,1,1,2.000000,700.350000,265.600000,2.000000,686.506470,254.868958,17.515667,50.059441,1,0.072000,0.623547
MP_T_DudukBerdiri_1,movenet,47,1.562454,ok,1,direct,0.450436,8,right_elbow,1,1,2.000000,566.750000,265.520000,2.000000,564.733765,254.446167,11.255887,50.059441,1,0.072000,0.822791
MP_T_DudukBerdiri_1,movenet,47,1.562454,ok,1,direct,0.450436,9,left_wrist,1,1,2.000000,704.950000,339.260000,2.000000,799.849121,220.999344,151.629239,50.059441,0,0.062000,0.000000
MP_T_DudukBerdiri_1,movenet,47,1.562454,ok,1,direct,0.450436,10,right_wrist,1,1,2.000000,579.880000,348.130000,2.000000,544.835022,193.586014,158.467644,50.059441,0,0.062000,0.000000
MP_T_DudukBerdiri_1,movenet,47,1.562454,ok,1,direct,0.450436,11,left_hip,1,1,2.000000,663.710000,334.040000,2.000000,679.743652,328.871185,16.846206,50.059441,1,0.107000,0.820508
MP_T_DudukBerdiri_1,movenet,47,1.562454,ok,1,direct,0.450436,12,right_hip,1,1,2.000000,602.410000,335.470000,2.000000,610.776733,327.180939,11.777553,50.059441,1,0.107000,0.907834
MP_T_DudukBerdiri_1,movenet,47,1.562454,ok,1,direct,0.450436,13,left_knee,1,1,2.000000,671.370000,457.280000,2.000000,681.961182,449.788757,12.972735,50.059441,1,0.087000,0.837401
MP_T_DudukBerdiri_1,movenet,47,1.562454,ok,1,direct,0.450436,14,right_knee,1,1,2.000000,591.260000,458.490000,2.000000,630.312988,452.070282,39.577123,50.059441,1,0.087000,0.191741
MP_T_DudukBerdiri_1,movenet,47,1.562454,ok,1,direct,0.450436,15,left_ankle,1,1,2.000000,665.590000,602.820000,0.000000,718.475098,555.972046,,50.059441,0,0.089000,0.000000
MP_T_DudukBerdiri_1,movenet,47,1.562454,ok,1,direct,0.450436,16,right_ankle,1,1,2.000000,577.830000,614.510000,0.000000,668.179199,553.898621,,50.059441,0,0.089000,0.000000
MP_T_DudukBerdiri_1,movenet,48,1.595697,ok,1,direct,0.450421,0,nose,0,0,0.000000,0.000000,0.000000,2.000000,629.682678,82.338173,,,,0.026000,
MP_T_DudukBerdiri_1,movenet,48,1.595697,ok,1,direct,0.450421,1,left_eye,0,0,0.000000,0.000000,0.000000,2.000000,645.567566,72.150894,,,,0.025000,
MP_T_DudukBerdiri_1,movenet,48,1.595697,ok,1,direct,0.450421,2,right_eye,0,0,0.000000,0.000000,0.000000,2.000000,609.732422,73.263000,,,,0.025000,
MP_T_DudukBerdiri_1,movenet,48,1.595697,ok,1,direct,0.450421,3,left_ear,0,0,0.000000,0.000000,0.000000,2.000000,664.165649,81.293411,,,,0.035000,
MP_T_DudukBerdiri_1,movenet,48,1.595697,ok,1,direct,0.450421,4,right_ear,0,0,0.000000,0.000000,0.000000,2.000000,584.231934,83.758324,,,,0.035000,
MP_T_DudukBerdiri_1,movenet,48,1.595697,ok,1,direct,0.450421,5,left_shoulder,1,1,2.000000,685.060000,176.310000,2.000000,672.143005,167.239746,15.783480,50.113433,1,0.079000,0.727685
MP_T_DudukBerdiri_1,movenet,48,1.595697,ok,1,direct,0.450421,6,right_shoulder,1,1,2.000000,565.950000,163.800000,2.000000,580.606812,159.753525,15.205134,50.113433,1,0.079000,0.744518
MP_T_DudukBerdiri_1,movenet,48,1.595697,ok,1,direct,0.450421,7,left_elbow,1,1,2.000000,700.350000,265.600000,2.000000,686.760559,254.579437,17.496448,50.113433,1,0.072000,0.624827
MP_T_DudukBerdiri_1,movenet,48,1.595697,ok,1,direct,0.450421,8,right_elbow,1,1,2.000000,566.410000,265.520000,2.000000,565.978760,254.198395,11.329815,50.113433,1,0.072000,0.821028
MP_T_DudukBerdiri_1,movenet,48,1.595697,ok,1,direct,0.450421,9,left_wrist,1,1,2.000000,705.250000,339.260000,2.000000,798.371338,221.633209,150.025483,50.113433,0,0.062000,0.000000
MP_T_DudukBerdiri_1,movenet,48,1.595697,ok,1,direct,0.450421,10,right_wrist,1,1,2.000000,579.370000,348.130000,2.000000,551.816956,192.569244,157.982021,50.113433,0,0.062000,0.000000
MP_T_DudukBerdiri_1,movenet,48,1.595697,ok,1,direct,0.450421,11,left_hip,1,1,2.000000,663.710000,334.040000,2.000000,678.245789,329.954010,15.099154,50.113433,1,0.107000,0.853351
MP_T_DudukBerdiri_1,movenet,48,1.595697,ok,1,direct,0.450421,12,right_hip,1,1,2.000000,602.410000,335.470000,2.000000,612.411499,327.797058,12.605714,50.113433,1,0.107000,0.895357
MP_T_DudukBerdiri_1,movenet,48,1.595697,ok,1,direct,0.450421,13,left_knee,1,1,2.000000,671.370000,457.280000,2.000000,678.707397,451.026459,9.640756,50.113433,1,0.087000,0.906837
MP_T_DudukBerdiri_1,movenet,48,1.595697,ok,1,direct,0.450421,14,right_knee,1,1,2.000000,591.260000,458.490000,2.000000,631.885681,453.768982,40.899071,50.113433,1,0.087000,0.172047
MP_T_DudukBerdiri_1,movenet,48,1.595697,ok,1,direct,0.450421,15,left_ankle,1,1,2.000000,665.590000,602.820000,2.000000,709.412292,559.759583,61.437715,50.113433,0,0.089000,0.022483
MP_T_DudukBerdiri_1,movenet,48,1.595697,ok,1,direct,0.450421,16,right_ankle,1,1,2.000000,577.830000,614.510000,0.000000,666.121155,554.501038,,50.113433,0,0.089000,0.000000
MP_T_DudukBerdiri_1,movenet,49,1.628941,ok,1,direct,0.466873,0,nose,0,0,0.000000,0.000000,0.000000,2.000000,629.182495,82.064987,,,,0.026000,
MP_T_DudukBerdiri_1,movenet,49,1.628941,ok,1,direct,0.466873,1,left_eye,0,0,0.000000,0.000000,0.000000,2.000000,645.150452,71.803322,,,,0.025000,
MP_T_DudukBerdiri_1,movenet,49,1.628941,ok,1,direct,0.466873,2,right_eye,0,0,0.000000,0.000000,0.000000,2.000000,609.029846,72.951904,,,,0.025000,
MP_T_DudukBerdiri_1,movenet,49,1.628941,ok,1,direct,0.466873,3,left_ear,0,0,0.000000,0.000000,0.000000,2.000000,664.055054,80.806526,,,,0.035000,
MP_T_DudukBerdiri_1,movenet,49,1.628941,ok,1,direct,0.466873,4,right_ear,0,0,0.000000,0.000000,0.000000,2.000000,583.984253,83.349411,,,,0.035000,
MP_T_DudukBerdiri_1,movenet,49,1.628941,ok,1,direct,0.466873,5,left_shoulder,1,1,2.000000,685.060000,176.310000,2.000000,679.328003,166.582748,11.290492,50.167366,1,0.079000,0.850173
MP_T_DudukBerdiri_1,movenet,49,1.628941,ok,1,direct,0.466873,6,right_shoulder,1,1,2.000000,565.950000,163.800000,2.000000,581.252197,158.570526,16.171105,50.167366,1,0.079000,0.716788
MP_T_DudukBerdiri_1,movenet,49,1.628941,ok,1,direct,0.466873,7,left_elbow,1,1,2.000000,700.350000,265.600000,2.000000,685.846558,255.021606,17.951386,50.167366,1,0.072000,0.610187
MP_T_DudukBerdiri_1,movenet,49,1.628941,ok,1,direct,0.466873,8,right_elbow,1,1,2.000000,566.060000,265.520000,2.000000,560.961426,254.314728,12.310710,50.167366,1,0.072000,0.792692
MP_T_DudukBerdiri_1,movenet,49,1.628941,ok,1,direct,0.466873,9,left_wrist,1,1,2.000000,705.550000,339.260000,2.000000,799.905945,221.354980,151.012046,50.167366,0,0.062000,0.000000
MP_T_DudukBerdiri_1,movenet,49,1.628941,ok,1,direct,0.466873,10,right_wrist,1,1,2.000000,578.850000,348.130000,2.000000,553.206665,195.670929,154.600611,50.167366,0,0.062000,0.000000
MP_T_DudukBerdiri_1,movenet,49,1.628941,ok,1,direct,0.466873,11,left_hip,1,1,2.000000,663.710000,334.040000,2.000000,675.721741,330.517548,12.517571,50.167366,1,0.107000,0.896948
MP_T_DudukBerdiri_1,movenet,49,1.628941,ok,1,direct,0.466873,12,right_hip,1,1,2.000000,602.410000,335.470000,2.000000,613.940918,327.807434,13.844746,50.167366,1,0.107000,0.875428
MP_T_DudukBerdiri_1,movenet,49,1.628941,ok,1,direct,0.466873,13,left_knee,1,1,2.000000,671.370000,457.280000,2.000000,675.734558,452.282928,6.634764,50.167366,1,0.087000,0.954835
MP_T_DudukBerdiri_1,movenet,49,1.628941,ok,1,direct,0.466873,14,right_knee,1,1,2.000000,591.260000,458.490000,2.000000,627.505432,459.588776,36.262083,50.167366,1,0.087000,0.251438
MP_T_DudukBerdiri_1,movenet,49,1.628941,ok,1,direct,0.466873,15,left_ankle,1,1,2.000000,665.590000,602.820000,2.000000,708.476257,560.176880,60.478647,50.167366,0,0.089000,0.025488
MP_T_DudukBerdiri_1,movenet,49,1.628941,ok,1,direct,0.466873,16,right_ankle,1,1,2.000000,577.830000,614.510000,0.000000,665.924377,554.804077,,50.167366,0,0.089000,0.000000
MP_T_DudukBerdiri_1,movenet,50,1.662185,ok,1,direct,0.465753,0,nose,0,0,0.000000,0.000000,0.000000,2.000000,630.837341,81.883369,,,,0.026000,
MP_T_DudukBerdiri_1,movenet,50,1.662185,ok,1,direct,0.465753,1,left_eye,0,0,0.000000,0.000000,0.000000,2.000000,646.631958,71.649132,,,,0.025000,
MP_T_DudukBerdiri_1,movenet,50,1.662185,ok,1,direct,0.465753,2,right_eye,0,0,0.000000,0.000000,0.000000,2.000000,610.918091,72.599319,,,,0.025000,
MP_T_DudukBerdiri_1,movenet,50,1.662185,ok,1,direct,0.465753,3,left_ear,0,0,0.000000,0.000000,0.000000,2.000000,664.427612,80.897606,,,,0.035000,
MP_T_DudukBerdiri_1,movenet,50,1.662185,ok,1,direct,0.465753,4,right_ear,0,0,0.000000,0.000000,0.000000,2.000000,584.469971,83.040695,,,,0.035000,
MP_T_DudukBerdiri_1,movenet,50,1.662185,ok,1,direct,0.465753,5,left_shoulder,1,1,2.000000,685.060000,176.310000,2.000000,679.332214,167.489548,10.517029,50.262508,1,0.079000,0.869093
MP_T_DudukBerdiri_1,movenet,50,1.662185,ok,1,direct,0.465753,6,right_shoulder,1,1,2.000000,565.950000,163.800000,2.000000,582.264771,157.753021,17.399359,50.262508,1,0.079000,0.681118
MP_T_DudukBerdiri_1,movenet,50,1.662185,ok,1,direct,0.465753,7,left_elbow,1,1,2.000000,700.350000,265.600000,2.000000,684.721130,255.246002,18.747449,50.262508,1,0.072000,0.584653
MP_T_DudukBerdiri_1,movenet,50,1.662185,ok,1,direct,0.465753,8,right_elbow,1,1,2.000000,565.720000,265.520000,2.000000,581.080078,257.129761,17.502232,50.262508,1,0.072000,0.626377
MP_T_DudukBerdiri_1,movenet,50,1.662185,ok,1,direct,0.465753,9,left_wrist,1,1,2.000000,705.850000,339.260000,2.000000,798.785461,221.927734,149.679192,50.262508,0,0.062000,0.000000
MP_T_DudukBerdiri_1,movenet,50,1.662185,ok,1,direct,0.465753,10,right_wrist,1,1,2.000000,578.340000,348.130000,2.000000,554.088623,195.330780,154.711767,50.262508,0,0.062000,0.000000
MP_T_DudukBerdiri_1,movenet,50,1.662185,ok,1,direct,0.465753,11,left_hip,1,1,2.000000,663.710000,334.040000,2.000000,673.736938,329.218597,11.125890,50.262508,1,0.107000,0.917967
MP_T_DudukBerdiri_1,movenet,50,1.662185,ok,1,direct,0.465753,12,right_hip,1,1,2.000000,602.410000,335.470000,2.000000,614.928650,331.579346,13.109302,50.262508,1,0.107000,0.887957
MP_T_DudukBerdiri_1,movenet,50,1.662185,ok,1,direct,0.465753,13,left_knee,1,1,2.000000,671.370000,457.280000,2.000000,669.719299,454.394501,3.324292,50.262508,1,0.087000,0.988508
MP_T_DudukBerdiri_1,movenet,50,1.662185,ok,1,direct,0.465753,14,right_knee,1,1,2.000000,591.260000,458.490000,2.000000,626.287903,452.298157,35.570956,50.262508,1,0.087000,0.266226
MP_T_DudukBerdiri_1,movenet,50,1.662185,ok,1,direct,0.465753,15,left_ankle,1,1,2.000000,665.590000,602.820000,2.000000,704.561646,559.091248,58.574678,50.262508,0,0.089000,0.032416
MP_T_DudukBerdiri_1,movenet,50,1.662185,ok,1,direct,0.465753,16,right_ankle,1,1,2.000000,577.830000,614.510000,0.000000,660.562683,553.645813,,50.262508,0,0.089000,0.000000
MP_T_DudukBerdiri_1,movenet,51,1.695428,ok,1,direct,0.435870,0,nose,0,0,0.000000,0.000000,0.000000,2.000000,630.643799,81.557175,,,,0.026000,
MP_T_DudukBerdiri_1,movenet,51,1.695428,ok,1,direct,0.435870,1,left_eye,0,0,0.000000,0.000000,0.000000,2.000000,646.332947,71.746567,,,,0.025000,
MP_T_DudukBerdiri_1,movenet,51,1.695428,ok,1,direct,0.435870,2,right_eye,0,0,0.000000,0.000000,0.000000,2.000000,610.764221,72.759392,,,,0.025000,
MP_T_DudukBerdiri_1,movenet,51,1.695428,ok,1,direct,0.435870,3,left_ear,0,0,0.000000,0.000000,0.000000,2.000000,663.799377,81.025162,,,,0.035000,
MP_T_DudukBerdiri_1,movenet,51,1.695428,ok,1,direct,0.435870,4,right_ear,0,0,0.000000,0.000000,0.000000,2.000000,584.946350,83.387360,,,,0.035000,
MP_T_DudukBerdiri_1,movenet,51,1.695428,ok,1,direct,0.435870,5,left_shoulder,1,1,2.000000,685.060000,176.310000,2.000000,670.489380,165.800293,17.965437,50.316282,1,0.079000,0.664620
MP_T_DudukBerdiri_1,movenet,51,1.695428,ok,1,direct,0.435870,6,right_shoulder,1,1,2.000000,565.950000,163.800000,2.000000,578.909729,157.134323,14.573463,50.316282,1,0.079000,0.764270
MP_T_DudukBerdiri_1,movenet,51,1.695428,ok,1,direct,0.435870,7,left_elbow,1,1,2.000000,700.350000,265.600000,2.000000,684.512451,255.806030,18.621219,50.316282,1,0.072000,0.589547
MP_T_DudukBerdiri_1,movenet,51,1.695428,ok,1,direct,0.435870,8,right_elbow,1,1,2.000000,565.720000,265.520000,2.000000,557.974121,256.620514,11.798283,50.316282,1,0.072000,0.808866
MP_T_DudukBerdiri_1,movenet,51,1.695428,ok,1,direct,0.435870,9,left_wrist,1,1,2.000000,706.150000,339.260000,2.000000,797.983765,222.309082,148.697537,50.316282,0,0.062000,0.000000
MP_T_DudukBerdiri_1,movenet,51,1.695428,ok,1,direct,0.435870,10,right_wrist,1,1,2.000000,579.020000,347.720000,2.000000,550.472839,201.015137,149.456540,50.316282,0,0.062000,0.000000
MP_T_DudukBerdiri_1,movenet,51,1.695428,ok,1,direct,0.435870,11,left_hip,1,1,2.000000,663.710000,334.040000,2.000000,668.161499,325.175140,9.919757,50.316282,1,0.107000,0.934357
MP_T_DudukBerdiri_1,movenet,51,1.695428,ok,1,direct,0.435870,12,right_hip,1,1,2.000000,602.410000,335.470000,2.000000,612.206360,324.430634,14.759278,50.316282,1,0.107000,0.860445
MP_T_DudukBerdiri_1,movenet,51,1.695428,ok,1,direct,0.435870,13,left_knee,1,1,2.000000,671.370000,457.280000,2.000000,669.754578,455.466370,2.428754,50.316282,1,0.087000,0.993862
MP_T_DudukBerdiri_1,movenet,51,1.695428,ok,1,direct,0.435870,14,right_knee,1,1,2.000000,591.260000,458.490000,2.000000,622.579590,453.242035,31.756225,50.316282,1,0.087000,0.349055
MP_T_DudukBerdiri_1,movenet,51,1.695428,ok,1,direct,0.435870,15,left_ankle,1,1,2.000000,665.590000,602.820000,0.000000,707.875305,553.997864,,50.316282,0,0.089000,0.000000
MP_T_DudukBerdiri_1,movenet,51,1.695428,ok,1,direct,0.435870,16,right_ankle,1,1,2.000000,577.830000,614.510000,0.000000,649.294739,538.222961,,50.316282,0,0.089000,0.000000
MP_T_DudukBerdiri_1,movenet,52,1.728672,ok,1,direct,0.460081,0,nose,0,0,0.000000,0.000000,0.000000,2.000000,630.675537,81.609688,,,,0.026000,
MP_T_DudukBerdiri_1,movenet,52,1.728672,ok,1,direct,0.460081,1,left_eye,0,0,0.000000,0.000000,0.000000,2.000000,645.990540,71.640808,,,,0.025000,
MP_T_DudukBerdiri_1,movenet,52,1.728672,ok,1,direct,0.460081,2,right_eye,0,0,0.000000,0.000000,0.000000,2.000000,610.215637,72.862679,,,,0.025000,
MP_T_DudukBerdiri_1,movenet,52,1.728672,ok,1,direct,0.460081,3,left_ear,0,0,0.000000,0.000000,0.000000,2.000000,663.494202,81.127594,,,,0.035000,
MP_T_DudukBerdiri_1,movenet,52,1.728672,ok,1,direct,0.460081,4,right_ear,0,0,0.000000,0.000000,0.000000,2.000000,584.572632,83.929901,,,,0.035000,
MP_T_DudukBerdiri_1,movenet,52,1.728672,ok,1,direct,0.460081,5,left_shoulder,1,1,2.000000,685.060000,176.310000,2.000000,678.976562,165.841721,12.107563,50.368209,1,0.079000,0.830961
MP_T_DudukBerdiri_1,movenet,52,1.728672,ok,1,direct,0.460081,6,right_shoulder,1,1,2.000000,565.950000,163.800000,2.000000,578.547241,156.971176,14.329107,50.368209,1,0.079000,0.771546
MP_T_DudukBerdiri_1,movenet,52,1.728672,ok,1,direct,0.460081,7,left_elbow,1,1,2.000000,700.350000,265.600000,2.000000,684.157654,256.584198,18.533126,50.368209,1,0.072000,0.593134
MP_T_DudukBerdiri_1,movenet,52,1.728672,ok,1,direct,0.460081,8,right_elbow,1,1,2.000000,565.720000,265.520000,2.000000,578.624329,259.358826,14.299712,50.368209,1,0.072000,0.732742
MP_T_DudukBerdiri_1,movenet,52,1.728672,ok,1,direct,0.460081,9,left_wrist,1,1,2.000000,706.440000,339.260000,2.000000,797.321777,222.669403,147.827145,50.368209,0,0.062000,0.000000
MP_T_DudukBerdiri_1,movenet,52,1.728672,ok,1,direct,0.460081,10,right_wrist,1,1,2.000000,579.700000,347.310000,2.000000,548.985229,203.991776,146.572544,50.368209,0,0.062000,0.000000
MP_T_DudukBerdiri_1,movenet,52,1.728672,ok,1,direct,0.460081,11,left_hip,1,1,2.000000,663.710000,334.040000,2.000000,670.771790,328.546814,8.946729,50.368209,1,0.107000,0.946375
MP_T_DudukBerdiri_1,movenet,52,1.728672,ok,1,direct,0.460081,12,right_hip,1,1,2.000000,602.410000,335.470000,2.000000,614.813293,326.439545,15.342451,50.368209,1,0.107000,0.850370
MP_T_DudukBerdiri_1,movenet,52,1.728672,ok,1,direct,0.460081,13,left_knee,1,1,2.000000,671.370000,457.280000,2.000000,669.381226,452.784729,4.915555,50.368209,1,0.087000,0.975147
MP_T_DudukBerdiri_1,movenet,52,1.728672,ok,1,direct,0.460081,14,right_knee,1,1,2.000000,591.260000,458.490000,2.000000,626.168945,450.280457,35.861275,50.368209,1,0.087000,0.261987
MP_T_DudukBerdiri_1,movenet,52,1.728672,ok,1,direct,0.460081,15,left_ankle,1,1,2.000000,665.590000,602.820000,0.000000,703.749268,556.059814,,50.368209,0,0.089000,0.000000
MP_T_DudukBerdiri_1,movenet,52,1.728672,ok,1,direct,0.460081,16,right_ankle,1,1,2.000000,577.830000,614.510000,0.000000,660.144653,551.381165,,50.368209,0,0.089000,0.000000
MP_T_DudukBerdiri_1,movenet,53,1.761916,ok,1,direct,0.450569,0,nose,0,0,0.000000,0.000000,0.000000,2.000000,630.687439,82.060890,,,,0.026000,
MP_T_DudukBerdiri_1,movenet,53,1.761916,ok,1,direct,0.450569,1,left_eye,0,0,0.000000,0.000000,0.000000,2.000000,645.621399,71.573578,,,,0.025000,
MP_T_DudukBerdiri_1,movenet,53,1.761916,ok,1,direct,0.450569,2,right_eye,0,0,0.000000,0.000000,0.000000,2.000000,610.460327,72.972160,,,,0.025000,
MP_T_DudukBerdiri_1,movenet,53,1.761916,ok,1,direct,0.450569,3,left_ear,0,0,0.000000,0.000000,0.000000,2.000000,663.012634,80.999802,,,,0.035000,
MP_T_DudukBerdiri_1,movenet,53,1.761916,ok,1,direct,0.450569,4,right_ear,0,0,0.000000,0.000000,0.000000,2.000000,584.655212,83.903564,,,,0.035000,
MP_T_DudukBerdiri_1,movenet,53,1.761916,ok,1,direct,0.450569,5,left_shoulder,1,1,2.000000,685.060000,176.310000,2.000000,677.499146,165.138840,13.489305,50.421870,1,0.079000,0.795043
MP_T_DudukBerdiri_1,movenet,53,1.761916,ok,1,direct,0.450569,6,right_shoulder,1,1,2.000000,565.950000,163.800000,2.000000,580.328491,157.114563,15.856736,50.421870,1,0.079000,0.728381
MP_T_DudukBerdiri_1,movenet,53,1.761916,ok,1,direct,0.450569,7,left_elbow,1,1,2.000000,700.350000,265.600000,2.000000,684.015259,256.414734,18.740141,50.421870,1,0.072000,0.586881
MP_T_DudukBerdiri_1,movenet,53,1.761916,ok,1,direct,0.450569,8,right_elbow,1,1,2.000000,565.720000,265.520000,2.000000,582.612671,259.302490,18.000549,50.421870,1,0.072000,0.611587
MP_T_DudukBerdiri_1,movenet,53,1.761916,ok,1,direct,0.450569,9,left_wrist,1,1,2.000000,706.740000,339.260000,2.000000,798.543762,222.841400,148.260653,50.421870,0,0.062000,0.000000
MP_T_DudukBerdiri_1,movenet,53,1.761916,ok,1,direct,0.450569,10,right_wrist,1,1,2.000000,580.390000,346.900000,2.000000,552.243408,204.908539,144.754294,50.421870,0,0.062000,0.000000
MP_T_DudukBerdiri_1,movenet,53,1.761916,ok,1,direct,0.450569,11,left_hip,1,1,2.000000,663.710000,334.040000,2.000000,669.335388,324.428680,11.136537,50.421870,1,0.107000,0.918313
MP_T_DudukBerdiri_1,movenet,53,1.761916,ok,1,direct,0.450569,12,right_hip,1,1,2.000000,602.410000,335.470000,2.000000,617.093445,324.500031,18.328769,50.421870,1,0.107000,0.793875
MP_T_DudukBerdiri_1,movenet,53,1.761916,ok,1,direct,0.450569,13,left_knee,1,1,2.000000,671.370000,457.280000,2.000000,665.212891,449.822235,9.671001,50.421870,1,0.087000,0.907368
MP_T_DudukBerdiri_1,movenet,53,1.761916,ok,1,direct,0.450569,14,right_knee,1,1,2.000000,591.260000,458.490000,2.000000,630.232483,449.315765,40.037745,50.421870,1,0.087000,0.188989
MP_T_DudukBerdiri_1,movenet,53,1.761916,ok,1,direct,0.450569,15,left_ankle,1,1,2.000000,665.590000,602.820000,0.000000,698.697876,551.056458,,50.421870,0,0.089000,0.000000
MP_T_DudukBerdiri_1,movenet,53,1.761916,ok,1,direct,0.450569,16,right_ankle,1,1,2.000000,577.830000,614.510000,0.000000,648.114563,534.974365,,50.421870,0,0.089000,0.000000
MP_T_DudukBerdiri_1,movenet,54,1.795159,ok,1,direct,0.454363,0,nose,0,0,0.000000,0.000000,0.000000,2.000000,631.305603,81.015091,,,,0.026000,
MP_T_DudukBerdiri_1,movenet,54,1.795159,ok,1,direct,0.454363,1,left_eye,0,0,0.000000,0.000000,0.000000,2.000000,645.683960,71.039116,,,,0.025000,
MP_T_DudukBerdiri_1,movenet,54,1.795159,ok,1,direct,0.454363,2,right_eye,0,0,0.000000,0.000000,0.000000,2.000000,610.297485,72.331909,,,,0.025000,
MP_T_DudukBerdiri_1,movenet,54,1.795159,ok,1,direct,0.454363,3,left_ear,0,0,0.000000,0.000000,0.000000,2.000000,663.201416,80.790466,,,,0.035000,
MP_T_DudukBerdiri_1,movenet,54,1.795159,ok,1,direct,0.454363,4,right_ear,0,0,0.000000,0.000000,0.000000,2.000000,585.680603,83.977951,,,,0.035000,
MP_T_DudukBerdiri_1,movenet,54,1.795159,ok,1,direct,0.454363,5,left_shoulder,1,1,2.000000,685.060000,176.310000,2.000000,677.738770,162.762909,15.398834,50.475474,1,0.079000,0.742111
MP_T_DudukBerdiri_1,movenet,54,1.795159,ok,1,direct,0.454363,6,right_shoulder,1,1,2.000000,565.950000,163.800000,2.000000,579.061218,155.644302,15.440837,50.475474,1,0.079000,0.740902
MP_T_DudukBerdiri_1,movenet,54,1.795159,ok,1,direct,0.454363,7,left_elbow,1,1,2.000000,700.350000,265.600000,2.000000,684.272095,255.696808,18.883121,50.475474,1,0.072000,0.582779
MP_T_DudukBerdiri_1,movenet,54,1.795159,ok,1,direct,0.454363,8,right_elbow,1,1,2.000000,565.720000,265.520000,2.000000,579.357056,259.529022,14.895003,50.475474,1,0.072000,0.714653
MP_T_DudukBerdiri_1,movenet,54,1.795159,ok,1,direct,0.454363,9,left_wrist,1,1,2.000000,707.040000,339.260000,2.000000,798.953979,222.483505,148.609991,50.475474,0,0.062000,0.000000
MP_T_DudukBerdiri_1,movenet,54,1.795159,ok,1,direct,0.454363,10,right_wrist,1,1,2.000000,581.070000,346.490000,2.000000,560.001221,206.567200,141.500118,50.475474,0,0.062000,0.000000
MP_T_DudukBerdiri_1,movenet,54,1.795159,ok,1,direct,0.454363,11,left_hip,1,1,2.000000,663.710000,334.040000,2.000000,671.989502,320.526123,15.848502,50.475474,1,0.107000,0.841796
MP_T_DudukBerdiri_1,movenet,54,1.795159,ok,1,direct,0.454363,12,right_hip,1,1,2.000000,602.410000,335.470000,2.000000,617.495422,321.349518,20.662962,50.475474,1,0.107000,0.746214
MP_T_DudukBerdiri_1,movenet,54,1.795159,ok,1,direct,0.454363,13,left_knee,1,1,2.000000,671.370000,457.280000,2.000000,666.732483,447.705933,10.638107,50.475474,1,0.087000,0.889256
MP_T_DudukBerdiri_1,movenet,54,1.795159,ok,1,direct,0.454363,14,right_knee,1,1,2.000000,591.260000,458.490000,2.000000,629.929749,448.207825,40.013405,50.475474,1,0.087000,0.190042
MP_T_DudukBerdiri_1,movenet,54,1.795159,ok,1,direct,0.454363,15,left_ankle,1,1,2.000000,665.590000,602.820000,0.000000,698.612305,550.529358,,50.475474,0,0.089000,0.000000
MP_T_DudukBerdiri_1,movenet,54,1.795159,ok,1,direct,0.454363,16,right_ankle,1,1,2.000000,577.830000,614.510000,0.000000,648.591187,534.798035,,50.475474,0,0.089000,0.000000
MP_T_DudukBerdiri_1,movenet,55,1.828403,ok,1,direct,0.444357,0,nose,0,0,0.000000,0.000000,0.000000,2.000000,631.888916,79.882629,,,,0.026000,
MP_T_DudukBerdiri_1,movenet,55,1.828403,ok,1,direct,0.444357,1,left_eye,0,0,0.000000,0.000000,0.000000,2.000000,645.656616,70.612251,,,,0.025000,
MP_T_DudukBerdiri_1,movenet,55,1.828403,ok,1,direct,0.444357,2,right_eye,0,0,0.000000,0.000000,0.000000,2.000000,610.638184,72.082916,,,,0.025000,
MP_T_DudukBerdiri_1,movenet,55,1.828403,ok,1,direct,0.444357,3,left_ear,0,0,0.000000,0.000000,0.000000,2.000000,663.319702,80.567818,,,,0.035000,
MP_T_DudukBerdiri_1,movenet,55,1.828403,ok,1,direct,0.444357,4,right_ear,0,0,0.000000,0.000000,0.000000,2.000000,587.031494,84.293655,,,,0.035000,
MP_T_DudukBerdiri_1,movenet,55,1.828403,ok,1,direct,0.444357,5,left_shoulder,1,1,2.000000,685.060000,176.310000,2.000000,677.838379,162.132889,15.910446,50.529021,1,0.079000,0.727799
MP_T_DudukBerdiri_1,movenet,55,1.828403,ok,1,direct,0.444357,6,right_shoulder,1,1,2.000000,565.950000,163.800000,2.000000,573.150879,157.055878,9.865893,50.529021,1,0.079000,0.884997
MP_T_DudukBerdiri_1,movenet,55,1.828403,ok,1,direct,0.444357,7,left_elbow,1,1,2.000000,700.350000,265.600000,2.000000,684.481140,255.113419,19.020755,50.529021,1,0.072000,0.578864
MP_T_DudukBerdiri_1,movenet,55,1.828403,ok,1,direct,0.444357,8,right_elbow,1,1,2.000000,565.720000,265.520000,2.000000,595.519592,258.203888,30.684543,50.529021,1,0.072000,0.241055
MP_T_DudukBerdiri_1,movenet,55,1.828403,ok,1,direct,0.444357,9,left_wrist,1,1,2.000000,707.340000,339.260000,2.000000,800.939636,221.494797,150.431164,50.529021,0,0.062000,0.000000
MP_T_DudukBerdiri_1,movenet,55,1.828403,ok,1,direct,0.444357,10,right_wrist,1,1,2.000000,580.660000,346.530000,2.000000,567.262207,207.242722,139.930150,50.529021,0,0.062000,0.000000
MP_T_DudukBerdiri_1,movenet,55,1.828403,ok,1,direct,0.444357,11,left_hip,1,1,2.000000,663.710000,334.040000,2.000000,664.911377,319.526154,14.563483,50.529021,1,0.107000,0.864923
MP_T_DudukBerdiri_1,movenet,55,1.828403,ok,1,direct,0.444357,12,right_hip,1,1,2.000000,602.410000,335.470000,2.000000,618.471924,314.861847,26.128172,50.529021,1,0.107000,0.626825
MP_T_DudukBerdiri_1,movenet,55,1.828403,ok,1,direct,0.444357,13,left_knee,1,1,2.000000,671.370000,457.280000,2.000000,663.052063,440.725006,18.527167,50.529021,1,0.087000,0.701002
MP_T_DudukBerdiri_1,movenet,55,1.828403,ok,1,direct,0.444357,14,right_knee,1,1,2.000000,591.260000,458.490000,2.000000,627.541931,437.869263,41.732402,50.529021,1,0.087000,0.164899
MP_T_DudukBerdiri_1,movenet,55,1.828403,ok,1,direct,0.444357,15,left_ankle,1,1,2.000000,665.590000,602.820000,0.000000,696.877747,536.523315,,50.529021,0,0.089000,0.000000
MP_T_DudukBerdiri_1,movenet,55,1.828403,ok,1,direct,0.444357,16,right_ankle,1,1,2.000000,577.830000,614.510000,0.000000,662.938721,536.260315,,50.529021,0,0.089000,0.000000
MP_T_DudukBerdiri_1,movenet,56,1.861647,ok,1,direct,0.439600,0,nose,0,0,0.000000,0.000000,0.000000,2.000000,631.120483,79.834930,,,,0.026000,
MP_T_DudukBerdiri_1,movenet,56,1.861647,ok,1,direct,0.439600,1,left_eye,0,0,0.000000,0.000000,0.000000,2.000000,645.038696,70.333862,,,,0.025000,
MP_T_DudukBerdiri_1,movenet,56,1.861647,ok,1,direct,0.439600,2,right_eye,0,0,0.000000,0.000000,0.000000,2.000000,610.096680,72.038239,,,,0.025000,
MP_T_DudukBerdiri_1,movenet,56,1.861647,ok,1,direct,0.439600,3,left_ear,0,0,0.000000,0.000000,0.000000,2.000000,663.432678,79.900269,,,,0.035000,
MP_T_DudukBerdiri_1,movenet,56,1.861647,ok,1,direct,0.439600,4,right_ear,0,0,0.000000,0.000000,0.000000,2.000000,586.210083,84.376434,,,,0.035000,
MP_T_DudukBerdiri_1,movenet,56,1.861647,ok,1,direct,0.439600,5,left_shoulder,1,1,2.000000,685.060000,176.310000,2.000000,675.063477,161.201965,18.115827,50.582512,1,0.079000,0.662956
MP_T_DudukBerdiri_1,movenet,56,1.861647,ok,1,direct,0.439600,6,right_shoulder,1,1,2.000000,565.950000,163.800000,2.000000,573.845520,156.956268,10.448727,50.582512,1,0.079000,0.872195
MP_T_DudukBerdiri_1,movenet,56,1.861647,ok,1,direct,0.439600,7,left_elbow,1,1,2.000000,700.350000,265.600000,2.000000,684.257141,255.588776,18.952697,50.582512,1,0.072000,0.581797
MP_T_DudukBerdiri_1,movenet,56,1.861647,ok,1,direct,0.439600,8,right_elbow,1,1,2.000000,565.720000,265.520000,2.000000,594.600891,259.289062,29.545396,50.582512,1,0.072000,0.268134
MP_T_DudukBerdiri_1,movenet,56,1.861647,ok,1,direct,0.439600,9,left_wrist,1,1,2.000000,707.640000,339.260000,2.000000,799.481750,221.872894,149.045764,50.582512,0,0.062000,0.000000
MP_T_DudukBerdiri_1,movenet,56,1.861647,ok,1,direct,0.439600,10,right_wrist,1,1,2.000000,580.250000,346.580000,2.000000,562.713257,207.284500,140.395063,50.582512,0,0.062000,0.000000
MP_T_DudukBerdiri_1,movenet,56,1.861647,ok,1,direct,0.439600,11,left_hip,1,1,2.000000,663.710000,334.040000,2.000000,664.337708,319.552612,14.500980,50.582512,1,0.107000,0.866262
MP_T_DudukBerdiri_1,movenet,56,1.861647,ok,1,direct,0.439600,12,right_hip,1,1,2.000000,602.410000,335.470000,2.000000,618.489136,314.156921,26.698051,50.582512,1,0.107000,0.614679
MP_T_DudukBerdiri_1,movenet,56,1.861647,ok,1,direct,0.439600,13,left_knee,1,1,2.000000,671.370000,457.280000,2.000000,665.207214,442.356659,16.145775,50.582512,1,0.087000,0.763975
MP_T_DudukBerdiri_1,movenet,56,1.861647,ok,1,direct,0.439600,14,right_knee,1,1,2.000000,591.260000,458.490000,2.000000,636.536743,442.022522,48.178432,50.582512,1,0.087000,0.090976
MP_T_DudukBerdiri_1,movenet,56,1.861647,ok,1,direct,0.439600,15,left_ankle,1,1,2.000000,665.590000,602.820000,0.000000,694.796265,535.553528,,50.582512,0,0.089000,0.000000
MP_T_DudukBerdiri_1,movenet,56,1.861647,ok,1,direct,0.439600,16,right_ankle,1,1,2.000000,577.830000,614.510000,2.000000,588.116577,508.557343,106.450830,50.582512,0,0.089000,0.000014
MP_T_DudukBerdiri_1,movenet,57,1.894891,ok,1,direct,0.453843,0,nose,0,0,0.000000,0.000000,0.000000,2.000000,631.292847,80.133850,,,,0.026000,
MP_T_DudukBerdiri_1,movenet,57,1.894891,ok,1,direct,0.453843,1,left_eye,0,0,0.000000,0.000000,0.000000,2.000000,645.452637,70.217506,,,,0.025000,
MP_T_DudukBerdiri_1,movenet,57,1.894891,ok,1,direct,0.453843,2,right_eye,0,0,0.000000,0.000000,0.000000,2.000000,609.999084,72.016861,,,,0.025000,
MP_T_DudukBerdiri_1,movenet,57,1.894891,ok,1,direct,0.453843,3,left_ear,0,0,0.000000,0.000000,0.000000,2.000000,664.004517,80.106186,,,,0.035000,
MP_T_DudukBerdiri_1,movenet,57,1.894891,ok,1,direct,0.453843,4,right_ear,0,0,0.000000,0.000000,0.000000,2.000000,585.415588,84.704308,,,,0.035000,
MP_T_DudukBerdiri_1,movenet,57,1.894891,ok,1,direct,0.453843,5,left_shoulder,1,1,2.000000,685.060000,176.310000,2.000000,678.408142,163.281464,14.628396,50.634166,1,0.079000,0.765310
MP_T_DudukBerdiri_1,movenet,57,1.894891,ok,1,direct,0.453843,6,right_shoulder,1,1,2.000000,565.950000,163.800000,2.000000,578.383301,156.598267,14.368435,50.634166,1,0.079000,0.772555
MP_T_DudukBerdiri_1,movenet,57,1.894891,ok,1,direct,0.453843,7,left_elbow,1,1,2.000000,700.350000,265.600000,2.000000,684.976440,255.903580,18.175998,50.634166,1,0.072000,0.608271
MP_T_DudukBerdiri_1,movenet,57,1.894891,ok,1,direct,0.453843,8,right_elbow,1,1,2.000000,565.720000,265.520000,2.000000,577.964844,257.584320,14.591477,50.634166,1,0.072000,0.725867
MP_T_DudukBerdiri_1,movenet,57,1.894891,ok,1,direct,0.453843,9,left_wrist,1,1,2.000000,707.930000,339.260000,2.000000,799.476074,221.575317,149.098519,50.634166,0,0.062000,0.000000
MP_T_DudukBerdiri_1,movenet,57,1.894891,ok,1,direct,0.453843,10,right_wrist,1,1,2.000000,579.840000,346.620000,2.000000,564.549683,207.174377,140.281415,50.634166,0,0.062000,0.000000
MP_T_DudukBerdiri_1,movenet,57,1.894891,ok,1,direct,0.453843,11,left_hip,1,1,2.000000,663.710000,334.040000,2.000000,666.644836,322.499207,11.908114,50.634166,1,0.107000,0.907902
MP_T_DudukBerdiri_1,movenet,57,1.894891,ok,1,direct,0.453843,12,right_hip,1,1,2.000000,602.410000,335.470000,2.000000,618.187073,322.262268,20.575719,50.634166,1,0.107000,0.749417
MP_T_DudukBerdiri_1,movenet,57,1.894891,ok,1,direct,0.453843,13,left_knee,1,1,2.000000,671.370000,457.280000,2.000000,666.439941,444.668457,13.540919,50.634166,1,0.087000,0.827809
MP_T_DudukBerdiri_1,movenet,57,1.894891,ok,1,direct,0.453843,14,right_knee,1,1,2.000000,591.260000,458.490000,2.000000,636.736328,446.175842,47.114063,50.634166,1,0.087000,0.101496
MP_T_DudukBerdiri_1,movenet,57,1.894891,ok,1,direct,0.453843,15,left_ankle,1,1,2.000000,665.590000,602.820000,0.000000,697.458618,537.187988,,50.634166,0,0.089000,0.000000
MP_T_DudukBerdiri_1,movenet,57,1.894891,ok,1,direct,0.453843,16,right_ankle,1,1,2.000000,577.830000,614.510000,2.000000,588.624268,508.830109,106.229731,50.634166,0,0.089000,0.000015
MP_T_DudukBerdiri_1,movenet,58,1.928134,ok,1,direct,0.443291,0,nose,0,0,0.000000,0.000000,0.000000,2.000000,630.431641,80.285744,,,,0.026000,
MP_T_DudukBerdiri_1,movenet,58,1.928134,ok,1,direct,0.443291,1,left_eye,0,0,0.000000,0.000000,0.000000,2.000000,644.633301,70.176491,,,,0.025000,
MP_T_DudukBerdiri_1,movenet,58,1.928134,ok,1,direct,0.443291,2,right_eye,0,0,0.000000,0.000000,0.000000,2.000000,609.220337,71.990295,,,,0.025000,
MP_T_DudukBerdiri_1,movenet,58,1.928134,ok,1,direct,0.443291,3,left_ear,0,0,0.000000,0.000000,0.000000,2.000000,663.526978,79.886429,,,,0.035000,
MP_T_DudukBerdiri_1,movenet,58,1.928134,ok,1,direct,0.443291,4,right_ear,0,0,0.000000,0.000000,0.000000,2.000000,584.693848,84.391983,,,,0.035000,
MP_T_DudukBerdiri_1,movenet,58,1.928134,ok,1,direct,0.443291,5,left_shoulder,1,1,2.000000,685.060000,176.310000,2.000000,678.083435,162.884506,15.129982,50.687546,1,0.079000,0.751617
MP_T_DudukBerdiri_1,movenet,58,1.928134,ok,1,direct,0.443291,6,right_shoulder,1,1,2.000000,565.950000,163.800000,2.000000,579.807373,156.767502,15.539717,50.687546,1,0.079000,0.739927
MP_T_DudukBerdiri_1,movenet,58,1.928134,ok,1,direct,0.443291,7,left_elbow,1,1,2.000000,700.350000,265.600000,2.000000,685.327271,255.933701,17.863923,50.687546,1,0.072000,0.619279
MP_T_DudukBerdiri_1,movenet,58,1.928134,ok,1,direct,0.443291,8,right_elbow,1,1,2.000000,565.720000,265.520000,2.000000,596.140259,259.160583,31.077875,50.687546,1,0.072000,0.234494
MP_T_DudukBerdiri_1,movenet,58,1.928134,ok,1,direct,0.443291,9,left_wrist,1,1,2.000000,708.230000,339.260000,2.000000,801.049683,220.861282,150.445172,50.687546,0,0.062000,0.000000
MP_T_DudukBerdiri_1,movenet,58,1.928134,ok,1,direct,0.443291,10,right_wrist,1,1,2.000000,579.430000,346.670000,2.000000,566.266235,207.295441,139.994830,50.687546,0,0.062000,0.000000
MP_T_DudukBerdiri_1,movenet,58,1.928134,ok,1,direct,0.443291,11,left_hip,1,1,2.000000,663.710000,334.040000,2.000000,667.012634,323.263428,11.271287,50.687546,1,0.107000,0.917247
MP_T_DudukBerdiri_1,movenet,58,1.928134,ok,1,direct,0.443291,12,right_hip,1,1,2.000000,602.410000,335.470000,2.000000,617.811646,323.086273,19.762777,50.687546,1,0.107000,0.766780
MP_T_DudukBerdiri_1,movenet,58,1.928134,ok,1,direct,0.443291,13,left_knee,1,1,2.000000,671.370000,457.280000,2.000000,666.044983,444.480774,13.862756,50.687546,1,0.087000,0.820660
MP_T_DudukBerdiri_1,movenet,58,1.928134,ok,1,direct,0.443291,14,right_knee,1,1,2.000000,591.260000,458.490000,2.000000,639.156738,447.056854,49.242404,50.687546,1,0.087000,0.082593
MP_T_DudukBerdiri_1,movenet,58,1.928134,ok,1,direct,0.443291,15,left_ankle,1,1,2.000000,665.590000,602.820000,0.000000,699.379822,547.923340,,50.687546,0,0.089000,0.000000
MP_T_DudukBerdiri_1,movenet,58,1.928134,ok,1,direct,0.443291,16,right_ankle,1,1,2.000000,577.830000,614.510000,0.000000,648.723450,532.242126,,50.687546,0,0.089000,0.000000
MP_T_DudukBerdiri_1,movenet,59,1.961378,ok,1,direct,0.442427,0,nose,0,0,0.000000,0.000000,0.000000,2.000000,630.276978,80.399529,,,,0.026000,
MP_T_DudukBerdiri_1,movenet,59,1.961378,ok,1,direct,0.442427,1,left_eye,0,0,0.000000,0.000000,0.000000,2.000000,644.565918,70.431007,,,,0.025000,
MP_T_DudukBerdiri_1,movenet,59,1.961378,ok,1,direct,0.442427,2,right_eye,0,0,0.000000,0.000000,0.000000,2.000000,609.185913,72.051910,,,,0.025000,
MP_T_DudukBerdiri_1,movenet,59,1.961378,ok,1,direct,0.442427,3,left_ear,0,0,0.000000,0.000000,0.000000,2.000000,663.468018,79.833755,,,,0.035000,
MP_T_DudukBerdiri_1,movenet,59,1.961378,ok,1,direct,0.442427,4,right_ear,0,0,0.000000,0.000000,0.000000,2.000000,584.419006,84.192383,,,,0.035000,
MP_T_DudukBerdiri_1,movenet,59,1.961378,ok,1,direct,0.442427,5,left_shoulder,1,1,2.000000,685.060000,176.310000,2.000000,679.391968,162.563431,14.869255,50.687546,1,0.079000,0.758985
MP_T_DudukBerdiri_1,movenet,59,1.961378,ok,1,direct,0.442427,6,right_shoulder,1,1,2.000000,565.950000,163.800000,2.000000,578.978638,156.067154,15.150654,50.687546,1,0.079000,0.751030
MP_T_DudukBerdiri_1,movenet,59,1.961378,ok,1,direct,0.442427,7,left_elbow,1,1,2.000000,700.350000,265.600000,2.000000,687.191467,255.734421,16.446174,50.687546,1,0.072000,0.666207
MP_T_DudukBerdiri_1,movenet,59,1.961378,ok,1,direct,0.442427,8,right_elbow,1,1,2.000000,565.720000,265.520000,2.000000,594.828735,259.436096,29.737726,50.687546,1,0.072000,0.265023
MP_T_DudukBerdiri_1,movenet,59,1.961378,ok,1,direct,0.442427,9,left_wrist,1,1,2.000000,708.230000,339.260000,2.000000,803.274597,219.742416,152.702090,50.687546,0,0.062000,0.000000
MP_T_DudukBerdiri_1,movenet,59,1.961378,ok,1,direct,0.442427,10,right_wrist,1,1,2.000000,579.020000,346.720000,2.000000,565.850769,206.899643,140.439171,50.687546,0,0.062000,0.000000
MP_T_DudukBerdiri_1,movenet,59,1.961378,ok,1,direct,0.442427,11,left_hip,1,1,2.000000,663.710000,334.040000,2.000000,666.184692,321.771484,12.515613,50.687546,1,0.107000,0.898972
MP_T_DudukBerdiri_1,movenet,59,1.961378,ok,1,direct,0.442427,12,right_hip,1,1,2.000000,602.410000,335.470000,2.000000,618.446228,321.558380,21.229550,50.687546,1,0.107000,0.736065
MP_T_DudukBerdiri_1,movenet,59,1.961378,ok,1,direct,0.442427,13,left_knee,1,1,2.000000,671.370000,457.280000,2.000000,664.917603,443.676941,15.055785,50.687546,1,0.087000,0.792052
MP_T_DudukBerdiri_1,movenet,59,1.961378,ok,1,direct,0.442427,14,right_knee,1,1,2.000000,591.260000,458.490000,2.000000,636.678101,446.874603,46.879860,50.687546,1,0.087000,0.104322
MP_T_DudukBerdiri_1,movenet,59,1.961378,ok,1,direct,0.442427,15,left_ankle,1,1,2.000000,665.590000,602.820000,0.000000,698.639282,546.999512,,50.687546,0,0.089000,0.000000
MP_T_DudukBerdiri_1,movenet,59,1.961378,ok,1,direct,0.442427,16,right_ankle,1,1,2.000000,577.830000,614.510000,0.000000,670.619812,550.389893,,50.687546,0,0.089000,0.000000
MP_T_DudukBerdiri_1,movenet,60,1.994622,ok,1,direct,0.430258,0,nose,0,0,0.000000,0.000000,0.000000,2.000000,628.204895,80.147552,,,,0.026000,
MP_T_DudukBerdiri_1,movenet,60,1.994622,ok,1,direct,0.430258,1,left_eye,0,0,0.000000,0.000000,0.000000,2.000000,643.058594,70.156380,,,,0.025000,
MP_T_DudukBerdiri_1,movenet,60,1.994622,ok,1,direct,0.430258,2,right_eye,0,0,0.000000,0.000000,0.000000,2.000000,606.886047,71.836708,,,,0.025000,
MP_T_DudukBerdiri_1,movenet,60,1.994622,ok,1,direct,0.430258,3,left_ear,0,0,0.000000,0.000000,0.000000,2.000000,663.109863,79.430038,,,,0.035000,
MP_T_DudukBerdiri_1,movenet,60,1.994622,ok,1,direct,0.430258,4,right_ear,0,0,0.000000,0.000000,0.000000,2.000000,582.538513,83.955132,,,,0.035000,
MP_T_DudukBerdiri_1,movenet,60,1.994622,ok,1,direct,0.430258,5,left_shoulder,1,1,2.000000,685.060000,176.310000,2.000000,679.262207,164.352875,13.288613,50.687546,1,0.079000,0.802311
MP_T_DudukBerdiri_1,movenet,60,1.994622,ok,1,direct,0.430258,6,right_shoulder,1,1,2.000000,565.950000,163.800000,2.000000,580.329834,156.975296,15.917167,50.687546,1,0.079000,0.729050
MP_T_DudukBerdiri_1,movenet,60,1.994622,ok,1,direct,0.430258,7,left_elbow,1,1,2.000000,700.350000,265.600000,2.000000,688.292297,256.616730,15.036201,50.687546,1,0.072000,0.712127
MP_T_DudukBerdiri_1,movenet,60,1.994622,ok,1,direct,0.430258,8,right_elbow,1,1,2.000000,565.720000,265.520000,2.000000,592.926392,261.226929,27.543025,50.687546,1,0.072000,0.320087
MP_T_DudukBerdiri_1,movenet,60,1.994622,ok,1,direct,0.430258,9,left_wrist,1,1,2.000000,708.230000,339.260000,2.000000,803.567139,219.894516,152.765470,50.687546,0,0.062000,0.000000
MP_T_DudukBerdiri_1,movenet,60,1.994622,ok,1,direct,0.430258,10,right_wrist,1,1,2.000000,578.610000,346.760000,2.000000,565.255371,207.120453,140.276688,50.687546,0,0.062000,0.000000
MP_T_DudukBerdiri_1,movenet,60,1.994622,ok,1,direct,0.430258,11,left_hip,1,1,2.000000,663.710000,334.040000,2.000000,670.687195,322.667938,13.341853,50.687546,1,0.107000,0.886008
MP_T_DudukBerdiri_1,movenet,60,1.994622,ok,1,direct,0.430258,12,right_hip,1,1,2.000000,602.410000,335.470000,2.000000,616.523560,321.715179,19.707553,50.687546,1,0.107000,0.767917
MP_T_DudukBerdiri_1,movenet,60,1.994622,ok,1,direct,0.430258,13,left_knee,1,1,2.000000,671.370000,457.280000,2.000000,672.636475,456.127655,1.712267,50.687546,1,0.087000,0.996989
MP_T_DudukBerdiri_1,movenet,60,1.994622,ok,1,direct,0.430258,14,right_knee,1,1,2.000000,591.260000,458.490000,2.000000,642.449585,456.862213,51.215460,50.687546,0,0.087000,0.067361
MP_T_DudukBerdiri_1,movenet,60,1.994622,ok,1,direct,0.430258,15,left_ankle,1,1,2.000000,665.590000,602.820000,0.000000,707.567139,557.010681,,50.687546,0,0.089000,0.000000
MP_T_DudukBerdiri_1,movenet,60,1.994622,ok,1,direct,0.430258,16,right_ankle,1,1,2.000000,577.830000,614.510000,0.000000,676.981506,580.184998,,50.687546,0,0.089000,0.000000
MP_T_DudukBerdiri_1,movenet,61,2.027865,ok,1,direct,0.424022,0,nose,0,0,0.000000,0.000000,0.000000,2.000000,628.096619,80.378510,,,,0.026000,
MP_T_DudukBerdiri_1,movenet,61,2.027865,ok,1,direct,0.424022,1,left_eye,0,0,0.000000,0.000000,0.000000,2.000000,643.115784,70.213074,,,,0.025000,
MP_T_DudukBerdiri_1,movenet,61,2.027865,ok,1,direct,0.424022,2,right_eye,0,0,0.000000,0.000000,0.000000,2.000000,607.041199,72.042854,,,,0.025000,
MP_T_DudukBerdiri_1,movenet,61,2.027865,ok,1,direct,0.424022,3,left_ear,0,0,0.000000,0.000000,0.000000,2.000000,663.319092,79.711639,,,,0.035000,
MP_T_DudukBerdiri_1,movenet,61,2.027865,ok,1,direct,0.424022,4,right_ear,0,0,0.000000,0.000000,0.000000,2.000000,583.248474,83.981575,,,,0.035000,
MP_T_DudukBerdiri_1,movenet,61,2.027865,ok,1,direct,0.424022,5,left_shoulder,1,1,2.000000,685.060000,176.310000,2.000000,680.851807,164.429352,12.603916,50.687546,1,0.079000,0.820250
MP_T_DudukBerdiri_1,movenet,61,2.027865,ok,1,direct,0.424022,6,right_shoulder,1,1,2.000000,565.950000,163.800000,2.000000,580.904968,157.159760,16.362881,50.687546,1,0.079000,0.716083
MP_T_DudukBerdiri_1,movenet,61,2.027865,ok,1,direct,0.424022,7,left_elbow,1,1,2.000000,700.350000,265.600000,2.000000,689.766846,256.247986,14.123149,50.687546,1,0.072000,0.741174
MP_T_DudukBerdiri_1,movenet,61,2.027865,ok,1,direct,0.424022,8,right_elbow,1,1,2.000000,565.720000,265.520000,2.000000,590.374023,260.357910,25.188649,50.687546,1,0.072000,0.385685
MP_T_DudukBerdiri_1,movenet,61,2.027865,ok,1,direct,0.424022,9,left_wrist,1,1,2.000000,708.230000,339.260000,2.000000,804.017273,219.679871,153.214258,50.687546,0,0.062000,0.000000
MP_T_DudukBerdiri_1,movenet,61,2.027865,ok,1,direct,0.424022,10,right_wrist,1,1,2.000000,578.200000,346.810000,2.000000,567.639648,209.122604,138.091781,50.687546,0,0.062000,0.000000
MP_T_DudukBerdiri_1,movenet,61,2.027865,ok,1,direct,0.424022,11,left_hip,1,1,2.000000,663.710000,334.040000,2.000000,672.950439,320.594452,16.314671,50.687546,1,0.107000,0.834457
MP_T_DudukBerdiri_1,movenet,61,2.027865,ok,1,direct,0.424022,12,right_hip,1,1,2.000000,602.410000,335.470000,2.000000,618.182922,321.125702,21.320037,50.687546,1,0.107000,0.734140
MP_T_DudukBerdiri_1,movenet,61,2.027865,ok,1,direct,0.424022,13,left_knee,1,1,2.000000,671.370000,457.280000,2.000000,672.687744,448.123627,9.250709,50.687546,1,0.087000,0.915750
MP_T_DudukBerdiri_1,movenet,61,2.027865,ok,1,direct,0.424022,14,right_knee,1,1,2.000000,591.260000,458.490000,2.000000,644.540466,454.477112,53.431371,50.687546,0,0.087000,0.053068
MP_T_DudukBerdiri_1,movenet,61,2.027865,ok,1,direct,0.424022,15,left_ankle,1,1,2.000000,665.590000,602.820000,0.000000,708.255249,553.192749,,50.687546,0,0.089000,0.000000
MP_T_DudukBerdiri_1,movenet,61,2.027865,ok,1,direct,0.424022,16,right_ankle,1,1,2.000000,577.830000,614.510000,0.000000,666.719055,543.189148,,50.687546,0,0.089000,0.000000
MP_T_DudukBerdiri_1,movenet,62,2.061109,ok,1,direct,0.430059,0,nose,0,0,0.000000,0.000000,0.000000,2.000000,628.315247,80.463966,,,,0.026000,
MP_T_DudukBerdiri_1,movenet,62,2.061109,ok,1,direct,0.430059,1,left_eye,0,0,0.000000,0.000000,0.000000,2.000000,643.103516,70.408974,,,,0.025000,
MP_T_DudukBerdiri_1,movenet,62,2.061109,ok,1,direct,0.430059,2,right_eye,0,0,0.000000,0.000000,0.000000,2.000000,607.087830,72.239120,,,,0.025000,
MP_T_DudukBerdiri_1,movenet,62,2.061109,ok,1,direct,0.430059,3,left_ear,0,0,0.000000,0.000000,0.000000,2.000000,663.117798,79.680534,,,,0.035000,
MP_T_DudukBerdiri_1,movenet,62,2.061109,ok,1,direct,0.430059,4,right_ear,0,0,0.000000,0.000000,0.000000,2.000000,582.968201,84.102570,,,,0.035000,
MP_T_DudukBerdiri_1,movenet,62,2.061109,ok,1,direct,0.430059,5,left_shoulder,1,1,2.000000,685.060000,176.310000,2.000000,680.449707,164.496475,12.681253,50.687546,1,0.079000,0.818252
MP_T_DudukBerdiri_1,movenet,62,2.061109,ok,1,direct,0.430059,6,right_shoulder,1,1,2.000000,565.950000,163.800000,2.000000,579.810913,159.110306,14.632776,50.687546,1,0.079000,0.765619
MP_T_DudukBerdiri_1,movenet,62,2.061109,ok,1,direct,0.430059,7,left_elbow,1,1,2.000000,700.350000,265.600000,2.000000,689.941772,257.035461,13.478966,50.687546,1,0.072000,0.761230
MP_T_DudukBerdiri_1,movenet,62,2.061109,ok,1,direct,0.430059,8,right_elbow,1,1,2.000000,565.720000,265.520000,2.000000,571.949036,258.807098,9.157725,50.687546,1,0.072000,0.881674
MP_T_DudukBerdiri_1,movenet,62,2.061109,ok,1,direct,0.430059,9,left_wrist,1,1,2.000000,708.230000,339.260000,2.000000,805.039062,219.389191,154.081165,50.687546,0,0.062000,0.000000
MP_T_DudukBerdiri_1,movenet,62,2.061109,ok,1,direct,0.430059,10,right_wrist,1,1,2.000000,577.790000,346.850000,2.000000,565.121338,210.061432,137.373969,50.687546,0,0.062000,0.000000
MP_T_DudukBerdiri_1,movenet,62,2.061109,ok,1,direct,0.430059,11,left_hip,1,1,2.000000,663.710000,334.040000,2.000000,673.742737,321.607941,15.975353,50.687546,1,0.107000,0.840697
MP_T_DudukBerdiri_1,movenet,62,2.061109,ok,1,direct,0.430059,12,right_hip,1,1,2.000000,602.410000,335.470000,2.000000,615.302368,322.272614,18.449503,50.687546,1,0.107000,0.793394
MP_T_DudukBerdiri_1,movenet,62,2.061109,ok,1,direct,0.430059,13,left_knee,1,1,2.000000,671.370000,457.280000,2.000000,673.056274,455.485901,2.462176,50.687546,1,0.087000,0.993785
MP_T_DudukBerdiri_1,movenet,62,2.061109,ok,1,direct,0.430059,14,right_knee,1,1,2.000000,591.260000,458.490000,2.000000,639.475708,456.191864,48.270446,50.687546,1,0.087000,0.091049
MP_T_DudukBerdiri_1,movenet,62,2.061109,ok,1,direct,0.430059,15,left_ankle,1,1,2.000000,665.590000,602.820000,0.000000,707.195068,553.808411,,50.687546,0,0.089000,0.000000
MP_T_DudukBerdiri_1,movenet,62,2.061109,ok,1,direct,0.430059,16,right_ankle,1,1,2.000000,577.830000,614.510000,0.000000,671.373291,558.887756,,50.687546,0,0.089000,0.000000
MP_T_DudukBerdiri_1,movenet,63,2.094353,ok,1,direct,0.432489,0,nose,0,0,0.000000,0.000000,0.000000,2.000000,627.821899,80.173088,,,,0.026000,
MP_T_DudukBerdiri_1,movenet,63,2.094353,ok,1,direct,0.432489,1,left_eye,0,0,0.000000,0.000000,0.000000,2.000000,642.652893,70.271744,,,,0.025000,
MP_T_DudukBerdiri_1,movenet,63,2.094353,ok,1,direct,0.432489,2,right_eye,0,0,0.000000,0.000000,0.000000,2.000000,606.852478,72.027481,,,,0.025000,
MP_T_DudukBerdiri_1,movenet,63,2.094353,ok,1,direct,0.432489,3,left_ear,0,0,0.000000,0.000000,0.000000,2.000000,662.815063,79.823463,,,,0.035000,
MP_T_DudukBerdiri_1,movenet,63,2.094353,ok,1,direct,0.432489,4,right_ear,0,0,0.000000,0.000000,0.000000,2.000000,583.081177,83.914825,,,,0.035000,
MP_T_DudukBerdiri_1,movenet,63,2.094353,ok,1,direct,0.432489,5,left_shoulder,1,1,2.000000,685.060000,176.310000,2.000000,680.499939,163.245941,13.837044,50.687546,1,0.079000,0.787561
MP_T_DudukBerdiri_1,movenet,63,2.094353,ok,1,direct,0.432489,6,right_shoulder,1,1,2.000000,565.950000,163.800000,2.000000,580.194946,158.257538,15.285201,50.687546,1,0.079000,0.747204
MP_T_DudukBerdiri_1,movenet,63,2.094353,ok,1,direct,0.432489,7,left_elbow,1,1,2.000000,700.350000,265.600000,2.000000,690.879639,257.018341,12.780165,50.687546,1,0.072000,0.782497
MP_T_DudukBerdiri_1,movenet,63,2.094353,ok,1,direct,0.432489,8,right_elbow,1,1,2.000000,565.720000,265.520000,2.000000,566.037964,257.273224,8.252904,50.687546,1,0.072000,0.902780
MP_T_DudukBerdiri_1,movenet,63,2.094353,ok,1,direct,0.432489,9,left_wrist,1,1,2.000000,708.230000,339.260000,2.000000,806.065552,219.048569,154.992204,50.687546,0,0.062000,0.000000
MP_T_DudukBerdiri_1,movenet,63,2.094353,ok,1,direct,0.432489,10,right_wrist,1,1,2.000000,577.380000,346.900000,2.000000,566.755310,211.134415,136.180682,50.687546,0,0.062000,0.000000
MP_T_DudukBerdiri_1,movenet,63,2.094353,ok,1,direct,0.432489,11,left_hip,1,1,2.000000,663.710000,334.040000,2.000000,676.789490,318.463898,20.339322,50.687546,1,0.107000,0.754820
MP_T_DudukBerdiri_1,movenet,63,2.094353,ok,1,direct,0.432489,12,right_hip,1,1,2.000000,602.410000,335.470000,2.000000,615.048584,320.269135,19.768665,50.687546,1,0.107000,0.766658
MP_T_DudukBerdiri_1,movenet,63,2.094353,ok,1,direct,0.432489,13,left_knee,1,1,2.000000,671.370000,457.280000,2.000000,678.725281,451.201721,9.541783,50.687546,1,0.087000,0.910613
MP_T_DudukBerdiri_1,movenet,63,2.094353,ok,1,direct,0.432489,14,right_knee,1,1,2.000000,591.260000,458.490000,2.000000,639.095032,452.680267,48.186546,50.687546,1,0.087000,0.091810
MP_T_DudukBerdiri_1,movenet,63,2.094353,ok,1,direct,0.432489,15,left_ankle,1,1,2.000000,665.590000,602.820000,0.000000,711.690674,550.730225,,50.687546,0,0.089000,0.000000
MP_T_DudukBerdiri_1,movenet,63,2.094353,ok,1,direct,0.432489,16,right_ankle,1,1,2.000000,577.830000,614.510000,0.000000,670.974792,555.990417,,50.687546,0,0.089000,0.000000
MP_T_DudukBerdiri_1,movenet,64,2.127596,ok,1,direct,0.426097,0,nose,0,0,0.000000,0.000000,0.000000,2.000000,627.848267,80.487671,,,,0.026000,
MP_T_DudukBerdiri_1,movenet,64,2.127596,ok,1,direct,0.426097,1,left_eye,0,0,0.000000,0.000000,0.000000,2.000000,642.903381,70.555672,,,,0.025000,
MP_T_DudukBerdiri_1,movenet,64,2.127596,ok,1,direct,0.426097,2,right_eye,0,0,0.000000,0.000000,0.000000,2.000000,606.923218,72.282455,,,,0.025000,
MP_T_DudukBerdiri_1,movenet,64,2.127596,ok,1,direct,0.426097,3,left_ear,0,0,0.000000,0.000000,0.000000,2.000000,663.005676,80.279564,,,,0.035000,
MP_T_DudukBerdiri_1,movenet,64,2.127596,ok,1,direct,0.426097,4,right_ear,0,0,0.000000,0.000000,0.000000,2.000000,582.840454,84.164619,,,,0.035000,
MP_T_DudukBerdiri_1,movenet,64,2.127596,ok,1,direct,0.426097,5,left_shoulder,1,1,2.000000,685.060000,176.310000,2.000000,672.147705,164.541580,17.470634,50.687546,1,0.079000,0.683378
MP_T_DudukBerdiri_1,movenet,64,2.127596,ok,1,direct,0.426097,6,right_shoulder,1,1,2.000000,565.950000,163.800000,2.000000,578.674377,159.667831,13.378513,50.687546,1,0.079000,0.799916
MP_T_DudukBerdiri_1,movenet,64,2.127596,ok,1,direct,0.426097,7,left_elbow,1,1,2.000000,700.350000,265.600000,2.000000,692.584167,256.461700,11.992359,50.687546,1,0.072000,0.805768
MP_T_DudukBerdiri_1,movenet,64,2.127596,ok,1,direct,0.426097,8,right_elbow,1,1,2.000000,565.720000,265.520000,2.000000,562.205200,257.031860,9.187074,50.687546,1,0.072000,0.880962
MP_T_DudukBerdiri_1,movenet,64,2.127596,ok,1,direct,0.426097,9,left_wrist,1,1,2.000000,708.230000,339.260000,2.000000,807.938110,218.703568,156.446670,50.687546,0,0.062000,0.000000
MP_T_DudukBerdiri_1,movenet,64,2.127596,ok,1,direct,0.426097,10,right_wrist,1,1,2.000000,576.970000,346.940000,2.000000,564.404785,212.525696,135.000333,50.687546,0,0.062000,0.000000
MP_T_DudukBerdiri_1,movenet,64,2.127596,ok,1,direct,0.426097,11,left_hip,1,1,2.000000,663.710000,334.040000,2.000000,677.052246,321.738403,18.147860,50.687546,1,0.107000,0.799372
MP_T_DudukBerdiri_1,movenet,64,2.127596,ok,1,direct,0.426097,12,right_hip,1,1,2.000000,602.410000,335.470000,2.000000,612.467834,323.567657,15.582869,50.687546,1,0.107000,0.847806
MP_T_DudukBerdiri_1,movenet,64,2.127596,ok,1,direct,0.426097,13,left_knee,1,1,2.000000,671.370000,457.280000,2.000000,683.456909,452.076508,13.159396,50.687546,1,0.087000,0.836860
MP_T_DudukBerdiri_1,movenet,64,2.127596,ok,1,direct,0.426097,14,right_knee,1,1,2.000000,591.260000,458.490000,2.000000,635.461975,455.702301,44.289794,50.687546,1,0.087000,0.132998
MP_T_DudukBerdiri_1,movenet,64,2.127596,ok,1,direct,0.426097,15,left_ankle,1,1,2.000000,665.590000,602.820000,0.000000,704.228149,560.478577,,50.687546,0,0.089000,0.000000
MP_T_DudukBerdiri_1,movenet,64,2.127596,ok,1,direct,0.426097,16,right_ankle,1,1,2.000000,577.830000,614.510000,0.000000,672.344116,571.563904,,50.687546,0,0.089000,0.000000
MP_T_DudukBerdiri_1,movenet,65,2.160840,ok,1,direct,0.338542,0,nose,0,0,0.000000,0.000000,0.000000,2.000000,401.424713,212.030899,,,,0.026000,
MP_T_DudukBerdiri_1,movenet,65,2.160840,ok,1,direct,0.338542,1,left_eye,0,0,0.000000,0.000000,0.000000,2.000000,377.322510,198.495056,,,,0.025000,
MP_T_DudukBerdiri_1,movenet,65,2.160840,ok,1,direct,0.338542,2,right_eye,0,0,0.000000,0.000000,0.000000,2.000000,396.419861,200.458374,,,,0.025000,
MP_T_DudukBerdiri_1,movenet,65,2.160840,ok,1,direct,0.338542,3,left_ear,0,0,0.000000,0.000000,0.000000,2.000000,287.950958,204.418640,,,,0.035000,
MP_T_DudukBerdiri_1,movenet,65,2.160840,ok,1,direct,0.338542,4,right_ear,0,0,0.000000,0.000000,0.000000,2.000000,368.912109,208.560974,,,,0.035000,
MP_T_DudukBerdiri_1,movenet,65,2.160840,ok,1,direct,0.338542,5,left_shoulder,1,1,2.000000,685.060000,176.310000,2.000000,265.734070,274.607941,430.693303,50.687546,0,0.079000,0.000000
MP_T_DudukBerdiri_1,movenet,65,2.160840,ok,1,direct,0.338542,6,right_shoulder,1,1,2.000000,565.950000,163.800000,2.000000,363.286255,282.175293,234.702585,50.687546,0,0.079000,0.000000
MP_T_DudukBerdiri_1,movenet,65,2.160840,ok,1,direct,0.338542,7,left_elbow,1,1,2.000000,700.350000,265.600000,0.000000,533.303284,265.613098,,50.687546,0,0.072000,0.000000
MP_T_DudukBerdiri_1,movenet,65,2.160840,ok,1,direct,0.338542,8,right_elbow,1,1,2.000000,565.720000,265.520000,2.000000,540.536682,261.050232,25.576910,50.687546,1,0.072000,0.374437
MP_T_DudukBerdiri_1,movenet,65,2.160840,ok,1,direct,0.338542,9,left_wrist,1,1,2.000000,708.230000,339.260000,2.000000,806.328125,218.902847,155.271009,50.687546,0,0.062000,0.000000
MP_T_DudukBerdiri_1,movenet,65,2.160840,ok,1,direct,0.338542,10,right_wrist,1,1,2.000000,576.560000,346.990000,2.000000,572.772339,212.088013,134.955150,50.687546,0,0.062000,0.000000
MP_T_DudukBerdiri_1,movenet,65,2.160840,ok,1,direct,0.338542,11,left_hip,1,1,2.000000,663.710000,334.040000,2.000000,314.618591,510.159424,391.002382,50.687546,0,0.107000,0.000000
MP_T_DudukBerdiri_1,movenet,65,2.160840,ok,1,direct,0.338542,12,right_hip,1,1,2.000000,602.410000,335.470000,2.000000,384.956543,512.331726,280.296408,50.687546,0,0.107000,0.000000
MP_T_DudukBerdiri_1,movenet,65,2.160840,ok,1,direct,0.338542,13,left_knee,1,1,2.000000,671.370000,457.280000,2.000000,675.343323,459.434509,4.519868,50.687546,1,0.087000,0.979208
MP_T_DudukBerdiri_1,movenet,65,2.160840,ok,1,direct,0.338542,14,right_knee,1,1,2.000000,591.260000,458.490000,2.000000,598.861694,489.549500,31.976214,50.687546,1,0.087000,0.349385
MP_T_DudukBerdiri_1,movenet,65,2.160840,ok,1,direct,0.338542,15,left_ankle,1,1,2.000000,665.590000,602.820000,0.000000,649.228821,581.851318,,50.687546,0,0.089000,0.000000
MP_T_DudukBerdiri_1,movenet,65,2.160840,ok,1,direct,0.338542,16,right_ankle,1,1,2.000000,577.830000,614.510000,0.000000,672.056824,580.175659,,50.687546,0,0.089000,0.000000
MP_T_DudukBerdiri_1,movenet,66,2.194084,ok,1,direct,0.340975,0,nose,0,0,0.000000,0.000000,0.000000,2.000000,400.599518,211.131287,,,,0.026000,
MP_T_DudukBerdiri_1,movenet,66,2.194084,ok,1,direct,0.340975,1,left_eye,0,0,0.000000,0.000000,0.000000,0.000000,373.633850,197.996033,,,,0.025000,
MP_T_DudukBerdiri_1,movenet,66,2.194084,ok,1,direct,0.340975,2,right_eye,0,0,0.000000,0.000000,0.000000,2.000000,400.280884,199.423767,,,,0.025000,
MP_T_DudukBerdiri_1,movenet,66,2.194084,ok,1,direct,0.340975,3,left_ear,0,0,0.000000,0.000000,0.000000,2.000000,284.252289,204.836670,,,,0.035000,
MP_T_DudukBerdiri_1,movenet,66,2.194084,ok,1,direct,0.340975,4,right_ear,0,0,0.000000,0.000000,0.000000,2.000000,377.215210,209.002319,,,,0.035000,
MP_T_DudukBerdiri_1,movenet,66,2.194084,ok,1,direct,0.340975,5,left_shoulder,1,1,2.000000,685.060000,176.310000,2.000000,265.409576,274.234619,430.924250,50.687546,0,0.079000,0.000000
MP_T_DudukBerdiri_1,movenet,66,2.194084,ok,1,direct,0.340975,6,right_shoulder,1,1,2.000000,565.950000,163.800000,2.000000,364.538086,281.978394,233.522787,50.687546,0,0.079000,0.000000
MP_T_DudukBerdiri_1,movenet,66,2.194084,ok,1,direct,0.340975,7,left_elbow,1,1,2.000000,700.350000,265.600000,0.000000,537.125366,269.715759,,50.687546,0,0.072000,0.000000
MP_T_DudukBerdiri_1,movenet,66,2.194084,ok,1,direct,0.340975,8,right_elbow,1,1,2.000000,565.720000,265.520000,2.000000,547.187134,265.609985,18.533085,50.687546,1,0.072000,0.597039
MP_T_DudukBerdiri_1,movenet,66,2.194084,ok,1,direct,0.340975,9,left_wrist,1,1,2.000000,708.230000,339.260000,2.000000,804.854492,219.092590,154.196300,50.687546,0,0.062000,0.000000
MP_T_DudukBerdiri_1,movenet,66,2.194084,ok,1,direct,0.340975,10,right_wrist,1,1,2.000000,576.150000,347.030000,2.000000,572.401367,225.833633,121.254326,50.687546,0,0.062000,0.000000
MP_T_DudukBerdiri_1,movenet,66,2.194084,ok,1,direct,0.340975,11,left_hip,1,1,2.000000,663.710000,334.040000,2.000000,314.777893,504.087250,388.161928,50.687546,0,0.107000,0.000000
MP_T_DudukBerdiri_1,movenet,66,2.194084,ok,1,direct,0.340975,12,right_hip,1,1,2.000000,602.410000,335.470000,2.000000,381.018799,510.576294,282.269868,50.687546,0,0.107000,0.000000
MP_T_DudukBerdiri_1,movenet,66,2.194084,ok,1,direct,0.340975,13,left_knee,1,1,2.000000,671.370000,457.280000,2.000000,672.958130,455.929535,2.084685,50.687546,1,0.087000,0.995540
MP_T_DudukBerdiri_1,movenet,66,2.194084,ok,1,direct,0.340975,14,right_knee,1,1,2.000000,591.260000,458.490000,2.000000,595.479431,490.263947,32.052883,50.687546,1,0.087000,0.347625
MP_T_DudukBerdiri_1,movenet,66,2.194084,ok,1,direct,0.340975,15,left_ankle,1,1,2.000000,665.590000,602.820000,0.000000,635.499390,585.478577,,50.687546,0,0.089000,0.000000
MP_T_DudukBerdiri_1,movenet,66,2.194084,ok,1,direct,0.340975,16,right_ankle,1,1,2.000000,577.830000,614.510000,0.000000,535.549377,624.675293,,50.687546,0,0.089000,0.000000
MP_T_DudukBerdiri_1,movenet,67,2.227327,ok,1,direct,0.316110,0,nose,0,0,0.000000,0.000000,0.000000,2.000000,403.906219,211.898163,,,,0.026000,
MP_T_DudukBerdiri_1,movenet,67,2.227327,ok,1,direct,0.316110,1,left_eye,0,0,0.000000,0.000000,0.000000,0.000000,382.615234,199.256775,,,,0.025000,
MP_T_DudukBerdiri_1,movenet,67,2.227327,ok,1,direct,0.316110,2,right_eye,0,0,0.000000,0.000000,0.000000,2.000000,401.275299,200.464478,,,,0.025000,
MP_T_DudukBerdiri_1,movenet,67,2.227327,ok,1,direct,0.316110,3,left_ear,0,0,0.000000,0.000000,0.000000,2.000000,294.200623,204.264465,,,,0.035000,
MP_T_DudukBerdiri_1,movenet,67,2.227327,ok,1,direct,0.316110,4,right_ear,0,0,0.000000,0.000000,0.000000,2.000000,369.392273,208.658295,,,,0.035000,
MP_T_DudukBerdiri_1,movenet,67,2.227327,ok,1,direct,0.316110,5,left_shoulder,1,1,2.000000,685.060000,176.310000,2.000000,280.028687,274.157715,416.682781,50.687546,0,0.079000,0.000000
MP_T_DudukBerdiri_1,movenet,67,2.227327,ok,1,direct,0.316110,6,right_shoulder,1,1,2.000000,565.950000,163.800000,2.000000,369.188202,280.967651,229.005379,50.687546,0,0.079000,0.000000
MP_T_DudukBerdiri_1,movenet,67,2.227327,ok,1,direct,0.316110,7,left_elbow,1,1,2.000000,700.350000,265.600000,0.000000,544.300293,283.420471,,50.687546,0,0.072000,0.000000
MP_T_DudukBerdiri_1,movenet,67,2.227327,ok,1,direct,0.316110,8,right_elbow,1,1,2.000000,565.720000,265.520000,2.000000,540.180908,282.874786,30.877724,50.687546,1,0.072000,0.238902
MP_T_DudukBerdiri_1,movenet,67,2.227327,ok,1,direct,0.316110,9,left_wrist,1,1,2.000000,708.230000,339.260000,2.000000,801.053162,219.781601,151.298470,50.687546,0,0.062000,0.000000
MP_T_DudukBerdiri_1,movenet,67,2.227327,ok,1,direct,0.316110,10,right_wrist,1,1,2.000000,576.150000,347.030000,2.000000,568.768494,229.888977,117.373361,50.687546,0,0.062000,0.000000
MP_T_DudukBerdiri_1,movenet,67,2.227327,ok,1,direct,0.316110,11,left_hip,1,1,2.000000,663.710000,334.040000,2.000000,350.258453,502.748322,355.969619,50.687546,0,0.107000,0.000000
MP_T_DudukBerdiri_1,movenet,67,2.227327,ok,1,direct,0.316110,12,right_hip,1,1,2.000000,602.410000,335.470000,2.000000,380.598785,511.507812,283.177553,50.687546,0,0.107000,0.000000
MP_T_DudukBerdiri_1,movenet,67,2.227327,ok,1,direct,0.316110,13,left_knee,1,1,2.000000,671.370000,457.280000,0.000000,590.434509,486.692627,,50.687546,0,0.087000,0.000000
MP_T_DudukBerdiri_1,movenet,67,2.227327,ok,1,direct,0.316110,14,right_knee,1,1,2.000000,591.260000,458.490000,2.000000,606.886108,482.579956,28.714130,50.687546,1,0.087000,0.428284
MP_T_DudukBerdiri_1,movenet,67,2.227327,ok,1,direct,0.316110,15,left_ankle,1,1,2.000000,665.590000,602.820000,2.000000,521.313232,627.289490,146.337082,50.687546,0,0.089000,0.000000
MP_T_DudukBerdiri_1,movenet,67,2.227327,ok,1,direct,0.316110,16,right_ankle,1,1,2.000000,577.830000,614.510000,0.000000,659.908142,585.599243,,50.687546,0,0.089000,0.000000
MP_T_DudukBerdiri_1,movenet,68,2.260571,ok,1,direct,0.307188,0,nose,0,0,0.000000,0.000000,0.000000,2.000000,402.895935,211.377426,,,,0.026000,
MP_T_DudukBerdiri_1,movenet,68,2.260571,ok,1,direct,0.307188,1,left_eye,0,0,0.000000,0.000000,0.000000,2.000000,644.612915,71.392059,,,,0.025000,
MP_T_DudukBerdiri_1,movenet,68,2.260571,ok,1,direct,0.307188,2,right_eye,0,0,0.000000,0.000000,0.000000,2.000000,400.174591,199.945297,,,,0.025000,
MP_T_DudukBerdiri_1,movenet,68,2.260571,ok,1,direct,0.307188,3,left_ear,0,0,0.000000,0.000000,0.000000,2.000000,290.997467,206.842941,,,,0.035000,
MP_T_DudukBerdiri_1,movenet,68,2.260571,ok,1,direct,0.307188,4,right_ear,0,0,0.000000,0.000000,0.000000,2.000000,376.026978,209.734924,,,,0.035000,
MP_T_DudukBerdiri_1,movenet,68,2.260571,ok,1,direct,0.307188,5,left_shoulder,1,1,2.000000,685.060000,176.310000,2.000000,269.880646,277.808624,427.405974,50.687546,0,0.079000,0.000000
MP_T_DudukBerdiri_1,movenet,68,2.260571,ok,1,direct,0.307188,6,right_shoulder,1,1,2.000000,565.950000,163.800000,2.000000,369.807434,280.458771,228.213003,50.687546,0,0.079000,0.000000
MP_T_DudukBerdiri_1,movenet,68,2.260571,ok,1,direct,0.307188,7,left_elbow,1,1,2.000000,700.350000,265.600000,0.000000,516.245605,311.348816,,50.687546,0,0.072000,0.000000
MP_T_DudukBerdiri_1,movenet,68,2.260571,ok,1,direct,0.307188,8,right_elbow,1,1,2.000000,565.720000,265.520000,2.000000,535.363403,303.454407,48.585411,50.687546,1,0.072000,0.028879
MP_T_DudukBerdiri_1,movenet,68,2.260571,ok,1,direct,0.307188,9,left_wrist,1,1,2.000000,708.230000,339.260000,0.000000,595.761841,257.255981,,50.687546,0,0.062000,0.000000
MP_T_DudukBerdiri_1,movenet,68,2.260571,ok,1,direct,0.307188,10,right_wrist,1,1,2.000000,576.150000,347.030000,2.000000,562.991272,249.250519,98.660930,50.687546,0,0.062000,0.000000
MP_T_DudukBerdiri_1,movenet,68,2.260571,ok,1,direct,0.307188,11,left_hip,1,1,2.000000,663.710000,334.040000,2.000000,331.502502,502.137512,372.315182,50.687546,0,0.107000,0.000000
MP_T_DudukBerdiri_1,movenet,68,2.260571,ok,1,direct,0.307188,12,right_hip,1,1,2.000000,602.410000,335.470000,2.000000,382.115967,506.502441,278.893451,50.687546,0,0.107000,0.000000
MP_T_DudukBerdiri_1,movenet,68,2.260571,ok,1,direct,0.307188,13,left_knee,1,1,2.000000,671.370000,457.280000,0.000000,588.712036,484.096741,,50.687546,0,0.087000,0.000000
MP_T_DudukBerdiri_1,movenet,68,2.260571,ok,1,direct,0.307188,14,right_knee,1,1,2.000000,591.260000,458.490000,2.000000,596.065186,480.223572,22.258435,50.687546,1,0.087000,0.600772
MP_T_DudukBerdiri_1,movenet,68,2.260571,ok,1,direct,0.307188,15,left_ankle,1,1,2.000000,665.590000,602.820000,0.000000,637.884644,584.814758,,50.687546,0,0.089000,0.000000
MP_T_DudukBerdiri_1,movenet,68,2.260571,ok,1,direct,0.307188,16,right_ankle,1,1,2.000000,577.830000,614.510000,0.000000,605.049805,598.693237,,50.687546,0,0.089000,0.000000
MP_T_DudukBerdiri_1,movenet,69,2.293815,ok,1,direct,0.331777,0,nose,0,0,0.000000,0.000000,0.000000,2.000000,403.288910,210.338867,,,,0.026000,
MP_T_DudukBerdiri_1,movenet,69,2.293815,ok,1,direct,0.331777,1,left_eye,0,0,0.000000,0.000000,0.000000,2.000000,644.789917,71.527687,,,,0.025000,
MP_T_DudukBerdiri_1,movenet,69,2.293815,ok,1,direct,0.331777,2,right_eye,0,0,0.000000,0.000000,0.000000,2.000000,400.425781,199.110352,,,,0.025000,
MP_T_DudukBerdiri_1,movenet,69,2.293815,ok,1,direct,0.331777,3,left_ear,0,0,0.000000,0.000000,0.000000,2.000000,291.258240,206.012253,,,,0.035000,
MP_T_DudukBerdiri_1,movenet,69,2.293815,ok,1,direct,0.331777,4,right_ear,0,0,0.000000,0.000000,0.000000,2.000000,374.921722,209.313889,,,,0.035000,
MP_T_DudukBerdiri_1,movenet,69,2.293815,ok,1,direct,0.331777,5,left_shoulder,1,1,2.000000,685.060000,176.310000,2.000000,276.318451,274.133972,420.284646,50.687546,0,0.079000,0.000000
MP_T_DudukBerdiri_1,movenet,69,2.293815,ok,1,direct,0.331777,6,right_shoulder,1,1,2.000000,565.950000,163.800000,2.000000,357.028015,281.265320,239.679989,50.687546,0,0.079000,0.000000
MP_T_DudukBerdiri_1,movenet,69,2.293815,ok,1,direct,0.331777,7,left_elbow,1,1,2.000000,700.350000,265.600000,0.000000,485.359650,327.786346,,50.687546,0,0.072000,0.000000
MP_T_DudukBerdiri_1,movenet,69,2.293815,ok,1,direct,0.331777,8,right_elbow,1,1,2.000000,565.720000,265.520000,2.000000,529.194763,328.687317,72.967135,50.687546,0,0.072000,0.000337
MP_T_DudukBerdiri_1,movenet,69,2.293815,ok,1,direct,0.331777,9,left_wrist,1,1,2.000000,708.230000,339.260000,2.000000,802.153442,219.615585,152.106538,50.687546,0,0.062000,0.000000
MP_T_DudukBerdiri_1,movenet,69,2.293815,ok,1,direct,0.331777,10,right_wrist,1,1,2.000000,576.150000,347.030000,2.000000,554.959106,269.570038,80.306287,50.687546,0,0.062000,0.000002
MP_T_DudukBerdiri_1,movenet,69,2.293815,ok,1,direct,0.331777,11,left_hip,1,1,2.000000,663.710000,334.040000,2.000000,372.565948,490.616455,330.576837,50.687546,0,0.107000,0.000000
MP_T_DudukBerdiri_1,movenet,69,2.293815,ok,1,direct,0.331777,12,right_hip,1,1,2.000000,602.410000,335.470000,2.000000,384.938965,504.811340,275.626814,50.687546,0,0.107000,0.000000
MP_T_DudukBerdiri_1,movenet,69,2.293815,ok,1,direct,0.331777,13,left_knee,1,1,2.000000,671.370000,457.280000,2.000000,596.893921,484.179504,79.185035,50.687546,0,0.087000,0.001583
MP_T_DudukBerdiri_1,movenet,69,2.293815,ok,1,direct,0.331777,14,right_knee,1,1,2.000000,591.260000,458.490000,2.000000,589.956299,488.906952,30.444878,50.687546,1,0.087000,0.385477
MP_T_DudukBerdiri_1,movenet,69,2.293815,ok,1,direct,0.331777,15,left_ankle,1,1,2.000000,665.590000,602.820000,0.000000,522.726318,626.242188,,50.687546,0,0.089000,0.000000
MP_T_DudukBerdiri_1,movenet,69,2.293815,ok,1,direct,0.331777,16,right_ankle,1,1,2.000000,577.830000,614.510000,0.000000,535.140869,625.030762,,50.687546,0,0.089000,0.000000
MP_T_DudukBerdiri_1,movenet,70,2.327059,ok,1,direct,0.313814,0,nose,0,0,0.000000,0.000000,0.000000,0.000000,410.592987,209.489014,,,,0.026000,
MP_T_DudukBerdiri_1,movenet,70,2.327059,ok,1,direct,0.313814,1,left_eye,0,0,0.000000,0.000000,0.000000,0.000000,385.009918,197.502762,,,,0.025000,
MP_T_DudukBerdiri_1,movenet,70,2.327059,ok,1,direct,0.313814,2,right_eye,0,0,0.000000,0.000000,0.000000,2.000000,407.663605,197.833725,,,,0.025000,
MP_T_DudukBerdiri_1,movenet,70,2.327059,ok,1,direct,0.313814,3,left_ear,0,0,0.000000,0.000000,0.000000,2.000000,293.477112,207.354004,,,,0.035000,
MP_T_DudukBerdiri_1,movenet,70,2.327059,ok,1,direct,0.313814,4,right_ear,0,0,0.000000,0.000000,0.000000,2.000000,381.159790,208.880569,,,,0.035000,
MP_T_DudukBerdiri_1,movenet,70,2.327059,ok,1,direct,0.313814,5,left_shoulder,1,1,2.000000,685.060000,176.310000,2.000000,277.568787,283.704010,421.405461,50.687546,0,0.079000,0.000000
MP_T_DudukBerdiri_1,movenet,70,2.327059,ok,1,direct,0.313814,6,right_shoulder,1,1,2.000000,565.950000,163.800000,2.000000,377.853760,286.744995,224.712410,50.687546,0,0.079000,0.000000
MP_T_DudukBerdiri_1,movenet,70,2.327059,ok,1,direct,0.313814,7,left_elbow,1,1,2.000000,700.350000,265.600000,0.000000,426.877686,343.338684,,50.687546,0,0.072000,0.000000
MP_T_DudukBerdiri_1,movenet,70,2.327059,ok,1,direct,0.313814,8,right_elbow,1,1,2.000000,565.720000,265.520000,2.000000,514.141174,357.888641,105.793862,50.687546,0,0.072000,0.000000
MP_T_DudukBerdiri_1,movenet,70,2.327059,ok,1,direct,0.313814,9,left_wrist,1,1,2.000000,708.230000,339.260000,0.000000,559.190308,285.690887,,50.687546,0,0.062000,0.000000
MP_T_DudukBerdiri_1,movenet,70,2.327059,ok,1,direct,0.313814,10,right_wrist,1,1,2.000000,576.150000,347.030000,2.000000,545.772644,286.904877,67.363300,50.687546,0,0.062000,0.000102
MP_T_DudukBerdiri_1,movenet,70,2.327059,ok,1,direct,0.313814,11,left_hip,1,1,2.000000,663.710000,334.040000,2.000000,351.416595,496.776184,352.150871,50.687546,0,0.107000,0.000000
MP_T_DudukBerdiri_1,movenet,70,2.327059,ok,1,direct,0.313814,12,right_hip,1,1,2.000000,602.410000,335.470000,2.000000,393.196136,501.937683,267.361048,50.687546,0,0.107000,0.000000
MP_T_DudukBerdiri_1,movenet,70,2.327059,ok,1,direct,0.313814,13,left_knee,1,1,2.000000,671.370000,457.280000,2.000000,596.881348,483.862915,79.089890,50.687546,0,0.087000,0.001607
MP_T_DudukBerdiri_1,movenet,70,2.327059,ok,1,direct,0.313814,14,right_knee,1,1,2.000000,591.260000,458.490000,2.000000,583.174500,494.987213,37.382106,50.687546,1,0.087000,0.237593
MP_T_DudukBerdiri_1,movenet,70,2.327059,ok,1,direct,0.313814,15,left_ankle,1,1,2.000000,665.590000,602.820000,0.000000,521.208923,627.891968,,50.687546,0,0.089000,0.000000
MP_T_DudukBerdiri_1,movenet,70,2.327059,ok,1,direct,0.313814,16,right_ankle,1,1,2.000000,577.830000,614.510000,0.000000,531.218994,632.381042,,50.687546,0,0.089000,0.000000
MP_T_DudukBerdiri_1,movenet,71,2.360302,ok,1,direct,0.326414,0,nose,0,0,0.000000,0.000000,0.000000,0.000000,410.945801,206.882278,,,,0.026000,
MP_T_DudukBerdiri_1,movenet,71,2.360302,ok,1,direct,0.326414,1,left_eye,0,0,0.000000,0.000000,0.000000,0.000000,385.686890,195.820801,,,,0.025000,
MP_T_DudukBerdiri_1,movenet,71,2.360302,ok,1,direct,0.326414,2,right_eye,0,0,0.000000,0.000000,0.000000,0.000000,408.320648,195.444672,,,,0.025000,
MP_T_DudukBerdiri_1,movenet,71,2.360302,ok,1,direct,0.326414,3,left_ear,0,0,0.000000,0.000000,0.000000,2.000000,288.732239,206.256653,,,,0.035000,
MP_T_DudukBerdiri_1,movenet,71,2.360302,ok,1,direct,0.326414,4,right_ear,0,0,0.000000,0.000000,0.000000,2.000000,385.239807,204.247406,,,,0.035000,
MP_T_DudukBerdiri_1,movenet,71,2.360302,ok,1,direct,0.326414,5,left_shoulder,1,1,2.000000,685.060000,176.310000,2.000000,274.178589,282.694580,424.430457,50.687546,0,0.079000,0.000000
MP_T_DudukBerdiri_1,movenet,71,2.360302,ok,1,direct,0.326414,6,right_shoulder,1,1,2.000000,565.950000,163.800000,2.000000,381.974915,288.919342,222.489734,50.687546,0,0.079000,0.000000
MP_T_DudukBerdiri_1,movenet,71,2.360302,ok,1,direct,0.326414,7,left_elbow,1,1,2.000000,700.350000,265.600000,2.000000,475.107697,380.571503,252.888398,50.687546,0,0.072000,0.000000
MP_T_DudukBerdiri_1,movenet,71,2.360302,ok,1,direct,0.326414,8,right_elbow,1,1,2.000000,565.720000,265.520000,2.000000,490.362305,384.782074,141.075244,50.687546,0,0.072000,0.000000
MP_T_DudukBerdiri_1,movenet,71,2.360302,ok,1,direct,0.326414,9,left_wrist,1,1,2.000000,708.230000,339.260000,0.000000,556.823914,303.672424,,50.687546,0,0.062000,0.000000
MP_T_DudukBerdiri_1,movenet,71,2.360302,ok,1,direct,0.326414,10,right_wrist,1,1,2.000000,576.150000,347.030000,2.000000,541.359131,313.801208,48.109845,50.687546,1,0.062000,0.009213
MP_T_DudukBerdiri_1,movenet,71,2.360302,ok,1,direct,0.326414,11,left_hip,1,1,2.000000,663.710000,334.040000,2.000000,344.580444,505.289307,362.173989,50.687546,0,0.107000,0.000000
MP_T_DudukBerdiri_1,movenet,71,2.360302,ok,1,direct,0.326414,12,right_hip,1,1,2.000000,602.410000,335.470000,2.000000,396.560547,506.149567,267.405145,50.687546,0,0.107000,0.000000
MP_T_DudukBerdiri_1,movenet,71,2.360302,ok,1,direct,0.326414,13,left_knee,1,1,2.000000,671.370000,457.280000,0.000000,589.367615,486.119110,,50.687546,0,0.087000,0.000000
MP_T_DudukBerdiri_1,movenet,71,2.360302,ok,1,direct,0.326414,14,right_knee,1,1,2.000000,591.260000,458.490000,2.000000,584.970581,495.086304,37.132819,50.687546,1,0.087000,0.242175
MP_T_DudukBerdiri_1,movenet,71,2.360302,ok,1,direct,0.326414,15,left_ankle,1,1,2.000000,665.590000,602.820000,0.000000,518.485596,623.440918,,50.687546,0,0.089000,0.000000
MP_T_DudukBerdiri_1,movenet,71,2.360302,ok,1,direct,0.326414,16,right_ankle,1,1,2.000000,577.830000,614.510000,0.000000,524.966553,638.236511,,50.687546,0,0.089000,0.000000
MP_T_DudukBerdiri_1,movenet,72,2.393546,ok,1,direct,0.310036,0,nose,0,0,0.000000,0.000000,0.000000,0.000000,412.970947,209.019867,,,,0.026000,
MP_T_DudukBerdiri_1,movenet,72,2.393546,ok,1,direct,0.310036,1,left_eye,0,0,0.000000,0.000000,0.000000,0.000000,387.646210,198.838379,,,,0.025000,
MP_T_DudukBerdiri_1,movenet,72,2.393546,ok,1,direct,0.310036,2,right_eye,0,0,0.000000,0.000000,0.000000,0.000000,409.527435,198.272339,,,,0.025000,
MP_T_DudukBerdiri_1,movenet,72,2.393546,ok,1,direct,0.310036,3,left_ear,0,0,0.000000,0.000000,0.000000,2.000000,297.435333,209.205322,,,,0.035000,
MP_T_DudukBerdiri_1,movenet,72,2.393546,ok,1,direct,0.310036,4,right_ear,0,0,0.000000,0.000000,0.000000,2.000000,385.870667,207.373489,,,,0.035000,
MP_T_DudukBerdiri_1,movenet,72,2.393546,ok,1,direct,0.310036,5,left_shoulder,1,1,2.000000,685.060000,176.310000,2.000000,273.016327,287.087677,426.675148,50.687546,0,0.079000,0.000000
MP_T_DudukBerdiri_1,movenet,72,2.393546,ok,1,direct,0.310036,6,right_shoulder,1,1,2.000000,565.950000,163.800000,2.000000,379.116058,290.810211,225.917054,50.687546,0,0.079000,0.000000
MP_T_DudukBerdiri_1,movenet,72,2.393546,ok,1,direct,0.310036,7,left_elbow,1,1,2.000000,700.350000,265.600000,0.000000,413.191223,371.011169,,50.687546,0,0.072000,0.000000
MP_T_DudukBerdiri_1,movenet,72,2.393546,ok,1,direct,0.310036,8,right_elbow,1,1,2.000000,565.720000,265.520000,2.000000,475.921173,400.883606,162.441174,50.687546,0,0.072000,0.000000
MP_T_DudukBerdiri_1,movenet,72,2.393546,ok,1,direct,0.310036,9,left_wrist,1,1,2.000000,708.230000,339.260000,0.000000,559.293884,314.014160,,50.687546,0,0.062000,0.000000
MP_T_DudukBerdiri_1,movenet,72,2.393546,ok,1,direct,0.310036,10,right_wrist,1,1,2.000000,576.150000,347.030000,2.000000,548.294373,348.588165,27.899173,50.687546,1,0.062000,0.206748
MP_T_DudukBerdiri_1,movenet,72,2.393546,ok,1,direct,0.310036,11,left_hip,1,1,2.000000,663.710000,334.040000,2.000000,341.829468,505.005402,364.467071,50.687546,0,0.107000,0.000000
MP_T_DudukBerdiri_1,movenet,72,2.393546,ok,1,direct,0.310036,12,right_hip,1,1,2.000000,602.410000,335.470000,2.000000,402.349304,504.842285,262.128314,50.687546,0,0.107000,0.000000
MP_T_DudukBerdiri_1,movenet,72,2.393546,ok,1,direct,0.310036,13,left_knee,1,1,2.000000,671.370000,457.280000,0.000000,583.779053,490.939270,,50.687546,0,0.087000,0.000000
MP_T_DudukBerdiri_1,movenet,72,2.393546,ok,1,direct,0.310036,14,right_knee,1,1,2.000000,591.260000,458.490000,2.000000,587.050415,492.826172,34.593255,50.687546,1,0.087000,0.292072
MP_T_DudukBerdiri_1,movenet,72,2.393546,ok,1,direct,0.310036,15,left_ankle,1,1,2.000000,665.590000,602.820000,2.000000,517.673889,633.729126,151.111052,50.687546,0,0.089000,0.000000
MP_T_DudukBerdiri_1,movenet,72,2.393546,ok,1,direct,0.310036,16,right_ankle,1,1,2.000000,577.830000,614.510000,2.000000,500.082092,659.866333,90.010744,50.687546,0,0.089000,0.000348
MP_T_DudukBerdiri_1,movenet,73,2.426790,ok,1,direct,0.307352,0,nose,0,0,0.000000,0.000000,0.000000,0.000000,408.323425,212.151749,,,,0.026000,
MP_T_DudukBerdiri_1,movenet,73,2.426790,ok,1,direct,0.307352,1,left_eye,0,0,0.000000,0.000000,0.000000,0.000000,385.259216,199.469666,,,,0.025000,
MP_T_DudukBerdiri_1,movenet,73,2.426790,ok,1,direct,0.307352,2,right_eye,0,0,0.000000,0.000000,0.000000,2.000000,406.792053,199.734940,,,,0.025000,
MP_T_DudukBerdiri_1,movenet,73,2.426790,ok,1,direct,0.307352,3,left_ear,0,0,0.000000,0.000000,0.000000,2.000000,291.230377,212.883133,,,,0.035000,
MP_T_DudukBerdiri_1,movenet,73,2.426790,ok,1,direct,0.307352,4,right_ear,0,0,0.000000,0.000000,0.000000,2.000000,380.556000,214.036713,,,,0.035000,
MP_T_DudukBerdiri_1,movenet,73,2.426790,ok,1,direct,0.307352,5,left_shoulder,1,1,2.000000,685.060000,176.310000,2.000000,267.022766,288.346680,432.790188,50.687546,0,0.079000,0.000000
MP_T_DudukBerdiri_1,movenet,73,2.426790,ok,1,direct,0.307352,6,right_shoulder,1,1,2.000000,565.950000,163.800000,2.000000,375.851379,295.870056,231.473509,50.687546,0,0.079000,0.000000
MP_T_DudukBerdiri_1,movenet,73,2.426790,ok,1,direct,0.307352,7,left_elbow,1,1,2.000000,700.350000,265.600000,0.000000,408.359375,382.760956,,50.687546,0,0.072000,0.000000
MP_T_DudukBerdiri_1,movenet,73,2.426790,ok,1,direct,0.307352,8,right_elbow,1,1,2.000000,565.720000,265.520000,2.000000,471.620667,416.699921,178.073167,50.687546,0,0.072000,0.000000
MP_T_DudukBerdiri_1,movenet,73,2.426790,ok,1,direct,0.307352,9,left_wrist,1,1,2.000000,708.230000,339.260000,0.000000,561.905212,349.029724,,50.687546,0,0.062000,0.000000
MP_T_DudukBerdiri_1,movenet,73,2.426790,ok,1,direct,0.307352,10,right_wrist,1,1,2.000000,576.150000,347.030000,2.000000,543.658569,376.384766,43.788073,50.687546,1,0.062000,0.020591
MP_T_DudukBerdiri_1,movenet,73,2.426790,ok,1,direct,0.307352,11,left_hip,1,1,2.000000,663.710000,334.040000,2.000000,335.860962,500.533447,367.702407,50.687546,0,0.107000,0.000000
MP_T_DudukBerdiri_1,movenet,73,2.426790,ok,1,direct,0.307352,12,right_hip,1,1,2.000000,602.410000,335.470000,2.000000,391.825989,505.136658,270.430029,50.687546,0,0.107000,0.000000
MP_T_DudukBerdiri_1,movenet,73,2.426790,ok,1,direct,0.307352,13,left_knee,1,1,2.000000,671.370000,457.280000,2.000000,586.928162,485.025696,88.883338,50.687546,0,0.087000,0.000296
MP_T_DudukBerdiri_1,movenet,73,2.426790,ok,1,direct,0.307352,14,right_knee,1,1,2.000000,591.260000,458.490000,2.000000,586.143555,495.093628,36.959486,50.687546,1,0.087000,0.245395
MP_T_DudukBerdiri_1,movenet,73,2.426790,ok,1,direct,0.307352,15,left_ankle,1,1,2.000000,665.590000,602.820000,2.000000,510.189484,633.275513,158.356745,50.687546,0,0.089000,0.000000
MP_T_DudukBerdiri_1,movenet,73,2.426790,ok,1,direct,0.307352,16,right_ankle,1,1,2.000000,577.830000,614.510000,2.000000,500.243042,660.968506,90.433007,50.687546,0,0.089000,0.000323
MP_T_DudukBerdiri_1,movenet,74,2.460033,ok,1,direct,0.445115,0,nose,0,0,0.000000,0.000000,0.000000,2.000000,631.267517,80.154144,,,,0.026000,
MP_T_DudukBerdiri_1,movenet,74,2.460033,ok,1,direct,0.445115,1,left_eye,0,0,0.000000,0.000000,0.000000,2.000000,644.773865,71.672905,,,,0.025000,
MP_T_DudukBerdiri_1,movenet,74,2.460033,ok,1,direct,0.445115,2,right_eye,0,0,0.000000,0.000000,0.000000,2.000000,611.023560,72.781868,,,,0.025000,
MP_T_DudukBerdiri_1,movenet,74,2.460033,ok,1,direct,0.445115,3,left_ear,0,0,0.000000,0.000000,0.000000,2.000000,660.361572,80.676247,,,,0.035000,
MP_T_DudukBerdiri_1,movenet,74,2.460033,ok,1,direct,0.445115,4,right_ear,0,0,0.000000,0.000000,0.000000,2.000000,586.185120,83.864014,,,,0.035000,
MP_T_DudukBerdiri_1,movenet,74,2.460033,ok,1,direct,0.445115,5,left_shoulder,1,1,2.000000,685.060000,176.310000,2.000000,657.691162,156.956970,33.520040,50.687546,1,0.079000,0.246236
MP_T_DudukBerdiri_1,movenet,74,2.460033,ok,1,direct,0.445115,6,right_shoulder,1,1,2.000000,565.950000,163.800000,2.000000,576.824097,162.499802,10.951552,50.687546,1,0.079000,0.861054
MP_T_DudukBerdiri_1,movenet,74,2.460033,ok,1,direct,0.445115,7,left_elbow,1,1,2.000000,700.350000,265.600000,2.000000,682.313965,253.652725,21.634138,50.687546,1,0.072000,0.495189
MP_T_DudukBerdiri_1,movenet,74,2.460033,ok,1,direct,0.445115,8,right_elbow,1,1,2.000000,565.720000,265.520000,2.000000,579.908630,258.028107,16.045114,50.687546,1,0.072000,0.679371
MP_T_DudukBerdiri_1,movenet,74,2.460033,ok,1,direct,0.445115,9,left_wrist,1,1,2.000000,708.230000,339.260000,2.000000,801.083008,218.500168,152.330621,50.687546,0,0.062000,0.000000
MP_T_DudukBerdiri_1,movenet,74,2.460033,ok,1,direct,0.445115,10,right_wrist,1,1,2.000000,576.150000,347.030000,2.000000,567.260681,337.787140,12.823824,50.687546,1,0.062000,0.716751
MP_T_DudukBerdiri_1,movenet,74,2.460033,ok,1,direct,0.445115,11,left_hip,1,1,2.000000,663.710000,334.040000,2.000000,650.825256,319.650360,19.315236,50.687546,1,0.107000,0.775952
MP_T_DudukBerdiri_1,movenet,74,2.460033,ok,1,direct,0.445115,12,right_hip,1,1,2.000000,602.410000,335.470000,2.000000,604.441895,319.729156,15.871444,50.687546,1,0.107000,0.842590
MP_T_DudukBerdiri_1,movenet,74,2.460033,ok,1,direct,0.445115,13,left_knee,1,1,2.000000,671.370000,457.280000,2.000000,659.675415,448.419647,14.672054,50.687546,1,0.087000,0.801399
MP_T_DudukBerdiri_1,movenet,74,2.460033,ok,1,direct,0.445115,14,right_knee,1,1,2.000000,591.260000,458.490000,2.000000,621.914124,449.083313,32.064950,50.687546,1,0.087000,0.347349
MP_T_DudukBerdiri_1,movenet,74,2.460033,ok,1,direct,0.445115,15,left_ankle,1,1,2.000000,665.590000,602.820000,0.000000,680.559448,549.330811,,50.687546,0,0.089000,0.000000
MP_T_DudukBerdiri_1,movenet,74,2.460033,ok,1,direct,0.445115,16,right_ankle,1,1,2.000000,577.830000,614.510000,0.000000,582.768005,506.850952,,50.687546,0,0.089000,0.000000
MP_T_DudukBerdiri_1,movenet,75,2.493277,ok,1,direct,0.470231,0,nose,0,0,0.000000,0.000000,0.000000,2.000000,631.613098,80.148849,,,,0.026000,
MP_T_DudukBerdiri_1,movenet,75,2.493277,ok,1,direct,0.470231,1,left_eye,0,0,0.000000,0.000000,0.000000,2.000000,645.259949,71.795540,,,,0.025000,
MP_T_DudukBerdiri_1,movenet,75,2.493277,ok,1,direct,0.470231,2,right_eye,0,0,0.000000,0.000000,0.000000,2.000000,611.611206,72.789474,,,,0.025000,
MP_T_DudukBerdiri_1,movenet,75,2.493277,ok,1,direct,0.470231,3,left_ear,0,0,0.000000,0.000000,0.000000,2.000000,661.500610,80.704712,,,,0.035000,
MP_T_DudukBerdiri_1,movenet,75,2.493277,ok,1,direct,0.470231,4,right_ear,0,0,0.000000,0.000000,0.000000,2.000000,586.772461,84.103714,,,,0.035000,
MP_T_DudukBerdiri_1,movenet,75,2.493277,ok,1,direct,0.470231,5,left_shoulder,1,1,2.000000,685.060000,176.310000,2.000000,660.129456,157.053787,31.501330,50.687546,1,0.079000,0.290038
MP_T_DudukBerdiri_1,movenet,75,2.493277,ok,1,direct,0.470231,6,right_shoulder,1,1,2.000000,565.950000,163.800000,2.000000,576.397339,161.577591,10.681104,50.687546,1,0.079000,0.867361
MP_T_DudukBerdiri_1,movenet,75,2.493277,ok,1,direct,0.470231,7,left_elbow,1,1,2.000000,700.350000,265.600000,2.000000,682.260681,254.000458,21.488900,50.687546,1,0.072000,0.499868
MP_T_DudukBerdiri_1,movenet,75,2.493277,ok,1,direct,0.470231,8,right_elbow,1,1,2.000000,565.720000,265.520000,2.000000,575.179504,256.653625,12.965139,50.687546,1,0.072000,0.776922
MP_T_DudukBerdiri_1,movenet,75,2.493277,ok,1,direct,0.470231,9,left_wrist,1,1,2.000000,708.230000,339.260000,2.000000,800.672913,218.911194,151.754826,50.687546,0,0.062000,0.000000
MP_T_DudukBerdiri_1,movenet,75,2.493277,ok,1,direct,0.470231,10,right_wrist,1,1,2.000000,576.150000,347.030000,2.000000,564.795471,335.155670,16.429395,50.687546,1,0.062000,0.578902
MP_T_DudukBerdiri_1,movenet,75,2.493277,ok,1,direct,0.470231,11,left_hip,1,1,2.000000,663.710000,334.040000,2.000000,656.179443,320.852386,15.186258,50.687546,1,0.107000,0.854870
MP_T_DudukBerdiri_1,movenet,75,2.493277,ok,1,direct,0.470231,12,right_hip,1,1,2.000000,602.410000,335.470000,2.000000,606.213928,322.641022,13.381052,50.687546,1,0.107000,0.885377
MP_T_DudukBerdiri_1,movenet,75,2.493277,ok,1,direct,0.470231,13,left_knee,1,1,2.000000,671.370000,457.280000,2.000000,661.226196,449.118988,13.019173,50.687546,1,0.087000,0.840025
MP_T_DudukBerdiri_1,movenet,75,2.493277,ok,1,direct,0.470231,14,right_knee,1,1,2.000000,591.260000,458.490000,2.000000,615.912292,450.413696,25.941515,50.687546,1,0.087000,0.500515
MP_T_DudukBerdiri_1,movenet,75,2.493277,ok,1,direct,0.470231,15,left_ankle,1,1,2.000000,665.590000,602.820000,0.000000,694.793579,537.254456,,50.687546,0,0.089000,0.000000
MP_T_DudukBerdiri_1,movenet,75,2.493277,ok,1,direct,0.470231,16,right_ankle,1,1,2.000000,577.830000,614.510000,0.000000,581.747131,502.308533,,50.687546,0,0.089000,0.000000
MP_T_DudukBerdiri_1,movenet,76,2.526521,ok,1,direct,0.464975,0,nose,0,0,0.000000,0.000000,0.000000,2.000000,631.392944,79.971313,,,,0.026000,
MP_T_DudukBerdiri_1,movenet,76,2.526521,ok,1,direct,0.464975,1,left_eye,0,0,0.000000,0.000000,0.000000,2.000000,645.007690,71.685722,,,,0.025000,
MP_T_DudukBerdiri_1,movenet,76,2.526521,ok,1,direct,0.464975,2,right_eye,0,0,0.000000,0.000000,0.000000,2.000000,611.428894,72.668289,,,,0.025000,
MP_T_DudukBerdiri_1,movenet,76,2.526521,ok,1,direct,0.464975,3,left_ear,0,0,0.000000,0.000000,0.000000,2.000000,661.830933,80.605888,,,,0.035000,
MP_T_DudukBerdiri_1,movenet,76,2.526521,ok,1,direct,0.464975,4,right_ear,0,0,0.000000,0.000000,0.000000,2.000000,586.822327,83.788727,,,,0.035000,
MP_T_DudukBerdiri_1,movenet,76,2.526521,ok,1,direct,0.464975,5,left_shoulder,1,1,2.000000,685.060000,176.310000,2.000000,659.910583,156.383362,32.086821,50.687546,1,0.079000,0.276877
MP_T_DudukBerdiri_1,movenet,76,2.526521,ok,1,direct,0.464975,6,right_shoulder,1,1,2.000000,565.950000,163.800000,2.000000,576.354309,161.777756,10.599015,50.687546,1,0.079000,0.869253
MP_T_DudukBerdiri_1,movenet,76,2.526521,ok,1,direct,0.464975,7,left_elbow,1,1,2.000000,700.350000,265.600000,2.000000,682.198486,253.757812,21.672906,50.687546,1,0.072000,0.493942
MP_T_DudukBerdiri_1,movenet,76,2.526521,ok,1,direct,0.464975,8,right_elbow,1,1,2.000000,565.720000,265.520000,2.000000,584.757019,257.618744,20.611597,50.687546,1,0.072000,0.528375
MP_T_DudukBerdiri_1,movenet,76,2.526521,ok,1,direct,0.464975,9,left_wrist,1,1,2.000000,708.230000,339.260000,2.000000,799.016724,218.778152,150.857896,50.687546,0,0.062000,0.000000
MP_T_DudukBerdiri_1,movenet,76,2.526521,ok,1,direct,0.464975,10,right_wrist,1,1,2.000000,576.150000,347.030000,2.000000,567.433411,336.776520,13.457815,50.687546,1,0.062000,0.692969
MP_T_DudukBerdiri_1,movenet,76,2.526521,ok,1,direct,0.464975,11,left_hip,1,1,2.000000,663.710000,334.040000,2.000000,657.793823,321.749390,13.640390,50.687546,1,0.107000,0.881168
MP_T_DudukBerdiri_1,movenet,76,2.526521,ok,1,direct,0.464975,12,right_hip,1,1,2.000000,602.410000,335.470000,2.000000,600.846741,323.959381,11.616287,50.687546,1,0.107000,0.912335
MP_T_DudukBerdiri_1,movenet,76,2.526521,ok,1,direct,0.464975,13,left_knee,1,1,2.000000,671.370000,457.280000,2.000000,666.978699,449.924500,8.566616,50.687546,1,0.087000,0.927302
MP_T_DudukBerdiri_1,movenet,76,2.526521,ok,1,direct,0.464975,14,right_knee,1,1,2.000000,591.260000,458.490000,2.000000,607.276855,450.727814,17.798629,50.687546,1,0.087000,0.721944
MP_T_DudukBerdiri_1,movenet,76,2.526521,ok,1,direct,0.464975,15,left_ankle,1,1,2.000000,665.590000,602.820000,0.000000,683.512939,540.763184,,50.687546,0,0.089000,0.000000
MP_T_DudukBerdiri_1,movenet,76,2.526521,ok,1,direct,0.464975,16,right_ankle,1,1,2.000000,577.830000,614.510000,0.000000,579.451843,503.163025,,50.687546,0,0.089000,0.000000
MP_T_DudukBerdiri_1,movenet,77,2.559764,ok,1,direct,0.460762,0,nose,0,0,0.000000,0.000000,0.000000,2.000000,631.513977,80.075836,,,,0.026000,
MP_T_DudukBerdiri_1,movenet,77,2.559764,ok,1,direct,0.460762,1,left_eye,0,0,0.000000,0.000000,0.000000,2.000000,645.153259,71.762184,,,,0.025000,
MP_T_DudukBerdiri_1,movenet,77,2.559764,ok,1,direct,0.460762,2,right_eye,0,0,0.000000,0.000000,0.000000,2.000000,611.392456,72.765686,,,,0.025000,
MP_T_DudukBerdiri_1,movenet,77,2.559764,ok,1,direct,0.460762,3,left_ear,0,0,0.000000,0.000000,0.000000,2.000000,661.402527,80.723930,,,,0.035000,
MP_T_DudukBerdiri_1,movenet,77,2.559764,ok,1,direct,0.460762,4,right_ear,0,0,0.000000,0.000000,0.000000,2.000000,586.501343,83.988731,,,,0.035000,
MP_T_DudukBerdiri_1,movenet,77,2.559764,ok,1,direct,0.460762,5,left_shoulder,1,1,2.000000,685.060000,176.310000,2.000000,659.400574,156.374023,32.493835,50.687546,1,0.079000,0.267946
MP_T_DudukBerdiri_1,movenet,77,2.559764,ok,1,direct,0.460762,6,right_shoulder,1,1,2.000000,565.950000,163.800000,2.000000,575.830444,161.537170,10.136251,50.687546,1,0.079000,0.879719
MP_T_DudukBerdiri_1,movenet,77,2.559764,ok,1,direct,0.460762,7,left_elbow,1,1,2.000000,700.350000,265.600000,2.000000,682.699524,253.844727,21.206739,50.687546,1,0.072000,0.508993
MP_T_DudukBerdiri_1,movenet,77,2.559764,ok,1,direct,0.460762,8,right_elbow,1,1,2.000000,565.720000,265.520000,2.000000,586.236572,257.170044,22.150655,50.687546,1,0.072000,0.478654
MP_T_DudukBerdiri_1,movenet,77,2.559764,ok,1,direct,0.460762,9,left_wrist,1,1,2.000000,708.230000,339.260000,2.000000,798.081360,219.690384,149.566574,50.687546,0,0.062000,0.000000
MP_T_DudukBerdiri_1,movenet,77,2.559764,ok,1,direct,0.460762,10,right_wrist,1,1,2.000000,576.150000,347.030000,2.000000,567.951416,336.197449,13.585321,50.687546,1,0.062000,0.688147
MP_T_DudukBerdiri_1,movenet,77,2.559764,ok,1,direct,0.460762,11,left_hip,1,1,2.000000,663.710000,334.040000,2.000000,657.517212,321.397003,14.078210,50.687546,1,0.107000,0.873927
MP_T_DudukBerdiri_1,movenet,77,2.559764,ok,1,direct,0.460762,12,right_hip,1,1,2.000000,602.410000,335.470000,2.000000,603.215820,323.439636,12.057321,50.687546,1,0.107000,0.905882
MP_T_DudukBerdiri_1,movenet,77,2.559764,ok,1,direct,0.460762,13,left_knee,1,1,2.000000,671.370000,457.280000,2.000000,666.419983,450.771027,8.177371,50.687546,1,0.087000,0.933539
MP_T_DudukBerdiri_1,movenet,77,2.559764,ok,1,direct,0.460762,14,right_knee,1,1,2.000000,591.260000,458.490000,2.000000,615.185608,453.048950,24.536498,50.687546,1,0.087000,0.538388
MP_T_DudukBerdiri_1,movenet,77,2.559764,ok,1,direct,0.460762,15,left_ankle,1,1,2.000000,665.590000,602.820000,0.000000,689.256470,543.337585,,50.687546,0,0.089000,0.000000
MP_T_DudukBerdiri_1,movenet,77,2.559764,ok,1,direct,0.460762,16,right_ankle,1,1,2.000000,577.830000,614.510000,0.000000,577.209778,505.297668,,50.687546,0,0.089000,0.000000
MP_T_DudukBerdiri_1,movenet,78,2.593008,ok,1,direct,0.460706,0,nose,0,0,0.000000,0.000000,0.000000,2.000000,631.368042,79.982368,,,,0.026000,
MP_T_DudukBerdiri_1,movenet,78,2.593008,ok,1,direct,0.460706,1,left_eye,0,0,0.000000,0.000000,0.000000,2.000000,644.784058,71.673401,,,,0.025000,
MP_T_DudukBerdiri_1,movenet,78,2.593008,ok,1,direct,0.460706,2,right_eye,0,0,0.000000,0.000000,0.000000,2.000000,611.343750,72.740845,,,,0.025000,
MP_T_DudukBerdiri_1,movenet,78,2.593008,ok,1,direct,0.460706,3,left_ear,0,0,0.000000,0.000000,0.000000,2.000000,660.968689,80.655960,,,,0.035000,
MP_T_DudukBerdiri_1,movenet,78,2.593008,ok,1,direct,0.460706,4,right_ear,0,0,0.000000,0.000000,0.000000,2.000000,586.755554,83.900284,,,,0.035000,
MP_T_DudukBerdiri_1,movenet,78,2.593008,ok,1,direct,0.460706,5,left_shoulder,1,1,2.000000,685.060000,176.310000,2.000000,658.134705,156.221375,33.593517,50.687546,1,0.079000,0.244726
MP_T_DudukBerdiri_1,movenet,78,2.593008,ok,1,direct,0.460706,6,right_shoulder,1,1,2.000000,565.950000,163.800000,2.000000,577.644348,161.175385,11.985257,50.687546,1,0.079000,0.835963
MP_T_DudukBerdiri_1,movenet,78,2.593008,ok,1,direct,0.460706,7,left_elbow,1,1,2.000000,700.350000,265.600000,2.000000,682.117554,253.573486,21.841683,50.687546,1,0.072000,0.488525
MP_T_DudukBerdiri_1,movenet,78,2.593008,ok,1,direct,0.460706,8,right_elbow,1,1,2.000000,565.720000,265.520000,2.000000,586.415588,257.730408,22.113008,50.687546,1,0.072000,0.479854
MP_T_DudukBerdiri_1,movenet,78,2.593008,ok,1,direct,0.460706,9,left_wrist,1,1,2.000000,708.230000,339.260000,2.000000,799.401123,219.754135,150.312426,50.687546,0,0.062000,0.000000
MP_T_DudukBerdiri_1,movenet,78,2.593008,ok,1,direct,0.460706,10,right_wrist,1,1,2.000000,576.150000,347.030000,2.000000,567.769531,341.704895,9.929199,50.687546,1,0.062000,0.819016
MP_T_DudukBerdiri_1,movenet,78,2.593008,ok,1,direct,0.460706,11,left_hip,1,1,2.000000,663.710000,334.040000,2.000000,657.502930,319.526672,15.784942,50.687546,1,0.107000,0.844160
MP_T_DudukBerdiri_1,movenet,78,2.593008,ok,1,direct,0.460706,12,right_hip,1,1,2.000000,602.410000,335.470000,2.000000,604.251648,322.367676,13.231121,50.687546,1,0.107000,0.887782
MP_T_DudukBerdiri_1,movenet,78,2.593008,ok,1,direct,0.460706,13,left_knee,1,1,2.000000,671.370000,457.280000,2.000000,661.186646,451.272949,11.823086,50.687546,1,0.087000,0.866092
MP_T_DudukBerdiri_1,movenet,78,2.593008,ok,1,direct,0.460706,14,right_knee,1,1,2.000000,591.260000,458.490000,2.000000,616.510498,454.114044,25.626873,50.687546,1,0.087000,0.508938
MP_T_DudukBerdiri_1,movenet,78,2.593008,ok,1,direct,0.460706,15,left_ankle,1,1,2.000000,665.590000,602.820000,0.000000,688.607178,544.264648,,50.687546,0,0.089000,0.000000
MP_T_DudukBerdiri_1,movenet,78,2.593008,ok,1,direct,0.460706,16,right_ankle,1,1,2.000000,577.830000,614.510000,0.000000,578.262756,503.771027,,50.687546,0,0.089000,0.000000
MP_T_DudukBerdiri_1,movenet,79,2.626252,ok,1,direct,0.282105,0,nose,0,0,0.000000,0.000000,0.000000,0.000000,419.722626,217.546478,,,,0.026000,
MP_T_DudukBerdiri_1,movenet,79,2.626252,ok,1,direct,0.282105,1,left_eye,0,0,0.000000,0.000000,0.000000,0.000000,396.214325,206.042313,,,,0.025000,
MP_T_DudukBerdiri_1,movenet,79,2.626252,ok,1,direct,0.282105,2,right_eye,0,0,0.000000,0.000000,0.000000,2.000000,419.996094,207.147339,,,,0.025000,
MP_T_DudukBerdiri_1,movenet,79,2.626252,ok,1,direct,0.282105,3,left_ear,0,0,0.000000,0.000000,0.000000,2.000000,310.841187,212.431793,,,,0.035000,
MP_T_DudukBerdiri_1,movenet,79,2.626252,ok,1,direct,0.282105,4,right_ear,0,0,0.000000,0.000000,0.000000,2.000000,401.630096,214.753815,,,,0.035000,
MP_T_DudukBerdiri_1,movenet,79,2.626252,ok,1,direct,0.282105,5,left_shoulder,1,1,2.000000,685.060000,176.310000,2.000000,273.508484,282.811615,425.108509,50.687546,0,0.079000,0.000000
MP_T_DudukBerdiri_1,movenet,79,2.626252,ok,1,direct,0.282105,6,right_shoulder,1,1,2.000000,565.950000,163.800000,2.000000,362.519196,297.906830,243.657001,50.687546,0,0.079000,0.000000
MP_T_DudukBerdiri_1,movenet,79,2.626252,ok,1,direct,0.282105,7,left_elbow,1,1,2.000000,700.350000,265.600000,0.000000,377.276184,397.104248,,50.687546,0,0.072000,0.000000
MP_T_DudukBerdiri_1,movenet,79,2.626252,ok,1,direct,0.282105,8,right_elbow,1,1,2.000000,565.720000,265.520000,2.000000,423.700012,425.198822,213.698393,50.687546,0,0.072000,0.000000
MP_T_DudukBerdiri_1,movenet,79,2.626252,ok,1,direct,0.282105,9,left_wrist,1,1,2.000000,708.230000,339.260000,2.000000,798.706116,219.932541,149.749691,50.687546,0,0.062000,0.000000
MP_T_DudukBerdiri_1,movenet,79,2.626252,ok,1,direct,0.282105,10,right_wrist,1,1,2.000000,576.150000,347.030000,2.000000,513.568115,456.337036,125.954438,50.687546,0,0.062000,0.000000
MP_T_DudukBerdiri_1,movenet,79,2.626252,ok,1,direct,0.282105,11,left_hip,1,1,2.000000,663.710000,334.040000,2.000000,337.155273,502.251068,367.332211,50.687546,0,0.107000,0.000000
MP_T_DudukBerdiri_1,movenet,79,2.626252,ok,1,direct,0.282105,12,right_hip,1,1,2.000000,602.410000,335.470000,2.000000,381.238098,504.711700,278.495536,50.687546,0,0.107000,0.000000
MP_T_DudukBerdiri_1,movenet,79,2.626252,ok,1,direct,0.282105,13,left_knee,1,1,2.000000,671.370000,457.280000,2.000000,656.716614,453.020599,15.259889,50.687546,1,0.087000,0.787027
MP_T_DudukBerdiri_1,movenet,79,2.626252,ok,1,direct,0.282105,14,right_knee,1,1,2.000000,591.260000,458.490000,0.000000,575.915039,489.611603,,50.687546,0,0.087000,0.000000
MP_T_DudukBerdiri_1,movenet,79,2.626252,ok,1,direct,0.282105,15,left_ankle,1,1,2.000000,665.590000,602.820000,0.000000,514.231323,628.573364,,50.687546,0,0.089000,0.000000
MP_T_DudukBerdiri_1,movenet,79,2.626252,ok,1,direct,0.282105,16,right_ankle,1,1,2.000000,577.830000,614.510000,2.000000,509.164124,637.674683,72.467959,50.687546,0,0.089000,0.005736
MP_T_DudukBerdiri_1,movenet,80,2.659495,ok,1,direct,0.270657,0,nose,0,0,0.000000,0.000000,0.000000,0.000000,418.214966,217.503937,,,,0.026000,
MP_T_DudukBerdiri_1,movenet,80,2.659495,ok,1,direct,0.270657,1,left_eye,0,0,0.000000,0.000000,0.000000,0.000000,395.353699,206.498932,,,,0.025000,
MP_T_DudukBerdiri_1,movenet,80,2.659495,ok,1,direct,0.270657,2,right_eye,0,0,0.000000,0.000000,0.000000,2.000000,418.416748,207.622208,,,,0.025000,
MP_T_DudukBerdiri_1,movenet,80,2.659495,ok,1,direct,0.270657,3,left_ear,0,0,0.000000,0.000000,0.000000,2.000000,308.858917,212.564377,,,,0.035000,
MP_T_DudukBerdiri_1,movenet,80,2.659495,ok,1,direct,0.270657,4,right_ear,0,0,0.000000,0.000000,0.000000,2.000000,401.395630,214.847778,,,,0.035000,
MP_T_DudukBerdiri_1,movenet,80,2.659495,ok,1,direct,0.270657,5,left_shoulder,1,1,2.000000,685.060000,176.310000,2.000000,274.205383,282.630035,424.388343,50.687546,0,0.079000,0.000000
MP_T_DudukBerdiri_1,movenet,80,2.659495,ok,1,direct,0.270657,6,right_shoulder,1,1,2.000000,565.950000,163.800000,2.000000,363.700073,297.859253,242.645660,50.687546,0,0.079000,0.000000
MP_T_DudukBerdiri_1,movenet,80,2.659495,ok,1,direct,0.270657,7,left_elbow,1,1,2.000000,700.350000,265.600000,0.000000,384.507141,391.835175,,50.687546,0,0.072000,0.000000
MP_T_DudukBerdiri_1,movenet,80,2.659495,ok,1,direct,0.270657,8,right_elbow,1,1,2.000000,565.720000,265.520000,2.000000,425.514343,426.343994,213.358813,50.687546,0,0.072000,0.000000
MP_T_DudukBerdiri_1,movenet,80,2.659495,ok,1,direct,0.270657,9,left_wrist,1,1,2.000000,708.230000,339.260000,2.000000,798.574585,220.355270,149.333448,50.687546,0,0.062000,0.000000
MP_T_DudukBerdiri_1,movenet,80,2.659495,ok,1,direct,0.270657,10,right_wrist,1,1,2.000000,576.150000,347.030000,2.000000,517.570740,456.080017,123.787867,50.687546,0,0.062000,0.000000
MP_T_DudukBerdiri_1,movenet,80,2.659495,ok,1,direct,0.270657,11,left_hip,1,1,2.000000,663.710000,334.040000,2.000000,336.405060,504.308594,368.944329,50.687546,0,0.107000,0.000000
MP_T_DudukBerdiri_1,movenet,80,2.659495,ok,1,direct,0.270657,12,right_hip,1,1,2.000000,602.410000,335.470000,2.000000,383.741516,506.099762,277.363338,50.687546,0,0.107000,0.000000
MP_T_DudukBerdiri_1,movenet,80,2.659495,ok,1,direct,0.270657,13,left_knee,1,1,2.000000,671.370000,457.280000,2.000000,605.346313,469.880219,67.215271,50.687546,0,0.087000,0.009595
MP_T_DudukBerdiri_1,movenet,80,2.659495,ok,1,direct,0.270657,14,right_knee,1,1,2.000000,591.260000,458.490000,2.000000,590.115051,485.088226,26.622858,50.687546,1,0.087000,0.482415
MP_T_DudukBerdiri_1,movenet,80,2.659495,ok,1,direct,0.270657,15,left_ankle,1,1,2.000000,665.590000,602.820000,0.000000,514.369385,631.001587,,50.687546,0,0.089000,0.000000
MP_T_DudukBerdiri_1,movenet,80,2.659495,ok,1,direct,0.270657,16,right_ankle,1,1,2.000000,577.830000,614.510000,2.000000,504.977478,648.062866,80.207760,50.687546,0,0.089000,0.001796
MP_T_DudukBerdiri_1,movenet,81,2.692739,ok,1,direct,0.285109,0,nose,0,0,0.000000,0.000000,0.000000,0.000000,417.476440,217.567276,,,,0.026000,
MP_T_DudukBerdiri_1,movenet,81,2.692739,ok,1,direct,0.285109,1,left_eye,0,0,0.000000,0.000000,0.000000,2.000000,645.118652,71.866043,,,,0.025000,
MP_T_DudukBerdiri_1,movenet,81,2.692739,ok,1,direct,0.285109,2,right_eye,0,0,0.000000,0.000000,0.000000,2.000000,417.778259,207.564651,,,,0.025000,
MP_T_DudukBerdiri_1,movenet,81,2.692739,ok,1,direct,0.285109,3,left_ear,0,0,0.000000,0.000000,0.000000,2.000000,307.193512,212.078537,,,,0.035000,
MP_T_DudukBerdiri_1,movenet,81,2.692739,ok,1,direct,0.285109,4,right_ear,0,0,0.000000,0.000000,0.000000,2.000000,401.607117,215.525436,,,,0.035000,
MP_T_DudukBerdiri_1,movenet,81,2.692739,ok,1,direct,0.285109,5,left_shoulder,1,1,2.000000,684.800000,176.880000,2.000000,273.938873,282.531036,424.227541,50.905253,0,0.079000,0.000000
MP_T_DudukBerdiri_1,movenet,81,2.692739,ok,1,direct,0.285109,6,right_shoulder,1,1,2.000000,566.330000,164.620000,2.000000,364.578522,299.373779,242.615416,50.905253,0,0.079000,0.000000
MP_T_DudukBerdiri_1,movenet,81,2.692739,ok,1,direct,0.285109,7,left_elbow,1,1,2.000000,699.880000,265.920000,0.000000,404.564087,381.323486,,50.905253,0,0.072000,0.000000
MP_T_DudukBerdiri_1,movenet,81,2.692739,ok,1,direct,0.285109,8,right_elbow,1,1,2.000000,563.900000,264.430000,2.000000,431.356934,424.909210,208.137554,50.905253,0,0.072000,0.000000
MP_T_DudukBerdiri_1,movenet,81,2.692739,ok,1,direct,0.285109,9,left_wrist,1,1,2.000000,707.870000,339.260000,0.000000,583.158691,345.086731,,50.905253,0,0.062000,0.000000
MP_T_DudukBerdiri_1,movenet,81,2.692739,ok,1,direct,0.285109,10,right_wrist,1,1,2.000000,576.150000,346.310000,0.000000,532.157532,455.889801,,50.905253,0,0.062000,0.000000
MP_T_DudukBerdiri_1,movenet,81,2.692739,ok,1,direct,0.285109,11,left_hip,1,1,2.000000,663.830000,334.860000,2.000000,332.979492,511.092651,374.859982,50.905253,0,0.107000,0.000000
MP_T_DudukBerdiri_1,movenet,81,2.692739,ok,1,direct,0.285109,12,right_hip,1,1,2.000000,601.900000,335.980000,2.000000,393.850220,503.733063,267.256059,50.905253,0,0.107000,0.000000
MP_T_DudukBerdiri_1,movenet,81,2.692739,ok,1,direct,0.285109,13,left_knee,1,1,2.000000,671.690000,457.790000,0.000000,585.681885,472.085510,,50.905253,0,0.087000,0.000000
MP_T_DudukBerdiri_1,movenet,81,2.692739,ok,1,direct,0.285109,14,right_knee,1,1,2.000000,590.560000,458.750000,2.000000,609.755432,474.662323,24.933244,50.905253,1,0.087000,0.530516
MP_T_DudukBerdiri_1,movenet,81,2.692739,ok,1,direct,0.285109,15,left_ankle,1,1,2.000000,665.590000,602.970000,2.000000,455.717926,677.357666,222.665247,50.905253,0,0.089000,0.000000
MP_T_DudukBerdiri_1,movenet,81,2.692739,ok,1,direct,0.285109,16,right_ankle,1,1,2.000000,577.830000,614.600000,2.000000,520.851440,632.380066,59.688248,50.905253,0,0.089000,0.031074
MP_T_DudukBerdiri_1,movenet,82,2.725983,ok,1,direct,0.277904,0,nose,0,0,0.000000,0.000000,0.000000,0.000000,419.255188,218.763214,,,,0.026000,
MP_T_DudukBerdiri_1,movenet,82,2.725983,ok,1,direct,0.277904,1,left_eye,0,0,0.000000,0.000000,0.000000,0.000000,395.802185,207.663040,,,,0.025000,
MP_T_DudukBerdiri_1,movenet,82,2.725983,ok,1,direct,0.277904,2,right_eye,0,0,0.000000,0.000000,0.000000,2.000000,418.956757,208.718719,,,,0.025000,
MP_T_DudukBerdiri_1,movenet,82,2.725983,ok,1,direct,0.277904,3,left_ear,0,0,0.000000,0.000000,0.000000,2.000000,310.954529,213.378067,,,,0.035000,
MP_T_DudukBerdiri_1,movenet,82,2.725983,ok,1,direct,0.277904,4,right_ear,0,0,0.000000,0.000000,0.000000,2.000000,402.816498,216.559647,,,,0.035000,
MP_T_DudukBerdiri_1,movenet,82,2.725983,ok,1,direct,0.277904,5,left_shoulder,1,1,2.000000,684.550000,177.440000,2.000000,278.041626,280.559265,419.383644,51.121200,0,0.079000,0.000000
MP_T_DudukBerdiri_1,movenet,82,2.725983,ok,1,direct,0.277904,6,right_shoulder,1,1,2.000000,566.710000,165.440000,2.000000,363.260254,297.678955,242.649831,51.121200,0,0.079000,0.000000
MP_T_DudukBerdiri_1,movenet,82,2.725983,ok,1,direct,0.277904,7,left_elbow,1,1,2.000000,699.400000,266.230000,0.000000,394.614319,381.342743,,51.121200,0,0.072000,0.000000
MP_T_DudukBerdiri_1,movenet,82,2.725983,ok,1,direct,0.277904,8,right_elbow,1,1,2.000000,562.070000,263.340000,2.000000,433.749664,419.091522,201.803482,51.121200,0,0.072000,0.000000
MP_T_DudukBerdiri_1,movenet,82,2.725983,ok,1,direct,0.277904,9,left_wrist,1,1,2.000000,707.500000,339.260000,2.000000,802.074280,219.350540,152.717298,51.121200,0,0.062000,0.000000
MP_T_DudukBerdiri_1,movenet,82,2.725983,ok,1,direct,0.277904,10,right_wrist,1,1,2.000000,576.150000,345.580000,0.000000,527.965149,446.376221,,51.121200,0,0.062000,0.000000
MP_T_DudukBerdiri_1,movenet,82,2.725983,ok,1,direct,0.277904,11,left_hip,1,1,2.000000,663.960000,335.680000,2.000000,330.098572,507.438965,375.452521,51.121200,0,0.107000,0.000000
MP_T_DudukBerdiri_1,movenet,82,2.725983,ok,1,direct,0.277904,12,right_hip,1,1,2.000000,601.400000,336.490000,2.000000,386.156616,510.393219,276.716541,51.121200,0,0.107000,0.000000
MP_T_DudukBerdiri_1,movenet,82,2.725983,ok,1,direct,0.277904,13,left_knee,1,1,2.000000,672.000000,458.300000,0.000000,587.693726,480.451691,,51.121200,0,0.087000,0.000000
MP_T_DudukBerdiri_1,movenet,82,2.725983,ok,1,direct,0.277904,14,right_knee,1,1,2.000000,589.870000,459.000000,0.000000,611.565002,478.930878,,51.121200,0,0.087000,0.000000
MP_T_DudukBerdiri_1,movenet,82,2.725983,ok,1,direct,0.277904,15,left_ankle,1,1,2.000000,665.590000,603.110000,2.000000,459.187927,678.935364,219.889294,51.121200,0,0.089000,0.000000
MP_T_DudukBerdiri_1,movenet,82,2.725983,ok,1,direct,0.277904,16,right_ankle,1,1,2.000000,577.830000,614.690000,2.000000,502.477692,659.800354,87.823200,51.121200,0,0.089000,0.000580
MP_T_DudukBerdiri_1,movenet,83,2.759227,ok,1,direct,0.447931,0,nose,0,0,0.000000,0.000000,0.000000,2.000000,631.486877,80.257172,,,,0.026000,
MP_T_DudukBerdiri_1,movenet,83,2.759227,ok,1,direct,0.447931,1,left_eye,0,0,0.000000,0.000000,0.000000,2.000000,644.792175,71.863083,,,,0.025000,
MP_T_DudukBerdiri_1,movenet,83,2.759227,ok,1,direct,0.447931,2,right_eye,0,0,0.000000,0.000000,0.000000,2.000000,610.487793,73.153107,,,,0.025000,
MP_T_DudukBerdiri_1,movenet,83,2.759227,ok,1,direct,0.447931,3,left_ear,0,0,0.000000,0.000000,0.000000,2.000000,660.987000,81.045410,,,,0.035000,
MP_T_DudukBerdiri_1,movenet,83,2.759227,ok,1,direct,0.447931,4,right_ear,0,0,0.000000,0.000000,0.000000,2.000000,585.942200,84.118065,,,,0.035000,
MP_T_DudukBerdiri_1,movenet,83,2.759227,ok,1,direct,0.447931,5,left_shoulder,1,1,2.000000,684.300000,178.010000,2.000000,660.742737,158.301254,30.714480,51.335408,1,0.079000,0.317534
MP_T_DudukBerdiri_1,movenet,83,2.759227,ok,1,direct,0.447931,6,right_shoulder,1,1,2.000000,567.080000,166.260000,2.000000,576.837463,160.534393,11.313296,51.335408,1,0.079000,0.855868
MP_T_DudukBerdiri_1,movenet,83,2.759227,ok,1,direct,0.447931,7,left_elbow,1,1,2.000000,698.930000,266.550000,2.000000,683.395508,254.478790,19.673194,51.335408,1,0.072000,0.567448
MP_T_DudukBerdiri_1,movenet,83,2.759227,ok,1,direct,0.447931,8,right_elbow,1,1,2.000000,560.250000,262.240000,2.000000,585.005005,256.712952,25.364513,51.335408,1,0.072000,0.389904
MP_T_DudukBerdiri_1,movenet,83,2.759227,ok,1,direct,0.447931,9,left_wrist,1,1,2.000000,707.140000,339.260000,2.000000,801.500122,219.596588,152.391485,51.335408,0,0.062000,0.000000
MP_T_DudukBerdiri_1,movenet,83,2.759227,ok,1,direct,0.447931,10,right_wrist,1,1,2.000000,576.150000,344.850000,2.000000,561.984863,321.951874,26.925365,51.335408,1,0.062000,0.238994
MP_T_DudukBerdiri_1,movenet,83,2.759227,ok,1,direct,0.447931,11,left_hip,1,1,2.000000,664.090000,336.510000,2.000000,651.106445,321.209778,20.066626,51.335408,1,0.107000,0.765736
MP_T_DudukBerdiri_1,movenet,83,2.759227,ok,1,direct,0.447931,12,right_hip,1,1,2.000000,600.890000,336.990000,2.000000,603.199951,321.380035,15.779951,51.335408,1,0.107000,0.847844
MP_T_DudukBerdiri_1,movenet,83,2.759227,ok,1,direct,0.447931,13,left_knee,1,1,2.000000,672.320000,458.800000,2.000000,664.589172,450.091553,11.644859,51.335408,1,0.087000,0.872874
MP_T_DudukBerdiri_1,movenet,83,2.759227,ok,1,direct,0.447931,14,right_knee,1,1,2.000000,589.180000,459.260000,2.000000,621.917786,455.356232,32.969714,51.335408,1,0.087000,0.336249
MP_T_DudukBerdiri_1,movenet,83,2.759227,ok,1,direct,0.447931,15,left_ankle,1,1,2.000000,665.590000,603.260000,0.000000,694.011902,534.539246,,51.335408,0,0.089000,0.000000
MP_T_DudukBerdiri_1,movenet,83,2.759227,ok,1,direct,0.447931,16,right_ankle,1,1,2.000000,577.830000,614.780000,0.000000,603.570068,511.323883,,51.335408,0,0.089000,0.000000
MP_T_DudukBerdiri_1,movenet,84,2.792470,ok,1,direct,0.287559,0,nose,0,0,0.000000,0.000000,0.000000,2.000000,423.437073,216.426132,,,,0.026000,
MP_T_DudukBerdiri_1,movenet,84,2.792470,ok,1,direct,0.287559,1,left_eye,0,0,0.000000,0.000000,0.000000,0.000000,403.593903,204.190140,,,,0.025000,
MP_T_DudukBerdiri_1,movenet,84,2.792470,ok,1,direct,0.287559,2,right_eye,0,0,0.000000,0.000000,0.000000,2.000000,421.573517,205.822784,,,,0.025000,
MP_T_DudukBerdiri_1,movenet,84,2.792470,ok,1,direct,0.287559,3,left_ear,0,0,0.000000,0.000000,0.000000,2.000000,314.648682,212.540756,,,,0.035000,
MP_T_DudukBerdiri_1,movenet,84,2.792470,ok,1,direct,0.287559,4,right_ear,0,0,0.000000,0.000000,0.000000,2.000000,402.260315,215.851288,,,,0.035000,
MP_T_DudukBerdiri_1,movenet,84,2.792470,ok,1,direct,0.287559,5,left_shoulder,1,1,2.000000,684.040000,178.580000,2.000000,278.775757,287.243958,419.579507,50.990664,0,0.079000,0.000000
MP_T_DudukBerdiri_1,movenet,84,2.792470,ok,1,direct,0.287559,6,right_shoulder,1,1,2.000000,567.460000,167.090000,2.000000,359.778473,298.112030,245.557303,50.990664,0,0.079000,0.000000
MP_T_DudukBerdiri_1,movenet,84,2.792470,ok,1,direct,0.287559,7,left_elbow,1,1,2.000000,698.460000,266.860000,0.000000,394.276154,388.959961,,50.990664,0,0.072000,0.000000
MP_T_DudukBerdiri_1,movenet,84,2.792470,ok,1,direct,0.287559,8,right_elbow,1,1,2.000000,560.250000,262.350000,2.000000,456.248627,423.545349,191.833851,50.990664,0,0.072000,0.000000
MP_T_DudukBerdiri_1,movenet,84,2.792470,ok,1,direct,0.287559,9,left_wrist,1,1,2.000000,705.410000,339.420000,2.000000,801.583618,219.712296,153.555525,50.990664,0,0.062000,0.000000
MP_T_DudukBerdiri_1,movenet,84,2.792470,ok,1,direct,0.287559,10,right_wrist,1,1,2.000000,577.880000,345.010000,2.000000,555.280273,416.439636,74.919561,50.990664,0,0.062000,0.000013
MP_T_DudukBerdiri_1,movenet,84,2.792470,ok,1,direct,0.287559,11,left_hip,1,1,2.000000,664.210000,337.330000,2.000000,355.162659,508.533813,353.300163,50.990664,0,0.107000,0.000000
MP_T_DudukBerdiri_1,movenet,84,2.792470,ok,1,direct,0.287559,12,right_hip,1,1,2.000000,600.390000,337.500000,2.000000,407.856689,509.391022,258.099979,50.990664,0,0.107000,0.000000
MP_T_DudukBerdiri_1,movenet,84,2.792470,ok,1,direct,0.287559,13,left_knee,1,1,2.000000,672.640000,459.310000,0.000000,583.208313,500.445740,,50.990664,0,0.087000,0.000000
MP_T_DudukBerdiri_1,movenet,84,2.792470,ok,1,direct,0.287559,14,right_knee,1,1,2.000000,588.490000,459.510000,2.000000,588.837463,500.912964,41.404422,50.990664,1,0.087000,0.175131
MP_T_DudukBerdiri_1,movenet,84,2.792470,ok,1,direct,0.287559,15,left_ankle,1,1,2.000000,665.590000,603.400000,0.000000,514.080872,636.134888,,50.990664,0,0.089000,0.000000
MP_T_DudukBerdiri_1,movenet,84,2.792470,ok,1,direct,0.287559,16,right_ankle,1,1,2.000000,577.830000,614.880000,2.000000,486.730103,674.531616,108.892179,50.990664,0,0.089000,0.000010
MP_T_DudukBerdiri_1,movenet,85,2.825714,ok,1,direct,0.334724,0,nose,0,0,0.000000,0.000000,0.000000,2.000000,425.656433,215.862106,,,,0.026000,
MP_T_DudukBerdiri_1,movenet,85,2.825714,ok,1,direct,0.334724,1,left_eye,0,0,0.000000,0.000000,0.000000,0.000000,405.314514,204.171173,,,,0.025000,
MP_T_DudukBerdiri_1,movenet,85,2.825714,ok,1,direct,0.334724,2,right_eye,0,0,0.000000,0.000000,0.000000,2.000000,423.719025,205.507080,,,,0.025000,
MP_T_DudukBerdiri_1,movenet,85,2.825714,ok,1,direct,0.334724,3,left_ear,0,0,0.000000,0.000000,0.000000,2.000000,314.870728,213.085922,,,,0.035000,
MP_T_DudukBerdiri_1,movenet,85,2.825714,ok,1,direct,0.334724,4,right_ear,0,0,0.000000,0.000000,0.000000,2.000000,402.713654,214.046265,,,,0.035000,
MP_T_DudukBerdiri_1,movenet,85,2.825714,ok,1,direct,0.334724,5,left_shoulder,1,1,2.000000,683.790000,179.150000,2.000000,287.198364,286.133606,410.768082,50.642806,0,0.079000,0.000000
MP_T_DudukBerdiri_1,movenet,85,2.825714,ok,1,direct,0.334724,6,right_shoulder,1,1,2.000000,567.840000,167.910000,2.000000,362.439850,296.067535,242.102407,50.642806,0,0.079000,0.000000
MP_T_DudukBerdiri_1,movenet,85,2.825714,ok,1,direct,0.334724,7,left_elbow,1,1,2.000000,697.990000,267.180000,0.000000,408.930420,388.855072,,50.642806,0,0.072000,0.000000
MP_T_DudukBerdiri_1,movenet,85,2.825714,ok,1,direct,0.334724,8,right_elbow,1,1,2.000000,560.250000,262.450000,2.000000,481.455811,425.074524,180.707665,50.642806,0,0.072000,0.000000
MP_T_DudukBerdiri_1,movenet,85,2.825714,ok,1,direct,0.334724,9,left_wrist,1,1,2.000000,703.670000,339.580000,2.000000,801.663574,219.648453,154.875165,50.642806,0,0.062000,0.000000
MP_T_DudukBerdiri_1,movenet,85,2.825714,ok,1,direct,0.334724,10,right_wrist,1,1,2.000000,579.620000,345.160000,2.000000,567.605103,377.592102,34.586110,50.642806,1,0.062000,0.088329
MP_T_DudukBerdiri_1,movenet,85,2.825714,ok,1,direct,0.334724,11,left_hip,1,1,2.000000,664.340000,338.150000,2.000000,357.626404,509.381836,351.274212,50.642806,0,0.107000,0.000000
MP_T_DudukBerdiri_1,movenet,85,2.825714,ok,1,direct,0.334724,12,right_hip,1,1,2.000000,599.880000,338.000000,2.000000,402.844482,509.460205,261.192644,50.642806,0,0.107000,0.000000
MP_T_DudukBerdiri_1,movenet,85,2.825714,ok,1,direct,0.334724,13,left_knee,1,1,2.000000,672.950000,459.810000,2.000000,577.744446,500.241608,103.435064,50.642806,0,0.087000,0.000016
MP_T_DudukBerdiri_1,movenet,85,2.825714,ok,1,direct,0.334724,14,right_knee,1,1,2.000000,587.800000,459.770000,2.000000,587.958313,497.615814,37.846145,50.642806,1,0.087000,0.228618
MP_T_DudukBerdiri_1,movenet,85,2.825714,ok,1,direct,0.334724,15,left_ankle,1,1,2.000000,665.590000,603.550000,2.000000,461.895447,681.098877,217.957104,50.642806,0,0.089000,0.000000
MP_T_DudukBerdiri_1,movenet,85,2.825714,ok,1,direct,0.334724,16,right_ankle,1,1,2.000000,577.830000,614.970000,2.000000,523.169189,640.954407,60.522670,50.642806,0,0.089000,0.027155
MP_T_DudukBerdiri_1,movenet,86,2.858958,ok,1,direct,0.374039,0,nose,0,0,0.000000,0.000000,0.000000,2.000000,424.619202,216.410843,,,,0.026000,
MP_T_DudukBerdiri_1,movenet,86,2.858958,ok,1,direct,0.374039,1,left_eye,0,0,0.000000,0.000000,0.000000,2.000000,646.605591,71.913498,,,,0.025000,
MP_T_DudukBerdiri_1,movenet,86,2.858958,ok,1,direct,0.374039,2,right_eye,0,0,0.000000,0.000000,0.000000,2.000000,422.848328,205.208969,,,,0.025000,
MP_T_DudukBerdiri_1,movenet,86,2.858958,ok,1,direct,0.374039,3,left_ear,0,0,0.000000,0.000000,0.000000,2.000000,323.612640,211.057571,,,,0.035000,
MP_T_DudukBerdiri_1,movenet,86,2.858958,ok,1,direct,0.374039,4,right_ear,0,0,0.000000,0.000000,0.000000,2.000000,403.136841,214.117142,,,,0.035000,
MP_T_DudukBerdiri_1,movenet,86,2.858958,ok,1,direct,0.374039,5,left_shoulder,1,1,2.000000,683.540000,179.720000,2.000000,296.510559,282.719299,400.500492,50.295327,0,0.079000,0.000000
MP_T_DudukBerdiri_1,movenet,86,2.858958,ok,1,direct,0.374039,6,right_shoulder,1,1,2.000000,568.220000,168.730000,2.000000,361.533661,291.626740,240.463825,50.295327,0,0.079000,0.000000
MP_T_DudukBerdiri_1,movenet,86,2.858958,ok,1,direct,0.374039,7,left_elbow,1,1,2.000000,697.520000,267.490000,0.000000,425.690857,380.492676,,50.295327,0,0.072000,0.000000
MP_T_DudukBerdiri_1,movenet,86,2.858958,ok,1,direct,0.374039,8,right_elbow,1,1,2.000000,560.250000,262.560000,2.000000,484.692047,411.934570,167.397033,50.295327,0,0.072000,0.000000
MP_T_DudukBerdiri_1,movenet,86,2.858958,ok,1,direct,0.374039,9,left_wrist,1,1,2.000000,701.940000,339.730000,2.000000,803.924316,218.604416,158.342060,50.295327,0,0.062000,0.000000
MP_T_DudukBerdiri_1,movenet,86,2.858958,ok,1,direct,0.374039,10,right_wrist,1,1,2.000000,581.350000,345.320000,2.000000,567.493896,344.056091,13.913629,50.295327,1,0.062000,0.671546
MP_T_DudukBerdiri_1,movenet,86,2.858958,ok,1,direct,0.374039,11,left_hip,1,1,2.000000,664.470000,338.970000,2.000000,367.210266,514.537964,345.235368,50.295327,0,0.107000,0.000000
MP_T_DudukBerdiri_1,movenet,86,2.858958,ok,1,direct,0.374039,12,right_hip,1,1,2.000000,599.370000,338.510000,2.000000,402.291382,510.802887,261.772460,50.295327,0,0.107000,0.000000
MP_T_DudukBerdiri_1,movenet,86,2.858958,ok,1,direct,0.374039,13,left_knee,1,1,2.000000,673.270000,460.320000,2.000000,575.890015,492.261230,102.484651,50.295327,0,0.087000,0.000017
MP_T_DudukBerdiri_1,movenet,86,2.858958,ok,1,direct,0.374039,14,right_knee,1,1,2.000000,587.110000,460.020000,2.000000,587.675537,492.172150,32.157123,50.295327,1,0.087000,0.339539
MP_T_DudukBerdiri_1,movenet,86,2.858958,ok,1,direct,0.374039,15,left_ankle,1,1,2.000000,665.590000,603.690000,2.000000,454.611481,681.763306,224.960834,50.295327,0,0.089000,0.000000
MP_T_DudukBerdiri_1,movenet,86,2.858958,ok,1,direct,0.374039,16,right_ankle,1,1,2.000000,577.830000,615.060000,2.000000,507.830139,662.362671,84.483863,50.295327,0,0.089000,0.000805
MP_T_DudukBerdiri_1,movenet,87,2.892201,ok,1,direct,0.312961,0,nose,0,0,0.000000,0.000000,0.000000,2.000000,425.757324,216.707382,,,,0.026000,
MP_T_DudukBerdiri_1,movenet,87,2.892201,ok,1,direct,0.312961,1,left_eye,0,0,0.000000,0.000000,0.000000,0.000000,405.759888,204.556732,,,,0.025000,
MP_T_DudukBerdiri_1,movenet,87,2.892201,ok,1,direct,0.312961,2,right_eye,0,0,0.000000,0.000000,0.000000,0.000000,428.898468,202.726913,,,,0.025000,
MP_T_DudukBerdiri_1,movenet,87,2.892201,ok,1,direct,0.312961,3,left_ear,0,0,0.000000,0.000000,0.000000,2.000000,324.183685,210.097992,,,,0.035000,
MP_T_DudukBerdiri_1,movenet,87,2.892201,ok,1,direct,0.312961,4,right_ear,0,0,0.000000,0.000000,0.000000,2.000000,405.196503,214.773834,,,,0.035000,
MP_T_DudukBerdiri_1,movenet,87,2.892201,ok,1,direct,0.312961,5,left_shoulder,1,1,2.000000,683.280000,180.290000,2.000000,295.602722,282.693481,400.973995,50.065848,0,0.079000,0.000000
MP_T_DudukBerdiri_1,movenet,87,2.892201,ok,1,direct,0.312961,6,right_shoulder,1,1,2.000000,568.600000,169.550000,2.000000,368.543030,294.345825,235.789714,50.065848,0,0.079000,0.000000
MP_T_DudukBerdiri_1,movenet,87,2.892201,ok,1,direct,0.312961,7,left_elbow,1,1,2.000000,696.450000,268.200000,0.000000,447.481842,380.726898,,50.065848,0,0.072000,0.000000
MP_T_DudukBerdiri_1,movenet,87,2.892201,ok,1,direct,0.312961,8,right_elbow,1,1,2.000000,560.250000,262.660000,2.000000,501.011536,406.056793,155.151010,50.065848,0,0.072000,0.000000
MP_T_DudukBerdiri_1,movenet,87,2.892201,ok,1,direct,0.312961,9,left_wrist,1,1,2.000000,700.880000,342.210000,0.000000,589.167419,311.234863,,50.065848,0,0.062000,0.000000
MP_T_DudukBerdiri_1,movenet,87,2.892201,ok,1,direct,0.312961,10,right_wrist,1,1,2.000000,581.350000,347.490000,2.000000,568.103088,320.198364,30.336678,50.065848,1,0.062000,0.148037
MP_T_DudukBerdiri_1,movenet,87,2.892201,ok,1,direct,0.312961,11,left_hip,1,1,2.000000,664.590000,339.800000,2.000000,351.921509,506.080353,354.133790,50.065848,0,0.107000,0.000000
MP_T_DudukBerdiri_1,movenet,87,2.892201,ok,1,direct,0.312961,12,right_hip,1,1,2.000000,598.870000,339.020000,2.000000,401.763977,507.510498,259.306445,50.065848,0,0.107000,0.000000
MP_T_DudukBerdiri_1,movenet,87,2.892201,ok,1,direct,0.312961,13,left_knee,1,1,2.000000,673.590000,460.830000,2.000000,574.003113,491.595215,104.230737,50.065848,0,0.087000,0.000011
MP_T_DudukBerdiri_1,movenet,87,2.892201,ok,1,direct,0.312961,14,right_knee,1,1,2.000000,586.420000,460.280000,2.000000,587.968628,496.146881,35.900298,50.065848,1,0.087000,0.257010
MP_T_DudukBerdiri_1,movenet,87,2.892201,ok,1,direct,0.312961,15,left_ankle,1,1,2.000000,665.590000,603.840000,0.000000,495.905884,652.049194,,50.065848,0,0.089000,0.000000
MP_T_DudukBerdiri_1,movenet,87,2.892201,ok,1,direct,0.312961,16,right_ankle,1,1,2.000000,577.830000,615.150000,2.000000,515.302124,655.124878,74.214056,50.065848,0,0.089000,0.003895
MP_T_DudukBerdiri_1,movenet,88,2.925445,ok,1,direct,0.313787,0,nose,0,0,0.000000,0.000000,0.000000,0.000000,464.014526,204.745331,,,,0.026000,
MP_T_DudukBerdiri_1,movenet,88,2.925445,ok,1,direct,0.313787,1,left_eye,0,0,0.000000,0.000000,0.000000,2.000000,410.621521,203.667252,,,,0.025000,
MP_T_DudukBerdiri_1,movenet,88,2.925445,ok,1,direct,0.313787,2,right_eye,0,0,0.000000,0.000000,0.000000,2.000000,433.671631,204.898712,,,,0.025000,
MP_T_DudukBerdiri_1,movenet,88,2.925445,ok,1,direct,0.313787,3,left_ear,0,0,0.000000,0.000000,0.000000,2.000000,333.234619,209.466797,,,,0.035000,
MP_T_DudukBerdiri_1,movenet,88,2.925445,ok,1,direct,0.313787,4,right_ear,0,0,0.000000,0.000000,0.000000,2.000000,414.630859,211.650772,,,,0.035000,
MP_T_DudukBerdiri_1,movenet,88,2.925445,ok,1,direct,0.313787,5,left_shoulder,1,1,2.000000,683.030000,180.860000,2.000000,302.807922,283.812225,393.913682,49.834148,0,0.079000,0.000000
MP_T_DudukBerdiri_1,movenet,88,2.925445,ok,1,direct,0.313787,6,right_shoulder,1,1,2.000000,568.980000,170.370000,2.000000,375.950073,296.224762,230.434315,49.834148,0,0.079000,0.000000
MP_T_DudukBerdiri_1,movenet,88,2.925445,ok,1,direct,0.313787,7,left_elbow,1,1,2.000000,695.390000,268.910000,2.000000,469.163208,379.628632,251.867379,49.834148,0,0.072000,0.000000
MP_T_DudukBerdiri_1,movenet,88,2.925445,ok,1,direct,0.313787,8,right_elbow,1,1,2.000000,560.250000,262.770000,2.000000,501.843201,391.090363,140.987480,49.834148,0,0.072000,0.000000
MP_T_DudukBerdiri_1,movenet,88,2.925445,ok,1,direct,0.313787,9,left_wrist,1,1,2.000000,699.810000,344.690000,0.000000,604.155701,308.748993,,49.834148,0,0.062000,0.000000
MP_T_DudukBerdiri_1,movenet,88,2.925445,ok,1,direct,0.313787,10,right_wrist,1,1,2.000000,581.350000,349.660000,2.000000,562.766846,340.433044,20.747779,49.834148,1,0.062000,0.405817
MP_T_DudukBerdiri_1,movenet,88,2.925445,ok,1,direct,0.313787,11,left_hip,1,1,2.000000,664.720000,340.620000,2.000000,348.917786,505.187714,356.108931,49.834148,0,0.107000,0.000000
MP_T_DudukBerdiri_1,movenet,88,2.925445,ok,1,direct,0.313787,12,right_hip,1,1,2.000000,598.360000,339.520000,2.000000,403.041504,506.376740,256.886135,49.834148,0,0.107000,0.000000
MP_T_DudukBerdiri_1,movenet,88,2.925445,ok,1,direct,0.313787,13,left_knee,1,1,2.000000,673.900000,461.330000,0.000000,549.934875,503.859436,,49.834148,0,0.087000,0.000000
MP_T_DudukBerdiri_1,movenet,88,2.925445,ok,1,direct,0.313787,14,right_knee,1,1,2.000000,585.730000,460.530000,2.000000,583.329712,499.169220,38.713702,49.834148,1,0.087000,0.202978
MP_T_DudukBerdiri_1,movenet,88,2.925445,ok,1,direct,0.313787,15,left_ankle,1,1,2.000000,665.590000,603.980000,0.000000,504.882538,638.802185,,49.834148,0,0.089000,0.000000
MP_T_DudukBerdiri_1,movenet,88,2.925445,ok,1,direct,0.313787,16,right_ankle,1,1,2.000000,577.830000,615.240000,2.000000,516.981262,652.204041,71.196272,49.834148,0,0.089000,0.005779
MP_T_DudukBerdiri_1,movenet,89,2.958689,ok,1,direct,0.342102,0,nose,0,0,0.000000,0.000000,0.000000,0.000000,442.149536,217.068436,,,,0.026000,
MP_T_DudukBerdiri_1,movenet,89,2.958689,ok,1,direct,0.342102,1,left_eye,0,0,0.000000,0.000000,0.000000,2.000000,415.393646,205.773712,,,,0.025000,
MP_T_DudukBerdiri_1,movenet,89,2.958689,ok,1,direct,0.342102,2,right_eye,0,0,0.000000,0.000000,0.000000,2.000000,437.023895,205.820206,,,,0.025000,
MP_T_DudukBerdiri_1,movenet,89,2.958689,ok,1,direct,0.342102,3,left_ear,0,0,0.000000,0.000000,0.000000,2.000000,329.379028,211.926849,,,,0.035000,
MP_T_DudukBerdiri_1,movenet,89,2.958689,ok,1,direct,0.342102,4,right_ear,0,0,0.000000,0.000000,0.000000,2.000000,407.231140,214.512375,,,,0.035000,
MP_T_DudukBerdiri_1,movenet,89,2.958689,ok,1,direct,0.342102,5,left_shoulder,1,1,2.000000,682.780000,181.430000,2.000000,300.013245,277.984741,394.757149,49.603228,0,0.079000,0.000000
MP_T_DudukBerdiri_1,movenet,89,2.958689,ok,1,direct,0.342102,6,right_shoulder,1,1,2.000000,569.360000,171.200000,2.000000,382.179932,297.513794,225.813092,49.603228,0,0.079000,0.000000
MP_T_DudukBerdiri_1,movenet,89,2.958689,ok,1,direct,0.342102,7,left_elbow,1,1,2.000000,694.330000,269.620000,2.000000,499.412537,372.640198,220.467636,49.603228,0,0.072000,0.000000
MP_T_DudukBerdiri_1,movenet,89,2.958689,ok,1,direct,0.342102,8,right_elbow,1,1,2.000000,560.250000,262.870000,2.000000,523.361267,374.933502,117.978842,49.603228,0,0.072000,0.000000
MP_T_DudukBerdiri_1,movenet,89,2.958689,ok,1,direct,0.342102,9,left_wrist,1,1,2.000000,698.750000,347.180000,2.000000,799.252625,222.006866,160.527539,49.603228,0,0.062000,0.000000
MP_T_DudukBerdiri_1,movenet,89,2.958689,ok,1,direct,0.342102,10,right_wrist,1,1,2.000000,581.350000,351.830000,2.000000,570.896973,307.558563,45.488745,49.603228,1,0.062000,0.012581
MP_T_DudukBerdiri_1,movenet,89,2.958689,ok,1,direct,0.342102,11,left_hip,1,1,2.000000,664.850000,341.440000,2.000000,358.785736,504.701141,346.885477,49.603228,0,0.107000,0.000000
MP_T_DudukBerdiri_1,movenet,89,2.958689,ok,1,direct,0.342102,12,right_hip,1,1,2.000000,597.850000,340.030000,2.000000,398.369446,505.868225,259.412429,49.603228,0,0.107000,0.000000
MP_T_DudukBerdiri_1,movenet,89,2.958689,ok,1,direct,0.342102,13,left_knee,1,1,2.000000,674.220000,461.840000,2.000000,570.123596,491.947723,108.362984,49.603228,0,0.087000,0.000003
MP_T_DudukBerdiri_1,movenet,89,2.958689,ok,1,direct,0.342102,14,right_knee,1,1,2.000000,585.040000,460.780000,2.000000,578.833191,498.838562,38.561362,49.603228,1,0.087000,0.202524
MP_T_DudukBerdiri_1,movenet,89,2.958689,ok,1,direct,0.342102,15,left_ankle,1,1,2.000000,665.590000,604.130000,2.000000,450.119171,678.100037,227.814057,49.603228,0,0.089000,0.000000
MP_T_DudukBerdiri_1,movenet,89,2.958689,ok,1,direct,0.342102,16,right_ankle,1,1,2.000000,577.830000,615.330000,2.000000,517.727295,644.614441,66.857413,49.603228,0,0.089000,0.010183
MP_T_DudukBerdiri_1,movenet,90,2.991932,ok,1,direct,0.345004,0,nose,0,0,0.000000,0.000000,0.000000,0.000000,442.322876,219.919739,,,,0.026000,
MP_T_DudukBerdiri_1,movenet,90,2.991932,ok,1,direct,0.345004,1,left_eye,0,0,0.000000,0.000000,0.000000,2.000000,650.651611,72.488113,,,,0.025000,
MP_T_DudukBerdiri_1,movenet,90,2.991932,ok,1,direct,0.345004,2,right_eye,0,0,0.000000,0.000000,0.000000,2.000000,436.596741,208.194931,,,,0.025000,
MP_T_DudukBerdiri_1,movenet,90,2.991932,ok,1,direct,0.345004,3,left_ear,0,0,0.000000,0.000000,0.000000,2.000000,333.525635,212.668762,,,,0.035000,
MP_T_DudukBerdiri_1,movenet,90,2.991932,ok,1,direct,0.345004,4,right_ear,0,0,0.000000,0.000000,0.000000,2.000000,411.891479,213.792206,,,,0.035000,
MP_T_DudukBerdiri_1,movenet,90,2.991932,ok,1,direct,0.345004,5,left_shoulder,1,1,2.000000,682.530000,182.000000,2.000000,299.917694,281.244904,395.274243,49.372420,0,0.079000,0.000000
MP_T_DudukBerdiri_1,movenet,90,2.991932,ok,1,direct,0.345004,6,right_shoulder,1,1,2.000000,569.740000,172.020000,2.000000,380.129395,298.044403,227.671544,49.372420,0,0.079000,0.000000
MP_T_DudukBerdiri_1,movenet,90,2.991932,ok,1,direct,0.345004,7,left_elbow,1,1,2.000000,693.260000,270.330000,2.000000,511.667236,355.508362,200.577379,49.372420,0,0.072000,0.000000
MP_T_DudukBerdiri_1,movenet,90,2.991932,ok,1,direct,0.345004,8,right_elbow,1,1,2.000000,560.250000,262.980000,2.000000,526.842163,355.557739,98.421143,49.372420,0,0.072000,0.000000
MP_T_DudukBerdiri_1,movenet,90,2.991932,ok,1,direct,0.345004,9,left_wrist,1,1,2.000000,697.690000,349.660000,2.000000,800.298706,221.845215,163.905967,49.372420,0,0.062000,0.000000
MP_T_DudukBerdiri_1,movenet,90,2.991932,ok,1,direct,0.345004,10,right_wrist,1,1,2.000000,581.350000,354.000000,2.000000,564.250549,285.230865,70.863143,49.372420,0,0.062000,0.000022
MP_T_DudukBerdiri_1,movenet,90,2.991932,ok,1,direct,0.345004,11,left_hip,1,1,2.000000,664.970000,342.260000,2.000000,366.338623,512.744690,343.868767,49.372420,0,0.107000,0.000000
MP_T_DudukBerdiri_1,movenet,90,2.991932,ok,1,direct,0.345004,12,right_hip,1,1,2.000000,597.350000,340.540000,2.000000,407.263641,508.770905,253.839439,49.372420,0,0.107000,0.000000
MP_T_DudukBerdiri_1,movenet,90,2.991932,ok,1,direct,0.345004,13,left_knee,1,1,2.000000,674.540000,462.340000,0.000000,562.277527,493.901611,,49.372420,0,0.087000,0.000000
MP_T_DudukBerdiri_1,movenet,90,2.991932,ok,1,direct,0.345004,14,right_knee,1,1,2.000000,584.350000,461.040000,0.000000,602.710388,492.309967,,49.372420,0,0.087000,0.000000
MP_T_DudukBerdiri_1,movenet,90,2.991932,ok,1,direct,0.345004,15,left_ankle,1,1,2.000000,665.590000,604.270000,2.000000,457.230957,680.421204,221.838898,49.372420,0,0.089000,0.000000
MP_T_DudukBerdiri_1,movenet,90,2.991932,ok,1,direct,0.345004,16,right_ankle,1,1,2.000000,577.830000,615.420000,2.000000,519.711182,640.646240,63.357401,49.372420,0,0.089000,0.015640
MP_T_DudukBerdiri_1,movenet,91,3.025176,ok,1,direct,0.343977,0,nose,0,0,0.000000,0.000000,0.000000,0.000000,441.358276,222.253220,,,,0.026000,
MP_T_DudukBerdiri_1,movenet,91,3.025176,ok,1,direct,0.343977,1,left_eye,0,0,0.000000,0.000000,0.000000,2.000000,655.139893,75.297440,,,,0.025000,
MP_T_DudukBerdiri_1,movenet,91,3.025176,ok,1,direct,0.343977,2,right_eye,0,0,0.000000,0.000000,0.000000,0.000000,464.564636,197.332794,,,,0.025000,
MP_T_DudukBerdiri_1,movenet,91,3.025176,ok,1,direct,0.343977,3,left_ear,0,0,0.000000,0.000000,0.000000,2.000000,665.787109,84.711433,,,,0.035000,
MP_T_DudukBerdiri_1,movenet,91,3.025176,ok,1,direct,0.343977,4,right_ear,0,0,0.000000,0.000000,0.000000,2.000000,407.746155,212.678848,,,,0.035000,
MP_T_DudukBerdiri_1,movenet,91,3.025176,ok,1,direct,0.343977,5,left_shoulder,1,1,2.000000,682.530000,187.840000,2.000000,308.236267,277.240326,384.822318,48.840046,0,0.079000,0.000000
MP_T_DudukBerdiri_1,movenet,91,3.025176,ok,1,direct,0.343977,6,right_shoulder,1,1,2.000000,566.420000,178.130000,2.000000,363.027679,291.801727,233.001497,48.840046,0,0.079000,0.000000
MP_T_DudukBerdiri_1,movenet,91,3.025176,ok,1,direct,0.343977,7,left_elbow,1,1,2.000000,690.780000,275.810000,0.000000,566.112793,317.932465,,48.840046,0,0.072000,0.000000
MP_T_DudukBerdiri_1,movenet,91,3.025176,ok,1,direct,0.343977,8,right_elbow,1,1,2.000000,558.350000,268.880000,2.000000,554.570496,321.288605,52.544710,48.840046,0,0.072000,0.011499
MP_T_DudukBerdiri_1,movenet,91,3.025176,ok,1,direct,0.343977,9,left_wrist,1,1,2.000000,694.690000,353.610000,2.000000,800.671631,222.541489,168.555809,48.840046,0,0.062000,0.000000
MP_T_DudukBerdiri_1,movenet,91,3.025176,ok,1,direct,0.343977,10,right_wrist,1,1,2.000000,581.350000,356.170000,2.000000,558.890137,265.250610,93.652447,48.840046,0,0.062000,0.000000
MP_T_DudukBerdiri_1,movenet,91,3.025176,ok,1,direct,0.343977,11,left_hip,1,1,2.000000,658.900000,344.430000,2.000000,382.666687,503.679871,318.850066,48.840046,0,0.107000,0.000000
MP_T_DudukBerdiri_1,movenet,91,3.025176,ok,1,direct,0.343977,12,right_hip,1,1,2.000000,589.740000,344.930000,2.000000,388.421448,511.640350,261.383818,48.840046,0,0.107000,0.000000
MP_T_DudukBerdiri_1,movenet,91,3.025176,ok,1,direct,0.343977,13,left_knee,1,1,2.000000,677.440000,462.930000,2.000000,572.350647,492.493225,109.168477,48.840046,0,0.087000,0.000002
MP_T_DudukBerdiri_1,movenet,91,3.025176,ok,1,direct,0.343977,14,right_knee,1,1,2.000000,583.660000,461.290000,0.000000,600.100342,493.952789,,48.840046,0,0.087000,0.000000
MP_T_DudukBerdiri_1,movenet,91,3.025176,ok,1,direct,0.343977,15,left_ankle,1,1,2.000000,665.590000,604.420000,2.000000,452.008698,678.537231,226.075954,48.840046,0,0.089000,0.000000
MP_T_DudukBerdiri_1,movenet,91,3.025176,ok,1,direct,0.343977,16,right_ankle,1,1,2.000000,577.830000,615.520000,2.000000,520.452332,640.461243,62.564067,48.840046,0,0.089000,0.015870
MP_T_DudukBerdiri_1,movenet,92,3.058420,ok,1,direct,0.346696,0,nose,0,0,0.000000,0.000000,0.000000,0.000000,467.878235,208.802200,,,,0.026000,
MP_T_DudukBerdiri_1,movenet,92,3.058420,ok,1,direct,0.346696,1,left_eye,0,0,0.000000,0.000000,0.000000,2.000000,417.170471,208.355972,,,,0.025000,
MP_T_DudukBerdiri_1,movenet,92,3.058420,ok,1,direct,0.346696,2,right_eye,0,0,0.000000,0.000000,0.000000,2.000000,436.396973,209.741837,,,,0.025000,
MP_T_DudukBerdiri_1,movenet,92,3.058420,ok,1,direct,0.346696,3,left_ear,0,0,0.000000,0.000000,0.000000,2.000000,666.269165,86.841461,,,,0.035000,
MP_T_DudukBerdiri_1,movenet,92,3.058420,ok,1,direct,0.346696,4,right_ear,0,0,0.000000,0.000000,0.000000,2.000000,410.038025,214.616425,,,,0.035000,
MP_T_DudukBerdiri_1,movenet,92,3.058420,ok,1,direct,0.346696,5,left_shoulder,1,1,2.000000,682.530000,193.690000,2.000000,308.829376,277.573395,382.999452,48.305493,0,0.079000,0.000000
MP_T_DudukBerdiri_1,movenet,92,3.058420,ok,1,direct,0.346696,6,right_shoulder,1,1,2.000000,563.100000,184.230000,2.000000,375.004150,296.191376,218.895862,48.305493,0,0.079000,0.000000
MP_T_DudukBerdiri_1,movenet,92,3.058420,ok,1,direct,0.346696,7,left_elbow,1,1,2.000000,688.300000,281.290000,0.000000,581.520630,293.227112,,48.305493,0,0.072000,0.000000
MP_T_DudukBerdiri_1,movenet,92,3.058420,ok,1,direct,0.346696,8,right_elbow,1,1,2.000000,556.450000,274.780000,2.000000,565.876526,297.332947,24.443707,48.305493,1,0.072000,0.372364
MP_T_DudukBerdiri_1,movenet,92,3.058420,ok,1,direct,0.346696,9,left_wrist,1,1,2.000000,691.680000,357.570000,2.000000,799.979736,224.012665,171.948814,48.305493,0,0.062000,0.000000
MP_T_DudukBerdiri_1,movenet,92,3.058420,ok,1,direct,0.346696,10,right_wrist,1,1,2.000000,581.350000,358.330000,2.000000,563.586853,246.362793,113.367477,48.305493,0,0.062000,0.000000
MP_T_DudukBerdiri_1,movenet,92,3.058420,ok,1,direct,0.346696,11,left_hip,1,1,2.000000,652.830000,346.600000,2.000000,374.284393,512.683411,324.301333,48.305493,0,0.107000,0.000000
MP_T_DudukBerdiri_1,movenet,92,3.058420,ok,1,direct,0.346696,12,right_hip,1,1,2.000000,582.120000,349.330000,2.000000,388.528320,514.659485,254.581180,48.305493,0,0.107000,0.000000
MP_T_DudukBerdiri_1,movenet,92,3.058420,ok,1,direct,0.346696,13,left_knee,1,1,2.000000,680.340000,463.520000,2.000000,550.707397,484.917480,131.386696,48.305493,0,0.087000,0.000000
MP_T_DudukBerdiri_1,movenet,92,3.058420,ok,1,direct,0.346696,14,right_knee,1,1,2.000000,582.970000,461.550000,2.000000,582.691589,501.120972,39.571951,48.305493,1,0.087000,0.169778
MP_T_DudukBerdiri_1,movenet,92,3.058420,ok,1,direct,0.346696,15,left_ankle,1,1,2.000000,665.590000,604.560000,0.000000,511.187195,638.575012,,48.305493,0,0.089000,0.000000
MP_T_DudukBerdiri_1,movenet,92,3.058420,ok,1,direct,0.346696,16,right_ankle,1,1,2.000000,577.830000,615.610000,2.000000,522.288269,638.757019,60.171990,48.305493,0,0.089000,0.019884
MP_T_DudukBerdiri_1,movenet,93,3.091664,ok,1,direct,0.368267,0,nose,0,0,0.000000,0.000000,0.000000,2.000000,636.096313,95.383507,,,,0.026000,
MP_T_DudukBerdiri_1,movenet,93,3.091664,ok,1,direct,0.368267,1,left_eye,0,0,0.000000,0.000000,0.000000,2.000000,652.626831,85.229683,,,,0.025000,
MP_T_DudukBerdiri_1,movenet,93,3.091664,ok,1,direct,0.368267,2,right_eye,0,0,0.000000,0.000000,0.000000,2.000000,431.272736,210.533752,,,,0.025000,
MP_T_DudukBerdiri_1,movenet,93,3.091664,ok,1,direct,0.368267,3,left_ear,0,0,0.000000,0.000000,0.000000,2.000000,666.267029,93.570290,,,,0.035000,
MP_T_DudukBerdiri_1,movenet,93,3.091664,ok,1,direct,0.368267,4,right_ear,0,0,0.000000,0.000000,0.000000,2.000000,399.867615,217.965546,,,,0.035000,
MP_T_DudukBerdiri_1,movenet,93,3.091664,ok,1,direct,0.368267,5,left_shoulder,1,1,2.000000,682.530000,199.530000,2.000000,306.878021,275.332153,383.223663,47.769984,0,0.079000,0.000000
MP_T_DudukBerdiri_1,movenet,93,3.091664,ok,1,direct,0.368267,6,right_shoulder,1,1,2.000000,559.770000,190.340000,2.000000,360.928162,289.544800,222.215366,47.769984,0,0.079000,0.000000
MP_T_DudukBerdiri_1,movenet,93,3.091664,ok,1,direct,0.368267,7,left_elbow,1,1,2.000000,685.820000,286.760000,0.000000,612.311646,270.529785,,47.769984,0,0.072000,0.000000
MP_T_DudukBerdiri_1,movenet,93,3.091664,ok,1,direct,0.368267,8,right_elbow,1,1,2.000000,554.560000,280.690000,2.000000,559.280334,277.628510,5.626214,47.769984,1,0.072000,0.947890
MP_T_DudukBerdiri_1,movenet,93,3.091664,ok,1,direct,0.368267,9,left_wrist,1,1,2.000000,688.680000,361.520000,2.000000,789.747253,227.875504,167.557277,47.769984,0,0.062000,0.000000
MP_T_DudukBerdiri_1,movenet,93,3.091664,ok,1,direct,0.368267,10,right_wrist,1,1,2.000000,581.350000,360.500000,2.000000,562.175659,239.601089,122.409975,47.769984,0,0.062000,0.000000
MP_T_DudukBerdiri_1,movenet,93,3.091664,ok,1,direct,0.368267,11,left_hip,1,1,2.000000,646.760000,348.770000,0.000000,525.286194,431.391083,,47.769984,0,0.107000,0.000000
MP_T_DudukBerdiri_1,movenet,93,3.091664,ok,1,direct,0.368267,12,right_hip,1,1,2.000000,574.510000,353.730000,0.000000,502.395691,439.297180,,47.769984,0,0.107000,0.000000
MP_T_DudukBerdiri_1,movenet,93,3.091664,ok,1,direct,0.368267,13,left_knee,1,1,2.000000,683.250000,464.100000,2.000000,566.295898,484.107910,118.653185,47.769984,0,0.087000,0.000000
MP_T_DudukBerdiri_1,movenet,93,3.091664,ok,1,direct,0.368267,14,right_knee,1,1,2.000000,582.280000,461.800000,2.000000,584.865601,497.707275,36.000247,47.769984,1,0.087000,0.222975
MP_T_DudukBerdiri_1,movenet,93,3.091664,ok,1,direct,0.368267,15,left_ankle,1,1,2.000000,665.590000,604.710000,0.000000,512.099548,637.116760,,47.769984,0,0.089000,0.000000
MP_T_DudukBerdiri_1,movenet,93,3.091664,ok,1,direct,0.368267,16,right_ankle,1,1,2.000000,577.830000,615.700000,0.000000,657.776733,564.741699,,47.769984,0,0.089000,0.000000
MP_T_DudukBerdiri_1,movenet,94,3.124907,ok,1,direct,0.356035,0,nose,0,0,0.000000,0.000000,0.000000,2.000000,435.613739,218.830261,,,,0.026000,
MP_T_DudukBerdiri_1,movenet,94,3.124907,ok,1,direct,0.356035,1,left_eye,0,0,0.000000,0.000000,0.000000,2.000000,653.742310,95.758163,,,,0.025000,
MP_T_DudukBerdiri_1,movenet,94,3.124907,ok,1,direct,0.356035,2,right_eye,0,0,0.000000,0.000000,0.000000,2.000000,429.798950,208.731949,,,,0.025000,
MP_T_DudukBerdiri_1,movenet,94,3.124907,ok,1,direct,0.356035,3,left_ear,0,0,0.000000,0.000000,0.000000,2.000000,668.186279,104.931503,,,,0.035000,
MP_T_DudukBerdiri_1,movenet,94,3.124907,ok,1,direct,0.356035,4,right_ear,0,0,0.000000,0.000000,0.000000,2.000000,405.750122,214.686356,,,,0.035000,
MP_T_DudukBerdiri_1,movenet,94,3.124907,ok,1,direct,0.356035,5,left_shoulder,1,1,2.000000,682.290000,207.330000,2.000000,289.519897,281.629150,399.735809,47.394253,0,0.079000,0.000000
MP_T_DudukBerdiri_1,movenet,94,3.124907,ok,1,direct,0.356035,6,right_shoulder,1,1,2.000000,561.550000,196.720000,2.000000,378.320465,292.106476,206.571155,47.394253,0,0.079000,0.000000
MP_T_DudukBerdiri_1,movenet,94,3.124907,ok,1,direct,0.356035,7,left_elbow,1,1,2.000000,685.020000,294.180000,0.000000,573.558594,264.139252,,47.394253,0,0.072000,0.000000
MP_T_DudukBerdiri_1,movenet,94,3.124907,ok,1,direct,0.356035,8,right_elbow,1,1,2.000000,554.440000,287.890000,2.000000,566.353699,267.565491,23.558903,47.394253,1,0.072000,0.385472
MP_T_DudukBerdiri_1,movenet,94,3.124907,ok,1,direct,0.356035,9,left_wrist,1,1,2.000000,688.440000,371.680000,2.000000,804.363159,227.994446,184.617760,47.394253,0,0.062000,0.000000
MP_T_DudukBerdiri_1,movenet,94,3.124907,ok,1,direct,0.356035,10,right_wrist,1,1,2.000000,579.930000,371.960000,2.000000,578.659546,211.807465,160.157574,47.394253,0,0.062000,0.000000
MP_T_DudukBerdiri_1,movenet,94,3.124907,ok,1,direct,0.356035,11,left_hip,1,1,2.000000,643.080000,351.120000,2.000000,671.615967,328.925934,36.150767,47.394253,1,0.107000,0.361911
MP_T_DudukBerdiri_1,movenet,94,3.124907,ok,1,direct,0.356035,12,right_hip,1,1,2.000000,573.050000,354.760000,2.000000,389.051971,514.635864,243.753085,47.394253,0,0.107000,0.000000
MP_T_DudukBerdiri_1,movenet,94,3.124907,ok,1,direct,0.356035,13,left_knee,1,1,2.000000,686.120000,466.430000,0.000000,557.706970,478.609863,,47.394253,0,0.087000,0.000000
MP_T_DudukBerdiri_1,movenet,94,3.124907,ok,1,direct,0.356035,14,right_knee,1,1,2.000000,582.140000,463.340000,2.000000,588.076416,485.954773,23.380954,47.394253,1,0.087000,0.525671
MP_T_DudukBerdiri_1,movenet,94,3.124907,ok,1,direct,0.356035,15,left_ankle,1,1,2.000000,665.590000,604.850000,0.000000,671.342041,561.537231,,47.394253,0,0.089000,0.000000
MP_T_DudukBerdiri_1,movenet,94,3.124907,ok,1,direct,0.356035,16,right_ankle,1,1,2.000000,577.830000,615.790000,2.000000,667.836182,561.294617,105.218152,47.394253,0,0.089000,0.000004
MP_T_DudukBerdiri_1,movenet,95,3.158151,ok,1,direct,0.276989,0,nose,0,0,0.000000,0.000000,0.000000,2.000000,434.859924,219.661530,,,,0.026000,
MP_T_DudukBerdiri_1,movenet,95,3.158151,ok,1,direct,0.276989,1,left_eye,0,0,0.000000,0.000000,0.000000,2.000000,409.157440,205.589432,,,,0.025000,
MP_T_DudukBerdiri_1,movenet,95,3.158151,ok,1,direct,0.276989,2,right_eye,0,0,0.000000,0.000000,0.000000,2.000000,428.308594,208.885162,,,,0.025000,
MP_T_DudukBerdiri_1,movenet,95,3.158151,ok,1,direct,0.276989,3,left_ear,0,0,0.000000,0.000000,0.000000,2.000000,332.241791,210.717300,,,,0.035000,
MP_T_DudukBerdiri_1,movenet,95,3.158151,ok,1,direct,0.276989,4,right_ear,0,0,0.000000,0.000000,0.000000,2.000000,407.457458,216.181320,,,,0.035000,
MP_T_DudukBerdiri_1,movenet,95,3.158151,ok,1,direct,0.276989,5,left_shoulder,1,1,2.000000,682.050000,215.120000,2.000000,286.992737,280.397675,400.414056,47.154674,0,0.079000,0.000000
MP_T_DudukBerdiri_1,movenet,95,3.158151,ok,1,direct,0.276989,6,right_shoulder,1,1,2.000000,563.320000,203.100000,2.000000,397.238159,291.099609,187.955072,47.154674,0,0.079000,0.000000
MP_T_DudukBerdiri_1,movenet,95,3.158151,ok,1,direct,0.276989,7,left_elbow,1,1,2.000000,684.220000,301.590000,2.000000,522.372253,261.766571,166.675129,47.154674,0,0.072000,0.000000
MP_T_DudukBerdiri_1,movenet,95,3.158151,ok,1,direct,0.276989,8,right_elbow,1,1,2.000000,554.320000,295.100000,0.000000,574.902405,278.033051,,47.154674,0,0.072000,0.000000
MP_T_DudukBerdiri_1,movenet,95,3.158151,ok,1,direct,0.276989,9,left_wrist,1,1,2.000000,688.210000,381.840000,0.000000,581.826721,202.985352,,47.154674,0,0.062000,0.000000
MP_T_DudukBerdiri_1,movenet,95,3.158151,ok,1,direct,0.276989,10,right_wrist,1,1,2.000000,578.510000,383.420000,2.000000,580.477539,199.298187,184.132325,47.154674,0,0.062000,0.000000
MP_T_DudukBerdiri_1,movenet,95,3.158151,ok,1,direct,0.276989,11,left_hip,1,1,2.000000,639.400000,353.470000,2.000000,394.537231,502.910339,286.862668,47.154674,0,0.107000,0.000000
MP_T_DudukBerdiri_1,movenet,95,3.158151,ok,1,direct,0.276989,12,right_hip,1,1,2.000000,571.580000,355.780000,2.000000,398.733948,503.769714,227.544970,47.154674,0,0.107000,0.000000
MP_T_DudukBerdiri_1,movenet,95,3.158151,ok,1,direct,0.276989,13,left_knee,1,1,2.000000,688.990000,468.750000,0.000000,502.393463,477.438385,,47.154674,0,0.087000,0.000000
MP_T_DudukBerdiri_1,movenet,95,3.158151,ok,1,direct,0.276989,14,right_knee,1,1,2.000000,582.010000,464.870000,2.000000,589.844482,490.794159,27.082118,47.154674,1,0.087000,0.418290
MP_T_DudukBerdiri_1,movenet,95,3.158151,ok,1,direct,0.276989,15,left_ankle,1,1,2.000000,665.590000,605.000000,0.000000,672.647949,550.881897,,47.154674,0,0.089000,0.000000
MP_T_DudukBerdiri_1,movenet,95,3.158151,ok,1,direct,0.276989,16,right_ankle,1,1,2.000000,577.830000,615.880000,2.000000,666.614014,549.539246,110.831840,47.154674,0,0.089000,0.000001
MP_T_DudukBerdiri_1,movenet,96,3.191395,ok,1,direct,0.419001,0,nose,0,0,0.000000,0.000000,0.000000,2.000000,645.386597,129.369904,,,,0.026000,
MP_T_DudukBerdiri_1,movenet,96,3.191395,ok,1,direct,0.419001,1,left_eye,0,0,0.000000,0.000000,0.000000,2.000000,661.309875,118.736794,,,,0.025000,
MP_T_DudukBerdiri_1,movenet,96,3.191395,ok,1,direct,0.419001,2,right_eye,0,0,0.000000,0.000000,0.000000,2.000000,629.069702,118.172058,,,,0.025000,
MP_T_DudukBerdiri_1,movenet,96,3.191395,ok,1,direct,0.419001,3,left_ear,0,0,0.000000,0.000000,0.000000,2.000000,672.309875,127.685272,,,,0.035000,
MP_T_DudukBerdiri_1,movenet,96,3.191395,ok,1,direct,0.419001,4,right_ear,0,0,0.000000,0.000000,0.000000,2.000000,594.980225,126.321724,,,,0.035000,
MP_T_DudukBerdiri_1,movenet,96,3.191395,ok,1,direct,0.419001,5,left_shoulder,1,1,2.000000,681.820000,222.920000,2.000000,658.991760,190.802872,39.403534,47.310639,1,0.079000,0.108290
MP_T_DudukBerdiri_1,movenet,96,3.191395,ok,1,direct,0.419001,6,right_shoulder,1,1,2.000000,565.090000,209.480000,2.000000,581.180298,182.575989,31.348421,47.310639,1,0.079000,0.244880
MP_T_DudukBerdiri_1,movenet,96,3.191395,ok,1,direct,0.419001,7,left_elbow,1,1,2.000000,683.420000,309.000000,2.000000,683.083435,269.559418,39.442018,47.310639,1,0.072000,0.068466
MP_T_DudukBerdiri_1,movenet,96,3.191395,ok,1,direct,0.419001,8,right_elbow,1,1,2.000000,554.200000,302.310000,2.000000,537.147644,260.864197,44.816709,47.310639,1,0.072000,0.031367
MP_T_DudukBerdiri_1,movenet,96,3.191395,ok,1,direct,0.419001,9,left_wrist,1,1,2.000000,687.970000,392.000000,2.000000,800.615967,238.374496,190.499105,47.310639,0,0.062000,0.000000
MP_T_DudukBerdiri_1,movenet,96,3.191395,ok,1,direct,0.419001,10,right_wrist,1,1,2.000000,577.100000,394.880000,2.000000,572.049316,204.150070,190.796791,47.310639,0,0.062000,0.000000
MP_T_DudukBerdiri_1,movenet,96,3.191395,ok,1,direct,0.419001,11,left_hip,1,1,2.000000,635.730000,355.820000,2.000000,658.257751,332.493134,32.429035,47.310639,1,0.107000,0.440100
MP_T_DudukBerdiri_1,movenet,96,3.191395,ok,1,direct,0.419001,12,right_hip,1,1,2.000000,570.110000,356.810000,2.000000,598.928772,332.610199,37.631795,47.310639,1,0.107000,0.331133
MP_T_DudukBerdiri_1,movenet,96,3.191395,ok,1,direct,0.419001,13,left_knee,1,1,2.000000,691.860000,471.080000,2.000000,673.857300,439.024689,36.764660,47.310639,1,0.087000,0.202779
MP_T_DudukBerdiri_1,movenet,96,3.191395,ok,1,direct,0.419001,14,right_knee,1,1,2.000000,581.870000,466.410000,2.000000,615.885132,441.625366,42.086901,47.310639,1,0.087000,0.123555
MP_T_DudukBerdiri_1,movenet,96,3.191395,ok,1,direct,0.419001,15,left_ankle,1,1,2.000000,665.590000,605.140000,0.000000,684.280640,541.925049,,47.310639,0,0.089000,0.000000
MP_T_DudukBerdiri_1,movenet,96,3.191395,ok,1,direct,0.419001,16,right_ankle,1,1,2.000000,577.830000,615.970000,0.000000,651.487915,529.872437,,47.310639,0,0.089000,0.000000
MP_T_DudukBerdiri_1,movenet,97,3.224638,ok,1,direct,0.418946,0,nose,0,0,0.000000,0.000000,0.000000,2.000000,636.149475,144.513351,,,,0.026000,
MP_T_DudukBerdiri_1,movenet,97,3.224638,ok,1,direct,0.418946,1,left_eye,0,0,0.000000,0.000000,0.000000,2.000000,655.724243,135.474106,,,,0.025000,
MP_T_DudukBerdiri_1,movenet,97,3.224638,ok,1,direct,0.418946,2,right_eye,0,0,0.000000,0.000000,0.000000,2.000000,623.913696,134.298721,,,,0.025000,
MP_T_DudukBerdiri_1,movenet,97,3.224638,ok,1,direct,0.418946,3,left_ear,0,0,0.000000,0.000000,0.000000,2.000000,671.290649,142.495438,,,,0.035000,
MP_T_DudukBerdiri_1,movenet,97,3.224638,ok,1,direct,0.418946,4,right_ear,0,0,0.000000,0.000000,0.000000,2.000000,591.696716,141.787491,,,,0.035000,
MP_T_DudukBerdiri_1,movenet,97,3.224638,ok,1,direct,0.418946,5,left_shoulder,1,1,2.000000,681.580000,230.720000,2.000000,663.080322,202.271042,33.934957,47.450239,1,0.079000,0.194163
MP_T_DudukBerdiri_1,movenet,97,3.224638,ok,1,direct,0.418946,6,right_shoulder,1,1,2.000000,566.860000,215.860000,2.000000,577.158875,197.419708,21.121344,47.450239,1,0.079000,0.529960
MP_T_DudukBerdiri_1,movenet,97,3.224638,ok,1,direct,0.418946,7,left_elbow,1,1,2.000000,682.620000,316.410000,2.000000,687.543335,272.211029,44.472331,47.450239,1,0.072000,0.033743
MP_T_DudukBerdiri_1,movenet,97,3.224638,ok,1,direct,0.418946,8,right_elbow,1,1,2.000000,554.080000,309.510000,2.000000,508.244263,258.885529,68.291668,47.450239,0,0.072000,0.000338
MP_T_DudukBerdiri_1,movenet,97,3.224638,ok,1,direct,0.418946,9,left_wrist,1,1,2.000000,687.740000,402.160000,2.000000,801.619507,243.120255,195.607215,47.450239,0,0.062000,0.000000
MP_T_DudukBerdiri_1,movenet,97,3.224638,ok,1,direct,0.418946,10,right_wrist,1,1,2.000000,575.680000,406.340000,2.000000,571.855957,196.199341,210.175450,47.450239,0,0.062000,0.000000
MP_T_DudukBerdiri_1,movenet,97,3.224638,ok,1,direct,0.418946,11,left_hip,1,1,2.000000,632.050000,358.170000,2.000000,656.736389,342.671692,29.148162,47.450239,1,0.107000,0.517272
MP_T_DudukBerdiri_1,movenet,97,3.224638,ok,1,direct,0.418946,12,right_hip,1,1,2.000000,568.650000,357.830000,2.000000,592.512573,345.294434,26.954829,47.450239,1,0.107000,0.569092
MP_T_DudukBerdiri_1,movenet,97,3.224638,ok,1,direct,0.418946,13,left_knee,1,1,2.000000,694.730000,473.400000,2.000000,676.865601,447.639740,31.348489,47.450239,1,0.087000,0.315589
MP_T_DudukBerdiri_1,movenet,97,3.224638,ok,1,direct,0.418946,14,right_knee,1,1,2.000000,581.730000,467.950000,2.000000,601.969238,452.455353,25.489426,47.450239,1,0.087000,0.466503
MP_T_DudukBerdiri_1,movenet,97,3.224638,ok,1,direct,0.418946,15,left_ankle,1,1,2.000000,665.590000,605.290000,2.000000,670.665894,565.474487,40.137760,47.450239,1,0.089000,0.164200
MP_T_DudukBerdiri_1,movenet,97,3.224638,ok,1,direct,0.418946,16,right_ankle,1,1,2.000000,577.830000,616.060000,2.000000,658.136597,558.328857,98.904167,47.450239,0,0.089000,0.000017
MP_T_DudukBerdiri_1,movenet,98,3.257882,ok,1,direct,0.393207,0,nose,0,0,0.000000,0.000000,0.000000,2.000000,650.563416,158.509888,,,,0.026000,
MP_T_DudukBerdiri_1,movenet,98,3.257882,ok,1,direct,0.393207,1,left_eye,0,0,0.000000,0.000000,0.000000,2.000000,664.303833,148.207275,,,,0.025000,
MP_T_DudukBerdiri_1,movenet,98,3.257882,ok,1,direct,0.393207,2,right_eye,0,0,0.000000,0.000000,0.000000,2.000000,630.851501,147.954819,,,,0.025000,
MP_T_DudukBerdiri_1,movenet,98,3.257882,ok,1,direct,0.393207,3,left_ear,0,0,0.000000,0.000000,0.000000,2.000000,671.047241,155.621979,,,,0.035000,
MP_T_DudukBerdiri_1,movenet,98,3.257882,ok,1,direct,0.393207,4,right_ear,0,0,0.000000,0.000000,0.000000,2.000000,589.897522,155.166504,,,,0.035000,
MP_T_DudukBerdiri_1,movenet,98,3.257882,ok,1,direct,0.393207,5,left_shoulder,1,1,2.000000,681.030000,242.880000,2.000000,667.077332,219.266403,27.427703,46.908833,1,0.079000,0.334344
MP_T_DudukBerdiri_1,movenet,98,3.257882,ok,1,direct,0.393207,6,right_shoulder,1,1,2.000000,566.860000,227.280000,2.000000,578.594788,212.371307,18.972990,46.908833,1,0.079000,0.591999
MP_T_DudukBerdiri_1,movenet,98,3.257882,ok,1,direct,0.393207,7,left_elbow,1,1,2.000000,681.940000,326.240000,2.000000,694.857117,275.745178,52.120811,46.908833,0,0.072000,0.008540
MP_T_DudukBerdiri_1,movenet,98,3.257882,ok,1,direct,0.393207,8,right_elbow,1,1,2.000000,553.950000,320.330000,2.000000,519.992737,253.666077,74.814266,46.908833,0,0.072000,0.000055
MP_T_DudukBerdiri_1,movenet,98,3.257882,ok,1,direct,0.393207,9,left_wrist,1,1,2.000000,688.830000,408.290000,2.000000,802.092590,251.955124,193.051827,46.908833,0,0.062000,0.000000
MP_T_DudukBerdiri_1,movenet,98,3.257882,ok,1,direct,0.393207,10,right_wrist,1,1,2.000000,577.050000,415.380000,2.000000,577.442688,202.662720,212.717643,46.908833,0,0.062000,0.000000
MP_T_DudukBerdiri_1,movenet,98,3.257882,ok,1,direct,0.393207,11,left_hip,1,1,2.000000,630.960000,365.080000,2.000000,663.056702,359.685638,32.546849,46.908833,1,0.107000,0.431300
MP_T_DudukBerdiri_1,movenet,98,3.257882,ok,1,direct,0.393207,12,right_hip,1,1,2.000000,565.780000,364.880000,2.000000,592.686829,367.979645,27.084778,46.908833,1,0.107000,0.558569
MP_T_DudukBerdiri_1,movenet,98,3.257882,ok,1,direct,0.393207,13,left_knee,1,1,2.000000,695.410000,474.940000,2.000000,682.152100,465.075012,16.525432,46.908833,1,0.087000,0.720410
MP_T_DudukBerdiri_1,movenet,98,3.257882,ok,1,direct,0.393207,14,right_knee,1,1,2.000000,581.460000,469.080000,2.000000,607.845337,477.932556,27.830806,46.908833,1,0.087000,0.394511
MP_T_DudukBerdiri_1,movenet,98,3.257882,ok,1,direct,0.393207,15,left_ankle,1,1,2.000000,665.590000,605.430000,2.000000,669.128418,572.374756,33.244091,46.908833,1,0.089000,0.281352
MP_T_DudukBerdiri_1,movenet,98,3.257882,ok,1,direct,0.393207,16,right_ankle,1,1,2.000000,577.830000,616.160000,2.000000,669.795227,568.884277,103.405014,46.908833,0,0.089000,0.000005
MP_T_DudukBerdiri_1,movenet,99,3.291126,ok,1,direct,0.408732,0,nose,0,0,0.000000,0.000000,0.000000,2.000000,652.517822,172.973694,,,,0.026000,
MP_T_DudukBerdiri_1,movenet,99,3.291126,ok,1,direct,0.408732,1,left_eye,0,0,0.000000,0.000000,0.000000,2.000000,666.633911,162.175446,,,,0.025000,
MP_T_DudukBerdiri_1,movenet,99,3.291126,ok,1,direct,0.408732,2,right_eye,0,0,0.000000,0.000000,0.000000,2.000000,633.746399,162.719818,,,,0.025000,
MP_T_DudukBerdiri_1,movenet,99,3.291126,ok,1,direct,0.408732,3,left_ear,0,0,0.000000,0.000000,0.000000,2.000000,673.807739,169.525009,,,,0.035000,
MP_T_DudukBerdiri_1,movenet,99,3.291126,ok,1,direct,0.408732,4,right_ear,0,0,0.000000,0.000000,0.000000,2.000000,593.286682,170.725098,,,,0.035000,
MP_T_DudukBerdiri_1,movenet,99,3.291126,ok,1,direct,0.408732,5,left_shoulder,1,1,2.000000,680.490000,255.040000,2.000000,669.850525,238.127167,19.981050,46.355837,1,0.079000,0.551346
MP_T_DudukBerdiri_1,movenet,99,3.291126,ok,1,direct,0.408732,6,right_shoulder,1,1,2.000000,566.860000,238.700000,2.000000,577.236511,224.873505,17.287104,46.355837,1,0.079000,0.640396
MP_T_DudukBerdiri_1,movenet,99,3.291126,ok,1,direct,0.408732,7,left_elbow,1,1,2.000000,681.260000,336.070000,2.000000,706.887146,281.206726,60.553525,46.355837,0,0.072000,0.001383
MP_T_DudukBerdiri_1,movenet,99,3.291126,ok,1,direct,0.408732,8,right_elbow,1,1,2.000000,553.810000,331.140000,2.000000,514.303955,263.373962,78.440828,46.355837,0,0.072000,0.000016
MP_T_DudukBerdiri_1,movenet,99,3.291126,ok,1,direct,0.408732,9,left_wrist,1,1,2.000000,689.920000,414.420000,2.000000,801.311157,258.190613,191.873946,46.355837,0,0.062000,0.000000
MP_T_DudukBerdiri_1,movenet,99,3.291126,ok,1,direct,0.408732,10,right_wrist,1,1,2.000000,578.410000,424.410000,2.000000,568.947510,210.085495,214.533289,46.355837,0,0.062000,0.000000
MP_T_DudukBerdiri_1,movenet,99,3.291126,ok,1,direct,0.408732,11,left_hip,1,1,2.000000,629.870000,371.990000,2.000000,663.405640,370.175323,33.584702,46.355837,1,0.107000,0.399744
MP_T_DudukBerdiri_1,movenet,99,3.291126,ok,1,direct,0.408732,12,right_hip,1,1,2.000000,562.910000,371.940000,2.000000,593.421814,375.987305,30.779075,46.355837,1,0.107000,0.462952
MP_T_DudukBerdiri_1,movenet,99,3.291126,ok,1,direct,0.408732,13,left_knee,1,1,2.000000,696.100000,476.490000,2.000000,684.153992,462.113708,18.691840,46.355837,1,0.087000,0.650755
MP_T_DudukBerdiri_1,movenet,99,3.291126,ok,1,direct,0.408732,14,right_knee,1,1,2.000000,581.190000,470.210000,2.000000,588.190796,477.850739,10.363013,46.355837,1,0.087000,0.876293
MP_T_DudukBerdiri_1,movenet,99,3.291126,ok,1,direct,0.408732,15,left_ankle,1,1,2.000000,665.590000,605.580000,2.000000,671.107544,570.803650,35.211331,46.355837,1,0.089000,0.232976
MP_T_DudukBerdiri_1,movenet,99,3.291126,ok,1,direct,0.408732,16,right_ankle,1,1,2.000000,577.830000,616.250000,2.000000,664.965088,568.401001,99.408502,46.355837,0,0.089000,0.000009
MP_T_DudukBerdiri_1,movenet,100,3.324369,ok,1,direct,0.423395,0,nose,0,0,0.000000,0.000000,0.000000,2.000000,658.551147,184.068604,,,,0.026000,
MP_T_DudukBerdiri_1,movenet,100,3.324369,ok,1,direct,0.423395,1,left_eye,0,0,0.000000,0.000000,0.000000,2.000000,669.535889,172.906754,,,,0.025000,
MP_T_DudukBerdiri_1,movenet,100,3.324369,ok,1,direct,0.423395,2,right_eye,0,0,0.000000,0.000000,0.000000,2.000000,637.792664,172.915817,,,,0.025000,
MP_T_DudukBerdiri_1,movenet,100,3.324369,ok,1,direct,0.423395,3,left_ear,0,0,0.000000,0.000000,0.000000,2.000000,671.350464,178.945160,,,,0.035000,
MP_T_DudukBerdiri_1,movenet,100,3.324369,ok,1,direct,0.423395,4,right_ear,0,0,0.000000,0.000000,0.000000,2.000000,591.832275,178.616928,,,,0.035000,
MP_T_DudukBerdiri_1,movenet,100,3.324369,ok,1,direct,0.423395,5,left_shoulder,1,1,2.000000,679.940000,267.190000,2.000000,671.005249,242.181808,26.556344,45.785724,1,0.079000,0.340247
MP_T_DudukBerdiri_1,movenet,100,3.324369,ok,1,direct,0.423395,6,right_shoulder,1,1,2.000000,566.860000,250.130000,2.000000,572.994446,234.353699,16.926993,45.785724,1,0.079000,0.645325
MP_T_DudukBerdiri_1,movenet,100,3.324369,ok,1,direct,0.423395,7,left_elbow,1,1,2.000000,680.570000,345.890000,2.000000,711.955200,287.308990,66.458750,45.785724,0,0.072000,0.000295
MP_T_DudukBerdiri_1,movenet,100,3.324369,ok,1,direct,0.423395,8,right_elbow,1,1,2.000000,553.670000,341.950000,2.000000,515.245117,279.023071,73.731065,45.785724,0,0.072000,0.000045
MP_T_DudukBerdiri_1,movenet,100,3.324369,ok,1,direct,0.423395,9,left_wrist,1,1,2.000000,691.020000,420.550000,2.000000,803.375977,265.495209,191.483299,45.785724,0,0.062000,0.000000
MP_T_DudukBerdiri_1,movenet,100,3.324369,ok,1,direct,0.423395,10,right_wrist,1,1,2.000000,579.780000,433.440000,2.000000,553.505371,224.348938,210.735446,45.785724,0,0.062000,0.000000
MP_T_DudukBerdiri_1,movenet,100,3.324369,ok,1,direct,0.423395,11,left_hip,1,1,2.000000,628.770000,378.900000,2.000000,663.536621,371.739288,35.496390,45.785724,1,0.107000,0.349954
MP_T_DudukBerdiri_1,movenet,100,3.324369,ok,1,direct,0.423395,12,right_hip,1,1,2.000000,560.040000,378.990000,2.000000,590.826904,377.327240,30.831773,45.785724,1,0.107000,0.452877
MP_T_DudukBerdiri_1,movenet,100,3.324369,ok,1,direct,0.423395,13,left_knee,1,1,2.000000,696.780000,478.040000,2.000000,691.074341,469.286285,10.449022,45.785724,1,0.087000,0.871429
MP_T_DudukBerdiri_1,movenet,100,3.324369,ok,1,direct,0.423395,14,right_knee,1,1,2.000000,580.910000,471.340000,2.000000,592.303467,475.939850,12.286973,45.785724,1,0.087000,0.826717
MP_T_DudukBerdiri_1,movenet,100,3.324369,ok,1,direct,0.423395,15,left_ankle,1,1,2.000000,665.590000,605.720000,2.000000,671.970825,574.864563,31.508299,45.785724,1,0.089000,0.302478
MP_T_DudukBerdiri_1,movenet,100,3.324369,ok,1,direct,0.423395,16,right_ankle,1,1,2.000000,577.830000,616.340000,2.000000,665.465088,572.692932,97.902886,45.785724,0,0.089000,0.000010
MP_T_DudukBerdiri_1,movenet,101,3.357613,ok,1,direct,0.417741,0,nose,0,0,0.000000,0.000000,0.000000,2.000000,653.689636,192.376114,,,,0.026000,
MP_T_DudukBerdiri_1,movenet,101,3.357613,ok,1,direct,0.417741,1,left_eye,0,0,0.000000,0.000000,0.000000,2.000000,664.635742,183.334244,,,,0.025000,
MP_T_DudukBerdiri_1,movenet,101,3.357613,ok,1,direct,0.417741,2,right_eye,0,0,0.000000,0.000000,0.000000,2.000000,633.654541,183.290390,,,,0.025000,
MP_T_DudukBerdiri_1,movenet,101,3.357613,ok,1,direct,0.417741,3,left_ear,0,0,0.000000,0.000000,0.000000,2.000000,671.935303,189.836105,,,,0.035000,
MP_T_DudukBerdiri_1,movenet,101,3.357613,ok,1,direct,0.417741,4,right_ear,0,0,0.000000,0.000000,0.000000,2.000000,597.002136,188.749573,,,,0.035000,
MP_T_DudukBerdiri_1,movenet,101,3.357613,ok,1,direct,0.417741,5,left_shoulder,1,1,2.000000,679.390000,279.350000,2.000000,669.074768,248.297729,32.720751,45.199261,1,0.079000,0.186482
MP_T_DudukBerdiri_1,movenet,101,3.357613,ok,1,direct,0.417741,6,right_shoulder,1,1,2.000000,566.860000,261.550000,2.000000,582.380615,242.669067,24.441340,45.199261,1,0.079000,0.391782
MP_T_DudukBerdiri_1,movenet,101,3.357613,ok,1,direct,0.417741,7,left_elbow,1,1,2.000000,679.890000,355.720000,2.000000,714.786743,293.896545,70.992410,45.199261,0,0.072000,0.000074
MP_T_DudukBerdiri_1,movenet,101,3.357613,ok,1,direct,0.417741,8,right_elbow,1,1,2.000000,553.540000,352.770000,2.000000,520.684937,285.522827,74.844088,45.199261,0,0.072000,0.000025
MP_T_DudukBerdiri_1,movenet,101,3.357613,ok,1,direct,0.417741,9,left_wrist,1,1,2.000000,692.110000,426.670000,2.000000,797.850891,276.931122,183.310850,45.199261,0,0.062000,0.000000
MP_T_DudukBerdiri_1,movenet,101,3.357613,ok,1,direct,0.417741,10,right_wrist,1,1,2.000000,581.150000,442.480000,2.000000,549.795471,243.921844,201.018526,45.199261,0,0.062000,0.000000
MP_T_DudukBerdiri_1,movenet,101,3.357613,ok,1,direct,0.417741,11,left_hip,1,1,2.000000,627.680000,385.810000,2.000000,663.229858,370.428223,38.734887,45.199261,1,0.107000,0.277223
MP_T_DudukBerdiri_1,movenet,101,3.357613,ok,1,direct,0.417741,12,right_hip,1,1,2.000000,557.170000,386.050000,2.000000,598.577515,375.257385,42.790920,45.199261,1,0.107000,0.208946
MP_T_DudukBerdiri_1,movenet,101,3.357613,ok,1,direct,0.417741,13,left_knee,1,1,2.000000,697.460000,479.580000,2.000000,688.702637,474.097046,10.332192,45.199261,1,0.087000,0.871034
MP_T_DudukBerdiri_1,movenet,101,3.357613,ok,1,direct,0.417741,14,right_knee,1,1,2.000000,580.640000,472.470000,2.000000,612.293274,481.178986,32.829502,45.199261,1,0.087000,0.248085
MP_T_DudukBerdiri_1,movenet,101,3.357613,ok,1,direct,0.417741,15,left_ankle,1,1,2.000000,665.590000,605.870000,2.000000,674.127930,577.474182,29.651622,45.199261,1,0.089000,0.337349
MP_T_DudukBerdiri_1,movenet,101,3.357613,ok,1,direct,0.417741,16,right_ankle,1,1,2.000000,577.830000,616.430000,2.000000,668.969055,577.219238,99.215983,45.199261,0,0.089000,0.000005
MP_T_DudukBerdiri_1,movenet,102,3.390857,ok,1,direct,0.435466,0,nose,0,0,0.000000,0.000000,0.000000,2.000000,651.109009,204.112823,,,,0.026000,
MP_T_DudukBerdiri_1,movenet,102,3.390857,ok,1,direct,0.435466,1,left_eye,0,0,0.000000,0.000000,0.000000,2.000000,664.555908,194.691269,,,,0.025000,
MP_T_DudukBerdiri_1,movenet,102,3.390857,ok,1,direct,0.435466,2,right_eye,0,0,0.000000,0.000000,0.000000,2.000000,632.941956,193.550537,,,,0.025000,
MP_T_DudukBerdiri_1,movenet,102,3.390857,ok,1,direct,0.435466,3,left_ear,0,0,0.000000,0.000000,0.000000,2.000000,672.749939,198.164642,,,,0.035000,
MP_T_DudukBerdiri_1,movenet,102,3.390857,ok,1,direct,0.435466,4,right_ear,0,0,0.000000,0.000000,0.000000,2.000000,597.069458,197.260147,,,,0.035000,
MP_T_DudukBerdiri_1,movenet,102,3.390857,ok,1,direct,0.435466,5,left_shoulder,1,1,2.000000,677.620000,284.410000,2.000000,664.937073,257.483154,29.764268,45.318084,1,0.079000,0.250984
MP_T_DudukBerdiri_1,movenet,102,3.390857,ok,1,direct,0.435466,6,right_shoulder,1,1,2.000000,565.220000,267.150000,2.000000,585.640015,249.739578,26.834675,45.318084,1,0.079000,0.325096
MP_T_DudukBerdiri_1,movenet,102,3.390857,ok,1,direct,0.435466,7,left_elbow,1,1,2.000000,679.070000,359.960000,2.000000,717.005554,300.090393,70.876485,45.318084,0,0.072000,0.000080
MP_T_DudukBerdiri_1,movenet,102,3.390857,ok,1,direct,0.435466,8,right_elbow,1,1,2.000000,551.900000,359.190000,2.000000,535.285583,307.349426,54.437890,45.318084,0,0.072000,0.003822
MP_T_DudukBerdiri_1,movenet,102,3.390857,ok,1,direct,0.435466,9,left_wrist,1,1,2.000000,694.020000,429.820000,2.000000,769.883789,295.351624,154.392548,45.318084,0,0.062000,0.000000
MP_T_DudukBerdiri_1,movenet,102,3.390857,ok,1,direct,0.435466,10,right_wrist,1,1,2.000000,579.640000,443.300000,2.000000,562.781067,254.998901,189.054297,45.318084,0,0.062000,0.000000
MP_T_DudukBerdiri_1,movenet,102,3.390857,ok,1,direct,0.435466,11,left_hip,1,1,2.000000,623.440000,389.770000,2.000000,647.364624,373.805939,28.761761,45.318084,1,0.107000,0.494781
MP_T_DudukBerdiri_1,movenet,102,3.390857,ok,1,direct,0.435466,12,right_hip,1,1,2.000000,554.710000,390.150000,2.000000,590.380005,377.727203,37.771353,45.318084,1,0.107000,0.297152
MP_T_DudukBerdiri_1,movenet,102,3.390857,ok,1,direct,0.435466,13,left_knee,1,1,2.000000,698.830000,478.490000,2.000000,688.428955,471.754059,12.391717,45.318084,1,0.087000,0.820726
MP_T_DudukBerdiri_1,movenet,102,3.390857,ok,1,direct,0.435466,14,right_knee,1,1,2.000000,581.590000,472.310000,2.000000,587.722717,463.480743,10.750162,45.318084,1,0.087000,0.861837
MP_T_DudukBerdiri_1,movenet,102,3.390857,ok,1,direct,0.435466,15,left_ankle,1,1,2.000000,665.590000,605.870000,2.000000,671.016357,574.335999,31.997478,45.318084,1,0.089000,0.284010
MP_T_DudukBerdiri_1,movenet,102,3.390857,ok,1,direct,0.435466,16,right_ankle,1,1,2.000000,579.570000,616.590000,0.000000,587.690491,502.594482,,45.318084,0,0.089000,0.000000
MP_T_DudukBerdiri_1,movenet,103,3.424100,ok,1,direct,0.372351,0,nose,0,0,0.000000,0.000000,0.000000,2.000000,642.419373,213.744186,,,,0.026000,
MP_T_DudukBerdiri_1,movenet,103,3.424100,ok,1,direct,0.372351,1,left_eye,0,0,0.000000,0.000000,0.000000,2.000000,655.122559,203.783066,,,,0.025000,
MP_T_DudukBerdiri_1,movenet,103,3.424100,ok,1,direct,0.372351,2,right_eye,0,0,0.000000,0.000000,0.000000,2.000000,622.111755,203.262024,,,,0.025000,
MP_T_DudukBerdiri_1,movenet,103,3.424100,ok,1,direct,0.372351,3,left_ear,0,0,0.000000,0.000000,0.000000,2.000000,668.263550,206.765823,,,,0.035000,
MP_T_DudukBerdiri_1,movenet,103,3.424100,ok,1,direct,0.372351,4,right_ear,0,0,0.000000,0.000000,0.000000,2.000000,587.263123,204.538498,,,,0.035000,
MP_T_DudukBerdiri_1,movenet,103,3.424100,ok,1,direct,0.372351,5,left_shoulder,1,1,2.000000,675.840000,289.470000,2.000000,667.790405,260.246643,30.311723,45.421519,1,0.079000,0.239989
MP_T_DudukBerdiri_1,movenet,103,3.424100,ok,1,direct,0.372351,6,right_shoulder,1,1,2.000000,563.580000,272.760000,2.000000,572.013977,263.774841,12.323354,45.421519,1,0.079000,0.789867
MP_T_DudukBerdiri_1,movenet,103,3.424100,ok,1,direct,0.372351,7,left_elbow,1,1,2.000000,678.250000,364.190000,2.000000,712.671753,309.315765,64.776838,45.421519,0,0.072000,0.000391
MP_T_DudukBerdiri_1,movenet,103,3.424100,ok,1,direct,0.372351,8,right_elbow,1,1,2.000000,550.260000,365.610000,2.000000,532.534058,329.620453,40.118033,45.421519,1,0.072000,0.049307
MP_T_DudukBerdiri_1,movenet,103,3.424100,ok,1,direct,0.372351,9,left_wrist,1,1,2.000000,695.940000,432.960000,2.000000,761.001465,304.834747,143.697859,45.421519,0,0.062000,0.000000
MP_T_DudukBerdiri_1,movenet,103,3.424100,ok,1,direct,0.372351,10,right_wrist,1,1,2.000000,578.140000,444.120000,2.000000,556.643127,285.624695,159.946483,45.421519,0,0.062000,0.000000
MP_T_DudukBerdiri_1,movenet,103,3.424100,ok,1,direct,0.372351,11,left_hip,1,1,2.000000,619.200000,393.740000,2.000000,654.755310,395.172485,35.584155,45.421519,1,0.107000,0.342274
MP_T_DudukBerdiri_1,movenet,103,3.424100,ok,1,direct,0.372351,12,right_hip,1,1,2.000000,552.250000,394.250000,2.000000,586.700256,397.274109,34.582733,45.421519,1,0.107000,0.363256
MP_T_DudukBerdiri_1,movenet,103,3.424100,ok,1,direct,0.372351,13,left_knee,1,1,2.000000,700.200000,477.400000,2.000000,689.151001,485.578094,13.746331,45.421519,1,0.087000,0.785045
MP_T_DudukBerdiri_1,movenet,103,3.424100,ok,1,direct,0.372351,14,right_knee,1,1,2.000000,582.540000,472.150000,2.000000,586.099243,489.612823,17.821852,45.421519,1,0.087000,0.665782
MP_T_DudukBerdiri_1,movenet,103,3.424100,ok,1,direct,0.372351,15,left_ankle,1,1,2.000000,665.590000,605.870000,2.000000,674.799438,579.367676,28.056852,45.421519,1,0.089000,0.381595
MP_T_DudukBerdiri_1,movenet,103,3.424100,ok,1,direct,0.372351,16,right_ankle,1,1,2.000000,581.310000,616.750000,2.000000,666.403076,579.609253,92.845391,45.421519,0,0.089000,0.000026
MP_T_DudukBerdiri_1,movenet,104,3.457344,ok,1,direct,0.442737,0,nose,0,0,0.000000,0.000000,0.000000,2.000000,642.114563,221.665924,,,,0.026000,
MP_T_DudukBerdiri_1,movenet,104,3.457344,ok,1,direct,0.442737,1,left_eye,0,0,0.000000,0.000000,0.000000,2.000000,656.638245,209.834076,,,,0.025000,
MP_T_DudukBerdiri_1,movenet,104,3.457344,ok,1,direct,0.442737,2,right_eye,0,0,0.000000,0.000000,0.000000,2.000000,625.160950,208.893372,,,,0.025000,
MP_T_DudukBerdiri_1,movenet,104,3.457344,ok,1,direct,0.442737,3,left_ear,0,0,0.000000,0.000000,0.000000,2.000000,669.231567,215.389343,,,,0.035000,
MP_T_DudukBerdiri_1,movenet,104,3.457344,ok,1,direct,0.442737,4,right_ear,0,0,0.000000,0.000000,0.000000,2.000000,591.477112,211.323914,,,,0.035000,
MP_T_DudukBerdiri_1,movenet,104,3.457344,ok,1,direct,0.442737,5,left_shoulder,1,1,2.000000,674.060000,294.530000,2.000000,666.742004,266.948425,28.535878,45.509488,1,0.079000,0.283667
MP_T_DudukBerdiri_1,movenet,104,3.457344,ok,1,direct,0.442737,6,right_shoulder,1,1,2.000000,561.940000,278.360000,2.000000,576.513062,267.894501,17.941594,45.509488,1,0.079000,0.607700
MP_T_DudukBerdiri_1,movenet,104,3.457344,ok,1,direct,0.442737,7,left_elbow,1,1,2.000000,677.430000,368.430000,2.000000,705.806335,311.661346,63.465711,45.509488,0,0.072000,0.000551
MP_T_DudukBerdiri_1,movenet,104,3.457344,ok,1,direct,0.442737,8,right_elbow,1,1,2.000000,548.620000,372.040000,2.000000,556.300110,327.477570,45.219402,45.509488,1,0.072000,0.022170
MP_T_DudukBerdiri_1,movenet,104,3.457344,ok,1,direct,0.442737,9,left_wrist,1,1,2.000000,697.850000,436.110000,2.000000,754.703674,311.065094,137.362909,45.509488,0,0.062000,0.000000
MP_T_DudukBerdiri_1,movenet,104,3.457344,ok,1,direct,0.442737,10,right_wrist,1,1,2.000000,576.640000,444.940000,2.000000,550.653687,323.065979,124.613665,45.509488,0,0.062000,0.000000
MP_T_DudukBerdiri_1,movenet,104,3.457344,ok,1,direct,0.442737,11,left_hip,1,1,2.000000,614.970000,397.700000,2.000000,655.471252,390.240906,41.182394,45.509488,1,0.107000,0.239194
MP_T_DudukBerdiri_1,movenet,104,3.457344,ok,1,direct,0.442737,12,right_hip,1,1,2.000000,549.790000,398.350000,2.000000,583.095764,396.645966,33.349328,45.509488,1,0.107000,0.391385
MP_T_DudukBerdiri_1,movenet,104,3.457344,ok,1,direct,0.442737,13,left_knee,1,1,2.000000,701.560000,476.300000,2.000000,693.007568,475.241302,8.617710,45.509488,1,0.087000,0.909602
MP_T_DudukBerdiri_1,movenet,104,3.457344,ok,1,direct,0.442737,14,right_knee,1,1,2.000000,583.480000,471.990000,2.000000,583.501343,482.691376,10.701397,45.509488,1,0.087000,0.864066
MP_T_DudukBerdiri_1,movenet,104,3.457344,ok,1,direct,0.442737,15,left_ankle,1,1,2.000000,665.590000,605.870000,2.000000,672.661011,574.209900,32.440116,45.509488,1,0.089000,0.277217
MP_T_DudukBerdiri_1,movenet,104,3.457344,ok,1,direct,0.442737,16,right_ankle,1,1,2.000000,583.050000,616.910000,2.000000,580.821838,484.527283,132.401467,45.509488,0,0.089000,0.000000
MP_T_DudukBerdiri_1,movenet,105,3.490588,ok,1,direct,0.401435,0,nose,0,0,0.000000,0.000000,0.000000,2.000000,641.367188,224.755341,,,,0.026000,
MP_T_DudukBerdiri_1,movenet,105,3.490588,ok,1,direct,0.401435,1,left_eye,0,0,0.000000,0.000000,0.000000,2.000000,653.890869,216.127121,,,,0.025000,
MP_T_DudukBerdiri_1,movenet,105,3.490588,ok,1,direct,0.401435,2,right_eye,0,0,0.000000,0.000000,0.000000,2.000000,625.127136,213.891174,,,,0.025000,
MP_T_DudukBerdiri_1,movenet,105,3.490588,ok,1,direct,0.401435,3,left_ear,0,0,0.000000,0.000000,0.000000,2.000000,667.502441,218.791504,,,,0.035000,
MP_T_DudukBerdiri_1,movenet,105,3.490588,ok,1,direct,0.401435,4,right_ear,0,0,0.000000,0.000000,0.000000,2.000000,593.021057,214.947235,,,,0.035000,
MP_T_DudukBerdiri_1,movenet,105,3.490588,ok,1,direct,0.401435,5,left_shoulder,1,1,2.000000,672.290000,299.580000,2.000000,669.544556,269.017883,30.685183,45.583745,1,0.079000,0.234065
MP_T_DudukBerdiri_1,movenet,105,3.490588,ok,1,direct,0.401435,6,right_shoulder,1,1,2.000000,560.300000,283.960000,2.000000,579.223755,269.249573,23.968837,45.583745,1,0.079000,0.412288
MP_T_DudukBerdiri_1,movenet,105,3.490588,ok,1,direct,0.401435,7,left_elbow,1,1,2.000000,676.610000,372.670000,2.000000,710.759766,317.627808,64.775377,45.583745,0,0.072000,0.000414
MP_T_DudukBerdiri_1,movenet,105,3.490588,ok,1,direct,0.401435,8,right_elbow,1,1,2.000000,546.980000,378.460000,2.000000,551.468384,346.217407,32.553500,45.583745,1,0.072000,0.139790
MP_T_DudukBerdiri_1,movenet,105,3.490588,ok,1,direct,0.401435,9,left_wrist,1,1,2.000000,699.770000,439.250000,2.000000,754.775330,319.130737,132.114434,45.583745,0,0.062000,0.000000
MP_T_DudukBerdiri_1,movenet,105,3.490588,ok,1,direct,0.401435,10,right_wrist,1,1,2.000000,575.130000,445.760000,2.000000,544.127258,370.617310,81.287108,45.583745,0,0.062000,0.000000
MP_T_DudukBerdiri_1,movenet,105,3.490588,ok,1,direct,0.401435,11,left_hip,1,1,2.000000,610.730000,401.670000,2.000000,652.604309,388.267517,43.966855,45.583745,1,0.107000,0.196882
MP_T_DudukBerdiri_1,movenet,105,3.490588,ok,1,direct,0.401435,12,right_hip,1,1,2.000000,547.330000,402.450000,2.000000,582.290344,394.292633,35.899419,45.583745,1,0.107000,0.338419
MP_T_DudukBerdiri_1,movenet,105,3.490588,ok,1,direct,0.401435,13,left_knee,1,1,2.000000,702.930000,475.210000,2.000000,683.262207,474.152374,19.696209,45.583745,1,0.087000,0.610590
MP_T_DudukBerdiri_1,movenet,105,3.490588,ok,1,direct,0.401435,14,right_knee,1,1,2.000000,584.430000,471.830000,2.000000,585.768250,482.987396,11.237366,45.583745,1,0.087000,0.851647
MP_T_DudukBerdiri_1,movenet,105,3.490588,ok,1,direct,0.401435,15,left_ankle,1,1,2.000000,665.590000,605.870000,2.000000,666.174072,575.180237,30.695321,45.583745,1,0.089000,0.318250
MP_T_DudukBerdiri_1,movenet,105,3.490588,ok,1,direct,0.401435,16,right_ankle,1,1,2.000000,584.790000,617.060000,0.000000,660.382019,576.817139,,45.583745,0,0.089000,0.000000
MP_T_DudukBerdiri_1,movenet,106,3.523832,ok,1,direct,0.413290,0,nose,0,0,0.000000,0.000000,0.000000,2.000000,639.760803,228.852661,,,,0.026000,
MP_T_DudukBerdiri_1,movenet,106,3.523832,ok,1,direct,0.413290,1,left_eye,0,0,0.000000,0.000000,0.000000,2.000000,653.144226,218.951172,,,,0.025000,
MP_T_DudukBerdiri_1,movenet,106,3.523832,ok,1,direct,0.413290,2,right_eye,0,0,0.000000,0.000000,0.000000,2.000000,624.569946,217.414566,,,,0.025000,
MP_T_DudukBerdiri_1,movenet,106,3.523832,ok,1,direct,0.413290,3,left_ear,0,0,0.000000,0.000000,0.000000,2.000000,664.732178,222.452286,,,,0.035000,
MP_T_DudukBerdiri_1,movenet,106,3.523832,ok,1,direct,0.413290,4,right_ear,0,0,0.000000,0.000000,0.000000,2.000000,593.693604,219.846451,,,,0.035000,
MP_T_DudukBerdiri_1,movenet,106,3.523832,ok,1,direct,0.413290,5,left_shoulder,1,1,2.000000,669.760000,302.320000,2.000000,667.413879,268.813873,33.588165,45.839280,1,0.079000,0.178964
MP_T_DudukBerdiri_1,movenet,106,3.523832,ok,1,direct,0.413290,6,right_shoulder,1,1,2.000000,560.090000,287.340000,2.000000,569.891785,273.473572,16.980954,45.839280,1,0.079000,0.644185
MP_T_DudukBerdiri_1,movenet,106,3.523832,ok,1,direct,0.413290,7,left_elbow,1,1,2.000000,675.130000,376.040000,2.000000,708.813171,317.600342,67.451832,45.839280,0,0.072000,0.000236
MP_T_DudukBerdiri_1,movenet,106,3.523832,ok,1,direct,0.413290,8,right_elbow,1,1,2.000000,543.820000,380.150000,2.000000,546.501160,352.662354,27.618098,45.839280,1,0.072000,0.246479
MP_T_DudukBerdiri_1,movenet,106,3.523832,ok,1,direct,0.413290,9,left_wrist,1,1,2.000000,700.580000,439.340000,2.000000,749.200928,323.359192,125.759860,45.839280,0,0.062000,0.000000
MP_T_DudukBerdiri_1,movenet,106,3.523832,ok,1,direct,0.413290,10,right_wrist,1,1,2.000000,576.240000,446.980000,2.000000,536.284485,398.122528,63.114941,45.839280,0,0.062000,0.000052
MP_T_DudukBerdiri_1,movenet,106,3.523832,ok,1,direct,0.413290,11,left_hip,1,1,2.000000,611.150000,407.990000,2.000000,655.220703,392.164368,46.826035,45.839280,0,0.107000,0.161557
MP_T_DudukBerdiri_1,movenet,106,3.523832,ok,1,direct,0.413290,12,right_hip,1,1,2.000000,543.950000,408.990000,2.000000,584.864197,395.554169,43.063825,45.839280,1,0.107000,0.214008
MP_T_DudukBerdiri_1,movenet,106,3.523832,ok,1,direct,0.413290,13,left_knee,1,1,2.000000,703.140000,474.740000,2.000000,687.106445,478.889923,16.561906,45.839280,1,0.087000,0.708267
MP_T_DudukBerdiri_1,movenet,106,3.523832,ok,1,direct,0.413290,14,right_knee,1,1,2.000000,584.160000,471.830000,2.000000,579.364868,492.072815,20.803001,45.839280,1,0.087000,0.580299
MP_T_DudukBerdiri_1,movenet,106,3.523832,ok,1,direct,0.413290,15,left_ankle,1,1,2.000000,665.590000,605.870000,2.000000,672.359619,578.236450,28.450673,45.839280,1,0.089000,0.378077
MP_T_DudukBerdiri_1,movenet,106,3.523832,ok,1,direct,0.413290,16,right_ankle,1,1,2.000000,584.790000,617.060000,0.000000,660.101562,582.156128,,45.839280,0,0.089000,0.000000
MP_T_DudukBerdiri_1,movenet,107,3.557075,ok,1,direct,0.408712,0,nose,0,0,0.000000,0.000000,0.000000,2.000000,633.290894,230.759995,,,,0.026000,
MP_T_DudukBerdiri_1,movenet,107,3.557075,ok,1,direct,0.408712,1,left_eye,0,0,0.000000,0.000000,0.000000,2.000000,647.259216,220.991699,,,,0.025000,
MP_T_DudukBerdiri_1,movenet,107,3.557075,ok,1,direct,0.408712,2,right_eye,0,0,0.000000,0.000000,0.000000,2.000000,618.952148,220.006500,,,,0.025000,
MP_T_DudukBerdiri_1,movenet,107,3.557075,ok,1,direct,0.408712,3,left_ear,0,0,0.000000,0.000000,0.000000,2.000000,662.922241,226.690796,,,,0.035000,
MP_T_DudukBerdiri_1,movenet,107,3.557075,ok,1,direct,0.408712,4,right_ear,0,0,0.000000,0.000000,0.000000,2.000000,587.528625,223.722580,,,,0.035000,
MP_T_DudukBerdiri_1,movenet,107,3.557075,ok,1,direct,0.408712,5,left_shoulder,1,1,2.000000,667.230000,305.070000,2.000000,670.606934,274.537262,30.718916,46.095548,1,0.079000,0.240939
MP_T_DudukBerdiri_1,movenet,107,3.557075,ok,1,direct,0.408712,6,right_shoulder,1,1,2.000000,559.880000,290.710000,2.000000,561.521240,279.965729,10.868902,46.095548,1,0.079000,0.836802
MP_T_DudukBerdiri_1,movenet,107,3.557075,ok,1,direct,0.408712,7,left_elbow,1,1,2.000000,673.660000,379.420000,2.000000,692.037048,326.739563,55.793766,46.095548,0,0.072000,0.003510
MP_T_DudukBerdiri_1,movenet,107,3.557075,ok,1,direct,0.408712,8,right_elbow,1,1,2.000000,540.650000,381.840000,2.000000,538.183655,356.292114,25.666658,46.095548,1,0.072000,0.302356
MP_T_DudukBerdiri_1,movenet,107,3.557075,ok,1,direct,0.408712,9,left_wrist,1,1,2.000000,701.390000,439.430000,2.000000,731.621216,329.902985,113.622592,46.095548,0,0.062000,0.000000
MP_T_DudukBerdiri_1,movenet,107,3.557075,ok,1,direct,0.408712,10,right_wrist,1,1,2.000000,577.350000,448.210000,2.000000,543.595642,403.976196,55.641586,46.095548,0,0.062000,0.000510
MP_T_DudukBerdiri_1,movenet,107,3.557075,ok,1,direct,0.408712,11,left_hip,1,1,2.000000,611.570000,414.320000,2.000000,646.612488,394.456543,40.280676,46.095548,1,0.107000,0.263436
MP_T_DudukBerdiri_1,movenet,107,3.557075,ok,1,direct,0.408712,12,right_hip,1,1,2.000000,540.580000,415.530000,2.000000,572.521423,398.384308,36.252300,46.095548,1,0.107000,0.339434
MP_T_DudukBerdiri_1,movenet,107,3.557075,ok,1,direct,0.408712,13,left_knee,1,1,2.000000,703.350000,474.280000,2.000000,679.725403,470.812256,23.877748,46.095548,1,0.087000,0.492125
MP_T_DudukBerdiri_1,movenet,107,3.557075,ok,1,direct,0.408712,14,right_knee,1,1,2.000000,583.890000,471.830000,2.000000,578.718567,481.635040,11.085240,46.095548,1,0.087000,0.858289
MP_T_DudukBerdiri_1,movenet,107,3.557075,ok,1,direct,0.408712,15,left_ankle,1,1,2.000000,665.590000,605.870000,0.000000,663.507690,552.765869,,46.095548,0,0.089000,0.000000
MP_T_DudukBerdiri_1,movenet,107,3.557075,ok,1,direct,0.408712,16,right_ankle,1,1,2.000000,584.790000,617.060000,2.000000,523.500427,630.671448,62.782826,46.095548,0,0.089000,0.009242
MP_T_DudukBerdiri_1,movenet,108,3.590319,ok,1,direct,0.425371,0,nose,0,0,0.000000,0.000000,0.000000,2.000000,628.560059,231.903000,,,,0.026000,
MP_T_DudukBerdiri_1,movenet,108,3.590319,ok,1,direct,0.425371,1,left_eye,0,0,0.000000,0.000000,0.000000,2.000000,644.620483,222.105774,,,,0.025000,
MP_T_DudukBerdiri_1,movenet,108,3.590319,ok,1,direct,0.425371,2,right_eye,0,0,0.000000,0.000000,0.000000,2.000000,615.676331,221.321655,,,,0.025000,
MP_T_DudukBerdiri_1,movenet,108,3.590319,ok,1,direct,0.425371,3,left_ear,0,0,0.000000,0.000000,0.000000,2.000000,660.504822,226.963745,,,,0.035000,
MP_T_DudukBerdiri_1,movenet,108,3.590319,ok,1,direct,0.425371,4,right_ear,0,0,0.000000,0.000000,0.000000,2.000000,583.939880,224.199112,,,,0.035000,
MP_T_DudukBerdiri_1,movenet,108,3.590319,ok,1,direct,0.425371,5,left_shoulder,1,1,2.000000,664.700000,307.810000,2.000000,671.902161,279.423859,29.285562,46.357765,1,0.079000,0.278342
MP_T_DudukBerdiri_1,movenet,108,3.590319,ok,1,direct,0.425371,6,right_shoulder,1,1,2.000000,559.670000,294.090000,2.000000,559.501465,283.466980,10.624357,46.357765,1,0.079000,0.845083
MP_T_DudukBerdiri_1,movenet,108,3.590319,ok,1,direct,0.425371,7,left_elbow,1,1,2.000000,672.180000,382.790000,2.000000,686.914185,345.501190,40.094283,46.357765,1,0.072000,0.055803
MP_T_DudukBerdiri_1,movenet,108,3.590319,ok,1,direct,0.425371,8,right_elbow,1,1,2.000000,537.490000,383.520000,2.000000,536.416687,372.783417,10.790098,46.357765,1,0.072000,0.811386
MP_T_DudukBerdiri_1,movenet,108,3.590319,ok,1,direct,0.425371,9,left_wrist,1,1,2.000000,702.210000,439.520000,2.000000,711.317444,428.315216,14.439277,46.357765,1,0.062000,0.603645
MP_T_DudukBerdiri_1,movenet,108,3.590319,ok,1,direct,0.425371,10,right_wrist,1,1,2.000000,578.460000,449.430000,2.000000,546.544556,424.404999,40.556704,46.357765,1,0.062000,0.018644
MP_T_DudukBerdiri_1,movenet,108,3.590319,ok,1,direct,0.425371,11,left_hip,1,1,2.000000,611.990000,420.640000,2.000000,638.583618,394.821198,37.065227,46.357765,1,0.107000,0.327346
MP_T_DudukBerdiri_1,movenet,108,3.590319,ok,1,direct,0.425371,12,right_hip,1,1,2.000000,537.210000,422.060000,2.000000,567.405151,398.749756,38.145965,46.357765,1,0.107000,0.306417
MP_T_DudukBerdiri_1,movenet,108,3.590319,ok,1,direct,0.425371,13,left_knee,1,1,2.000000,703.560000,473.820000,2.000000,686.261047,472.433624,17.354417,46.357765,1,0.087000,0.690520
MP_T_DudukBerdiri_1,movenet,108,3.590319,ok,1,direct,0.425371,14,right_knee,1,1,2.000000,583.620000,471.830000,0.000000,595.313599,478.221863,,46.357765,0,0.087000,0.000000
MP_T_DudukBerdiri_1,movenet,108,3.590319,ok,1,direct,0.425371,15,left_ankle,1,1,2.000000,665.590000,605.870000,2.000000,669.553589,585.444885,20.806137,46.357765,1,0.089000,0.601329
MP_T_DudukBerdiri_1,movenet,108,3.590319,ok,1,direct,0.425371,16,right_ankle,1,1,2.000000,584.790000,617.060000,2.000000,526.453491,629.844360,59.720919,46.357765,0,0.089000,0.015140
MP_T_DudukBerdiri_1,movenet,109,3.623563,ok,1,direct,0.420966,0,nose,0,0,0.000000,0.000000,0.000000,2.000000,622.268188,235.531174,,,,0.026000,
MP_T_DudukBerdiri_1,movenet,109,3.623563,ok,1,direct,0.420966,1,left_eye,0,0,0.000000,0.000000,0.000000,2.000000,638.958252,225.951706,,,,0.025000,
MP_T_DudukBerdiri_1,movenet,109,3.623563,ok,1,direct,0.420966,2,right_eye,0,0,0.000000,0.000000,0.000000,2.000000,608.856873,224.609192,,,,0.025000,
MP_T_DudukBerdiri_1,movenet,109,3.623563,ok,1,direct,0.420966,3,left_ear,0,0,0.000000,0.000000,0.000000,2.000000,659.458679,229.202332,,,,0.035000,
MP_T_DudukBerdiri_1,movenet,109,3.623563,ok,1,direct,0.420966,4,right_ear,0,0,0.000000,0.000000,0.000000,2.000000,580.090698,226.306534,,,,0.035000,
MP_T_DudukBerdiri_1,movenet,109,3.623563,ok,1,direct,0.420966,5,left_shoulder,1,1,2.000000,660.430000,308.760000,2.000000,670.484070,277.702850,32.644002,46.353252,1,0.079000,0.204056
MP_T_DudukBerdiri_1,movenet,109,3.623563,ok,1,direct,0.420966,6,right_shoulder,1,1,2.000000,556.030000,294.560000,2.000000,556.148804,283.369232,11.191398,46.353252,1,0.079000,0.829607
MP_T_DudukBerdiri_1,movenet,109,3.623563,ok,1,direct,0.420966,7,left_elbow,1,1,2.000000,669.810000,383.420000,2.000000,691.094360,352.557037,37.490618,46.353252,1,0.072000,0.080157
MP_T_DudukBerdiri_1,movenet,109,3.623563,ok,1,direct,0.420966,8,right_elbow,1,1,2.000000,537.650000,384.630000,2.000000,535.357727,366.531891,18.242699,46.353252,1,0.072000,0.550151
MP_T_DudukBerdiri_1,movenet,109,3.623563,ok,1,direct,0.420966,9,left_wrist,1,1,2.000000,703.020000,439.610000,2.000000,713.526733,435.000916,11.473234,46.353252,1,0.062000,0.727053
MP_T_DudukBerdiri_1,movenet,109,3.623563,ok,1,direct,0.420966,10,right_wrist,1,1,2.000000,579.570000,450.660000,2.000000,542.628723,423.182281,46.040015,46.353252,1,0.062000,0.005900
MP_T_DudukBerdiri_1,movenet,109,3.623563,ok,1,direct,0.420966,11,left_hip,1,1,2.000000,612.310000,420.800000,2.000000,642.669556,396.107300,39.133516,46.353252,1,0.107000,0.287916
MP_T_DudukBerdiri_1,movenet,109,3.623563,ok,1,direct,0.420966,12,right_hip,1,1,2.000000,537.210000,422.540000,2.000000,567.410706,400.019043,37.673281,46.353252,1,0.107000,0.315404
MP_T_DudukBerdiri_1,movenet,109,3.623563,ok,1,direct,0.420966,13,left_knee,1,1,2.000000,703.770000,473.350000,2.000000,691.415283,474.610229,12.418825,46.353252,1,0.087000,0.827234
MP_T_DudukBerdiri_1,movenet,109,3.623563,ok,1,direct,0.420966,14,right_knee,1,1,2.000000,583.350000,471.830000,2.000000,582.750671,487.243225,15.424873,46.353252,1,0.087000,0.746321
MP_T_DudukBerdiri_1,movenet,109,3.623563,ok,1,direct,0.420966,15,left_ankle,1,1,2.000000,665.590000,605.870000,2.000000,668.030334,585.543701,20.472266,46.353252,1,0.089000,0.611086
MP_T_DudukBerdiri_1,movenet,109,3.623563,ok,1,direct,0.420966,16,right_ankle,1,1,2.000000,584.790000,617.060000,2.000000,583.461060,485.438110,131.628598,46.353252,0,0.089000,0.000000
MP_T_DudukBerdiri_1,movenet,110,3.656806,ok,1,direct,0.404403,0,nose,0,0,0.000000,0.000000,0.000000,2.000000,622.331665,234.764725,,,,0.026000,
MP_T_DudukBerdiri_1,movenet,110,3.656806,ok,1,direct,0.404403,1,left_eye,0,0,0.000000,0.000000,0.000000,2.000000,639.948364,225.079071,,,,0.025000,
MP_T_DudukBerdiri_1,movenet,110,3.656806,ok,1,direct,0.404403,2,right_eye,0,0,0.000000,0.000000,0.000000,2.000000,609.854736,222.989975,,,,0.025000,
MP_T_DudukBerdiri_1,movenet,110,3.656806,ok,1,direct,0.404403,3,left_ear,0,0,0.000000,0.000000,0.000000,2.000000,660.078796,229.029175,,,,0.035000,
MP_T_DudukBerdiri_1,movenet,110,3.656806,ok,1,direct,0.404403,4,right_ear,0,0,0.000000,0.000000,0.000000,2.000000,576.944092,226.258972,,,,0.035000,
MP_T_DudukBerdiri_1,movenet,110,3.656806,ok,1,direct,0.404403,5,left_shoulder,1,1,2.000000,656.150000,309.710000,2.000000,668.708130,278.763672,33.397333,46.349324,1,0.079000,0.189410
MP_T_DudukBerdiri_1,movenet,110,3.656806,ok,1,direct,0.404403,6,right_shoulder,1,1,2.000000,552.390000,295.040000,2.000000,553.917480,285.590332,9.572326,46.349324,1,0.079000,0.872244
MP_T_DudukBerdiri_1,movenet,110,3.656806,ok,1,direct,0.404403,7,left_elbow,1,1,2.000000,667.440000,384.060000,2.000000,693.986572,355.944916,38.667538,46.349324,1,0.072000,0.068210
MP_T_DudukBerdiri_1,movenet,110,3.656806,ok,1,direct,0.404403,8,right_elbow,1,1,2.000000,537.810000,385.740000,2.000000,543.286011,372.593384,14.241496,46.349324,1,0.072000,0.694723
MP_T_DudukBerdiri_1,movenet,110,3.656806,ok,1,direct,0.404403,9,left_wrist,1,1,2.000000,703.830000,439.700000,2.000000,713.829468,433.597229,11.714656,46.349324,1,0.062000,0.717224
MP_T_DudukBerdiri_1,movenet,110,3.656806,ok,1,direct,0.404403,10,right_wrist,1,1,2.000000,580.670000,451.880000,2.000000,544.340942,425.744843,44.753177,46.349324,1,0.062000,0.007823
MP_T_DudukBerdiri_1,movenet,110,3.656806,ok,1,direct,0.404403,11,left_hip,1,1,2.000000,612.630000,420.960000,2.000000,639.895386,403.455597,32.400700,46.349324,1,0.107000,0.425854
MP_T_DudukBerdiri_1,movenet,110,3.656806,ok,1,direct,0.404403,12,right_hip,1,1,2.000000,537.210000,423.010000,2.000000,565.124390,409.301453,31.098833,46.349324,1,0.107000,0.455465
MP_T_DudukBerdiri_1,movenet,110,3.656806,ok,1,direct,0.404403,13,left_knee,1,1,2.000000,703.990000,472.890000,2.000000,680.657043,481.379883,24.829518,46.349324,1,0.087000,0.468462
MP_T_DudukBerdiri_1,movenet,110,3.656806,ok,1,direct,0.404403,14,right_knee,1,1,2.000000,583.080000,471.830000,2.000000,583.670471,487.634857,15.815883,46.349324,1,0.087000,0.735155
MP_T_DudukBerdiri_1,movenet,110,3.656806,ok,1,direct,0.404403,15,left_ankle,1,1,2.000000,665.590000,605.870000,0.000000,668.372437,584.463074,,46.349324,0,0.089000,0.000000
MP_T_DudukBerdiri_1,movenet,110,3.656806,ok,1,direct,0.404403,16,right_ankle,1,1,2.000000,584.790000,617.060000,2.000000,518.275879,636.658691,69.341452,46.349324,0,0.089000,0.003513
MP_T_DudukBerdiri_1,movenet,111,3.690050,ok,1,direct,0.410496,0,nose,0,0,0.000000,0.000000,0.000000,2.000000,620.002563,233.719116,,,,0.026000,
MP_T_DudukBerdiri_1,movenet,111,3.690050,ok,1,direct,0.410496,1,left_eye,0,0,0.000000,0.000000,0.000000,2.000000,637.451721,224.069077,,,,0.025000,
MP_T_DudukBerdiri_1,movenet,111,3.690050,ok,1,direct,0.410496,2,right_eye,0,0,0.000000,0.000000,0.000000,2.000000,606.963684,222.443924,,,,0.025000,
MP_T_DudukBerdiri_1,movenet,111,3.690050,ok,1,direct,0.410496,3,left_ear,0,0,0.000000,0.000000,0.000000,2.000000,656.841675,228.778976,,,,0.035000,
MP_T_DudukBerdiri_1,movenet,111,3.690050,ok,1,direct,0.410496,4,right_ear,0,0,0.000000,0.000000,0.000000,2.000000,576.110718,227.149323,,,,0.035000,
MP_T_DudukBerdiri_1,movenet,111,3.690050,ok,1,direct,0.410496,5,left_shoulder,1,1,2.000000,651.880000,310.650000,2.000000,668.922607,279.588226,35.429991,46.407039,1,0.079000,0.154450
MP_T_DudukBerdiri_1,movenet,111,3.690050,ok,1,direct,0.410496,6,right_shoulder,1,1,2.000000,548.760000,295.510000,2.000000,555.892395,283.268158,14.168054,46.407039,1,0.079000,0.741785
MP_T_DudukBerdiri_1,movenet,111,3.690050,ok,1,direct,0.410496,7,left_elbow,1,1,2.000000,665.060000,384.690000,2.000000,693.872681,354.255890,41.909493,46.407039,1,0.072000,0.043004
MP_T_DudukBerdiri_1,movenet,111,3.690050,ok,1,direct,0.410496,8,right_elbow,1,1,2.000000,537.960000,386.840000,2.000000,540.552917,369.148132,17.880867,46.407039,1,0.072000,0.563965
MP_T_DudukBerdiri_1,movenet,111,3.690050,ok,1,direct,0.410496,9,left_wrist,1,1,2.000000,704.650000,439.790000,2.000000,711.800476,432.028259,10.553385,46.407039,1,0.062000,0.764091
MP_T_DudukBerdiri_1,movenet,111,3.690050,ok,1,direct,0.410496,10,right_wrist,1,1,2.000000,581.780000,453.110000,0.000000,554.981873,425.589355,,46.407039,0,0.062000,0.000000
MP_T_DudukBerdiri_1,movenet,111,3.690050,ok,1,direct,0.410496,11,left_hip,1,1,2.000000,612.940000,421.120000,2.000000,635.404785,404.495972,27.946823,46.407039,1,0.107000,0.530721
MP_T_DudukBerdiri_1,movenet,111,3.690050,ok,1,direct,0.410496,12,right_hip,1,1,2.000000,537.210000,423.490000,2.000000,563.134277,408.072449,30.162378,46.407039,1,0.107000,0.478094
MP_T_DudukBerdiri_1,movenet,111,3.690050,ok,1,direct,0.410496,13,left_knee,1,1,2.000000,704.200000,472.430000,2.000000,678.184570,485.734924,29.220260,46.407039,1,0.087000,0.350782
MP_T_DudukBerdiri_1,movenet,111,3.690050,ok,1,direct,0.410496,14,right_knee,1,1,2.000000,582.810000,471.830000,2.000000,588.750488,487.516937,16.774069,46.407039,1,0.087000,0.708062
MP_T_DudukBerdiri_1,movenet,111,3.690050,ok,1,direct,0.410496,15,left_ankle,1,1,2.000000,665.590000,605.870000,2.000000,670.624878,584.763794,21.698432,46.407039,1,0.089000,0.575797
MP_T_DudukBerdiri_1,movenet,111,3.690050,ok,1,direct,0.410496,16,right_ankle,1,1,2.000000,584.790000,617.060000,2.000000,524.021118,635.225830,63.425976,46.407039,0,0.089000,0.008947
MP_T_DudukBerdiri_1,movenet,112,3.723294,ok,1,direct,0.401342,0,nose,0,0,0.000000,0.000000,0.000000,2.000000,619.592957,232.483063,,,,0.026000,
MP_T_DudukBerdiri_1,movenet,112,3.723294,ok,1,direct,0.401342,1,left_eye,0,0,0.000000,0.000000,0.000000,2.000000,637.157349,222.044342,,,,0.025000,
MP_T_DudukBerdiri_1,movenet,112,3.723294,ok,1,direct,0.401342,2,right_eye,0,0,0.000000,0.000000,0.000000,2.000000,606.078430,221.002411,,,,0.025000,
MP_T_DudukBerdiri_1,movenet,112,3.723294,ok,1,direct,0.401342,3,left_ear,0,0,0.000000,0.000000,0.000000,2.000000,656.489929,227.166733,,,,0.035000,
MP_T_DudukBerdiri_1,movenet,112,3.723294,ok,1,direct,0.401342,4,right_ear,0,0,0.000000,0.000000,0.000000,2.000000,577.177368,223.967117,,,,0.035000,
MP_T_DudukBerdiri_1,movenet,112,3.723294,ok,1,direct,0.401342,5,left_shoulder,1,1,2.000000,647.610000,311.600000,2.000000,664.624084,279.174774,36.617951,46.485142,1,0.079000,0.136894
MP_T_DudukBerdiri_1,movenet,112,3.723294,ok,1,direct,0.401342,6,right_shoulder,1,1,2.000000,545.120000,295.980000,2.000000,551.816711,282.678345,14.892279,46.485142,1,0.079000,0.719712
MP_T_DudukBerdiri_1,movenet,112,3.723294,ok,1,direct,0.401342,7,left_elbow,1,1,2.000000,662.690000,385.320000,2.000000,688.802795,356.716370,38.730424,46.485142,1,0.072000,0.068687
MP_T_DudukBerdiri_1,movenet,112,3.723294,ok,1,direct,0.401342,8,right_elbow,1,1,2.000000,538.120000,387.950000,0.000000,533.073242,368.279877,,46.485142,0,0.072000,0.000000
MP_T_DudukBerdiri_1,movenet,112,3.723294,ok,1,direct,0.401342,9,left_wrist,1,1,2.000000,705.460000,439.880000,2.000000,709.017212,431.811371,8.817966,46.485142,1,0.062000,0.829260
MP_T_DudukBerdiri_1,movenet,112,3.723294,ok,1,direct,0.401342,10,right_wrist,1,1,2.000000,582.890000,454.330000,2.000000,545.458252,421.484039,49.799527,46.485142,0,0.062000,0.002551
MP_T_DudukBerdiri_1,movenet,112,3.723294,ok,1,direct,0.401342,11,left_hip,1,1,2.000000,613.260000,421.280000,2.000000,636.627808,402.144165,30.203222,46.485142,1,0.107000,0.478326
MP_T_DudukBerdiri_1,movenet,112,3.723294,ok,1,direct,0.401342,12,right_hip,1,1,2.000000,537.210000,423.960000,2.000000,563.005737,404.371368,32.390347,46.485142,1,0.107000,0.428213
MP_T_DudukBerdiri_1,movenet,112,3.723294,ok,1,direct,0.401342,13,left_knee,1,1,2.000000,704.410000,471.960000,2.000000,677.181152,480.672974,28.588915,46.485142,1,0.087000,0.368084
MP_T_DudukBerdiri_1,movenet,112,3.723294,ok,1,direct,0.401342,14,right_knee,1,1,2.000000,582.540000,471.830000,2.000000,587.935852,486.783600,15.897338,46.485142,1,0.087000,0.734153
MP_T_DudukBerdiri_1,movenet,112,3.723294,ok,1,direct,0.401342,15,left_ankle,1,1,2.000000,665.590000,605.870000,0.000000,664.960693,584.414795,,46.485142,0,0.089000,0.000000
MP_T_DudukBerdiri_1,movenet,112,3.723294,ok,1,direct,0.401342,16,right_ankle,1,1,2.000000,584.790000,617.060000,2.000000,521.982971,634.651794,65.224183,46.485142,0,0.089000,0.006937
MP_T_DudukBerdiri_1,movenet,113,3.756537,ok,1,direct,0.397717,0,nose,0,0,0.000000,0.000000,0.000000,2.000000,626.906250,230.567902,,,,0.026000,
MP_T_DudukBerdiri_1,movenet,113,3.756537,ok,1,direct,0.397717,1,left_eye,0,0,0.000000,0.000000,0.000000,2.000000,645.247498,220.638733,,,,0.025000,
MP_T_DudukBerdiri_1,movenet,113,3.756537,ok,1,direct,0.397717,2,right_eye,0,0,0.000000,0.000000,0.000000,2.000000,612.025269,219.826553,,,,0.025000,
MP_T_DudukBerdiri_1,movenet,113,3.756537,ok,1,direct,0.397717,3,left_ear,0,0,0.000000,0.000000,0.000000,2.000000,659.869324,225.922760,,,,0.035000,
MP_T_DudukBerdiri_1,movenet,113,3.756537,ok,1,direct,0.397717,4,right_ear,0,0,0.000000,0.000000,0.000000,2.000000,574.837524,222.151154,,,,0.035000,
MP_T_DudukBerdiri_1,movenet,113,3.756537,ok,1,direct,0.397717,5,left_shoulder,1,1,2.000000,645.270000,312.220000,2.000000,665.735229,279.198761,38.848782,46.361013,1,0.079000,0.105376
MP_T_DudukBerdiri_1,movenet,113,3.756537,ok,1,direct,0.397717,6,right_shoulder,1,1,2.000000,542.870000,296.090000,2.000000,547.037903,285.858521,11.047832,46.361013,1,0.079000,0.833618
MP_T_DudukBerdiri_1,movenet,113,3.756537,ok,1,direct,0.397717,7,left_elbow,1,1,2.000000,662.690000,386.270000,2.000000,690.979492,356.167572,41.309219,46.361013,1,0.072000,0.046745
MP_T_DudukBerdiri_1,movenet,113,3.756537,ok,1,direct,0.397717,8,right_elbow,1,1,2.000000,537.330000,388.740000,2.000000,534.528564,380.265869,8.925185,46.361013,1,0.072000,0.866766
MP_T_DudukBerdiri_1,movenet,113,3.756537,ok,1,direct,0.397717,9,left_wrist,1,1,2.000000,704.200000,439.010000,2.000000,709.488464,431.467316,9.211946,46.361013,1,0.062000,0.814305
MP_T_DudukBerdiri_1,movenet,113,3.756537,ok,1,direct,0.397717,10,right_wrist,1,1,2.000000,581.630000,453.700000,0.000000,559.925842,434.868103,,46.361013,0,0.062000,0.000000
MP_T_DudukBerdiri_1,movenet,113,3.756537,ok,1,direct,0.397717,11,left_hip,1,1,2.000000,613.580000,421.430000,2.000000,640.013062,405.997925,30.608098,46.361013,1,0.107000,0.466999
MP_T_DudukBerdiri_1,movenet,113,3.756537,ok,1,direct,0.397717,12,right_hip,1,1,2.000000,537.210000,425.070000,2.000000,554.784119,412.564484,21.569367,46.361013,1,0.107000,0.685147
MP_T_DudukBerdiri_1,movenet,113,3.756537,ok,1,direct,0.397717,13,left_knee,1,1,2.000000,704.620000,471.500000,2.000000,684.096924,481.878113,22.997867,46.361013,1,0.087000,0.521931
MP_T_DudukBerdiri_1,movenet,113,3.756537,ok,1,direct,0.397717,14,right_knee,1,1,2.000000,581.960000,471.620000,2.000000,589.627197,487.688568,17.804067,46.361013,1,0.087000,0.677264
MP_T_DudukBerdiri_1,movenet,113,3.756537,ok,1,direct,0.397717,15,left_ankle,1,1,2.000000,665.590000,605.870000,0.000000,669.401978,586.188782,,46.361013,0,0.089000,0.000000
MP_T_DudukBerdiri_1,movenet,113,3.756537,ok,1,direct,0.397717,16,right_ankle,1,1,2.000000,584.790000,617.060000,2.000000,587.144531,485.606781,131.474304,46.361013,0,0.089000,0.000000
MP_T_DudukBerdiri_1,movenet,114,3.789781,ok,1,direct,0.399489,0,nose,0,0,0.000000,0.000000,0.000000,2.000000,620.464600,230.756638,,,,0.026000,
MP_T_DudukBerdiri_1,movenet,114,3.789781,ok,1,direct,0.399489,1,left_eye,0,0,0.000000,0.000000,0.000000,2.000000,639.683533,221.341217,,,,0.025000,
MP_T_DudukBerdiri_1,movenet,114,3.789781,ok,1,direct,0.399489,2,right_eye,0,0,0.000000,0.000000,0.000000,2.000000,604.346069,220.470413,,,,0.025000,
MP_T_DudukBerdiri_1,movenet,114,3.789781,ok,1,direct,0.399489,3,left_ear,0,0,0.000000,0.000000,0.000000,2.000000,658.225708,226.377029,,,,0.035000,
MP_T_DudukBerdiri_1,movenet,114,3.789781,ok,1,direct,0.399489,4,right_ear,0,0,0.000000,0.000000,0.000000,2.000000,574.384155,223.341476,,,,0.035000,
MP_T_DudukBerdiri_1,movenet,114,3.789781,ok,1,direct,0.399489,5,left_shoulder,1,1,2.000000,642.920000,312.830000,2.000000,665.946899,278.827332,41.066039,46.475461,1,0.079000,0.081918
MP_T_DudukBerdiri_1,movenet,114,3.789781,ok,1,direct,0.399489,6,right_shoulder,1,1,2.000000,540.630000,296.190000,2.000000,547.615295,286.263763,12.137731,46.475461,1,0.079000,0.803662
MP_T_DudukBerdiri_1,movenet,114,3.789781,ok,1,direct,0.399489,7,left_elbow,1,1,2.000000,662.690000,387.220000,2.000000,689.317383,358.544220,39.132057,46.475461,1,0.072000,0.064884
MP_T_DudukBerdiri_1,movenet,114,3.789781,ok,1,direct,0.399489,8,right_elbow,1,1,2.000000,536.540000,389.530000,2.000000,539.809570,384.096313,6.341533,46.475461,1,0.072000,0.930689
MP_T_DudukBerdiri_1,movenet,114,3.789781,ok,1,direct,0.399489,9,left_wrist,1,1,2.000000,702.930000,438.140000,2.000000,706.440979,431.226868,7.753604,46.475461,1,0.062000,0.865184
MP_T_DudukBerdiri_1,movenet,114,3.789781,ok,1,direct,0.399489,10,right_wrist,1,1,2.000000,580.360000,453.070000,2.000000,580.339966,459.420959,6.350991,46.475461,1,0.062000,0.907412
MP_T_DudukBerdiri_1,movenet,114,3.789781,ok,1,direct,0.399489,11,left_hip,1,1,2.000000,613.890000,421.590000,2.000000,647.905823,409.029358,36.260804,46.475461,1,0.107000,0.345286
MP_T_DudukBerdiri_1,movenet,114,3.789781,ok,1,direct,0.399489,12,right_hip,1,1,2.000000,537.210000,426.170000,2.000000,570.652832,412.046356,36.302897,46.475461,1,0.107000,0.344434
MP_T_DudukBerdiri_1,movenet,114,3.789781,ok,1,direct,0.399489,13,left_knee,1,1,2.000000,704.830000,471.030000,2.000000,688.255981,486.368256,22.582298,46.475461,1,0.087000,0.535877
MP_T_DudukBerdiri_1,movenet,114,3.789781,ok,1,direct,0.399489,14,right_knee,1,1,2.000000,581.380000,471.410000,2.000000,590.057739,493.841980,24.051962,46.475461,1,0.087000,0.492780
MP_T_DudukBerdiri_1,movenet,114,3.789781,ok,1,direct,0.399489,15,left_ankle,1,1,2.000000,665.590000,605.870000,2.000000,673.393555,587.913574,19.578782,46.475461,1,0.089000,0.638841
MP_T_DudukBerdiri_1,movenet,114,3.789781,ok,1,direct,0.399489,16,right_ankle,1,1,2.000000,584.790000,617.060000,2.000000,527.526672,636.903137,60.603950,46.475461,0,0.089000,0.013658
MP_T_DudukBerdiri_1,movenet,115,3.823025,ok,1,direct,0.358710,0,nose,0,0,0.000000,0.000000,0.000000,2.000000,611.526917,229.081787,,,,0.026000,
MP_T_DudukBerdiri_1,movenet,115,3.823025,ok,1,direct,0.358710,1,left_eye,0,0,0.000000,0.000000,0.000000,2.000000,633.826965,220.201294,,,,0.025000,
MP_T_DudukBerdiri_1,movenet,115,3.823025,ok,1,direct,0.358710,2,right_eye,0,0,0.000000,0.000000,0.000000,2.000000,597.476562,218.050232,,,,0.025000,
MP_T_DudukBerdiri_1,movenet,115,3.823025,ok,1,direct,0.358710,3,left_ear,0,0,0.000000,0.000000,0.000000,2.000000,655.247253,226.156052,,,,0.035000,
MP_T_DudukBerdiri_1,movenet,115,3.823025,ok,1,direct,0.358710,4,right_ear,0,0,0.000000,0.000000,0.000000,2.000000,566.115845,222.027512,,,,0.035000,
MP_T_DudukBerdiri_1,movenet,115,3.823025,ok,1,direct,0.358710,5,left_shoulder,1,1,2.000000,640.570000,313.440000,2.000000,661.097473,276.644836,42.133849,46.606074,1,0.079000,0.072868
MP_T_DudukBerdiri_1,movenet,115,3.823025,ok,1,direct,0.358710,6,right_shoulder,1,1,2.000000,538.380000,296.290000,2.000000,541.768921,284.291260,12.468141,46.606074,1,0.079000,0.795052
MP_T_DudukBerdiri_1,movenet,115,3.823025,ok,1,direct,0.358710,7,left_elbow,1,1,2.000000,662.690000,388.170000,2.000000,688.519409,356.162476,41.129551,46.606074,1,0.072000,0.049558
MP_T_DudukBerdiri_1,movenet,115,3.823025,ok,1,direct,0.358710,8,right_elbow,1,1,2.000000,535.750000,390.320000,2.000000,536.368469,375.722626,14.610470,46.606074,1,0.072000,0.684445
MP_T_DudukBerdiri_1,movenet,115,3.823025,ok,1,direct,0.358710,9,left_wrist,1,1,2.000000,701.670000,437.270000,2.000000,701.148621,430.565796,6.724447,46.606074,1,0.062000,0.897348
MP_T_DudukBerdiri_1,movenet,115,3.823025,ok,1,direct,0.358710,10,right_wrist,1,1,2.000000,579.100000,452.440000,0.000000,567.292419,431.952850,,46.606074,0,0.062000,0.000000
MP_T_DudukBerdiri_1,movenet,115,3.823025,ok,1,direct,0.358710,11,left_hip,1,1,2.000000,614.210000,421.750000,2.000000,637.841919,404.088318,29.502586,46.606074,1,0.107000,0.496586
MP_T_DudukBerdiri_1,movenet,115,3.823025,ok,1,direct,0.358710,12,right_hip,1,1,2.000000,537.210000,427.280000,2.000000,556.522949,412.283722,24.451551,46.606074,1,0.107000,0.618271
MP_T_DudukBerdiri_1,movenet,115,3.823025,ok,1,direct,0.358710,13,left_knee,1,1,2.000000,705.040000,470.570000,2.000000,666.421814,485.207886,41.299298,46.606074,1,0.087000,0.125572
MP_T_DudukBerdiri_1,movenet,115,3.823025,ok,1,direct,0.358710,14,right_knee,1,1,2.000000,580.800000,471.200000,2.000000,583.625366,491.831848,20.824405,46.606074,1,0.087000,0.590057
MP_T_DudukBerdiri_1,movenet,115,3.823025,ok,1,direct,0.358710,15,left_ankle,1,1,2.000000,665.590000,605.870000,2.000000,671.887451,588.437927,18.534699,46.606074,1,0.089000,0.670767
MP_T_DudukBerdiri_1,movenet,115,3.823025,ok,1,direct,0.358710,16,right_ankle,1,1,2.000000,584.790000,617.060000,2.000000,525.455383,634.641052,61.884490,46.606074,0,0.089000,0.011658
MP_T_DudukBerdiri_1,movenet,116,3.856268,ok,1,direct,0.341064,0,nose,0,0,0.000000,0.000000,0.000000,2.000000,620.055847,229.388245,,,,0.026000,
MP_T_DudukBerdiri_1,movenet,116,3.856268,ok,1,direct,0.341064,1,left_eye,0,0,0.000000,0.000000,0.000000,2.000000,640.531555,219.128708,,,,0.025000,
MP_T_DudukBerdiri_1,movenet,116,3.856268,ok,1,direct,0.341064,2,right_eye,0,0,0.000000,0.000000,0.000000,2.000000,602.758911,218.192490,,,,0.025000,
MP_T_DudukBerdiri_1,movenet,116,3.856268,ok,1,direct,0.341064,3,left_ear,0,0,0.000000,0.000000,0.000000,2.000000,656.252380,225.897552,,,,0.035000,
MP_T_DudukBerdiri_1,movenet,116,3.856268,ok,1,direct,0.341064,4,right_ear,0,0,0.000000,0.000000,0.000000,2.000000,566.031128,222.956284,,,,0.035000,
MP_T_DudukBerdiri_1,movenet,116,3.856268,ok,1,direct,0.341064,5,left_shoulder,1,1,2.000000,638.220000,314.050000,2.000000,661.510376,278.873444,42.188052,46.736236,1,0.079000,0.073443
MP_T_DudukBerdiri_1,movenet,116,3.856268,ok,1,direct,0.341064,6,right_shoulder,1,1,2.000000,536.130000,296.390000,2.000000,538.945435,287.534546,9.292241,46.736236,1,0.079000,0.881015
MP_T_DudukBerdiri_1,movenet,116,3.856268,ok,1,direct,0.341064,7,left_elbow,1,1,2.000000,662.690000,389.120000,2.000000,685.917236,357.269409,39.420358,46.736236,1,0.072000,0.064266
MP_T_DudukBerdiri_1,movenet,116,3.856268,ok,1,direct,0.341064,8,right_elbow,1,1,2.000000,534.960000,391.120000,2.000000,539.821228,382.433838,9.953941,46.736236,1,0.072000,0.839454
MP_T_DudukBerdiri_1,movenet,116,3.856268,ok,1,direct,0.341064,9,left_wrist,1,1,2.000000,700.400000,436.400000,2.000000,698.742004,429.380981,7.212182,46.736236,1,0.062000,0.883468
MP_T_DudukBerdiri_1,movenet,116,3.856268,ok,1,direct,0.341064,10,right_wrist,1,1,2.000000,577.830000,451.800000,0.000000,570.418335,442.726654,,46.736236,0,0.062000,0.000000
MP_T_DudukBerdiri_1,movenet,116,3.856268,ok,1,direct,0.341064,11,left_hip,1,1,2.000000,614.530000,421.910000,2.000000,634.332397,409.231934,23.513152,46.736236,1,0.107000,0.642649
MP_T_DudukBerdiri_1,movenet,116,3.856268,ok,1,direct,0.341064,12,right_hip,1,1,2.000000,537.210000,428.390000,2.000000,554.946655,415.341644,22.019276,46.736236,1,0.107000,0.678576
MP_T_DudukBerdiri_1,movenet,116,3.856268,ok,1,direct,0.341064,13,left_knee,1,1,2.000000,705.250000,470.110000,0.000000,691.648621,460.207062,,46.736236,0,0.087000,0.000000
MP_T_DudukBerdiri_1,movenet,116,3.856268,ok,1,direct,0.341064,14,right_knee,1,1,2.000000,580.220000,470.990000,2.000000,592.348328,491.652008,23.958608,46.736236,1,0.087000,0.499376
MP_T_DudukBerdiri_1,movenet,116,3.856268,ok,1,direct,0.341064,15,left_ankle,1,1,2.000000,665.590000,605.870000,0.000000,669.920288,584.582092,,46.736236,0,0.089000,0.000000
MP_T_DudukBerdiri_1,movenet,116,3.856268,ok,1,direct,0.341064,16,right_ankle,1,1,2.000000,584.790000,617.060000,2.000000,523.335876,634.669189,63.927247,46.736236,0,0.089000,0.008879
MP_T_DudukBerdiri_1,movenet,117,3.889512,ok,1,direct,0.367618,0,nose,0,0,0.000000,0.000000,0.000000,2.000000,623.993042,228.740219,,,,0.026000,
MP_T_DudukBerdiri_1,movenet,117,3.889512,ok,1,direct,0.367618,1,left_eye,0,0,0.000000,0.000000,0.000000,2.000000,644.419922,219.379395,,,,0.025000,
MP_T_DudukBerdiri_1,movenet,117,3.889512,ok,1,direct,0.367618,2,right_eye,0,0,0.000000,0.000000,0.000000,2.000000,606.384399,218.771744,,,,0.025000,
MP_T_DudukBerdiri_1,movenet,117,3.889512,ok,1,direct,0.367618,3,left_ear,0,0,0.000000,0.000000,0.000000,2.000000,658.486633,225.027359,,,,0.035000,
MP_T_DudukBerdiri_1,movenet,117,3.889512,ok,1,direct,0.367618,4,right_ear,0,0,0.000000,0.000000,0.000000,2.000000,570.223511,221.740540,,,,0.035000,
MP_T_DudukBerdiri_1,movenet,117,3.889512,ok,1,direct,0.367618,5,left_shoulder,1,1,2.000000,637.270000,314.840000,2.000000,661.729004,281.094208,41.677588,46.960165,1,0.079000,0.080123
MP_T_DudukBerdiri_1,movenet,117,3.889512,ok,1,direct,0.367618,6,right_shoulder,1,1,2.000000,534.240000,296.230000,2.000000,539.532715,288.054108,9.739510,46.960165,1,0.079000,0.871234
MP_T_DudukBerdiri_1,movenet,117,3.889512,ok,1,direct,0.367618,7,left_elbow,1,1,2.000000,660.950000,389.430000,2.000000,685.724792,356.403931,41.285731,46.960165,1,0.072000,0.050692
MP_T_DudukBerdiri_1,movenet,117,3.889512,ok,1,direct,0.367618,8,right_elbow,1,1,2.000000,533.620000,391.910000,2.000000,546.940125,384.798553,15.099616,46.960165,1,0.072000,0.671074
MP_T_DudukBerdiri_1,movenet,117,3.889512,ok,1,direct,0.367618,9,left_wrist,1,1,2.000000,699.130000,435.530000,2.000000,700.045288,429.675201,5.925911,46.960165,1,0.062000,0.920488
MP_T_DudukBerdiri_1,movenet,117,3.889512,ok,1,direct,0.367618,10,right_wrist,1,1,2.000000,576.570000,451.170000,2.000000,542.220337,426.094299,42.528698,46.960165,1,0.062000,0.014020
MP_T_DudukBerdiri_1,movenet,117,3.889512,ok,1,direct,0.367618,11,left_hip,1,1,2.000000,614.150000,422.230000,2.000000,632.731750,413.857208,20.380998,46.960165,1,0.107000,0.719611
MP_T_DudukBerdiri_1,movenet,117,3.889512,ok,1,direct,0.367618,12,right_hip,1,1,2.000000,536.490000,429.020000,2.000000,554.205994,417.148651,21.325697,46.960165,1,0.107000,0.697499
MP_T_DudukBerdiri_1,movenet,117,3.889512,ok,1,direct,0.367618,13,left_knee,1,1,2.000000,705.460000,469.640000,2.000000,677.963623,484.271759,31.147056,46.960165,1,0.087000,0.312726
MP_T_DudukBerdiri_1,movenet,117,3.889512,ok,1,direct,0.367618,14,right_knee,1,1,2.000000,579.640000,470.780000,2.000000,582.165222,502.917114,32.236173,46.960165,1,0.087000,0.287900
MP_T_DudukBerdiri_1,movenet,117,3.889512,ok,1,direct,0.367618,15,left_ankle,1,1,2.000000,665.590000,605.870000,0.000000,670.424072,585.632507,,46.960165,0,0.089000,0.000000
MP_T_DudukBerdiri_1,movenet,117,3.889512,ok,1,direct,0.367618,16,right_ankle,1,1,2.000000,584.790000,617.060000,2.000000,525.874146,634.685059,61.495696,46.960165,0,0.089000,0.013169
MP_T_DudukBerdiri_1,movenet,118,3.922756,ok,1,direct,0.372666,0,nose,0,0,0.000000,0.000000,0.000000,2.000000,623.635071,228.111862,,,,0.026000,
MP_T_DudukBerdiri_1,movenet,118,3.922756,ok,1,direct,0.372666,1,left_eye,0,0,0.000000,0.000000,0.000000,2.000000,644.606995,218.651230,,,,0.025000,
MP_T_DudukBerdiri_1,movenet,118,3.922756,ok,1,direct,0.372666,2,right_eye,0,0,0.000000,0.000000,0.000000,2.000000,606.528076,217.747696,,,,0.025000,
MP_T_DudukBerdiri_1,movenet,118,3.922756,ok,1,direct,0.372666,3,left_ear,0,0,0.000000,0.000000,0.000000,2.000000,660.328491,224.948822,,,,0.035000,
MP_T_DudukBerdiri_1,movenet,118,3.922756,ok,1,direct,0.372666,4,right_ear,0,0,0.000000,0.000000,0.000000,2.000000,572.805542,222.124207,,,,0.035000,
MP_T_DudukBerdiri_1,movenet,118,3.922756,ok,1,direct,0.372666,5,left_shoulder,1,1,2.000000,636.320000,315.630000,2.000000,661.270264,280.639130,42.975303,47.183867,1,0.079000,0.070058
MP_T_DudukBerdiri_1,movenet,118,3.922756,ok,1,direct,0.372666,6,right_shoulder,1,1,2.000000,532.340000,296.080000,2.000000,539.379578,285.818420,12.444102,47.183867,1,0.079000,0.800192
MP_T_DudukBerdiri_1,movenet,118,3.922756,ok,1,direct,0.372666,7,left_elbow,1,1,2.000000,659.210000,389.750000,2.000000,679.728638,361.706451,34.748455,47.183867,1,0.072000,0.123388
MP_T_DudukBerdiri_1,movenet,118,3.922756,ok,1,direct,0.372666,8,right_elbow,1,1,2.000000,532.270000,392.700000,2.000000,541.623596,379.312988,16.331009,47.183867,1,0.072000,0.629914
MP_T_DudukBerdiri_1,movenet,118,3.922756,ok,1,direct,0.372666,9,left_wrist,1,1,2.000000,697.870000,434.660000,2.000000,700.336548,430.767609,4.608098,47.183867,1,0.062000,0.951586
MP_T_DudukBerdiri_1,movenet,118,3.922756,ok,1,direct,0.372666,10,right_wrist,1,1,2.000000,575.300000,450.540000,0.000000,555.476013,437.189850,,47.183867,0,0.062000,0.000000
MP_T_DudukBerdiri_1,movenet,118,3.922756,ok,1,direct,0.372666,11,left_hip,1,1,2.000000,613.770000,422.540000,2.000000,628.431885,411.781097,18.185842,47.183867,1,0.107000,0.771435
MP_T_DudukBerdiri_1,movenet,118,3.922756,ok,1,direct,0.372666,12,right_hip,1,1,2.000000,535.780000,429.650000,2.000000,551.574341,416.223602,20.729915,47.183867,1,0.107000,0.713776
MP_T_DudukBerdiri_1,movenet,118,3.922756,ok,1,direct,0.372666,13,left_knee,1,1,2.000000,705.670000,469.180000,2.000000,685.766846,472.386475,20.159787,47.183867,1,0.087000,0.617321
MP_T_DudukBerdiri_1,movenet,118,3.922756,ok,1,direct,0.372666,14,right_knee,1,1,2.000000,579.060000,470.570000,2.000000,592.471436,490.867676,24.328219,47.183867,1,0.087000,0.495362
MP_T_DudukBerdiri_1,movenet,118,3.922756,ok,1,direct,0.372666,15,left_ankle,1,1,2.000000,665.590000,605.870000,2.000000,671.238892,585.919189,20.735111,47.183867,1,0.089000,0.614090
MP_T_DudukBerdiri_1,movenet,118,3.922756,ok,1,direct,0.372666,16,right_ankle,1,1,2.000000,584.790000,617.060000,2.000000,529.837280,634.222717,57.570481,47.183867,0,0.089000,0.023309
MP_T_DudukBerdiri_1,movenet,119,3.956000,ok,1,direct,0.342952,0,nose,0,0,0.000000,0.000000,0.000000,2.000000,620.001587,228.424210,,,,0.026000,
MP_T_DudukBerdiri_1,movenet,119,3.956000,ok,1,direct,0.342952,1,left_eye,0,0,0.000000,0.000000,0.000000,2.000000,641.540527,218.377396,,,,0.025000,
MP_T_DudukBerdiri_1,movenet,119,3.956000,ok,1,direct,0.342952,2,right_eye,0,0,0.000000,0.000000,0.000000,2.000000,602.099487,217.479904,,,,0.025000,
MP_T_DudukBerdiri_1,movenet,119,3.956000,ok,1,direct,0.342952,3,left_ear,0,0,0.000000,0.000000,0.000000,2.000000,658.834717,225.151978,,,,0.035000,
MP_T_DudukBerdiri_1,movenet,119,3.956000,ok,1,direct,0.342952,4,right_ear,0,0,0.000000,0.000000,0.000000,2.000000,566.203979,222.083862,,,,0.035000,
MP_T_DudukBerdiri_1,movenet,119,3.956000,ok,1,direct,0.342952,5,left_shoulder,1,1,2.000000,635.370000,316.430000,2.000000,661.215515,279.849487,44.789782,47.472435,1,0.079000,0.057690
MP_T_DudukBerdiri_1,movenet,119,3.956000,ok,1,direct,0.342952,6,right_shoulder,1,1,2.000000,530.440000,295.920000,2.000000,539.302612,287.105103,12.499933,47.472435,1,0.079000,0.800770
MP_T_DudukBerdiri_1,movenet,119,3.956000,ok,1,direct,0.342952,7,left_elbow,1,1,2.000000,657.470000,390.070000,2.000000,673.718628,365.112976,29.780379,47.472435,1,0.072000,0.219096
MP_T_DudukBerdiri_1,movenet,119,3.956000,ok,1,direct,0.342952,8,right_elbow,1,1,2.000000,530.930000,393.490000,2.000000,545.795959,382.267792,18.626183,47.472435,1,0.072000,0.552157
MP_T_DudukBerdiri_1,movenet,119,3.956000,ok,1,direct,0.342952,9,left_wrist,1,1,2.000000,696.600000,433.790000,2.000000,692.297241,429.702545,5.934730,47.472435,1,0.062000,0.921904
MP_T_DudukBerdiri_1,movenet,119,3.956000,ok,1,direct,0.342952,10,right_wrist,1,1,2.000000,574.030000,449.910000,2.000000,563.847778,443.225861,12.180121,47.472435,1,0.062000,0.709990
MP_T_DudukBerdiri_1,movenet,119,3.956000,ok,1,direct,0.342952,11,left_hip,1,1,2.000000,613.390000,422.860000,2.000000,631.672485,412.640350,20.944940,47.472435,1,0.107000,0.711738
MP_T_DudukBerdiri_1,movenet,119,3.956000,ok,1,direct,0.342952,12,right_hip,1,1,2.000000,535.070000,430.290000,0.000000,552.417542,417.564758,,47.472435,0,0.107000,0.000000
MP_T_DudukBerdiri_1,movenet,119,3.956000,ok,1,direct,0.342952,13,left_knee,1,1,2.000000,705.880000,468.710000,0.000000,669.057617,475.953949,,47.472435,0,0.087000,0.000000
MP_T_DudukBerdiri_1,movenet,119,3.956000,ok,1,direct,0.342952,14,right_knee,1,1,2.000000,578.480000,470.360000,2.000000,579.532227,503.162811,32.819683,47.472435,1,0.087000,0.282826
MP_T_DudukBerdiri_1,movenet,119,3.956000,ok,1,direct,0.342952,15,left_ankle,1,1,2.000000,665.590000,605.870000,0.000000,670.482422,586.616028,,47.472435,0,0.089000,0.000000
MP_T_DudukBerdiri_1,movenet,119,3.956000,ok,1,direct,0.342952,16,right_ankle,1,1,2.000000,584.790000,617.060000,2.000000,526.596741,634.068359,60.627879,47.472435,0,0.089000,0.016273
MP_T_DudukBerdiri_1,movenet,120,3.989243,ok,1,direct,0.353952,0,nose,0,0,0.000000,0.000000,0.000000,2.000000,627.561707,228.196381,,,,0.026000,
MP_T_DudukBerdiri_1,movenet,120,3.989243,ok,1,direct,0.353952,1,left_eye,0,0,0.000000,0.000000,0.000000,2.000000,648.174683,219.169128,,,,0.025000,
MP_T_DudukBerdiri_1,movenet,120,3.989243,ok,1,direct,0.353952,2,right_eye,0,0,0.000000,0.000000,0.000000,2.000000,612.972473,218.306000,,,,0.025000,
MP_T_DudukBerdiri_1,movenet,120,3.989243,ok,1,direct,0.353952,3,left_ear,0,0,0.000000,0.000000,0.000000,2.000000,660.976929,225.105743,,,,0.035000,
MP_T_DudukBerdiri_1,movenet,120,3.989243,ok,1,direct,0.353952,4,right_ear,0,0,0.000000,0.000000,0.000000,2.000000,575.902588,222.257797,,,,0.035000,
MP_T_DudukBerdiri_1,movenet,120,3.989243,ok,1,direct,0.353952,5,left_shoulder,1,1,2.000000,634.420000,317.220000,2.000000,658.912354,278.584473,45.744719,47.768950,1,0.079000,0.052931
MP_T_DudukBerdiri_1,movenet,120,3.989243,ok,1,direct,0.353952,6,right_shoulder,1,1,2.000000,528.540000,295.760000,2.000000,538.028137,287.621826,12.500185,47.768950,1,0.079000,0.802968
MP_T_DudukBerdiri_1,movenet,120,3.989243,ok,1,direct,0.353952,7,left_elbow,1,1,2.000000,655.730000,390.380000,2.000000,673.397888,364.386169,31.429819,47.768950,1,0.072000,0.188217
MP_T_DudukBerdiri_1,movenet,120,3.989243,ok,1,direct,0.353952,8,right_elbow,1,1,2.000000,529.580000,394.280000,2.000000,547.218384,385.219574,19.829370,47.768950,1,0.072000,0.514376
MP_T_DudukBerdiri_1,movenet,120,3.989243,ok,1,direct,0.353952,9,left_wrist,1,1,2.000000,695.340000,432.920000,2.000000,696.778198,433.599548,1.590660,47.768950,1,0.062000,0.994247
MP_T_DudukBerdiri_1,movenet,120,3.989243,ok,1,direct,0.353952,10,right_wrist,1,1,2.000000,572.770000,449.270000,2.000000,564.470703,445.923157,8.948726,47.768950,1,0.062000,0.833109
MP_T_DudukBerdiri_1,movenet,120,3.989243,ok,1,direct,0.353952,11,left_hip,1,1,2.000000,613.010000,423.170000,2.000000,630.956360,412.072479,21.100398,47.768950,1,0.107000,0.711172
MP_T_DudukBerdiri_1,movenet,120,3.989243,ok,1,direct,0.353952,12,right_hip,1,1,2.000000,534.360000,430.920000,0.000000,551.389282,415.959839,,47.768950,0,0.107000,0.000000
MP_T_DudukBerdiri_1,movenet,120,3.989243,ok,1,direct,0.353952,13,left_knee,1,1,2.000000,706.090000,468.250000,0.000000,659.294556,485.378754,,47.768950,0,0.087000,0.000000
MP_T_DudukBerdiri_1,movenet,120,3.989243,ok,1,direct,0.353952,14,right_knee,1,1,2.000000,577.900000,470.150000,2.000000,586.788208,502.200592,33.260197,47.768950,1,0.087000,0.277759
MP_T_DudukBerdiri_1,movenet,120,3.989243,ok,1,direct,0.353952,15,left_ankle,1,1,2.000000,665.590000,605.870000,0.000000,663.343384,587.893677,,47.768950,0,0.089000,0.000000
MP_T_DudukBerdiri_1,movenet,120,3.989243,ok,1,direct,0.353952,16,right_ankle,1,1,2.000000,584.790000,617.060000,2.000000,552.325500,624.575317,33.323021,47.768950,1,0.089000,0.292672
MP_T_DudukBerdiri_1,movenet,121,4.022487,ok,1,direct,0.370374,0,nose,0,0,0.000000,0.000000,0.000000,2.000000,634.642822,227.291870,,,,0.026000,
MP_T_DudukBerdiri_1,movenet,121,4.022487,ok,1,direct,0.370374,1,left_eye,0,0,0.000000,0.000000,0.000000,2.000000,651.111938,218.533905,,,,0.025000,
MP_T_DudukBerdiri_1,movenet,121,4.022487,ok,1,direct,0.370374,2,right_eye,0,0,0.000000,0.000000,0.000000,2.000000,619.078430,218.047180,,,,0.025000,
MP_T_DudukBerdiri_1,movenet,121,4.022487,ok,1,direct,0.370374,3,left_ear,0,0,0.000000,0.000000,0.000000,2.000000,657.174438,224.328690,,,,0.035000,
MP_T_DudukBerdiri_1,movenet,121,4.022487,ok,1,direct,0.370374,4,right_ear,0,0,0.000000,0.000000,0.000000,2.000000,574.996826,223.793976,,,,0.035000,
MP_T_DudukBerdiri_1,movenet,121,4.022487,ok,1,direct,0.370374,5,left_shoulder,1,1,2.000000,633.630000,318.440000,2.000000,658.669495,278.184845,47.407318,47.765081,1,0.079000,0.042562
MP_T_DudukBerdiri_1,movenet,121,4.022487,ok,1,direct,0.370374,6,right_shoulder,1,1,2.000000,527.120000,296.390000,2.000000,536.376587,288.000275,12.492874,47.765081,1,0.079000,0.803145
MP_T_DudukBerdiri_1,movenet,121,4.022487,ok,1,direct,0.370374,7,left_elbow,1,1,2.000000,653.680000,390.540000,2.000000,673.418213,363.027344,33.860645,47.765081,1,0.072000,0.143876
MP_T_DudukBerdiri_1,movenet,121,4.022487,ok,1,direct,0.370374,8,right_elbow,1,1,2.000000,528.240000,395.070000,2.000000,544.849670,380.763916,21.921341,47.765081,1,0.072000,0.443702
MP_T_DudukBerdiri_1,movenet,121,4.022487,ok,1,direct,0.370374,9,left_wrist,1,1,2.000000,692.810000,431.970000,2.000000,697.931152,429.992340,5.489749,47.765081,1,0.062000,0.933581
MP_T_DudukBerdiri_1,movenet,121,4.022487,ok,1,direct,0.370374,10,right_wrist,1,1,2.000000,569.760000,448.170000,2.000000,560.262390,443.060760,10.784661,47.765081,1,0.062000,0.767022
MP_T_DudukBerdiri_1,movenet,121,4.022487,ok,1,direct,0.370374,11,left_hip,1,1,2.000000,612.630000,423.490000,2.000000,636.493164,408.914001,27.962660,47.765081,1,0.107000,0.549534
MP_T_DudukBerdiri_1,movenet,121,4.022487,ok,1,direct,0.370374,12,right_hip,1,1,2.000000,533.650000,431.550000,0.000000,554.305420,413.631012,,47.765081,0,0.107000,0.000000
MP_T_DudukBerdiri_1,movenet,121,4.022487,ok,1,direct,0.370374,13,left_knee,1,1,2.000000,704.990000,467.780000,0.000000,687.951172,459.276154,,47.765081,0,0.087000,0.000000
MP_T_DudukBerdiri_1,movenet,121,4.022487,ok,1,direct,0.370374,14,right_knee,1,1,2.000000,577.320000,469.940000,2.000000,588.748230,500.247223,32.390310,47.765081,1,0.087000,0.296690
MP_T_DudukBerdiri_1,movenet,121,4.022487,ok,1,direct,0.370374,15,left_ankle,1,1,2.000000,665.590000,605.870000,0.000000,665.056824,585.007629,,47.765081,0,0.089000,0.000000
MP_T_DudukBerdiri_1,movenet,121,4.022487,ok,1,direct,0.370374,16,right_ankle,1,1,2.000000,584.790000,617.060000,2.000000,540.890625,629.564941,45.645686,47.765081,1,0.089000,0.099675
MP_T_DudukBerdiri_1,movenet,122,4.055731,ok,1,direct,0.372194,0,nose,0,0,0.000000,0.000000,0.000000,2.000000,625.268311,228.269485,,,,0.026000,
MP_T_DudukBerdiri_1,movenet,122,4.055731,ok,1,direct,0.372194,1,left_eye,0,0,0.000000,0.000000,0.000000,2.000000,645.753723,218.338898,,,,0.025000,
MP_T_DudukBerdiri_1,movenet,122,4.055731,ok,1,direct,0.372194,2,right_eye,0,0,0.000000,0.000000,0.000000,2.000000,607.350342,218.066132,,,,0.025000,
MP_T_DudukBerdiri_1,movenet,122,4.055731,ok,1,direct,0.372194,3,left_ear,0,0,0.000000,0.000000,0.000000,2.000000,660.215149,225.279984,,,,0.035000,
MP_T_DudukBerdiri_1,movenet,122,4.055731,ok,1,direct,0.372194,4,right_ear,0,0,0.000000,0.000000,0.000000,2.000000,568.864197,223.545853,,,,0.035000,
MP_T_DudukBerdiri_1,movenet,122,4.055731,ok,1,direct,0.372194,5,left_shoulder,1,1,2.000000,632.840000,319.660000,2.000000,658.175049,280.406158,46.719683,47.761042,1,0.079000,0.046589
MP_T_DudukBerdiri_1,movenet,122,4.055731,ok,1,direct,0.372194,6,right_shoulder,1,1,2.000000,525.690000,297.020000,2.000000,535.290710,289.225586,12.366347,47.761042,1,0.079000,0.806672
MP_T_DudukBerdiri_1,movenet,122,4.055731,ok,1,direct,0.372194,7,left_elbow,1,1,2.000000,651.620000,390.700000,2.000000,668.362732,364.848969,30.799268,47.761042,1,0.072000,0.201021
MP_T_DudukBerdiri_1,movenet,122,4.055731,ok,1,direct,0.372194,8,right_elbow,1,1,2.000000,526.890000,395.860000,2.000000,546.591553,382.579529,23.759674,47.761042,1,0.072000,0.384901
MP_T_DudukBerdiri_1,movenet,122,4.055731,ok,1,direct,0.372194,9,left_wrist,1,1,2.000000,690.280000,431.030000,2.000000,695.319275,429.146118,5.379898,47.761042,1,0.062000,0.936116
MP_T_DudukBerdiri_1,movenet,122,4.055731,ok,1,direct,0.372194,10,right_wrist,1,1,2.000000,566.760000,447.060000,2.000000,544.216125,435.541534,25.316029,47.761042,1,0.062000,0.231817
MP_T_DudukBerdiri_1,movenet,122,4.055731,ok,1,direct,0.372194,11,left_hip,1,1,2.000000,612.250000,423.810000,2.000000,634.492065,409.394348,26.505103,47.761042,1,0.107000,0.583921
MP_T_DudukBerdiri_1,movenet,122,4.055731,ok,1,direct,0.372194,12,right_hip,1,1,2.000000,532.940000,432.180000,0.000000,552.773254,415.266846,,47.761042,0,0.107000,0.000000
MP_T_DudukBerdiri_1,movenet,122,4.055731,ok,1,direct,0.372194,13,left_knee,1,1,2.000000,703.880000,467.300000,0.000000,685.033447,473.515381,,47.761042,0,0.087000,0.000000
MP_T_DudukBerdiri_1,movenet,122,4.055731,ok,1,direct,0.372194,14,right_knee,1,1,2.000000,576.740000,469.730000,2.000000,592.524048,491.896393,27.211857,47.761042,1,0.087000,0.424116
MP_T_DudukBerdiri_1,movenet,122,4.055731,ok,1,direct,0.372194,15,left_ankle,1,1,2.000000,665.590000,605.870000,0.000000,667.141052,583.013794,,47.761042,0,0.089000,0.000000
MP_T_DudukBerdiri_1,movenet,122,4.055731,ok,1,direct,0.372194,16,right_ankle,1,1,2.000000,584.790000,617.060000,2.000000,534.452515,631.901978,52.479965,47.761042,0,0.089000,0.047429
MP_T_DudukBerdiri_1,movenet,123,4.088974,ok,1,direct,0.377743,0,nose,0,0,0.000000,0.000000,0.000000,2.000000,631.090759,227.784073,,,,0.026000,
MP_T_DudukBerdiri_1,movenet,123,4.088974,ok,1,direct,0.377743,1,left_eye,0,0,0.000000,0.000000,0.000000,2.000000,650.313660,218.663528,,,,0.025000,
MP_T_DudukBerdiri_1,movenet,123,4.088974,ok,1,direct,0.377743,2,right_eye,0,0,0.000000,0.000000,0.000000,2.000000,615.511230,218.200607,,,,0.025000,
MP_T_DudukBerdiri_1,movenet,123,4.088974,ok,1,direct,0.377743,3,left_ear,0,0,0.000000,0.000000,0.000000,2.000000,659.254211,224.969360,,,,0.035000,
MP_T_DudukBerdiri_1,movenet,123,4.088974,ok,1,direct,0.377743,4,right_ear,0,0,0.000000,0.000000,0.000000,2.000000,568.010132,223.786057,,,,0.035000,
MP_T_DudukBerdiri_1,movenet,123,4.088974,ok,1,direct,0.377743,5,left_shoulder,1,1,2.000000,632.040000,320.880000,2.000000,660.345947,281.430298,48.554152,47.754748,0,0.079000,0.036414
MP_T_DudukBerdiri_1,movenet,123,4.088974,ok,1,direct,0.377743,6,right_shoulder,1,1,2.000000,524.270000,297.660000,2.000000,533.593018,289.151672,12.621818,47.754748,1,0.079000,0.799423
MP_T_DudukBerdiri_1,movenet,123,4.088974,ok,1,direct,0.377743,7,left_elbow,1,1,2.000000,649.570000,390.860000,2.000000,672.549744,360.468475,38.101357,47.754748,1,0.072000,0.085785
MP_T_DudukBerdiri_1,movenet,123,4.088974,ok,1,direct,0.377743,8,right_elbow,1,1,2.000000,525.550000,396.650000,2.000000,533.631104,376.376801,21.824455,47.754748,1,0.072000,0.446737
MP_T_DudukBerdiri_1,movenet,123,4.088974,ok,1,direct,0.377743,9,left_wrist,1,1,2.000000,687.750000,430.080000,2.000000,697.392090,427.765564,9.915973,47.754748,1,0.062000,0.799053
MP_T_DudukBerdiri_1,movenet,123,4.088974,ok,1,direct,0.377743,10,right_wrist,1,1,2.000000,563.750000,445.950000,0.000000,553.635132,435.696625,,47.754748,0,0.062000,0.000000
MP_T_DudukBerdiri_1,movenet,123,4.088974,ok,1,direct,0.377743,11,left_hip,1,1,2.000000,611.870000,424.120000,2.000000,630.405518,408.468903,24.259478,47.754748,1,0.107000,0.637113
MP_T_DudukBerdiri_1,movenet,123,4.088974,ok,1,direct,0.377743,12,right_hip,1,1,2.000000,532.220000,432.820000,2.000000,552.151367,413.427673,27.808663,47.754748,1,0.107000,0.553018
MP_T_DudukBerdiri_1,movenet,123,4.088974,ok,1,direct,0.377743,13,left_knee,1,1,2.000000,702.770000,466.830000,2.000000,678.390381,482.879303,29.188113,47.754748,1,0.087000,0.372648
MP_T_DudukBerdiri_1,movenet,123,4.088974,ok,1,direct,0.377743,14,right_knee,1,1,2.000000,576.160000,469.520000,2.000000,588.339233,501.449585,34.173559,47.754748,1,0.087000,0.258431
MP_T_DudukBerdiri_1,movenet,123,4.088974,ok,1,direct,0.377743,15,left_ankle,1,1,2.000000,665.590000,605.870000,0.000000,668.193604,567.878540,,47.754748,0,0.089000,0.000000
MP_T_DudukBerdiri_1,movenet,123,4.088974,ok,1,direct,0.377743,16,right_ankle,1,1,2.000000,584.790000,617.060000,2.000000,532.383240,631.745850,54.425570,47.754748,0,0.089000,0.037643
MP_T_DudukBerdiri_1,movenet,124,4.122218,ok,1,direct,0.402608,0,nose,0,0,0.000000,0.000000,0.000000,2.000000,631.253540,228.161331,,,,0.026000,
MP_T_DudukBerdiri_1,movenet,124,4.122218,ok,1,direct,0.402608,1,left_eye,0,0,0.000000,0.000000,0.000000,2.000000,649.920898,219.083176,,,,0.025000,
MP_T_DudukBerdiri_1,movenet,124,4.122218,ok,1,direct,0.402608,2,right_eye,0,0,0.000000,0.000000,0.000000,2.000000,615.591553,219.191727,,,,0.025000,
MP_T_DudukBerdiri_1,movenet,124,4.122218,ok,1,direct,0.402608,3,left_ear,0,0,0.000000,0.000000,0.000000,2.000000,657.659241,225.127029,,,,0.035000,
MP_T_DudukBerdiri_1,movenet,124,4.122218,ok,1,direct,0.402608,4,right_ear,0,0,0.000000,0.000000,0.000000,2.000000,570.171448,223.865067,,,,0.035000,
MP_T_DudukBerdiri_1,movenet,124,4.122218,ok,1,direct,0.402608,5,left_shoulder,1,1,2.000000,631.250000,322.100000,2.000000,658.076416,280.024414,49.900015,47.750372,0,0.079000,0.030208
MP_T_DudukBerdiri_1,movenet,124,4.122218,ok,1,direct,0.402608,6,right_shoulder,1,1,2.000000,522.850000,298.290000,2.000000,536.223633,289.722931,15.882340,47.750372,1,0.079000,0.701504
MP_T_DudukBerdiri_1,movenet,124,4.122218,ok,1,direct,0.402608,7,left_elbow,1,1,2.000000,647.510000,391.020000,2.000000,671.463684,358.703766,40.225837,47.750372,1,0.072000,0.064704
MP_T_DudukBerdiri_1,movenet,124,4.122218,ok,1,direct,0.402608,8,right_elbow,1,1,2.000000,524.210000,397.440000,2.000000,531.892151,372.175354,26.406775,47.750372,1,0.072000,0.307312
MP_T_DudukBerdiri_1,movenet,124,4.122218,ok,1,direct,0.402608,9,left_wrist,1,1,2.000000,685.220000,429.130000,2.000000,698.138062,427.642853,13.003381,47.750372,1,0.062000,0.679880
MP_T_DudukBerdiri_1,movenet,124,4.122218,ok,1,direct,0.402608,10,right_wrist,1,1,2.000000,560.750000,444.840000,2.000000,543.752563,432.484192,21.013777,47.750372,1,0.062000,0.365083
MP_T_DudukBerdiri_1,movenet,124,4.122218,ok,1,direct,0.402608,11,left_hip,1,1,2.000000,611.490000,424.440000,2.000000,631.574158,409.053711,25.300421,47.750372,1,0.107000,0.612372
MP_T_DudukBerdiri_1,movenet,124,4.122218,ok,1,direct,0.402608,12,right_hip,1,1,2.000000,531.510000,433.450000,2.000000,552.184082,418.599823,25.454772,47.750372,1,0.107000,0.608707
MP_T_DudukBerdiri_1,movenet,124,4.122218,ok,1,direct,0.402608,13,left_knee,1,1,2.000000,701.670000,466.350000,2.000000,683.660034,484.854645,25.822098,47.750372,1,0.087000,0.461756
MP_T_DudukBerdiri_1,movenet,124,4.122218,ok,1,direct,0.402608,14,right_knee,1,1,2.000000,575.580000,469.300000,2.000000,589.596191,500.971680,34.634505,47.750372,1,0.087000,0.249043
MP_T_DudukBerdiri_1,movenet,124,4.122218,ok,1,direct,0.402608,15,left_ankle,1,1,2.000000,665.590000,605.870000,0.000000,674.963623,582.044312,,47.750372,0,0.089000,0.000000
MP_T_DudukBerdiri_1,movenet,124,4.122218,ok,1,direct,0.402608,16,right_ankle,1,1,2.000000,584.790000,617.060000,2.000000,550.506470,621.095154,34.520181,47.750372,1,0.089000,0.267242
MP_T_DudukBerdiri_1,movenet,125,4.155462,ok,1,direct,0.394120,0,nose,0,0,0.000000,0.000000,0.000000,2.000000,639.853027,227.294785,,,,0.026000,
MP_T_DudukBerdiri_1,movenet,125,4.155462,ok,1,direct,0.394120,1,left_eye,0,0,0.000000,0.000000,0.000000,2.000000,652.922485,218.700043,,,,0.025000,
MP_T_DudukBerdiri_1,movenet,125,4.155462,ok,1,direct,0.394120,2,right_eye,0,0,0.000000,0.000000,0.000000,2.000000,620.445007,217.712692,,,,0.025000,
MP_T_DudukBerdiri_1,movenet,125,4.155462,ok,1,direct,0.394120,3,left_ear,0,0,0.000000,0.000000,0.000000,2.000000,660.243164,225.023880,,,,0.035000,
MP_T_DudukBerdiri_1,movenet,125,4.155462,ok,1,direct,0.394120,4,right_ear,0,0,0.000000,0.000000,0.000000,2.000000,578.681458,224.817917,,,,0.035000,
MP_T_DudukBerdiri_1,movenet,125,4.155462,ok,1,direct,0.394120,5,left_shoulder,1,1,2.000000,631.090000,321.200000,2.000000,656.620361,279.593689,48.814798,47.726399,0,0.079000,0.034999
MP_T_DudukBerdiri_1,movenet,125,4.155462,ok,1,direct,0.394120,6,right_shoulder,1,1,2.000000,522.850000,298.610000,2.000000,538.445190,289.827179,17.898266,47.726399,1,0.079000,0.637187
MP_T_DudukBerdiri_1,movenet,125,4.155462,ok,1,direct,0.394120,7,left_elbow,1,1,2.000000,646.090000,391.650000,2.000000,671.790161,357.422882,42.801798,47.726399,1,0.072000,0.044917
MP_T_DudukBerdiri_1,movenet,125,4.155462,ok,1,direct,0.394120,8,right_elbow,1,1,2.000000,524.210000,397.440000,2.000000,527.921509,372.969452,24.750415,47.726399,1,0.072000,0.354319
MP_T_DudukBerdiri_1,movenet,125,4.155462,ok,1,direct,0.394120,9,left_wrist,1,1,2.000000,683.790000,429.130000,2.000000,693.487244,426.055084,10.173084,47.726399,1,0.062000,0.789470
MP_T_DudukBerdiri_1,movenet,125,4.155462,ok,1,direct,0.394120,10,right_wrist,1,1,2.000000,560.750000,444.840000,2.000000,542.805542,432.425232,21.820404,47.726399,1,0.062000,0.337036
MP_T_DudukBerdiri_1,movenet,125,4.155462,ok,1,direct,0.394120,11,left_hip,1,1,2.000000,611.110000,424.760000,2.000000,631.923462,407.234955,27.208958,47.726399,1,0.107000,0.566791
MP_T_DudukBerdiri_1,movenet,125,4.155462,ok,1,direct,0.394120,12,right_hip,1,1,2.000000,531.510000,433.450000,2.000000,551.284790,417.305847,25.527945,47.726399,1,0.107000,0.606666
MP_T_DudukBerdiri_1,movenet,125,4.155462,ok,1,direct,0.394120,13,left_knee,1,1,2.000000,701.670000,466.350000,2.000000,682.808960,485.329926,26.757735,47.726399,1,0.087000,0.435804
MP_T_DudukBerdiri_1,movenet,125,4.155462,ok,1,direct,0.394120,14,right_knee,1,1,2.000000,575.310000,469.300000,2.000000,591.884094,499.996216,34.884929,47.726399,1,0.087000,0.243723
MP_T_DudukBerdiri_1,movenet,125,4.155462,ok,1,direct,0.394120,15,left_ankle,1,1,2.000000,665.590000,605.870000,0.000000,676.033264,585.379517,,47.726399,0,0.089000,0.000000
MP_T_DudukBerdiri_1,movenet,125,4.155462,ok,1,direct,0.394120,16,right_ankle,1,1,2.000000,584.790000,617.060000,2.000000,551.608398,620.715393,33.382339,47.726399,1,0.089000,0.290753
MP_T_DudukBerdiri_1,movenet,126,4.188705,ok,1,direct,0.392462,0,nose,0,0,0.000000,0.000000,0.000000,2.000000,640.661865,227.886993,,,,0.026000,
MP_T_DudukBerdiri_1,movenet,126,4.188705,ok,1,direct,0.392462,1,left_eye,0,0,0.000000,0.000000,0.000000,2.000000,653.362915,219.192978,,,,0.025000,
MP_T_DudukBerdiri_1,movenet,126,4.188705,ok,1,direct,0.392462,2,right_eye,0,0,0.000000,0.000000,0.000000,2.000000,621.162476,218.210297,,,,0.025000,
MP_T_DudukBerdiri_1,movenet,126,4.188705,ok,1,direct,0.392462,3,left_ear,0,0,0.000000,0.000000,0.000000,2.000000,661.103638,225.541458,,,,0.035000,
MP_T_DudukBerdiri_1,movenet,126,4.188705,ok,1,direct,0.392462,4,right_ear,0,0,0.000000,0.000000,0.000000,2.000000,572.453369,222.010086,,,,0.035000,
MP_T_DudukBerdiri_1,movenet,126,4.188705,ok,1,direct,0.392462,5,left_shoulder,1,1,2.000000,630.940000,320.290000,2.000000,660.035278,279.649750,49.981648,47.703163,0,0.079000,0.029657
MP_T_DudukBerdiri_1,movenet,126,4.188705,ok,1,direct,0.392462,6,right_shoulder,1,1,2.000000,522.850000,298.920000,2.000000,538.796997,289.168365,18.692274,47.703163,1,0.079000,0.611374
MP_T_DudukBerdiri_1,movenet,126,4.188705,ok,1,direct,0.392462,7,left_elbow,1,1,2.000000,644.660000,392.280000,2.000000,672.369873,356.446655,45.297524,47.703163,1,0.072000,0.030847
MP_T_DudukBerdiri_1,movenet,126,4.188705,ok,1,direct,0.392462,8,right_elbow,1,1,2.000000,524.210000,397.440000,2.000000,526.045044,374.262665,23.249866,47.703163,1,0.072000,0.399934
MP_T_DudukBerdiri_1,movenet,126,4.188705,ok,1,direct,0.392462,9,left_wrist,1,1,2.000000,682.370000,429.130000,2.000000,692.708191,426.130524,10.764527,47.703163,1,0.062000,0.767254
MP_T_DudukBerdiri_1,movenet,126,4.188705,ok,1,direct,0.392462,10,right_wrist,1,1,2.000000,560.750000,444.840000,2.000000,542.991577,432.975098,21.357376,47.703163,1,0.062000,0.352427
MP_T_DudukBerdiri_1,movenet,126,4.188705,ok,1,direct,0.392462,11,left_hip,1,1,2.000000,610.730000,425.070000,2.000000,632.237610,406.901398,28.154491,47.703163,1,0.107000,0.544164
MP_T_DudukBerdiri_1,movenet,126,4.188705,ok,1,direct,0.392462,12,right_hip,1,1,2.000000,531.510000,433.450000,2.000000,550.316528,418.016083,24.328816,47.703163,1,0.107000,0.634848
MP_T_DudukBerdiri_1,movenet,126,4.188705,ok,1,direct,0.392462,13,left_knee,1,1,2.000000,701.670000,466.350000,2.000000,679.418701,483.733704,28.236739,47.703163,1,0.087000,0.396207
MP_T_DudukBerdiri_1,movenet,126,4.188705,ok,1,direct,0.392462,14,right_knee,1,1,2.000000,575.050000,469.300000,2.000000,597.922668,496.481781,35.524754,47.703163,1,0.087000,0.230983
MP_T_DudukBerdiri_1,movenet,126,4.188705,ok,1,direct,0.392462,15,left_ankle,1,1,2.000000,665.590000,605.870000,2.000000,675.648682,583.618835,24.419079,47.703163,1,0.089000,0.516010
MP_T_DudukBerdiri_1,movenet,126,4.188705,ok,1,direct,0.392462,16,right_ankle,1,1,2.000000,584.790000,617.060000,2.000000,550.039612,620.385681,34.909163,47.703163,1,0.089000,0.258676
MP_T_DudukBerdiri_1,movenet,127,4.221949,ok,1,direct,0.390765,0,nose,0,0,0.000000,0.000000,0.000000,2.000000,642.355835,228.257034,,,,0.026000,
MP_T_DudukBerdiri_1,movenet,127,4.221949,ok,1,direct,0.390765,1,left_eye,0,0,0.000000,0.000000,0.000000,2.000000,653.333130,219.625351,,,,0.025000,
MP_T_DudukBerdiri_1,movenet,127,4.221949,ok,1,direct,0.390765,2,right_eye,0,0,0.000000,0.000000,0.000000,2.000000,622.232727,219.328766,,,,0.025000,
MP_T_DudukBerdiri_1,movenet,127,4.221949,ok,1,direct,0.390765,3,left_ear,0,0,0.000000,0.000000,0.000000,2.000000,657.791809,225.518997,,,,0.035000,
MP_T_DudukBerdiri_1,movenet,127,4.221949,ok,1,direct,0.390765,4,right_ear,0,0,0.000000,0.000000,0.000000,2.000000,577.750305,222.973068,,,,0.035000,
MP_T_DudukBerdiri_1,movenet,127,4.221949,ok,1,direct,0.390765,5,left_shoulder,1,1,2.000000,630.780000,319.390000,2.000000,660.841614,279.798615,49.710949,47.679166,0,0.079000,0.030698
MP_T_DudukBerdiri_1,movenet,127,4.221949,ok,1,direct,0.390765,6,right_shoulder,1,1,2.000000,522.850000,299.240000,2.000000,536.350769,290.172516,16.263150,47.679166,1,0.079000,0.688772
MP_T_DudukBerdiri_1,movenet,127,4.221949,ok,1,direct,0.390765,7,left_elbow,1,1,2.000000,643.240000,392.910000,2.000000,676.008789,356.788788,48.770232,47.679166,0,0.072000,0.017657
MP_T_DudukBerdiri_1,movenet,127,4.221949,ok,1,direct,0.390765,8,right_elbow,1,1,2.000000,524.210000,397.440000,2.000000,522.130005,375.281799,22.255611,47.679166,1,0.072000,0.431454
MP_T_DudukBerdiri_1,movenet,127,4.221949,ok,1,direct,0.390765,9,left_wrist,1,1,2.000000,680.950000,429.130000,2.000000,696.412964,423.427246,16.481039,47.679166,1,0.062000,0.537048
MP_T_DudukBerdiri_1,movenet,127,4.221949,ok,1,direct,0.390765,10,right_wrist,1,1,2.000000,560.750000,444.840000,2.000000,541.368958,433.071228,22.674409,47.679166,1,0.062000,0.308298
MP_T_DudukBerdiri_1,movenet,127,4.221949,ok,1,direct,0.390765,11,left_hip,1,1,2.000000,610.350000,425.390000,2.000000,631.085571,408.313507,26.862065,47.679166,1,0.107000,0.574372
MP_T_DudukBerdiri_1,movenet,127,4.221949,ok,1,direct,0.390765,12,right_hip,1,1,2.000000,531.510000,433.450000,2.000000,561.369507,412.247498,36.621527,47.679166,1,0.107000,0.356803
MP_T_DudukBerdiri_1,movenet,127,4.221949,ok,1,direct,0.390765,13,left_knee,1,1,2.000000,701.670000,466.350000,2.000000,689.001465,474.351196,14.983689,47.679166,1,0.087000,0.770313
MP_T_DudukBerdiri_1,movenet,127,4.221949,ok,1,direct,0.390765,14,right_knee,1,1,2.000000,574.790000,469.300000,2.000000,588.640991,503.357452,36.766289,47.679166,1,0.087000,0.207794
MP_T_DudukBerdiri_1,movenet,127,4.221949,ok,1,direct,0.390765,15,left_ankle,1,1,2.000000,665.590000,605.870000,0.000000,672.121094,576.392456,,47.679166,0,0.089000,0.000000
MP_T_DudukBerdiri_1,movenet,127,4.221949,ok,1,direct,0.390765,16,right_ankle,1,1,2.000000,584.790000,617.060000,2.000000,551.023499,618.910583,33.817174,47.679166,1,0.089000,0.280779
MP_T_DudukBerdiri_1,movenet,128,4.255193,ok,1,direct,0.382510,0,nose,0,0,0.000000,0.000000,0.000000,2.000000,646.069885,227.549515,,,,0.026000,
MP_T_DudukBerdiri_1,movenet,128,4.255193,ok,1,direct,0.382510,1,left_eye,0,0,0.000000,0.000000,0.000000,2.000000,655.595642,218.887375,,,,0.025000,
MP_T_DudukBerdiri_1,movenet,128,4.255193,ok,1,direct,0.382510,2,right_eye,0,0,0.000000,0.000000,0.000000,2.000000,626.195801,218.981339,,,,0.025000,
MP_T_DudukBerdiri_1,movenet,128,4.255193,ok,1,direct,0.382510,3,left_ear,0,0,0.000000,0.000000,0.000000,2.000000,657.325317,225.066483,,,,0.035000,
MP_T_DudukBerdiri_1,movenet,128,4.255193,ok,1,direct,0.382510,4,right_ear,0,0,0.000000,0.000000,0.000000,2.000000,580.459656,222.389496,,,,0.035000,
MP_T_DudukBerdiri_1,movenet,128,4.255193,ok,1,direct,0.382510,5,left_shoulder,1,1,2.000000,630.630000,318.480000,2.000000,660.159546,280.300415,48.266705,47.655908,0,0.079000,0.037355
MP_T_DudukBerdiri_1,movenet,128,4.255193,ok,1,direct,0.382510,6,right_shoulder,1,1,2.000000,522.850000,299.550000,2.000000,535.860352,290.774170,15.693452,47.655908,1,0.079000,0.706438
MP_T_DudukBerdiri_1,movenet,128,4.255193,ok,1,direct,0.382510,7,left_elbow,1,1,2.000000,641.820000,393.550000,2.000000,674.630615,357.316681,48.881386,47.655908,0,0.072000,0.017266
MP_T_DudukBerdiri_1,movenet,128,4.255193,ok,1,direct,0.382510,8,right_elbow,1,1,2.000000,524.210000,397.440000,2.000000,522.096680,374.971313,22.567853,47.655908,1,0.072000,0.420971
MP_T_DudukBerdiri_1,movenet,128,4.255193,ok,1,direct,0.382510,9,left_wrist,1,1,2.000000,679.520000,429.130000,2.000000,695.331970,423.013885,16.953621,47.655908,1,0.062000,0.517641
MP_T_DudukBerdiri_1,movenet,128,4.255193,ok,1,direct,0.382510,10,right_wrist,1,1,2.000000,560.750000,444.840000,2.000000,541.228638,432.883698,22.891849,47.655908,1,0.062000,0.301033
MP_T_DudukBerdiri_1,movenet,128,4.255193,ok,1,direct,0.382510,11,left_hip,1,1,2.000000,609.970000,425.700000,2.000000,632.636597,408.015961,28.748910,47.655908,1,0.107000,0.529550
MP_T_DudukBerdiri_1,movenet,128,4.255193,ok,1,direct,0.382510,12,right_hip,1,1,2.000000,531.510000,433.450000,0.000000,552.711060,414.477386,,47.655908,0,0.107000,0.000000
MP_T_DudukBerdiri_1,movenet,128,4.255193,ok,1,direct,0.382510,13,left_knee,1,1,2.000000,701.670000,466.350000,2.000000,687.783813,472.793335,15.308257,47.655908,1,0.087000,0.761357
MP_T_DudukBerdiri_1,movenet,128,4.255193,ok,1,direct,0.382510,14,right_knee,1,1,2.000000,574.520000,469.300000,2.000000,595.426270,498.048798,35.546666,47.655908,1,0.087000,0.229896
MP_T_DudukBerdiri_1,movenet,128,4.255193,ok,1,direct,0.382510,15,left_ankle,1,1,2.000000,665.590000,605.870000,0.000000,671.015869,574.276062,,47.655908,0,0.089000,0.000000
MP_T_DudukBerdiri_1,movenet,128,4.255193,ok,1,direct,0.382510,16,right_ankle,1,1,2.000000,584.790000,617.060000,0.000000,551.502441,619.746460,,47.655908,0,0.089000,0.000000
MP_T_DudukBerdiri_1,movenet,129,4.288436,ok,1,direct,0.387368,0,nose,0,0,0.000000,0.000000,0.000000,2.000000,645.613342,227.243118,,,,0.026000,
MP_T_DudukBerdiri_1,movenet,129,4.288436,ok,1,direct,0.387368,1,left_eye,0,0,0.000000,0.000000,0.000000,2.000000,654.630859,218.380249,,,,0.025000,
MP_T_DudukBerdiri_1,movenet,129,4.288436,ok,1,direct,0.387368,2,right_eye,0,0,0.000000,0.000000,0.000000,2.000000,625.092346,218.718353,,,,0.025000,
MP_T_DudukBerdiri_1,movenet,129,4.288436,ok,1,direct,0.387368,3,left_ear,0,0,0.000000,0.000000,0.000000,2.000000,656.698730,224.783188,,,,0.035000,
MP_T_DudukBerdiri_1,movenet,129,4.288436,ok,1,direct,0.387368,4,right_ear,0,0,0.000000,0.000000,0.000000,2.000000,575.976135,222.546844,,,,0.035000,
MP_T_DudukBerdiri_1,movenet,129,4.288436,ok,1,direct,0.387368,5,left_shoulder,1,1,2.000000,629.800000,318.300000,2.000000,660.518433,280.560730,48.660812,47.659200,0,0.079000,0.035411
MP_T_DudukBerdiri_1,movenet,129,4.288436,ok,1,direct,0.387368,6,right_shoulder,1,1,2.000000,522.690000,299.790000,2.000000,533.409790,290.434113,14.228371,47.659200,1,0.079000,0.751546
MP_T_DudukBerdiri_1,movenet,129,4.288436,ok,1,direct,0.387368,7,left_elbow,1,1,2.000000,642.120000,393.130000,2.000000,674.244446,356.980621,48.360703,47.659200,0,0.072000,0.018828
MP_T_DudukBerdiri_1,movenet,129,4.288436,ok,1,direct,0.387368,8,right_elbow,1,1,2.000000,524.210000,397.440000,2.000000,523.044861,372.718048,24.749393,47.659200,1,0.072000,0.353313
MP_T_DudukBerdiri_1,movenet,129,4.288436,ok,1,direct,0.387368,9,left_wrist,1,1,2.000000,680.020000,429.130000,2.000000,695.098206,423.450928,16.112236,47.659200,1,0.062000,0.551753
MP_T_DudukBerdiri_1,movenet,129,4.288436,ok,1,direct,0.387368,10,right_wrist,1,1,2.000000,560.750000,444.840000,2.000000,540.535645,431.738739,24.088653,47.659200,1,0.062000,0.264699
MP_T_DudukBerdiri_1,movenet,129,4.288436,ok,1,direct,0.387368,11,left_hip,1,1,2.000000,609.590000,426.020000,2.000000,631.105103,407.317474,28.507615,47.659200,1,0.107000,0.535253
MP_T_DudukBerdiri_1,movenet,129,4.288436,ok,1,direct,0.387368,12,right_hip,1,1,2.000000,531.510000,433.450000,2.000000,553.044067,413.215668,29.549015,47.659200,1,0.107000,0.510935
MP_T_DudukBerdiri_1,movenet,129,4.288436,ok,1,direct,0.387368,13,left_knee,1,1,2.000000,701.670000,466.350000,2.000000,685.096436,471.866577,17.467560,47.659200,1,0.087000,0.701211
MP_T_DudukBerdiri_1,movenet,129,4.288436,ok,1,direct,0.387368,14,right_knee,1,1,2.000000,574.260000,469.300000,2.000000,590.712097,500.622009,35.379935,47.659200,1,0.087000,0.233127
MP_T_DudukBerdiri_1,movenet,129,4.288436,ok,1,direct,0.387368,15,left_ankle,1,1,2.000000,665.590000,605.870000,0.000000,669.444946,569.781860,,47.659200,0,0.089000,0.000000
MP_T_DudukBerdiri_1,movenet,129,4.288436,ok,1,direct,0.387368,16,right_ankle,1,1,2.000000,584.790000,617.060000,2.000000,551.486694,619.169739,33.370064,47.659200,1,0.089000,0.290005
MP_T_DudukBerdiri_1,movenet,130,4.321680,ok,1,direct,0.408540,0,nose,0,0,0.000000,0.000000,0.000000,2.000000,642.588196,228.049545,,,,0.026000,
MP_T_DudukBerdiri_1,movenet,130,4.321680,ok,1,direct,0.408540,1,left_eye,0,0,0.000000,0.000000,0.000000,2.000000,652.527100,219.245956,,,,0.025000,
MP_T_DudukBerdiri_1,movenet,130,4.321680,ok,1,direct,0.408540,2,right_eye,0,0,0.000000,0.000000,0.000000,2.000000,621.763062,219.157211,,,,0.025000,
MP_T_DudukBerdiri_1,movenet,130,4.321680,ok,1,direct,0.408540,3,left_ear,0,0,0.000000,0.000000,0.000000,2.000000,657.069397,225.364136,,,,0.035000,
MP_T_DudukBerdiri_1,movenet,130,4.321680,ok,1,direct,0.408540,4,right_ear,0,0,0.000000,0.000000,0.000000,2.000000,578.591553,224.785233,,,,0.035000,
MP_T_DudukBerdiri_1,movenet,130,4.321680,ok,1,direct,0.408540,5,left_shoulder,1,1,2.000000,628.970000,318.130000,2.000000,662.372681,281.213013,49.785570,47.662461,0,0.079000,0.030304
MP_T_DudukBerdiri_1,movenet,130,4.321680,ok,1,direct,0.408540,6,right_shoulder,1,1,2.000000,522.530000,300.030000,2.000000,532.397583,289.569427,14.380291,47.662461,1,0.079000,0.746982
MP_T_DudukBerdiri_1,movenet,130,4.321680,ok,1,direct,0.408540,7,left_elbow,1,1,2.000000,642.430000,392.710000,2.000000,675.324097,356.389709,49.001889,47.662461,0,0.072000,0.016943
MP_T_DudukBerdiri_1,movenet,130,4.321680,ok,1,direct,0.408540,8,right_elbow,1,1,2.000000,524.210000,397.440000,2.000000,523.886108,372.010284,25.431778,47.662461,1,0.072000,0.333400
MP_T_DudukBerdiri_1,movenet,130,4.321680,ok,1,direct,0.408540,9,left_wrist,1,1,2.000000,680.510000,429.130000,2.000000,696.371826,427.296661,15.967425,47.662461,1,0.062000,0.557700
MP_T_DudukBerdiri_1,movenet,130,4.321680,ok,1,direct,0.408540,10,right_wrist,1,1,2.000000,560.750000,444.840000,2.000000,537.696655,430.052185,27.388614,47.662461,1,0.062000,0.179417
MP_T_DudukBerdiri_1,movenet,130,4.321680,ok,1,direct,0.408540,11,left_hip,1,1,2.000000,609.210000,426.340000,2.000000,630.185974,408.644104,27.443328,47.662461,1,0.107000,0.560380
MP_T_DudukBerdiri_1,movenet,130,4.321680,ok,1,direct,0.408540,12,right_hip,1,1,2.000000,531.510000,433.450000,2.000000,552.797180,417.960663,26.326101,47.662461,1,0.107000,0.586874
MP_T_DudukBerdiri_1,movenet,130,4.321680,ok,1,direct,0.408540,13,left_knee,1,1,2.000000,701.670000,466.350000,2.000000,680.486755,480.286438,25.356541,47.662461,1,0.087000,0.473380
MP_T_DudukBerdiri_1,movenet,130,4.321680,ok,1,direct,0.408540,14,right_knee,1,1,2.000000,574.000000,469.300000,2.000000,580.179199,505.077606,36.307294,47.662461,1,0.087000,0.215823
MP_T_DudukBerdiri_1,movenet,130,4.321680,ok,1,direct,0.408540,15,left_ankle,1,1,2.000000,665.590000,605.870000,0.000000,674.269470,573.786194,,47.662461,0,0.089000,0.000000
MP_T_DudukBerdiri_1,movenet,130,4.321680,ok,1,direct,0.408540,16,right_ankle,1,1,2.000000,584.790000,617.060000,2.000000,538.633911,627.429749,47.306619,47.662461,1,0.089000,0.083128
MP_T_DudukBerdiri_1,movenet,131,4.354924,ok,1,direct,0.390471,0,nose,0,0,0.000000,0.000000,0.000000,2.000000,641.821960,228.399902,,,,0.026000,
MP_T_DudukBerdiri_1,movenet,131,4.354924,ok,1,direct,0.390471,1,left_eye,0,0,0.000000,0.000000,0.000000,2.000000,652.252441,219.494171,,,,0.025000,
MP_T_DudukBerdiri_1,movenet,131,4.354924,ok,1,direct,0.390471,2,right_eye,0,0,0.000000,0.000000,0.000000,2.000000,621.238586,219.349442,,,,0.025000,
MP_T_DudukBerdiri_1,movenet,131,4.354924,ok,1,direct,0.390471,3,left_ear,0,0,0.000000,0.000000,0.000000,2.000000,657.639709,225.594910,,,,0.035000,
MP_T_DudukBerdiri_1,movenet,131,4.354924,ok,1,direct,0.390471,4,right_ear,0,0,0.000000,0.000000,0.000000,2.000000,579.323975,225.694717,,,,0.035000,
MP_T_DudukBerdiri_1,movenet,131,4.354924,ok,1,direct,0.390471,5,left_shoulder,1,1,2.000000,628.150000,317.950000,2.000000,660.841064,281.224457,49.167786,47.665689,0,0.079000,0.033049
MP_T_DudukBerdiri_1,movenet,131,4.354924,ok,1,direct,0.390471,6,right_shoulder,1,1,2.000000,522.370000,300.270000,2.000000,532.805542,290.068604,14.593458,47.665689,1,0.079000,0.740532
MP_T_DudukBerdiri_1,movenet,131,4.354924,ok,1,direct,0.390471,7,left_elbow,1,1,2.000000,642.730000,392.290000,2.000000,675.819702,357.013641,48.366826,47.665689,0,0.072000,0.018829
MP_T_DudukBerdiri_1,movenet,131,4.354924,ok,1,direct,0.390471,8,right_elbow,1,1,2.000000,524.210000,397.440000,2.000000,522.784058,372.967010,24.514496,47.665689,1,0.072000,0.360426
MP_T_DudukBerdiri_1,movenet,131,4.354924,ok,1,direct,0.390471,9,left_wrist,1,1,2.000000,681.010000,429.130000,2.000000,697.492065,423.077148,17.558345,47.665689,1,0.062000,0.493617
MP_T_DudukBerdiri_1,movenet,131,4.354924,ok,1,direct,0.390471,10,right_wrist,1,1,2.000000,560.750000,444.840000,2.000000,533.358032,424.772888,33.955984,47.665689,1,0.062000,0.071334
MP_T_DudukBerdiri_1,movenet,131,4.354924,ok,1,direct,0.390471,11,left_hip,1,1,2.000000,608.830000,426.650000,2.000000,633.313477,407.163025,31.291897,47.665689,1,0.107000,0.471017
MP_T_DudukBerdiri_1,movenet,131,4.354924,ok,1,direct,0.390471,12,right_hip,1,1,2.000000,531.510000,433.450000,2.000000,552.690308,417.658997,26.418956,47.665689,1,0.107000,0.584710
MP_T_DudukBerdiri_1,movenet,131,4.354924,ok,1,direct,0.390471,13,left_knee,1,1,2.000000,701.670000,466.350000,2.000000,696.379456,469.147064,5.984432,47.665689,1,0.087000,0.959204
MP_T_DudukBerdiri_1,movenet,131,4.354924,ok,1,direct,0.390471,14,right_knee,1,1,2.000000,573.730000,469.300000,2.000000,594.206421,496.766052,34.258836,47.665689,1,0.087000,0.255387
MP_T_DudukBerdiri_1,movenet,131,4.354924,ok,1,direct,0.390471,15,left_ankle,1,1,2.000000,665.590000,605.870000,2.000000,677.383057,573.884338,34.090449,47.665689,1,0.089000,0.274851
MP_T_DudukBerdiri_1,movenet,131,4.354924,ok,1,direct,0.390471,16,right_ankle,1,1,2.000000,584.790000,617.060000,0.000000,590.791748,595.139465,,47.665689,0,0.089000,0.000000
MP_T_DudukBerdiri_1,movenet,132,4.388168,ok,1,direct,0.395958,0,nose,0,0,0.000000,0.000000,0.000000,2.000000,639.764771,228.975006,,,,0.026000,
MP_T_DudukBerdiri_1,movenet,132,4.388168,ok,1,direct,0.395958,1,left_eye,0,0,0.000000,0.000000,0.000000,2.000000,650.728455,219.949265,,,,0.025000,
MP_T_DudukBerdiri_1,movenet,132,4.388168,ok,1,direct,0.395958,2,right_eye,0,0,0.000000,0.000000,0.000000,2.000000,619.479919,219.487717,,,,0.025000,
MP_T_DudukBerdiri_1,movenet,132,4.388168,ok,1,direct,0.395958,3,left_ear,0,0,0.000000,0.000000,0.000000,2.000000,657.378235,226.200150,,,,0.035000,
MP_T_DudukBerdiri_1,movenet,132,4.388168,ok,1,direct,0.395958,4,right_ear,0,0,0.000000,0.000000,0.000000,2.000000,575.426880,223.497955,,,,0.035000,
MP_T_DudukBerdiri_1,movenet,132,4.388168,ok,1,direct,0.395958,5,left_shoulder,1,1,2.000000,627.320000,317.770000,2.000000,662.607788,282.760742,49.707908,47.669637,0,0.079000,0.030668
MP_T_DudukBerdiri_1,movenet,132,4.388168,ok,1,direct,0.395958,6,right_shoulder,1,1,2.000000,522.210000,300.500000,2.000000,533.714966,291.346222,14.702241,47.669637,1,0.079000,0.737248
MP_T_DudukBerdiri_1,movenet,132,4.388168,ok,1,direct,0.395958,7,left_elbow,1,1,2.000000,643.040000,391.870000,2.000000,676.065918,357.662079,47.548850,47.669637,1,0.072000,0.021526
MP_T_DudukBerdiri_1,movenet,132,4.388168,ok,1,direct,0.395958,8,right_elbow,1,1,2.000000,524.210000,397.440000,2.000000,522.406494,371.295746,26.206386,47.669637,1,0.072000,0.311613
MP_T_DudukBerdiri_1,movenet,132,4.388168,ok,1,direct,0.395958,9,left_wrist,1,1,2.000000,681.510000,429.130000,2.000000,695.707031,423.254120,15.364949,47.669637,1,0.062000,0.582436
MP_T_DudukBerdiri_1,movenet,132,4.388168,ok,1,direct,0.395958,10,right_wrist,1,1,2.000000,560.750000,444.840000,2.000000,533.369873,425.809570,33.344094,47.669637,1,0.062000,0.078421
MP_T_DudukBerdiri_1,movenet,132,4.388168,ok,1,direct,0.395958,11,left_hip,1,1,2.000000,608.450000,426.970000,2.000000,637.081177,406.951874,34.935221,47.669637,1,0.107000,0.391323
MP_T_DudukBerdiri_1,movenet,132,4.388168,ok,1,direct,0.395958,12,right_hip,1,1,2.000000,531.510000,433.450000,2.000000,567.397705,411.540161,42.047216,47.669637,1,0.107000,0.256890
MP_T_DudukBerdiri_1,movenet,132,4.388168,ok,1,direct,0.395958,13,left_knee,1,1,2.000000,701.670000,466.350000,2.000000,689.141907,479.152893,17.912766,47.669637,1,0.087000,0.688592
MP_T_DudukBerdiri_1,movenet,132,4.388168,ok,1,direct,0.395958,14,right_knee,1,1,2.000000,573.470000,469.300000,2.000000,583.394653,504.065552,36.154423,47.669637,1,0.087000,0.218722
MP_T_DudukBerdiri_1,movenet,132,4.388168,ok,1,direct,0.395958,15,left_ankle,1,1,2.000000,665.590000,605.870000,2.000000,679.357056,574.433105,34.319239,47.669637,1,0.089000,0.270170
MP_T_DudukBerdiri_1,movenet,132,4.388168,ok,1,direct,0.395958,16,right_ankle,1,1,2.000000,584.790000,617.060000,0.000000,559.126465,611.268860,,47.669637,0,0.089000,0.000000
MP_T_DudukBerdiri_1,movenet,133,4.421411,ok,1,direct,0.394519,0,nose,0,0,0.000000,0.000000,0.000000,2.000000,640.345215,229.152237,,,,0.026000,
MP_T_DudukBerdiri_1,movenet,133,4.421411,ok,1,direct,0.394519,1,left_eye,0,0,0.000000,0.000000,0.000000,2.000000,651.416748,220.073700,,,,0.025000,
MP_T_DudukBerdiri_1,movenet,133,4.421411,ok,1,direct,0.394519,2,right_eye,0,0,0.000000,0.000000,0.000000,2.000000,620.238403,219.520081,,,,0.025000,
MP_T_DudukBerdiri_1,movenet,133,4.421411,ok,1,direct,0.394519,3,left_ear,0,0,0.000000,0.000000,0.000000,2.000000,657.846741,226.325638,,,,0.035000,
MP_T_DudukBerdiri_1,movenet,133,4.421411,ok,1,direct,0.394519,4,right_ear,0,0,0.000000,0.000000,0.000000,2.000000,575.930481,223.174271,,,,0.035000,
MP_T_DudukBerdiri_1,movenet,133,4.421411,ok,1,direct,0.394519,5,left_shoulder,1,1,2.000000,626.490000,317.600000,2.000000,662.242065,283.094513,49.687411,47.671474,0,0.079000,0.030765
MP_T_DudukBerdiri_1,movenet,133,4.421411,ok,1,direct,0.394519,6,right_shoulder,1,1,2.000000,522.060000,300.740000,2.000000,534.056274,291.578400,15.094553,47.671474,1,0.079000,0.725212
MP_T_DudukBerdiri_1,movenet,133,4.421411,ok,1,direct,0.394519,7,left_elbow,1,1,2.000000,643.340000,391.450000,2.000000,676.250122,357.707855,47.133942,47.671474,1,0.072000,0.023017
MP_T_DudukBerdiri_1,movenet,133,4.421411,ok,1,direct,0.394519,8,right_elbow,1,1,2.000000,524.210000,397.440000,2.000000,523.154175,371.683960,25.777672,47.671474,1,0.072000,0.323658
MP_T_DudukBerdiri_1,movenet,133,4.421411,ok,1,direct,0.394519,9,left_wrist,1,1,2.000000,682.000000,429.130000,2.000000,694.169067,426.173615,12.523035,47.671474,1,0.062000,0.698343
MP_T_DudukBerdiri_1,movenet,133,4.421411,ok,1,direct,0.394519,10,right_wrist,1,1,2.000000,560.750000,444.840000,2.000000,534.256653,425.924805,32.552758,47.671474,1,0.062000,0.088383
MP_T_DudukBerdiri_1,movenet,133,4.421411,ok,1,direct,0.394519,11,left_hip,1,1,2.000000,608.070000,427.290000,2.000000,637.993713,408.765015,35.193802,47.671474,1,0.107000,0.385934
MP_T_DudukBerdiri_1,movenet,133,4.421411,ok,1,direct,0.394519,12,right_hip,1,1,2.000000,531.510000,433.450000,2.000000,567.894165,413.206482,41.636612,47.671474,1,0.107000,0.263794
MP_T_DudukBerdiri_1,movenet,133,4.421411,ok,1,direct,0.394519,13,left_knee,1,1,2.000000,701.670000,466.350000,2.000000,689.840332,480.590179,18.512800,47.671474,1,0.087000,0.671332
MP_T_DudukBerdiri_1,movenet,133,4.421411,ok,1,direct,0.394519,14,right_knee,1,1,2.000000,573.200000,469.300000,2.000000,582.975464,505.179138,37.186990,47.671474,1,0.087000,0.200310
MP_T_DudukBerdiri_1,movenet,133,4.421411,ok,1,direct,0.394519,15,left_ankle,1,1,2.000000,665.590000,605.870000,2.000000,679.841003,575.286133,33.741133,47.671474,1,0.089000,0.282271
MP_T_DudukBerdiri_1,movenet,133,4.421411,ok,1,direct,0.394519,16,right_ankle,1,1,2.000000,584.790000,617.060000,0.000000,558.847473,611.340637,,47.671474,0,0.089000,0.000000
MP_T_DudukBerdiri_1,movenet,134,4.454655,ok,1,direct,0.399355,0,nose,0,0,0.000000,0.000000,0.000000,2.000000,627.130493,230.155426,,,,0.026000,
MP_T_DudukBerdiri_1,movenet,134,4.454655,ok,1,direct,0.399355,1,left_eye,0,0,0.000000,0.000000,0.000000,2.000000,646.750366,221.177444,,,,0.025000,
MP_T_DudukBerdiri_1,movenet,134,4.454655,ok,1,direct,0.399355,2,right_eye,0,0,0.000000,0.000000,0.000000,2.000000,609.648987,221.500519,,,,0.025000,
MP_T_DudukBerdiri_1,movenet,134,4.454655,ok,1,direct,0.399355,3,left_ear,0,0,0.000000,0.000000,0.000000,2.000000,657.030090,227.154068,,,,0.035000,
MP_T_DudukBerdiri_1,movenet,134,4.454655,ok,1,direct,0.399355,4,right_ear,0,0,0.000000,0.000000,0.000000,2.000000,570.474731,223.570923,,,,0.035000,
MP_T_DudukBerdiri_1,movenet,134,4.454655,ok,1,direct,0.399355,5,left_shoulder,1,1,2.000000,625.670000,317.420000,2.000000,663.020264,282.869751,50.879877,47.674606,0,0.079000,0.025991
MP_T_DudukBerdiri_1,movenet,134,4.454655,ok,1,direct,0.399355,6,right_shoulder,1,1,2.000000,521.900000,300.980000,2.000000,531.586731,291.409180,13.617392,47.674606,1,0.079000,0.769934
MP_T_DudukBerdiri_1,movenet,134,4.454655,ok,1,direct,0.399355,7,left_elbow,1,1,2.000000,643.650000,391.030000,2.000000,676.485596,358.447083,46.258219,47.674606,1,0.072000,0.026458
MP_T_DudukBerdiri_1,movenet,134,4.454655,ok,1,direct,0.399355,8,right_elbow,1,1,2.000000,524.210000,397.440000,2.000000,520.197327,371.226562,26.518783,47.674606,1,0.072000,0.303095
MP_T_DudukBerdiri_1,movenet,134,4.454655,ok,1,direct,0.399355,9,left_wrist,1,1,2.000000,682.500000,429.130000,2.000000,694.873291,426.926086,12.568037,47.674606,1,0.062000,0.696573
MP_T_DudukBerdiri_1,movenet,134,4.454655,ok,1,direct,0.399355,10,right_wrist,1,1,2.000000,560.750000,444.840000,2.000000,534.301025,425.440887,32.800516,47.674606,1,0.062000,0.085194
MP_T_DudukBerdiri_1,movenet,134,4.454655,ok,1,direct,0.399355,11,left_hip,1,1,2.000000,607.690000,427.600000,2.000000,636.519104,408.695099,34.474810,47.674606,1,0.107000,0.401132
MP_T_DudukBerdiri_1,movenet,134,4.454655,ok,1,direct,0.399355,12,right_hip,1,1,2.000000,531.510000,433.450000,2.000000,564.988281,412.474396,39.506598,47.674606,1,0.107000,0.301322
MP_T_DudukBerdiri_1,movenet,134,4.454655,ok,1,direct,0.399355,13,left_knee,1,1,2.000000,701.670000,466.350000,2.000000,687.040955,480.585724,20.412369,47.674606,1,0.087000,0.616067
MP_T_DudukBerdiri_1,movenet,134,4.454655,ok,1,direct,0.399355,14,right_knee,1,1,2.000000,572.940000,469.300000,2.000000,579.378723,504.746460,36.026500,47.674606,1,0.087000,0.221152
MP_T_DudukBerdiri_1,movenet,134,4.454655,ok,1,direct,0.399355,15,left_ankle,1,1,2.000000,665.590000,605.870000,0.000000,673.927979,576.575256,,47.674606,0,0.089000,0.000000
MP_T_DudukBerdiri_1,movenet,134,4.454655,ok,1,direct,0.399355,16,right_ankle,1,1,2.000000,584.790000,617.060000,0.000000,551.439514,618.290771,,47.674606,0,0.089000,0.000000
MP_T_DudukBerdiri_1,movenet,135,4.487899,ok,1,direct,0.397287,0,nose,0,0,0.000000,0.000000,0.000000,2.000000,626.688477,230.549744,,,,0.026000,
MP_T_DudukBerdiri_1,movenet,135,4.487899,ok,1,direct,0.397287,1,left_eye,0,0,0.000000,0.000000,0.000000,2.000000,646.866943,221.329178,,,,0.025000,
MP_T_DudukBerdiri_1,movenet,135,4.487899,ok,1,direct,0.397287,2,right_eye,0,0,0.000000,0.000000,0.000000,2.000000,609.511780,221.572067,,,,0.025000,
MP_T_DudukBerdiri_1,movenet,135,4.487899,ok,1,direct,0.397287,3,left_ear,0,0,0.000000,0.000000,0.000000,2.000000,657.624512,227.596527,,,,0.035000,
MP_T_DudukBerdiri_1,movenet,135,4.487899,ok,1,direct,0.397287,4,right_ear,0,0,0.000000,0.000000,0.000000,2.000000,570.590759,223.663223,,,,0.035000,
MP_T_DudukBerdiri_1,movenet,135,4.487899,ok,1,direct,0.397287,5,left_shoulder,1,1,2.000000,624.840000,317.240000,2.000000,662.519226,284.004852,50.242404,47.677706,0,0.079000,0.028477
MP_T_DudukBerdiri_1,movenet,135,4.487899,ok,1,direct,0.397287,6,right_shoulder,1,1,2.000000,521.740000,301.220000,2.000000,531.522644,292.141205,13.346335,47.677706,1,0.079000,0.777934
MP_T_DudukBerdiri_1,movenet,135,4.487899,ok,1,direct,0.397287,7,left_elbow,1,1,2.000000,643.950000,390.610000,2.000000,674.049622,359.582733,43.228214,47.677706,1,0.072000,0.041939
MP_T_DudukBerdiri_1,movenet,135,4.487899,ok,1,direct,0.397287,8,right_elbow,1,1,2.000000,524.210000,397.440000,2.000000,520.537292,372.156281,25.549075,47.677706,1,0.072000,0.330265
MP_T_DudukBerdiri_1,movenet,135,4.487899,ok,1,direct,0.397287,9,left_wrist,1,1,2.000000,682.990000,429.130000,2.000000,694.595032,426.507324,11.897697,47.677706,1,0.062000,0.723252
MP_T_DudukBerdiri_1,movenet,135,4.487899,ok,1,direct,0.397287,10,right_wrist,1,1,2.000000,560.750000,444.840000,2.000000,534.128296,425.839233,32.706945,47.677706,1,0.062000,0.086425
MP_T_DudukBerdiri_1,movenet,135,4.487899,ok,1,direct,0.397287,11,left_hip,1,1,2.000000,607.310000,427.920000,2.000000,633.604248,409.903076,31.874708,47.677706,1,0.107000,0.458052
MP_T_DudukBerdiri_1,movenet,135,4.487899,ok,1,direct,0.397287,12,right_hip,1,1,2.000000,531.510000,433.450000,2.000000,553.721680,419.661987,26.143221,47.677706,1,0.107000,0.591419
MP_T_DudukBerdiri_1,movenet,135,4.487899,ok,1,direct,0.397287,13,left_knee,1,1,2.000000,701.670000,466.350000,2.000000,685.302368,481.203491,22.102615,47.677706,1,0.087000,0.566732
MP_T_DudukBerdiri_1,movenet,135,4.487899,ok,1,direct,0.397287,14,right_knee,1,1,2.000000,572.680000,469.300000,2.000000,578.686707,505.241669,36.440144,47.677706,1,0.087000,0.213621
MP_T_DudukBerdiri_1,movenet,135,4.487899,ok,1,direct,0.397287,15,left_ankle,1,1,2.000000,665.590000,605.870000,0.000000,673.090515,576.605225,,47.677706,0,0.089000,0.000000
MP_T_DudukBerdiri_1,movenet,135,4.487899,ok,1,direct,0.397287,16,right_ankle,1,1,2.000000,584.790000,617.060000,0.000000,550.690369,618.092041,,47.677706,0,0.089000,0.000000
MP_T_DudukBerdiri_1,movenet,136,4.521142,ok,1,direct,0.399574,0,nose,0,0,0.000000,0.000000,0.000000,2.000000,638.916443,230.231232,,,,0.026000,
MP_T_DudukBerdiri_1,movenet,136,4.521142,ok,1,direct,0.399574,1,left_eye,0,0,0.000000,0.000000,0.000000,2.000000,649.904114,220.769775,,,,0.025000,
MP_T_DudukBerdiri_1,movenet,136,4.521142,ok,1,direct,0.399574,2,right_eye,0,0,0.000000,0.000000,0.000000,2.000000,618.290100,220.036133,,,,0.025000,
MP_T_DudukBerdiri_1,movenet,136,4.521142,ok,1,direct,0.399574,3,left_ear,0,0,0.000000,0.000000,0.000000,2.000000,658.125061,226.731232,,,,0.035000,
MP_T_DudukBerdiri_1,movenet,136,4.521142,ok,1,direct,0.399574,4,right_ear,0,0,0.000000,0.000000,0.000000,2.000000,573.438416,223.505219,,,,0.035000,
MP_T_DudukBerdiri_1,movenet,136,4.521142,ok,1,direct,0.399574,5,left_shoulder,1,1,2.000000,624.010000,317.060000,2.000000,662.885193,283.162262,51.578457,47.681529,0,0.079000,0.023522
MP_T_DudukBerdiri_1,movenet,136,4.521142,ok,1,direct,0.399574,6,right_shoulder,1,1,2.000000,521.580000,301.450000,2.000000,533.665405,291.949188,15.372783,47.681529,1,0.079000,0.716695
MP_T_DudukBerdiri_1,movenet,136,4.521142,ok,1,direct,0.399574,7,left_elbow,1,1,2.000000,644.260000,390.190000,2.000000,674.707397,357.375641,44.764117,47.681529,1,0.072000,0.033361
MP_T_DudukBerdiri_1,movenet,136,4.521142,ok,1,direct,0.399574,8,right_elbow,1,1,2.000000,524.210000,397.440000,2.000000,523.676208,373.143951,24.301912,47.681529,1,0.072000,0.367079
MP_T_DudukBerdiri_1,movenet,136,4.521142,ok,1,direct,0.399574,9,left_wrist,1,1,2.000000,683.490000,429.130000,2.000000,696.261108,427.062317,12.937408,47.681529,1,0.062000,0.681788
MP_T_DudukBerdiri_1,movenet,136,4.521142,ok,1,direct,0.399574,10,right_wrist,1,1,2.000000,560.750000,444.840000,2.000000,536.866699,427.029205,29.793228,47.681529,1,0.062000,0.131160
MP_T_DudukBerdiri_1,movenet,136,4.521142,ok,1,direct,0.399574,11,left_hip,1,1,2.000000,606.930000,428.230000,2.000000,637.606628,410.242096,35.561499,47.681529,1,0.107000,0.378448
MP_T_DudukBerdiri_1,movenet,136,4.521142,ok,1,direct,0.399574,12,right_hip,1,1,2.000000,531.510000,433.450000,2.000000,565.155090,417.856964,37.082811,47.681529,1,0.107000,0.347638
MP_T_DudukBerdiri_1,movenet,136,4.521142,ok,1,direct,0.399574,13,left_knee,1,1,2.000000,701.670000,466.350000,2.000000,686.223083,481.857819,21.888345,47.681529,1,0.087000,0.573027
MP_T_DudukBerdiri_1,movenet,136,4.521142,ok,1,direct,0.399574,14,right_knee,1,1,2.000000,572.410000,469.300000,2.000000,578.384399,506.426605,37.604232,47.681529,1,0.087000,0.193306
MP_T_DudukBerdiri_1,movenet,136,4.521142,ok,1,direct,0.399574,15,left_ankle,1,1,2.000000,665.590000,605.870000,0.000000,673.543823,577.694946,,47.681529,0,0.089000,0.000000
MP_T_DudukBerdiri_1,movenet,136,4.521142,ok,1,direct,0.399574,16,right_ankle,1,1,2.000000,584.790000,617.060000,2.000000,537.160400,627.121033,48.680624,47.681529,0,0.089000,0.071945
MP_T_DudukBerdiri_1,movenet,137,4.554386,ok,1,direct,0.404852,0,nose,0,0,0.000000,0.000000,0.000000,2.000000,641.021423,229.819992,,,,0.026000,
MP_T_DudukBerdiri_1,movenet,137,4.554386,ok,1,direct,0.404852,1,left_eye,0,0,0.000000,0.000000,0.000000,2.000000,651.546570,220.163177,,,,0.025000,
MP_T_DudukBerdiri_1,movenet,137,4.554386,ok,1,direct,0.404852,2,right_eye,0,0,0.000000,0.000000,0.000000,2.000000,620.277405,219.556076,,,,0.025000,
MP_T_DudukBerdiri_1,movenet,137,4.554386,ok,1,direct,0.404852,3,left_ear,0,0,0.000000,0.000000,0.000000,2.000000,656.875854,226.035034,,,,0.035000,
MP_T_DudukBerdiri_1,movenet,137,4.554386,ok,1,direct,0.404852,4,right_ear,0,0,0.000000,0.000000,0.000000,2.000000,575.814453,224.571793,,,,0.035000,
MP_T_DudukBerdiri_1,movenet,137,4.554386,ok,1,direct,0.404852,5,left_shoulder,1,1,2.000000,624.230000,317.060000,2.000000,660.800293,282.329895,50.433784,47.641798,0,0.079000,0.027565
MP_T_DudukBerdiri_1,movenet,137,4.554386,ok,1,direct,0.404852,6,right_shoulder,1,1,2.000000,521.580000,301.450000,2.000000,529.768188,292.470184,12.152511,47.641798,1,0.079000,0.811791
MP_T_DudukBerdiri_1,movenet,137,4.554386,ok,1,direct,0.404852,7,left_elbow,1,1,2.000000,644.260000,390.190000,2.000000,672.654724,357.296814,43.453677,47.641798,1,0.072000,0.040375
MP_T_DudukBerdiri_1,movenet,137,4.554386,ok,1,direct,0.404852,8,right_elbow,1,1,2.000000,524.210000,397.440000,2.000000,523.458496,373.839691,23.612271,47.641798,1,0.072000,0.387637
MP_T_DudukBerdiri_1,movenet,137,4.554386,ok,1,direct,0.404852,9,left_wrist,1,1,2.000000,683.490000,429.130000,2.000000,696.354126,426.937714,13.049592,47.641798,1,0.062000,0.676814
MP_T_DudukBerdiri_1,movenet,137,4.554386,ok,1,direct,0.404852,10,right_wrist,1,1,2.000000,560.750000,444.840000,2.000000,534.140015,425.613342,32.829190,47.641798,1,0.062000,0.084540
MP_T_DudukBerdiri_1,movenet,137,4.554386,ok,1,direct,0.404852,11,left_hip,1,1,2.000000,607.030000,428.010000,2.000000,633.154663,411.784576,30.753250,47.641798,1,0.107000,0.482925
MP_T_DudukBerdiri_1,movenet,137,4.554386,ok,1,direct,0.404852,12,right_hip,1,1,2.000000,531.560000,433.200000,2.000000,555.610596,420.526642,27.185385,47.641798,1,0.107000,0.566206
MP_T_DudukBerdiri_1,movenet,137,4.554386,ok,1,direct,0.404852,13,left_knee,1,1,2.000000,701.370000,466.350000,2.000000,688.645630,472.763580,14.249337,47.641798,1,0.087000,0.789483
MP_T_DudukBerdiri_1,movenet,137,4.554386,ok,1,direct,0.404852,14,right_knee,1,1,2.000000,572.410000,469.300000,2.000000,577.004700,505.869720,36.857234,47.641798,1,0.087000,0.205673
MP_T_DudukBerdiri_1,movenet,137,4.554386,ok,1,direct,0.404852,15,left_ankle,1,1,2.000000,665.590000,605.870000,2.000000,675.558472,578.730530,28.912303,47.641798,1,0.089000,0.394591
MP_T_DudukBerdiri_1,movenet,137,4.554386,ok,1,direct,0.404852,16,right_ankle,1,1,2.000000,584.790000,617.060000,2.000000,537.505798,627.828857,48.494990,47.641798,0,0.089000,0.073082
MP_T_DudukBerdiri_1,movenet,138,4.587630,ok,1,direct,0.386355,0,nose,0,0,0.000000,0.000000,0.000000,2.000000,640.805969,230.172882,,,,0.026000,
MP_T_DudukBerdiri_1,movenet,138,4.587630,ok,1,direct,0.386355,1,left_eye,0,0,0.000000,0.000000,0.000000,2.000000,651.203125,220.520660,,,,0.025000,
MP_T_DudukBerdiri_1,movenet,138,4.587630,ok,1,direct,0.386355,2,right_eye,0,0,0.000000,0.000000,0.000000,2.000000,619.644104,220.086746,,,,0.025000,
MP_T_DudukBerdiri_1,movenet,138,4.587630,ok,1,direct,0.386355,3,left_ear,0,0,0.000000,0.000000,0.000000,2.000000,656.663513,226.667557,,,,0.035000,
MP_T_DudukBerdiri_1,movenet,138,4.587630,ok,1,direct,0.386355,4,right_ear,0,0,0.000000,0.000000,0.000000,2.000000,571.281677,224.175705,,,,0.035000,
MP_T_DudukBerdiri_1,movenet,138,4.587630,ok,1,direct,0.386355,5,left_shoulder,1,1,2.000000,624.440000,317.060000,2.000000,658.913025,283.196075,48.323440,47.602033,0,0.079000,0.036792
MP_T_DudukBerdiri_1,movenet,138,4.587630,ok,1,direct,0.386355,6,right_shoulder,1,1,2.000000,521.580000,301.450000,2.000000,529.245544,292.713776,11.622486,47.602033,1,0.079000,0.826100
MP_T_DudukBerdiri_1,movenet,138,4.587630,ok,1,direct,0.386355,7,left_elbow,1,1,2.000000,644.260000,390.190000,2.000000,673.464478,357.694305,43.690636,47.602033,1,0.072000,0.038772
MP_T_DudukBerdiri_1,movenet,138,4.587630,ok,1,direct,0.386355,8,right_elbow,1,1,2.000000,524.210000,397.440000,2.000000,523.979126,373.534241,23.906874,47.602033,1,0.072000,0.377908
MP_T_DudukBerdiri_1,movenet,138,4.587630,ok,1,direct,0.386355,9,left_wrist,1,1,2.000000,683.490000,429.130000,2.000000,695.457031,427.382019,12.094018,47.602033,1,0.062000,0.714735
MP_T_DudukBerdiri_1,movenet,138,4.587630,ok,1,direct,0.386355,10,right_wrist,1,1,2.000000,560.750000,444.840000,2.000000,529.993530,425.301147,36.437991,47.602033,1,0.062000,0.047424
MP_T_DudukBerdiri_1,movenet,138,4.587630,ok,1,direct,0.386355,11,left_hip,1,1,2.000000,607.120000,427.780000,2.000000,631.777283,414.216675,28.141524,47.602033,1,0.107000,0.543063
MP_T_DudukBerdiri_1,movenet,138,4.587630,ok,1,direct,0.386355,12,right_hip,1,1,2.000000,531.610000,432.950000,2.000000,555.002808,421.508667,26.040882,47.602033,1,0.107000,0.592867
MP_T_DudukBerdiri_1,movenet,138,4.587630,ok,1,direct,0.386355,13,left_knee,1,1,2.000000,701.070000,466.350000,2.000000,683.689880,481.380859,22.978148,47.602033,1,0.087000,0.540262
MP_T_DudukBerdiri_1,movenet,138,4.587630,ok,1,direct,0.386355,14,right_knee,1,1,2.000000,572.410000,469.300000,2.000000,576.624634,505.638153,36.581751,47.602033,1,0.087000,0.210027
MP_T_DudukBerdiri_1,movenet,138,4.587630,ok,1,direct,0.386355,15,left_ankle,1,1,2.000000,665.590000,605.870000,0.000000,671.254211,579.915588,,47.602033,0,0.089000,0.000000
MP_T_DudukBerdiri_1,movenet,138,4.587630,ok,1,direct,0.386355,16,right_ankle,1,1,2.000000,584.790000,617.060000,0.000000,551.461670,619.198486,,47.602033,0,0.089000,0.000000
MP_T_DudukBerdiri_1,movenet,139,4.620873,ok,1,direct,0.398951,0,nose,0,0,0.000000,0.000000,0.000000,2.000000,643.151611,230.156769,,,,0.026000,
MP_T_DudukBerdiri_1,movenet,139,4.620873,ok,1,direct,0.398951,1,left_eye,0,0,0.000000,0.000000,0.000000,2.000000,652.217468,220.827042,,,,0.025000,
MP_T_DudukBerdiri_1,movenet,139,4.620873,ok,1,direct,0.398951,2,right_eye,0,0,0.000000,0.000000,0.000000,2.000000,622.257812,220.698013,,,,0.025000,
MP_T_DudukBerdiri_1,movenet,139,4.620873,ok,1,direct,0.398951,3,left_ear,0,0,0.000000,0.000000,0.000000,2.000000,655.890869,227.092316,,,,0.035000,
MP_T_DudukBerdiri_1,movenet,139,4.620873,ok,1,direct,0.398951,4,right_ear,0,0,0.000000,0.000000,0.000000,2.000000,574.846313,224.183014,,,,0.035000,
MP_T_DudukBerdiri_1,movenet,139,4.620873,ok,1,direct,0.398951,5,left_shoulder,1,1,2.000000,624.660000,317.060000,2.000000,658.146851,283.571808,47.358507,47.562235,1,0.079000,0.041701
MP_T_DudukBerdiri_1,movenet,139,4.620873,ok,1,direct,0.398951,6,right_shoulder,1,1,2.000000,521.580000,301.450000,2.000000,530.437378,292.387146,12.672350,47.562235,1,0.079000,0.796529
MP_T_DudukBerdiri_1,movenet,139,4.620873,ok,1,direct,0.398951,7,left_elbow,1,1,2.000000,644.260000,390.190000,2.000000,671.151428,358.667267,41.434667,47.562235,1,0.072000,0.053505
MP_T_DudukBerdiri_1,movenet,139,4.620873,ok,1,direct,0.398951,8,right_elbow,1,1,2.000000,524.210000,397.440000,2.000000,522.519165,373.316772,24.182412,47.562235,1,0.072000,0.368862
MP_T_DudukBerdiri_1,movenet,139,4.620873,ok,1,direct,0.398951,9,left_wrist,1,1,2.000000,683.490000,429.130000,2.000000,695.746155,428.022034,12.306133,47.562235,1,0.062000,0.705880
MP_T_DudukBerdiri_1,movenet,139,4.620873,ok,1,direct,0.398951,10,right_wrist,1,1,2.000000,560.750000,444.840000,2.000000,532.534119,429.795929,31.975929,47.562235,1,0.062000,0.095214
MP_T_DudukBerdiri_1,movenet,139,4.620873,ok,1,direct,0.398951,11,left_hip,1,1,2.000000,607.220000,427.550000,2.000000,632.550171,414.853760,28.333939,47.562235,1,0.107000,0.537975
MP_T_DudukBerdiri_1,movenet,139,4.620873,ok,1,direct,0.398951,12,right_hip,1,1,2.000000,531.660000,432.700000,2.000000,563.602966,419.390533,34.604841,47.562235,1,0.107000,0.396641
MP_T_DudukBerdiri_1,movenet,139,4.620873,ok,1,direct,0.398951,13,left_knee,1,1,2.000000,700.770000,466.350000,2.000000,680.262329,481.371979,25.420944,47.562235,1,0.087000,0.470090
MP_T_DudukBerdiri_1,movenet,139,4.620873,ok,1,direct,0.398951,14,right_knee,1,1,2.000000,572.410000,469.300000,2.000000,573.221497,508.372070,39.080496,47.562235,1,0.087000,0.167970
MP_T_DudukBerdiri_1,movenet,139,4.620873,ok,1,direct,0.398951,15,left_ankle,1,1,2.000000,665.590000,605.870000,0.000000,669.917664,581.155762,,47.562235,0,0.089000,0.000000
MP_T_DudukBerdiri_1,movenet,139,4.620873,ok,1,direct,0.398951,16,right_ankle,1,1,2.000000,584.790000,617.060000,2.000000,537.480774,628.499573,48.672648,47.562235,0,0.089000,0.071062
MP_T_DudukBerdiri_1,movenet,140,4.654117,ok,1,direct,0.392305,0,nose,0,0,0.000000,0.000000,0.000000,2.000000,644.230347,229.978287,,,,0.026000,
MP_T_DudukBerdiri_1,movenet,140,4.654117,ok,1,direct,0.392305,1,left_eye,0,0,0.000000,0.000000,0.000000,2.000000,652.650513,220.787231,,,,0.025000,
MP_T_DudukBerdiri_1,movenet,140,4.654117,ok,1,direct,0.392305,2,right_eye,0,0,0.000000,0.000000,0.000000,2.000000,623.602173,220.755356,,,,0.025000,
MP_T_DudukBerdiri_1,movenet,140,4.654117,ok,1,direct,0.392305,3,left_ear,0,0,0.000000,0.000000,0.000000,2.000000,654.447571,226.562073,,,,0.035000,
MP_T_DudukBerdiri_1,movenet,140,4.654117,ok,1,direct,0.392305,4,right_ear,0,0,0.000000,0.000000,0.000000,2.000000,577.125549,223.119812,,,,0.035000,
MP_T_DudukBerdiri_1,movenet,140,4.654117,ok,1,direct,0.392305,5,left_shoulder,1,1,2.000000,624.870000,317.060000,2.000000,659.403687,282.756836,48.675277,47.522404,0,0.079000,0.034666
MP_T_DudukBerdiri_1,movenet,140,4.654117,ok,1,direct,0.392305,6,right_shoulder,1,1,2.000000,521.580000,301.450000,2.000000,530.864014,292.052551,13.210032,47.522404,1,0.079000,0.780656
MP_T_DudukBerdiri_1,movenet,140,4.654117,ok,1,direct,0.392305,7,left_elbow,1,1,2.000000,644.260000,390.190000,2.000000,675.308105,358.777344,44.167180,47.522404,1,0.072000,0.035704
MP_T_DudukBerdiri_1,movenet,140,4.654117,ok,1,direct,0.392305,8,right_elbow,1,1,2.000000,524.210000,397.440000,2.000000,520.796021,372.787537,24.887732,47.522404,1,0.072000,0.347104
MP_T_DudukBerdiri_1,movenet,140,4.654117,ok,1,direct,0.392305,9,left_wrist,1,1,2.000000,683.490000,429.130000,2.000000,695.599731,427.843719,12.177853,47.522404,1,0.062000,0.710591
MP_T_DudukBerdiri_1,movenet,140,4.654117,ok,1,direct,0.392305,10,right_wrist,1,1,2.000000,560.750000,444.840000,2.000000,531.317383,429.984497,32.969151,47.522404,1,0.062000,0.081743
MP_T_DudukBerdiri_1,movenet,140,4.654117,ok,1,direct,0.392305,11,left_hip,1,1,2.000000,607.310000,427.330000,2.000000,634.265137,415.545166,29.418731,47.522404,1,0.107000,0.511994
MP_T_DudukBerdiri_1,movenet,140,4.654117,ok,1,direct,0.392305,12,right_hip,1,1,2.000000,531.710000,432.460000,2.000000,565.551147,419.931244,36.085911,47.522404,1,0.107000,0.365219
MP_T_DudukBerdiri_1,movenet,140,4.654117,ok,1,direct,0.392305,13,left_knee,1,1,2.000000,700.470000,466.350000,2.000000,674.525635,488.607208,34.183233,47.522404,1,0.087000,0.254828
MP_T_DudukBerdiri_1,movenet,140,4.654117,ok,1,direct,0.392305,14,right_knee,1,1,2.000000,572.410000,469.300000,2.000000,574.664795,508.335114,39.100181,47.522404,1,0.087000,0.167167
MP_T_DudukBerdiri_1,movenet,140,4.654117,ok,1,direct,0.392305,15,left_ankle,1,1,2.000000,665.590000,605.870000,0.000000,671.923828,584.177490,,47.522404,0,0.089000,0.000000
MP_T_DudukBerdiri_1,movenet,140,4.654117,ok,1,direct,0.392305,16,right_ankle,1,1,2.000000,584.790000,617.060000,2.000000,550.008789,620.299133,34.931714,47.522404,1,0.089000,0.255573
MP_T_DudukBerdiri_1,movenet,141,4.687361,ok,1,direct,0.393356,0,nose,0,0,0.000000,0.000000,0.000000,2.000000,644.112793,229.622284,,,,0.026000,
MP_T_DudukBerdiri_1,movenet,141,4.687361,ok,1,direct,0.393356,1,left_eye,0,0,0.000000,0.000000,0.000000,2.000000,652.795532,220.486740,,,,0.025000,
MP_T_DudukBerdiri_1,movenet,141,4.687361,ok,1,direct,0.393356,2,right_eye,0,0,0.000000,0.000000,0.000000,2.000000,623.559814,220.353012,,,,0.025000,
MP_T_DudukBerdiri_1,movenet,141,4.687361,ok,1,direct,0.393356,3,left_ear,0,0,0.000000,0.000000,0.000000,2.000000,655.021484,226.520233,,,,0.035000,
MP_T_DudukBerdiri_1,movenet,141,4.687361,ok,1,direct,0.393356,4,right_ear,0,0,0.000000,0.000000,0.000000,2.000000,577.166199,223.259766,,,,0.035000,
MP_T_DudukBerdiri_1,movenet,141,4.687361,ok,1,direct,0.393356,5,left_shoulder,1,1,2.000000,625.090000,317.060000,2.000000,657.820435,283.067596,47.188609,47.483869,1,0.079000,0.042219
MP_T_DudukBerdiri_1,movenet,141,4.687361,ok,1,direct,0.393356,6,right_shoulder,1,1,2.000000,521.580000,301.450000,2.000000,531.578857,291.727417,13.946533,47.483869,1,0.079000,0.758472
MP_T_DudukBerdiri_1,movenet,141,4.687361,ok,1,direct,0.393356,7,left_elbow,1,1,2.000000,644.260000,390.190000,2.000000,671.664917,359.005493,41.515093,47.483869,1,0.072000,0.052388
MP_T_DudukBerdiri_1,movenet,141,4.687361,ok,1,direct,0.393356,8,right_elbow,1,1,2.000000,524.210000,397.440000,2.000000,519.201538,373.648407,24.313054,47.483869,1,0.072000,0.363685
MP_T_DudukBerdiri_1,movenet,141,4.687361,ok,1,direct,0.393356,9,left_wrist,1,1,2.000000,683.490000,429.130000,2.000000,694.781006,427.502991,11.407628,47.483869,1,0.062000,0.740601
MP_T_DudukBerdiri_1,movenet,141,4.687361,ok,1,direct,0.393356,10,right_wrist,1,1,2.000000,560.750000,444.840000,2.000000,531.825256,430.212555,32.413006,47.483869,1,0.062000,0.088537
MP_T_DudukBerdiri_1,movenet,141,4.687361,ok,1,direct,0.393356,11,left_hip,1,1,2.000000,607.400000,427.100000,2.000000,629.566895,414.885284,25.309494,47.483869,1,0.107000,0.608784
MP_T_DudukBerdiri_1,movenet,141,4.687361,ok,1,direct,0.393356,12,right_hip,1,1,2.000000,531.760000,432.210000,2.000000,553.777649,421.521851,24.474750,47.483869,1,0.107000,0.628704
MP_T_DudukBerdiri_1,movenet,141,4.687361,ok,1,direct,0.393356,13,left_knee,1,1,2.000000,700.180000,466.350000,2.000000,678.289551,483.279938,27.673355,47.483869,1,0.087000,0.407597
MP_T_DudukBerdiri_1,movenet,141,4.687361,ok,1,direct,0.393356,14,right_knee,1,1,2.000000,572.410000,469.300000,2.000000,574.783325,508.033569,38.806212,47.483869,1,0.087000,0.171217
MP_T_DudukBerdiri_1,movenet,141,4.687361,ok,1,direct,0.393356,15,left_ankle,1,1,2.000000,665.590000,605.870000,0.000000,673.170166,584.927368,,47.483869,0,0.089000,0.000000
MP_T_DudukBerdiri_1,movenet,141,4.687361,ok,1,direct,0.393356,16,right_ankle,1,1,2.000000,584.790000,617.060000,2.000000,550.341003,620.043884,34.577983,47.483869,1,0.089000,0.262127
MP_T_DudukBerdiri_1,movenet,142,4.720605,ok,1,direct,0.393682,0,nose,0,0,0.000000,0.000000,0.000000,2.000000,642.056213,229.520416,,,,0.026000,
MP_T_DudukBerdiri_1,movenet,142,4.720605,ok,1,direct,0.393682,1,left_eye,0,0,0.000000,0.000000,0.000000,2.000000,651.635132,220.485504,,,,0.025000,
MP_T_DudukBerdiri_1,movenet,142,4.720605,ok,1,direct,0.393682,2,right_eye,0,0,0.000000,0.000000,0.000000,2.000000,620.983215,220.174408,,,,0.025000,
MP_T_DudukBerdiri_1,movenet,142,4.720605,ok,1,direct,0.393682,3,left_ear,0,0,0.000000,0.000000,0.000000,2.000000,655.767151,226.841003,,,,0.035000,
MP_T_DudukBerdiri_1,movenet,142,4.720605,ok,1,direct,0.393682,4,right_ear,0,0,0.000000,0.000000,0.000000,2.000000,574.982849,223.377472,,,,0.035000,
MP_T_DudukBerdiri_1,movenet,142,4.720605,ok,1,direct,0.393682,5,left_shoulder,1,1,2.000000,625.300000,317.060000,2.000000,657.260864,282.953430,46.741362,47.443972,1,0.079000,0.044583
MP_T_DudukBerdiri_1,movenet,142,4.720605,ok,1,direct,0.393682,6,right_shoulder,1,1,2.000000,521.580000,301.450000,2.000000,532.516357,291.967133,14.475106,47.443972,1,0.079000,0.742077
MP_T_DudukBerdiri_1,movenet,142,4.720605,ok,1,direct,0.393682,7,left_elbow,1,1,2.000000,644.260000,390.190000,2.000000,670.588867,359.736359,40.257093,47.443972,1,0.072000,0.062180
MP_T_DudukBerdiri_1,movenet,142,4.720605,ok,1,direct,0.393682,8,right_elbow,1,1,2.000000,524.210000,397.440000,2.000000,519.930786,372.951935,24.859143,47.443972,1,0.072000,0.346735
MP_T_DudukBerdiri_1,movenet,142,4.720605,ok,1,direct,0.393682,9,left_wrist,1,1,2.000000,683.490000,429.130000,2.000000,694.020081,426.828766,10.778603,47.443972,1,0.062000,0.764495
MP_T_DudukBerdiri_1,movenet,142,4.720605,ok,1,direct,0.393682,10,right_wrist,1,1,2.000000,560.750000,444.840000,2.000000,533.434204,430.552094,30.826887,47.443972,1,0.062000,0.111185
MP_T_DudukBerdiri_1,movenet,142,4.720605,ok,1,direct,0.393682,11,left_hip,1,1,2.000000,607.500000,426.870000,2.000000,628.809937,414.590759,24.594576,47.443972,1,0.107000,0.625353
MP_T_DudukBerdiri_1,movenet,142,4.720605,ok,1,direct,0.393682,12,right_hip,1,1,2.000000,531.810000,431.960000,2.000000,552.965332,421.452576,23.621051,47.443972,1,0.107000,0.648553
MP_T_DudukBerdiri_1,movenet,142,4.720605,ok,1,direct,0.393682,13,left_knee,1,1,2.000000,699.880000,466.350000,2.000000,671.087952,489.943085,37.223859,47.443972,1,0.087000,0.196603
MP_T_DudukBerdiri_1,movenet,142,4.720605,ok,1,direct,0.393682,14,right_knee,1,1,2.000000,572.410000,469.300000,2.000000,575.585388,507.401642,38.233731,47.443972,1,0.087000,0.179780
MP_T_DudukBerdiri_1,movenet,142,4.720605,ok,1,direct,0.393682,15,left_ankle,1,1,2.000000,665.590000,605.870000,0.000000,672.591858,585.186096,,47.443972,0,0.089000,0.000000
MP_T_DudukBerdiri_1,movenet,142,4.720605,ok,1,direct,0.393682,16,right_ankle,1,1,2.000000,584.790000,617.060000,2.000000,552.478699,619.594727,32.410570,47.443972,1,0.089000,0.307797
MP_T_DudukBerdiri_1,movenet,143,4.753848,ok,1,direct,0.401190,0,nose,0,0,0.000000,0.000000,0.000000,2.000000,641.260742,229.278793,,,,0.026000,
MP_T_DudukBerdiri_1,movenet,143,4.753848,ok,1,direct,0.401190,1,left_eye,0,0,0.000000,0.000000,0.000000,2.000000,651.484253,220.655533,,,,0.025000,
MP_T_DudukBerdiri_1,movenet,143,4.753848,ok,1,direct,0.401190,2,right_eye,0,0,0.000000,0.000000,0.000000,2.000000,620.280212,220.202194,,,,0.025000,
MP_T_DudukBerdiri_1,movenet,143,4.753848,ok,1,direct,0.401190,3,left_ear,0,0,0.000000,0.000000,0.000000,2.000000,656.665100,226.868149,,,,0.035000,
MP_T_DudukBerdiri_1,movenet,143,4.753848,ok,1,direct,0.401190,4,right_ear,0,0,0.000000,0.000000,0.000000,2.000000,575.106689,223.420776,,,,0.035000,
MP_T_DudukBerdiri_1,movenet,143,4.753848,ok,1,direct,0.401190,5,left_shoulder,1,1,2.000000,625.520000,317.060000,2.000000,656.911377,282.319946,46.821895,47.404042,1,0.079000,0.043876
MP_T_DudukBerdiri_1,movenet,143,4.753848,ok,1,direct,0.401190,6,right_shoulder,1,1,2.000000,521.580000,301.450000,2.000000,531.771667,291.164001,14.480050,47.404042,1,0.079000,0.741552
MP_T_DudukBerdiri_1,movenet,143,4.753848,ok,1,direct,0.401190,7,left_elbow,1,1,2.000000,644.260000,390.190000,2.000000,669.604614,357.978271,40.987131,47.404042,1,0.072000,0.055898
MP_T_DudukBerdiri_1,movenet,143,4.753848,ok,1,direct,0.401190,8,right_elbow,1,1,2.000000,524.210000,397.440000,2.000000,511.804199,372.084747,28.227517,47.404042,1,0.072000,0.254621
MP_T_DudukBerdiri_1,movenet,143,4.753848,ok,1,direct,0.401190,9,left_wrist,1,1,2.000000,683.490000,429.130000,2.000000,694.103638,426.744720,10.878367,47.404042,1,0.062000,0.760336
MP_T_DudukBerdiri_1,movenet,143,4.753848,ok,1,direct,0.401190,10,right_wrist,1,1,2.000000,560.750000,444.840000,2.000000,533.301575,429.993561,31.206294,47.404042,1,0.062000,0.104899
MP_T_DudukBerdiri_1,movenet,143,4.753848,ok,1,direct,0.401190,11,left_hip,1,1,2.000000,607.590000,426.640000,2.000000,630.572144,413.055511,26.696765,47.404042,1,0.107000,0.574618
MP_T_DudukBerdiri_1,movenet,143,4.753848,ok,1,direct,0.401190,12,right_hip,1,1,2.000000,531.860000,431.710000,2.000000,550.695129,420.788483,21.772497,47.404042,1,0.107000,0.691765
MP_T_DudukBerdiri_1,movenet,143,4.753848,ok,1,direct,0.401190,13,left_knee,1,1,2.000000,699.580000,466.350000,2.000000,672.908630,489.604858,35.385737,47.404042,1,0.087000,0.229381
MP_T_DudukBerdiri_1,movenet,143,4.753848,ok,1,direct,0.401190,14,right_knee,1,1,2.000000,572.410000,469.300000,2.000000,575.014099,506.708344,37.498873,47.404042,1,0.087000,0.191384
MP_T_DudukBerdiri_1,movenet,143,4.753848,ok,1,direct,0.401190,15,left_ankle,1,1,2.000000,665.590000,605.870000,0.000000,670.374207,583.421814,,47.404042,0,0.089000,0.000000
MP_T_DudukBerdiri_1,movenet,143,4.753848,ok,1,direct,0.401190,16,right_ankle,1,1,2.000000,584.790000,617.060000,2.000000,552.624451,619.753540,32.278131,47.404042,1,0.089000,0.310158
MP_T_DudukBerdiri_1,movenet,144,4.787092,ok,1,direct,0.397215,0,nose,0,0,0.000000,0.000000,0.000000,2.000000,640.696106,229.554169,,,,0.026000,
MP_T_DudukBerdiri_1,movenet,144,4.787092,ok,1,direct,0.397215,1,left_eye,0,0,0.000000,0.000000,0.000000,2.000000,650.976562,220.700287,,,,0.025000,
MP_T_DudukBerdiri_1,movenet,144,4.787092,ok,1,direct,0.397215,2,right_eye,0,0,0.000000,0.000000,0.000000,2.000000,619.809448,220.268692,,,,0.025000,
MP_T_DudukBerdiri_1,movenet,144,4.787092,ok,1,direct,0.397215,3,left_ear,0,0,0.000000,0.000000,0.000000,2.000000,656.045532,226.860977,,,,0.035000,
MP_T_DudukBerdiri_1,movenet,144,4.787092,ok,1,direct,0.397215,4,right_ear,0,0,0.000000,0.000000,0.000000,2.000000,575.162842,223.529526,,,,0.035000,
MP_T_DudukBerdiri_1,movenet,144,4.787092,ok,1,direct,0.397215,5,left_shoulder,1,1,2.000000,625.730000,317.060000,2.000000,656.000671,281.706177,46.542522,47.364078,1,0.079000,0.045302
MP_T_DudukBerdiri_1,movenet,144,4.787092,ok,1,direct,0.397215,6,right_shoulder,1,1,2.000000,521.580000,301.450000,2.000000,531.664307,290.724945,14.721414,47.364078,1,0.079000,0.733753
MP_T_DudukBerdiri_1,movenet,144,4.787092,ok,1,direct,0.397215,7,left_elbow,1,1,2.000000,644.260000,390.190000,2.000000,670.731445,356.341522,42.970418,47.364078,1,0.072000,0.041775
MP_T_DudukBerdiri_1,movenet,144,4.787092,ok,1,direct,0.397215,8,right_elbow,1,1,2.000000,524.210000,397.440000,2.000000,515.590332,371.722626,27.123459,47.364078,1,0.072000,0.282185
MP_T_DudukBerdiri_1,movenet,144,4.787092,ok,1,direct,0.397215,9,left_wrist,1,1,2.000000,683.490000,429.130000,2.000000,694.393188,426.164764,11.299210,47.364078,1,0.062000,0.743710
MP_T_DudukBerdiri_1,movenet,144,4.787092,ok,1,direct,0.397215,10,right_wrist,1,1,2.000000,560.750000,444.840000,2.000000,532.035767,429.863220,32.385354,47.364078,1,0.062000,0.087821
MP_T_DudukBerdiri_1,movenet,144,4.787092,ok,1,direct,0.397215,11,left_hip,1,1,2.000000,607.680000,426.420000,2.000000,631.271057,411.837433,27.734261,47.364078,1,0.107000,0.549383
MP_T_DudukBerdiri_1,movenet,144,4.787092,ok,1,direct,0.397215,12,right_hip,1,1,2.000000,531.910000,431.460000,2.000000,551.141907,419.470062,22.663293,47.364078,1,0.107000,0.670351
MP_T_DudukBerdiri_1,movenet,144,4.787092,ok,1,direct,0.397215,13,left_knee,1,1,2.000000,699.280000,466.350000,2.000000,673.123413,489.536926,34.954264,47.364078,1,0.087000,0.237139
MP_T_DudukBerdiri_1,movenet,144,4.787092,ok,1,direct,0.397215,14,right_knee,1,1,2.000000,572.410000,469.300000,2.000000,574.526306,506.734131,37.493905,47.364078,1,0.087000,0.190934
MP_T_DudukBerdiri_1,movenet,144,4.787092,ok,1,direct,0.397215,15,left_ankle,1,1,2.000000,665.590000,605.870000,0.000000,670.757202,583.184875,,47.364078,0,0.089000,0.000000
MP_T_DudukBerdiri_1,movenet,144,4.787092,ok,1,direct,0.397215,16,right_ankle,1,1,2.000000,584.790000,617.060000,2.000000,552.747437,620.033447,32.180231,47.364078,1,0.089000,0.311752
MP_T_DudukBerdiri_1,movenet,145,4.820336,ok,1,direct,0.407487,0,nose,0,0,0.000000,0.000000,0.000000,2.000000,639.696228,229.430511,,,,0.026000,
MP_T_DudukBerdiri_1,movenet,145,4.820336,ok,1,direct,0.407487,1,left_eye,0,0,0.000000,0.000000,0.000000,2.000000,650.705505,220.463058,,,,0.025000,
MP_T_DudukBerdiri_1,movenet,145,4.820336,ok,1,direct,0.407487,2,right_eye,0,0,0.000000,0.000000,0.000000,2.000000,619.258789,219.778656,,,,0.025000,
MP_T_DudukBerdiri_1,movenet,145,4.820336,ok,1,direct,0.407487,3,left_ear,0,0,0.000000,0.000000,0.000000,2.000000,656.199585,226.540985,,,,0.035000,
MP_T_DudukBerdiri_1,movenet,145,4.820336,ok,1,direct,0.407487,4,right_ear,0,0,0.000000,0.000000,0.000000,2.000000,575.075012,223.647980,,,,0.035000,
MP_T_DudukBerdiri_1,movenet,145,4.820336,ok,1,direct,0.407487,5,left_shoulder,1,1,2.000000,625.950000,317.060000,2.000000,655.477051,280.929901,46.660806,47.324080,1,0.079000,0.044360
MP_T_DudukBerdiri_1,movenet,145,4.820336,ok,1,direct,0.407487,6,right_shoulder,1,1,2.000000,521.580000,301.450000,2.000000,532.218689,290.221436,15.468108,47.324080,1,0.079000,0.710091
MP_T_DudukBerdiri_1,movenet,145,4.820336,ok,1,direct,0.407487,7,left_elbow,1,1,2.000000,644.260000,390.190000,2.000000,669.916626,357.092987,41.876900,47.324080,1,0.072000,0.048753
MP_T_DudukBerdiri_1,movenet,145,4.820336,ok,1,direct,0.407487,8,right_elbow,1,1,2.000000,524.210000,397.440000,2.000000,510.648346,373.208221,27.768643,47.324080,1,0.072000,0.264916
MP_T_DudukBerdiri_1,movenet,145,4.820336,ok,1,direct,0.407487,9,left_wrist,1,1,2.000000,683.490000,429.130000,2.000000,692.496277,424.630951,10.067495,47.324080,1,0.062000,0.790204
MP_T_DudukBerdiri_1,movenet,145,4.820336,ok,1,direct,0.407487,10,right_wrist,1,1,2.000000,560.750000,444.840000,2.000000,532.733337,430.540070,31.455069,47.324080,1,0.062000,0.100399
MP_T_DudukBerdiri_1,movenet,145,4.820336,ok,1,direct,0.407487,11,left_hip,1,1,2.000000,607.780000,426.190000,2.000000,628.875916,413.345703,24.698454,47.324080,1,0.107000,0.621379
MP_T_DudukBerdiri_1,movenet,145,4.820336,ok,1,direct,0.407487,12,right_hip,1,1,2.000000,531.960000,431.210000,2.000000,549.520569,420.621704,20.505745,47.324080,1,0.107000,0.720376
MP_T_DudukBerdiri_1,movenet,145,4.820336,ok,1,direct,0.407487,13,left_knee,1,1,2.000000,698.980000,466.350000,2.000000,683.493286,484.118073,23.569953,47.324080,1,0.087000,0.519204
MP_T_DudukBerdiri_1,movenet,145,4.820336,ok,1,direct,0.407487,14,right_knee,1,1,2.000000,572.410000,469.300000,2.000000,579.764282,504.969330,36.419590,47.324080,1,0.087000,0.209101
MP_T_DudukBerdiri_1,movenet,145,4.820336,ok,1,direct,0.407487,15,left_ankle,1,1,2.000000,665.590000,605.870000,2.000000,677.301697,584.383118,24.471411,47.324080,1,0.089000,0.509077
MP_T_DudukBerdiri_1,movenet,145,4.820336,ok,1,direct,0.407487,16,right_ankle,1,1,2.000000,584.790000,617.060000,2.000000,552.488953,620.691650,32.504562,47.324080,1,0.089000,0.303865
MP_T_DudukBerdiri_1,movenet,146,4.853579,ok,1,direct,0.393846,0,nose,0,0,0.000000,0.000000,0.000000,2.000000,632.238953,229.136353,,,,0.026000,
MP_T_DudukBerdiri_1,movenet,146,4.853579,ok,1,direct,0.393846,1,left_eye,0,0,0.000000,0.000000,0.000000,2.000000,649.584656,220.533066,,,,0.025000,
MP_T_DudukBerdiri_1,movenet,146,4.853579,ok,1,direct,0.393846,2,right_eye,0,0,0.000000,0.000000,0.000000,2.000000,617.427490,219.584442,,,,0.025000,
MP_T_DudukBerdiri_1,movenet,146,4.853579,ok,1,direct,0.393846,3,left_ear,0,0,0.000000,0.000000,0.000000,2.000000,656.228882,226.671967,,,,0.035000,
MP_T_DudukBerdiri_1,movenet,146,4.853579,ok,1,direct,0.393846,4,right_ear,0,0,0.000000,0.000000,0.000000,2.000000,573.222229,223.407898,,,,0.035000,
MP_T_DudukBerdiri_1,movenet,146,4.853579,ok,1,direct,0.393846,5,left_shoulder,1,1,2.000000,626.160000,317.060000,2.000000,654.932861,281.535522,45.715053,47.284048,1,0.079000,0.050013
MP_T_DudukBerdiri_1,movenet,146,4.853579,ok,1,direct,0.393846,6,right_shoulder,1,1,2.000000,521.580000,301.450000,2.000000,533.047852,290.573761,15.805195,47.284048,1,0.079000,0.699037
MP_T_DudukBerdiri_1,movenet,146,4.853579,ok,1,direct,0.393846,7,left_elbow,1,1,2.000000,644.260000,390.190000,2.000000,668.993286,355.781799,42.375225,47.284048,1,0.072000,0.045114
MP_T_DudukBerdiri_1,movenet,146,4.853579,ok,1,direct,0.393846,8,right_elbow,1,1,2.000000,524.210000,397.440000,2.000000,519.225647,371.966248,25.956807,47.284048,1,0.072000,0.312666
MP_T_DudukBerdiri_1,movenet,146,4.853579,ok,1,direct,0.393846,9,left_wrist,1,1,2.000000,683.490000,429.130000,2.000000,692.065552,425.709137,9.232681,47.284048,1,0.062000,0.820068
MP_T_DudukBerdiri_1,movenet,146,4.853579,ok,1,direct,0.393846,10,right_wrist,1,1,2.000000,560.750000,444.840000,2.000000,537.082336,431.462769,27.186552,47.284048,1,0.062000,0.179068
MP_T_DudukBerdiri_1,movenet,146,4.853579,ok,1,direct,0.393846,11,left_hip,1,1,2.000000,607.870000,425.960000,2.000000,628.169189,414.463318,23.328755,47.284048,1,0.107000,0.653624
MP_T_DudukBerdiri_1,movenet,146,4.853579,ok,1,direct,0.393846,12,right_hip,1,1,2.000000,532.010000,430.960000,2.000000,548.426392,422.074860,18.666645,47.284048,1,0.107000,0.761665
MP_T_DudukBerdiri_1,movenet,146,4.853579,ok,1,direct,0.393846,13,left_knee,1,1,2.000000,698.680000,466.350000,2.000000,669.012085,489.139343,37.410418,47.284048,1,0.087000,0.191275
MP_T_DudukBerdiri_1,movenet,146,4.853579,ok,1,direct,0.393846,14,right_knee,1,1,2.000000,572.410000,469.300000,2.000000,573.840637,506.873657,37.600884,47.284048,1,0.087000,0.188072
MP_T_DudukBerdiri_1,movenet,146,4.853579,ok,1,direct,0.393846,15,left_ankle,1,1,2.000000,665.590000,605.870000,0.000000,673.218994,584.246155,,47.284048,0,0.089000,0.000000
MP_T_DudukBerdiri_1,movenet,146,4.853579,ok,1,direct,0.393846,16,right_ankle,1,1,2.000000,584.790000,617.060000,0.000000,550.409790,622.082642,,47.284048,0,0.089000,0.000000
MP_T_DudukBerdiri_1,movenet,147,4.886823,ok,1,direct,0.393471,0,nose,0,0,0.000000,0.000000,0.000000,2.000000,630.773010,230.096222,,,,0.026000,
MP_T_DudukBerdiri_1,movenet,147,4.886823,ok,1,direct,0.393471,1,left_eye,0,0,0.000000,0.000000,0.000000,2.000000,649.363098,221.204712,,,,0.025000,
MP_T_DudukBerdiri_1,movenet,147,4.886823,ok,1,direct,0.393471,2,right_eye,0,0,0.000000,0.000000,0.000000,2.000000,616.489929,220.517883,,,,0.025000,
MP_T_DudukBerdiri_1,movenet,147,4.886823,ok,1,direct,0.393471,3,left_ear,0,0,0.000000,0.000000,0.000000,2.000000,656.531494,227.139389,,,,0.035000,
MP_T_DudukBerdiri_1,movenet,147,4.886823,ok,1,direct,0.393471,4,right_ear,0,0,0.000000,0.000000,0.000000,2.000000,572.191956,223.832657,,,,0.035000,
MP_T_DudukBerdiri_1,movenet,147,4.886823,ok,1,direct,0.393471,5,left_shoulder,1,1,2.000000,626.380000,317.060000,2.000000,653.986450,281.105164,45.330634,47.245319,1,0.079000,0.052333
MP_T_DudukBerdiri_1,movenet,147,4.886823,ok,1,direct,0.393471,6,right_shoulder,1,1,2.000000,521.580000,301.450000,2.000000,532.288696,291.703400,14.480069,47.245319,1,0.079000,0.740061
MP_T_DudukBerdiri_1,movenet,147,4.886823,ok,1,direct,0.393471,7,left_elbow,1,1,2.000000,644.260000,390.190000,2.000000,671.538757,353.766022,45.506448,47.245319,1,0.072000,0.027896
MP_T_DudukBerdiri_1,movenet,147,4.886823,ok,1,direct,0.393471,8,right_elbow,1,1,2.000000,524.210000,397.440000,2.000000,513.379639,373.850494,25.956916,47.245319,1,0.072000,0.312067
MP_T_DudukBerdiri_1,movenet,147,4.886823,ok,1,direct,0.393471,9,left_wrist,1,1,2.000000,683.490000,429.130000,2.000000,692.942749,424.746033,10.419867,47.245319,1,0.062000,0.776408
MP_T_DudukBerdiri_1,movenet,147,4.886823,ok,1,direct,0.393471,10,right_wrist,1,1,2.000000,560.750000,444.840000,2.000000,537.573364,431.847290,26.570039,47.245319,1,0.062000,0.192905
MP_T_DudukBerdiri_1,movenet,147,4.886823,ok,1,direct,0.393471,11,left_hip,1,1,2.000000,607.970000,425.740000,2.000000,629.210022,413.494507,24.517150,47.245319,1,0.107000,0.624740
MP_T_DudukBerdiri_1,movenet,147,4.886823,ok,1,direct,0.393471,12,right_hip,1,1,2.000000,532.060000,430.720000,2.000000,547.224060,421.700897,17.643495,47.245319,1,0.107000,0.783785
MP_T_DudukBerdiri_1,movenet,147,4.886823,ok,1,direct,0.393471,13,left_knee,1,1,2.000000,698.390000,466.350000,2.000000,679.782043,481.312317,23.877332,47.245319,1,0.087000,0.509203
MP_T_DudukBerdiri_1,movenet,147,4.886823,ok,1,direct,0.393471,14,right_knee,1,1,2.000000,572.410000,469.300000,2.000000,574.798340,505.709839,36.488088,47.245319,1,0.087000,0.206786
MP_T_DudukBerdiri_1,movenet,147,4.886823,ok,1,direct,0.393471,15,left_ankle,1,1,2.000000,665.590000,605.870000,0.000000,672.262085,580.136169,,47.245319,0,0.089000,0.000000
MP_T_DudukBerdiri_1,movenet,147,4.886823,ok,1,direct,0.393471,16,right_ankle,1,1,2.000000,584.790000,617.060000,0.000000,551.708679,620.278320,,47.245319,0,0.089000,0.000000
