video_name,algorithm,frame_idx,timestamp_sec,status,matched_pred_found,match_method,matched_pred_score,keypoint_idx,keypoint_name,is_active,is_eval_joint,gt_v,gt_x,gt_y,pred_v,pred_x,pred_y,distance_px,pck_threshold_px,pck_correct,oks_sigma,oks_term
MP_R_DudukBerdiri_1,movenet,0,0.000000,ok,1,direct,0.460225,0,nose,0,0,0.000000,0.000000,0.000000,2.000000,663.891663,227.105469,,,,0.026000,
MP_R_DudukBerdiri_1,movenet,0,0.000000,ok,1,direct,0.460225,1,left_eye,0,0,0.000000,0.000000,0.000000,2.000000,664.592285,217.499969,,,,0.025000,
MP_R_DudukBerdiri_1,movenet,0,0.000000,ok,1,direct,0.460225,2,right_eye,0,0,0.000000,0.000000,0.000000,2.000000,644.882324,216.064423,,,,0.025000,
MP_R_DudukBerdiri_1,movenet,0,0.000000,ok,1,direct,0.460225,3,left_ear,0,0,0.000000,0.000000,0.000000,2.000000,641.114258,222.919403,,,,0.035000,
MP_R_DudukBerdiri_1,movenet,0,0.000000,ok,1,direct,0.460225,4,right_ear,0,0,0.000000,0.000000,0.000000,2.000000,595.511780,221.830597,,,,0.035000,
MP_R_DudukBerdiri_1,movenet,0,0.000000,ok,1,direct,0.460225,5,left_shoulder,1,1,2.000000,629.880000,302.600000,2.000000,673.755188,274.733948,51.976427,48.103605,0,0.079000,0.023721
MP_R_DudukBerdiri_1,movenet,0,0.000000,ok,1,direct,0.460225,6,right_shoulder,1,1,2.000000,525.960000,290.560000,2.000000,535.101990,284.907074,10.748560,48.103605,1,0.079000,0.852143
MP_R_DudukBerdiri_1,movenet,0,0.000000,ok,1,direct,0.460225,7,left_elbow,1,1,2.000000,660.840000,375.160000,2.000000,686.456665,358.113983,30.769794,48.103605,1,0.072000,0.206274
MP_R_DudukBerdiri_1,movenet,0,0.000000,ok,1,direct,0.460225,8,right_elbow,1,1,2.000000,520.040000,398.400000,2.000000,537.681152,377.853973,27.080426,48.103605,1,0.072000,0.294433
MP_R_DudukBerdiri_1,movenet,0,0.000000,ok,1,direct,0.460225,9,left_wrist,1,1,2.000000,703.190000,441.990000,2.000000,694.702271,425.623260,18.436695,48.103605,1,0.062000,0.465665
MP_R_DudukBerdiri_1,movenet,0,0.000000,ok,1,direct,0.460225,10,right_wrist,1,1,2.000000,554.990000,444.560000,2.000000,609.894592,446.715637,54.946893,48.103605,0,0.062000,0.001127
MP_R_DudukBerdiri_1,movenet,0,0.000000,ok,1,direct,0.460225,11,left_hip,1,1,2.000000,617.090000,423.580000,2.000000,655.736450,411.540466,40.478371,48.103605,1,0.107000,0.290267
MP_R_DudukBerdiri_1,movenet,0,0.000000,ok,1,direct,0.460225,12,right_hip,1,1,2.000000,541.980000,441.400000,2.000000,573.498657,420.324890,37.915511,48.103605,1,0.107000,0.337808
MP_R_DudukBerdiri_1,movenet,0,0.000000,ok,1,direct,0.460225,13,left_knee,1,1,2.000000,704.790000,473.110000,2.000000,701.292969,525.709045,52.715167,48.103605,0,0.087000,0.041866
MP_R_DudukBerdiri_1,movenet,0,0.000000,ok,1,direct,0.460225,14,right_knee,1,0,0.000000,573.920000,479.670000,2.000000,600.614807,533.638123,,,,0.087000,
MP_R_DudukBerdiri_1,movenet,0,0.000000,ok,1,direct,0.460225,15,left_ankle,1,1,2.000000,666.770000,603.680000,2.000000,688.218262,623.060059,28.906999,48.103605,1,0.089000,0.401799
MP_R_DudukBerdiri_1,movenet,0,0.000000,ok,1,direct,0.460225,16,right_ankle,1,0,0.000000,570.920000,605.360000,2.000000,526.933105,647.620483,,,,0.089000,
MP_R_DudukBerdiri_1,movenet,1,0.033292,ok,1,direct,0.457202,0,nose,0,0,0.000000,0.000000,0.000000,2.000000,663.098145,227.639099,,,,0.026000,
MP_R_DudukBerdiri_1,movenet,1,0.033292,ok,1,direct,0.457202,1,left_eye,0,0,0.000000,0.000000,0.000000,2.000000,663.646851,218.069336,,,,0.025000,
MP_R_DudukBerdiri_1,movenet,1,0.033292,ok,1,direct,0.457202,2,right_eye,0,0,0.000000,0.000000,0.000000,2.000000,643.397522,216.635025,,,,0.025000,
MP_R_DudukBerdiri_1,movenet,1,0.033292,ok,1,direct,0.457202,3,left_ear,0,0,0.000000,0.000000,0.000000,2.000000,639.558655,223.095581,,,,0.035000,
MP_R_DudukBerdiri_1,movenet,1,0.033292,ok,1,direct,0.457202,4,right_ear,0,0,0.000000,0.000000,0.000000,2.000000,594.847473,222.596970,,,,0.035000,
MP_R_DudukBerdiri_1,movenet,1,0.033292,ok,1,direct,0.457202,5,left_shoulder,1,1,2.000000,631.110000,303.170000,2.000000,672.615479,275.554871,49.852784,48.169906,0,0.079000,0.032308
MP_R_DudukBerdiri_1,movenet,1,0.033292,ok,1,direct,0.457202,6,right_shoulder,1,1,2.000000,526.150000,290.940000,2.000000,532.844849,286.407471,8.084851,48.169906,1,0.079000,0.913680
MP_R_DudukBerdiri_1,movenet,1,0.033292,ok,1,direct,0.457202,7,left_elbow,1,1,2.000000,660.620000,375.380000,2.000000,683.247559,359.795105,27.475359,48.169906,1,0.072000,0.285029
MP_R_DudukBerdiri_1,movenet,1,0.033292,ok,1,direct,0.457202,8,right_elbow,1,1,2.000000,519.910000,397.880000,2.000000,535.428101,378.220184,25.046353,48.169906,1,0.072000,0.352381
MP_R_DudukBerdiri_1,movenet,1,0.033292,ok,1,direct,0.457202,9,left_wrist,1,1,2.000000,703.090000,441.770000,2.000000,701.704590,425.447968,16.380724,48.169906,1,0.062000,0.547894
MP_R_DudukBerdiri_1,movenet,1,0.033292,ok,1,direct,0.457202,10,right_wrist,1,1,2.000000,555.180000,443.340000,2.000000,609.584290,448.139221,54.615559,48.169906,0,0.062000,0.001245
MP_R_DudukBerdiri_1,movenet,1,0.033292,ok,1,direct,0.457202,11,left_hip,1,1,2.000000,616.770000,424.340000,2.000000,658.565613,415.546783,42.710583,48.169906,1,0.107000,0.253257
MP_R_DudukBerdiri_1,movenet,1,0.033292,ok,1,direct,0.457202,12,right_hip,1,1,2.000000,541.640000,440.720000,2.000000,574.198059,421.885529,37.613356,48.169906,1,0.107000,0.344689
MP_R_DudukBerdiri_1,movenet,1,0.033292,ok,1,direct,0.457202,13,left_knee,1,1,2.000000,705.460000,473.110000,2.000000,702.114624,525.945496,52.941299,48.169906,0,0.087000,0.041100
MP_R_DudukBerdiri_1,movenet,1,0.033292,ok,1,direct,0.457202,14,right_knee,1,0,0.000000,573.920000,478.880000,2.000000,601.845337,534.460022,,,,0.087000,
MP_R_DudukBerdiri_1,movenet,1,0.033292,ok,1,direct,0.457202,15,left_ankle,1,1,2.000000,666.770000,603.570000,2.000000,688.563599,624.061646,29.914352,48.169906,1,0.089000,0.377656
MP_R_DudukBerdiri_1,movenet,1,0.033292,ok,1,direct,0.457202,16,right_ankle,1,0,0.000000,570.920000,605.260000,2.000000,526.166260,651.527832,,,,0.089000,
MP_R_DudukBerdiri_1,movenet,2,0.066584,ok,1,direct,0.456689,0,nose,0,0,0.000000,0.000000,0.000000,2.000000,662.933960,227.517868,,,,0.026000,
MP_R_DudukBerdiri_1,movenet,2,0.066584,ok,1,direct,0.456689,1,left_eye,0,0,0.000000,0.000000,0.000000,2.000000,664.681519,218.620255,,,,0.025000,
MP_R_DudukBerdiri_1,movenet,2,0.066584,ok,1,direct,0.456689,2,right_eye,0,0,0.000000,0.000000,0.000000,2.000000,643.803406,216.741241,,,,0.025000,
MP_R_DudukBerdiri_1,movenet,2,0.066584,ok,1,direct,0.456689,3,left_ear,0,0,0.000000,0.000000,0.000000,2.000000,640.987610,223.365875,,,,0.035000,
MP_R_DudukBerdiri_1,movenet,2,0.066584,ok,1,direct,0.456689,4,right_ear,0,0,0.000000,0.000000,0.000000,2.000000,593.552979,221.736969,,,,0.035000,
MP_R_DudukBerdiri_1,movenet,2,0.066584,ok,1,direct,0.456689,5,left_shoulder,1,1,2.000000,632.330000,303.740000,2.000000,671.594849,275.447662,48.396123,48.237085,0,0.079000,0.039725
MP_R_DudukBerdiri_1,movenet,2,0.066584,ok,1,direct,0.456689,6,right_shoulder,1,1,2.000000,526.340000,291.320000,2.000000,533.481323,286.124115,8.831518,48.237085,1,0.079000,0.898149
MP_R_DudukBerdiri_1,movenet,2,0.066584,ok,1,direct,0.456689,7,left_elbow,1,1,2.000000,660.400000,375.600000,2.000000,685.447083,362.645355,28.198921,48.237085,1,0.072000,0.267546
MP_R_DudukBerdiri_1,movenet,2,0.066584,ok,1,direct,0.456689,8,right_elbow,1,1,2.000000,519.780000,397.360000,2.000000,532.657043,380.514465,21.203544,48.237085,1,0.072000,0.474520
MP_R_DudukBerdiri_1,movenet,2,0.066584,ok,1,direct,0.456689,9,left_wrist,1,1,2.000000,702.980000,441.550000,2.000000,703.177979,425.011627,16.539558,48.237085,1,0.062000,0.542433
MP_R_DudukBerdiri_1,movenet,2,0.066584,ok,1,direct,0.456689,10,right_wrist,1,1,2.000000,555.370000,442.130000,2.000000,604.747803,451.894012,50.333918,48.237085,0,0.062000,0.003465
MP_R_DudukBerdiri_1,movenet,2,0.066584,ok,1,direct,0.456689,11,left_hip,1,1,2.000000,616.450000,425.100000,2.000000,659.173218,414.825378,43.941338,48.237085,1,0.107000,0.234665
MP_R_DudukBerdiri_1,movenet,2,0.066584,ok,1,direct,0.456689,12,right_hip,1,1,2.000000,541.300000,440.050000,2.000000,579.985657,420.832458,43.195994,48.237085,1,0.107000,0.246391
MP_R_DudukBerdiri_1,movenet,2,0.066584,ok,1,direct,0.456689,13,left_knee,1,1,2.000000,706.140000,473.100000,2.000000,705.750244,525.657104,52.558550,48.237085,0,0.087000,0.043412
MP_R_DudukBerdiri_1,movenet,2,0.066584,ok,1,direct,0.456689,14,right_knee,1,0,0.000000,573.920000,478.080000,2.000000,608.969910,535.040344,,,,0.087000,
MP_R_DudukBerdiri_1,movenet,2,0.066584,ok,1,direct,0.456689,15,left_ankle,1,1,2.000000,666.770000,603.460000,2.000000,686.800171,628.760925,32.269871,48.237085,1,0.089000,0.323030
MP_R_DudukBerdiri_1,movenet,2,0.066584,ok,1,direct,0.456689,16,right_ankle,1,0,0.000000,570.920000,605.160000,2.000000,525.854431,653.543762,,,,0.089000,
MP_R_DudukBerdiri_1,movenet,3,0.099876,ok,1,direct,0.466111,0,nose,0,0,0.000000,0.000000,0.000000,2.000000,664.158813,227.095230,,,,0.026000,
MP_R_DudukBerdiri_1,movenet,3,0.099876,ok,1,direct,0.466111,1,left_eye,0,0,0.000000,0.000000,0.000000,2.000000,666.712708,218.613876,,,,0.025000,
MP_R_DudukBerdiri_1,movenet,3,0.099876,ok,1,direct,0.466111,2,right_eye,0,0,0.000000,0.000000,0.000000,2.000000,645.103027,216.791672,,,,0.025000,
MP_R_DudukBerdiri_1,movenet,3,0.099876,ok,1,direct,0.466111,3,left_ear,0,0,0.000000,0.000000,0.000000,2.000000,644.252319,223.302765,,,,0.035000,
MP_R_DudukBerdiri_1,movenet,3,0.099876,ok,1,direct,0.466111,4,right_ear,0,0,0.000000,0.000000,0.000000,2.000000,594.390381,221.368866,,,,0.035000,
MP_R_DudukBerdiri_1,movenet,3,0.099876,ok,1,direct,0.466111,5,left_shoulder,1,1,2.000000,633.560000,304.300000,2.000000,671.962341,276.165955,47.605297,48.301262,1,0.079000,0.044470
MP_R_DudukBerdiri_1,movenet,3,0.099876,ok,1,direct,0.466111,6,right_shoulder,1,1,2.000000,526.530000,291.700000,2.000000,533.176392,286.220551,8.613878,48.301262,1,0.079000,0.903102
MP_R_DudukBerdiri_1,movenet,3,0.099876,ok,1,direct,0.466111,7,left_elbow,1,1,2.000000,660.180000,375.820000,2.000000,685.336914,358.120941,30.759178,48.301262,1,0.072000,0.209176
MP_R_DudukBerdiri_1,movenet,3,0.099876,ok,1,direct,0.466111,8,right_elbow,1,1,2.000000,519.660000,396.840000,2.000000,530.063354,379.873138,19.902366,48.301262,1,0.072000,0.519429
MP_R_DudukBerdiri_1,movenet,3,0.099876,ok,1,direct,0.466111,9,left_wrist,1,1,2.000000,702.870000,441.330000,2.000000,703.251892,423.911560,17.422626,48.301262,1,0.062000,0.508164
MP_R_DudukBerdiri_1,movenet,3,0.099876,ok,1,direct,0.466111,10,right_wrist,1,1,2.000000,555.570000,440.920000,2.000000,603.818970,450.073700,49.109605,48.301262,0,0.062000,0.004615
MP_R_DudukBerdiri_1,movenet,3,0.099876,ok,1,direct,0.466111,11,left_hip,1,1,2.000000,616.140000,425.860000,2.000000,662.038086,415.743225,46.999824,48.301262,1,0.107000,0.191281
MP_R_DudukBerdiri_1,movenet,3,0.099876,ok,1,direct,0.466111,12,right_hip,1,1,2.000000,540.970000,439.370000,2.000000,582.140747,420.252838,45.392690,48.301262,1,0.107000,0.213776
MP_R_DudukBerdiri_1,movenet,3,0.099876,ok,1,direct,0.466111,13,left_knee,1,1,2.000000,706.810000,473.100000,2.000000,706.694275,526.353516,53.253641,48.301262,0,0.087000,0.040277
MP_R_DudukBerdiri_1,movenet,3,0.099876,ok,1,direct,0.466111,14,right_knee,1,0,0.000000,573.920000,477.290000,2.000000,609.525696,536.183472,,,,0.087000,
MP_R_DudukBerdiri_1,movenet,3,0.099876,ok,1,direct,0.466111,15,left_ankle,1,1,2.000000,666.770000,603.350000,2.000000,688.437866,629.042847,33.609802,48.301262,1,0.089000,0.294480
MP_R_DudukBerdiri_1,movenet,3,0.099876,ok,1,direct,0.466111,16,right_ankle,1,0,0.000000,570.920000,605.060000,2.000000,529.129150,653.606018,,,,0.089000,
MP_R_DudukBerdiri_1,movenet,4,0.133167,ok,1,direct,0.477125,0,nose,0,0,0.000000,0.000000,0.000000,2.000000,665.311523,226.950348,,,,0.026000,
MP_R_DudukBerdiri_1,movenet,4,0.133167,ok,1,direct,0.477125,1,left_eye,0,0,0.000000,0.000000,0.000000,2.000000,667.478333,218.561676,,,,0.025000,
MP_R_DudukBerdiri_1,movenet,4,0.133167,ok,1,direct,0.477125,2,right_eye,0,0,0.000000,0.000000,0.000000,2.000000,646.508728,216.762100,,,,0.025000,
MP_R_DudukBerdiri_1,movenet,4,0.133167,ok,1,direct,0.477125,3,left_ear,0,0,0.000000,0.000000,0.000000,2.000000,644.071106,223.139343,,,,0.035000,
MP_R_DudukBerdiri_1,movenet,4,0.133167,ok,1,direct,0.477125,4,right_ear,0,0,0.000000,0.000000,0.000000,2.000000,594.455383,221.427261,,,,0.035000,
MP_R_DudukBerdiri_1,movenet,4,0.133167,ok,1,direct,0.477125,5,left_shoulder,1,1,2.000000,634.790000,304.870000,2.000000,673.137695,276.565308,47.662368,48.367606,1,0.079000,0.044519
MP_R_DudukBerdiri_1,movenet,4,0.133167,ok,1,direct,0.477125,6,right_shoulder,1,1,2.000000,526.720000,292.080000,2.000000,534.229980,285.914093,9.716904,48.367606,1,0.079000,0.878678
MP_R_DudukBerdiri_1,movenet,4,0.133167,ok,1,direct,0.477125,7,left_elbow,1,1,2.000000,659.960000,376.040000,2.000000,689.396362,362.314453,32.479071,48.367606,1,0.072000,0.175581
MP_R_DudukBerdiri_1,movenet,4,0.133167,ok,1,direct,0.477125,8,right_elbow,1,1,2.000000,519.530000,396.330000,2.000000,529.386841,378.983978,19.950984,48.367606,1,0.072000,0.518703
MP_R_DudukBerdiri_1,movenet,4,0.133167,ok,1,direct,0.477125,9,left_wrist,1,1,2.000000,702.760000,441.110000,2.000000,705.001831,424.469849,16.790487,48.367606,1,0.062000,0.534195
MP_R_DudukBerdiri_1,movenet,4,0.133167,ok,1,direct,0.477125,10,right_wrist,1,1,2.000000,555.760000,439.710000,2.000000,598.518250,452.923309,44.753318,48.367606,1,0.062000,0.011627
MP_R_DudukBerdiri_1,movenet,4,0.133167,ok,1,direct,0.477125,11,left_hip,1,1,2.000000,615.820000,426.620000,2.000000,662.189331,416.522369,47.456053,48.367606,1,0.107000,0.186066
MP_R_DudukBerdiri_1,movenet,4,0.133167,ok,1,direct,0.477125,12,right_hip,1,1,2.000000,540.630000,438.700000,2.000000,582.424500,421.186798,45.315477,48.367606,1,0.107000,0.215808
MP_R_DudukBerdiri_1,movenet,4,0.133167,ok,1,direct,0.477125,13,left_knee,1,1,2.000000,707.490000,473.100000,2.000000,705.492188,526.846313,53.783431,48.367606,0,0.087000,0.038112
MP_R_DudukBerdiri_1,movenet,4,0.133167,ok,1,direct,0.477125,14,right_knee,1,0,0.000000,573.920000,476.490000,2.000000,607.904541,535.894470,,,,0.087000,
MP_R_DudukBerdiri_1,movenet,4,0.133167,ok,1,direct,0.477125,15,left_ankle,1,1,2.000000,666.770000,603.240000,2.000000,688.994202,629.347046,34.285463,48.367606,1,0.089000,0.281195
MP_R_DudukBerdiri_1,movenet,4,0.133167,ok,1,direct,0.477125,16,right_ankle,1,0,0.000000,570.920000,604.960000,2.000000,529.054016,654.335510,,,,0.089000,
MP_R_DudukBerdiri_1,movenet,5,0.166459,ok,1,direct,0.505292,0,nose,0,0,0.000000,0.000000,0.000000,2.000000,668.582153,226.747742,,,,0.026000,
MP_R_DudukBerdiri_1,movenet,5,0.166459,ok,1,direct,0.505292,1,left_eye,0,0,0.000000,0.000000,0.000000,2.000000,669.613403,218.187210,,,,0.025000,
MP_R_DudukBerdiri_1,movenet,5,0.166459,ok,1,direct,0.505292,2,right_eye,0,0,0.000000,0.000000,0.000000,2.000000,651.356689,216.631897,,,,0.025000,
MP_R_DudukBerdiri_1,movenet,5,0.166459,ok,1,direct,0.505292,3,left_ear,0,0,0.000000,0.000000,0.000000,2.000000,642.473633,221.537766,,,,0.035000,
MP_R_DudukBerdiri_1,movenet,5,0.166459,ok,1,direct,0.505292,4,right_ear,0,0,0.000000,0.000000,0.000000,2.000000,597.019531,220.418427,,,,0.035000,
MP_R_DudukBerdiri_1,movenet,5,0.166459,ok,1,direct,0.505292,5,left_shoulder,1,1,2.000000,636.020000,305.440000,2.000000,674.905762,278.297455,47.421727,48.430966,1,0.079000,0.046308
MP_R_DudukBerdiri_1,movenet,5,0.166459,ok,1,direct,0.505292,6,right_shoulder,1,1,2.000000,526.900000,292.460000,2.000000,536.188416,284.976135,11.928239,48.430966,1,0.079000,0.823334
MP_R_DudukBerdiri_1,movenet,5,0.166459,ok,1,direct,0.505292,7,left_elbow,1,1,2.000000,659.740000,376.260000,2.000000,692.819824,363.090576,35.604894,48.430966,1,0.072000,0.124288
MP_R_DudukBerdiri_1,movenet,5,0.166459,ok,1,direct,0.505292,8,right_elbow,1,1,2.000000,519.410000,395.810000,2.000000,527.655701,379.655273,18.137441,48.430966,1,0.072000,0.582112
MP_R_DudukBerdiri_1,movenet,5,0.166459,ok,1,direct,0.505292,9,left_wrist,1,1,2.000000,702.650000,440.890000,2.000000,704.758240,429.082672,11.994068,48.430966,1,0.062000,0.726799
MP_R_DudukBerdiri_1,movenet,5,0.166459,ok,1,direct,0.505292,10,right_wrist,1,1,2.000000,555.950000,438.500000,2.000000,590.404053,457.447784,39.320482,48.430966,1,0.062000,0.032401
MP_R_DudukBerdiri_1,movenet,5,0.166459,ok,1,direct,0.505292,11,left_hip,1,1,2.000000,615.500000,427.380000,2.000000,665.428589,417.007324,50.994670,48.430966,0,0.107000,0.144177
MP_R_DudukBerdiri_1,movenet,5,0.166459,ok,1,direct,0.505292,12,right_hip,1,1,2.000000,540.290000,438.020000,2.000000,583.817261,421.116394,46.694264,48.430966,1,0.107000,0.197140
MP_R_DudukBerdiri_1,movenet,5,0.166459,ok,1,direct,0.505292,13,left_knee,1,1,2.000000,708.160000,473.100000,2.000000,707.714905,528.414062,55.315853,48.430966,0,0.087000,0.031840
MP_R_DudukBerdiri_1,movenet,5,0.166459,ok,1,direct,0.505292,14,right_knee,1,0,0.000000,573.920000,475.690000,2.000000,604.997253,538.248535,,,,0.087000,
MP_R_DudukBerdiri_1,movenet,5,0.166459,ok,1,direct,0.505292,15,left_ankle,1,1,2.000000,666.770000,603.130000,2.000000,694.727539,628.564758,37.796176,48.430966,1,0.089000,0.214854
MP_R_DudukBerdiri_1,movenet,5,0.166459,ok,1,direct,0.505292,16,right_ankle,1,0,0.000000,570.920000,604.850000,2.000000,540.065308,656.038086,,,,0.089000,
MP_R_DudukBerdiri_1,movenet,6,0.199751,ok,1,direct,0.492548,0,nose,0,0,0.000000,0.000000,0.000000,2.000000,665.254211,227.245956,,,,0.026000,
MP_R_DudukBerdiri_1,movenet,6,0.199751,ok,1,direct,0.492548,1,left_eye,0,0,0.000000,0.000000,0.000000,2.000000,668.443542,218.253128,,,,0.025000,
MP_R_DudukBerdiri_1,movenet,6,0.199751,ok,1,direct,0.492548,2,right_eye,0,0,0.000000,0.000000,0.000000,2.000000,645.859680,216.735748,,,,0.025000,
MP_R_DudukBerdiri_1,movenet,6,0.199751,ok,1,direct,0.492548,3,left_ear,0,0,0.000000,0.000000,0.000000,2.000000,647.473022,222.573853,,,,0.035000,
MP_R_DudukBerdiri_1,movenet,6,0.199751,ok,1,direct,0.492548,4,right_ear,0,0,0.000000,0.000000,0.000000,2.000000,593.866333,220.499268,,,,0.035000,
MP_R_DudukBerdiri_1,movenet,6,0.199751,ok,1,direct,0.492548,5,left_shoulder,1,1,2.000000,636.790000,305.440000,2.000000,674.861694,275.655243,48.338242,48.442512,1,0.079000,0.041138
MP_R_DudukBerdiri_1,movenet,6,0.199751,ok,1,direct,0.492548,6,right_shoulder,1,1,2.000000,527.260000,293.530000,2.000000,536.290955,286.171112,11.649522,48.442512,1,0.079000,0.830833
MP_R_DudukBerdiri_1,movenet,6,0.199751,ok,1,direct,0.492548,7,left_elbow,1,1,2.000000,659.530000,376.480000,2.000000,693.925293,365.002502,36.259745,48.442512,1,0.072000,0.115149
MP_R_DudukBerdiri_1,movenet,6,0.199751,ok,1,direct,0.492548,8,right_elbow,1,1,2.000000,519.280000,395.290000,2.000000,522.359314,381.387939,14.239012,48.442512,1,0.072000,0.716535
MP_R_DudukBerdiri_1,movenet,6,0.199751,ok,1,direct,0.492548,9,left_wrist,1,1,2.000000,702.540000,440.670000,2.000000,705.725464,429.854645,11.274710,48.442512,1,0.062000,0.754394
MP_R_DudukBerdiri_1,movenet,6,0.199751,ok,1,direct,0.492548,10,right_wrist,1,1,2.000000,556.140000,437.290000,2.000000,590.632935,455.706573,39.101569,48.442512,1,0.062000,0.033713
MP_R_DudukBerdiri_1,movenet,6,0.199751,ok,1,direct,0.492548,11,left_hip,1,1,2.000000,615.190000,428.130000,2.000000,665.316101,419.225311,50.910898,48.442512,0,0.107000,0.145230
MP_R_DudukBerdiri_1,movenet,6,0.199751,ok,1,direct,0.492548,12,right_hip,1,1,2.000000,539.950000,437.350000,2.000000,583.286682,422.734161,45.735006,48.442512,1,0.107000,0.210754
MP_R_DudukBerdiri_1,movenet,6,0.199751,ok,1,direct,0.492548,13,left_knee,1,1,2.000000,708.840000,473.100000,2.000000,708.807983,536.919434,63.819442,48.442512,0,0.087000,0.010192
MP_R_DudukBerdiri_1,movenet,6,0.199751,ok,1,direct,0.492548,14,right_knee,1,0,0.000000,573.920000,474.900000,2.000000,598.989258,543.844360,,,,0.087000,
MP_R_DudukBerdiri_1,movenet,6,0.199751,ok,1,direct,0.492548,15,left_ankle,1,1,2.000000,666.770000,603.020000,2.000000,697.289490,629.316101,40.285533,48.442512,1,0.089000,0.174435
MP_R_DudukBerdiri_1,movenet,6,0.199751,ok,1,direct,0.492548,16,right_ankle,1,0,0.000000,570.920000,604.750000,2.000000,554.012207,656.672302,,,,0.089000,
MP_R_DudukBerdiri_1,movenet,7,0.233043,ok,1,direct,0.461488,0,nose,0,0,0.000000,0.000000,0.000000,2.000000,670.270935,227.083771,,,,0.026000,
MP_R_DudukBerdiri_1,movenet,7,0.233043,ok,1,direct,0.461488,1,left_eye,0,0,0.000000,0.000000,0.000000,2.000000,669.463196,218.088333,,,,0.025000,
MP_R_DudukBerdiri_1,movenet,7,0.233043,ok,1,direct,0.461488,2,right_eye,0,0,0.000000,0.000000,0.000000,2.000000,653.615723,217.066238,,,,0.025000,
MP_R_DudukBerdiri_1,movenet,7,0.233043,ok,1,direct,0.461488,3,left_ear,0,0,0.000000,0.000000,0.000000,2.000000,640.172119,221.703217,,,,0.035000,
MP_R_DudukBerdiri_1,movenet,7,0.233043,ok,1,direct,0.461488,4,right_ear,0,0,0.000000,0.000000,0.000000,2.000000,595.600586,220.204742,,,,0.035000,
MP_R_DudukBerdiri_1,movenet,7,0.233043,ok,1,direct,0.461488,5,left_shoulder,1,1,2.000000,637.550000,305.440000,2.000000,674.593262,276.279938,47.143531,48.451993,1,0.079000,0.048129
MP_R_DudukBerdiri_1,movenet,7,0.233043,ok,1,direct,0.461488,6,right_shoulder,1,1,2.000000,527.610000,294.600000,2.000000,534.397400,286.315948,10.709543,48.451993,1,0.079000,0.855076
MP_R_DudukBerdiri_1,movenet,7,0.233043,ok,1,direct,0.461488,7,left_elbow,1,1,2.000000,659.310000,376.690000,2.000000,691.601624,364.780945,34.417649,48.451993,1,0.072000,0.142741
MP_R_DudukBerdiri_1,movenet,7,0.233043,ok,1,direct,0.461488,8,right_elbow,1,1,2.000000,519.150000,394.770000,2.000000,521.313721,379.940216,14.986800,48.451993,1,0.072000,0.691347
MP_R_DudukBerdiri_1,movenet,7,0.233043,ok,1,direct,0.461488,9,left_wrist,1,1,2.000000,702.430000,440.460000,2.000000,702.778625,429.433350,11.032160,48.451993,1,0.062000,0.763578
MP_R_DudukBerdiri_1,movenet,7,0.233043,ok,1,direct,0.461488,10,right_wrist,1,1,2.000000,556.340000,436.080000,2.000000,587.378052,451.440460,34.630974,48.451993,1,0.062000,0.070089
MP_R_DudukBerdiri_1,movenet,7,0.233043,ok,1,direct,0.461488,11,left_hip,1,1,2.000000,614.870000,428.890000,2.000000,662.730652,417.500000,49.197298,48.451993,0,0.107000,0.165128
MP_R_DudukBerdiri_1,movenet,7,0.233043,ok,1,direct,0.461488,12,right_hip,1,1,2.000000,539.620000,436.670000,2.000000,583.117188,420.798767,46.302282,48.451993,1,0.107000,0.202846
MP_R_DudukBerdiri_1,movenet,7,0.233043,ok,1,direct,0.461488,13,left_knee,1,1,2.000000,709.510000,473.100000,2.000000,706.130432,530.114014,57.114090,48.451993,0,0.087000,0.025436
MP_R_DudukBerdiri_1,movenet,7,0.233043,ok,1,direct,0.461488,14,right_knee,1,0,0.000000,573.920000,474.100000,2.000000,608.912415,538.781433,,,,0.087000,
MP_R_DudukBerdiri_1,movenet,7,0.233043,ok,1,direct,0.461488,15,left_ankle,1,1,2.000000,666.770000,602.910000,2.000000,695.426147,628.394348,38.348752,48.451993,1,0.089000,0.205621
MP_R_DudukBerdiri_1,movenet,7,0.233043,ok,1,direct,0.461488,16,right_ankle,1,0,0.000000,570.920000,604.650000,2.000000,564.158813,658.188293,,,,0.089000,
MP_R_DudukBerdiri_1,movenet,8,0.266335,ok,1,direct,0.452028,0,nose,0,0,0.000000,0.000000,0.000000,2.000000,667.548218,226.713654,,,,0.026000,
MP_R_DudukBerdiri_1,movenet,8,0.266335,ok,1,direct,0.452028,1,left_eye,0,0,0.000000,0.000000,0.000000,2.000000,669.088806,218.053253,,,,0.025000,
MP_R_DudukBerdiri_1,movenet,8,0.266335,ok,1,direct,0.452028,2,right_eye,0,0,0.000000,0.000000,0.000000,2.000000,649.885925,216.672592,,,,0.025000,
MP_R_DudukBerdiri_1,movenet,8,0.266335,ok,1,direct,0.452028,3,left_ear,0,0,0.000000,0.000000,0.000000,2.000000,645.774475,222.369370,,,,0.035000,
MP_R_DudukBerdiri_1,movenet,8,0.266335,ok,1,direct,0.452028,4,right_ear,0,0,0.000000,0.000000,0.000000,2.000000,598.758728,221.428772,,,,0.035000,
MP_R_DudukBerdiri_1,movenet,8,0.266335,ok,1,direct,0.452028,5,left_shoulder,1,1,2.000000,638.320000,305.440000,2.000000,674.110107,276.940094,45.751245,48.460694,1,0.079000,0.057482
MP_R_DudukBerdiri_1,movenet,8,0.266335,ok,1,direct,0.452028,6,right_shoulder,1,1,2.000000,527.960000,295.670000,2.000000,536.385071,287.960876,11.419825,48.460694,1,0.079000,0.836978
MP_R_DudukBerdiri_1,movenet,8,0.266335,ok,1,direct,0.452028,7,left_elbow,1,1,2.000000,659.090000,376.910000,2.000000,696.118286,362.642975,39.681759,48.460694,1,0.072000,0.075258
MP_R_DudukBerdiri_1,movenet,8,0.266335,ok,1,direct,0.452028,8,right_elbow,1,1,2.000000,519.030000,394.250000,2.000000,520.836731,379.315582,15.043308,48.460694,1,0.072000,0.689514
MP_R_DudukBerdiri_1,movenet,8,0.266335,ok,1,direct,0.452028,9,left_wrist,1,1,2.000000,702.320000,440.240000,2.000000,705.255615,428.841064,11.770878,48.460694,1,0.062000,0.735678
MP_R_DudukBerdiri_1,movenet,8,0.266335,ok,1,direct,0.452028,10,right_wrist,1,1,2.000000,556.530000,434.870000,2.000000,586.083191,453.319275,34.839157,48.460694,1,0.062000,0.067944
MP_R_DudukBerdiri_1,movenet,8,0.266335,ok,1,direct,0.452028,11,left_hip,1,1,2.000000,614.560000,429.650000,2.000000,660.915588,420.037933,47.341656,48.460694,1,0.107000,0.188788
MP_R_DudukBerdiri_1,movenet,8,0.266335,ok,1,direct,0.452028,12,right_hip,1,1,2.000000,539.280000,436.000000,2.000000,578.045776,427.802032,39.623126,48.460694,1,0.107000,0.311040
MP_R_DudukBerdiri_1,movenet,8,0.266335,ok,1,direct,0.452028,13,left_knee,1,1,2.000000,710.190000,473.100000,2.000000,708.104858,537.275757,64.209622,48.460694,0,0.087000,0.009669
MP_R_DudukBerdiri_1,movenet,8,0.266335,ok,1,direct,0.452028,14,right_knee,1,0,0.000000,573.920000,473.300000,2.000000,606.403870,538.381592,,,,0.087000,
MP_R_DudukBerdiri_1,movenet,8,0.266335,ok,1,direct,0.452028,15,left_ankle,1,1,2.000000,666.770000,602.800000,2.000000,690.532715,631.247253,37.066330,48.460694,1,0.089000,0.228283
MP_R_DudukBerdiri_1,movenet,8,0.266335,ok,1,direct,0.452028,16,right_ankle,1,0,0.000000,570.920000,604.550000,2.000000,555.090759,657.319092,,,,0.089000,
MP_R_DudukBerdiri_1,movenet,9,0.299627,ok,1,direct,0.432358,0,nose,0,0,0.000000,0.000000,0.000000,2.000000,659.558411,226.097733,,,,0.026000,
MP_R_DudukBerdiri_1,movenet,9,0.299627,ok,1,direct,0.432358,1,left_eye,0,0,0.000000,0.000000,0.000000,2.000000,664.965332,217.488876,,,,0.025000,
MP_R_DudukBerdiri_1,movenet,9,0.299627,ok,1,direct,0.432358,2,right_eye,0,0,0.000000,0.000000,0.000000,2.000000,639.968506,215.855087,,,,0.025000,
MP_R_DudukBerdiri_1,movenet,9,0.299627,ok,1,direct,0.432358,3,left_ear,0,0,0.000000,0.000000,0.000000,2.000000,651.457214,222.422104,,,,0.035000,
MP_R_DudukBerdiri_1,movenet,9,0.299627,ok,1,direct,0.432358,4,right_ear,0,0,0.000000,0.000000,0.000000,2.000000,586.298462,220.310257,,,,0.035000,
MP_R_DudukBerdiri_1,movenet,9,0.299627,ok,1,direct,0.432358,5,left_shoulder,1,1,2.000000,639.080000,305.440000,2.000000,674.447510,276.536987,45.675430,48.467821,1,0.079000,0.058076
MP_R_DudukBerdiri_1,movenet,9,0.299627,ok,1,direct,0.432358,6,right_shoulder,1,1,2.000000,528.310000,296.750000,2.000000,535.562256,288.582458,10.922635,48.467821,1,0.079000,0.849803
MP_R_DudukBerdiri_1,movenet,9,0.299627,ok,1,direct,0.432358,7,left_elbow,1,1,2.000000,658.870000,377.130000,2.000000,699.420898,361.520569,43.451464,48.467821,1,0.072000,0.045015
MP_R_DudukBerdiri_1,movenet,9,0.299627,ok,1,direct,0.432358,8,right_elbow,1,1,2.000000,518.900000,393.730000,2.000000,518.442017,378.580017,15.156904,48.467821,1,0.072000,0.685715
MP_R_DudukBerdiri_1,movenet,9,0.299627,ok,1,direct,0.432358,9,left_wrist,1,1,2.000000,702.210000,440.020000,2.000000,704.977051,428.498077,11.849526,48.467821,1,0.062000,0.732724
MP_R_DudukBerdiri_1,movenet,9,0.299627,ok,1,direct,0.432358,10,right_wrist,1,1,2.000000,556.720000,433.660000,2.000000,585.634888,449.854218,33.140963,48.467821,1,0.062000,0.087809
MP_R_DudukBerdiri_1,movenet,9,0.299627,ok,1,direct,0.432358,11,left_hip,1,1,2.000000,614.240000,430.410000,2.000000,660.615784,416.593140,48.390277,48.467821,1,0.107000,0.175294
MP_R_DudukBerdiri_1,movenet,9,0.299627,ok,1,direct,0.432358,12,right_hip,1,1,2.000000,538.940000,435.320000,2.000000,577.372437,420.439575,41.212610,48.467821,1,0.107000,0.282794
MP_R_DudukBerdiri_1,movenet,9,0.299627,ok,1,direct,0.432358,13,left_knee,1,1,2.000000,710.860000,473.100000,2.000000,704.537292,538.960815,66.163613,48.467821,0,0.087000,0.007270
MP_R_DudukBerdiri_1,movenet,9,0.299627,ok,1,direct,0.432358,14,right_knee,1,0,0.000000,573.920000,472.510000,2.000000,597.421814,539.696716,,,,0.087000,
MP_R_DudukBerdiri_1,movenet,9,0.299627,ok,1,direct,0.432358,15,left_ankle,1,1,2.000000,666.770000,602.690000,0.000000,686.460266,639.649536,,48.467821,0,0.089000,0.000000
MP_R_DudukBerdiri_1,movenet,9,0.299627,ok,1,direct,0.432358,16,right_ankle,1,0,0.000000,570.920000,604.450000,2.000000,547.576355,661.150818,,,,0.089000,
MP_R_DudukBerdiri_1,movenet,10,0.332919,ok,1,direct,0.434204,0,nose,0,0,0.000000,0.000000,0.000000,2.000000,660.146606,226.006882,,,,0.026000,
MP_R_DudukBerdiri_1,movenet,10,0.332919,ok,1,direct,0.434204,1,left_eye,0,0,0.000000,0.000000,0.000000,2.000000,664.978516,217.701904,,,,0.025000,
MP_R_DudukBerdiri_1,movenet,10,0.332919,ok,1,direct,0.434204,2,right_eye,0,0,0.000000,0.000000,0.000000,2.000000,640.968262,216.334000,,,,0.025000,
MP_R_DudukBerdiri_1,movenet,10,0.332919,ok,1,direct,0.434204,3,left_ear,0,0,0.000000,0.000000,0.000000,2.000000,651.060913,222.658066,,,,0.035000,
MP_R_DudukBerdiri_1,movenet,10,0.332919,ok,1,direct,0.434204,4,right_ear,0,0,0.000000,0.000000,0.000000,2.000000,589.175171,221.394470,,,,0.035000,
MP_R_DudukBerdiri_1,movenet,10,0.332919,ok,1,direct,0.434204,5,left_shoulder,1,1,2.000000,639.850000,305.440000,2.000000,675.214844,276.666962,45.591226,48.475420,1,0.079000,0.058741
MP_R_DudukBerdiri_1,movenet,10,0.332919,ok,1,direct,0.434204,6,right_shoulder,1,1,2.000000,528.660000,297.820000,2.000000,539.825134,288.325623,14.656174,48.475420,1,0.079000,0.746069
MP_R_DudukBerdiri_1,movenet,10,0.332919,ok,1,direct,0.434204,7,left_elbow,1,1,2.000000,658.650000,377.350000,2.000000,696.890503,355.617554,43.984489,48.475420,1,0.072000,0.041740
MP_R_DudukBerdiri_1,movenet,10,0.332919,ok,1,direct,0.434204,8,right_elbow,1,1,2.000000,518.770000,393.210000,2.000000,518.507874,376.245636,16.966389,48.475420,1,0.072000,0.623375
MP_R_DudukBerdiri_1,movenet,10,0.332919,ok,1,direct,0.434204,9,left_wrist,1,1,2.000000,702.100000,439.800000,2.000000,703.150513,425.676819,14.162197,48.475420,1,0.062000,0.641412
MP_R_DudukBerdiri_1,movenet,10,0.332919,ok,1,direct,0.434204,10,right_wrist,1,1,2.000000,556.910000,432.450000,2.000000,577.505310,450.230377,27.208613,48.475420,1,0.062000,0.194147
MP_R_DudukBerdiri_1,movenet,10,0.332919,ok,1,direct,0.434204,11,left_hip,1,1,2.000000,613.920000,431.170000,2.000000,658.232727,414.739380,47.260798,48.475420,1,0.107000,0.190057
MP_R_DudukBerdiri_1,movenet,10,0.332919,ok,1,direct,0.434204,12,right_hip,1,1,2.000000,538.600000,434.650000,2.000000,579.775574,417.803009,44.488751,48.475420,1,0.107000,0.229612
MP_R_DudukBerdiri_1,movenet,10,0.332919,ok,1,direct,0.434204,13,left_knee,1,1,2.000000,711.540000,473.100000,2.000000,693.708435,531.793213,61.342138,48.475420,0,0.087000,0.014535
MP_R_DudukBerdiri_1,movenet,10,0.332919,ok,1,direct,0.434204,14,right_knee,1,0,0.000000,573.920000,471.710000,2.000000,592.909363,539.274170,,,,0.087000,
MP_R_DudukBerdiri_1,movenet,10,0.332919,ok,1,direct,0.434204,15,left_ankle,1,1,2.000000,666.770000,602.570000,2.000000,677.339600,640.362488,39.242688,48.475420,1,0.089000,0.191146
MP_R_DudukBerdiri_1,movenet,10,0.332919,ok,1,direct,0.434204,16,right_ankle,1,0,0.000000,570.920000,604.350000,2.000000,540.912537,657.781250,,,,0.089000,
MP_R_DudukBerdiri_1,movenet,11,0.366211,ok,1,direct,0.422930,0,nose,0,0,0.000000,0.000000,0.000000,2.000000,661.331787,227.589874,,,,0.026000,
MP_R_DudukBerdiri_1,movenet,11,0.366211,ok,1,direct,0.422930,1,left_eye,0,0,0.000000,0.000000,0.000000,2.000000,665.077454,219.130646,,,,0.025000,
MP_R_DudukBerdiri_1,movenet,11,0.366211,ok,1,direct,0.422930,2,right_eye,0,0,0.000000,0.000000,0.000000,2.000000,643.512878,217.640991,,,,0.025000,
MP_R_DudukBerdiri_1,movenet,11,0.366211,ok,1,direct,0.422930,3,left_ear,0,0,0.000000,0.000000,0.000000,2.000000,648.085083,223.310226,,,,0.035000,
MP_R_DudukBerdiri_1,movenet,11,0.366211,ok,1,direct,0.422930,4,right_ear,0,0,0.000000,0.000000,0.000000,2.000000,589.642822,221.345871,,,,0.035000,
MP_R_DudukBerdiri_1,movenet,11,0.366211,ok,1,direct,0.422930,5,left_shoulder,1,1,2.000000,640.730000,307.590000,2.000000,674.583679,278.061249,44.922364,48.622856,1,0.079000,0.064868
MP_R_DudukBerdiri_1,movenet,11,0.366211,ok,1,direct,0.422930,6,right_shoulder,1,1,2.000000,529.160000,300.860000,2.000000,540.617493,291.165497,15.008582,48.622856,1,0.079000,0.736878
MP_R_DudukBerdiri_1,movenet,11,0.366211,ok,1,direct,0.422930,7,left_elbow,1,1,2.000000,660.040000,379.500000,2.000000,699.030273,355.362152,45.857138,48.622856,1,0.072000,0.032335
MP_R_DudukBerdiri_1,movenet,11,0.366211,ok,1,direct,0.422930,8,right_elbow,1,1,2.000000,516.240000,392.950000,2.000000,514.354309,378.980865,14.095834,48.622856,1,0.072000,0.723077
MP_R_DudukBerdiri_1,movenet,11,0.366211,ok,1,direct,0.422930,9,left_wrist,1,1,2.000000,703.700000,439.240000,2.000000,704.318542,422.201660,17.049564,48.622856,1,0.062000,0.527438
MP_R_DudukBerdiri_1,movenet,11,0.366211,ok,1,direct,0.422930,10,right_wrist,1,1,2.000000,557.110000,431.240000,2.000000,583.069946,450.146393,32.114958,48.622856,1,0.062000,0.103337
MP_R_DudukBerdiri_1,movenet,11,0.366211,ok,1,direct,0.422930,11,left_hip,1,1,2.000000,614.980000,428.920000,2.000000,659.443054,416.302856,46.218562,48.622856,1,0.107000,0.206307
MP_R_DudukBerdiri_1,movenet,11,0.366211,ok,1,direct,0.422930,12,right_hip,1,1,2.000000,538.270000,433.970000,2.000000,582.315430,420.027374,46.199531,48.622856,1,0.107000,0.206575
MP_R_DudukBerdiri_1,movenet,11,0.366211,ok,1,direct,0.422930,13,left_knee,1,1,2.000000,712.210000,473.100000,2.000000,701.666992,530.726746,58.583247,48.622856,0,0.087000,0.021584
MP_R_DudukBerdiri_1,movenet,11,0.366211,ok,1,direct,0.422930,14,right_knee,1,0,0.000000,573.920000,470.920000,2.000000,594.260498,540.452576,,,,0.087000,
MP_R_DudukBerdiri_1,movenet,11,0.366211,ok,1,direct,0.422930,15,left_ankle,1,1,2.000000,666.770000,602.460000,2.000000,688.831543,638.487854,42.245922,48.622856,1,0.089000,0.148664
MP_R_DudukBerdiri_1,movenet,11,0.366211,ok,1,direct,0.422930,16,right_ankle,1,0,0.000000,570.920000,604.250000,2.000000,543.278320,652.248840,,,,0.089000,
MP_R_DudukBerdiri_1,movenet,12,0.399502,ok,1,direct,0.406729,0,nose,0,0,0.000000,0.000000,0.000000,2.000000,663.163818,228.828751,,,,0.026000,
MP_R_DudukBerdiri_1,movenet,12,0.399502,ok,1,direct,0.406729,1,left_eye,0,0,0.000000,0.000000,0.000000,2.000000,668.163818,219.950882,,,,0.025000,
MP_R_DudukBerdiri_1,movenet,12,0.399502,ok,1,direct,0.406729,2,right_eye,0,0,0.000000,0.000000,0.000000,2.000000,645.610596,219.378555,,,,0.025000,
MP_R_DudukBerdiri_1,movenet,12,0.399502,ok,1,direct,0.406729,3,left_ear,0,0,0.000000,0.000000,0.000000,0.000000,656.668762,225.354797,,,,0.035000,
MP_R_DudukBerdiri_1,movenet,12,0.399502,ok,1,direct,0.406729,4,right_ear,0,0,0.000000,0.000000,0.000000,2.000000,595.410767,223.864349,,,,0.035000,
MP_R_DudukBerdiri_1,movenet,12,0.399502,ok,1,direct,0.406729,5,left_shoulder,1,1,2.000000,641.620000,309.740000,2.000000,674.113525,280.637604,43.620851,48.763619,1,0.079000,0.076971
MP_R_DudukBerdiri_1,movenet,12,0.399502,ok,1,direct,0.406729,6,right_shoulder,1,1,2.000000,529.670000,303.890000,2.000000,542.301392,292.043457,17.317408,48.763619,1,0.079000,0.667540
MP_R_DudukBerdiri_1,movenet,12,0.399502,ok,1,direct,0.406729,7,left_elbow,1,1,2.000000,661.440000,381.650000,2.000000,702.635498,355.084229,49.018459,48.763619,0,0.072000,0.020273
MP_R_DudukBerdiri_1,movenet,12,0.399502,ok,1,direct,0.406729,8,right_elbow,1,1,2.000000,513.710000,392.700000,2.000000,509.681732,375.939087,17.238189,48.763619,1,0.072000,0.617472
MP_R_DudukBerdiri_1,movenet,12,0.399502,ok,1,direct,0.406729,9,left_wrist,1,1,2.000000,705.300000,438.670000,2.000000,708.001038,419.512756,19.346720,48.763619,1,0.062000,0.440884
MP_R_DudukBerdiri_1,movenet,12,0.399502,ok,1,direct,0.406729,10,right_wrist,1,1,2.000000,557.300000,430.030000,2.000000,573.571167,446.235840,22.964758,48.763619,1,0.062000,0.315396
MP_R_DudukBerdiri_1,movenet,12,0.399502,ok,1,direct,0.406729,11,left_hip,1,1,2.000000,616.030000,426.670000,2.000000,660.315491,424.712677,44.328724,48.763619,1,0.107000,0.236081
MP_R_DudukBerdiri_1,movenet,12,0.399502,ok,1,direct,0.406729,12,right_hip,1,1,2.000000,537.930000,433.300000,2.000000,576.169312,428.345001,38.559006,48.763619,1,0.107000,0.335461
MP_R_DudukBerdiri_1,movenet,12,0.399502,ok,1,direct,0.406729,13,left_knee,1,1,2.000000,712.890000,473.100000,2.000000,700.627747,526.893250,55.173151,48.763619,0,0.087000,0.033958
MP_R_DudukBerdiri_1,movenet,12,0.399502,ok,1,direct,0.406729,14,right_knee,1,0,0.000000,573.920000,470.120000,2.000000,591.504761,533.824768,,,,0.087000,
MP_R_DudukBerdiri_1,movenet,12,0.399502,ok,1,direct,0.406729,15,left_ankle,1,1,2.000000,666.770000,602.350000,2.000000,692.406555,621.259583,31.856008,48.763619,1,0.089000,0.340426
MP_R_DudukBerdiri_1,movenet,12,0.399502,ok,1,direct,0.406729,16,right_ankle,1,0,0.000000,570.920000,604.150000,2.000000,545.990417,645.833740,,,,0.089000,
MP_R_DudukBerdiri_1,movenet,13,0.432794,ok,1,direct,0.428198,0,nose,0,0,0.000000,0.000000,0.000000,2.000000,665.418945,228.302856,,,,0.026000,
MP_R_DudukBerdiri_1,movenet,13,0.432794,ok,1,direct,0.428198,1,left_eye,0,0,0.000000,0.000000,0.000000,2.000000,670.048828,219.448532,,,,0.025000,
MP_R_DudukBerdiri_1,movenet,13,0.432794,ok,1,direct,0.428198,2,right_eye,0,0,0.000000,0.000000,0.000000,2.000000,648.282471,218.877197,,,,0.025000,
MP_R_DudukBerdiri_1,movenet,13,0.432794,ok,1,direct,0.428198,3,left_ear,0,0,0.000000,0.000000,0.000000,0.000000,657.799438,225.288132,,,,0.035000,
MP_R_DudukBerdiri_1,movenet,13,0.432794,ok,1,direct,0.428198,4,right_ear,0,0,0.000000,0.000000,0.000000,2.000000,598.063904,223.505661,,,,0.035000,
MP_R_DudukBerdiri_1,movenet,13,0.432794,ok,1,direct,0.428198,5,left_shoulder,1,1,2.000000,642.510000,311.890000,2.000000,678.530151,282.560455,46.450764,48.893696,1,0.079000,0.055444
MP_R_DudukBerdiri_1,movenet,13,0.432794,ok,1,direct,0.428198,6,right_shoulder,1,1,2.000000,530.180000,306.930000,2.000000,548.787659,292.636230,23.463947,48.893696,1,0.079000,0.478056
MP_R_DudukBerdiri_1,movenet,13,0.432794,ok,1,direct,0.428198,7,left_elbow,1,1,2.000000,662.830000,383.800000,2.000000,699.593628,355.474579,46.410062,48.893696,1,0.072000,0.030930
MP_R_DudukBerdiri_1,movenet,13,0.432794,ok,1,direct,0.428198,8,right_elbow,1,1,2.000000,511.180000,392.450000,2.000000,504.815735,374.430237,19.110618,48.893696,1,0.072000,0.554661
MP_R_DudukBerdiri_1,movenet,13,0.432794,ok,1,direct,0.428198,9,left_wrist,1,1,2.000000,706.900000,438.110000,2.000000,705.452515,420.553864,17.615707,48.893696,1,0.062000,0.508969
MP_R_DudukBerdiri_1,movenet,13,0.432794,ok,1,direct,0.428198,10,right_wrist,1,1,2.000000,557.490000,428.820000,2.000000,568.987488,445.502808,20.261004,48.893696,1,0.062000,0.409248
MP_R_DudukBerdiri_1,movenet,13,0.432794,ok,1,direct,0.428198,11,left_hip,1,1,2.000000,617.090000,424.420000,2.000000,662.942871,422.376068,45.898404,48.893696,1,0.107000,0.214509
MP_R_DudukBerdiri_1,movenet,13,0.432794,ok,1,direct,0.428198,12,right_hip,1,1,2.000000,537.590000,432.630000,2.000000,583.491516,427.513123,46.185838,48.893696,1,0.107000,0.210400
MP_R_DudukBerdiri_1,movenet,13,0.432794,ok,1,direct,0.428198,13,left_knee,1,1,2.000000,713.560000,473.100000,2.000000,703.854614,527.468079,55.227552,48.893696,0,0.087000,0.034345
MP_R_DudukBerdiri_1,movenet,13,0.432794,ok,1,direct,0.428198,14,right_knee,1,0,0.000000,573.920000,469.320000,2.000000,589.595398,533.675354,,,,0.087000,
MP_R_DudukBerdiri_1,movenet,13,0.432794,ok,1,direct,0.428198,15,left_ankle,1,1,2.000000,666.770000,602.240000,2.000000,692.005005,623.035034,32.699219,48.893696,1,0.089000,0.323251
MP_R_DudukBerdiri_1,movenet,13,0.432794,ok,1,direct,0.428198,16,right_ankle,1,0,0.000000,570.920000,604.040000,2.000000,547.791382,646.825073,,,,0.089000,
MP_R_DudukBerdiri_1,movenet,14,0.466086,ok,1,direct,0.412363,0,nose,0,0,0.000000,0.000000,0.000000,2.000000,662.664307,230.069931,,,,0.026000,
MP_R_DudukBerdiri_1,movenet,14,0.466086,ok,1,direct,0.412363,1,left_eye,0,0,0.000000,0.000000,0.000000,2.000000,668.377625,220.616714,,,,0.025000,
MP_R_DudukBerdiri_1,movenet,14,0.466086,ok,1,direct,0.412363,2,right_eye,0,0,0.000000,0.000000,0.000000,2.000000,646.153015,219.860092,,,,0.025000,
MP_R_DudukBerdiri_1,movenet,14,0.466086,ok,1,direct,0.412363,3,left_ear,0,0,0.000000,0.000000,0.000000,0.000000,658.937134,226.436783,,,,0.035000,
MP_R_DudukBerdiri_1,movenet,14,0.466086,ok,1,direct,0.412363,4,right_ear,0,0,0.000000,0.000000,0.000000,2.000000,594.918274,223.778946,,,,0.035000,
MP_R_DudukBerdiri_1,movenet,14,0.466086,ok,1,direct,0.412363,5,left_shoulder,1,1,2.000000,643.390000,314.040000,2.000000,673.968201,281.255920,44.831041,49.016395,1,0.079000,0.068514
MP_R_DudukBerdiri_1,movenet,14,0.466086,ok,1,direct,0.412363,6,right_shoulder,1,1,2.000000,530.680000,309.970000,2.000000,549.132629,292.378937,25.494020,49.016395,1,0.079000,0.420252
MP_R_DudukBerdiri_1,movenet,14,0.466086,ok,1,direct,0.412363,7,left_elbow,1,1,2.000000,664.220000,385.950000,2.000000,699.812012,355.401978,46.903870,49.016395,1,0.072000,0.029228
MP_R_DudukBerdiri_1,movenet,14,0.466086,ok,1,direct,0.412363,8,right_elbow,1,1,2.000000,508.650000,392.200000,2.000000,503.484772,374.665619,18.279335,49.016395,1,0.072000,0.584767
MP_R_DudukBerdiri_1,movenet,14,0.466086,ok,1,direct,0.412363,9,left_wrist,1,1,2.000000,708.500000,437.540000,2.000000,692.056824,420.632416,23.584835,49.016395,1,0.062000,0.299823
MP_R_DudukBerdiri_1,movenet,14,0.466086,ok,1,direct,0.412363,10,right_wrist,1,1,2.000000,557.680000,427.610000,2.000000,569.080872,445.039337,20.826946,49.016395,1,0.062000,0.390892
MP_R_DudukBerdiri_1,movenet,14,0.466086,ok,1,direct,0.412363,11,left_hip,1,1,2.000000,618.140000,422.170000,2.000000,659.494324,421.742615,41.356532,49.016395,1,0.107000,0.288355
MP_R_DudukBerdiri_1,movenet,14,0.466086,ok,1,direct,0.412363,12,right_hip,1,1,2.000000,537.250000,431.950000,2.000000,580.696167,426.355835,43.804841,49.016395,1,0.107000,0.247793
MP_R_DudukBerdiri_1,movenet,14,0.466086,ok,1,direct,0.412363,13,left_knee,1,1,2.000000,714.240000,473.100000,2.000000,701.042114,524.946106,53.499560,49.016395,0,0.087000,0.042946
MP_R_DudukBerdiri_1,movenet,14,0.466086,ok,1,direct,0.412363,14,right_knee,1,0,0.000000,573.920000,468.530000,2.000000,587.092163,531.649597,,,,0.087000,
MP_R_DudukBerdiri_1,movenet,14,0.466086,ok,1,direct,0.412363,15,left_ankle,1,1,2.000000,666.770000,602.130000,2.000000,690.285339,620.579834,29.889255,49.016395,1,0.089000,0.391076
MP_R_DudukBerdiri_1,movenet,14,0.466086,ok,1,direct,0.412363,16,right_ankle,1,0,0.000000,570.920000,603.940000,0.000000,543.345459,645.045532,,,,0.089000,
MP_R_DudukBerdiri_1,movenet,15,0.499378,ok,1,direct,0.422522,0,nose,0,0,0.000000,0.000000,0.000000,2.000000,663.580933,229.010864,,,,0.026000,
MP_R_DudukBerdiri_1,movenet,15,0.499378,ok,1,direct,0.422522,1,left_eye,0,0,0.000000,0.000000,0.000000,2.000000,668.811890,219.603012,,,,0.025000,
MP_R_DudukBerdiri_1,movenet,15,0.499378,ok,1,direct,0.422522,2,right_eye,0,0,0.000000,0.000000,0.000000,2.000000,645.695923,218.811630,,,,0.025000,
MP_R_DudukBerdiri_1,movenet,15,0.499378,ok,1,direct,0.422522,3,left_ear,0,0,0.000000,0.000000,0.000000,0.000000,659.533203,224.972702,,,,0.035000,
MP_R_DudukBerdiri_1,movenet,15,0.499378,ok,1,direct,0.422522,4,right_ear,0,0,0.000000,0.000000,0.000000,2.000000,593.537842,223.041916,,,,0.035000,
MP_R_DudukBerdiri_1,movenet,15,0.499378,ok,1,direct,0.422522,5,left_shoulder,1,1,2.000000,644.280000,316.190000,2.000000,674.159912,279.886566,47.018597,49.130229,1,0.079000,0.053127
MP_R_DudukBerdiri_1,movenet,15,0.499378,ok,1,direct,0.422522,6,right_shoulder,1,1,2.000000,531.190000,313.000000,2.000000,551.307373,291.017212,29.798518,49.130229,1,0.079000,0.307625
MP_R_DudukBerdiri_1,movenet,15,0.499378,ok,1,direct,0.422522,7,left_elbow,1,1,2.000000,665.610000,388.100000,2.000000,695.876160,358.636444,42.239100,49.130229,1,0.072000,0.057749
MP_R_DudukBerdiri_1,movenet,15,0.499378,ok,1,direct,0.422522,8,right_elbow,1,1,2.000000,506.120000,391.940000,2.000000,505.002777,372.222168,19.749458,49.130229,1,0.072000,0.536110
MP_R_DudukBerdiri_1,movenet,15,0.499378,ok,1,direct,0.422522,9,left_wrist,1,1,2.000000,710.100000,436.980000,2.000000,692.241577,422.138977,23.220233,49.130229,1,0.062000,0.312796
MP_R_DudukBerdiri_1,movenet,15,0.499378,ok,1,direct,0.422522,10,right_wrist,1,1,2.000000,557.880000,426.400000,2.000000,567.056030,446.391205,21.996541,49.130229,1,0.062000,0.352418
MP_R_DudukBerdiri_1,movenet,15,0.499378,ok,1,direct,0.422522,11,left_hip,1,1,2.000000,619.190000,419.920000,2.000000,655.606995,418.426239,36.447617,49.130229,1,0.107000,0.382358
MP_R_DudukBerdiri_1,movenet,15,0.499378,ok,1,direct,0.422522,12,right_hip,1,1,2.000000,536.920000,431.280000,2.000000,581.878418,420.516296,46.228959,49.130229,1,0.107000,0.212959
MP_R_DudukBerdiri_1,movenet,15,0.499378,ok,1,direct,0.422522,13,left_knee,1,1,2.000000,714.910000,473.100000,2.000000,698.735107,523.514282,52.945510,49.130229,0,0.087000,0.046482
MP_R_DudukBerdiri_1,movenet,15,0.499378,ok,1,direct,0.422522,14,right_knee,1,0,0.000000,573.920000,467.730000,2.000000,589.142700,532.045105,,,,0.087000,
MP_R_DudukBerdiri_1,movenet,15,0.499378,ok,1,direct,0.422522,15,left_ankle,1,1,2.000000,666.770000,602.020000,2.000000,689.540100,621.171265,29.753124,49.130229,1,0.089000,0.396130
MP_R_DudukBerdiri_1,movenet,15,0.499378,ok,1,direct,0.422522,16,right_ankle,1,0,0.000000,570.920000,603.840000,2.000000,532.523132,640.830505,,,,0.089000,
MP_R_DudukBerdiri_1,movenet,16,0.532670,ok,1,direct,0.446647,0,nose,0,0,0.000000,0.000000,0.000000,2.000000,671.496460,225.613602,,,,0.026000,
MP_R_DudukBerdiri_1,movenet,16,0.532670,ok,1,direct,0.446647,1,left_eye,0,0,0.000000,0.000000,0.000000,2.000000,671.870728,216.968109,,,,0.025000,
MP_R_DudukBerdiri_1,movenet,16,0.532670,ok,1,direct,0.446647,2,right_eye,0,0,0.000000,0.000000,0.000000,2.000000,655.613159,215.851395,,,,0.025000,
MP_R_DudukBerdiri_1,movenet,16,0.532670,ok,1,direct,0.446647,3,left_ear,0,0,0.000000,0.000000,0.000000,2.000000,650.170044,220.897507,,,,0.035000,
MP_R_DudukBerdiri_1,movenet,16,0.532670,ok,1,direct,0.446647,4,right_ear,0,0,0.000000,0.000000,0.000000,2.000000,601.240295,219.104156,,,,0.035000,
MP_R_DudukBerdiri_1,movenet,16,0.532670,ok,1,direct,0.446647,5,left_shoulder,1,1,2.000000,648.090000,312.810000,2.000000,678.794678,281.999573,43.497812,49.196600,1,0.079000,0.081660
MP_R_DudukBerdiri_1,movenet,16,0.532670,ok,1,direct,0.446647,6,right_shoulder,1,1,2.000000,535.150000,304.940000,2.000000,555.336792,286.889404,27.080077,49.196600,1,0.079000,0.378716
MP_R_DudukBerdiri_1,movenet,16,0.532670,ok,1,direct,0.446647,7,left_elbow,1,1,2.000000,669.000000,386.830000,2.000000,694.619202,356.266876,39.880422,49.196600,1,0.072000,0.079245
MP_R_DudukBerdiri_1,movenet,16,0.532670,ok,1,direct,0.446647,8,right_elbow,1,1,2.000000,510.770000,385.790000,2.000000,510.215454,368.358826,17.439993,49.196600,1,0.072000,0.615803
MP_R_DudukBerdiri_1,movenet,16,0.532670,ok,1,direct,0.446647,9,left_wrist,1,1,2.000000,711.700000,436.410000,2.000000,694.356384,419.247711,24.399696,49.196600,1,0.062000,0.278090
MP_R_DudukBerdiri_1,movenet,16,0.532670,ok,1,direct,0.446647,10,right_wrist,1,1,2.000000,558.070000,425.190000,2.000000,546.613403,444.268524,22.254071,49.196600,1,0.062000,0.344858
MP_R_DudukBerdiri_1,movenet,16,0.532670,ok,1,direct,0.446647,11,left_hip,1,1,2.000000,620.250000,417.680000,2.000000,657.611694,407.951721,38.607455,49.196600,1,0.107000,0.341022
MP_R_DudukBerdiri_1,movenet,16,0.532670,ok,1,direct,0.446647,12,right_hip,1,1,2.000000,539.290000,424.950000,2.000000,583.998230,409.656738,47.251557,49.196600,1,0.107000,0.199592
MP_R_DudukBerdiri_1,movenet,16,0.532670,ok,1,direct,0.446647,13,left_knee,1,1,2.000000,714.520000,473.640000,2.000000,700.588257,520.348511,48.741958,49.196600,1,0.087000,0.074740
MP_R_DudukBerdiri_1,movenet,16,0.532670,ok,1,direct,0.446647,14,right_knee,1,0,0.000000,573.920000,466.940000,2.000000,608.518311,525.292725,,,,0.087000,
MP_R_DudukBerdiri_1,movenet,16,0.532670,ok,1,direct,0.446647,15,left_ankle,1,1,2.000000,666.770000,601.910000,2.000000,693.680359,619.004639,31.880936,49.196600,1,0.089000,0.346341
MP_R_DudukBerdiri_1,movenet,16,0.532670,ok,1,direct,0.446647,16,right_ankle,1,0,0.000000,570.920000,603.740000,0.000000,543.475220,645.219543,,,,0.089000,
MP_R_DudukBerdiri_1,movenet,17,0.565962,ok,1,direct,0.491473,0,nose,0,0,0.000000,0.000000,0.000000,2.000000,669.584656,223.832367,,,,0.026000,
MP_R_DudukBerdiri_1,movenet,17,0.565962,ok,1,direct,0.491473,1,left_eye,0,0,0.000000,0.000000,0.000000,2.000000,669.269043,214.483536,,,,0.025000,
MP_R_DudukBerdiri_1,movenet,17,0.565962,ok,1,direct,0.491473,2,right_eye,0,0,0.000000,0.000000,0.000000,2.000000,651.313171,213.140152,,,,0.025000,
MP_R_DudukBerdiri_1,movenet,17,0.565962,ok,1,direct,0.491473,3,left_ear,0,0,0.000000,0.000000,0.000000,2.000000,644.687134,217.704407,,,,0.035000,
MP_R_DudukBerdiri_1,movenet,17,0.565962,ok,1,direct,0.491473,4,right_ear,0,0,0.000000,0.000000,0.000000,2.000000,597.833496,216.872223,,,,0.035000,
MP_R_DudukBerdiri_1,movenet,17,0.565962,ok,1,direct,0.491473,5,left_shoulder,1,1,2.000000,651.900000,309.420000,2.000000,680.920166,275.384644,44.727794,49.229906,1,0.079000,0.070985
MP_R_DudukBerdiri_1,movenet,17,0.565962,ok,1,direct,0.491473,6,right_shoulder,1,1,2.000000,539.120000,296.870000,2.000000,556.960205,277.065033,26.655387,49.229906,1,0.079000,0.390831
MP_R_DudukBerdiri_1,movenet,17,0.565962,ok,1,direct,0.491473,7,left_elbow,1,1,2.000000,672.390000,385.560000,2.000000,699.672546,355.333679,40.718151,49.229906,1,0.072000,0.071414
MP_R_DudukBerdiri_1,movenet,17,0.565962,ok,1,direct,0.491473,8,right_elbow,1,1,2.000000,515.420000,379.640000,2.000000,518.332581,364.931030,14.994563,49.229906,1,0.072000,0.699136
MP_R_DudukBerdiri_1,movenet,17,0.565962,ok,1,direct,0.491473,9,left_wrist,1,1,2.000000,713.300000,435.850000,2.000000,693.074890,416.970642,27.667404,49.229906,1,0.062000,0.193335
MP_R_DudukBerdiri_1,movenet,17,0.565962,ok,1,direct,0.491473,10,right_wrist,1,1,2.000000,558.260000,423.980000,2.000000,556.112915,441.715851,17.865340,49.229906,1,0.062000,0.503994
MP_R_DudukBerdiri_1,movenet,17,0.565962,ok,1,direct,0.491473,11,left_hip,1,1,2.000000,621.300000,415.430000,2.000000,656.588074,396.496582,40.046504,49.229906,1,0.107000,0.314763
MP_R_DudukBerdiri_1,movenet,17,0.565962,ok,1,direct,0.491473,12,right_hip,1,1,2.000000,541.660000,418.620000,2.000000,576.991150,396.495392,41.686790,49.229906,1,0.107000,0.285770
MP_R_DudukBerdiri_1,movenet,17,0.565962,ok,1,direct,0.491473,13,left_knee,1,1,2.000000,714.120000,474.170000,2.000000,695.229370,514.779968,44.788675,49.229906,1,0.087000,0.112241
MP_R_DudukBerdiri_1,movenet,17,0.565962,ok,1,direct,0.491473,14,right_knee,1,0,0.000000,573.920000,466.140000,2.000000,595.055054,526.523926,,,,0.087000,
MP_R_DudukBerdiri_1,movenet,17,0.565962,ok,1,direct,0.491473,15,left_ankle,1,1,2.000000,666.770000,601.800000,2.000000,696.865967,620.508301,35.436813,49.229906,1,0.089000,0.270284
MP_R_DudukBerdiri_1,movenet,17,0.565962,ok,1,direct,0.491473,16,right_ankle,1,0,0.000000,570.920000,603.640000,2.000000,549.901672,640.872498,,,,0.089000,
MP_R_DudukBerdiri_1,movenet,18,0.599254,ok,1,direct,0.472692,0,nose,0,0,0.000000,0.000000,0.000000,2.000000,674.486755,216.472092,,,,0.026000,
MP_R_DudukBerdiri_1,movenet,18,0.599254,ok,1,direct,0.472692,1,left_eye,0,0,0.000000,0.000000,0.000000,2.000000,670.746765,206.979523,,,,0.025000,
MP_R_DudukBerdiri_1,movenet,18,0.599254,ok,1,direct,0.472692,2,right_eye,0,0,0.000000,0.000000,0.000000,2.000000,656.875732,205.833649,,,,0.025000,
MP_R_DudukBerdiri_1,movenet,18,0.599254,ok,1,direct,0.472692,3,left_ear,0,0,0.000000,0.000000,0.000000,2.000000,643.996094,210.888748,,,,0.035000,
MP_R_DudukBerdiri_1,movenet,18,0.599254,ok,1,direct,0.472692,4,right_ear,0,0,0.000000,0.000000,0.000000,2.000000,604.287598,211.000366,,,,0.035000,
MP_R_DudukBerdiri_1,movenet,18,0.599254,ok,1,direct,0.472692,5,left_shoulder,1,1,2.000000,655.710000,306.030000,2.000000,677.818665,272.710052,39.987647,49.380781,1,0.079000,0.122283
MP_R_DudukBerdiri_1,movenet,18,0.599254,ok,1,direct,0.472692,6,right_shoulder,1,1,2.000000,543.080000,288.810000,2.000000,560.458618,272.191193,24.045813,49.380781,1,0.079000,0.467728
MP_R_DudukBerdiri_1,movenet,18,0.599254,ok,1,direct,0.472692,7,left_elbow,1,1,2.000000,675.770000,384.290000,2.000000,694.521423,350.188873,38.916612,49.380781,1,0.072000,0.091065
MP_R_DudukBerdiri_1,movenet,18,0.599254,ok,1,direct,0.472692,8,right_elbow,1,1,2.000000,520.060000,373.490000,2.000000,529.165100,359.704681,16.520831,49.380781,1,0.072000,0.649320
MP_R_DudukBerdiri_1,movenet,18,0.599254,ok,1,direct,0.472692,9,left_wrist,1,1,2.000000,714.900000,435.280000,2.000000,691.052307,408.432465,35.909645,49.380781,1,0.062000,0.063839
MP_R_DudukBerdiri_1,movenet,18,0.599254,ok,1,direct,0.472692,10,right_wrist,1,1,2.000000,558.450000,422.770000,2.000000,545.902954,437.145538,19.080997,49.380781,1,0.062000,0.459856
MP_R_DudukBerdiri_1,movenet,18,0.599254,ok,1,direct,0.472692,11,left_hip,1,1,2.000000,622.360000,413.180000,2.000000,652.765564,397.228882,34.335645,49.380781,1,0.107000,0.429741
MP_R_DudukBerdiri_1,movenet,18,0.599254,ok,1,direct,0.472692,12,right_hip,1,1,2.000000,544.030000,412.300000,2.000000,584.008972,395.128967,43.510488,49.380781,1,0.107000,0.257629
MP_R_DudukBerdiri_1,movenet,18,0.599254,ok,1,direct,0.472692,13,left_knee,1,1,2.000000,713.730000,474.700000,2.000000,694.927002,514.537292,44.051817,49.380781,1,0.087000,0.122111
MP_R_DudukBerdiri_1,movenet,18,0.599254,ok,1,direct,0.472692,14,right_knee,1,0,0.000000,573.920000,465.340000,2.000000,602.515625,523.837036,,,,0.087000,
MP_R_DudukBerdiri_1,movenet,18,0.599254,ok,1,direct,0.472692,15,left_ankle,1,1,2.000000,666.770000,601.690000,2.000000,700.204224,617.908142,37.160132,49.380781,1,0.089000,0.239346
MP_R_DudukBerdiri_1,movenet,18,0.599254,ok,1,direct,0.472692,16,right_ankle,1,0,0.000000,570.920000,603.540000,2.000000,549.901306,641.131287,,,,0.089000,
MP_R_DudukBerdiri_1,movenet,19,0.632545,ok,1,direct,0.480455,0,nose,0,0,0.000000,0.000000,0.000000,2.000000,673.071533,205.523026,,,,0.026000,
MP_R_DudukBerdiri_1,movenet,19,0.632545,ok,1,direct,0.480455,1,left_eye,0,0,0.000000,0.000000,0.000000,2.000000,668.065308,195.592407,,,,0.025000,
MP_R_DudukBerdiri_1,movenet,19,0.632545,ok,1,direct,0.480455,2,right_eye,0,0,0.000000,0.000000,0.000000,2.000000,656.300537,194.705078,,,,0.025000,
MP_R_DudukBerdiri_1,movenet,19,0.632545,ok,1,direct,0.480455,3,left_ear,0,0,0.000000,0.000000,0.000000,2.000000,639.521484,201.764145,,,,0.035000,
MP_R_DudukBerdiri_1,movenet,19,0.632545,ok,1,direct,0.480455,4,right_ear,0,0,0.000000,0.000000,0.000000,2.000000,601.789673,201.205826,,,,0.035000,
MP_R_DudukBerdiri_1,movenet,19,0.632545,ok,1,direct,0.480455,5,left_shoulder,1,1,2.000000,659.520000,302.640000,2.000000,679.395264,271.646179,36.819058,49.611283,1,0.079000,0.171176
MP_R_DudukBerdiri_1,movenet,19,0.632545,ok,1,direct,0.480455,6,right_shoulder,1,1,2.000000,547.050000,280.750000,2.000000,559.464783,267.885529,17.877960,49.611283,1,0.079000,0.659581
MP_R_DudukBerdiri_1,movenet,19,0.632545,ok,1,direct,0.480455,7,left_elbow,1,1,2.000000,679.160000,383.020000,2.000000,687.451172,350.962982,33.111870,49.611283,1,0.072000,0.179319
MP_R_DudukBerdiri_1,movenet,19,0.632545,ok,1,direct,0.480455,8,right_elbow,1,1,2.000000,524.710000,367.340000,2.000000,534.015320,361.160736,11.170151,49.611283,1,0.072000,0.822358
MP_R_DudukBerdiri_1,movenet,19,0.632545,ok,1,direct,0.480455,9,left_wrist,1,1,2.000000,716.500000,434.720000,2.000000,689.677856,413.303162,34.323583,49.611283,1,0.062000,0.082876
MP_R_DudukBerdiri_1,movenet,19,0.632545,ok,1,direct,0.480455,10,right_wrist,1,1,2.000000,558.650000,421.560000,2.000000,559.847351,440.892029,19.369073,49.611283,1,0.062000,0.452460
MP_R_DudukBerdiri_1,movenet,19,0.632545,ok,1,direct,0.480455,11,left_hip,1,1,2.000000,623.410000,410.930000,2.000000,657.333252,394.561310,37.665914,49.611283,1,0.107000,0.365339
MP_R_DudukBerdiri_1,movenet,19,0.632545,ok,1,direct,0.480455,12,right_hip,1,1,2.000000,546.410000,405.970000,2.000000,580.076843,392.874512,36.124066,49.611283,1,0.107000,0.396064
MP_R_DudukBerdiri_1,movenet,19,0.632545,ok,1,direct,0.480455,13,left_knee,1,1,2.000000,713.330000,475.230000,2.000000,688.392029,515.625183,47.472868,49.611283,1,0.087000,0.088968
MP_R_DudukBerdiri_1,movenet,19,0.632545,ok,1,direct,0.480455,14,right_knee,1,0,0.000000,573.920000,464.550000,2.000000,608.579590,518.889160,,,,0.087000,
MP_R_DudukBerdiri_1,movenet,19,0.632545,ok,1,direct,0.480455,15,left_ankle,1,1,2.000000,666.770000,601.580000,2.000000,694.840637,621.602051,34.479605,49.611283,1,0.089000,0.295351
MP_R_DudukBerdiri_1,movenet,19,0.632545,ok,1,direct,0.480455,16,right_ankle,1,0,0.000000,570.920000,603.440000,2.000000,544.754089,643.025879,,,,0.089000,
MP_R_DudukBerdiri_1,movenet,20,0.665837,ok,1,direct,0.490563,0,nose,0,0,0.000000,0.000000,0.000000,2.000000,670.524353,197.253647,,,,0.026000,
MP_R_DudukBerdiri_1,movenet,20,0.665837,ok,1,direct,0.490563,1,left_eye,0,0,0.000000,0.000000,0.000000,2.000000,669.056885,184.789551,,,,0.025000,
MP_R_DudukBerdiri_1,movenet,20,0.665837,ok,1,direct,0.490563,2,right_eye,0,0,0.000000,0.000000,0.000000,2.000000,653.148132,185.067917,,,,0.025000,
MP_R_DudukBerdiri_1,movenet,20,0.665837,ok,1,direct,0.490563,3,left_ear,0,0,0.000000,0.000000,0.000000,2.000000,645.775146,190.509964,,,,0.035000,
MP_R_DudukBerdiri_1,movenet,20,0.665837,ok,1,direct,0.490563,4,right_ear,0,0,0.000000,0.000000,0.000000,2.000000,600.610413,191.147736,,,,0.035000,
MP_R_DudukBerdiri_1,movenet,20,0.665837,ok,1,direct,0.490563,5,left_shoulder,1,1,2.000000,661.740000,288.330000,2.000000,670.303650,259.444550,30.128149,49.483566,1,0.079000,0.304845
MP_R_DudukBerdiri_1,movenet,20,0.665837,ok,1,direct,0.490563,6,right_shoulder,1,1,2.000000,547.050000,269.840000,2.000000,564.164368,257.059814,21.359652,49.483566,1,0.079000,0.550409
MP_R_DudukBerdiri_1,movenet,20,0.665837,ok,1,direct,0.490563,7,left_elbow,1,1,2.000000,678.840000,372.050000,2.000000,657.498657,351.423920,29.679759,49.483566,1,0.072000,0.249594
MP_R_DudukBerdiri_1,movenet,20,0.665837,ok,1,direct,0.490563,8,right_elbow,1,1,2.000000,528.350000,358.400000,2.000000,545.649292,358.611572,17.300586,49.483566,1,0.072000,0.624009
MP_R_DudukBerdiri_1,movenet,20,0.665837,ok,1,direct,0.490563,9,left_wrist,1,1,2.000000,710.170000,430.450000,2.000000,672.683350,409.665588,42.863046,49.483566,1,0.062000,0.020165
MP_R_DudukBerdiri_1,movenet,20,0.665837,ok,1,direct,0.490563,10,right_wrist,1,1,2.000000,558.840000,420.350000,2.000000,582.102722,441.815796,31.653351,49.483566,1,0.062000,0.118963
MP_R_DudukBerdiri_1,movenet,20,0.665837,ok,1,direct,0.490563,11,left_hip,1,1,2.000000,623.570000,403.690000,2.000000,657.567017,393.545685,35.478222,49.483566,1,0.107000,0.407394
MP_R_DudukBerdiri_1,movenet,20,0.665837,ok,1,direct,0.490563,12,right_hip,1,1,2.000000,547.670000,398.580000,2.000000,591.070312,393.785706,43.664315,49.483566,1,0.107000,0.256617
MP_R_DudukBerdiri_1,movenet,20,0.665837,ok,1,direct,0.490563,13,left_knee,1,1,2.000000,712.940000,475.770000,2.000000,684.592346,515.132690,48.507843,49.483566,1,0.087000,0.078931
MP_R_DudukBerdiri_1,movenet,20,0.665837,ok,1,direct,0.490563,14,right_knee,1,0,0.000000,573.920000,463.750000,2.000000,631.484680,518.621704,,,,0.087000,
MP_R_DudukBerdiri_1,movenet,20,0.665837,ok,1,direct,0.490563,15,left_ankle,1,1,2.000000,666.770000,601.470000,2.000000,693.237000,622.842590,34.018961,49.483566,1,0.089000,0.303202
MP_R_DudukBerdiri_1,movenet,20,0.665837,ok,1,direct,0.490563,16,right_ankle,1,0,0.000000,570.920000,603.340000,2.000000,548.005249,645.221985,,,,0.089000,
MP_R_DudukBerdiri_1,movenet,21,0.699129,ok,1,direct,0.401969,0,nose,0,0,0.000000,0.000000,0.000000,2.000000,665.414368,182.274124,,,,0.026000,
MP_R_DudukBerdiri_1,movenet,21,0.699129,ok,1,direct,0.401969,1,left_eye,0,0,0.000000,0.000000,0.000000,2.000000,663.180664,169.843903,,,,0.025000,
MP_R_DudukBerdiri_1,movenet,21,0.699129,ok,1,direct,0.401969,2,right_eye,0,0,0.000000,0.000000,0.000000,2.000000,647.063965,169.164734,,,,0.025000,
MP_R_DudukBerdiri_1,movenet,21,0.699129,ok,1,direct,0.401969,3,left_ear,0,0,0.000000,0.000000,0.000000,2.000000,636.927246,176.598190,,,,0.035000,
MP_R_DudukBerdiri_1,movenet,21,0.699129,ok,1,direct,0.401969,4,right_ear,0,0,0.000000,0.000000,0.000000,2.000000,596.218262,176.910919,,,,0.035000,
MP_R_DudukBerdiri_1,movenet,21,0.699129,ok,1,direct,0.401969,5,left_shoulder,1,1,2.000000,663.950000,274.010000,2.000000,637.756409,240.333420,42.663993,49.728837,1,0.079000,0.094538
MP_R_DudukBerdiri_1,movenet,21,0.699129,ok,1,direct,0.401969,6,right_shoulder,1,1,2.000000,547.050000,258.940000,2.000000,568.015991,239.518311,28.579272,49.728837,1,0.079000,0.347001
MP_R_DudukBerdiri_1,movenet,21,0.699129,ok,1,direct,0.401969,7,left_elbow,1,1,2.000000,678.530000,361.080000,2.000000,651.834045,314.952576,53.295528,49.728837,0,0.072000,0.011899
MP_R_DudukBerdiri_1,movenet,21,0.699129,ok,1,direct,0.401969,8,right_elbow,1,1,2.000000,531.990000,349.460000,2.000000,561.049133,332.068756,33.865744,49.728837,1,0.072000,0.167086
MP_R_DudukBerdiri_1,movenet,21,0.699129,ok,1,direct,0.401969,9,left_wrist,1,1,2.000000,703.850000,426.180000,2.000000,687.262573,354.114258,73.950077,49.728837,0,0.062000,0.000010
MP_R_DudukBerdiri_1,movenet,21,0.699129,ok,1,direct,0.401969,10,right_wrist,1,1,2.000000,559.030000,419.140000,0.000000,653.516113,339.921387,,49.728837,0,0.062000,0.000000
MP_R_DudukBerdiri_1,movenet,21,0.699129,ok,1,direct,0.401969,11,left_hip,1,1,2.000000,623.730000,396.450000,2.000000,646.851868,406.575195,25.241639,49.728837,1,0.107000,0.637583
MP_R_DudukBerdiri_1,movenet,21,0.699129,ok,1,direct,0.401969,12,right_hip,1,1,2.000000,548.940000,391.180000,2.000000,598.593628,409.594727,52.958332,49.728837,0,0.107000,0.137912
MP_R_DudukBerdiri_1,movenet,21,0.699129,ok,1,direct,0.401969,13,left_knee,1,1,2.000000,712.540000,476.300000,2.000000,677.197388,508.755432,47.983907,49.728837,1,0.087000,0.085420
MP_R_DudukBerdiri_1,movenet,21,0.699129,ok,1,direct,0.401969,14,right_knee,1,0,0.000000,573.920000,462.960000,2.000000,643.336182,515.881897,,,,0.087000,
MP_R_DudukBerdiri_1,movenet,21,0.699129,ok,1,direct,0.401969,15,left_ankle,1,1,2.000000,666.770000,601.360000,2.000000,695.516235,612.786377,30.933932,49.728837,1,0.089000,0.376431
MP_R_DudukBerdiri_1,movenet,21,0.699129,ok,1,direct,0.401969,16,right_ankle,1,0,0.000000,570.920000,603.230000,0.000000,622.961487,610.037781,,,,0.089000,
MP_R_DudukBerdiri_1,movenet,22,0.732421,ok,1,direct,0.358713,0,nose,0,0,0.000000,0.000000,0.000000,2.000000,642.241333,181.631363,,,,0.026000,
MP_R_DudukBerdiri_1,movenet,22,0.732421,ok,1,direct,0.358713,1,left_eye,0,0,0.000000,0.000000,0.000000,2.000000,648.219604,170.471161,,,,0.025000,
MP_R_DudukBerdiri_1,movenet,22,0.732421,ok,1,direct,0.358713,2,right_eye,0,0,0.000000,0.000000,0.000000,2.000000,622.662476,169.599640,,,,0.025000,
MP_R_DudukBerdiri_1,movenet,22,0.732421,ok,1,direct,0.358713,3,left_ear,0,0,0.000000,0.000000,0.000000,2.000000,649.001587,173.267273,,,,0.035000,
MP_R_DudukBerdiri_1,movenet,22,0.732421,ok,1,direct,0.358713,4,right_ear,0,0,0.000000,0.000000,0.000000,2.000000,586.151978,173.405914,,,,0.035000,
MP_R_DudukBerdiri_1,movenet,22,0.732421,ok,1,direct,0.358713,5,left_shoulder,1,1,2.000000,666.160000,259.690000,2.000000,651.368042,230.815933,32.442468,49.939415,1,0.079000,0.258610
MP_R_DudukBerdiri_1,movenet,22,0.732421,ok,1,direct,0.358713,6,right_shoulder,1,1,2.000000,547.050000,248.040000,2.000000,551.056824,240.855850,8.225974,49.939415,1,0.079000,0.916724
MP_R_DudukBerdiri_1,movenet,22,0.732421,ok,1,direct,0.358713,7,left_elbow,1,1,2.000000,678.210000,350.110000,2.000000,672.230774,295.424652,55.011257,49.939415,0,0.072000,0.009265
MP_R_DudukBerdiri_1,movenet,22,0.732421,ok,1,direct,0.358713,8,right_elbow,1,1,2.000000,535.620000,340.520000,2.000000,566.868103,317.748352,38.665125,49.939415,1,0.072000,0.098995
MP_R_DudukBerdiri_1,movenet,22,0.732421,ok,1,direct,0.358713,9,left_wrist,1,1,2.000000,697.520000,421.920000,2.000000,679.941101,329.478424,94.098154,49.939415,0,0.062000,0.000000
MP_R_DudukBerdiri_1,movenet,22,0.732421,ok,1,direct,0.358713,10,right_wrist,1,1,2.000000,559.220000,417.930000,0.000000,604.669128,322.628326,,49.939415,0,0.062000,0.000000
MP_R_DudukBerdiri_1,movenet,22,0.732421,ok,1,direct,0.358713,11,left_hip,1,1,2.000000,623.890000,389.220000,2.000000,639.789673,387.009033,16.052662,49.939415,1,0.107000,0.834855
MP_R_DudukBerdiri_1,movenet,22,0.732421,ok,1,direct,0.358713,12,right_hip,1,1,2.000000,550.200000,383.790000,2.000000,591.831299,389.242249,41.986808,49.939415,1,0.107000,0.290889
MP_R_DudukBerdiri_1,movenet,22,0.732421,ok,1,direct,0.358713,13,left_knee,1,1,2.000000,712.140000,476.830000,2.000000,661.211670,495.083435,54.100672,49.939415,0,0.087000,0.045002
MP_R_DudukBerdiri_1,movenet,22,0.732421,ok,1,direct,0.358713,14,right_knee,1,0,0.000000,573.920000,462.160000,2.000000,628.442871,498.065491,,,,0.087000,
MP_R_DudukBerdiri_1,movenet,22,0.732421,ok,1,direct,0.358713,15,left_ankle,1,1,2.000000,666.770000,601.250000,2.000000,694.901672,609.337463,29.271113,49.939415,1,0.089000,0.420024
MP_R_DudukBerdiri_1,movenet,22,0.732421,ok,1,direct,0.358713,16,right_ankle,1,0,0.000000,570.920000,603.130000,0.000000,603.094849,567.873840,,,,0.089000,
MP_R_DudukBerdiri_1,movenet,23,0.765713,ok,1,direct,0.381979,0,nose,0,0,0.000000,0.000000,0.000000,2.000000,636.826416,159.638824,,,,0.026000,
MP_R_DudukBerdiri_1,movenet,23,0.765713,ok,1,direct,0.381979,1,left_eye,0,0,0.000000,0.000000,0.000000,2.000000,646.281494,148.771759,,,,0.025000,
MP_R_DudukBerdiri_1,movenet,23,0.765713,ok,1,direct,0.381979,2,right_eye,0,0,0.000000,0.000000,0.000000,2.000000,616.883484,150.166168,,,,0.025000,
MP_R_DudukBerdiri_1,movenet,23,0.765713,ok,1,direct,0.381979,3,left_ear,0,0,0.000000,0.000000,0.000000,2.000000,650.021240,152.569611,,,,0.035000,
MP_R_DudukBerdiri_1,movenet,23,0.765713,ok,1,direct,0.381979,4,right_ear,0,0,0.000000,0.000000,0.000000,2.000000,580.003784,155.239944,,,,0.035000,
MP_R_DudukBerdiri_1,movenet,23,0.765713,ok,1,direct,0.381979,5,left_shoulder,1,1,2.000000,668.380000,245.380000,2.000000,663.652893,206.672913,38.994668,50.114413,1,0.079000,0.143666
MP_R_DudukBerdiri_1,movenet,23,0.765713,ok,1,direct,0.381979,6,right_shoulder,1,1,2.000000,547.040000,237.140000,2.000000,557.642334,221.280533,19.077007,50.114413,1,0.079000,0.628526
MP_R_DudukBerdiri_1,movenet,23,0.765713,ok,1,direct,0.381979,7,left_elbow,1,1,2.000000,677.890000,339.140000,2.000000,667.669800,283.289703,56.777708,50.114413,0,0.072000,0.007068
MP_R_DudukBerdiri_1,movenet,23,0.765713,ok,1,direct,0.381979,8,right_elbow,1,1,2.000000,539.260000,331.580000,2.000000,575.288330,296.213623,50.485851,50.114413,0,0.072000,0.019932
MP_R_DudukBerdiri_1,movenet,23,0.765713,ok,1,direct,0.381979,9,left_wrist,1,1,2.000000,691.190000,417.650000,2.000000,694.207153,326.305542,91.394273,50.114413,0,0.062000,0.000000
MP_R_DudukBerdiri_1,movenet,23,0.765713,ok,1,direct,0.381979,10,right_wrist,1,1,2.000000,559.420000,416.720000,0.000000,632.099304,290.515472,,50.114413,0,0.062000,0.000000
MP_R_DudukBerdiri_1,movenet,23,0.765713,ok,1,direct,0.381979,11,left_hip,1,1,2.000000,624.040000,381.980000,2.000000,653.343506,379.149841,29.439858,50.114413,1,0.107000,0.547250
MP_R_DudukBerdiri_1,movenet,23,0.765713,ok,1,direct,0.381979,12,right_hip,1,1,2.000000,551.470000,376.390000,2.000000,604.870056,386.388214,54.327988,50.114413,0,0.107000,0.128352
MP_R_DudukBerdiri_1,movenet,23,0.765713,ok,1,direct,0.381979,13,left_knee,1,1,2.000000,711.750000,477.370000,2.000000,677.277954,494.413727,38.455306,50.114413,1,0.087000,0.211002
MP_R_DudukBerdiri_1,movenet,23,0.765713,ok,1,direct,0.381979,14,right_knee,1,0,0.000000,573.920000,461.360000,2.000000,624.009521,492.637085,,,,0.087000,
MP_R_DudukBerdiri_1,movenet,23,0.765713,ok,1,direct,0.381979,15,left_ankle,1,1,2.000000,666.770000,601.140000,0.000000,692.082825,580.719360,,50.114413,0,0.089000,0.000000
MP_R_DudukBerdiri_1,movenet,23,0.765713,ok,1,direct,0.381979,16,right_ankle,1,0,0.000000,570.920000,603.030000,0.000000,601.551392,579.017395,,,,0.089000,
MP_R_DudukBerdiri_1,movenet,24,0.799005,ok,1,direct,0.417300,0,nose,0,0,0.000000,0.000000,0.000000,2.000000,634.500977,147.607773,,,,0.026000,
MP_R_DudukBerdiri_1,movenet,24,0.799005,ok,1,direct,0.417300,1,left_eye,0,0,0.000000,0.000000,0.000000,2.000000,646.828369,137.411453,,,,0.025000,
MP_R_DudukBerdiri_1,movenet,24,0.799005,ok,1,direct,0.417300,2,right_eye,0,0,0.000000,0.000000,0.000000,2.000000,615.497559,138.165192,,,,0.025000,
MP_R_DudukBerdiri_1,movenet,24,0.799005,ok,1,direct,0.417300,3,left_ear,0,0,0.000000,0.000000,0.000000,2.000000,655.750610,140.979324,,,,0.035000,
MP_R_DudukBerdiri_1,movenet,24,0.799005,ok,1,direct,0.417300,4,right_ear,0,0,0.000000,0.000000,0.000000,2.000000,583.678223,144.478058,,,,0.035000,
MP_R_DudukBerdiri_1,movenet,24,0.799005,ok,1,direct,0.417300,5,left_shoulder,1,1,2.000000,668.380000,234.200000,2.000000,669.595459,192.624405,41.593358,50.070616,1,0.079000,0.109552
MP_R_DudukBerdiri_1,movenet,24,0.799005,ok,1,direct,0.417300,6,right_shoulder,1,1,2.000000,548.630000,227.620000,2.000000,561.942017,209.603226,22.401204,50.070616,1,0.079000,0.526536
MP_R_DudukBerdiri_1,movenet,24,0.799005,ok,1,direct,0.417300,7,left_elbow,1,1,2.000000,678.690000,329.810000,2.000000,675.060181,275.859741,54.072230,50.070616,0,0.072000,0.011116
MP_R_DudukBerdiri_1,movenet,24,0.799005,ok,1,direct,0.417300,8,right_elbow,1,1,2.000000,540.520000,323.610000,2.000000,567.308289,295.936157,38.515633,50.070616,1,0.072000,0.101995
MP_R_DudukBerdiri_1,movenet,24,0.799005,ok,1,direct,0.417300,9,left_wrist,1,1,2.000000,688.350000,408.910000,2.000000,698.097473,331.849976,77.674066,50.070616,0,0.062000,0.000004
MP_R_DudukBerdiri_1,movenet,24,0.799005,ok,1,direct,0.417300,10,right_wrist,1,1,2.000000,564.640000,409.220000,0.000000,627.434448,341.204315,,50.070616,0,0.062000,0.000000
MP_R_DudukBerdiri_1,movenet,24,0.799005,ok,1,direct,0.417300,11,left_hip,1,1,2.000000,622.940000,374.710000,2.000000,653.565369,374.917877,30.626074,50.070616,1,0.107000,0.520195
MP_R_DudukBerdiri_1,movenet,24,0.799005,ok,1,direct,0.417300,12,right_hip,1,1,2.000000,554.820000,369.630000,2.000000,595.194336,378.759155,41.393580,50.070616,1,0.107000,0.303042
MP_R_DudukBerdiri_1,movenet,24,0.799005,ok,1,direct,0.417300,13,left_knee,1,1,2.000000,708.590000,473.570000,2.000000,679.847351,488.611908,32.440698,50.070616,1,0.087000,0.329826
MP_R_DudukBerdiri_1,movenet,24,0.799005,ok,1,direct,0.417300,14,right_knee,1,0,0.000000,574.870000,460.880000,2.000000,623.079712,488.314270,,,,0.087000,
MP_R_DudukBerdiri_1,movenet,24,0.799005,ok,1,direct,0.417300,15,left_ankle,1,1,2.000000,666.770000,600.540000,0.000000,683.721985,559.776794,,50.070616,0,0.089000,0.000000
MP_R_DudukBerdiri_1,movenet,24,0.799005,ok,1,direct,0.417300,16,right_ankle,1,0,0.000000,570.920000,602.490000,0.000000,629.854858,557.865051,,,,0.089000,
MP_R_DudukBerdiri_1,movenet,25,0.832297,ok,1,direct,0.403400,0,nose,0,0,0.000000,0.000000,0.000000,2.000000,629.435303,136.522614,,,,0.026000,
MP_R_DudukBerdiri_1,movenet,25,0.832297,ok,1,direct,0.403400,1,left_eye,0,0,0.000000,0.000000,0.000000,2.000000,644.728149,125.762215,,,,0.025000,
MP_R_DudukBerdiri_1,movenet,25,0.832297,ok,1,direct,0.403400,2,right_eye,0,0,0.000000,0.000000,0.000000,2.000000,613.861267,126.048912,,,,0.025000,
MP_R_DudukBerdiri_1,movenet,25,0.832297,ok,1,direct,0.403400,3,left_ear,0,0,0.000000,0.000000,0.000000,2.000000,658.675232,128.138016,,,,0.035000,
MP_R_DudukBerdiri_1,movenet,25,0.832297,ok,1,direct,0.403400,4,right_ear,0,0,0.000000,0.000000,0.000000,2.000000,584.378784,131.440582,,,,0.035000,
MP_R_DudukBerdiri_1,movenet,25,0.832297,ok,1,direct,0.403400,5,left_shoulder,1,1,2.000000,668.380000,223.030000,2.000000,681.434631,184.345001,40.828330,49.992191,1,0.079000,0.117956
MP_R_DudukBerdiri_1,movenet,25,0.832297,ok,1,direct,0.403400,6,right_shoulder,1,1,2.000000,550.210000,218.110000,2.000000,561.217285,196.004868,24.694072,49.992191,1,0.079000,0.457531
MP_R_DudukBerdiri_1,movenet,25,0.832297,ok,1,direct,0.403400,7,left_elbow,1,1,2.000000,679.480000,320.470000,2.000000,674.924622,270.248230,50.427945,49.992191,0,0.072000,0.019731
MP_R_DudukBerdiri_1,movenet,25,0.832297,ok,1,direct,0.403400,8,right_elbow,1,1,2.000000,541.790000,315.630000,2.000000,568.047546,285.762024,39.768766,49.992191,1,0.072000,0.087036
MP_R_DudukBerdiri_1,movenet,25,0.832297,ok,1,direct,0.403400,9,left_wrist,1,1,2.000000,685.500000,400.170000,2.000000,704.758606,327.950531,74.743198,49.992191,0,0.062000,0.000009
MP_R_DudukBerdiri_1,movenet,25,0.832297,ok,1,direct,0.403400,10,right_wrist,1,1,2.000000,569.850000,401.720000,0.000000,613.769775,330.012451,,49.992191,0,0.062000,0.000000
MP_R_DudukBerdiri_1,movenet,25,0.832297,ok,1,direct,0.403400,11,left_hip,1,1,2.000000,621.830000,367.440000,2.000000,655.946594,361.776489,34.583484,49.992191,1,0.107000,0.433450
MP_R_DudukBerdiri_1,movenet,25,0.832297,ok,1,direct,0.403400,12,right_hip,1,1,2.000000,558.180000,362.880000,2.000000,594.575012,367.516449,36.689148,49.992191,1,0.107000,0.390285
MP_R_DudukBerdiri_1,movenet,25,0.832297,ok,1,direct,0.403400,13,left_knee,1,1,2.000000,705.420000,469.770000,2.000000,666.689575,468.171265,38.763407,49.992191,1,0.087000,0.204199
MP_R_DudukBerdiri_1,movenet,25,0.832297,ok,1,direct,0.403400,14,right_knee,1,0,0.000000,575.820000,460.400000,2.000000,620.636658,474.715454,,,,0.087000,
MP_R_DudukBerdiri_1,movenet,25,0.832297,ok,1,direct,0.403400,15,left_ankle,1,1,2.000000,666.770000,599.950000,0.000000,682.615417,555.147156,,49.992191,0,0.089000,0.000000
MP_R_DudukBerdiri_1,movenet,25,0.832297,ok,1,direct,0.403400,16,right_ankle,1,0,0.000000,570.920000,601.960000,0.000000,631.631714,554.655884,,,,0.089000,
MP_R_DudukBerdiri_1,movenet,26,0.865588,ok,1,direct,0.390663,0,nose,0,0,0.000000,0.000000,0.000000,2.000000,628.097778,124.794052,,,,0.026000,
MP_R_DudukBerdiri_1,movenet,26,0.865588,ok,1,direct,0.390663,1,left_eye,0,0,0.000000,0.000000,0.000000,2.000000,643.547729,113.918633,,,,0.025000,
MP_R_DudukBerdiri_1,movenet,26,0.865588,ok,1,direct,0.390663,2,right_eye,0,0,0.000000,0.000000,0.000000,2.000000,611.496582,113.812126,,,,0.025000,
MP_R_DudukBerdiri_1,movenet,26,0.865588,ok,1,direct,0.390663,3,left_ear,0,0,0.000000,0.000000,0.000000,2.000000,656.671509,117.817039,,,,0.035000,
MP_R_DudukBerdiri_1,movenet,26,0.865588,ok,1,direct,0.390663,4,right_ear,0,0,0.000000,0.000000,0.000000,2.000000,581.712463,120.330055,,,,0.035000,
MP_R_DudukBerdiri_1,movenet,26,0.865588,ok,1,direct,0.390663,5,left_shoulder,1,1,2.000000,668.380000,211.860000,2.000000,676.633789,179.282227,33.607088,49.883461,1,0.079000,0.233509
MP_R_DudukBerdiri_1,movenet,26,0.865588,ok,1,direct,0.390663,6,right_shoulder,1,1,2.000000,551.790000,208.590000,2.000000,556.978760,190.025970,19.275539,49.883461,1,0.079000,0.619716
MP_R_DudukBerdiri_1,movenet,26,0.865588,ok,1,direct,0.390663,7,left_elbow,1,1,2.000000,680.270000,311.140000,2.000000,675.333191,269.512360,41.919357,49.883461,1,0.072000,0.065581
MP_R_DudukBerdiri_1,movenet,26,0.865588,ok,1,direct,0.390663,8,right_elbow,1,1,2.000000,543.060000,307.660000,2.000000,568.854736,282.541016,36.004608,49.883461,1,0.072000,0.134006
MP_R_DudukBerdiri_1,movenet,26,0.865588,ok,1,direct,0.390663,9,left_wrist,1,1,2.000000,682.650000,391.430000,2.000000,714.778442,328.744476,70.439419,49.883461,0,0.062000,0.000031
MP_R_DudukBerdiri_1,movenet,26,0.865588,ok,1,direct,0.390663,10,right_wrist,1,1,2.000000,575.070000,394.220000,2.000000,626.838074,336.340179,77.653120,49.883461,0,0.062000,0.000003
MP_R_DudukBerdiri_1,movenet,26,0.865588,ok,1,direct,0.390663,11,left_hip,1,1,2.000000,620.720000,360.180000,2.000000,664.011719,362.421722,43.349720,49.883461,1,0.107000,0.267340
MP_R_DudukBerdiri_1,movenet,26,0.865588,ok,1,direct,0.390663,12,right_hip,1,1,2.000000,561.540000,356.120000,2.000000,599.926392,368.231842,40.251854,49.883461,1,0.107000,0.320645
MP_R_DudukBerdiri_1,movenet,26,0.865588,ok,1,direct,0.390663,13,left_knee,1,1,2.000000,702.260000,465.970000,2.000000,665.517212,473.544220,37.515347,49.883461,1,0.087000,0.224360
MP_R_DudukBerdiri_1,movenet,26,0.865588,ok,1,direct,0.390663,14,right_knee,1,0,0.000000,576.760000,459.920000,2.000000,622.260132,475.940338,,,,0.087000,
MP_R_DudukBerdiri_1,movenet,26,0.865588,ok,1,direct,0.390663,15,left_ankle,1,1,2.000000,666.770000,599.350000,0.000000,682.315796,555.540771,,49.883461,0,0.089000,0.000000
MP_R_DudukBerdiri_1,movenet,26,0.865588,ok,1,direct,0.390663,16,right_ankle,1,0,0.000000,570.920000,601.420000,0.000000,637.212036,554.802917,,,,0.089000,
MP_R_DudukBerdiri_1,movenet,27,0.898880,ok,1,direct,0.406461,0,nose,0,0,0.000000,0.000000,0.000000,2.000000,624.640564,114.981308,,,,0.026000,
MP_R_DudukBerdiri_1,movenet,27,0.898880,ok,1,direct,0.406461,1,left_eye,0,0,0.000000,0.000000,0.000000,2.000000,636.978088,103.164848,,,,0.025000,
MP_R_DudukBerdiri_1,movenet,27,0.898880,ok,1,direct,0.406461,2,right_eye,0,0,0.000000,0.000000,0.000000,2.000000,605.846924,104.531693,,,,0.025000,
MP_R_DudukBerdiri_1,movenet,27,0.898880,ok,1,direct,0.406461,3,left_ear,0,0,0.000000,0.000000,0.000000,2.000000,652.024414,108.112343,,,,0.035000,
MP_R_DudukBerdiri_1,movenet,27,0.898880,ok,1,direct,0.406461,4,right_ear,0,0,0.000000,0.000000,0.000000,2.000000,579.198486,112.212791,,,,0.035000,
MP_R_DudukBerdiri_1,movenet,27,0.898880,ok,1,direct,0.406461,5,left_shoulder,1,1,2.000000,668.380000,200.690000,2.000000,676.455750,175.799988,26.167354,49.744957,1,0.079000,0.411996
MP_R_DudukBerdiri_1,movenet,27,0.898880,ok,1,direct,0.406461,6,right_shoulder,1,1,2.000000,553.370000,199.070000,2.000000,562.358887,181.031219,20.154347,49.744957,1,0.079000,0.590943
MP_R_DudukBerdiri_1,movenet,27,0.898880,ok,1,direct,0.406461,7,left_elbow,1,1,2.000000,681.060000,301.810000,2.000000,672.082458,263.800720,39.055110,49.744957,1,0.072000,0.092730
MP_R_DudukBerdiri_1,movenet,27,0.898880,ok,1,direct,0.406461,8,right_elbow,1,1,2.000000,544.320000,299.680000,2.000000,563.330383,270.794098,34.580197,49.744957,1,0.072000,0.155001
MP_R_DudukBerdiri_1,movenet,27,0.898880,ok,1,direct,0.406461,9,left_wrist,1,1,2.000000,679.810000,382.700000,2.000000,702.253662,318.928223,67.605899,49.744957,0,0.062000,0.000067
MP_R_DudukBerdiri_1,movenet,27,0.898880,ok,1,direct,0.406461,10,right_wrist,1,1,2.000000,580.290000,386.720000,2.000000,634.425537,326.182373,81.212442,49.744957,0,0.062000,0.000001
MP_R_DudukBerdiri_1,movenet,27,0.898880,ok,1,direct,0.406461,11,left_hip,1,1,2.000000,619.620000,352.910000,2.000000,658.015381,354.090240,38.413516,49.744957,1,0.107000,0.352863
MP_R_DudukBerdiri_1,movenet,27,0.898880,ok,1,direct,0.406461,12,right_hip,1,1,2.000000,564.900000,349.360000,2.000000,606.677185,361.695709,43.560336,49.744957,1,0.107000,0.261973
MP_R_DudukBerdiri_1,movenet,27,0.898880,ok,1,direct,0.406461,13,left_knee,1,1,2.000000,699.100000,462.170000,2.000000,661.302612,462.971069,37.805876,49.744957,1,0.087000,0.217360
MP_R_DudukBerdiri_1,movenet,27,0.898880,ok,1,direct,0.406461,14,right_knee,1,1,2.000000,577.710000,459.440000,2.000000,632.438904,466.457336,55.176951,49.744957,0,0.087000,0.038738
MP_R_DudukBerdiri_1,movenet,27,0.898880,ok,1,direct,0.406461,15,left_ankle,1,1,2.000000,666.770000,598.760000,0.000000,680.341858,554.228943,,49.744957,0,0.089000,0.000000
MP_R_DudukBerdiri_1,movenet,27,0.898880,ok,1,direct,0.406461,16,right_ankle,1,0,0.000000,570.920000,600.880000,0.000000,662.491333,551.029785,,,,0.089000,
MP_R_DudukBerdiri_1,movenet,28,0.932172,ok,1,direct,0.476641,0,nose,0,0,0.000000,0.000000,0.000000,2.000000,620.873596,108.081703,,,,0.026000,
MP_R_DudukBerdiri_1,movenet,28,0.932172,ok,1,direct,0.476641,1,left_eye,0,0,0.000000,0.000000,0.000000,2.000000,633.008484,96.569138,,,,0.025000,
MP_R_DudukBerdiri_1,movenet,28,0.932172,ok,1,direct,0.476641,2,right_eye,0,0,0.000000,0.000000,0.000000,2.000000,601.606689,98.156311,,,,0.025000,
MP_R_DudukBerdiri_1,movenet,28,0.932172,ok,1,direct,0.476641,3,left_ear,0,0,0.000000,0.000000,0.000000,2.000000,647.698914,100.890602,,,,0.035000,
MP_R_DudukBerdiri_1,movenet,28,0.932172,ok,1,direct,0.476641,4,right_ear,0,0,0.000000,0.000000,0.000000,2.000000,581.115723,103.991493,,,,0.035000,
MP_R_DudukBerdiri_1,movenet,28,0.932172,ok,1,direct,0.476641,5,left_shoulder,1,1,2.000000,668.670000,197.030000,2.000000,674.036865,169.654510,27.896607,48.589442,1,0.079000,0.347734
MP_R_DudukBerdiri_1,movenet,28,0.932172,ok,1,direct,0.476641,6,right_shoulder,1,1,2.000000,552.790000,196.140000,2.000000,554.149597,173.277557,22.902834,48.589442,1,0.079000,0.490670
MP_R_DudukBerdiri_1,movenet,28,0.932172,ok,1,direct,0.476641,7,left_elbow,1,1,2.000000,682.370000,300.200000,2.000000,671.853577,252.697540,48.652634,48.589442,0,0.072000,0.020899
MP_R_DudukBerdiri_1,movenet,28,0.932172,ok,1,direct,0.476641,8,right_elbow,1,1,2.000000,545.600000,298.030000,2.000000,522.773010,235.758301,66.323721,48.589442,0,0.072000,0.000755
MP_R_DudukBerdiri_1,movenet,28,0.932172,ok,1,direct,0.476641,9,left_wrist,1,1,2.000000,680.690000,379.910000,2.000000,690.820190,311.852814,68.806986,48.589442,0,0.062000,0.000029
MP_R_DudukBerdiri_1,movenet,28,0.932172,ok,1,direct,0.476641,10,right_wrist,1,1,2.000000,582.780000,381.460000,2.000000,601.274597,145.923233,236.261759,48.589442,0,0.062000,0.000000
MP_R_DudukBerdiri_1,movenet,28,0.932172,ok,1,direct,0.476641,11,left_hip,1,1,2.000000,625.470000,352.320000,2.000000,656.425476,349.261414,31.106212,48.589442,1,0.107000,0.488736
MP_R_DudukBerdiri_1,movenet,28,0.932172,ok,1,direct,0.476641,12,right_hip,1,1,2.000000,566.030000,348.730000,2.000000,597.278748,352.471527,31.471944,48.589442,1,0.107000,0.480529
MP_R_DudukBerdiri_1,movenet,28,0.932172,ok,1,direct,0.476641,13,left_knee,1,1,2.000000,692.220000,461.580000,2.000000,670.611816,463.961090,21.738979,48.589442,1,0.087000,0.589244
MP_R_DudukBerdiri_1,movenet,28,0.932172,ok,1,direct,0.476641,14,right_knee,1,1,2.000000,578.630000,459.410000,2.000000,622.531921,470.025513,45.167110,48.589442,1,0.087000,0.101953
MP_R_DudukBerdiri_1,movenet,28,0.932172,ok,1,direct,0.476641,15,left_ankle,1,1,2.000000,666.770000,598.700000,0.000000,674.042603,560.971252,,48.589442,0,0.089000,0.000000
MP_R_DudukBerdiri_1,movenet,28,0.932172,ok,1,direct,0.476641,16,right_ankle,1,0,0.000000,570.920000,600.830000,0.000000,654.515869,562.291138,,,,0.089000,
MP_R_DudukBerdiri_1,movenet,29,0.965464,ok,1,direct,0.441712,0,nose,0,0,0.000000,0.000000,0.000000,2.000000,620.676147,99.684982,,,,0.026000,
MP_R_DudukBerdiri_1,movenet,29,0.965464,ok,1,direct,0.441712,1,left_eye,0,0,0.000000,0.000000,0.000000,2.000000,634.327271,89.376305,,,,0.025000,
MP_R_DudukBerdiri_1,movenet,29,0.965464,ok,1,direct,0.441712,2,right_eye,0,0,0.000000,0.000000,0.000000,2.000000,603.427979,89.804222,,,,0.025000,
MP_R_DudukBerdiri_1,movenet,29,0.965464,ok,1,direct,0.441712,3,left_ear,0,0,0.000000,0.000000,0.000000,2.000000,646.277466,94.254860,,,,0.035000,
MP_R_DudukBerdiri_1,movenet,29,0.965464,ok,1,direct,0.441712,4,right_ear,0,0,0.000000,0.000000,0.000000,2.000000,579.890076,97.798172,,,,0.035000,
MP_R_DudukBerdiri_1,movenet,29,0.965464,ok,1,direct,0.441712,5,left_shoulder,1,1,2.000000,668.960000,193.370000,2.000000,675.626953,165.733994,28.428808,47.384294,1,0.079000,0.315525
MP_R_DudukBerdiri_1,movenet,29,0.965464,ok,1,direct,0.441712,6,right_shoulder,1,1,2.000000,552.200000,193.210000,2.000000,558.247803,165.839935,28.030276,47.384294,1,0.079000,0.325822
MP_R_DudukBerdiri_1,movenet,29,0.965464,ok,1,direct,0.441712,7,left_elbow,1,1,2.000000,683.690000,298.590000,2.000000,680.426147,245.196106,53.493557,47.384294,0,0.072000,0.007321
MP_R_DudukBerdiri_1,movenet,29,0.965464,ok,1,direct,0.441712,8,right_elbow,1,1,2.000000,546.890000,296.390000,2.000000,524.724609,237.891510,62.556997,47.384294,0,0.072000,0.001201
MP_R_DudukBerdiri_1,movenet,29,0.965464,ok,1,direct,0.441712,9,left_wrist,1,1,2.000000,681.580000,377.130000,2.000000,699.613281,303.922150,75.396211,47.384294,0,0.062000,0.000002
MP_R_DudukBerdiri_1,movenet,29,0.965464,ok,1,direct,0.441712,10,right_wrist,1,1,2.000000,585.270000,376.200000,0.000000,569.278809,303.978699,,47.384294,0,0.062000,0.000000
MP_R_DudukBerdiri_1,movenet,29,0.965464,ok,1,direct,0.441712,11,left_hip,1,1,2.000000,631.330000,351.740000,2.000000,653.962708,344.611145,23.728886,47.384294,1,0.107000,0.645277
MP_R_DudukBerdiri_1,movenet,29,0.965464,ok,1,direct,0.441712,12,right_hip,1,1,2.000000,567.150000,348.110000,2.000000,596.973389,350.936310,29.957012,47.384294,1,0.107000,0.497471
MP_R_DudukBerdiri_1,movenet,29,0.965464,ok,1,direct,0.441712,13,left_knee,1,1,2.000000,685.340000,460.990000,2.000000,676.308472,456.985718,9.879412,47.384294,1,0.087000,0.891487
MP_R_DudukBerdiri_1,movenet,29,0.965464,ok,1,direct,0.441712,14,right_knee,1,1,2.000000,579.540000,459.380000,2.000000,629.372559,469.290070,50.808399,47.384294,0,0.087000,0.047929
MP_R_DudukBerdiri_1,movenet,29,0.965464,ok,1,direct,0.441712,15,left_ankle,1,1,2.000000,666.770000,598.640000,0.000000,673.522095,562.709717,,47.384294,0,0.089000,0.000000
MP_R_DudukBerdiri_1,movenet,29,0.965464,ok,1,direct,0.441712,16,right_ankle,1,0,0.000000,570.920000,600.780000,0.000000,660.872314,570.549438,,,,0.089000,
MP_R_DudukBerdiri_1,movenet,30,0.998756,ok,1,direct,0.477198,0,nose,0,0,0.000000,0.000000,0.000000,2.000000,620.689209,92.311676,,,,0.026000,
MP_R_DudukBerdiri_1,movenet,30,0.998756,ok,1,direct,0.477198,1,left_eye,0,0,0.000000,0.000000,0.000000,2.000000,633.589966,81.378670,,,,0.025000,
MP_R_DudukBerdiri_1,movenet,30,0.998756,ok,1,direct,0.477198,2,right_eye,0,0,0.000000,0.000000,0.000000,2.000000,601.102600,82.092857,,,,0.025000,
MP_R_DudukBerdiri_1,movenet,30,0.998756,ok,1,direct,0.477198,3,left_ear,0,0,0.000000,0.000000,0.000000,2.000000,647.037292,87.407661,,,,0.035000,
MP_R_DudukBerdiri_1,movenet,30,0.998756,ok,1,direct,0.477198,4,right_ear,0,0,0.000000,0.000000,0.000000,2.000000,582.256348,90.537506,,,,0.035000,
MP_R_DudukBerdiri_1,movenet,30,0.998756,ok,1,direct,0.477198,5,left_shoulder,1,1,2.000000,669.260000,189.710000,2.000000,674.469238,161.915634,28.278312,47.307986,1,0.079000,0.318217
MP_R_DudukBerdiri_1,movenet,30,0.998756,ok,1,direct,0.477198,6,right_shoulder,1,1,2.000000,551.620000,190.280000,2.000000,556.284119,160.330231,30.310768,47.307986,1,0.079000,0.268332
MP_R_DudukBerdiri_1,movenet,30,0.998756,ok,1,direct,0.477198,7,left_elbow,1,1,2.000000,685.010000,296.980000,2.000000,684.468506,241.874054,55.108606,47.307986,0,0.072000,0.005326
MP_R_DudukBerdiri_1,movenet,30,0.998756,ok,1,direct,0.477198,8,right_elbow,1,1,2.000000,548.170000,294.740000,2.000000,524.771301,238.078583,61.302653,47.307986,0,0.072000,0.001537
MP_R_DudukBerdiri_1,movenet,30,0.998756,ok,1,direct,0.477198,9,left_wrist,1,1,2.000000,682.460000,374.350000,2.000000,703.080994,301.274963,75.928824,47.307986,0,0.062000,0.000002
MP_R_DudukBerdiri_1,movenet,30,0.998756,ok,1,direct,0.477198,10,right_wrist,1,1,2.000000,587.760000,370.940000,0.000000,566.615234,293.280853,,47.307986,0,0.062000,0.000000
MP_R_DudukBerdiri_1,movenet,30,0.998756,ok,1,direct,0.477198,11,left_hip,1,1,2.000000,637.180000,351.150000,2.000000,661.797119,341.849030,26.315596,47.307986,1,0.107000,0.582439
MP_R_DudukBerdiri_1,movenet,30,0.998756,ok,1,direct,0.477198,12,right_hip,1,1,2.000000,568.270000,347.480000,2.000000,592.890869,347.139587,24.623222,47.307986,1,0.107000,0.622979
MP_R_DudukBerdiri_1,movenet,30,0.998756,ok,1,direct,0.477198,13,left_knee,1,1,2.000000,678.450000,460.410000,2.000000,678.741516,451.767181,8.647734,47.307986,1,0.087000,0.915492
MP_R_DudukBerdiri_1,movenet,30,0.998756,ok,1,direct,0.477198,14,right_knee,1,1,2.000000,580.450000,459.350000,2.000000,619.001099,469.742432,39.927307,47.307986,1,0.087000,0.152257
MP_R_DudukBerdiri_1,movenet,30,0.998756,ok,1,direct,0.477198,15,left_ankle,1,1,2.000000,666.770000,598.590000,2.000000,675.654846,562.527954,37.140431,47.307986,1,0.089000,0.210929
MP_R_DudukBerdiri_1,movenet,30,0.998756,ok,1,direct,0.477198,16,right_ankle,1,0,0.000000,570.920000,600.730000,2.000000,663.717529,565.483948,,,,0.089000,
MP_R_DudukBerdiri_1,movenet,31,1.032048,ok,1,direct,0.402117,0,nose,0,0,0.000000,0.000000,0.000000,2.000000,618.918213,88.086212,,,,0.026000,
MP_R_DudukBerdiri_1,movenet,31,1.032048,ok,1,direct,0.402117,1,left_eye,0,0,0.000000,0.000000,0.000000,2.000000,633.577271,78.134628,,,,0.025000,
MP_R_DudukBerdiri_1,movenet,31,1.032048,ok,1,direct,0.402117,2,right_eye,0,0,0.000000,0.000000,0.000000,2.000000,600.980164,78.765533,,,,0.025000,
MP_R_DudukBerdiri_1,movenet,31,1.032048,ok,1,direct,0.402117,3,left_ear,0,0,0.000000,0.000000,0.000000,2.000000,648.997681,84.798912,,,,0.035000,
MP_R_DudukBerdiri_1,movenet,31,1.032048,ok,1,direct,0.402117,4,right_ear,0,0,0.000000,0.000000,0.000000,2.000000,582.220886,89.156235,,,,0.035000,
MP_R_DudukBerdiri_1,movenet,31,1.032048,ok,1,direct,0.402117,5,left_shoulder,1,1,2.000000,669.550000,186.050000,2.000000,676.052551,159.405502,27.426491,47.521001,1,0.079000,0.343886
MP_R_DudukBerdiri_1,movenet,31,1.032048,ok,1,direct,0.402117,6,right_shoulder,1,1,2.000000,551.040000,187.350000,2.000000,557.994019,156.539444,31.585578,47.521001,1,0.079000,0.242747
MP_R_DudukBerdiri_1,movenet,31,1.032048,ok,1,direct,0.402117,7,left_elbow,1,1,2.000000,686.330000,295.370000,2.000000,680.403687,235.768036,59.895871,47.521001,0,0.072000,0.002179
MP_R_DudukBerdiri_1,movenet,31,1.032048,ok,1,direct,0.402117,8,right_elbow,1,1,2.000000,549.460000,293.090000,2.000000,531.024414,234.019684,61.880313,47.521001,0,0.072000,0.001442
MP_R_DudukBerdiri_1,movenet,31,1.032048,ok,1,direct,0.402117,9,left_wrist,1,1,2.000000,683.350000,371.560000,2.000000,695.236938,297.533447,74.974861,47.521001,0,0.062000,0.000002
MP_R_DudukBerdiri_1,movenet,31,1.032048,ok,1,direct,0.402117,10,right_wrist,1,1,2.000000,590.250000,365.680000,0.000000,539.962646,252.539444,,47.521001,0,0.062000,0.000000
MP_R_DudukBerdiri_1,movenet,31,1.032048,ok,1,direct,0.402117,11,left_hip,1,1,2.000000,643.040000,350.560000,2.000000,653.559692,350.600525,10.519770,47.521001,1,0.107000,0.917956
MP_R_DudukBerdiri_1,movenet,31,1.032048,ok,1,direct,0.402117,12,right_hip,1,1,2.000000,569.400000,346.860000,2.000000,590.719910,352.692322,22.103270,47.521001,1,0.107000,0.685283
MP_R_DudukBerdiri_1,movenet,31,1.032048,ok,1,direct,0.402117,13,left_knee,1,1,2.000000,671.570000,459.820000,2.000000,681.734619,464.623840,11.242614,47.521001,1,0.087000,0.862521
MP_R_DudukBerdiri_1,movenet,31,1.032048,ok,1,direct,0.402117,14,right_knee,1,1,2.000000,581.370000,459.320000,2.000000,625.004150,475.355194,46.487273,47.521001,1,0.087000,0.079767
MP_R_DudukBerdiri_1,movenet,31,1.032048,ok,1,direct,0.402117,15,left_ankle,1,1,2.000000,666.770000,598.530000,0.000000,675.740356,572.398804,,47.521001,0,0.089000,0.000000
MP_R_DudukBerdiri_1,movenet,31,1.032048,ok,1,direct,0.402117,16,right_ankle,1,0,0.000000,570.920000,600.680000,0.000000,659.284607,558.934082,,,,0.089000,
MP_R_DudukBerdiri_1,movenet,32,1.065340,ok,1,direct,0.437683,0,nose,0,0,0.000000,0.000000,0.000000,2.000000,621.777649,82.818336,,,,0.026000,
MP_R_DudukBerdiri_1,movenet,32,1.065340,ok,1,direct,0.437683,1,left_eye,0,0,0.000000,0.000000,0.000000,2.000000,634.159485,73.134048,,,,0.025000,
MP_R_DudukBerdiri_1,movenet,32,1.065340,ok,1,direct,0.437683,2,right_eye,0,0,0.000000,0.000000,0.000000,2.000000,602.710449,74.070099,,,,0.025000,
MP_R_DudukBerdiri_1,movenet,32,1.065340,ok,1,direct,0.437683,3,left_ear,0,0,0.000000,0.000000,0.000000,2.000000,648.824585,79.618584,,,,0.035000,
MP_R_DudukBerdiri_1,movenet,32,1.065340,ok,1,direct,0.437683,4,right_ear,0,0,0.000000,0.000000,0.000000,2.000000,583.272827,83.000313,,,,0.035000,
MP_R_DudukBerdiri_1,movenet,32,1.065340,ok,1,direct,0.437683,5,left_shoulder,1,1,2.000000,669.840000,182.390000,2.000000,676.117615,156.340500,26.795240,47.783686,1,0.079000,0.365057
MP_R_DudukBerdiri_1,movenet,32,1.065340,ok,1,direct,0.437683,6,right_shoulder,1,1,2.000000,550.450000,184.410000,2.000000,557.922058,152.726089,32.553062,47.783686,1,0.079000,0.225981
MP_R_DudukBerdiri_1,movenet,32,1.065340,ok,1,direct,0.437683,7,left_elbow,1,1,2.000000,687.640000,293.760000,2.000000,680.512024,236.792343,57.411863,47.783686,0,0.072000,0.003813
MP_R_DudukBerdiri_1,movenet,32,1.065340,ok,1,direct,0.437683,8,right_elbow,1,1,2.000000,550.740000,291.440000,2.000000,535.006653,235.926468,57.700004,47.783686,0,0.072000,0.003605
MP_R_DudukBerdiri_1,movenet,32,1.065340,ok,1,direct,0.437683,9,left_wrist,1,1,2.000000,684.240000,368.780000,2.000000,698.150757,303.011322,67.223717,47.783686,0,0.062000,0.000034
MP_R_DudukBerdiri_1,movenet,32,1.065340,ok,1,direct,0.437683,10,right_wrist,1,1,2.000000,592.740000,360.420000,0.000000,562.795532,275.393555,,47.783686,0,0.062000,0.000000
MP_R_DudukBerdiri_1,movenet,32,1.065340,ok,1,direct,0.437683,11,left_hip,1,1,2.000000,648.890000,349.980000,2.000000,659.439087,353.046478,10.985742,47.783686,1,0.107000,0.911801
MP_R_DudukBerdiri_1,movenet,32,1.065340,ok,1,direct,0.437683,12,right_hip,1,1,2.000000,570.520000,346.230000,2.000000,594.027161,356.266113,25.559933,47.783686,1,0.107000,0.606634
MP_R_DudukBerdiri_1,movenet,32,1.065340,ok,1,direct,0.437683,13,left_knee,1,1,2.000000,664.690000,459.240000,2.000000,682.867920,458.305573,18.201921,47.783686,1,0.087000,0.681531
MP_R_DudukBerdiri_1,movenet,32,1.065340,ok,1,direct,0.437683,14,right_knee,1,1,2.000000,582.280000,459.290000,2.000000,622.346313,476.190033,43.484717,47.783686,1,0.087000,0.112108
MP_R_DudukBerdiri_1,movenet,32,1.065340,ok,1,direct,0.437683,15,left_ankle,1,1,2.000000,666.770000,598.470000,0.000000,674.946350,563.004883,,47.783686,0,0.089000,0.000000
MP_R_DudukBerdiri_1,movenet,32,1.065340,ok,1,direct,0.437683,16,right_ankle,1,0,0.000000,570.920000,600.620000,0.000000,629.927734,561.838074,,,,0.089000,
MP_R_DudukBerdiri_1,movenet,33,1.098632,ok,1,direct,0.451633,0,nose,0,0,0.000000,0.000000,0.000000,2.000000,621.939209,81.665909,,,,0.026000,
MP_R_DudukBerdiri_1,movenet,33,1.098632,ok,1,direct,0.451633,1,left_eye,0,0,0.000000,0.000000,0.000000,2.000000,634.714111,71.072189,,,,0.025000,
MP_R_DudukBerdiri_1,movenet,33,1.098632,ok,1,direct,0.451633,2,right_eye,0,0,0.000000,0.000000,0.000000,2.000000,602.718140,71.767097,,,,0.025000,
MP_R_DudukBerdiri_1,movenet,33,1.098632,ok,1,direct,0.451633,3,left_ear,0,0,0.000000,0.000000,0.000000,2.000000,650.224976,78.113808,,,,0.035000,
MP_R_DudukBerdiri_1,movenet,33,1.098632,ok,1,direct,0.451633,4,right_ear,0,0,0.000000,0.000000,0.000000,2.000000,585.018250,81.238937,,,,0.035000,
MP_R_DudukBerdiri_1,movenet,33,1.098632,ok,1,direct,0.451633,5,left_shoulder,1,1,2.000000,669.840000,179.600000,2.000000,673.755127,155.093765,24.817005,48.038507,1,0.079000,0.425175
MP_R_DudukBerdiri_1,movenet,33,1.098632,ok,1,direct,0.451633,6,right_shoulder,1,1,2.000000,551.000000,180.510000,2.000000,557.982056,150.218903,31.085361,48.038507,1,0.079000,0.261358
MP_R_DudukBerdiri_1,movenet,33,1.098632,ok,1,direct,0.451633,7,left_elbow,1,1,2.000000,688.750000,289.460000,2.000000,681.129700,231.830063,58.131563,48.038507,0,0.072000,0.003519
MP_R_DudukBerdiri_1,movenet,33,1.098632,ok,1,direct,0.451633,8,right_elbow,1,1,2.000000,551.700000,289.210000,2.000000,533.547485,234.270126,57.861071,48.038507,0,0.072000,0.003709
MP_R_DudukBerdiri_1,movenet,33,1.098632,ok,1,direct,0.451633,9,left_wrist,1,1,2.000000,685.820000,364.180000,2.000000,699.563293,300.364716,65.278393,48.038507,0,0.062000,0.000067
MP_R_DudukBerdiri_1,movenet,33,1.098632,ok,1,direct,0.451633,10,right_wrist,1,1,2.000000,592.970000,358.650000,0.000000,571.000610,296.598480,,48.038507,0,0.062000,0.000000
MP_R_DudukBerdiri_1,movenet,33,1.098632,ok,1,direct,0.451633,11,left_hip,1,1,2.000000,650.630000,347.940000,2.000000,663.505310,350.809509,13.191198,48.038507,1,0.107000,0.876586
MP_R_DudukBerdiri_1,movenet,33,1.098632,ok,1,direct,0.451633,12,right_hip,1,1,2.000000,571.650000,345.610000,2.000000,592.677673,354.297546,22.751626,48.038507,1,0.107000,0.675813
MP_R_DudukBerdiri_1,movenet,33,1.098632,ok,1,direct,0.451633,13,left_knee,1,1,2.000000,664.690000,458.220000,2.000000,682.547974,456.226929,17.968850,48.038507,1,0.087000,0.690939
MP_R_DudukBerdiri_1,movenet,33,1.098632,ok,1,direct,0.451633,14,right_knee,1,1,2.000000,583.200000,459.260000,2.000000,617.304810,476.115662,38.042757,48.038507,1,0.087000,0.190686
MP_R_DudukBerdiri_1,movenet,33,1.098632,ok,1,direct,0.451633,15,left_ankle,1,1,2.000000,666.770000,598.420000,0.000000,676.327515,560.782776,,48.038507,0,0.089000,0.000000
MP_R_DudukBerdiri_1,movenet,33,1.098632,ok,1,direct,0.451633,16,right_ankle,1,0,0.000000,570.920000,600.570000,0.000000,655.076416,555.977722,,,,0.089000,
MP_R_DudukBerdiri_1,movenet,34,1.131923,ok,1,direct,0.423938,0,nose,0,0,0.000000,0.000000,0.000000,2.000000,623.455566,81.211571,,,,0.026000,
MP_R_DudukBerdiri_1,movenet,34,1.131923,ok,1,direct,0.423938,1,left_eye,0,0,0.000000,0.000000,0.000000,2.000000,635.098633,70.875687,,,,0.025000,
MP_R_DudukBerdiri_1,movenet,34,1.131923,ok,1,direct,0.423938,2,right_eye,0,0,0.000000,0.000000,0.000000,2.000000,603.854492,72.127007,,,,0.025000,
MP_R_DudukBerdiri_1,movenet,34,1.131923,ok,1,direct,0.423938,3,left_ear,0,0,0.000000,0.000000,0.000000,2.000000,653.478333,76.420044,,,,0.035000,
MP_R_DudukBerdiri_1,movenet,34,1.131923,ok,1,direct,0.423938,4,right_ear,0,0,0.000000,0.000000,0.000000,2.000000,584.744751,81.611893,,,,0.035000,
MP_R_DudukBerdiri_1,movenet,34,1.131923,ok,1,direct,0.423938,5,left_shoulder,1,1,2.000000,669.840000,176.810000,2.000000,675.506897,153.928635,23.572666,48.304138,1,0.079000,0.466184
MP_R_DudukBerdiri_1,movenet,34,1.131923,ok,1,direct,0.423938,6,right_shoulder,1,1,2.000000,551.550000,176.610000,2.000000,559.041077,147.828964,29.739944,48.304138,1,0.079000,0.296784
MP_R_DudukBerdiri_1,movenet,34,1.131923,ok,1,direct,0.423938,7,left_elbow,1,1,2.000000,689.860000,285.170000,2.000000,679.281860,226.993073,59.130804,48.304138,0,0.072000,0.003085
MP_R_DudukBerdiri_1,movenet,34,1.131923,ok,1,direct,0.423938,8,right_elbow,1,1,2.000000,552.650000,286.980000,2.000000,536.112854,232.248611,57.175188,48.304138,0,0.072000,0.004493
MP_R_DudukBerdiri_1,movenet,34,1.131923,ok,1,direct,0.423938,9,left_wrist,1,1,2.000000,687.400000,359.570000,2.000000,695.750732,296.113312,64.003797,48.304138,0,0.062000,0.000108
MP_R_DudukBerdiri_1,movenet,34,1.131923,ok,1,direct,0.423938,10,right_wrist,1,1,2.000000,593.210000,356.880000,0.000000,564.893921,275.454865,,48.304138,0,0.062000,0.000000
MP_R_DudukBerdiri_1,movenet,34,1.131923,ok,1,direct,0.423938,11,left_hip,1,1,2.000000,652.370000,345.910000,2.000000,664.884155,355.016022,15.476554,48.304138,1,0.107000,0.835834
MP_R_DudukBerdiri_1,movenet,34,1.131923,ok,1,direct,0.423938,12,right_hip,1,1,2.000000,572.770000,344.980000,2.000000,593.917480,363.611938,28.184483,48.304138,1,0.107000,0.551716
MP_R_DudukBerdiri_1,movenet,34,1.131923,ok,1,direct,0.423938,13,left_knee,1,1,2.000000,664.690000,457.190000,2.000000,685.077515,458.065521,20.406305,48.304138,1,0.087000,0.624018
MP_R_DudukBerdiri_1,movenet,34,1.131923,ok,1,direct,0.423938,14,right_knee,1,1,2.000000,584.110000,459.220000,2.000000,620.560486,480.268707,42.091400,48.304138,1,0.087000,0.134477
MP_R_DudukBerdiri_1,movenet,34,1.131923,ok,1,direct,0.423938,15,left_ankle,1,1,2.000000,666.770000,598.360000,0.000000,676.967163,551.338257,,48.304138,0,0.089000,0.000000
MP_R_DudukBerdiri_1,movenet,34,1.131923,ok,1,direct,0.423938,16,right_ankle,1,0,0.000000,570.920000,600.520000,0.000000,641.223816,554.027222,,,,0.089000,
MP_R_DudukBerdiri_1,movenet,35,1.165215,ok,1,direct,0.434693,0,nose,0,0,0.000000,0.000000,0.000000,2.000000,622.873657,81.780121,,,,0.026000,
MP_R_DudukBerdiri_1,movenet,35,1.165215,ok,1,direct,0.434693,1,left_eye,0,0,0.000000,0.000000,0.000000,2.000000,635.905518,70.674522,,,,0.025000,
MP_R_DudukBerdiri_1,movenet,35,1.165215,ok,1,direct,0.434693,2,right_eye,0,0,0.000000,0.000000,0.000000,2.000000,603.877014,72.010727,,,,0.025000,
MP_R_DudukBerdiri_1,movenet,35,1.165215,ok,1,direct,0.434693,3,left_ear,0,0,0.000000,0.000000,0.000000,2.000000,651.772339,77.488213,,,,0.035000,
MP_R_DudukBerdiri_1,movenet,35,1.165215,ok,1,direct,0.434693,4,right_ear,0,0,0.000000,0.000000,0.000000,2.000000,585.984619,81.317741,,,,0.035000,
MP_R_DudukBerdiri_1,movenet,35,1.165215,ok,1,direct,0.434693,5,left_shoulder,1,1,2.000000,669.840000,174.020000,2.000000,673.483887,153.908722,20.438723,48.621676,1,0.079000,0.567639
MP_R_DudukBerdiri_1,movenet,35,1.165215,ok,1,direct,0.434693,6,right_shoulder,1,1,2.000000,552.090000,172.710000,2.000000,559.449707,148.643448,25.166728,48.621676,1,0.079000,0.423773
MP_R_DudukBerdiri_1,movenet,35,1.165215,ok,1,direct,0.434693,7,left_elbow,1,1,2.000000,690.960000,280.880000,2.000000,681.511780,230.242325,51.511581,48.621676,0,0.072000,0.013164
MP_R_DudukBerdiri_1,movenet,35,1.165215,ok,1,direct,0.434693,8,right_elbow,1,1,2.000000,553.610000,284.740000,2.000000,535.701538,235.449356,52.443118,48.621676,0,0.072000,0.011240
MP_R_DudukBerdiri_1,movenet,35,1.165215,ok,1,direct,0.434693,9,left_wrist,1,1,2.000000,688.980000,354.970000,2.000000,699.137573,299.304016,56.585140,48.621676,0,0.062000,0.000870
MP_R_DudukBerdiri_1,movenet,35,1.165215,ok,1,direct,0.434693,10,right_wrist,1,1,2.000000,593.440000,355.110000,2.000000,572.424561,298.954315,59.959233,48.621676,0,0.062000,0.000366
MP_R_DudukBerdiri_1,movenet,35,1.165215,ok,1,direct,0.434693,11,left_hip,1,1,2.000000,654.110000,343.870000,2.000000,665.560303,353.015839,14.654549,48.621676,1,0.107000,0.853261
MP_R_DudukBerdiri_1,movenet,35,1.165215,ok,1,direct,0.434693,12,right_hip,1,1,2.000000,573.900000,344.350000,2.000000,594.554871,356.210175,23.817796,48.621676,1,0.107000,0.657583
MP_R_DudukBerdiri_1,movenet,35,1.165215,ok,1,direct,0.434693,13,left_knee,1,1,2.000000,664.690000,456.170000,2.000000,684.036499,458.765808,19.519868,48.621676,1,0.087000,0.653196
MP_R_DudukBerdiri_1,movenet,35,1.165215,ok,1,direct,0.434693,14,right_knee,1,1,2.000000,585.020000,459.190000,2.000000,615.114990,477.253723,35.099951,48.621676,1,0.087000,0.252326
MP_R_DudukBerdiri_1,movenet,35,1.165215,ok,1,direct,0.434693,15,left_ankle,1,1,2.000000,666.770000,598.300000,0.000000,667.842041,550.407471,,48.621676,0,0.089000,0.000000
MP_R_DudukBerdiri_1,movenet,35,1.165215,ok,1,direct,0.434693,16,right_ankle,1,0,0.000000,570.920000,600.470000,0.000000,619.544373,550.182617,,,,0.089000,
MP_R_DudukBerdiri_1,movenet,36,1.198507,ok,1,direct,0.417442,0,nose,0,0,0.000000,0.000000,0.000000,2.000000,622.691956,82.042175,,,,0.026000,
MP_R_DudukBerdiri_1,movenet,36,1.198507,ok,1,direct,0.417442,1,left_eye,0,0,0.000000,0.000000,0.000000,2.000000,635.498291,70.895950,,,,0.025000,
MP_R_DudukBerdiri_1,movenet,36,1.198507,ok,1,direct,0.417442,2,right_eye,0,0,0.000000,0.000000,0.000000,2.000000,603.846680,72.271904,,,,0.025000,
MP_R_DudukBerdiri_1,movenet,36,1.198507,ok,1,direct,0.417442,3,left_ear,0,0,0.000000,0.000000,0.000000,2.000000,650.704102,77.318039,,,,0.035000,
MP_R_DudukBerdiri_1,movenet,36,1.198507,ok,1,direct,0.417442,4,right_ear,0,0,0.000000,0.000000,0.000000,2.000000,585.594727,81.443321,,,,0.035000,
MP_R_DudukBerdiri_1,movenet,36,1.198507,ok,1,direct,0.417442,5,left_shoulder,1,1,2.000000,669.840000,171.220000,2.000000,676.189453,152.886673,19.401712,48.939481,1,0.079000,0.604315
MP_R_DudukBerdiri_1,movenet,36,1.198507,ok,1,direct,0.417442,6,right_shoulder,1,1,2.000000,552.640000,168.810000,2.000000,558.804504,148.957504,20.787561,48.939481,1,0.079000,0.560917
MP_R_DudukBerdiri_1,movenet,36,1.198507,ok,1,direct,0.417442,7,left_elbow,1,1,2.000000,692.070000,276.580000,2.000000,680.083679,232.009811,46.153804,48.939481,1,0.072000,0.032344
MP_R_DudukBerdiri_1,movenet,36,1.198507,ok,1,direct,0.417442,8,right_elbow,1,1,2.000000,554.570000,282.510000,2.000000,544.747681,235.284637,48.236012,48.939481,1,0.072000,0.023567
MP_R_DudukBerdiri_1,movenet,36,1.198507,ok,1,direct,0.417442,9,left_wrist,1,1,2.000000,690.560000,350.360000,2.000000,701.106873,305.412537,46.168290,48.939481,1,0.062000,0.009751
MP_R_DudukBerdiri_1,movenet,36,1.198507,ok,1,direct,0.417442,10,right_wrist,1,1,2.000000,593.670000,353.350000,2.000000,575.730652,299.614410,56.650982,48.939481,0,0.062000,0.000938
MP_R_DudukBerdiri_1,movenet,36,1.198507,ok,1,direct,0.417442,11,left_hip,1,1,2.000000,655.850000,341.840000,2.000000,665.188721,354.760376,15.942014,48.939481,1,0.107000,0.830800
MP_R_DudukBerdiri_1,movenet,36,1.198507,ok,1,direct,0.417442,12,right_hip,1,1,2.000000,575.020000,343.730000,2.000000,592.259766,365.371887,27.669131,48.939481,1,0.107000,0.572132
MP_R_DudukBerdiri_1,movenet,36,1.198507,ok,1,direct,0.417442,13,left_knee,1,1,2.000000,664.690000,455.150000,2.000000,683.230713,458.218170,18.792863,48.939481,1,0.087000,0.677304
MP_R_DudukBerdiri_1,movenet,36,1.198507,ok,1,direct,0.417442,14,right_knee,1,1,2.000000,585.940000,459.160000,2.000000,617.575317,478.353180,37.002317,48.939481,1,0.087000,0.220792
MP_R_DudukBerdiri_1,movenet,36,1.198507,ok,1,direct,0.417442,15,left_ankle,1,1,2.000000,666.770000,598.250000,0.000000,664.801086,549.939636,,48.939481,0,0.089000,0.000000
MP_R_DudukBerdiri_1,movenet,36,1.198507,ok,1,direct,0.417442,16,right_ankle,1,0,0.000000,570.920000,600.420000,0.000000,616.567810,548.801880,,,,0.089000,
MP_R_DudukBerdiri_1,movenet,37,1.231799,ok,1,direct,0.430374,0,nose,0,0,0.000000,0.000000,0.000000,2.000000,620.302917,81.757675,,,,0.026000,
MP_R_DudukBerdiri_1,movenet,37,1.231799,ok,1,direct,0.430374,1,left_eye,0,0,0.000000,0.000000,0.000000,2.000000,633.663330,70.189240,,,,0.025000,
MP_R_DudukBerdiri_1,movenet,37,1.231799,ok,1,direct,0.430374,2,right_eye,0,0,0.000000,0.000000,0.000000,2.000000,600.606750,70.909210,,,,0.025000,
MP_R_DudukBerdiri_1,movenet,37,1.231799,ok,1,direct,0.430374,3,left_ear,0,0,0.000000,0.000000,0.000000,2.000000,652.585388,76.417328,,,,0.035000,
MP_R_DudukBerdiri_1,movenet,37,1.231799,ok,1,direct,0.430374,4,right_ear,0,0,0.000000,0.000000,0.000000,2.000000,584.718445,80.358498,,,,0.035000,
MP_R_DudukBerdiri_1,movenet,37,1.231799,ok,1,direct,0.430374,5,left_shoulder,1,1,2.000000,670.520000,170.950000,2.000000,673.948853,152.561127,18.705820,49.087856,1,0.079000,0.627914
MP_R_DudukBerdiri_1,movenet,37,1.231799,ok,1,direct,0.430374,6,right_shoulder,1,1,2.000000,552.710000,168.540000,2.000000,557.992676,148.886215,20.351362,49.087856,1,0.079000,0.576473
MP_R_DudukBerdiri_1,movenet,37,1.231799,ok,1,direct,0.430374,7,left_elbow,1,1,2.000000,692.990000,276.580000,2.000000,684.608215,230.707611,46.631860,49.087856,1,0.072000,0.030757
MP_R_DudukBerdiri_1,movenet,37,1.231799,ok,1,direct,0.430374,8,right_elbow,1,1,2.000000,554.770000,281.820000,2.000000,530.059204,233.792557,54.011654,49.087856,0,0.072000,0.009365
MP_R_DudukBerdiri_1,movenet,37,1.231799,ok,1,direct,0.430374,9,left_wrist,1,1,2.000000,691.990000,350.360000,2.000000,701.105286,299.992126,51.186044,49.087856,0,0.062000,0.003492
MP_R_DudukBerdiri_1,movenet,37,1.231799,ok,1,direct,0.430374,10,right_wrist,1,1,2.000000,593.730000,353.070000,0.000000,573.422852,297.849823,,49.087856,0,0.062000,0.000000
MP_R_DudukBerdiri_1,movenet,37,1.231799,ok,1,direct,0.430374,11,left_hip,1,1,2.000000,656.640000,342.630000,2.000000,665.308167,352.260895,12.957285,49.087856,1,0.107000,0.885401
MP_R_DudukBerdiri_1,movenet,37,1.231799,ok,1,direct,0.430374,12,right_hip,1,1,2.000000,576.760000,343.570000,2.000000,595.677979,356.197174,22.745009,49.087856,1,0.107000,0.687256
MP_R_DudukBerdiri_1,movenet,37,1.231799,ok,1,direct,0.430374,13,left_knee,1,1,2.000000,664.760000,454.880000,2.000000,683.257507,458.931488,18.936006,49.087856,1,0.087000,0.674890
MP_R_DudukBerdiri_1,movenet,37,1.231799,ok,1,direct,0.430374,14,right_knee,1,1,2.000000,586.000000,458.890000,2.000000,615.921143,477.674561,35.328947,49.087856,1,0.087000,0.254440
MP_R_DudukBerdiri_1,movenet,37,1.231799,ok,1,direct,0.430374,15,left_ankle,1,1,2.000000,666.840000,597.970000,0.000000,665.271484,548.053894,,49.087856,0,0.089000,0.000000
MP_R_DudukBerdiri_1,movenet,37,1.231799,ok,1,direct,0.430374,16,right_ankle,1,0,0.000000,570.990000,600.150000,0.000000,618.353394,549.045898,,,,0.089000,
MP_R_DudukBerdiri_1,movenet,38,1.265091,ok,1,direct,0.443708,0,nose,0,0,0.000000,0.000000,0.000000,2.000000,620.452759,81.233170,,,,0.026000,
MP_R_DudukBerdiri_1,movenet,38,1.265091,ok,1,direct,0.443708,1,left_eye,0,0,0.000000,0.000000,0.000000,2.000000,633.974060,69.622658,,,,0.025000,
MP_R_DudukBerdiri_1,movenet,38,1.265091,ok,1,direct,0.443708,2,right_eye,0,0,0.000000,0.000000,0.000000,2.000000,600.559082,70.437508,,,,0.025000,
MP_R_DudukBerdiri_1,movenet,38,1.265091,ok,1,direct,0.443708,3,left_ear,0,0,0.000000,0.000000,0.000000,2.000000,652.911621,76.034370,,,,0.035000,
MP_R_DudukBerdiri_1,movenet,38,1.265091,ok,1,direct,0.443708,4,right_ear,0,0,0.000000,0.000000,0.000000,2.000000,584.735352,79.864807,,,,0.035000,
MP_R_DudukBerdiri_1,movenet,38,1.265091,ok,1,direct,0.443708,5,left_shoulder,1,1,2.000000,671.210000,170.680000,2.000000,674.851624,153.592682,17.471058,49.236924,1,0.079000,0.667985
MP_R_DudukBerdiri_1,movenet,38,1.265091,ok,1,direct,0.443708,6,right_shoulder,1,1,2.000000,552.780000,168.260000,2.000000,558.819519,149.182739,20.010439,49.236924,1,0.079000,0.589013
MP_R_DudukBerdiri_1,movenet,38,1.265091,ok,1,direct,0.443708,7,left_elbow,1,1,2.000000,693.910000,276.580000,2.000000,686.783997,229.821899,47.297990,49.236924,1,0.072000,0.028434
MP_R_DudukBerdiri_1,movenet,38,1.265091,ok,1,direct,0.443708,8,right_elbow,1,1,2.000000,554.980000,281.140000,2.000000,527.900696,232.223602,55.911561,49.236924,0,0.072000,0.006909
MP_R_DudukBerdiri_1,movenet,38,1.265091,ok,1,direct,0.443708,9,left_wrist,1,1,2.000000,693.420000,350.360000,2.000000,700.753296,298.188232,52.684633,49.236924,0,0.062000,0.002587
MP_R_DudukBerdiri_1,movenet,38,1.265091,ok,1,direct,0.443708,10,right_wrist,1,1,2.000000,593.800000,352.800000,2.000000,571.964600,296.083588,60.774469,49.236924,0,0.062000,0.000361
MP_R_DudukBerdiri_1,movenet,38,1.265091,ok,1,direct,0.443708,11,left_hip,1,1,2.000000,657.430000,343.420000,2.000000,673.580261,350.488678,17.629440,49.236924,1,0.107000,0.799352
MP_R_DudukBerdiri_1,movenet,38,1.265091,ok,1,direct,0.443708,12,right_hip,1,1,2.000000,578.500000,343.410000,2.000000,599.678894,355.205292,24.241998,49.236924,1,0.107000,0.654774
MP_R_DudukBerdiri_1,movenet,38,1.265091,ok,1,direct,0.443708,13,left_knee,1,1,2.000000,664.830000,454.610000,2.000000,698.801392,449.686066,34.326383,49.236924,1,0.087000,0.276845
MP_R_DudukBerdiri_1,movenet,38,1.265091,ok,1,direct,0.443708,14,right_knee,1,1,2.000000,586.070000,458.620000,2.000000,618.547607,478.215820,37.931401,49.236924,1,0.087000,0.208416
MP_R_DudukBerdiri_1,movenet,38,1.265091,ok,1,direct,0.443708,15,left_ankle,1,1,2.000000,666.910000,597.700000,0.000000,681.587280,548.859253,,49.236924,0,0.089000,0.000000
MP_R_DudukBerdiri_1,movenet,38,1.265091,ok,1,direct,0.443708,16,right_ankle,1,0,0.000000,571.060000,599.870000,0.000000,640.315186,553.063782,,,,0.089000,
MP_R_DudukBerdiri_1,movenet,39,1.298383,ok,1,direct,0.418761,0,nose,0,0,0.000000,0.000000,0.000000,2.000000,621.801575,80.990295,,,,0.026000,
MP_R_DudukBerdiri_1,movenet,39,1.298383,ok,1,direct,0.418761,1,left_eye,0,0,0.000000,0.000000,0.000000,2.000000,635.189270,69.757355,,,,0.025000,
MP_R_DudukBerdiri_1,movenet,39,1.298383,ok,1,direct,0.418761,2,right_eye,0,0,0.000000,0.000000,0.000000,2.000000,602.298096,70.813736,,,,0.025000,
MP_R_DudukBerdiri_1,movenet,39,1.298383,ok,1,direct,0.418761,3,left_ear,0,0,0.000000,0.000000,0.000000,2.000000,650.107422,77.231827,,,,0.035000,
MP_R_DudukBerdiri_1,movenet,39,1.298383,ok,1,direct,0.418761,4,right_ear,0,0,0.000000,0.000000,0.000000,2.000000,585.185181,80.607277,,,,0.035000,
MP_R_DudukBerdiri_1,movenet,39,1.298383,ok,1,direct,0.418761,5,left_shoulder,1,1,2.000000,671.890000,170.400000,2.000000,675.144714,154.964157,15.775247,49.390191,1,0.079000,0.721139
MP_R_DudukBerdiri_1,movenet,39,1.298383,ok,1,direct,0.418761,6,right_shoulder,1,1,2.000000,552.840000,167.990000,2.000000,559.010986,149.511307,19.481868,49.390191,1,0.079000,0.607378
MP_R_DudukBerdiri_1,movenet,39,1.298383,ok,1,direct,0.418761,7,left_elbow,1,1,2.000000,694.830000,276.580000,2.000000,683.245178,229.403976,48.577621,49.390191,1,0.072000,0.023942
MP_R_DudukBerdiri_1,movenet,39,1.298383,ok,1,direct,0.418761,8,right_elbow,1,1,2.000000,555.180000,280.460000,2.000000,526.686768,231.153976,56.946890,49.390191,0,0.072000,0.005923
MP_R_DudukBerdiri_1,movenet,39,1.298383,ok,1,direct,0.418761,9,left_wrist,1,1,2.000000,694.850000,350.360000,2.000000,698.904907,288.854736,61.638784,49.390191,0,0.062000,0.000302
MP_R_DudukBerdiri_1,movenet,39,1.298383,ok,1,direct,0.418761,10,right_wrist,1,1,2.000000,593.870000,352.530000,0.000000,568.958618,290.704285,,49.390191,0,0.062000,0.000000
MP_R_DudukBerdiri_1,movenet,39,1.298383,ok,1,direct,0.418761,11,left_hip,1,1,2.000000,658.220000,344.210000,2.000000,674.516296,350.625000,17.513466,49.390191,1,0.107000,0.802802
MP_R_DudukBerdiri_1,movenet,39,1.298383,ok,1,direct,0.418761,12,right_hip,1,1,2.000000,580.240000,343.250000,2.000000,601.256165,355.209564,24.180785,49.390191,1,0.107000,0.657890
MP_R_DudukBerdiri_1,movenet,39,1.298383,ok,1,direct,0.418761,13,left_knee,1,1,2.000000,664.900000,454.330000,2.000000,700.142456,452.104401,35.312661,49.390191,1,0.087000,0.259049
MP_R_DudukBerdiri_1,movenet,39,1.298383,ok,1,direct,0.418761,14,right_knee,1,1,2.000000,586.140000,458.340000,2.000000,630.836426,478.503418,49.034008,49.390191,1,0.087000,0.073949
MP_R_DudukBerdiri_1,movenet,39,1.298383,ok,1,direct,0.418761,15,left_ankle,1,1,2.000000,666.980000,597.430000,0.000000,696.904907,548.488770,,49.390191,0,0.089000,0.000000
MP_R_DudukBerdiri_1,movenet,39,1.298383,ok,1,direct,0.418761,16,right_ankle,1,0,0.000000,571.130000,599.600000,0.000000,640.438171,553.515991,,,,0.089000,
MP_R_DudukBerdiri_1,movenet,40,1.331675,ok,1,direct,0.392061,0,nose,0,0,0.000000,0.000000,0.000000,2.000000,619.603271,78.869019,,,,0.026000,
MP_R_DudukBerdiri_1,movenet,40,1.331675,ok,1,direct,0.392061,1,left_eye,0,0,0.000000,0.000000,0.000000,2.000000,633.759277,69.928062,,,,0.025000,
MP_R_DudukBerdiri_1,movenet,40,1.331675,ok,1,direct,0.392061,2,right_eye,0,0,0.000000,0.000000,0.000000,2.000000,602.871033,70.910217,,,,0.025000,
MP_R_DudukBerdiri_1,movenet,40,1.331675,ok,1,direct,0.392061,3,left_ear,0,0,0.000000,0.000000,0.000000,2.000000,652.454163,76.565193,,,,0.035000,
MP_R_DudukBerdiri_1,movenet,40,1.331675,ok,1,direct,0.392061,4,right_ear,0,0,0.000000,0.000000,0.000000,2.000000,583.059937,81.156059,,,,0.035000,
MP_R_DudukBerdiri_1,movenet,40,1.331675,ok,1,direct,0.392061,5,left_shoulder,1,1,2.000000,672.570000,170.130000,2.000000,681.250305,154.921265,17.511520,49.625550,1,0.079000,0.670966
MP_R_DudukBerdiri_1,movenet,40,1.331675,ok,1,direct,0.392061,6,right_shoulder,1,1,2.000000,552.910000,167.720000,2.000000,557.418518,150.324280,17.970471,49.625550,1,0.079000,0.656898
MP_R_DudukBerdiri_1,movenet,40,1.331675,ok,1,direct,0.392061,7,left_elbow,1,1,2.000000,695.750000,276.580000,2.000000,682.157227,232.881165,45.764088,49.625550,1,0.072000,0.037591
MP_R_DudukBerdiri_1,movenet,40,1.331675,ok,1,direct,0.392061,8,right_elbow,1,1,2.000000,555.390000,279.770000,2.000000,530.525024,232.014572,53.840950,49.625550,0,0.072000,0.010660
MP_R_DudukBerdiri_1,movenet,40,1.331675,ok,1,direct,0.392061,9,left_wrist,1,1,2.000000,696.280000,350.360000,2.000000,701.911011,295.126984,55.519315,49.625550,0,0.062000,0.001485
MP_R_DudukBerdiri_1,movenet,40,1.331675,ok,1,direct,0.392061,10,right_wrist,1,1,2.000000,593.940000,352.250000,0.000000,564.766785,291.966217,,49.625550,0,0.062000,0.000000
MP_R_DudukBerdiri_1,movenet,40,1.331675,ok,1,direct,0.392061,11,left_hip,1,1,2.000000,659.020000,345.000000,2.000000,671.992554,359.567749,19.506575,49.625550,1,0.107000,0.763451
MP_R_DudukBerdiri_1,movenet,40,1.331675,ok,1,direct,0.392061,12,right_hip,1,1,2.000000,581.980000,343.100000,2.000000,598.288635,366.240204,28.309727,49.625550,1,0.107000,0.566380
MP_R_DudukBerdiri_1,movenet,40,1.331675,ok,1,direct,0.392061,13,left_knee,1,1,2.000000,664.970000,454.060000,2.000000,698.338928,448.678864,33.800030,49.625550,1,0.087000,0.293527
MP_R_DudukBerdiri_1,movenet,40,1.331675,ok,1,direct,0.392061,14,right_knee,1,1,2.000000,586.210000,458.070000,2.000000,634.875488,479.414185,53.140417,49.625550,0,0.087000,0.048320
MP_R_DudukBerdiri_1,movenet,40,1.331675,ok,1,direct,0.392061,15,left_ankle,1,1,2.000000,667.040000,597.150000,0.000000,694.860901,560.398193,,49.625550,0,0.089000,0.000000
MP_R_DudukBerdiri_1,movenet,40,1.331675,ok,1,direct,0.392061,16,right_ankle,1,0,0.000000,571.190000,599.330000,0.000000,644.676514,563.947144,,,,0.089000,
MP_R_DudukBerdiri_1,movenet,41,1.364966,ok,1,direct,0.409601,0,nose,0,0,0.000000,0.000000,0.000000,2.000000,621.306702,80.287727,,,,0.026000,
MP_R_DudukBerdiri_1,movenet,41,1.364966,ok,1,direct,0.409601,1,left_eye,0,0,0.000000,0.000000,0.000000,2.000000,634.905029,68.991241,,,,0.025000,
MP_R_DudukBerdiri_1,movenet,41,1.364966,ok,1,direct,0.409601,2,right_eye,0,0,0.000000,0.000000,0.000000,2.000000,601.159546,70.124008,,,,0.025000,
MP_R_DudukBerdiri_1,movenet,41,1.364966,ok,1,direct,0.409601,3,left_ear,0,0,0.000000,0.000000,0.000000,2.000000,649.700012,76.697044,,,,0.035000,
MP_R_DudukBerdiri_1,movenet,41,1.364966,ok,1,direct,0.409601,4,right_ear,0,0,0.000000,0.000000,0.000000,2.000000,583.958252,80.377037,,,,0.035000,
MP_R_DudukBerdiri_1,movenet,41,1.364966,ok,1,direct,0.409601,5,left_shoulder,1,1,2.000000,673.260000,169.860000,2.000000,678.340454,155.448303,15.280969,49.826484,1,0.079000,0.739775
MP_R_DudukBerdiri_1,movenet,41,1.364966,ok,1,direct,0.409601,6,right_shoulder,1,1,2.000000,552.980000,167.440000,2.000000,557.531982,151.554550,16.524771,49.826484,1,0.079000,0.702947
MP_R_DudukBerdiri_1,movenet,41,1.364966,ok,1,direct,0.409601,7,left_elbow,1,1,2.000000,694.790000,274.400000,2.000000,685.115051,236.065994,39.536067,49.826484,1,0.072000,0.088123
MP_R_DudukBerdiri_1,movenet,41,1.364966,ok,1,direct,0.409601,8,right_elbow,1,1,2.000000,555.590000,279.090000,2.000000,527.924133,233.584488,53.255533,49.826484,0,0.072000,0.012188
MP_R_DudukBerdiri_1,movenet,41,1.364966,ok,1,direct,0.409601,9,left_wrist,1,1,2.000000,697.510000,349.540000,2.000000,702.668518,295.701263,54.085302,49.826484,0,0.062000,0.002176
MP_R_DudukBerdiri_1,movenet,41,1.364966,ok,1,direct,0.409601,10,right_wrist,1,1,2.000000,594.010000,351.980000,0.000000,567.710266,297.055450,,49.826484,0,0.062000,0.000000
MP_R_DudukBerdiri_1,movenet,41,1.364966,ok,1,direct,0.409601,11,left_hip,1,1,2.000000,659.150000,344.450000,2.000000,672.227661,355.662842,17.226521,49.826484,1,0.107000,0.811555
MP_R_DudukBerdiri_1,movenet,41,1.364966,ok,1,direct,0.409601,12,right_hip,1,1,2.000000,582.120000,342.550000,2.000000,605.401184,363.425842,31.270023,49.826484,1,0.107000,0.502572
MP_R_DudukBerdiri_1,movenet,41,1.364966,ok,1,direct,0.409601,13,left_knee,1,1,2.000000,665.030000,453.790000,2.000000,699.613525,469.663452,38.052421,49.826484,1,0.087000,0.214142
MP_R_DudukBerdiri_1,movenet,41,1.364966,ok,1,direct,0.409601,14,right_knee,1,1,2.000000,586.280000,457.790000,2.000000,630.275391,486.407196,52.483696,49.826484,0,0.087000,0.053306
MP_R_DudukBerdiri_1,movenet,41,1.364966,ok,1,direct,0.409601,15,left_ankle,1,1,2.000000,667.110000,596.880000,0.000000,696.744690,561.585083,,49.826484,0,0.089000,0.000000
MP_R_DudukBerdiri_1,movenet,41,1.364966,ok,1,direct,0.409601,16,right_ankle,1,0,0.000000,571.260000,599.050000,0.000000,625.584961,574.543335,,,,0.089000,
MP_R_DudukBerdiri_1,movenet,42,1.398258,ok,1,direct,0.427256,0,nose,0,0,0.000000,0.000000,0.000000,2.000000,620.670776,80.483353,,,,0.026000,
MP_R_DudukBerdiri_1,movenet,42,1.398258,ok,1,direct,0.427256,1,left_eye,0,0,0.000000,0.000000,0.000000,2.000000,634.183899,69.052032,,,,0.025000,
MP_R_DudukBerdiri_1,movenet,42,1.398258,ok,1,direct,0.427256,2,right_eye,0,0,0.000000,0.000000,0.000000,2.000000,600.285767,70.143784,,,,0.025000,
MP_R_DudukBerdiri_1,movenet,42,1.398258,ok,1,direct,0.427256,3,left_ear,0,0,0.000000,0.000000,0.000000,2.000000,649.600220,76.509399,,,,0.035000,
MP_R_DudukBerdiri_1,movenet,42,1.398258,ok,1,direct,0.427256,4,right_ear,0,0,0.000000,0.000000,0.000000,2.000000,583.743713,80.367798,,,,0.035000,
MP_R_DudukBerdiri_1,movenet,42,1.398258,ok,1,direct,0.427256,5,left_shoulder,1,1,2.000000,673.940000,169.580000,2.000000,681.332764,155.190292,16.177659,50.026039,1,0.079000,0.715244
MP_R_DudukBerdiri_1,movenet,42,1.398258,ok,1,direct,0.427256,6,right_shoulder,1,1,2.000000,553.050000,167.170000,2.000000,557.493103,151.704941,16.090656,50.026039,1,0.079000,0.717820
MP_R_DudukBerdiri_1,movenet,42,1.398258,ok,1,direct,0.427256,7,left_elbow,1,1,2.000000,693.830000,272.210000,2.000000,685.845093,234.390289,38.653451,50.026039,1,0.072000,0.099929
MP_R_DudukBerdiri_1,movenet,42,1.398258,ok,1,direct,0.427256,8,right_elbow,1,1,2.000000,555.800000,278.410000,2.000000,527.963196,233.905365,52.493335,50.026039,0,0.072000,0.014293
MP_R_DudukBerdiri_1,movenet,42,1.398258,ok,1,direct,0.427256,9,left_wrist,1,1,2.000000,698.740000,348.720000,2.000000,704.671875,296.439026,52.616418,50.026039,0,0.062000,0.003165
MP_R_DudukBerdiri_1,movenet,42,1.398258,ok,1,direct,0.427256,10,right_wrist,1,1,2.000000,594.080000,351.710000,2.000000,345.456512,242.368927,271.604692,50.026039,0,0.062000,0.000000
MP_R_DudukBerdiri_1,movenet,42,1.398258,ok,1,direct,0.427256,11,left_hip,1,1,2.000000,659.290000,343.910000,2.000000,670.840515,360.743256,20.415016,50.026039,1,0.107000,0.747577
MP_R_DudukBerdiri_1,movenet,42,1.398258,ok,1,direct,0.427256,12,right_hip,1,1,2.000000,582.250000,342.000000,2.000000,603.944397,364.774414,31.453470,50.026039,1,0.107000,0.501291
MP_R_DudukBerdiri_1,movenet,42,1.398258,ok,1,direct,0.427256,13,left_knee,1,1,2.000000,665.100000,453.510000,2.000000,700.590759,470.177795,39.209813,50.026039,1,0.087000,0.197254
MP_R_DudukBerdiri_1,movenet,42,1.398258,ok,1,direct,0.427256,14,right_knee,1,1,2.000000,586.350000,457.520000,2.000000,634.405151,486.227844,55.977119,50.026039,0,0.087000,0.036574
MP_R_DudukBerdiri_1,movenet,42,1.398258,ok,1,direct,0.427256,15,left_ankle,1,1,2.000000,667.180000,596.610000,0.000000,685.469360,564.258301,,50.026039,0,0.089000,0.000000
MP_R_DudukBerdiri_1,movenet,42,1.398258,ok,1,direct,0.427256,16,right_ankle,1,0,0.000000,571.330000,598.780000,0.000000,623.620056,576.239929,,,,0.089000,
MP_R_DudukBerdiri_1,movenet,43,1.431550,ok,1,direct,0.434237,0,nose,0,0,0.000000,0.000000,0.000000,2.000000,620.787231,80.850792,,,,0.026000,
MP_R_DudukBerdiri_1,movenet,43,1.431550,ok,1,direct,0.434237,1,left_eye,0,0,0.000000,0.000000,0.000000,2.000000,634.548767,69.391495,,,,0.025000,
MP_R_DudukBerdiri_1,movenet,43,1.431550,ok,1,direct,0.434237,2,right_eye,0,0,0.000000,0.000000,0.000000,2.000000,600.347900,70.556610,,,,0.025000,
MP_R_DudukBerdiri_1,movenet,43,1.431550,ok,1,direct,0.434237,3,left_ear,0,0,0.000000,0.000000,0.000000,2.000000,654.371887,76.448021,,,,0.035000,
MP_R_DudukBerdiri_1,movenet,43,1.431550,ok,1,direct,0.434237,4,right_ear,0,0,0.000000,0.000000,0.000000,2.000000,584.313477,81.041527,,,,0.035000,
MP_R_DudukBerdiri_1,movenet,43,1.431550,ok,1,direct,0.434237,5,left_shoulder,1,1,2.000000,674.620000,169.310000,2.000000,683.121826,155.921860,15.859488,50.224215,1,0.079000,0.726482
MP_R_DudukBerdiri_1,movenet,43,1.431550,ok,1,direct,0.434237,6,right_shoulder,1,1,2.000000,553.120000,166.900000,2.000000,557.482910,151.225449,16.270419,50.224215,1,0.079000,0.714398
MP_R_DudukBerdiri_1,movenet,43,1.431550,ok,1,direct,0.434237,7,left_elbow,1,1,2.000000,692.880000,270.020000,2.000000,684.887146,236.873367,34.096700,50.224215,1,0.072000,0.168954
MP_R_DudukBerdiri_1,movenet,43,1.431550,ok,1,direct,0.434237,8,right_elbow,1,1,2.000000,556.000000,277.720000,2.000000,517.465149,236.892548,56.141033,50.224215,0,0.072000,0.008062
MP_R_DudukBerdiri_1,movenet,43,1.431550,ok,1,direct,0.434237,9,left_wrist,1,1,2.000000,699.970000,347.900000,2.000000,704.166260,302.649109,45.445041,50.224215,1,0.062000,0.014125
MP_R_DudukBerdiri_1,movenet,43,1.431550,ok,1,direct,0.434237,10,right_wrist,1,1,2.000000,594.140000,351.430000,2.000000,345.386688,241.680252,271.888244,50.224215,0,0.062000,0.000000
MP_R_DudukBerdiri_1,movenet,43,1.431550,ok,1,direct,0.434237,11,left_hip,1,1,2.000000,659.430000,343.360000,2.000000,668.489258,364.645416,23.133074,50.224215,1,0.107000,0.690322
MP_R_DudukBerdiri_1,movenet,43,1.431550,ok,1,direct,0.434237,12,right_hip,1,1,2.000000,582.390000,341.460000,2.000000,597.900208,368.975372,31.585792,50.224215,1,0.107000,0.501121
MP_R_DudukBerdiri_1,movenet,43,1.431550,ok,1,direct,0.434237,13,left_knee,1,1,2.000000,665.170000,453.240000,2.000000,682.738708,470.020813,24.295168,50.224215,1,0.087000,0.538855
MP_R_DudukBerdiri_1,movenet,43,1.431550,ok,1,direct,0.434237,14,right_knee,1,1,2.000000,586.420000,457.250000,2.000000,620.085022,484.398804,43.248020,50.224215,1,0.087000,0.140959
MP_R_DudukBerdiri_1,movenet,43,1.431550,ok,1,direct,0.434237,15,left_ankle,1,1,2.000000,667.250000,596.330000,0.000000,682.771118,565.411438,,50.224215,0,0.089000,0.000000
MP_R_DudukBerdiri_1,movenet,43,1.431550,ok,1,direct,0.434237,16,right_ankle,1,0,0.000000,571.400000,598.510000,0.000000,596.869995,563.743835,,,,0.089000,
MP_R_DudukBerdiri_1,movenet,44,1.464842,ok,1,direct,0.428839,0,nose,0,0,0.000000,0.000000,0.000000,2.000000,620.984436,81.185524,,,,0.026000,
MP_R_DudukBerdiri_1,movenet,44,1.464842,ok,1,direct,0.428839,1,left_eye,0,0,0.000000,0.000000,0.000000,2.000000,634.503235,69.856430,,,,0.025000,
MP_R_DudukBerdiri_1,movenet,44,1.464842,ok,1,direct,0.428839,2,right_eye,0,0,0.000000,0.000000,0.000000,2.000000,600.415588,70.887764,,,,0.025000,
MP_R_DudukBerdiri_1,movenet,44,1.464842,ok,1,direct,0.428839,3,left_ear,0,0,0.000000,0.000000,0.000000,2.000000,654.570007,76.920692,,,,0.035000,
MP_R_DudukBerdiri_1,movenet,44,1.464842,ok,1,direct,0.428839,4,right_ear,0,0,0.000000,0.000000,0.000000,2.000000,584.492188,81.523460,,,,0.035000,
MP_R_DudukBerdiri_1,movenet,44,1.464842,ok,1,direct,0.428839,5,left_shoulder,1,1,2.000000,675.310000,169.040000,2.000000,687.312500,155.505096,18.090153,50.422778,1,0.079000,0.662004
MP_R_DudukBerdiri_1,movenet,44,1.464842,ok,1,direct,0.428839,6,right_shoulder,1,1,2.000000,553.190000,166.620000,2.000000,557.806641,150.428986,16.836339,50.422778,1,0.079000,0.699571
MP_R_DudukBerdiri_1,movenet,44,1.464842,ok,1,direct,0.428839,7,left_elbow,1,1,2.000000,691.920000,267.830000,2.000000,687.395691,236.378876,31.774874,50.422778,1,0.072000,0.216088
MP_R_DudukBerdiri_1,movenet,44,1.464842,ok,1,direct,0.428839,8,right_elbow,1,1,2.000000,556.210000,277.040000,2.000000,517.910217,237.051193,55.371274,50.422778,0,0.072000,0.009538
MP_R_DudukBerdiri_1,movenet,44,1.464842,ok,1,direct,0.428839,9,left_wrist,1,1,2.000000,701.200000,347.080000,2.000000,707.674072,304.527252,43.042420,50.422778,1,0.062000,0.022567
MP_R_DudukBerdiri_1,movenet,44,1.464842,ok,1,direct,0.428839,10,right_wrist,1,1,2.000000,594.210000,351.160000,2.000000,344.318207,243.355209,272.153966,50.422778,0,0.062000,0.000000
MP_R_DudukBerdiri_1,movenet,44,1.464842,ok,1,direct,0.428839,11,left_hip,1,1,2.000000,659.560000,342.810000,2.000000,667.329590,364.597137,23.131059,50.422778,1,0.107000,0.692380
MP_R_DudukBerdiri_1,movenet,44,1.464842,ok,1,direct,0.428839,12,right_hip,1,1,2.000000,582.530000,340.910000,2.000000,594.729126,367.664368,29.404334,50.422778,1,0.107000,0.552080
MP_R_DudukBerdiri_1,movenet,44,1.464842,ok,1,direct,0.428839,13,left_knee,1,1,2.000000,665.240000,452.970000,2.000000,680.976624,469.015320,22.474288,50.422778,1,0.087000,0.591591
MP_R_DudukBerdiri_1,movenet,44,1.464842,ok,1,direct,0.428839,14,right_knee,1,1,2.000000,586.480000,456.970000,2.000000,613.194702,477.387024,33.623358,50.422778,1,0.087000,0.308834
MP_R_DudukBerdiri_1,movenet,44,1.464842,ok,1,direct,0.428839,15,left_ankle,1,1,2.000000,667.320000,596.060000,0.000000,682.751526,565.106079,,50.422778,0,0.089000,0.000000
MP_R_DudukBerdiri_1,movenet,44,1.464842,ok,1,direct,0.428839,16,right_ankle,1,0,0.000000,571.470000,598.230000,0.000000,597.245117,552.267029,,,,0.089000,
MP_R_DudukBerdiri_1,movenet,45,1.498134,ok,1,direct,0.434148,0,nose,0,0,0.000000,0.000000,0.000000,2.000000,621.537170,82.150513,,,,0.026000,
MP_R_DudukBerdiri_1,movenet,45,1.498134,ok,1,direct,0.434148,1,left_eye,0,0,0.000000,0.000000,0.000000,2.000000,634.707764,71.062889,,,,0.025000,
MP_R_DudukBerdiri_1,movenet,45,1.498134,ok,1,direct,0.434148,2,right_eye,0,0,0.000000,0.000000,0.000000,2.000000,601.637024,72.092766,,,,0.025000,
MP_R_DudukBerdiri_1,movenet,45,1.498134,ok,1,direct,0.434148,3,left_ear,0,0,0.000000,0.000000,0.000000,2.000000,654.569458,77.112488,,,,0.035000,
MP_R_DudukBerdiri_1,movenet,45,1.498134,ok,1,direct,0.434148,4,right_ear,0,0,0.000000,0.000000,0.000000,2.000000,585.179321,82.026855,,,,0.035000,
MP_R_DudukBerdiri_1,movenet,45,1.498134,ok,1,direct,0.434148,5,left_shoulder,1,1,2.000000,675.250000,169.460000,2.000000,688.434814,154.276489,20.109160,50.136114,1,0.079000,0.597178
MP_R_DudukBerdiri_1,movenet,45,1.498134,ok,1,direct,0.434148,6,right_shoulder,1,1,2.000000,553.430000,167.230000,2.000000,558.341064,151.215042,16.751043,50.136114,1,0.079000,0.699260
MP_R_DudukBerdiri_1,movenet,45,1.498134,ok,1,direct,0.434148,7,left_elbow,1,1,2.000000,693.150000,268.650000,2.000000,686.060242,235.374466,34.022431,50.136114,1,0.072000,0.169209
MP_R_DudukBerdiri_1,movenet,45,1.498134,ok,1,direct,0.434148,8,right_elbow,1,1,2.000000,556.210000,277.040000,2.000000,530.261353,236.102356,48.468784,50.136114,1,0.072000,0.027169
MP_R_DudukBerdiri_1,movenet,45,1.498134,ok,1,direct,0.434148,9,left_wrist,1,1,2.000000,699.970000,347.220000,2.000000,707.891357,298.247437,49.609071,50.136114,1,0.062000,0.006133
MP_R_DudukBerdiri_1,movenet,45,1.498134,ok,1,direct,0.434148,10,right_wrist,1,1,2.000000,594.210000,351.160000,2.000000,344.999084,243.267181,271.563880,50.136114,0,0.062000,0.000000
MP_R_DudukBerdiri_1,movenet,45,1.498134,ok,1,direct,0.434148,11,left_hip,1,1,2.000000,659.560000,342.810000,2.000000,666.636719,365.448090,23.718412,50.136114,1,0.107000,0.676407
MP_R_DudukBerdiri_1,movenet,45,1.498134,ok,1,direct,0.434148,12,right_hip,1,1,2.000000,582.530000,340.910000,2.000000,593.481384,369.889160,30.979421,50.136114,1,0.107000,0.513260
MP_R_DudukBerdiri_1,movenet,45,1.498134,ok,1,direct,0.434148,13,left_knee,1,1,2.000000,665.240000,452.970000,2.000000,690.117188,456.064209,25.068877,50.136114,1,0.087000,0.516525
MP_R_DudukBerdiri_1,movenet,45,1.498134,ok,1,direct,0.434148,14,right_knee,1,1,2.000000,586.480000,456.970000,2.000000,622.067810,478.928253,41.816948,50.136114,1,0.087000,0.159102
MP_R_DudukBerdiri_1,movenet,45,1.498134,ok,1,direct,0.434148,15,left_ankle,1,1,2.000000,667.320000,596.060000,0.000000,675.913086,552.331177,,50.136114,0,0.089000,0.000000
MP_R_DudukBerdiri_1,movenet,45,1.498134,ok,1,direct,0.434148,16,right_ankle,1,0,0.000000,571.470000,598.230000,0.000000,610.885132,552.583496,,,,0.089000,
MP_R_DudukBerdiri_1,movenet,46,1.531426,ok,1,direct,0.398297,0,nose,0,0,0.000000,0.000000,0.000000,2.000000,619.069763,82.690628,,,,0.026000,
MP_R_DudukBerdiri_1,movenet,46,1.531426,ok,1,direct,0.398297,1,left_eye,0,0,0.000000,0.000000,0.000000,2.000000,633.605408,74.187790,,,,0.025000,
MP_R_DudukBerdiri_1,movenet,46,1.531426,ok,1,direct,0.398297,2,right_eye,0,0,0.000000,0.000000,0.000000,2.000000,601.486084,75.050117,,,,0.025000,
MP_R_DudukBerdiri_1,movenet,46,1.531426,ok,1,direct,0.398297,3,left_ear,0,0,0.000000,0.000000,0.000000,2.000000,653.350525,81.068985,,,,0.035000,
MP_R_DudukBerdiri_1,movenet,46,1.531426,ok,1,direct,0.398297,4,right_ear,0,0,0.000000,0.000000,0.000000,2.000000,582.487061,84.546936,,,,0.035000,
MP_R_DudukBerdiri_1,movenet,46,1.531426,ok,1,direct,0.398297,5,left_shoulder,1,1,2.000000,675.190000,169.890000,2.000000,681.905518,155.783157,15.623738,49.848521,1,0.079000,0.729931
MP_R_DudukBerdiri_1,movenet,46,1.531426,ok,1,direct,0.398297,6,right_shoulder,1,1,2.000000,553.670000,167.840000,2.000000,561.172180,156.507629,13.590634,49.848521,1,0.079000,0.788041
MP_R_DudukBerdiri_1,movenet,46,1.531426,ok,1,direct,0.398297,7,left_elbow,1,1,2.000000,694.380000,269.470000,2.000000,691.457886,236.865723,32.734961,49.848521,1,0.072000,0.189430
MP_R_DudukBerdiri_1,movenet,46,1.531426,ok,1,direct,0.398297,8,right_elbow,1,1,2.000000,556.210000,277.040000,2.000000,522.499451,244.565659,46.807948,49.848521,1,0.072000,0.033316
MP_R_DudukBerdiri_1,movenet,46,1.531426,ok,1,direct,0.398297,9,left_wrist,1,1,2.000000,698.740000,347.360000,2.000000,706.782532,302.049286,46.018943,49.848521,1,0.062000,0.011865
MP_R_DudukBerdiri_1,movenet,46,1.531426,ok,1,direct,0.398297,10,right_wrist,1,1,2.000000,594.210000,351.160000,0.000000,537.406372,321.090637,,49.848521,0,0.062000,0.000000
MP_R_DudukBerdiri_1,movenet,46,1.531426,ok,1,direct,0.398297,11,left_hip,1,1,2.000000,659.560000,342.810000,2.000000,670.470825,354.245667,15.805713,49.848521,1,0.107000,0.838933
MP_R_DudukBerdiri_1,movenet,46,1.531426,ok,1,direct,0.398297,12,right_hip,1,1,2.000000,582.530000,340.910000,2.000000,591.811462,366.641907,27.354644,49.848521,1,0.107000,0.590940
MP_R_DudukBerdiri_1,movenet,46,1.531426,ok,1,direct,0.398297,13,left_knee,1,1,2.000000,665.240000,452.970000,2.000000,691.957336,455.404846,26.828055,49.848521,1,0.087000,0.465167
MP_R_DudukBerdiri_1,movenet,46,1.531426,ok,1,direct,0.398297,14,right_knee,1,1,2.000000,586.480000,456.970000,2.000000,609.461243,473.516327,28.318165,49.848521,1,0.087000,0.426245
MP_R_DudukBerdiri_1,movenet,46,1.531426,ok,1,direct,0.398297,15,left_ankle,1,1,2.000000,667.320000,596.060000,0.000000,688.832520,537.389832,,49.848521,0,0.089000,0.000000
MP_R_DudukBerdiri_1,movenet,46,1.531426,ok,1,direct,0.398297,16,right_ankle,1,0,0.000000,571.470000,598.230000,0.000000,604.319702,549.601562,,,,0.089000,
MP_R_DudukBerdiri_1,movenet,47,1.564718,ok,1,direct,0.423538,0,nose,0,0,0.000000,0.000000,0.000000,2.000000,619.324829,83.203102,,,,0.026000,
MP_R_DudukBerdiri_1,movenet,47,1.564718,ok,1,direct,0.423538,1,left_eye,0,0,0.000000,0.000000,0.000000,2.000000,633.842712,74.833244,,,,0.025000,
MP_R_DudukBerdiri_1,movenet,47,1.564718,ok,1,direct,0.423538,2,right_eye,0,0,0.000000,0.000000,0.000000,2.000000,602.421631,75.755966,,,,0.025000,
MP_R_DudukBerdiri_1,movenet,47,1.564718,ok,1,direct,0.423538,3,left_ear,0,0,0.000000,0.000000,0.000000,2.000000,653.801575,81.409676,,,,0.035000,
MP_R_DudukBerdiri_1,movenet,47,1.564718,ok,1,direct,0.423538,4,right_ear,0,0,0.000000,0.000000,0.000000,2.000000,584.374207,84.512634,,,,0.035000,
MP_R_DudukBerdiri_1,movenet,47,1.564718,ok,1,direct,0.423538,5,left_shoulder,1,1,2.000000,675.130000,170.310000,2.000000,680.573364,156.080978,15.234673,49.559982,1,0.079000,0.738734
MP_R_DudukBerdiri_1,movenet,47,1.564718,ok,1,direct,0.423538,6,right_shoulder,1,1,2.000000,553.910000,168.450000,2.000000,559.803406,155.683182,14.061432,49.559982,1,0.079000,0.772617
MP_R_DudukBerdiri_1,movenet,47,1.564718,ok,1,direct,0.423538,7,left_elbow,1,1,2.000000,695.610000,270.290000,2.000000,689.303711,238.574814,32.336084,49.559982,1,0.072000,0.193516
MP_R_DudukBerdiri_1,movenet,47,1.564718,ok,1,direct,0.423538,8,right_elbow,1,1,2.000000,556.210000,277.040000,2.000000,537.152588,244.291092,37.890315,49.559982,1,0.072000,0.104867
MP_R_DudukBerdiri_1,movenet,47,1.564718,ok,1,direct,0.423538,9,left_wrist,1,1,2.000000,697.510000,347.490000,2.000000,707.425781,307.226349,41.466665,49.559982,1,0.062000,0.026191
MP_R_DudukBerdiri_1,movenet,47,1.564718,ok,1,direct,0.423538,10,right_wrist,1,1,2.000000,594.210000,351.160000,2.000000,540.786743,309.492554,67.751166,49.559982,0,0.062000,0.000060
MP_R_DudukBerdiri_1,movenet,47,1.564718,ok,1,direct,0.423538,11,left_hip,1,1,2.000000,659.560000,342.810000,2.000000,671.340881,346.251282,12.273206,49.559982,1,0.107000,0.898408
MP_R_DudukBerdiri_1,movenet,47,1.564718,ok,1,direct,0.423538,12,right_hip,1,1,2.000000,582.530000,340.910000,2.000000,604.220459,354.045654,25.357867,49.559982,1,0.107000,0.632974
MP_R_DudukBerdiri_1,movenet,47,1.564718,ok,1,direct,0.423538,13,left_knee,1,1,2.000000,665.240000,452.970000,2.000000,681.182556,445.270355,17.704509,49.559982,1,0.087000,0.713761
MP_R_DudukBerdiri_1,movenet,47,1.564718,ok,1,direct,0.423538,14,right_knee,1,1,2.000000,586.480000,456.970000,2.000000,624.544006,462.798523,38.507665,49.559982,1,0.087000,0.202862
MP_R_DudukBerdiri_1,movenet,47,1.564718,ok,1,direct,0.423538,15,left_ankle,1,1,2.000000,667.320000,596.060000,0.000000,671.142944,545.197327,,49.559982,0,0.089000,0.000000
MP_R_DudukBerdiri_1,movenet,47,1.564718,ok,1,direct,0.423538,16,right_ankle,1,0,0.000000,571.470000,598.230000,0.000000,630.322083,552.372253,,,,0.089000,
MP_R_DudukBerdiri_1,movenet,48,1.598009,ok,1,direct,0.453373,0,nose,0,0,0.000000,0.000000,0.000000,2.000000,618.589355,82.971413,,,,0.026000,
MP_R_DudukBerdiri_1,movenet,48,1.598009,ok,1,direct,0.453373,1,left_eye,0,0,0.000000,0.000000,0.000000,2.000000,633.880249,73.625465,,,,0.025000,
MP_R_DudukBerdiri_1,movenet,48,1.598009,ok,1,direct,0.453373,2,right_eye,0,0,0.000000,0.000000,0.000000,2.000000,601.386841,74.432579,,,,0.025000,
MP_R_DudukBerdiri_1,movenet,48,1.598009,ok,1,direct,0.453373,3,left_ear,0,0,0.000000,0.000000,0.000000,2.000000,653.903320,81.048759,,,,0.035000,
MP_R_DudukBerdiri_1,movenet,48,1.598009,ok,1,direct,0.453373,4,right_ear,0,0,0.000000,0.000000,0.000000,2.000000,583.161499,84.271500,,,,0.035000,
MP_R_DudukBerdiri_1,movenet,48,1.598009,ok,1,direct,0.453373,5,left_shoulder,1,1,2.000000,675.060000,170.740000,2.000000,680.894531,155.775528,16.061668,49.366299,1,0.079000,0.712318
MP_R_DudukBerdiri_1,movenet,48,1.598009,ok,1,direct,0.453373,6,right_shoulder,1,1,2.000000,554.160000,169.050000,2.000000,561.033203,155.716660,15.000630,49.366299,1,0.079000,0.743868
MP_R_DudukBerdiri_1,movenet,48,1.598009,ok,1,direct,0.453373,7,left_elbow,1,1,2.000000,696.840000,271.110000,2.000000,689.169617,240.454758,31.600295,49.366299,1,0.072000,0.205803
MP_R_DudukBerdiri_1,movenet,48,1.598009,ok,1,direct,0.453373,8,right_elbow,1,1,2.000000,556.210000,277.040000,2.000000,546.319885,254.778229,24.359820,49.366299,1,0.072000,0.390861
MP_R_DudukBerdiri_1,movenet,48,1.598009,ok,1,direct,0.453373,9,left_wrist,1,1,2.000000,696.280000,347.630000,2.000000,709.086792,314.586426,35.438563,49.366299,1,0.062000,0.068477
MP_R_DudukBerdiri_1,movenet,48,1.598009,ok,1,direct,0.453373,10,right_wrist,1,1,2.000000,594.210000,351.160000,2.000000,527.752319,322.651978,72.314111,49.366299,0,0.062000,0.000014
MP_R_DudukBerdiri_1,movenet,48,1.598009,ok,1,direct,0.453373,11,left_hip,1,1,2.000000,659.560000,342.810000,2.000000,676.557495,336.734528,18.050657,49.366299,1,0.107000,0.791715
MP_R_DudukBerdiri_1,movenet,48,1.598009,ok,1,direct,0.453373,12,right_hip,1,1,2.000000,582.530000,340.910000,2.000000,603.767578,345.006073,21.628975,49.366299,1,0.107000,0.715102
MP_R_DudukBerdiri_1,movenet,48,1.598009,ok,1,direct,0.453373,13,left_knee,1,1,2.000000,665.240000,452.970000,2.000000,686.275330,440.397095,24.506388,49.366299,1,0.087000,0.521440
MP_R_DudukBerdiri_1,movenet,48,1.598009,ok,1,direct,0.453373,14,right_knee,1,1,2.000000,586.480000,456.970000,2.000000,610.468689,460.736267,24.282544,49.366299,1,0.087000,0.527651
MP_R_DudukBerdiri_1,movenet,48,1.598009,ok,1,direct,0.453373,15,left_ankle,1,1,2.000000,667.320000,596.060000,0.000000,685.265503,542.437195,,49.366299,0,0.089000,0.000000
MP_R_DudukBerdiri_1,movenet,48,1.598009,ok,1,direct,0.453373,16,right_ankle,1,0,0.000000,571.470000,598.230000,0.000000,631.462158,552.279663,,,,0.089000,
MP_R_DudukBerdiri_1,movenet,49,1.631301,ok,1,direct,0.451017,0,nose,0,0,0.000000,0.000000,0.000000,2.000000,618.012634,82.076874,,,,0.026000,
MP_R_DudukBerdiri_1,movenet,49,1.631301,ok,1,direct,0.451017,1,left_eye,0,0,0.000000,0.000000,0.000000,2.000000,632.907349,73.060860,,,,0.025000,
MP_R_DudukBerdiri_1,movenet,49,1.631301,ok,1,direct,0.451017,2,right_eye,0,0,0.000000,0.000000,0.000000,2.000000,603.545898,74.260262,,,,0.025000,
MP_R_DudukBerdiri_1,movenet,49,1.631301,ok,1,direct,0.451017,3,left_ear,0,0,0.000000,0.000000,0.000000,2.000000,652.728210,81.208519,,,,0.035000,
MP_R_DudukBerdiri_1,movenet,49,1.631301,ok,1,direct,0.451017,4,right_ear,0,0,0.000000,0.000000,0.000000,2.000000,583.205811,84.570663,,,,0.035000,
MP_R_DudukBerdiri_1,movenet,49,1.631301,ok,1,direct,0.451017,5,left_shoulder,1,1,2.000000,675.000000,171.160000,2.000000,680.030212,153.675156,18.194033,49.289519,1,0.079000,0.646203
MP_R_DudukBerdiri_1,movenet,49,1.631301,ok,1,direct,0.451017,6,right_shoulder,1,1,2.000000,554.400000,169.660000,2.000000,562.895264,156.236023,15.886241,49.289519,1,0.079000,0.716845
MP_R_DudukBerdiri_1,movenet,49,1.631301,ok,1,direct,0.451017,7,left_elbow,1,1,2.000000,696.840000,271.110000,2.000000,681.250977,240.516830,34.335982,49.289519,1,0.072000,0.153783
MP_R_DudukBerdiri_1,movenet,49,1.631301,ok,1,direct,0.451017,8,right_elbow,1,1,2.000000,556.210000,277.040000,2.000000,554.935120,249.282654,27.786608,49.289519,1,0.072000,0.293434
MP_R_DudukBerdiri_1,movenet,49,1.631301,ok,1,direct,0.451017,9,left_wrist,1,1,2.000000,696.280000,347.630000,2.000000,706.645386,315.385529,33.869561,49.289519,1,0.062000,0.085715
MP_R_DudukBerdiri_1,movenet,49,1.631301,ok,1,direct,0.451017,10,right_wrist,1,1,2.000000,594.210000,351.160000,2.000000,534.678833,305.392273,75.090909,49.289519,0,0.062000,0.000006
MP_R_DudukBerdiri_1,movenet,49,1.631301,ok,1,direct,0.451017,11,left_hip,1,1,2.000000,659.560000,342.810000,2.000000,670.768494,341.130188,11.333671,49.289519,1,0.107000,0.911775
MP_R_DudukBerdiri_1,movenet,49,1.631301,ok,1,direct,0.451017,12,right_hip,1,1,2.000000,582.530000,340.910000,2.000000,588.535522,352.453766,13.012487,49.289519,1,0.107000,0.885368
MP_R_DudukBerdiri_1,movenet,49,1.631301,ok,1,direct,0.451017,13,left_knee,1,1,2.000000,665.240000,452.970000,2.000000,677.269958,464.591217,16.726404,49.289519,1,0.087000,0.737647
MP_R_DudukBerdiri_1,movenet,49,1.631301,ok,1,direct,0.451017,14,right_knee,1,1,2.000000,586.480000,456.970000,2.000000,611.274109,482.310394,35.452552,49.289519,1,0.087000,0.254863
MP_R_DudukBerdiri_1,movenet,49,1.631301,ok,1,direct,0.451017,15,left_ankle,1,1,2.000000,667.320000,596.060000,0.000000,671.769958,557.971252,,49.289519,0,0.089000,0.000000
MP_R_DudukBerdiri_1,movenet,49,1.631301,ok,1,direct,0.451017,16,right_ankle,1,0,0.000000,571.470000,598.230000,0.000000,625.708557,563.533508,,,,0.089000,
MP_R_DudukBerdiri_1,movenet,50,1.664593,ok,1,direct,0.502153,0,nose,0,0,0.000000,0.000000,0.000000,2.000000,616.393188,79.652878,,,,0.026000,
MP_R_DudukBerdiri_1,movenet,50,1.664593,ok,1,direct,0.502153,1,left_eye,0,0,0.000000,0.000000,0.000000,2.000000,632.347778,69.904930,,,,0.025000,
MP_R_DudukBerdiri_1,movenet,50,1.664593,ok,1,direct,0.502153,2,right_eye,0,0,0.000000,0.000000,0.000000,2.000000,600.541321,71.726906,,,,0.025000,
MP_R_DudukBerdiri_1,movenet,50,1.664593,ok,1,direct,0.502153,3,left_ear,0,0,0.000000,0.000000,0.000000,2.000000,649.931885,78.784378,,,,0.035000,
MP_R_DudukBerdiri_1,movenet,50,1.664593,ok,1,direct,0.502153,4,right_ear,0,0,0.000000,0.000000,0.000000,2.000000,583.800720,81.769669,,,,0.035000,
MP_R_DudukBerdiri_1,movenet,50,1.664593,ok,1,direct,0.502153,5,left_shoulder,1,1,2.000000,674.940000,171.590000,2.000000,676.915955,152.591721,19.100760,49.212737,1,0.079000,0.617084
MP_R_DudukBerdiri_1,movenet,50,1.664593,ok,1,direct,0.502153,6,right_shoulder,1,1,2.000000,554.640000,170.270000,2.000000,562.560120,154.357452,17.774630,49.212737,1,0.079000,0.658333
MP_R_DudukBerdiri_1,movenet,50,1.664593,ok,1,direct,0.502153,7,left_elbow,1,1,2.000000,696.840000,271.110000,2.000000,681.523132,238.445847,36.077047,49.212737,1,0.072000,0.125764
MP_R_DudukBerdiri_1,movenet,50,1.664593,ok,1,direct,0.502153,8,right_elbow,1,1,2.000000,556.210000,277.040000,2.000000,551.140381,240.870529,36.523029,49.212737,1,0.072000,0.119442
MP_R_DudukBerdiri_1,movenet,50,1.664593,ok,1,direct,0.502153,9,left_wrist,1,1,2.000000,696.280000,347.630000,2.000000,712.268982,309.787018,41.082099,49.212737,1,0.062000,0.026629
MP_R_DudukBerdiri_1,movenet,50,1.664593,ok,1,direct,0.502153,10,right_wrist,1,1,2.000000,594.210000,351.160000,2.000000,540.818359,304.700439,70.775406,49.212737,0,0.062000,0.000021
MP_R_DudukBerdiri_1,movenet,50,1.664593,ok,1,direct,0.502153,11,left_hip,1,1,2.000000,659.560000,342.810000,2.000000,672.612671,329.389465,18.721190,49.212737,1,0.107000,0.776624
MP_R_DudukBerdiri_1,movenet,50,1.664593,ok,1,direct,0.502153,12,right_hip,1,1,2.000000,582.530000,340.910000,2.000000,591.285400,337.799347,9.291566,49.212737,1,0.107000,0.939628
MP_R_DudukBerdiri_1,movenet,50,1.664593,ok,1,direct,0.502153,13,left_knee,1,1,2.000000,665.240000,452.970000,2.000000,681.735779,460.675110,18.206577,49.212737,1,0.087000,0.696523
MP_R_DudukBerdiri_1,movenet,50,1.664593,ok,1,direct,0.502153,14,right_knee,1,1,2.000000,586.480000,456.970000,2.000000,604.162537,475.198853,25.396125,49.212737,1,0.087000,0.494764
MP_R_DudukBerdiri_1,movenet,50,1.664593,ok,1,direct,0.502153,15,left_ankle,1,1,2.000000,667.320000,596.060000,2.000000,690.582825,607.267334,25.821761,49.212737,1,0.089000,0.499009
MP_R_DudukBerdiri_1,movenet,50,1.664593,ok,1,direct,0.502153,16,right_ankle,1,0,0.000000,571.470000,598.230000,0.000000,624.091431,570.503845,,,,0.089000,
MP_R_DudukBerdiri_1,movenet,51,1.697885,ok,1,direct,0.510843,0,nose,0,0,0.000000,0.000000,0.000000,2.000000,616.750916,79.427780,,,,0.026000,
MP_R_DudukBerdiri_1,movenet,51,1.697885,ok,1,direct,0.510843,1,left_eye,0,0,0.000000,0.000000,0.000000,2.000000,632.374939,70.049652,,,,0.025000,
MP_R_DudukBerdiri_1,movenet,51,1.697885,ok,1,direct,0.510843,2,right_eye,0,0,0.000000,0.000000,0.000000,2.000000,601.165222,71.684639,,,,0.025000,
MP_R_DudukBerdiri_1,movenet,51,1.697885,ok,1,direct,0.510843,3,left_ear,0,0,0.000000,0.000000,0.000000,2.000000,649.030273,78.869148,,,,0.035000,
MP_R_DudukBerdiri_1,movenet,51,1.697885,ok,1,direct,0.510843,4,right_ear,0,0,0.000000,0.000000,0.000000,2.000000,583.841614,81.356812,,,,0.035000,
MP_R_DudukBerdiri_1,movenet,51,1.697885,ok,1,direct,0.510843,5,left_shoulder,1,1,2.000000,674.880000,172.010000,2.000000,677.222412,152.589813,19.560944,49.134225,1,0.079000,0.601752
MP_R_DudukBerdiri_1,movenet,51,1.697885,ok,1,direct,0.510843,6,right_shoulder,1,1,2.000000,554.890000,170.880000,2.000000,561.333130,153.224213,18.794700,49.134225,1,0.079000,0.625691
MP_R_DudukBerdiri_1,movenet,51,1.697885,ok,1,direct,0.510843,7,left_elbow,1,1,2.000000,696.840000,271.110000,2.000000,677.354370,237.159851,39.144634,49.134225,1,0.072000,0.086403
MP_R_DudukBerdiri_1,movenet,51,1.697885,ok,1,direct,0.510843,8,right_elbow,1,1,2.000000,556.210000,277.040000,2.000000,551.817566,238.662506,38.628041,49.134225,1,0.072000,0.092133
MP_R_DudukBerdiri_1,movenet,51,1.697885,ok,1,direct,0.510843,9,left_wrist,1,1,2.000000,696.280000,347.630000,2.000000,711.807739,305.229065,45.154734,49.134225,1,0.062000,0.012348
MP_R_DudukBerdiri_1,movenet,51,1.697885,ok,1,direct,0.510843,10,right_wrist,1,1,2.000000,594.210000,351.160000,2.000000,542.208740,303.642731,70.441620,49.134225,0,0.062000,0.000023
MP_R_DudukBerdiri_1,movenet,51,1.697885,ok,1,direct,0.510843,11,left_hip,1,1,2.000000,659.560000,342.810000,2.000000,671.609558,327.005859,19.873669,49.134225,1,0.107000,0.751419
MP_R_DudukBerdiri_1,movenet,51,1.697885,ok,1,direct,0.510843,12,right_hip,1,1,2.000000,582.530000,340.910000,2.000000,590.457886,332.211548,11.769216,49.134225,1,0.107000,0.904631
MP_R_DudukBerdiri_1,movenet,51,1.697885,ok,1,direct,0.510843,13,left_knee,1,1,2.000000,665.240000,452.970000,2.000000,669.100464,473.327148,20.719958,49.134225,1,0.087000,0.625068
MP_R_DudukBerdiri_1,movenet,51,1.697885,ok,1,direct,0.510843,14,right_knee,1,1,2.000000,586.480000,456.970000,2.000000,605.050781,477.051697,27.352303,49.134225,1,0.087000,0.440933
MP_R_DudukBerdiri_1,movenet,51,1.697885,ok,1,direct,0.510843,15,left_ankle,1,1,2.000000,667.320000,596.060000,2.000000,686.711487,615.432495,27.410278,49.134225,1,0.089000,0.455758
MP_R_DudukBerdiri_1,movenet,51,1.697885,ok,1,direct,0.510843,16,right_ankle,1,0,0.000000,571.470000,598.230000,0.000000,583.361633,555.660217,,,,0.089000,
MP_R_DudukBerdiri_1,movenet,52,1.731177,ok,1,direct,0.456626,0,nose,0,0,0.000000,0.000000,0.000000,2.000000,618.041992,79.262695,,,,0.026000,
MP_R_DudukBerdiri_1,movenet,52,1.731177,ok,1,direct,0.456626,1,left_eye,0,0,0.000000,0.000000,0.000000,2.000000,633.994080,69.697945,,,,0.025000,
MP_R_DudukBerdiri_1,movenet,52,1.731177,ok,1,direct,0.456626,2,right_eye,0,0,0.000000,0.000000,0.000000,2.000000,601.820190,72.103569,,,,0.025000,
MP_R_DudukBerdiri_1,movenet,52,1.731177,ok,1,direct,0.456626,3,left_ear,0,0,0.000000,0.000000,0.000000,2.000000,650.962219,78.361046,,,,0.035000,
MP_R_DudukBerdiri_1,movenet,52,1.731177,ok,1,direct,0.456626,4,right_ear,0,0,0.000000,0.000000,0.000000,2.000000,581.299683,81.684151,,,,0.035000,
MP_R_DudukBerdiri_1,movenet,52,1.731177,ok,1,direct,0.456626,5,left_shoulder,1,1,2.000000,674.820000,172.440000,2.000000,678.820251,151.766586,21.056876,49.058019,1,0.079000,0.554108
MP_R_DudukBerdiri_1,movenet,52,1.731177,ok,1,direct,0.456626,6,right_shoulder,1,1,2.000000,555.130000,171.480000,2.000000,560.860046,155.196564,17.262205,49.058019,1,0.079000,0.672483
MP_R_DudukBerdiri_1,movenet,52,1.731177,ok,1,direct,0.456626,7,left_elbow,1,1,2.000000,696.840000,271.110000,2.000000,680.851440,243.377274,32.011532,49.058019,1,0.072000,0.193457
MP_R_DudukBerdiri_1,movenet,52,1.731177,ok,1,direct,0.456626,8,right_elbow,1,1,2.000000,556.210000,277.040000,2.000000,544.197998,259.422791,21.322623,49.058019,1,0.072000,0.482473
MP_R_DudukBerdiri_1,movenet,52,1.731177,ok,1,direct,0.456626,9,left_wrist,1,1,2.000000,696.280000,347.630000,2.000000,724.800171,312.023926,45.620091,49.058019,1,0.062000,0.011117
MP_R_DudukBerdiri_1,movenet,52,1.731177,ok,1,direct,0.456626,10,right_wrist,1,1,2.000000,594.210000,351.160000,2.000000,537.607361,292.516724,81.503942,49.058019,0,0.062000,0.000001
MP_R_DudukBerdiri_1,movenet,52,1.731177,ok,1,direct,0.456626,11,left_hip,1,1,2.000000,659.560000,342.810000,2.000000,670.456665,334.635254,13.622180,49.058019,1,0.107000,0.873987
MP_R_DudukBerdiri_1,movenet,52,1.731177,ok,1,direct,0.456626,12,right_hip,1,1,2.000000,582.530000,340.910000,2.000000,591.259644,348.483032,11.556708,49.058019,1,0.107000,0.907609
MP_R_DudukBerdiri_1,movenet,52,1.731177,ok,1,direct,0.456626,13,left_knee,1,1,2.000000,665.240000,452.970000,2.000000,658.626709,485.470825,33.166840,49.058019,1,0.087000,0.298867
MP_R_DudukBerdiri_1,movenet,52,1.731177,ok,1,direct,0.456626,14,right_knee,1,1,2.000000,586.480000,456.970000,2.000000,609.845764,489.979797,40.442622,49.058019,1,0.087000,0.166000
MP_R_DudukBerdiri_1,movenet,52,1.731177,ok,1,direct,0.456626,15,left_ankle,1,1,2.000000,667.320000,596.060000,0.000000,682.803284,620.798462,,49.058019,0,0.089000,0.000000
MP_R_DudukBerdiri_1,movenet,52,1.731177,ok,1,direct,0.456626,16,right_ankle,1,0,0.000000,571.470000,598.230000,2.000000,508.580872,651.420227,,,,0.089000,
MP_R_DudukBerdiri_1,movenet,53,1.764469,ok,1,direct,0.400306,0,nose,0,0,0.000000,0.000000,0.000000,2.000000,618.261414,79.521645,,,,0.026000,
MP_R_DudukBerdiri_1,movenet,53,1.764469,ok,1,direct,0.400306,1,left_eye,0,0,0.000000,0.000000,0.000000,2.000000,633.829468,69.382935,,,,0.025000,
MP_R_DudukBerdiri_1,movenet,53,1.764469,ok,1,direct,0.400306,2,right_eye,0,0,0.000000,0.000000,0.000000,2.000000,601.685852,71.889702,,,,0.025000,
MP_R_DudukBerdiri_1,movenet,53,1.764469,ok,1,direct,0.400306,3,left_ear,0,0,0.000000,0.000000,0.000000,2.000000,651.236877,76.370583,,,,0.035000,
MP_R_DudukBerdiri_1,movenet,53,1.764469,ok,1,direct,0.400306,4,right_ear,0,0,0.000000,0.000000,0.000000,2.000000,579.275024,80.673912,,,,0.035000,
MP_R_DudukBerdiri_1,movenet,53,1.764469,ok,1,direct,0.400306,5,left_shoulder,1,1,2.000000,674.760000,172.860000,2.000000,678.304077,155.666229,17.555234,48.981236,1,0.079000,0.662555
MP_R_DudukBerdiri_1,movenet,53,1.764469,ok,1,direct,0.400306,6,right_shoulder,1,1,2.000000,555.370000,172.090000,2.000000,557.974426,159.238586,13.112661,48.981236,1,0.079000,0.794798
MP_R_DudukBerdiri_1,movenet,53,1.764469,ok,1,direct,0.400306,7,left_elbow,1,1,2.000000,696.840000,271.110000,2.000000,675.730347,244.987793,33.585520,48.981236,1,0.072000,0.163020
MP_R_DudukBerdiri_1,movenet,53,1.764469,ok,1,direct,0.400306,8,right_elbow,1,1,2.000000,556.210000,277.040000,2.000000,528.266724,293.605652,32.484574,48.981236,1,0.072000,0.183248
MP_R_DudukBerdiri_1,movenet,53,1.764469,ok,1,direct,0.400306,9,left_wrist,1,1,2.000000,696.280000,347.630000,2.000000,730.736694,303.243805,56.190730,48.981236,0,0.062000,0.001062
MP_R_DudukBerdiri_1,movenet,53,1.764469,ok,1,direct,0.400306,10,right_wrist,1,1,2.000000,594.210000,351.160000,2.000000,543.557312,254.509796,109.119002,48.981236,0,0.062000,0.000000
MP_R_DudukBerdiri_1,movenet,53,1.764469,ok,1,direct,0.400306,11,left_hip,1,1,2.000000,659.560000,342.810000,2.000000,658.098206,336.046234,6.919926,48.981236,1,0.107000,0.965735
MP_R_DudukBerdiri_1,movenet,53,1.764469,ok,1,direct,0.400306,12,right_hip,1,1,2.000000,582.530000,340.910000,2.000000,581.106323,351.551727,10.736536,48.981236,1,0.107000,0.919493
MP_R_DudukBerdiri_1,movenet,53,1.764469,ok,1,direct,0.400306,13,left_knee,1,1,2.000000,665.240000,452.970000,2.000000,654.765076,477.546509,26.715704,48.981236,1,0.087000,0.455629
MP_R_DudukBerdiri_1,movenet,53,1.764469,ok,1,direct,0.400306,14,right_knee,1,1,2.000000,586.480000,456.970000,2.000000,608.541504,489.761414,39.521978,48.981236,1,0.087000,0.179009
MP_R_DudukBerdiri_1,movenet,53,1.764469,ok,1,direct,0.400306,15,left_ankle,1,1,2.000000,667.320000,596.060000,0.000000,678.569275,612.431335,,48.981236,0,0.089000,0.000000
MP_R_DudukBerdiri_1,movenet,53,1.764469,ok,1,direct,0.400306,16,right_ankle,1,0,0.000000,571.470000,598.230000,0.000000,626.340881,595.438416,,,,0.089000,
MP_R_DudukBerdiri_1,movenet,54,1.797761,ok,1,direct,0.416359,0,nose,0,0,0.000000,0.000000,0.000000,2.000000,388.305847,200.629303,,,,0.026000,
MP_R_DudukBerdiri_1,movenet,54,1.797761,ok,1,direct,0.416359,1,left_eye,0,0,0.000000,0.000000,0.000000,2.000000,373.023224,186.574051,,,,0.025000,
MP_R_DudukBerdiri_1,movenet,54,1.797761,ok,1,direct,0.416359,2,right_eye,0,0,0.000000,0.000000,0.000000,2.000000,367.248352,189.610916,,,,0.025000,
MP_R_DudukBerdiri_1,movenet,54,1.797761,ok,1,direct,0.416359,3,left_ear,0,0,0.000000,0.000000,0.000000,2.000000,650.089966,75.922905,,,,0.035000,
MP_R_DudukBerdiri_1,movenet,54,1.797761,ok,1,direct,0.416359,4,right_ear,0,0,0.000000,0.000000,0.000000,2.000000,330.794250,203.357880,,,,0.035000,
MP_R_DudukBerdiri_1,movenet,54,1.797761,ok,1,direct,0.416359,5,left_shoulder,1,1,2.000000,674.760000,172.860000,2.000000,673.565735,155.139618,17.760580,48.981236,1,0.079000,0.656168
MP_R_DudukBerdiri_1,movenet,54,1.797761,ok,1,direct,0.416359,6,right_shoulder,1,1,2.000000,555.370000,172.090000,2.000000,331.070496,283.552368,250.467817,48.981236,0,0.079000,0.000000
MP_R_DudukBerdiri_1,movenet,54,1.797761,ok,1,direct,0.416359,7,left_elbow,1,1,2.000000,696.840000,271.110000,2.000000,674.313232,254.402100,28.046554,48.981236,1,0.072000,0.282261
MP_R_DudukBerdiri_1,movenet,54,1.797761,ok,1,direct,0.416359,8,right_elbow,1,1,2.000000,556.210000,277.040000,2.000000,513.715149,295.769989,46.439475,48.981236,1,0.072000,0.031179
MP_R_DudukBerdiri_1,movenet,54,1.797761,ok,1,direct,0.416359,9,left_wrist,1,1,2.000000,696.280000,347.630000,2.000000,723.393005,296.835815,57.577463,48.981236,0,0.062000,0.000755
MP_R_DudukBerdiri_1,movenet,54,1.797761,ok,1,direct,0.416359,10,right_wrist,1,1,2.000000,594.210000,351.160000,2.000000,540.250610,248.977249,115.554880,48.981236,0,0.062000,0.000000
MP_R_DudukBerdiri_1,movenet,54,1.797761,ok,1,direct,0.416359,11,left_hip,1,1,2.000000,659.560000,342.810000,2.000000,645.202271,347.451721,15.089399,48.981236,1,0.107000,0.847228
MP_R_DudukBerdiri_1,movenet,54,1.797761,ok,1,direct,0.416359,12,right_hip,1,1,2.000000,582.530000,340.910000,2.000000,560.769897,391.397217,54.976914,48.981236,0,0.107000,0.110724
MP_R_DudukBerdiri_1,movenet,54,1.797761,ok,1,direct,0.416359,13,left_knee,1,1,2.000000,665.240000,452.970000,2.000000,643.239868,489.627441,42.752471,48.981236,1,0.087000,0.133581
MP_R_DudukBerdiri_1,movenet,54,1.797761,ok,1,direct,0.416359,14,right_knee,1,1,2.000000,586.480000,456.970000,2.000000,605.480957,503.712769,50.457138,48.981236,0,0.087000,0.060568
MP_R_DudukBerdiri_1,movenet,54,1.797761,ok,1,direct,0.416359,15,left_ankle,1,1,2.000000,667.320000,596.060000,0.000000,677.330627,613.459717,,48.981236,0,0.089000,0.000000
MP_R_DudukBerdiri_1,movenet,54,1.797761,ok,1,direct,0.416359,16,right_ankle,1,0,0.000000,571.470000,598.230000,0.000000,650.039368,610.688843,,,,0.089000,
MP_R_DudukBerdiri_1,movenet,55,1.831053,ok,1,direct,0.449091,0,nose,0,0,0.000000,0.000000,0.000000,2.000000,619.143433,78.983376,,,,0.026000,
MP_R_DudukBerdiri_1,movenet,55,1.831053,ok,1,direct,0.449091,1,left_eye,0,0,0.000000,0.000000,0.000000,2.000000,634.572998,68.863434,,,,0.025000,
MP_R_DudukBerdiri_1,movenet,55,1.831053,ok,1,direct,0.449091,2,right_eye,0,0,0.000000,0.000000,0.000000,2.000000,601.409363,69.907974,,,,0.025000,
MP_R_DudukBerdiri_1,movenet,55,1.831053,ok,1,direct,0.449091,3,left_ear,0,0,0.000000,0.000000,0.000000,2.000000,649.683228,75.270996,,,,0.035000,
MP_R_DudukBerdiri_1,movenet,55,1.831053,ok,1,direct,0.449091,4,right_ear,0,0,0.000000,0.000000,0.000000,2.000000,580.210327,78.946152,,,,0.035000,
MP_R_DudukBerdiri_1,movenet,55,1.831053,ok,1,direct,0.449091,5,left_shoulder,1,1,2.000000,674.760000,172.860000,2.000000,669.649292,151.369598,22.089742,48.981236,1,0.079000,0.521120
MP_R_DudukBerdiri_1,movenet,55,1.831053,ok,1,direct,0.449091,6,right_shoulder,1,1,2.000000,555.370000,172.090000,2.000000,557.518616,155.522980,16.705769,48.981236,1,0.079000,0.688819
MP_R_DudukBerdiri_1,movenet,55,1.831053,ok,1,direct,0.449091,7,left_elbow,1,1,2.000000,696.840000,271.110000,2.000000,674.631348,247.761185,32.224081,48.981236,1,0.072000,0.188283
MP_R_DudukBerdiri_1,movenet,55,1.831053,ok,1,direct,0.449091,8,right_elbow,1,1,2.000000,556.210000,277.040000,2.000000,530.932556,267.500702,27.017538,48.981236,1,0.072000,0.309187
MP_R_DudukBerdiri_1,movenet,55,1.831053,ok,1,direct,0.449091,9,left_wrist,1,1,2.000000,696.280000,347.630000,2.000000,741.899170,294.868164,69.748978,48.981236,0,0.062000,0.000026
MP_R_DudukBerdiri_1,movenet,55,1.831053,ok,1,direct,0.449091,10,right_wrist,1,1,2.000000,594.210000,351.160000,2.000000,531.905579,269.212067,102.943211,48.981236,0,0.062000,0.000000
MP_R_DudukBerdiri_1,movenet,55,1.831053,ok,1,direct,0.449091,11,left_hip,1,1,2.000000,659.560000,342.810000,2.000000,662.715454,322.837555,20.220174,48.981236,1,0.107000,0.742527
MP_R_DudukBerdiri_1,movenet,55,1.831053,ok,1,direct,0.449091,12,right_hip,1,1,2.000000,582.530000,340.910000,2.000000,600.846008,334.759857,19.320984,48.981236,1,0.107000,0.762001
MP_R_DudukBerdiri_1,movenet,55,1.831053,ok,1,direct,0.449091,13,left_knee,1,1,2.000000,665.240000,452.970000,2.000000,659.250732,454.183868,6.111039,48.981236,1,0.087000,0.959704
MP_R_DudukBerdiri_1,movenet,55,1.831053,ok,1,direct,0.449091,14,right_knee,1,1,2.000000,586.480000,456.970000,2.000000,612.047913,472.141602,29.730383,48.981236,1,0.087000,0.377761
MP_R_DudukBerdiri_1,movenet,55,1.831053,ok,1,direct,0.449091,15,left_ankle,1,1,2.000000,667.320000,596.060000,0.000000,670.123657,551.934692,,48.981236,0,0.089000,0.000000
MP_R_DudukBerdiri_1,movenet,55,1.831053,ok,1,direct,0.449091,16,right_ankle,1,0,0.000000,571.470000,598.230000,0.000000,587.331909,558.103760,,,,0.089000,
MP_R_DudukBerdiri_1,movenet,56,1.864344,ok,1,direct,0.475270,0,nose,0,0,0.000000,0.000000,0.000000,2.000000,622.088379,80.238228,,,,0.026000,
MP_R_DudukBerdiri_1,movenet,56,1.864344,ok,1,direct,0.475270,1,left_eye,0,0,0.000000,0.000000,0.000000,2.000000,634.863403,69.572289,,,,0.025000,
MP_R_DudukBerdiri_1,movenet,56,1.864344,ok,1,direct,0.475270,2,right_eye,0,0,0.000000,0.000000,0.000000,2.000000,603.018799,70.420929,,,,0.025000,
MP_R_DudukBerdiri_1,movenet,56,1.864344,ok,1,direct,0.475270,3,left_ear,0,0,0.000000,0.000000,0.000000,2.000000,647.697388,76.643852,,,,0.035000,
MP_R_DudukBerdiri_1,movenet,56,1.864344,ok,1,direct,0.475270,4,right_ear,0,0,0.000000,0.000000,0.000000,2.000000,581.776794,79.479958,,,,0.035000,
MP_R_DudukBerdiri_1,movenet,56,1.864344,ok,1,direct,0.475270,5,left_shoulder,1,1,2.000000,674.760000,172.860000,2.000000,670.508972,148.304947,24.920310,48.981236,1,0.079000,0.436262
MP_R_DudukBerdiri_1,movenet,56,1.864344,ok,1,direct,0.475270,6,right_shoulder,1,1,2.000000,555.370000,172.090000,2.000000,563.498474,149.344635,24.154166,48.981236,1,0.079000,0.458731
MP_R_DudukBerdiri_1,movenet,56,1.864344,ok,1,direct,0.475270,7,left_elbow,1,1,2.000000,696.840000,271.110000,2.000000,683.133240,241.926392,32.242182,48.981236,1,0.072000,0.187930
MP_R_DudukBerdiri_1,movenet,56,1.864344,ok,1,direct,0.475270,8,right_elbow,1,1,2.000000,556.210000,277.040000,2.000000,543.464233,239.833801,39.328816,48.981236,1,0.072000,0.083135
MP_R_DudukBerdiri_1,movenet,56,1.864344,ok,1,direct,0.475270,9,left_wrist,1,1,2.000000,696.280000,347.630000,2.000000,721.304871,286.597107,65.964067,48.981236,0,0.062000,0.000080
MP_R_DudukBerdiri_1,movenet,56,1.864344,ok,1,direct,0.475270,10,right_wrist,1,1,2.000000,594.210000,351.160000,2.000000,557.751343,295.780884,66.302943,48.981236,0,0.062000,0.000072
MP_R_DudukBerdiri_1,movenet,56,1.864344,ok,1,direct,0.475270,11,left_hip,1,1,2.000000,659.560000,342.810000,2.000000,669.263794,321.421143,23.487163,48.981236,1,0.107000,0.669205
MP_R_DudukBerdiri_1,movenet,56,1.864344,ok,1,direct,0.475270,12,right_hip,1,1,2.000000,582.530000,340.910000,2.000000,605.184448,326.404846,26.900251,48.981236,1,0.107000,0.590441
MP_R_DudukBerdiri_1,movenet,56,1.864344,ok,1,direct,0.475270,13,left_knee,1,1,2.000000,665.240000,452.970000,2.000000,670.543457,431.412933,22.199860,48.981236,1,0.087000,0.581124
MP_R_DudukBerdiri_1,movenet,56,1.864344,ok,1,direct,0.475270,14,right_knee,1,1,2.000000,586.480000,456.970000,2.000000,611.767395,435.613220,33.099311,48.981236,1,0.087000,0.299207
MP_R_DudukBerdiri_1,movenet,56,1.864344,ok,1,direct,0.475270,15,left_ankle,1,1,2.000000,667.320000,596.060000,0.000000,676.051514,542.610840,,48.981236,0,0.089000,0.000000
MP_R_DudukBerdiri_1,movenet,56,1.864344,ok,1,direct,0.475270,16,right_ankle,1,0,0.000000,571.470000,598.230000,0.000000,605.011536,551.891663,,,,0.089000,
MP_R_DudukBerdiri_1,movenet,57,1.897636,ok,1,direct,0.441975,0,nose,0,0,0.000000,0.000000,0.000000,2.000000,620.393311,80.629517,,,,0.026000,
MP_R_DudukBerdiri_1,movenet,57,1.897636,ok,1,direct,0.441975,1,left_eye,0,0,0.000000,0.000000,0.000000,2.000000,635.553467,71.058372,,,,0.025000,
MP_R_DudukBerdiri_1,movenet,57,1.897636,ok,1,direct,0.441975,2,right_eye,0,0,0.000000,0.000000,0.000000,2.000000,602.440430,72.062080,,,,0.025000,
MP_R_DudukBerdiri_1,movenet,57,1.897636,ok,1,direct,0.441975,3,left_ear,0,0,0.000000,0.000000,0.000000,2.000000,649.734741,76.743721,,,,0.035000,
MP_R_DudukBerdiri_1,movenet,57,1.897636,ok,1,direct,0.441975,4,right_ear,0,0,0.000000,0.000000,0.000000,2.000000,579.969543,81.253578,,,,0.035000,
MP_R_DudukBerdiri_1,movenet,57,1.897636,ok,1,direct,0.441975,5,left_shoulder,1,1,2.000000,674.760000,172.860000,2.000000,667.771606,148.779434,25.074116,48.981236,1,0.079000,0.431804
MP_R_DudukBerdiri_1,movenet,57,1.897636,ok,1,direct,0.441975,6,right_shoulder,1,1,2.000000,555.370000,172.090000,2.000000,556.288635,152.809982,19.301890,48.981236,1,0.079000,0.607963
MP_R_DudukBerdiri_1,movenet,57,1.897636,ok,1,direct,0.441975,7,left_elbow,1,1,2.000000,696.840000,271.110000,2.000000,678.705322,245.895844,31.058336,48.981236,1,0.072000,0.211998
MP_R_DudukBerdiri_1,movenet,57,1.897636,ok,1,direct,0.441975,8,right_elbow,1,1,2.000000,556.210000,277.040000,2.000000,528.570496,253.726135,36.159072,48.981236,1,0.072000,0.122148
MP_R_DudukBerdiri_1,movenet,57,1.897636,ok,1,direct,0.441975,9,left_wrist,1,1,2.000000,696.280000,347.630000,2.000000,729.289612,279.142456,76.027483,48.981236,0,0.062000,0.000004
MP_R_DudukBerdiri_1,movenet,57,1.897636,ok,1,direct,0.441975,10,right_wrist,1,1,2.000000,594.210000,351.160000,2.000000,540.473694,241.098450,122.479123,48.981236,0,0.062000,0.000000
MP_R_DudukBerdiri_1,movenet,57,1.897636,ok,1,direct,0.441975,11,left_hip,1,1,2.000000,659.560000,342.810000,2.000000,660.991577,330.220306,12.670825,48.981236,1,0.107000,0.889675
MP_R_DudukBerdiri_1,movenet,57,1.897636,ok,1,direct,0.441975,12,right_hip,1,1,2.000000,582.530000,340.910000,2.000000,600.447632,336.173431,18.533122,48.981236,1,0.107000,0.778729
MP_R_DudukBerdiri_1,movenet,57,1.897636,ok,1,direct,0.441975,13,left_knee,1,1,2.000000,665.240000,452.970000,2.000000,668.046143,440.121735,13.151135,48.981236,1,0.087000,0.826559
MP_R_DudukBerdiri_1,movenet,57,1.897636,ok,1,direct,0.441975,14,right_knee,1,1,2.000000,586.480000,456.970000,2.000000,612.095581,443.415588,28.980684,48.981236,1,0.087000,0.396525
MP_R_DudukBerdiri_1,movenet,57,1.897636,ok,1,direct,0.441975,15,left_ankle,1,1,2.000000,667.320000,596.060000,0.000000,684.210327,555.434265,,48.981236,0,0.089000,0.000000
MP_R_DudukBerdiri_1,movenet,57,1.897636,ok,1,direct,0.441975,16,right_ankle,1,0,0.000000,571.470000,598.230000,0.000000,607.389648,556.858765,,,,0.089000,
MP_R_DudukBerdiri_1,movenet,58,1.930928,ok,1,direct,0.394818,0,nose,0,0,0.000000,0.000000,0.000000,2.000000,622.661194,81.224030,,,,0.026000,
MP_R_DudukBerdiri_1,movenet,58,1.930928,ok,1,direct,0.394818,1,left_eye,0,0,0.000000,0.000000,0.000000,2.000000,636.614319,70.440712,,,,0.025000,
MP_R_DudukBerdiri_1,movenet,58,1.930928,ok,1,direct,0.394818,2,right_eye,0,0,0.000000,0.000000,0.000000,2.000000,603.842896,71.429901,,,,0.025000,
MP_R_DudukBerdiri_1,movenet,58,1.930928,ok,1,direct,0.394818,3,left_ear,0,0,0.000000,0.000000,0.000000,2.000000,648.951172,76.300362,,,,0.035000,
MP_R_DudukBerdiri_1,movenet,58,1.930928,ok,1,direct,0.394818,4,right_ear,0,0,0.000000,0.000000,0.000000,2.000000,578.236816,80.264458,,,,0.035000,
MP_R_DudukBerdiri_1,movenet,58,1.930928,ok,1,direct,0.394818,5,left_shoulder,1,1,2.000000,674.760000,172.860000,2.000000,666.146179,153.714798,20.993729,48.981236,1,0.079000,0.555047
MP_R_DudukBerdiri_1,movenet,58,1.930928,ok,1,direct,0.394818,6,right_shoulder,1,1,2.000000,555.370000,172.090000,2.000000,545.508423,159.701904,15.834002,48.981236,1,0.079000,0.715419
MP_R_DudukBerdiri_1,movenet,58,1.930928,ok,1,direct,0.394818,7,left_elbow,1,1,2.000000,696.840000,271.110000,2.000000,669.516907,252.476212,33.072186,48.981236,1,0.072000,0.172241
MP_R_DudukBerdiri_1,movenet,58,1.930928,ok,1,direct,0.394818,8,right_elbow,1,1,2.000000,556.210000,277.040000,2.000000,506.608612,263.666107,51.372743,48.981236,0,0.072000,0.014351
MP_R_DudukBerdiri_1,movenet,58,1.930928,ok,1,direct,0.394818,9,left_wrist,1,1,2.000000,696.280000,347.630000,2.000000,767.878479,268.932617,106.393704,48.981236,0,0.062000,0.000000
MP_R_DudukBerdiri_1,movenet,58,1.930928,ok,1,direct,0.394818,10,right_wrist,1,1,2.000000,594.210000,351.160000,2.000000,537.187500,229.652695,134.222169,48.981236,0,0.062000,0.000000
MP_R_DudukBerdiri_1,movenet,58,1.930928,ok,1,direct,0.394818,11,left_hip,1,1,2.000000,659.560000,342.810000,2.000000,655.863342,337.737976,6.276201,48.981236,1,0.107000,0.971726
MP_R_DudukBerdiri_1,movenet,58,1.930928,ok,1,direct,0.394818,12,right_hip,1,1,2.000000,582.530000,340.910000,2.000000,592.572388,342.395233,10.151624,48.981236,1,0.107000,0.927709
MP_R_DudukBerdiri_1,movenet,58,1.930928,ok,1,direct,0.394818,13,left_knee,1,1,2.000000,665.240000,452.970000,2.000000,669.087769,444.300415,9.485095,48.981236,1,0.087000,0.905664
MP_R_DudukBerdiri_1,movenet,58,1.930928,ok,1,direct,0.394818,14,right_knee,1,1,2.000000,586.480000,456.970000,2.000000,618.976929,462.965363,33.045344,48.981236,1,0.087000,0.300386
MP_R_DudukBerdiri_1,movenet,58,1.930928,ok,1,direct,0.394818,15,left_ankle,1,1,2.000000,667.320000,596.060000,0.000000,677.000610,585.749451,,48.981236,0,0.089000,0.000000
MP_R_DudukBerdiri_1,movenet,58,1.930928,ok,1,direct,0.394818,16,right_ankle,1,0,0.000000,571.470000,598.230000,0.000000,626.746399,560.690308,,,,0.089000,
MP_R_DudukBerdiri_1,movenet,59,1.964220,ok,1,direct,0.444820,0,nose,0,0,0.000000,0.000000,0.000000,2.000000,626.757690,80.844315,,,,0.026000,
MP_R_DudukBerdiri_1,movenet,59,1.964220,ok,1,direct,0.444820,1,left_eye,0,0,0.000000,0.000000,0.000000,2.000000,639.793457,69.627235,,,,0.025000,
MP_R_DudukBerdiri_1,movenet,59,1.964220,ok,1,direct,0.444820,2,right_eye,0,0,0.000000,0.000000,0.000000,2.000000,608.591003,71.025284,,,,0.025000,
MP_R_DudukBerdiri_1,movenet,59,1.964220,ok,1,direct,0.444820,3,left_ear,0,0,0.000000,0.000000,0.000000,2.000000,648.033691,75.162628,,,,0.035000,
MP_R_DudukBerdiri_1,movenet,59,1.964220,ok,1,direct,0.444820,4,right_ear,0,0,0.000000,0.000000,0.000000,2.000000,576.434143,79.797127,,,,0.035000,
MP_R_DudukBerdiri_1,movenet,59,1.964220,ok,1,direct,0.444820,5,left_shoulder,1,1,2.000000,674.760000,172.860000,2.000000,660.076050,154.223099,23.726620,48.981236,1,0.079000,0.471447
MP_R_DudukBerdiri_1,movenet,59,1.964220,ok,1,direct,0.444820,6,right_shoulder,1,1,2.000000,555.370000,172.090000,2.000000,538.946350,164.517059,18.085511,48.981236,1,0.079000,0.646039
MP_R_DudukBerdiri_1,movenet,59,1.964220,ok,1,direct,0.444820,7,left_elbow,1,1,2.000000,696.840000,271.110000,2.000000,665.148865,257.788879,34.377032,48.981236,1,0.072000,0.149511
MP_R_DudukBerdiri_1,movenet,59,1.964220,ok,1,direct,0.444820,8,right_elbow,1,1,2.000000,556.210000,277.040000,2.000000,482.113800,263.628387,75.300187,48.981236,0,0.072000,0.000110
MP_R_DudukBerdiri_1,movenet,59,1.964220,ok,1,direct,0.444820,9,left_wrist,1,1,2.000000,696.280000,347.630000,2.000000,776.442871,260.114380,118.680536,48.981236,0,0.062000,0.000000
MP_R_DudukBerdiri_1,movenet,59,1.964220,ok,1,direct,0.444820,10,right_wrist,1,1,2.000000,594.210000,351.160000,2.000000,554.440796,208.632629,147.971757,48.981236,0,0.062000,0.000000
MP_R_DudukBerdiri_1,movenet,59,1.964220,ok,1,direct,0.444820,11,left_hip,1,1,2.000000,659.560000,342.810000,2.000000,644.212952,342.337189,15.354330,48.981236,1,0.107000,0.842267
MP_R_DudukBerdiri_1,movenet,59,1.964220,ok,1,direct,0.444820,12,right_hip,1,1,2.000000,582.530000,340.910000,2.000000,579.428711,350.981354,10.538034,48.981236,1,0.107000,0.922325
MP_R_DudukBerdiri_1,movenet,59,1.964220,ok,1,direct,0.444820,13,left_knee,1,1,2.000000,665.240000,452.970000,2.000000,658.496399,465.131470,13.906024,48.981236,1,0.087000,0.808173
MP_R_DudukBerdiri_1,movenet,59,1.964220,ok,1,direct,0.444820,14,right_knee,1,1,2.000000,586.480000,456.970000,2.000000,619.379028,471.090057,35.801146,48.981236,1,0.087000,0.243742
MP_R_DudukBerdiri_1,movenet,59,1.964220,ok,1,direct,0.444820,15,left_ankle,1,1,2.000000,667.320000,596.060000,2.000000,677.518799,596.334045,10.202480,48.981236,1,0.089000,0.896240
MP_R_DudukBerdiri_1,movenet,59,1.964220,ok,1,direct,0.444820,16,right_ankle,1,0,0.000000,571.470000,598.230000,0.000000,640.548828,564.982239,,,,0.089000,
MP_R_DudukBerdiri_1,movenet,60,1.997512,ok,1,direct,0.430164,0,nose,0,0,0.000000,0.000000,0.000000,2.000000,624.483643,79.152138,,,,0.026000,
MP_R_DudukBerdiri_1,movenet,60,1.997512,ok,1,direct,0.430164,1,left_eye,0,0,0.000000,0.000000,0.000000,2.000000,638.684082,69.669884,,,,0.025000,
MP_R_DudukBerdiri_1,movenet,60,1.997512,ok,1,direct,0.430164,2,right_eye,0,0,0.000000,0.000000,0.000000,2.000000,607.687805,71.035866,,,,0.025000,
MP_R_DudukBerdiri_1,movenet,60,1.997512,ok,1,direct,0.430164,3,left_ear,0,0,0.000000,0.000000,0.000000,2.000000,648.303528,75.517639,,,,0.035000,
MP_R_DudukBerdiri_1,movenet,60,1.997512,ok,1,direct,0.430164,4,right_ear,0,0,0.000000,0.000000,0.000000,2.000000,573.693787,83.116753,,,,0.035000,
MP_R_DudukBerdiri_1,movenet,60,1.997512,ok,1,direct,0.430164,5,left_shoulder,1,1,2.000000,674.760000,172.860000,2.000000,655.779785,156.257736,25.216735,48.981236,1,0.079000,0.427687
MP_R_DudukBerdiri_1,movenet,60,1.997512,ok,1,direct,0.430164,6,right_shoulder,1,1,2.000000,555.370000,172.090000,2.000000,293.609039,269.299011,279.228208,48.981236,0,0.079000,0.000000
MP_R_DudukBerdiri_1,movenet,60,1.997512,ok,1,direct,0.430164,7,left_elbow,1,1,2.000000,696.840000,271.110000,2.000000,663.107788,262.077057,34.920713,48.981236,1,0.072000,0.140721
MP_R_DudukBerdiri_1,movenet,60,1.997512,ok,1,direct,0.430164,8,right_elbow,1,1,2.000000,556.210000,277.040000,2.000000,452.186096,271.950409,104.148339,48.981236,0,0.072000,0.000000
MP_R_DudukBerdiri_1,movenet,60,1.997512,ok,1,direct,0.430164,9,left_wrist,1,1,2.000000,696.280000,347.630000,2.000000,797.521362,249.026672,141.323847,48.981236,0,0.062000,0.000000
MP_R_DudukBerdiri_1,movenet,60,1.997512,ok,1,direct,0.430164,10,right_wrist,1,1,2.000000,594.210000,351.160000,2.000000,547.754456,207.910278,150.594158,48.981236,0,0.062000,0.000000
MP_R_DudukBerdiri_1,movenet,60,1.997512,ok,1,direct,0.430164,11,left_hip,1,1,2.000000,659.560000,342.810000,2.000000,640.541260,361.511139,26.672928,48.981236,1,0.107000,0.595700
MP_R_DudukBerdiri_1,movenet,60,1.997512,ok,1,direct,0.430164,12,right_hip,1,1,2.000000,582.530000,340.910000,2.000000,566.932251,381.242188,43.243209,48.981236,1,0.107000,0.256259
MP_R_DudukBerdiri_1,movenet,60,1.997512,ok,1,direct,0.430164,13,left_knee,1,1,2.000000,665.240000,452.970000,2.000000,668.571777,478.390747,25.638158,48.981236,1,0.087000,0.484836
MP_R_DudukBerdiri_1,movenet,60,1.997512,ok,1,direct,0.430164,14,right_knee,1,1,2.000000,586.480000,456.970000,2.000000,610.907959,487.182983,38.852922,48.981236,1,0.087000,0.189651
MP_R_DudukBerdiri_1,movenet,60,1.997512,ok,1,direct,0.430164,15,left_ankle,1,1,2.000000,667.320000,596.060000,2.000000,682.833191,606.347778,18.614443,48.981236,1,0.089000,0.694431
MP_R_DudukBerdiri_1,movenet,60,1.997512,ok,1,direct,0.430164,16,right_ankle,1,0,0.000000,571.470000,598.230000,0.000000,652.713013,597.212830,,,,0.089000,
MP_R_DudukBerdiri_1,movenet,61,2.030804,ok,1,direct,0.458868,0,nose,0,0,0.000000,0.000000,0.000000,2.000000,624.159363,81.089058,,,,0.026000,
MP_R_DudukBerdiri_1,movenet,61,2.030804,ok,1,direct,0.458868,1,left_eye,0,0,0.000000,0.000000,0.000000,2.000000,637.957092,69.295464,,,,0.025000,
MP_R_DudukBerdiri_1,movenet,61,2.030804,ok,1,direct,0.458868,2,right_eye,0,0,0.000000,0.000000,0.000000,2.000000,605.755676,70.521309,,,,0.025000,
MP_R_DudukBerdiri_1,movenet,61,2.030804,ok,1,direct,0.458868,3,left_ear,0,0,0.000000,0.000000,0.000000,2.000000,649.520508,75.282845,,,,0.035000,
MP_R_DudukBerdiri_1,movenet,61,2.030804,ok,1,direct,0.458868,4,right_ear,0,0,0.000000,0.000000,0.000000,2.000000,577.086304,80.885895,,,,0.035000,
MP_R_DudukBerdiri_1,movenet,61,2.030804,ok,1,direct,0.458868,5,left_shoulder,1,1,2.000000,674.760000,172.860000,2.000000,658.369141,156.295853,23.303031,48.866846,1,0.079000,0.482517
MP_R_DudukBerdiri_1,movenet,61,2.030804,ok,1,direct,0.458868,6,right_shoulder,1,1,2.000000,555.370000,172.090000,2.000000,525.564270,177.315018,30.260244,48.866846,1,0.079000,0.292635
MP_R_DudukBerdiri_1,movenet,61,2.030804,ok,1,direct,0.458868,7,left_elbow,1,1,2.000000,696.180000,270.900000,2.000000,665.630432,265.033081,31.107826,48.866846,1,0.072000,0.209419
MP_R_DudukBerdiri_1,movenet,61,2.030804,ok,1,direct,0.458868,8,right_elbow,1,1,2.000000,556.210000,277.040000,2.000000,471.572021,256.925720,86.995239,48.866846,0,0.072000,0.000005
MP_R_DudukBerdiri_1,movenet,61,2.030804,ok,1,direct,0.458868,9,left_wrist,1,1,2.000000,695.730000,346.970000,2.000000,797.713623,241.261230,146.884320,48.866846,0,0.062000,0.000000
MP_R_DudukBerdiri_1,movenet,61,2.030804,ok,1,direct,0.458868,10,right_wrist,1,1,2.000000,592.570000,350.720000,2.000000,546.656128,207.179337,150.705029,48.866846,0,0.062000,0.000000
MP_R_DudukBerdiri_1,movenet,61,2.030804,ok,1,direct,0.458868,11,left_hip,1,1,2.000000,659.560000,342.810000,2.000000,658.903320,343.768341,1.161743,48.866846,1,0.107000,0.999013
MP_R_DudukBerdiri_1,movenet,61,2.030804,ok,1,direct,0.458868,12,right_hip,1,1,2.000000,582.530000,340.910000,2.000000,579.526245,353.722107,13.159507,48.866846,1,0.107000,0.881014
MP_R_DudukBerdiri_1,movenet,61,2.030804,ok,1,direct,0.458868,13,left_knee,1,1,2.000000,665.240000,452.970000,2.000000,681.462463,465.243317,20.342139,48.866846,1,0.087000,0.632620
MP_R_DudukBerdiri_1,movenet,61,2.030804,ok,1,direct,0.458868,14,right_knee,1,1,2.000000,586.480000,456.970000,2.000000,609.841675,469.829285,26.667003,48.866846,1,0.087000,0.455261
MP_R_DudukBerdiri_1,movenet,61,2.030804,ok,1,direct,0.458868,15,left_ankle,1,1,2.000000,667.320000,596.060000,2.000000,680.040222,604.205139,15.104547,48.866846,1,0.089000,0.785659
MP_R_DudukBerdiri_1,movenet,61,2.030804,ok,1,direct,0.458868,16,right_ankle,1,0,0.000000,571.470000,598.230000,0.000000,634.030029,572.116333,,,,0.089000,
MP_R_DudukBerdiri_1,movenet,62,2.064096,ok,1,direct,0.469502,0,nose,0,0,0.000000,0.000000,0.000000,2.000000,623.957520,81.552071,,,,0.026000,
MP_R_DudukBerdiri_1,movenet,62,2.064096,ok,1,direct,0.469502,1,left_eye,0,0,0.000000,0.000000,0.000000,2.000000,637.959045,69.608635,,,,0.025000,
MP_R_DudukBerdiri_1,movenet,62,2.064096,ok,1,direct,0.469502,2,right_eye,0,0,0.000000,0.000000,0.000000,2.000000,604.312500,71.088303,,,,0.025000,
MP_R_DudukBerdiri_1,movenet,62,2.064096,ok,1,direct,0.469502,3,left_ear,0,0,0.000000,0.000000,0.000000,2.000000,649.626709,75.771660,,,,0.035000,
MP_R_DudukBerdiri_1,movenet,62,2.064096,ok,1,direct,0.469502,4,right_ear,0,0,0.000000,0.000000,0.000000,2.000000,576.010437,81.150360,,,,0.035000,
MP_R_DudukBerdiri_1,movenet,62,2.064096,ok,1,direct,0.469502,5,left_shoulder,1,1,2.000000,674.760000,172.860000,2.000000,662.740173,155.769928,20.893702,48.753927,1,0.079000,0.555129
MP_R_DudukBerdiri_1,movenet,62,2.064096,ok,1,direct,0.469502,6,right_shoulder,1,1,2.000000,555.370000,172.090000,2.000000,525.191589,175.711929,30.394981,48.753927,1,0.079000,0.287783
MP_R_DudukBerdiri_1,movenet,62,2.064096,ok,1,direct,0.469502,7,left_elbow,1,1,2.000000,695.530000,270.680000,2.000000,670.882629,261.408020,26.333676,48.753927,1,0.072000,0.324471
MP_R_DudukBerdiri_1,movenet,62,2.064096,ok,1,direct,0.469502,8,right_elbow,1,1,2.000000,556.210000,277.040000,2.000000,471.101837,256.540039,87.542263,48.753927,0,0.072000,0.000004
MP_R_DudukBerdiri_1,movenet,62,2.064096,ok,1,direct,0.469502,9,left_wrist,1,1,2.000000,695.190000,346.320000,2.000000,801.508484,234.815720,154.067597,48.753927,0,0.062000,0.000000
MP_R_DudukBerdiri_1,movenet,62,2.064096,ok,1,direct,0.469502,10,right_wrist,1,1,2.000000,590.930000,350.280000,2.000000,548.078247,206.331497,150.191359,48.753927,0,0.062000,0.000000
MP_R_DudukBerdiri_1,movenet,62,2.064096,ok,1,direct,0.469502,11,left_hip,1,1,2.000000,659.560000,342.810000,2.000000,661.309448,342.169769,1.862918,48.753927,1,0.107000,0.997453
MP_R_DudukBerdiri_1,movenet,62,2.064096,ok,1,direct,0.469502,12,right_hip,1,1,2.000000,582.530000,340.910000,2.000000,589.645020,351.721436,12.942590,48.753927,1,0.107000,0.884168
MP_R_DudukBerdiri_1,movenet,62,2.064096,ok,1,direct,0.469502,13,left_knee,1,1,2.000000,665.240000,452.970000,2.000000,675.067810,468.257507,18.173985,48.753927,1,0.087000,0.692689
MP_R_DudukBerdiri_1,movenet,62,2.064096,ok,1,direct,0.469502,14,right_knee,1,1,2.000000,586.480000,456.970000,2.000000,603.503662,476.523834,25.926001,48.753927,1,0.087000,0.473686
MP_R_DudukBerdiri_1,movenet,62,2.064096,ok,1,direct,0.469502,15,left_ankle,1,1,2.000000,667.320000,596.060000,2.000000,680.128723,603.839111,14.985925,48.753927,1,0.089000,0.787761
MP_R_DudukBerdiri_1,movenet,62,2.064096,ok,1,direct,0.469502,16,right_ankle,1,0,0.000000,571.470000,598.230000,0.000000,635.043274,580.895691,,,,0.089000,
MP_R_DudukBerdiri_1,movenet,63,2.097387,ok,1,direct,0.459016,0,nose,0,0,0.000000,0.000000,0.000000,2.000000,623.433899,81.669800,,,,0.026000,
MP_R_DudukBerdiri_1,movenet,63,2.097387,ok,1,direct,0.459016,1,left_eye,0,0,0.000000,0.000000,0.000000,2.000000,637.056335,70.101303,,,,0.025000,
MP_R_DudukBerdiri_1,movenet,63,2.097387,ok,1,direct,0.459016,2,right_eye,0,0,0.000000,0.000000,0.000000,2.000000,604.171265,71.326019,,,,0.025000,
MP_R_DudukBerdiri_1,movenet,63,2.097387,ok,1,direct,0.459016,3,left_ear,0,0,0.000000,0.000000,0.000000,2.000000,647.312500,76.055702,,,,0.035000,
MP_R_DudukBerdiri_1,movenet,63,2.097387,ok,1,direct,0.459016,4,right_ear,0,0,0.000000,0.000000,0.000000,2.000000,575.011658,81.512062,,,,0.035000,
MP_R_DudukBerdiri_1,movenet,63,2.097387,ok,1,direct,0.459016,5,left_shoulder,1,1,2.000000,674.760000,172.860000,2.000000,660.348450,156.003815,22.177100,48.639003,1,0.079000,0.513648
MP_R_DudukBerdiri_1,movenet,63,2.097387,ok,1,direct,0.459016,6,right_shoulder,1,1,2.000000,555.370000,172.090000,2.000000,526.498535,177.118637,29.306120,48.639003,1,0.079000,0.312427
MP_R_DudukBerdiri_1,movenet,63,2.097387,ok,1,direct,0.459016,7,left_elbow,1,1,2.000000,694.870000,270.460000,2.000000,677.101318,259.189117,21.041835,48.639003,1,0.072000,0.485759
MP_R_DudukBerdiri_1,movenet,63,2.097387,ok,1,direct,0.459016,8,right_elbow,1,1,2.000000,556.210000,277.040000,2.000000,473.320129,252.400970,86.474345,48.639003,0,0.072000,0.000005
MP_R_DudukBerdiri_1,movenet,63,2.097387,ok,1,direct,0.459016,9,left_wrist,1,1,2.000000,694.640000,345.660000,2.000000,806.889648,228.369843,162.348282,48.639003,0,0.062000,0.000000
MP_R_DudukBerdiri_1,movenet,63,2.097387,ok,1,direct,0.459016,10,right_wrist,1,1,2.000000,589.290000,349.850000,2.000000,548.654602,205.991379,149.487586,48.639003,0,0.062000,0.000000
MP_R_DudukBerdiri_1,movenet,63,2.097387,ok,1,direct,0.459016,11,left_hip,1,1,2.000000,659.560000,342.810000,2.000000,658.264709,345.290649,2.798464,48.639003,1,0.107000,0.994234
MP_R_DudukBerdiri_1,movenet,63,2.097387,ok,1,direct,0.459016,12,right_hip,1,1,2.000000,582.530000,340.910000,2.000000,588.239136,359.180481,19.141701,48.639003,1,0.107000,0.762957
MP_R_DudukBerdiri_1,movenet,63,2.097387,ok,1,direct,0.459016,13,left_knee,1,1,2.000000,665.240000,452.970000,2.000000,674.838196,470.059113,19.600080,48.639003,1,0.087000,0.651108
MP_R_DudukBerdiri_1,movenet,63,2.097387,ok,1,direct,0.459016,14,right_knee,1,1,2.000000,586.480000,456.970000,2.000000,606.916809,476.748230,28.440140,48.639003,1,0.087000,0.405185
MP_R_DudukBerdiri_1,movenet,63,2.097387,ok,1,direct,0.459016,15,left_ankle,1,1,2.000000,667.320000,596.060000,2.000000,678.058472,605.345154,14.196086,48.639003,1,0.089000,0.806470
MP_R_DudukBerdiri_1,movenet,63,2.097387,ok,1,direct,0.459016,16,right_ankle,1,0,0.000000,571.470000,598.230000,0.000000,632.577393,572.747253,,,,0.089000,
MP_R_DudukBerdiri_1,movenet,64,2.130679,ok,1,direct,0.463302,0,nose,0,0,0.000000,0.000000,0.000000,2.000000,619.943970,79.997879,,,,0.026000,
MP_R_DudukBerdiri_1,movenet,64,2.130679,ok,1,direct,0.463302,1,left_eye,0,0,0.000000,0.000000,0.000000,2.000000,635.913818,69.733231,,,,0.025000,
MP_R_DudukBerdiri_1,movenet,64,2.130679,ok,1,direct,0.463302,2,right_eye,0,0,0.000000,0.000000,0.000000,2.000000,602.706360,71.912270,,,,0.025000,
MP_R_DudukBerdiri_1,movenet,64,2.130679,ok,1,direct,0.463302,3,left_ear,0,0,0.000000,0.000000,0.000000,2.000000,648.452087,76.091988,,,,0.035000,
MP_R_DudukBerdiri_1,movenet,64,2.130679,ok,1,direct,0.463302,4,right_ear,0,0,0.000000,0.000000,0.000000,2.000000,573.696228,81.649582,,,,0.035000,
MP_R_DudukBerdiri_1,movenet,64,2.130679,ok,1,direct,0.463302,5,left_shoulder,1,1,2.000000,674.760000,172.860000,2.000000,659.648804,156.693115,22.129537,48.525554,1,0.079000,0.513519
MP_R_DudukBerdiri_1,movenet,64,2.130679,ok,1,direct,0.463302,6,right_shoulder,1,1,2.000000,555.370000,172.090000,2.000000,527.558655,176.274811,28.124430,48.525554,1,0.079000,0.340796
MP_R_DudukBerdiri_1,movenet,64,2.130679,ok,1,direct,0.463302,7,left_elbow,1,1,2.000000,694.220000,270.240000,2.000000,673.398315,261.273712,22.670176,48.525554,1,0.072000,0.430830
MP_R_DudukBerdiri_1,movenet,64,2.130679,ok,1,direct,0.463302,8,right_elbow,1,1,2.000000,556.210000,277.040000,2.000000,471.510559,252.565399,88.164627,48.525554,0,0.072000,0.000003
MP_R_DudukBerdiri_1,movenet,64,2.130679,ok,1,direct,0.463302,9,left_wrist,1,1,2.000000,694.090000,345.010000,2.000000,802.348511,226.922379,160.201721,48.525554,0,0.062000,0.000000
MP_R_DudukBerdiri_1,movenet,64,2.130679,ok,1,direct,0.463302,10,right_wrist,1,1,2.000000,587.650000,349.410000,2.000000,551.922974,205.282852,148.489243,48.525554,0,0.062000,0.000000
MP_R_DudukBerdiri_1,movenet,64,2.130679,ok,1,direct,0.463302,11,left_hip,1,1,2.000000,659.560000,342.810000,2.000000,658.481140,349.854309,7.126446,48.525554,1,0.107000,0.963025
MP_R_DudukBerdiri_1,movenet,64,2.130679,ok,1,direct,0.463302,12,right_hip,1,1,2.000000,582.530000,340.910000,2.000000,590.375488,359.636566,20.303595,48.525554,1,0.107000,0.736518
MP_R_DudukBerdiri_1,movenet,64,2.130679,ok,1,direct,0.463302,13,left_knee,1,1,2.000000,665.240000,452.970000,2.000000,675.724854,475.741516,25.069386,48.525554,1,0.087000,0.493989
MP_R_DudukBerdiri_1,movenet,64,2.130679,ok,1,direct,0.463302,14,right_knee,1,1,2.000000,586.480000,456.970000,2.000000,607.930420,477.584442,29.750223,48.525554,1,0.087000,0.370394
MP_R_DudukBerdiri_1,movenet,64,2.130679,ok,1,direct,0.463302,15,left_ankle,1,1,2.000000,667.320000,596.060000,2.000000,677.792969,605.091980,13.829669,48.525554,1,0.089000,0.814579
MP_R_DudukBerdiri_1,movenet,64,2.130679,ok,1,direct,0.463302,16,right_ankle,1,0,0.000000,571.470000,598.230000,0.000000,646.271729,576.071716,,,,0.089000,
MP_R_DudukBerdiri_1,movenet,65,2.163971,ok,1,direct,0.442704,0,nose,0,0,0.000000,0.000000,0.000000,2.000000,619.741882,79.208046,,,,0.026000,
MP_R_DudukBerdiri_1,movenet,65,2.163971,ok,1,direct,0.442704,1,left_eye,0,0,0.000000,0.000000,0.000000,2.000000,635.340088,69.246933,,,,0.025000,
MP_R_DudukBerdiri_1,movenet,65,2.163971,ok,1,direct,0.442704,2,right_eye,0,0,0.000000,0.000000,0.000000,2.000000,602.124390,71.038666,,,,0.025000,
MP_R_DudukBerdiri_1,movenet,65,2.163971,ok,1,direct,0.442704,3,left_ear,0,0,0.000000,0.000000,0.000000,2.000000,647.532043,75.842827,,,,0.035000,
MP_R_DudukBerdiri_1,movenet,65,2.163971,ok,1,direct,0.442704,4,right_ear,0,0,0.000000,0.000000,0.000000,2.000000,572.991272,81.374390,,,,0.035000,
MP_R_DudukBerdiri_1,movenet,65,2.163971,ok,1,direct,0.442704,5,left_shoulder,1,1,2.000000,674.760000,172.860000,2.000000,659.708984,156.026352,22.581071,48.410088,1,0.079000,0.497949
MP_R_DudukBerdiri_1,movenet,65,2.163971,ok,1,direct,0.442704,6,right_shoulder,1,1,2.000000,555.370000,172.090000,2.000000,522.437927,177.786118,33.421059,48.410088,1,0.079000,0.217106
MP_R_DudukBerdiri_1,movenet,65,2.163971,ok,1,direct,0.442704,7,left_elbow,1,1,2.000000,693.560000,270.020000,2.000000,674.359619,260.907043,21.253249,48.410088,1,0.072000,0.475396
MP_R_DudukBerdiri_1,movenet,65,2.163971,ok,1,direct,0.442704,8,right_elbow,1,1,2.000000,556.210000,277.040000,2.000000,466.214020,261.489166,91.329650,48.410088,0,0.072000,0.000001
MP_R_DudukBerdiri_1,movenet,65,2.163971,ok,1,direct,0.442704,9,left_wrist,1,1,2.000000,693.550000,344.350000,2.000000,803.855103,225.086777,162.452861,48.410088,0,0.062000,0.000000
MP_R_DudukBerdiri_1,movenet,65,2.163971,ok,1,direct,0.442704,10,right_wrist,1,1,2.000000,586.010000,348.970000,2.000000,551.708679,205.562119,147.453047,48.410088,0,0.062000,0.000000
MP_R_DudukBerdiri_1,movenet,65,2.163971,ok,1,direct,0.442704,11,left_hip,1,1,2.000000,659.560000,342.810000,2.000000,647.836060,353.260315,15.705409,48.410088,1,0.107000,0.832052
MP_R_DudukBerdiri_1,movenet,65,2.163971,ok,1,direct,0.442704,12,right_hip,1,1,2.000000,582.530000,340.910000,2.000000,573.214783,372.075226,32.527597,48.410088,1,0.107000,0.454449
MP_R_DudukBerdiri_1,movenet,65,2.163971,ok,1,direct,0.442704,13,left_knee,1,1,2.000000,665.240000,452.970000,2.000000,668.292603,476.850891,24.075202,48.410088,1,0.087000,0.520211
MP_R_DudukBerdiri_1,movenet,65,2.163971,ok,1,direct,0.442704,14,right_knee,1,1,2.000000,586.480000,456.970000,2.000000,608.271667,476.456635,29.233640,48.410088,1,0.087000,0.381526
MP_R_DudukBerdiri_1,movenet,65,2.163971,ok,1,direct,0.442704,15,left_ankle,1,1,2.000000,667.320000,596.060000,2.000000,677.640747,606.575134,14.733834,48.410088,1,0.089000,0.791450
MP_R_DudukBerdiri_1,movenet,65,2.163971,ok,1,direct,0.442704,16,right_ankle,1,0,0.000000,571.470000,598.230000,0.000000,644.074829,575.752014,,,,0.089000,
MP_R_DudukBerdiri_1,movenet,66,2.197263,ok,1,direct,0.422830,0,nose,0,0,0.000000,0.000000,0.000000,2.000000,619.013611,76.977882,,,,0.026000,
MP_R_DudukBerdiri_1,movenet,66,2.197263,ok,1,direct,0.422830,1,left_eye,0,0,0.000000,0.000000,0.000000,2.000000,636.381897,68.367699,,,,0.025000,
MP_R_DudukBerdiri_1,movenet,66,2.197263,ok,1,direct,0.422830,2,right_eye,0,0,0.000000,0.000000,0.000000,2.000000,602.930115,69.523659,,,,0.025000,
MP_R_DudukBerdiri_1,movenet,66,2.197263,ok,1,direct,0.422830,3,left_ear,0,0,0.000000,0.000000,0.000000,2.000000,647.595276,75.687920,,,,0.035000,
MP_R_DudukBerdiri_1,movenet,66,2.197263,ok,1,direct,0.422830,4,right_ear,0,0,0.000000,0.000000,0.000000,2.000000,573.576965,81.433350,,,,0.035000,
MP_R_DudukBerdiri_1,movenet,66,2.197263,ok,1,direct,0.422830,5,left_shoulder,1,1,2.000000,674.760000,172.860000,2.000000,661.219116,156.108231,21.540133,48.311900,1,0.079000,0.528857
MP_R_DudukBerdiri_1,movenet,66,2.197263,ok,1,direct,0.422830,6,right_shoulder,1,1,2.000000,555.370000,172.090000,2.000000,524.238831,177.571335,31.610042,48.311900,1,0.079000,0.253628
MP_R_DudukBerdiri_1,movenet,66,2.197263,ok,1,direct,0.422830,7,left_elbow,1,1,2.000000,692.900000,269.800000,2.000000,673.937012,260.084137,21.307110,48.311900,1,0.072000,0.472167
MP_R_DudukBerdiri_1,movenet,66,2.197263,ok,1,direct,0.422830,8,right_elbow,1,1,2.000000,556.210000,277.040000,2.000000,476.572906,255.669876,82.454526,48.311900,0,0.072000,0.000013
MP_R_DudukBerdiri_1,movenet,66,2.197263,ok,1,direct,0.422830,9,left_wrist,1,1,2.000000,693.000000,343.690000,2.000000,804.129700,224.579773,162.901984,48.311900,0,0.062000,0.000000
MP_R_DudukBerdiri_1,movenet,66,2.197263,ok,1,direct,0.422830,10,right_wrist,1,1,2.000000,586.010000,348.970000,2.000000,556.024780,204.321777,147.723464,48.311900,0,0.062000,0.000000
MP_R_DudukBerdiri_1,movenet,66,2.197263,ok,1,direct,0.422830,11,left_hip,1,1,2.000000,659.560000,342.810000,2.000000,639.129944,355.408386,24.002219,48.311900,1,0.107000,0.649743
MP_R_DudukBerdiri_1,movenet,66,2.197263,ok,1,direct,0.422830,12,right_hip,1,1,2.000000,582.530000,340.910000,2.000000,562.629333,383.394531,46.914517,48.311900,1,0.107000,0.192572
MP_R_DudukBerdiri_1,movenet,66,2.197263,ok,1,direct,0.422830,13,left_knee,1,1,2.000000,665.240000,452.970000,2.000000,665.534119,483.231018,30.262447,48.311900,1,0.087000,0.354591
MP_R_DudukBerdiri_1,movenet,66,2.197263,ok,1,direct,0.422830,14,right_knee,1,1,2.000000,586.480000,456.970000,2.000000,609.596191,483.294586,35.033443,48.311900,1,0.087000,0.249208
MP_R_DudukBerdiri_1,movenet,66,2.197263,ok,1,direct,0.422830,15,left_ankle,1,1,2.000000,667.320000,596.060000,2.000000,677.459167,607.451904,15.250515,48.311900,1,0.089000,0.777556
MP_R_DudukBerdiri_1,movenet,66,2.197263,ok,1,direct,0.422830,16,right_ankle,1,0,0.000000,571.470000,598.230000,0.000000,652.562927,578.258972,,,,0.089000,
MP_R_DudukBerdiri_1,movenet,67,2.230555,ok,1,direct,0.439381,0,nose,0,0,0.000000,0.000000,0.000000,2.000000,618.378540,77.141960,,,,0.026000,
MP_R_DudukBerdiri_1,movenet,67,2.230555,ok,1,direct,0.439381,1,left_eye,0,0,0.000000,0.000000,0.000000,2.000000,636.126831,68.664474,,,,0.025000,
MP_R_DudukBerdiri_1,movenet,67,2.230555,ok,1,direct,0.439381,2,right_eye,0,0,0.000000,0.000000,0.000000,2.000000,602.231140,69.648071,,,,0.025000,
MP_R_DudukBerdiri_1,movenet,67,2.230555,ok,1,direct,0.439381,3,left_ear,0,0,0.000000,0.000000,0.000000,2.000000,648.714966,76.061668,,,,0.035000,
MP_R_DudukBerdiri_1,movenet,67,2.230555,ok,1,direct,0.439381,4,right_ear,0,0,0.000000,0.000000,0.000000,2.000000,574.715088,81.299545,,,,0.035000,
MP_R_DudukBerdiri_1,movenet,67,2.230555,ok,1,direct,0.439381,5,left_shoulder,1,1,2.000000,674.760000,172.860000,2.000000,662.552551,157.028381,19.991547,48.215270,1,0.079000,0.576411
MP_R_DudukBerdiri_1,movenet,67,2.230555,ok,1,direct,0.439381,6,right_shoulder,1,1,2.000000,555.370000,172.090000,2.000000,524.958252,178.908188,31.166683,48.215270,1,0.079000,0.262102
MP_R_DudukBerdiri_1,movenet,67,2.230555,ok,1,direct,0.439381,7,left_elbow,1,1,2.000000,692.250000,269.580000,2.000000,676.121521,259.415863,19.064037,48.215270,1,0.072000,0.547085
MP_R_DudukBerdiri_1,movenet,67,2.230555,ok,1,direct,0.439381,8,right_elbow,1,1,2.000000,556.210000,277.040000,2.000000,465.232391,264.132355,91.888697,48.215270,0,0.072000,0.000001
MP_R_DudukBerdiri_1,movenet,67,2.230555,ok,1,direct,0.439381,9,left_wrist,1,1,2.000000,692.450000,343.040000,2.000000,801.286987,223.951599,161.330521,48.215270,0,0.062000,0.000000
MP_R_DudukBerdiri_1,movenet,67,2.230555,ok,1,direct,0.439381,10,right_wrist,1,1,2.000000,586.010000,348.970000,2.000000,554.796204,205.449127,146.875941,48.215270,0,0.062000,0.000000
MP_R_DudukBerdiri_1,movenet,67,2.230555,ok,1,direct,0.439381,11,left_hip,1,1,2.000000,659.560000,342.810000,2.000000,641.401489,355.062622,21.905667,48.215270,1,0.107000,0.697269
MP_R_DudukBerdiri_1,movenet,67,2.230555,ok,1,direct,0.439381,12,right_hip,1,1,2.000000,582.530000,340.910000,2.000000,563.316711,383.544464,46.763747,48.215270,1,0.107000,0.193345
MP_R_DudukBerdiri_1,movenet,67,2.230555,ok,1,direct,0.439381,13,left_knee,1,1,2.000000,665.240000,452.970000,2.000000,668.025513,488.543427,35.682317,48.215270,1,0.087000,0.235228
MP_R_DudukBerdiri_1,movenet,67,2.230555,ok,1,direct,0.439381,14,right_knee,1,1,2.000000,586.480000,456.970000,2.000000,609.245728,482.950562,34.543710,48.215270,1,0.087000,0.257609
MP_R_DudukBerdiri_1,movenet,67,2.230555,ok,1,direct,0.439381,15,left_ankle,1,1,2.000000,667.320000,596.060000,2.000000,677.945007,608.449219,16.321260,48.215270,1,0.089000,0.748768
MP_R_DudukBerdiri_1,movenet,67,2.230555,ok,1,direct,0.439381,16,right_ankle,1,0,0.000000,571.470000,598.230000,0.000000,647.536865,585.918945,,,,0.089000,
MP_R_DudukBerdiri_1,movenet,68,2.263847,ok,1,direct,0.430036,0,nose,0,0,0.000000,0.000000,0.000000,2.000000,615.505005,77.313416,,,,0.026000,
MP_R_DudukBerdiri_1,movenet,68,2.263847,ok,1,direct,0.430036,1,left_eye,0,0,0.000000,0.000000,0.000000,2.000000,633.728943,68.474182,,,,0.025000,
MP_R_DudukBerdiri_1,movenet,68,2.263847,ok,1,direct,0.430036,2,right_eye,0,0,0.000000,0.000000,0.000000,2.000000,599.840698,70.087135,,,,0.025000,
MP_R_DudukBerdiri_1,movenet,68,2.263847,ok,1,direct,0.430036,3,left_ear,0,0,0.000000,0.000000,0.000000,2.000000,647.269531,75.805969,,,,0.035000,
MP_R_DudukBerdiri_1,movenet,68,2.263847,ok,1,direct,0.430036,4,right_ear,0,0,0.000000,0.000000,0.000000,2.000000,574.067932,81.236031,,,,0.035000,
MP_R_DudukBerdiri_1,movenet,68,2.263847,ok,1,direct,0.430036,5,left_shoulder,1,1,2.000000,674.760000,172.860000,2.000000,658.351990,156.032593,23.502860,48.120209,1,0.079000,0.465579
MP_R_DudukBerdiri_1,movenet,68,2.263847,ok,1,direct,0.430036,6,right_shoulder,1,1,2.000000,555.370000,172.090000,2.000000,523.595520,176.887619,32.134634,48.120209,1,0.079000,0.239521
MP_R_DudukBerdiri_1,movenet,68,2.263847,ok,1,direct,0.430036,7,left_elbow,1,1,2.000000,691.590000,269.370000,2.000000,678.677979,259.284302,16.384188,48.120209,1,0.072000,0.639378
MP_R_DudukBerdiri_1,movenet,68,2.263847,ok,1,direct,0.430036,8,right_elbow,1,1,2.000000,556.210000,277.040000,2.000000,489.841156,252.677612,70.699006,48.120209,0,0.072000,0.000242
MP_R_DudukBerdiri_1,movenet,68,2.263847,ok,1,direct,0.430036,9,left_wrist,1,1,2.000000,691.910000,342.380000,2.000000,802.486572,222.526581,163.070600,48.120209,0,0.062000,0.000000
MP_R_DudukBerdiri_1,movenet,68,2.263847,ok,1,direct,0.430036,10,right_wrist,1,1,2.000000,586.010000,348.970000,2.000000,557.969116,205.902786,145.789296,48.120209,0,0.062000,0.000000
MP_R_DudukBerdiri_1,movenet,68,2.263847,ok,1,direct,0.430036,11,left_hip,1,1,2.000000,659.560000,342.810000,2.000000,624.173096,364.248138,41.374228,48.120209,1,0.107000,0.274880
MP_R_DudukBerdiri_1,movenet,68,2.263847,ok,1,direct,0.430036,12,right_hip,1,1,2.000000,582.530000,340.910000,2.000000,544.531128,388.271912,60.721207,48.120209,0,0.107000,0.061942
MP_R_DudukBerdiri_1,movenet,68,2.263847,ok,1,direct,0.430036,13,left_knee,1,1,2.000000,665.240000,452.970000,2.000000,657.225281,483.856781,31.909700,48.120209,1,0.087000,0.312880
MP_R_DudukBerdiri_1,movenet,68,2.263847,ok,1,direct,0.430036,14,right_knee,1,1,2.000000,586.480000,456.970000,2.000000,604.978516,485.088959,33.658148,48.120209,1,0.087000,0.274513
MP_R_DudukBerdiri_1,movenet,68,2.263847,ok,1,direct,0.430036,15,left_ankle,1,1,2.000000,667.320000,596.060000,2.000000,677.501770,608.783813,16.296131,48.120209,1,0.089000,0.748580
MP_R_DudukBerdiri_1,movenet,68,2.263847,ok,1,direct,0.430036,16,right_ankle,1,0,0.000000,571.470000,598.230000,0.000000,642.781250,575.646240,,,,0.089000,
MP_R_DudukBerdiri_1,movenet,69,2.297139,ok,1,direct,0.429815,0,nose,0,0,0.000000,0.000000,0.000000,2.000000,617.147461,78.829971,,,,0.026000,
MP_R_DudukBerdiri_1,movenet,69,2.297139,ok,1,direct,0.429815,1,left_eye,0,0,0.000000,0.000000,0.000000,2.000000,633.584534,68.858612,,,,0.025000,
MP_R_DudukBerdiri_1,movenet,69,2.297139,ok,1,direct,0.429815,2,right_eye,0,0,0.000000,0.000000,0.000000,2.000000,599.520142,70.277527,,,,0.025000,
MP_R_DudukBerdiri_1,movenet,69,2.297139,ok,1,direct,0.429815,3,left_ear,0,0,0.000000,0.000000,0.000000,2.000000,646.996155,75.930008,,,,0.035000,
MP_R_DudukBerdiri_1,movenet,69,2.297139,ok,1,direct,0.429815,4,right_ear,0,0,0.000000,0.000000,0.000000,2.000000,574.015625,80.682159,,,,0.035000,
MP_R_DudukBerdiri_1,movenet,69,2.297139,ok,1,direct,0.429815,5,left_shoulder,1,1,2.000000,674.760000,172.860000,2.000000,658.131775,155.191559,24.262557,48.023195,1,0.079000,0.441319
MP_R_DudukBerdiri_1,movenet,69,2.297139,ok,1,direct,0.429815,6,right_shoulder,1,1,2.000000,555.370000,172.090000,2.000000,524.743286,176.096100,30.887610,48.023195,1,0.079000,0.265619
MP_R_DudukBerdiri_1,movenet,69,2.297139,ok,1,direct,0.429815,7,left_elbow,1,1,2.000000,690.930000,269.150000,2.000000,678.050293,258.821747,16.509381,48.023195,1,0.072000,0.633841
MP_R_DudukBerdiri_1,movenet,69,2.297139,ok,1,direct,0.429815,8,right_elbow,1,1,2.000000,556.210000,277.040000,2.000000,490.337769,254.244217,69.705083,48.023195,0,0.072000,0.000295
MP_R_DudukBerdiri_1,movenet,69,2.297139,ok,1,direct,0.429815,9,left_wrist,1,1,2.000000,691.360000,341.720000,2.000000,797.910828,223.445908,159.191205,48.023195,0,0.062000,0.000000
MP_R_DudukBerdiri_1,movenet,69,2.297139,ok,1,direct,0.429815,10,right_wrist,1,1,2.000000,586.010000,348.970000,2.000000,559.812317,206.198441,145.155216,48.023195,0,0.062000,0.000000
MP_R_DudukBerdiri_1,movenet,69,2.297139,ok,1,direct,0.429815,11,left_hip,1,1,2.000000,659.560000,342.810000,2.000000,639.499146,350.993622,21.665861,48.023195,1,0.107000,0.700781
MP_R_DudukBerdiri_1,movenet,69,2.297139,ok,1,direct,0.429815,12,right_hip,1,1,2.000000,582.530000,340.910000,2.000000,553.514954,375.495392,45.144460,48.023195,1,0.107000,0.213585
MP_R_DudukBerdiri_1,movenet,69,2.297139,ok,1,direct,0.429815,13,left_knee,1,1,2.000000,665.240000,452.970000,2.000000,665.664795,472.432159,19.466795,48.023195,1,0.087000,0.647790
MP_R_DudukBerdiri_1,movenet,69,2.297139,ok,1,direct,0.429815,14,right_knee,1,1,2.000000,586.480000,456.970000,2.000000,606.524963,469.722473,23.757654,48.023195,1,0.087000,0.523776
MP_R_DudukBerdiri_1,movenet,69,2.297139,ok,1,direct,0.429815,15,left_ankle,1,1,2.000000,667.320000,596.060000,2.000000,678.396301,608.694397,16.802156,48.023195,1,0.089000,0.734118
MP_R_DudukBerdiri_1,movenet,69,2.297139,ok,1,direct,0.429815,16,right_ankle,1,0,0.000000,571.470000,598.230000,0.000000,619.717529,555.179993,,,,0.089000,
MP_R_DudukBerdiri_1,movenet,70,2.330431,ok,1,direct,0.439278,0,nose,0,0,0.000000,0.000000,0.000000,2.000000,614.542114,77.055710,,,,0.026000,
MP_R_DudukBerdiri_1,movenet,70,2.330431,ok,1,direct,0.439278,1,left_eye,0,0,0.000000,0.000000,0.000000,2.000000,633.023254,68.432510,,,,0.025000,
MP_R_DudukBerdiri_1,movenet,70,2.330431,ok,1,direct,0.439278,2,right_eye,0,0,0.000000,0.000000,0.000000,2.000000,599.104858,69.794174,,,,0.025000,
MP_R_DudukBerdiri_1,movenet,70,2.330431,ok,1,direct,0.439278,3,left_ear,0,0,0.000000,0.000000,0.000000,2.000000,647.730042,75.726936,,,,0.035000,
MP_R_DudukBerdiri_1,movenet,70,2.330431,ok,1,direct,0.439278,4,right_ear,0,0,0.000000,0.000000,0.000000,2.000000,576.763550,80.528732,,,,0.035000,
MP_R_DudukBerdiri_1,movenet,70,2.330431,ok,1,direct,0.439278,5,left_shoulder,1,1,2.000000,674.760000,172.860000,2.000000,659.859985,154.480789,23.660216,47.925983,1,0.079000,0.457931
MP_R_DudukBerdiri_1,movenet,70,2.330431,ok,1,direct,0.439278,6,right_shoulder,1,1,2.000000,555.370000,172.090000,2.000000,533.126465,165.702362,23.142532,47.925983,1,0.079000,0.473676
MP_R_DudukBerdiri_1,movenet,70,2.330431,ok,1,direct,0.439278,7,left_elbow,1,1,2.000000,690.280000,268.930000,2.000000,679.595825,255.224777,17.377708,47.925983,1,0.072000,0.602159
MP_R_DudukBerdiri_1,movenet,70,2.330431,ok,1,direct,0.439278,8,right_elbow,1,1,2.000000,556.210000,277.040000,2.000000,493.480835,252.689713,67.289558,47.925983,0,0.072000,0.000498
MP_R_DudukBerdiri_1,movenet,70,2.330431,ok,1,direct,0.439278,9,left_wrist,1,1,2.000000,690.810000,341.070000,2.000000,803.340454,219.200958,165.876962,47.925983,0,0.062000,0.000000
MP_R_DudukBerdiri_1,movenet,70,2.330431,ok,1,direct,0.439278,10,right_wrist,1,1,2.000000,586.010000,348.970000,2.000000,557.527100,209.852448,142.003412,47.925983,0,0.062000,0.000000
MP_R_DudukBerdiri_1,movenet,70,2.330431,ok,1,direct,0.439278,11,left_hip,1,1,2.000000,659.560000,342.810000,2.000000,652.746582,340.865021,7.085592,47.925983,1,0.107000,0.962537
MP_R_DudukBerdiri_1,movenet,70,2.330431,ok,1,direct,0.439278,12,right_hip,1,1,2.000000,582.530000,340.910000,2.000000,572.449219,359.445312,21.099288,47.925983,1,0.107000,0.712785
MP_R_DudukBerdiri_1,movenet,70,2.330431,ok,1,direct,0.439278,13,left_knee,1,1,2.000000,665.240000,452.970000,2.000000,665.589905,472.458069,19.491210,47.925983,1,0.087000,0.645942
MP_R_DudukBerdiri_1,movenet,70,2.330431,ok,1,direct,0.439278,14,right_knee,1,1,2.000000,586.480000,456.970000,0.000000,607.690918,459.778564,,47.925983,0,0.087000,0.000000
MP_R_DudukBerdiri_1,movenet,70,2.330431,ok,1,direct,0.439278,15,left_ankle,1,1,2.000000,667.320000,596.060000,2.000000,679.271790,608.416199,17.190722,47.925983,1,0.089000,0.722629
MP_R_DudukBerdiri_1,movenet,70,2.330431,ok,1,direct,0.439278,16,right_ankle,1,0,0.000000,571.470000,598.230000,0.000000,637.768066,557.997437,,,,0.089000,
MP_R_DudukBerdiri_1,movenet,71,2.363722,ok,1,direct,0.452612,0,nose,0,0,0.000000,0.000000,0.000000,2.000000,610.472534,77.470947,,,,0.026000,
MP_R_DudukBerdiri_1,movenet,71,2.363722,ok,1,direct,0.452612,1,left_eye,0,0,0.000000,0.000000,0.000000,2.000000,629.944336,68.494339,,,,0.025000,
MP_R_DudukBerdiri_1,movenet,71,2.363722,ok,1,direct,0.452612,2,right_eye,0,0,0.000000,0.000000,0.000000,2.000000,594.465759,69.763809,,,,0.025000,
MP_R_DudukBerdiri_1,movenet,71,2.363722,ok,1,direct,0.452612,3,left_ear,0,0,0.000000,0.000000,0.000000,2.000000,647.143188,76.053307,,,,0.035000,
MP_R_DudukBerdiri_1,movenet,71,2.363722,ok,1,direct,0.452612,4,right_ear,0,0,0.000000,0.000000,0.000000,2.000000,573.448486,81.094467,,,,0.035000,
MP_R_DudukBerdiri_1,movenet,71,2.363722,ok,1,direct,0.452612,5,left_shoulder,1,1,2.000000,674.760000,172.860000,2.000000,659.277954,154.762451,23.816276,47.897667,1,0.079000,0.452798
MP_R_DudukBerdiri_1,movenet,71,2.363722,ok,1,direct,0.452612,6,right_shoulder,1,1,2.000000,555.370000,172.090000,2.000000,517.399963,176.104599,38.181680,47.897667,1,0.079000,0.130501
MP_R_DudukBerdiri_1,movenet,71,2.363722,ok,1,direct,0.452612,7,left_elbow,1,1,2.000000,689.900000,268.760000,2.000000,683.571533,256.069946,14.180513,47.897667,1,0.072000,0.713082
MP_R_DudukBerdiri_1,movenet,71,2.363722,ok,1,direct,0.452612,8,right_elbow,1,1,2.000000,556.210000,277.040000,2.000000,496.682129,251.710770,64.692638,47.897667,0,0.072000,0.000878
MP_R_DudukBerdiri_1,movenet,71,2.363722,ok,1,direct,0.452612,9,left_wrist,1,1,2.000000,690.650000,341.720000,2.000000,800.807983,218.292648,165.436068,47.897667,0,0.062000,0.000000
MP_R_DudukBerdiri_1,movenet,71,2.363722,ok,1,direct,0.452612,10,right_wrist,1,1,2.000000,585.210000,349.020000,2.000000,558.261169,210.567978,141.050352,47.897667,0,0.062000,0.000000
MP_R_DudukBerdiri_1,movenet,71,2.363722,ok,1,direct,0.452612,11,left_hip,1,1,2.000000,659.560000,342.810000,2.000000,647.038940,345.280518,12.762460,47.897667,1,0.107000,0.883359
MP_R_DudukBerdiri_1,movenet,71,2.363722,ok,1,direct,0.452612,12,right_hip,1,1,2.000000,582.530000,340.910000,2.000000,571.051331,362.338898,24.309618,47.897667,1,0.107000,0.637643
MP_R_DudukBerdiri_1,movenet,71,2.363722,ok,1,direct,0.452612,13,left_knee,1,1,2.000000,665.240000,452.970000,2.000000,664.338013,473.399384,20.449286,47.897667,1,0.087000,0.617772
MP_R_DudukBerdiri_1,movenet,71,2.363722,ok,1,direct,0.452612,14,right_knee,1,1,2.000000,586.480000,456.970000,2.000000,603.272278,469.806274,21.136474,47.897667,1,0.087000,0.597769
MP_R_DudukBerdiri_1,movenet,71,2.363722,ok,1,direct,0.452612,15,left_ankle,1,1,2.000000,667.320000,596.060000,2.000000,678.495117,610.627563,18.360206,47.897667,1,0.089000,0.690043
MP_R_DudukBerdiri_1,movenet,71,2.363722,ok,1,direct,0.452612,16,right_ankle,1,0,0.000000,571.470000,598.230000,0.000000,633.036621,548.225098,,,,0.089000,
MP_R_DudukBerdiri_1,movenet,72,2.397014,ok,1,direct,0.437968,0,nose,0,0,0.000000,0.000000,0.000000,2.000000,613.482239,78.210815,,,,0.026000,
MP_R_DudukBerdiri_1,movenet,72,2.397014,ok,1,direct,0.437968,1,left_eye,0,0,0.000000,0.000000,0.000000,2.000000,630.743286,68.231575,,,,0.025000,
MP_R_DudukBerdiri_1,movenet,72,2.397014,ok,1,direct,0.437968,2,right_eye,0,0,0.000000,0.000000,0.000000,2.000000,595.513672,69.584412,,,,0.025000,
MP_R_DudukBerdiri_1,movenet,72,2.397014,ok,1,direct,0.437968,3,left_ear,0,0,0.000000,0.000000,0.000000,2.000000,647.066895,75.820854,,,,0.035000,
MP_R_DudukBerdiri_1,movenet,72,2.397014,ok,1,direct,0.437968,4,right_ear,0,0,0.000000,0.000000,0.000000,2.000000,575.402527,80.630951,,,,0.035000,
MP_R_DudukBerdiri_1,movenet,72,2.397014,ok,1,direct,0.437968,5,left_shoulder,1,1,2.000000,674.760000,172.860000,2.000000,656.272461,154.076904,26.355147,47.867562,1,0.079000,0.378531
MP_R_DudukBerdiri_1,movenet,72,2.397014,ok,1,direct,0.437968,6,right_shoulder,1,1,2.000000,555.370000,172.090000,2.000000,533.994507,165.836334,22.271507,47.867562,1,0.079000,0.499707
MP_R_DudukBerdiri_1,movenet,72,2.397014,ok,1,direct,0.437968,7,left_elbow,1,1,2.000000,689.510000,268.600000,2.000000,682.001953,258.450226,12.624923,47.867562,1,0.072000,0.764622
MP_R_DudukBerdiri_1,movenet,72,2.397014,ok,1,direct,0.437968,8,right_elbow,1,1,2.000000,556.210000,277.040000,2.000000,511.873962,248.733810,52.601565,47.867562,0,0.072000,0.009477
MP_R_DudukBerdiri_1,movenet,72,2.397014,ok,1,direct,0.437968,9,left_wrist,1,1,2.000000,690.480000,342.380000,2.000000,803.630859,217.659805,168.399062,47.867562,0,0.062000,0.000000
MP_R_DudukBerdiri_1,movenet,72,2.397014,ok,1,direct,0.437968,10,right_wrist,1,1,2.000000,584.410000,349.070000,2.000000,558.088318,214.040649,137.570914,47.867562,0,0.062000,0.000000
MP_R_DudukBerdiri_1,movenet,72,2.397014,ok,1,direct,0.437968,11,left_hip,1,1,2.000000,659.560000,342.810000,2.000000,642.658752,344.186584,16.957215,47.867562,1,0.107000,0.803141
MP_R_DudukBerdiri_1,movenet,72,2.397014,ok,1,direct,0.437968,12,right_hip,1,1,2.000000,582.530000,340.910000,2.000000,570.312561,360.133514,22.777386,47.867562,1,0.107000,0.673318
MP_R_DudukBerdiri_1,movenet,72,2.397014,ok,1,direct,0.437968,13,left_knee,1,1,2.000000,665.240000,452.970000,2.000000,663.998047,467.900330,14.981895,47.867562,1,0.087000,0.771941
MP_R_DudukBerdiri_1,movenet,72,2.397014,ok,1,direct,0.437968,14,right_knee,1,1,2.000000,586.480000,456.970000,0.000000,609.116089,446.685120,,47.867562,0,0.087000,0.000000
MP_R_DudukBerdiri_1,movenet,72,2.397014,ok,1,direct,0.437968,15,left_ankle,1,1,2.000000,667.320000,596.060000,2.000000,680.343140,612.744019,21.165033,47.867562,1,0.089000,0.610404
MP_R_DudukBerdiri_1,movenet,72,2.397014,ok,1,direct,0.437968,16,right_ankle,1,0,0.000000,571.470000,598.230000,0.000000,629.059082,538.111328,,,,0.089000,
MP_R_DudukBerdiri_1,movenet,73,2.430306,ok,1,direct,0.449714,0,nose,0,0,0.000000,0.000000,0.000000,2.000000,613.738647,79.361153,,,,0.026000,
MP_R_DudukBerdiri_1,movenet,73,2.430306,ok,1,direct,0.449714,1,left_eye,0,0,0.000000,0.000000,0.000000,2.000000,631.465881,68.929817,,,,0.025000,
MP_R_DudukBerdiri_1,movenet,73,2.430306,ok,1,direct,0.449714,2,right_eye,0,0,0.000000,0.000000,0.000000,2.000000,596.082703,70.321724,,,,0.025000,
MP_R_DudukBerdiri_1,movenet,73,2.430306,ok,1,direct,0.449714,3,left_ear,0,0,0.000000,0.000000,0.000000,2.000000,647.375183,76.363808,,,,0.035000,
MP_R_DudukBerdiri_1,movenet,73,2.430306,ok,1,direct,0.449714,4,right_ear,0,0,0.000000,0.000000,0.000000,2.000000,573.731628,80.666039,,,,0.035000,
MP_R_DudukBerdiri_1,movenet,73,2.430306,ok,1,direct,0.449714,5,left_shoulder,1,1,2.000000,674.760000,172.860000,2.000000,655.197693,154.494873,26.832103,47.839210,1,0.079000,0.364900
MP_R_DudukBerdiri_1,movenet,73,2.430306,ok,1,direct,0.449714,6,right_shoulder,1,1,2.000000,555.370000,172.090000,2.000000,532.142700,166.889496,23.802368,47.839210,1,0.079000,0.452341
MP_R_DudukBerdiri_1,movenet,73,2.430306,ok,1,direct,0.449714,7,left_elbow,1,1,2.000000,689.130000,268.440000,2.000000,682.682434,258.980530,11.447824,47.839210,1,0.072000,0.801778
MP_R_DudukBerdiri_1,movenet,73,2.430306,ok,1,direct,0.449714,8,right_elbow,1,1,2.000000,556.210000,277.040000,2.000000,488.464294,257.643280,70.467818,47.839210,0,0.072000,0.000231
MP_R_DudukBerdiri_1,movenet,73,2.430306,ok,1,direct,0.449714,9,left_wrist,1,1,2.000000,690.320000,343.040000,2.000000,803.318237,217.746765,168.721653,47.839210,0,0.062000,0.000000
MP_R_DudukBerdiri_1,movenet,73,2.430306,ok,1,direct,0.449714,10,right_wrist,1,1,2.000000,583.600000,349.110000,2.000000,556.947327,214.508209,137.215185,47.839210,0,0.062000,0.000000
MP_R_DudukBerdiri_1,movenet,73,2.430306,ok,1,direct,0.449714,11,left_hip,1,1,2.000000,659.560000,342.810000,2.000000,645.487976,345.604248,14.346765,47.839210,1,0.107000,0.854610
MP_R_DudukBerdiri_1,movenet,73,2.430306,ok,1,direct,0.449714,12,right_hip,1,1,2.000000,582.530000,340.910000,2.000000,573.656128,361.014435,21.975757,47.839210,1,0.107000,0.691686
MP_R_DudukBerdiri_1,movenet,73,2.430306,ok,1,direct,0.449714,13,left_knee,1,1,2.000000,665.240000,452.970000,2.000000,667.287537,467.763214,14.934242,47.839210,1,0.087000,0.772976
MP_R_DudukBerdiri_1,movenet,73,2.430306,ok,1,direct,0.449714,14,right_knee,1,1,2.000000,586.480000,456.970000,0.000000,606.213684,460.001251,,47.839210,0,0.087000,0.000000
MP_R_DudukBerdiri_1,movenet,73,2.430306,ok,1,direct,0.449714,15,left_ankle,1,1,2.000000,667.320000,596.060000,2.000000,682.173584,612.134766,21.886687,47.839210,1,0.089000,0.589491
MP_R_DudukBerdiri_1,movenet,73,2.430306,ok,1,direct,0.449714,16,right_ankle,1,0,0.000000,571.470000,598.230000,0.000000,632.879333,548.474670,,,,0.089000,
MP_R_DudukBerdiri_1,movenet,74,2.463598,ok,1,direct,0.452605,0,nose,0,0,0.000000,0.000000,0.000000,2.000000,615.011963,79.484154,,,,0.026000,
MP_R_DudukBerdiri_1,movenet,74,2.463598,ok,1,direct,0.452605,1,left_eye,0,0,0.000000,0.000000,0.000000,2.000000,632.392944,69.294106,,,,0.025000,
MP_R_DudukBerdiri_1,movenet,74,2.463598,ok,1,direct,0.452605,2,right_eye,0,0,0.000000,0.000000,0.000000,2.000000,597.954834,70.698402,,,,0.025000,
MP_R_DudukBerdiri_1,movenet,74,2.463598,ok,1,direct,0.452605,3,left_ear,0,0,0.000000,0.000000,0.000000,2.000000,647.726379,76.115974,,,,0.035000,
MP_R_DudukBerdiri_1,movenet,74,2.463598,ok,1,direct,0.452605,4,right_ear,0,0,0.000000,0.000000,0.000000,2.000000,574.915405,80.477356,,,,0.035000,
MP_R_DudukBerdiri_1,movenet,74,2.463598,ok,1,direct,0.452605,5,left_shoulder,1,1,2.000000,674.760000,172.860000,2.000000,655.848328,153.886642,26.788797,47.810842,1,0.079000,0.365652
MP_R_DudukBerdiri_1,movenet,74,2.463598,ok,1,direct,0.452605,6,right_shoulder,1,1,2.000000,555.370000,172.090000,2.000000,516.309875,175.463531,39.205536,47.810842,1,0.079000,0.115920
MP_R_DudukBerdiri_1,movenet,74,2.463598,ok,1,direct,0.452605,7,left_elbow,1,1,2.000000,688.750000,268.270000,2.000000,685.368103,257.345093,11.436382,47.810842,1,0.072000,0.801922
MP_R_DudukBerdiri_1,movenet,74,2.463598,ok,1,direct,0.452605,8,right_elbow,1,1,2.000000,556.210000,277.040000,2.000000,489.038727,256.761169,70.165596,47.810842,0,0.072000,0.000246
MP_R_DudukBerdiri_1,movenet,74,2.463598,ok,1,direct,0.452605,9,left_wrist,1,1,2.000000,690.160000,343.690000,2.000000,800.220215,217.693710,167.297089,47.810842,0,0.062000,0.000000
MP_R_DudukBerdiri_1,movenet,74,2.463598,ok,1,direct,0.452605,10,right_wrist,1,1,2.000000,582.800000,349.160000,2.000000,555.445435,215.567169,136.364646,47.810842,0,0.062000,0.000000
MP_R_DudukBerdiri_1,movenet,74,2.463598,ok,1,direct,0.452605,11,left_hip,1,1,2.000000,659.560000,342.810000,2.000000,644.111816,346.768646,15.947328,47.810842,1,0.107000,0.823369
MP_R_DudukBerdiri_1,movenet,74,2.463598,ok,1,direct,0.452605,12,right_hip,1,1,2.000000,582.530000,340.910000,2.000000,573.375122,362.249664,23.220531,47.810842,1,0.107000,0.662289
MP_R_DudukBerdiri_1,movenet,74,2.463598,ok,1,direct,0.452605,13,left_knee,1,1,2.000000,665.240000,452.970000,2.000000,663.595215,466.661743,13.790183,47.810842,1,0.087000,0.802659
MP_R_DudukBerdiri_1,movenet,74,2.463598,ok,1,direct,0.452605,14,right_knee,1,1,2.000000,586.480000,456.970000,2.000000,604.725281,475.536774,26.031046,47.810842,1,0.087000,0.456901
MP_R_DudukBerdiri_1,movenet,74,2.463598,ok,1,direct,0.452605,15,left_ankle,1,1,2.000000,667.320000,596.060000,2.000000,679.737061,609.784668,18.508104,47.810842,1,0.089000,0.684974
MP_R_DudukBerdiri_1,movenet,74,2.463598,ok,1,direct,0.452605,16,right_ankle,1,0,0.000000,571.470000,598.230000,0.000000,631.321594,538.594727,,,,0.089000,
MP_R_DudukBerdiri_1,movenet,75,2.496890,ok,1,direct,0.446088,0,nose,0,0,0.000000,0.000000,0.000000,2.000000,614.005615,80.017418,,,,0.026000,
MP_R_DudukBerdiri_1,movenet,75,2.496890,ok,1,direct,0.446088,1,left_eye,0,0,0.000000,0.000000,0.000000,2.000000,632.324158,69.204453,,,,0.025000,
MP_R_DudukBerdiri_1,movenet,75,2.496890,ok,1,direct,0.446088,2,right_eye,0,0,0.000000,0.000000,0.000000,2.000000,596.838135,70.767609,,,,0.025000,
MP_R_DudukBerdiri_1,movenet,75,2.496890,ok,1,direct,0.446088,3,left_ear,0,0,0.000000,0.000000,0.000000,2.000000,649.494995,76.320953,,,,0.035000,
MP_R_DudukBerdiri_1,movenet,75,2.496890,ok,1,direct,0.446088,4,right_ear,0,0,0.000000,0.000000,0.000000,2.000000,575.556091,80.619179,,,,0.035000,
MP_R_DudukBerdiri_1,movenet,75,2.496890,ok,1,direct,0.446088,5,left_shoulder,1,1,2.000000,674.760000,172.860000,2.000000,659.153198,154.757706,23.901157,47.780683,1,0.079000,0.448485
MP_R_DudukBerdiri_1,movenet,75,2.496890,ok,1,direct,0.446088,6,right_shoulder,1,1,2.000000,555.370000,172.090000,2.000000,516.091980,176.724579,39.550502,47.780683,1,0.079000,0.111279
MP_R_DudukBerdiri_1,movenet,75,2.496890,ok,1,direct,0.446088,7,left_elbow,1,1,2.000000,688.370000,268.110000,2.000000,683.639282,258.595245,10.625923,47.780683,1,0.072000,0.826292
MP_R_DudukBerdiri_1,movenet,75,2.496890,ok,1,direct,0.446088,8,right_elbow,1,1,2.000000,556.210000,277.040000,2.000000,492.194550,258.257263,66.714085,47.780683,0,0.072000,0.000541
MP_R_DudukBerdiri_1,movenet,75,2.496890,ok,1,direct,0.446088,9,left_wrist,1,1,2.000000,689.990000,344.350000,2.000000,800.526489,217.529236,168.231453,47.780683,0,0.062000,0.000000
MP_R_DudukBerdiri_1,movenet,75,2.496890,ok,1,direct,0.446088,10,right_wrist,1,1,2.000000,582.000000,349.210000,2.000000,555.966919,215.524338,136.196834,47.780683,0,0.062000,0.000000
MP_R_DudukBerdiri_1,movenet,75,2.496890,ok,1,direct,0.446088,11,left_hip,1,1,2.000000,659.560000,342.810000,2.000000,638.076904,344.897614,21.584289,47.780683,1,0.107000,0.700138
MP_R_DudukBerdiri_1,movenet,75,2.496890,ok,1,direct,0.446088,12,right_hip,1,1,2.000000,582.530000,340.910000,2.000000,558.863403,363.767761,32.902660,47.780683,1,0.107000,0.436764
MP_R_DudukBerdiri_1,movenet,75,2.496890,ok,1,direct,0.446088,13,left_knee,1,1,2.000000,665.240000,452.970000,2.000000,661.044861,468.171783,15.770016,47.780683,1,0.087000,0.749882
MP_R_DudukBerdiri_1,movenet,75,2.496890,ok,1,direct,0.446088,14,right_knee,1,1,2.000000,586.480000,456.970000,0.000000,606.708435,459.722778,,47.780683,0,0.087000,0.000000
MP_R_DudukBerdiri_1,movenet,75,2.496890,ok,1,direct,0.446088,15,left_ankle,1,1,2.000000,667.320000,596.060000,2.000000,679.616821,611.189758,19.496702,47.780683,1,0.089000,0.656781
MP_R_DudukBerdiri_1,movenet,75,2.496890,ok,1,direct,0.446088,16,right_ankle,1,0,0.000000,571.470000,598.230000,0.000000,633.337891,548.950684,,,,0.089000,
MP_R_DudukBerdiri_1,movenet,76,2.530182,ok,1,direct,0.475379,0,nose,0,0,0.000000,0.000000,0.000000,2.000000,612.305176,80.872261,,,,0.026000,
MP_R_DudukBerdiri_1,movenet,76,2.530182,ok,1,direct,0.475379,1,left_eye,0,0,0.000000,0.000000,0.000000,2.000000,632.295593,69.578392,,,,0.025000,
MP_R_DudukBerdiri_1,movenet,76,2.530182,ok,1,direct,0.475379,2,right_eye,0,0,0.000000,0.000000,0.000000,2.000000,595.661804,71.150925,,,,0.025000,
MP_R_DudukBerdiri_1,movenet,76,2.530182,ok,1,direct,0.475379,3,left_ear,0,0,0.000000,0.000000,0.000000,2.000000,650.419617,77.149948,,,,0.035000,
MP_R_DudukBerdiri_1,movenet,76,2.530182,ok,1,direct,0.475379,4,right_ear,0,0,0.000000,0.000000,0.000000,2.000000,573.988220,81.571068,,,,0.035000,
MP_R_DudukBerdiri_1,movenet,76,2.530182,ok,1,direct,0.475379,5,left_shoulder,1,1,2.000000,674.760000,172.860000,2.000000,660.078125,155.369217,22.836045,47.752280,1,0.079000,0.480526
MP_R_DudukBerdiri_1,movenet,76,2.530182,ok,1,direct,0.475379,6,right_shoulder,1,1,2.000000,555.370000,172.090000,2.000000,515.040344,177.740021,40.723505,47.752280,1,0.079000,0.097232
MP_R_DudukBerdiri_1,movenet,76,2.530182,ok,1,direct,0.475379,7,left_elbow,1,1,2.000000,687.980000,267.940000,2.000000,680.933777,260.284363,10.404712,47.752280,1,0.072000,0.832633
MP_R_DudukBerdiri_1,movenet,76,2.530182,ok,1,direct,0.475379,8,right_elbow,1,1,2.000000,556.210000,277.040000,2.000000,484.051575,264.124603,73.305155,47.752280,0,0.072000,0.000113
MP_R_DudukBerdiri_1,movenet,76,2.530182,ok,1,direct,0.475379,9,left_wrist,1,1,2.000000,689.830000,345.010000,2.000000,799.786133,217.346695,168.488191,47.752280,0,0.062000,0.000000
MP_R_DudukBerdiri_1,movenet,76,2.530182,ok,1,direct,0.475379,10,right_wrist,1,1,2.000000,581.190000,349.260000,2.000000,554.420715,215.548218,136.365081,47.752280,0,0.062000,0.000000
MP_R_DudukBerdiri_1,movenet,76,2.530182,ok,1,direct,0.475379,11,left_hip,1,1,2.000000,659.560000,342.810000,2.000000,641.606506,343.009827,17.954606,47.752280,1,0.107000,0.781172
MP_R_DudukBerdiri_1,movenet,76,2.530182,ok,1,direct,0.475379,12,right_hip,1,1,2.000000,582.530000,340.910000,2.000000,563.409363,354.440277,23.423645,47.752280,1,0.107000,0.656835
MP_R_DudukBerdiri_1,movenet,76,2.530182,ok,1,direct,0.475379,13,left_knee,1,1,2.000000,665.240000,452.970000,2.000000,662.803223,468.675201,15.893119,47.752280,1,0.087000,0.746247
MP_R_DudukBerdiri_1,movenet,76,2.530182,ok,1,direct,0.475379,14,right_knee,1,1,2.000000,586.480000,456.970000,2.000000,604.927551,469.583679,22.347641,47.752280,1,0.087000,0.560617
MP_R_DudukBerdiri_1,movenet,76,2.530182,ok,1,direct,0.475379,15,left_ankle,1,1,2.000000,667.320000,596.060000,2.000000,679.665527,610.882080,19.290052,47.752280,1,0.089000,0.662305
MP_R_DudukBerdiri_1,movenet,76,2.530182,ok,1,direct,0.475379,16,right_ankle,1,0,0.000000,571.470000,598.230000,0.000000,624.293274,556.254028,,,,0.089000,
MP_R_DudukBerdiri_1,movenet,77,2.563474,ok,1,direct,0.451364,0,nose,0,0,0.000000,0.000000,0.000000,2.000000,610.010437,81.425308,,,,0.026000,
MP_R_DudukBerdiri_1,movenet,77,2.563474,ok,1,direct,0.451364,1,left_eye,0,0,0.000000,0.000000,0.000000,2.000000,631.299194,69.982117,,,,0.025000,
MP_R_DudukBerdiri_1,movenet,77,2.563474,ok,1,direct,0.451364,2,right_eye,0,0,0.000000,0.000000,0.000000,2.000000,594.715820,71.249153,,,,0.025000,
MP_R_DudukBerdiri_1,movenet,77,2.563474,ok,1,direct,0.451364,3,left_ear,0,0,0.000000,0.000000,0.000000,2.000000,648.472351,79.203880,,,,0.035000,
MP_R_DudukBerdiri_1,movenet,77,2.563474,ok,1,direct,0.451364,4,right_ear,0,0,0.000000,0.000000,0.000000,2.000000,573.264343,82.052589,,,,0.035000,
MP_R_DudukBerdiri_1,movenet,77,2.563474,ok,1,direct,0.451364,5,left_shoulder,1,1,2.000000,674.760000,172.860000,2.000000,665.620667,156.223526,18.981562,47.722083,1,0.079000,0.602305
MP_R_DudukBerdiri_1,movenet,77,2.563474,ok,1,direct,0.451364,6,right_shoulder,1,1,2.000000,555.370000,172.090000,2.000000,512.471252,179.040817,43.458214,47.722083,1,0.079000,0.070120
MP_R_DudukBerdiri_1,movenet,77,2.563474,ok,1,direct,0.451364,7,left_elbow,1,1,2.000000,687.600000,267.780000,2.000000,683.845215,260.937805,7.804745,47.722083,1,0.072000,0.901954
MP_R_DudukBerdiri_1,movenet,77,2.563474,ok,1,direct,0.451364,8,right_elbow,1,1,2.000000,556.210000,277.040000,2.000000,498.043060,257.148621,61.474058,47.722083,0,0.072000,0.001658
MP_R_DudukBerdiri_1,movenet,77,2.563474,ok,1,direct,0.451364,9,left_wrist,1,1,2.000000,689.660000,345.660000,2.000000,798.788940,217.521164,168.311280,47.722083,0,0.062000,0.000000
MP_R_DudukBerdiri_1,movenet,77,2.563474,ok,1,direct,0.451364,10,right_wrist,1,1,2.000000,580.390000,349.300000,2.000000,555.573853,210.479767,141.020914,47.722083,0,0.062000,0.000000
MP_R_DudukBerdiri_1,movenet,77,2.563474,ok,1,direct,0.451364,11,left_hip,1,1,2.000000,659.560000,342.810000,2.000000,637.081665,346.042206,22.709529,47.722083,1,0.107000,0.673286
MP_R_DudukBerdiri_1,movenet,77,2.563474,ok,1,direct,0.451364,12,right_hip,1,1,2.000000,582.530000,340.910000,2.000000,555.821411,365.202545,36.103691,47.722083,1,0.107000,0.367941
MP_R_DudukBerdiri_1,movenet,77,2.563474,ok,1,direct,0.451364,13,left_knee,1,1,2.000000,665.240000,452.970000,2.000000,663.256897,469.316711,16.466562,47.722083,1,0.087000,0.730081
MP_R_DudukBerdiri_1,movenet,77,2.563474,ok,1,direct,0.451364,14,right_knee,1,1,2.000000,586.480000,456.970000,2.000000,603.781189,470.874115,22.195845,47.722083,1,0.087000,0.564618
MP_R_DudukBerdiri_1,movenet,77,2.563474,ok,1,direct,0.451364,15,left_ankle,1,1,2.000000,667.320000,596.060000,2.000000,680.665344,610.849487,19.920521,47.722083,1,0.089000,0.644063
MP_R_DudukBerdiri_1,movenet,77,2.563474,ok,1,direct,0.451364,16,right_ankle,1,0,0.000000,571.470000,598.230000,0.000000,639.174072,558.168762,,,,0.089000,
MP_R_DudukBerdiri_1,movenet,78,2.596765,ok,1,direct,0.459338,0,nose,0,0,0.000000,0.000000,0.000000,2.000000,610.757874,80.474319,,,,0.026000,
MP_R_DudukBerdiri_1,movenet,78,2.596765,ok,1,direct,0.459338,1,left_eye,0,0,0.000000,0.000000,0.000000,2.000000,632.183594,68.957588,,,,0.025000,
MP_R_DudukBerdiri_1,movenet,78,2.596765,ok,1,direct,0.459338,2,right_eye,0,0,0.000000,0.000000,0.000000,2.000000,594.191650,69.947464,,,,0.025000,
MP_R_DudukBerdiri_1,movenet,78,2.596765,ok,1,direct,0.459338,3,left_ear,0,0,0.000000,0.000000,0.000000,2.000000,649.330750,79.183594,,,,0.035000,
MP_R_DudukBerdiri_1,movenet,78,2.596765,ok,1,direct,0.459338,4,right_ear,0,0,0.000000,0.000000,0.000000,2.000000,571.550842,81.070999,,,,0.035000,
MP_R_DudukBerdiri_1,movenet,78,2.596765,ok,1,direct,0.459338,5,left_shoulder,1,1,2.000000,674.760000,172.860000,2.000000,665.086182,157.772919,17.922131,47.693646,1,0.079000,0.636026
MP_R_DudukBerdiri_1,movenet,78,2.596765,ok,1,direct,0.459338,6,right_shoulder,1,1,2.000000,555.370000,172.090000,2.000000,518.375183,176.621384,37.271301,47.693646,1,0.079000,0.141273
MP_R_DudukBerdiri_1,movenet,78,2.596765,ok,1,direct,0.459338,7,left_elbow,1,1,2.000000,687.220000,267.620000,2.000000,682.833252,262.427795,6.797246,47.693646,1,0.072000,0.924629
MP_R_DudukBerdiri_1,movenet,78,2.596765,ok,1,direct,0.459338,8,right_elbow,1,1,2.000000,556.210000,277.040000,0.000000,494.414795,265.022552,,47.693646,0,0.072000,0.000000
MP_R_DudukBerdiri_1,movenet,78,2.596765,ok,1,direct,0.459338,9,left_wrist,1,1,2.000000,689.500000,346.320000,2.000000,795.539246,218.124100,166.368598,47.693646,0,0.062000,0.000000
MP_R_DudukBerdiri_1,movenet,78,2.596765,ok,1,direct,0.459338,10,right_wrist,1,1,2.000000,579.590000,349.350000,2.000000,562.936523,205.212372,145.096499,47.693646,0,0.062000,0.000000
MP_R_DudukBerdiri_1,movenet,78,2.596765,ok,1,direct,0.459338,11,left_hip,1,1,2.000000,659.560000,342.810000,2.000000,640.198364,346.829956,19.774554,47.693646,1,0.107000,0.740596
MP_R_DudukBerdiri_1,movenet,78,2.596765,ok,1,direct,0.459338,12,right_hip,1,1,2.000000,582.530000,340.910000,2.000000,558.022827,366.542816,35.463260,47.693646,1,0.107000,0.380669
MP_R_DudukBerdiri_1,movenet,78,2.596765,ok,1,direct,0.459338,13,left_knee,1,1,2.000000,665.240000,452.970000,2.000000,667.197327,468.087280,15.243467,47.693646,1,0.087000,0.763439
MP_R_DudukBerdiri_1,movenet,78,2.596765,ok,1,direct,0.459338,14,right_knee,1,1,2.000000,586.480000,456.970000,2.000000,603.675171,469.183380,21.091244,47.693646,1,0.087000,0.596460
MP_R_DudukBerdiri_1,movenet,78,2.596765,ok,1,direct,0.459338,15,left_ankle,1,1,2.000000,667.320000,596.060000,2.000000,680.668213,611.773926,20.618008,47.693646,1,0.089000,0.623835
MP_R_DudukBerdiri_1,movenet,78,2.596765,ok,1,direct,0.459338,16,right_ankle,1,0,0.000000,571.470000,598.230000,0.000000,635.094666,548.150635,,,,0.089000,
MP_R_DudukBerdiri_1,movenet,79,2.630057,ok,1,direct,0.450394,0,nose,0,0,0.000000,0.000000,0.000000,2.000000,609.694092,81.984520,,,,0.026000,
MP_R_DudukBerdiri_1,movenet,79,2.630057,ok,1,direct,0.450394,1,left_eye,0,0,0.000000,0.000000,0.000000,2.000000,631.131042,70.749199,,,,0.025000,
MP_R_DudukBerdiri_1,movenet,79,2.630057,ok,1,direct,0.450394,2,right_eye,0,0,0.000000,0.000000,0.000000,2.000000,594.774109,71.552338,,,,0.025000,
MP_R_DudukBerdiri_1,movenet,79,2.630057,ok,1,direct,0.450394,3,left_ear,0,0,0.000000,0.000000,0.000000,2.000000,649.931946,78.991600,,,,0.035000,
MP_R_DudukBerdiri_1,movenet,79,2.630057,ok,1,direct,0.450394,4,right_ear,0,0,0.000000,0.000000,0.000000,2.000000,573.925781,81.610985,,,,0.035000,
MP_R_DudukBerdiri_1,movenet,79,2.630057,ok,1,direct,0.450394,5,left_shoulder,1,1,2.000000,674.760000,172.860000,2.000000,669.970764,155.027679,18.464248,47.665191,1,0.079000,0.618239
MP_R_DudukBerdiri_1,movenet,79,2.630057,ok,1,direct,0.450394,6,right_shoulder,1,1,2.000000,555.370000,172.090000,2.000000,521.222656,173.699615,34.185259,47.665191,1,0.079000,0.192366
MP_R_DudukBerdiri_1,movenet,79,2.630057,ok,1,direct,0.450394,7,left_elbow,1,1,2.000000,686.830000,267.450000,2.000000,684.944214,255.680588,11.919532,47.665191,1,0.072000,0.785639
MP_R_DudukBerdiri_1,movenet,79,2.630057,ok,1,direct,0.450394,8,right_elbow,1,1,2.000000,556.210000,277.040000,2.000000,507.399963,257.539124,52.561429,47.665191,0,0.072000,0.009174
MP_R_DudukBerdiri_1,movenet,79,2.630057,ok,1,direct,0.450394,9,left_wrist,1,1,2.000000,689.340000,346.970000,2.000000,795.520874,218.650681,166.553972,47.665191,0,0.062000,0.000000
MP_R_DudukBerdiri_1,movenet,79,2.630057,ok,1,direct,0.450394,10,right_wrist,1,1,2.000000,578.780000,349.400000,2.000000,556.113953,208.449738,142.761081,47.665191,0,0.062000,0.000000
MP_R_DudukBerdiri_1,movenet,79,2.630057,ok,1,direct,0.450394,11,left_hip,1,1,2.000000,659.560000,342.810000,2.000000,650.183594,335.720184,11.755104,47.665191,1,0.107000,0.899203
MP_R_DudukBerdiri_1,movenet,79,2.630057,ok,1,direct,0.450394,12,right_hip,1,1,2.000000,582.530000,340.910000,2.000000,564.824829,347.766449,18.986415,47.665191,1,0.107000,0.757926
MP_R_DudukBerdiri_1,movenet,79,2.630057,ok,1,direct,0.450394,13,left_knee,1,1,2.000000,665.240000,452.970000,2.000000,670.250610,439.253815,14.602738,47.665191,1,0.087000,0.780357
MP_R_DudukBerdiri_1,movenet,79,2.630057,ok,1,direct,0.450394,14,right_knee,1,1,2.000000,586.480000,456.970000,2.000000,597.741150,404.967712,53.207626,47.665191,0,0.087000,0.037158
MP_R_DudukBerdiri_1,movenet,79,2.630057,ok,1,direct,0.450394,15,left_ankle,1,1,2.000000,667.320000,596.060000,2.000000,682.635498,609.130249,20.134445,47.665191,1,0.089000,0.637288
MP_R_DudukBerdiri_1,movenet,79,2.630057,ok,1,direct,0.450394,16,right_ankle,1,0,0.000000,571.470000,598.230000,0.000000,627.432190,526.443970,,,,0.089000,
MP_R_DudukBerdiri_1,movenet,80,2.663349,ok,1,direct,0.420482,0,nose,0,0,0.000000,0.000000,0.000000,2.000000,609.629456,82.254433,,,,0.026000,
MP_R_DudukBerdiri_1,movenet,80,2.663349,ok,1,direct,0.420482,1,left_eye,0,0,0.000000,0.000000,0.000000,2.000000,631.291992,71.400200,,,,0.025000,
MP_R_DudukBerdiri_1,movenet,80,2.663349,ok,1,direct,0.420482,2,right_eye,0,0,0.000000,0.000000,0.000000,2.000000,595.176880,71.759071,,,,0.025000,
MP_R_DudukBerdiri_1,movenet,80,2.663349,ok,1,direct,0.420482,3,left_ear,0,0,0.000000,0.000000,0.000000,2.000000,650.646729,79.486969,,,,0.035000,
MP_R_DudukBerdiri_1,movenet,80,2.663349,ok,1,direct,0.420482,4,right_ear,0,0,0.000000,0.000000,0.000000,2.000000,572.676880,81.851875,,,,0.035000,
MP_R_DudukBerdiri_1,movenet,80,2.663349,ok,1,direct,0.420482,5,left_shoulder,1,1,2.000000,674.760000,172.860000,2.000000,669.486633,156.187363,17.486716,47.634939,1,0.079000,0.649301
MP_R_DudukBerdiri_1,movenet,80,2.663349,ok,1,direct,0.420482,6,right_shoulder,1,1,2.000000,555.370000,172.090000,2.000000,518.939575,175.456161,36.585610,47.634939,1,0.079000,0.151017
MP_R_DudukBerdiri_1,movenet,80,2.663349,ok,1,direct,0.420482,7,left_elbow,1,1,2.000000,686.450000,267.290000,2.000000,682.561340,260.402252,7.909661,47.634939,1,0.072000,0.899090
MP_R_DudukBerdiri_1,movenet,80,2.663349,ok,1,direct,0.420482,8,right_elbow,1,1,2.000000,556.210000,277.040000,2.000000,524.758667,253.028275,39.569550,47.634939,1,0.072000,0.069797
MP_R_DudukBerdiri_1,movenet,80,2.663349,ok,1,direct,0.420482,9,left_wrist,1,1,2.000000,689.170000,347.630000,2.000000,798.691528,217.826416,169.835025,47.634939,0,0.062000,0.000000
MP_R_DudukBerdiri_1,movenet,80,2.663349,ok,1,direct,0.420482,10,right_wrist,1,1,2.000000,577.980000,349.440000,2.000000,555.815308,205.250290,145.883330,47.634939,0,0.062000,0.000000
MP_R_DudukBerdiri_1,movenet,80,2.663349,ok,1,direct,0.420482,11,left_hip,1,1,2.000000,659.560000,342.810000,2.000000,640.674316,347.817047,19.538157,47.634939,1,0.107000,0.745362
MP_R_DudukBerdiri_1,movenet,80,2.663349,ok,1,direct,0.420482,12,right_hip,1,1,2.000000,582.530000,340.910000,2.000000,559.145752,367.587189,35.475279,47.634939,1,0.107000,0.379514
MP_R_DudukBerdiri_1,movenet,80,2.663349,ok,1,direct,0.420482,13,left_knee,1,1,2.000000,665.240000,452.970000,2.000000,667.924927,457.860260,5.578842,47.634939,1,0.087000,0.964406
MP_R_DudukBerdiri_1,movenet,80,2.663349,ok,1,direct,0.420482,14,right_knee,1,1,2.000000,586.480000,456.970000,0.000000,599.623901,423.736511,,47.634939,0,0.087000,0.000000
MP_R_DudukBerdiri_1,movenet,80,2.663349,ok,1,direct,0.420482,15,left_ankle,1,1,2.000000,667.320000,596.060000,2.000000,685.081116,610.036926,22.601144,47.634939,1,0.089000,0.566427
MP_R_DudukBerdiri_1,movenet,80,2.663349,ok,1,direct,0.420482,16,right_ankle,1,0,0.000000,571.470000,598.230000,0.000000,633.312744,537.862549,,,,0.089000,
MP_R_DudukBerdiri_1,movenet,81,2.696641,ok,1,direct,0.425783,0,nose,0,0,0.000000,0.000000,0.000000,2.000000,616.705566,80.550140,,,,0.026000,
MP_R_DudukBerdiri_1,movenet,81,2.696641,ok,1,direct,0.425783,1,left_eye,0,0,0.000000,0.000000,0.000000,2.000000,636.167480,70.886620,,,,0.025000,
MP_R_DudukBerdiri_1,movenet,81,2.696641,ok,1,direct,0.425783,2,right_eye,0,0,0.000000,0.000000,0.000000,2.000000,601.372559,71.749184,,,,0.025000,
MP_R_DudukBerdiri_1,movenet,81,2.696641,ok,1,direct,0.425783,3,left_ear,0,0,0.000000,0.000000,0.000000,2.000000,653.577637,80.061966,,,,0.035000,
MP_R_DudukBerdiri_1,movenet,81,2.696641,ok,1,direct,0.425783,4,right_ear,0,0,0.000000,0.000000,0.000000,2.000000,577.982300,82.509789,,,,0.035000,
MP_R_DudukBerdiri_1,movenet,81,2.696641,ok,1,direct,0.425783,5,left_shoulder,1,1,2.000000,674.760000,174.680000,2.000000,670.892456,156.784241,18.308908,47.343064,1,0.079000,0.619230
MP_R_DudukBerdiri_1,movenet,81,2.696641,ok,1,direct,0.425783,6,right_shoulder,1,1,2.000000,555.370000,173.910000,2.000000,520.069641,174.780518,35.311091,47.343064,1,0.079000,0.168179
MP_R_DudukBerdiri_1,movenet,81,2.696641,ok,1,direct,0.425783,7,left_elbow,1,1,2.000000,686.010000,268.700000,2.000000,674.081177,261.133362,14.126246,47.343064,1,0.072000,0.709295
MP_R_DudukBerdiri_1,movenet,81,2.696641,ok,1,direct,0.425783,8,right_elbow,1,1,2.000000,556.210000,278.430000,2.000000,523.262268,250.059769,43.478996,47.343064,1,0.072000,0.038621
MP_R_DudukBerdiri_1,movenet,81,2.696641,ok,1,direct,0.425783,9,left_wrist,1,1,2.000000,688.080000,348.510000,2.000000,793.311279,221.392700,165.022514,47.343064,0,0.062000,0.000000
MP_R_DudukBerdiri_1,movenet,81,2.696641,ok,1,direct,0.425783,10,right_wrist,1,1,2.000000,579.590000,350.440000,2.000000,563.925232,202.050720,149.213817,47.343064,0,0.062000,0.000000
MP_R_DudukBerdiri_1,movenet,81,2.696641,ok,1,direct,0.425783,11,left_hip,1,1,2.000000,659.560000,343.930000,2.000000,640.472717,346.260345,19.229011,47.343064,1,0.107000,0.749627
MP_R_DudukBerdiri_1,movenet,81,2.696641,ok,1,direct,0.425783,12,right_hip,1,1,2.000000,582.530000,342.040000,2.000000,561.036438,364.596069,31.156853,47.343064,1,0.107000,0.469267
MP_R_DudukBerdiri_1,movenet,81,2.696641,ok,1,direct,0.425783,13,left_knee,1,1,2.000000,665.240000,453.630000,2.000000,665.542664,456.106262,2.494690,47.343064,1,0.087000,0.992690
MP_R_DudukBerdiri_1,movenet,81,2.696641,ok,1,direct,0.425783,14,right_knee,1,1,2.000000,586.480000,457.630000,0.000000,609.444336,426.775513,,47.343064,0,0.087000,0.000000
MP_R_DudukBerdiri_1,movenet,81,2.696641,ok,1,direct,0.425783,15,left_ankle,1,1,2.000000,667.320000,596.140000,2.000000,685.001770,609.664795,22.261291,47.343064,1,0.089000,0.572203
MP_R_DudukBerdiri_1,movenet,81,2.696641,ok,1,direct,0.425783,16,right_ankle,1,0,0.000000,571.470000,598.310000,2.000000,517.036682,645.127502,,,,0.089000,
MP_R_DudukBerdiri_1,movenet,82,2.729933,ok,1,direct,0.424521,0,nose,0,0,0.000000,0.000000,0.000000,2.000000,615.129089,80.715553,,,,0.026000,
MP_R_DudukBerdiri_1,movenet,82,2.729933,ok,1,direct,0.424521,1,left_eye,0,0,0.000000,0.000000,0.000000,2.000000,635.669617,70.214935,,,,0.025000,
MP_R_DudukBerdiri_1,movenet,82,2.729933,ok,1,direct,0.424521,2,right_eye,0,0,0.000000,0.000000,0.000000,2.000000,599.187439,71.665909,,,,0.025000,
MP_R_DudukBerdiri_1,movenet,82,2.729933,ok,1,direct,0.424521,3,left_ear,0,0,0.000000,0.000000,0.000000,2.000000,653.427002,79.776398,,,,0.035000,
MP_R_DudukBerdiri_1,movenet,82,2.729933,ok,1,direct,0.424521,4,right_ear,0,0,0.000000,0.000000,0.000000,2.000000,576.108643,81.775589,,,,0.035000,
MP_R_DudukBerdiri_1,movenet,82,2.729933,ok,1,direct,0.424521,5,left_shoulder,1,1,2.000000,674.760000,176.500000,2.000000,667.178589,156.689056,21.212055,47.049204,1,0.079000,0.521324
MP_R_DudukBerdiri_1,movenet,82,2.729933,ok,1,direct,0.424521,6,right_shoulder,1,1,2.000000,555.370000,175.730000,2.000000,522.112122,173.448349,33.336053,47.049204,1,0.079000,0.200129
MP_R_DudukBerdiri_1,movenet,82,2.729933,ok,1,direct,0.424521,7,left_elbow,1,1,2.000000,685.580000,270.120000,2.000000,677.005005,260.673187,12.758245,47.049204,1,0.072000,0.753001
MP_R_DudukBerdiri_1,movenet,82,2.729933,ok,1,direct,0.424521,8,right_elbow,1,1,2.000000,556.210000,279.820000,2.000000,519.223267,253.270905,45.528814,47.049204,1,0.072000,0.026979
MP_R_DudukBerdiri_1,movenet,82,2.729933,ok,1,direct,0.424521,9,left_wrist,1,1,2.000000,686.980000,349.390000,2.000000,796.388916,222.079651,167.863742,47.049204,0,0.062000,0.000000
MP_R_DudukBerdiri_1,movenet,82,2.729933,ok,1,direct,0.424521,10,right_wrist,1,1,2.000000,581.190000,351.440000,2.000000,563.953857,200.138535,152.280065,47.049204,0,0.062000,0.000000
MP_R_DudukBerdiri_1,movenet,82,2.729933,ok,1,direct,0.424521,11,left_hip,1,1,2.000000,659.560000,345.050000,2.000000,638.267090,346.850830,21.368926,47.049204,1,0.107000,0.697433
MP_R_DudukBerdiri_1,movenet,82,2.729933,ok,1,direct,0.424521,12,right_hip,1,1,2.000000,582.530000,343.160000,2.000000,560.831604,358.050903,26.316523,47.049204,1,0.107000,0.578955
MP_R_DudukBerdiri_1,movenet,82,2.729933,ok,1,direct,0.424521,13,left_knee,1,1,2.000000,665.240000,454.300000,2.000000,667.050049,453.627686,1.930876,47.049204,1,0.087000,0.995560
MP_R_DudukBerdiri_1,movenet,82,2.729933,ok,1,direct,0.424521,14,right_knee,1,1,2.000000,586.480000,458.280000,0.000000,611.309753,426.194641,,47.049204,0,0.087000,0.000000
MP_R_DudukBerdiri_1,movenet,82,2.729933,ok,1,direct,0.424521,15,left_ankle,1,1,2.000000,667.320000,596.220000,2.000000,684.934570,605.833923,20.067402,47.049204,1,0.089000,0.631705
MP_R_DudukBerdiri_1,movenet,82,2.729933,ok,1,direct,0.424521,16,right_ankle,1,0,0.000000,571.470000,598.380000,0.000000,632.465454,537.327087,,,,0.089000,
MP_R_DudukBerdiri_1,movenet,83,2.763225,ok,1,direct,0.402789,0,nose,0,0,0.000000,0.000000,0.000000,2.000000,613.593201,79.982529,,,,0.026000,
MP_R_DudukBerdiri_1,movenet,83,2.763225,ok,1,direct,0.402789,1,left_eye,0,0,0.000000,0.000000,0.000000,2.000000,634.453674,70.260216,,,,0.025000,
MP_R_DudukBerdiri_1,movenet,83,2.763225,ok,1,direct,0.402789,2,right_eye,0,0,0.000000,0.000000,0.000000,2.000000,597.909058,70.977234,,,,0.025000,
MP_R_DudukBerdiri_1,movenet,83,2.763225,ok,1,direct,0.402789,3,left_ear,0,0,0.000000,0.000000,0.000000,2.000000,654.771729,80.423378,,,,0.035000,
MP_R_DudukBerdiri_1,movenet,83,2.763225,ok,1,direct,0.402789,4,right_ear,0,0,0.000000,0.000000,0.000000,2.000000,578.765198,81.680901,,,,0.035000,
MP_R_DudukBerdiri_1,movenet,83,2.763225,ok,1,direct,0.402789,5,left_shoulder,1,1,2.000000,674.760000,178.310000,2.000000,669.094604,155.439835,23.561434,46.756925,1,0.079000,0.443196
MP_R_DudukBerdiri_1,movenet,83,2.763225,ok,1,direct,0.402789,6,right_shoulder,1,1,2.000000,555.370000,177.550000,2.000000,525.818970,171.887695,30.088621,46.756925,1,0.079000,0.265258
MP_R_DudukBerdiri_1,movenet,83,2.763225,ok,1,direct,0.402789,7,left_elbow,1,1,2.000000,685.140000,271.530000,2.000000,678.512878,257.845032,15.205167,46.756925,1,0.072000,0.664982
MP_R_DudukBerdiri_1,movenet,83,2.763225,ok,1,direct,0.402789,8,right_elbow,1,1,2.000000,556.210000,281.210000,2.000000,517.308594,251.884979,48.716283,46.756925,0,0.072000,0.015174
MP_R_DudukBerdiri_1,movenet,83,2.763225,ok,1,direct,0.402789,9,left_wrist,1,1,2.000000,685.890000,350.270000,2.000000,781.502747,228.965027,154.456123,46.756925,0,0.062000,0.000000
MP_R_DudukBerdiri_1,movenet,83,2.763225,ok,1,direct,0.402789,10,right_wrist,1,1,2.000000,582.800000,352.450000,2.000000,562.874878,202.376404,151.390537,46.756925,0,0.062000,0.000000
MP_R_DudukBerdiri_1,movenet,83,2.763225,ok,1,direct,0.402789,11,left_hip,1,1,2.000000,659.560000,346.170000,2.000000,640.452148,335.049805,22.108115,46.756925,1,0.107000,0.676686
MP_R_DudukBerdiri_1,movenet,83,2.763225,ok,1,direct,0.402789,12,right_hip,1,1,2.000000,582.530000,344.290000,2.000000,562.851929,346.078674,19.759196,46.756925,1,0.107000,0.732005
MP_R_DudukBerdiri_1,movenet,83,2.763225,ok,1,direct,0.402789,13,left_knee,1,1,2.000000,665.240000,454.970000,2.000000,661.461243,435.995422,19.347186,46.756925,1,0.087000,0.636091
MP_R_DudukBerdiri_1,movenet,83,2.763225,ok,1,direct,0.402789,14,right_knee,1,1,2.000000,586.480000,458.930000,2.000000,601.611328,408.161835,52.975123,46.756925,0,0.087000,0.033645
MP_R_DudukBerdiri_1,movenet,83,2.763225,ok,1,direct,0.402789,15,left_ankle,1,1,2.000000,667.320000,596.300000,0.000000,660.271912,567.887573,,46.756925,0,0.089000,0.000000
MP_R_DudukBerdiri_1,movenet,83,2.763225,ok,1,direct,0.402789,16,right_ankle,1,0,0.000000,571.470000,598.450000,0.000000,629.480774,527.599243,,,,0.089000,
MP_R_DudukBerdiri_1,movenet,84,2.796517,ok,1,direct,0.388946,0,nose,0,0,0.000000,0.000000,0.000000,2.000000,616.083008,83.019554,,,,0.026000,
MP_R_DudukBerdiri_1,movenet,84,2.796517,ok,1,direct,0.388946,1,left_eye,0,0,0.000000,0.000000,0.000000,2.000000,637.479614,72.899521,,,,0.025000,
MP_R_DudukBerdiri_1,movenet,84,2.796517,ok,1,direct,0.388946,2,right_eye,0,0,0.000000,0.000000,0.000000,2.000000,602.286072,73.122704,,,,0.025000,
MP_R_DudukBerdiri_1,movenet,84,2.796517,ok,1,direct,0.388946,3,left_ear,0,0,0.000000,0.000000,0.000000,2.000000,656.179321,82.045044,,,,0.035000,
MP_R_DudukBerdiri_1,movenet,84,2.796517,ok,1,direct,0.388946,4,right_ear,0,0,0.000000,0.000000,0.000000,2.000000,577.753723,82.807457,,,,0.035000,
MP_R_DudukBerdiri_1,movenet,84,2.796517,ok,1,direct,0.388946,5,left_shoulder,1,1,2.000000,674.760000,180.130000,2.000000,671.786133,157.415482,22.908366,46.464997,1,0.079000,0.458885
MP_R_DudukBerdiri_1,movenet,84,2.796517,ok,1,direct,0.388946,6,right_shoulder,1,1,2.000000,555.370000,179.370000,2.000000,519.793762,178.022629,35.601743,46.464997,1,0.079000,0.152386
MP_R_DudukBerdiri_1,movenet,84,2.796517,ok,1,direct,0.388946,7,left_elbow,1,1,2.000000,684.700000,272.940000,2.000000,677.174133,260.104980,14.878723,46.464997,1,0.072000,0.673283
MP_R_DudukBerdiri_1,movenet,84,2.796517,ok,1,direct,0.388946,8,right_elbow,1,1,2.000000,556.210000,282.600000,2.000000,517.839905,254.647186,47.472350,46.464997,0,0.072000,0.017826
MP_R_DudukBerdiri_1,movenet,84,2.796517,ok,1,direct,0.388946,9,left_wrist,1,1,2.000000,684.800000,351.160000,2.000000,797.903809,223.753830,170.366674,46.464997,0,0.062000,0.000000
MP_R_DudukBerdiri_1,movenet,84,2.796517,ok,1,direct,0.388946,10,right_wrist,1,1,2.000000,584.410000,353.450000,2.000000,565.786133,197.993378,156.568227,46.464997,0,0.062000,0.000000
MP_R_DudukBerdiri_1,movenet,84,2.796517,ok,1,direct,0.388946,11,left_hip,1,1,2.000000,659.560000,347.290000,2.000000,627.827515,347.270508,31.732491,46.464997,1,0.107000,0.442754
MP_R_DudukBerdiri_1,movenet,84,2.796517,ok,1,direct,0.388946,12,right_hip,1,1,2.000000,582.530000,345.420000,2.000000,563.894348,357.863190,22.408045,46.464997,1,0.107000,0.666128
MP_R_DudukBerdiri_1,movenet,84,2.796517,ok,1,direct,0.388946,13,left_knee,1,1,2.000000,665.240000,455.640000,2.000000,655.394287,424.207397,32.938527,46.464997,1,0.087000,0.265047
MP_R_DudukBerdiri_1,movenet,84,2.796517,ok,1,direct,0.388946,14,right_knee,1,1,2.000000,586.480000,459.580000,0.000000,603.088806,400.863342,,46.464997,0,0.087000,0.000000
MP_R_DudukBerdiri_1,movenet,84,2.796517,ok,1,direct,0.388946,15,left_ankle,1,1,2.000000,667.320000,596.390000,0.000000,682.449463,607.647644,,46.464997,0,0.089000,0.000000
MP_R_DudukBerdiri_1,movenet,84,2.796517,ok,1,direct,0.388946,16,right_ankle,1,0,0.000000,571.470000,598.530000,0.000000,629.002014,516.854675,,,,0.089000,
MP_R_DudukBerdiri_1,movenet,85,2.829808,ok,1,direct,0.392101,0,nose,0,0,0.000000,0.000000,0.000000,2.000000,626.321899,86.242142,,,,0.026000,
MP_R_DudukBerdiri_1,movenet,85,2.829808,ok,1,direct,0.392101,1,left_eye,0,0,0.000000,0.000000,0.000000,2.000000,645.176758,76.523666,,,,0.025000,
MP_R_DudukBerdiri_1,movenet,85,2.829808,ok,1,direct,0.392101,2,right_eye,0,0,0.000000,0.000000,0.000000,2.000000,612.314941,75.281746,,,,0.025000,
MP_R_DudukBerdiri_1,movenet,85,2.829808,ok,1,direct,0.392101,3,left_ear,0,0,0.000000,0.000000,0.000000,2.000000,657.405457,84.238571,,,,0.035000,
MP_R_DudukBerdiri_1,movenet,85,2.829808,ok,1,direct,0.392101,4,right_ear,0,0,0.000000,0.000000,0.000000,2.000000,578.797058,85.865753,,,,0.035000,
MP_R_DudukBerdiri_1,movenet,85,2.829808,ok,1,direct,0.392101,5,left_shoulder,1,1,2.000000,674.760000,181.950000,2.000000,666.898499,157.333771,25.841090,46.272926,1,0.079000,0.368097
MP_R_DudukBerdiri_1,movenet,85,2.829808,ok,1,direct,0.392101,6,right_shoulder,1,1,2.000000,555.370000,181.190000,2.000000,518.592773,181.049072,36.777497,46.272926,1,0.079000,0.132079
MP_R_DudukBerdiri_1,movenet,85,2.829808,ok,1,direct,0.392101,7,left_elbow,1,1,2.000000,684.270000,274.360000,2.000000,677.327637,258.683990,17.144494,46.272926,1,0.072000,0.588832
MP_R_DudukBerdiri_1,movenet,85,2.829808,ok,1,direct,0.392101,8,right_elbow,1,1,2.000000,556.210000,283.990000,2.000000,516.691101,255.824722,48.528613,46.272926,0,0.072000,0.014360
MP_R_DudukBerdiri_1,movenet,85,2.829808,ok,1,direct,0.392101,9,left_wrist,1,1,2.000000,683.700000,352.040000,2.000000,794.629272,226.698013,167.379560,46.272926,0,0.062000,0.000000
MP_R_DudukBerdiri_1,movenet,85,2.829808,ok,1,direct,0.392101,10,right_wrist,1,1,2.000000,586.010000,354.450000,2.000000,556.377197,207.549118,149.859842,46.272926,0,0.062000,0.000000
MP_R_DudukBerdiri_1,movenet,85,2.829808,ok,1,direct,0.392101,11,left_hip,1,1,2.000000,659.560000,348.410000,2.000000,624.735046,349.199585,34.833904,46.272926,1,0.107000,0.371596
MP_R_DudukBerdiri_1,movenet,85,2.829808,ok,1,direct,0.392101,12,right_hip,1,1,2.000000,582.530000,346.550000,2.000000,551.817017,367.073303,36.939049,46.272926,1,0.107000,0.328500
MP_R_DudukBerdiri_1,movenet,85,2.829808,ok,1,direct,0.392101,13,left_knee,1,1,2.000000,665.240000,456.310000,2.000000,650.656189,435.283478,25.589103,46.272926,1,0.087000,0.445719
MP_R_DudukBerdiri_1,movenet,85,2.829808,ok,1,direct,0.392101,14,right_knee,1,1,2.000000,586.480000,460.230000,0.000000,604.739929,418.266663,,46.272926,0,0.087000,0.000000
MP_R_DudukBerdiri_1,movenet,85,2.829808,ok,1,direct,0.392101,15,left_ankle,1,1,2.000000,667.320000,596.470000,0.000000,665.191650,577.536682,,46.272926,0,0.089000,0.000000
MP_R_DudukBerdiri_1,movenet,85,2.829808,ok,1,direct,0.392101,16,right_ankle,1,0,0.000000,571.470000,598.600000,0.000000,634.384155,538.793579,,,,0.089000,
MP_R_DudukBerdiri_1,movenet,86,2.863100,ok,1,direct,0.382605,0,nose,0,0,0.000000,0.000000,0.000000,2.000000,632.579285,87.882591,,,,0.026000,
MP_R_DudukBerdiri_1,movenet,86,2.863100,ok,1,direct,0.382605,1,left_eye,0,0,0.000000,0.000000,0.000000,2.000000,650.912598,79.357170,,,,0.025000,
MP_R_DudukBerdiri_1,movenet,86,2.863100,ok,1,direct,0.382605,2,right_eye,0,0,0.000000,0.000000,0.000000,2.000000,618.079773,80.120201,,,,0.025000,
MP_R_DudukBerdiri_1,movenet,86,2.863100,ok,1,direct,0.382605,3,left_ear,0,0,0.000000,0.000000,0.000000,2.000000,656.996704,86.574402,,,,0.035000,
MP_R_DudukBerdiri_1,movenet,86,2.863100,ok,1,direct,0.382605,4,right_ear,0,0,0.000000,0.000000,0.000000,2.000000,583.052185,87.528748,,,,0.035000,
MP_R_DudukBerdiri_1,movenet,86,2.863100,ok,1,direct,0.382605,5,left_shoulder,1,1,2.000000,674.760000,187.940000,2.000000,670.866028,160.485291,27.729481,45.952582,1,0.079000,0.311326
MP_R_DudukBerdiri_1,movenet,86,2.863100,ok,1,direct,0.382605,6,right_shoulder,1,1,2.000000,555.370000,187.190000,2.000000,523.538940,178.474731,33.002610,45.952582,1,0.079000,0.191489
MP_R_DudukBerdiri_1,movenet,86,2.863100,ok,1,direct,0.382605,7,left_elbow,1,1,2.000000,684.270000,280.580000,2.000000,686.220032,260.577484,20.097345,45.952582,1,0.072000,0.478097
MP_R_DudukBerdiri_1,movenet,86,2.863100,ok,1,direct,0.382605,8,right_elbow,1,1,2.000000,555.520000,289.800000,2.000000,521.234985,257.926758,46.812026,45.952582,0,0.072000,0.018248
MP_R_DudukBerdiri_1,movenet,86,2.863100,ok,1,direct,0.382605,9,left_wrist,1,1,2.000000,683.290000,358.960000,2.000000,795.541077,227.321274,173.000169,45.952582,0,0.062000,0.000000
MP_R_DudukBerdiri_1,movenet,86,2.863100,ok,1,direct,0.382605,10,right_wrist,1,1,2.000000,582.460000,359.560000,2.000000,557.145935,212.527985,149.195226,45.952582,0,0.062000,0.000000
MP_R_DudukBerdiri_1,movenet,86,2.863100,ok,1,direct,0.382605,11,left_hip,1,1,2.000000,653.080000,354.320000,2.000000,636.182190,349.808044,17.489818,45.952582,1,0.107000,0.776426
MP_R_DudukBerdiri_1,movenet,86,2.863100,ok,1,direct,0.382605,12,right_hip,1,1,2.000000,578.730000,350.270000,2.000000,552.468018,369.340179,32.455561,45.952582,1,0.107000,0.418363
MP_R_DudukBerdiri_1,movenet,86,2.863100,ok,1,direct,0.382605,13,left_knee,1,1,2.000000,668.550000,455.470000,2.000000,655.385803,455.753448,13.167248,45.952582,1,0.087000,0.804969
MP_R_DudukBerdiri_1,movenet,86,2.863100,ok,1,direct,0.382605,14,right_knee,1,1,2.000000,582.380000,461.840000,0.000000,602.293030,456.974854,,45.952582,0,0.087000,0.000000
MP_R_DudukBerdiri_1,movenet,86,2.863100,ok,1,direct,0.382605,15,left_ankle,1,1,2.000000,667.320000,596.740000,0.000000,676.922119,604.083923,,45.952582,0,0.089000,0.000000
MP_R_DudukBerdiri_1,movenet,86,2.863100,ok,1,direct,0.382605,16,right_ankle,1,0,0.000000,571.470000,598.840000,0.000000,641.159058,547.344849,,,,0.089000,
MP_R_DudukBerdiri_1,movenet,87,2.896392,ok,1,direct,0.372876,0,nose,0,0,0.000000,0.000000,0.000000,2.000000,623.119812,98.945663,,,,0.026000,
MP_R_DudukBerdiri_1,movenet,87,2.896392,ok,1,direct,0.372876,1,left_eye,0,0,0.000000,0.000000,0.000000,2.000000,641.486267,88.617798,,,,0.025000,
MP_R_DudukBerdiri_1,movenet,87,2.896392,ok,1,direct,0.372876,2,right_eye,0,0,0.000000,0.000000,0.000000,2.000000,608.897949,88.823425,,,,0.025000,
MP_R_DudukBerdiri_1,movenet,87,2.896392,ok,1,direct,0.372876,3,left_ear,0,0,0.000000,0.000000,0.000000,2.000000,655.824829,94.834801,,,,0.035000,
MP_R_DudukBerdiri_1,movenet,87,2.896392,ok,1,direct,0.372876,4,right_ear,0,0,0.000000,0.000000,0.000000,2.000000,582.977661,96.825546,,,,0.035000,
MP_R_DudukBerdiri_1,movenet,87,2.896392,ok,1,direct,0.372876,5,left_shoulder,1,1,2.000000,674.760000,193.930000,2.000000,666.656982,163.805695,31.195074,45.724268,1,0.079000,0.225011
MP_R_DudukBerdiri_1,movenet,87,2.896392,ok,1,direct,0.372876,6,right_shoulder,1,1,2.000000,555.370000,193.190000,2.000000,531.121460,174.080551,30.873334,45.724268,1,0.079000,0.232005
MP_R_DudukBerdiri_1,movenet,87,2.896392,ok,1,direct,0.372876,7,left_elbow,1,1,2.000000,684.270000,286.800000,2.000000,679.800781,258.569977,28.581605,45.724268,1,0.072000,0.221473
MP_R_DudukBerdiri_1,movenet,87,2.896392,ok,1,direct,0.372876,8,right_elbow,1,1,2.000000,554.840000,295.620000,2.000000,533.818604,248.876938,51.252444,45.724268,0,0.072000,0.007849
MP_R_DudukBerdiri_1,movenet,87,2.896392,ok,1,direct,0.372876,9,left_wrist,1,1,2.000000,682.880000,365.890000,2.000000,773.934875,236.910660,157.881793,45.724268,0,0.062000,0.000000
MP_R_DudukBerdiri_1,movenet,87,2.896392,ok,1,direct,0.372876,10,right_wrist,1,1,2.000000,578.910000,364.680000,2.000000,554.564880,213.434265,153.192549,45.724268,0,0.062000,0.000000
MP_R_DudukBerdiri_1,movenet,87,2.896392,ok,1,direct,0.372876,11,left_hip,1,1,2.000000,646.590000,360.230000,2.000000,643.348633,341.045898,19.456007,45.724268,1,0.107000,0.728853
MP_R_DudukBerdiri_1,movenet,87,2.896392,ok,1,direct,0.372876,12,right_hip,1,1,2.000000,574.940000,353.990000,2.000000,558.649048,355.489136,16.359784,45.724268,1,0.107000,0.799613
MP_R_DudukBerdiri_1,movenet,87,2.896392,ok,1,direct,0.372876,13,left_knee,1,1,2.000000,671.860000,454.640000,2.000000,642.639404,426.461578,40.593924,45.724268,1,0.087000,0.124597
MP_R_DudukBerdiri_1,movenet,87,2.896392,ok,1,direct,0.372876,14,right_knee,1,1,2.000000,578.280000,463.450000,2.000000,602.097656,417.393555,51.850525,45.724268,0,0.087000,0.033445
MP_R_DudukBerdiri_1,movenet,87,2.896392,ok,1,direct,0.372876,15,left_ankle,1,1,2.000000,667.320000,597.020000,0.000000,667.057983,565.567627,,45.724268,0,0.089000,0.000000
MP_R_DudukBerdiri_1,movenet,87,2.896392,ok,1,direct,0.372876,16,right_ankle,1,0,0.000000,571.470000,599.090000,0.000000,643.421875,536.621521,,,,0.089000,
MP_R_DudukBerdiri_1,movenet,88,2.929684,ok,1,direct,0.341397,0,nose,0,0,0.000000,0.000000,0.000000,2.000000,629.203857,111.391045,,,,0.026000,
MP_R_DudukBerdiri_1,movenet,88,2.929684,ok,1,direct,0.341397,1,left_eye,0,0,0.000000,0.000000,0.000000,2.000000,645.727661,100.252640,,,,0.025000,
MP_R_DudukBerdiri_1,movenet,88,2.929684,ok,1,direct,0.341397,2,right_eye,0,0,0.000000,0.000000,0.000000,2.000000,615.824341,99.361443,,,,0.025000,
MP_R_DudukBerdiri_1,movenet,88,2.929684,ok,1,direct,0.341397,3,left_ear,0,0,0.000000,0.000000,0.000000,2.000000,653.663635,105.308678,,,,0.035000,
MP_R_DudukBerdiri_1,movenet,88,2.929684,ok,1,direct,0.341397,4,right_ear,0,0,0.000000,0.000000,0.000000,2.000000,582.880188,105.303322,,,,0.035000,
MP_R_DudukBerdiri_1,movenet,88,2.929684,ok,1,direct,0.341397,5,left_shoulder,1,1,2.000000,674.760000,199.920000,2.000000,659.541138,172.850632,31.054218,45.517817,1,0.079000,0.225011
MP_R_DudukBerdiri_1,movenet,88,2.929684,ok,1,direct,0.341397,6,right_shoulder,1,1,2.000000,555.370000,199.200000,0.000000,515.006958,189.761414,,45.517817,0,0.079000,0.000000
MP_R_DudukBerdiri_1,movenet,88,2.929684,ok,1,direct,0.341397,7,left_elbow,1,1,2.000000,684.270000,293.020000,2.000000,670.179443,264.931732,31.424426,45.517817,1,0.072000,0.159007
MP_R_DudukBerdiri_1,movenet,88,2.929684,ok,1,direct,0.341397,8,right_elbow,1,1,2.000000,554.160000,301.430000,2.000000,519.719238,260.939819,53.156569,45.517817,0,0.072000,0.005187
MP_R_DudukBerdiri_1,movenet,88,2.929684,ok,1,direct,0.341397,9,left_wrist,1,1,2.000000,682.470000,372.820000,2.000000,788.755859,229.593552,178.354981,45.517817,0,0.062000,0.000000
MP_R_DudukBerdiri_1,movenet,88,2.929684,ok,1,direct,0.341397,10,right_wrist,1,1,2.000000,575.350000,369.790000,2.000000,558.008179,211.648758,159.089255,45.517817,0,0.062000,0.000000
MP_R_DudukBerdiri_1,movenet,88,2.929684,ok,1,direct,0.341397,11,left_hip,1,1,2.000000,640.110000,366.140000,2.000000,637.920288,363.182373,3.679999,45.517817,1,0.107000,0.988647
MP_R_DudukBerdiri_1,movenet,88,2.929684,ok,1,direct,0.341397,12,right_hip,1,1,2.000000,571.140000,357.710000,2.000000,552.589783,371.943390,23.381616,45.517817,1,0.107000,0.630688
MP_R_DudukBerdiri_1,movenet,88,2.929684,ok,1,direct,0.341397,13,left_knee,1,1,2.000000,675.160000,453.810000,2.000000,647.589966,440.642914,30.552888,45.517817,1,0.087000,0.304066
MP_R_DudukBerdiri_1,movenet,88,2.929684,ok,1,direct,0.341397,14,right_knee,1,1,2.000000,574.180000,465.060000,0.000000,603.083496,440.199127,,45.517817,0,0.087000,0.000000
MP_R_DudukBerdiri_1,movenet,88,2.929684,ok,1,direct,0.341397,15,left_ankle,1,1,2.000000,667.320000,597.300000,2.000000,674.431030,565.389893,32.692839,45.517817,1,0.089000,0.271839
MP_R_DudukBerdiri_1,movenet,88,2.929684,ok,1,direct,0.341397,16,right_ankle,1,0,0.000000,571.470000,599.340000,0.000000,644.544128,546.956543,,,,0.089000,
MP_R_DudukBerdiri_1,movenet,89,2.962976,ok,1,direct,0.497636,0,nose,0,0,0.000000,0.000000,0.000000,2.000000,636.836548,117.496422,,,,0.026000,
MP_R_DudukBerdiri_1,movenet,89,2.962976,ok,1,direct,0.497636,1,left_eye,0,0,0.000000,0.000000,0.000000,2.000000,652.887573,107.168602,,,,0.025000,
MP_R_DudukBerdiri_1,movenet,89,2.962976,ok,1,direct,0.497636,2,right_eye,0,0,0.000000,0.000000,0.000000,2.000000,623.021118,107.734581,,,,0.025000,
MP_R_DudukBerdiri_1,movenet,89,2.962976,ok,1,direct,0.497636,3,left_ear,0,0,0.000000,0.000000,0.000000,2.000000,658.034363,111.964355,,,,0.035000,
MP_R_DudukBerdiri_1,movenet,89,2.962976,ok,1,direct,0.497636,4,right_ear,0,0,0.000000,0.000000,0.000000,2.000000,592.632874,112.675064,,,,0.035000,
MP_R_DudukBerdiri_1,movenet,89,2.962976,ok,1,direct,0.497636,5,left_shoulder,1,1,2.000000,674.760000,205.910000,2.000000,663.434204,177.922745,30.192054,45.308717,1,0.079000,0.240996
MP_R_DudukBerdiri_1,movenet,89,2.962976,ok,1,direct,0.497636,6,right_shoulder,1,1,2.000000,555.370000,205.200000,2.000000,543.453186,183.432800,24.815750,45.308717,1,0.079000,0.382389
MP_R_DudukBerdiri_1,movenet,89,2.962976,ok,1,direct,0.497636,7,left_elbow,1,1,2.000000,684.270000,299.240000,2.000000,680.887146,264.488281,34.915980,45.308717,1,0.072000,0.101152
MP_R_DudukBerdiri_1,movenet,89,2.962976,ok,1,direct,0.497636,8,right_elbow,1,1,2.000000,553.470000,307.240000,2.000000,526.779175,256.753998,57.107237,45.308717,0,0.072000,0.002179
MP_R_DudukBerdiri_1,movenet,89,2.962976,ok,1,direct,0.497636,9,left_wrist,1,1,2.000000,682.060000,379.740000,2.000000,793.451477,231.601349,185.345950,45.308717,0,0.062000,0.000000
MP_R_DudukBerdiri_1,movenet,89,2.962976,ok,1,direct,0.497636,10,right_wrist,1,1,2.000000,571.800000,374.910000,2.000000,557.474670,215.405884,160.146115,45.308717,0,0.062000,0.000000
MP_R_DudukBerdiri_1,movenet,89,2.962976,ok,1,direct,0.497636,11,left_hip,1,1,2.000000,633.630000,372.050000,2.000000,664.254456,346.734772,39.733085,45.308717,1,0.107000,0.260958
MP_R_DudukBerdiri_1,movenet,89,2.962976,ok,1,direct,0.497636,12,right_hip,1,1,2.000000,567.340000,361.430000,2.000000,591.575073,345.044830,29.254274,45.308717,1,0.107000,0.482755
MP_R_DudukBerdiri_1,movenet,89,2.962976,ok,1,direct,0.497636,13,left_knee,1,1,2.000000,678.470000,452.970000,2.000000,657.943176,455.777863,20.717977,45.308717,1,0.087000,0.575516
MP_R_DudukBerdiri_1,movenet,89,2.962976,ok,1,direct,0.497636,14,right_knee,1,1,2.000000,570.080000,466.660000,2.000000,609.455078,450.009155,42.750993,45.308717,1,0.087000,0.095136
MP_R_DudukBerdiri_1,movenet,89,2.962976,ok,1,direct,0.497636,15,left_ankle,1,1,2.000000,667.320000,597.570000,2.000000,673.468506,560.092468,37.978540,45.308717,1,0.089000,0.169647
MP_R_DudukBerdiri_1,movenet,89,2.962976,ok,1,direct,0.497636,16,right_ankle,1,0,0.000000,571.470000,599.580000,0.000000,620.366211,560.524292,,,,0.089000,
MP_R_DudukBerdiri_1,movenet,90,2.996268,ok,1,direct,0.560064,0,nose,0,0,0.000000,0.000000,0.000000,2.000000,644.225708,129.379425,,,,0.026000,
MP_R_DudukBerdiri_1,movenet,90,2.996268,ok,1,direct,0.560064,1,left_eye,0,0,0.000000,0.000000,0.000000,2.000000,657.889099,117.987694,,,,0.025000,
MP_R_DudukBerdiri_1,movenet,90,2.996268,ok,1,direct,0.560064,2,right_eye,0,0,0.000000,0.000000,0.000000,2.000000,630.217041,118.147552,,,,0.025000,
MP_R_DudukBerdiri_1,movenet,90,2.996268,ok,1,direct,0.560064,3,left_ear,0,0,0.000000,0.000000,0.000000,2.000000,663.251648,123.962486,,,,0.035000,
MP_R_DudukBerdiri_1,movenet,90,2.996268,ok,1,direct,0.560064,4,right_ear,0,0,0.000000,0.000000,0.000000,2.000000,599.065186,122.805305,,,,0.035000,
MP_R_DudukBerdiri_1,movenet,90,2.996268,ok,1,direct,0.560064,5,left_shoulder,1,1,2.000000,673.810000,215.210000,2.000000,662.943420,182.693008,34.284651,44.979100,1,0.079000,0.155379
MP_R_DudukBerdiri_1,movenet,90,2.996268,ok,1,direct,0.560064,6,right_shoulder,1,1,2.000000,556.190000,212.580000,2.000000,554.027527,185.723038,26.943881,44.979100,1,0.079000,0.316656
MP_R_DudukBerdiri_1,movenet,90,2.996268,ok,1,direct,0.560064,7,left_elbow,1,1,2.000000,682.630000,301.430000,2.000000,688.503906,265.143951,36.758402,44.979100,1,0.072000,0.076028
MP_R_DudukBerdiri_1,movenet,90,2.996268,ok,1,direct,0.560064,8,right_elbow,1,1,2.000000,551.560000,315.310000,2.000000,528.402649,262.566803,57.603019,44.979100,0,0.072000,0.001786
MP_R_DudukBerdiri_1,movenet,90,2.996268,ok,1,direct,0.560064,9,left_wrist,1,1,2.000000,682.870000,381.660000,2.000000,802.321106,229.515335,193.433621,44.979100,0,0.062000,0.000000
MP_R_DudukBerdiri_1,movenet,90,2.996268,ok,1,direct,0.560064,10,right_wrist,1,1,2.000000,569.880000,385.850000,2.000000,601.973938,188.418213,200.023327,44.979100,0,0.062000,0.000000
MP_R_DudukBerdiri_1,movenet,90,2.996268,ok,1,direct,0.560064,11,left_hip,1,1,2.000000,632.160000,375.160000,2.000000,670.537231,357.254242,42.348885,44.979100,1,0.107000,0.212556
MP_R_DudukBerdiri_1,movenet,90,2.996268,ok,1,direct,0.560064,12,right_hip,1,1,2.000000,565.430000,365.940000,2.000000,595.857666,356.418518,31.882620,44.979100,1,0.107000,0.415736
MP_R_DudukBerdiri_1,movenet,90,2.996268,ok,1,direct,0.560064,13,left_knee,1,1,2.000000,678.470000,454.490000,2.000000,670.276123,473.347321,20.560597,44.979100,1,0.087000,0.575722
MP_R_DudukBerdiri_1,movenet,90,2.996268,ok,1,direct,0.560064,14,right_knee,1,1,2.000000,571.040000,465.570000,2.000000,617.551636,474.932739,47.444632,44.979100,0,0.087000,0.052867
MP_R_DudukBerdiri_1,movenet,90,2.996268,ok,1,direct,0.560064,15,left_ankle,1,1,2.000000,667.320000,597.760000,2.000000,677.999207,601.902344,11.454452,44.979100,1,0.089000,0.848956
MP_R_DudukBerdiri_1,movenet,90,2.996268,ok,1,direct,0.560064,16,right_ankle,1,0,0.000000,571.470000,599.750000,0.000000,588.128113,596.181030,,,,0.089000,
MP_R_DudukBerdiri_1,movenet,91,3.029560,ok,1,direct,0.513774,0,nose,0,0,0.000000,0.000000,0.000000,2.000000,647.458374,140.150986,,,,0.026000,
MP_R_DudukBerdiri_1,movenet,91,3.029560,ok,1,direct,0.513774,1,left_eye,0,0,0.000000,0.000000,0.000000,2.000000,658.786682,128.620071,,,,0.025000,
MP_R_DudukBerdiri_1,movenet,91,3.029560,ok,1,direct,0.513774,2,right_eye,0,0,0.000000,0.000000,0.000000,2.000000,632.325562,129.121704,,,,0.025000,
MP_R_DudukBerdiri_1,movenet,91,3.029560,ok,1,direct,0.513774,3,left_ear,0,0,0.000000,0.000000,0.000000,2.000000,660.454468,135.873581,,,,0.035000,
MP_R_DudukBerdiri_1,movenet,91,3.029560,ok,1,direct,0.513774,4,right_ear,0,0,0.000000,0.000000,0.000000,2.000000,598.812500,134.705887,,,,0.035000,
MP_R_DudukBerdiri_1,movenet,91,3.029560,ok,1,direct,0.513774,5,left_shoulder,1,1,2.000000,672.850000,224.500000,2.000000,660.299927,193.074982,33.838382,45.015846,1,0.079000,0.163528
MP_R_DudukBerdiri_1,movenet,91,3.029560,ok,1,direct,0.513774,6,right_shoulder,1,1,2.000000,557.010000,219.960000,2.000000,553.431274,198.440567,21.814978,45.015846,1,0.079000,0.471148
MP_R_DudukBerdiri_1,movenet,91,3.029560,ok,1,direct,0.513774,7,left_elbow,1,1,2.000000,680.990000,303.610000,2.000000,694.671265,268.467865,37.711360,45.015846,1,0.072000,0.066699
MP_R_DudukBerdiri_1,movenet,91,3.029560,ok,1,direct,0.513774,8,right_elbow,1,1,2.000000,549.650000,323.370000,2.000000,537.559021,268.972382,55.725153,45.015846,0,0.072000,0.002707
MP_R_DudukBerdiri_1,movenet,91,3.029560,ok,1,direct,0.513774,9,left_wrist,1,1,2.000000,683.680000,383.570000,2.000000,811.672119,232.673615,197.867890,45.015846,0,0.062000,0.000000
MP_R_DudukBerdiri_1,movenet,91,3.029560,ok,1,direct,0.513774,10,right_wrist,1,1,2.000000,567.970000,396.780000,0.000000,584.188721,208.218170,,45.015846,0,0.062000,0.000000
MP_R_DudukBerdiri_1,movenet,91,3.029560,ok,1,direct,0.513774,11,left_hip,1,1,2.000000,630.700000,378.270000,2.000000,668.725037,365.652557,40.063740,45.015846,1,0.107000,0.250655
MP_R_DudukBerdiri_1,movenet,91,3.029560,ok,1,direct,0.513774,12,right_hip,1,1,2.000000,563.520000,370.460000,2.000000,592.264954,366.179932,29.061854,45.015846,1,0.107000,0.482836
MP_R_DudukBerdiri_1,movenet,91,3.029560,ok,1,direct,0.513774,13,left_knee,1,1,2.000000,678.470000,456.010000,2.000000,677.480408,474.649963,18.666214,45.015846,1,0.087000,0.634872
MP_R_DudukBerdiri_1,movenet,91,3.029560,ok,1,direct,0.513774,14,right_knee,1,1,2.000000,571.990000,464.480000,2.000000,626.881531,482.949799,57.915573,45.015846,0,0.087000,0.012604
MP_R_DudukBerdiri_1,movenet,91,3.029560,ok,1,direct,0.513774,15,left_ankle,1,1,2.000000,667.320000,597.940000,2.000000,684.585938,593.482666,17.832006,45.015846,1,0.089000,0.672869
MP_R_DudukBerdiri_1,movenet,91,3.029560,ok,1,direct,0.513774,16,right_ankle,1,0,0.000000,571.470000,599.920000,0.000000,616.082581,590.628418,,,,0.089000,
MP_R_DudukBerdiri_1,movenet,92,3.062852,ok,1,direct,0.509132,0,nose,0,0,0.000000,0.000000,0.000000,2.000000,659.567566,157.714462,,,,0.026000,
MP_R_DudukBerdiri_1,movenet,92,3.062852,ok,1,direct,0.509132,1,left_eye,0,0,0.000000,0.000000,0.000000,2.000000,665.756104,145.879028,,,,0.025000,
MP_R_DudukBerdiri_1,movenet,92,3.062852,ok,1,direct,0.509132,2,right_eye,0,0,0.000000,0.000000,0.000000,2.000000,639.804626,145.870270,,,,0.025000,
MP_R_DudukBerdiri_1,movenet,92,3.062852,ok,1,direct,0.509132,3,left_ear,0,0,0.000000,0.000000,0.000000,2.000000,657.291321,150.156540,,,,0.035000,
MP_R_DudukBerdiri_1,movenet,92,3.062852,ok,1,direct,0.509132,4,right_ear,0,0,0.000000,0.000000,0.000000,2.000000,601.641602,148.681000,,,,0.035000,
MP_R_DudukBerdiri_1,movenet,92,3.062852,ok,1,direct,0.509132,5,left_shoulder,1,1,2.000000,671.890000,233.800000,2.000000,652.529358,204.633835,35.007137,45.035778,1,0.079000,0.144236
MP_R_DudukBerdiri_1,movenet,92,3.062852,ok,1,direct,0.509132,6,right_shoulder,1,1,2.000000,557.830000,227.340000,2.000000,559.971863,207.438248,20.016676,45.035778,1,0.079000,0.530965
MP_R_DudukBerdiri_1,movenet,92,3.062852,ok,1,direct,0.509132,7,left_elbow,1,1,2.000000,679.350000,305.800000,2.000000,689.729309,273.385620,34.035600,45.035778,1,0.072000,0.110414
MP_R_DudukBerdiri_1,movenet,92,3.062852,ok,1,direct,0.509132,8,right_elbow,1,1,2.000000,547.730000,331.440000,2.000000,545.702759,276.464783,55.012582,45.035778,0,0.072000,0.003162
MP_R_DudukBerdiri_1,movenet,92,3.062852,ok,1,direct,0.509132,9,left_wrist,1,1,2.000000,684.480000,385.490000,2.000000,814.528748,236.625000,197.670091,45.035778,0,0.062000,0.000000
MP_R_DudukBerdiri_1,movenet,92,3.062852,ok,1,direct,0.509132,10,right_wrist,1,1,2.000000,566.060000,407.720000,2.000000,594.614502,209.950638,199.820120,45.035778,0,0.062000,0.000000
MP_R_DudukBerdiri_1,movenet,92,3.062852,ok,1,direct,0.509132,11,left_hip,1,1,2.000000,629.240000,381.380000,2.000000,661.648010,368.482056,34.880311,45.035778,1,0.107000,0.350684
MP_R_DudukBerdiri_1,movenet,92,3.062852,ok,1,direct,0.509132,12,right_hip,1,1,2.000000,561.600000,374.970000,2.000000,601.365479,368.562012,40.278476,45.035778,1,0.107000,0.247261
MP_R_DudukBerdiri_1,movenet,92,3.062852,ok,1,direct,0.509132,13,left_knee,1,1,2.000000,678.470000,457.530000,2.000000,683.934021,485.146820,28.152163,45.035778,1,0.087000,0.356107
MP_R_DudukBerdiri_1,movenet,92,3.062852,ok,1,direct,0.509132,14,right_knee,1,1,2.000000,572.950000,463.380000,2.000000,622.686401,488.156067,55.565845,45.035778,0,0.087000,0.017909
MP_R_DudukBerdiri_1,movenet,92,3.062852,ok,1,direct,0.509132,15,left_ankle,1,1,2.000000,667.320000,598.130000,2.000000,685.190369,599.525330,17.924760,45.035778,1,0.089000,0.670332
MP_R_DudukBerdiri_1,movenet,92,3.062852,ok,1,direct,0.509132,16,right_ankle,1,0,0.000000,571.470000,600.080000,0.000000,607.995056,599.981018,,,,0.089000,
MP_R_DudukBerdiri_1,movenet,93,3.096143,ok,1,direct,0.547274,0,nose,0,0,0.000000,0.000000,0.000000,2.000000,667.606689,166.490295,,,,0.026000,
MP_R_DudukBerdiri_1,movenet,93,3.096143,ok,1,direct,0.547274,1,left_eye,0,0,0.000000,0.000000,0.000000,2.000000,668.413147,155.849640,,,,0.025000,
MP_R_DudukBerdiri_1,movenet,93,3.096143,ok,1,direct,0.547274,2,right_eye,0,0,0.000000,0.000000,0.000000,2.000000,647.996826,155.775131,,,,0.025000,
MP_R_DudukBerdiri_1,movenet,93,3.096143,ok,1,direct,0.547274,3,left_ear,0,0,0.000000,0.000000,0.000000,2.000000,643.744263,161.155853,,,,0.035000,
MP_R_DudukBerdiri_1,movenet,93,3.096143,ok,1,direct,0.547274,4,right_ear,0,0,0.000000,0.000000,0.000000,2.000000,600.902039,163.433762,,,,0.035000,
MP_R_DudukBerdiri_1,movenet,93,3.096143,ok,1,direct,0.547274,5,left_shoulder,1,1,2.000000,670.930000,243.090000,2.000000,656.212463,227.259964,21.614715,45.037716,1,0.079000,0.478016
MP_R_DudukBerdiri_1,movenet,93,3.096143,ok,1,direct,0.547274,6,right_shoulder,1,1,2.000000,558.650000,234.720000,2.000000,552.739502,233.007507,6.153586,45.037716,1,0.079000,0.941930
MP_R_DudukBerdiri_1,movenet,93,3.096143,ok,1,direct,0.547274,7,left_elbow,1,1,2.000000,677.710000,307.990000,2.000000,706.638855,272.771698,45.576391,45.037716,0,0.072000,0.019238
MP_R_DudukBerdiri_1,movenet,93,3.096143,ok,1,direct,0.547274,8,right_elbow,1,1,2.000000,545.820000,339.500000,2.000000,479.247559,296.171509,79.430776,45.037716,0,0.072000,0.000006
MP_R_DudukBerdiri_1,movenet,93,3.096143,ok,1,direct,0.547274,9,left_wrist,1,1,2.000000,685.290000,387.400000,2.000000,816.813660,242.690750,195.548562,45.037716,0,0.062000,0.000000
MP_R_DudukBerdiri_1,movenet,93,3.096143,ok,1,direct,0.547274,10,right_wrist,1,1,2.000000,564.140000,418.650000,2.000000,553.210388,251.314087,167.692469,45.037716,0,0.062000,0.000000
MP_R_DudukBerdiri_1,movenet,93,3.096143,ok,1,direct,0.547274,11,left_hip,1,1,2.000000,627.770000,384.490000,2.000000,653.263428,380.164062,25.857854,45.037716,1,0.107000,0.562238
MP_R_DudukBerdiri_1,movenet,93,3.096143,ok,1,direct,0.547274,12,right_hip,1,1,2.000000,559.690000,379.480000,2.000000,598.217468,384.914795,38.908904,45.037716,1,0.107000,0.271501
MP_R_DudukBerdiri_1,movenet,93,3.096143,ok,1,direct,0.547274,13,left_knee,1,1,2.000000,678.470000,459.050000,2.000000,687.998657,513.951782,55.722536,45.037716,0,0.087000,0.017513
MP_R_DudukBerdiri_1,movenet,93,3.096143,ok,1,direct,0.547274,14,right_knee,1,1,2.000000,573.910000,462.290000,2.000000,619.654297,522.012878,75.228737,45.037716,0,0.087000,0.000628
MP_R_DudukBerdiri_1,movenet,93,3.096143,ok,1,direct,0.547274,15,left_ankle,1,1,2.000000,667.320000,598.310000,2.000000,678.643555,624.591736,28.617347,45.037716,1,0.089000,0.360802
MP_R_DudukBerdiri_1,movenet,93,3.096143,ok,1,direct,0.547274,16,right_ankle,1,0,0.000000,571.470000,600.250000,2.000000,519.977905,645.606079,,,,0.089000,
MP_R_DudukBerdiri_1,movenet,94,3.129435,ok,1,direct,0.577667,0,nose,0,0,0.000000,0.000000,0.000000,2.000000,670.445190,178.346405,,,,0.026000,
MP_R_DudukBerdiri_1,movenet,94,3.129435,ok,1,direct,0.577667,1,left_eye,0,0,0.000000,0.000000,0.000000,2.000000,668.074829,168.540512,,,,0.025000,
MP_R_DudukBerdiri_1,movenet,94,3.129435,ok,1,direct,0.577667,2,right_eye,0,0,0.000000,0.000000,0.000000,2.000000,652.053833,168.529587,,,,0.025000,
MP_R_DudukBerdiri_1,movenet,94,3.129435,ok,1,direct,0.577667,3,left_ear,0,0,0.000000,0.000000,0.000000,2.000000,639.402344,174.700104,,,,0.035000,
MP_R_DudukBerdiri_1,movenet,94,3.129435,ok,1,direct,0.577667,4,right_ear,0,0,0.000000,0.000000,0.000000,2.000000,603.247559,175.814911,,,,0.035000,
MP_R_DudukBerdiri_1,movenet,94,3.129435,ok,1,direct,0.577667,5,left_shoulder,1,1,2.000000,670.090000,250.220000,2.000000,664.046692,239.136200,12.624270,44.473783,1,0.079000,0.772430
MP_R_DudukBerdiri_1,movenet,94,3.129435,ok,1,direct,0.577667,6,right_shoulder,1,1,2.000000,558.650000,241.800000,2.000000,552.599121,242.614670,6.105475,44.473783,1,0.079000,0.941392
MP_R_DudukBerdiri_1,movenet,94,3.129435,ok,1,direct,0.577667,7,left_elbow,1,1,2.000000,678.340000,314.770000,2.000000,723.365479,279.864532,56.970917,44.473783,0,0.072000,0.001780
MP_R_DudukBerdiri_1,movenet,94,3.129435,ok,1,direct,0.577667,8,right_elbow,1,1,2.000000,545.820000,344.640000,2.000000,475.314941,307.961334,79.475077,44.473783,0,0.072000,0.000004
MP_R_DudukBerdiri_1,movenet,94,3.129435,ok,1,direct,0.577667,9,left_wrist,1,1,2.000000,684.450000,392.490000,2.000000,809.578796,250.369186,189.355595,44.473783,0,0.062000,0.000000
MP_R_DudukBerdiri_1,movenet,94,3.129435,ok,1,direct,0.577667,10,right_wrist,1,1,2.000000,564.140000,422.330000,2.000000,541.881409,269.343231,154.597530,44.473783,0,0.062000,0.000000
MP_R_DudukBerdiri_1,movenet,94,3.129435,ok,1,direct,0.577667,11,left_hip,1,1,2.000000,627.770000,388.800000,2.000000,653.706909,377.750000,28.192654,44.473783,1,0.107000,0.495602
MP_R_DudukBerdiri_1,movenet,94,3.129435,ok,1,direct,0.577667,12,right_hip,1,1,2.000000,559.690000,383.880000,2.000000,598.855225,378.270569,39.564890,44.473783,1,0.107000,0.250943
MP_R_DudukBerdiri_1,movenet,94,3.129435,ok,1,direct,0.577667,13,left_knee,1,1,2.000000,678.470000,460.580000,2.000000,684.893066,521.610413,61.367475,44.473783,0,0.087000,0.006532
MP_R_DudukBerdiri_1,movenet,94,3.129435,ok,1,direct,0.577667,14,right_knee,1,1,2.000000,573.910000,465.160000,2.000000,623.095764,528.193542,79.952904,44.473783,0,0.087000,0.000196
MP_R_DudukBerdiri_1,movenet,94,3.129435,ok,1,direct,0.577667,15,left_ankle,1,1,2.000000,667.320000,598.490000,2.000000,683.203430,629.169617,34.547391,44.473783,1,0.089000,0.217925
MP_R_DudukBerdiri_1,movenet,94,3.129435,ok,1,direct,0.577667,16,right_ankle,1,0,0.000000,571.470000,600.410000,2.000000,535.477966,648.062256,,,,0.089000,
MP_R_DudukBerdiri_1,movenet,95,3.162727,ok,1,direct,0.573794,0,nose,0,0,0.000000,0.000000,0.000000,2.000000,666.357422,187.973267,,,,0.026000,
MP_R_DudukBerdiri_1,movenet,95,3.162727,ok,1,direct,0.573794,1,left_eye,0,0,0.000000,0.000000,0.000000,2.000000,666.607605,177.325745,,,,0.025000,
MP_R_DudukBerdiri_1,movenet,95,3.162727,ok,1,direct,0.573794,2,right_eye,0,0,0.000000,0.000000,0.000000,2.000000,648.737244,177.616241,,,,0.025000,
MP_R_DudukBerdiri_1,movenet,95,3.162727,ok,1,direct,0.573794,3,left_ear,0,0,0.000000,0.000000,0.000000,2.000000,648.166443,182.113754,,,,0.035000,
MP_R_DudukBerdiri_1,movenet,95,3.162727,ok,1,direct,0.573794,4,right_ear,0,0,0.000000,0.000000,0.000000,2.000000,602.092773,183.959305,,,,0.035000,
MP_R_DudukBerdiri_1,movenet,95,3.162727,ok,1,direct,0.573794,5,left_shoulder,1,1,2.000000,669.240000,257.350000,2.000000,669.984741,243.315277,14.054469,43.907549,1,0.079000,0.720117
MP_R_DudukBerdiri_1,movenet,95,3.162727,ok,1,direct,0.573794,6,right_shoulder,1,1,2.000000,558.650000,248.870000,2.000000,556.794678,242.969894,6.184939,43.907549,1,0.079000,0.938392
MP_R_DudukBerdiri_1,movenet,95,3.162727,ok,1,direct,0.573794,7,left_elbow,1,1,2.000000,678.970000,321.540000,2.000000,719.844238,286.253876,53.998277,43.907549,0,0.072000,0.002923
MP_R_DudukBerdiri_1,movenet,95,3.162727,ok,1,direct,0.573794,8,right_elbow,1,1,2.000000,545.820000,349.780000,2.000000,481.336060,315.595764,72.984523,43.907549,0,0.072000,0.000023
MP_R_DudukBerdiri_1,movenet,95,3.162727,ok,1,direct,0.573794,9,left_wrist,1,1,2.000000,683.600000,397.570000,2.000000,793.992981,261.185303,175.463375,43.907549,0,0.062000,0.000000
MP_R_DudukBerdiri_1,movenet,95,3.162727,ok,1,direct,0.573794,10,right_wrist,1,1,2.000000,564.140000,426.000000,2.000000,543.701660,277.895355,149.508232,43.907549,0,0.062000,0.000000
MP_R_DudukBerdiri_1,movenet,95,3.162727,ok,1,direct,0.573794,11,left_hip,1,1,2.000000,627.770000,393.110000,2.000000,655.025574,372.838470,33.967649,43.907549,1,0.107000,0.351524
MP_R_DudukBerdiri_1,movenet,95,3.162727,ok,1,direct,0.573794,12,right_hip,1,1,2.000000,559.690000,388.280000,2.000000,600.458130,374.326202,43.090009,43.907549,1,0.107000,0.185921
MP_R_DudukBerdiri_1,movenet,95,3.162727,ok,1,direct,0.573794,13,left_knee,1,1,2.000000,678.470000,462.100000,2.000000,687.264343,520.057556,58.620976,43.907549,0,0.087000,0.009005
MP_R_DudukBerdiri_1,movenet,95,3.162727,ok,1,direct,0.573794,14,right_knee,1,1,2.000000,573.910000,468.030000,2.000000,632.889893,522.785706,80.478662,43.907549,0,0.087000,0.000140
MP_R_DudukBerdiri_1,movenet,95,3.162727,ok,1,direct,0.573794,15,left_ankle,1,1,2.000000,667.320000,598.680000,2.000000,686.903809,628.550903,35.718293,43.907549,1,0.089000,0.188076
MP_R_DudukBerdiri_1,movenet,95,3.162727,ok,1,direct,0.573794,16,right_ankle,1,0,0.000000,571.470000,600.580000,2.000000,542.547607,648.192505,,,,0.089000,
MP_R_DudukBerdiri_1,movenet,96,3.196019,ok,1,direct,0.549150,0,nose,0,0,0.000000,0.000000,0.000000,2.000000,662.936401,199.444489,,,,0.026000,
MP_R_DudukBerdiri_1,movenet,96,3.196019,ok,1,direct,0.549150,1,left_eye,0,0,0.000000,0.000000,0.000000,2.000000,666.341675,186.676300,,,,0.025000,
MP_R_DudukBerdiri_1,movenet,96,3.196019,ok,1,direct,0.549150,2,right_eye,0,0,0.000000,0.000000,0.000000,2.000000,645.879639,187.489822,,,,0.025000,
MP_R_DudukBerdiri_1,movenet,96,3.196019,ok,1,direct,0.549150,3,left_ear,0,0,0.000000,0.000000,0.000000,2.000000,651.303772,190.734268,,,,0.035000,
MP_R_DudukBerdiri_1,movenet,96,3.196019,ok,1,direct,0.549150,4,right_ear,0,0,0.000000,0.000000,0.000000,2.000000,601.263367,192.362061,,,,0.035000,
MP_R_DudukBerdiri_1,movenet,96,3.196019,ok,1,direct,0.549150,5,left_shoulder,1,1,2.000000,668.400000,264.490000,2.000000,678.852173,252.502014,15.904708,43.338051,1,0.079000,0.649465
MP_R_DudukBerdiri_1,movenet,96,3.196019,ok,1,direct,0.549150,6,right_shoulder,1,1,2.000000,558.650000,255.950000,2.000000,559.757568,249.485611,6.558585,43.338051,1,0.079000,0.929235
MP_R_DudukBerdiri_1,movenet,96,3.196019,ok,1,direct,0.549150,7,left_elbow,1,1,2.000000,679.610000,328.320000,2.000000,737.332397,295.508270,66.396421,43.338051,0,0.072000,0.000117
MP_R_DudukBerdiri_1,movenet,96,3.196019,ok,1,direct,0.549150,8,right_elbow,1,1,2.000000,545.820000,354.920000,2.000000,533.233643,329.336121,28.512300,43.338051,1,0.072000,0.188266
MP_R_DudukBerdiri_1,movenet,96,3.196019,ok,1,direct,0.549150,9,left_wrist,1,1,2.000000,682.750000,402.650000,2.000000,795.717163,268.655487,175.260119,43.338051,0,0.062000,0.000000
MP_R_DudukBerdiri_1,movenet,96,3.196019,ok,1,direct,0.549150,10,right_wrist,1,1,2.000000,564.140000,429.680000,2.000000,576.230286,278.301941,151.860106,43.338051,0,0.062000,0.000000
MP_R_DudukBerdiri_1,movenet,96,3.196019,ok,1,direct,0.549150,11,left_hip,1,1,2.000000,627.770000,397.410000,2.000000,660.053650,375.439911,39.050210,43.338051,1,0.107000,0.242123
MP_R_DudukBerdiri_1,movenet,96,3.196019,ok,1,direct,0.549150,12,right_hip,1,1,2.000000,559.690000,392.680000,2.000000,598.037048,377.832794,41.120988,43.338051,1,0.107000,0.207481
MP_R_DudukBerdiri_1,movenet,96,3.196019,ok,1,direct,0.549150,13,left_knee,1,1,2.000000,678.470000,463.620000,2.000000,693.088684,522.140015,60.318306,43.338051,0,0.087000,0.005984
MP_R_DudukBerdiri_1,movenet,96,3.196019,ok,1,direct,0.549150,14,right_knee,1,1,2.000000,573.910000,470.900000,2.000000,626.035339,523.138611,73.796500,43.338051,0,0.087000,0.000471
MP_R_DudukBerdiri_1,movenet,96,3.196019,ok,1,direct,0.549150,15,left_ankle,1,1,2.000000,667.320000,598.860000,2.000000,692.932495,632.698181,42.438454,43.338051,1,0.089000,0.088815
MP_R_DudukBerdiri_1,movenet,96,3.196019,ok,1,direct,0.549150,16,right_ankle,1,0,0.000000,571.470000,600.750000,2.000000,544.104736,649.463440,,,,0.089000,
MP_R_DudukBerdiri_1,movenet,97,3.229311,ok,1,direct,0.488576,0,nose,0,0,0.000000,0.000000,0.000000,2.000000,658.640015,209.246674,,,,0.026000,
MP_R_DudukBerdiri_1,movenet,97,3.229311,ok,1,direct,0.488576,1,left_eye,0,0,0.000000,0.000000,0.000000,2.000000,662.271484,196.469925,,,,0.025000,
MP_R_DudukBerdiri_1,movenet,97,3.229311,ok,1,direct,0.488576,2,right_eye,0,0,0.000000,0.000000,0.000000,2.000000,641.946472,195.686905,,,,0.025000,
MP_R_DudukBerdiri_1,movenet,97,3.229311,ok,1,direct,0.488576,3,left_ear,0,0,0.000000,0.000000,0.000000,2.000000,649.295593,199.819672,,,,0.035000,
MP_R_DudukBerdiri_1,movenet,97,3.229311,ok,1,direct,0.488576,4,right_ear,0,0,0.000000,0.000000,0.000000,2.000000,599.625854,199.089127,,,,0.035000,
MP_R_DudukBerdiri_1,movenet,97,3.229311,ok,1,direct,0.488576,5,left_shoulder,1,1,2.000000,667.550000,271.620000,2.000000,672.841125,261.189484,11.695798,42.769299,1,0.079000,0.786906
MP_R_DudukBerdiri_1,movenet,97,3.229311,ok,1,direct,0.488576,6,right_shoulder,1,1,2.000000,558.650000,263.020000,2.000000,557.457214,261.266266,2.120925,42.769299,1,0.079000,0.992150
MP_R_DudukBerdiri_1,movenet,97,3.229311,ok,1,direct,0.488576,7,left_elbow,1,1,2.000000,680.240000,335.100000,2.000000,735.470825,310.090179,60.629491,42.769299,0,0.072000,0.000429
MP_R_DudukBerdiri_1,movenet,97,3.229311,ok,1,direct,0.488576,8,right_elbow,1,1,2.000000,545.820000,360.060000,2.000000,528.583435,346.713715,21.799599,42.769299,1,0.072000,0.367034
MP_R_DudukBerdiri_1,movenet,97,3.229311,ok,1,direct,0.488576,9,left_wrist,1,1,2.000000,681.910000,407.730000,2.000000,780.109375,288.653931,154.344509,42.769299,0,0.062000,0.000000
MP_R_DudukBerdiri_1,movenet,97,3.229311,ok,1,direct,0.488576,10,right_wrist,1,1,2.000000,564.140000,433.360000,2.000000,583.114685,294.421112,140.228575,42.769299,0,0.062000,0.000000
MP_R_DudukBerdiri_1,movenet,97,3.229311,ok,1,direct,0.488576,11,left_hip,1,1,2.000000,627.770000,401.720000,2.000000,662.508911,385.016418,38.546097,42.769299,1,0.107000,0.241974
MP_R_DudukBerdiri_1,movenet,97,3.229311,ok,1,direct,0.488576,12,right_hip,1,1,2.000000,559.690000,397.080000,2.000000,603.469177,389.210205,44.480895,42.769299,0,0.107000,0.151148
MP_R_DudukBerdiri_1,movenet,97,3.229311,ok,1,direct,0.488576,13,left_knee,1,1,2.000000,678.470000,465.140000,2.000000,693.070618,523.029297,59.702167,42.769299,0,0.087000,0.005806
MP_R_DudukBerdiri_1,movenet,97,3.229311,ok,1,direct,0.488576,14,right_knee,1,1,2.000000,573.910000,473.770000,2.000000,627.423157,528.737366,76.714205,42.769299,0,0.087000,0.000203
MP_R_DudukBerdiri_1,movenet,97,3.229311,ok,1,direct,0.488576,15,left_ankle,1,1,2.000000,667.320000,599.050000,0.000000,710.250244,645.133545,,42.769299,0,0.089000,0.000000
MP_R_DudukBerdiri_1,movenet,97,3.229311,ok,1,direct,0.488576,16,right_ankle,1,0,0.000000,571.470000,600.910000,2.000000,548.801392,658.413391,,,,0.089000,
MP_R_DudukBerdiri_1,movenet,98,3.262603,ok,1,direct,0.512569,0,nose,0,0,0.000000,0.000000,0.000000,2.000000,662.889893,215.787064,,,,0.026000,
MP_R_DudukBerdiri_1,movenet,98,3.262603,ok,1,direct,0.512569,1,left_eye,0,0,0.000000,0.000000,0.000000,2.000000,661.788818,204.573898,,,,0.025000,
MP_R_DudukBerdiri_1,movenet,98,3.262603,ok,1,direct,0.512569,2,right_eye,0,0,0.000000,0.000000,0.000000,2.000000,648.814087,204.143936,,,,0.025000,
MP_R_DudukBerdiri_1,movenet,98,3.262603,ok,1,direct,0.512569,3,left_ear,0,0,0.000000,0.000000,0.000000,2.000000,641.116821,205.453735,,,,0.035000,
MP_R_DudukBerdiri_1,movenet,98,3.262603,ok,1,direct,0.512569,4,right_ear,0,0,0.000000,0.000000,0.000000,2.000000,606.278870,204.971649,,,,0.035000,
MP_R_DudukBerdiri_1,movenet,98,3.262603,ok,1,direct,0.512569,5,left_shoulder,1,1,2.000000,668.680000,276.790000,2.000000,677.440918,259.603577,19.290589,43.908244,1,0.079000,0.538725
MP_R_DudukBerdiri_1,movenet,98,3.262603,ok,1,direct,0.512569,6,right_shoulder,1,1,2.000000,558.650000,268.600000,2.000000,562.347534,261.372406,8.118490,43.908244,1,0.079000,0.896232
MP_R_DudukBerdiri_1,movenet,98,3.262603,ok,1,direct,0.512569,7,left_elbow,1,1,2.000000,679.400000,338.210000,2.000000,745.496887,312.067352,71.079086,43.908244,0,0.072000,0.000041
MP_R_DudukBerdiri_1,movenet,98,3.262603,ok,1,direct,0.512569,8,right_elbow,1,1,2.000000,539.490000,366.860000,2.000000,537.571350,349.270233,17.694098,43.908244,1,0.072000,0.534452
MP_R_DudukBerdiri_1,movenet,98,3.262603,ok,1,direct,0.512569,9,left_wrist,1,1,2.000000,685.210000,410.820000,2.000000,792.288818,293.652710,158.726328,43.908244,0,0.062000,0.000000
MP_R_DudukBerdiri_1,movenet,98,3.262603,ok,1,direct,0.512569,10,right_wrist,1,1,2.000000,561.610000,436.480000,2.000000,577.974670,321.607819,116.031980,43.908244,0,0.062000,0.000000
MP_R_DudukBerdiri_1,movenet,98,3.262603,ok,1,direct,0.512569,11,left_hip,1,1,2.000000,621.670000,408.050000,2.000000,658.872375,383.225098,44.724630,43.908244,0,0.107000,0.163255
MP_R_DudukBerdiri_1,movenet,98,3.262603,ok,1,direct,0.512569,12,right_hip,1,1,2.000000,553.180000,405.000000,2.000000,595.577393,387.116913,46.014603,43.908244,0,0.107000,0.146827
MP_R_DudukBerdiri_1,movenet,98,3.262603,ok,1,direct,0.512569,13,left_knee,1,1,2.000000,683.350000,466.570000,2.000000,694.692017,514.339783,49.097795,43.908244,0,0.087000,0.036741
MP_R_DudukBerdiri_1,movenet,98,3.262603,ok,1,direct,0.512569,14,right_knee,1,1,2.000000,575.380000,477.100000,2.000000,635.191040,516.318115,71.522172,43.908244,0,0.087000,0.000902
MP_R_DudukBerdiri_1,movenet,98,3.262603,ok,1,direct,0.512569,15,left_ankle,1,1,2.000000,667.320000,599.360000,2.000000,690.216553,620.414734,31.105529,43.908244,1,0.089000,0.281629
MP_R_DudukBerdiri_1,movenet,98,3.262603,ok,1,direct,0.512569,16,right_ankle,1,0,0.000000,571.470000,601.200000,2.000000,579.240173,642.470703,,,,0.089000,
MP_R_DudukBerdiri_1,movenet,99,3.295895,ok,1,direct,0.530171,0,nose,0,0,0.000000,0.000000,0.000000,2.000000,653.047485,219.858414,,,,0.026000,
MP_R_DudukBerdiri_1,movenet,99,3.295895,ok,1,direct,0.530171,1,left_eye,0,0,0.000000,0.000000,0.000000,2.000000,657.621094,208.915848,,,,0.025000,
MP_R_DudukBerdiri_1,movenet,99,3.295895,ok,1,direct,0.530171,2,right_eye,0,0,0.000000,0.000000,0.000000,2.000000,641.735779,207.990677,,,,0.025000,
MP_R_DudukBerdiri_1,movenet,99,3.295895,ok,1,direct,0.530171,3,left_ear,0,0,0.000000,0.000000,0.000000,2.000000,648.716125,212.668427,,,,0.035000,
MP_R_DudukBerdiri_1,movenet,99,3.295895,ok,1,direct,0.530171,4,right_ear,0,0,0.000000,0.000000,0.000000,2.000000,604.598145,211.245422,,,,0.035000,
MP_R_DudukBerdiri_1,movenet,99,3.295895,ok,1,direct,0.530171,5,left_shoulder,1,1,2.000000,669.810000,281.970000,2.000000,678.791626,261.390900,22.453707,44.972512,1,0.079000,0.449852
MP_R_DudukBerdiri_1,movenet,99,3.295895,ok,1,direct,0.530171,6,right_shoulder,1,1,2.000000,558.650000,274.180000,2.000000,566.837097,266.993073,10.894057,44.972512,1,0.079000,0.828578
MP_R_DudukBerdiri_1,movenet,99,3.295895,ok,1,direct,0.530171,7,left_elbow,1,1,2.000000,678.550000,341.310000,2.000000,738.622986,315.719452,65.296553,44.972512,0,0.072000,0.000294
MP_R_DudukBerdiri_1,movenet,99,3.295895,ok,1,direct,0.530171,8,right_elbow,1,1,2.000000,533.170000,373.660000,2.000000,538.371887,346.163177,27.984547,44.972512,1,0.072000,0.224506
MP_R_DudukBerdiri_1,movenet,99,3.295895,ok,1,direct,0.530171,9,left_wrist,1,1,2.000000,688.510000,413.910000,2.000000,781.230713,308.244995,140.578177,44.972512,0,0.062000,0.000000
MP_R_DudukBerdiri_1,movenet,99,3.295895,ok,1,direct,0.530171,10,right_wrist,1,1,2.000000,559.080000,439.600000,2.000000,552.052551,374.767914,65.211843,44.972512,0,0.062000,0.000018
MP_R_DudukBerdiri_1,movenet,99,3.295895,ok,1,direct,0.530171,11,left_hip,1,1,2.000000,615.570000,414.390000,2.000000,661.314148,382.199707,55.935159,44.972512,0,0.107000,0.067049
MP_R_DudukBerdiri_1,movenet,99,3.295895,ok,1,direct,0.530171,12,right_hip,1,1,2.000000,546.660000,412.930000,2.000000,591.864685,386.238953,52.496434,44.972512,0,0.107000,0.092525
MP_R_DudukBerdiri_1,movenet,99,3.295895,ok,1,direct,0.530171,13,left_knee,1,1,2.000000,688.230000,468.010000,2.000000,693.867798,509.916260,42.283796,44.972512,1,0.087000,0.096728
MP_R_DudukBerdiri_1,movenet,99,3.295895,ok,1,direct,0.530171,14,right_knee,1,1,2.000000,576.860000,480.430000,2.000000,626.986938,514.381409,60.542614,44.972512,0,0.087000,0.008323
MP_R_DudukBerdiri_1,movenet,99,3.295895,ok,1,direct,0.530171,15,left_ankle,1,1,2.000000,667.320000,599.680000,2.000000,687.118835,618.697449,27.452818,44.972512,1,0.089000,0.390288
MP_R_DudukBerdiri_1,movenet,99,3.295895,ok,1,direct,0.530171,16,right_ankle,1,0,0.000000,571.470000,601.480000,2.000000,553.831543,646.940002,,,,0.089000,
MP_R_DudukBerdiri_1,movenet,100,3.329186,ok,1,direct,0.506756,0,nose,0,0,0.000000,0.000000,0.000000,2.000000,659.907776,223.998917,,,,0.026000,
MP_R_DudukBerdiri_1,movenet,100,3.329186,ok,1,direct,0.506756,1,left_eye,0,0,0.000000,0.000000,0.000000,2.000000,662.088135,213.758011,,,,0.025000,
MP_R_DudukBerdiri_1,movenet,100,3.329186,ok,1,direct,0.506756,2,right_eye,0,0,0.000000,0.000000,0.000000,2.000000,645.993774,213.424301,,,,0.025000,
MP_R_DudukBerdiri_1,movenet,100,3.329186,ok,1,direct,0.506756,3,left_ear,0,0,0.000000,0.000000,0.000000,2.000000,649.587524,216.018036,,,,0.035000,
MP_R_DudukBerdiri_1,movenet,100,3.329186,ok,1,direct,0.506756,4,right_ear,0,0,0.000000,0.000000,0.000000,2.000000,606.435486,214.453796,,,,0.035000,
MP_R_DudukBerdiri_1,movenet,100,3.329186,ok,1,direct,0.506756,5,left_shoulder,1,1,2.000000,670.930000,287.150000,2.000000,675.314941,261.882019,25.645635,46.149601,1,0.079000,0.371719
MP_R_DudukBerdiri_1,movenet,100,3.329186,ok,1,direct,0.506756,6,right_shoulder,1,1,2.000000,558.650000,279.760000,2.000000,563.661133,269.581085,11.345561,46.149601,1,0.079000,0.823919
MP_R_DudukBerdiri_1,movenet,100,3.329186,ok,1,direct,0.506756,7,left_elbow,1,1,2.000000,677.710000,344.420000,2.000000,729.759583,316.664612,58.987461,46.149601,0,0.072000,0.001831
MP_R_DudukBerdiri_1,movenet,100,3.329186,ok,1,direct,0.506756,8,right_elbow,1,1,2.000000,526.840000,380.460000,2.000000,539.952026,345.936005,36.930089,46.149601,1,0.072000,0.084540
MP_R_DudukBerdiri_1,movenet,100,3.329186,ok,1,direct,0.506756,9,left_wrist,1,1,2.000000,691.800000,417.000000,2.000000,767.222900,315.002533,126.854630,46.149601,0,0.062000,0.000000
MP_R_DudukBerdiri_1,movenet,100,3.329186,ok,1,direct,0.506756,10,right_wrist,1,1,2.000000,556.550000,442.720000,2.000000,549.556396,384.959900,58.181953,46.149601,0,0.062000,0.000256
MP_R_DudukBerdiri_1,movenet,100,3.329186,ok,1,direct,0.506756,11,left_hip,1,1,2.000000,609.470000,420.720000,2.000000,661.262268,380.286804,65.706030,46.149601,0,0.107000,0.028982
MP_R_DudukBerdiri_1,movenet,100,3.329186,ok,1,direct,0.506756,12,right_hip,1,1,2.000000,540.150000,420.860000,2.000000,594.502563,384.132660,65.598008,46.149601,0,0.107000,0.029321
MP_R_DudukBerdiri_1,movenet,100,3.329186,ok,1,direct,0.506756,13,left_knee,1,1,2.000000,693.110000,469.440000,2.000000,692.757690,511.921143,42.482603,46.149601,1,0.087000,0.106552
MP_R_DudukBerdiri_1,movenet,100,3.329186,ok,1,direct,0.506756,14,right_knee,1,0,0.000000,578.330000,483.760000,2.000000,613.290527,515.588440,,,,0.087000,
MP_R_DudukBerdiri_1,movenet,100,3.329186,ok,1,direct,0.506756,15,left_ankle,1,1,2.000000,667.320000,599.990000,2.000000,687.111145,619.095337,27.508241,46.149601,1,0.089000,0.407751
MP_R_DudukBerdiri_1,movenet,100,3.329186,ok,1,direct,0.506756,16,right_ankle,1,0,0.000000,571.470000,601.770000,2.000000,542.902710,648.748840,,,,0.089000,
MP_R_DudukBerdiri_1,movenet,101,3.362478,ok,1,direct,0.503665,0,nose,0,0,0.000000,0.000000,0.000000,2.000000,653.432983,227.327881,,,,0.026000,
MP_R_DudukBerdiri_1,movenet,101,3.362478,ok,1,direct,0.503665,1,left_eye,0,0,0.000000,0.000000,0.000000,2.000000,660.832031,217.256470,,,,0.025000,
MP_R_DudukBerdiri_1,movenet,101,3.362478,ok,1,direct,0.503665,2,right_eye,0,0,0.000000,0.000000,0.000000,2.000000,639.395203,216.243698,,,,0.025000,
MP_R_DudukBerdiri_1,movenet,101,3.362478,ok,1,direct,0.503665,3,left_ear,0,0,0.000000,0.000000,0.000000,2.000000,656.339661,220.484085,,,,0.035000,
MP_R_DudukBerdiri_1,movenet,101,3.362478,ok,1,direct,0.503665,4,right_ear,0,0,0.000000,0.000000,0.000000,2.000000,599.442627,218.892883,,,,0.035000,
MP_R_DudukBerdiri_1,movenet,101,3.362478,ok,1,direct,0.503665,5,left_shoulder,1,1,2.000000,669.030000,289.050000,2.000000,679.095947,269.298187,22.168839,45.810069,1,0.079000,0.472139
MP_R_DudukBerdiri_1,movenet,101,3.362478,ok,1,direct,0.503665,6,right_shoulder,1,1,2.000000,557.180000,283.770000,2.000000,563.027405,271.173981,13.887111,45.810069,1,0.079000,0.744908
MP_R_DudukBerdiri_1,movenet,101,3.362478,ok,1,direct,0.503665,7,left_elbow,1,1,2.000000,676.800000,350.390000,2.000000,723.344055,327.685547,51.786497,45.810069,0,0.072000,0.007224
MP_R_DudukBerdiri_1,movenet,101,3.362478,ok,1,direct,0.503665,8,right_elbow,1,1,2.000000,527.200000,380.460000,2.000000,533.097412,358.019257,23.202725,45.810069,1,0.072000,0.371673
MP_R_DudukBerdiri_1,movenet,101,3.362478,ok,1,direct,0.503665,9,left_wrist,1,1,2.000000,689.270000,417.880000,2.000000,764.477844,326.190125,118.588588,45.810069,0,0.062000,0.000000
MP_R_DudukBerdiri_1,movenet,101,3.362478,ok,1,direct,0.503665,10,right_wrist,1,1,2.000000,557.690000,442.840000,2.000000,545.388733,429.621552,18.056815,45.810069,1,0.062000,0.445586
MP_R_DudukBerdiri_1,movenet,101,3.362478,ok,1,direct,0.503665,11,left_hip,1,1,2.000000,610.020000,422.920000,2.000000,652.375610,381.994843,58.897082,45.810069,0,0.107000,0.055713
MP_R_DudukBerdiri_1,movenet,101,3.362478,ok,1,direct,0.503665,12,right_hip,1,1,2.000000,540.520000,422.510000,2.000000,576.839111,382.147247,54.297603,45.810069,0,0.107000,0.085936
MP_R_DudukBerdiri_1,movenet,101,3.362478,ok,1,direct,0.503665,13,left_knee,1,1,2.000000,693.110000,469.440000,2.000000,685.479614,518.951111,50.095637,45.810069,0,0.087000,0.042431
MP_R_DudukBerdiri_1,movenet,101,3.362478,ok,1,direct,0.503665,14,right_knee,1,0,0.000000,578.330000,483.760000,2.000000,600.597595,525.929504,,,,0.087000,
MP_R_DudukBerdiri_1,movenet,101,3.362478,ok,1,direct,0.503665,15,left_ankle,1,1,2.000000,667.320000,599.990000,2.000000,675.658630,625.748962,27.075024,45.810069,1,0.089000,0.413957
MP_R_DudukBerdiri_1,movenet,101,3.362478,ok,1,direct,0.503665,16,right_ankle,1,0,0.000000,571.470000,601.770000,2.000000,531.920288,645.788879,,,,0.089000,
MP_R_DudukBerdiri_1,movenet,102,3.395770,ok,1,direct,0.493213,0,nose,0,0,0.000000,0.000000,0.000000,2.000000,652.861572,230.927078,,,,0.026000,
MP_R_DudukBerdiri_1,movenet,102,3.395770,ok,1,direct,0.493213,1,left_eye,0,0,0.000000,0.000000,0.000000,2.000000,657.962952,219.932831,,,,0.025000,
MP_R_DudukBerdiri_1,movenet,102,3.395770,ok,1,direct,0.493213,2,right_eye,0,0,0.000000,0.000000,0.000000,2.000000,640.267090,218.974472,,,,0.025000,
MP_R_DudukBerdiri_1,movenet,102,3.395770,ok,1,direct,0.493213,3,left_ear,0,0,0.000000,0.000000,0.000000,2.000000,650.921021,222.796600,,,,0.035000,
MP_R_DudukBerdiri_1,movenet,102,3.395770,ok,1,direct,0.493213,4,right_ear,0,0,0.000000,0.000000,0.000000,2.000000,600.901611,221.354294,,,,0.035000,
MP_R_DudukBerdiri_1,movenet,102,3.395770,ok,1,direct,0.493213,5,left_shoulder,1,1,2.000000,667.130000,290.950000,2.000000,684.386536,268.290771,28.482076,45.471373,1,0.079000,0.284418
MP_R_DudukBerdiri_1,movenet,102,3.395770,ok,1,direct,0.493213,6,right_shoulder,1,1,2.000000,555.700000,287.770000,2.000000,557.784912,272.001740,15.905499,45.471373,1,0.079000,0.675638
MP_R_DudukBerdiri_1,movenet,102,3.395770,ok,1,direct,0.493213,7,left_elbow,1,1,2.000000,675.890000,356.370000,2.000000,712.221741,334.373016,42.471905,45.471373,1,0.072000,0.034533
MP_R_DudukBerdiri_1,movenet,102,3.395770,ok,1,direct,0.493213,8,right_elbow,1,1,2.000000,527.550000,380.460000,2.000000,533.184814,354.047394,27.006979,45.471373,1,0.072000,0.256418
MP_R_DudukBerdiri_1,movenet,102,3.395770,ok,1,direct,0.493213,9,left_wrist,1,1,2.000000,690.400000,419.500000,2.000000,700.499634,389.423157,31.727261,45.471373,1,0.062000,0.079420
MP_R_DudukBerdiri_1,movenet,102,3.395770,ok,1,direct,0.493213,10,right_wrist,1,1,2.000000,558.830000,442.970000,2.000000,538.908813,414.748260,34.544468,45.471373,1,0.062000,0.049647
MP_R_DudukBerdiri_1,movenet,102,3.395770,ok,1,direct,0.493213,11,left_hip,1,1,2.000000,610.570000,425.110000,2.000000,653.472778,386.055786,58.016205,45.471373,0,0.107000,0.058209
MP_R_DudukBerdiri_1,movenet,102,3.395770,ok,1,direct,0.493213,12,right_hip,1,1,2.000000,540.880000,424.150000,2.000000,575.654053,387.265228,50.692417,45.471373,0,0.107000,0.114056
MP_R_DudukBerdiri_1,movenet,102,3.395770,ok,1,direct,0.493213,13,left_knee,1,1,2.000000,693.110000,469.440000,2.000000,688.794312,508.399292,39.197597,45.471373,1,0.087000,0.140364
MP_R_DudukBerdiri_1,movenet,102,3.395770,ok,1,direct,0.493213,14,right_knee,1,0,0.000000,578.330000,483.760000,2.000000,610.341431,516.202271,,,,0.087000,
MP_R_DudukBerdiri_1,movenet,102,3.395770,ok,1,direct,0.493213,15,left_ankle,1,1,2.000000,667.320000,599.990000,2.000000,684.178528,617.257935,24.132789,45.471373,1,0.089000,0.491057
MP_R_DudukBerdiri_1,movenet,102,3.395770,ok,1,direct,0.493213,16,right_ankle,1,0,0.000000,571.470000,601.770000,2.000000,529.505066,641.327698,,,,0.089000,
MP_R_DudukBerdiri_1,movenet,103,3.429062,ok,1,direct,0.495796,0,nose,0,0,0.000000,0.000000,0.000000,2.000000,651.558960,231.704346,,,,0.026000,
MP_R_DudukBerdiri_1,movenet,103,3.429062,ok,1,direct,0.495796,1,left_eye,0,0,0.000000,0.000000,0.000000,2.000000,657.750854,221.368118,,,,0.025000,
MP_R_DudukBerdiri_1,movenet,103,3.429062,ok,1,direct,0.495796,2,right_eye,0,0,0.000000,0.000000,0.000000,2.000000,638.453979,219.992035,,,,0.025000,
MP_R_DudukBerdiri_1,movenet,103,3.429062,ok,1,direct,0.495796,3,left_ear,0,0,0.000000,0.000000,0.000000,2.000000,652.033936,223.728851,,,,0.035000,
MP_R_DudukBerdiri_1,movenet,103,3.429062,ok,1,direct,0.495796,4,right_ear,0,0,0.000000,0.000000,0.000000,2.000000,598.721375,222.081085,,,,0.035000,
MP_R_DudukBerdiri_1,movenet,103,3.429062,ok,1,direct,0.495796,5,left_shoulder,1,1,2.000000,665.220000,292.860000,2.000000,683.099121,271.358246,27.964056,45.129277,1,0.079000,0.292165
MP_R_DudukBerdiri_1,movenet,103,3.429062,ok,1,direct,0.495796,6,right_shoulder,1,1,2.000000,554.230000,291.780000,2.000000,557.170410,276.507019,15.553455,45.129277,1,0.079000,0.683425
MP_R_DudukBerdiri_1,movenet,103,3.429062,ok,1,direct,0.495796,7,left_elbow,1,1,2.000000,674.980000,362.340000,2.000000,709.251221,343.978516,38.880081,45.129277,1,0.072000,0.057067
MP_R_DudukBerdiri_1,movenet,103,3.429062,ok,1,direct,0.495796,8,right_elbow,1,1,2.000000,527.910000,380.460000,2.000000,534.128662,358.577637,22.748837,45.129277,1,0.072000,0.375192
MP_R_DudukBerdiri_1,movenet,103,3.429062,ok,1,direct,0.495796,9,left_wrist,1,1,2.000000,691.530000,421.120000,2.000000,709.808960,406.506714,23.402318,45.129277,1,0.062000,0.246820
MP_R_DudukBerdiri_1,movenet,103,3.429062,ok,1,direct,0.495796,10,right_wrist,1,1,2.000000,559.970000,443.100000,2.000000,560.335632,424.606689,18.496925,45.129277,1,0.062000,0.417264
MP_R_DudukBerdiri_1,movenet,103,3.429062,ok,1,direct,0.495796,11,left_hip,1,1,2.000000,611.120000,427.310000,2.000000,656.287842,394.706757,55.705524,45.129277,0,0.107000,0.069837
MP_R_DudukBerdiri_1,movenet,103,3.429062,ok,1,direct,0.495796,12,right_hip,1,1,2.000000,541.250000,425.800000,2.000000,581.150085,394.400635,50.773388,45.129277,0,0.107000,0.109575
MP_R_DudukBerdiri_1,movenet,103,3.429062,ok,1,direct,0.495796,13,left_knee,1,1,2.000000,693.110000,469.440000,2.000000,698.413330,512.947754,43.829784,45.129277,1,0.087000,0.082713
MP_R_DudukBerdiri_1,movenet,103,3.429062,ok,1,direct,0.495796,14,right_knee,1,0,0.000000,578.330000,483.760000,2.000000,611.379761,520.481201,,,,0.087000,
MP_R_DudukBerdiri_1,movenet,103,3.429062,ok,1,direct,0.495796,15,left_ankle,1,1,2.000000,667.320000,599.990000,2.000000,692.253723,623.436584,34.226202,45.129277,1,0.089000,0.234036
MP_R_DudukBerdiri_1,movenet,103,3.429062,ok,1,direct,0.495796,16,right_ankle,1,0,0.000000,571.470000,601.770000,2.000000,537.482056,643.994202,,,,0.089000,
MP_R_DudukBerdiri_1,movenet,104,3.462354,ok,1,direct,0.515150,0,nose,0,0,0.000000,0.000000,0.000000,2.000000,645.646301,232.499313,,,,0.026000,
MP_R_DudukBerdiri_1,movenet,104,3.462354,ok,1,direct,0.515150,1,left_eye,0,0,0.000000,0.000000,0.000000,2.000000,654.683228,221.729019,,,,0.025000,
MP_R_DudukBerdiri_1,movenet,104,3.462354,ok,1,direct,0.515150,2,right_eye,0,0,0.000000,0.000000,0.000000,2.000000,630.477173,221.579926,,,,0.025000,
MP_R_DudukBerdiri_1,movenet,104,3.462354,ok,1,direct,0.515150,3,left_ear,0,0,0.000000,0.000000,0.000000,2.000000,654.758911,226.345337,,,,0.035000,
MP_R_DudukBerdiri_1,movenet,104,3.462354,ok,1,direct,0.515150,4,right_ear,0,0,0.000000,0.000000,0.000000,2.000000,593.722046,224.423218,,,,0.035000,
MP_R_DudukBerdiri_1,movenet,104,3.462354,ok,1,direct,0.515150,5,left_shoulder,1,1,2.000000,663.320000,294.760000,2.000000,686.460266,272.566284,32.062953,45.000926,1,0.079000,0.196553
MP_R_DudukBerdiri_1,movenet,104,3.462354,ok,1,direct,0.515150,6,right_shoulder,1,1,2.000000,551.790000,292.880000,2.000000,555.547363,278.676025,14.692538,45.000926,1,0.079000,0.710628
MP_R_DudukBerdiri_1,movenet,104,3.462354,ok,1,direct,0.515150,7,left_elbow,1,1,2.000000,674.080000,368.310000,2.000000,709.433350,345.535583,42.053934,45.000926,1,0.072000,0.034415
MP_R_DudukBerdiri_1,movenet,104,3.462354,ok,1,direct,0.515150,8,right_elbow,1,1,2.000000,528.260000,380.460000,2.000000,528.506470,361.110229,19.351340,45.000926,1,0.072000,0.489967
MP_R_DudukBerdiri_1,movenet,104,3.462354,ok,1,direct,0.515150,9,left_wrist,1,1,2.000000,692.670000,422.730000,2.000000,705.396179,407.956055,19.499361,45.000926,1,0.062000,0.376481
MP_R_DudukBerdiri_1,movenet,104,3.462354,ok,1,direct,0.515150,10,right_wrist,1,1,2.000000,561.110000,443.220000,2.000000,535.225098,431.437744,28.440283,45.000926,1,0.062000,0.125165
MP_R_DudukBerdiri_1,movenet,104,3.462354,ok,1,direct,0.515150,11,left_hip,1,1,2.000000,611.670000,429.500000,2.000000,657.506226,395.772247,56.908004,45.000926,0,0.107000,0.061200
MP_R_DudukBerdiri_1,movenet,104,3.462354,ok,1,direct,0.515150,12,right_hip,1,1,2.000000,541.610000,427.450000,2.000000,578.693726,396.084564,48.569468,45.000926,0,0.107000,0.130692
MP_R_DudukBerdiri_1,movenet,104,3.462354,ok,1,direct,0.515150,13,left_knee,1,1,2.000000,693.110000,469.440000,2.000000,690.980164,515.252991,45.862472,45.000926,0,0.087000,0.064280
MP_R_DudukBerdiri_1,movenet,104,3.462354,ok,1,direct,0.515150,14,right_knee,1,0,0.000000,578.330000,483.760000,2.000000,596.601196,525.392456,,,,0.087000,
MP_R_DudukBerdiri_1,movenet,104,3.462354,ok,1,direct,0.515150,15,left_ankle,1,1,2.000000,667.320000,599.990000,2.000000,690.743896,624.707458,34.053365,45.000926,1,0.089000,0.235543
MP_R_DudukBerdiri_1,movenet,104,3.462354,ok,1,direct,0.515150,16,right_ankle,1,0,0.000000,571.470000,601.770000,2.000000,538.633545,643.074707,,,,0.089000,
MP_R_DudukBerdiri_1,movenet,105,3.495646,ok,1,direct,0.517689,0,nose,0,0,0.000000,0.000000,0.000000,2.000000,651.291199,227.764664,,,,0.026000,
MP_R_DudukBerdiri_1,movenet,105,3.495646,ok,1,direct,0.517689,1,left_eye,0,0,0.000000,0.000000,0.000000,2.000000,657.851562,218.036728,,,,0.025000,
MP_R_DudukBerdiri_1,movenet,105,3.495646,ok,1,direct,0.517689,2,right_eye,0,0,0.000000,0.000000,0.000000,2.000000,636.584290,217.686264,,,,0.025000,
MP_R_DudukBerdiri_1,movenet,105,3.495646,ok,1,direct,0.517689,3,left_ear,0,0,0.000000,0.000000,0.000000,2.000000,651.017334,223.120560,,,,0.035000,
MP_R_DudukBerdiri_1,movenet,105,3.495646,ok,1,direct,0.517689,4,right_ear,0,0,0.000000,0.000000,0.000000,2.000000,598.176697,222.628006,,,,0.035000,
MP_R_DudukBerdiri_1,movenet,105,3.495646,ok,1,direct,0.517689,5,left_shoulder,1,1,2.000000,661.420000,296.660000,2.000000,682.977234,271.841248,32.873771,44.967296,1,0.079000,0.180378
MP_R_DudukBerdiri_1,movenet,105,3.495646,ok,1,direct,0.517689,6,right_shoulder,1,1,2.000000,549.350000,293.970000,2.000000,555.506836,280.324005,14.970631,44.967296,1,0.079000,0.701039
MP_R_DudukBerdiri_1,movenet,105,3.495646,ok,1,direct,0.517689,7,left_elbow,1,1,2.000000,673.170000,374.280000,2.000000,706.392090,347.026093,42.970719,44.967296,1,0.072000,0.029510
MP_R_DudukBerdiri_1,movenet,105,3.495646,ok,1,direct,0.517689,8,right_elbow,1,1,2.000000,528.610000,380.460000,2.000000,528.349182,365.608002,14.854288,44.967296,1,0.072000,0.656395
MP_R_DudukBerdiri_1,movenet,105,3.495646,ok,1,direct,0.517689,9,left_wrist,1,1,2.000000,693.800000,424.350000,2.000000,703.122009,410.999908,16.282653,44.967296,1,0.062000,0.505510
MP_R_DudukBerdiri_1,movenet,105,3.495646,ok,1,direct,0.517689,10,right_wrist,1,1,2.000000,562.250000,443.350000,2.000000,553.847717,437.009064,10.526435,44.967296,1,0.062000,0.751930
MP_R_DudukBerdiri_1,movenet,105,3.495646,ok,1,direct,0.517689,11,left_hip,1,1,2.000000,611.670000,429.500000,2.000000,657.176208,390.839478,59.711398,44.967296,0,0.107000,0.045949
MP_R_DudukBerdiri_1,movenet,105,3.495646,ok,1,direct,0.517689,12,right_hip,1,1,2.000000,541.610000,427.450000,2.000000,579.342407,389.951233,53.196730,44.967296,0,0.107000,0.086746
MP_R_DudukBerdiri_1,movenet,105,3.495646,ok,1,direct,0.517689,13,left_knee,1,1,2.000000,693.110000,469.440000,2.000000,693.350952,516.858643,47.419255,44.967296,0,0.087000,0.052952
MP_R_DudukBerdiri_1,movenet,105,3.495646,ok,1,direct,0.517689,14,right_knee,1,0,0.000000,578.330000,483.760000,2.000000,595.993896,527.393433,,,,0.087000,
MP_R_DudukBerdiri_1,movenet,105,3.495646,ok,1,direct,0.517689,15,left_ankle,1,1,2.000000,667.320000,599.990000,2.000000,690.322021,628.304688,36.480331,44.967296,1,0.089000,0.189801
MP_R_DudukBerdiri_1,movenet,105,3.495646,ok,1,direct,0.517689,16,right_ankle,1,0,0.000000,571.470000,601.770000,2.000000,538.710999,645.071533,,,,0.089000,
MP_R_DudukBerdiri_1,movenet,106,3.528938,ok,1,direct,0.517445,0,nose,0,0,0.000000,0.000000,0.000000,2.000000,651.067749,228.808456,,,,0.026000,
MP_R_DudukBerdiri_1,movenet,106,3.528938,ok,1,direct,0.517445,1,left_eye,0,0,0.000000,0.000000,0.000000,2.000000,657.839355,219.063004,,,,0.025000,
MP_R_DudukBerdiri_1,movenet,106,3.528938,ok,1,direct,0.517445,2,right_eye,0,0,0.000000,0.000000,0.000000,2.000000,635.156921,218.498993,,,,0.025000,
MP_R_DudukBerdiri_1,movenet,106,3.528938,ok,1,direct,0.517445,3,left_ear,0,0,0.000000,0.000000,0.000000,2.000000,651.587158,224.219498,,,,0.035000,
MP_R_DudukBerdiri_1,movenet,106,3.528938,ok,1,direct,0.517445,4,right_ear,0,0,0.000000,0.000000,0.000000,2.000000,594.278259,223.624451,,,,0.035000,
MP_R_DudukBerdiri_1,movenet,106,3.528938,ok,1,direct,0.517445,5,left_shoulder,1,1,2.000000,659.230000,297.210000,2.000000,683.624512,274.407928,33.392015,44.827946,1,0.079000,0.168954
MP_R_DudukBerdiri_1,movenet,106,3.528938,ok,1,direct,0.517445,6,right_shoulder,1,1,2.000000,546.910000,295.070000,2.000000,554.638611,279.871948,17.050285,44.827946,1,0.079000,0.629016
MP_R_DudukBerdiri_1,movenet,106,3.528938,ok,1,direct,0.517445,7,left_elbow,1,1,2.000000,671.830000,372.020000,2.000000,705.990051,353.067078,39.065616,44.827946,1,0.072000,0.053401
MP_R_DudukBerdiri_1,movenet,106,3.528938,ok,1,direct,0.517445,8,right_elbow,1,1,2.000000,528.970000,380.460000,2.000000,528.711792,365.726318,14.735944,44.827946,1,0.072000,0.659092
MP_R_DudukBerdiri_1,movenet,106,3.528938,ok,1,direct,0.517445,9,left_wrist,1,1,2.000000,693.730000,425.040000,2.000000,712.844543,416.945282,20.757896,44.827946,1,0.062000,0.327713
MP_R_DudukBerdiri_1,movenet,106,3.528938,ok,1,direct,0.517445,10,right_wrist,1,1,2.000000,562.250000,443.350000,2.000000,555.791504,439.509552,7.514068,44.827946,1,0.062000,0.863999
MP_R_DudukBerdiri_1,movenet,106,3.528938,ok,1,direct,0.517445,11,left_hip,1,1,2.000000,611.670000,429.500000,2.000000,658.661865,395.582886,57.953482,44.827946,0,0.107000,0.053955
MP_R_DudukBerdiri_1,movenet,106,3.528938,ok,1,direct,0.517445,12,right_hip,1,1,2.000000,541.610000,427.450000,2.000000,581.694214,395.029694,51.554054,44.827946,0,0.107000,0.099220
MP_R_DudukBerdiri_1,movenet,106,3.528938,ok,1,direct,0.517445,13,left_knee,1,1,2.000000,693.110000,469.440000,2.000000,695.513428,521.263000,51.878703,44.827946,0,0.087000,0.029044
MP_R_DudukBerdiri_1,movenet,106,3.528938,ok,1,direct,0.517445,14,right_knee,1,0,0.000000,578.330000,483.760000,2.000000,589.961670,530.784851,,,,0.087000,
MP_R_DudukBerdiri_1,movenet,106,3.528938,ok,1,direct,0.517445,15,left_ankle,1,1,2.000000,667.320000,599.990000,2.000000,684.473206,634.798828,38.805760,44.827946,1,0.089000,0.150755
MP_R_DudukBerdiri_1,movenet,106,3.528938,ok,1,direct,0.517445,16,right_ankle,1,0,0.000000,571.470000,601.770000,2.000000,525.090271,647.755554,,,,0.089000,
MP_R_DudukBerdiri_1,movenet,107,3.562229,ok,1,direct,0.530677,0,nose,0,0,0.000000,0.000000,0.000000,2.000000,645.396851,228.842270,,,,0.026000,
MP_R_DudukBerdiri_1,movenet,107,3.562229,ok,1,direct,0.530677,1,left_eye,0,0,0.000000,0.000000,0.000000,2.000000,655.277649,218.217468,,,,0.025000,
MP_R_DudukBerdiri_1,movenet,107,3.562229,ok,1,direct,0.530677,2,right_eye,0,0,0.000000,0.000000,0.000000,2.000000,625.574707,218.070007,,,,0.025000,
MP_R_DudukBerdiri_1,movenet,107,3.562229,ok,1,direct,0.530677,3,left_ear,0,0,0.000000,0.000000,0.000000,2.000000,657.627197,224.068054,,,,0.035000,
MP_R_DudukBerdiri_1,movenet,107,3.562229,ok,1,direct,0.530677,4,right_ear,0,0,0.000000,0.000000,0.000000,2.000000,584.695557,224.200760,,,,0.035000,
MP_R_DudukBerdiri_1,movenet,107,3.562229,ok,1,direct,0.530677,5,left_shoulder,1,1,2.000000,657.040000,297.760000,2.000000,687.943970,275.451996,38.114333,44.691304,1,0.079000,0.097217
MP_R_DudukBerdiri_1,movenet,107,3.562229,ok,1,direct,0.530677,6,right_shoulder,1,1,2.000000,544.470000,296.170000,2.000000,555.115845,279.443176,19.827270,44.691304,1,0.079000,0.532194
MP_R_DudukBerdiri_1,movenet,107,3.562229,ok,1,direct,0.530677,7,left_elbow,1,1,2.000000,670.490000,369.750000,2.000000,707.390076,356.056244,39.359047,44.691304,1,0.072000,0.050171
MP_R_DudukBerdiri_1,movenet,107,3.562229,ok,1,direct,0.530677,8,right_elbow,1,1,2.000000,529.320000,380.460000,2.000000,527.277100,367.416443,13.202569,44.691304,1,0.072000,0.714127
MP_R_DudukBerdiri_1,movenet,107,3.562229,ok,1,direct,0.530677,9,left_wrist,1,1,2.000000,693.670000,425.720000,2.000000,713.038818,419.850311,20.238685,44.691304,1,0.062000,0.344038
MP_R_DudukBerdiri_1,movenet,107,3.562229,ok,1,direct,0.530677,10,right_wrist,1,1,2.000000,562.250000,443.350000,2.000000,559.077087,440.651459,4.165273,44.691304,1,0.062000,0.955811
MP_R_DudukBerdiri_1,movenet,107,3.562229,ok,1,direct,0.530677,11,left_hip,1,1,2.000000,611.670000,429.500000,2.000000,658.557800,399.276337,55.784726,44.691304,0,0.107000,0.065760
MP_R_DudukBerdiri_1,movenet,107,3.562229,ok,1,direct,0.530677,12,right_hip,1,1,2.000000,541.610000,427.450000,2.000000,578.638245,398.111237,47.242501,44.691304,0,0.107000,0.141988
MP_R_DudukBerdiri_1,movenet,107,3.562229,ok,1,direct,0.530677,13,left_knee,1,1,2.000000,693.110000,469.440000,2.000000,691.368286,526.585632,57.172169,44.691304,0,0.087000,0.013243
MP_R_DudukBerdiri_1,movenet,107,3.562229,ok,1,direct,0.530677,14,right_knee,1,0,0.000000,578.330000,483.760000,2.000000,589.226196,532.122681,,,,0.087000,
MP_R_DudukBerdiri_1,movenet,107,3.562229,ok,1,direct,0.530677,15,left_ankle,1,1,2.000000,667.320000,599.990000,2.000000,682.034668,634.830322,37.820226,44.691304,1,0.089000,0.163945
MP_R_DudukBerdiri_1,movenet,107,3.562229,ok,1,direct,0.530677,16,right_ankle,1,0,0.000000,571.470000,601.770000,2.000000,520.785706,647.701416,,,,0.089000,
MP_R_DudukBerdiri_1,movenet,108,3.595521,ok,1,direct,0.454517,0,nose,0,0,0.000000,0.000000,0.000000,2.000000,650.790771,226.284393,,,,0.026000,
MP_R_DudukBerdiri_1,movenet,108,3.595521,ok,1,direct,0.454517,1,left_eye,0,0,0.000000,0.000000,0.000000,2.000000,659.486084,216.947617,,,,0.025000,
MP_R_DudukBerdiri_1,movenet,108,3.595521,ok,1,direct,0.454517,2,right_eye,0,0,0.000000,0.000000,0.000000,2.000000,632.942810,215.871719,,,,0.025000,
MP_R_DudukBerdiri_1,movenet,108,3.595521,ok,1,direct,0.454517,3,left_ear,0,0,0.000000,0.000000,0.000000,2.000000,655.790039,222.071365,,,,0.035000,
MP_R_DudukBerdiri_1,movenet,108,3.595521,ok,1,direct,0.454517,4,right_ear,0,0,0.000000,0.000000,0.000000,2.000000,590.143982,222.254807,,,,0.035000,
MP_R_DudukBerdiri_1,movenet,108,3.595521,ok,1,direct,0.454517,5,left_shoulder,1,1,2.000000,654.860000,298.300000,2.000000,678.582031,275.130737,33.159456,44.553289,1,0.079000,0.169461
MP_R_DudukBerdiri_1,movenet,108,3.595521,ok,1,direct,0.454517,6,right_shoulder,1,1,2.000000,542.030000,297.270000,2.000000,555.313049,282.859894,19.598228,44.553289,1,0.079000,0.537900
MP_R_DudukBerdiri_1,movenet,108,3.595521,ok,1,direct,0.454517,7,left_elbow,1,1,2.000000,669.150000,367.480000,2.000000,705.425354,358.506866,37.368683,44.553289,1,0.072000,0.066267
MP_R_DudukBerdiri_1,movenet,108,3.595521,ok,1,direct,0.454517,8,right_elbow,1,1,2.000000,529.680000,380.460000,2.000000,530.654114,370.300140,10.206451,44.553289,1,0.072000,0.816713
MP_R_DudukBerdiri_1,movenet,108,3.595521,ok,1,direct,0.454517,9,left_wrist,1,1,2.000000,693.610000,426.410000,2.000000,713.616882,421.697632,20.554361,44.553289,1,0.062000,0.330425
MP_R_DudukBerdiri_1,movenet,108,3.595521,ok,1,direct,0.454517,10,right_wrist,1,1,2.000000,562.250000,443.350000,0.000000,580.607971,441.328735,,44.553289,0,0.062000,0.000000
MP_R_DudukBerdiri_1,movenet,108,3.595521,ok,1,direct,0.454517,11,left_hip,1,1,2.000000,611.670000,429.500000,2.000000,654.616821,408.203766,47.937032,44.553289,0,0.107000,0.132351
MP_R_DudukBerdiri_1,movenet,108,3.595521,ok,1,direct,0.454517,12,right_hip,1,1,2.000000,541.610000,427.450000,2.000000,584.970215,406.828583,48.014072,44.553289,0,0.107000,0.131493
MP_R_DudukBerdiri_1,movenet,108,3.595521,ok,1,direct,0.454517,13,left_knee,1,1,2.000000,693.110000,469.440000,2.000000,690.286743,530.171570,60.797157,44.553289,0,0.087000,0.007296
MP_R_DudukBerdiri_1,movenet,108,3.595521,ok,1,direct,0.454517,14,right_knee,1,0,0.000000,578.330000,483.760000,2.000000,586.304688,535.349854,,,,0.087000,
MP_R_DudukBerdiri_1,movenet,108,3.595521,ok,1,direct,0.454517,15,left_ankle,1,1,2.000000,667.320000,599.990000,2.000000,679.803833,639.347900,41.290319,44.553289,1,0.089000,0.114333
MP_R_DudukBerdiri_1,movenet,108,3.595521,ok,1,direct,0.454517,16,right_ankle,1,0,0.000000,571.470000,601.770000,2.000000,526.390381,651.546021,,,,0.089000,
MP_R_DudukBerdiri_1,movenet,109,3.628813,ok,1,direct,0.470401,0,nose,0,0,0.000000,0.000000,0.000000,2.000000,659.517517,225.974991,,,,0.026000,
MP_R_DudukBerdiri_1,movenet,109,3.628813,ok,1,direct,0.470401,1,left_eye,0,0,0.000000,0.000000,0.000000,2.000000,660.712646,216.147644,,,,0.025000,
MP_R_DudukBerdiri_1,movenet,109,3.628813,ok,1,direct,0.470401,2,right_eye,0,0,0.000000,0.000000,0.000000,2.000000,641.023804,214.973434,,,,0.025000,
MP_R_DudukBerdiri_1,movenet,109,3.628813,ok,1,direct,0.470401,3,left_ear,0,0,0.000000,0.000000,0.000000,2.000000,642.522827,219.611633,,,,0.035000,
MP_R_DudukBerdiri_1,movenet,109,3.628813,ok,1,direct,0.470401,4,right_ear,0,0,0.000000,0.000000,0.000000,2.000000,595.475525,220.287643,,,,0.035000,
MP_R_DudukBerdiri_1,movenet,109,3.628813,ok,1,direct,0.470401,5,left_shoulder,1,1,2.000000,652.670000,298.850000,2.000000,678.306885,275.002930,35.013321,44.415261,1,0.079000,0.136492
MP_R_DudukBerdiri_1,movenet,109,3.628813,ok,1,direct,0.470401,6,right_shoulder,1,1,2.000000,539.590000,298.370000,2.000000,552.097900,281.360748,21.113082,44.415261,1,0.079000,0.484748
MP_R_DudukBerdiri_1,movenet,109,3.628813,ok,1,direct,0.470401,7,left_elbow,1,1,2.000000,667.810000,365.210000,2.000000,704.230042,358.741699,36.989976,44.415261,1,0.072000,0.068845
MP_R_DudukBerdiri_1,movenet,109,3.628813,ok,1,direct,0.470401,8,right_elbow,1,1,2.000000,530.030000,380.460000,2.000000,530.312439,368.915649,11.547805,44.415261,1,0.072000,0.770439
MP_R_DudukBerdiri_1,movenet,109,3.628813,ok,1,direct,0.470401,9,left_wrist,1,1,2.000000,693.540000,427.090000,2.000000,711.392456,422.041138,18.552660,44.415261,1,0.062000,0.403407
MP_R_DudukBerdiri_1,movenet,109,3.628813,ok,1,direct,0.470401,10,right_wrist,1,1,2.000000,562.250000,443.350000,2.000000,563.482483,441.360077,2.340685,44.415261,1,0.062000,0.985654
MP_R_DudukBerdiri_1,movenet,109,3.628813,ok,1,direct,0.470401,11,left_hip,1,1,2.000000,611.670000,429.500000,2.000000,658.971924,405.911133,52.857418,44.415261,0,0.107000,0.084242
MP_R_DudukBerdiri_1,movenet,109,3.628813,ok,1,direct,0.470401,12,right_hip,1,1,2.000000,541.610000,427.450000,2.000000,582.546265,406.116821,46.161480,44.415261,0,0.107000,0.151535
MP_R_DudukBerdiri_1,movenet,109,3.628813,ok,1,direct,0.470401,13,left_knee,1,1,2.000000,693.110000,469.440000,2.000000,689.842896,531.602844,62.248640,44.415261,0,0.087000,0.005571
MP_R_DudukBerdiri_1,movenet,109,3.628813,ok,1,direct,0.470401,14,right_knee,1,0,0.000000,578.330000,483.760000,2.000000,585.845398,537.141602,,,,0.087000,
MP_R_DudukBerdiri_1,movenet,109,3.628813,ok,1,direct,0.470401,15,left_ankle,1,1,2.000000,667.320000,599.990000,2.000000,676.804260,642.160278,43.223646,44.415261,1,0.089000,0.091514
MP_R_DudukBerdiri_1,movenet,109,3.628813,ok,1,direct,0.470401,16,right_ankle,1,0,0.000000,571.470000,601.770000,2.000000,522.533936,653.148132,,,,0.089000,
MP_R_DudukBerdiri_1,movenet,110,3.662105,ok,1,direct,0.455631,0,nose,0,0,0.000000,0.000000,0.000000,2.000000,662.678711,222.860611,,,,0.026000,
MP_R_DudukBerdiri_1,movenet,110,3.662105,ok,1,direct,0.455631,1,left_eye,0,0,0.000000,0.000000,0.000000,2.000000,660.946045,214.291534,,,,0.025000,
MP_R_DudukBerdiri_1,movenet,110,3.662105,ok,1,direct,0.455631,2,right_eye,0,0,0.000000,0.000000,0.000000,2.000000,647.988892,212.548599,,,,0.025000,
MP_R_DudukBerdiri_1,movenet,110,3.662105,ok,1,direct,0.455631,3,left_ear,0,0,0.000000,0.000000,0.000000,2.000000,637.783386,218.567291,,,,0.035000,
MP_R_DudukBerdiri_1,movenet,110,3.662105,ok,1,direct,0.455631,4,right_ear,0,0,0.000000,0.000000,0.000000,2.000000,597.794739,217.479858,,,,0.035000,
MP_R_DudukBerdiri_1,movenet,110,3.662105,ok,1,direct,0.455631,5,left_shoulder,1,1,2.000000,651.500000,299.210000,2.000000,680.403931,276.803650,36.571597,44.367004,1,0.079000,0.113333
MP_R_DudukBerdiri_1,movenet,110,3.662105,ok,1,direct,0.455631,6,right_shoulder,1,1,2.000000,538.880000,298.250000,2.000000,551.769287,283.126953,19.870588,44.367004,1,0.079000,0.525817
MP_R_DudukBerdiri_1,movenet,110,3.662105,ok,1,direct,0.455631,7,left_elbow,1,1,2.000000,666.820000,365.120000,2.000000,696.793335,358.773621,30.637842,44.367004,1,0.072000,0.158856
MP_R_DudukBerdiri_1,movenet,110,3.662105,ok,1,direct,0.455631,8,right_elbow,1,1,2.000000,530.390000,380.460000,2.000000,532.969360,369.303436,11.450852,44.367004,1,0.072000,0.773374
MP_R_DudukBerdiri_1,movenet,110,3.662105,ok,1,direct,0.455631,9,left_wrist,1,1,2.000000,693.480000,427.780000,2.000000,702.473694,422.735535,10.311797,44.367004,1,0.062000,0.754985
MP_R_DudukBerdiri_1,movenet,110,3.662105,ok,1,direct,0.455631,10,right_wrist,1,1,2.000000,562.250000,443.350000,2.000000,566.700684,441.523438,4.810916,44.367004,1,0.062000,0.940658
MP_R_DudukBerdiri_1,movenet,110,3.662105,ok,1,direct,0.455631,11,left_hip,1,1,2.000000,611.670000,429.500000,2.000000,652.589172,410.794037,44.992130,44.367004,0,0.107000,0.165887
MP_R_DudukBerdiri_1,movenet,110,3.662105,ok,1,direct,0.455631,12,right_hip,1,1,2.000000,541.610000,427.450000,2.000000,580.542603,410.766998,42.356465,44.367004,1,0.107000,0.203489
MP_R_DudukBerdiri_1,movenet,110,3.662105,ok,1,direct,0.455631,13,left_knee,1,1,2.000000,693.110000,469.440000,2.000000,694.308960,530.115112,60.686957,44.367004,0,0.087000,0.007127
MP_R_DudukBerdiri_1,movenet,110,3.662105,ok,1,direct,0.455631,14,right_knee,1,0,0.000000,578.330000,483.760000,2.000000,586.866455,537.649719,,,,0.087000,
MP_R_DudukBerdiri_1,movenet,110,3.662105,ok,1,direct,0.455631,15,left_ankle,1,1,2.000000,667.320000,599.990000,2.000000,678.980042,640.584839,42.236211,44.367004,1,0.089000,0.101446
MP_R_DudukBerdiri_1,movenet,110,3.662105,ok,1,direct,0.455631,16,right_ankle,1,0,0.000000,571.470000,601.770000,2.000000,521.459473,654.068359,,,,0.089000,
MP_R_DudukBerdiri_1,movenet,111,3.695397,ok,1,direct,0.443432,0,nose,0,0,0.000000,0.000000,0.000000,2.000000,657.055176,223.904922,,,,0.026000,
MP_R_DudukBerdiri_1,movenet,111,3.695397,ok,1,direct,0.443432,1,left_eye,0,0,0.000000,0.000000,0.000000,2.000000,660.155273,215.467133,,,,0.025000,
MP_R_DudukBerdiri_1,movenet,111,3.695397,ok,1,direct,0.443432,2,right_eye,0,0,0.000000,0.000000,0.000000,2.000000,640.881897,214.183212,,,,0.025000,
MP_R_DudukBerdiri_1,movenet,111,3.695397,ok,1,direct,0.443432,3,left_ear,0,0,0.000000,0.000000,0.000000,2.000000,642.241821,218.666107,,,,0.035000,
MP_R_DudukBerdiri_1,movenet,111,3.695397,ok,1,direct,0.443432,4,right_ear,0,0,0.000000,0.000000,0.000000,2.000000,595.376465,217.396835,,,,0.035000,
MP_R_DudukBerdiri_1,movenet,111,3.695397,ok,1,direct,0.443432,5,left_shoulder,1,1,2.000000,650.320000,299.570000,2.000000,680.692993,274.788269,39.200165,44.318649,1,0.079000,0.081501
MP_R_DudukBerdiri_1,movenet,111,3.695397,ok,1,direct,0.443432,6,right_shoulder,1,1,2.000000,538.170000,298.130000,2.000000,548.537292,283.435883,17.983266,44.318649,1,0.079000,0.589994
MP_R_DudukBerdiri_1,movenet,111,3.695397,ok,1,direct,0.443432,7,left_elbow,1,1,2.000000,665.820000,365.030000,2.000000,698.753662,356.963074,33.907247,44.318649,1,0.072000,0.104531
MP_R_DudukBerdiri_1,movenet,111,3.695397,ok,1,direct,0.443432,8,right_elbow,1,1,2.000000,530.740000,380.460000,2.000000,533.677917,370.147125,10.723187,44.318649,1,0.072000,0.797830
MP_R_DudukBerdiri_1,movenet,111,3.695397,ok,1,direct,0.443432,9,left_wrist,1,1,2.000000,693.410000,428.460000,2.000000,709.373291,420.599731,17.793552,44.318649,1,0.062000,0.432279
MP_R_DudukBerdiri_1,movenet,111,3.695397,ok,1,direct,0.443432,10,right_wrist,1,1,2.000000,562.250000,443.350000,0.000000,581.969055,438.151428,,44.318649,0,0.062000,0.000000
MP_R_DudukBerdiri_1,movenet,111,3.695397,ok,1,direct,0.443432,11,left_hip,1,1,2.000000,611.670000,429.500000,2.000000,651.453125,411.121674,43.823052,44.318649,1,0.107000,0.181223
MP_R_DudukBerdiri_1,movenet,111,3.695397,ok,1,direct,0.443432,12,right_hip,1,1,2.000000,541.610000,427.450000,2.000000,576.306519,411.226685,38.302015,44.318649,1,0.107000,0.271236
MP_R_DudukBerdiri_1,movenet,111,3.695397,ok,1,direct,0.443432,13,left_knee,1,1,2.000000,693.110000,469.440000,2.000000,691.179077,529.870239,60.461081,44.318649,0,0.087000,0.007315
MP_R_DudukBerdiri_1,movenet,111,3.695397,ok,1,direct,0.443432,14,right_knee,1,0,0.000000,578.330000,483.760000,2.000000,585.064758,535.807373,,,,0.087000,
MP_R_DudukBerdiri_1,movenet,111,3.695397,ok,1,direct,0.443432,15,left_ankle,1,1,2.000000,667.320000,599.990000,2.000000,679.927490,640.132324,42.075587,44.318649,1,0.089000,0.102713
MP_R_DudukBerdiri_1,movenet,111,3.695397,ok,1,direct,0.443432,16,right_ankle,1,0,0.000000,571.470000,601.770000,2.000000,521.870667,651.965515,,,,0.089000,
MP_R_DudukBerdiri_1,movenet,112,3.728689,ok,1,direct,0.427450,0,nose,0,0,0.000000,0.000000,0.000000,2.000000,661.237244,224.439423,,,,0.026000,
MP_R_DudukBerdiri_1,movenet,112,3.728689,ok,1,direct,0.427450,1,left_eye,0,0,0.000000,0.000000,0.000000,2.000000,661.984497,215.536499,,,,0.025000,
MP_R_DudukBerdiri_1,movenet,112,3.728689,ok,1,direct,0.427450,2,right_eye,0,0,0.000000,0.000000,0.000000,2.000000,643.973083,214.270416,,,,0.025000,
MP_R_DudukBerdiri_1,movenet,112,3.728689,ok,1,direct,0.427450,3,left_ear,0,0,0.000000,0.000000,0.000000,2.000000,639.688171,219.531891,,,,0.035000,
MP_R_DudukBerdiri_1,movenet,112,3.728689,ok,1,direct,0.427450,4,right_ear,0,0,0.000000,0.000000,0.000000,2.000000,593.013123,218.066376,,,,0.035000,
MP_R_DudukBerdiri_1,movenet,112,3.728689,ok,1,direct,0.427450,5,left_shoulder,1,1,2.000000,649.150000,299.930000,2.000000,675.475952,273.711884,37.154345,44.270195,1,0.079000,0.104642
MP_R_DudukBerdiri_1,movenet,112,3.728689,ok,1,direct,0.427450,6,right_shoulder,1,1,2.000000,537.470000,298.010000,2.000000,545.935730,284.856903,15.642012,44.270195,1,0.079000,0.670272
MP_R_DudukBerdiri_1,movenet,112,3.728689,ok,1,direct,0.427450,7,left_elbow,1,1,2.000000,664.830000,364.940000,2.000000,702.443542,355.793793,38.709581,44.270195,1,0.072000,0.052355
MP_R_DudukBerdiri_1,movenet,112,3.728689,ok,1,direct,0.427450,8,right_elbow,1,1,2.000000,531.100000,380.460000,2.000000,533.047974,370.749176,9.904277,44.270195,1,0.072000,0.824398
MP_R_DudukBerdiri_1,movenet,112,3.728689,ok,1,direct,0.427450,9,left_wrist,1,1,2.000000,693.350000,429.150000,2.000000,710.151367,419.946869,19.156815,44.270195,1,0.062000,0.377475
MP_R_DudukBerdiri_1,movenet,112,3.728689,ok,1,direct,0.427450,10,right_wrist,1,1,2.000000,562.250000,443.350000,2.000000,584.503357,437.641144,22.973962,44.270195,1,0.062000,0.246305
MP_R_DudukBerdiri_1,movenet,112,3.728689,ok,1,direct,0.427450,11,left_hip,1,1,2.000000,611.670000,429.500000,2.000000,652.845337,418.687164,42.571420,44.270195,1,0.107000,0.198814
MP_R_DudukBerdiri_1,movenet,112,3.728689,ok,1,direct,0.427450,12,right_hip,1,1,2.000000,541.610000,427.450000,2.000000,576.521912,419.757202,35.749416,44.270195,1,0.107000,0.320094
MP_R_DudukBerdiri_1,movenet,112,3.728689,ok,1,direct,0.427450,13,left_knee,1,1,2.000000,693.110000,469.440000,2.000000,694.161438,530.658813,61.227842,44.270195,0,0.087000,0.006381
MP_R_DudukBerdiri_1,movenet,112,3.728689,ok,1,direct,0.427450,14,right_knee,1,0,0.000000,578.330000,483.760000,2.000000,586.576416,536.441101,,,,0.087000,
MP_R_DudukBerdiri_1,movenet,112,3.728689,ok,1,direct,0.427450,15,left_ankle,1,1,2.000000,667.320000,599.990000,2.000000,680.929871,640.094360,42.350777,44.270195,1,0.089000,0.099188
MP_R_DudukBerdiri_1,movenet,112,3.728689,ok,1,direct,0.427450,16,right_ankle,1,0,0.000000,571.470000,601.770000,2.000000,527.218506,651.758362,,,,0.089000,
MP_R_DudukBerdiri_1,movenet,113,3.761981,ok,1,direct,0.422820,0,nose,0,0,0.000000,0.000000,0.000000,2.000000,662.098083,223.421707,,,,0.026000,
MP_R_DudukBerdiri_1,movenet,113,3.761981,ok,1,direct,0.422820,1,left_eye,0,0,0.000000,0.000000,0.000000,2.000000,663.077698,214.899857,,,,0.025000,
MP_R_DudukBerdiri_1,movenet,113,3.761981,ok,1,direct,0.422820,2,right_eye,0,0,0.000000,0.000000,0.000000,2.000000,643.757935,213.267059,,,,0.025000,
MP_R_DudukBerdiri_1,movenet,113,3.761981,ok,1,direct,0.422820,3,left_ear,0,0,0.000000,0.000000,0.000000,2.000000,638.761169,219.020844,,,,0.035000,
MP_R_DudukBerdiri_1,movenet,113,3.761981,ok,1,direct,0.422820,4,right_ear,0,0,0.000000,0.000000,0.000000,2.000000,591.599609,216.197632,,,,0.035000,
MP_R_DudukBerdiri_1,movenet,113,3.761981,ok,1,direct,0.422820,5,left_shoulder,1,1,2.000000,647.970000,300.300000,2.000000,673.031250,274.170197,36.205426,44.248918,1,0.079000,0.117016
MP_R_DudukBerdiri_1,movenet,113,3.761981,ok,1,direct,0.422820,6,right_shoulder,1,1,2.000000,536.200000,298.170000,2.000000,545.391235,284.286713,16.650059,44.248918,1,0.079000,0.635251
MP_R_DudukBerdiri_1,movenet,113,3.761981,ok,1,direct,0.422820,7,left_elbow,1,1,2.000000,663.830000,364.850000,2.000000,694.376770,360.136078,30.908352,44.248918,1,0.072000,0.152225
MP_R_DudukBerdiri_1,movenet,113,3.761981,ok,1,direct,0.422820,8,right_elbow,1,1,2.000000,531.100000,380.460000,2.000000,533.742126,372.056885,8.808699,44.248918,1,0.072000,0.858223
MP_R_DudukBerdiri_1,movenet,113,3.761981,ok,1,direct,0.422820,9,left_wrist,1,1,2.000000,693.280000,429.830000,2.000000,706.888306,427.494415,13.807278,44.248918,1,0.062000,0.602546
MP_R_DudukBerdiri_1,movenet,113,3.761981,ok,1,direct,0.422820,10,right_wrist,1,1,2.000000,562.250000,443.350000,2.000000,587.017456,440.373047,24.945724,44.248918,1,0.062000,0.191358
MP_R_DudukBerdiri_1,movenet,113,3.761981,ok,1,direct,0.422820,11,left_hip,1,1,2.000000,611.670000,429.500000,2.000000,653.207153,418.681702,42.922846,44.248918,1,0.107000,0.193255
MP_R_DudukBerdiri_1,movenet,113,3.761981,ok,1,direct,0.422820,12,right_hip,1,1,2.000000,541.610000,427.450000,2.000000,575.823242,420.571411,34.897864,44.248918,1,0.107000,0.337374
MP_R_DudukBerdiri_1,movenet,113,3.761981,ok,1,direct,0.422820,13,left_knee,1,1,2.000000,693.110000,469.440000,2.000000,695.770386,531.843872,62.460555,44.248918,0,0.087000,0.005169
MP_R_DudukBerdiri_1,movenet,113,3.761981,ok,1,direct,0.422820,14,right_knee,1,0,0.000000,578.330000,483.760000,2.000000,584.323975,536.332947,,,,0.087000,
MP_R_DudukBerdiri_1,movenet,113,3.761981,ok,1,direct,0.422820,15,left_ankle,1,1,2.000000,667.320000,599.990000,2.000000,693.051636,646.262146,52.945525,44.248918,0,0.089000,0.026918
MP_R_DudukBerdiri_1,movenet,113,3.761981,ok,1,direct,0.422820,16,right_ankle,1,0,0.000000,571.470000,601.770000,2.000000,527.896912,657.402161,,,,0.089000,
MP_R_DudukBerdiri_1,movenet,114,3.795273,ok,1,direct,0.425300,0,nose,0,0,0.000000,0.000000,0.000000,2.000000,662.421570,224.433060,,,,0.026000,
MP_R_DudukBerdiri_1,movenet,114,3.795273,ok,1,direct,0.425300,1,left_eye,0,0,0.000000,0.000000,0.000000,2.000000,663.856873,216.065414,,,,0.025000,
MP_R_DudukBerdiri_1,movenet,114,3.795273,ok,1,direct,0.425300,2,right_eye,0,0,0.000000,0.000000,0.000000,2.000000,644.396851,214.866364,,,,0.025000,
MP_R_DudukBerdiri_1,movenet,114,3.795273,ok,1,direct,0.425300,3,left_ear,0,0,0.000000,0.000000,0.000000,2.000000,641.386169,219.479858,,,,0.035000,
MP_R_DudukBerdiri_1,movenet,114,3.795273,ok,1,direct,0.425300,4,right_ear,0,0,0.000000,0.000000,0.000000,2.000000,598.503845,219.875839,,,,0.035000,
MP_R_DudukBerdiri_1,movenet,114,3.795273,ok,1,direct,0.425300,5,left_shoulder,1,1,2.000000,646.800000,300.660000,2.000000,673.224548,274.810242,36.965751,44.229004,1,0.079000,0.106616
MP_R_DudukBerdiri_1,movenet,114,3.795273,ok,1,direct,0.425300,6,right_shoulder,1,1,2.000000,534.940000,298.330000,2.000000,541.901367,284.263916,15.694437,44.229004,1,0.079000,0.667972
MP_R_DudukBerdiri_1,movenet,114,3.795273,ok,1,direct,0.425300,7,left_elbow,1,1,2.000000,662.840000,364.760000,2.000000,696.612305,357.072571,34.636182,44.229004,1,0.072000,0.093857
MP_R_DudukBerdiri_1,movenet,114,3.795273,ok,1,direct,0.425300,8,right_elbow,1,1,2.000000,531.100000,380.460000,2.000000,531.640686,372.560669,7.917814,44.229004,1,0.072000,0.883697
MP_R_DudukBerdiri_1,movenet,114,3.795273,ok,1,direct,0.425300,9,left_wrist,1,1,2.000000,693.220000,430.520000,2.000000,706.053162,425.263092,13.868133,44.229004,1,0.062000,0.599579
MP_R_DudukBerdiri_1,movenet,114,3.795273,ok,1,direct,0.425300,10,right_wrist,1,1,2.000000,562.250000,443.350000,2.000000,574.960571,438.590302,13.572522,44.229004,1,0.062000,0.612656
MP_R_DudukBerdiri_1,movenet,114,3.795273,ok,1,direct,0.425300,11,left_hip,1,1,2.000000,611.670000,429.500000,2.000000,649.777954,421.772736,38.883503,44.229004,1,0.107000,0.259204
MP_R_DudukBerdiri_1,movenet,114,3.795273,ok,1,direct,0.425300,12,right_hip,1,1,2.000000,541.610000,427.450000,2.000000,570.908447,422.555115,29.704527,44.229004,1,0.107000,0.454780
MP_R_DudukBerdiri_1,movenet,114,3.795273,ok,1,direct,0.425300,13,left_knee,1,1,2.000000,693.110000,469.440000,2.000000,689.454346,530.344238,61.013851,44.229004,0,0.087000,0.006549
MP_R_DudukBerdiri_1,movenet,114,3.795273,ok,1,direct,0.425300,14,right_knee,1,0,0.000000,578.330000,483.760000,2.000000,579.095764,533.520264,,,,0.087000,
MP_R_DudukBerdiri_1,movenet,114,3.795273,ok,1,direct,0.425300,15,left_ankle,1,1,2.000000,667.320000,599.990000,2.000000,691.194702,636.594910,43.702641,44.229004,1,0.089000,0.084992
MP_R_DudukBerdiri_1,movenet,114,3.795273,ok,1,direct,0.425300,16,right_ankle,1,0,0.000000,571.470000,601.770000,2.000000,526.814087,652.273010,,,,0.089000,
MP_R_DudukBerdiri_1,movenet,115,3.828564,ok,1,direct,0.419747,0,nose,0,0,0.000000,0.000000,0.000000,2.000000,662.307434,224.199203,,,,0.026000,
MP_R_DudukBerdiri_1,movenet,115,3.828564,ok,1,direct,0.419747,1,left_eye,0,0,0.000000,0.000000,0.000000,2.000000,662.925537,215.199677,,,,0.025000,
MP_R_DudukBerdiri_1,movenet,115,3.828564,ok,1,direct,0.419747,2,right_eye,0,0,0.000000,0.000000,0.000000,2.000000,643.961731,214.163956,,,,0.025000,
MP_R_DudukBerdiri_1,movenet,115,3.828564,ok,1,direct,0.419747,3,left_ear,0,0,0.000000,0.000000,0.000000,2.000000,637.661621,220.793930,,,,0.035000,
MP_R_DudukBerdiri_1,movenet,115,3.828564,ok,1,direct,0.419747,4,right_ear,0,0,0.000000,0.000000,0.000000,2.000000,597.237488,219.979080,,,,0.035000,
MP_R_DudukBerdiri_1,movenet,115,3.828564,ok,1,direct,0.419747,5,left_shoulder,1,1,2.000000,645.620000,301.020000,2.000000,671.452148,270.862091,39.708933,44.207726,1,0.079000,0.075353
MP_R_DudukBerdiri_1,movenet,115,3.828564,ok,1,direct,0.419747,6,right_shoulder,1,1,2.000000,533.670000,298.490000,2.000000,540.362183,282.800354,17.057265,44.207726,1,0.079000,0.620588
MP_R_DudukBerdiri_1,movenet,115,3.828564,ok,1,direct,0.419747,7,left_elbow,1,1,2.000000,661.850000,364.670000,2.000000,690.605347,357.628082,29.605043,44.207726,1,0.072000,0.177246
MP_R_DudukBerdiri_1,movenet,115,3.828564,ok,1,direct,0.419747,8,right_elbow,1,1,2.000000,531.100000,380.460000,2.000000,536.554321,373.508148,8.836168,44.207726,1,0.072000,0.857158
MP_R_DudukBerdiri_1,movenet,115,3.828564,ok,1,direct,0.419747,9,left_wrist,1,1,2.000000,693.150000,431.200000,2.000000,706.865112,426.748383,14.419473,44.207726,1,0.062000,0.574911
MP_R_DudukBerdiri_1,movenet,115,3.828564,ok,1,direct,0.419747,10,right_wrist,1,1,2.000000,562.250000,443.350000,2.000000,578.099060,439.490082,16.312317,44.207726,1,0.062000,0.492429
MP_R_DudukBerdiri_1,movenet,115,3.828564,ok,1,direct,0.419747,11,left_hip,1,1,2.000000,611.670000,429.500000,2.000000,649.848572,419.779022,39.396710,44.207726,1,0.107000,0.249736
MP_R_DudukBerdiri_1,movenet,115,3.828564,ok,1,direct,0.419747,12,right_hip,1,1,2.000000,541.610000,427.450000,2.000000,571.504456,420.818909,30.621069,44.207726,1,0.107000,0.432522
MP_R_DudukBerdiri_1,movenet,115,3.828564,ok,1,direct,0.419747,13,left_knee,1,1,2.000000,693.110000,469.440000,2.000000,691.132080,527.899475,58.492926,44.207726,0,0.087000,0.009794
MP_R_DudukBerdiri_1,movenet,115,3.828564,ok,1,direct,0.419747,14,right_knee,1,0,0.000000,578.330000,483.760000,2.000000,578.843445,532.610352,,,,0.087000,
MP_R_DudukBerdiri_1,movenet,115,3.828564,ok,1,direct,0.419747,15,left_ankle,1,1,2.000000,667.320000,599.990000,2.000000,690.834595,636.888184,43.753995,44.207726,1,0.089000,0.084300
MP_R_DudukBerdiri_1,movenet,115,3.828564,ok,1,direct,0.419747,16,right_ankle,1,0,0.000000,571.470000,601.770000,2.000000,527.063782,653.118713,,,,0.089000,
MP_R_DudukBerdiri_1,movenet,116,3.861856,ok,1,direct,0.433394,0,nose,0,0,0.000000,0.000000,0.000000,2.000000,658.626465,223.517319,,,,0.026000,
MP_R_DudukBerdiri_1,movenet,116,3.861856,ok,1,direct,0.433394,1,left_eye,0,0,0.000000,0.000000,0.000000,2.000000,660.144958,215.405914,,,,0.025000,
MP_R_DudukBerdiri_1,movenet,116,3.861856,ok,1,direct,0.433394,2,right_eye,0,0,0.000000,0.000000,0.000000,2.000000,642.788818,214.655853,,,,0.025000,
MP_R_DudukBerdiri_1,movenet,116,3.861856,ok,1,direct,0.433394,3,left_ear,0,0,0.000000,0.000000,0.000000,2.000000,628.816650,219.761856,,,,0.035000,
MP_R_DudukBerdiri_1,movenet,116,3.861856,ok,1,direct,0.433394,4,right_ear,0,0,0.000000,0.000000,0.000000,2.000000,594.397705,219.232285,,,,0.035000,
MP_R_DudukBerdiri_1,movenet,116,3.861856,ok,1,direct,0.433394,5,left_shoulder,1,1,2.000000,644.450000,301.380000,2.000000,672.217346,270.751892,41.341341,44.191272,1,0.079000,0.060531
MP_R_DudukBerdiri_1,movenet,116,3.861856,ok,1,direct,0.433394,6,right_shoulder,1,1,2.000000,532.410000,298.640000,2.000000,535.767944,282.560089,16.426787,44.191272,1,0.079000,0.642235
MP_R_DudukBerdiri_1,movenet,116,3.861856,ok,1,direct,0.433394,7,left_elbow,1,1,2.000000,660.850000,364.580000,2.000000,691.119385,359.545624,30.685185,44.191272,1,0.072000,0.155648
MP_R_DudukBerdiri_1,movenet,116,3.861856,ok,1,direct,0.433394,8,right_elbow,1,1,2.000000,531.100000,380.460000,2.000000,533.545471,371.933289,8.870464,44.191272,1,0.072000,0.856032
MP_R_DudukBerdiri_1,movenet,116,3.861856,ok,1,direct,0.433394,9,left_wrist,1,1,2.000000,693.090000,431.890000,2.000000,709.060059,427.178772,16.650479,44.191272,1,0.062000,0.477768
MP_R_DudukBerdiri_1,movenet,116,3.861856,ok,1,direct,0.433394,10,right_wrist,1,1,2.000000,562.250000,443.350000,2.000000,557.078125,433.172119,11.416547,44.191272,1,0.062000,0.706628
MP_R_DudukBerdiri_1,movenet,116,3.861856,ok,1,direct,0.433394,11,left_hip,1,1,2.000000,611.670000,429.500000,2.000000,646.300171,419.647980,36.004320,44.191272,1,0.107000,0.313620
MP_R_DudukBerdiri_1,movenet,116,3.861856,ok,1,direct,0.433394,12,right_hip,1,1,2.000000,541.610000,427.450000,2.000000,563.989807,421.036133,23.280753,44.191272,1,0.107000,0.615806
MP_R_DudukBerdiri_1,movenet,116,3.861856,ok,1,direct,0.433394,13,left_knee,1,1,2.000000,693.110000,469.440000,2.000000,690.676025,524.308716,54.922675,44.191272,0,0.087000,0.016882
MP_R_DudukBerdiri_1,movenet,116,3.861856,ok,1,direct,0.433394,14,right_knee,1,0,0.000000,578.330000,483.760000,2.000000,582.123169,530.497009,,,,0.087000,
MP_R_DudukBerdiri_1,movenet,116,3.861856,ok,1,direct,0.433394,15,left_ankle,1,1,2.000000,667.320000,599.990000,2.000000,681.725708,636.496765,39.246252,44.191272,1,0.089000,0.136495
MP_R_DudukBerdiri_1,movenet,116,3.861856,ok,1,direct,0.433394,16,right_ankle,1,0,0.000000,571.470000,601.770000,2.000000,524.455078,652.240540,,,,0.089000,
MP_R_DudukBerdiri_1,movenet,117,3.895148,ok,1,direct,0.434378,0,nose,0,0,0.000000,0.000000,0.000000,2.000000,663.953308,224.674484,,,,0.026000,
MP_R_DudukBerdiri_1,movenet,117,3.895148,ok,1,direct,0.434378,1,left_eye,0,0,0.000000,0.000000,0.000000,2.000000,662.573364,216.009399,,,,0.025000,
MP_R_DudukBerdiri_1,movenet,117,3.895148,ok,1,direct,0.434378,2,right_eye,0,0,0.000000,0.000000,0.000000,2.000000,647.125793,214.826385,,,,0.025000,
MP_R_DudukBerdiri_1,movenet,117,3.895148,ok,1,direct,0.434378,3,left_ear,0,0,0.000000,0.000000,0.000000,2.000000,629.935425,219.441299,,,,0.035000,
MP_R_DudukBerdiri_1,movenet,117,3.895148,ok,1,direct,0.434378,4,right_ear,0,0,0.000000,0.000000,0.000000,2.000000,596.488403,218.904083,,,,0.035000,
MP_R_DudukBerdiri_1,movenet,117,3.895148,ok,1,direct,0.434378,5,left_shoulder,1,1,2.000000,642.970000,302.010000,2.000000,669.571045,273.349579,39.102881,44.179539,1,0.079000,0.081232
MP_R_DudukBerdiri_1,movenet,117,3.895148,ok,1,direct,0.434378,6,right_shoulder,1,1,2.000000,531.140000,298.800000,2.000000,538.021423,283.896637,16.415365,44.179539,1,0.079000,0.642480
MP_R_DudukBerdiri_1,movenet,117,3.895148,ok,1,direct,0.434378,7,left_elbow,1,1,2.000000,659.800000,367.960000,2.000000,691.802246,358.233521,33.447693,44.179539,1,0.072000,0.109554
MP_R_DudukBerdiri_1,movenet,117,3.895148,ok,1,direct,0.434378,8,right_elbow,1,1,2.000000,531.100000,380.460000,2.000000,530.611633,371.703583,8.770025,44.179539,1,0.072000,0.858964
MP_R_DudukBerdiri_1,movenet,117,3.895148,ok,1,direct,0.434378,9,left_wrist,1,1,2.000000,693.020000,432.570000,2.000000,708.356018,425.062927,17.074823,44.179539,1,0.062000,0.459705
MP_R_DudukBerdiri_1,movenet,117,3.895148,ok,1,direct,0.434378,10,right_wrist,1,1,2.000000,562.250000,443.350000,2.000000,570.694824,434.185577,12.462010,44.179539,1,0.062000,0.661013
MP_R_DudukBerdiri_1,movenet,117,3.895148,ok,1,direct,0.434378,11,left_hip,1,1,2.000000,611.670000,429.500000,2.000000,644.823059,419.790039,34.545747,44.179539,1,0.107000,0.343663
MP_R_DudukBerdiri_1,movenet,117,3.895148,ok,1,direct,0.434378,12,right_hip,1,1,2.000000,541.610000,427.450000,2.000000,565.854797,421.357513,24.998572,44.179539,1,0.107000,0.571605
MP_R_DudukBerdiri_1,movenet,117,3.895148,ok,1,direct,0.434378,13,left_knee,1,1,2.000000,693.110000,469.440000,2.000000,688.586060,525.241882,55.984963,44.179539,0,0.087000,0.014362
MP_R_DudukBerdiri_1,movenet,117,3.895148,ok,1,direct,0.434378,14,right_knee,1,0,0.000000,578.330000,483.760000,2.000000,578.782043,531.661438,,,,0.087000,
MP_R_DudukBerdiri_1,movenet,117,3.895148,ok,1,direct,0.434378,15,left_ankle,1,1,2.000000,667.320000,599.990000,2.000000,682.515381,634.052307,37.297994,44.179539,1,0.089000,0.165363
MP_R_DudukBerdiri_1,movenet,117,3.895148,ok,1,direct,0.434378,16,right_ankle,1,0,0.000000,571.470000,601.770000,2.000000,522.856079,651.778259,,,,0.089000,
MP_R_DudukBerdiri_1,movenet,118,3.928440,ok,1,direct,0.450134,0,nose,0,0,0.000000,0.000000,0.000000,2.000000,664.480469,225.973511,,,,0.026000,
MP_R_DudukBerdiri_1,movenet,118,3.928440,ok,1,direct,0.450134,1,left_eye,0,0,0.000000,0.000000,0.000000,2.000000,660.524292,216.230682,,,,0.025000,
MP_R_DudukBerdiri_1,movenet,118,3.928440,ok,1,direct,0.450134,2,right_eye,0,0,0.000000,0.000000,0.000000,2.000000,649.538086,215.513519,,,,0.025000,
MP_R_DudukBerdiri_1,movenet,118,3.928440,ok,1,direct,0.450134,3,left_ear,0,0,0.000000,0.000000,0.000000,2.000000,621.339478,218.568649,,,,0.035000,
MP_R_DudukBerdiri_1,movenet,118,3.928440,ok,1,direct,0.450134,4,right_ear,0,0,0.000000,0.000000,0.000000,2.000000,598.826050,219.279617,,,,0.035000,
MP_R_DudukBerdiri_1,movenet,118,3.928440,ok,1,direct,0.450134,5,left_shoulder,1,1,2.000000,641.490000,302.650000,2.000000,669.053467,273.052490,40.444496,44.333792,1,0.079000,0.069459
MP_R_DudukBerdiri_1,movenet,118,3.928440,ok,1,direct,0.450134,6,right_shoulder,1,1,2.000000,529.880000,298.960000,2.000000,535.693909,285.144196,14.989262,44.333792,1,0.079000,0.693277
MP_R_DudukBerdiri_1,movenet,118,3.928440,ok,1,direct,0.450134,7,left_elbow,1,1,2.000000,658.740000,371.340000,2.000000,690.397095,361.385040,33.185432,44.333792,1,0.072000,0.115132
MP_R_DudukBerdiri_1,movenet,118,3.928440,ok,1,direct,0.450134,8,right_elbow,1,1,2.000000,531.100000,380.460000,2.000000,528.499146,375.458435,5.637384,44.333792,1,0.072000,0.939525
MP_R_DudukBerdiri_1,movenet,118,3.928440,ok,1,direct,0.450134,9,left_wrist,1,1,2.000000,692.960000,433.260000,2.000000,709.413574,425.696869,18.108591,44.333792,1,0.062000,0.419768
MP_R_DudukBerdiri_1,movenet,118,3.928440,ok,1,direct,0.450134,10,right_wrist,1,1,2.000000,562.250000,443.350000,2.000000,571.887329,440.813934,9.965427,44.333792,1,0.062000,0.768829
MP_R_DudukBerdiri_1,movenet,118,3.928440,ok,1,direct,0.450134,11,left_hip,1,1,2.000000,611.670000,429.500000,2.000000,649.702087,421.724365,38.818812,44.333792,1,0.107000,0.262030
MP_R_DudukBerdiri_1,movenet,118,3.928440,ok,1,direct,0.450134,12,right_hip,1,1,2.000000,541.610000,427.450000,2.000000,567.777039,427.840759,26.169956,44.333792,1,0.107000,0.544061
MP_R_DudukBerdiri_1,movenet,118,3.928440,ok,1,direct,0.450134,13,left_knee,1,1,2.000000,693.110000,469.440000,2.000000,687.541443,524.161804,55.004406,44.333792,0,0.087000,0.017122
MP_R_DudukBerdiri_1,movenet,118,3.928440,ok,1,direct,0.450134,14,right_knee,1,0,0.000000,578.330000,483.760000,2.000000,583.244080,532.583069,,,,0.087000,
MP_R_DudukBerdiri_1,movenet,118,3.928440,ok,1,direct,0.450134,15,left_ankle,1,1,2.000000,667.320000,599.990000,2.000000,687.103638,633.801514,39.174109,44.333792,1,0.089000,0.139259
MP_R_DudukBerdiri_1,movenet,118,3.928440,ok,1,direct,0.450134,16,right_ankle,1,0,0.000000,571.470000,601.770000,2.000000,519.632385,651.269775,,,,0.089000,
MP_R_DudukBerdiri_1,movenet,119,3.961732,ok,1,direct,0.477974,0,nose,0,0,0.000000,0.000000,0.000000,2.000000,664.782043,227.289383,,,,0.026000,
MP_R_DudukBerdiri_1,movenet,119,3.961732,ok,1,direct,0.477974,1,left_eye,0,0,0.000000,0.000000,0.000000,2.000000,661.485352,217.481598,,,,0.025000,
MP_R_DudukBerdiri_1,movenet,119,3.961732,ok,1,direct,0.477974,2,right_eye,0,0,0.000000,0.000000,0.000000,2.000000,649.286194,216.850906,,,,0.025000,
MP_R_DudukBerdiri_1,movenet,119,3.961732,ok,1,direct,0.477974,3,left_ear,0,0,0.000000,0.000000,0.000000,2.000000,625.005737,220.711044,,,,0.035000,
MP_R_DudukBerdiri_1,movenet,119,3.961732,ok,1,direct,0.477974,4,right_ear,0,0,0.000000,0.000000,0.000000,2.000000,600.324585,220.997818,,,,0.035000,
MP_R_DudukBerdiri_1,movenet,119,3.961732,ok,1,direct,0.477974,5,left_shoulder,1,1,2.000000,640.010000,303.280000,2.000000,667.669006,273.214935,40.852524,44.494096,1,0.079000,0.067103
MP_R_DudukBerdiri_1,movenet,119,3.961732,ok,1,direct,0.477974,6,right_shoulder,1,1,2.000000,528.610000,299.120000,2.000000,535.298340,286.616058,14.180354,44.494096,1,0.079000,0.722169
MP_R_DudukBerdiri_1,movenet,119,3.961732,ok,1,direct,0.477974,7,left_elbow,1,1,2.000000,657.680000,374.720000,2.000000,693.392456,365.359406,36.918833,44.494096,1,0.072000,0.070217
MP_R_DudukBerdiri_1,movenet,119,3.961732,ok,1,direct,0.477974,8,right_elbow,1,1,2.000000,531.100000,380.460000,2.000000,529.600586,380.001282,1.568013,44.494096,1,0.072000,0.995220
MP_R_DudukBerdiri_1,movenet,119,3.961732,ok,1,direct,0.477974,9,left_wrist,1,1,2.000000,692.890000,433.940000,2.000000,711.612244,427.723297,19.727387,44.494096,1,0.062000,0.359595
MP_R_DudukBerdiri_1,movenet,119,3.961732,ok,1,direct,0.477974,10,right_wrist,1,1,2.000000,562.250000,443.350000,2.000000,576.714600,444.647552,14.522682,44.494096,1,0.062000,0.574481
MP_R_DudukBerdiri_1,movenet,119,3.961732,ok,1,direct,0.477974,11,left_hip,1,1,2.000000,611.670000,429.500000,2.000000,652.505615,429.560059,40.835659,44.494096,1,0.107000,0.229599
MP_R_DudukBerdiri_1,movenet,119,3.961732,ok,1,direct,0.477974,12,right_hip,1,1,2.000000,541.610000,427.450000,2.000000,566.555237,433.483643,25.664561,44.494096,1,0.107000,0.559227
MP_R_DudukBerdiri_1,movenet,119,3.961732,ok,1,direct,0.477974,13,left_knee,1,1,2.000000,693.110000,469.440000,2.000000,691.642517,534.537231,65.113770,44.494096,0,0.087000,0.003486
MP_R_DudukBerdiri_1,movenet,119,3.961732,ok,1,direct,0.477974,14,right_knee,1,0,0.000000,578.330000,483.760000,2.000000,581.486328,538.953857,,,,0.087000,
MP_R_DudukBerdiri_1,movenet,119,3.961732,ok,1,direct,0.477974,15,left_ankle,1,1,2.000000,667.320000,599.990000,2.000000,687.394470,636.945251,42.055618,44.494096,1,0.089000,0.104794
MP_R_DudukBerdiri_1,movenet,119,3.961732,ok,1,direct,0.477974,16,right_ankle,1,0,0.000000,571.470000,601.770000,2.000000,519.319519,651.685181,,,,0.089000,
MP_R_DudukBerdiri_1,movenet,120,3.995024,ok,1,direct,0.435240,0,nose,0,0,0.000000,0.000000,0.000000,2.000000,665.886841,226.177017,,,,0.026000,
MP_R_DudukBerdiri_1,movenet,120,3.995024,ok,1,direct,0.435240,1,left_eye,0,0,0.000000,0.000000,0.000000,2.000000,661.096680,215.869217,,,,0.025000,
MP_R_DudukBerdiri_1,movenet,120,3.995024,ok,1,direct,0.435240,2,right_eye,0,0,0.000000,0.000000,0.000000,2.000000,651.157837,215.127182,,,,0.025000,
MP_R_DudukBerdiri_1,movenet,120,3.995024,ok,1,direct,0.435240,3,left_ear,0,0,0.000000,0.000000,0.000000,2.000000,619.020264,219.580475,,,,0.035000,
MP_R_DudukBerdiri_1,movenet,120,3.995024,ok,1,direct,0.435240,4,right_ear,0,0,0.000000,0.000000,0.000000,2.000000,599.050049,219.547546,,,,0.035000,
MP_R_DudukBerdiri_1,movenet,120,3.995024,ok,1,direct,0.435240,5,left_shoulder,1,1,2.000000,638.530000,303.920000,2.000000,665.860901,271.801941,42.172833,44.652297,1,0.079000,0.057349
MP_R_DudukBerdiri_1,movenet,120,3.995024,ok,1,direct,0.435240,6,right_shoulder,1,1,2.000000,527.350000,299.280000,2.000000,530.973389,283.717468,15.978778,44.652297,1,0.079000,0.663405
MP_R_DudukBerdiri_1,movenet,120,3.995024,ok,1,direct,0.435240,7,left_elbow,1,1,2.000000,656.630000,378.100000,2.000000,686.968872,370.449066,31.288719,44.652297,1,0.072000,0.150421
MP_R_DudukBerdiri_1,movenet,120,3.995024,ok,1,direct,0.435240,8,right_elbow,1,1,2.000000,531.100000,380.460000,2.000000,538.050903,384.348999,7.964884,44.652297,1,0.072000,0.884481
MP_R_DudukBerdiri_1,movenet,120,3.995024,ok,1,direct,0.435240,9,left_wrist,1,1,2.000000,692.830000,434.630000,2.000000,704.638611,434.891968,11.811516,44.652297,1,0.062000,0.694851
MP_R_DudukBerdiri_1,movenet,120,3.995024,ok,1,direct,0.435240,10,right_wrist,1,1,2.000000,562.250000,443.350000,2.000000,592.851624,454.592621,32.601471,44.652297,1,0.062000,0.062441
MP_R_DudukBerdiri_1,movenet,120,3.995024,ok,1,direct,0.435240,11,left_hip,1,1,2.000000,611.670000,429.500000,2.000000,648.318604,421.227936,37.570563,44.652297,1,0.107000,0.290336
MP_R_DudukBerdiri_1,movenet,120,3.995024,ok,1,direct,0.435240,12,right_hip,1,1,2.000000,541.610000,427.450000,2.000000,572.269043,430.093445,30.772792,44.652297,1,0.107000,0.436190
MP_R_DudukBerdiri_1,movenet,120,3.995024,ok,1,direct,0.435240,13,left_knee,1,1,2.000000,693.110000,469.440000,2.000000,701.450134,531.420349,62.538960,44.652297,0,0.087000,0.005610
MP_R_DudukBerdiri_1,movenet,120,3.995024,ok,1,direct,0.435240,14,right_knee,1,0,0.000000,578.330000,483.760000,2.000000,601.898682,542.102783,,,,0.087000,
MP_R_DudukBerdiri_1,movenet,120,3.995024,ok,1,direct,0.435240,15,left_ankle,1,1,2.000000,667.320000,599.990000,0.000000,686.281250,640.362915,,44.652297,0,0.089000,0.000000
MP_R_DudukBerdiri_1,movenet,120,3.995024,ok,1,direct,0.435240,16,right_ankle,1,0,0.000000,571.470000,601.770000,2.000000,528.924683,656.657837,,,,0.089000,
