video_name,algorithm,frame_idx,timestamp_sec,status,matched_pred_found,match_method,matched_pred_score,keypoint_idx,keypoint_name,is_active,is_eval_joint,gt_v,gt_x,gt_y,pred_v,pred_x,pred_y,distance_px,pck_threshold_px,pck_correct,oks_sigma,oks_term
SP_T_Jongkok_2,openpose,0,0.000000,ok,1,direct,0.797954,0,nose,0,0,0.000000,0.000000,0.000000,2.000000,645.042000,219.949000,,,,0.026000,
SP_T_Jongkok_2,openpose,0,0.000000,ok,1,direct,0.797954,1,left_eye,0,0,0.000000,0.000000,0.000000,2.000000,652.930000,212.015000,,,,0.025000,
SP_T_Jongkok_2,openpose,0,0.000000,ok,1,direct,0.797954,2,right_eye,0,0,0.000000,0.000000,0.000000,2.000000,637.168000,212.111000,,,,0.025000,
SP_T_Jongkok_2,openpose,0,0.000000,ok,1,direct,0.797954,3,left_ear,0,0,0.000000,0.000000,0.000000,2.000000,674.434000,217.925000,,,,0.035000,
SP_T_Jongkok_2,openpose,0,0.000000,ok,1,direct,0.797954,4,right_ear,0,0,0.000000,0.000000,0.000000,2.000000,627.469000,221.853000,,,,0.035000,
SP_T_Jongkok_2,openpose,0,0.000000,ok,1,direct,0.797954,5,left_shoulder,1,1,2.000000,703.730000,279.470000,2.000000,697.886000,274.760000,7.505760,40.972164,1,0.079000,0.898037
SP_T_Jongkok_2,openpose,0,0.000000,ok,1,direct,0.797954,6,right_shoulder,1,1,2.000000,620.920000,279.880000,2.000000,625.518000,274.809000,6.845191,40.972164,1,0.079000,0.914436
SP_T_Jongkok_2,openpose,0,0.000000,ok,1,direct,0.797954,7,left_elbow,1,1,2.000000,704.290000,349.920000,2.000000,705.768000,343.342000,6.742000,40.972164,1,0.072000,0.900808
SP_T_Jongkok_2,openpose,0,0.000000,ok,1,direct,0.797954,8,right_elbow,1,1,2.000000,603.280000,348.710000,2.000000,603.970000,345.275000,3.503616,40.972164,1,0.072000,0.972183
SP_T_Jongkok_2,openpose,0,0.000000,ok,1,direct,0.797954,9,left_wrist,1,1,2.000000,689.360000,415.120000,2.000000,690.129000,409.949000,5.227868,40.972164,1,0.062000,0.918782
SP_T_Jongkok_2,openpose,0,0.000000,ok,1,direct,0.797954,10,right_wrist,1,1,2.000000,591.350000,412.440000,2.000000,590.245000,411.926000,1.218696,40.972164,1,0.062000,0.995407
SP_T_Jongkok_2,openpose,0,0.000000,ok,1,direct,0.797954,11,left_hip,1,1,2.000000,682.320000,417.420000,2.000000,692.087000,419.745000,10.039916,40.972164,1,0.107000,0.900421
SP_T_Jongkok_2,openpose,0,0.000000,ok,1,direct,0.797954,12,right_hip,1,1,2.000000,636.560000,418.980000,2.000000,637.186000,421.694000,2.785260,40.972164,1,0.107000,0.991960
SP_T_Jongkok_2,openpose,0,0.000000,ok,1,direct,0.797954,13,left_knee,1,1,2.000000,693.660000,532.450000,2.000000,695.958000,529.513000,3.729179,40.972164,1,0.087000,0.978348
SP_T_Jongkok_2,openpose,0,0.000000,ok,1,direct,0.797954,14,right_knee,1,1,2.000000,641.810000,529.610000,2.000000,639.179000,535.359000,6.322433,40.972164,1,0.087000,0.939019
SP_T_Jongkok_2,openpose,0,0.000000,ok,1,direct,0.797954,15,left_ankle,1,1,2.000000,706.460000,644.060000,2.000000,707.743000,639.138000,5.086470,40.972164,1,0.089000,0.961833
SP_T_Jongkok_2,openpose,0,0.000000,ok,1,direct,0.797954,16,right_ankle,1,1,2.000000,654.200000,642.150000,2.000000,651.006000,637.161000,5.923830,40.972164,1,0.089000,0.948588
SP_T_Jongkok_2,openpose,1,0.033312,ok,1,direct,0.797310,0,nose,0,0,0.000000,0.000000,0.000000,2.000000,645.019000,221.920000,,,,0.026000,
SP_T_Jongkok_2,openpose,1,0.033312,ok,1,direct,0.797310,1,left_eye,0,0,0.000000,0.000000,0.000000,2.000000,652.934000,212.084000,,,,0.025000,
SP_T_Jongkok_2,openpose,1,0.033312,ok,1,direct,0.797310,2,right_eye,0,0,0.000000,0.000000,0.000000,2.000000,637.154000,212.170000,,,,0.025000,
SP_T_Jongkok_2,openpose,1,0.033312,ok,1,direct,0.797310,3,left_ear,0,0,0.000000,0.000000,0.000000,2.000000,676.387000,217.963000,,,,0.035000,
SP_T_Jongkok_2,openpose,1,0.033312,ok,1,direct,0.797310,4,right_ear,0,0,0.000000,0.000000,0.000000,2.000000,629.379000,221.858000,,,,0.035000,
SP_T_Jongkok_2,openpose,1,0.033312,ok,1,direct,0.797310,5,left_shoulder,1,1,2.000000,704.050000,281.130000,2.000000,697.957000,276.747000,7.505687,42.043027,1,0.079000,0.902909
SP_T_Jongkok_2,openpose,1,0.033312,ok,1,direct,0.797310,6,right_shoulder,1,1,2.000000,622.330000,281.410000,2.000000,627.410000,278.658000,5.777534,42.043027,1,0.079000,0.941278
SP_T_Jongkok_2,openpose,1,0.033312,ok,1,direct,0.797310,7,left_elbow,1,1,2.000000,702.380000,346.600000,2.000000,701.877000,345.310000,1.384597,42.043027,1,0.072000,0.995824
SP_T_Jongkok_2,openpose,1,0.033312,ok,1,direct,0.797310,8,right_elbow,1,1,2.000000,601.500000,347.570000,2.000000,603.873000,343.394000,4.803135,42.043027,1,0.072000,0.950894
SP_T_Jongkok_2,openpose,1,0.033312,ok,1,direct,0.797310,9,left_wrist,1,1,2.000000,685.530000,409.770000,2.000000,688.136000,408.030000,3.133502,42.043027,1,0.062000,0.971512
SP_T_Jongkok_2,openpose,1,0.033312,ok,1,direct,0.797310,10,right_wrist,1,1,2.000000,584.720000,409.510000,2.000000,586.325000,407.998000,2.205033,42.043027,1,0.062000,0.985790
SP_T_Jongkok_2,openpose,1,0.033312,ok,1,direct,0.797310,11,left_hip,1,1,2.000000,685.640000,417.540000,2.000000,694.045000,421.687000,9.372387,42.043027,1,0.107000,0.916850
SP_T_Jongkok_2,openpose,1,0.033312,ok,1,direct,0.797310,12,right_hip,1,1,2.000000,638.350000,419.110000,2.000000,637.275000,423.631000,4.647049,42.043027,1,0.107000,0.978884
SP_T_Jongkok_2,openpose,1,0.033312,ok,1,direct,0.797310,13,left_knee,1,1,2.000000,692.000000,531.560000,2.000000,695.966000,533.333000,4.344270,42.043027,1,0.087000,0.972182
SP_T_Jongkok_2,openpose,1,0.033312,ok,1,direct,0.797310,14,right_knee,1,1,2.000000,640.160000,529.100000,2.000000,639.225000,537.348000,8.300827,42.043027,1,0.087000,0.902125
SP_T_Jongkok_2,openpose,1,0.033312,ok,1,direct,0.797310,15,left_ankle,1,1,2.000000,706.460000,644.120000,2.000000,707.731000,639.159000,5.121227,42.043027,1,0.089000,0.963229
SP_T_Jongkok_2,openpose,1,0.033312,ok,1,direct,0.797310,16,right_ankle,1,1,2.000000,654.200000,642.210000,2.000000,650.993000,635.320000,7.599799,42.043027,1,0.089000,0.920809
SP_T_Jongkok_2,openpose,2,0.066624,ok,1,direct,0.798289,0,nose,0,0,0.000000,0.000000,0.000000,2.000000,645.010000,223.817000,,,,0.026000,
SP_T_Jongkok_2,openpose,2,0.066624,ok,1,direct,0.798289,1,left_eye,0,0,0.000000,0.000000,0.000000,2.000000,652.902000,212.161000,,,,0.025000,
SP_T_Jongkok_2,openpose,2,0.066624,ok,1,direct,0.798289,2,right_eye,0,0,0.000000,0.000000,0.000000,2.000000,635.339000,214.055000,,,,0.025000,
SP_T_Jongkok_2,openpose,2,0.066624,ok,1,direct,0.798289,3,left_ear,0,0,0.000000,0.000000,0.000000,2.000000,676.339000,218.020000,,,,0.035000,
SP_T_Jongkok_2,openpose,2,0.066624,ok,1,direct,0.798289,4,right_ear,0,0,0.000000,0.000000,0.000000,2.000000,629.346000,223.780000,,,,0.035000,
SP_T_Jongkok_2,openpose,2,0.066624,ok,1,direct,0.798289,5,left_shoulder,1,1,2.000000,704.370000,282.790000,2.000000,696.011000,276.693000,10.346318,43.079112,1,0.079000,0.831231
SP_T_Jongkok_2,openpose,2,0.066624,ok,1,direct,0.798289,6,right_shoulder,1,1,2.000000,623.730000,282.940000,2.000000,627.391000,278.646000,5.642815,43.079112,1,0.079000,0.946501
SP_T_Jongkok_2,openpose,2,0.066624,ok,1,direct,0.798289,7,left_elbow,1,1,2.000000,700.460000,343.290000,2.000000,697.956000,347.260000,4.693710,43.079112,1,0.072000,0.955233
SP_T_Jongkok_2,openpose,2,0.066624,ok,1,direct,0.798289,8,right_elbow,1,1,2.000000,599.710000,346.420000,2.000000,601.970000,345.285000,2.528997,43.079112,1,0.072000,0.986792
SP_T_Jongkok_2,openpose,2,0.066624,ok,1,direct,0.798289,9,left_wrist,1,1,2.000000,681.700000,404.410000,2.000000,682.344000,405.990000,1.706205,43.079112,1,0.062000,0.991872
SP_T_Jongkok_2,openpose,2,0.066624,ok,1,direct,0.798289,10,right_wrist,1,1,2.000000,578.080000,406.580000,2.000000,580.402000,404.124000,3.379885,43.079112,1,0.062000,0.968480
SP_T_Jongkok_2,openpose,2,0.066624,ok,1,direct,0.798289,11,left_hip,1,1,2.000000,688.950000,417.670000,2.000000,696.036000,419.726000,7.378247,43.079112,1,0.107000,0.950048
SP_T_Jongkok_2,openpose,2,0.066624,ok,1,direct,0.798289,12,right_hip,1,1,2.000000,640.130000,419.240000,2.000000,637.267000,421.723000,3.789731,43.079112,1,0.107000,0.986572
SP_T_Jongkok_2,openpose,2,0.066624,ok,1,direct,0.798289,13,left_knee,1,1,2.000000,690.340000,530.660000,2.000000,695.929000,533.352000,6.203530,43.079112,1,0.087000,0.946680
SP_T_Jongkok_2,openpose,2,0.066624,ok,1,direct,0.798289,14,right_knee,1,1,2.000000,638.500000,528.590000,2.000000,639.208000,537.340000,8.778597,43.079112,1,0.087000,0.896080
SP_T_Jongkok_2,openpose,2,0.066624,ok,1,direct,0.798289,15,left_ankle,1,1,2.000000,706.460000,644.180000,2.000000,707.704000,639.169000,5.163105,43.079112,1,0.089000,0.964381
SP_T_Jongkok_2,openpose,2,0.066624,ok,1,direct,0.798289,16,right_ankle,1,1,2.000000,654.200000,642.280000,2.000000,650.892000,637.193000,6.067984,43.079112,1,0.089000,0.951138
SP_T_Jongkok_2,openpose,3,0.099936,ok,1,direct,0.840965,0,nose,0,0,0.000000,0.000000,0.000000,2.000000,643.116000,225.747000,,,,0.026000,
SP_T_Jongkok_2,openpose,3,0.099936,ok,1,direct,0.840965,1,left_eye,0,0,0.000000,0.000000,0.000000,2.000000,652.863000,214.061000,,,,0.025000,
SP_T_Jongkok_2,openpose,3,0.099936,ok,1,direct,0.840965,2,right_eye,0,0,0.000000,0.000000,0.000000,2.000000,635.284000,216.005000,,,,0.025000,
SP_T_Jongkok_2,openpose,3,0.099936,ok,1,direct,0.840965,3,left_ear,0,0,0.000000,0.000000,0.000000,2.000000,674.491000,219.934000,,,,0.035000,
SP_T_Jongkok_2,openpose,3,0.099936,ok,1,direct,0.840965,4,right_ear,0,0,0.000000,0.000000,0.000000,0.000000,0.000000,0.000000,,,,0.035000,
SP_T_Jongkok_2,openpose,3,0.099936,ok,1,direct,0.840965,5,left_shoulder,1,1,2.000000,704.690000,284.450000,2.000000,695.989000,276.687000,11.660685,44.079586,1,0.079000,0.799109
SP_T_Jongkok_2,openpose,3,0.099936,ok,1,direct,0.840965,6,right_shoulder,1,1,2.000000,625.130000,284.470000,2.000000,627.434000,278.695000,6.217640,44.079586,1,0.079000,0.938230
SP_T_Jongkok_2,openpose,3,0.099936,ok,1,direct,0.840965,7,left_elbow,1,1,2.000000,698.550000,339.970000,2.000000,697.901000,343.326000,3.418177,44.079586,1,0.072000,0.977068
SP_T_Jongkok_2,openpose,3,0.099936,ok,1,direct,0.840965,8,right_elbow,1,1,2.000000,597.930000,345.270000,2.000000,599.977000,343.314000,2.831280,44.079586,1,0.072000,0.984209
SP_T_Jongkok_2,openpose,3,0.099936,ok,1,direct,0.840965,9,left_wrist,1,1,2.000000,677.880000,399.050000,2.000000,680.362000,400.141000,2.711200,44.079586,1,0.062000,0.980509
SP_T_Jongkok_2,openpose,3,0.099936,ok,1,direct,0.840965,10,right_wrist,1,1,2.000000,571.450000,403.640000,2.000000,574.487000,400.185000,4.600043,44.079586,1,0.062000,0.944913
SP_T_Jongkok_2,openpose,3,0.099936,ok,1,direct,0.840965,11,left_hip,1,1,2.000000,692.270000,417.800000,2.000000,697.905000,419.781000,5.973072,44.079586,1,0.107000,0.968433
SP_T_Jongkok_2,openpose,3,0.099936,ok,1,direct,0.840965,12,right_hip,1,1,2.000000,641.920000,419.370000,2.000000,639.234000,421.752000,3.590058,44.079586,1,0.107000,0.988479
SP_T_Jongkok_2,openpose,3,0.099936,ok,1,direct,0.840965,13,left_knee,1,1,2.000000,688.680000,529.770000,2.000000,695.923000,531.455000,7.436415,44.079586,1,0.087000,0.927554
SP_T_Jongkok_2,openpose,3,0.099936,ok,1,direct,0.840965,14,right_knee,1,1,2.000000,636.840000,528.080000,2.000000,637.244000,537.245000,9.173900,44.079586,1,0.087000,0.891854
SP_T_Jongkok_2,openpose,3,0.099936,ok,1,direct,0.840965,15,left_ankle,1,1,2.000000,706.460000,644.240000,2.000000,707.688000,639.142000,5.243814,44.079586,1,0.089000,0.964898
SP_T_Jongkok_2,openpose,3,0.099936,ok,1,direct,0.840965,16,right_ankle,1,1,2.000000,654.200000,642.350000,2.000000,650.920000,637.231000,6.079684,44.079586,1,0.089000,0.953103
SP_T_Jongkok_2,openpose,4,0.133248,ok,1,direct,0.805517,0,nose,0,0,0.000000,0.000000,0.000000,2.000000,644.988000,225.846000,,,,0.026000,
SP_T_Jongkok_2,openpose,4,0.133248,ok,1,direct,0.805517,1,left_eye,0,0,0.000000,0.000000,0.000000,2.000000,652.868000,215.991000,,,,0.025000,
SP_T_Jongkok_2,openpose,4,0.133248,ok,1,direct,0.805517,2,right_eye,0,0,0.000000,0.000000,0.000000,2.000000,635.260000,218.009000,,,,0.025000,
SP_T_Jongkok_2,openpose,4,0.133248,ok,1,direct,0.805517,3,left_ear,0,0,0.000000,0.000000,0.000000,2.000000,674.492000,221.876000,,,,0.035000,
SP_T_Jongkok_2,openpose,4,0.133248,ok,1,direct,0.805517,4,right_ear,0,0,0.000000,0.000000,0.000000,2.000000,627.447000,229.717000,,,,0.035000,
SP_T_Jongkok_2,openpose,4,0.133248,ok,1,direct,0.805517,5,left_shoulder,1,1,2.000000,705.000000,286.100000,2.000000,695.928000,276.788000,13.000559,45.055978,1,0.079000,0.765822
SP_T_Jongkok_2,openpose,4,0.133248,ok,1,direct,0.805517,6,right_shoulder,1,1,2.000000,626.540000,286.000000,2.000000,629.374000,282.574000,4.446238,45.055978,1,0.079000,0.969275
SP_T_Jongkok_2,openpose,4,0.133248,ok,1,direct,0.805517,7,left_elbow,1,1,2.000000,696.640000,336.660000,2.000000,695.929000,341.400000,4.793028,45.055978,1,0.072000,0.957280
SP_T_Jongkok_2,openpose,4,0.133248,ok,1,direct,0.805517,8,right_elbow,1,1,2.000000,596.140000,344.120000,2.000000,594.147000,345.263000,2.297498,45.055978,1,0.072000,0.990019
SP_T_Jongkok_2,openpose,4,0.133248,ok,1,direct,0.805517,9,left_wrist,1,1,2.000000,674.050000,393.700000,2.000000,678.309000,396.274000,4.976400,45.055978,1,0.062000,0.938502
SP_T_Jongkok_2,openpose,4,0.133248,ok,1,direct,0.805517,10,right_wrist,1,1,2.000000,564.820000,400.710000,2.000000,566.629000,400.195000,1.880879,45.055978,1,0.062000,0.990974
SP_T_Jongkok_2,openpose,4,0.133248,ok,1,direct,0.805517,11,left_hip,1,1,2.000000,695.580000,417.930000,2.000000,696.056000,421.700000,3.799931,45.055978,1,0.107000,0.987652
SP_T_Jongkok_2,openpose,4,0.133248,ok,1,direct,0.805517,12,right_hip,1,1,2.000000,643.700000,419.490000,2.000000,641.157000,423.711000,4.927848,45.055978,1,0.107000,0.979320
SP_T_Jongkok_2,openpose,4,0.133248,ok,1,direct,0.805517,13,left_knee,1,1,2.000000,687.020000,528.880000,2.000000,694.075000,535.285000,9.528749,45.055978,1,0.087000,0.888533
SP_T_Jongkok_2,openpose,4,0.133248,ok,1,direct,0.805517,14,right_knee,1,1,2.000000,635.180000,527.570000,2.000000,635.318000,537.311000,9.741977,45.055978,1,0.087000,0.883793
SP_T_Jongkok_2,openpose,4,0.133248,ok,1,direct,0.805517,15,left_ankle,1,1,2.000000,706.460000,644.310000,2.000000,705.837000,639.172000,5.175633,45.055978,1,0.089000,0.967231
SP_T_Jongkok_2,openpose,4,0.133248,ok,1,direct,0.805517,16,right_ankle,1,1,2.000000,654.200000,642.410000,2.000000,650.892000,637.181000,6.187512,45.055978,1,0.089000,0.953497
SP_T_Jongkok_2,openpose,5,0.166559,ok,1,direct,0.798960,0,nose,0,0,0.000000,0.000000,0.000000,2.000000,644.992000,227.767000,,,,0.026000,
SP_T_Jongkok_2,openpose,5,0.166559,ok,1,direct,0.798960,1,left_eye,0,0,0.000000,0.000000,0.000000,2.000000,652.890000,217.995000,,,,0.025000,
SP_T_Jongkok_2,openpose,5,0.166559,ok,1,direct,0.798960,2,right_eye,0,0,0.000000,0.000000,0.000000,2.000000,635.268000,221.867000,,,,0.025000,
SP_T_Jongkok_2,openpose,5,0.166559,ok,1,direct,0.798960,3,left_ear,0,0,0.000000,0.000000,0.000000,2.000000,676.381000,225.763000,,,,0.035000,
SP_T_Jongkok_2,openpose,5,0.166559,ok,1,direct,0.798960,4,right_ear,0,0,0.000000,0.000000,0.000000,2.000000,629.383000,233.616000,,,,0.035000,
SP_T_Jongkok_2,openpose,5,0.166559,ok,1,direct,0.798960,5,left_shoulder,1,1,2.000000,705.320000,287.760000,2.000000,695.947000,278.697000,13.038063,46.003768,1,0.079000,0.773056
SP_T_Jongkok_2,openpose,5,0.166559,ok,1,direct,0.798960,6,right_shoulder,1,1,2.000000,627.940000,287.530000,2.000000,629.398000,284.526000,3.339129,46.003768,1,0.079000,0.983259
SP_T_Jongkok_2,openpose,5,0.166559,ok,1,direct,0.798960,7,left_elbow,1,1,2.000000,694.730000,333.340000,2.000000,694.057000,341.363000,8.051177,46.003768,1,0.072000,0.888547
SP_T_Jongkok_2,openpose,5,0.166559,ok,1,direct,0.798960,8,right_elbow,1,1,2.000000,594.360000,342.970000,2.000000,592.177000,341.381000,2.700076,46.003768,1,0.072000,0.986798
SP_T_Jongkok_2,openpose,5,0.166559,ok,1,direct,0.798960,9,left_wrist,1,1,2.000000,670.230000,388.340000,2.000000,670.525000,388.421000,0.305918,46.003768,1,0.062000,0.999770
SP_T_Jongkok_2,openpose,5,0.166559,ok,1,direct,0.798960,10,right_wrist,1,1,2.000000,558.190000,397.780000,2.000000,556.968000,392.296000,5.618500,46.003768,1,0.062000,0.925328
SP_T_Jongkok_2,openpose,5,0.166559,ok,1,direct,0.798960,11,left_hip,1,1,2.000000,698.900000,418.050000,2.000000,697.968000,421.701000,3.768080,46.003768,1,0.107000,0.988349
SP_T_Jongkok_2,openpose,5,0.166559,ok,1,direct,0.798960,12,right_hip,1,1,2.000000,645.490000,419.620000,2.000000,643.038000,423.664000,4.729296,46.003768,1,0.107000,0.981708
SP_T_Jongkok_2,openpose,5,0.166559,ok,1,direct,0.798960,13,left_knee,1,1,2.000000,685.370000,527.990000,2.000000,695.925000,533.421000,11.870290,46.003768,1,0.087000,0.838681
SP_T_Jongkok_2,openpose,5,0.166559,ok,1,direct,0.798960,14,right_knee,1,1,2.000000,633.520000,527.060000,2.000000,635.273000,543.179000,16.214042,46.003768,1,0.087000,0.720192
SP_T_Jongkok_2,openpose,5,0.166559,ok,1,direct,0.798960,15,left_ankle,1,1,2.000000,706.460000,644.370000,2.000000,705.828000,639.174000,5.234295,46.003768,1,0.089000,0.967841
SP_T_Jongkok_2,openpose,5,0.166559,ok,1,direct,0.798960,16,right_ankle,1,1,2.000000,654.200000,642.480000,2.000000,650.914000,635.321000,7.877124,46.003768,1,0.089000,0.928645
SP_T_Jongkok_2,openpose,6,0.199871,ok,1,direct,0.837237,0,nose,0,0,0.000000,0.000000,0.000000,2.000000,643.089000,231.720000,,,,0.026000,
SP_T_Jongkok_2,openpose,6,0.199871,ok,1,direct,0.837237,1,left_eye,0,0,0.000000,0.000000,0.000000,2.000000,652.856000,223.803000,,,,0.025000,
SP_T_Jongkok_2,openpose,6,0.199871,ok,1,direct,0.837237,2,right_eye,0,0,0.000000,0.000000,0.000000,2.000000,635.266000,225.764000,,,,0.025000,
SP_T_Jongkok_2,openpose,6,0.199871,ok,1,direct,0.837237,3,left_ear,0,0,0.000000,0.000000,0.000000,2.000000,676.424000,227.717000,,,,0.035000,
SP_T_Jongkok_2,openpose,6,0.199871,ok,1,direct,0.837237,4,right_ear,0,0,0.000000,0.000000,0.000000,0.000000,0.000000,0.000000,,,,0.035000,
SP_T_Jongkok_2,openpose,6,0.199871,ok,1,direct,0.837237,5,left_shoulder,1,1,2.000000,705.640000,289.420000,2.000000,695.958000,278.749000,14.408725,46.687915,1,0.079000,0.736959
SP_T_Jongkok_2,openpose,6,0.199871,ok,1,direct,0.837237,6,right_shoulder,1,1,2.000000,629.340000,289.700000,2.000000,629.408000,286.569000,3.131738,46.687915,1,0.079000,0.985684
SP_T_Jongkok_2,openpose,6,0.199871,ok,1,direct,0.837237,7,left_elbow,1,1,2.000000,692.430000,332.190000,2.000000,690.102000,335.533000,4.073725,46.687915,1,0.072000,0.971055
SP_T_Jongkok_2,openpose,6,0.199871,ok,1,direct,0.837237,8,right_elbow,1,1,2.000000,592.700000,340.930000,2.000000,592.175000,335.577000,5.378683,46.687915,1,0.072000,0.950084
SP_T_Jongkok_2,openpose,6,0.199871,ok,1,direct,0.837237,9,left_wrist,1,1,2.000000,665.250000,381.960000,2.000000,664.711000,382.580000,0.821536,46.687915,1,0.062000,0.998390
SP_T_Jongkok_2,openpose,6,0.199871,ok,1,direct,0.837237,10,right_wrist,1,1,2.000000,552.960000,390.630000,2.000000,552.918000,386.392000,4.238208,46.687915,1,0.062000,0.958031
SP_T_Jongkok_2,openpose,6,0.199871,ok,1,direct,0.837237,11,left_hip,1,1,2.000000,701.830000,418.690000,2.000000,699.913000,423.650000,5.317564,46.687915,1,0.107000,0.977594
SP_T_Jongkok_2,openpose,6,0.199871,ok,1,direct,0.837237,12,right_hip,1,1,2.000000,648.040000,420.260000,2.000000,643.119000,427.566000,8.808739,46.687915,1,0.107000,0.939710
SP_T_Jongkok_2,openpose,6,0.199871,ok,1,direct,0.837237,13,left_knee,1,1,2.000000,684.470000,528.360000,2.000000,694.087000,531.403000,10.086949,46.687915,1,0.087000,0.883964
SP_T_Jongkok_2,openpose,6,0.199871,ok,1,direct,0.837237,14,right_knee,1,1,2.000000,632.760000,527.320000,2.000000,635.251000,539.292000,12.228404,46.687915,1,0.087000,0.834211
SP_T_Jongkok_2,openpose,6,0.199871,ok,1,direct,0.837237,15,left_ankle,1,1,2.000000,706.460000,644.430000,2.000000,707.684000,639.148000,5.421965,46.687915,1,0.089000,0.966520
SP_T_Jongkok_2,openpose,6,0.199871,ok,1,direct,0.837237,16,right_ankle,1,1,2.000000,654.200000,642.550000,2.000000,649.039000,635.250000,8.940130,46.687915,1,0.089000,0.911574
SP_T_Jongkok_2,openpose,7,0.233183,ok,1,direct,0.827182,0,nose,0,0,0.000000,0.000000,0.000000,2.000000,643.137000,235.633000,,,,0.026000,
SP_T_Jongkok_2,openpose,7,0.233183,ok,1,direct,0.827182,1,left_eye,0,0,0.000000,0.000000,0.000000,2.000000,652.873000,225.827000,,,,0.025000,
SP_T_Jongkok_2,openpose,7,0.233183,ok,1,direct,0.827182,2,right_eye,0,0,0.000000,0.000000,0.000000,2.000000,635.293000,227.758000,,,,0.025000,
SP_T_Jongkok_2,openpose,7,0.233183,ok,1,direct,0.827182,3,left_ear,0,0,0.000000,0.000000,0.000000,2.000000,676.437000,229.752000,,,,0.035000,
SP_T_Jongkok_2,openpose,7,0.233183,ok,1,direct,0.827182,4,right_ear,0,0,0.000000,0.000000,0.000000,0.000000,0.000000,0.000000,,,,0.035000,
SP_T_Jongkok_2,openpose,7,0.233183,ok,1,direct,0.827182,5,left_shoulder,1,1,2.000000,705.960000,291.080000,2.000000,696.058000,280.678000,14.361449,47.369513,1,0.079000,0.744859
SP_T_Jongkok_2,openpose,7,0.233183,ok,1,direct,0.827182,6,right_shoulder,1,1,2.000000,630.740000,291.870000,2.000000,631.292000,288.552000,3.363603,47.369513,1,0.079000,0.983972
SP_T_Jongkok_2,openpose,7,0.233183,ok,1,direct,0.827182,7,left_elbow,1,1,2.000000,690.130000,331.040000,2.000000,690.087000,333.508000,2.468375,47.369513,1,0.072000,0.989579
SP_T_Jongkok_2,openpose,7,0.233183,ok,1,direct,0.827182,8,right_elbow,1,1,2.000000,591.040000,338.890000,2.000000,590.205000,335.538000,3.454436,47.369513,1,0.072000,0.979692
SP_T_Jongkok_2,openpose,7,0.233183,ok,1,direct,0.827182,9,left_wrist,1,1,2.000000,660.280000,375.590000,2.000000,658.812000,376.640000,1.804861,47.369513,1,0.062000,0.992475
SP_T_Jongkok_2,openpose,7,0.233183,ok,1,direct,0.827182,10,right_wrist,1,1,2.000000,547.730000,383.490000,2.000000,545.200000,378.640000,5.470229,47.369513,1,0.062000,0.932968
SP_T_Jongkok_2,openpose,7,0.233183,ok,1,direct,0.827182,11,left_hip,1,1,2.000000,704.770000,419.330000,2.000000,701.861000,421.753000,3.785923,47.369513,1,0.107000,0.988903
SP_T_Jongkok_2,openpose,7,0.233183,ok,1,direct,0.827182,12,right_hip,1,1,2.000000,650.590000,420.900000,2.000000,646.948000,423.707000,4.598197,47.369513,1,0.107000,0.983674
SP_T_Jongkok_2,openpose,7,0.233183,ok,1,direct,0.827182,13,left_knee,1,1,2.000000,683.580000,528.730000,2.000000,694.049000,531.410000,10.806589,47.369513,1,0.087000,0.871516
SP_T_Jongkok_2,openpose,7,0.233183,ok,1,direct,0.827182,14,right_knee,1,1,2.000000,631.990000,527.570000,2.000000,633.293000,539.262000,11.764382,47.369513,1,0.087000,0.849609
SP_T_Jongkok_2,openpose,7,0.233183,ok,1,direct,0.827182,15,left_ankle,1,1,2.000000,706.460000,644.490000,2.000000,705.798000,637.283000,7.237340,47.369513,1,0.089000,0.942763
SP_T_Jongkok_2,openpose,7,0.233183,ok,1,direct,0.827182,16,right_ankle,1,1,2.000000,654.200000,642.620000,2.000000,649.033000,635.252000,8.999184,47.369513,1,0.089000,0.912900
SP_T_Jongkok_2,openpose,8,0.266495,ok,1,direct,0.829002,0,nose,0,0,0.000000,0.000000,0.000000,2.000000,643.069000,239.495000,,,,0.026000,
SP_T_Jongkok_2,openpose,8,0.266495,ok,1,direct,0.829002,1,left_eye,0,0,0.000000,0.000000,0.000000,2.000000,650.969000,227.788000,,,,0.025000,
SP_T_Jongkok_2,openpose,8,0.266495,ok,1,direct,0.829002,2,right_eye,0,0,0.000000,0.000000,0.000000,2.000000,635.274000,229.750000,,,,0.025000,
SP_T_Jongkok_2,openpose,8,0.266495,ok,1,direct,0.829002,3,left_ear,0,0,0.000000,0.000000,0.000000,2.000000,676.416000,231.696000,,,,0.035000,
SP_T_Jongkok_2,openpose,8,0.266495,ok,1,direct,0.829002,4,right_ear,0,0,0.000000,0.000000,0.000000,0.000000,0.000000,0.000000,,,,0.035000,
SP_T_Jongkok_2,openpose,8,0.266495,ok,1,direct,0.829002,5,left_shoulder,1,1,2.000000,706.280000,292.740000,2.000000,697.912000,284.543000,11.713848,48.215770,1,0.079000,0.827666
SP_T_Jongkok_2,openpose,8,0.266495,ok,1,direct,0.829002,6,right_shoulder,1,1,2.000000,632.150000,294.040000,2.000000,631.377000,290.498000,3.625368,48.215770,1,0.079000,0.982045
SP_T_Jongkok_2,openpose,8,0.266495,ok,1,direct,0.829002,7,left_elbow,1,1,2.000000,687.840000,329.900000,2.000000,686.153000,327.652000,2.810600,48.215770,1,0.072000,0.986976
SP_T_Jongkok_2,openpose,8,0.266495,ok,1,direct,0.829002,8,right_elbow,1,1,2.000000,589.380000,336.850000,2.000000,588.201000,335.446000,1.833373,48.215770,1,0.072000,0.994437
SP_T_Jongkok_2,openpose,8,0.266495,ok,1,direct,0.829002,9,left_wrist,1,1,2.000000,655.300000,369.210000,2.000000,652.855000,366.905000,3.360216,48.215770,1,0.062000,0.975047
SP_T_Jongkok_2,openpose,8,0.266495,ok,1,direct,0.829002,10,right_wrist,1,1,2.000000,542.500000,376.350000,2.000000,539.237000,372.685000,4.907076,48.215770,1,0.062000,0.947536
SP_T_Jongkok_2,openpose,8,0.266495,ok,1,direct,0.829002,11,left_hip,1,1,2.000000,707.700000,419.970000,2.000000,703.848000,425.666000,6.876214,48.215770,1,0.107000,0.965095
SP_T_Jongkok_2,openpose,8,0.266495,ok,1,direct,0.829002,12,right_hip,1,1,2.000000,653.140000,421.530000,2.000000,650.867000,427.633000,6.512537,48.215770,1,0.107000,0.968632
SP_T_Jongkok_2,openpose,8,0.266495,ok,1,direct,0.829002,13,left_knee,1,1,2.000000,682.690000,529.100000,2.000000,694.007000,533.329000,12.081346,48.215770,1,0.087000,0.847132
SP_T_Jongkok_2,openpose,8,0.266495,ok,1,direct,0.829002,14,right_knee,1,1,2.000000,631.230000,527.830000,2.000000,631.369000,531.432000,3.604681,48.215770,1,0.087000,0.985340
SP_T_Jongkok_2,openpose,8,0.266495,ok,1,direct,0.829002,15,left_ankle,1,1,2.000000,706.460000,644.550000,2.000000,703.858000,639.188000,5.959987,48.215770,1,0.089000,0.962155
SP_T_Jongkok_2,openpose,8,0.266495,ok,1,direct,0.829002,16,right_ankle,1,1,2.000000,654.200000,642.680000,2.000000,650.870000,635.268000,8.125678,48.215770,1,0.089000,0.930799
SP_T_Jongkok_2,openpose,9,0.299807,ok,1,direct,0.827930,0,nose,0,0,0.000000,0.000000,0.000000,2.000000,644.988000,241.504000,,,,0.026000,
SP_T_Jongkok_2,openpose,9,0.299807,ok,1,direct,0.827930,1,left_eye,0,0,0.000000,0.000000,0.000000,2.000000,650.991000,229.792000,,,,0.025000,
SP_T_Jongkok_2,openpose,9,0.299807,ok,1,direct,0.827930,2,right_eye,0,0,0.000000,0.000000,0.000000,2.000000,635.312000,235.541000,,,,0.025000,
SP_T_Jongkok_2,openpose,9,0.299807,ok,1,direct,0.827930,3,left_ear,0,0,0.000000,0.000000,0.000000,2.000000,676.436000,235.560000,,,,0.035000,
SP_T_Jongkok_2,openpose,9,0.299807,ok,1,direct,0.827930,4,right_ear,0,0,0.000000,0.000000,0.000000,0.000000,0.000000,0.000000,,,,0.035000,
SP_T_Jongkok_2,openpose,9,0.299807,ok,1,direct,0.827930,5,left_shoulder,1,1,2.000000,706.600000,294.390000,2.000000,698.020000,288.514000,10.399220,49.280479,1,0.079000,0.867013
SP_T_Jongkok_2,openpose,9,0.299807,ok,1,direct,0.827930,6,right_shoulder,1,1,2.000000,633.550000,296.200000,2.000000,631.286000,296.297000,2.266077,49.280479,1,0.079000,0.993247
SP_T_Jongkok_2,openpose,9,0.299807,ok,1,direct,0.827930,7,left_elbow,1,1,2.000000,685.540000,328.750000,2.000000,684.270000,325.705000,3.299231,49.280479,1,0.072000,0.982857
SP_T_Jongkok_2,openpose,9,0.299807,ok,1,direct,0.827930,8,right_elbow,1,1,2.000000,587.720000,334.810000,2.000000,586.289000,333.528000,1.921272,49.280479,1,0.072000,0.994153
SP_T_Jongkok_2,openpose,9,0.299807,ok,1,direct,0.827930,9,left_wrist,1,1,2.000000,650.330000,362.830000,2.000000,648.901000,362.945000,1.433620,49.280479,1,0.062000,0.995607
SP_T_Jongkok_2,openpose,9,0.299807,ok,1,direct,0.827930,10,right_wrist,1,1,2.000000,537.270000,369.210000,2.000000,537.299000,362.982000,6.228068,49.280479,1,0.062000,0.920259
SP_T_Jongkok_2,openpose,9,0.299807,ok,1,direct,0.827930,11,left_hip,1,1,2.000000,710.630000,420.600000,2.000000,705.759000,427.609000,8.535381,49.280479,1,0.107000,0.948946
SP_T_Jongkok_2,openpose,9,0.299807,ok,1,direct,0.827930,12,right_hip,1,1,2.000000,655.690000,422.170000,2.000000,649.021000,429.564000,9.957248,49.280479,1,0.107000,0.931167
SP_T_Jongkok_2,openpose,9,0.299807,ok,1,direct,0.827930,13,left_knee,1,1,2.000000,681.800000,529.470000,2.000000,693.970000,531.433000,12.327298,49.280479,1,0.087000,0.847606
SP_T_Jongkok_2,openpose,9,0.299807,ok,1,direct,0.827930,14,right_knee,1,1,2.000000,630.460000,528.080000,2.000000,631.270000,533.402000,5.383287,49.280479,1,0.087000,0.968961
SP_T_Jongkok_2,openpose,9,0.299807,ok,1,direct,0.827930,15,left_ankle,1,1,2.000000,706.460000,644.610000,2.000000,703.833000,641.091000,4.391411,49.280479,1,0.089000,0.980150
SP_T_Jongkok_2,openpose,9,0.299807,ok,1,direct,0.827930,16,right_ankle,1,1,2.000000,654.200000,642.750000,2.000000,649.022000,635.321000,9.055480,49.280479,1,0.089000,0.918278
SP_T_Jongkok_2,openpose,10,0.333119,ok,1,direct,0.824558,0,nose,0,0,0.000000,0.000000,0.000000,2.000000,643.148000,245.364000,,,,0.026000,
SP_T_Jongkok_2,openpose,10,0.333119,ok,1,direct,0.824558,1,left_eye,0,0,0.000000,0.000000,0.000000,2.000000,652.862000,235.633000,,,,0.025000,
SP_T_Jongkok_2,openpose,10,0.333119,ok,1,direct,0.824558,2,right_eye,0,0,0.000000,0.000000,0.000000,2.000000,635.340000,239.470000,,,,0.025000,
SP_T_Jongkok_2,openpose,10,0.333119,ok,1,direct,0.824558,3,left_ear,0,0,0.000000,0.000000,0.000000,2.000000,678.289000,241.433000,,,,0.035000,
SP_T_Jongkok_2,openpose,10,0.333119,ok,1,direct,0.824558,4,right_ear,0,0,0.000000,0.000000,0.000000,0.000000,0.000000,0.000000,,,,0.035000,
SP_T_Jongkok_2,openpose,10,0.333119,ok,1,direct,0.824558,5,left_shoulder,1,1,2.000000,706.920000,296.050000,2.000000,697.925000,290.518000,10.559974,50.313016,1,0.079000,0.868342
SP_T_Jongkok_2,openpose,10,0.333119,ok,1,direct,0.824558,6,right_shoulder,1,1,2.000000,634.950000,298.370000,2.000000,627.424000,304.089000,9.452388,50.313016,1,0.079000,0.893053
SP_T_Jongkok_2,openpose,10,0.333119,ok,1,direct,0.824558,7,left_elbow,1,1,2.000000,683.250000,327.600000,2.000000,680.308000,327.693000,2.943470,50.313016,1,0.072000,0.986882
SP_T_Jongkok_2,openpose,10,0.333119,ok,1,direct,0.824558,8,right_elbow,1,1,2.000000,586.070000,332.770000,2.000000,580.428000,335.511000,6.272579,50.313016,1,0.072000,0.941798
SP_T_Jongkok_2,openpose,10,0.333119,ok,1,direct,0.824558,9,left_wrist,1,1,2.000000,645.360000,356.460000,2.000000,643.132000,355.163000,2.578021,50.313016,1,0.062000,0.986433
SP_T_Jongkok_2,openpose,10,0.333119,ok,1,direct,0.824558,10,right_wrist,1,1,2.000000,532.040000,362.070000,2.000000,531.444000,360.926000,1.289943,50.313016,1,0.062000,0.996586
SP_T_Jongkok_2,openpose,10,0.333119,ok,1,direct,0.824558,11,left_hip,1,1,2.000000,713.570000,421.240000,2.000000,705.834000,433.468000,14.469612,50.313016,1,0.107000,0.865470
SP_T_Jongkok_2,openpose,10,0.333119,ok,1,direct,0.824558,12,right_hip,1,1,2.000000,658.240000,422.810000,2.000000,649.001000,435.439000,15.647708,50.313016,1,0.107000,0.844536
SP_T_Jongkok_2,openpose,10,0.333119,ok,1,direct,0.824558,13,left_knee,1,1,2.000000,680.900000,529.840000,2.000000,690.161000,529.472000,9.268309,50.313016,1,0.087000,0.914236
SP_T_Jongkok_2,openpose,10,0.333119,ok,1,direct,0.824558,14,right_knee,1,1,2.000000,629.700000,528.340000,2.000000,629.349000,535.369000,7.037758,50.313016,1,0.087000,0.949613
SP_T_Jongkok_2,openpose,10,0.333119,ok,1,direct,0.824558,15,left_ankle,1,1,2.000000,706.460000,644.670000,2.000000,703.792000,641.097000,4.459210,50.313016,1,0.089000,0.980362
SP_T_Jongkok_2,openpose,10,0.333119,ok,1,direct,0.824558,16,right_ankle,1,1,2.000000,654.200000,642.820000,2.000000,649.007000,635.293000,9.144560,50.313016,1,0.089000,0.919974
SP_T_Jongkok_2,openpose,11,0.366431,ok,1,direct,0.821425,0,nose,0,0,0.000000,0.000000,0.000000,2.000000,645.047000,251.213000,,,,0.026000,
SP_T_Jongkok_2,openpose,11,0.366431,ok,1,direct,0.821425,1,left_eye,0,0,0.000000,0.000000,0.000000,2.000000,652.905000,241.424000,,,,0.025000,
SP_T_Jongkok_2,openpose,11,0.366431,ok,1,direct,0.821425,2,right_eye,0,0,0.000000,0.000000,0.000000,2.000000,637.205000,243.402000,,,,0.025000,
SP_T_Jongkok_2,openpose,11,0.366431,ok,1,direct,0.821425,3,left_ear,0,0,0.000000,0.000000,0.000000,2.000000,678.310000,245.340000,,,,0.035000,
SP_T_Jongkok_2,openpose,11,0.366431,ok,1,direct,0.821425,4,right_ear,0,0,0.000000,0.000000,0.000000,0.000000,0.000000,0.000000,,,,0.035000,
SP_T_Jongkok_2,openpose,11,0.366431,ok,1,direct,0.821425,5,left_shoulder,1,1,2.000000,707.430000,299.950000,2.000000,697.968000,296.284000,10.147364,50.262762,1,0.079000,0.877556
SP_T_Jongkok_2,openpose,11,0.366431,ok,1,direct,0.821425,6,right_shoulder,1,1,2.000000,634.950000,301.740000,2.000000,629.349000,304.168000,6.104620,50.262762,1,0.079000,0.953828
SP_T_Jongkok_2,openpose,11,0.366431,ok,1,direct,0.821425,7,left_elbow,1,1,2.000000,682.610000,328.780000,2.000000,684.219000,331.614000,3.258901,50.262762,1,0.072000,0.983912
SP_T_Jongkok_2,openpose,11,0.366431,ok,1,direct,0.821425,8,right_elbow,1,1,2.000000,586.190000,334.290000,2.000000,576.471000,335.536000,9.798545,50.262762,1,0.072000,0.863621
SP_T_Jongkok_2,openpose,11,0.366431,ok,1,direct,0.821425,9,left_wrist,1,1,2.000000,643.440000,353.420000,2.000000,639.185000,349.240000,5.964681,50.262762,1,0.062000,0.929350
SP_T_Jongkok_2,openpose,11,0.366431,ok,1,direct,0.821425,10,right_wrist,1,1,2.000000,530.900000,358.850000,2.000000,523.604000,357.067000,7.510706,50.262762,1,0.062000,0.890319
SP_T_Jongkok_2,openpose,11,0.366431,ok,1,direct,0.821425,11,left_hip,1,1,2.000000,714.080000,424.620000,2.000000,709.641000,433.494000,9.922328,50.262762,1,0.107000,0.934189
SP_T_Jongkok_2,openpose,11,0.366431,ok,1,direct,0.821425,12,right_hip,1,1,2.000000,658.750000,426.940000,2.000000,650.950000,439.295000,14.611161,50.262762,1,0.107000,0.862761
SP_T_Jongkok_2,openpose,11,0.366431,ok,1,direct,0.821425,13,left_knee,1,1,2.000000,680.010000,530.210000,2.000000,690.112000,533.350000,10.578752,50.262762,1,0.087000,0.889542
SP_T_Jongkok_2,openpose,11,0.366431,ok,1,direct,0.821425,14,right_knee,1,1,2.000000,627.790000,529.580000,2.000000,627.407000,537.299000,7.728496,50.262762,1,0.087000,0.939439
SP_T_Jongkok_2,openpose,11,0.366431,ok,1,direct,0.821425,15,left_ankle,1,1,2.000000,706.460000,644.740000,2.000000,701.933000,639.234000,7.128097,50.262762,1,0.089000,0.950486
SP_T_Jongkok_2,openpose,11,0.366431,ok,1,direct,0.821425,16,right_ankle,1,1,2.000000,654.200000,642.880000,2.000000,649.008000,635.304000,9.184369,50.262762,1,0.089000,0.919150
SP_T_Jongkok_2,openpose,12,0.399743,ok,1,direct,0.815098,0,nose,0,0,0.000000,0.000000,0.000000,2.000000,645.046000,255.234000,,,,0.026000,
SP_T_Jongkok_2,openpose,12,0.399743,ok,1,direct,0.815098,1,left_eye,0,0,0.000000,0.000000,0.000000,2.000000,652.889000,243.507000,,,,0.025000,
SP_T_Jongkok_2,openpose,12,0.399743,ok,1,direct,0.815098,2,right_eye,0,0,0.000000,0.000000,0.000000,2.000000,637.195000,247.318000,,,,0.025000,
SP_T_Jongkok_2,openpose,12,0.399743,ok,1,direct,0.815098,3,left_ear,0,0,0.000000,0.000000,0.000000,2.000000,678.364000,247.375000,,,,0.035000,
SP_T_Jongkok_2,openpose,12,0.399743,ok,1,direct,0.815098,4,right_ear,0,0,0.000000,0.000000,0.000000,0.000000,0.000000,0.000000,,,,0.035000,
SP_T_Jongkok_2,openpose,12,0.399743,ok,1,direct,0.815098,5,left_shoulder,1,1,2.000000,707.940000,303.840000,2.000000,699.861000,298.318000,9.785843,50.208783,1,0.079000,0.885384
SP_T_Jongkok_2,openpose,12,0.399743,ok,1,direct,0.815098,6,right_shoulder,1,1,2.000000,634.950000,305.100000,2.000000,631.299000,306.075000,3.778945,50.208783,1,0.079000,0.982010
SP_T_Jongkok_2,openpose,12,0.399743,ok,1,direct,0.815098,7,left_elbow,1,1,2.000000,681.970000,329.960000,2.000000,684.252000,329.638000,2.304606,50.208783,1,0.072000,0.991905
SP_T_Jongkok_2,openpose,12,0.399743,ok,1,direct,0.815098,8,right_elbow,1,1,2.000000,586.320000,335.800000,2.000000,572.557000,335.461000,13.767174,50.208783,1,0.072000,0.748215
SP_T_Jongkok_2,openpose,12,0.399743,ok,1,direct,0.815098,9,left_wrist,1,1,2.000000,641.530000,350.380000,2.000000,635.324000,345.324000,8.004847,50.208783,1,0.062000,0.876123
SP_T_Jongkok_2,openpose,12,0.399743,ok,1,direct,0.815098,10,right_wrist,1,1,2.000000,529.750000,355.630000,2.000000,523.617000,351.241000,7.541685,50.208783,1,0.062000,0.889240
SP_T_Jongkok_2,openpose,12,0.399743,ok,1,direct,0.815098,11,left_hip,1,1,2.000000,714.590000,428.010000,2.000000,709.716000,437.387000,10.568065,50.208783,1,0.107000,0.925527
SP_T_Jongkok_2,openpose,12,0.399743,ok,1,direct,0.815098,12,right_hip,1,1,2.000000,659.260000,431.070000,2.000000,652.859000,443.203000,13.717962,50.208783,1,0.107000,0.877743
SP_T_Jongkok_2,openpose,12,0.399743,ok,1,direct,0.815098,13,left_knee,1,1,2.000000,679.120000,530.580000,2.000000,686.214000,529.518000,7.173052,50.208783,1,0.087000,0.947497
SP_T_Jongkok_2,openpose,12,0.399743,ok,1,direct,0.815098,14,right_knee,1,1,2.000000,625.870000,530.830000,2.000000,623.528000,539.219000,8.709781,50.208783,1,0.087000,0.923565
SP_T_Jongkok_2,openpose,12,0.399743,ok,1,direct,0.815098,15,left_ankle,1,1,2.000000,706.460000,644.800000,2.000000,703.782000,641.160000,4.518991,50.208783,1,0.089000,0.979754
SP_T_Jongkok_2,openpose,12,0.399743,ok,1,direct,0.815098,16,right_ankle,1,1,2.000000,654.200000,642.950000,2.000000,650.886000,635.310000,8.327797,50.208783,1,0.089000,0.932895
SP_T_Jongkok_2,openpose,13,0.433054,ok,1,direct,0.822900,0,nose,0,0,0.000000,0.000000,0.000000,2.000000,645.087000,259.077000,,,,0.026000,
SP_T_Jongkok_2,openpose,13,0.433054,ok,1,direct,0.822900,1,left_eye,0,0,0.000000,0.000000,0.000000,2.000000,654.805000,247.418000,,,,0.025000,
SP_T_Jongkok_2,openpose,13,0.433054,ok,1,direct,0.822900,2,right_eye,0,0,0.000000,0.000000,0.000000,2.000000,637.193000,251.299000,,,,0.025000,
SP_T_Jongkok_2,openpose,13,0.433054,ok,1,direct,0.822900,3,left_ear,0,0,0.000000,0.000000,0.000000,2.000000,680.250000,253.259000,,,,0.035000,
SP_T_Jongkok_2,openpose,13,0.433054,ok,1,direct,0.822900,4,right_ear,0,0,0.000000,0.000000,0.000000,0.000000,0.000000,0.000000,,,,0.035000,
SP_T_Jongkok_2,openpose,13,0.433054,ok,1,direct,0.822900,5,left_shoulder,1,1,2.000000,708.450000,307.740000,2.000000,699.904000,306.123000,8.697632,50.148930,1,0.079000,0.908105
SP_T_Jongkok_2,openpose,13,0.433054,ok,1,direct,0.822900,6,right_shoulder,1,1,2.000000,634.950000,308.470000,2.000000,631.335000,310.003000,3.926616,50.148930,1,0.079000,0.980545
SP_T_Jongkok_2,openpose,13,0.433054,ok,1,direct,0.822900,7,left_elbow,1,1,2.000000,681.330000,331.150000,2.000000,650.926000,337.518000,31.063719,50.148930,1,0.072000,0.227570
SP_T_Jongkok_2,openpose,13,0.433054,ok,1,direct,0.822900,8,right_elbow,1,1,2.000000,586.450000,337.320000,2.000000,578.426000,333.609000,8.840594,50.148930,1,0.072000,0.887013
SP_T_Jongkok_2,openpose,13,0.433054,ok,1,direct,0.822900,9,left_wrist,1,1,2.000000,639.620000,347.340000,2.000000,617.652000,349.260000,22.051744,50.148930,1,0.062000,0.365669
SP_T_Jongkok_2,openpose,13,0.433054,ok,1,direct,0.822900,10,right_wrist,1,1,2.000000,528.600000,352.420000,2.000000,527.465000,347.304000,5.240389,50.148930,1,0.062000,0.944770
SP_T_Jongkok_2,openpose,13,0.433054,ok,1,direct,0.822900,11,left_hip,1,1,2.000000,715.100000,431.390000,2.000000,709.713000,443.265000,13.039762,50.148930,1,0.107000,0.888600
SP_T_Jongkok_2,openpose,13,0.433054,ok,1,direct,0.822900,12,right_hip,1,1,2.000000,659.770000,435.210000,2.000000,652.913000,447.177000,13.792300,50.148930,1,0.107000,0.876224
SP_T_Jongkok_2,openpose,13,0.433054,ok,1,direct,0.822900,13,left_knee,1,1,2.000000,678.220000,530.950000,2.000000,684.274000,531.468000,6.076120,50.148930,1,0.087000,0.961953
SP_T_Jongkok_2,openpose,13,0.433054,ok,1,direct,0.822900,14,right_knee,1,1,2.000000,623.960000,532.080000,2.000000,621.570000,539.221000,7.530337,50.148930,1,0.087000,0.942161
SP_T_Jongkok_2,openpose,13,0.433054,ok,1,direct,0.822900,15,left_ankle,1,1,2.000000,706.460000,644.860000,2.000000,703.846000,641.165000,4.526149,50.148930,1,0.089000,0.979642
SP_T_Jongkok_2,openpose,13,0.433054,ok,1,direct,0.822900,16,right_ankle,1,1,2.000000,654.200000,643.020000,2.000000,648.953000,635.319000,9.318606,50.148930,1,0.089000,0.916510
SP_T_Jongkok_2,openpose,14,0.466366,ok,1,direct,0.820873,0,nose,0,0,0.000000,0.000000,0.000000,2.000000,647.020000,264.964000,,,,0.026000,
SP_T_Jongkok_2,openpose,14,0.466366,ok,1,direct,0.820873,1,left_eye,0,0,0.000000,0.000000,0.000000,2.000000,654.912000,255.191000,,,,0.025000,
SP_T_Jongkok_2,openpose,14,0.466366,ok,1,direct,0.820873,2,right_eye,0,0,0.000000,0.000000,0.000000,2.000000,637.293000,257.195000,,,,0.025000,
SP_T_Jongkok_2,openpose,14,0.466366,ok,1,direct,0.820873,3,left_ear,0,0,0.000000,0.000000,0.000000,2.000000,680.303000,259.069000,,,,0.035000,
SP_T_Jongkok_2,openpose,14,0.466366,ok,1,direct,0.820873,4,right_ear,0,0,0.000000,0.000000,0.000000,0.000000,0.000000,0.000000,,,,0.035000,
SP_T_Jongkok_2,openpose,14,0.466366,ok,1,direct,0.820873,5,left_shoulder,1,1,2.000000,708.960000,311.630000,2.000000,699.977000,308.074000,9.661233,50.084667,1,0.079000,0.887592
SP_T_Jongkok_2,openpose,14,0.466366,ok,1,direct,0.820873,6,right_shoulder,1,1,2.000000,634.950000,311.830000,2.000000,631.371000,315.858000,5.388323,50.084667,1,0.079000,0.963588
SP_T_Jongkok_2,openpose,14,0.466366,ok,1,direct,0.820873,7,left_elbow,1,1,2.000000,680.700000,332.330000,2.000000,646.966000,337.546000,34.134871,50.084667,1,0.072000,0.166617
SP_T_Jongkok_2,openpose,14,0.466366,ok,1,direct,0.820873,8,right_elbow,1,1,2.000000,586.580000,338.840000,2.000000,574.486000,335.493000,12.548595,50.084667,1,0.072000,0.784912
SP_T_Jongkok_2,openpose,14,0.466366,ok,1,direct,0.820873,9,left_wrist,1,1,2.000000,637.700000,344.310000,2.000000,602.010000,353.151000,36.768728,50.084667,1,0.062000,0.060561
SP_T_Jongkok_2,openpose,14,0.466366,ok,1,direct,0.820873,10,right_wrist,1,1,2.000000,527.450000,349.200000,2.000000,519.683000,347.277000,8.001513,50.084667,1,0.062000,0.875645
SP_T_Jongkok_2,openpose,14,0.466366,ok,1,direct,0.820873,11,left_hip,1,1,2.000000,715.610000,434.770000,2.000000,711.653000,445.212000,11.166612,50.084667,1,0.107000,0.916828
SP_T_Jongkok_2,openpose,14,0.466366,ok,1,direct,0.820873,12,right_hip,1,1,2.000000,660.280000,439.340000,2.000000,656.789000,447.219000,8.617756,50.084667,1,0.107000,0.949597
SP_T_Jongkok_2,openpose,14,0.466366,ok,1,direct,0.820873,13,left_knee,1,1,2.000000,677.330000,531.320000,2.000000,682.332000,531.463000,5.004044,50.084667,1,0.087000,0.973968
SP_T_Jongkok_2,openpose,14,0.466366,ok,1,direct,0.820873,14,right_knee,1,1,2.000000,622.050000,533.330000,2.000000,621.521000,537.341000,4.045734,50.084667,1,0.087000,0.982906
SP_T_Jongkok_2,openpose,14,0.466366,ok,1,direct,0.820873,15,left_ankle,1,1,2.000000,706.460000,644.920000,2.000000,703.845000,641.158000,4.581579,50.084667,1,0.089000,0.979093
SP_T_Jongkok_2,openpose,14,0.466366,ok,1,direct,0.820873,16,right_ankle,1,1,2.000000,654.200000,643.090000,2.000000,648.907000,637.158000,7.950124,50.084667,1,0.089000,0.938362
SP_T_Jongkok_2,openpose,15,0.499678,ok,1,direct,0.818667,0,nose,0,0,0.000000,0.000000,0.000000,2.000000,647.014000,270.802000,,,,0.026000,
SP_T_Jongkok_2,openpose,15,0.499678,ok,1,direct,0.818667,1,left_eye,0,0,0.000000,0.000000,0.000000,2.000000,654.885000,259.104000,,,,0.025000,
SP_T_Jongkok_2,openpose,15,0.499678,ok,1,direct,0.818667,2,right_eye,0,0,0.000000,0.000000,0.000000,2.000000,639.184000,261.104000,,,,0.025000,
SP_T_Jongkok_2,openpose,15,0.499678,ok,1,direct,0.818667,3,left_ear,0,0,0.000000,0.000000,0.000000,2.000000,680.285000,263.040000,,,,0.035000,
SP_T_Jongkok_2,openpose,15,0.499678,ok,1,direct,0.818667,4,right_ear,0,0,0.000000,0.000000,0.000000,0.000000,0.000000,0.000000,,,,0.035000,
SP_T_Jongkok_2,openpose,15,0.499678,ok,1,direct,0.818667,5,left_shoulder,1,1,2.000000,709.470000,315.530000,2.000000,705.753000,315.919000,3.737300,50.040279,1,0.079000,0.982284
SP_T_Jongkok_2,openpose,15,0.499678,ok,1,direct,0.818667,6,right_shoulder,1,1,2.000000,634.950000,315.190000,2.000000,633.306000,319.761000,4.857651,50.040279,1,0.079000,0.970253
SP_T_Jongkok_2,openpose,15,0.499678,ok,1,direct,0.818667,7,left_elbow,1,1,2.000000,680.060000,333.510000,2.000000,648.903000,337.553000,31.418219,50.040279,1,0.072000,0.218524
SP_T_Jongkok_2,openpose,15,0.499678,ok,1,direct,0.818667,8,right_elbow,1,1,2.000000,586.700000,340.360000,2.000000,574.525000,335.554000,13.089242,50.040279,1,0.072000,0.767997
SP_T_Jongkok_2,openpose,15,0.499678,ok,1,direct,0.818667,9,left_wrist,1,1,2.000000,635.790000,341.270000,2.000000,603.941000,351.130000,33.340342,50.040279,1,0.062000,0.099295
SP_T_Jongkok_2,openpose,15,0.499678,ok,1,direct,0.818667,10,right_wrist,1,1,2.000000,526.300000,345.980000,2.000000,519.634000,343.403000,7.146781,50.040279,1,0.062000,0.899310
SP_T_Jongkok_2,openpose,15,0.499678,ok,1,direct,0.818667,11,left_hip,1,1,2.000000,716.120000,438.150000,2.000000,711.705000,447.226000,10.092869,50.040279,1,0.107000,0.931402
SP_T_Jongkok_2,openpose,15,0.499678,ok,1,direct,0.818667,12,right_hip,1,1,2.000000,660.790000,443.470000,2.000000,656.831000,449.197000,6.962199,50.040279,1,0.107000,0.966750
SP_T_Jongkok_2,openpose,15,0.499678,ok,1,direct,0.818667,13,left_knee,1,1,2.000000,676.440000,531.690000,2.000000,682.233000,533.338000,6.022853,50.040279,1,0.087000,0.962445
SP_T_Jongkok_2,openpose,15,0.499678,ok,1,direct,0.818667,14,right_knee,1,1,2.000000,620.130000,534.580000,2.000000,619.622000,537.264000,2.731652,50.040279,1,0.087000,0.992157
SP_T_Jongkok_2,openpose,15,0.499678,ok,1,direct,0.818667,15,left_ankle,1,1,2.000000,706.460000,644.980000,2.000000,703.815000,641.160000,4.646335,50.040279,1,0.089000,0.978467
SP_T_Jongkok_2,openpose,15,0.499678,ok,1,direct,0.818667,16,right_ankle,1,1,2.000000,654.200000,643.150000,2.000000,648.916000,637.200000,7.957585,50.040279,1,0.089000,0.938144
SP_T_Jongkok_2,openpose,16,0.532990,ok,1,direct,0.827041,0,nose,0,0,0.000000,0.000000,0.000000,2.000000,647.019000,272.881000,,,,0.026000,
SP_T_Jongkok_2,openpose,16,0.532990,ok,1,direct,0.827041,1,left_eye,0,0,0.000000,0.000000,0.000000,2.000000,656.766000,263.029000,,,,0.025000,
SP_T_Jongkok_2,openpose,16,0.532990,ok,1,direct,0.827041,2,right_eye,0,0,0.000000,0.000000,0.000000,2.000000,639.182000,265.041000,,,,0.025000,
SP_T_Jongkok_2,openpose,16,0.532990,ok,1,direct,0.827041,3,left_ear,0,0,0.000000,0.000000,0.000000,2.000000,680.316000,268.894000,,,,0.035000,
SP_T_Jongkok_2,openpose,16,0.532990,ok,1,direct,0.827041,4,right_ear,0,0,0.000000,0.000000,0.000000,0.000000,0.000000,0.000000,,,,0.035000,
SP_T_Jongkok_2,openpose,16,0.532990,ok,1,direct,0.827041,5,left_shoulder,1,1,2.000000,709.470000,319.500000,2.000000,699.970000,317.921000,9.630329,49.728469,1,0.079000,0.886757
SP_T_Jongkok_2,openpose,16,0.532990,ok,1,direct,0.827041,6,right_shoulder,1,1,2.000000,636.100000,320.440000,2.000000,633.317000,321.755000,3.078037,49.728469,1,0.079000,0.987797
SP_T_Jongkok_2,openpose,16,0.532990,ok,1,direct,0.827041,7,left_elbow,1,1,2.000000,680.060000,337.660000,2.000000,643.046000,341.415000,37.203981,49.728469,1,0.072000,0.115394
SP_T_Jongkok_2,openpose,16,0.532990,ok,1,direct,0.827041,8,right_elbow,1,1,2.000000,586.700000,344.040000,2.000000,572.607000,337.529000,15.524361,49.728469,1,0.072000,0.686606
SP_T_Jongkok_2,openpose,16,0.532990,ok,1,direct,0.827041,9,left_wrist,1,1,2.000000,634.640000,343.420000,2.000000,590.248000,349.276000,44.776583,49.728469,1,0.062000,0.014724
SP_T_Jongkok_2,openpose,16,0.532990,ok,1,direct,0.827041,10,right_wrist,1,1,2.000000,527.200000,347.310000,2.000000,521.627000,343.335000,6.845360,49.728469,1,0.062000,0.906115
SP_T_Jongkok_2,openpose,16,0.532990,ok,1,direct,0.827041,11,left_hip,1,1,2.000000,717.010000,442.130000,2.000000,711.708000,453.015000,12.107619,49.728469,1,0.107000,0.901627
SP_T_Jongkok_2,openpose,16,0.532990,ok,1,direct,0.827041,12,right_hip,1,1,2.000000,661.690000,447.390000,2.000000,656.779000,455.055000,9.103304,49.728469,1,0.107000,0.943141
SP_T_Jongkok_2,openpose,16,0.532990,ok,1,direct,0.827041,13,left_knee,1,1,2.000000,675.930000,533.210000,2.000000,680.269000,535.379000,4.850926,49.728469,1,0.087000,0.975170
SP_T_Jongkok_2,openpose,16,0.532990,ok,1,direct,0.827041,14,right_knee,1,1,2.000000,618.980000,536.060000,2.000000,617.672000,537.345000,1.833600,49.728469,1,0.087000,0.996414
SP_T_Jongkok_2,openpose,16,0.532990,ok,1,direct,0.827041,15,left_ankle,1,1,2.000000,706.460000,645.210000,2.000000,703.826000,641.174000,4.819466,49.728469,1,0.089000,0.976563
SP_T_Jongkok_2,openpose,16,0.532990,ok,1,direct,0.827041,16,right_ankle,1,1,2.000000,654.200000,643.400000,2.000000,648.972000,637.197000,8.112287,49.728469,1,0.089000,0.935014
SP_T_Jongkok_2,openpose,17,0.566302,ok,1,direct,0.826110,0,nose,0,0,0.000000,0.000000,0.000000,2.000000,648.904000,278.678000,,,,0.026000,
SP_T_Jongkok_2,openpose,17,0.566302,ok,1,direct,0.826110,1,left_eye,0,0,0.000000,0.000000,0.000000,2.000000,656.829000,270.816000,,,,0.025000,
SP_T_Jongkok_2,openpose,17,0.566302,ok,1,direct,0.826110,2,right_eye,0,0,0.000000,0.000000,0.000000,2.000000,639.244000,272.793000,,,,0.025000,
SP_T_Jongkok_2,openpose,17,0.566302,ok,1,direct,0.826110,3,left_ear,0,0,0.000000,0.000000,0.000000,2.000000,680.371000,274.715000,,,,0.035000,
SP_T_Jongkok_2,openpose,17,0.566302,ok,1,direct,0.826110,4,right_ear,0,0,0.000000,0.000000,0.000000,0.000000,0.000000,0.000000,,,,0.035000,
SP_T_Jongkok_2,openpose,17,0.566302,ok,1,direct,0.826110,5,left_shoulder,1,1,2.000000,709.470000,323.470000,2.000000,699.881000,321.818000,9.730263,49.441370,1,0.079000,0.883273
SP_T_Jongkok_2,openpose,17,0.566302,ok,1,direct,0.826110,6,right_shoulder,1,1,2.000000,637.250000,325.690000,2.000000,637.163000,323.808000,1.884010,49.441370,1,0.079000,0.995358
SP_T_Jongkok_2,openpose,17,0.566302,ok,1,direct,0.826110,7,left_elbow,1,1,2.000000,680.060000,341.810000,2.000000,639.168000,345.279000,41.038879,49.441370,1,0.072000,0.070080
SP_T_Jongkok_2,openpose,17,0.566302,ok,1,direct,0.826110,8,right_elbow,1,1,2.000000,586.700000,347.730000,2.000000,578.439000,339.499000,11.661624,49.441370,1,0.072000,0.806835
SP_T_Jongkok_2,openpose,17,0.566302,ok,1,direct,0.826110,9,left_wrist,1,1,2.000000,633.500000,345.560000,2.000000,584.309000,351.160000,49.508731,49.441370,0,0.062000,0.005423
SP_T_Jongkok_2,openpose,17,0.566302,ok,1,direct,0.826110,10,right_wrist,1,1,2.000000,528.090000,348.640000,2.000000,521.654000,343.338000,8.338663,49.441370,1,0.062000,0.862432
SP_T_Jongkok_2,openpose,17,0.566302,ok,1,direct,0.826110,11,left_hip,1,1,2.000000,717.900000,446.110000,2.000000,713.620000,456.996000,11.697153,49.441370,1,0.107000,0.906850
SP_T_Jongkok_2,openpose,17,0.566302,ok,1,direct,0.826110,12,right_hip,1,1,2.000000,662.580000,451.310000,2.000000,660.682000,458.918000,7.841178,49.441370,1,0.107000,0.957013
SP_T_Jongkok_2,openpose,17,0.566302,ok,1,direct,0.826110,13,left_knee,1,1,2.000000,675.420000,534.720000,2.000000,680.249000,537.251000,5.452082,49.441370,1,0.087000,0.968379
SP_T_Jongkok_2,openpose,17,0.566302,ok,1,direct,0.826110,14,right_knee,1,1,2.000000,617.840000,537.540000,2.000000,617.564000,537.291000,0.371722,49.441370,1,0.087000,0.999851
SP_T_Jongkok_2,openpose,17,0.566302,ok,1,direct,0.826110,15,left_ankle,1,1,2.000000,706.460000,645.430000,2.000000,703.801000,643.080000,3.548631,49.441370,1,0.089000,0.987077
SP_T_Jongkok_2,openpose,17,0.566302,ok,1,direct,0.826110,16,right_ankle,1,1,2.000000,654.200000,643.650000,2.000000,648.990000,637.242000,8.258727,49.441370,1,0.089000,0.931972
SP_T_Jongkok_2,openpose,18,0.599614,ok,1,direct,0.804400,0,nose,0,0,0.000000,0.000000,0.000000,2.000000,648.919000,284.592000,,,,0.026000,
SP_T_Jongkok_2,openpose,18,0.599614,ok,1,direct,0.804400,1,left_eye,0,0,0.000000,0.000000,0.000000,2.000000,656.836000,274.730000,,,,0.025000,
SP_T_Jongkok_2,openpose,18,0.599614,ok,1,direct,0.804400,2,right_eye,0,0,0.000000,0.000000,0.000000,2.000000,641.117000,276.713000,,,,0.025000,
SP_T_Jongkok_2,openpose,18,0.599614,ok,1,direct,0.804400,3,left_ear,0,0,0.000000,0.000000,0.000000,2.000000,682.248000,276.806000,,,,0.035000,
SP_T_Jongkok_2,openpose,18,0.599614,ok,1,direct,0.804400,4,right_ear,0,0,0.000000,0.000000,0.000000,0.000000,0.000000,0.000000,,,,0.035000,
SP_T_Jongkok_2,openpose,18,0.599614,ok,1,direct,0.804400,5,left_shoulder,1,1,2.000000,709.470000,327.440000,2.000000,703.835000,327.636000,5.638408,49.154662,1,0.079000,0.958711
SP_T_Jongkok_2,openpose,18,0.599614,ok,1,direct,0.804400,6,right_shoulder,1,1,2.000000,638.400000,330.940000,2.000000,637.277000,327.666000,3.461243,49.154662,1,0.079000,0.984236
SP_T_Jongkok_2,openpose,18,0.599614,ok,1,direct,0.804400,7,left_elbow,1,1,2.000000,680.060000,345.960000,2.000000,641.090000,345.306000,38.975487,49.154662,1,0.072000,0.088425
SP_T_Jongkok_2,openpose,18,0.599614,ok,1,direct,0.804400,8,right_elbow,1,1,2.000000,586.700000,351.420000,2.000000,580.408000,347.267000,7.539010,49.154662,1,0.072000,0.913243
SP_T_Jongkok_2,openpose,18,0.599614,ok,1,direct,0.804400,9,left_wrist,1,1,2.000000,632.350000,347.710000,2.000000,586.256000,353.085000,46.406330,49.154662,1,0.062000,0.009683
SP_T_Jongkok_2,openpose,18,0.599614,ok,1,direct,0.804400,10,right_wrist,1,1,2.000000,528.980000,349.970000,2.000000,525.599000,345.348000,5.726609,49.154662,1,0.062000,0.931818
SP_T_Jongkok_2,openpose,18,0.599614,ok,1,direct,0.804400,11,left_hip,1,1,2.000000,718.800000,450.090000,2.000000,713.640000,460.923000,11.999145,49.154662,1,0.107000,0.901139
SP_T_Jongkok_2,openpose,18,0.599614,ok,1,direct,0.804400,12,right_hip,1,1,2.000000,663.470000,455.230000,2.000000,660.665000,464.809000,9.981246,49.154662,1,0.107000,0.930505
SP_T_Jongkok_2,openpose,18,0.599614,ok,1,direct,0.804400,13,left_knee,1,1,2.000000,674.910000,536.240000,2.000000,678.327000,539.209000,4.526682,49.154662,1,0.087000,0.977840
SP_T_Jongkok_2,openpose,18,0.599614,ok,1,direct,0.804400,14,right_knee,1,1,2.000000,616.690000,539.020000,2.000000,615.705000,539.238000,1.008835,49.154662,1,0.087000,0.998888
SP_T_Jongkok_2,openpose,18,0.599614,ok,1,direct,0.804400,15,left_ankle,1,1,2.000000,706.460000,645.660000,2.000000,703.815000,643.085000,3.691429,49.154662,1,0.089000,0.985861
SP_T_Jongkok_2,openpose,18,0.599614,ok,1,direct,0.804400,16,right_ankle,1,1,2.000000,654.200000,643.900000,2.000000,650.870000,637.271000,7.418392,49.154662,1,0.089000,0.944113
SP_T_Jongkok_2,openpose,19,0.632926,ok,1,direct,0.799347,0,nose,0,0,0.000000,0.000000,0.000000,2.000000,648.953000,288.533000,,,,0.026000,
SP_T_Jongkok_2,openpose,19,0.632926,ok,1,direct,0.799347,1,left_eye,0,0,0.000000,0.000000,0.000000,2.000000,658.729000,278.649000,,,,0.025000,
SP_T_Jongkok_2,openpose,19,0.632926,ok,1,direct,0.799347,2,right_eye,0,0,0.000000,0.000000,0.000000,2.000000,641.138000,280.674000,,,,0.025000,
SP_T_Jongkok_2,openpose,19,0.632926,ok,1,direct,0.799347,3,left_ear,0,0,0.000000,0.000000,0.000000,2.000000,682.329000,282.562000,,,,0.035000,
SP_T_Jongkok_2,openpose,19,0.632926,ok,1,direct,0.799347,4,right_ear,0,0,0.000000,0.000000,0.000000,0.000000,0.000000,0.000000,,,,0.035000,
SP_T_Jongkok_2,openpose,19,0.632926,ok,1,direct,0.799347,5,left_shoulder,1,1,2.000000,709.470000,331.410000,2.000000,705.765000,331.603000,3.710023,48.864954,1,0.079000,0.981697
SP_T_Jongkok_2,openpose,19,0.632926,ok,1,direct,0.799347,6,right_shoulder,1,1,2.000000,639.540000,336.190000,2.000000,643.087000,335.455000,3.622352,48.864954,1,0.079000,0.982544
SP_T_Jongkok_2,openpose,19,0.632926,ok,1,direct,0.799347,7,left_elbow,1,1,2.000000,680.060000,350.110000,2.000000,645.071000,349.163000,35.001813,48.864954,1,0.072000,0.138141
SP_T_Jongkok_2,openpose,19,0.632926,ok,1,direct,0.799347,8,right_elbow,1,1,2.000000,586.700000,355.110000,2.000000,576.524000,351.128000,10.927365,48.864954,1,0.072000,0.824539
SP_T_Jongkok_2,openpose,19,0.632926,ok,1,direct,0.799347,9,left_wrist,1,1,2.000000,631.200000,349.860000,2.000000,617.585000,349.274000,13.627605,48.864954,1,0.062000,0.667203
SP_T_Jongkok_2,openpose,19,0.632926,ok,1,direct,0.799347,10,right_wrist,1,1,2.000000,529.870000,351.300000,2.000000,527.485000,349.220000,3.164589,48.864954,1,0.062000,0.978415
SP_T_Jongkok_2,openpose,19,0.632926,ok,1,direct,0.799347,11,left_hip,1,1,2.000000,719.690000,454.070000,2.000000,717.528000,464.793000,10.938783,48.864954,1,0.107000,0.916182
SP_T_Jongkok_2,openpose,19,0.632926,ok,1,direct,0.799347,12,right_hip,1,1,2.000000,664.360000,459.150000,2.000000,662.721000,468.741000,9.730036,48.864954,1,0.107000,0.933082
SP_T_Jongkok_2,openpose,19,0.632926,ok,1,direct,0.799347,13,left_knee,1,1,2.000000,674.400000,537.750000,2.000000,676.385000,539.324000,2.533318,48.864954,1,0.087000,0.992923
SP_T_Jongkok_2,openpose,19,0.632926,ok,1,direct,0.799347,14,right_knee,1,1,2.000000,615.540000,540.500000,2.000000,613.748000,539.233000,2.194665,48.864954,1,0.087000,0.994684
SP_T_Jongkok_2,openpose,19,0.632926,ok,1,direct,0.799347,15,left_ankle,1,1,2.000000,706.460000,645.890000,2.000000,703.794000,643.083000,3.871280,48.864954,1,0.089000,0.984277
SP_T_Jongkok_2,openpose,19,0.632926,ok,1,direct,0.799347,16,right_ankle,1,1,2.000000,654.200000,644.150000,2.000000,648.970000,637.221000,8.681241,48.864954,1,0.089000,0.923400
SP_T_Jongkok_2,openpose,20,0.666238,ok,1,direct,0.805313,0,nose,0,0,0.000000,0.000000,0.000000,2.000000,648.978000,292.487000,,,,0.026000,
SP_T_Jongkok_2,openpose,20,0.666238,ok,1,direct,0.805313,1,left_eye,0,0,0.000000,0.000000,0.000000,2.000000,658.753000,286.467000,,,,0.025000,
SP_T_Jongkok_2,openpose,20,0.666238,ok,1,direct,0.805313,2,right_eye,0,0,0.000000,0.000000,0.000000,2.000000,641.164000,288.418000,,,,0.025000,
SP_T_Jongkok_2,openpose,20,0.666238,ok,1,direct,0.805313,3,left_ear,0,0,0.000000,0.000000,0.000000,2.000000,682.284000,288.528000,,,,0.035000,
SP_T_Jongkok_2,openpose,20,0.666238,ok,1,direct,0.805313,4,right_ear,0,0,0.000000,0.000000,0.000000,0.000000,0.000000,0.000000,,,,0.035000,
SP_T_Jongkok_2,openpose,20,0.666238,ok,1,direct,0.805313,5,left_shoulder,1,1,2.000000,709.470000,335.380000,2.000000,703.864000,337.419000,5.965296,48.572239,1,0.079000,0.952814
SP_T_Jongkok_2,openpose,20,0.666238,ok,1,direct,0.805313,6,right_shoulder,1,1,2.000000,640.690000,341.440000,2.000000,641.109000,339.372000,2.110020,48.572239,1,0.079000,0.993971
SP_T_Jongkok_2,openpose,20,0.666238,ok,1,direct,0.805313,7,left_elbow,1,1,2.000000,680.060000,354.250000,2.000000,645.091000,351.215000,35.100458,48.572239,1,0.072000,0.133358
SP_T_Jongkok_2,openpose,20,0.666238,ok,1,direct,0.805313,8,right_elbow,1,1,2.000000,586.700000,358.800000,2.000000,580.365000,353.164000,8.479193,48.572239,1,0.072000,0.889078
SP_T_Jongkok_2,openpose,20,0.666238,ok,1,direct,0.805313,9,left_wrist,1,1,2.000000,630.050000,352.010000,2.000000,611.728000,353.149000,18.357369,48.572239,1,0.062000,0.475601
SP_T_Jongkok_2,openpose,20,0.666238,ok,1,direct,0.805313,10,right_wrist,1,1,2.000000,530.770000,352.630000,2.000000,525.523000,351.115000,5.461340,48.572239,1,0.062000,0.936340
SP_T_Jongkok_2,openpose,20,0.666238,ok,1,direct,0.805313,11,left_hip,1,1,2.000000,720.580000,458.050000,2.000000,719.498000,466.819000,8.835501,48.572239,1,0.107000,0.943836
SP_T_Jongkok_2,openpose,20,0.666238,ok,1,direct,0.805313,12,right_hip,1,1,2.000000,665.260000,463.070000,2.000000,668.574000,470.695000,8.314038,48.572239,1,0.107000,0.950107
SP_T_Jongkok_2,openpose,20,0.666238,ok,1,direct,0.805313,13,left_knee,1,1,2.000000,673.890000,539.260000,2.000000,676.357000,541.243000,3.165182,48.572239,1,0.087000,0.988842
SP_T_Jongkok_2,openpose,20,0.666238,ok,1,direct,0.805313,14,right_knee,1,1,2.000000,614.390000,541.990000,2.000000,613.737000,539.267000,2.800203,48.572239,1,0.087000,0.991256
SP_T_Jongkok_2,openpose,20,0.666238,ok,1,direct,0.805313,15,left_ankle,1,1,2.000000,706.460000,646.120000,2.000000,701.917000,643.132000,5.437554,48.572239,1,0.089000,0.968852
SP_T_Jongkok_2,openpose,20,0.666238,ok,1,direct,0.805313,16,right_ankle,1,1,2.000000,654.200000,644.390000,2.000000,648.966000,639.166000,7.394926,48.572239,1,0.089000,0.943155
SP_T_Jongkok_2,openpose,21,0.699549,ok,1,direct,0.804601,0,nose,0,0,0.000000,0.000000,0.000000,2.000000,650.884000,296.387000,,,,0.026000,
SP_T_Jongkok_2,openpose,21,0.699549,ok,1,direct,0.804601,1,left_eye,0,0,0.000000,0.000000,0.000000,2.000000,660.717000,288.515000,,,,0.025000,
SP_T_Jongkok_2,openpose,21,0.699549,ok,1,direct,0.804601,2,right_eye,0,0,0.000000,0.000000,0.000000,2.000000,645.016000,290.402000,,,,0.025000,
SP_T_Jongkok_2,openpose,21,0.699549,ok,1,direct,0.804601,3,left_ear,0,0,0.000000,0.000000,0.000000,2.000000,682.352000,294.316000,,,,0.035000,
SP_T_Jongkok_2,openpose,21,0.699549,ok,1,direct,0.804601,4,right_ear,0,0,0.000000,0.000000,0.000000,0.000000,0.000000,0.000000,,,,0.035000,
SP_T_Jongkok_2,openpose,21,0.699549,ok,1,direct,0.804601,5,left_shoulder,1,1,2.000000,709.980000,340.480000,2.000000,707.737000,341.369000,2.412752,48.338418,1,0.079000,0.992048
SP_T_Jongkok_2,openpose,21,0.699549,ok,1,direct,0.804601,6,right_shoulder,1,1,2.000000,642.730000,345.650000,2.000000,641.103000,341.427000,4.525578,48.338418,1,0.079000,0.972302
SP_T_Jongkok_2,openpose,21,0.699549,ok,1,direct,0.804601,7,left_elbow,1,1,2.000000,678.660000,358.080000,2.000000,656.859000,355.143000,21.997945,48.338418,1,0.072000,0.449781
SP_T_Jongkok_2,openpose,21,0.699549,ok,1,direct,0.804601,8,right_elbow,1,1,2.000000,588.230000,361.860000,2.000000,574.493000,358.994000,14.032787,48.338418,1,0.072000,0.722427
SP_T_Jongkok_2,openpose,21,0.699549,ok,1,direct,0.804601,9,left_wrist,1,1,2.000000,628.780000,354.940000,2.000000,617.624000,353.195000,11.291650,48.338418,1,0.062000,0.752836
SP_T_Jongkok_2,openpose,21,0.699549,ok,1,direct,0.804601,10,right_wrist,1,1,2.000000,530.900000,355.690000,2.000000,523.555000,351.256000,8.579591,48.338418,1,0.062000,0.848822
SP_T_Jongkok_2,openpose,21,0.699549,ok,1,direct,0.804601,11,left_hip,1,1,2.000000,721.980000,461.110000,2.000000,719.498000,472.656000,11.809760,48.338418,1,0.107000,0.900982
SP_T_Jongkok_2,openpose,21,0.699549,ok,1,direct,0.804601,12,right_hip,1,1,2.000000,666.790000,466.130000,2.000000,664.647000,474.622000,8.758225,48.338418,1,0.107000,0.944266
SP_T_Jongkok_2,openpose,21,0.699549,ok,1,direct,0.804601,13,left_knee,1,1,2.000000,673.120000,540.410000,2.000000,676.374000,543.199000,4.285678,48.338418,1,0.087000,0.979444
SP_T_Jongkok_2,openpose,21,0.699549,ok,1,direct,0.804601,14,right_knee,1,1,2.000000,613.500000,542.240000,2.000000,611.761000,541.186000,2.033479,48.338418,1,0.087000,0.995335
SP_T_Jongkok_2,openpose,21,0.699549,ok,1,direct,0.804601,15,left_ankle,1,1,2.000000,706.460000,646.190000,2.000000,701.918000,643.121000,5.481653,48.338418,1,0.089000,0.968051
SP_T_Jongkok_2,openpose,21,0.699549,ok,1,direct,0.804601,16,right_ankle,1,1,2.000000,654.200000,644.480000,2.000000,650.872000,639.225000,6.220178,48.338418,1,0.089000,0.959053
SP_T_Jongkok_2,openpose,22,0.732861,ok,1,direct,0.789032,0,nose,0,0,0.000000,0.000000,0.000000,2.000000,650.883000,304.138000,,,,0.026000,
SP_T_Jongkok_2,openpose,22,0.732861,ok,1,direct,0.789032,1,left_eye,0,0,0.000000,0.000000,0.000000,2.000000,660.727000,292.438000,,,,0.025000,
SP_T_Jongkok_2,openpose,22,0.732861,ok,1,direct,0.789032,2,right_eye,0,0,0.000000,0.000000,0.000000,2.000000,645.007000,294.437000,,,,0.025000,
SP_T_Jongkok_2,openpose,22,0.732861,ok,1,direct,0.789032,3,left_ear,0,0,0.000000,0.000000,0.000000,2.000000,684.187000,296.358000,,,,0.035000,
SP_T_Jongkok_2,openpose,22,0.732861,ok,1,direct,0.789032,4,right_ear,0,0,0.000000,0.000000,0.000000,0.000000,0.000000,0.000000,,,,0.035000,
SP_T_Jongkok_2,openpose,22,0.732861,ok,1,direct,0.789032,5,left_shoulder,1,1,2.000000,710.490000,345.580000,2.000000,703.857000,345.295000,6.639120,48.101449,1,0.079000,0.940777
SP_T_Jongkok_2,openpose,22,0.732861,ok,1,direct,0.789032,6,right_shoulder,1,1,2.000000,644.770000,349.860000,2.000000,645.029000,347.267000,2.605903,48.101449,1,0.079000,0.990639
SP_T_Jongkok_2,openpose,22,0.732861,ok,1,direct,0.789032,7,left_elbow,1,1,2.000000,677.250000,361.910000,2.000000,647.043000,359.019000,30.345028,48.101449,1,0.072000,0.215368
SP_T_Jongkok_2,openpose,22,0.732861,ok,1,direct,0.789032,8,right_elbow,1,1,2.000000,589.760000,364.920000,2.000000,578.442000,361.009000,11.974684,48.101449,1,0.072000,0.787337
SP_T_Jongkok_2,openpose,22,0.732861,ok,1,direct,0.789032,9,left_wrist,1,1,2.000000,627.500000,357.870000,2.000000,613.639000,355.158000,14.123819,48.101449,1,0.062000,0.638538
SP_T_Jongkok_2,openpose,22,0.732861,ok,1,direct,0.789032,10,right_wrist,1,1,2.000000,531.020000,358.750000,2.000000,523.581000,353.203000,9.279436,48.101449,1,0.062000,0.823962
SP_T_Jongkok_2,openpose,22,0.732861,ok,1,direct,0.789032,11,left_hip,1,1,2.000000,723.390000,464.170000,2.000000,719.527000,476.518000,12.938156,48.101449,1,0.107000,0.881277
SP_T_Jongkok_2,openpose,22,0.732861,ok,1,direct,0.789032,12,right_hip,1,1,2.000000,668.320000,469.190000,2.000000,666.548000,478.564000,9.540014,48.101449,1,0.107000,0.933594
SP_T_Jongkok_2,openpose,22,0.732861,ok,1,direct,0.789032,13,left_knee,1,1,2.000000,672.360000,541.560000,2.000000,676.363000,543.182000,4.319131,48.101449,1,0.087000,0.978921
SP_T_Jongkok_2,openpose,22,0.732861,ok,1,direct,0.789032,14,right_knee,1,1,2.000000,612.610000,542.500000,2.000000,609.758000,541.276000,3.103559,48.101449,1,0.087000,0.989060
SP_T_Jongkok_2,openpose,22,0.732861,ok,1,direct,0.789032,15,left_ankle,1,1,2.000000,706.460000,646.270000,2.000000,703.790000,643.145000,4.110295,48.101449,1,0.089000,0.981732
SP_T_Jongkok_2,openpose,22,0.732861,ok,1,direct,0.789032,16,right_ankle,1,1,2.000000,654.200000,644.560000,2.000000,650.927000,643.052000,3.603692,48.101449,1,0.089000,0.985928
SP_T_Jongkok_2,openpose,23,0.766173,ok,1,direct,0.782093,0,nose,0,0,0.000000,0.000000,0.000000,2.000000,649.035000,308.070000,,,,0.026000,
SP_T_Jongkok_2,openpose,23,0.766173,ok,1,direct,0.782093,1,left_eye,0,0,0.000000,0.000000,0.000000,2.000000,660.663000,300.199000,,,,0.025000,
SP_T_Jongkok_2,openpose,23,0.766173,ok,1,direct,0.782093,2,right_eye,0,0,0.000000,0.000000,0.000000,2.000000,644.987000,302.138000,,,,0.025000,
SP_T_Jongkok_2,openpose,23,0.766173,ok,1,direct,0.782093,3,left_ear,0,0,0.000000,0.000000,0.000000,2.000000,682.342000,304.114000,,,,0.035000,
SP_T_Jongkok_2,openpose,23,0.766173,ok,1,direct,0.782093,4,right_ear,0,0,0.000000,0.000000,0.000000,0.000000,0.000000,0.000000,,,,0.035000,
SP_T_Jongkok_2,openpose,23,0.766173,ok,1,direct,0.782093,5,left_shoulder,1,1,2.000000,711.000000,350.690000,2.000000,703.797000,349.281000,7.339516,47.854614,1,0.079000,0.927390
SP_T_Jongkok_2,openpose,23,0.766173,ok,1,direct,0.782093,6,right_shoulder,1,1,2.000000,646.810000,354.070000,2.000000,645.025000,351.252000,3.335768,47.854614,1,0.079000,0.984549
SP_T_Jongkok_2,openpose,23,0.766173,ok,1,direct,0.782093,7,left_elbow,1,1,2.000000,675.850000,365.730000,2.000000,647.026000,362.915000,28.961133,47.854614,1,0.072000,0.243407
SP_T_Jongkok_2,openpose,23,0.766173,ok,1,direct,0.782093,8,right_elbow,1,1,2.000000,591.290000,367.980000,2.000000,578.445000,366.780000,12.900931,47.854614,1,0.072000,0.755491
SP_T_Jongkok_2,openpose,23,0.766173,ok,1,direct,0.782093,9,left_wrist,1,1,2.000000,626.230000,360.810000,2.000000,613.682000,359.057000,12.669858,47.854614,1,0.062000,0.694401
SP_T_Jongkok_2,openpose,23,0.766173,ok,1,direct,0.782093,10,right_wrist,1,1,2.000000,531.150000,361.810000,2.000000,527.483000,357.082000,5.983383,47.854614,1,0.062000,0.921882
SP_T_Jongkok_2,openpose,23,0.766173,ok,1,direct,0.782093,11,left_hip,1,1,2.000000,724.790000,467.230000,2.000000,721.409000,478.561000,11.824666,47.854614,1,0.107000,0.898833
SP_T_Jongkok_2,openpose,23,0.766173,ok,1,direct,0.782093,12,right_hip,1,1,2.000000,669.850000,472.250000,2.000000,664.680000,482.484000,11.465760,47.854614,1,0.107000,0.904583
SP_T_Jongkok_2,openpose,23,0.766173,ok,1,direct,0.782093,13,left_knee,1,1,2.000000,671.590000,542.710000,2.000000,674.458000,545.181000,3.785666,47.854614,1,0.087000,0.983600
SP_T_Jongkok_2,openpose,23,0.766173,ok,1,direct,0.782093,14,right_knee,1,1,2.000000,611.720000,542.750000,2.000000,607.830000,543.237000,3.920366,47.854614,1,0.087000,0.982423
SP_T_Jongkok_2,openpose,23,0.766173,ok,1,direct,0.782093,15,left_ankle,1,1,2.000000,706.460000,646.350000,2.000000,703.835000,645.067000,2.921766,47.854614,1,0.089000,0.990632
SP_T_Jongkok_2,openpose,23,0.766173,ok,1,direct,0.782093,16,right_ankle,1,1,2.000000,654.200000,644.650000,2.000000,650.934000,641.183000,4.763071,47.854614,1,0.089000,0.975297
SP_T_Jongkok_2,openpose,24,0.799485,ok,1,direct,0.782583,0,nose,0,0,0.000000,0.000000,0.000000,2.000000,650.925000,312.019000,,,,0.026000,
SP_T_Jongkok_2,openpose,24,0.799485,ok,1,direct,0.782583,1,left_eye,0,0,0.000000,0.000000,0.000000,2.000000,660.767000,304.129000,,,,0.025000,
SP_T_Jongkok_2,openpose,24,0.799485,ok,1,direct,0.782583,2,right_eye,0,0,0.000000,0.000000,0.000000,2.000000,645.084000,304.219000,,,,0.025000,
SP_T_Jongkok_2,openpose,24,0.799485,ok,1,direct,0.782583,3,left_ear,0,0,0.000000,0.000000,0.000000,2.000000,684.281000,306.181000,,,,0.035000,
SP_T_Jongkok_2,openpose,24,0.799485,ok,1,direct,0.782583,4,right_ear,0,0,0.000000,0.000000,0.000000,0.000000,0.000000,0.000000,,,,0.035000,
SP_T_Jongkok_2,openpose,24,0.799485,ok,1,direct,0.782583,5,left_shoulder,1,1,2.000000,711.510000,355.790000,2.000000,703.839000,351.244000,8.916858,47.601951,1,0.079000,0.893644
SP_T_Jongkok_2,openpose,24,0.799485,ok,1,direct,0.782583,6,right_shoulder,1,1,2.000000,648.850000,358.280000,2.000000,647.020000,355.084000,3.682841,47.601951,1,0.079000,0.981001
SP_T_Jongkok_2,openpose,24,0.799485,ok,1,direct,0.782583,7,left_elbow,1,1,2.000000,674.450000,369.560000,2.000000,645.087000,366.788000,29.493554,47.601951,1,0.072000,0.227399
SP_T_Jongkok_2,openpose,24,0.799485,ok,1,direct,0.782583,8,right_elbow,1,1,2.000000,592.820000,371.040000,2.000000,580.415000,366.898000,13.078233,47.601951,1,0.072000,0.747355
SP_T_Jongkok_2,openpose,24,0.799485,ok,1,direct,0.782583,9,left_wrist,1,1,2.000000,624.950000,363.740000,2.000000,613.706000,364.868000,11.300439,47.601951,1,0.062000,0.745861
SP_T_Jongkok_2,openpose,24,0.799485,ok,1,direct,0.782583,10,right_wrist,1,1,2.000000,531.280000,364.870000,2.000000,531.460000,362.902000,1.976215,47.601951,1,0.062000,0.991073
SP_T_Jongkok_2,openpose,24,0.799485,ok,1,direct,0.782583,11,left_hip,1,1,2.000000,726.190000,470.290000,2.000000,719.550000,480.545000,12.216981,47.601951,1,0.107000,0.891309
SP_T_Jongkok_2,openpose,24,0.799485,ok,1,direct,0.782583,12,right_hip,1,1,2.000000,671.380000,475.310000,2.000000,666.649000,486.373000,12.032137,47.601951,1,0.107000,0.894394
SP_T_Jongkok_2,openpose,24,0.799485,ok,1,direct,0.782583,13,left_knee,1,1,2.000000,670.830000,543.860000,2.000000,674.412000,547.061000,4.803866,47.601951,1,0.087000,0.973448
SP_T_Jongkok_2,openpose,24,0.799485,ok,1,direct,0.782583,14,right_knee,1,1,2.000000,610.820000,543.010000,2.000000,605.945000,545.196000,5.342679,47.601951,1,0.087000,0.967262
SP_T_Jongkok_2,openpose,24,0.799485,ok,1,direct,0.782583,15,left_ankle,1,1,2.000000,706.460000,646.430000,2.000000,703.883000,645.033000,2.931303,47.601951,1,0.089000,0.990471
SP_T_Jongkok_2,openpose,24,0.799485,ok,1,direct,0.782583,16,right_ankle,1,1,2.000000,654.200000,644.730000,2.000000,650.942000,641.127000,4.857589,47.601951,1,0.089000,0.974050
SP_T_Jongkok_2,openpose,25,0.832797,ok,1,direct,0.812642,0,nose,0,0,0.000000,0.000000,0.000000,2.000000,650.950000,317.849000,,,,0.026000,
SP_T_Jongkok_2,openpose,25,0.832797,ok,1,direct,0.812642,1,left_eye,0,0,0.000000,0.000000,0.000000,2.000000,662.630000,306.159000,,,,0.025000,
SP_T_Jongkok_2,openpose,25,0.832797,ok,1,direct,0.812642,2,right_eye,0,0,0.000000,0.000000,0.000000,2.000000,645.104000,308.128000,,,,0.025000,
SP_T_Jongkok_2,openpose,25,0.832797,ok,1,direct,0.812642,3,left_ear,0,0,0.000000,0.000000,0.000000,2.000000,686.153000,310.081000,,,,0.035000,
SP_T_Jongkok_2,openpose,25,0.832797,ok,1,direct,0.812642,4,right_ear,0,0,0.000000,0.000000,0.000000,0.000000,0.000000,0.000000,,,,0.035000,
SP_T_Jongkok_2,openpose,25,0.832797,ok,1,direct,0.812642,5,left_shoulder,1,1,2.000000,712.020000,360.890000,2.000000,705.807000,357.043000,7.307584,47.343759,1,0.079000,0.926494
SP_T_Jongkok_2,openpose,25,0.832797,ok,1,direct,0.812642,6,right_shoulder,1,1,2.000000,650.900000,362.490000,2.000000,645.005000,357.118000,7.975551,47.343759,1,0.079000,0.913069
SP_T_Jongkok_2,openpose,25,0.832797,ok,1,direct,0.812642,7,left_elbow,1,1,2.000000,673.040000,373.380000,2.000000,652.881000,370.747000,20.330223,47.343759,1,0.072000,0.490948
SP_T_Jongkok_2,openpose,25,0.832797,ok,1,direct,0.812642,8,right_elbow,1,1,2.000000,594.360000,374.100000,2.000000,576.483000,368.819000,18.640711,47.343759,1,0.072000,0.549862
SP_T_Jongkok_2,openpose,25,0.832797,ok,1,direct,0.812642,9,left_wrist,1,1,2.000000,623.670000,366.670000,2.000000,619.549000,364.929000,4.473670,47.343759,1,0.062000,0.954606
SP_T_Jongkok_2,openpose,25,0.832797,ok,1,direct,0.812642,10,right_wrist,1,1,2.000000,531.410000,367.930000,2.000000,527.552000,364.918000,4.894518,47.343759,1,0.062000,0.945909
SP_T_Jongkok_2,openpose,25,0.832797,ok,1,direct,0.812642,11,left_hip,1,1,2.000000,727.600000,473.360000,2.000000,721.431000,486.391000,14.417473,47.343759,1,0.107000,0.850441
SP_T_Jongkok_2,openpose,25,0.832797,ok,1,direct,0.812642,12,right_hip,1,1,2.000000,672.910000,478.370000,2.000000,666.620000,490.283000,13.471587,47.343759,1,0.107000,0.868107
SP_T_Jongkok_2,openpose,25,0.832797,ok,1,direct,0.812642,13,left_knee,1,1,2.000000,670.060000,545.000000,2.000000,672.520000,547.140000,3.260552,47.343759,1,0.087000,0.987545
SP_T_Jongkok_2,openpose,25,0.832797,ok,1,direct,0.812642,14,right_knee,1,1,2.000000,609.930000,543.260000,2.000000,605.922000,547.061000,5.523737,47.343759,1,0.087000,0.964670
SP_T_Jongkok_2,openpose,25,0.832797,ok,1,direct,0.812642,15,left_ankle,1,1,2.000000,706.460000,646.510000,2.000000,705.736000,645.032000,1.645801,47.343759,1,0.089000,0.996953
SP_T_Jongkok_2,openpose,25,0.832797,ok,1,direct,0.812642,16,right_ankle,1,1,2.000000,654.200000,644.820000,2.000000,650.946000,639.213000,6.482821,47.343759,1,0.089000,0.953761
SP_T_Jongkok_2,openpose,26,0.866109,ok,1,direct,0.812243,0,nose,0,0,0.000000,0.000000,0.000000,2.000000,650.988000,319.834000,,,,0.026000,
SP_T_Jongkok_2,openpose,26,0.866109,ok,1,direct,0.812243,1,left_eye,0,0,0.000000,0.000000,0.000000,2.000000,662.646000,308.141000,,,,0.025000,
SP_T_Jongkok_2,openpose,26,0.866109,ok,1,direct,0.812243,2,right_eye,0,0,0.000000,0.000000,0.000000,2.000000,646.947000,312.001000,,,,0.025000,
SP_T_Jongkok_2,openpose,26,0.866109,ok,1,direct,0.812243,3,left_ear,0,0,0.000000,0.000000,0.000000,2.000000,684.244000,313.920000,,,,0.035000,
SP_T_Jongkok_2,openpose,26,0.866109,ok,1,direct,0.812243,4,right_ear,0,0,0.000000,0.000000,0.000000,0.000000,0.000000,0.000000,,,,0.035000,
SP_T_Jongkok_2,openpose,26,0.866109,ok,1,direct,0.812243,5,left_shoulder,1,1,2.000000,712.910000,364.080000,2.000000,705.766000,360.959000,7.795985,47.130043,1,0.079000,0.916050
SP_T_Jongkok_2,openpose,26,0.866109,ok,1,direct,0.812243,6,right_shoulder,1,1,2.000000,650.900000,366.440000,2.000000,645.035000,361.032000,7.977762,47.130043,1,0.079000,0.912268
SP_T_Jongkok_2,openpose,26,0.866109,ok,1,direct,0.812243,7,left_elbow,1,1,2.000000,673.040000,376.060000,2.000000,647.012000,374.670000,26.065089,47.130043,1,0.072000,0.307274
SP_T_Jongkok_2,openpose,26,0.866109,ok,1,direct,0.812243,8,right_elbow,1,1,2.000000,594.360000,377.030000,2.000000,576.502000,374.651000,18.015765,47.130043,1,0.072000,0.569080
SP_T_Jongkok_2,openpose,26,0.866109,ok,1,direct,0.812243,9,left_wrist,1,1,2.000000,622.910000,368.710000,2.000000,611.701000,368.753000,11.209082,47.130043,1,0.062000,0.745053
SP_T_Jongkok_2,openpose,26,0.866109,ok,1,direct,0.812243,10,right_wrist,1,1,2.000000,531.920000,369.840000,2.000000,529.411000,366.848000,3.904759,47.130043,1,0.062000,0.964916
SP_T_Jongkok_2,openpose,26,0.866109,ok,1,direct,0.812243,11,left_hip,1,1,2.000000,728.490000,476.930000,2.000000,721.473000,490.246000,15.051716,47.130043,1,0.107000,0.836799
SP_T_Jongkok_2,openpose,26,0.866109,ok,1,direct,0.812243,12,right_hip,1,1,2.000000,672.780000,482.580000,2.000000,666.663000,492.290000,11.476140,47.130043,1,0.107000,0.901608
SP_T_Jongkok_2,openpose,26,0.866109,ok,1,direct,0.812243,13,left_knee,1,1,2.000000,669.680000,546.660000,2.000000,672.495000,550.953000,5.133622,47.130043,1,0.087000,0.969136
SP_T_Jongkok_2,openpose,26,0.866109,ok,1,direct,0.812243,14,right_knee,1,1,2.000000,608.910000,544.280000,2.000000,605.892000,547.111000,4.137981,47.130043,1,0.087000,0.979837
SP_T_Jongkok_2,openpose,26,0.866109,ok,1,direct,0.812243,15,left_ankle,1,1,2.000000,706.460000,646.580000,2.000000,705.742000,645.064000,1.677433,47.130043,1,0.089000,0.996807
SP_T_Jongkok_2,openpose,26,0.866109,ok,1,direct,0.812243,16,right_ankle,1,1,2.000000,654.200000,644.900000,2.000000,650.864000,639.227000,6.581172,47.130043,1,0.089000,0.951959
SP_T_Jongkok_2,openpose,27,0.899421,ok,1,direct,0.796503,0,nose,0,0,0.000000,0.000000,0.000000,2.000000,650.959000,321.879000,,,,0.026000,
SP_T_Jongkok_2,openpose,27,0.899421,ok,1,direct,0.796503,1,left_eye,0,0,0.000000,0.000000,0.000000,2.000000,662.626000,314.011000,,,,0.025000,
SP_T_Jongkok_2,openpose,27,0.899421,ok,1,direct,0.796503,2,right_eye,0,0,0.000000,0.000000,0.000000,2.000000,646.958000,315.959000,,,,0.025000,
SP_T_Jongkok_2,openpose,27,0.899421,ok,1,direct,0.796503,3,left_ear,0,0,0.000000,0.000000,0.000000,2.000000,684.288000,319.825000,,,,0.035000,
SP_T_Jongkok_2,openpose,27,0.899421,ok,1,direct,0.796503,4,right_ear,0,0,0.000000,0.000000,0.000000,0.000000,0.000000,0.000000,,,,0.035000,
SP_T_Jongkok_2,openpose,27,0.899421,ok,1,direct,0.796503,5,left_shoulder,1,1,2.000000,713.800000,367.270000,2.000000,703.844000,366.822000,9.966074,46.915183,1,0.079000,0.865360
SP_T_Jongkok_2,openpose,27,0.899421,ok,1,direct,0.796503,6,right_shoulder,1,1,2.000000,650.900000,370.390000,2.000000,643.127000,368.851000,7.923891,46.915183,1,0.079000,0.912637
SP_T_Jongkok_2,openpose,27,0.899421,ok,1,direct,0.796503,7,left_elbow,1,1,2.000000,673.040000,378.740000,2.000000,639.199000,374.679000,34.083794,46.915183,1,0.072000,0.130515
SP_T_Jongkok_2,openpose,27,0.899421,ok,1,direct,0.796503,8,right_elbow,1,1,2.000000,594.360000,379.970000,2.000000,576.466000,378.657000,17.942107,46.915183,1,0.072000,0.568777
SP_T_Jongkok_2,openpose,27,0.899421,ok,1,direct,0.796503,9,left_wrist,1,1,2.000000,622.140000,370.750000,2.000000,578.474000,370.771000,43.666005,46.915183,1,0.062000,0.011029
SP_T_Jongkok_2,openpose,27,0.899421,ok,1,direct,0.796503,10,right_wrist,1,1,2.000000,532.430000,371.760000,2.000000,527.503000,366.920000,6.906586,46.915183,1,0.062000,0.893367
SP_T_Jongkok_2,openpose,27,0.899421,ok,1,direct,0.796503,11,left_hip,1,1,2.000000,729.380000,480.500000,2.000000,721.460000,492.244000,14.165025,46.915183,1,0.107000,0.852786
SP_T_Jongkok_2,openpose,27,0.899421,ok,1,direct,0.796503,12,right_hip,1,1,2.000000,672.650000,486.790000,2.000000,668.568000,494.257000,8.509924,46.915183,1,0.107000,0.944144
SP_T_Jongkok_2,openpose,27,0.899421,ok,1,direct,0.796503,13,left_knee,1,1,2.000000,669.300000,548.320000,2.000000,670.581000,551.016000,2.984858,46.915183,1,0.087000,0.989361
SP_T_Jongkok_2,openpose,27,0.899421,ok,1,direct,0.796503,14,right_knee,1,1,2.000000,607.890000,545.300000,2.000000,605.842000,549.013000,4.240362,46.915183,1,0.087000,0.978645
SP_T_Jongkok_2,openpose,27,0.899421,ok,1,direct,0.796503,15,left_ankle,1,1,2.000000,706.460000,646.660000,2.000000,705.727000,645.014000,1.801834,46.915183,1,0.089000,0.996283
SP_T_Jongkok_2,openpose,27,0.899421,ok,1,direct,0.796503,16,right_ankle,1,1,2.000000,654.200000,644.980000,2.000000,650.887000,639.236000,6.630951,46.915183,1,0.089000,0.950811
SP_T_Jongkok_2,openpose,28,0.932733,ok,1,direct,0.785112,0,nose,0,0,0.000000,0.000000,0.000000,2.000000,651.007000,327.663000,,,,0.026000,
SP_T_Jongkok_2,openpose,28,0.932733,ok,1,direct,0.785112,1,left_eye,0,0,0.000000,0.000000,0.000000,2.000000,662.678000,319.753000,,,,0.025000,
SP_T_Jongkok_2,openpose,28,0.932733,ok,1,direct,0.785112,2,right_eye,0,0,0.000000,0.000000,0.000000,2.000000,646.972000,319.877000,,,,0.025000,
SP_T_Jongkok_2,openpose,28,0.932733,ok,1,direct,0.785112,3,left_ear,0,0,0.000000,0.000000,0.000000,2.000000,684.307000,321.824000,,,,0.035000,
SP_T_Jongkok_2,openpose,28,0.932733,ok,1,direct,0.785112,4,right_ear,0,0,0.000000,0.000000,0.000000,0.000000,0.000000,0.000000,,,,0.035000,
SP_T_Jongkok_2,openpose,28,0.932733,ok,1,direct,0.785112,5,left_shoulder,1,1,2.000000,714.700000,370.450000,2.000000,705.808000,368.838000,9.036936,46.699167,1,0.079000,0.886916
SP_T_Jongkok_2,openpose,28,0.932733,ok,1,direct,0.785112,6,right_shoulder,1,1,2.000000,650.900000,374.350000,2.000000,646.986000,372.710000,4.243701,46.699167,1,0.079000,0.973884
SP_T_Jongkok_2,openpose,28,0.932733,ok,1,direct,0.785112,7,left_elbow,1,1,2.000000,673.040000,381.420000,2.000000,646.972000,376.693000,26.493115,46.699167,1,0.072000,0.288896
SP_T_Jongkok_2,openpose,28,0.932733,ok,1,direct,0.785112,8,right_elbow,1,1,2.000000,594.360000,382.900000,2.000000,582.344000,382.581000,12.020234,46.699167,1,0.072000,0.774446
SP_T_Jongkok_2,openpose,28,0.932733,ok,1,direct,0.785112,9,left_wrist,1,1,2.000000,621.380000,372.790000,2.000000,592.157000,370.762000,29.293284,46.699167,1,0.062000,0.129093
SP_T_Jongkok_2,openpose,28,0.932733,ok,1,direct,0.785112,10,right_wrist,1,1,2.000000,532.940000,373.670000,2.000000,533.333000,370.738000,2.958221,46.699167,1,0.062000,0.979338
SP_T_Jongkok_2,openpose,28,0.932733,ok,1,direct,0.785112,11,left_hip,1,1,2.000000,730.270000,484.070000,2.000000,723.417000,496.124000,13.865876,46.699167,1,0.107000,0.857267
SP_T_Jongkok_2,openpose,28,0.932733,ok,1,direct,0.785112,12,right_hip,1,1,2.000000,672.530000,491.000000,2.000000,668.619000,498.136000,8.137470,46.699167,1,0.107000,0.948340
SP_T_Jongkok_2,openpose,28,0.932733,ok,1,direct,0.785112,13,left_knee,1,1,2.000000,668.910000,549.980000,2.000000,670.514000,551.057000,1.932031,46.699167,1,0.087000,0.995487
SP_T_Jongkok_2,openpose,28,0.932733,ok,1,direct,0.785112,14,right_knee,1,1,2.000000,606.870000,546.320000,2.000000,603.952000,550.990000,5.506689,46.699167,1,0.087000,0.963925
SP_T_Jongkok_2,openpose,28,0.932733,ok,1,direct,0.785112,15,left_ankle,1,1,2.000000,706.460000,646.740000,2.000000,703.862000,645.076000,3.085207,46.699167,1,0.089000,0.989040
SP_T_Jongkok_2,openpose,28,0.932733,ok,1,direct,0.785112,16,right_ankle,1,1,2.000000,654.200000,645.070000,2.000000,650.917000,641.143000,5.118537,46.699167,1,0.089000,0.970122
SP_T_Jongkok_2,openpose,29,0.966044,ok,1,direct,0.783416,0,nose,0,0,0.000000,0.000000,0.000000,2.000000,651.014000,331.580000,,,,0.026000,
SP_T_Jongkok_2,openpose,29,0.966044,ok,1,direct,0.783416,1,left_eye,0,0,0.000000,0.000000,0.000000,2.000000,662.699000,321.746000,,,,0.025000,
SP_T_Jongkok_2,openpose,29,0.966044,ok,1,direct,0.783416,2,right_eye,0,0,0.000000,0.000000,0.000000,2.000000,646.982000,321.866000,,,,0.025000,
SP_T_Jongkok_2,openpose,29,0.966044,ok,1,direct,0.783416,3,left_ear,0,0,0.000000,0.000000,0.000000,2.000000,686.180000,325.701000,,,,0.035000,
SP_T_Jongkok_2,openpose,29,0.966044,ok,1,direct,0.783416,4,right_ear,0,0,0.000000,0.000000,0.000000,0.000000,0.000000,0.000000,,,,0.035000,
SP_T_Jongkok_2,openpose,29,0.966044,ok,1,direct,0.783416,5,left_shoulder,1,1,2.000000,715.590000,373.640000,2.000000,705.780000,372.690000,9.855892,46.481458,1,0.079000,0.865817
SP_T_Jongkok_2,openpose,29,0.966044,ok,1,direct,0.783416,6,right_shoulder,1,1,2.000000,650.900000,378.300000,2.000000,647.003000,374.683000,5.316888,46.481458,1,0.079000,0.958936
SP_T_Jongkok_2,openpose,29,0.966044,ok,1,direct,0.783416,7,left_elbow,1,1,2.000000,673.040000,384.100000,2.000000,646.945000,380.597000,26.329072,46.481458,1,0.072000,0.290000
SP_T_Jongkok_2,openpose,29,0.966044,ok,1,direct,0.783416,8,right_elbow,1,1,2.000000,594.360000,385.840000,2.000000,590.188000,386.402000,4.209683,46.481458,1,0.072000,0.968851
SP_T_Jongkok_2,openpose,29,0.966044,ok,1,direct,0.783416,9,left_wrist,1,1,2.000000,620.610000,374.840000,2.000000,570.602000,378.583000,50.147882,46.481458,0,0.062000,0.002344
SP_T_Jongkok_2,openpose,29,0.966044,ok,1,direct,0.783416,10,right_wrist,1,1,2.000000,533.450000,375.580000,2.000000,537.287000,374.665000,3.944590,46.481458,1,0.062000,0.963223
SP_T_Jongkok_2,openpose,29,0.966044,ok,1,direct,0.783416,11,left_hip,1,1,2.000000,731.170000,487.640000,2.000000,723.395000,498.151000,13.074087,46.481458,1,0.107000,0.870920
SP_T_Jongkok_2,openpose,29,0.966044,ok,1,direct,0.783416,12,right_hip,1,1,2.000000,672.400000,495.210000,2.000000,668.585000,500.089000,6.193453,46.481458,1,0.107000,0.969461
SP_T_Jongkok_2,openpose,29,0.966044,ok,1,direct,0.783416,13,left_knee,1,1,2.000000,668.530000,551.640000,2.000000,670.496000,552.988000,2.383749,46.481458,1,0.087000,0.993075
SP_T_Jongkok_2,openpose,29,0.966044,ok,1,direct,0.783416,14,right_knee,1,1,2.000000,605.850000,547.340000,2.000000,603.947000,551.031000,4.152697,46.481458,1,0.087000,0.979130
SP_T_Jongkok_2,openpose,29,0.966044,ok,1,direct,0.783416,15,left_ankle,1,1,2.000000,706.460000,646.820000,2.000000,703.882000,645.038000,3.133944,46.481458,1,0.089000,0.988587
SP_T_Jongkok_2,openpose,29,0.966044,ok,1,direct,0.783416,16,right_ankle,1,1,2.000000,654.200000,645.150000,2.000000,650.875000,641.164000,5.190744,46.481458,1,0.089000,0.969002
SP_T_Jongkok_2,openpose,30,0.999356,ok,1,direct,0.800076,0,nose,0,0,0.000000,0.000000,0.000000,2.000000,651.013000,333.597000,,,,0.026000,
SP_T_Jongkok_2,openpose,30,0.999356,ok,1,direct,0.800076,1,left_eye,0,0,0.000000,0.000000,0.000000,2.000000,662.690000,323.715000,,,,0.025000,
SP_T_Jongkok_2,openpose,30,0.999356,ok,1,direct,0.800076,2,right_eye,0,0,0.000000,0.000000,0.000000,2.000000,647.008000,325.701000,,,,0.025000,
SP_T_Jongkok_2,openpose,30,0.999356,ok,1,direct,0.800076,3,left_ear,0,0,0.000000,0.000000,0.000000,2.000000,684.307000,327.678000,,,,0.035000,
SP_T_Jongkok_2,openpose,30,0.999356,ok,1,direct,0.800076,4,right_ear,0,0,0.000000,0.000000,0.000000,0.000000,0.000000,0.000000,,,,0.035000,
SP_T_Jongkok_2,openpose,30,0.999356,ok,1,direct,0.800076,5,left_shoulder,1,1,2.000000,716.480000,376.830000,2.000000,705.786000,372.718000,11.457320,46.259652,1,0.079000,0.821536
SP_T_Jongkok_2,openpose,30,0.999356,ok,1,direct,0.800076,6,right_shoulder,1,1,2.000000,650.900000,382.250000,2.000000,645.083000,378.590000,6.872633,46.259652,1,0.079000,0.931711
SP_T_Jongkok_2,openpose,30,0.999356,ok,1,direct,0.800076,7,left_elbow,1,1,2.000000,673.040000,386.780000,2.000000,647.014000,382.547000,26.367991,46.259652,1,0.072000,0.285512
SP_T_Jongkok_2,openpose,30,0.999356,ok,1,direct,0.800076,8,right_elbow,1,1,2.000000,594.360000,388.770000,2.000000,576.452000,384.490000,18.412356,46.259652,1,0.072000,0.542703
SP_T_Jongkok_2,openpose,30,0.999356,ok,1,direct,0.800076,9,left_wrist,1,1,2.000000,619.850000,376.880000,2.000000,615.638000,374.744000,4.722652,46.259652,1,0.062000,0.947217
SP_T_Jongkok_2,openpose,30,0.999356,ok,1,direct,0.800076,10,right_wrist,1,1,2.000000,533.960000,377.500000,2.000000,533.422000,376.613000,1.037407,46.259652,1,0.062000,0.997387
SP_T_Jongkok_2,openpose,30,0.999356,ok,1,direct,0.800076,11,left_hip,1,1,2.000000,732.060000,491.210000,2.000000,723.414000,502.058000,13.872001,46.259652,1,0.107000,0.854631
SP_T_Jongkok_2,openpose,30,0.999356,ok,1,direct,0.800076,12,right_hip,1,1,2.000000,672.270000,499.420000,2.000000,668.579000,505.912000,7.467901,46.259652,1,0.107000,0.955495
SP_T_Jongkok_2,openpose,30,0.999356,ok,1,direct,0.800076,13,left_knee,1,1,2.000000,668.150000,553.290000,2.000000,670.518000,552.983000,2.387818,46.259652,1,0.087000,0.992984
SP_T_Jongkok_2,openpose,30,0.999356,ok,1,direct,0.800076,14,right_knee,1,1,2.000000,604.830000,548.360000,2.000000,603.939000,552.902000,4.628568,46.259652,1,0.087000,0.973894
SP_T_Jongkok_2,openpose,30,0.999356,ok,1,direct,0.800076,15,left_ankle,1,1,2.000000,706.460000,646.890000,2.000000,703.847000,645.068000,3.185507,46.259652,1,0.089000,0.988098
SP_T_Jongkok_2,openpose,30,0.999356,ok,1,direct,0.800076,16,right_ankle,1,1,2.000000,654.200000,645.240000,2.000000,649.028000,641.109000,6.619271,46.259652,1,0.089000,0.949617
SP_T_Jongkok_2,openpose,31,1.032668,ok,1,direct,0.786933,0,nose,0,0,0.000000,0.000000,0.000000,2.000000,650.997000,335.545000,,,,0.026000,
SP_T_Jongkok_2,openpose,31,1.032668,ok,1,direct,0.786933,1,left_eye,0,0,0.000000,0.000000,0.000000,2.000000,662.679000,325.721000,,,,0.025000,
SP_T_Jongkok_2,openpose,31,1.032668,ok,1,direct,0.786933,2,right_eye,0,0,0.000000,0.000000,0.000000,2.000000,647.000000,327.681000,,,,0.025000,
SP_T_Jongkok_2,openpose,31,1.032668,ok,1,direct,0.786933,3,left_ear,0,0,0.000000,0.000000,0.000000,2.000000,684.281000,331.587000,,,,0.035000,
SP_T_Jongkok_2,openpose,31,1.032668,ok,1,direct,0.786933,4,right_ear,0,0,0.000000,0.000000,0.000000,0.000000,0.000000,0.000000,,,,0.035000,
SP_T_Jongkok_2,openpose,31,1.032668,ok,1,direct,0.786933,5,left_shoulder,1,1,2.000000,716.480000,380.170000,2.000000,705.763000,378.654000,10.823694,46.080423,1,0.079000,0.837943
SP_T_Jongkok_2,openpose,31,1.032668,ok,1,direct,0.786933,6,right_shoulder,1,1,2.000000,650.900000,385.530000,2.000000,650.926000,380.576000,4.954068,46.080423,1,0.079000,0.963638
SP_T_Jongkok_2,openpose,31,1.032668,ok,1,direct,0.786933,7,left_elbow,1,1,2.000000,672.530000,388.860000,2.000000,643.104000,384.442000,29.755810,46.080423,1,0.072000,0.200147
SP_T_Jongkok_2,openpose,31,1.032668,ok,1,direct,0.786933,8,right_elbow,1,1,2.000000,594.360000,391.080000,2.000000,594.110000,392.279000,1.224786,46.080423,1,0.072000,0.997278
SP_T_Jongkok_2,openpose,31,1.032668,ok,1,direct,0.786933,9,left_wrist,1,1,2.000000,620.360000,378.660000,2.000000,613.686000,378.555000,6.674826,46.080423,1,0.062000,0.896580
SP_T_Jongkok_2,openpose,31,1.032668,ok,1,direct,0.786933,10,right_wrist,1,1,2.000000,534.210000,379.940000,2.000000,537.293000,380.500000,3.133447,46.080423,1,0.062000,0.976229
SP_T_Jongkok_2,openpose,31,1.032668,ok,1,direct,0.786933,11,left_hip,1,1,2.000000,732.060000,493.230000,2.000000,723.446000,505.916000,15.334132,46.080423,1,0.107000,0.824119
SP_T_Jongkok_2,openpose,31,1.032668,ok,1,direct,0.786933,12,right_hip,1,1,2.000000,672.270000,501.340000,2.000000,672.438000,506.006000,4.669023,46.080423,1,0.107000,0.982226
SP_T_Jongkok_2,openpose,31,1.032668,ok,1,direct,0.786933,13,left_knee,1,1,2.000000,668.150000,554.600000,2.000000,670.488000,554.873000,2.353885,46.080423,1,0.087000,0.993129
SP_T_Jongkok_2,openpose,31,1.032668,ok,1,direct,0.786933,14,right_knee,1,1,2.000000,604.830000,549.730000,2.000000,603.948000,552.910000,3.300049,46.080423,1,0.087000,0.986540
SP_T_Jongkok_2,openpose,31,1.032668,ok,1,direct,0.786933,15,left_ankle,1,1,2.000000,706.460000,646.970000,2.000000,703.826000,645.061000,3.253035,46.080423,1,0.089000,0.987496
SP_T_Jongkok_2,openpose,31,1.032668,ok,1,direct,0.786933,16,right_ankle,1,1,2.000000,654.200000,645.320000,2.000000,650.892000,641.124000,5.343153,46.080423,1,0.089000,0.966622
SP_T_Jongkok_2,openpose,32,1.065980,ok,1,direct,0.822564,0,nose,0,0,0.000000,0.000000,0.000000,2.000000,650.985000,339.390000,,,,0.026000,
SP_T_Jongkok_2,openpose,32,1.065980,ok,1,direct,0.822564,1,left_eye,0,0,0.000000,0.000000,0.000000,2.000000,662.669000,331.536000,,,,0.025000,
SP_T_Jongkok_2,openpose,32,1.065980,ok,1,direct,0.822564,2,right_eye,0,0,0.000000,0.000000,0.000000,2.000000,646.964000,333.479000,,,,0.025000,
SP_T_Jongkok_2,openpose,32,1.065980,ok,1,direct,0.822564,3,left_ear,0,0,0.000000,0.000000,0.000000,2.000000,686.153000,335.548000,,,,0.035000,
SP_T_Jongkok_2,openpose,32,1.065980,ok,1,direct,0.822564,4,right_ear,0,0,0.000000,0.000000,0.000000,0.000000,0.000000,0.000000,,,,0.035000,
SP_T_Jongkok_2,openpose,32,1.065980,ok,1,direct,0.822564,5,left_shoulder,1,1,2.000000,716.480000,383.520000,2.000000,705.758000,382.584000,10.762778,45.904017,1,0.079000,0.838478
SP_T_Jongkok_2,openpose,32,1.065980,ok,1,direct,0.822564,6,right_shoulder,1,1,2.000000,650.900000,388.810000,2.000000,649.006000,384.563000,4.650188,45.904017,1,0.079000,0.967649
SP_T_Jongkok_2,openpose,32,1.065980,ok,1,direct,0.822564,7,left_elbow,1,1,2.000000,672.020000,390.940000,2.000000,648.929000,390.399000,23.097337,45.904017,1,0.072000,0.376529
SP_T_Jongkok_2,openpose,32,1.065980,ok,1,direct,0.822564,8,right_elbow,1,1,2.000000,594.360000,393.390000,2.000000,598.068000,400.120000,7.683890,45.904017,1,0.072000,0.897538
SP_T_Jongkok_2,openpose,32,1.065980,ok,1,direct,0.822564,9,left_wrist,1,1,2.000000,620.870000,380.440000,2.000000,615.701000,378.629000,5.477069,45.904017,1,0.062000,0.928607
SP_T_Jongkok_2,openpose,32,1.065980,ok,1,direct,0.822564,10,right_wrist,1,1,2.000000,534.470000,382.380000,2.000000,539.246000,382.534000,4.778482,45.904017,1,0.062000,0.945180
SP_T_Jongkok_2,openpose,32,1.065980,ok,1,direct,0.822564,11,left_hip,1,1,2.000000,732.060000,495.250000,2.000000,723.448000,507.909000,15.310677,45.904017,1,0.107000,0.823382
SP_T_Jongkok_2,openpose,32,1.065980,ok,1,direct,0.822564,12,right_hip,1,1,2.000000,672.270000,503.270000,2.000000,672.499000,509.813000,6.547006,45.904017,1,0.107000,0.965090
SP_T_Jongkok_2,openpose,32,1.065980,ok,1,direct,0.822564,13,left_knee,1,1,2.000000,668.150000,555.900000,2.000000,668.608000,554.911000,1.089901,45.904017,1,0.087000,0.998512
SP_T_Jongkok_2,openpose,32,1.065980,ok,1,direct,0.822564,14,right_knee,1,1,2.000000,604.830000,551.090000,2.000000,603.912000,552.988000,2.108347,45.904017,1,0.087000,0.994441
SP_T_Jongkok_2,openpose,32,1.065980,ok,1,direct,0.822564,15,left_ankle,1,1,2.000000,706.460000,647.050000,2.000000,703.858000,645.036000,3.290380,45.904017,1,0.089000,0.987111
SP_T_Jongkok_2,openpose,32,1.065980,ok,1,direct,0.822564,16,right_ankle,1,1,2.000000,654.200000,645.410000,2.000000,649.018000,641.113000,6.731815,45.904017,1,0.089000,0.947146
SP_T_Jongkok_2,openpose,33,1.099292,ok,1,direct,0.798905,0,nose,0,0,0.000000,0.000000,0.000000,2.000000,650.996000,341.350000,,,,0.026000,
SP_T_Jongkok_2,openpose,33,1.099292,ok,1,direct,0.798905,1,left_eye,0,0,0.000000,0.000000,0.000000,2.000000,662.677000,333.535000,,,,0.025000,
SP_T_Jongkok_2,openpose,33,1.099292,ok,1,direct,0.798905,2,right_eye,0,0,0.000000,0.000000,0.000000,2.000000,646.993000,335.464000,,,,0.025000,
SP_T_Jongkok_2,openpose,33,1.099292,ok,1,direct,0.798905,3,left_ear,0,0,0.000000,0.000000,0.000000,2.000000,686.156000,337.460000,,,,0.035000,
SP_T_Jongkok_2,openpose,33,1.099292,ok,1,direct,0.798905,4,right_ear,0,0,0.000000,0.000000,0.000000,0.000000,0.000000,0.000000,,,,0.035000,
SP_T_Jongkok_2,openpose,33,1.099292,ok,1,direct,0.798905,5,left_shoulder,1,1,2.000000,716.480000,386.860000,2.000000,705.804000,384.483000,10.937418,45.728477,1,0.079000,0.832494
SP_T_Jongkok_2,openpose,33,1.099292,ok,1,direct,0.798905,6,right_shoulder,1,1,2.000000,650.900000,392.090000,2.000000,646.968000,386.450000,6.875334,45.728477,1,0.079000,0.930120
SP_T_Jongkok_2,openpose,33,1.099292,ok,1,direct,0.798905,7,left_elbow,1,1,2.000000,671.510000,393.020000,2.000000,647.033000,392.317000,24.487093,45.728477,1,0.072000,0.330786
SP_T_Jongkok_2,openpose,33,1.099292,ok,1,direct,0.798905,8,right_elbow,1,1,2.000000,594.360000,395.700000,2.000000,586.299000,398.199000,8.439474,45.728477,1,0.072000,0.876860
SP_T_Jongkok_2,openpose,33,1.099292,ok,1,direct,0.798905,9,left_wrist,1,1,2.000000,621.380000,382.220000,2.000000,611.712000,382.523000,9.672747,45.728477,1,0.062000,0.792316
SP_T_Jongkok_2,openpose,33,1.099292,ok,1,direct,0.798905,10,right_wrist,1,1,2.000000,534.720000,384.820000,2.000000,535.304000,382.587000,2.308104,45.728477,1,0.062000,0.986832
SP_T_Jongkok_2,openpose,33,1.099292,ok,1,direct,0.798905,11,left_hip,1,1,2.000000,732.060000,497.280000,2.000000,725.359000,509.849000,14.243706,45.728477,1,0.107000,0.844098
SP_T_Jongkok_2,openpose,33,1.099292,ok,1,direct,0.798905,12,right_hip,1,1,2.000000,672.270000,505.200000,2.000000,672.461000,511.815000,6.617757,45.728477,1,0.107000,0.964076
SP_T_Jongkok_2,openpose,33,1.099292,ok,1,direct,0.798905,13,left_knee,1,1,2.000000,668.150000,557.210000,2.000000,668.632000,554.992000,2.269768,45.728477,1,0.087000,0.993511
SP_T_Jongkok_2,openpose,33,1.099292,ok,1,direct,0.798905,14,right_knee,1,1,2.000000,604.830000,552.450000,2.000000,603.887000,552.979000,1.081245,45.728477,1,0.087000,0.998524
SP_T_Jongkok_2,openpose,33,1.099292,ok,1,direct,0.798905,15,left_ankle,1,1,2.000000,706.460000,647.130000,2.000000,703.867000,646.963000,2.598372,45.728477,1,0.089000,0.991881
SP_T_Jongkok_2,openpose,33,1.099292,ok,1,direct,0.798905,16,right_ankle,1,1,2.000000,654.200000,645.490000,2.000000,649.029000,641.125000,6.767013,45.728477,1,0.089000,0.946208
SP_T_Jongkok_2,openpose,34,1.132604,ok,1,direct,0.799585,0,nose,0,0,0.000000,0.000000,0.000000,2.000000,652.845000,345.297000,,,,0.026000,
SP_T_Jongkok_2,openpose,34,1.132604,ok,1,direct,0.799585,1,left_eye,0,0,0.000000,0.000000,0.000000,2.000000,662.706000,335.526000,,,,0.025000,
SP_T_Jongkok_2,openpose,34,1.132604,ok,1,direct,0.799585,2,right_eye,0,0,0.000000,0.000000,0.000000,2.000000,646.997000,337.470000,,,,0.025000,
SP_T_Jongkok_2,openpose,34,1.132604,ok,1,direct,0.799585,3,left_ear,0,0,0.000000,0.000000,0.000000,2.000000,686.184000,339.443000,,,,0.035000,
SP_T_Jongkok_2,openpose,34,1.132604,ok,1,direct,0.799585,4,right_ear,0,0,0.000000,0.000000,0.000000,0.000000,0.000000,0.000000,,,,0.035000,
SP_T_Jongkok_2,openpose,34,1.132604,ok,1,direct,0.799585,5,left_shoulder,1,1,2.000000,716.480000,390.200000,2.000000,705.822000,386.409000,11.312146,45.550612,1,0.079000,0.820664
SP_T_Jongkok_2,openpose,34,1.132604,ok,1,direct,0.799585,6,right_shoulder,1,1,2.000000,650.900000,395.370000,2.000000,647.038000,388.468000,7.909023,45.550612,1,0.079000,0.907908
SP_T_Jongkok_2,openpose,34,1.132604,ok,1,direct,0.799585,7,left_elbow,1,1,2.000000,671.000000,395.100000,2.000000,646.977000,392.358000,24.178980,45.550612,1,0.072000,0.337207
SP_T_Jongkok_2,openpose,34,1.132604,ok,1,direct,0.799585,8,right_elbow,1,1,2.000000,594.360000,398.020000,2.000000,594.096000,402.084000,4.072566,45.550612,1,0.072000,0.969631
SP_T_Jongkok_2,openpose,34,1.132604,ok,1,direct,0.799585,9,left_wrist,1,1,2.000000,621.890000,384.000000,2.000000,607.823000,384.440000,14.073880,45.550612,1,0.062000,0.608541
SP_T_Jongkok_2,openpose,34,1.132604,ok,1,direct,0.799585,10,right_wrist,1,1,2.000000,534.980000,387.270000,2.000000,535.373000,384.503000,2.794770,45.550612,1,0.062000,0.980604
SP_T_Jongkok_2,openpose,34,1.132604,ok,1,direct,0.799585,11,left_hip,1,1,2.000000,732.060000,499.300000,2.000000,725.331000,509.924000,12.575723,45.550612,1,0.107000,0.875334
SP_T_Jongkok_2,openpose,34,1.132604,ok,1,direct,0.799585,12,right_hip,1,1,2.000000,672.270000,507.130000,2.000000,672.481000,511.894000,4.768670,45.550612,1,0.107000,0.981037
SP_T_Jongkok_2,openpose,34,1.132604,ok,1,direct,0.799585,13,left_knee,1,1,2.000000,668.150000,558.510000,2.000000,668.629000,554.999000,3.543524,45.550612,1,0.087000,0.984136
SP_T_Jongkok_2,openpose,34,1.132604,ok,1,direct,0.799585,14,right_knee,1,1,2.000000,604.830000,553.810000,2.000000,603.875000,554.894000,1.444673,45.550612,1,0.087000,0.997346
SP_T_Jongkok_2,openpose,34,1.132604,ok,1,direct,0.799585,15,left_ankle,1,1,2.000000,706.460000,647.200000,2.000000,703.850000,645.084000,3.359993,45.550612,1,0.089000,0.986355
SP_T_Jongkok_2,openpose,34,1.132604,ok,1,direct,0.799585,16,right_ankle,1,1,2.000000,654.200000,645.570000,2.000000,650.865000,639.225000,7.168072,45.550612,1,0.089000,0.939388
SP_T_Jongkok_2,openpose,35,1.165916,ok,1,direct,0.799762,0,nose,0,0,0.000000,0.000000,0.000000,2.000000,652.846000,347.283000,,,,0.026000,
SP_T_Jongkok_2,openpose,35,1.165916,ok,1,direct,0.799762,1,left_eye,0,0,0.000000,0.000000,0.000000,2.000000,662.718000,337.437000,,,,0.025000,
SP_T_Jongkok_2,openpose,35,1.165916,ok,1,direct,0.799762,2,right_eye,0,0,0.000000,0.000000,0.000000,2.000000,646.984000,339.405000,,,,0.025000,
SP_T_Jongkok_2,openpose,35,1.165916,ok,1,direct,0.799762,3,left_ear,0,0,0.000000,0.000000,0.000000,2.000000,686.193000,341.393000,,,,0.035000,
SP_T_Jongkok_2,openpose,35,1.165916,ok,1,direct,0.799762,4,right_ear,0,0,0.000000,0.000000,0.000000,0.000000,0.000000,0.000000,,,,0.035000,
SP_T_Jongkok_2,openpose,35,1.165916,ok,1,direct,0.799762,5,left_shoulder,1,1,2.000000,716.480000,393.540000,2.000000,705.777000,386.445000,12.841076,45.373594,1,0.079000,0.773625
SP_T_Jongkok_2,openpose,35,1.165916,ok,1,direct,0.799762,6,right_shoulder,1,1,2.000000,650.900000,398.650000,2.000000,647.040000,390.335000,9.167269,45.373594,1,0.079000,0.877382
SP_T_Jongkok_2,openpose,35,1.165916,ok,1,direct,0.799762,7,left_elbow,1,1,2.000000,670.490000,397.180000,2.000000,643.057000,394.223000,27.591907,45.373594,1,0.072000,0.240108
SP_T_Jongkok_2,openpose,35,1.165916,ok,1,direct,0.799762,8,right_elbow,1,1,2.000000,594.360000,400.330000,2.000000,594.098000,402.158000,1.846680,45.373594,1,0.072000,0.993630
SP_T_Jongkok_2,openpose,35,1.165916,ok,1,direct,0.799762,9,left_wrist,1,1,2.000000,622.400000,385.790000,2.000000,596.055000,384.471000,26.377998,45.373594,1,0.062000,0.172316
SP_T_Jongkok_2,openpose,35,1.165916,ok,1,direct,0.799762,10,right_wrist,1,1,2.000000,535.230000,389.710000,2.000000,539.226000,386.465000,5.147625,45.373594,1,0.062000,0.935227
SP_T_Jongkok_2,openpose,35,1.165916,ok,1,direct,0.799762,11,left_hip,1,1,2.000000,732.060000,501.320000,2.000000,723.389000,511.885000,13.667680,45.373594,1,0.107000,0.853418
SP_T_Jongkok_2,openpose,35,1.165916,ok,1,direct,0.799762,12,right_hip,1,1,2.000000,672.270000,509.050000,2.000000,670.484000,513.847000,5.118692,45.373594,1,0.107000,0.978014
SP_T_Jongkok_2,openpose,35,1.165916,ok,1,direct,0.799762,13,left_knee,1,1,2.000000,668.150000,559.820000,2.000000,668.605000,556.925000,2.930537,45.373594,1,0.087000,0.989038
SP_T_Jongkok_2,openpose,35,1.165916,ok,1,direct,0.799762,14,right_knee,1,1,2.000000,604.830000,555.170000,2.000000,602.005000,554.950000,2.833553,45.373594,1,0.087000,0.989748
SP_T_Jongkok_2,openpose,35,1.165916,ok,1,direct,0.799762,15,left_ankle,1,1,2.000000,706.460000,647.280000,2.000000,703.840000,646.947000,2.641077,45.373594,1,0.089000,0.991482
SP_T_Jongkok_2,openpose,35,1.165916,ok,1,direct,0.799762,16,right_ankle,1,1,2.000000,654.200000,645.660000,2.000000,649.005000,639.188000,8.299085,45.373594,1,0.089000,0.918999
SP_T_Jongkok_2,openpose,36,1.199228,ok,1,direct,0.800153,0,nose,0,0,0.000000,0.000000,0.000000,2.000000,652.832000,349.214000,,,,0.026000,
SP_T_Jongkok_2,openpose,36,1.199228,ok,1,direct,0.800153,1,left_eye,0,0,0.000000,0.000000,0.000000,2.000000,662.695000,337.527000,,,,0.025000,
SP_T_Jongkok_2,openpose,36,1.199228,ok,1,direct,0.800153,2,right_eye,0,0,0.000000,0.000000,0.000000,2.000000,647.002000,339.501000,,,,0.025000,
SP_T_Jongkok_2,openpose,36,1.199228,ok,1,direct,0.800153,3,left_ear,0,0,0.000000,0.000000,0.000000,2.000000,686.174000,343.345000,,,,0.035000,
SP_T_Jongkok_2,openpose,36,1.199228,ok,1,direct,0.800153,4,right_ear,0,0,0.000000,0.000000,0.000000,0.000000,0.000000,0.000000,,,,0.035000,
SP_T_Jongkok_2,openpose,36,1.199228,ok,1,direct,0.800153,5,left_shoulder,1,1,2.000000,716.480000,395.290000,2.000000,707.717000,390.345000,10.061968,45.275450,1,0.079000,0.853614
SP_T_Jongkok_2,openpose,36,1.199228,ok,1,direct,0.800153,6,right_shoulder,1,1,2.000000,650.900000,400.370000,2.000000,643.143000,396.194000,8.809655,45.275450,1,0.079000,0.885742
SP_T_Jongkok_2,openpose,36,1.199228,ok,1,direct,0.800153,7,left_elbow,1,1,2.000000,670.110000,399.020000,2.000000,647.056000,396.268000,23.217675,45.275450,1,0.072000,0.362563
SP_T_Jongkok_2,openpose,36,1.199228,ok,1,direct,0.800153,8,right_elbow,1,1,2.000000,594.360000,402.030000,2.000000,592.126000,404.045000,3.008485,45.275450,1,0.072000,0.983110
SP_T_Jongkok_2,openpose,36,1.199228,ok,1,direct,0.800153,9,left_wrist,1,1,2.000000,621.510000,387.050000,2.000000,615.667000,386.395000,5.879598,45.275450,1,0.062000,0.915996
SP_T_Jongkok_2,openpose,36,1.199228,ok,1,direct,0.800153,10,right_wrist,1,1,2.000000,535.230000,391.480000,2.000000,537.314000,386.498000,5.400313,45.275450,1,0.062000,0.928652
SP_T_Jongkok_2,openpose,36,1.199228,ok,1,direct,0.800153,11,left_hip,1,1,2.000000,732.060000,502.380000,2.000000,723.368000,515.733000,15.932780,45.275450,1,0.107000,0.805468
SP_T_Jongkok_2,openpose,36,1.199228,ok,1,direct,0.800153,12,right_hip,1,1,2.000000,672.270000,510.060000,2.000000,666.664000,517.705000,9.480151,45.275450,1,0.107000,0.926270
SP_T_Jongkok_2,openpose,36,1.199228,ok,1,direct,0.800153,13,left_knee,1,1,2.000000,668.280000,559.870000,2.000000,668.549000,558.847000,1.057776,45.275450,1,0.087000,0.998559
SP_T_Jongkok_2,openpose,36,1.199228,ok,1,direct,0.800153,14,right_knee,1,1,2.000000,604.190000,555.250000,2.000000,601.967000,554.987000,2.238504,45.275450,1,0.087000,0.993562
SP_T_Jongkok_2,openpose,36,1.199228,ok,1,direct,0.800153,15,left_ankle,1,1,2.000000,706.460000,647.410000,2.000000,703.855000,646.981000,2.640088,45.275450,1,0.089000,0.991451
SP_T_Jongkok_2,openpose,36,1.199228,ok,1,direct,0.800153,16,right_ankle,1,1,2.000000,654.200000,645.800000,2.000000,650.886000,639.148000,7.431803,45.275450,1,0.089000,0.934231
SP_T_Jongkok_2,openpose,37,1.232539,ok,1,direct,0.798426,0,nose,0,0,0.000000,0.000000,0.000000,2.000000,652.839000,349.252000,,,,0.026000,
SP_T_Jongkok_2,openpose,37,1.232539,ok,1,direct,0.798426,1,left_eye,0,0,0.000000,0.000000,0.000000,2.000000,662.691000,339.379000,,,,0.025000,
SP_T_Jongkok_2,openpose,37,1.232539,ok,1,direct,0.798426,2,right_eye,0,0,0.000000,0.000000,0.000000,2.000000,647.032000,341.376000,,,,0.025000,
SP_T_Jongkok_2,openpose,37,1.232539,ok,1,direct,0.798426,3,left_ear,0,0,0.000000,0.000000,0.000000,2.000000,684.300000,343.388000,,,,0.035000,
SP_T_Jongkok_2,openpose,37,1.232539,ok,1,direct,0.798426,4,right_ear,0,0,0.000000,0.000000,0.000000,0.000000,0.000000,0.000000,,,,0.035000,
SP_T_Jongkok_2,openpose,37,1.232539,ok,1,direct,0.798426,5,left_shoulder,1,1,2.000000,716.480000,397.040000,2.000000,705.781000,390.321000,12.633826,45.176221,1,0.079000,0.778314
SP_T_Jongkok_2,openpose,37,1.232539,ok,1,direct,0.798426,6,right_shoulder,1,1,2.000000,650.900000,402.080000,2.000000,645.051000,396.275000,8.240681,45.176221,1,0.079000,0.898858
SP_T_Jongkok_2,openpose,37,1.232539,ok,1,direct,0.798426,7,left_elbow,1,1,2.000000,669.730000,400.860000,2.000000,645.060000,396.279000,25.091721,45.176221,1,0.072000,0.304172
SP_T_Jongkok_2,openpose,37,1.232539,ok,1,direct,0.798426,8,right_elbow,1,1,2.000000,594.360000,403.740000,2.000000,582.402000,402.135000,12.065231,45.176221,1,0.072000,0.759436
SP_T_Jongkok_2,openpose,37,1.232539,ok,1,direct,0.798426,9,left_wrist,1,1,2.000000,620.610000,388.320000,2.000000,611.749000,386.456000,9.054933,45.176221,1,0.062000,0.811375
SP_T_Jongkok_2,openpose,37,1.232539,ok,1,direct,0.798426,10,right_wrist,1,1,2.000000,535.230000,393.250000,2.000000,537.289000,386.520000,7.037924,45.176221,1,0.062000,0.881373
SP_T_Jongkok_2,openpose,37,1.232539,ok,1,direct,0.798426,11,left_hip,1,1,2.000000,732.060000,503.440000,2.000000,723.418000,517.681000,16.658038,45.176221,1,0.107000,0.788585
SP_T_Jongkok_2,openpose,37,1.232539,ok,1,direct,0.798426,12,right_hip,1,1,2.000000,672.270000,511.070000,2.000000,668.558000,519.671000,9.367825,45.176221,1,0.107000,0.927638
SP_T_Jongkok_2,openpose,37,1.232539,ok,1,direct,0.798426,13,left_knee,1,1,2.000000,668.400000,559.920000,2.000000,666.661000,558.922000,2.005025,45.176221,1,0.087000,0.994809
SP_T_Jongkok_2,openpose,37,1.232539,ok,1,direct,0.798426,14,right_knee,1,1,2.000000,603.550000,555.330000,2.000000,601.938000,554.990000,1.647466,45.176221,1,0.087000,0.996492
SP_T_Jongkok_2,openpose,37,1.232539,ok,1,direct,0.798426,15,left_ankle,1,1,2.000000,706.460000,647.540000,2.000000,703.858000,646.987000,2.660115,45.176221,1,0.089000,0.991284
SP_T_Jongkok_2,openpose,37,1.232539,ok,1,direct,0.798426,16,right_ankle,1,1,2.000000,654.200000,645.940000,2.000000,650.906000,639.134000,7.561222,45.176221,1,0.089000,0.931712
SP_T_Jongkok_2,openpose,38,1.265851,ok,1,direct,0.807912,0,nose,0,0,0.000000,0.000000,0.000000,2.000000,651.005000,351.147000,,,,0.026000,
SP_T_Jongkok_2,openpose,38,1.265851,ok,1,direct,0.807912,1,left_eye,0,0,0.000000,0.000000,0.000000,2.000000,662.665000,339.452000,,,,0.025000,
SP_T_Jongkok_2,openpose,38,1.265851,ok,1,direct,0.807912,2,right_eye,0,0,0.000000,0.000000,0.000000,2.000000,646.977000,343.311000,,,,0.025000,
SP_T_Jongkok_2,openpose,38,1.265851,ok,1,direct,0.807912,3,left_ear,0,0,0.000000,0.000000,0.000000,2.000000,684.248000,345.260000,,,,0.035000,
SP_T_Jongkok_2,openpose,38,1.265851,ok,1,direct,0.807912,4,right_ear,0,0,0.000000,0.000000,0.000000,0.000000,0.000000,0.000000,,,,0.035000,
SP_T_Jongkok_2,openpose,38,1.265851,ok,1,direct,0.807912,5,left_shoulder,1,1,2.000000,716.480000,398.790000,2.000000,705.817000,390.390000,13.574224,45.076773,1,0.079000,0.747812
SP_T_Jongkok_2,openpose,38,1.265851,ok,1,direct,0.807912,6,right_shoulder,1,1,2.000000,650.900000,403.800000,2.000000,645.085000,396.228000,9.547220,45.076773,1,0.079000,0.866100
SP_T_Jongkok_2,openpose,38,1.265851,ok,1,direct,0.807912,7,left_elbow,1,1,2.000000,669.350000,402.710000,2.000000,647.042000,398.254000,22.748688,45.076773,1,0.072000,0.374341
SP_T_Jongkok_2,openpose,38,1.265851,ok,1,direct,0.807912,8,right_elbow,1,1,2.000000,594.360000,405.440000,2.000000,596.035000,408.014000,3.071010,45.076773,1,0.072000,0.982252
SP_T_Jongkok_2,openpose,38,1.265851,ok,1,direct,0.807912,9,left_wrist,1,1,2.000000,619.720000,389.590000,2.000000,615.587000,388.360000,4.312144,45.076773,1,0.062000,0.953503
SP_T_Jongkok_2,openpose,38,1.265851,ok,1,direct,0.807912,10,right_wrist,1,1,2.000000,535.230000,395.030000,2.000000,539.315000,390.323000,6.232421,45.076773,1,0.062000,0.905325
SP_T_Jongkok_2,openpose,38,1.265851,ok,1,direct,0.807912,11,left_hip,1,1,2.000000,732.060000,504.500000,2.000000,723.397000,517.746000,15.827321,45.076773,1,0.107000,0.806249
SP_T_Jongkok_2,openpose,38,1.265851,ok,1,direct,0.807912,12,right_hip,1,1,2.000000,672.270000,512.080000,2.000000,668.520000,519.655000,8.452404,45.076773,1,0.107000,0.940427
SP_T_Jongkok_2,openpose,38,1.265851,ok,1,direct,0.807912,13,left_knee,1,1,2.000000,668.530000,559.970000,2.000000,666.648000,560.805000,2.058919,45.076773,1,0.087000,0.994502
SP_T_Jongkok_2,openpose,38,1.265851,ok,1,direct,0.807912,14,right_knee,1,1,2.000000,602.920000,555.410000,2.000000,601.918000,554.982000,1.089582,45.076773,1,0.087000,0.998457
SP_T_Jongkok_2,openpose,38,1.265851,ok,1,direct,0.807912,15,left_ankle,1,1,2.000000,706.460000,647.670000,2.000000,705.743000,646.950000,1.016115,45.076773,1,0.089000,0.998718
SP_T_Jongkok_2,openpose,38,1.265851,ok,1,direct,0.807912,16,right_ankle,1,1,2.000000,654.200000,646.070000,2.000000,650.912000,639.207000,7.609975,45.076773,1,0.089000,0.930565
SP_T_Jongkok_2,openpose,39,1.299163,ok,1,direct,0.802456,0,nose,0,0,0.000000,0.000000,0.000000,2.000000,651.004000,351.138000,,,,0.026000,
SP_T_Jongkok_2,openpose,39,1.299163,ok,1,direct,0.802456,1,left_eye,0,0,0.000000,0.000000,0.000000,2.000000,662.665000,339.461000,,,,0.025000,
SP_T_Jongkok_2,openpose,39,1.299163,ok,1,direct,0.802456,2,right_eye,0,0,0.000000,0.000000,0.000000,2.000000,646.972000,343.318000,,,,0.025000,
SP_T_Jongkok_2,openpose,39,1.299163,ok,1,direct,0.802456,3,left_ear,0,0,0.000000,0.000000,0.000000,2.000000,684.236000,345.337000,,,,0.035000,
SP_T_Jongkok_2,openpose,39,1.299163,ok,1,direct,0.802456,4,right_ear,0,0,0.000000,0.000000,0.000000,0.000000,0.000000,0.000000,,,,0.035000,
SP_T_Jongkok_2,openpose,39,1.299163,ok,1,direct,0.802456,5,left_shoulder,1,1,2.000000,716.480000,400.540000,2.000000,707.704000,394.231000,10.808407,44.977105,1,0.079000,0.831053
SP_T_Jongkok_2,openpose,39,1.299163,ok,1,direct,0.802456,6,right_shoulder,1,1,2.000000,650.900000,405.520000,2.000000,643.104000,398.128000,10.743337,44.977105,1,0.079000,0.832901
SP_T_Jongkok_2,openpose,39,1.299163,ok,1,direct,0.802456,7,left_elbow,1,1,2.000000,668.960000,404.550000,2.000000,645.060000,398.271000,24.711047,44.977105,1,0.072000,0.312058
SP_T_Jongkok_2,openpose,39,1.299163,ok,1,direct,0.802456,8,right_elbow,1,1,2.000000,594.360000,407.150000,2.000000,578.482000,402.138000,16.650256,44.977105,1,0.072000,0.589360
SP_T_Jongkok_2,openpose,39,1.299163,ok,1,direct,0.802456,9,left_wrist,1,1,2.000000,618.830000,390.850000,2.000000,611.711000,388.403000,7.527813,44.977105,1,0.062000,0.864376
SP_T_Jongkok_2,openpose,39,1.299163,ok,1,direct,0.802456,10,right_wrist,1,1,2.000000,535.230000,396.800000,2.000000,533.344000,388.399000,8.610099,44.977105,1,0.062000,0.826406
SP_T_Jongkok_2,openpose,39,1.299163,ok,1,direct,0.802456,11,left_hip,1,1,2.000000,732.060000,505.560000,2.000000,721.497000,517.750000,16.129881,44.977105,1,0.107000,0.798781
SP_T_Jongkok_2,openpose,39,1.299163,ok,1,direct,0.802456,12,right_hip,1,1,2.000000,672.270000,513.090000,2.000000,666.623000,519.716000,8.705888,44.977105,1,0.107000,0.936646
SP_T_Jongkok_2,openpose,39,1.299163,ok,1,direct,0.802456,13,left_knee,1,1,2.000000,668.660000,560.010000,2.000000,666.642000,560.827000,2.177111,44.977105,1,0.087000,0.993828
SP_T_Jongkok_2,openpose,39,1.299163,ok,1,direct,0.802456,14,right_knee,1,1,2.000000,602.280000,555.490000,2.000000,601.902000,554.981000,0.634007,44.977105,1,0.087000,0.999475
SP_T_Jongkok_2,openpose,39,1.299163,ok,1,direct,0.802456,15,left_ankle,1,1,2.000000,706.460000,647.790000,2.000000,703.874000,646.940000,2.722112,44.977105,1,0.089000,0.990794
SP_T_Jongkok_2,openpose,39,1.299163,ok,1,direct,0.802456,16,right_ankle,1,1,2.000000,654.200000,646.210000,2.000000,650.932000,641.145000,6.027773,44.977105,1,0.089000,0.955663
SP_T_Jongkok_2,openpose,40,1.332475,ok,1,direct,0.805767,0,nose,0,0,0.000000,0.000000,0.000000,2.000000,650.993000,351.168000,,,,0.026000,
SP_T_Jongkok_2,openpose,40,1.332475,ok,1,direct,0.805767,1,left_eye,0,0,0.000000,0.000000,0.000000,2.000000,662.654000,339.493000,,,,0.025000,
SP_T_Jongkok_2,openpose,40,1.332475,ok,1,direct,0.805767,2,right_eye,0,0,0.000000,0.000000,0.000000,2.000000,646.966000,343.352000,,,,0.025000,
SP_T_Jongkok_2,openpose,40,1.332475,ok,1,direct,0.805767,3,left_ear,0,0,0.000000,0.000000,0.000000,2.000000,684.233000,345.339000,,,,0.035000,
SP_T_Jongkok_2,openpose,40,1.332475,ok,1,direct,0.805767,4,right_ear,0,0,0.000000,0.000000,0.000000,0.000000,0.000000,0.000000,,,,0.035000,
SP_T_Jongkok_2,openpose,40,1.332475,ok,1,direct,0.805767,5,left_shoulder,1,1,2.000000,716.480000,402.280000,2.000000,705.787000,394.311000,13.335862,44.877216,1,0.079000,0.753530
SP_T_Jongkok_2,openpose,40,1.332475,ok,1,direct,0.805767,6,right_shoulder,1,1,2.000000,650.900000,407.230000,2.000000,644.999000,396.267000,12.450268,44.877216,1,0.079000,0.781414
SP_T_Jongkok_2,openpose,40,1.332475,ok,1,direct,0.805767,7,left_elbow,1,1,2.000000,668.580000,406.400000,2.000000,648.980000,400.223000,20.550312,44.877216,1,0.072000,0.445302
SP_T_Jongkok_2,openpose,40,1.332475,ok,1,direct,0.805767,8,right_elbow,1,1,2.000000,594.360000,408.850000,2.000000,582.349000,404.116000,12.910262,44.877216,1,0.072000,0.726666
SP_T_Jongkok_2,openpose,40,1.332475,ok,1,direct,0.805767,9,left_wrist,1,1,2.000000,617.940000,392.120000,2.000000,611.727000,388.398000,7.242558,44.877216,1,0.062000,0.873268
SP_T_Jongkok_2,openpose,40,1.332475,ok,1,direct,0.805767,10,right_wrist,1,1,2.000000,535.230000,398.570000,2.000000,535.331000,388.462000,10.108505,44.877216,1,0.062000,0.767990
SP_T_Jongkok_2,openpose,40,1.332475,ok,1,direct,0.805767,11,left_hip,1,1,2.000000,732.060000,506.620000,2.000000,723.374000,519.648000,15.658077,44.877216,1,0.107000,0.808430
SP_T_Jongkok_2,openpose,40,1.332475,ok,1,direct,0.805767,12,right_hip,1,1,2.000000,672.270000,514.100000,2.000000,668.592000,519.702000,6.701499,44.877216,1,0.107000,0.961795
SP_T_Jongkok_2,openpose,40,1.332475,ok,1,direct,0.805767,13,left_knee,1,1,2.000000,668.790000,560.060000,2.000000,666.635000,560.856000,2.297312,44.877216,1,0.087000,0.993100
SP_T_Jongkok_2,openpose,40,1.332475,ok,1,direct,0.805767,14,right_knee,1,1,2.000000,601.640000,555.560000,2.000000,601.892000,554.980000,0.632380,44.877216,1,0.087000,0.999475
SP_T_Jongkok_2,openpose,40,1.332475,ok,1,direct,0.805767,15,left_ankle,1,1,2.000000,706.460000,647.920000,2.000000,703.846000,646.955000,2.786435,44.877216,1,0.089000,0.990313
SP_T_Jongkok_2,openpose,40,1.332475,ok,1,direct,0.805767,16,right_ankle,1,1,2.000000,654.200000,646.350000,2.000000,650.933000,641.174000,6.120806,44.877216,1,0.089000,0.954117
SP_T_Jongkok_2,openpose,41,1.365787,ok,1,direct,0.800201,0,nose,0,0,0.000000,0.000000,0.000000,2.000000,650.985000,351.194000,,,,0.026000,
SP_T_Jongkok_2,openpose,41,1.365787,ok,1,direct,0.800201,1,left_eye,0,0,0.000000,0.000000,0.000000,2.000000,662.632000,341.363000,,,,0.025000,
SP_T_Jongkok_2,openpose,41,1.365787,ok,1,direct,0.800201,2,right_eye,0,0,0.000000,0.000000,0.000000,2.000000,646.967000,343.383000,,,,0.025000,
SP_T_Jongkok_2,openpose,41,1.365787,ok,1,direct,0.800201,3,left_ear,0,0,0.000000,0.000000,0.000000,2.000000,684.211000,345.358000,,,,0.035000,
SP_T_Jongkok_2,openpose,41,1.365787,ok,1,direct,0.800201,4,right_ear,0,0,0.000000,0.000000,0.000000,0.000000,0.000000,0.000000,,,,0.035000,
SP_T_Jongkok_2,openpose,41,1.365787,ok,1,direct,0.800201,5,left_shoulder,1,1,2.000000,716.350000,402.180000,2.000000,701.905000,392.358000,17.467962,44.821722,1,0.079000,0.614636
SP_T_Jongkok_2,openpose,41,1.365787,ok,1,direct,0.800201,6,right_shoulder,1,1,2.000000,650.700000,407.050000,2.000000,648.920000,396.177000,11.017737,44.821722,1,0.079000,0.823959
SP_T_Jongkok_2,openpose,41,1.365787,ok,1,direct,0.800201,7,left_elbow,1,1,2.000000,668.580000,406.730000,2.000000,641.150000,400.195000,28.197715,44.821722,1,0.072000,0.217204
SP_T_Jongkok_2,openpose,41,1.365787,ok,1,direct,0.800201,8,right_elbow,1,1,2.000000,594.360000,408.930000,2.000000,588.268000,406.074000,6.728239,44.821722,1,0.072000,0.916737
SP_T_Jongkok_2,openpose,41,1.365787,ok,1,direct,0.800201,9,left_wrist,1,1,2.000000,617.810000,392.860000,2.000000,598.048000,388.409000,20.257049,44.821722,1,0.062000,0.345512
SP_T_Jongkok_2,openpose,41,1.365787,ok,1,direct,0.800201,10,right_wrist,1,1,2.000000,535.170000,398.600000,2.000000,535.361000,390.382000,8.220219,44.821722,1,0.062000,0.839458
SP_T_Jongkok_2,openpose,41,1.365787,ok,1,direct,0.800201,11,left_hip,1,1,2.000000,732.060000,506.830000,2.000000,723.380000,519.664000,15.493675,44.821722,1,0.107000,0.811611
SP_T_Jongkok_2,openpose,41,1.365787,ok,1,direct,0.800201,12,right_hip,1,1,2.000000,672.270000,514.300000,2.000000,670.494000,519.664000,5.650369,44.821722,1,0.107000,0.972621
SP_T_Jongkok_2,openpose,41,1.365787,ok,1,direct,0.800201,13,left_knee,1,1,2.000000,668.790000,560.200000,2.000000,666.628000,560.818000,2.248592,44.821722,1,0.087000,0.993372
SP_T_Jongkok_2,openpose,41,1.365787,ok,1,direct,0.800201,14,right_knee,1,1,2.000000,601.640000,555.710000,2.000000,600.023000,554.989000,1.770460,44.821722,1,0.087000,0.995886
SP_T_Jongkok_2,openpose,41,1.365787,ok,1,direct,0.800201,15,left_ankle,1,1,2.000000,706.460000,647.950000,2.000000,703.838000,646.956000,2.804090,44.821722,1,0.089000,0.990166
SP_T_Jongkok_2,openpose,41,1.365787,ok,1,direct,0.800201,16,right_ankle,1,1,2.000000,654.200000,646.380000,2.000000,650.936000,641.169000,6.148839,44.821722,1,0.089000,0.953593
SP_T_Jongkok_2,openpose,42,1.399099,ok,1,direct,0.790083,0,nose,0,0,0.000000,0.000000,0.000000,2.000000,650.976000,351.204000,,,,0.026000,
SP_T_Jongkok_2,openpose,42,1.399099,ok,1,direct,0.790083,1,left_eye,0,0,0.000000,0.000000,0.000000,2.000000,662.622000,341.387000,,,,0.025000,
SP_T_Jongkok_2,openpose,42,1.399099,ok,1,direct,0.790083,2,right_eye,0,0,0.000000,0.000000,0.000000,2.000000,646.963000,343.399000,,,,0.025000,
SP_T_Jongkok_2,openpose,42,1.399099,ok,1,direct,0.790083,3,left_ear,0,0,0.000000,0.000000,0.000000,2.000000,684.200000,347.232000,,,,0.035000,
SP_T_Jongkok_2,openpose,42,1.399099,ok,1,direct,0.790083,4,right_ear,0,0,0.000000,0.000000,0.000000,0.000000,0.000000,0.000000,,,,0.035000,
SP_T_Jongkok_2,openpose,42,1.399099,ok,1,direct,0.790083,5,left_shoulder,1,1,2.000000,716.230000,402.070000,2.000000,701.913000,394.271000,16.303401,44.767258,1,0.079000,0.653756
SP_T_Jongkok_2,openpose,42,1.399099,ok,1,direct,0.790083,6,right_shoulder,1,1,2.000000,650.510000,406.880000,2.000000,647.050000,394.327000,13.021114,44.767258,1,0.079000,0.762530
SP_T_Jongkok_2,openpose,42,1.399099,ok,1,direct,0.790083,7,left_elbow,1,1,2.000000,668.580000,407.070000,2.000000,641.140000,400.144000,28.300584,44.767258,1,0.072000,0.213990
SP_T_Jongkok_2,openpose,42,1.399099,ok,1,direct,0.790083,8,right_elbow,1,1,2.000000,594.360000,409.000000,2.000000,578.471000,400.221000,18.152993,44.767258,1,0.072000,0.530271
SP_T_Jongkok_2,openpose,42,1.399099,ok,1,direct,0.790083,9,left_wrist,1,1,2.000000,617.680000,393.590000,2.000000,611.695000,392.273000,6.128190,44.767258,1,0.062000,0.907105
SP_T_Jongkok_2,openpose,42,1.399099,ok,1,direct,0.790083,10,right_wrist,1,1,2.000000,535.100000,398.620000,2.000000,535.290000,392.312000,6.310861,44.767258,1,0.062000,0.901770
SP_T_Jongkok_2,openpose,42,1.399099,ok,1,direct,0.790083,11,left_hip,1,1,2.000000,732.060000,507.030000,2.000000,723.393000,519.678000,15.332606,44.767258,1,0.107000,0.814717
SP_T_Jongkok_2,openpose,42,1.399099,ok,1,direct,0.790083,12,right_hip,1,1,2.000000,672.270000,514.500000,2.000000,670.489000,519.693000,5.489919,44.767258,1,0.107000,0.974071
SP_T_Jongkok_2,openpose,42,1.399099,ok,1,direct,0.790083,13,left_knee,1,1,2.000000,668.790000,560.340000,2.000000,666.614000,560.871000,2.239852,44.767258,1,0.087000,0.993407
SP_T_Jongkok_2,openpose,42,1.399099,ok,1,direct,0.790083,14,right_knee,1,1,2.000000,601.640000,555.850000,2.000000,599.995000,554.984000,1.859027,44.767258,1,0.087000,0.995454
SP_T_Jongkok_2,openpose,42,1.399099,ok,1,direct,0.790083,15,left_ankle,1,1,2.000000,706.460000,647.970000,2.000000,703.837000,646.942000,2.817253,44.767258,1,0.089000,0.990050
SP_T_Jongkok_2,openpose,42,1.399099,ok,1,direct,0.790083,16,right_ankle,1,1,2.000000,654.200000,646.400000,2.000000,650.914000,641.191000,6.158854,44.767258,1,0.089000,0.953335
SP_T_Jongkok_2,openpose,43,1.432411,ok,1,direct,0.791327,0,nose,0,0,0.000000,0.000000,0.000000,2.000000,650.964000,351.210000,,,,0.026000,
SP_T_Jongkok_2,openpose,43,1.432411,ok,1,direct,0.791327,1,left_eye,0,0,0.000000,0.000000,0.000000,2.000000,662.609000,341.401000,,,,0.025000,
SP_T_Jongkok_2,openpose,43,1.432411,ok,1,direct,0.791327,2,right_eye,0,0,0.000000,0.000000,0.000000,2.000000,646.952000,343.392000,,,,0.025000,
SP_T_Jongkok_2,openpose,43,1.432411,ok,1,direct,0.791327,3,left_ear,0,0,0.000000,0.000000,0.000000,2.000000,684.196000,347.251000,,,,0.035000,
SP_T_Jongkok_2,openpose,43,1.432411,ok,1,direct,0.791327,4,right_ear,0,0,0.000000,0.000000,0.000000,0.000000,0.000000,0.000000,,,,0.035000,
SP_T_Jongkok_2,openpose,43,1.432411,ok,1,direct,0.791327,5,left_shoulder,1,1,2.000000,716.100000,401.960000,2.000000,703.779000,394.312000,14.501688,44.711548,1,0.079000,0.713829
SP_T_Jongkok_2,openpose,43,1.432411,ok,1,direct,0.791327,6,right_shoulder,1,1,2.000000,650.320000,406.700000,2.000000,648.991000,394.335000,12.436216,44.711548,1,0.079000,0.780422
SP_T_Jongkok_2,openpose,43,1.432411,ok,1,direct,0.791327,7,left_elbow,1,1,2.000000,668.580000,407.400000,2.000000,637.259000,398.262000,32.626800,44.711548,1,0.072000,0.128176
SP_T_Jongkok_2,openpose,43,1.432411,ok,1,direct,0.791327,8,right_elbow,1,1,2.000000,594.360000,409.080000,2.000000,600.022000,407.982000,5.767482,44.711548,1,0.072000,0.937823
SP_T_Jongkok_2,openpose,43,1.432411,ok,1,direct,0.791327,9,left_wrist,1,1,2.000000,617.550000,394.330000,2.000000,572.560000,396.265000,45.031593,44.711548,0,0.062000,0.005104
SP_T_Jongkok_2,openpose,43,1.432411,ok,1,direct,0.791327,10,right_wrist,1,1,2.000000,535.040000,398.650000,2.000000,545.108000,396.236000,10.353358,44.711548,1,0.062000,0.756557
SP_T_Jongkok_2,openpose,43,1.432411,ok,1,direct,0.791327,11,left_hip,1,1,2.000000,732.060000,507.240000,2.000000,723.364000,519.673000,15.172340,44.711548,1,0.107000,0.817787
SP_T_Jongkok_2,openpose,43,1.432411,ok,1,direct,0.791327,12,right_hip,1,1,2.000000,672.270000,514.690000,2.000000,670.487000,519.659000,5.279209,44.711548,1,0.107000,0.975941
SP_T_Jongkok_2,openpose,43,1.432411,ok,1,direct,0.791327,13,left_knee,1,1,2.000000,668.790000,560.480000,2.000000,666.623000,560.852000,2.198698,44.711548,1,0.087000,0.993631
SP_T_Jongkok_2,openpose,43,1.432411,ok,1,direct,0.791327,14,right_knee,1,1,2.000000,601.640000,555.990000,2.000000,599.972000,554.986000,1.946854,44.711548,1,0.087000,0.995003
SP_T_Jongkok_2,openpose,43,1.432411,ok,1,direct,0.791327,15,left_ankle,1,1,2.000000,706.460000,648.000000,2.000000,703.825000,646.946000,2.837982,44.711548,1,0.089000,0.989879
SP_T_Jongkok_2,openpose,43,1.432411,ok,1,direct,0.791327,16,right_ankle,1,1,2.000000,654.200000,646.430000,2.000000,650.889000,641.161000,6.222948,44.711548,1,0.089000,0.952266
SP_T_Jongkok_2,openpose,44,1.465723,ok,1,direct,0.791861,0,nose,0,0,0.000000,0.000000,0.000000,2.000000,650.952000,351.233000,,,,0.026000,
SP_T_Jongkok_2,openpose,44,1.465723,ok,1,direct,0.791861,1,left_eye,0,0,0.000000,0.000000,0.000000,2.000000,662.617000,341.418000,,,,0.025000,
SP_T_Jongkok_2,openpose,44,1.465723,ok,1,direct,0.791861,2,right_eye,0,0,0.000000,0.000000,0.000000,2.000000,645.092000,345.261000,,,,0.025000,
SP_T_Jongkok_2,openpose,44,1.465723,ok,1,direct,0.791861,3,left_ear,0,0,0.000000,0.000000,0.000000,2.000000,684.209000,347.293000,,,,0.035000,
SP_T_Jongkok_2,openpose,44,1.465723,ok,1,direct,0.791861,4,right_ear,0,0,0.000000,0.000000,0.000000,0.000000,0.000000,0.000000,,,,0.035000,
SP_T_Jongkok_2,openpose,44,1.465723,ok,1,direct,0.791861,5,left_shoulder,1,1,2.000000,715.970000,401.860000,2.000000,703.796000,396.228000,13.413639,44.655731,1,0.079000,0.748904
SP_T_Jongkok_2,openpose,44,1.465723,ok,1,direct,0.791861,6,right_shoulder,1,1,2.000000,650.130000,406.520000,2.000000,647.031000,396.232000,10.744615,44.655731,1,0.079000,0.830668
SP_T_Jongkok_2,openpose,44,1.465723,ok,1,direct,0.791861,7,left_elbow,1,1,2.000000,668.580000,407.730000,2.000000,641.123000,402.072000,28.033905,44.655731,1,0.072000,0.218609
SP_T_Jongkok_2,openpose,44,1.465723,ok,1,direct,0.791861,8,right_elbow,1,1,2.000000,594.360000,409.160000,2.000000,596.100000,408.022000,2.079097,44.655731,1,0.072000,0.991672
SP_T_Jongkok_2,openpose,44,1.465723,ok,1,direct,0.791861,9,left_wrist,1,1,2.000000,617.430000,395.060000,2.000000,574.498000,396.262000,42.948823,44.655731,1,0.062000,0.008125
SP_T_Jongkok_2,openpose,44,1.465723,ok,1,direct,0.791861,10,right_wrist,1,1,2.000000,534.980000,398.670000,2.000000,539.290000,394.294000,6.142107,44.655731,1,0.062000,0.906259
SP_T_Jongkok_2,openpose,44,1.465723,ok,1,direct,0.791861,11,left_hip,1,1,2.000000,732.060000,507.440000,2.000000,721.509000,519.687000,16.165167,44.655731,1,0.107000,0.795399
SP_T_Jongkok_2,openpose,44,1.465723,ok,1,direct,0.791861,12,right_hip,1,1,2.000000,672.270000,514.890000,2.000000,668.603000,519.702000,6.049978,44.655731,1,0.107000,0.968445
SP_T_Jongkok_2,openpose,44,1.465723,ok,1,direct,0.791861,13,left_knee,1,1,2.000000,668.790000,560.610000,2.000000,666.612000,562.753000,3.055509,44.655731,1,0.087000,0.987705
SP_T_Jongkok_2,openpose,44,1.465723,ok,1,direct,0.791861,14,right_knee,1,1,2.000000,601.640000,556.140000,2.000000,599.961000,556.822000,1.812227,44.655731,1,0.087000,0.995658
SP_T_Jongkok_2,openpose,44,1.465723,ok,1,direct,0.791861,15,left_ankle,1,1,2.000000,706.460000,648.020000,2.000000,703.825000,645.090000,3.940574,44.655731,1,0.089000,0.980531
SP_T_Jongkok_2,openpose,44,1.465723,ok,1,direct,0.791861,16,right_ankle,1,1,2.000000,654.200000,646.460000,2.000000,650.879000,641.157000,6.257064,44.655731,1,0.089000,0.951637
SP_T_Jongkok_2,openpose,45,1.499034,ok,1,direct,0.787390,0,nose,0,0,0.000000,0.000000,0.000000,2.000000,650.937000,353.066000,,,,0.026000,
SP_T_Jongkok_2,openpose,45,1.499034,ok,1,direct,0.787390,1,left_eye,0,0,0.000000,0.000000,0.000000,2.000000,660.775000,343.295000,,,,0.025000,
SP_T_Jongkok_2,openpose,45,1.499034,ok,1,direct,0.787390,2,right_eye,0,0,0.000000,0.000000,0.000000,2.000000,645.087000,345.294000,,,,0.025000,
SP_T_Jongkok_2,openpose,45,1.499034,ok,1,direct,0.787390,3,left_ear,0,0,0.000000,0.000000,0.000000,2.000000,684.203000,347.302000,,,,0.035000,
SP_T_Jongkok_2,openpose,45,1.499034,ok,1,direct,0.787390,4,right_ear,0,0,0.000000,0.000000,0.000000,0.000000,0.000000,0.000000,,,,0.035000,
SP_T_Jongkok_2,openpose,45,1.499034,ok,1,direct,0.787390,5,left_shoulder,1,1,2.000000,715.840000,401.750000,2.000000,701.925000,396.241000,14.965838,44.600936,1,0.079000,0.697105
SP_T_Jongkok_2,openpose,45,1.499034,ok,1,direct,0.787390,6,right_shoulder,1,1,2.000000,649.940000,406.340000,2.000000,648.919000,396.210000,10.181323,44.600936,1,0.079000,0.846206
SP_T_Jongkok_2,openpose,45,1.499034,ok,1,direct,0.787390,7,left_elbow,1,1,2.000000,668.580000,408.070000,2.000000,639.201000,402.099000,29.979634,44.600936,1,0.072000,0.174972
SP_T_Jongkok_2,openpose,45,1.499034,ok,1,direct,0.787390,8,right_elbow,1,1,2.000000,594.360000,409.230000,2.000000,590.195000,402.163000,8.203031,44.600936,1,0.072000,0.877652
SP_T_Jongkok_2,openpose,45,1.499034,ok,1,direct,0.787390,9,left_wrist,1,1,2.000000,617.300000,395.800000,2.000000,611.753000,396.185000,5.560345,44.600936,1,0.062000,0.922318
SP_T_Jongkok_2,openpose,45,1.499034,ok,1,direct,0.787390,10,right_wrist,1,1,2.000000,534.910000,398.700000,2.000000,535.389000,394.286000,4.439914,44.600936,1,0.062000,0.949747
SP_T_Jongkok_2,openpose,45,1.499034,ok,1,direct,0.787390,11,left_hip,1,1,2.000000,732.060000,507.650000,2.000000,721.500000,519.705000,16.026123,44.600936,1,0.107000,0.798082
SP_T_Jongkok_2,openpose,45,1.499034,ok,1,direct,0.787390,12,right_hip,1,1,2.000000,672.270000,515.090000,2.000000,668.604000,521.605000,7.475612,44.600936,1,0.107000,0.952109
SP_T_Jongkok_2,openpose,45,1.499034,ok,1,direct,0.787390,13,left_knee,1,1,2.000000,668.790000,560.750000,2.000000,666.620000,562.748000,2.949729,44.600936,1,0.087000,0.988509
SP_T_Jongkok_2,openpose,45,1.499034,ok,1,direct,0.787390,14,right_knee,1,1,2.000000,601.640000,556.280000,2.000000,599.960000,556.819000,1.764347,44.600936,1,0.087000,0.995874
SP_T_Jongkok_2,openpose,45,1.499034,ok,1,direct,0.787390,15,left_ankle,1,1,2.000000,706.460000,648.050000,2.000000,703.803000,645.085000,3.981316,44.600936,1,0.089000,0.980082
SP_T_Jongkok_2,openpose,45,1.499034,ok,1,direct,0.787390,16,right_ankle,1,1,2.000000,654.200000,646.490000,2.000000,649.030000,641.112000,7.460012,44.600936,1,0.089000,0.931799
SP_T_Jongkok_2,openpose,46,1.532346,ok,1,direct,0.803653,0,nose,0,0,0.000000,0.000000,0.000000,2.000000,650.964000,353.082000,,,,0.026000,
SP_T_Jongkok_2,openpose,46,1.532346,ok,1,direct,0.803653,1,left_eye,0,0,0.000000,0.000000,0.000000,2.000000,662.639000,343.308000,,,,0.025000,
SP_T_Jongkok_2,openpose,46,1.532346,ok,1,direct,0.803653,2,right_eye,0,0,0.000000,0.000000,0.000000,2.000000,645.088000,345.315000,,,,0.025000,
SP_T_Jongkok_2,openpose,46,1.532346,ok,1,direct,0.803653,3,left_ear,0,0,0.000000,0.000000,0.000000,2.000000,684.226000,349.163000,,,,0.035000,
SP_T_Jongkok_2,openpose,46,1.532346,ok,1,direct,0.803653,4,right_ear,0,0,0.000000,0.000000,0.000000,0.000000,0.000000,0.000000,,,,0.035000,
SP_T_Jongkok_2,openpose,46,1.532346,ok,1,direct,0.803653,5,left_shoulder,1,1,2.000000,715.720000,401.640000,2.000000,703.818000,396.234000,13.072201,44.544900,1,0.079000,0.758828
SP_T_Jongkok_2,openpose,46,1.532346,ok,1,direct,0.803653,6,right_shoulder,1,1,2.000000,649.750000,406.170000,2.000000,645.074000,396.268000,10.950552,44.544900,1,0.079000,0.823934
SP_T_Jongkok_2,openpose,46,1.532346,ok,1,direct,0.803653,7,left_elbow,1,1,2.000000,668.580000,408.400000,2.000000,643.143000,404.065000,25.803744,44.544900,1,0.072000,0.274008
SP_T_Jongkok_2,openpose,46,1.532346,ok,1,direct,0.803653,8,right_elbow,1,1,2.000000,594.360000,409.310000,2.000000,574.508000,402.082000,21.126900,44.544900,1,0.072000,0.419857
SP_T_Jongkok_2,openpose,46,1.532346,ok,1,direct,0.803653,9,left_wrist,1,1,2.000000,617.170000,396.530000,2.000000,611.741000,394.320000,5.861582,44.544900,1,0.062000,0.913848
SP_T_Jongkok_2,openpose,46,1.532346,ok,1,direct,0.803653,10,right_wrist,1,1,2.000000,534.850000,398.720000,2.000000,529.514000,394.236000,6.969875,44.544900,1,0.062000,0.880399
SP_T_Jongkok_2,openpose,46,1.532346,ok,1,direct,0.803653,11,left_hip,1,1,2.000000,732.060000,507.860000,2.000000,721.497000,519.708000,15.872998,44.544900,1,0.107000,0.801066
SP_T_Jongkok_2,openpose,46,1.532346,ok,1,direct,0.803653,12,right_hip,1,1,2.000000,672.270000,515.280000,2.000000,668.549000,521.633000,7.362503,44.544900,1,0.107000,0.953399
SP_T_Jongkok_2,openpose,46,1.532346,ok,1,direct,0.803653,13,left_knee,1,1,2.000000,668.790000,560.890000,2.000000,666.622000,562.752000,2.857843,44.544900,1,0.087000,0.989183
SP_T_Jongkok_2,openpose,46,1.532346,ok,1,direct,0.803653,14,right_knee,1,1,2.000000,601.640000,556.430000,2.000000,599.960000,556.849000,1.731462,44.544900,1,0.087000,0.996016
SP_T_Jongkok_2,openpose,46,1.532346,ok,1,direct,0.803653,15,left_ankle,1,1,2.000000,706.460000,648.070000,2.000000,703.805000,645.081000,3.997893,44.544900,1,0.089000,0.979867
SP_T_Jongkok_2,openpose,46,1.532346,ok,1,direct,0.803653,16,right_ankle,1,1,2.000000,654.200000,646.510000,2.000000,650.872000,641.129000,6.326985,44.544900,1,0.089000,0.950337
SP_T_Jongkok_2,openpose,47,1.565658,ok,1,direct,0.793790,0,nose,0,0,0.000000,0.000000,0.000000,2.000000,650.958000,353.084000,,,,0.026000,
SP_T_Jongkok_2,openpose,47,1.565658,ok,1,direct,0.793790,1,left_eye,0,0,0.000000,0.000000,0.000000,2.000000,662.635000,343.337000,,,,0.025000,
SP_T_Jongkok_2,openpose,47,1.565658,ok,1,direct,0.793790,2,right_eye,0,0,0.000000,0.000000,0.000000,2.000000,645.106000,345.298000,,,,0.025000,
SP_T_Jongkok_2,openpose,47,1.565658,ok,1,direct,0.793790,3,left_ear,0,0,0.000000,0.000000,0.000000,2.000000,684.213000,349.205000,,,,0.035000,
SP_T_Jongkok_2,openpose,47,1.565658,ok,1,direct,0.793790,4,right_ear,0,0,0.000000,0.000000,0.000000,0.000000,0.000000,0.000000,,,,0.035000,
SP_T_Jongkok_2,openpose,47,1.565658,ok,1,direct,0.793790,5,left_shoulder,1,1,2.000000,715.590000,401.540000,2.000000,703.792000,396.237000,12.935015,44.488755,1,0.079000,0.762693
SP_T_Jongkok_2,openpose,47,1.565658,ok,1,direct,0.793790,6,right_shoulder,1,1,2.000000,649.560000,405.990000,2.000000,647.014000,394.332000,11.932773,44.488755,1,0.079000,0.794100
SP_T_Jongkok_2,openpose,47,1.565658,ok,1,direct,0.793790,7,left_elbow,1,1,2.000000,668.580000,408.740000,2.000000,641.164000,404.087000,27.808047,44.488755,1,0.072000,0.221503
SP_T_Jongkok_2,openpose,47,1.565658,ok,1,direct,0.793790,8,right_elbow,1,1,2.000000,594.360000,409.380000,2.000000,578.456000,402.131000,17.478135,44.488755,1,0.072000,0.551307
SP_T_Jongkok_2,openpose,47,1.565658,ok,1,direct,0.793790,9,left_wrist,1,1,2.000000,617.040000,397.270000,2.000000,615.584000,396.270000,1.766334,44.488755,1,0.062000,0.991832
SP_T_Jongkok_2,openpose,47,1.565658,ok,1,direct,0.793790,10,right_wrist,1,1,2.000000,534.790000,398.750000,2.000000,533.421000,394.304000,4.651997,44.488755,1,0.062000,0.944699
SP_T_Jongkok_2,openpose,47,1.565658,ok,1,direct,0.793790,11,left_hip,1,1,2.000000,732.060000,508.060000,2.000000,721.498000,521.579000,17.155734,44.488755,1,0.107000,0.771233
SP_T_Jongkok_2,openpose,47,1.565658,ok,1,direct,0.793790,12,right_hip,1,1,2.000000,672.270000,515.480000,2.000000,668.608000,521.622000,7.150833,44.488755,1,0.107000,0.955872
SP_T_Jongkok_2,openpose,47,1.565658,ok,1,direct,0.793790,13,left_knee,1,1,2.000000,668.790000,561.030000,2.000000,666.607000,562.755000,2.782286,44.488755,1,0.087000,0.989719
SP_T_Jongkok_2,openpose,47,1.565658,ok,1,direct,0.793790,14,right_knee,1,1,2.000000,601.640000,556.570000,2.000000,599.961000,556.883000,1.707926,44.488755,1,0.087000,0.996113
SP_T_Jongkok_2,openpose,47,1.565658,ok,1,direct,0.793790,15,left_ankle,1,1,2.000000,706.460000,648.100000,2.000000,703.823000,645.080000,4.009260,44.488755,1,0.089000,0.979703
SP_T_Jongkok_2,openpose,47,1.565658,ok,1,direct,0.793790,16,right_ankle,1,1,2.000000,654.200000,646.540000,2.000000,649.028000,641.121000,7.491004,44.488755,1,0.089000,0.930916
SP_T_Jongkok_2,openpose,48,1.598970,ok,1,direct,0.793197,0,nose,0,0,0.000000,0.000000,0.000000,2.000000,650.939000,353.078000,,,,0.026000,
SP_T_Jongkok_2,openpose,48,1.598970,ok,1,direct,0.793197,1,left_eye,0,0,0.000000,0.000000,0.000000,2.000000,662.607000,343.322000,,,,0.025000,
SP_T_Jongkok_2,openpose,48,1.598970,ok,1,direct,0.793197,2,right_eye,0,0,0.000000,0.000000,0.000000,2.000000,645.083000,345.290000,,,,0.025000,
SP_T_Jongkok_2,openpose,48,1.598970,ok,1,direct,0.793197,3,left_ear,0,0,0.000000,0.000000,0.000000,2.000000,684.183000,349.175000,,,,0.035000,
SP_T_Jongkok_2,openpose,48,1.598970,ok,1,direct,0.793197,4,right_ear,0,0,0.000000,0.000000,0.000000,0.000000,0.000000,0.000000,,,,0.035000,
SP_T_Jongkok_2,openpose,48,1.598970,ok,1,direct,0.793197,5,left_shoulder,1,1,2.000000,715.460000,401.430000,2.000000,701.929000,396.233000,14.494715,44.434516,1,0.079000,0.711059
SP_T_Jongkok_2,openpose,48,1.598970,ok,1,direct,0.793197,6,right_shoulder,1,1,2.000000,649.370000,405.810000,2.000000,646.987000,394.298000,11.756055,44.434516,1,0.079000,0.799063
SP_T_Jongkok_2,openpose,48,1.598970,ok,1,direct,0.793197,7,left_elbow,1,1,2.000000,668.580000,409.070000,2.000000,641.180000,404.121000,27.843358,44.434516,1,0.072000,0.219843
SP_T_Jongkok_2,openpose,48,1.598970,ok,1,direct,0.793197,8,right_elbow,1,1,2.000000,594.360000,409.460000,2.000000,580.437000,402.138000,15.730913,44.434516,1,0.072000,0.616597
SP_T_Jongkok_2,openpose,48,1.598970,ok,1,direct,0.793197,9,left_wrist,1,1,2.000000,616.920000,398.000000,2.000000,615.573000,396.255000,2.204412,44.434516,1,0.062000,0.987276
SP_T_Jongkok_2,openpose,48,1.598970,ok,1,direct,0.793197,10,right_wrist,1,1,2.000000,534.720000,398.770000,2.000000,539.208000,396.243000,5.150522,44.434516,1,0.062000,0.932482
SP_T_Jongkok_2,openpose,48,1.598970,ok,1,direct,0.793197,11,left_hip,1,1,2.000000,732.060000,508.270000,2.000000,723.368000,521.585000,15.900946,44.434516,1,0.107000,0.799554
SP_T_Jongkok_2,openpose,48,1.598970,ok,1,direct,0.793197,12,right_hip,1,1,2.000000,672.270000,515.680000,2.000000,670.494000,521.629000,6.208444,44.434516,1,0.107000,0.966472
SP_T_Jongkok_2,openpose,48,1.598970,ok,1,direct,0.793197,13,left_knee,1,1,2.000000,668.790000,561.160000,2.000000,666.599000,562.753000,2.708898,44.434516,1,0.087000,0.990228
SP_T_Jongkok_2,openpose,48,1.598970,ok,1,direct,0.793197,14,right_knee,1,1,2.000000,601.640000,556.710000,2.000000,599.980000,556.867000,1.667408,44.434516,1,0.087000,0.996286
SP_T_Jongkok_2,openpose,48,1.598970,ok,1,direct,0.793197,15,left_ankle,1,1,2.000000,706.460000,648.130000,2.000000,703.785000,645.089000,4.050100,44.434516,1,0.089000,0.979242
SP_T_Jongkok_2,openpose,48,1.598970,ok,1,direct,0.793197,16,right_ankle,1,1,2.000000,654.200000,646.570000,2.000000,649.013000,641.137000,7.511488,44.434516,1,0.089000,0.930388
SP_T_Jongkok_2,openpose,49,1.632282,ok,1,direct,0.797241,0,nose,0,0,0.000000,0.000000,0.000000,2.000000,650.963000,353.112000,,,,0.026000,
SP_T_Jongkok_2,openpose,49,1.632282,ok,1,direct,0.797241,1,left_eye,0,0,0.000000,0.000000,0.000000,2.000000,662.632000,343.377000,,,,0.025000,
SP_T_Jongkok_2,openpose,49,1.632282,ok,1,direct,0.797241,2,right_eye,0,0,0.000000,0.000000,0.000000,2.000000,645.102000,345.339000,,,,0.025000,
SP_T_Jongkok_2,openpose,49,1.632282,ok,1,direct,0.797241,3,left_ear,0,0,0.000000,0.000000,0.000000,2.000000,684.200000,349.250000,,,,0.035000,
SP_T_Jongkok_2,openpose,49,1.632282,ok,1,direct,0.797241,4,right_ear,0,0,0.000000,0.000000,0.000000,0.000000,0.000000,0.000000,,,,0.035000,
SP_T_Jongkok_2,openpose,49,1.632282,ok,1,direct,0.797241,5,left_shoulder,1,1,2.000000,715.330000,401.320000,2.000000,703.803000,396.250000,12.592721,44.377262,1,0.079000,0.772561
SP_T_Jongkok_2,openpose,49,1.632282,ok,1,direct,0.797241,6,right_shoulder,1,1,2.000000,649.170000,405.640000,2.000000,645.076000,396.174000,10.313389,44.377262,1,0.079000,0.841067
SP_T_Jongkok_2,openpose,49,1.632282,ok,1,direct,0.797241,7,left_elbow,1,1,2.000000,668.580000,409.400000,2.000000,643.052000,404.110000,26.070345,44.377262,1,0.072000,0.264084
SP_T_Jongkok_2,openpose,49,1.632282,ok,1,direct,0.797241,8,right_elbow,1,1,2.000000,594.360000,409.530000,2.000000,584.327000,402.167000,12.444873,44.377262,1,0.072000,0.738299
SP_T_Jongkok_2,openpose,49,1.632282,ok,1,direct,0.797241,9,left_wrist,1,1,2.000000,616.790000,398.740000,2.000000,613.743000,396.296000,3.906065,44.377262,1,0.062000,0.960492
SP_T_Jongkok_2,openpose,49,1.632282,ok,1,direct,0.797241,10,right_wrist,1,1,2.000000,534.660000,398.800000,2.000000,537.275000,396.244000,3.656687,44.377262,1,0.062000,0.965290
SP_T_Jongkok_2,openpose,49,1.632282,ok,1,direct,0.797241,11,left_hip,1,1,2.000000,732.060000,508.470000,2.000000,723.369000,521.582000,15.730799,44.377262,1,0.107000,0.802917
SP_T_Jongkok_2,openpose,49,1.632282,ok,1,direct,0.797241,12,right_hip,1,1,2.000000,672.270000,515.870000,2.000000,670.490000,521.658000,6.055522,44.377262,1,0.107000,0.967996
SP_T_Jongkok_2,openpose,49,1.632282,ok,1,direct,0.797241,13,left_knee,1,1,2.000000,668.790000,561.300000,2.000000,666.587000,562.730000,2.626425,44.377262,1,0.087000,0.990787
SP_T_Jongkok_2,openpose,49,1.632282,ok,1,direct,0.797241,14,right_knee,1,1,2.000000,601.640000,556.860000,2.000000,599.991000,556.857000,1.649003,44.377262,1,0.087000,0.996358
SP_T_Jongkok_2,openpose,49,1.632282,ok,1,direct,0.797241,15,left_ankle,1,1,2.000000,706.460000,648.150000,2.000000,703.810000,645.062000,4.069182,44.377262,1,0.089000,0.978994
SP_T_Jongkok_2,openpose,49,1.632282,ok,1,direct,0.797241,16,right_ankle,1,1,2.000000,654.200000,646.600000,2.000000,648.997000,641.161000,7.526880,44.377262,1,0.089000,0.929938
SP_T_Jongkok_2,openpose,50,1.665594,ok,1,direct,0.809840,0,nose,0,0,0.000000,0.000000,0.000000,2.000000,650.972000,353.145000,,,,0.026000,
SP_T_Jongkok_2,openpose,50,1.665594,ok,1,direct,0.809840,1,left_eye,0,0,0.000000,0.000000,0.000000,2.000000,662.657000,345.251000,,,,0.025000,
SP_T_Jongkok_2,openpose,50,1.665594,ok,1,direct,0.809840,2,right_eye,0,0,0.000000,0.000000,0.000000,2.000000,646.940000,347.207000,,,,0.025000,
SP_T_Jongkok_2,openpose,50,1.665594,ok,1,direct,0.809840,3,left_ear,0,0,0.000000,0.000000,0.000000,2.000000,684.244000,351.135000,,,,0.035000,
SP_T_Jongkok_2,openpose,50,1.665594,ok,1,direct,0.809840,4,right_ear,0,0,0.000000,0.000000,0.000000,0.000000,0.000000,0.000000,,,,0.035000,
SP_T_Jongkok_2,openpose,50,1.665594,ok,1,direct,0.809840,5,left_shoulder,1,1,2.000000,715.210000,401.210000,2.000000,703.804000,396.248000,12.438580,44.380680,1,0.079000,0.777457
SP_T_Jongkok_2,openpose,50,1.665594,ok,1,direct,0.809840,6,right_shoulder,1,1,2.000000,648.980000,405.460000,2.000000,645.081000,396.194000,10.052908,44.380680,1,0.079000,0.848380
SP_T_Jongkok_2,openpose,50,1.665594,ok,1,direct,0.809840,7,left_elbow,1,1,2.000000,668.580000,409.740000,2.000000,643.110000,404.148000,26.076644,44.380680,1,0.072000,0.263968
SP_T_Jongkok_2,openpose,50,1.665594,ok,1,direct,0.809840,8,right_elbow,1,1,2.000000,594.360000,409.610000,2.000000,578.473000,402.084000,17.579461,44.380680,1,0.072000,0.545897
SP_T_Jongkok_2,openpose,50,1.665594,ok,1,direct,0.809840,9,left_wrist,1,1,2.000000,616.660000,399.470000,2.000000,613.742000,396.286000,4.318863,44.380680,1,0.062000,0.951922
SP_T_Jongkok_2,openpose,50,1.665594,ok,1,direct,0.809840,10,right_wrist,1,1,2.000000,534.590000,398.820000,2.000000,535.323000,396.261000,2.661911,44.380680,1,0.062000,0.981457
SP_T_Jongkok_2,openpose,50,1.665594,ok,1,direct,0.809840,11,left_hip,1,1,2.000000,732.060000,508.680000,2.000000,723.395000,521.584000,15.543341,44.380680,1,0.107000,0.807130
SP_T_Jongkok_2,openpose,50,1.665594,ok,1,direct,0.809840,12,right_hip,1,1,2.000000,672.270000,516.070000,2.000000,670.542000,521.679000,5.869145,44.380680,1,0.107000,0.969911
SP_T_Jongkok_2,openpose,50,1.665594,ok,1,direct,0.809840,13,left_knee,1,1,2.000000,668.790000,561.440000,2.000000,666.592000,562.747000,2.557235,44.380680,1,0.087000,0.991265
SP_T_Jongkok_2,openpose,50,1.665594,ok,1,direct,0.809840,14,right_knee,1,1,2.000000,601.640000,557.000000,2.000000,599.995000,556.841000,1.652666,44.380680,1,0.087000,0.996343
SP_T_Jongkok_2,openpose,50,1.665594,ok,1,direct,0.809840,15,left_ankle,1,1,2.000000,706.460000,648.180000,2.000000,703.818000,645.042000,4.102098,44.380680,1,0.089000,0.978660
SP_T_Jongkok_2,openpose,50,1.665594,ok,1,direct,0.809840,16,right_ankle,1,1,2.000000,654.200000,646.620000,2.000000,649.002000,641.155000,7.542243,44.380680,1,0.089000,0.929673
SP_T_Jongkok_2,openpose,51,1.698906,ok,1,direct,0.804609,0,nose,0,0,0.000000,0.000000,0.000000,2.000000,650.958000,353.210000,,,,0.026000,
SP_T_Jongkok_2,openpose,51,1.698906,ok,1,direct,0.804609,1,left_eye,0,0,0.000000,0.000000,0.000000,2.000000,662.637000,345.349000,,,,0.025000,
SP_T_Jongkok_2,openpose,51,1.698906,ok,1,direct,0.804609,2,right_eye,0,0,0.000000,0.000000,0.000000,2.000000,645.096000,347.292000,,,,0.025000,
SP_T_Jongkok_2,openpose,51,1.698906,ok,1,direct,0.804609,3,left_ear,0,0,0.000000,0.000000,0.000000,2.000000,684.218000,351.200000,,,,0.035000,
SP_T_Jongkok_2,openpose,51,1.698906,ok,1,direct,0.804609,4,right_ear,0,0,0.000000,0.000000,0.000000,0.000000,0.000000,0.000000,,,,0.035000,
SP_T_Jongkok_2,openpose,51,1.698906,ok,1,direct,0.804609,5,left_shoulder,1,1,2.000000,715.210000,401.280000,2.000000,703.794000,398.125000,11.843947,44.374450,1,0.079000,0.795887
SP_T_Jongkok_2,openpose,51,1.698906,ok,1,direct,0.804609,6,right_shoulder,1,1,2.000000,648.980000,405.520000,2.000000,645.016000,396.241000,10.090250,44.374450,1,0.079000,0.847303
SP_T_Jongkok_2,openpose,51,1.698906,ok,1,direct,0.804609,7,left_elbow,1,1,2.000000,668.580000,409.800000,2.000000,643.041000,404.115000,26.164093,44.374450,1,0.072000,0.261518
SP_T_Jongkok_2,openpose,51,1.698906,ok,1,direct,0.804609,8,right_elbow,1,1,2.000000,594.360000,409.670000,2.000000,574.546000,400.244000,21.941834,44.374450,1,0.072000,0.389345
SP_T_Jongkok_2,openpose,51,1.698906,ok,1,direct,0.804609,9,left_wrist,1,1,2.000000,616.660000,399.530000,2.000000,615.625000,396.299000,3.392725,44.374450,1,0.062000,0.970044
SP_T_Jongkok_2,openpose,51,1.698906,ok,1,direct,0.804609,10,right_wrist,1,1,2.000000,534.590000,398.890000,2.000000,533.344000,398.142000,1.453279,44.374450,1,0.062000,0.994435
SP_T_Jongkok_2,openpose,51,1.698906,ok,1,direct,0.804609,11,left_hip,1,1,2.000000,732.060000,508.720000,2.000000,723.401000,521.615000,15.532524,44.374450,1,0.107000,0.807322
SP_T_Jongkok_2,openpose,51,1.698906,ok,1,direct,0.804609,12,right_hip,1,1,2.000000,672.270000,516.110000,2.000000,670.568000,523.525000,7.607827,44.374450,1,0.107000,0.949949
SP_T_Jongkok_2,openpose,51,1.698906,ok,1,direct,0.804609,13,left_knee,1,1,2.000000,668.790000,561.470000,2.000000,666.608000,562.730000,2.519667,44.374450,1,0.087000,0.991517
SP_T_Jongkok_2,openpose,51,1.698906,ok,1,direct,0.804609,14,right_knee,1,1,2.000000,601.640000,557.030000,2.000000,600.007000,556.839000,1.644132,44.374450,1,0.087000,0.996379
SP_T_Jongkok_2,openpose,51,1.698906,ok,1,direct,0.804609,15,left_ankle,1,1,2.000000,706.460000,648.180000,2.000000,703.837000,645.027000,4.101407,44.374450,1,0.089000,0.978661
SP_T_Jongkok_2,openpose,51,1.698906,ok,1,direct,0.804609,16,right_ankle,1,1,2.000000,654.200000,646.630000,2.000000,649.023000,641.179000,7.517628,44.374450,1,0.089000,0.930096
SP_T_Jongkok_2,openpose,52,1.732218,ok,1,direct,0.789949,0,nose,0,0,0.000000,0.000000,0.000000,2.000000,650.909000,355.067000,,,,0.026000,
SP_T_Jongkok_2,openpose,52,1.732218,ok,1,direct,0.789949,1,left_eye,0,0,0.000000,0.000000,0.000000,2.000000,660.767000,347.246000,,,,0.025000,
SP_T_Jongkok_2,openpose,52,1.732218,ok,1,direct,0.789949,2,right_eye,0,0,0.000000,0.000000,0.000000,2.000000,645.063000,349.152000,,,,0.025000,
SP_T_Jongkok_2,openpose,52,1.732218,ok,1,direct,0.789949,3,left_ear,0,0,0.000000,0.000000,0.000000,2.000000,684.197000,351.224000,,,,0.035000,
SP_T_Jongkok_2,openpose,52,1.732218,ok,1,direct,0.789949,4,right_ear,0,0,0.000000,0.000000,0.000000,0.000000,0.000000,0.000000,,,,0.035000,
SP_T_Jongkok_2,openpose,52,1.732218,ok,1,direct,0.789949,5,left_shoulder,1,1,2.000000,715.210000,401.340000,2.000000,701.919000,398.145000,13.669627,44.370000,1,0.079000,0.737739
SP_T_Jongkok_2,openpose,52,1.732218,ok,1,direct,0.789949,6,right_shoulder,1,1,2.000000,648.980000,405.580000,2.000000,645.075000,396.260000,10.105020,44.370000,1,0.079000,0.846864
SP_T_Jongkok_2,openpose,52,1.732218,ok,1,direct,0.789949,7,left_elbow,1,1,2.000000,668.580000,409.860000,2.000000,633.308000,402.147000,36.105462,44.370000,1,0.072000,0.077719
SP_T_Jongkok_2,openpose,52,1.732218,ok,1,direct,0.789949,8,right_elbow,1,1,2.000000,594.360000,409.730000,2.000000,574.551000,402.113000,21.222987,44.370000,1,0.072000,0.413676
SP_T_Jongkok_2,openpose,52,1.732218,ok,1,direct,0.789949,9,left_wrist,1,1,2.000000,616.660000,399.600000,2.000000,615.554000,398.173000,1.805427,44.370000,1,0.062000,0.991423
SP_T_Jongkok_2,openpose,52,1.732218,ok,1,direct,0.789949,10,right_wrist,1,1,2.000000,534.590000,398.950000,2.000000,533.425000,398.177000,1.398125,44.370000,1,0.062000,0.994847
SP_T_Jongkok_2,openpose,52,1.732218,ok,1,direct,0.789949,11,left_hip,1,1,2.000000,732.060000,508.750000,2.000000,723.386000,521.583000,15.489486,44.370000,1,0.107000,0.808244
SP_T_Jongkok_2,openpose,52,1.732218,ok,1,direct,0.789949,12,right_hip,1,1,2.000000,672.270000,516.140000,2.000000,670.482000,523.519000,7.592535,44.370000,1,0.107000,0.950135
SP_T_Jongkok_2,openpose,52,1.732218,ok,1,direct,0.789949,13,left_knee,1,1,2.000000,668.790000,561.490000,2.000000,666.607000,562.756000,2.523538,44.370000,1,0.087000,0.991489
SP_T_Jongkok_2,openpose,52,1.732218,ok,1,direct,0.789949,14,right_knee,1,1,2.000000,601.640000,557.050000,2.000000,599.977000,556.843000,1.675834,44.370000,1,0.087000,0.996238
SP_T_Jongkok_2,openpose,52,1.732218,ok,1,direct,0.789949,15,left_ankle,1,1,2.000000,706.460000,648.190000,2.000000,703.817000,645.057000,4.098919,44.370000,1,0.089000,0.978682
SP_T_Jongkok_2,openpose,52,1.732218,ok,1,direct,0.789949,16,right_ankle,1,1,2.000000,654.200000,646.640000,2.000000,649.026000,641.145000,7.547536,44.370000,1,0.089000,0.929545
SP_T_Jongkok_2,openpose,53,1.765530,ok,1,direct,0.789410,0,nose,0,0,0.000000,0.000000,0.000000,2.000000,650.900000,355.090000,,,,0.026000,
SP_T_Jongkok_2,openpose,53,1.765530,ok,1,direct,0.789410,1,left_eye,0,0,0.000000,0.000000,0.000000,2.000000,660.750000,347.297000,,,,0.025000,
SP_T_Jongkok_2,openpose,53,1.765530,ok,1,direct,0.789410,2,right_eye,0,0,0.000000,0.000000,0.000000,2.000000,645.064000,349.175000,,,,0.025000,
SP_T_Jongkok_2,openpose,53,1.765530,ok,1,direct,0.789410,3,left_ear,0,0,0.000000,0.000000,0.000000,2.000000,684.182000,353.091000,,,,0.035000,
SP_T_Jongkok_2,openpose,53,1.765530,ok,1,direct,0.789410,4,right_ear,0,0,0.000000,0.000000,0.000000,0.000000,0.000000,0.000000,,,,0.035000,
SP_T_Jongkok_2,openpose,53,1.765530,ok,1,direct,0.789410,5,left_shoulder,1,1,2.000000,715.210000,401.400000,2.000000,703.818000,398.164000,11.842692,44.364659,1,0.079000,0.795845
SP_T_Jongkok_2,openpose,53,1.765530,ok,1,direct,0.789410,6,right_shoulder,1,1,2.000000,648.980000,405.640000,2.000000,646.967000,396.266000,9.587703,44.364659,1,0.079000,0.860993
SP_T_Jongkok_2,openpose,53,1.765530,ok,1,direct,0.789410,7,left_elbow,1,1,2.000000,668.580000,409.920000,2.000000,637.190000,404.048000,31.934503,44.364659,1,0.072000,0.135472
SP_T_Jongkok_2,openpose,53,1.765530,ok,1,direct,0.789410,8,right_elbow,1,1,2.000000,594.360000,409.790000,2.000000,576.509000,402.148000,19.417991,44.364659,1,0.072000,0.477547
SP_T_Jongkok_2,openpose,53,1.765530,ok,1,direct,0.789410,9,left_wrist,1,1,2.000000,616.660000,399.660000,2.000000,615.519000,398.235000,1.825515,44.364659,1,0.062000,0.991229
SP_T_Jongkok_2,openpose,53,1.765530,ok,1,direct,0.789410,10,right_wrist,1,1,2.000000,534.590000,399.010000,2.000000,535.289000,398.216000,1.057845,44.364659,1,0.062000,0.997046
SP_T_Jongkok_2,openpose,53,1.765530,ok,1,direct,0.789410,11,left_hip,1,1,2.000000,732.060000,508.790000,2.000000,723.389000,521.584000,15.455506,44.364659,1,0.107000,0.808957
SP_T_Jongkok_2,openpose,53,1.765530,ok,1,direct,0.789410,12,right_hip,1,1,2.000000,672.270000,516.180000,2.000000,670.480000,521.680000,5.783952,44.364659,1,0.107000,0.970745
SP_T_Jongkok_2,openpose,53,1.765530,ok,1,direct,0.789410,13,left_knee,1,1,2.000000,668.790000,561.520000,2.000000,666.608000,562.745000,2.502349,44.364659,1,0.087000,0.991629
SP_T_Jongkok_2,openpose,53,1.765530,ok,1,direct,0.789410,14,right_knee,1,1,2.000000,601.640000,557.080000,2.000000,599.975000,556.849000,1.680948,44.364659,1,0.087000,0.996214
SP_T_Jongkok_2,openpose,53,1.765530,ok,1,direct,0.789410,15,left_ankle,1,1,2.000000,706.460000,648.190000,2.000000,703.819000,645.037000,4.112942,44.364659,1,0.089000,0.978533
SP_T_Jongkok_2,openpose,53,1.765530,ok,1,direct,0.789410,16,right_ankle,1,1,2.000000,654.200000,646.640000,2.000000,649.024000,641.098000,7.583188,44.364659,1,0.089000,0.928885
SP_T_Jongkok_2,openpose,54,1.798841,ok,1,direct,0.783836,0,nose,0,0,0.000000,0.000000,0.000000,2.000000,650.914000,355.103000,,,,0.026000,
SP_T_Jongkok_2,openpose,54,1.798841,ok,1,direct,0.783836,1,left_eye,0,0,0.000000,0.000000,0.000000,2.000000,660.777000,347.314000,,,,0.025000,
SP_T_Jongkok_2,openpose,54,1.798841,ok,1,direct,0.783836,2,right_eye,0,0,0.000000,0.000000,0.000000,2.000000,645.088000,349.184000,,,,0.025000,
SP_T_Jongkok_2,openpose,54,1.798841,ok,1,direct,0.783836,3,left_ear,0,0,0.000000,0.000000,0.000000,2.000000,684.209000,353.106000,,,,0.035000,
SP_T_Jongkok_2,openpose,54,1.798841,ok,1,direct,0.783836,4,right_ear,0,0,0.000000,0.000000,0.000000,0.000000,0.000000,0.000000,,,,0.035000,
SP_T_Jongkok_2,openpose,54,1.798841,ok,1,direct,0.783836,5,left_shoulder,1,1,2.000000,715.210000,401.460000,2.000000,703.809000,398.168000,11.866763,44.360208,1,0.079000,0.795069
SP_T_Jongkok_2,openpose,54,1.798841,ok,1,direct,0.783836,6,right_shoulder,1,1,2.000000,648.980000,405.710000,2.000000,648.920000,396.209000,9.501189,44.360208,1,0.079000,0.863286
SP_T_Jongkok_2,openpose,54,1.798841,ok,1,direct,0.783836,7,left_elbow,1,1,2.000000,668.580000,409.980000,2.000000,637.196000,404.040000,31.941181,44.360208,1,0.072000,0.135304
SP_T_Jongkok_2,openpose,54,1.798841,ok,1,direct,0.783836,8,right_elbow,1,1,2.000000,594.360000,409.850000,2.000000,596.054000,400.223000,9.774905,44.360208,1,0.072000,0.829172
SP_T_Jongkok_2,openpose,54,1.798841,ok,1,direct,0.783836,9,left_wrist,1,1,2.000000,616.660000,399.720000,2.000000,615.649000,398.269000,1.768480,44.360208,1,0.062000,0.991765
SP_T_Jongkok_2,openpose,54,1.798841,ok,1,direct,0.783836,10,right_wrist,1,1,2.000000,534.590000,399.070000,0.000000,0.000000,0.000000,,44.360208,0,0.062000,0.000000
SP_T_Jongkok_2,openpose,54,1.798841,ok,1,direct,0.783836,11,left_hip,1,1,2.000000,732.060000,508.830000,2.000000,723.386000,521.593000,15.431541,44.360208,1,0.107000,0.809455
SP_T_Jongkok_2,openpose,54,1.798841,ok,1,direct,0.783836,12,right_hip,1,1,2.000000,672.270000,516.210000,2.000000,668.602000,521.683000,6.588471,44.360208,1,0.107000,0.962199
SP_T_Jongkok_2,openpose,54,1.798841,ok,1,direct,0.783836,13,left_knee,1,1,2.000000,668.790000,561.540000,2.000000,666.601000,562.739000,2.495861,44.360208,1,0.087000,0.991670
SP_T_Jongkok_2,openpose,54,1.798841,ok,1,direct,0.783836,14,right_knee,1,1,2.000000,601.640000,557.100000,2.000000,600.005000,556.878000,1.650003,44.360208,1,0.087000,0.996351
SP_T_Jongkok_2,openpose,54,1.798841,ok,1,direct,0.783836,15,left_ankle,1,1,2.000000,706.460000,648.200000,2.000000,703.834000,645.016000,4.127194,44.360208,1,0.089000,0.978381
SP_T_Jongkok_2,openpose,54,1.798841,ok,1,direct,0.783836,16,right_ankle,1,1,2.000000,654.200000,646.650000,2.000000,649.010000,641.093000,7.603706,44.360208,1,0.089000,0.928500
SP_T_Jongkok_2,openpose,55,1.832153,ok,1,direct,0.807206,0,nose,0,0,0.000000,0.000000,0.000000,2.000000,650.934000,355.114000,,,,0.026000,
SP_T_Jongkok_2,openpose,55,1.832153,ok,1,direct,0.807206,1,left_eye,0,0,0.000000,0.000000,0.000000,2.000000,662.625000,349.150000,,,,0.025000,
SP_T_Jongkok_2,openpose,55,1.832153,ok,1,direct,0.807206,2,right_eye,0,0,0.000000,0.000000,0.000000,2.000000,646.936000,349.187000,,,,0.025000,
SP_T_Jongkok_2,openpose,55,1.832153,ok,1,direct,0.807206,3,left_ear,0,0,0.000000,0.000000,0.000000,2.000000,684.232000,353.126000,,,,0.035000,
SP_T_Jongkok_2,openpose,55,1.832153,ok,1,direct,0.807206,4,right_ear,0,0,0.000000,0.000000,0.000000,0.000000,0.000000,0.000000,,,,0.035000,
SP_T_Jongkok_2,openpose,55,1.832153,ok,1,direct,0.807206,5,left_shoulder,1,1,2.000000,715.210000,401.530000,2.000000,703.870000,398.202000,11.818256,44.353975,1,0.079000,0.796507
SP_T_Jongkok_2,openpose,55,1.832153,ok,1,direct,0.807206,6,right_shoulder,1,1,2.000000,648.980000,405.770000,2.000000,647.002000,396.278000,9.695904,44.353975,1,0.079000,0.858010
SP_T_Jongkok_2,openpose,55,1.832153,ok,1,direct,0.807206,7,left_elbow,1,1,2.000000,668.580000,410.040000,2.000000,631.343000,402.118000,38.070359,44.353975,1,0.072000,0.058290
SP_T_Jongkok_2,openpose,55,1.832153,ok,1,direct,0.807206,8,right_elbow,1,1,2.000000,594.360000,409.910000,2.000000,578.428000,406.002000,16.404301,44.353975,1,0.072000,0.589940
SP_T_Jongkok_2,openpose,55,1.832153,ok,1,direct,0.807206,9,left_wrist,1,1,2.000000,616.660000,399.790000,2.000000,570.631000,400.240000,46.031200,44.353975,0,0.062000,0.003684
SP_T_Jongkok_2,openpose,55,1.832153,ok,1,direct,0.807206,10,right_wrist,1,1,2.000000,534.590000,399.140000,2.000000,533.390000,398.202000,1.523103,44.353975,1,0.062000,0.993883
SP_T_Jongkok_2,openpose,55,1.832153,ok,1,direct,0.807206,11,left_hip,1,1,2.000000,732.060000,508.870000,2.000000,723.372000,521.594000,15.407191,44.353975,1,0.107000,0.809946
SP_T_Jongkok_2,openpose,55,1.832153,ok,1,direct,0.807206,12,right_hip,1,1,2.000000,672.270000,516.250000,2.000000,668.573000,521.682000,6.570725,44.353975,1,0.107000,0.962388
SP_T_Jongkok_2,openpose,55,1.832153,ok,1,direct,0.807206,13,left_knee,1,1,2.000000,668.790000,561.570000,2.000000,666.600000,562.752000,2.488619,44.353975,1,0.087000,0.991716
SP_T_Jongkok_2,openpose,55,1.832153,ok,1,direct,0.807206,14,right_knee,1,1,2.000000,601.640000,557.130000,2.000000,599.999000,556.868000,1.661784,44.353975,1,0.087000,0.996298
SP_T_Jongkok_2,openpose,55,1.832153,ok,1,direct,0.807206,15,left_ankle,1,1,2.000000,706.460000,648.200000,2.000000,703.808000,645.039000,4.126139,44.353975,1,0.089000,0.978386
SP_T_Jongkok_2,openpose,55,1.832153,ok,1,direct,0.807206,16,right_ankle,1,1,2.000000,654.200000,646.650000,2.000000,648.997000,639.233000,9.059972,44.353975,1,0.089000,0.900009
SP_T_Jongkok_2,openpose,56,1.865465,ok,1,direct,0.798109,0,nose,0,0,0.000000,0.000000,0.000000,2.000000,650.951000,355.141000,,,,0.026000,
SP_T_Jongkok_2,openpose,56,1.865465,ok,1,direct,0.798109,1,left_eye,0,0,0.000000,0.000000,0.000000,2.000000,662.642000,349.165000,,,,0.025000,
SP_T_Jongkok_2,openpose,56,1.865465,ok,1,direct,0.798109,2,right_eye,0,0,0.000000,0.000000,0.000000,2.000000,646.952000,349.212000,,,,0.025000,
SP_T_Jongkok_2,openpose,56,1.865465,ok,1,direct,0.798109,3,left_ear,0,0,0.000000,0.000000,0.000000,2.000000,684.268000,353.118000,,,,0.035000,
SP_T_Jongkok_2,openpose,56,1.865465,ok,1,direct,0.798109,4,right_ear,0,0,0.000000,0.000000,0.000000,0.000000,0.000000,0.000000,,,,0.035000,
SP_T_Jongkok_2,openpose,56,1.865465,ok,1,direct,0.798109,5,left_shoulder,1,1,2.000000,715.210000,401.590000,2.000000,703.853000,398.170000,11.860769,44.348632,1,0.079000,0.795158
SP_T_Jongkok_2,openpose,56,1.865465,ok,1,direct,0.798109,6,right_shoulder,1,1,2.000000,648.980000,405.830000,2.000000,648.967000,396.288000,9.542009,44.348632,1,0.079000,0.862127
SP_T_Jongkok_2,openpose,56,1.865465,ok,1,direct,0.798109,7,left_elbow,1,1,2.000000,668.580000,410.100000,2.000000,631.368000,402.162000,38.049242,44.348632,1,0.072000,0.058434
SP_T_Jongkok_2,openpose,56,1.865465,ok,1,direct,0.798109,8,right_elbow,1,1,2.000000,594.360000,409.970000,2.000000,598.033000,411.905000,4.151524,44.348632,1,0.072000,0.966757
SP_T_Jongkok_2,openpose,56,1.865465,ok,1,direct,0.798109,9,left_wrist,1,1,2.000000,616.660000,399.850000,2.000000,568.672000,402.113000,48.041329,44.348632,0,0.062000,0.002231
SP_T_Jongkok_2,openpose,56,1.865465,ok,1,direct,0.798109,10,right_wrist,1,1,2.000000,534.590000,399.200000,2.000000,541.217000,400.093000,6.686896,44.348632,1,0.062000,0.888441
SP_T_Jongkok_2,openpose,56,1.865465,ok,1,direct,0.798109,11,left_hip,1,1,2.000000,732.060000,508.900000,2.000000,723.395000,521.596000,15.371098,44.348632,1,0.107000,0.810705
SP_T_Jongkok_2,openpose,56,1.865465,ok,1,direct,0.798109,12,right_hip,1,1,2.000000,672.270000,516.280000,2.000000,670.483000,521.656000,5.665222,44.348632,1,0.107000,0.971896
SP_T_Jongkok_2,openpose,56,1.865465,ok,1,direct,0.798109,13,left_knee,1,1,2.000000,668.790000,561.590000,2.000000,666.617000,562.730000,2.453880,44.348632,1,0.087000,0.991943
SP_T_Jongkok_2,openpose,56,1.865465,ok,1,direct,0.798109,14,right_knee,1,1,2.000000,601.640000,557.160000,2.000000,600.018000,556.845000,1.652304,44.348632,1,0.087000,0.996339
SP_T_Jongkok_2,openpose,56,1.865465,ok,1,direct,0.798109,15,left_ankle,1,1,2.000000,706.460000,648.200000,2.000000,703.801000,645.042000,4.128347,44.348632,1,0.089000,0.978358
SP_T_Jongkok_2,openpose,56,1.865465,ok,1,direct,0.798109,16,right_ankle,1,1,2.000000,654.200000,646.660000,2.000000,649.005000,641.086000,7.619547,44.348632,1,0.089000,0.928177
SP_T_Jongkok_2,openpose,57,1.898777,ok,1,direct,0.809917,0,nose,0,0,0.000000,0.000000,0.000000,2.000000,650.950000,355.145000,,,,0.026000,
SP_T_Jongkok_2,openpose,57,1.898777,ok,1,direct,0.809917,1,left_eye,0,0,0.000000,0.000000,0.000000,2.000000,662.636000,349.173000,,,,0.025000,
SP_T_Jongkok_2,openpose,57,1.898777,ok,1,direct,0.809917,2,right_eye,0,0,0.000000,0.000000,0.000000,2.000000,646.944000,349.227000,,,,0.025000,
SP_T_Jongkok_2,openpose,57,1.898777,ok,1,direct,0.809917,3,left_ear,0,0,0.000000,0.000000,0.000000,2.000000,684.257000,353.140000,,,,0.035000,
SP_T_Jongkok_2,openpose,57,1.898777,ok,1,direct,0.809917,4,right_ear,0,0,0.000000,0.000000,0.000000,0.000000,0.000000,0.000000,,,,0.035000,
SP_T_Jongkok_2,openpose,57,1.898777,ok,1,direct,0.809917,5,left_shoulder,1,1,2.000000,715.210000,401.650000,2.000000,705.736000,398.203000,10.081591,44.344180,1,0.079000,0.847353
SP_T_Jongkok_2,openpose,57,1.898777,ok,1,direct,0.809917,6,right_shoulder,1,1,2.000000,648.980000,405.890000,2.000000,647.013000,398.159000,7.977308,44.344180,1,0.079000,0.901488
SP_T_Jongkok_2,openpose,57,1.898777,ok,1,direct,0.809917,7,left_elbow,1,1,2.000000,668.580000,410.160000,2.000000,627.439000,402.156000,41.912360,44.344180,1,0.072000,0.031858
SP_T_Jongkok_2,openpose,57,1.898777,ok,1,direct,0.809917,8,right_elbow,1,1,2.000000,594.360000,410.030000,2.000000,598.032000,413.875000,5.316729,44.344180,1,0.072000,0.946050
SP_T_Jongkok_2,openpose,57,1.898777,ok,1,direct,0.809917,9,left_wrist,1,1,2.000000,616.660000,399.910000,2.000000,568.587000,402.127000,48.124094,44.344180,0,0.062000,0.002182
SP_T_Jongkok_2,openpose,57,1.898777,ok,1,direct,0.809917,10,right_wrist,1,1,2.000000,534.590000,399.260000,2.000000,543.161000,400.153000,8.617395,44.344180,1,0.062000,0.821615
SP_T_Jongkok_2,openpose,57,1.898777,ok,1,direct,0.809917,11,left_hip,1,1,2.000000,732.060000,508.940000,2.000000,723.419000,521.647000,15.366676,44.344180,1,0.107000,0.810768
SP_T_Jongkok_2,openpose,57,1.898777,ok,1,direct,0.809917,12,right_hip,1,1,2.000000,672.270000,516.320000,2.000000,670.519000,523.547000,7.436096,44.344180,1,0.107000,0.952065
SP_T_Jongkok_2,openpose,57,1.898777,ok,1,direct,0.809917,13,left_knee,1,1,2.000000,668.790000,561.620000,2.000000,666.623000,562.716000,2.428396,44.344180,1,0.087000,0.992107
SP_T_Jongkok_2,openpose,57,1.898777,ok,1,direct,0.809917,14,right_knee,1,1,2.000000,601.640000,557.180000,2.000000,600.031000,556.868000,1.638971,44.344180,1,0.087000,0.996397
SP_T_Jongkok_2,openpose,57,1.898777,ok,1,direct,0.809917,15,left_ankle,1,1,2.000000,706.460000,648.210000,2.000000,703.794000,645.041000,4.141270,44.344180,1,0.089000,0.978219
SP_T_Jongkok_2,openpose,57,1.898777,ok,1,direct,0.809917,16,right_ankle,1,1,2.000000,654.200000,646.660000,2.000000,649.015000,641.090000,7.609805,44.344180,1,0.089000,0.928340
SP_T_Jongkok_2,openpose,58,1.932089,ok,1,direct,0.813736,0,nose,0,0,0.000000,0.000000,0.000000,2.000000,650.965000,355.167000,,,,0.026000,
SP_T_Jongkok_2,openpose,58,1.932089,ok,1,direct,0.813736,1,left_eye,0,0,0.000000,0.000000,0.000000,2.000000,662.656000,349.187000,,,,0.025000,
SP_T_Jongkok_2,openpose,58,1.932089,ok,1,direct,0.813736,2,right_eye,0,0,0.000000,0.000000,0.000000,2.000000,646.962000,349.250000,,,,0.025000,
SP_T_Jongkok_2,openpose,58,1.932089,ok,1,direct,0.813736,3,left_ear,0,0,0.000000,0.000000,0.000000,2.000000,684.294000,353.134000,,,,0.035000,
SP_T_Jongkok_2,openpose,58,1.932089,ok,1,direct,0.813736,4,right_ear,0,0,0.000000,0.000000,0.000000,0.000000,0.000000,0.000000,,,,0.035000,
SP_T_Jongkok_2,openpose,58,1.932089,ok,1,direct,0.813736,5,left_shoulder,1,1,2.000000,715.210000,401.710000,2.000000,703.880000,398.202000,11.860648,44.337945,1,0.079000,0.795074
SP_T_Jongkok_2,openpose,58,1.932089,ok,1,direct,0.813736,6,right_shoulder,1,1,2.000000,648.980000,405.950000,2.000000,647.001000,398.180000,8.018063,44.337945,1,0.079000,0.900504
SP_T_Jongkok_2,openpose,58,1.932089,ok,1,direct,0.813736,7,left_elbow,1,1,2.000000,668.580000,410.220000,2.000000,629.351000,404.074000,39.707528,44.337945,1,0.072000,0.045308
SP_T_Jongkok_2,openpose,58,1.932089,ok,1,direct,0.813736,8,right_elbow,1,1,2.000000,594.360000,410.090000,2.000000,596.032000,413.840000,4.105860,44.337945,1,0.072000,0.967457
SP_T_Jongkok_2,openpose,58,1.932089,ok,1,direct,0.813736,9,left_wrist,1,1,2.000000,616.660000,399.970000,2.000000,566.702000,402.167000,50.006285,44.337945,0,0.062000,0.001336
SP_T_Jongkok_2,openpose,58,1.932089,ok,1,direct,0.813736,10,right_wrist,1,1,2.000000,534.590000,399.330000,2.000000,539.235000,400.115000,4.710865,44.337945,1,0.062000,0.942957
SP_T_Jongkok_2,openpose,58,1.932089,ok,1,direct,0.813736,11,left_hip,1,1,2.000000,732.060000,508.980000,2.000000,723.401000,521.667000,15.360282,44.337945,1,0.107000,0.810862
SP_T_Jongkok_2,openpose,58,1.932089,ok,1,direct,0.813736,12,right_hip,1,1,2.000000,672.270000,516.350000,2.000000,668.625000,523.563000,8.081670,44.337945,1,0.107000,0.943614
SP_T_Jongkok_2,openpose,58,1.932089,ok,1,direct,0.813736,13,left_knee,1,1,2.000000,668.790000,561.640000,2.000000,666.602000,560.857000,2.323883,44.337945,1,0.087000,0.992767
SP_T_Jongkok_2,openpose,58,1.932089,ok,1,direct,0.813736,14,right_knee,1,1,2.000000,601.640000,557.210000,2.000000,600.028000,556.865000,1.648505,44.337945,1,0.087000,0.996354
SP_T_Jongkok_2,openpose,58,1.932089,ok,1,direct,0.813736,15,left_ankle,1,1,2.000000,706.460000,648.210000,2.000000,703.843000,645.016000,4.129204,44.337945,1,0.089000,0.978339
SP_T_Jongkok_2,openpose,58,1.932089,ok,1,direct,0.813736,16,right_ankle,1,1,2.000000,654.200000,646.670000,2.000000,648.999000,641.093000,7.625833,44.337945,1,0.089000,0.928029
SP_T_Jongkok_2,openpose,59,1.965401,ok,1,direct,0.816266,0,nose,0,0,0.000000,0.000000,0.000000,2.000000,650.966000,357.017000,,,,0.026000,
SP_T_Jongkok_2,openpose,59,1.965401,ok,1,direct,0.816266,1,left_eye,0,0,0.000000,0.000000,0.000000,2.000000,662.655000,349.215000,,,,0.025000,
SP_T_Jongkok_2,openpose,59,1.965401,ok,1,direct,0.816266,2,right_eye,0,0,0.000000,0.000000,0.000000,2.000000,646.949000,351.101000,,,,0.025000,
SP_T_Jongkok_2,openpose,59,1.965401,ok,1,direct,0.816266,3,left_ear,0,0,0.000000,0.000000,0.000000,2.000000,684.288000,353.153000,,,,0.035000,
SP_T_Jongkok_2,openpose,59,1.965401,ok,1,direct,0.816266,4,right_ear,0,0,0.000000,0.000000,0.000000,0.000000,0.000000,0.000000,,,,0.035000,
SP_T_Jongkok_2,openpose,59,1.965401,ok,1,direct,0.816266,5,left_shoulder,1,1,2.000000,715.210000,401.780000,2.000000,703.884000,398.232000,11.868723,44.333491,1,0.079000,0.794789
SP_T_Jongkok_2,openpose,59,1.965401,ok,1,direct,0.816266,6,right_shoulder,1,1,2.000000,648.980000,406.010000,2.000000,645.088000,400.094000,7.081435,44.333491,1,0.079000,0.921491
SP_T_Jongkok_2,openpose,59,1.965401,ok,1,direct,0.816266,7,left_elbow,1,1,2.000000,668.580000,410.280000,2.000000,633.315000,405.988000,35.525223,44.333491,1,0.072000,0.083971
SP_T_Jongkok_2,openpose,59,1.965401,ok,1,direct,0.816266,8,right_elbow,1,1,2.000000,594.360000,410.160000,2.000000,594.133000,411.964000,1.818226,44.333491,1,0.072000,0.993532
SP_T_Jongkok_2,openpose,59,1.965401,ok,1,direct,0.816266,9,left_wrist,1,1,2.000000,616.660000,400.040000,2.000000,570.631000,402.197000,46.079513,44.333491,0,0.062000,0.003622
SP_T_Jongkok_2,openpose,59,1.965401,ok,1,direct,0.816266,10,right_wrist,1,1,2.000000,534.590000,399.390000,2.000000,539.230000,400.122000,4.697385,44.333491,1,0.062000,0.943262
SP_T_Jongkok_2,openpose,59,1.965401,ok,1,direct,0.816266,11,left_hip,1,1,2.000000,732.060000,509.020000,2.000000,723.383000,523.531000,16.907379,44.333491,1,0.107000,0.775639
SP_T_Jongkok_2,openpose,59,1.965401,ok,1,direct,0.816266,12,right_hip,1,1,2.000000,672.270000,516.390000,2.000000,668.616000,523.584000,8.068789,44.333491,1,0.107000,0.943777
SP_T_Jongkok_2,openpose,59,1.965401,ok,1,direct,0.816266,13,left_knee,1,1,2.000000,668.790000,561.670000,2.000000,666.618000,560.872000,2.313955,44.333491,1,0.087000,0.992827
SP_T_Jongkok_2,openpose,59,1.965401,ok,1,direct,0.816266,14,right_knee,1,1,2.000000,601.640000,557.230000,2.000000,600.021000,556.869000,1.658759,44.333491,1,0.087000,0.996308
SP_T_Jongkok_2,openpose,59,1.965401,ok,1,direct,0.816266,15,left_ankle,1,1,2.000000,706.460000,648.220000,2.000000,703.852000,645.029000,4.121182,44.333491,1,0.089000,0.978418
SP_T_Jongkok_2,openpose,59,1.965401,ok,1,direct,0.816266,16,right_ankle,1,1,2.000000,654.200000,646.670000,2.000000,648.979000,641.090000,7.641678,44.333491,1,0.089000,0.927727
SP_T_Jongkok_2,openpose,60,1.998713,ok,1,direct,0.796095,0,nose,0,0,0.000000,0.000000,0.000000,2.000000,650.963000,357.044000,,,,0.026000,
SP_T_Jongkok_2,openpose,60,1.998713,ok,1,direct,0.796095,1,left_eye,0,0,0.000000,0.000000,0.000000,2.000000,662.639000,349.235000,,,,0.025000,
SP_T_Jongkok_2,openpose,60,1.998713,ok,1,direct,0.796095,2,right_eye,0,0,0.000000,0.000000,0.000000,2.000000,646.962000,351.134000,,,,0.025000,
SP_T_Jongkok_2,openpose,60,1.998713,ok,1,direct,0.796095,3,left_ear,0,0,0.000000,0.000000,0.000000,2.000000,684.275000,353.149000,,,,0.035000,
SP_T_Jongkok_2,openpose,60,1.998713,ok,1,direct,0.796095,4,right_ear,0,0,0.000000,0.000000,0.000000,0.000000,0.000000,0.000000,,,,0.035000,
SP_T_Jongkok_2,openpose,60,1.998713,ok,1,direct,0.796095,5,left_shoulder,1,1,2.000000,715.210000,401.840000,2.000000,703.813000,398.232000,11.954467,44.328145,1,0.079000,0.792102
SP_T_Jongkok_2,openpose,60,1.998713,ok,1,direct,0.796095,6,right_shoulder,1,1,2.000000,648.980000,406.070000,2.000000,645.032000,398.262000,8.749375,44.328145,1,0.079000,0.882634
SP_T_Jongkok_2,openpose,60,1.998713,ok,1,direct,0.796095,7,left_elbow,1,1,2.000000,668.580000,410.340000,2.000000,639.195000,406.041000,29.697805,44.328145,1,0.072000,0.176996
SP_T_Jongkok_2,openpose,60,1.998713,ok,1,direct,0.796095,8,right_elbow,1,1,2.000000,594.360000,410.220000,2.000000,578.468000,409.912000,15.894984,44.328145,1,0.072000,0.608931
SP_T_Jongkok_2,openpose,60,1.998713,ok,1,direct,0.796095,9,left_wrist,1,1,2.000000,616.660000,400.100000,2.000000,596.065000,400.174000,20.595133,44.328145,1,0.062000,0.325271
SP_T_Jongkok_2,openpose,60,1.998713,ok,1,direct,0.796095,10,right_wrist,1,1,2.000000,534.590000,399.450000,2.000000,533.383000,398.238000,1.710495,44.328145,1,0.062000,0.992283
SP_T_Jongkok_2,openpose,60,1.998713,ok,1,direct,0.796095,11,left_hip,1,1,2.000000,732.060000,509.050000,2.000000,723.382000,523.568000,16.913900,44.328145,1,0.107000,0.775439
SP_T_Jongkok_2,openpose,60,1.998713,ok,1,direct,0.796095,12,right_hip,1,1,2.000000,672.270000,516.430000,2.000000,670.534000,523.616000,7.392719,44.328145,1,0.107000,0.952575
SP_T_Jongkok_2,openpose,60,1.998713,ok,1,direct,0.796095,13,left_knee,1,1,2.000000,668.790000,561.690000,2.000000,666.621000,562.733000,2.406743,44.328145,1,0.087000,0.992241
SP_T_Jongkok_2,openpose,60,1.998713,ok,1,direct,0.796095,14,right_knee,1,1,2.000000,601.640000,557.260000,2.000000,600.007000,556.895000,1.673294,44.328145,1,0.087000,0.996242
SP_T_Jongkok_2,openpose,60,1.998713,ok,1,direct,0.796095,15,left_ankle,1,1,2.000000,706.460000,648.220000,2.000000,703.782000,645.097000,4.113978,44.328145,1,0.089000,0.978487
SP_T_Jongkok_2,openpose,60,1.998713,ok,1,direct,0.796095,16,right_ankle,1,1,2.000000,654.200000,646.680000,2.000000,649.006000,641.147000,7.588921,44.328145,1,0.089000,0.928669
SP_T_Jongkok_2,openpose,61,2.032025,ok,1,direct,0.799356,0,nose,0,0,0.000000,0.000000,0.000000,2.000000,650.981000,357.064000,,,,0.026000,
SP_T_Jongkok_2,openpose,61,2.032025,ok,1,direct,0.799356,1,left_eye,0,0,0.000000,0.000000,0.000000,2.000000,662.669000,349.253000,,,,0.025000,
SP_T_Jongkok_2,openpose,61,2.032025,ok,1,direct,0.799356,2,right_eye,0,0,0.000000,0.000000,0.000000,2.000000,646.983000,351.144000,,,,0.025000,
SP_T_Jongkok_2,openpose,61,2.032025,ok,1,direct,0.799356,3,left_ear,0,0,0.000000,0.000000,0.000000,2.000000,686.151000,353.162000,,,,0.035000,
SP_T_Jongkok_2,openpose,61,2.032025,ok,1,direct,0.799356,4,right_ear,0,0,0.000000,0.000000,0.000000,0.000000,0.000000,0.000000,,,,0.035000,
SP_T_Jongkok_2,openpose,61,2.032025,ok,1,direct,0.799356,5,left_shoulder,1,1,2.000000,715.210000,401.430000,2.000000,703.884000,398.233000,11.768563,44.361988,1,0.079000,0.798095
SP_T_Jongkok_2,openpose,61,2.032025,ok,1,direct,0.799356,6,right_shoulder,1,1,2.000000,648.980000,405.670000,2.000000,643.088000,400.154000,8.071054,44.361988,1,0.079000,0.899357
SP_T_Jongkok_2,openpose,61,2.032025,ok,1,direct,0.799356,7,left_elbow,1,1,2.000000,668.580000,409.950000,2.000000,645.010000,407.991000,23.651270,44.361988,1,0.072000,0.334002
SP_T_Jongkok_2,openpose,61,2.032025,ok,1,direct,0.799356,8,right_elbow,1,1,2.000000,594.360000,409.820000,2.000000,576.497000,409.906000,17.863207,44.361988,1,0.072000,0.534967
SP_T_Jongkok_2,openpose,61,2.032025,ok,1,direct,0.799356,9,left_wrist,1,1,2.000000,616.660000,399.690000,2.000000,611.760000,400.169000,4.923357,44.361988,1,0.062000,0.937927
SP_T_Jongkok_2,openpose,61,2.032025,ok,1,direct,0.799356,10,right_wrist,1,1,2.000000,534.590000,399.040000,2.000000,533.333000,398.240000,1.489983,44.361988,1,0.062000,0.994148
SP_T_Jongkok_2,openpose,61,2.032025,ok,1,direct,0.799356,11,left_hip,1,1,2.000000,732.060000,508.810000,2.000000,723.396000,523.574000,17.118428,44.361988,1,0.107000,0.770962
SP_T_Jongkok_2,openpose,61,2.032025,ok,1,direct,0.799356,12,right_hip,1,1,2.000000,672.270000,516.190000,2.000000,668.588000,523.636000,8.306626,44.361988,1,0.107000,0.940590
SP_T_Jongkok_2,openpose,61,2.032025,ok,1,direct,0.799356,13,left_knee,1,1,2.000000,668.790000,561.530000,2.000000,666.637000,560.877000,2.249848,44.361988,1,0.087000,0.993227
SP_T_Jongkok_2,openpose,61,2.032025,ok,1,direct,0.799356,14,right_knee,1,1,2.000000,601.640000,557.090000,2.000000,600.005000,556.875000,1.649075,44.361988,1,0.087000,0.996355
SP_T_Jongkok_2,openpose,61,2.032025,ok,1,direct,0.799356,15,left_ankle,1,1,2.000000,706.460000,648.190000,2.000000,701.904000,645.092000,5.509514,44.361988,1,0.089000,0.961803
SP_T_Jongkok_2,openpose,61,2.032025,ok,1,direct,0.799356,16,right_ankle,1,1,2.000000,654.200000,646.640000,2.000000,648.994000,641.106000,7.597868,44.361988,1,0.089000,0.928612
SP_T_Jongkok_2,openpose,62,2.065336,ok,1,direct,0.791753,0,nose,0,0,0.000000,0.000000,0.000000,2.000000,651.002000,357.100000,,,,0.026000,
SP_T_Jongkok_2,openpose,62,2.065336,ok,1,direct,0.791753,1,left_eye,0,0,0.000000,0.000000,0.000000,2.000000,662.691000,349.275000,,,,0.025000,
SP_T_Jongkok_2,openpose,62,2.065336,ok,1,direct,0.791753,2,right_eye,0,0,0.000000,0.000000,0.000000,2.000000,647.008000,351.164000,,,,0.025000,
SP_T_Jongkok_2,openpose,62,2.065336,ok,1,direct,0.791753,3,left_ear,0,0,0.000000,0.000000,0.000000,2.000000,686.175000,353.177000,,,,0.035000,
SP_T_Jongkok_2,openpose,62,2.065336,ok,1,direct,0.791753,4,right_ear,0,0,0.000000,0.000000,0.000000,0.000000,0.000000,0.000000,,,,0.035000,
SP_T_Jongkok_2,openpose,62,2.065336,ok,1,direct,0.791753,5,left_shoulder,1,1,2.000000,715.210000,401.020000,2.000000,705.751000,398.246000,9.857371,44.396695,1,0.079000,0.853869
SP_T_Jongkok_2,openpose,62,2.065336,ok,1,direct,0.791753,6,right_shoulder,1,1,2.000000,648.980000,405.270000,2.000000,645.026000,400.118000,6.494399,44.396695,1,0.079000,0.933725
SP_T_Jongkok_2,openpose,62,2.065336,ok,1,direct,0.791753,7,left_elbow,1,1,2.000000,668.580000,409.550000,2.000000,641.110000,406.094000,27.686546,44.396695,1,0.072000,0.223045
SP_T_Jongkok_2,openpose,62,2.065336,ok,1,direct,0.791753,8,right_elbow,1,1,2.000000,594.360000,409.420000,2.000000,580.385000,409.991000,13.986660,44.396695,1,0.072000,0.681877
SP_T_Jongkok_2,openpose,62,2.065336,ok,1,direct,0.791753,9,left_wrist,1,1,2.000000,616.660000,399.270000,2.000000,600.006000,400.147000,16.677075,44.396695,1,0.062000,0.479913
SP_T_Jongkok_2,openpose,62,2.065336,ok,1,direct,0.791753,10,right_wrist,1,1,2.000000,534.590000,398.620000,2.000000,533.342000,398.256000,1.300000,44.396695,1,0.062000,0.995549
SP_T_Jongkok_2,openpose,62,2.065336,ok,1,direct,0.791753,11,left_hip,1,1,2.000000,732.060000,508.560000,2.000000,723.406000,523.574000,17.329510,44.396695,1,0.107000,0.766321
SP_T_Jongkok_2,openpose,62,2.065336,ok,1,direct,0.791753,12,right_hip,1,1,2.000000,672.270000,515.960000,2.000000,670.498000,523.639000,7.880801,44.396695,1,0.107000,0.946444
SP_T_Jongkok_2,openpose,62,2.065336,ok,1,direct,0.791753,13,left_knee,1,1,2.000000,668.790000,561.360000,2.000000,666.619000,562.723000,2.563398,44.396695,1,0.087000,0.991230
SP_T_Jongkok_2,openpose,62,2.065336,ok,1,direct,0.791753,14,right_knee,1,1,2.000000,601.640000,556.920000,2.000000,599.998000,556.872000,1.642701,44.396695,1,0.087000,0.996389
SP_T_Jongkok_2,openpose,62,2.065336,ok,1,direct,0.791753,15,left_ankle,1,1,2.000000,706.460000,648.160000,2.000000,701.904000,645.103000,5.486564,44.396695,1,0.089000,0.962173
SP_T_Jongkok_2,openpose,62,2.065336,ok,1,direct,0.791753,16,right_ankle,1,1,2.000000,654.200000,646.610000,2.000000,648.973000,641.086000,7.605005,44.396695,1,0.089000,0.928590
SP_T_Jongkok_2,openpose,63,2.098648,ok,1,direct,0.796260,0,nose,0,0,0.000000,0.000000,0.000000,2.000000,652.859000,358.972000,,,,0.026000,
SP_T_Jongkok_2,openpose,63,2.098648,ok,1,direct,0.796260,1,left_eye,0,0,0.000000,0.000000,0.000000,2.000000,662.731000,349.283000,,,,0.025000,
SP_T_Jongkok_2,openpose,63,2.098648,ok,1,direct,0.796260,2,right_eye,0,0,0.000000,0.000000,0.000000,2.000000,647.048000,351.180000,,,,0.025000,
SP_T_Jongkok_2,openpose,63,2.098648,ok,1,direct,0.796260,3,left_ear,0,0,0.000000,0.000000,0.000000,2.000000,686.226000,353.159000,,,,0.035000,
SP_T_Jongkok_2,openpose,63,2.098648,ok,1,direct,0.796260,4,right_ear,0,0,0.000000,0.000000,0.000000,0.000000,0.000000,0.000000,,,,0.035000,
SP_T_Jongkok_2,openpose,63,2.098648,ok,1,direct,0.796260,5,left_shoulder,1,1,2.000000,715.210000,400.610000,2.000000,705.754000,398.238000,9.748965,44.430486,1,0.079000,0.857026
SP_T_Jongkok_2,openpose,63,2.098648,ok,1,direct,0.796260,6,right_shoulder,1,1,2.000000,648.980000,404.860000,2.000000,645.077000,400.108000,6.149383,44.430486,1,0.079000,0.940459
SP_T_Jongkok_2,openpose,63,2.098648,ok,1,direct,0.796260,7,left_elbow,1,1,2.000000,668.580000,409.150000,2.000000,637.193000,406.046000,31.540111,44.430486,1,0.072000,0.143109
SP_T_Jongkok_2,openpose,63,2.098648,ok,1,direct,0.796260,8,right_elbow,1,1,2.000000,594.360000,409.020000,2.000000,582.346000,411.894000,12.352978,44.430486,1,0.072000,0.742133
SP_T_Jongkok_2,openpose,63,2.098648,ok,1,direct,0.796260,9,left_wrist,1,1,2.000000,616.660000,398.860000,2.000000,574.529000,402.101000,42.255476,44.430486,1,0.062000,0.009041
SP_T_Jongkok_2,openpose,63,2.098648,ok,1,direct,0.796260,10,right_wrist,1,1,2.000000,534.590000,398.210000,2.000000,533.346000,398.252000,1.244709,44.430486,1,0.062000,0.995925
SP_T_Jongkok_2,openpose,63,2.098648,ok,1,direct,0.796260,11,left_hip,1,1,2.000000,732.060000,508.320000,2.000000,723.399000,523.577000,17.543915,44.430486,1,0.107000,0.761575
SP_T_Jongkok_2,openpose,63,2.098648,ok,1,direct,0.796260,12,right_hip,1,1,2.000000,672.270000,515.720000,2.000000,668.602000,523.620000,8.710007,44.430486,1,0.107000,0.935071
SP_T_Jongkok_2,openpose,63,2.098648,ok,1,direct,0.796260,13,left_knee,1,1,2.000000,668.790000,561.200000,2.000000,666.630000,562.721000,2.641787,44.430486,1,0.087000,0.990702
SP_T_Jongkok_2,openpose,63,2.098648,ok,1,direct,0.796260,14,right_knee,1,1,2.000000,601.640000,556.750000,2.000000,599.992000,556.870000,1.652363,44.430486,1,0.087000,0.996352
SP_T_Jongkok_2,openpose,63,2.098648,ok,1,direct,0.796260,15,left_ankle,1,1,2.000000,706.460000,648.130000,2.000000,701.933000,645.081000,5.458034,44.430486,1,0.089000,0.962614
SP_T_Jongkok_2,openpose,63,2.098648,ok,1,direct,0.796260,16,right_ankle,1,1,2.000000,654.200000,646.580000,2.000000,648.967000,641.092000,7.583036,44.430486,1,0.089000,0.929091
SP_T_Jongkok_2,openpose,64,2.131960,ok,1,direct,0.799499,0,nose,0,0,0.000000,0.000000,0.000000,2.000000,652.857000,357.125000,,,,0.026000,
SP_T_Jongkok_2,openpose,64,2.131960,ok,1,direct,0.799499,1,left_eye,0,0,0.000000,0.000000,0.000000,2.000000,662.729000,349.282000,,,,0.025000,
SP_T_Jongkok_2,openpose,64,2.131960,ok,1,direct,0.799499,2,right_eye,0,0,0.000000,0.000000,0.000000,2.000000,647.045000,351.178000,,,,0.025000,
SP_T_Jongkok_2,openpose,64,2.131960,ok,1,direct,0.799499,3,left_ear,0,0,0.000000,0.000000,0.000000,2.000000,686.218000,353.172000,,,,0.035000,
SP_T_Jongkok_2,openpose,64,2.131960,ok,1,direct,0.799499,4,right_ear,0,0,0.000000,0.000000,0.000000,0.000000,0.000000,0.000000,,,,0.035000,
SP_T_Jongkok_2,openpose,64,2.131960,ok,1,direct,0.799499,5,left_shoulder,1,1,2.000000,715.210000,400.200000,2.000000,705.740000,398.223000,9.674163,44.464251,1,0.079000,0.859247
SP_T_Jongkok_2,openpose,64,2.131960,ok,1,direct,0.799499,6,right_shoulder,1,1,2.000000,648.980000,404.460000,2.000000,645.072000,400.097000,5.857323,44.464251,1,0.079000,0.945908
SP_T_Jongkok_2,openpose,64,2.131960,ok,1,direct,0.799499,7,left_elbow,1,1,2.000000,668.580000,408.750000,2.000000,637.224000,406.018000,31.474792,44.464251,1,0.072000,0.144690
SP_T_Jongkok_2,openpose,64,2.131960,ok,1,direct,0.799499,8,right_elbow,1,1,2.000000,594.360000,408.620000,2.000000,578.483000,409.992000,15.936170,44.464251,1,0.072000,0.609219
SP_T_Jongkok_2,openpose,64,2.131960,ok,1,direct,0.799499,9,left_wrist,1,1,2.000000,616.660000,398.450000,2.000000,574.499000,402.129000,42.321212,44.464251,1,0.062000,0.008974
SP_T_Jongkok_2,openpose,64,2.131960,ok,1,direct,0.799499,10,right_wrist,1,1,2.000000,534.590000,397.800000,2.000000,531.475000,398.247000,3.146909,44.464251,1,0.062000,0.974276
SP_T_Jongkok_2,openpose,64,2.131960,ok,1,direct,0.799499,11,left_hip,1,1,2.000000,732.060000,508.070000,2.000000,723.407000,523.583000,17.763096,44.464251,1,0.107000,0.756698
SP_T_Jongkok_2,openpose,64,2.131960,ok,1,direct,0.799499,12,right_hip,1,1,2.000000,672.270000,515.490000,2.000000,670.480000,523.633000,8.337419,44.464251,1,0.107000,0.940429
SP_T_Jongkok_2,openpose,64,2.131960,ok,1,direct,0.799499,13,left_knee,1,1,2.000000,668.790000,561.030000,2.000000,666.635000,560.857000,2.161933,44.464251,1,0.087000,0.993773
SP_T_Jongkok_2,openpose,64,2.131960,ok,1,direct,0.799499,14,right_knee,1,1,2.000000,601.640000,556.580000,2.000000,599.964000,556.853000,1.698089,44.464251,1,0.087000,0.996154
SP_T_Jongkok_2,openpose,64,2.131960,ok,1,direct,0.799499,15,left_ankle,1,1,2.000000,706.460000,648.100000,2.000000,703.804000,645.069000,4.030049,44.464251,1,0.089000,0.979472
SP_T_Jongkok_2,openpose,64,2.131960,ok,1,direct,0.799499,16,right_ankle,1,1,2.000000,654.200000,646.540000,2.000000,648.962000,641.091000,7.558323,44.464251,1,0.089000,0.929639
SP_T_Jongkok_2,openpose,65,2.165272,ok,1,direct,0.798493,0,nose,0,0,0.000000,0.000000,0.000000,2.000000,652.867000,357.105000,,,,0.026000,
SP_T_Jongkok_2,openpose,65,2.165272,ok,1,direct,0.798493,1,left_eye,0,0,0.000000,0.000000,0.000000,2.000000,662.733000,349.260000,,,,0.025000,
SP_T_Jongkok_2,openpose,65,2.165272,ok,1,direct,0.798493,2,right_eye,0,0,0.000000,0.000000,0.000000,2.000000,647.043000,351.156000,,,,0.025000,
SP_T_Jongkok_2,openpose,65,2.165272,ok,1,direct,0.798493,3,left_ear,0,0,0.000000,0.000000,0.000000,2.000000,686.214000,353.159000,,,,0.035000,
SP_T_Jongkok_2,openpose,65,2.165272,ok,1,direct,0.798493,4,right_ear,0,0,0.000000,0.000000,0.000000,0.000000,0.000000,0.000000,,,,0.035000,
SP_T_Jongkok_2,openpose,65,2.165272,ok,1,direct,0.798493,5,left_shoulder,1,1,2.000000,715.210000,399.790000,2.000000,705.801000,398.235000,9.536630,44.498878,1,0.079000,0.863133
SP_T_Jongkok_2,openpose,65,2.165272,ok,1,direct,0.798493,6,right_shoulder,1,1,2.000000,648.980000,404.050000,2.000000,645.025000,398.268000,7.005252,44.498878,1,0.079000,0.923653
SP_T_Jongkok_2,openpose,65,2.165272,ok,1,direct,0.798493,7,left_elbow,1,1,2.000000,668.580000,408.350000,2.000000,637.227000,406.075000,31.435430,44.498878,1,0.072000,0.145827
SP_T_Jongkok_2,openpose,65,2.165272,ok,1,direct,0.798493,8,right_elbow,1,1,2.000000,594.360000,408.230000,2.000000,578.425000,409.923000,16.024683,44.498878,1,0.072000,0.606338
SP_T_Jongkok_2,openpose,65,2.165272,ok,1,direct,0.798493,9,left_wrist,1,1,2.000000,616.660000,398.030000,2.000000,572.582000,402.143000,44.269480,44.498878,1,0.062000,0.005803
SP_T_Jongkok_2,openpose,65,2.165272,ok,1,direct,0.798493,10,right_wrist,1,1,2.000000,534.590000,397.380000,2.000000,533.374000,398.240000,1.489381,44.498878,1,0.062000,0.994188
SP_T_Jongkok_2,openpose,65,2.165272,ok,1,direct,0.798493,11,left_hip,1,1,2.000000,732.060000,507.830000,2.000000,723.418000,523.584000,17.968658,44.498878,1,0.107000,0.752137
SP_T_Jongkok_2,openpose,65,2.165272,ok,1,direct,0.798493,12,right_hip,1,1,2.000000,672.270000,515.260000,2.000000,670.497000,523.645000,8.570400,44.498878,1,0.107000,0.937256
SP_T_Jongkok_2,openpose,65,2.165272,ok,1,direct,0.798493,13,left_knee,1,1,2.000000,668.790000,560.870000,2.000000,666.631000,560.826000,2.159448,44.498878,1,0.087000,0.993797
SP_T_Jongkok_2,openpose,65,2.165272,ok,1,direct,0.798493,14,right_knee,1,1,2.000000,601.640000,556.400000,2.000000,599.959000,556.846000,1.739160,44.498878,1,0.087000,0.995972
SP_T_Jongkok_2,openpose,65,2.165272,ok,1,direct,0.798493,15,left_ankle,1,1,2.000000,706.460000,648.070000,2.000000,703.819000,645.026000,4.029990,44.498878,1,0.089000,0.979504
SP_T_Jongkok_2,openpose,65,2.165272,ok,1,direct,0.798493,16,right_ankle,1,1,2.000000,654.200000,646.510000,2.000000,648.954000,639.231000,8.972422,44.498878,1,0.089000,0.902440
SP_T_Jongkok_2,openpose,66,2.198584,ok,1,direct,0.807617,0,nose,0,0,0.000000,0.000000,0.000000,2.000000,652.880000,357.035000,,,,0.026000,
SP_T_Jongkok_2,openpose,66,2.198584,ok,1,direct,0.807617,1,left_eye,0,0,0.000000,0.000000,0.000000,2.000000,664.569000,349.209000,,,,0.025000,
SP_T_Jongkok_2,openpose,66,2.198584,ok,1,direct,0.807617,2,right_eye,0,0,0.000000,0.000000,0.000000,2.000000,647.041000,351.103000,,,,0.025000,
SP_T_Jongkok_2,openpose,66,2.198584,ok,1,direct,0.807617,3,left_ear,0,0,0.000000,0.000000,0.000000,2.000000,686.214000,353.154000,,,,0.035000,
SP_T_Jongkok_2,openpose,66,2.198584,ok,1,direct,0.807617,4,right_ear,0,0,0.000000,0.000000,0.000000,0.000000,0.000000,0.000000,,,,0.035000,
SP_T_Jongkok_2,openpose,66,2.198584,ok,1,direct,0.807617,5,left_shoulder,1,1,2.000000,715.210000,399.370000,2.000000,705.756000,398.260000,9.518940,44.532592,1,0.079000,0.863796
SP_T_Jongkok_2,openpose,66,2.198584,ok,1,direct,0.807617,6,right_shoulder,1,1,2.000000,648.980000,403.650000,2.000000,645.056000,398.228000,6.692971,44.532592,1,0.079000,0.930171
SP_T_Jongkok_2,openpose,66,2.198584,ok,1,direct,0.807617,7,left_elbow,1,1,2.000000,668.580000,407.960000,2.000000,631.363000,404.045000,37.422350,44.532592,1,0.072000,0.065585
SP_T_Jongkok_2,openpose,66,2.198584,ok,1,direct,0.807617,8,right_elbow,1,1,2.000000,594.360000,407.830000,2.000000,574.536000,408.044000,19.825155,44.532592,1,0.072000,0.465514
SP_T_Jongkok_2,openpose,66,2.198584,ok,1,direct,0.807617,9,left_wrist,1,1,2.000000,616.660000,397.620000,2.000000,570.602000,402.109000,46.276241,44.532592,0,0.062000,0.003631
SP_T_Jongkok_2,openpose,66,2.198584,ok,1,direct,0.807617,10,right_wrist,1,1,2.000000,534.590000,396.970000,2.000000,533.398000,398.219000,1.726518,44.532592,1,0.062000,0.992210
SP_T_Jongkok_2,openpose,66,2.198584,ok,1,direct,0.807617,11,left_hip,1,1,2.000000,732.060000,507.580000,2.000000,723.410000,523.577000,18.185888,44.532592,1,0.107000,0.747274
SP_T_Jongkok_2,openpose,66,2.198584,ok,1,direct,0.807617,12,right_hip,1,1,2.000000,672.270000,515.020000,2.000000,670.493000,523.610000,8.771877,44.532592,1,0.107000,0.934467
SP_T_Jongkok_2,openpose,66,2.198584,ok,1,direct,0.807617,13,left_knee,1,1,2.000000,668.790000,560.700000,2.000000,666.616000,560.874000,2.180952,44.532592,1,0.087000,0.993682
SP_T_Jongkok_2,openpose,66,2.198584,ok,1,direct,0.807617,14,right_knee,1,1,2.000000,601.640000,556.230000,2.000000,599.970000,554.997000,2.075859,44.532592,1,0.087000,0.994275
SP_T_Jongkok_2,openpose,66,2.198584,ok,1,direct,0.807617,15,left_ankle,1,1,2.000000,706.460000,648.040000,2.000000,703.850000,645.003000,4.004431,44.532592,1,0.089000,0.979791
SP_T_Jongkok_2,openpose,66,2.198584,ok,1,direct,0.807617,16,right_ankle,1,1,2.000000,654.200000,646.480000,2.000000,648.932000,639.217000,8.972346,44.532592,1,0.089000,0.902582
SP_T_Jongkok_2,openpose,67,2.231896,ok,1,direct,0.802504,0,nose,0,0,0.000000,0.000000,0.000000,2.000000,652.882000,355.161000,,,,0.026000,
SP_T_Jongkok_2,openpose,67,2.231896,ok,1,direct,0.802504,1,left_eye,0,0,0.000000,0.000000,0.000000,2.000000,664.576000,349.174000,,,,0.025000,
SP_T_Jongkok_2,openpose,67,2.231896,ok,1,direct,0.802504,2,right_eye,0,0,0.000000,0.000000,0.000000,2.000000,647.061000,349.265000,,,,0.025000,
SP_T_Jongkok_2,openpose,67,2.231896,ok,1,direct,0.802504,3,left_ear,0,0,0.000000,0.000000,0.000000,2.000000,686.239000,353.136000,,,,0.035000,
SP_T_Jongkok_2,openpose,67,2.231896,ok,1,direct,0.802504,4,right_ear,0,0,0.000000,0.000000,0.000000,0.000000,0.000000,0.000000,,,,0.035000,
SP_T_Jongkok_2,openpose,67,2.231896,ok,1,direct,0.802504,5,left_shoulder,1,1,2.000000,715.210000,398.960000,2.000000,705.780000,398.194000,9.461060,44.567166,1,0.079000,0.865525
SP_T_Jongkok_2,openpose,67,2.231896,ok,1,direct,0.802504,6,right_shoulder,1,1,2.000000,648.980000,403.240000,2.000000,645.081000,398.271000,6.316103,44.567166,1,0.079000,0.937663
SP_T_Jongkok_2,openpose,67,2.231896,ok,1,direct,0.802504,7,left_elbow,1,1,2.000000,668.580000,407.560000,2.000000,645.005000,406.035000,23.624272,44.567166,1,0.072000,0.338221
SP_T_Jongkok_2,openpose,67,2.231896,ok,1,direct,0.802504,8,right_elbow,1,1,2.000000,594.360000,407.430000,2.000000,582.375000,409.951000,12.247272,44.567166,1,0.072000,0.747255
SP_T_Jongkok_2,openpose,67,2.231896,ok,1,direct,0.802504,9,left_wrist,1,1,2.000000,616.660000,397.210000,2.000000,576.491000,400.161000,40.277251,44.567166,1,0.062000,0.014272
SP_T_Jongkok_2,openpose,67,2.231896,ok,1,direct,0.802504,10,right_wrist,1,1,2.000000,534.590000,396.550000,2.000000,537.258000,398.214000,3.144379,44.567166,1,0.062000,0.974433
SP_T_Jongkok_2,openpose,67,2.231896,ok,1,direct,0.802504,11,left_hip,1,1,2.000000,732.060000,507.340000,2.000000,723.412000,521.668000,16.735576,44.567166,1,0.107000,0.781666
SP_T_Jongkok_2,openpose,67,2.231896,ok,1,direct,0.802504,12,right_hip,1,1,2.000000,672.270000,514.790000,2.000000,670.481000,523.567000,8.957469,44.567166,1,0.107000,0.931865
SP_T_Jongkok_2,openpose,67,2.231896,ok,1,direct,0.802504,13,left_knee,1,1,2.000000,668.790000,560.540000,2.000000,666.614000,560.871000,2.201031,44.567166,1,0.087000,0.993576
SP_T_Jongkok_2,openpose,67,2.231896,ok,1,direct,0.802504,14,right_knee,1,1,2.000000,601.640000,556.060000,2.000000,599.952000,554.985000,2.001242,44.567166,1,0.087000,0.994686
SP_T_Jongkok_2,openpose,67,2.231896,ok,1,direct,0.802504,15,left_ankle,1,1,2.000000,706.460000,648.010000,2.000000,703.803000,644.999000,4.015690,44.567166,1,0.089000,0.979709
SP_T_Jongkok_2,openpose,67,2.231896,ok,1,direct,0.802504,16,right_ankle,1,1,2.000000,654.200000,646.440000,2.000000,648.941000,639.133000,9.002740,44.567166,1,0.089000,0.902099
SP_T_Jongkok_2,openpose,68,2.265208,ok,1,direct,0.803533,0,nose,0,0,0.000000,0.000000,0.000000,2.000000,652.868000,353.192000,,,,0.026000,
SP_T_Jongkok_2,openpose,68,2.265208,ok,1,direct,0.803533,1,left_eye,0,0,0.000000,0.000000,0.000000,2.000000,662.738000,345.340000,,,,0.025000,
SP_T_Jongkok_2,openpose,68,2.265208,ok,1,direct,0.803533,2,right_eye,0,0,0.000000,0.000000,0.000000,2.000000,647.067000,347.228000,,,,0.025000,
SP_T_Jongkok_2,openpose,68,2.265208,ok,1,direct,0.803533,3,left_ear,0,0,0.000000,0.000000,0.000000,2.000000,686.182000,351.171000,,,,0.035000,
SP_T_Jongkok_2,openpose,68,2.265208,ok,1,direct,0.803533,4,right_ear,0,0,0.000000,0.000000,0.000000,0.000000,0.000000,0.000000,,,,0.035000,
SP_T_Jongkok_2,openpose,68,2.265208,ok,1,direct,0.803533,5,left_shoulder,1,1,2.000000,715.210000,398.550000,2.000000,705.782000,396.243000,9.706154,44.600827,1,0.079000,0.859186
SP_T_Jongkok_2,openpose,68,2.265208,ok,1,direct,0.803533,6,right_shoulder,1,1,2.000000,648.980000,402.840000,2.000000,646.993000,396.203000,6.928054,44.600827,1,0.079000,0.925590
SP_T_Jongkok_2,openpose,68,2.265208,ok,1,direct,0.803533,7,left_elbow,1,1,2.000000,668.580000,407.160000,2.000000,643.129000,402.177000,25.934219,44.600827,1,0.072000,0.271323
SP_T_Jongkok_2,openpose,68,2.265208,ok,1,direct,0.803533,8,right_elbow,1,1,2.000000,594.360000,407.030000,2.000000,576.504000,402.193000,18.499549,44.600827,1,0.072000,0.514919
SP_T_Jongkok_2,openpose,68,2.265208,ok,1,direct,0.803533,9,left_wrist,1,1,2.000000,616.660000,396.790000,2.000000,613.717000,396.288000,2.985507,44.600827,1,0.062000,0.976957
SP_T_Jongkok_2,openpose,68,2.265208,ok,1,direct,0.803533,10,right_wrist,1,1,2.000000,534.590000,396.140000,2.000000,535.344000,396.293000,0.769367,44.600827,1,0.062000,0.998453
SP_T_Jongkok_2,openpose,68,2.265208,ok,1,direct,0.803533,11,left_hip,1,1,2.000000,732.060000,507.090000,2.000000,723.420000,521.610000,16.896153,44.600827,1,0.107000,0.778257
SP_T_Jongkok_2,openpose,68,2.265208,ok,1,direct,0.803533,12,right_hip,1,1,2.000000,672.270000,514.550000,2.000000,668.602000,521.669000,8.008395,44.600827,1,0.107000,0.945236
SP_T_Jongkok_2,openpose,68,2.265208,ok,1,direct,0.803533,13,left_knee,1,1,2.000000,668.790000,560.380000,2.000000,666.598000,560.875000,2.247196,44.600827,1,0.087000,0.993315
SP_T_Jongkok_2,openpose,68,2.265208,ok,1,direct,0.803533,14,right_knee,1,1,2.000000,601.640000,555.890000,2.000000,599.956000,554.981000,1.913671,44.600827,1,0.087000,0.995147
SP_T_Jongkok_2,openpose,68,2.265208,ok,1,direct,0.803533,15,left_ankle,1,1,2.000000,706.460000,647.980000,2.000000,703.806000,643.141000,5.519025,44.600827,1,0.089000,0.962075
SP_T_Jongkok_2,openpose,68,2.265208,ok,1,direct,0.803533,16,right_ankle,1,1,2.000000,654.200000,646.410000,2.000000,648.928000,639.171000,8.955284,44.600827,1,0.089000,0.903215
SP_T_Jongkok_2,openpose,69,2.298520,ok,1,direct,0.799229,0,nose,0,0,0.000000,0.000000,0.000000,2.000000,652.869000,351.259000,,,,0.026000,
SP_T_Jongkok_2,openpose,69,2.298520,ok,1,direct,0.799229,1,left_eye,0,0,0.000000,0.000000,0.000000,2.000000,662.732000,341.439000,,,,0.025000,
SP_T_Jongkok_2,openpose,69,2.298520,ok,1,direct,0.799229,2,right_eye,0,0,0.000000,0.000000,0.000000,2.000000,647.030000,345.289000,,,,0.025000,
SP_T_Jongkok_2,openpose,69,2.298520,ok,1,direct,0.799229,3,left_ear,0,0,0.000000,0.000000,0.000000,2.000000,686.190000,347.280000,,,,0.035000,
SP_T_Jongkok_2,openpose,69,2.298520,ok,1,direct,0.799229,4,right_ear,0,0,0.000000,0.000000,0.000000,0.000000,0.000000,0.000000,,,,0.035000,
SP_T_Jongkok_2,openpose,69,2.298520,ok,1,direct,0.799229,5,left_shoulder,1,1,2.000000,715.210000,398.140000,2.000000,705.789000,396.174000,9.623949,44.635348,1,0.079000,0.861587
SP_T_Jongkok_2,openpose,69,2.298520,ok,1,direct,0.799229,6,right_shoulder,1,1,2.000000,648.980000,402.440000,2.000000,648.931000,396.212000,6.228193,44.635348,1,0.079000,0.939513
SP_T_Jongkok_2,openpose,69,2.298520,ok,1,direct,0.799229,7,left_elbow,1,1,2.000000,668.580000,406.760000,2.000000,639.194000,400.191000,30.111273,44.635348,1,0.072000,0.172776
SP_T_Jongkok_2,openpose,69,2.298520,ok,1,direct,0.799229,8,right_elbow,1,1,2.000000,594.360000,406.640000,2.000000,586.298000,406.024000,8.085499,44.635348,1,0.072000,0.881089
SP_T_Jongkok_2,openpose,69,2.298520,ok,1,direct,0.799229,9,left_wrist,1,1,2.000000,616.660000,396.380000,2.000000,574.566000,396.266000,42.094154,44.635348,1,0.062000,0.009781
SP_T_Jongkok_2,openpose,69,2.298520,ok,1,direct,0.799229,10,right_wrist,1,1,2.000000,534.590000,395.720000,2.000000,537.281000,396.229000,2.738715,44.635348,1,0.062000,0.980603
SP_T_Jongkok_2,openpose,69,2.298520,ok,1,direct,0.799229,11,left_hip,1,1,2.000000,732.060000,506.840000,2.000000,723.391000,519.670000,15.484200,44.635348,1,0.107000,0.810403
SP_T_Jongkok_2,openpose,69,2.298520,ok,1,direct,0.799229,12,right_hip,1,1,2.000000,672.270000,514.320000,2.000000,670.497000,519.683000,5.648477,44.635348,1,0.107000,0.972413
SP_T_Jongkok_2,openpose,69,2.298520,ok,1,direct,0.799229,13,left_knee,1,1,2.000000,668.790000,560.210000,2.000000,666.568000,560.847000,2.311504,44.635348,1,0.087000,0.992939
SP_T_Jongkok_2,openpose,69,2.298520,ok,1,direct,0.799229,14,right_knee,1,1,2.000000,601.640000,555.720000,2.000000,599.930000,554.950000,1.875367,44.635348,1,0.087000,0.995346
SP_T_Jongkok_2,openpose,69,2.298520,ok,1,direct,0.799229,15,left_ankle,1,1,2.000000,706.460000,647.950000,2.000000,703.813000,643.128000,5.500754,44.635348,1,0.089000,0.962378
SP_T_Jongkok_2,openpose,69,2.298520,ok,1,direct,0.799229,16,right_ankle,1,1,2.000000,654.200000,646.380000,2.000000,650.891000,639.235000,7.874040,44.635348,1,0.089000,0.924432
SP_T_Jongkok_2,openpose,70,2.331831,ok,1,direct,0.791820,0,nose,0,0,0.000000,0.000000,0.000000,2.000000,652.904000,351.154000,,,,0.026000,
SP_T_Jongkok_2,openpose,70,2.331831,ok,1,direct,0.791820,1,left_eye,0,0,0.000000,0.000000,0.000000,2.000000,662.731000,339.481000,,,,0.025000,
SP_T_Jongkok_2,openpose,70,2.331831,ok,1,direct,0.791820,2,right_eye,0,0,0.000000,0.000000,0.000000,2.000000,647.069000,343.348000,,,,0.025000,
SP_T_Jongkok_2,openpose,70,2.331831,ok,1,direct,0.791820,3,left_ear,0,0,0.000000,0.000000,0.000000,2.000000,684.291000,345.269000,,,,0.035000,
SP_T_Jongkok_2,openpose,70,2.331831,ok,1,direct,0.791820,4,right_ear,0,0,0.000000,0.000000,0.000000,0.000000,0.000000,0.000000,,,,0.035000,
SP_T_Jongkok_2,openpose,70,2.331831,ok,1,direct,0.791820,5,left_shoulder,1,1,2.000000,715.210000,397.730000,2.000000,705.791000,390.345000,11.968951,44.668959,1,0.079000,0.794471
SP_T_Jongkok_2,openpose,70,2.331831,ok,1,direct,0.791820,6,right_shoulder,1,1,2.000000,648.980000,402.030000,2.000000,647.023000,392.355000,9.870941,44.668959,1,0.079000,0.855142
SP_T_Jongkok_2,openpose,70,2.331831,ok,1,direct,0.791820,7,left_elbow,1,1,2.000000,668.580000,406.370000,2.000000,641.084000,398.218000,28.679001,44.668959,1,0.072000,0.203863
SP_T_Jongkok_2,openpose,70,2.331831,ok,1,direct,0.791820,8,right_elbow,1,1,2.000000,594.360000,406.240000,2.000000,588.234000,400.136000,8.647930,44.668959,1,0.072000,0.865366
SP_T_Jongkok_2,openpose,70,2.331831,ok,1,direct,0.791820,9,left_wrist,1,1,2.000000,616.660000,395.970000,2.000000,615.656000,392.301000,3.803890,44.668959,1,0.062000,0.962973
SP_T_Jongkok_2,openpose,70,2.331831,ok,1,direct,0.791820,10,right_wrist,1,1,2.000000,534.590000,395.310000,2.000000,537.286000,394.253000,2.895801,44.668959,1,0.062000,0.978371
SP_T_Jongkok_2,openpose,70,2.331831,ok,1,direct,0.791820,11,left_hip,1,1,2.000000,732.060000,506.600000,2.000000,723.362000,515.740000,12.617242,44.668959,1,0.107000,0.869903
SP_T_Jongkok_2,openpose,70,2.331831,ok,1,direct,0.791820,12,right_hip,1,1,2.000000,672.270000,514.080000,2.000000,668.557000,515.789000,4.087426,44.668959,1,0.107000,0.985480
SP_T_Jongkok_2,openpose,70,2.331831,ok,1,direct,0.791820,13,left_knee,1,1,2.000000,668.790000,560.050000,2.000000,666.586000,560.829000,2.337618,44.668959,1,0.087000,0.992790
SP_T_Jongkok_2,openpose,70,2.331831,ok,1,direct,0.791820,14,right_knee,1,1,2.000000,601.640000,555.550000,2.000000,598.061000,554.911000,3.635597,44.668959,1,0.087000,0.982649
SP_T_Jongkok_2,openpose,70,2.331831,ok,1,direct,0.791820,15,left_ankle,1,1,2.000000,706.460000,647.920000,2.000000,703.788000,643.110000,5.502334,44.668959,1,0.089000,0.962413
SP_T_Jongkok_2,openpose,70,2.331831,ok,1,direct,0.791820,16,right_ankle,1,1,2.000000,654.200000,646.340000,2.000000,650.867000,639.152000,7.923145,44.668959,1,0.089000,0.923634
SP_T_Jongkok_2,openpose,71,2.365143,ok,1,direct,0.795361,0,nose,0,0,0.000000,0.000000,0.000000,2.000000,652.945000,347.310000,,,,0.026000,
SP_T_Jongkok_2,openpose,71,2.365143,ok,1,direct,0.795361,1,left_eye,0,0,0.000000,0.000000,0.000000,2.000000,664.594000,337.470000,,,,0.025000,
SP_T_Jongkok_2,openpose,71,2.365143,ok,1,direct,0.795361,2,right_eye,0,0,0.000000,0.000000,0.000000,2.000000,648.923000,339.416000,,,,0.025000,
SP_T_Jongkok_2,openpose,71,2.365143,ok,1,direct,0.795361,3,left_ear,0,0,0.000000,0.000000,0.000000,2.000000,686.199000,341.409000,,,,0.035000,
SP_T_Jongkok_2,openpose,71,2.365143,ok,1,direct,0.795361,4,right_ear,0,0,0.000000,0.000000,0.000000,0.000000,0.000000,0.000000,,,,0.035000,
SP_T_Jongkok_2,openpose,71,2.365143,ok,1,direct,0.795361,5,left_shoulder,1,1,2.000000,715.080000,393.450000,2.000000,703.857000,386.461000,13.221265,44.921113,1,0.079000,0.757599
SP_T_Jongkok_2,openpose,71,2.365143,ok,1,direct,0.795361,6,right_shoulder,1,1,2.000000,648.980000,398.320000,2.000000,645.091000,388.475000,10.585289,44.921113,1,0.079000,0.836990
SP_T_Jongkok_2,openpose,71,2.365143,ok,1,direct,0.795361,7,left_elbow,1,1,2.000000,668.580000,401.950000,2.000000,643.111000,396.271000,26.094463,44.921113,1,0.072000,0.272028
SP_T_Jongkok_2,openpose,71,2.365143,ok,1,direct,0.795361,8,right_elbow,1,1,2.000000,594.360000,402.590000,2.000000,594.083000,404.043000,1.479168,44.921113,1,0.072000,0.995826
SP_T_Jongkok_2,openpose,71,2.365143,ok,1,direct,0.795361,9,left_wrist,1,1,2.000000,616.660000,392.170000,2.000000,609.756000,386.502000,8.932605,44.921113,1,0.062000,0.814051
SP_T_Jongkok_2,openpose,71,2.365143,ok,1,direct,0.795361,10,right_wrist,1,1,2.000000,534.590000,392.650000,2.000000,539.234000,392.320000,4.655710,44.921113,1,0.062000,0.945645
SP_T_Jongkok_2,openpose,71,2.365143,ok,1,direct,0.795361,11,left_hip,1,1,2.000000,732.060000,504.350000,2.000000,721.452000,513.746000,14.170903,44.921113,1,0.107000,0.840429
SP_T_Jongkok_2,openpose,71,2.365143,ok,1,direct,0.795361,12,right_hip,1,1,2.000000,672.270000,511.940000,2.000000,666.639000,515.750000,6.798843,44.921113,1,0.107000,0.960774
SP_T_Jongkok_2,openpose,71,2.365143,ok,1,direct,0.795361,13,left_knee,1,1,2.000000,668.790000,558.540000,2.000000,664.710000,558.885000,4.094560,44.921113,1,0.087000,0.978286
SP_T_Jongkok_2,openpose,71,2.365143,ok,1,direct,0.795361,14,right_knee,1,1,2.000000,601.640000,553.980000,2.000000,598.068000,554.913000,3.691839,44.921113,1,0.087000,0.982311
SP_T_Jongkok_2,openpose,71,2.365143,ok,1,direct,0.795361,15,left_ankle,1,1,2.000000,706.460000,647.640000,2.000000,703.862000,643.102000,5.229058,44.921113,1,0.089000,0.966365
SP_T_Jongkok_2,openpose,71,2.365143,ok,1,direct,0.795361,16,right_ankle,1,1,2.000000,654.200000,646.040000,2.000000,649.016000,639.157000,8.616818,44.921113,1,0.089000,0.911279
SP_T_Jongkok_2,openpose,72,2.398455,ok,1,direct,0.793330,0,nose,0,0,0.000000,0.000000,0.000000,2.000000,654.809000,343.358000,,,,0.026000,
SP_T_Jongkok_2,openpose,72,2.398455,ok,1,direct,0.793330,1,left_eye,0,0,0.000000,0.000000,0.000000,2.000000,664.641000,335.455000,,,,0.025000,
SP_T_Jongkok_2,openpose,72,2.398455,ok,1,direct,0.793330,2,right_eye,0,0,0.000000,0.000000,0.000000,2.000000,648.955000,335.567000,,,,0.025000,
SP_T_Jongkok_2,openpose,72,2.398455,ok,1,direct,0.793330,3,left_ear,0,0,0.000000,0.000000,0.000000,2.000000,688.104000,337.534000,,,,0.035000,
SP_T_Jongkok_2,openpose,72,2.398455,ok,1,direct,0.793330,4,right_ear,0,0,0.000000,0.000000,0.000000,0.000000,0.000000,0.000000,,,,0.035000,
SP_T_Jongkok_2,openpose,72,2.398455,ok,1,direct,0.793330,5,left_shoulder,1,1,2.000000,714.950000,389.170000,2.000000,707.723000,384.523000,8.592097,45.228655,1,0.079000,0.890787
SP_T_Jongkok_2,openpose,72,2.398455,ok,1,direct,0.793330,6,right_shoulder,1,1,2.000000,648.980000,394.610000,2.000000,645.040000,390.327000,5.819595,45.228655,1,0.079000,0.948327
SP_T_Jongkok_2,openpose,72,2.398455,ok,1,direct,0.793330,7,left_elbow,1,1,2.000000,668.580000,397.540000,2.000000,645.002000,392.340000,24.144608,45.228655,1,0.072000,0.333052
SP_T_Jongkok_2,openpose,72,2.398455,ok,1,direct,0.793330,8,right_elbow,1,1,2.000000,594.360000,398.940000,2.000000,588.253000,402.096000,6.874284,45.228655,1,0.072000,0.914733
SP_T_Jongkok_2,openpose,72,2.398455,ok,1,direct,0.793330,9,left_wrist,1,1,2.000000,616.660000,388.380000,2.000000,599.987000,384.482000,17.122597,45.228655,1,0.062000,0.474407
SP_T_Jongkok_2,openpose,72,2.398455,ok,1,direct,0.793330,10,right_wrist,1,1,2.000000,534.590000,390.000000,2.000000,535.371000,386.499000,3.587055,45.228655,1,0.062000,0.967804
SP_T_Jongkok_2,openpose,72,2.398455,ok,1,direct,0.793330,11,left_hip,1,1,2.000000,732.060000,502.100000,2.000000,721.501000,509.895000,13.124576,45.228655,1,0.107000,0.863210
SP_T_Jongkok_2,openpose,72,2.398455,ok,1,direct,0.793330,12,right_hip,1,1,2.000000,672.270000,509.790000,2.000000,668.514000,513.742000,5.452141,45.228655,1,0.107000,0.974935
SP_T_Jongkok_2,openpose,72,2.398455,ok,1,direct,0.793330,13,left_knee,1,1,2.000000,668.790000,557.040000,2.000000,664.660000,556.972000,4.130560,45.228655,1,0.087000,0.978203
SP_T_Jongkok_2,openpose,72,2.398455,ok,1,direct,0.793330,14,right_knee,1,1,2.000000,601.640000,552.410000,2.000000,599.954000,554.963000,3.059478,45.228655,1,0.087000,0.987982
SP_T_Jongkok_2,openpose,72,2.398455,ok,1,direct,0.793330,15,left_ankle,1,1,2.000000,706.460000,647.360000,2.000000,703.805000,643.105000,5.015381,45.228655,1,0.089000,0.969429
SP_T_Jongkok_2,openpose,72,2.398455,ok,1,direct,0.793330,16,right_ankle,1,1,2.000000,654.200000,645.740000,2.000000,650.926000,639.175000,7.336096,45.228655,1,0.089000,0.935730
SP_T_Jongkok_2,openpose,73,2.431767,ok,1,direct,0.792784,0,nose,0,0,0.000000,0.000000,0.000000,2.000000,652.880000,337.472000,,,,0.026000,
SP_T_Jongkok_2,openpose,73,2.431767,ok,1,direct,0.792784,1,left_eye,0,0,0.000000,0.000000,0.000000,2.000000,662.704000,327.735000,,,,0.025000,
SP_T_Jongkok_2,openpose,73,2.431767,ok,1,direct,0.792784,2,right_eye,0,0,0.000000,0.000000,0.000000,2.000000,647.056000,331.566000,,,,0.025000,
SP_T_Jongkok_2,openpose,73,2.431767,ok,1,direct,0.792784,3,left_ear,0,0,0.000000,0.000000,0.000000,2.000000,684.305000,333.588000,,,,0.035000,
SP_T_Jongkok_2,openpose,73,2.431767,ok,1,direct,0.792784,4,right_ear,0,0,0.000000,0.000000,0.000000,0.000000,0.000000,0.000000,,,,0.035000,
SP_T_Jongkok_2,openpose,73,2.431767,ok,1,direct,0.792784,5,left_shoulder,1,1,2.000000,714.820000,384.890000,2.000000,705.779000,382.538000,9.341926,45.534987,1,0.079000,0.873818
SP_T_Jongkok_2,openpose,73,2.431767,ok,1,direct,0.792784,6,right_shoulder,1,1,2.000000,648.980000,390.900000,2.000000,645.057000,382.572000,9.205733,45.534987,1,0.079000,0.877236
SP_T_Jongkok_2,openpose,73,2.431767,ok,1,direct,0.792784,7,left_elbow,1,1,2.000000,668.580000,393.130000,2.000000,637.182000,386.439000,32.103020,45.534987,1,0.072000,0.146954
SP_T_Jongkok_2,openpose,73,2.431767,ok,1,direct,0.792784,8,right_elbow,1,1,2.000000,594.360000,395.290000,2.000000,576.444000,390.390000,18.573989,45.534987,1,0.072000,0.526278
SP_T_Jongkok_2,openpose,73,2.431767,ok,1,direct,0.792784,9,left_wrist,1,1,2.000000,616.660000,384.580000,2.000000,574.514000,384.493000,42.146090,45.534987,1,0.062000,0.011594
SP_T_Jongkok_2,openpose,73,2.431767,ok,1,direct,0.792784,10,right_wrist,1,1,2.000000,534.590000,387.340000,2.000000,531.434000,384.466000,4.268514,45.534987,1,0.062000,0.955309
SP_T_Jongkok_2,openpose,73,2.431767,ok,1,direct,0.792784,11,left_hip,1,1,2.000000,732.060000,499.850000,2.000000,721.417000,507.905000,13.347527,45.534987,1,0.107000,0.860624
SP_T_Jongkok_2,openpose,73,2.431767,ok,1,direct,0.792784,12,right_hip,1,1,2.000000,672.270000,507.650000,2.000000,666.608000,509.877000,6.084223,45.534987,1,0.107000,0.969294
SP_T_Jongkok_2,openpose,73,2.431767,ok,1,direct,0.792784,13,left_knee,1,1,2.000000,668.790000,555.530000,2.000000,664.641000,558.821000,5.295742,45.534987,1,0.087000,0.964891
SP_T_Jongkok_2,openpose,73,2.431767,ok,1,direct,0.792784,14,right_knee,1,1,2.000000,601.640000,550.850000,2.000000,599.933000,554.926000,4.419007,45.534987,1,0.087000,0.975421
SP_T_Jongkok_2,openpose,73,2.431767,ok,1,direct,0.792784,15,left_ankle,1,1,2.000000,706.460000,647.080000,2.000000,703.827000,643.137000,4.741301,45.534987,1,0.089000,0.972996
SP_T_Jongkok_2,openpose,73,2.431767,ok,1,direct,0.792784,16,right_ankle,1,1,2.000000,654.200000,645.440000,2.000000,650.885000,639.166000,7.095936,45.534987,1,0.089000,0.940525
SP_T_Jongkok_2,openpose,74,2.465079,ok,1,direct,0.791429,0,nose,0,0,0.000000,0.000000,0.000000,2.000000,652.885000,333.571000,,,,0.026000,
SP_T_Jongkok_2,openpose,74,2.465079,ok,1,direct,0.791429,1,left_eye,0,0,0.000000,0.000000,0.000000,2.000000,664.565000,323.723000,,,,0.025000,
SP_T_Jongkok_2,openpose,74,2.465079,ok,1,direct,0.791429,2,right_eye,0,0,0.000000,0.000000,0.000000,2.000000,648.914000,325.662000,,,,0.025000,
SP_T_Jongkok_2,openpose,74,2.465079,ok,1,direct,0.791429,3,left_ear,0,0,0.000000,0.000000,0.000000,2.000000,686.183000,329.598000,,,,0.035000,
SP_T_Jongkok_2,openpose,74,2.465079,ok,1,direct,0.791429,4,right_ear,0,0,0.000000,0.000000,0.000000,0.000000,0.000000,0.000000,,,,0.035000,
SP_T_Jongkok_2,openpose,74,2.465079,ok,1,direct,0.791429,5,left_shoulder,1,1,2.000000,714.700000,380.610000,2.000000,703.881000,374.687000,12.334208,45.853916,1,0.079000,0.793049
SP_T_Jongkok_2,openpose,74,2.465079,ok,1,direct,0.791429,6,right_shoulder,1,1,2.000000,648.980000,387.200000,2.000000,645.082000,378.624000,9.420307,45.853916,1,0.079000,0.873493
SP_T_Jongkok_2,openpose,74,2.465079,ok,1,direct,0.791429,7,left_elbow,1,1,2.000000,668.580000,388.710000,2.000000,639.153000,382.532000,30.068522,45.853916,1,0.072000,0.190337
SP_T_Jongkok_2,openpose,74,2.465079,ok,1,direct,0.791429,8,right_elbow,1,1,2.000000,594.360000,391.640000,2.000000,582.331000,390.365000,12.096382,45.853916,1,0.072000,0.764535
SP_T_Jongkok_2,openpose,74,2.465079,ok,1,direct,0.791429,9,left_wrist,1,1,2.000000,616.660000,380.790000,2.000000,580.427000,380.535000,36.233897,45.853916,1,0.062000,0.038821
SP_T_Jongkok_2,openpose,74,2.465079,ok,1,direct,0.791429,10,right_wrist,1,1,2.000000,534.590000,384.690000,2.000000,531.441000,382.510000,3.829961,45.853916,1,0.062000,0.964353
SP_T_Jongkok_2,openpose,74,2.465079,ok,1,direct,0.791429,11,left_hip,1,1,2.000000,732.060000,497.600000,2.000000,721.410000,503.974000,12.411703,45.853916,1,0.107000,0.879863
SP_T_Jongkok_2,openpose,74,2.465079,ok,1,direct,0.791429,12,right_hip,1,1,2.000000,672.270000,505.500000,2.000000,664.684000,505.960000,7.599934,45.853916,1,0.107000,0.953146
SP_T_Jongkok_2,openpose,74,2.465079,ok,1,direct,0.791429,13,left_knee,1,1,2.000000,668.790000,554.030000,2.000000,664.644000,556.899000,5.041872,45.853916,1,0.087000,0.968558
SP_T_Jongkok_2,openpose,74,2.465079,ok,1,direct,0.791429,14,right_knee,1,1,2.000000,601.640000,549.280000,2.000000,599.968000,554.885000,5.849069,45.853916,1,0.087000,0.957917
SP_T_Jongkok_2,openpose,74,2.465079,ok,1,direct,0.791429,15,left_ankle,1,1,2.000000,706.460000,646.800000,2.000000,703.797000,643.137000,4.528702,45.853916,1,0.089000,0.975672
SP_T_Jongkok_2,openpose,74,2.465079,ok,1,direct,0.791429,16,right_ankle,1,1,2.000000,654.200000,645.140000,2.000000,650.938000,643.084000,3.855876,45.853916,1,0.089000,0.982304
SP_T_Jongkok_2,openpose,75,2.498391,ok,1,direct,0.764424,0,nose,0,0,0.000000,0.000000,0.000000,2.000000,652.941000,329.576000,,,,0.026000,
SP_T_Jongkok_2,openpose,75,2.498391,ok,1,direct,0.764424,1,left_eye,0,0,0.000000,0.000000,0.000000,2.000000,664.612000,319.816000,,,,0.025000,
SP_T_Jongkok_2,openpose,75,2.498391,ok,1,direct,0.764424,2,right_eye,0,0,0.000000,0.000000,0.000000,2.000000,648.941000,319.901000,,,,0.025000,
SP_T_Jongkok_2,openpose,75,2.498391,ok,1,direct,0.764424,3,left_ear,0,0,0.000000,0.000000,0.000000,2.000000,686.230000,323.724000,,,,0.035000,
SP_T_Jongkok_2,openpose,75,2.498391,ok,1,direct,0.764424,4,right_ear,0,0,0.000000,0.000000,0.000000,0.000000,0.000000,0.000000,,,,0.035000,
SP_T_Jongkok_2,openpose,75,2.498391,ok,1,direct,0.764424,5,left_shoulder,1,1,2.000000,714.570000,376.340000,2.000000,705.806000,368.875000,11.512338,46.196296,1,0.079000,0.819537
SP_T_Jongkok_2,openpose,75,2.498391,ok,1,direct,0.764424,6,right_shoulder,1,1,2.000000,648.980000,383.490000,2.000000,647.058000,372.737000,10.923419,46.196296,1,0.079000,0.835959
SP_T_Jongkok_2,openpose,75,2.498391,ok,1,direct,0.764424,7,left_elbow,1,1,2.000000,668.580000,384.300000,2.000000,641.108000,376.626000,28.523693,46.196296,1,0.072000,0.229735
SP_T_Jongkok_2,openpose,75,2.498391,ok,1,direct,0.764424,8,right_elbow,1,1,2.000000,594.360000,387.990000,2.000000,590.180000,384.529000,5.426870,46.196296,1,0.072000,0.948151
SP_T_Jongkok_2,openpose,75,2.498391,ok,1,direct,0.764424,9,left_wrist,1,1,2.000000,616.660000,377.000000,2.000000,578.429000,376.677000,38.232364,46.196296,1,0.062000,0.028335
SP_T_Jongkok_2,openpose,75,2.498391,ok,1,direct,0.764424,10,right_wrist,1,1,2.000000,534.590000,382.030000,2.000000,535.325000,380.592000,1.614952,46.196296,1,0.062000,0.993662
SP_T_Jongkok_2,openpose,75,2.498391,ok,1,direct,0.764424,11,left_hip,1,1,2.000000,732.060000,495.350000,2.000000,719.508000,498.149000,12.860292,46.196296,1,0.107000,0.873385
SP_T_Jongkok_2,openpose,75,2.498391,ok,1,direct,0.764424,12,right_hip,1,1,2.000000,672.270000,503.360000,2.000000,666.582000,500.065000,6.573459,46.196296,1,0.107000,0.965248
SP_T_Jongkok_2,openpose,75,2.498391,ok,1,direct,0.764424,13,left_knee,1,1,2.000000,668.790000,552.520000,2.000000,664.633000,556.859000,6.008957,46.196296,1,0.087000,0.956278
SP_T_Jongkok_2,openpose,75,2.498391,ok,1,direct,0.764424,14,right_knee,1,1,2.000000,601.640000,547.710000,2.000000,600.023000,553.029000,5.559357,46.196296,1,0.087000,0.962456
SP_T_Jongkok_2,openpose,75,2.498391,ok,1,direct,0.764424,15,left_ankle,1,1,2.000000,706.460000,646.520000,2.000000,701.889000,645.038000,4.805243,46.196296,1,0.089000,0.973051
SP_T_Jongkok_2,openpose,75,2.498391,ok,1,direct,0.764424,16,right_ankle,1,1,2.000000,654.200000,644.840000,2.000000,650.966000,643.062000,3.690534,46.196296,1,0.089000,0.984015
SP_T_Jongkok_2,openpose,76,2.531703,ok,1,direct,0.777711,0,nose,0,0,0.000000,0.000000,0.000000,2.000000,652.852000,319.866000,,,,0.026000,
SP_T_Jongkok_2,openpose,76,2.531703,ok,1,direct,0.777711,1,left_eye,0,0,0.000000,0.000000,0.000000,2.000000,662.711000,310.074000,,,,0.025000,
SP_T_Jongkok_2,openpose,76,2.531703,ok,1,direct,0.777711,2,right_eye,0,0,0.000000,0.000000,0.000000,2.000000,647.071000,312.018000,,,,0.025000,
SP_T_Jongkok_2,openpose,76,2.531703,ok,1,direct,0.777711,3,left_ear,0,0,0.000000,0.000000,0.000000,2.000000,684.265000,315.967000,,,,0.035000,
SP_T_Jongkok_2,openpose,76,2.531703,ok,1,direct,0.777711,4,right_ear,0,0,0.000000,0.000000,0.000000,0.000000,0.000000,0.000000,,,,0.035000,
SP_T_Jongkok_2,openpose,76,2.531703,ok,1,direct,0.777711,5,left_shoulder,1,1,2.000000,714.060000,369.010000,2.000000,705.742000,364.908000,9.274456,46.590118,1,0.079000,0.880744
SP_T_Jongkok_2,openpose,76,2.531703,ok,1,direct,0.777711,6,right_shoulder,1,1,2.000000,649.110000,375.590000,2.000000,646.995000,366.835000,9.006845,46.590118,1,0.079000,0.887128
SP_T_Jongkok_2,openpose,76,2.531703,ok,1,direct,0.777711,7,left_elbow,1,1,2.000000,668.320000,378.960000,2.000000,639.139000,372.699000,29.845115,46.590118,1,0.072000,0.205326
SP_T_Jongkok_2,openpose,76,2.531703,ok,1,direct,0.777711,8,right_elbow,1,1,2.000000,594.360000,383.060000,2.000000,592.138000,380.625000,3.296439,46.590118,1,0.072000,0.980872
SP_T_Jongkok_2,openpose,76,2.531703,ok,1,direct,0.777711,9,left_wrist,1,1,2.000000,616.660000,374.010000,2.000000,578.423000,370.816000,38.370168,46.590118,1,0.062000,0.029335
SP_T_Jongkok_2,openpose,76,2.531703,ok,1,direct,0.777711,10,right_wrist,1,1,2.000000,534.590000,379.350000,2.000000,535.380000,376.608000,2.853535,46.590118,1,0.062000,0.980672
SP_T_Jongkok_2,openpose,76,2.531703,ok,1,direct,0.777711,11,left_hip,1,1,2.000000,730.270000,489.400000,2.000000,719.548000,494.144000,11.724625,46.590118,1,0.107000,0.895270
SP_T_Jongkok_2,openpose,76,2.531703,ok,1,direct,0.777711,12,right_hip,1,1,2.000000,672.020000,496.200000,2.000000,666.629000,494.177000,5.758073,46.590118,1,0.107000,0.973670
SP_T_Jongkok_2,openpose,76,2.531703,ok,1,direct,0.777711,13,left_knee,1,1,2.000000,668.790000,550.940000,2.000000,664.613000,556.821000,7.213424,46.590118,1,0.087000,0.938623
SP_T_Jongkok_2,openpose,76,2.531703,ok,1,direct,0.777711,14,right_knee,1,1,2.000000,602.280000,546.340000,2.000000,602.004000,553.002000,6.667715,46.590118,1,0.087000,0.947318
SP_T_Jongkok_2,openpose,76,2.531703,ok,1,direct,0.777711,15,left_ankle,1,1,2.000000,706.460000,646.330000,2.000000,703.779000,643.095000,4.201546,46.590118,1,0.089000,0.979675
SP_T_Jongkok_2,openpose,76,2.531703,ok,1,direct,0.777711,16,right_ankle,1,1,2.000000,654.200000,644.630000,2.000000,650.910000,643.069000,3.641541,46.590118,1,0.089000,0.984693
SP_T_Jongkok_2,openpose,77,2.565015,ok,1,direct,0.778668,0,nose,0,0,0.000000,0.000000,0.000000,2.000000,652.832000,314.008000,,,,0.026000,
SP_T_Jongkok_2,openpose,77,2.565015,ok,1,direct,0.778668,1,left_eye,0,0,0.000000,0.000000,0.000000,2.000000,662.695000,306.064000,,,,0.025000,
SP_T_Jongkok_2,openpose,77,2.565015,ok,1,direct,0.778668,2,right_eye,0,0,0.000000,0.000000,0.000000,2.000000,648.897000,306.195000,,,,0.025000,
SP_T_Jongkok_2,openpose,77,2.565015,ok,1,direct,0.778668,3,left_ear,0,0,0.000000,0.000000,0.000000,2.000000,686.198000,310.055000,,,,0.035000,
SP_T_Jongkok_2,openpose,77,2.565015,ok,1,direct,0.778668,4,right_ear,0,0,0.000000,0.000000,0.000000,0.000000,0.000000,0.000000,,,,0.035000,
SP_T_Jongkok_2,openpose,77,2.565015,ok,1,direct,0.778668,5,left_shoulder,1,1,2.000000,713.550000,361.680000,2.000000,703.828000,355.169000,11.700872,46.970967,1,0.079000,0.819662
SP_T_Jongkok_2,openpose,77,2.565015,ok,1,direct,0.778668,6,right_shoulder,1,1,2.000000,649.240000,367.690000,2.000000,646.989000,358.993000,8.983586,46.970967,1,0.079000,0.889386
SP_T_Jongkok_2,openpose,77,2.565015,ok,1,direct,0.778668,7,left_elbow,1,1,2.000000,668.070000,373.610000,2.000000,643.113000,368.812000,25.414025,46.970967,1,0.072000,0.323223
SP_T_Jongkok_2,openpose,77,2.565015,ok,1,direct,0.778668,8,right_elbow,1,1,2.000000,594.360000,378.140000,2.000000,582.375000,378.546000,11.991875,46.970967,1,0.072000,0.777659
SP_T_Jongkok_2,openpose,77,2.565015,ok,1,direct,0.778668,9,left_wrist,1,1,2.000000,616.660000,371.020000,2.000000,607.801000,366.813000,9.807177,46.970967,1,0.062000,0.797067
SP_T_Jongkok_2,openpose,77,2.565015,ok,1,direct,0.778668,10,right_wrist,1,1,2.000000,534.590000,376.660000,2.000000,529.510000,370.795000,7.759164,46.970967,1,0.062000,0.867641
SP_T_Jongkok_2,openpose,77,2.565015,ok,1,direct,0.778668,11,left_hip,1,1,2.000000,728.490000,483.440000,2.000000,719.449000,488.313000,10.270629,46.970967,1,0.107000,0.919871
SP_T_Jongkok_2,openpose,77,2.565015,ok,1,direct,0.778668,12,right_hip,1,1,2.000000,671.760000,489.050000,2.000000,666.606000,488.366000,5.199190,46.970967,1,0.107000,0.978824
SP_T_Jongkok_2,openpose,77,2.565015,ok,1,direct,0.778668,13,left_knee,1,1,2.000000,668.790000,549.350000,2.000000,664.696000,554.849000,6.855643,46.970967,1,0.087000,0.945265
SP_T_Jongkok_2,openpose,77,2.565015,ok,1,direct,0.778668,14,right_knee,1,1,2.000000,602.920000,544.960000,2.000000,603.871000,552.907000,8.003700,46.970967,1,0.087000,0.926148
SP_T_Jongkok_2,openpose,77,2.565015,ok,1,direct,0.778668,15,left_ankle,1,1,2.000000,706.460000,646.140000,2.000000,701.885000,643.112000,5.486293,46.970967,1,0.089000,0.966140
SP_T_Jongkok_2,openpose,77,2.565015,ok,1,direct,0.778668,16,right_ankle,1,1,2.000000,654.200000,644.430000,2.000000,650.941000,643.089000,3.524112,46.970967,1,0.089000,0.985887
SP_T_Jongkok_2,openpose,78,2.598326,ok,1,direct,0.740300,0,nose,0,0,0.000000,0.000000,0.000000,2.000000,652.861000,306.072000,,,,0.026000,
SP_T_Jongkok_2,openpose,78,2.598326,ok,1,direct,0.740300,1,left_eye,0,0,0.000000,0.000000,0.000000,2.000000,662.707000,296.347000,,,,0.025000,
SP_T_Jongkok_2,openpose,78,2.598326,ok,1,direct,0.740300,2,right_eye,0,0,0.000000,0.000000,0.000000,2.000000,648.913000,298.305000,,,,0.025000,
SP_T_Jongkok_2,openpose,78,2.598326,ok,1,direct,0.740300,3,left_ear,0,0,0.000000,0.000000,0.000000,2.000000,684.305000,302.256000,,,,0.035000,
SP_T_Jongkok_2,openpose,78,2.598326,ok,1,direct,0.740300,4,right_ear,0,0,0.000000,0.000000,0.000000,0.000000,0.000000,0.000000,,,,0.035000,
SP_T_Jongkok_2,openpose,78,2.598326,ok,1,direct,0.740300,5,left_shoulder,1,1,2.000000,713.040000,354.350000,2.000000,703.802000,351.149000,9.776863,47.336783,1,0.079000,0.872229
SP_T_Jongkok_2,openpose,78,2.598326,ok,1,direct,0.740300,6,right_shoulder,1,1,2.000000,649.370000,359.790000,2.000000,650.880000,353.108000,6.850491,47.336783,1,0.079000,0.935087
SP_T_Jongkok_2,openpose,78,2.598326,ok,1,direct,0.740300,7,left_elbow,1,1,2.000000,667.810000,368.270000,2.000000,637.200000,364.831000,30.802578,47.336783,1,0.072000,0.195228
SP_T_Jongkok_2,openpose,78,2.598326,ok,1,direct,0.740300,8,right_elbow,1,1,2.000000,594.360000,373.210000,2.000000,598.019000,368.822000,5.713390,47.336783,1,0.072000,0.945348
SP_T_Jongkok_2,openpose,78,2.598326,ok,1,direct,0.740300,9,left_wrist,1,1,2.000000,616.660000,368.040000,2.000000,572.560000,368.795000,44.106462,47.336783,1,0.062000,0.010921
SP_T_Jongkok_2,openpose,78,2.598326,ok,1,direct,0.740300,10,right_wrist,1,1,2.000000,534.590000,373.980000,2.000000,533.429000,368.890000,5.220730,47.336783,1,0.062000,0.938674
SP_T_Jongkok_2,openpose,78,2.598326,ok,1,direct,0.740300,11,left_hip,1,1,2.000000,726.700000,477.490000,2.000000,717.544000,480.537000,9.649691,47.336783,1,0.107000,0.929980
SP_T_Jongkok_2,openpose,78,2.598326,ok,1,direct,0.740300,12,right_hip,1,1,2.000000,671.510000,481.900000,2.000000,664.694000,482.428000,6.836420,47.336783,1,0.107000,0.964220
SP_T_Jongkok_2,openpose,78,2.598326,ok,1,direct,0.740300,13,left_knee,1,1,2.000000,668.790000,547.770000,2.000000,666.585000,552.996000,5.672134,47.336783,1,0.087000,0.962772
SP_T_Jongkok_2,openpose,78,2.598326,ok,1,direct,0.740300,14,right_knee,1,1,2.000000,603.550000,543.580000,2.000000,603.962000,551.028000,7.459387,47.336783,1,0.087000,0.936492
SP_T_Jongkok_2,openpose,78,2.598326,ok,1,direct,0.740300,15,left_ankle,1,1,2.000000,706.460000,645.950000,2.000000,699.918000,645.057000,6.602667,47.336783,1,0.089000,0.952063
SP_T_Jongkok_2,openpose,78,2.598326,ok,1,direct,0.740300,16,right_ankle,1,1,2.000000,654.200000,644.220000,2.000000,650.921000,643.079000,3.471847,47.336783,1,0.089000,0.986510
SP_T_Jongkok_2,openpose,79,2.631638,ok,1,direct,0.767625,0,nose,0,0,0.000000,0.000000,0.000000,2.000000,651.019000,300.188000,,,,0.026000,
SP_T_Jongkok_2,openpose,79,2.631638,ok,1,direct,0.767625,1,left_eye,0,0,0.000000,0.000000,0.000000,2.000000,662.694000,290.411000,,,,0.025000,
SP_T_Jongkok_2,openpose,79,2.631638,ok,1,direct,0.767625,2,right_eye,0,0,0.000000,0.000000,0.000000,2.000000,648.912000,292.349000,,,,0.025000,
SP_T_Jongkok_2,openpose,79,2.631638,ok,1,direct,0.767625,3,left_ear,0,0,0.000000,0.000000,0.000000,2.000000,686.223000,294.429000,,,,0.035000,
SP_T_Jongkok_2,openpose,79,2.631638,ok,1,direct,0.767625,4,right_ear,0,0,0.000000,0.000000,0.000000,0.000000,0.000000,0.000000,,,,0.035000,
SP_T_Jongkok_2,openpose,79,2.631638,ok,1,direct,0.767625,5,left_shoulder,1,1,2.000000,712.530000,347.020000,2.000000,703.802000,345.248000,8.906064,47.691126,1,0.079000,0.894262
SP_T_Jongkok_2,openpose,79,2.631638,ok,1,direct,0.767625,6,right_shoulder,1,1,2.000000,649.490000,351.890000,2.000000,643.073000,347.226000,7.932893,47.691126,1,0.079000,0.915150
SP_T_Jongkok_2,openpose,79,2.631638,ok,1,direct,0.767625,7,left_elbow,1,1,2.000000,667.560000,362.930000,2.000000,635.279000,360.950000,32.341666,47.691126,1,0.072000,0.169611
SP_T_Jongkok_2,openpose,79,2.631638,ok,1,direct,0.767625,8,right_elbow,1,1,2.000000,594.360000,368.290000,2.000000,578.453000,366.851000,15.971956,47.691126,1,0.072000,0.648743
SP_T_Jongkok_2,openpose,79,2.631638,ok,1,direct,0.767625,9,left_wrist,1,1,2.000000,616.660000,365.050000,2.000000,582.320000,366.871000,34.388249,47.691126,1,0.062000,0.066860
SP_T_Jongkok_2,openpose,79,2.631638,ok,1,direct,0.767625,10,right_wrist,1,1,2.000000,534.590000,371.300000,2.000000,525.585000,368.835000,9.336287,47.691126,1,0.062000,0.819224
SP_T_Jongkok_2,openpose,79,2.631638,ok,1,direct,0.767625,11,left_hip,1,1,2.000000,724.920000,471.540000,2.000000,715.638000,476.537000,10.541610,47.691126,1,0.107000,0.918191
SP_T_Jongkok_2,openpose,79,2.631638,ok,1,direct,0.767625,12,right_hip,1,1,2.000000,671.250000,474.750000,2.000000,664.598000,476.581000,6.899396,47.691126,1,0.107000,0.964100
SP_T_Jongkok_2,openpose,79,2.631638,ok,1,direct,0.767625,13,left_knee,1,1,2.000000,668.790000,546.180000,2.000000,666.599000,551.015000,5.308268,47.691126,1,0.087000,0.967794
SP_T_Jongkok_2,openpose,79,2.631638,ok,1,direct,0.767625,14,right_knee,1,1,2.000000,604.190000,542.210000,2.000000,605.837000,549.081000,7.065639,47.691126,1,0.087000,0.943651
SP_T_Jongkok_2,openpose,79,2.631638,ok,1,direct,0.767625,15,left_ankle,1,1,2.000000,706.460000,645.770000,2.000000,699.966000,643.135000,7.008228,47.691126,1,0.089000,0.946935
SP_T_Jongkok_2,openpose,79,2.631638,ok,1,direct,0.767625,16,right_ankle,1,1,2.000000,654.200000,644.020000,2.000000,650.881000,641.122000,4.406151,47.691126,1,0.089000,0.978678
SP_T_Jongkok_2,openpose,80,2.664950,ok,1,direct,0.778148,0,nose,0,0,0.000000,0.000000,0.000000,2.000000,652.846000,290.378000,,,,0.026000,
SP_T_Jongkok_2,openpose,80,2.664950,ok,1,direct,0.778148,1,left_eye,0,0,0.000000,0.000000,0.000000,2.000000,662.706000,280.674000,,,,0.025000,
SP_T_Jongkok_2,openpose,80,2.664950,ok,1,direct,0.778148,2,right_eye,0,0,0.000000,0.000000,0.000000,2.000000,648.891000,282.598000,,,,0.025000,
SP_T_Jongkok_2,openpose,80,2.664950,ok,1,direct,0.778148,3,left_ear,0,0,0.000000,0.000000,0.000000,2.000000,684.312000,288.467000,,,,0.035000,
SP_T_Jongkok_2,openpose,80,2.664950,ok,1,direct,0.778148,4,right_ear,0,0,0.000000,0.000000,0.000000,0.000000,0.000000,0.000000,,,,0.035000,
SP_T_Jongkok_2,openpose,80,2.664950,ok,1,direct,0.778148,5,left_shoulder,1,1,2.000000,712.020000,339.690000,2.000000,701.928000,337.412000,10.345905,48.030199,1,0.079000,0.861836
SP_T_Jongkok_2,openpose,80,2.664950,ok,1,direct,0.778148,6,right_shoulder,1,1,2.000000,649.620000,343.990000,2.000000,637.265000,341.372000,12.629329,48.030199,1,0.079000,0.801261
SP_T_Jongkok_2,openpose,80,2.664950,ok,1,direct,0.778148,7,left_elbow,1,1,2.000000,667.300000,357.590000,2.000000,648.959000,353.228000,18.852568,48.030199,1,0.072000,0.551895
SP_T_Jongkok_2,openpose,80,2.664950,ok,1,direct,0.778148,8,right_elbow,1,1,2.000000,594.360000,363.370000,2.000000,576.504000,362.947000,17.861010,48.030199,1,0.072000,0.586538
SP_T_Jongkok_2,openpose,80,2.664950,ok,1,direct,0.778148,9,left_wrist,1,1,2.000000,616.660000,362.060000,2.000000,611.705000,360.965000,5.074549,48.030199,1,0.062000,0.943576
SP_T_Jongkok_2,openpose,80,2.664950,ok,1,direct,0.778148,10,right_wrist,1,1,2.000000,534.590000,368.610000,2.000000,529.428000,366.896000,5.439121,48.030199,1,0.062000,0.935454
SP_T_Jongkok_2,openpose,80,2.664950,ok,1,direct,0.778148,11,left_hip,1,1,2.000000,723.130000,465.590000,2.000000,715.631000,470.711000,9.080729,48.030199,1,0.107000,0.939468
SP_T_Jongkok_2,openpose,80,2.664950,ok,1,direct,0.778148,12,right_hip,1,1,2.000000,671.000000,467.600000,2.000000,664.615000,472.644000,8.136963,48.030199,1,0.107000,0.951099
SP_T_Jongkok_2,openpose,80,2.664950,ok,1,direct,0.778148,13,left_knee,1,1,2.000000,668.790000,544.590000,2.000000,668.528000,547.103000,2.526621,48.030199,1,0.087000,0.992715
SP_T_Jongkok_2,openpose,80,2.664950,ok,1,direct,0.778148,14,right_knee,1,1,2.000000,604.830000,540.830000,2.000000,607.796000,547.053000,6.893684,48.030199,1,0.087000,0.947022
SP_T_Jongkok_2,openpose,80,2.664950,ok,1,direct,0.778148,15,left_ankle,1,1,2.000000,706.460000,645.580000,2.000000,699.924000,645.008000,6.560982,48.030199,1,0.089000,0.953978
SP_T_Jongkok_2,openpose,80,2.664950,ok,1,direct,0.778148,16,right_ankle,1,1,2.000000,654.200000,643.820000,2.000000,650.929000,639.205000,5.656648,48.030199,1,0.089000,0.965584
SP_T_Jongkok_2,openpose,81,2.698262,ok,1,direct,0.780850,0,nose,0,0,0.000000,0.000000,0.000000,2.000000,652.852000,282.643000,,,,0.026000,
SP_T_Jongkok_2,openpose,81,2.698262,ok,1,direct,0.780850,1,left_eye,0,0,0.000000,0.000000,0.000000,2.000000,662.722000,274.723000,,,,0.025000,
SP_T_Jongkok_2,openpose,81,2.698262,ok,1,direct,0.780850,2,right_eye,0,0,0.000000,0.000000,0.000000,2.000000,648.916000,274.830000,,,,0.025000,
SP_T_Jongkok_2,openpose,81,2.698262,ok,1,direct,0.780850,3,left_ear,0,0,0.000000,0.000000,0.000000,2.000000,686.251000,280.649000,,,,0.035000,
SP_T_Jongkok_2,openpose,81,2.698262,ok,1,direct,0.780850,4,right_ear,0,0,0.000000,0.000000,0.000000,0.000000,0.000000,0.000000,,,,0.035000,
SP_T_Jongkok_2,openpose,81,2.698262,ok,1,direct,0.780850,5,left_shoulder,1,1,2.000000,711.250000,332.160000,2.000000,701.927000,331.625000,9.338338,48.436936,1,0.079000,0.887707
SP_T_Jongkok_2,openpose,81,2.698262,ok,1,direct,0.780850,6,right_shoulder,1,1,2.000000,648.340000,337.610000,2.000000,639.159000,335.499000,9.420567,48.436936,1,0.079000,0.885838
SP_T_Jongkok_2,openpose,81,2.698262,ok,1,direct,0.780850,7,left_elbow,1,1,2.000000,668.710000,354.020000,2.000000,645.093000,353.169000,23.632327,48.436936,1,0.072000,0.399163
SP_T_Jongkok_2,openpose,81,2.698262,ok,1,direct,0.780850,8,right_elbow,1,1,2.000000,593.590000,360.050000,2.000000,576.517000,357.071000,17.330948,48.436936,1,0.072000,0.610230
SP_T_Jongkok_2,openpose,81,2.698262,ok,1,direct,0.780850,9,left_wrist,1,1,2.000000,620.100000,363.080000,2.000000,592.159000,366.888000,28.199297,48.436936,1,0.062000,0.171448
SP_T_Jongkok_2,openpose,81,2.698262,ok,1,direct,0.780850,10,right_wrist,1,1,2.000000,534.590000,369.630000,2.000000,527.464000,368.771000,7.177587,48.436936,1,0.062000,0.892036
SP_T_Jongkok_2,openpose,81,2.698262,ok,1,direct,0.780850,11,left_hip,1,1,2.000000,721.730000,459.720000,2.000000,715.564000,466.733000,9.338186,48.436936,1,0.107000,0.937135
SP_T_Jongkok_2,openpose,81,2.698262,ok,1,direct,0.780850,12,right_hip,1,1,2.000000,669.980000,461.990000,2.000000,662.640000,468.698000,9.943483,48.436936,1,0.107000,0.929026
SP_T_Jongkok_2,openpose,81,2.698262,ok,1,direct,0.780850,13,left_knee,1,1,2.000000,670.570000,542.550000,2.000000,670.485000,545.108000,2.559412,48.436936,1,0.087000,0.992649
SP_T_Jongkok_2,openpose,81,2.698262,ok,1,direct,0.780850,14,right_knee,1,1,2.000000,607.760000,539.300000,2.000000,609.746000,545.139000,6.167505,48.436936,1,0.087000,0.958064
SP_T_Jongkok_2,openpose,81,2.698262,ok,1,direct,0.780850,15,left_ankle,1,1,2.000000,706.460000,645.580000,2.000000,701.875000,645.066000,4.613721,48.436936,1,0.089000,0.977352
SP_T_Jongkok_2,openpose,81,2.698262,ok,1,direct,0.780850,16,right_ankle,1,1,2.000000,654.200000,643.820000,2.000000,652.838000,639.141000,4.873201,48.436936,1,0.089000,0.974766
SP_T_Jongkok_2,openpose,82,2.731574,ok,1,direct,0.809726,0,nose,0,0,0.000000,0.000000,0.000000,2.000000,652.840000,274.727000,,,,0.026000,
SP_T_Jongkok_2,openpose,82,2.731574,ok,1,direct,0.809726,1,left_eye,0,0,0.000000,0.000000,0.000000,2.000000,662.716000,265.001000,,,,0.025000,
SP_T_Jongkok_2,openpose,82,2.731574,ok,1,direct,0.809726,2,right_eye,0,0,0.000000,0.000000,0.000000,2.000000,647.017000,266.967000,,,,0.025000,
SP_T_Jongkok_2,openpose,82,2.731574,ok,1,direct,0.809726,3,left_ear,0,0,0.000000,0.000000,0.000000,2.000000,686.192000,272.828000,,,,0.035000,
SP_T_Jongkok_2,openpose,82,2.731574,ok,1,direct,0.809726,4,right_ear,0,0,0.000000,0.000000,0.000000,0.000000,0.000000,0.000000,,,,0.035000,
SP_T_Jongkok_2,openpose,82,2.731574,ok,1,direct,0.809726,5,left_shoulder,1,1,2.000000,710.490000,324.640000,2.000000,699.974000,323.753000,10.553342,48.830890,1,0.079000,0.860983
SP_T_Jongkok_2,openpose,82,2.731574,ok,1,direct,0.809726,6,right_shoulder,1,1,2.000000,647.070000,331.230000,2.000000,637.283000,329.597000,9.922301,48.830890,1,0.079000,0.876064
SP_T_Jongkok_2,openpose,82,2.731574,ok,1,direct,0.809726,7,left_elbow,1,1,2.000000,670.110000,350.450000,2.000000,647.012000,353.089000,23.248267,48.830890,1,0.072000,0.417073
SP_T_Jongkok_2,openpose,82,2.731574,ok,1,direct,0.809726,8,right_elbow,1,1,2.000000,592.820000,356.730000,2.000000,580.390000,353.100000,12.949201,48.830890,1,0.072000,0.762382
SP_T_Jongkok_2,openpose,82,2.731574,ok,1,direct,0.809726,9,left_wrist,1,1,2.000000,623.550000,364.100000,2.000000,603.914000,366.806000,19.821577,48.830890,1,0.062000,0.424305
SP_T_Jongkok_2,openpose,82,2.731574,ok,1,direct,0.809726,10,right_wrist,1,1,2.000000,534.590000,370.650000,2.000000,533.345000,366.866000,3.983551,48.830890,1,0.062000,0.965967
SP_T_Jongkok_2,openpose,82,2.731574,ok,1,direct,0.809726,11,left_hip,1,1,2.000000,720.330000,453.860000,2.000000,713.620000,460.890000,9.718282,48.830890,1,0.107000,0.933148
SP_T_Jongkok_2,openpose,82,2.731574,ok,1,direct,0.809726,12,right_hip,1,1,2.000000,668.960000,456.380000,2.000000,660.758000,462.888000,10.470285,48.830890,1,0.107000,0.922827
SP_T_Jongkok_2,openpose,82,2.731574,ok,1,direct,0.809726,13,left_knee,1,1,2.000000,672.360000,540.510000,2.000000,672.531000,543.126000,2.621583,48.830890,1,0.087000,0.992413
SP_T_Jongkok_2,openpose,82,2.731574,ok,1,direct,0.809726,14,right_knee,1,1,2.000000,610.690000,537.770000,2.000000,611.728000,541.221000,3.603727,48.830890,1,0.087000,0.985712
SP_T_Jongkok_2,openpose,82,2.731574,ok,1,direct,0.809726,15,left_ankle,1,1,2.000000,706.460000,645.580000,2.000000,701.880000,645.049000,4.610679,48.830890,1,0.089000,0.977741
SP_T_Jongkok_2,openpose,82,2.731574,ok,1,direct,0.809726,16,right_ankle,1,1,2.000000,654.200000,643.820000,2.000000,650.937000,637.263000,7.324030,48.830890,1,0.089000,0.944781
SP_T_Jongkok_2,openpose,83,2.764886,ok,1,direct,0.824205,0,nose,0,0,0.000000,0.000000,0.000000,2.000000,652.849000,268.900000,,,,0.026000,
SP_T_Jongkok_2,openpose,83,2.764886,ok,1,direct,0.824205,1,left_eye,0,0,0.000000,0.000000,0.000000,2.000000,662.733000,259.103000,,,,0.025000,
SP_T_Jongkok_2,openpose,83,2.764886,ok,1,direct,0.824205,2,right_eye,0,0,0.000000,0.000000,0.000000,2.000000,647.036000,261.062000,,,,0.025000,
SP_T_Jongkok_2,openpose,83,2.764886,ok,1,direct,0.824205,3,left_ear,0,0,0.000000,0.000000,0.000000,2.000000,686.216000,266.895000,,,,0.035000,
SP_T_Jongkok_2,openpose,83,2.764886,ok,1,direct,0.824205,4,right_ear,0,0,0.000000,0.000000,0.000000,0.000000,0.000000,0.000000,,,,0.035000,
SP_T_Jongkok_2,openpose,83,2.764886,ok,1,direct,0.824205,5,left_shoulder,1,1,2.000000,709.720000,317.110000,2.000000,699.945000,317.933000,9.809585,49.212549,1,0.079000,0.880444
SP_T_Jongkok_2,openpose,83,2.764886,ok,1,direct,0.824205,6,right_shoulder,1,1,2.000000,645.790000,324.860000,2.000000,637.279000,321.831000,9.033934,49.212549,1,0.079000,0.897638
SP_T_Jongkok_2,openpose,83,2.764886,ok,1,direct,0.824205,7,left_elbow,1,1,2.000000,671.510000,346.880000,2.000000,649.034000,351.221000,22.891371,49.212549,1,0.072000,0.433983
SP_T_Jongkok_2,openpose,83,2.764886,ok,1,direct,0.824205,8,right_elbow,1,1,2.000000,592.060000,353.420000,2.000000,584.324000,349.282000,8.773183,49.212549,1,0.072000,0.884608
SP_T_Jongkok_2,openpose,83,2.764886,ok,1,direct,0.824205,9,left_wrist,1,1,2.000000,626.990000,365.120000,2.000000,605.915000,368.829000,21.398886,49.212549,1,0.062000,0.373913
SP_T_Jongkok_2,openpose,83,2.764886,ok,1,direct,0.824205,10,right_wrist,1,1,2.000000,534.590000,371.670000,2.000000,533.417000,366.874000,4.937362,49.212549,1,0.062000,0.948977
SP_T_Jongkok_2,openpose,83,2.764886,ok,1,direct,0.824205,11,left_hip,1,1,2.000000,718.920000,447.990000,2.000000,713.636000,451.113000,6.137897,49.212549,1,0.107000,0.973192
SP_T_Jongkok_2,openpose,83,2.764886,ok,1,direct,0.824205,12,right_hip,1,1,2.000000,667.940000,450.760000,2.000000,662.676000,453.109000,5.764330,49.212549,1,0.107000,0.976318
SP_T_Jongkok_2,openpose,83,2.764886,ok,1,direct,0.824205,13,left_knee,1,1,2.000000,674.140000,538.470000,2.000000,676.430000,541.187000,3.553335,49.212549,1,0.087000,0.986319
SP_T_Jongkok_2,openpose,83,2.764886,ok,1,direct,0.824205,14,right_knee,1,1,2.000000,613.630000,536.240000,2.000000,615.689000,541.183000,5.354692,49.212549,1,0.087000,0.969201
SP_T_Jongkok_2,openpose,83,2.764886,ok,1,direct,0.824205,15,left_ankle,1,1,2.000000,706.460000,645.580000,2.000000,703.878000,645.023000,2.641396,49.212549,1,0.089000,0.992753
SP_T_Jongkok_2,openpose,83,2.764886,ok,1,direct,0.824205,16,right_ankle,1,1,2.000000,654.200000,643.820000,2.000000,650.898000,641.106000,4.274225,49.212549,1,0.089000,0.981134
SP_T_Jongkok_2,openpose,84,2.798198,ok,1,direct,0.824581,0,nose,0,0,0.000000,0.000000,0.000000,2.000000,652.828000,259.149000,,,,0.026000,
SP_T_Jongkok_2,openpose,84,2.798198,ok,1,direct,0.824581,1,left_eye,0,0,0.000000,0.000000,0.000000,2.000000,662.725000,253.162000,,,,0.025000,
SP_T_Jongkok_2,openpose,84,2.798198,ok,1,direct,0.824581,2,right_eye,0,0,0.000000,0.000000,0.000000,2.000000,647.021000,253.244000,,,,0.025000,
SP_T_Jongkok_2,openpose,84,2.798198,ok,1,direct,0.824581,3,left_ear,0,0,0.000000,0.000000,0.000000,2.000000,686.172000,259.070000,,,,0.035000,
SP_T_Jongkok_2,openpose,84,2.798198,ok,1,direct,0.824581,4,right_ear,0,0,0.000000,0.000000,0.000000,0.000000,0.000000,0.000000,,,,0.035000,
SP_T_Jongkok_2,openpose,84,2.798198,ok,1,direct,0.824581,5,left_shoulder,1,1,2.000000,708.960000,309.590000,2.000000,698.023000,308.056000,11.044054,49.583324,1,0.079000,0.853007
SP_T_Jongkok_2,openpose,84,2.798198,ok,1,direct,0.824581,6,right_shoulder,1,1,2.000000,644.520000,318.480000,2.000000,635.234000,317.923000,9.302690,49.583324,1,0.079000,0.893326
SP_T_Jongkok_2,openpose,84,2.798198,ok,1,direct,0.824581,7,left_elbow,1,1,2.000000,672.920000,343.310000,2.000000,654.802000,349.172000,19.042714,49.583324,1,0.072000,0.566062
SP_T_Jongkok_2,openpose,84,2.798198,ok,1,direct,0.824581,8,right_elbow,1,1,2.000000,591.290000,350.100000,2.000000,588.186000,347.294000,4.184310,49.583324,1,0.072000,0.972899
SP_T_Jongkok_2,openpose,84,2.798198,ok,1,direct,0.824581,9,left_wrist,1,1,2.000000,630.430000,366.140000,2.000000,619.549000,366.885000,10.906474,49.583324,1,0.062000,0.777451
SP_T_Jongkok_2,openpose,84,2.798198,ok,1,direct,0.824581,10,right_wrist,1,1,2.000000,534.590000,372.690000,2.000000,537.267000,366.915000,6.365293,49.583324,1,0.062000,0.917828
SP_T_Jongkok_2,openpose,84,2.798198,ok,1,direct,0.824581,11,left_hip,1,1,2.000000,717.520000,442.120000,2.000000,713.612000,445.275000,5.022598,49.583324,1,0.107000,0.982235
SP_T_Jongkok_2,openpose,84,2.798198,ok,1,direct,0.824581,12,right_hip,1,1,2.000000,666.910000,445.150000,2.000000,660.696000,451.097000,8.601198,49.583324,1,0.107000,0.948791
SP_T_Jongkok_2,openpose,84,2.798198,ok,1,direct,0.824581,13,left_knee,1,1,2.000000,675.930000,536.430000,2.000000,680.295000,539.310000,5.229496,49.583324,1,0.087000,0.971035
SP_T_Jongkok_2,openpose,84,2.798198,ok,1,direct,0.824581,14,right_knee,1,1,2.000000,616.560000,534.710000,2.000000,617.627000,541.194000,6.571206,49.583324,1,0.087000,0.954651
SP_T_Jongkok_2,openpose,84,2.798198,ok,1,direct,0.824581,15,left_ankle,1,1,2.000000,706.460000,645.580000,2.000000,703.849000,645.066000,2.661112,49.583324,1,0.089000,0.992754
SP_T_Jongkok_2,openpose,84,2.798198,ok,1,direct,0.824581,16,right_ankle,1,1,2.000000,654.200000,643.820000,2.000000,650.958000,639.170000,5.668603,49.583324,1,0.089000,0.967537
SP_T_Jongkok_2,openpose,85,2.831510,ok,1,direct,0.825387,0,nose,0,0,0.000000,0.000000,0.000000,2.000000,652.858000,255.163000,,,,0.026000,
SP_T_Jongkok_2,openpose,85,2.831510,ok,1,direct,0.825387,1,left_eye,0,0,0.000000,0.000000,0.000000,2.000000,662.727000,245.346000,,,,0.025000,
SP_T_Jongkok_2,openpose,85,2.831510,ok,1,direct,0.825387,2,right_eye,0,0,0.000000,0.000000,0.000000,2.000000,647.035000,245.468000,,,,0.025000,
SP_T_Jongkok_2,openpose,85,2.831510,ok,1,direct,0.825387,3,left_ear,0,0,0.000000,0.000000,0.000000,2.000000,684.241000,253.175000,,,,0.035000,
SP_T_Jongkok_2,openpose,85,2.831510,ok,1,direct,0.825387,4,right_ear,0,0,0.000000,0.000000,0.000000,0.000000,0.000000,0.000000,,,,0.035000,
SP_T_Jongkok_2,openpose,85,2.831510,ok,1,direct,0.825387,5,left_shoulder,1,1,2.000000,708.190000,302.060000,2.000000,697.988000,302.147000,10.202371,49.943642,1,0.079000,0.874829
SP_T_Jongkok_2,openpose,85,2.831510,ok,1,direct,0.825387,6,right_shoulder,1,1,2.000000,643.240000,312.100000,2.000000,635.243000,310.098000,8.243786,49.943642,1,0.079000,0.916392
SP_T_Jongkok_2,openpose,85,2.831510,ok,1,direct,0.825387,7,left_elbow,1,1,2.000000,674.320000,339.730000,2.000000,668.581000,339.489000,5.744058,49.943642,1,0.072000,0.950248
SP_T_Jongkok_2,openpose,85,2.831510,ok,1,direct,0.825387,8,right_elbow,1,1,2.000000,590.530000,346.790000,2.000000,586.234000,347.263000,4.321961,49.943642,1,0.072000,0.971522
SP_T_Jongkok_2,openpose,85,2.831510,ok,1,direct,0.825387,9,left_wrist,1,1,2.000000,633.880000,367.160000,2.000000,631.297000,366.844000,2.602258,49.943642,1,0.062000,0.985974
SP_T_Jongkok_2,openpose,85,2.831510,ok,1,direct,0.825387,10,right_wrist,1,1,2.000000,534.590000,373.710000,2.000000,533.430000,372.692000,1.543348,49.943642,1,0.062000,0.995044
SP_T_Jongkok_2,openpose,85,2.831510,ok,1,direct,0.825387,11,left_hip,1,1,2.000000,716.120000,436.250000,2.000000,711.721000,441.311000,6.705589,49.943642,1,0.107000,0.969000
SP_T_Jongkok_2,openpose,85,2.831510,ok,1,direct,0.825387,12,right_hip,1,1,2.000000,665.890000,439.540000,2.000000,660.680000,445.255000,7.733390,49.943642,1,0.107000,0.958982
SP_T_Jongkok_2,openpose,85,2.831510,ok,1,direct,0.825387,13,left_knee,1,1,2.000000,677.710000,534.390000,2.000000,682.269000,539.244000,6.659264,49.943642,1,0.087000,0.954110
SP_T_Jongkok_2,openpose,85,2.831510,ok,1,direct,0.825387,14,right_knee,1,1,2.000000,619.500000,533.180000,2.000000,619.562000,539.300000,6.120314,49.943642,1,0.087000,0.961096
SP_T_Jongkok_2,openpose,85,2.831510,ok,1,direct,0.825387,15,left_ankle,1,1,2.000000,706.460000,645.580000,2.000000,703.868000,643.095000,3.590778,49.943642,1,0.089000,0.987033
SP_T_Jongkok_2,openpose,85,2.831510,ok,1,direct,0.825387,16,right_ankle,1,1,2.000000,654.200000,643.820000,2.000000,650.960000,639.130000,5.700325,49.943642,1,0.089000,0.967643
SP_T_Jongkok_2,openpose,86,2.864821,ok,1,direct,0.821470,0,nose,0,0,0.000000,0.000000,0.000000,2.000000,651.007000,245.446000,,,,0.026000,
SP_T_Jongkok_2,openpose,86,2.864821,ok,1,direct,0.821470,1,left_eye,0,0,0.000000,0.000000,0.000000,2.000000,662.669000,239.492000,,,,0.025000,
SP_T_Jongkok_2,openpose,86,2.864821,ok,1,direct,0.821470,2,right_eye,0,0,0.000000,0.000000,0.000000,2.000000,647.003000,241.387000,,,,0.025000,
SP_T_Jongkok_2,openpose,86,2.864821,ok,1,direct,0.821470,3,left_ear,0,0,0.000000,0.000000,0.000000,2.000000,684.244000,245.361000,,,,0.035000,
SP_T_Jongkok_2,openpose,86,2.864821,ok,1,direct,0.821470,4,right_ear,0,0,0.000000,0.000000,0.000000,0.000000,0.000000,0.000000,,,,0.035000,
SP_T_Jongkok_2,openpose,86,2.864821,ok,1,direct,0.821470,5,left_shoulder,1,1,2.000000,708.040000,297.930000,2.000000,697.960000,296.281000,10.213990,49.687737,1,0.079000,0.873353
SP_T_Jongkok_2,openpose,86,2.864821,ok,1,direct,0.821470,6,right_shoulder,1,1,2.000000,640.880000,306.790000,2.000000,635.217000,306.107000,5.704039,49.687737,1,0.079000,0.958647
SP_T_Jongkok_2,openpose,86,2.864821,ok,1,direct,0.821470,7,left_elbow,1,1,2.000000,677.270000,339.590000,2.000000,674.394000,339.379000,2.883730,49.687737,1,0.072000,0.987089
SP_T_Jongkok_2,openpose,86,2.864821,ok,1,direct,0.821470,8,right_elbow,1,1,2.000000,591.120000,345.900000,2.000000,586.301000,345.278000,4.858976,49.687737,1,0.072000,0.963778
SP_T_Jongkok_2,openpose,86,2.864821,ok,1,direct,0.821470,9,left_wrist,1,1,2.000000,639.780000,371.440000,2.000000,635.305000,368.758000,5.217159,49.687737,1,0.062000,0.944253
SP_T_Jongkok_2,openpose,86,2.864821,ok,1,direct,0.821470,10,right_wrist,1,1,2.000000,536.810000,376.960000,2.000000,537.326000,374.650000,2.366930,49.687737,1,0.062000,0.988263
SP_T_Jongkok_2,openpose,86,2.864821,ok,1,direct,0.821470,11,left_hip,1,1,2.000000,714.350000,431.240000,2.000000,711.686000,435.414000,4.951684,49.687737,1,0.107000,0.982801
SP_T_Jongkok_2,openpose,86,2.864821,ok,1,direct,0.821470,12,right_hip,1,1,2.000000,664.120000,434.520000,2.000000,656.854000,443.232000,11.344325,49.687737,1,0.107000,0.912964
SP_T_Jongkok_2,openpose,86,2.864821,ok,1,direct,0.821470,13,left_knee,1,1,2.000000,680.520000,533.210000,2.000000,684.296000,539.219000,7.096919,49.687737,1,0.087000,0.947522
SP_T_Jongkok_2,openpose,86,2.864821,ok,1,direct,0.821470,14,right_knee,1,1,2.000000,623.040000,532.730000,2.000000,621.492000,539.284000,6.734331,49.687737,1,0.087000,0.952621
SP_T_Jongkok_2,openpose,86,2.864821,ok,1,direct,0.821470,15,left_ankle,1,1,2.000000,706.460000,645.580000,2.000000,705.730000,643.088000,2.596722,49.687737,1,0.089000,0.993128
SP_T_Jongkok_2,openpose,86,2.864821,ok,1,direct,0.821470,16,right_ankle,1,1,2.000000,654.200000,643.820000,2.000000,650.966000,639.130000,5.696916,49.687737,1,0.089000,0.967353
SP_T_Jongkok_2,openpose,87,2.898133,ok,1,direct,0.794167,0,nose,0,0,0.000000,0.000000,0.000000,2.000000,652.828000,241.442000,,,,0.026000,
SP_T_Jongkok_2,openpose,87,2.898133,ok,1,direct,0.794167,1,left_eye,0,0,0.000000,0.000000,0.000000,2.000000,662.672000,229.794000,,,,0.025000,
SP_T_Jongkok_2,openpose,87,2.898133,ok,1,direct,0.794167,2,right_eye,0,0,0.000000,0.000000,0.000000,2.000000,645.102000,233.633000,,,,0.025000,
SP_T_Jongkok_2,openpose,87,2.898133,ok,1,direct,0.794167,3,left_ear,0,0,0.000000,0.000000,0.000000,2.000000,682.323000,239.440000,,,,0.035000,
SP_T_Jongkok_2,openpose,87,2.898133,ok,1,direct,0.794167,4,right_ear,0,0,0.000000,0.000000,0.000000,2.000000,637.210000,245.399000,,,,0.035000,
SP_T_Jongkok_2,openpose,87,2.898133,ok,1,direct,0.794167,5,left_shoulder,1,1,2.000000,707.900000,293.800000,2.000000,697.928000,290.472000,10.512677,49.418594,1,0.079000,0.865007
SP_T_Jongkok_2,openpose,87,2.898133,ok,1,direct,0.794167,6,right_shoulder,1,1,2.000000,638.520000,301.480000,2.000000,631.377000,302.243000,7.183635,49.418594,1,0.079000,0.934527
SP_T_Jongkok_2,openpose,87,2.898133,ok,1,direct,0.794167,7,left_elbow,1,1,2.000000,680.220000,339.440000,2.000000,672.515000,343.337000,8.634445,49.418594,1,0.072000,0.888896
SP_T_Jongkok_2,openpose,87,2.898133,ok,1,direct,0.794167,8,right_elbow,1,1,2.000000,591.710000,345.010000,2.000000,586.311000,343.367000,5.643461,49.418594,1,0.072000,0.950932
SP_T_Jongkok_2,openpose,87,2.898133,ok,1,direct,0.794167,9,left_wrist,1,1,2.000000,645.680000,375.720000,2.000000,641.093000,378.641000,5.438089,49.418594,1,0.062000,0.938941
SP_T_Jongkok_2,openpose,87,2.898133,ok,1,direct,0.794167,10,right_wrist,1,1,2.000000,539.020000,380.210000,2.000000,541.155000,374.731000,5.880278,49.418594,1,0.062000,0.928983
SP_T_Jongkok_2,openpose,87,2.898133,ok,1,direct,0.794167,11,left_hip,1,1,2.000000,712.580000,426.220000,2.000000,709.733000,433.473000,7.791753,49.418594,1,0.107000,0.957503
SP_T_Jongkok_2,openpose,87,2.898133,ok,1,direct,0.794167,12,right_hip,1,1,2.000000,662.350000,429.510000,2.000000,654.906000,439.316000,12.311408,49.418594,1,0.107000,0.897253
SP_T_Jongkok_2,openpose,87,2.898133,ok,1,direct,0.794167,13,left_knee,1,1,2.000000,683.320000,532.030000,2.000000,690.063000,539.278000,9.899573,49.418594,1,0.087000,0.899394
SP_T_Jongkok_2,openpose,87,2.898133,ok,1,direct,0.794167,14,right_knee,1,1,2.000000,626.580000,532.290000,2.000000,625.428000,539.291000,7.095147,49.418594,1,0.087000,0.946990
SP_T_Jongkok_2,openpose,87,2.898133,ok,1,direct,0.794167,15,left_ankle,1,1,2.000000,706.460000,645.580000,2.000000,705.754000,641.190000,4.446407,49.418594,1,0.089000,0.979767
SP_T_Jongkok_2,openpose,87,2.898133,ok,1,direct,0.794167,16,right_ankle,1,1,2.000000,654.200000,643.820000,2.000000,650.942000,637.285000,7.302109,49.418594,1,0.089000,0.946365
SP_T_Jongkok_2,openpose,88,2.931445,ok,1,direct,0.827197,0,nose,0,0,0.000000,0.000000,0.000000,2.000000,650.943000,235.602000,,,,0.026000,
SP_T_Jongkok_2,openpose,88,2.931445,ok,1,direct,0.827197,1,left_eye,0,0,0.000000,0.000000,0.000000,2.000000,662.633000,225.877000,,,,0.025000,
SP_T_Jongkok_2,openpose,88,2.931445,ok,1,direct,0.827197,2,right_eye,0,0,0.000000,0.000000,0.000000,2.000000,645.080000,227.759000,,,,0.025000,
SP_T_Jongkok_2,openpose,88,2.931445,ok,1,direct,0.827197,3,left_ear,0,0,0.000000,0.000000,0.000000,2.000000,684.182000,233.618000,,,,0.035000,
SP_T_Jongkok_2,openpose,88,2.931445,ok,1,direct,0.827197,4,right_ear,0,0,0.000000,0.000000,0.000000,0.000000,0.000000,0.000000,,,,0.035000,
SP_T_Jongkok_2,openpose,88,2.931445,ok,1,direct,0.827197,5,left_shoulder,1,1,2.000000,707.750000,289.670000,2.000000,696.039000,286.489000,12.135332,49.133149,1,0.079000,0.822430
SP_T_Jongkok_2,openpose,88,2.931445,ok,1,direct,0.827197,6,right_shoulder,1,1,2.000000,636.160000,296.160000,2.000000,633.231000,296.295000,2.932109,49.133149,1,0.079000,0.988652
SP_T_Jongkok_2,openpose,88,2.931445,ok,1,direct,0.827197,7,left_elbow,1,1,2.000000,683.170000,339.290000,2.000000,680.272000,339.418000,2.900825,49.133149,1,0.072000,0.986642
SP_T_Jongkok_2,openpose,88,2.931445,ok,1,direct,0.827197,8,right_elbow,1,1,2.000000,592.300000,344.130000,2.000000,586.287000,341.415000,6.597529,49.133149,1,0.072000,0.932801
SP_T_Jongkok_2,openpose,88,2.931445,ok,1,direct,0.827197,9,left_wrist,1,1,2.000000,651.590000,380.000000,2.000000,648.979000,382.465000,3.590758,49.133149,1,0.062000,0.972594
SP_T_Jongkok_2,openpose,88,2.931445,ok,1,direct,0.827197,10,right_wrist,1,1,2.000000,541.230000,383.450000,2.000000,541.155000,378.649000,4.801586,49.133149,1,0.062000,0.951525
SP_T_Jongkok_2,openpose,88,2.931445,ok,1,direct,0.827197,11,left_hip,1,1,2.000000,710.800000,421.200000,2.000000,709.751000,429.582000,8.447386,49.133149,1,0.107000,0.949674
SP_T_Jongkok_2,openpose,88,2.931445,ok,1,direct,0.827197,12,right_hip,1,1,2.000000,660.580000,424.490000,2.000000,654.795000,433.434000,10.651824,49.133149,1,0.107000,0.921177
SP_T_Jongkok_2,openpose,88,2.931445,ok,1,direct,0.827197,13,left_knee,1,1,2.000000,686.120000,530.850000,2.000000,692.006000,537.237000,8.685549,49.133149,1,0.087000,0.920744
SP_T_Jongkok_2,openpose,88,2.931445,ok,1,direct,0.827197,14,right_knee,1,1,2.000000,630.120000,531.850000,2.000000,629.397000,539.268000,7.453151,49.133149,1,0.087000,0.941009
SP_T_Jongkok_2,openpose,88,2.931445,ok,1,direct,0.827197,15,left_ankle,1,1,2.000000,706.460000,645.580000,2.000000,705.747000,641.181000,4.456408,49.133149,1,0.089000,0.979443
SP_T_Jongkok_2,openpose,88,2.931445,ok,1,direct,0.827197,16,right_ankle,1,1,2.000000,654.200000,643.820000,2.000000,650.936000,637.224000,7.359410,49.133149,1,0.089000,0.944926
SP_T_Jongkok_2,openpose,89,2.964757,ok,1,direct,0.835535,0,nose,0,0,0.000000,0.000000,0.000000,2.000000,650.896000,229.743000,,,,0.026000,
SP_T_Jongkok_2,openpose,89,2.964757,ok,1,direct,0.835535,1,left_eye,0,0,0.000000,0.000000,0.000000,2.000000,660.737000,223.828000,,,,0.025000,
SP_T_Jongkok_2,openpose,89,2.964757,ok,1,direct,0.835535,2,right_eye,0,0,0.000000,0.000000,0.000000,2.000000,645.056000,223.873000,,,,0.025000,
SP_T_Jongkok_2,openpose,89,2.964757,ok,1,direct,0.835535,3,left_ear,0,0,0.000000,0.000000,0.000000,2.000000,682.250000,229.719000,,,,0.035000,
SP_T_Jongkok_2,openpose,89,2.964757,ok,1,direct,0.835535,4,right_ear,0,0,0.000000,0.000000,0.000000,0.000000,0.000000,0.000000,,,,0.035000,
SP_T_Jongkok_2,openpose,89,2.964757,ok,1,direct,0.835535,5,left_shoulder,1,1,2.000000,707.600000,285.530000,2.000000,695.969000,280.695000,12.595927,48.833218,1,0.079000,0.807987
SP_T_Jongkok_2,openpose,89,2.964757,ok,1,direct,0.835535,6,right_shoulder,1,1,2.000000,633.800000,290.850000,2.000000,631.326000,290.495000,2.499340,48.833218,1,0.079000,0.991641
SP_T_Jongkok_2,openpose,89,2.964757,ok,1,direct,0.835535,7,left_elbow,1,1,2.000000,686.120000,339.140000,2.000000,686.171000,337.474000,1.666780,48.833218,1,0.072000,0.995515
SP_T_Jongkok_2,openpose,89,2.964757,ok,1,direct,0.835535,8,right_elbow,1,1,2.000000,592.890000,343.240000,2.000000,588.214000,341.364000,5.038289,48.833218,1,0.072000,0.959764
SP_T_Jongkok_2,openpose,89,2.964757,ok,1,direct,0.835535,9,left_wrist,1,1,2.000000,657.490000,384.280000,2.000000,660.782000,382.570000,3.709631,48.833218,1,0.062000,0.970422
SP_T_Jongkok_2,openpose,89,2.964757,ok,1,direct,0.835535,10,right_wrist,1,1,2.000000,543.450000,386.700000,2.000000,543.181000,380.623000,6.082951,48.833218,1,0.062000,0.922441
SP_T_Jongkok_2,openpose,89,2.964757,ok,1,direct,0.835535,11,left_hip,1,1,2.000000,709.030000,416.190000,2.000000,707.784000,427.556000,11.434093,48.833218,1,0.107000,0.908672
SP_T_Jongkok_2,openpose,89,2.964757,ok,1,direct,0.835535,12,right_hip,1,1,2.000000,658.810000,419.470000,2.000000,650.919000,429.520000,12.777730,48.833218,1,0.107000,0.887273
SP_T_Jongkok_2,openpose,89,2.964757,ok,1,direct,0.835535,13,left_knee,1,1,2.000000,688.930000,529.670000,2.000000,694.029000,537.346000,9.215247,48.833218,1,0.087000,0.910195
SP_T_Jongkok_2,openpose,89,2.964757,ok,1,direct,0.835535,14,right_knee,1,1,2.000000,633.660000,531.410000,2.000000,635.213000,537.313000,6.103869,48.833218,1,0.087000,0.959558
SP_T_Jongkok_2,openpose,89,2.964757,ok,1,direct,0.835535,15,left_ankle,1,1,2.000000,706.460000,645.580000,2.000000,705.777000,641.128000,4.504086,48.833218,1,0.089000,0.978749
SP_T_Jongkok_2,openpose,89,2.964757,ok,1,direct,0.835535,16,right_ankle,1,1,2.000000,654.200000,643.820000,2.000000,650.864000,637.194000,7.418408,48.833218,1,0.089000,0.943396
SP_T_Jongkok_2,openpose,90,2.998069,ok,1,direct,0.799730,0,nose,0,0,0.000000,0.000000,0.000000,2.000000,650.901000,225.848000,,,,0.026000,
SP_T_Jongkok_2,openpose,90,2.998069,ok,1,direct,0.799730,1,left_eye,0,0,0.000000,0.000000,0.000000,2.000000,662.616000,217.927000,,,,0.025000,
SP_T_Jongkok_2,openpose,90,2.998069,ok,1,direct,0.799730,2,right_eye,0,0,0.000000,0.000000,0.000000,2.000000,644.992000,218.020000,,,,0.025000,
SP_T_Jongkok_2,openpose,90,2.998069,ok,1,direct,0.799730,3,left_ear,0,0,0.000000,0.000000,0.000000,2.000000,682.224000,225.757000,,,,0.035000,
SP_T_Jongkok_2,openpose,90,2.998069,ok,1,direct,0.799730,4,right_ear,0,0,0.000000,0.000000,0.000000,2.000000,633.349000,233.572000,,,,0.035000,
SP_T_Jongkok_2,openpose,90,2.998069,ok,1,direct,0.799730,5,left_shoulder,1,1,2.000000,707.450000,281.400000,2.000000,695.957000,276.768000,12.391306,48.547166,1,0.079000,0.811576
SP_T_Jongkok_2,openpose,90,2.998069,ok,1,direct,0.799730,6,right_shoulder,1,1,2.000000,631.440000,285.540000,2.000000,629.405000,288.467000,3.564906,48.547166,1,0.079000,0.982868
SP_T_Jongkok_2,openpose,90,2.998069,ok,1,direct,0.799730,7,left_elbow,1,1,2.000000,689.070000,339.000000,2.000000,692.054000,335.460000,4.629887,48.547166,1,0.072000,0.965519
SP_T_Jongkok_2,openpose,90,2.998069,ok,1,direct,0.799730,8,right_elbow,1,1,2.000000,593.480000,342.360000,2.000000,590.153000,339.485000,4.397107,48.547166,1,0.072000,0.968846
SP_T_Jongkok_2,openpose,90,2.998069,ok,1,direct,0.799730,9,left_wrist,1,1,2.000000,663.390000,388.560000,2.000000,666.577000,386.399000,3.850570,48.547166,1,0.062000,0.967798
SP_T_Jongkok_2,openpose,90,2.998069,ok,1,direct,0.799730,10,right_wrist,1,1,2.000000,545.660000,389.950000,2.000000,545.172000,384.473000,5.498697,48.547166,1,0.062000,0.935431
SP_T_Jongkok_2,openpose,90,2.998069,ok,1,direct,0.799730,11,left_hip,1,1,2.000000,707.260000,411.170000,2.000000,707.687000,425.593000,14.429319,48.547166,1,0.107000,0.856996
SP_T_Jongkok_2,openpose,90,2.998069,ok,1,direct,0.799730,12,right_hip,1,1,2.000000,657.040000,414.450000,2.000000,649.040000,427.609000,15.399977,48.547166,1,0.107000,0.838801
SP_T_Jongkok_2,openpose,90,2.998069,ok,1,direct,0.799730,13,left_knee,1,1,2.000000,691.730000,528.490000,2.000000,695.972000,539.192000,11.512053,48.547166,1,0.087000,0.861928
SP_T_Jongkok_2,openpose,90,2.998069,ok,1,direct,0.799730,14,right_knee,1,1,2.000000,637.200000,530.960000,2.000000,635.296000,541.241000,10.455820,48.547166,1,0.087000,0.884645
SP_T_Jongkok_2,openpose,90,2.998069,ok,1,direct,0.799730,15,left_ankle,1,1,2.000000,706.460000,645.580000,2.000000,705.812000,641.189000,4.438557,48.547166,1,0.089000,0.979115
SP_T_Jongkok_2,openpose,90,2.998069,ok,1,direct,0.799730,16,right_ankle,1,1,2.000000,654.200000,643.820000,2.000000,650.994000,637.216000,7.341066,48.547166,1,0.089000,0.943900
SP_T_Jongkok_2,openpose,91,3.031381,ok,1,direct,0.835722,0,nose,0,0,0.000000,0.000000,0.000000,2.000000,649.010000,223.799000,,,,0.026000,
SP_T_Jongkok_2,openpose,91,3.031381,ok,1,direct,0.835722,1,left_eye,0,0,0.000000,0.000000,0.000000,2.000000,660.695000,214.020000,,,,0.025000,
SP_T_Jongkok_2,openpose,91,3.031381,ok,1,direct,0.835722,2,right_eye,0,0,0.000000,0.000000,0.000000,2.000000,643.116000,214.079000,,,,0.025000,
SP_T_Jongkok_2,openpose,91,3.031381,ok,1,direct,0.835722,3,left_ear,0,0,0.000000,0.000000,0.000000,2.000000,682.226000,221.877000,,,,0.035000,
SP_T_Jongkok_2,openpose,91,3.031381,ok,1,direct,0.835722,4,right_ear,0,0,0.000000,0.000000,0.000000,0.000000,0.000000,0.000000,,,,0.035000,
SP_T_Jongkok_2,openpose,91,3.031381,ok,1,direct,0.835722,5,left_shoulder,1,1,2.000000,706.720000,280.810000,2.000000,695.969000,276.696000,11.511255,47.872507,1,0.079000,0.830864
SP_T_Jongkok_2,openpose,91,3.031381,ok,1,direct,0.835722,6,right_shoulder,1,1,2.000000,631.140000,284.060000,2.000000,631.325000,284.537000,0.511619,47.872507,1,0.079000,0.999634
SP_T_Jongkok_2,openpose,91,3.031381,ok,1,direct,0.835722,7,left_elbow,1,1,2.000000,692.470000,339.000000,2.000000,693.962000,339.407000,1.546516,47.872507,1,0.072000,0.995982
SP_T_Jongkok_2,openpose,91,3.031381,ok,1,direct,0.835722,8,right_elbow,1,1,2.000000,594.810000,342.360000,2.000000,592.166000,337.538000,5.499311,47.872507,1,0.072000,0.950364
SP_T_Jongkok_2,openpose,91,3.031381,ok,1,direct,0.835722,9,left_wrist,1,1,2.000000,670.330000,391.360000,2.000000,672.444000,394.248000,3.579042,47.872507,1,0.062000,0.971338
SP_T_Jongkok_2,openpose,91,3.031381,ok,1,direct,0.835722,10,right_wrist,1,1,2.000000,549.650000,392.600000,2.000000,551.056000,386.397000,6.360349,47.872507,1,0.062000,0.912250
SP_T_Jongkok_2,openpose,91,3.031381,ok,1,direct,0.835722,11,left_hip,1,1,2.000000,705.490000,410.730000,2.000000,705.811000,421.757000,11.031671,47.872507,1,0.107000,0.911410
SP_T_Jongkok_2,openpose,91,3.031381,ok,1,direct,0.835722,12,right_hip,1,1,2.000000,655.560000,413.570000,2.000000,650.940000,421.737000,9.383192,47.872507,1,0.107000,0.935092
SP_T_Jongkok_2,openpose,91,3.031381,ok,1,direct,0.835722,13,left_knee,1,1,2.000000,693.360000,528.490000,2.000000,697.900000,537.247000,9.863906,47.872507,1,0.087000,0.893883
SP_T_Jongkok_2,openpose,91,3.031381,ok,1,direct,0.835722,14,right_knee,1,1,2.000000,639.270000,530.520000,2.000000,637.169000,539.234000,8.963704,47.872507,1,0.087000,0.911522
SP_T_Jongkok_2,openpose,91,3.031381,ok,1,direct,0.835722,15,left_ankle,1,1,2.000000,706.460000,645.580000,2.000000,707.688000,643.078000,2.787111,47.872507,1,0.089000,0.991478
SP_T_Jongkok_2,openpose,91,3.031381,ok,1,direct,0.835722,16,right_ankle,1,1,2.000000,654.200000,643.820000,2.000000,650.936000,637.205000,7.376444,47.872507,1,0.089000,0.941814
SP_T_Jongkok_2,openpose,92,3.064693,ok,1,direct,0.838415,0,nose,0,0,0.000000,0.000000,0.000000,2.000000,648.958000,219.906000,,,,0.026000,
SP_T_Jongkok_2,openpose,92,3.064693,ok,1,direct,0.838415,1,left_eye,0,0,0.000000,0.000000,0.000000,2.000000,658.793000,210.200000,,,,0.025000,
SP_T_Jongkok_2,openpose,92,3.064693,ok,1,direct,0.838415,2,right_eye,0,0,0.000000,0.000000,0.000000,2.000000,643.044000,212.045000,,,,0.025000,
SP_T_Jongkok_2,openpose,92,3.064693,ok,1,direct,0.838415,3,left_ear,0,0,0.000000,0.000000,0.000000,2.000000,682.214000,217.954000,,,,0.035000,
SP_T_Jongkok_2,openpose,92,3.064693,ok,1,direct,0.838415,4,right_ear,0,0,0.000000,0.000000,0.000000,0.000000,0.000000,0.000000,,,,0.035000,
SP_T_Jongkok_2,openpose,92,3.064693,ok,1,direct,0.838415,5,left_shoulder,1,1,2.000000,705.980000,280.220000,2.000000,695.977000,274.725000,11.412933,47.260118,1,0.079000,0.829537
SP_T_Jongkok_2,openpose,92,3.064693,ok,1,direct,0.838415,6,right_shoulder,1,1,2.000000,630.850000,282.590000,2.000000,629.422000,280.667000,2.395227,47.260118,1,0.079000,0.991802
SP_T_Jongkok_2,openpose,92,3.064693,ok,1,direct,0.838415,7,left_elbow,1,1,2.000000,695.860000,339.000000,2.000000,695.987000,337.473000,1.532272,47.260118,1,0.072000,0.995953
SP_T_Jongkok_2,openpose,92,3.064693,ok,1,direct,0.838415,8,right_elbow,1,1,2.000000,596.130000,342.360000,2.000000,592.134000,339.377000,4.986613,47.260118,1,0.072000,0.957957
SP_T_Jongkok_2,openpose,92,3.064693,ok,1,direct,0.838415,9,left_wrist,1,1,2.000000,677.260000,394.170000,2.000000,680.365000,396.236000,3.729528,47.260118,1,0.062000,0.968118
SP_T_Jongkok_2,openpose,92,3.064693,ok,1,direct,0.838415,10,right_wrist,1,1,2.000000,553.630000,395.260000,2.000000,554.853000,390.350000,5.060023,47.260118,1,0.062000,0.942100
SP_T_Jongkok_2,openpose,92,3.064693,ok,1,direct,0.838415,11,left_hip,1,1,2.000000,703.720000,410.280000,2.000000,705.759000,417.831000,7.821453,47.260118,1,0.107000,0.953280
SP_T_Jongkok_2,openpose,92,3.064693,ok,1,direct,0.838415,12,right_hip,1,1,2.000000,654.090000,412.680000,2.000000,648.940000,419.758000,8.753318,47.260118,1,0.107000,0.941834
SP_T_Jongkok_2,openpose,92,3.064693,ok,1,direct,0.838415,13,left_knee,1,1,2.000000,694.980000,528.490000,2.000000,697.954000,535.353000,7.479669,47.260118,1,0.087000,0.935957
SP_T_Jongkok_2,openpose,92,3.064693,ok,1,direct,0.838415,14,right_knee,1,1,2.000000,641.330000,530.080000,2.000000,639.164000,537.289000,7.527366,47.260118,1,0.087000,0.935164
SP_T_Jongkok_2,openpose,92,3.064693,ok,1,direct,0.838415,15,left_ankle,1,1,2.000000,706.460000,645.580000,2.000000,707.684000,641.188000,4.559368,47.260118,1,0.089000,0.976774
SP_T_Jongkok_2,openpose,92,3.064693,ok,1,direct,0.838415,16,right_ankle,1,1,2.000000,654.200000,643.820000,2.000000,652.848000,637.164000,6.791925,47.260118,1,0.089000,0.949187
SP_T_Jongkok_2,openpose,93,3.098005,ok,1,direct,0.830820,0,nose,0,0,0.000000,0.000000,0.000000,2.000000,648.950000,216.015000,,,,0.026000,
SP_T_Jongkok_2,openpose,93,3.098005,ok,1,direct,0.830820,1,left_eye,0,0,0.000000,0.000000,0.000000,2.000000,658.784000,210.071000,,,,0.025000,
SP_T_Jongkok_2,openpose,93,3.098005,ok,1,direct,0.830820,2,right_eye,0,0,0.000000,0.000000,0.000000,2.000000,641.183000,210.109000,,,,0.025000,
SP_T_Jongkok_2,openpose,93,3.098005,ok,1,direct,0.830820,3,left_ear,0,0,0.000000,0.000000,0.000000,2.000000,680.368000,216.032000,,,,0.035000,
SP_T_Jongkok_2,openpose,93,3.098005,ok,1,direct,0.830820,4,right_ear,0,0,0.000000,0.000000,0.000000,0.000000,0.000000,0.000000,,,,0.035000,
SP_T_Jongkok_2,openpose,93,3.098005,ok,1,direct,0.830820,5,left_shoulder,1,1,2.000000,705.240000,279.630000,2.000000,695.961000,272.793000,11.525815,46.678328,1,0.079000,0.822519
SP_T_Jongkok_2,openpose,93,3.098005,ok,1,direct,0.830820,6,right_shoulder,1,1,2.000000,630.550000,281.110000,2.000000,629.418000,278.714000,2.649951,46.678328,1,0.079000,0.989725
SP_T_Jongkok_2,openpose,93,3.098005,ok,1,direct,0.830820,7,left_elbow,1,1,2.000000,699.260000,339.000000,2.000000,697.912000,337.499000,2.017450,46.678328,1,0.072000,0.992819
SP_T_Jongkok_2,openpose,93,3.098005,ok,1,direct,0.830820,8,right_elbow,1,1,2.000000,597.460000,342.360000,2.000000,594.075000,339.403000,4.494672,46.678328,1,0.072000,0.964861
SP_T_Jongkok_2,openpose,93,3.098005,ok,1,direct,0.830820,9,left_wrist,1,1,2.000000,684.200000,396.970000,2.000000,686.222000,398.179000,2.355879,46.678328,1,0.062000,0.986834
SP_T_Jongkok_2,openpose,93,3.098005,ok,1,direct,0.830820,10,right_wrist,1,1,2.000000,557.610000,397.910000,2.000000,556.938000,392.351000,5.599470,46.678328,1,0.062000,0.927864
SP_T_Jongkok_2,openpose,93,3.098005,ok,1,direct,0.830820,11,left_hip,1,1,2.000000,701.950000,409.840000,2.000000,705.792000,419.756000,10.634285,46.678328,1,0.107000,0.913322
SP_T_Jongkok_2,openpose,93,3.098005,ok,1,direct,0.830820,12,right_hip,1,1,2.000000,652.610000,411.800000,2.000000,648.919000,419.795000,8.805879,46.678328,1,0.107000,0.939724
SP_T_Jongkok_2,openpose,93,3.098005,ok,1,direct,0.830820,13,left_knee,1,1,2.000000,696.600000,528.490000,2.000000,698.020000,533.396000,5.107371,46.678328,1,0.087000,0.968861
SP_T_Jongkok_2,openpose,93,3.098005,ok,1,direct,0.830820,14,right_knee,1,1,2.000000,643.400000,529.640000,2.000000,641.145000,535.365000,6.153101,46.678328,1,0.087000,0.955124
SP_T_Jongkok_2,openpose,93,3.098005,ok,1,direct,0.830820,15,left_ankle,1,1,2.000000,706.460000,645.580000,2.000000,707.772000,641.089000,4.678720,46.678328,1,0.089000,0.974952
SP_T_Jongkok_2,openpose,93,3.098005,ok,1,direct,0.830820,16,right_ankle,1,1,2.000000,654.200000,643.820000,2.000000,650.990000,635.325000,9.081251,46.678328,1,0.089000,0.908857
SP_T_Jongkok_2,openpose,94,3.131316,ok,1,direct,0.827339,0,nose,0,0,0.000000,0.000000,0.000000,2.000000,648.952000,214.113000,,,,0.026000,
SP_T_Jongkok_2,openpose,94,3.131316,ok,1,direct,0.827339,1,left_eye,0,0,0.000000,0.000000,0.000000,2.000000,658.800000,208.168000,,,,0.025000,
SP_T_Jongkok_2,openpose,94,3.131316,ok,1,direct,0.827339,2,right_eye,0,0,0.000000,0.000000,0.000000,2.000000,641.144000,210.041000,,,,0.025000,
SP_T_Jongkok_2,openpose,94,3.131316,ok,1,direct,0.827339,3,left_ear,0,0,0.000000,0.000000,0.000000,2.000000,682.214000,214.110000,,,,0.035000,
SP_T_Jongkok_2,openpose,94,3.131316,ok,1,direct,0.827339,4,right_ear,0,0,0.000000,0.000000,0.000000,0.000000,0.000000,0.000000,,,,0.035000,
SP_T_Jongkok_2,openpose,94,3.131316,ok,1,direct,0.827339,5,left_shoulder,1,1,2.000000,704.500000,279.040000,2.000000,696.008000,270.876000,11.779854,46.085566,1,0.079000,0.811091
SP_T_Jongkok_2,openpose,94,3.131316,ok,1,direct,0.827339,6,right_shoulder,1,1,2.000000,630.260000,279.640000,2.000000,629.380000,276.741000,3.029621,46.085566,1,0.079000,0.986246
SP_T_Jongkok_2,openpose,94,3.131316,ok,1,direct,0.827339,7,left_elbow,1,1,2.000000,702.650000,339.000000,2.000000,701.842000,337.511000,1.694103,46.085566,1,0.072000,0.994800
SP_T_Jongkok_2,openpose,94,3.131316,ok,1,direct,0.827339,8,right_elbow,1,1,2.000000,598.790000,342.360000,2.000000,594.167000,339.476000,5.448815,46.085566,1,0.072000,0.947497
SP_T_Jongkok_2,openpose,94,3.131316,ok,1,direct,0.827339,9,left_wrist,1,1,2.000000,691.130000,399.770000,2.000000,694.065000,400.222000,2.969601,46.085566,1,0.062000,0.978629
SP_T_Jongkok_2,openpose,94,3.131316,ok,1,direct,0.827339,10,right_wrist,1,1,2.000000,561.600000,400.570000,2.000000,560.827000,398.142000,2.548080,46.085566,1,0.062000,0.984220
SP_T_Jongkok_2,openpose,94,3.131316,ok,1,direct,0.827339,11,left_hip,1,1,2.000000,700.180000,409.400000,2.000000,705.793000,419.743000,11.767898,46.085566,1,0.107000,0.892346
SP_T_Jongkok_2,openpose,94,3.131316,ok,1,direct,0.827339,12,right_hip,1,1,2.000000,651.140000,410.910000,2.000000,648.948000,419.748000,9.105773,46.085566,1,0.107000,0.934076
SP_T_Jongkok_2,openpose,94,3.131316,ok,1,direct,0.827339,13,left_knee,1,1,2.000000,698.230000,528.490000,2.000000,699.911000,535.301000,7.015375,46.085566,1,0.087000,0.940607
SP_T_Jongkok_2,openpose,94,3.131316,ok,1,direct,0.827339,14,right_knee,1,1,2.000000,645.470000,529.190000,2.000000,645.036000,535.385000,6.210184,46.085566,1,0.087000,0.953152
SP_T_Jongkok_2,openpose,94,3.131316,ok,1,direct,0.827339,15,left_ankle,1,1,2.000000,706.460000,645.580000,2.000000,709.698000,641.125000,5.507419,46.085566,1,0.089000,0.964583
SP_T_Jongkok_2,openpose,94,3.131316,ok,1,direct,0.827339,16,right_ankle,1,1,2.000000,654.200000,643.820000,2.000000,650.949000,637.215000,7.361727,46.085566,1,0.089000,0.937603
SP_T_Jongkok_2,openpose,95,3.164628,ok,1,direct,0.833315,0,nose,0,0,0.000000,0.000000,0.000000,2.000000,648.908000,214.062000,,,,0.026000,
SP_T_Jongkok_2,openpose,95,3.164628,ok,1,direct,0.833315,1,left_eye,0,0,0.000000,0.000000,0.000000,2.000000,658.726000,208.128000,,,,0.025000,
SP_T_Jongkok_2,openpose,95,3.164628,ok,1,direct,0.833315,2,right_eye,0,0,0.000000,0.000000,0.000000,2.000000,641.119000,208.185000,,,,0.025000,
SP_T_Jongkok_2,openpose,95,3.164628,ok,1,direct,0.833315,3,left_ear,0,0,0.000000,0.000000,0.000000,2.000000,680.291000,214.081000,,,,0.035000,
SP_T_Jongkok_2,openpose,95,3.164628,ok,1,direct,0.833315,4,right_ear,0,0,0.000000,0.000000,0.000000,0.000000,0.000000,0.000000,,,,0.035000,
SP_T_Jongkok_2,openpose,95,3.164628,ok,1,direct,0.833315,5,left_shoulder,1,1,2.000000,703.770000,278.450000,2.000000,696.010000,270.833000,10.873651,45.502584,1,0.079000,0.832767
SP_T_Jongkok_2,openpose,95,3.164628,ok,1,direct,0.833315,6,right_shoulder,1,1,2.000000,629.960000,278.160000,2.000000,629.386000,274.856000,3.353490,45.502584,1,0.079000,0.982745
SP_T_Jongkok_2,openpose,95,3.164628,ok,1,direct,0.833315,7,left_elbow,1,1,2.000000,706.050000,339.000000,2.000000,705.808000,339.394000,0.462385,45.502584,1,0.072000,0.999602
SP_T_Jongkok_2,openpose,95,3.164628,ok,1,direct,0.833315,8,right_elbow,1,1,2.000000,600.120000,342.360000,2.000000,598.004000,341.365000,2.338265,45.502584,1,0.072000,0.989864
SP_T_Jongkok_2,openpose,95,3.164628,ok,1,direct,0.833315,9,left_wrist,1,1,2.000000,698.070000,402.580000,2.000000,698.026000,402.174000,0.408377,45.502584,1,0.062000,0.999581
SP_T_Jongkok_2,openpose,95,3.164628,ok,1,direct,0.833315,10,right_wrist,1,1,2.000000,565.580000,403.230000,2.000000,564.759000,402.112000,1.387071,45.502584,1,0.062000,0.995177
SP_T_Jongkok_2,openpose,95,3.164628,ok,1,direct,0.833315,11,left_hip,1,1,2.000000,698.410000,408.950000,2.000000,699.967000,415.864000,7.087146,45.502584,1,0.107000,0.958508
SP_T_Jongkok_2,openpose,95,3.164628,ok,1,direct,0.833315,12,right_hip,1,1,2.000000,649.660000,410.030000,2.000000,645.096000,417.789000,9.001787,45.502584,1,0.107000,0.933917
SP_T_Jongkok_2,openpose,95,3.164628,ok,1,direct,0.833315,13,left_knee,1,1,2.000000,699.850000,528.490000,2.000000,699.904000,535.319000,6.829213,45.502584,1,0.087000,0.942217
SP_T_Jongkok_2,openpose,95,3.164628,ok,1,direct,0.833315,14,right_knee,1,1,2.000000,647.530000,528.750000,2.000000,647.005000,535.380000,6.650754,45.502584,1,0.087000,0.945114
SP_T_Jongkok_2,openpose,95,3.164628,ok,1,direct,0.833315,15,left_ankle,1,1,2.000000,706.460000,645.580000,2.000000,709.675000,639.209000,7.136236,45.502584,1,0.089000,0.939786
SP_T_Jongkok_2,openpose,95,3.164628,ok,1,direct,0.833315,16,right_ankle,1,1,2.000000,654.200000,643.820000,2.000000,650.995000,635.319000,9.085099,45.502584,1,0.089000,0.904245
SP_T_Jongkok_2,openpose,96,3.197940,ok,1,direct,0.827400,0,nose,0,0,0.000000,0.000000,0.000000,2.000000,647.053000,214.036000,,,,0.026000,
SP_T_Jongkok_2,openpose,96,3.197940,ok,1,direct,0.827400,1,left_eye,0,0,0.000000,0.000000,0.000000,2.000000,656.823000,206.233000,,,,0.025000,
SP_T_Jongkok_2,openpose,96,3.197940,ok,1,direct,0.827400,2,right_eye,0,0,0.000000,0.000000,0.000000,2.000000,639.236000,208.161000,,,,0.025000,
SP_T_Jongkok_2,openpose,96,3.197940,ok,1,direct,0.827400,3,left_ear,0,0,0.000000,0.000000,0.000000,2.000000,678.407000,213.986000,,,,0.035000,
SP_T_Jongkok_2,openpose,96,3.197940,ok,1,direct,0.827400,4,right_ear,0,0,0.000000,0.000000,0.000000,0.000000,0.000000,0.000000,,,,0.035000,
SP_T_Jongkok_2,openpose,96,3.197940,ok,1,direct,0.827400,5,left_shoulder,1,1,2.000000,703.320000,277.710000,2.000000,696.033000,268.954000,11.391572,45.031618,1,0.079000,0.814588
SP_T_Jongkok_2,openpose,96,3.197940,ok,1,direct,0.827400,6,right_shoulder,1,1,2.000000,629.080000,278.160000,2.000000,627.444000,274.795000,3.741620,45.031618,1,0.079000,0.978119
SP_T_Jongkok_2,openpose,96,3.197940,ok,1,direct,0.827400,7,left_elbow,1,1,2.000000,708.110000,340.470000,2.000000,707.692000,341.440000,1.056231,45.031618,1,0.072000,0.997880
SP_T_Jongkok_2,openpose,96,3.197940,ok,1,direct,0.827400,8,right_elbow,1,1,2.000000,601.590000,342.800000,2.000000,598.069000,343.357000,3.564785,45.031618,1,0.072000,0.976113
SP_T_Jongkok_2,openpose,96,3.197940,ok,1,direct,0.827400,9,left_wrist,1,1,2.000000,702.940000,405.230000,2.000000,705.794000,406.003000,2.956830,45.031618,1,0.062000,0.977818
SP_T_Jongkok_2,openpose,96,3.197940,ok,1,direct,0.827400,10,right_wrist,1,1,2.000000,570.300000,406.180000,2.000000,570.557000,404.048000,2.147434,45.031618,1,0.062000,0.988238
SP_T_Jongkok_2,openpose,96,3.197940,ok,1,direct,0.827400,11,left_hip,1,1,2.000000,697.520000,408.950000,2.000000,697.914000,417.760000,8.818806,45.031618,1,0.107000,0.935199
SP_T_Jongkok_2,openpose,96,3.197940,ok,1,direct,0.827400,12,right_hip,1,1,2.000000,649.070000,410.030000,2.000000,645.044000,419.779000,10.547591,45.031618,1,0.107000,0.908612
SP_T_Jongkok_2,openpose,96,3.197940,ok,1,direct,0.827400,13,left_knee,1,1,2.000000,699.700000,527.750000,2.000000,699.933000,533.382000,5.636818,45.031618,1,0.087000,0.959443
SP_T_Jongkok_2,openpose,96,3.197940,ok,1,direct,0.827400,14,right_knee,1,1,2.000000,647.390000,527.570000,2.000000,647.011000,535.351000,7.790225,45.031618,1,0.087000,0.923968
SP_T_Jongkok_2,openpose,96,3.197940,ok,1,direct,0.827400,15,left_ankle,1,1,2.000000,706.460000,645.580000,2.000000,709.637000,639.193000,7.133519,45.031618,1,0.089000,0.938605
SP_T_Jongkok_2,openpose,96,3.197940,ok,1,direct,0.827400,16,right_ankle,1,1,2.000000,654.200000,643.820000,2.000000,651.000000,635.321000,9.081465,45.031618,1,0.089000,0.902407
SP_T_Jongkok_2,openpose,97,3.231252,ok,1,direct,0.799556,0,nose,0,0,0.000000,0.000000,0.000000,2.000000,647.039000,214.000000,,,,0.026000,
SP_T_Jongkok_2,openpose,97,3.231252,ok,1,direct,0.799556,1,left_eye,0,0,0.000000,0.000000,0.000000,2.000000,656.790000,206.198000,,,,0.025000,
SP_T_Jongkok_2,openpose,97,3.231252,ok,1,direct,0.799556,2,right_eye,0,0,0.000000,0.000000,0.000000,2.000000,639.207000,208.153000,,,,0.025000,
SP_T_Jongkok_2,openpose,97,3.231252,ok,1,direct,0.799556,3,left_ear,0,0,0.000000,0.000000,0.000000,2.000000,678.332000,212.134000,,,,0.035000,
SP_T_Jongkok_2,openpose,97,3.231252,ok,1,direct,0.799556,4,right_ear,0,0,0.000000,0.000000,0.000000,2.000000,633.290000,221.809000,,,,0.035000,
SP_T_Jongkok_2,openpose,97,3.231252,ok,1,direct,0.799556,5,left_shoulder,1,1,2.000000,702.880000,276.980000,2.000000,696.014000,270.793000,9.242344,44.639126,1,0.079000,0.871643
SP_T_Jongkok_2,openpose,97,3.231252,ok,1,direct,0.799556,6,right_shoulder,1,1,2.000000,628.190000,278.160000,2.000000,627.432000,274.842000,3.403482,44.639126,1,0.079000,0.981543
SP_T_Jongkok_2,openpose,97,3.231252,ok,1,direct,0.799556,7,left_elbow,1,1,2.000000,710.180000,341.950000,2.000000,709.744000,341.358000,0.735228,44.639126,1,0.072000,0.998954
SP_T_Jongkok_2,openpose,97,3.231252,ok,1,direct,0.799556,8,right_elbow,1,1,2.000000,603.070000,343.240000,2.000000,601.948000,343.323000,1.125066,44.639126,1,0.072000,0.997552
SP_T_Jongkok_2,openpose,97,3.231252,ok,1,direct,0.799556,9,left_wrist,1,1,2.000000,707.810000,407.890000,2.000000,711.642000,406.085000,4.235829,44.639126,1,0.062000,0.954232
SP_T_Jongkok_2,openpose,97,3.231252,ok,1,direct,0.799556,10,right_wrist,1,1,2.000000,575.030000,409.130000,2.000000,574.542000,404.084000,5.069542,44.639126,1,0.062000,0.935097
SP_T_Jongkok_2,openpose,97,3.231252,ok,1,direct,0.799556,11,left_hip,1,1,2.000000,696.640000,408.950000,2.000000,696.016000,419.710000,10.778078,44.639126,1,0.107000,0.903175
SP_T_Jongkok_2,openpose,97,3.231252,ok,1,direct,0.799556,12,right_hip,1,1,2.000000,648.480000,410.030000,2.000000,643.111000,421.758000,12.898533,44.639126,1,0.107000,0.864286
SP_T_Jongkok_2,openpose,97,3.231252,ok,1,direct,0.799556,13,left_knee,1,1,2.000000,699.550000,527.010000,2.000000,699.907000,533.409000,6.408951,44.639126,1,0.087000,0.946990
SP_T_Jongkok_2,openpose,97,3.231252,ok,1,direct,0.799556,14,right_knee,1,1,2.000000,647.240000,526.390000,2.000000,646.999000,537.337000,10.949653,44.639126,1,0.087000,0.853008
SP_T_Jongkok_2,openpose,97,3.231252,ok,1,direct,0.799556,15,left_ankle,1,1,2.000000,706.460000,645.580000,2.000000,709.635000,639.146000,7.174746,44.639126,1,0.089000,0.936854
SP_T_Jongkok_2,openpose,97,3.231252,ok,1,direct,0.799556,16,right_ankle,1,1,2.000000,654.200000,643.820000,2.000000,652.855000,635.319000,8.606743,44.639126,1,0.089000,0.910407
SP_T_Jongkok_2,openpose,98,3.264564,ok,1,direct,0.799999,0,nose,0,0,0.000000,0.000000,0.000000,2.000000,647.024000,212.169000,,,,0.026000,
SP_T_Jongkok_2,openpose,98,3.264564,ok,1,direct,0.799999,1,left_eye,0,0,0.000000,0.000000,0.000000,2.000000,656.783000,206.164000,,,,0.025000,
SP_T_Jongkok_2,openpose,98,3.264564,ok,1,direct,0.799999,2,right_eye,0,0,0.000000,0.000000,0.000000,2.000000,639.186000,208.122000,,,,0.025000,
SP_T_Jongkok_2,openpose,98,3.264564,ok,1,direct,0.799999,3,left_ear,0,0,0.000000,0.000000,0.000000,2.000000,678.370000,212.101000,,,,0.035000,
SP_T_Jongkok_2,openpose,98,3.264564,ok,1,direct,0.799999,4,right_ear,0,0,0.000000,0.000000,0.000000,2.000000,633.289000,221.783000,,,,0.035000,
SP_T_Jongkok_2,openpose,98,3.264564,ok,1,direct,0.799999,5,left_shoulder,1,1,2.000000,702.440000,276.240000,2.000000,697.887000,268.891000,8.645092,44.315400,1,0.079000,0.885187
SP_T_Jongkok_2,openpose,98,3.264564,ok,1,direct,0.799999,6,right_shoulder,1,1,2.000000,627.310000,278.160000,2.000000,627.465000,274.780000,3.383552,44.315400,1,0.079000,0.981492
SP_T_Jongkok_2,openpose,98,3.264564,ok,1,direct,0.799999,7,left_elbow,1,1,2.000000,712.240000,343.420000,2.000000,711.677000,341.339000,2.155813,44.315400,1,0.072000,0.990911
SP_T_Jongkok_2,openpose,98,3.264564,ok,1,direct,0.799999,8,right_elbow,1,1,2.000000,604.540000,343.690000,2.000000,603.923000,343.389000,0.686506,44.315400,1,0.072000,0.999075
SP_T_Jongkok_2,openpose,98,3.264564,ok,1,direct,0.799999,9,left_wrist,1,1,2.000000,712.680000,410.550000,2.000000,713.653000,409.957000,1.139464,44.315400,1,0.062000,0.996566
SP_T_Jongkok_2,openpose,98,3.264564,ok,1,direct,0.799999,10,right_wrist,1,1,2.000000,579.750000,412.080000,2.000000,578.498000,408.016000,4.252482,44.315400,1,0.062000,0.953220
SP_T_Jongkok_2,openpose,98,3.264564,ok,1,direct,0.799999,11,left_hip,1,1,2.000000,695.750000,408.950000,2.000000,695.953000,419.740000,10.791909,44.315400,1,0.107000,0.901588
SP_T_Jongkok_2,openpose,98,3.264564,ok,1,direct,0.799999,12,right_hip,1,1,2.000000,647.890000,410.030000,2.000000,641.175000,421.753000,13.509995,44.315400,1,0.107000,0.850140
SP_T_Jongkok_2,openpose,98,3.264564,ok,1,direct,0.799999,13,left_knee,1,1,2.000000,699.410000,526.270000,2.000000,698.005000,535.341000,9.179165,44.315400,1,0.087000,0.892823
SP_T_Jongkok_2,openpose,98,3.264564,ok,1,direct,0.799999,14,right_knee,1,1,2.000000,647.090000,525.210000,2.000000,647.012000,537.274000,12.064252,44.315400,1,0.087000,0.822151
SP_T_Jongkok_2,openpose,98,3.264564,ok,1,direct,0.799999,15,left_ankle,1,1,2.000000,706.460000,645.580000,2.000000,709.660000,639.144000,7.187635,44.315400,1,0.089000,0.935736
SP_T_Jongkok_2,openpose,98,3.264564,ok,1,direct,0.799999,16,right_ankle,1,1,2.000000,654.200000,643.820000,2.000000,652.885000,637.180000,6.768960,44.315400,1,0.089000,0.942792
SP_T_Jongkok_2,openpose,99,3.297876,ok,1,direct,0.829804,0,nose,0,0,0.000000,0.000000,0.000000,2.000000,646.981000,212.151000,,,,0.026000,
SP_T_Jongkok_2,openpose,99,3.297876,ok,1,direct,0.829804,1,left_eye,0,0,0.000000,0.000000,0.000000,2.000000,656.761000,204.301000,,,,0.025000,
SP_T_Jongkok_2,openpose,99,3.297876,ok,1,direct,0.829804,2,right_eye,0,0,0.000000,0.000000,0.000000,2.000000,639.163000,208.087000,,,,0.025000,
SP_T_Jongkok_2,openpose,99,3.297876,ok,1,direct,0.829804,3,left_ear,0,0,0.000000,0.000000,0.000000,2.000000,678.372000,212.061000,,,,0.035000,
SP_T_Jongkok_2,openpose,99,3.297876,ok,1,direct,0.829804,4,right_ear,0,0,0.000000,0.000000,0.000000,0.000000,0.000000,0.000000,,,,0.035000,
SP_T_Jongkok_2,openpose,99,3.297876,ok,1,direct,0.829804,5,left_shoulder,1,1,2.000000,701.990000,275.500000,2.000000,696.048000,268.908000,8.874786,44.384793,1,0.079000,0.879746
SP_T_Jongkok_2,openpose,99,3.297876,ok,1,direct,0.829804,6,right_shoulder,1,1,2.000000,626.420000,278.160000,2.000000,627.436000,274.750000,3.558139,44.384793,1,0.079000,0.979616
SP_T_Jongkok_2,openpose,99,3.297876,ok,1,direct,0.829804,7,left_elbow,1,1,2.000000,714.310000,344.900000,2.000000,715.595000,341.351000,3.774470,44.384793,1,0.072000,0.972485
SP_T_Jongkok_2,openpose,99,3.297876,ok,1,direct,0.829804,8,right_elbow,1,1,2.000000,606.020000,344.130000,2.000000,605.856000,341.416000,2.718951,44.384793,1,0.072000,0.985627
SP_T_Jongkok_2,openpose,99,3.297876,ok,1,direct,0.829804,9,left_wrist,1,1,2.000000,717.550000,413.200000,2.000000,719.474000,408.036000,5.510778,44.384793,1,0.062000,0.922927
SP_T_Jongkok_2,openpose,99,3.297876,ok,1,direct,0.829804,10,right_wrist,1,1,2.000000,584.470000,415.030000,2.000000,584.304000,410.005000,5.027741,44.384793,1,0.062000,0.935419
SP_T_Jongkok_2,openpose,99,3.297876,ok,1,direct,0.829804,11,left_hip,1,1,2.000000,694.870000,408.950000,2.000000,695.922000,417.777000,8.889468,44.384793,1,0.107000,0.932327
SP_T_Jongkok_2,openpose,99,3.297876,ok,1,direct,0.829804,12,right_hip,1,1,2.000000,647.300000,410.030000,2.000000,639.231000,419.777000,12.653567,44.384793,1,0.107000,0.867641
SP_T_Jongkok_2,openpose,99,3.297876,ok,1,direct,0.829804,13,left_knee,1,1,2.000000,699.260000,525.540000,2.000000,698.009000,535.376000,9.915236,44.384793,1,0.087000,0.876459
SP_T_Jongkok_2,openpose,99,3.297876,ok,1,direct,0.829804,14,right_knee,1,1,2.000000,646.940000,524.030000,2.000000,647.042000,535.382000,11.352458,44.384793,1,0.087000,0.841253
SP_T_Jongkok_2,openpose,99,3.297876,ok,1,direct,0.829804,15,left_ankle,1,1,2.000000,706.460000,645.580000,2.000000,709.633000,639.165000,7.156826,44.384793,1,0.089000,0.936460
SP_T_Jongkok_2,openpose,99,3.297876,ok,1,direct,0.829804,16,right_ankle,1,1,2.000000,654.200000,643.820000,2.000000,652.883000,637.179000,6.770330,44.384793,1,0.089000,0.942943
SP_T_Jongkok_2,openpose,100,3.331188,ok,1,direct,0.825854,0,nose,0,0,0.000000,0.000000,0.000000,2.000000,646.954000,212.123000,,,,0.026000,
SP_T_Jongkok_2,openpose,100,3.331188,ok,1,direct,0.825854,1,left_eye,0,0,0.000000,0.000000,0.000000,2.000000,654.872000,204.286000,,,,0.025000,
SP_T_Jongkok_2,openpose,100,3.331188,ok,1,direct,0.825854,2,right_eye,0,0,0.000000,0.000000,0.000000,2.000000,639.137000,206.250000,,,,0.025000,
SP_T_Jongkok_2,openpose,100,3.331188,ok,1,direct,0.825854,3,left_ear,0,0,0.000000,0.000000,0.000000,2.000000,678.341000,212.057000,,,,0.035000,
SP_T_Jongkok_2,openpose,100,3.331188,ok,1,direct,0.825854,4,right_ear,0,0,0.000000,0.000000,0.000000,0.000000,0.000000,0.000000,,,,0.035000,
SP_T_Jongkok_2,openpose,100,3.331188,ok,1,direct,0.825854,5,left_shoulder,1,1,2.000000,701.550000,274.760000,2.000000,697.934000,268.951000,6.842510,44.454178,1,0.079000,0.926886
SP_T_Jongkok_2,openpose,100,3.331188,ok,1,direct,0.825854,6,right_shoulder,1,1,2.000000,625.530000,278.160000,2.000000,627.397000,274.787000,3.855233,44.454178,1,0.079000,0.976186
SP_T_Jongkok_2,openpose,100,3.331188,ok,1,direct,0.825854,7,left_elbow,1,1,2.000000,716.370000,346.370000,2.000000,715.574000,339.464000,6.951723,44.454178,1,0.072000,0.909968
SP_T_Jongkok_2,openpose,100,3.331188,ok,1,direct,0.825854,8,right_elbow,1,1,2.000000,607.500000,344.570000,2.000000,609.826000,343.328000,2.636824,44.454178,1,0.072000,0.986518
SP_T_Jongkok_2,openpose,100,3.331188,ok,1,direct,0.825854,9,left_wrist,1,1,2.000000,722.420000,415.860000,2.000000,721.482000,408.017000,7.898892,44.454178,1,0.062000,0.848514
SP_T_Jongkok_2,openpose,100,3.331188,ok,1,direct,0.825854,10,right_wrist,1,1,2.000000,589.190000,417.980000,2.000000,592.159000,406.003000,12.339509,44.454178,1,0.062000,0.669729
SP_T_Jongkok_2,openpose,100,3.331188,ok,1,direct,0.825854,11,left_hip,1,1,2.000000,693.980000,408.950000,2.000000,692.096000,415.834000,7.137150,44.454178,1,0.107000,0.955970
SP_T_Jongkok_2,openpose,100,3.331188,ok,1,direct,0.825854,12,right_hip,1,1,2.000000,646.710000,410.030000,2.000000,637.222000,417.806000,12.267368,44.454178,1,0.107000,0.875441
SP_T_Jongkok_2,openpose,100,3.331188,ok,1,direct,0.825854,13,left_knee,1,1,2.000000,699.110000,524.800000,2.000000,698.014000,529.500000,4.826097,44.454178,1,0.087000,0.969337
SP_T_Jongkok_2,openpose,100,3.331188,ok,1,direct,0.825854,14,right_knee,1,1,2.000000,646.790000,522.850000,2.000000,647.040000,533.366000,10.518971,44.454178,1,0.087000,0.862475
SP_T_Jongkok_2,openpose,100,3.331188,ok,1,direct,0.825854,15,left_ankle,1,1,2.000000,706.460000,645.580000,2.000000,709.629000,639.150000,7.168505,44.454178,1,0.089000,0.936452
SP_T_Jongkok_2,openpose,100,3.331188,ok,1,direct,0.825854,16,right_ankle,1,1,2.000000,654.200000,643.820000,2.000000,652.896000,635.309000,8.610316,44.454178,1,0.089000,0.909623
SP_T_Jongkok_2,openpose,101,3.364500,ok,1,direct,0.827856,0,nose,0,0,0.000000,0.000000,0.000000,2.000000,645.100000,212.113000,,,,0.026000,
SP_T_Jongkok_2,openpose,101,3.364500,ok,1,direct,0.827856,1,left_eye,0,0,0.000000,0.000000,0.000000,2.000000,654.847000,204.268000,,,,0.025000,
SP_T_Jongkok_2,openpose,101,3.364500,ok,1,direct,0.827856,2,right_eye,0,0,0.000000,0.000000,0.000000,2.000000,637.265000,206.234000,,,,0.025000,
SP_T_Jongkok_2,openpose,101,3.364500,ok,1,direct,0.827856,3,left_ear,0,0,0.000000,0.000000,0.000000,2.000000,678.290000,212.078000,,,,0.035000,
SP_T_Jongkok_2,openpose,101,3.364500,ok,1,direct,0.827856,4,right_ear,0,0,0.000000,0.000000,0.000000,0.000000,0.000000,0.000000,,,,0.035000,
SP_T_Jongkok_2,openpose,101,3.364500,ok,1,direct,0.827856,5,left_shoulder,1,1,2.000000,701.550000,274.760000,2.000000,697.970000,268.941000,6.832069,44.058694,1,0.079000,0.925836
SP_T_Jongkok_2,openpose,101,3.364500,ok,1,direct,0.827856,6,right_shoulder,1,1,2.000000,624.650000,278.160000,2.000000,625.500000,274.798000,3.467787,44.058694,1,0.079000,0.980343
SP_T_Jongkok_2,openpose,101,3.364500,ok,1,direct,0.827856,7,left_elbow,1,1,2.000000,717.410000,346.370000,2.000000,715.629000,339.441000,7.154230,44.058694,1,0.072000,0.903278
SP_T_Jongkok_2,openpose,101,3.364500,ok,1,direct,0.827856,8,right_elbow,1,1,2.000000,608.090000,345.900000,2.000000,611.698000,347.210000,3.838459,44.058694,1,0.072000,0.971142
SP_T_Jongkok_2,openpose,101,3.364500,ok,1,direct,0.827856,9,left_wrist,1,1,2.000000,723.600000,416.150000,2.000000,725.301000,408.005000,8.320723,44.058694,1,0.062000,0.830632
SP_T_Jongkok_2,openpose,101,3.364500,ok,1,direct,0.827856,10,right_wrist,1,1,2.000000,592.730000,419.020000,2.000000,598.008000,409.900000,10.537157,44.058694,1,0.062000,0.742600
SP_T_Jongkok_2,openpose,101,3.364500,ok,1,direct,0.827856,11,left_hip,1,1,2.000000,693.980000,408.950000,2.000000,692.122000,415.856000,7.151573,44.058694,1,0.107000,0.955017
SP_T_Jongkok_2,openpose,101,3.364500,ok,1,direct,0.827856,12,right_hip,1,1,2.000000,645.970000,410.030000,2.000000,635.322000,419.760000,14.424036,44.058694,1,0.107000,0.829254
SP_T_Jongkok_2,openpose,101,3.364500,ok,1,direct,0.827856,13,left_knee,1,1,2.000000,699.110000,524.740000,2.000000,698.021000,527.545000,3.008978,44.058694,1,0.087000,0.987751
SP_T_Jongkok_2,openpose,101,3.364500,ok,1,direct,0.827856,14,right_knee,1,1,2.000000,646.790000,522.850000,2.000000,647.061000,533.391000,10.544483,44.058694,1,0.087000,0.859548
SP_T_Jongkok_2,openpose,101,3.364500,ok,1,direct,0.827856,15,left_ankle,1,1,2.000000,706.460000,645.580000,2.000000,709.633000,639.131000,7.187317,44.058694,1,0.089000,0.935015
SP_T_Jongkok_2,openpose,101,3.364500,ok,1,direct,0.827856,16,right_ankle,1,1,2.000000,654.200000,643.820000,2.000000,652.957000,635.289000,8.621079,44.058694,1,0.089000,0.907852
SP_T_Jongkok_2,openpose,102,3.397811,ok,1,direct,0.829733,0,nose,0,0,0.000000,0.000000,0.000000,2.000000,645.057000,212.102000,,,,0.026000,
SP_T_Jongkok_2,openpose,102,3.397811,ok,1,direct,0.829733,1,left_eye,0,0,0.000000,0.000000,0.000000,2.000000,654.816000,204.268000,,,,0.025000,
SP_T_Jongkok_2,openpose,102,3.397811,ok,1,direct,0.829733,2,right_eye,0,0,0.000000,0.000000,0.000000,2.000000,637.234000,206.236000,,,,0.025000,
SP_T_Jongkok_2,openpose,102,3.397811,ok,1,direct,0.829733,3,left_ear,0,0,0.000000,0.000000,0.000000,2.000000,678.296000,212.098000,,,,0.035000,
SP_T_Jongkok_2,openpose,102,3.397811,ok,1,direct,0.829733,4,right_ear,0,0,0.000000,0.000000,0.000000,0.000000,0.000000,0.000000,,,,0.035000,
SP_T_Jongkok_2,openpose,102,3.397811,ok,1,direct,0.829733,5,left_shoulder,1,1,2.000000,701.550000,274.760000,2.000000,697.972000,270.824000,5.319227,43.657929,1,0.079000,0.953542
SP_T_Jongkok_2,openpose,102,3.397811,ok,1,direct,0.829733,6,right_shoulder,1,1,2.000000,623.760000,278.160000,2.000000,625.515000,274.785000,3.804031,43.657929,1,0.079000,0.975964
SP_T_Jongkok_2,openpose,102,3.397811,ok,1,direct,0.829733,7,left_elbow,1,1,2.000000,718.440000,346.370000,2.000000,719.452000,339.461000,6.982723,43.657929,1,0.072000,0.906020
SP_T_Jongkok_2,openpose,102,3.397811,ok,1,direct,0.829733,8,right_elbow,1,1,2.000000,608.680000,347.230000,2.000000,609.818000,347.271000,1.138738,43.657929,1,0.072000,0.997379
SP_T_Jongkok_2,openpose,102,3.397811,ok,1,direct,0.829733,9,left_wrist,1,1,2.000000,724.780000,416.450000,2.000000,725.419000,408.002000,8.472132,43.657929,1,0.062000,0.822068
SP_T_Jongkok_2,openpose,102,3.397811,ok,1,direct,0.829733,10,right_wrist,1,1,2.000000,596.280000,420.050000,2.000000,599.994000,411.867000,8.986394,43.657929,1,0.062000,0.802165
SP_T_Jongkok_2,openpose,102,3.397811,ok,1,direct,0.829733,11,left_hip,1,1,2.000000,693.980000,408.950000,2.000000,694.088000,417.747000,8.797663,43.657929,1,0.107000,0.931521
SP_T_Jongkok_2,openpose,102,3.397811,ok,1,direct,0.829733,12,right_hip,1,1,2.000000,645.240000,410.030000,2.000000,637.184000,421.670000,14.155873,43.657929,1,0.107000,0.832221
SP_T_Jongkok_2,openpose,102,3.397811,ok,1,direct,0.829733,13,left_knee,1,1,2.000000,699.110000,524.680000,2.000000,699.898000,527.548000,2.974284,43.657929,1,0.087000,0.987811
SP_T_Jongkok_2,openpose,102,3.397811,ok,1,direct,0.829733,14,right_knee,1,1,2.000000,646.790000,522.850000,2.000000,647.064000,533.430000,10.583547,43.657929,1,0.087000,0.856172
SP_T_Jongkok_2,openpose,102,3.397811,ok,1,direct,0.829733,15,left_ankle,1,1,2.000000,706.460000,645.580000,2.000000,709.650000,639.130000,7.195735,43.657929,1,0.089000,0.933707
SP_T_Jongkok_2,openpose,102,3.397811,ok,1,direct,0.829733,16,right_ankle,1,1,2.000000,654.200000,643.820000,2.000000,652.967000,635.282000,8.626571,43.657929,1,0.089000,0.906121
SP_T_Jongkok_2,openpose,103,3.431123,ok,1,direct,0.825428,0,nose,0,0,0.000000,0.000000,0.000000,2.000000,645.053000,212.115000,,,,0.026000,
SP_T_Jongkok_2,openpose,103,3.431123,ok,1,direct,0.825428,1,left_eye,0,0,0.000000,0.000000,0.000000,2.000000,654.796000,204.278000,,,,0.025000,
SP_T_Jongkok_2,openpose,103,3.431123,ok,1,direct,0.825428,2,right_eye,0,0,0.000000,0.000000,0.000000,2.000000,637.220000,206.238000,,,,0.025000,
SP_T_Jongkok_2,openpose,103,3.431123,ok,1,direct,0.825428,3,left_ear,0,0,0.000000,0.000000,0.000000,2.000000,676.420000,212.105000,,,,0.035000,
SP_T_Jongkok_2,openpose,103,3.431123,ok,1,direct,0.825428,4,right_ear,0,0,0.000000,0.000000,0.000000,0.000000,0.000000,0.000000,,,,0.035000,
SP_T_Jongkok_2,openpose,103,3.431123,ok,1,direct,0.825428,5,left_shoulder,1,1,2.000000,701.550000,274.760000,2.000000,697.936000,270.835000,5.335412,43.255166,1,0.079000,0.952413
SP_T_Jongkok_2,openpose,103,3.431123,ok,1,direct,0.825428,6,right_shoulder,1,1,2.000000,622.880000,278.160000,2.000000,625.454000,274.842000,4.199357,43.255166,1,0.079000,0.970248
SP_T_Jongkok_2,openpose,103,3.431123,ok,1,direct,0.825428,7,left_elbow,1,1,2.000000,719.470000,346.370000,2.000000,721.403000,341.424000,5.310311,43.255166,1,0.072000,0.943511
SP_T_Jongkok_2,openpose,103,3.431123,ok,1,direct,0.825428,8,right_elbow,1,1,2.000000,609.270000,348.560000,2.000000,611.717000,349.265000,2.546534,43.255166,1,0.072000,0.986717
SP_T_Jongkok_2,openpose,103,3.431123,ok,1,direct,0.825428,9,left_wrist,1,1,2.000000,725.960000,416.740000,2.000000,727.327000,408.036000,8.810693,43.255166,1,0.062000,0.805841
SP_T_Jongkok_2,openpose,103,3.431123,ok,1,direct,0.825428,10,right_wrist,1,1,2.000000,599.820000,421.080000,2.000000,602.015000,413.870000,7.536718,43.255166,1,0.062000,0.853888
SP_T_Jongkok_2,openpose,103,3.431123,ok,1,direct,0.825428,11,left_hip,1,1,2.000000,693.980000,408.950000,2.000000,694.014000,417.827000,8.877065,43.255166,1,0.107000,0.929067
SP_T_Jongkok_2,openpose,103,3.431123,ok,1,direct,0.825428,12,right_hip,1,1,2.000000,644.500000,410.030000,2.000000,635.293000,421.689000,14.856013,43.255166,1,0.107000,0.813785
SP_T_Jongkok_2,openpose,103,3.431123,ok,1,direct,0.825428,13,left_knee,1,1,2.000000,699.110000,524.620000,2.000000,699.904000,529.481000,4.925419,43.255166,1,0.087000,0.966319
SP_T_Jongkok_2,openpose,103,3.431123,ok,1,direct,0.825428,14,right_knee,1,1,2.000000,646.790000,522.850000,2.000000,647.047000,535.323000,12.475647,43.255166,1,0.087000,0.802674
SP_T_Jongkok_2,openpose,103,3.431123,ok,1,direct,0.825428,15,left_ankle,1,1,2.000000,706.460000,645.580000,2.000000,709.644000,639.147000,7.177837,43.255166,1,0.089000,0.932834
SP_T_Jongkok_2,openpose,103,3.431123,ok,1,direct,0.825428,16,right_ankle,1,1,2.000000,654.200000,643.820000,2.000000,652.967000,635.292000,8.616674,43.255166,1,0.089000,0.904659
SP_T_Jongkok_2,openpose,104,3.464435,ok,1,direct,0.825465,0,nose,0,0,0.000000,0.000000,0.000000,2.000000,645.038000,212.128000,,,,0.026000,
SP_T_Jongkok_2,openpose,104,3.464435,ok,1,direct,0.825465,1,left_eye,0,0,0.000000,0.000000,0.000000,2.000000,652.947000,204.284000,,,,0.025000,
SP_T_Jongkok_2,openpose,104,3.464435,ok,1,direct,0.825465,2,right_eye,0,0,0.000000,0.000000,0.000000,2.000000,637.203000,206.258000,,,,0.025000,
SP_T_Jongkok_2,openpose,104,3.464435,ok,1,direct,0.825465,3,left_ear,0,0,0.000000,0.000000,0.000000,2.000000,676.373000,212.110000,,,,0.035000,
SP_T_Jongkok_2,openpose,104,3.464435,ok,1,direct,0.825465,4,right_ear,0,0,0.000000,0.000000,0.000000,0.000000,0.000000,0.000000,,,,0.035000,
SP_T_Jongkok_2,openpose,104,3.464435,ok,1,direct,0.825465,5,left_shoulder,1,1,2.000000,701.550000,274.760000,2.000000,697.919000,270.808000,5.366793,42.848617,1,0.079000,0.950970
SP_T_Jongkok_2,openpose,104,3.464435,ok,1,direct,0.825465,6,right_shoulder,1,1,2.000000,621.990000,278.160000,2.000000,625.454000,274.813000,4.816815,42.848617,1,0.079000,0.960312
SP_T_Jongkok_2,openpose,104,3.464435,ok,1,direct,0.825465,7,left_elbow,1,1,2.000000,720.500000,346.370000,2.000000,721.429000,343.314000,3.194085,42.848617,1,0.072000,0.978790
SP_T_Jongkok_2,openpose,104,3.464435,ok,1,direct,0.825465,8,right_elbow,1,1,2.000000,609.860000,349.880000,2.000000,609.781000,349.240000,0.644857,42.848617,1,0.072000,0.999127
SP_T_Jongkok_2,openpose,104,3.464435,ok,1,direct,0.825465,9,left_wrist,1,1,2.000000,727.140000,417.040000,2.000000,727.348000,411.867000,5.177180,42.848617,1,0.062000,0.926857
SP_T_Jongkok_2,openpose,104,3.464435,ok,1,direct,0.825465,10,right_wrist,1,1,2.000000,603.360000,422.110000,2.000000,603.963000,413.916000,8.216158,42.848617,1,0.062000,0.825886
SP_T_Jongkok_2,openpose,104,3.464435,ok,1,direct,0.825465,11,left_hip,1,1,2.000000,693.980000,408.950000,2.000000,694.019000,419.746000,10.796070,42.848617,1,0.107000,0.895031
SP_T_Jongkok_2,openpose,104,3.464435,ok,1,direct,0.825465,12,right_hip,1,1,2.000000,643.760000,410.030000,2.000000,635.239000,423.657000,16.071794,42.848617,1,0.107000,0.782107
SP_T_Jongkok_2,openpose,104,3.464435,ok,1,direct,0.825465,13,left_knee,1,1,2.000000,699.110000,524.560000,2.000000,699.911000,531.382000,6.868863,42.848617,1,0.087000,0.934351
SP_T_Jongkok_2,openpose,104,3.464435,ok,1,direct,0.825465,14,right_knee,1,1,2.000000,646.790000,522.850000,2.000000,647.052000,535.311000,12.463754,42.848617,1,0.087000,0.799658
SP_T_Jongkok_2,openpose,104,3.464435,ok,1,direct,0.825465,15,left_ankle,1,1,2.000000,706.460000,645.580000,2.000000,707.795000,639.166000,6.551459,42.848617,1,0.089000,0.942681
SP_T_Jongkok_2,openpose,104,3.464435,ok,1,direct,0.825465,16,right_ankle,1,1,2.000000,654.200000,643.820000,2.000000,654.805000,635.275000,8.566391,42.848617,1,0.089000,0.904006
SP_T_Jongkok_2,openpose,105,3.497747,ok,1,direct,0.824629,0,nose,0,0,0.000000,0.000000,0.000000,2.000000,645.024000,212.133000,,,,0.026000,
SP_T_Jongkok_2,openpose,105,3.497747,ok,1,direct,0.824629,1,left_eye,0,0,0.000000,0.000000,0.000000,2.000000,652.933000,204.284000,,,,0.025000,
SP_T_Jongkok_2,openpose,105,3.497747,ok,1,direct,0.824629,2,right_eye,0,0,0.000000,0.000000,0.000000,2.000000,637.196000,206.248000,,,,0.025000,
SP_T_Jongkok_2,openpose,105,3.497747,ok,1,direct,0.824629,3,left_ear,0,0,0.000000,0.000000,0.000000,2.000000,674.492000,212.098000,,,,0.035000,
SP_T_Jongkok_2,openpose,105,3.497747,ok,1,direct,0.824629,4,right_ear,0,0,0.000000,0.000000,0.000000,0.000000,0.000000,0.000000,,,,0.035000,
SP_T_Jongkok_2,openpose,105,3.497747,ok,1,direct,0.824629,5,left_shoulder,1,1,2.000000,701.550000,274.760000,2.000000,697.890000,268.893000,6.915005,42.438174,1,0.079000,0.918435
SP_T_Jongkok_2,openpose,105,3.497747,ok,1,direct,0.824629,6,right_shoulder,1,1,2.000000,621.110000,278.160000,2.000000,623.510000,274.815000,4.116919,42.438174,1,0.079000,0.970292
SP_T_Jongkok_2,openpose,105,3.497747,ok,1,direct,0.824629,7,left_elbow,1,1,2.000000,721.540000,346.370000,2.000000,721.451000,341.413000,4.957799,42.438174,1,0.072000,0.948708
SP_T_Jongkok_2,openpose,105,3.497747,ok,1,direct,0.824629,8,right_elbow,1,1,2.000000,610.450000,351.210000,2.000000,611.711000,351.196000,1.261078,42.438174,1,0.072000,0.996599
SP_T_Jongkok_2,openpose,105,3.497747,ok,1,direct,0.824629,9,left_wrist,1,1,2.000000,728.320000,417.330000,2.000000,727.361000,409.967000,7.425190,42.438174,1,0.062000,0.852762
SP_T_Jongkok_2,openpose,105,3.497747,ok,1,direct,0.824629,10,right_wrist,1,1,2.000000,606.900000,423.150000,2.000000,605.882000,419.706000,3.591303,42.438174,1,0.062000,0.963426
SP_T_Jongkok_2,openpose,105,3.497747,ok,1,direct,0.824629,11,left_hip,1,1,2.000000,693.980000,408.950000,2.000000,694.056000,419.731000,10.781268,42.438174,1,0.107000,0.893380
SP_T_Jongkok_2,openpose,105,3.497747,ok,1,direct,0.824629,12,right_hip,1,1,2.000000,643.020000,410.030000,2.000000,635.274000,423.677000,15.692072,42.438174,1,0.107000,0.787540
SP_T_Jongkok_2,openpose,105,3.497747,ok,1,direct,0.824629,13,left_knee,1,1,2.000000,699.110000,524.500000,2.000000,699.910000,533.336000,8.872142,42.438174,1,0.087000,0.890932
SP_T_Jongkok_2,openpose,105,3.497747,ok,1,direct,0.824629,14,right_knee,1,1,2.000000,646.790000,522.850000,2.000000,647.071000,535.376000,12.529151,42.438174,1,0.087000,0.794284
SP_T_Jongkok_2,openpose,105,3.497747,ok,1,direct,0.824629,15,left_ankle,1,1,2.000000,706.460000,645.580000,2.000000,709.633000,639.156000,7.164894,42.438174,1,0.089000,0.930558
SP_T_Jongkok_2,openpose,105,3.497747,ok,1,direct,0.824629,16,right_ankle,1,1,2.000000,654.200000,643.820000,2.000000,652.958000,635.261000,8.648644,42.438174,1,0.089000,0.900446
SP_T_Jongkok_2,openpose,106,3.531059,ok,1,direct,0.823006,0,nose,0,0,0.000000,0.000000,0.000000,2.000000,645.030000,212.147000,,,,0.026000,
SP_T_Jongkok_2,openpose,106,3.531059,ok,1,direct,0.823006,1,left_eye,0,0,0.000000,0.000000,0.000000,2.000000,652.939000,204.305000,,,,0.025000,
SP_T_Jongkok_2,openpose,106,3.531059,ok,1,direct,0.823006,2,right_eye,0,0,0.000000,0.000000,0.000000,2.000000,637.189000,206.258000,,,,0.025000,
SP_T_Jongkok_2,openpose,106,3.531059,ok,1,direct,0.823006,3,left_ear,0,0,0.000000,0.000000,0.000000,2.000000,676.338000,212.123000,,,,0.035000,
SP_T_Jongkok_2,openpose,106,3.531059,ok,1,direct,0.823006,4,right_ear,0,0,0.000000,0.000000,0.000000,0.000000,0.000000,0.000000,,,,0.035000,
SP_T_Jongkok_2,openpose,106,3.531059,ok,1,direct,0.823006,5,left_shoulder,1,1,2.000000,701.550000,274.760000,2.000000,696.042000,268.870000,8.064128,42.050185,1,0.079000,0.888823
SP_T_Jongkok_2,openpose,106,3.531059,ok,1,direct,0.823006,6,right_shoulder,1,1,2.000000,621.110000,278.160000,2.000000,623.553000,274.819000,4.138904,42.050185,1,0.079000,0.969431
SP_T_Jongkok_2,openpose,106,3.531059,ok,1,direct,0.823006,7,left_elbow,1,1,2.000000,720.360000,346.370000,2.000000,721.437000,341.420000,5.065810,42.050185,1,0.072000,0.945547
SP_T_Jongkok_2,openpose,106,3.531059,ok,1,direct,0.823006,8,right_elbow,1,1,2.000000,610.150000,351.210000,2.000000,611.716000,351.197000,1.566054,42.050185,1,0.072000,0.994663
SP_T_Jongkok_2,openpose,106,3.531059,ok,1,direct,0.823006,9,left_wrist,1,1,2.000000,726.260000,417.330000,2.000000,727.343000,409.913000,7.495651,42.050185,1,0.062000,0.847621
SP_T_Jongkok_2,openpose,106,3.531059,ok,1,direct,0.823006,10,right_wrist,1,1,2.000000,607.050000,422.850000,2.000000,607.777000,417.817000,5.085235,42.050185,1,0.062000,0.926732
SP_T_Jongkok_2,openpose,106,3.531059,ok,1,direct,0.823006,11,left_hip,1,1,2.000000,693.980000,408.950000,2.000000,693.973000,417.779000,8.829003,42.050185,1,0.107000,0.925880
SP_T_Jongkok_2,openpose,106,3.531059,ok,1,direct,0.823006,12,right_hip,1,1,2.000000,643.020000,410.030000,2.000000,635.252000,421.699000,14.018109,42.050185,1,0.107000,0.823546
SP_T_Jongkok_2,openpose,106,3.531059,ok,1,direct,0.823006,13,left_knee,1,1,2.000000,699.110000,524.450000,2.000000,699.918000,529.475000,5.089547,42.050185,1,0.087000,0.962030
SP_T_Jongkok_2,openpose,106,3.531059,ok,1,direct,0.823006,14,right_knee,1,1,2.000000,646.790000,522.850000,2.000000,648.913000,533.425000,10.785998,42.050185,1,0.087000,0.840422
SP_T_Jongkok_2,openpose,106,3.531059,ok,1,direct,0.823006,15,left_ankle,1,1,2.000000,706.460000,645.580000,2.000000,709.637000,639.131000,7.189084,42.050185,1,0.089000,0.928857
SP_T_Jongkok_2,openpose,106,3.531059,ok,1,direct,0.823006,16,right_ankle,1,1,2.000000,654.200000,643.820000,2.000000,654.811000,635.237000,8.604720,42.050185,1,0.089000,0.899670
SP_T_Jongkok_2,openpose,107,3.564371,ok,1,direct,0.823268,0,nose,0,0,0.000000,0.000000,0.000000,2.000000,645.007000,212.161000,,,,0.026000,
SP_T_Jongkok_2,openpose,107,3.564371,ok,1,direct,0.823268,1,left_eye,0,0,0.000000,0.000000,0.000000,2.000000,652.919000,206.151000,,,,0.025000,
SP_T_Jongkok_2,openpose,107,3.564371,ok,1,direct,0.823268,2,right_eye,0,0,0.000000,0.000000,0.000000,2.000000,637.173000,208.092000,,,,0.025000,
SP_T_Jongkok_2,openpose,107,3.564371,ok,1,direct,0.823268,3,left_ear,0,0,0.000000,0.000000,0.000000,2.000000,674.473000,212.122000,,,,0.035000,
SP_T_Jongkok_2,openpose,107,3.564371,ok,1,direct,0.823268,4,right_ear,0,0,0.000000,0.000000,0.000000,0.000000,0.000000,0.000000,,,,0.035000,
SP_T_Jongkok_2,openpose,107,3.564371,ok,1,direct,0.823268,5,left_shoulder,1,1,2.000000,701.550000,274.760000,2.000000,696.047000,268.885000,8.049760,41.656803,1,0.079000,0.887217
SP_T_Jongkok_2,openpose,107,3.564371,ok,1,direct,0.823268,6,right_shoulder,1,1,2.000000,621.110000,278.160000,2.000000,623.514000,274.807000,4.125751,41.656803,1,0.079000,0.969054
SP_T_Jongkok_2,openpose,107,3.564371,ok,1,direct,0.823268,7,left_elbow,1,1,2.000000,719.180000,346.370000,2.000000,719.504000,341.398000,4.982546,41.656803,1,0.072000,0.946301
SP_T_Jongkok_2,openpose,107,3.564371,ok,1,direct,0.823268,8,right_elbow,1,1,2.000000,609.860000,351.210000,2.000000,609.792000,349.247000,1.964177,41.656803,1,0.072000,0.991459
SP_T_Jongkok_2,openpose,107,3.564371,ok,1,direct,0.823268,9,left_wrist,1,1,2.000000,724.190000,417.330000,2.000000,725.435000,409.936000,7.498084,41.656803,1,0.062000,0.844874
SP_T_Jongkok_2,openpose,107,3.564371,ok,1,direct,0.823268,10,right_wrist,1,1,2.000000,607.200000,422.560000,2.000000,607.851000,413.859000,8.725320,41.656803,1,0.062000,0.795914
SP_T_Jongkok_2,openpose,107,3.564371,ok,1,direct,0.823268,11,left_hip,1,1,2.000000,693.980000,408.950000,2.000000,694.007000,417.775000,8.825041,41.656803,1,0.107000,0.924593
SP_T_Jongkok_2,openpose,107,3.564371,ok,1,direct,0.823268,12,right_hip,1,1,2.000000,643.020000,410.030000,2.000000,635.183000,421.686000,14.045672,41.656803,1,0.107000,0.819879
SP_T_Jongkok_2,openpose,107,3.564371,ok,1,direct,0.823268,13,left_knee,1,1,2.000000,699.110000,524.390000,2.000000,699.932000,529.460000,5.136203,41.656803,1,0.087000,0.960626
SP_T_Jongkok_2,openpose,107,3.564371,ok,1,direct,0.823268,14,right_knee,1,1,2.000000,646.790000,522.850000,2.000000,647.068000,533.428000,10.581652,41.656803,1,0.087000,0.843242
SP_T_Jongkok_2,openpose,107,3.564371,ok,1,direct,0.823268,15,left_ankle,1,1,2.000000,706.460000,645.580000,2.000000,709.649000,639.141000,7.185433,41.656803,1,0.089000,0.927628
SP_T_Jongkok_2,openpose,107,3.564371,ok,1,direct,0.823268,16,right_ankle,1,1,2.000000,654.200000,643.820000,2.000000,652.964000,635.237000,8.671539,41.656803,1,0.089000,0.896360
SP_T_Jongkok_2,openpose,108,3.597683,ok,1,direct,0.823860,0,nose,0,0,0.000000,0.000000,0.000000,2.000000,645.000000,213.995000,,,,0.026000,
SP_T_Jongkok_2,openpose,108,3.597683,ok,1,direct,0.823860,1,left_eye,0,0,0.000000,0.000000,0.000000,2.000000,652.913000,206.175000,,,,0.025000,
SP_T_Jongkok_2,openpose,108,3.597683,ok,1,direct,0.823860,2,right_eye,0,0,0.000000,0.000000,0.000000,2.000000,637.167000,208.110000,,,,0.025000,
SP_T_Jongkok_2,openpose,108,3.597683,ok,1,direct,0.823860,3,left_ear,0,0,0.000000,0.000000,0.000000,2.000000,674.474000,212.131000,,,,0.035000,
SP_T_Jongkok_2,openpose,108,3.597683,ok,1,direct,0.823860,4,right_ear,0,0,0.000000,0.000000,0.000000,0.000000,0.000000,0.000000,,,,0.035000,
SP_T_Jongkok_2,openpose,108,3.597683,ok,1,direct,0.823860,5,left_shoulder,1,1,2.000000,701.550000,274.760000,2.000000,696.002000,268.890000,8.076955,41.261469,1,0.079000,0.884445
SP_T_Jongkok_2,openpose,108,3.597683,ok,1,direct,0.823860,6,right_shoulder,1,1,2.000000,621.110000,278.160000,2.000000,623.484000,274.820000,4.097740,41.261469,1,0.079000,0.968888
SP_T_Jongkok_2,openpose,108,3.597683,ok,1,direct,0.823860,7,left_elbow,1,1,2.000000,718.000000,346.370000,2.000000,717.496000,339.464000,6.924367,41.261469,1,0.072000,0.897043
SP_T_Jongkok_2,openpose,108,3.597683,ok,1,direct,0.823860,8,right_elbow,1,1,2.000000,609.560000,351.210000,2.000000,611.690000,349.215000,2.918377,41.261469,1,0.072000,0.980885
SP_T_Jongkok_2,openpose,108,3.597683,ok,1,direct,0.823860,9,left_wrist,1,1,2.000000,722.120000,417.330000,2.000000,723.467000,407.990000,9.436631,41.261469,1,0.062000,0.761748
SP_T_Jongkok_2,openpose,108,3.597683,ok,1,direct,0.823860,10,right_wrist,1,1,2.000000,607.340000,422.260000,2.000000,607.876000,413.823000,8.454009,41.261469,1,0.062000,0.803792
SP_T_Jongkok_2,openpose,108,3.597683,ok,1,direct,0.823860,11,left_hip,1,1,2.000000,693.980000,408.950000,2.000000,692.108000,417.827000,9.072239,41.261469,1,0.107000,0.919017
SP_T_Jongkok_2,openpose,108,3.597683,ok,1,direct,0.823860,12,right_hip,1,1,2.000000,643.020000,410.030000,2.000000,635.188000,421.733000,14.081919,41.261469,1,0.107000,0.815896
SP_T_Jongkok_2,openpose,108,3.597683,ok,1,direct,0.823860,13,left_knee,1,1,2.000000,699.110000,524.330000,2.000000,699.903000,529.467000,5.197847,41.261469,1,0.087000,0.958935
SP_T_Jongkok_2,openpose,108,3.597683,ok,1,direct,0.823860,14,right_knee,1,1,2.000000,646.790000,522.850000,2.000000,647.070000,533.409000,10.562712,41.261469,1,0.087000,0.841001
SP_T_Jongkok_2,openpose,108,3.597683,ok,1,direct,0.823860,15,left_ankle,1,1,2.000000,706.460000,645.580000,2.000000,709.673000,639.125000,7.210436,41.261469,1,0.089000,0.925792
SP_T_Jongkok_2,openpose,108,3.597683,ok,1,direct,0.823860,16,right_ankle,1,1,2.000000,654.200000,643.820000,2.000000,654.798000,635.235000,8.605802,41.261469,1,0.089000,0.895981
SP_T_Jongkok_2,openpose,109,3.630995,ok,1,direct,0.793942,0,nose,0,0,0.000000,0.000000,0.000000,2.000000,645.008000,214.003000,,,,0.026000,
SP_T_Jongkok_2,openpose,109,3.630995,ok,1,direct,0.793942,1,left_eye,0,0,0.000000,0.000000,0.000000,2.000000,652.918000,206.188000,,,,0.025000,
SP_T_Jongkok_2,openpose,109,3.630995,ok,1,direct,0.793942,2,right_eye,0,0,0.000000,0.000000,0.000000,2.000000,637.164000,208.123000,,,,0.025000,
SP_T_Jongkok_2,openpose,109,3.630995,ok,1,direct,0.793942,3,left_ear,0,0,0.000000,0.000000,0.000000,2.000000,674.436000,212.149000,,,,0.035000,
SP_T_Jongkok_2,openpose,109,3.630995,ok,1,direct,0.793942,4,right_ear,0,0,0.000000,0.000000,0.000000,2.000000,629.374000,219.867000,,,,0.035000,
SP_T_Jongkok_2,openpose,109,3.630995,ok,1,direct,0.793942,5,left_shoulder,1,1,2.000000,701.550000,274.760000,2.000000,695.988000,268.904000,8.076421,40.862309,1,0.079000,0.882330
SP_T_Jongkok_2,openpose,109,3.630995,ok,1,direct,0.793942,6,right_shoulder,1,1,2.000000,621.110000,278.160000,2.000000,621.576000,276.688000,1.544001,40.862309,1,0.079000,0.995435
SP_T_Jongkok_2,openpose,109,3.630995,ok,1,direct,0.793942,7,left_elbow,1,1,2.000000,716.820000,346.370000,2.000000,715.622000,341.374000,5.137628,40.862309,1,0.072000,0.940835
SP_T_Jongkok_2,openpose,109,3.630995,ok,1,direct,0.793942,8,right_elbow,1,1,2.000000,609.270000,351.210000,2.000000,611.777000,349.218000,3.202048,40.862309,1,0.072000,0.976588
SP_T_Jongkok_2,openpose,109,3.630995,ok,1,direct,0.793942,9,left_wrist,1,1,2.000000,720.060000,417.330000,2.000000,721.484000,409.971000,7.495509,40.862309,1,0.062000,0.839401
SP_T_Jongkok_2,openpose,109,3.630995,ok,1,direct,0.793942,10,right_wrist,1,1,2.000000,607.490000,421.970000,2.000000,607.878000,411.916000,10.061484,40.862309,1,0.062000,0.729464
SP_T_Jongkok_2,openpose,109,3.630995,ok,1,direct,0.793942,11,left_hip,1,1,2.000000,693.980000,408.950000,2.000000,692.056000,417.806000,9.062589,40.862309,1,0.107000,0.917663
SP_T_Jongkok_2,openpose,109,3.630995,ok,1,direct,0.793942,12,right_hip,1,1,2.000000,643.020000,410.030000,2.000000,635.196000,421.717000,14.064172,40.862309,1,0.107000,0.813068
SP_T_Jongkok_2,openpose,109,3.630995,ok,1,direct,0.793942,13,left_knee,1,1,2.000000,699.110000,524.270000,2.000000,699.897000,529.496000,5.284926,40.862309,1,0.087000,0.956762
SP_T_Jongkok_2,openpose,109,3.630995,ok,1,direct,0.793942,14,right_knee,1,1,2.000000,646.790000,522.850000,2.000000,648.901000,535.296000,12.623757,40.862309,1,0.087000,0.777099
SP_T_Jongkok_2,openpose,109,3.630995,ok,1,direct,0.793942,15,left_ankle,1,1,2.000000,706.460000,645.580000,2.000000,709.667000,637.279000,8.898958,40.862309,1,0.089000,0.887140
SP_T_Jongkok_2,openpose,109,3.630995,ok,1,direct,0.793942,16,right_ankle,1,1,2.000000,654.200000,643.820000,2.000000,652.953000,635.263000,8.647384,40.862309,1,0.089000,0.893082
SP_T_Jongkok_2,openpose,110,3.664307,ok,1,direct,0.795233,0,nose,0,0,0.000000,0.000000,0.000000,2.000000,645.008000,214.001000,,,,0.026000,
SP_T_Jongkok_2,openpose,110,3.664307,ok,1,direct,0.795233,1,left_eye,0,0,0.000000,0.000000,0.000000,2.000000,652.924000,206.187000,,,,0.025000,
SP_T_Jongkok_2,openpose,110,3.664307,ok,1,direct,0.795233,2,right_eye,0,0,0.000000,0.000000,0.000000,2.000000,637.165000,208.121000,,,,0.025000,
SP_T_Jongkok_2,openpose,110,3.664307,ok,1,direct,0.795233,3,left_ear,0,0,0.000000,0.000000,0.000000,2.000000,674.425000,212.160000,,,,0.035000,
SP_T_Jongkok_2,openpose,110,3.664307,ok,1,direct,0.795233,4,right_ear,0,0,0.000000,0.000000,0.000000,2.000000,629.365000,219.870000,,,,0.035000,
SP_T_Jongkok_2,openpose,110,3.664307,ok,1,direct,0.795233,5,left_shoulder,1,1,2.000000,701.550000,274.760000,2.000000,695.975000,268.878000,8.104230,40.457379,1,0.079000,0.879335
SP_T_Jongkok_2,openpose,110,3.664307,ok,1,direct,0.795233,6,right_shoulder,1,1,2.000000,621.110000,278.160000,2.000000,621.547000,274.849000,3.339714,40.457379,1,0.079000,0.978399
SP_T_Jongkok_2,openpose,110,3.664307,ok,1,direct,0.795233,7,left_elbow,1,1,2.000000,715.630000,346.370000,2.000000,715.556000,341.421000,4.949553,40.457379,1,0.072000,0.943892
SP_T_Jongkok_2,openpose,110,3.664307,ok,1,direct,0.795233,8,right_elbow,1,1,2.000000,608.970000,351.210000,2.000000,611.730000,349.242000,3.389782,40.457379,1,0.072000,0.973279
SP_T_Jongkok_2,openpose,110,3.664307,ok,1,direct,0.795233,9,left_wrist,1,1,2.000000,717.990000,417.330000,2.000000,717.491000,411.867000,5.485742,40.457379,1,0.062000,0.908775
SP_T_Jongkok_2,openpose,110,3.664307,ok,1,direct,0.795233,10,right_wrist,1,1,2.000000,607.640000,421.670000,2.000000,607.843000,411.952000,9.720120,40.457379,1,0.062000,0.740576
SP_T_Jongkok_2,openpose,110,3.664307,ok,1,direct,0.795233,11,left_hip,1,1,2.000000,693.980000,408.950000,2.000000,690.092000,417.807000,9.672797,40.457379,1,0.107000,0.904968
SP_T_Jongkok_2,openpose,110,3.664307,ok,1,direct,0.795233,12,right_hip,1,1,2.000000,643.020000,410.030000,2.000000,633.332000,423.632000,16.699454,40.457379,1,0.107000,0.742579
SP_T_Jongkok_2,openpose,110,3.664307,ok,1,direct,0.795233,13,left_knee,1,1,2.000000,699.110000,524.210000,2.000000,699.896000,531.371000,7.204007,40.457379,1,0.087000,0.919633
SP_T_Jongkok_2,openpose,110,3.664307,ok,1,direct,0.795233,14,right_knee,1,1,2.000000,646.790000,522.850000,2.000000,648.907000,535.331000,12.659267,40.457379,1,0.087000,0.772047
SP_T_Jongkok_2,openpose,110,3.664307,ok,1,direct,0.795233,15,left_ankle,1,1,2.000000,706.460000,645.580000,2.000000,709.649000,637.284000,8.887820,40.457379,1,0.089000,0.885276
SP_T_Jongkok_2,openpose,110,3.664307,ok,1,direct,0.795233,16,right_ankle,1,1,2.000000,654.200000,643.820000,2.000000,652.946000,635.265000,8.646418,40.457379,1,0.089000,0.891076
SP_T_Jongkok_2,openpose,111,3.697618,ok,1,direct,0.798772,0,nose,0,0,0.000000,0.000000,0.000000,2.000000,645.016000,214.025000,,,,0.026000,
SP_T_Jongkok_2,openpose,111,3.697618,ok,1,direct,0.798772,1,left_eye,0,0,0.000000,0.000000,0.000000,2.000000,652.940000,206.208000,,,,0.025000,
SP_T_Jongkok_2,openpose,111,3.697618,ok,1,direct,0.798772,2,right_eye,0,0,0.000000,0.000000,0.000000,2.000000,635.341000,208.144000,,,,0.025000,
SP_T_Jongkok_2,openpose,111,3.697618,ok,1,direct,0.798772,3,left_ear,0,0,0.000000,0.000000,0.000000,2.000000,674.448000,213.995000,,,,0.035000,
SP_T_Jongkok_2,openpose,111,3.697618,ok,1,direct,0.798772,4,right_ear,0,0,0.000000,0.000000,0.000000,2.000000,629.364000,219.871000,,,,0.035000,
SP_T_Jongkok_2,openpose,111,3.697618,ok,1,direct,0.798772,5,left_shoulder,1,1,2.000000,701.550000,274.760000,2.000000,696.001000,268.915000,8.059493,40.240487,1,0.079000,0.879371
SP_T_Jongkok_2,openpose,111,3.697618,ok,1,direct,0.798772,6,right_shoulder,1,1,2.000000,621.110000,278.160000,2.000000,621.536000,274.836000,3.351187,40.240487,1,0.079000,0.978020
SP_T_Jongkok_2,openpose,111,3.697618,ok,1,direct,0.798772,7,left_elbow,1,1,2.000000,715.380000,346.370000,2.000000,715.539000,345.270000,1.111432,40.240487,1,0.072000,0.997061
SP_T_Jongkok_2,openpose,111,3.697618,ok,1,direct,0.798772,8,right_elbow,1,1,2.000000,608.680000,351.210000,2.000000,609.816000,349.232000,2.281004,40.240487,1,0.072000,0.987680
SP_T_Jongkok_2,openpose,111,3.697618,ok,1,direct,0.798772,9,left_wrist,1,1,2.000000,716.960000,417.040000,2.000000,715.535000,413.866000,3.479210,40.240487,1,0.062000,0.961853
SP_T_Jongkok_2,openpose,111,3.697618,ok,1,direct,0.798772,10,right_wrist,1,1,2.000000,607.790000,421.380000,2.000000,607.832000,411.934000,9.446093,40.240487,1,0.062000,0.750738
SP_T_Jongkok_2,openpose,111,3.697618,ok,1,direct,0.798772,11,left_hip,1,1,2.000000,693.980000,408.950000,2.000000,688.183000,421.668000,13.976864,40.240487,1,0.107000,0.809981
SP_T_Jongkok_2,openpose,111,3.697618,ok,1,direct,0.798772,12,right_hip,1,1,2.000000,643.020000,410.030000,2.000000,633.308000,425.614000,18.362571,40.240487,1,0.107000,0.695065
SP_T_Jongkok_2,openpose,111,3.697618,ok,1,direct,0.798772,13,left_knee,1,1,2.000000,699.110000,524.150000,2.000000,699.894000,529.481000,5.388341,40.240487,1,0.087000,0.953727
SP_T_Jongkok_2,openpose,111,3.697618,ok,1,direct,0.798772,14,right_knee,1,1,2.000000,646.790000,522.850000,2.000000,648.916000,535.347000,12.676549,40.240487,1,0.087000,0.769341
SP_T_Jongkok_2,openpose,111,3.697618,ok,1,direct,0.798772,15,left_ankle,1,1,2.000000,706.460000,645.580000,2.000000,709.660000,639.126000,7.203757,40.240487,1,0.089000,0.922270
SP_T_Jongkok_2,openpose,111,3.697618,ok,1,direct,0.798772,16,right_ankle,1,1,2.000000,654.200000,643.820000,2.000000,652.936000,635.269000,8.643917,40.240487,1,0.089000,0.890026
SP_T_Jongkok_2,openpose,112,3.730930,ok,1,direct,0.799820,0,nose,0,0,0.000000,0.000000,0.000000,2.000000,645.031000,214.027000,,,,0.026000,
SP_T_Jongkok_2,openpose,112,3.730930,ok,1,direct,0.799820,1,left_eye,0,0,0.000000,0.000000,0.000000,2.000000,652.949000,206.216000,,,,0.025000,
SP_T_Jongkok_2,openpose,112,3.730930,ok,1,direct,0.799820,2,right_eye,0,0,0.000000,0.000000,0.000000,2.000000,637.168000,208.155000,,,,0.025000,
SP_T_Jongkok_2,openpose,112,3.730930,ok,1,direct,0.799820,3,left_ear,0,0,0.000000,0.000000,0.000000,2.000000,674.436000,214.003000,,,,0.035000,
SP_T_Jongkok_2,openpose,112,3.730930,ok,1,direct,0.799820,4,right_ear,0,0,0.000000,0.000000,0.000000,2.000000,629.340000,219.877000,,,,0.035000,
SP_T_Jongkok_2,openpose,112,3.730930,ok,1,direct,0.799820,5,left_shoulder,1,1,2.000000,701.550000,274.760000,2.000000,695.995000,268.870000,8.096303,40.024273,1,0.079000,0.877104
SP_T_Jongkok_2,openpose,112,3.730930,ok,1,direct,0.799820,6,right_shoulder,1,1,2.000000,621.110000,278.160000,2.000000,621.547000,274.806000,3.382349,40.024273,1,0.079000,0.977374
SP_T_Jongkok_2,openpose,112,3.730930,ok,1,direct,0.799820,7,left_elbow,1,1,2.000000,715.120000,346.370000,2.000000,713.653000,343.329000,3.376355,40.024273,1,0.072000,0.972919
SP_T_Jongkok_2,openpose,112,3.730930,ok,1,direct,0.799820,8,right_elbow,1,1,2.000000,608.380000,351.210000,2.000000,609.844000,349.227000,2.464870,40.024273,1,0.072000,0.985474
SP_T_Jongkok_2,openpose,112,3.730930,ok,1,direct,0.799820,9,left_wrist,1,1,2.000000,715.930000,416.740000,2.000000,713.646000,413.919000,3.629697,40.024273,1,0.062000,0.958113
SP_T_Jongkok_2,openpose,112,3.730930,ok,1,direct,0.799820,10,right_wrist,1,1,2.000000,607.930000,421.080000,2.000000,607.885000,411.906000,9.174110,40.024273,1,0.062000,0.760822
SP_T_Jongkok_2,openpose,112,3.730930,ok,1,direct,0.799820,11,left_hip,1,1,2.000000,693.980000,408.950000,2.000000,688.154000,419.777000,12.294967,40.024273,1,0.107000,0.848027
SP_T_Jongkok_2,openpose,112,3.730930,ok,1,direct,0.799820,12,right_hip,1,1,2.000000,643.020000,410.030000,2.000000,633.362000,423.693000,16.731842,40.024273,1,0.107000,0.736915
SP_T_Jongkok_2,openpose,112,3.730930,ok,1,direct,0.799820,13,left_knee,1,1,2.000000,699.110000,524.090000,2.000000,698.027000,529.480000,5.497726,40.024273,1,0.087000,0.951367
SP_T_Jongkok_2,openpose,112,3.730930,ok,1,direct,0.799820,14,right_knee,1,1,2.000000,646.790000,522.850000,2.000000,648.908000,535.328000,12.656477,40.024273,1,0.087000,0.767802
SP_T_Jongkok_2,openpose,112,3.730930,ok,1,direct,0.799820,15,left_ankle,1,1,2.000000,706.460000,645.580000,2.000000,709.658000,639.130000,7.199285,40.024273,1,0.089000,0.921555
SP_T_Jongkok_2,openpose,112,3.730930,ok,1,direct,0.799820,16,right_ankle,1,1,2.000000,654.200000,643.820000,2.000000,652.932000,635.259000,8.654395,40.024273,1,0.089000,0.888649
SP_T_Jongkok_2,openpose,113,3.764242,ok,1,direct,0.801295,0,nose,0,0,0.000000,0.000000,0.000000,2.000000,645.035000,214.049000,,,,0.026000,
SP_T_Jongkok_2,openpose,113,3.764242,ok,1,direct,0.801295,1,left_eye,0,0,0.000000,0.000000,0.000000,2.000000,652.954000,206.234000,,,,0.025000,
SP_T_Jongkok_2,openpose,113,3.764242,ok,1,direct,0.801295,2,right_eye,0,0,0.000000,0.000000,0.000000,2.000000,637.162000,208.178000,,,,0.025000,
SP_T_Jongkok_2,openpose,113,3.764242,ok,1,direct,0.801295,3,left_ear,0,0,0.000000,0.000000,0.000000,2.000000,674.432000,214.021000,,,,0.035000,
SP_T_Jongkok_2,openpose,113,3.764242,ok,1,direct,0.801295,4,right_ear,0,0,0.000000,0.000000,0.000000,2.000000,629.354000,219.893000,,,,0.035000,
SP_T_Jongkok_2,openpose,113,3.764242,ok,1,direct,0.801295,5,left_shoulder,1,1,2.000000,701.550000,274.760000,2.000000,696.009000,268.884000,8.076513,39.803158,1,0.079000,0.876390
SP_T_Jongkok_2,openpose,113,3.764242,ok,1,direct,0.801295,6,right_shoulder,1,1,2.000000,621.110000,278.160000,2.000000,621.554000,274.826000,3.363435,39.803158,1,0.079000,0.977377
SP_T_Jongkok_2,openpose,113,3.764242,ok,1,direct,0.801295,7,left_elbow,1,1,2.000000,714.860000,346.370000,2.000000,713.596000,345.307000,1.651564,39.803158,1,0.072000,0.993380
SP_T_Jongkok_2,openpose,113,3.764242,ok,1,direct,0.801295,8,right_elbow,1,1,2.000000,608.090000,351.210000,2.000000,607.859000,349.273000,1.950726,39.803158,1,0.072000,0.990776
SP_T_Jongkok_2,openpose,113,3.764242,ok,1,direct,0.801295,9,left_wrist,1,1,2.000000,714.890000,416.450000,2.000000,711.736000,413.877000,4.070386,39.803158,1,0.062000,0.947043
SP_T_Jongkok_2,openpose,113,3.764242,ok,1,direct,0.801295,10,right_wrist,1,1,2.000000,608.080000,420.790000,2.000000,607.855000,413.897000,6.896671,39.803158,1,0.062000,0.855385
SP_T_Jongkok_2,openpose,113,3.764242,ok,1,direct,0.801295,11,left_hip,1,1,2.000000,693.980000,408.950000,2.000000,688.192000,419.779000,12.278770,39.803158,1,0.107000,0.846842
SP_T_Jongkok_2,openpose,113,3.764242,ok,1,direct,0.801295,12,right_hip,1,1,2.000000,643.020000,410.030000,2.000000,633.357000,423.691000,16.733096,39.803158,1,0.107000,0.734378
SP_T_Jongkok_2,openpose,113,3.764242,ok,1,direct,0.801295,13,left_knee,1,1,2.000000,699.110000,524.030000,2.000000,698.012000,531.401000,7.452332,39.803158,1,0.087000,0.911533
SP_T_Jongkok_2,openpose,113,3.764242,ok,1,direct,0.801295,14,right_knee,1,1,2.000000,646.790000,522.850000,2.000000,648.891000,535.372000,12.697034,39.803158,1,0.087000,0.764234
SP_T_Jongkok_2,openpose,113,3.764242,ok,1,direct,0.801295,15,left_ankle,1,1,2.000000,706.460000,645.580000,2.000000,709.664000,639.149000,7.184941,39.803158,1,0.089000,0.921020
SP_T_Jongkok_2,openpose,113,3.764242,ok,1,direct,0.801295,16,right_ankle,1,1,2.000000,654.200000,643.820000,2.000000,652.934000,635.235000,8.677844,39.803158,1,0.089000,0.886906
SP_T_Jongkok_2,openpose,114,3.797554,ok,1,direct,0.800881,0,nose,0,0,0.000000,0.000000,0.000000,2.000000,645.051000,214.057000,,,,0.026000,
SP_T_Jongkok_2,openpose,114,3.797554,ok,1,direct,0.800881,1,left_eye,0,0,0.000000,0.000000,0.000000,2.000000,654.798000,206.250000,,,,0.025000,
SP_T_Jongkok_2,openpose,114,3.797554,ok,1,direct,0.800881,2,right_eye,0,0,0.000000,0.000000,0.000000,2.000000,637.176000,208.195000,,,,0.025000,
SP_T_Jongkok_2,openpose,114,3.797554,ok,1,direct,0.800881,3,left_ear,0,0,0.000000,0.000000,0.000000,2.000000,674.484000,214.037000,,,,0.035000,
SP_T_Jongkok_2,openpose,114,3.797554,ok,1,direct,0.800881,4,right_ear,0,0,0.000000,0.000000,0.000000,2.000000,629.361000,219.933000,,,,0.035000,
SP_T_Jongkok_2,openpose,114,3.797554,ok,1,direct,0.800881,5,left_shoulder,1,1,2.000000,701.550000,274.760000,2.000000,696.012000,268.903000,8.060638,39.803158,1,0.079000,0.876845
SP_T_Jongkok_2,openpose,114,3.797554,ok,1,direct,0.800881,6,right_shoulder,1,1,2.000000,621.110000,278.160000,2.000000,621.542000,274.839000,3.348980,39.803158,1,0.079000,0.977569
SP_T_Jongkok_2,openpose,114,3.797554,ok,1,direct,0.800881,7,left_elbow,1,1,2.000000,714.600000,346.370000,2.000000,713.561000,345.265000,1.516755,39.803158,1,0.072000,0.994413
SP_T_Jongkok_2,openpose,114,3.797554,ok,1,direct,0.800881,8,right_elbow,1,1,2.000000,607.790000,351.210000,2.000000,609.780000,351.145000,1.991061,39.803158,1,0.072000,0.990393
SP_T_Jongkok_2,openpose,114,3.797554,ok,1,direct,0.800881,9,left_wrist,1,1,2.000000,713.860000,416.150000,2.000000,711.739000,413.834000,3.140461,39.803158,1,0.062000,0.968130
SP_T_Jongkok_2,openpose,114,3.797554,ok,1,direct,0.800881,10,right_wrist,1,1,2.000000,608.230000,420.490000,2.000000,609.744000,413.903000,6.758755,39.803158,1,0.062000,0.860692
SP_T_Jongkok_2,openpose,114,3.797554,ok,1,direct,0.800881,11,left_hip,1,1,2.000000,693.980000,408.950000,2.000000,688.129000,421.667000,13.998439,39.803158,1,0.107000,0.805682
SP_T_Jongkok_2,openpose,114,3.797554,ok,1,direct,0.800881,12,right_hip,1,1,2.000000,643.020000,410.030000,2.000000,635.183000,423.689000,15.747598,39.803158,1,0.107000,0.760761
SP_T_Jongkok_2,openpose,114,3.797554,ok,1,direct,0.800881,13,left_knee,1,1,2.000000,699.110000,523.970000,2.000000,697.996000,531.398000,7.511070,39.803158,1,0.087000,0.910198
SP_T_Jongkok_2,openpose,114,3.797554,ok,1,direct,0.800881,14,right_knee,1,1,2.000000,646.790000,522.850000,2.000000,648.919000,535.327000,12.657337,39.803158,1,0.087000,0.765518
SP_T_Jongkok_2,openpose,114,3.797554,ok,1,direct,0.800881,15,left_ankle,1,1,2.000000,706.460000,645.580000,2.000000,709.648000,639.143000,7.183197,39.803158,1,0.089000,0.921057
SP_T_Jongkok_2,openpose,114,3.797554,ok,1,direct,0.800881,16,right_ankle,1,1,2.000000,654.200000,643.820000,2.000000,652.947000,635.230000,8.680905,39.803158,1,0.089000,0.886831
SP_T_Jongkok_2,openpose,115,3.830866,ok,1,direct,0.801385,0,nose,0,0,0.000000,0.000000,0.000000,2.000000,645.058000,214.061000,,,,0.026000,
SP_T_Jongkok_2,openpose,115,3.830866,ok,1,direct,0.801385,1,left_eye,0,0,0.000000,0.000000,0.000000,2.000000,654.799000,206.258000,,,,0.025000,
SP_T_Jongkok_2,openpose,115,3.830866,ok,1,direct,0.801385,2,right_eye,0,0,0.000000,0.000000,0.000000,2.000000,637.178000,208.205000,,,,0.025000,
SP_T_Jongkok_2,openpose,115,3.830866,ok,1,direct,0.801385,3,left_ear,0,0,0.000000,0.000000,0.000000,2.000000,676.340000,214.037000,,,,0.035000,
SP_T_Jongkok_2,openpose,115,3.830866,ok,1,direct,0.801385,4,right_ear,0,0,0.000000,0.000000,0.000000,2.000000,629.365000,219.924000,,,,0.035000,
SP_T_Jongkok_2,openpose,115,3.830866,ok,1,direct,0.801385,5,left_shoulder,1,1,2.000000,701.550000,274.760000,2.000000,695.998000,268.921000,8.057210,39.808747,1,0.079000,0.876975
SP_T_Jongkok_2,openpose,115,3.830866,ok,1,direct,0.801385,6,right_shoulder,1,1,2.000000,621.110000,278.160000,2.000000,621.551000,274.825000,3.364031,39.808747,1,0.079000,0.977375
SP_T_Jongkok_2,openpose,115,3.830866,ok,1,direct,0.801385,7,left_elbow,1,1,2.000000,714.340000,346.370000,2.000000,711.715000,345.313000,2.829819,39.808747,1,0.072000,0.980694
SP_T_Jongkok_2,openpose,115,3.830866,ok,1,direct,0.801385,8,right_elbow,1,1,2.000000,607.500000,351.210000,2.000000,609.774000,349.248000,3.003418,39.808747,1,0.072000,0.978279
SP_T_Jongkok_2,openpose,115,3.830866,ok,1,direct,0.801385,9,left_wrist,1,1,2.000000,712.830000,415.860000,2.000000,711.719000,413.803000,2.337856,39.808747,1,0.062000,0.982216
SP_T_Jongkok_2,openpose,115,3.830866,ok,1,direct,0.801385,10,right_wrist,1,1,2.000000,608.380000,420.200000,2.000000,609.772000,413.873000,6.478317,39.808747,1,0.062000,0.871283
SP_T_Jongkok_2,openpose,115,3.830866,ok,1,direct,0.801385,11,left_hip,1,1,2.000000,693.980000,408.950000,2.000000,686.248000,419.772000,13.300357,39.808747,1,0.107000,0.822836
SP_T_Jongkok_2,openpose,115,3.830866,ok,1,direct,0.801385,12,right_hip,1,1,2.000000,643.020000,410.030000,2.000000,633.355000,423.681000,16.726088,39.808747,1,0.107000,0.734632
SP_T_Jongkok_2,openpose,115,3.830866,ok,1,direct,0.801385,13,left_knee,1,1,2.000000,699.110000,523.910000,2.000000,697.987000,529.518000,5.719335,39.808747,1,0.087000,0.946919
SP_T_Jongkok_2,openpose,115,3.830866,ok,1,direct,0.801385,14,right_knee,1,1,2.000000,646.790000,522.850000,2.000000,648.897000,535.366000,12.692112,39.808747,1,0.087000,0.764451
SP_T_Jongkok_2,openpose,115,3.830866,ok,1,direct,0.801385,15,left_ankle,1,1,2.000000,706.460000,645.580000,2.000000,709.654000,639.133000,7.194821,39.808747,1,0.089000,0.920833
SP_T_Jongkok_2,openpose,115,3.830866,ok,1,direct,0.801385,16,right_ankle,1,1,2.000000,654.200000,643.820000,2.000000,652.944000,635.221000,8.690244,39.808747,1,0.089000,0.886632
SP_T_Jongkok_2,openpose,116,3.864178,ok,1,direct,0.802222,0,nose,0,0,0.000000,0.000000,0.000000,2.000000,645.061000,214.067000,,,,0.026000,
SP_T_Jongkok_2,openpose,116,3.864178,ok,1,direct,0.802222,1,left_eye,0,0,0.000000,0.000000,0.000000,2.000000,654.802000,206.264000,,,,0.025000,
SP_T_Jongkok_2,openpose,116,3.864178,ok,1,direct,0.802222,2,right_eye,0,0,0.000000,0.000000,0.000000,2.000000,637.176000,208.211000,,,,0.025000,
SP_T_Jongkok_2,openpose,116,3.864178,ok,1,direct,0.802222,3,left_ear,0,0,0.000000,0.000000,0.000000,2.000000,674.490000,214.044000,,,,0.035000,
SP_T_Jongkok_2,openpose,116,3.864178,ok,1,direct,0.802222,4,right_ear,0,0,0.000000,0.000000,0.000000,2.000000,629.351000,219.925000,,,,0.035000,
SP_T_Jongkok_2,openpose,116,3.864178,ok,1,direct,0.802222,5,left_shoulder,1,1,2.000000,701.550000,274.760000,2.000000,695.995000,268.924000,8.057104,39.760279,1,0.079000,0.876697
SP_T_Jongkok_2,openpose,116,3.864178,ok,1,direct,0.802222,6,right_shoulder,1,1,2.000000,621.110000,278.160000,2.000000,621.561000,274.824000,3.366348,39.760279,1,0.079000,0.977290
SP_T_Jongkok_2,openpose,116,3.864178,ok,1,direct,0.802222,7,left_elbow,1,1,2.000000,714.080000,346.370000,2.000000,711.703000,345.284000,2.613336,39.760279,1,0.072000,0.983471
SP_T_Jongkok_2,openpose,116,3.864178,ok,1,direct,0.802222,8,right_elbow,1,1,2.000000,607.500000,351.210000,2.000000,609.752000,349.225000,3.001954,39.760279,1,0.072000,0.978248
SP_T_Jongkok_2,openpose,116,3.864178,ok,1,direct,0.802222,9,left_wrist,1,1,2.000000,712.460000,415.860000,2.000000,711.711000,411.967000,3.964398,39.760279,1,0.062000,0.949590
SP_T_Jongkok_2,openpose,116,3.864178,ok,1,direct,0.802222,10,right_wrist,1,1,2.000000,608.280000,420.100000,2.000000,609.750000,413.830000,6.440016,39.760279,1,0.062000,0.872409
SP_T_Jongkok_2,openpose,116,3.864178,ok,1,direct,0.802222,11,left_hip,1,1,2.000000,693.980000,408.950000,2.000000,686.262000,419.796000,13.311771,39.760279,1,0.107000,0.822168
SP_T_Jongkok_2,openpose,116,3.864178,ok,1,direct,0.802222,12,right_hip,1,1,2.000000,643.020000,410.030000,2.000000,633.347000,423.691000,16.738872,39.760279,1,0.107000,0.733733
SP_T_Jongkok_2,openpose,116,3.864178,ok,1,direct,0.802222,13,left_knee,1,1,2.000000,699.110000,523.850000,2.000000,697.996000,531.424000,7.655486,39.760279,1,0.087000,0.906687
SP_T_Jongkok_2,openpose,116,3.864178,ok,1,direct,0.802222,14,right_knee,1,1,2.000000,646.790000,522.850000,2.000000,648.909000,535.389000,12.716787,39.760279,1,0.087000,0.763150
SP_T_Jongkok_2,openpose,116,3.864178,ok,1,direct,0.802222,15,left_ankle,1,1,2.000000,706.460000,645.580000,2.000000,709.669000,639.134000,7.200597,39.760279,1,0.089000,0.920525
SP_T_Jongkok_2,openpose,116,3.864178,ok,1,direct,0.802222,16,right_ankle,1,1,2.000000,654.200000,643.820000,2.000000,652.940000,635.227000,8.684886,39.760279,1,0.089000,0.886504
SP_T_Jongkok_2,openpose,117,3.897490,ok,1,direct,0.802835,0,nose,0,0,0.000000,0.000000,0.000000,2.000000,645.061000,214.072000,,,,0.026000,
SP_T_Jongkok_2,openpose,117,3.897490,ok,1,direct,0.802835,1,left_eye,0,0,0.000000,0.000000,0.000000,2.000000,654.811000,208.095000,,,,0.025000,
SP_T_Jongkok_2,openpose,117,3.897490,ok,1,direct,0.802835,2,right_eye,0,0,0.000000,0.000000,0.000000,2.000000,637.180000,208.214000,,,,0.025000,
SP_T_Jongkok_2,openpose,117,3.897490,ok,1,direct,0.802835,3,left_ear,0,0,0.000000,0.000000,0.000000,2.000000,676.349000,214.059000,,,,0.035000,
SP_T_Jongkok_2,openpose,117,3.897490,ok,1,direct,0.802835,4,right_ear,0,0,0.000000,0.000000,0.000000,2.000000,629.350000,219.942000,,,,0.035000,
SP_T_Jongkok_2,openpose,117,3.897490,ok,1,direct,0.802835,5,left_shoulder,1,1,2.000000,701.550000,274.760000,2.000000,695.994000,268.920000,8.060691,39.713620,1,0.079000,0.876323
SP_T_Jongkok_2,openpose,117,3.897490,ok,1,direct,0.802835,6,right_shoulder,1,1,2.000000,621.110000,278.160000,2.000000,621.594000,274.838000,3.357073,39.713620,1,0.079000,0.977361
SP_T_Jongkok_2,openpose,117,3.897490,ok,1,direct,0.802835,7,left_elbow,1,1,2.000000,713.830000,346.370000,2.000000,711.714000,345.284000,2.378414,39.713620,1,0.072000,0.986258
SP_T_Jongkok_2,openpose,117,3.897490,ok,1,direct,0.802835,8,right_elbow,1,1,2.000000,607.500000,351.210000,2.000000,607.872000,349.270000,1.975344,39.713620,1,0.072000,0.990501
SP_T_Jongkok_2,openpose,117,3.897490,ok,1,direct,0.802835,9,left_wrist,1,1,2.000000,712.090000,415.860000,2.000000,711.704000,411.971000,3.908109,39.713620,1,0.062000,0.950863
SP_T_Jongkok_2,openpose,117,3.897490,ok,1,direct,0.802835,10,right_wrist,1,1,2.000000,608.180000,420.000000,2.000000,607.842000,413.873000,6.136316,39.713620,1,0.062000,0.883188
SP_T_Jongkok_2,openpose,117,3.897490,ok,1,direct,0.802835,11,left_hip,1,1,2.000000,693.980000,408.950000,2.000000,686.239000,419.803000,13.330817,39.713620,1,0.107000,0.821328
SP_T_Jongkok_2,openpose,117,3.897490,ok,1,direct,0.802835,12,right_hip,1,1,2.000000,643.020000,410.030000,2.000000,633.323000,423.666000,16.732373,39.713620,1,0.107000,0.733375
SP_T_Jongkok_2,openpose,117,3.897490,ok,1,direct,0.802835,13,left_knee,1,1,2.000000,699.110000,523.800000,2.000000,697.992000,531.422000,7.703558,39.713620,1,0.087000,0.905358
SP_T_Jongkok_2,openpose,117,3.897490,ok,1,direct,0.802835,14,right_knee,1,1,2.000000,646.790000,522.850000,2.000000,648.916000,535.318000,12.647960,39.713620,1,0.087000,0.764899
SP_T_Jongkok_2,openpose,117,3.897490,ok,1,direct,0.802835,15,left_ankle,1,1,2.000000,706.460000,645.580000,2.000000,709.662000,637.274000,8.901822,39.713620,1,0.089000,0.880856
SP_T_Jongkok_2,openpose,117,3.897490,ok,1,direct,0.802835,16,right_ankle,1,1,2.000000,654.200000,643.820000,2.000000,652.947000,635.193000,8.717519,39.713620,1,0.089000,0.885447
SP_T_Jongkok_2,openpose,118,3.930802,ok,1,direct,0.804285,0,nose,0,0,0.000000,0.000000,0.000000,2.000000,645.062000,214.077000,,,,0.026000,
SP_T_Jongkok_2,openpose,118,3.930802,ok,1,direct,0.804285,1,left_eye,0,0,0.000000,0.000000,0.000000,2.000000,654.815000,208.098000,,,,0.025000,
SP_T_Jongkok_2,openpose,118,3.930802,ok,1,direct,0.804285,2,right_eye,0,0,0.000000,0.000000,0.000000,2.000000,637.180000,208.218000,,,,0.025000,
SP_T_Jongkok_2,openpose,118,3.930802,ok,1,direct,0.804285,3,left_ear,0,0,0.000000,0.000000,0.000000,2.000000,676.357000,214.063000,,,,0.035000,
SP_T_Jongkok_2,openpose,118,3.930802,ok,1,direct,0.804285,4,right_ear,0,0,0.000000,0.000000,0.000000,2.000000,629.343000,219.946000,,,,0.035000,
SP_T_Jongkok_2,openpose,118,3.930802,ok,1,direct,0.804285,5,left_shoulder,1,1,2.000000,701.550000,274.760000,2.000000,696.011000,268.890000,8.070776,39.665036,1,0.079000,0.875749
SP_T_Jongkok_2,openpose,118,3.930802,ok,1,direct,0.804285,6,right_shoulder,1,1,2.000000,621.110000,278.160000,2.000000,621.593000,274.850000,3.345054,39.665036,1,0.079000,0.977467
SP_T_Jongkok_2,openpose,118,3.930802,ok,1,direct,0.804285,7,left_elbow,1,1,2.000000,713.570000,346.370000,2.000000,711.738000,345.254000,2.145153,39.665036,1,0.072000,0.988779
SP_T_Jongkok_2,openpose,118,3.930802,ok,1,direct,0.804285,8,right_elbow,1,1,2.000000,607.500000,351.210000,2.000000,607.883000,351.126000,0.392103,39.665036,1,0.072000,0.999623
SP_T_Jongkok_2,openpose,118,3.930802,ok,1,direct,0.804285,9,left_wrist,1,1,2.000000,711.720000,415.860000,2.000000,711.714000,411.967000,3.893005,39.665036,1,0.062000,0.951116
SP_T_Jongkok_2,openpose,118,3.930802,ok,1,direct,0.804285,10,right_wrist,1,1,2.000000,608.080000,419.900000,2.000000,607.794000,413.833000,6.073737,39.665036,1,0.062000,0.885153
SP_T_Jongkok_2,openpose,118,3.930802,ok,1,direct,0.804285,11,left_hip,1,1,2.000000,693.980000,408.950000,2.000000,686.235000,419.795000,13.326629,39.665036,1,0.107000,0.821034
SP_T_Jongkok_2,openpose,118,3.930802,ok,1,direct,0.804285,12,right_hip,1,1,2.000000,643.020000,410.030000,2.000000,633.312000,423.667000,16.739565,39.665036,1,0.107000,0.732622
SP_T_Jongkok_2,openpose,118,3.930802,ok,1,direct,0.804285,13,left_knee,1,1,2.000000,699.110000,523.740000,2.000000,697.971000,531.432000,7.775872,39.665036,1,0.087000,0.903437
SP_T_Jongkok_2,openpose,118,3.930802,ok,1,direct,0.804285,14,right_knee,1,1,2.000000,646.790000,522.850000,2.000000,648.915000,533.429000,10.790314,39.665036,1,0.087000,0.822387
SP_T_Jongkok_2,openpose,118,3.930802,ok,1,direct,0.804285,15,left_ankle,1,1,2.000000,706.460000,645.580000,2.000000,709.672000,637.264000,8.914752,39.665036,1,0.089000,0.880257
SP_T_Jongkok_2,openpose,118,3.930802,ok,1,direct,0.804285,16,right_ankle,1,1,2.000000,654.200000,643.820000,2.000000,652.952000,635.211000,8.698988,39.665036,1,0.089000,0.885642
SP_T_Jongkok_2,openpose,119,3.964113,ok,1,direct,0.804737,0,nose,0,0,0.000000,0.000000,0.000000,2.000000,645.069000,214.078000,,,,0.026000,
SP_T_Jongkok_2,openpose,119,3.964113,ok,1,direct,0.804737,1,left_eye,0,0,0.000000,0.000000,0.000000,2.000000,654.825000,208.102000,,,,0.025000,
SP_T_Jongkok_2,openpose,119,3.964113,ok,1,direct,0.804737,2,right_eye,0,0,0.000000,0.000000,0.000000,2.000000,637.183000,208.221000,,,,0.025000,
SP_T_Jongkok_2,openpose,119,3.964113,ok,1,direct,0.804737,3,left_ear,0,0,0.000000,0.000000,0.000000,2.000000,676.362000,214.075000,,,,0.035000,
SP_T_Jongkok_2,openpose,119,3.964113,ok,1,direct,0.804737,4,right_ear,0,0,0.000000,0.000000,0.000000,2.000000,629.351000,219.971000,,,,0.035000,
SP_T_Jongkok_2,openpose,119,3.964113,ok,1,direct,0.804737,5,left_shoulder,1,1,2.000000,701.550000,274.760000,2.000000,696.017000,268.925000,8.041226,39.616393,1,0.079000,0.876315
SP_T_Jongkok_2,openpose,119,3.964113,ok,1,direct,0.804737,6,right_shoulder,1,1,2.000000,621.110000,278.160000,2.000000,623.456000,274.853000,4.054623,39.616393,1,0.079000,0.966989
SP_T_Jongkok_2,openpose,119,3.964113,ok,1,direct,0.804737,7,left_elbow,1,1,2.000000,713.310000,346.370000,2.000000,711.724000,343.377000,3.387247,39.616393,1,0.072000,0.972190
SP_T_Jongkok_2,openpose,119,3.964113,ok,1,direct,0.804737,8,right_elbow,1,1,2.000000,607.500000,351.210000,2.000000,609.776000,349.274000,2.988021,39.616393,1,0.072000,0.978292
SP_T_Jongkok_2,openpose,119,3.964113,ok,1,direct,0.804737,9,left_wrist,1,1,2.000000,711.350000,415.860000,2.000000,711.714000,411.948000,3.928898,39.616393,1,0.062000,0.950115
SP_T_Jongkok_2,openpose,119,3.964113,ok,1,direct,0.804737,10,right_wrist,1,1,2.000000,607.980000,419.800000,2.000000,607.816000,411.896000,7.905701,39.616393,1,0.062000,0.812862
SP_T_Jongkok_2,openpose,119,3.964113,ok,1,direct,0.804737,11,left_hip,1,1,2.000000,693.980000,408.950000,2.000000,686.240000,419.782000,13.313145,39.616393,1,0.107000,0.820964
SP_T_Jongkok_2,openpose,119,3.964113,ok,1,direct,0.804737,12,right_hip,1,1,2.000000,643.020000,410.030000,2.000000,633.323000,423.650000,16.719336,39.616393,1,0.107000,0.732614
SP_T_Jongkok_2,openpose,119,3.964113,ok,1,direct,0.804737,13,left_knee,1,1,2.000000,699.110000,523.680000,2.000000,697.976000,531.452000,7.854294,39.616393,1,0.087000,0.901350
SP_T_Jongkok_2,openpose,119,3.964113,ok,1,direct,0.804737,14,right_knee,1,1,2.000000,646.790000,522.850000,2.000000,648.935000,533.414000,10.779570,39.616393,1,0.087000,0.822313
SP_T_Jongkok_2,openpose,119,3.964113,ok,1,direct,0.804737,15,left_ankle,1,1,2.000000,706.460000,645.580000,2.000000,709.665000,637.251000,8.924364,39.616393,1,0.089000,0.879738
SP_T_Jongkok_2,openpose,119,3.964113,ok,1,direct,0.804737,16,right_ankle,1,1,2.000000,654.200000,643.820000,2.000000,652.953000,635.237000,8.673114,39.616393,1,0.089000,0.886018
SP_T_Jongkok_2,openpose,120,3.997425,ok,1,direct,0.802310,0,nose,0,0,0.000000,0.000000,0.000000,2.000000,645.052000,214.085000,,,,0.026000,
SP_T_Jongkok_2,openpose,120,3.997425,ok,1,direct,0.802310,1,left_eye,0,0,0.000000,0.000000,0.000000,2.000000,654.820000,208.109000,,,,0.025000,
SP_T_Jongkok_2,openpose,120,3.997425,ok,1,direct,0.802310,2,right_eye,0,0,0.000000,0.000000,0.000000,2.000000,637.181000,210.044000,,,,0.025000,
SP_T_Jongkok_2,openpose,120,3.997425,ok,1,direct,0.802310,3,left_ear,0,0,0.000000,0.000000,0.000000,2.000000,676.400000,214.070000,,,,0.035000,
SP_T_Jongkok_2,openpose,120,3.997425,ok,1,direct,0.802310,4,right_ear,0,0,0.000000,0.000000,0.000000,2.000000,629.340000,219.962000,,,,0.035000,
SP_T_Jongkok_2,openpose,120,3.997425,ok,1,direct,0.802310,5,left_shoulder,1,1,2.000000,701.550000,274.760000,2.000000,695.987000,268.914000,8.069863,39.567689,1,0.079000,0.875203
SP_T_Jongkok_2,openpose,120,3.997425,ok,1,direct,0.802310,6,right_shoulder,1,1,2.000000,621.110000,278.160000,2.000000,621.567000,276.716000,1.514591,39.567689,1,0.079000,0.995315
SP_T_Jongkok_2,openpose,120,3.997425,ok,1,direct,0.802310,7,left_elbow,1,1,2.000000,713.050000,346.370000,2.000000,711.718000,343.370000,3.282411,39.567689,1,0.072000,0.973799
SP_T_Jongkok_2,openpose,120,3.997425,ok,1,direct,0.802310,8,right_elbow,1,1,2.000000,607.500000,351.210000,2.000000,607.836000,351.142000,0.342812,39.567689,1,0.072000,0.999710
SP_T_Jongkok_2,openpose,120,3.997425,ok,1,direct,0.802310,9,left_wrist,1,1,2.000000,710.980000,415.860000,2.000000,711.681000,411.911000,4.010736,39.567689,1,0.062000,0.947946
SP_T_Jongkok_2,openpose,120,3.997425,ok,1,direct,0.802310,10,right_wrist,1,1,2.000000,607.880000,419.700000,2.000000,607.860000,411.939000,7.761026,39.567689,1,0.062000,0.818590
SP_T_Jongkok_2,openpose,120,3.997425,ok,1,direct,0.802310,11,left_hip,1,1,2.000000,693.980000,408.950000,2.000000,686.220000,419.738000,13.289038,39.567689,1,0.107000,0.821153
SP_T_Jongkok_2,openpose,120,3.997425,ok,1,direct,0.802310,12,right_hip,1,1,2.000000,643.020000,410.030000,2.000000,633.341000,423.635000,16.696678,39.567689,1,0.107000,0.732671
SP_T_Jongkok_2,openpose,120,3.997425,ok,1,direct,0.802310,13,left_knee,1,1,2.000000,699.110000,523.620000,2.000000,697.954000,531.406000,7.871349,39.567689,1,0.087000,0.900711
SP_T_Jongkok_2,openpose,120,3.997425,ok,1,direct,0.802310,14,right_knee,1,1,2.000000,646.790000,522.850000,2.000000,648.934000,535.369000,12.701264,39.567689,1,0.087000,0.761647
SP_T_Jongkok_2,openpose,120,3.997425,ok,1,direct,0.802310,15,left_ankle,1,1,2.000000,706.460000,645.580000,2.000000,709.671000,637.256000,8.921855,39.567689,1,0.089000,0.879524
SP_T_Jongkok_2,openpose,120,3.997425,ok,1,direct,0.802310,16,right_ankle,1,1,2.000000,654.200000,643.820000,2.000000,652.916000,635.228000,8.687412,39.567689,1,0.089000,0.885399
SP_T_Jongkok_2,openpose,121,4.030737,ok,1,direct,0.801969,0,nose,0,0,0.000000,0.000000,0.000000,2.000000,645.053000,214.075000,,,,0.026000,
SP_T_Jongkok_2,openpose,121,4.030737,ok,1,direct,0.801969,1,left_eye,0,0,0.000000,0.000000,0.000000,2.000000,654.826000,208.104000,,,,0.025000,
SP_T_Jongkok_2,openpose,121,4.030737,ok,1,direct,0.801969,2,right_eye,0,0,0.000000,0.000000,0.000000,2.000000,637.191000,208.215000,,,,0.025000,
SP_T_Jongkok_2,openpose,121,4.030737,ok,1,direct,0.801969,3,left_ear,0,0,0.000000,0.000000,0.000000,2.000000,676.422000,214.077000,,,,0.035000,
SP_T_Jongkok_2,openpose,121,4.030737,ok,1,direct,0.801969,4,right_ear,0,0,0.000000,0.000000,0.000000,2.000000,629.339000,221.795000,,,,0.035000,
SP_T_Jongkok_2,openpose,121,4.030737,ok,1,direct,0.801969,5,left_shoulder,1,1,2.000000,701.550000,274.760000,2.000000,696.015000,268.943000,8.029553,39.518926,1,0.079000,0.876081
SP_T_Jongkok_2,openpose,121,4.030737,ok,1,direct,0.801969,6,right_shoulder,1,1,2.000000,621.110000,278.160000,2.000000,623.459000,274.840000,4.066965,39.518926,1,0.079000,0.966630
SP_T_Jongkok_2,openpose,121,4.030737,ok,1,direct,0.801969,7,left_elbow,1,1,2.000000,712.790000,346.370000,2.000000,713.551000,345.266000,1.340872,39.518926,1,0.072000,0.995568
SP_T_Jongkok_2,openpose,121,4.030737,ok,1,direct,0.801969,8,right_elbow,1,1,2.000000,607.500000,351.210000,2.000000,607.886000,349.237000,2.010404,39.518926,1,0.072000,0.990065
SP_T_Jongkok_2,openpose,121,4.030737,ok,1,direct,0.801969,9,left_wrist,1,1,2.000000,710.610000,415.860000,2.000000,711.640000,411.945000,4.048225,39.518926,1,0.062000,0.946867
SP_T_Jongkok_2,openpose,121,4.030737,ok,1,direct,0.801969,10,right_wrist,1,1,2.000000,607.790000,419.600000,2.000000,607.853000,409.998000,9.602207,39.518926,1,0.062000,0.735526
SP_T_Jongkok_2,openpose,121,4.030737,ok,1,direct,0.801969,11,left_hip,1,1,2.000000,693.980000,408.950000,2.000000,686.234000,419.785000,13.319074,39.518926,1,0.107000,0.820020
SP_T_Jongkok_2,openpose,121,4.030737,ok,1,direct,0.801969,12,right_hip,1,1,2.000000,643.020000,410.030000,2.000000,633.345000,423.650000,16.706586,39.518926,1,0.107000,0.731838
SP_T_Jongkok_2,openpose,121,4.030737,ok,1,direct,0.801969,13,left_knee,1,1,2.000000,699.110000,523.560000,2.000000,697.965000,531.419000,7.941971,39.518926,1,0.087000,0.898779
SP_T_Jongkok_2,openpose,121,4.030737,ok,1,direct,0.801969,14,right_knee,1,1,2.000000,646.790000,522.850000,2.000000,648.935000,535.350000,12.682706,39.518926,1,0.087000,0.761742
SP_T_Jongkok_2,openpose,121,4.030737,ok,1,direct,0.801969,15,left_ankle,1,1,2.000000,706.460000,645.580000,2.000000,709.670000,637.265000,8.913099,39.518926,1,0.089000,0.879467
SP_T_Jongkok_2,openpose,121,4.030737,ok,1,direct,0.801969,16,right_ankle,1,1,2.000000,654.200000,643.820000,2.000000,652.924000,635.251000,8.663483,39.518926,1,0.089000,0.885728
SP_T_Jongkok_2,openpose,122,4.064049,ok,1,direct,0.801438,0,nose,0,0,0.000000,0.000000,0.000000,2.000000,645.055000,214.090000,,,,0.026000,
SP_T_Jongkok_2,openpose,122,4.064049,ok,1,direct,0.801438,1,left_eye,0,0,0.000000,0.000000,0.000000,2.000000,654.831000,208.122000,,,,0.025000,
SP_T_Jongkok_2,openpose,122,4.064049,ok,1,direct,0.801438,2,right_eye,0,0,0.000000,0.000000,0.000000,2.000000,637.206000,208.221000,,,,0.025000,
SP_T_Jongkok_2,openpose,122,4.064049,ok,1,direct,0.801438,3,left_ear,0,0,0.000000,0.000000,0.000000,2.000000,676.429000,214.085000,,,,0.035000,
SP_T_Jongkok_2,openpose,122,4.064049,ok,1,direct,0.801438,4,right_ear,0,0,0.000000,0.000000,0.000000,2.000000,629.380000,219.943000,,,,0.035000,
SP_T_Jongkok_2,openpose,122,4.064049,ok,1,direct,0.801438,5,left_shoulder,1,1,2.000000,701.550000,274.760000,2.000000,695.990000,270.817000,6.816220,39.471981,1,0.079000,0.908862
SP_T_Jongkok_2,openpose,122,4.064049,ok,1,direct,0.801438,6,right_shoulder,1,1,2.000000,621.110000,278.160000,2.000000,623.518000,274.820000,4.117531,39.471981,1,0.079000,0.965729
SP_T_Jongkok_2,openpose,122,4.064049,ok,1,direct,0.801438,7,left_elbow,1,1,2.000000,712.540000,346.370000,2.000000,711.711000,345.275000,1.373414,39.471981,1,0.072000,0.995340
SP_T_Jongkok_2,openpose,122,4.064049,ok,1,direct,0.801438,8,right_elbow,1,1,2.000000,607.500000,351.210000,2.000000,607.886000,349.242000,2.005497,39.471981,1,0.072000,0.990090
SP_T_Jongkok_2,openpose,122,4.064049,ok,1,direct,0.801438,9,left_wrist,1,1,2.000000,710.240000,415.860000,2.000000,711.624000,413.804000,2.478425,39.471981,1,0.062000,0.979696
SP_T_Jongkok_2,openpose,122,4.064049,ok,1,direct,0.801438,10,right_wrist,1,1,2.000000,607.690000,419.510000,2.000000,607.792000,411.929000,7.581686,39.471981,1,0.062000,0.825344
SP_T_Jongkok_2,openpose,122,4.064049,ok,1,direct,0.801438,11,left_hip,1,1,2.000000,693.980000,408.950000,2.000000,686.238000,421.672000,14.892543,39.471981,1,0.107000,0.779838
SP_T_Jongkok_2,openpose,122,4.064049,ok,1,direct,0.801438,12,right_hip,1,1,2.000000,643.020000,410.030000,2.000000,633.328000,423.668000,16.731106,39.471981,1,0.107000,0.730622
SP_T_Jongkok_2,openpose,122,4.064049,ok,1,direct,0.801438,13,left_knee,1,1,2.000000,699.110000,523.500000,2.000000,697.969000,531.448000,8.029482,39.471981,1,0.087000,0.896423
SP_T_Jongkok_2,openpose,122,4.064049,ok,1,direct,0.801438,14,right_knee,1,1,2.000000,646.790000,522.850000,2.000000,648.936000,535.369000,12.701601,39.471981,1,0.087000,0.760629
SP_T_Jongkok_2,openpose,122,4.064049,ok,1,direct,0.801438,15,left_ankle,1,1,2.000000,706.460000,645.580000,2.000000,709.673000,637.252000,8.926307,39.471981,1,0.089000,0.878863
SP_T_Jongkok_2,openpose,122,4.064049,ok,1,direct,0.801438,16,right_ankle,1,1,2.000000,654.200000,643.820000,2.000000,652.943000,635.259000,8.652790,39.471981,1,0.089000,0.885738
SP_T_Jongkok_2,openpose,123,4.097361,ok,1,direct,0.801466,0,nose,0,0,0.000000,0.000000,0.000000,2.000000,645.069000,214.089000,,,,0.026000,
SP_T_Jongkok_2,openpose,123,4.097361,ok,1,direct,0.801466,1,left_eye,0,0,0.000000,0.000000,0.000000,2.000000,654.846000,208.124000,,,,0.025000,
SP_T_Jongkok_2,openpose,123,4.097361,ok,1,direct,0.801466,2,right_eye,0,0,0.000000,0.000000,0.000000,2.000000,637.220000,208.212000,,,,0.025000,
SP_T_Jongkok_2,openpose,123,4.097361,ok,1,direct,0.801466,3,left_ear,0,0,0.000000,0.000000,0.000000,2.000000,676.443000,214.082000,,,,0.035000,
SP_T_Jongkok_2,openpose,123,4.097361,ok,1,direct,0.801466,4,right_ear,0,0,0.000000,0.000000,0.000000,2.000000,629.394000,219.920000,,,,0.035000,
SP_T_Jongkok_2,openpose,123,4.097361,ok,1,direct,0.801466,5,left_shoulder,1,1,2.000000,701.550000,274.760000,2.000000,696.010000,270.845000,6.783718,39.423100,1,0.079000,0.909475
SP_T_Jongkok_2,openpose,123,4.097361,ok,1,direct,0.801466,6,right_shoulder,1,1,2.000000,621.110000,278.160000,2.000000,623.528000,274.820000,4.123387,39.423100,1,0.079000,0.965550
SP_T_Jongkok_2,openpose,123,4.097361,ok,1,direct,0.801466,7,left_elbow,1,1,2.000000,712.280000,346.370000,2.000000,711.692000,345.282000,1.236725,39.423100,1,0.072000,0.996210
SP_T_Jongkok_2,openpose,123,4.097361,ok,1,direct,0.801466,8,right_elbow,1,1,2.000000,607.500000,351.210000,2.000000,607.862000,349.260000,1.983316,39.423100,1,0.072000,0.990283
SP_T_Jongkok_2,openpose,123,4.097361,ok,1,direct,0.801466,9,left_wrist,1,1,2.000000,709.880000,415.860000,2.000000,711.602000,413.831000,2.661226,39.423100,1,0.062000,0.976570
SP_T_Jongkok_2,openpose,123,4.097361,ok,1,direct,0.801466,10,right_wrist,1,1,2.000000,607.590000,419.410000,2.000000,605.941000,411.959000,7.631291,39.423100,1,0.062000,0.822869
SP_T_Jongkok_2,openpose,123,4.097361,ok,1,direct,0.801466,11,left_hip,1,1,2.000000,693.980000,408.950000,2.000000,686.206000,421.709000,14.940788,39.423100,1,0.107000,0.778097
SP_T_Jongkok_2,openpose,123,4.097361,ok,1,direct,0.801466,12,right_hip,1,1,2.000000,643.020000,410.030000,2.000000,633.326000,423.689000,16.749386,39.423100,1,0.107000,0.729552
SP_T_Jongkok_2,openpose,123,4.097361,ok,1,direct,0.801466,13,left_knee,1,1,2.000000,699.110000,523.440000,2.000000,697.952000,531.397000,8.040822,39.423100,1,0.087000,0.895903
SP_T_Jongkok_2,openpose,123,4.097361,ok,1,direct,0.801466,14,right_knee,1,1,2.000000,646.790000,522.850000,2.000000,648.933000,535.312000,12.644916,39.423100,1,0.087000,0.761972
SP_T_Jongkok_2,openpose,123,4.097361,ok,1,direct,0.801466,15,left_ankle,1,1,2.000000,706.460000,645.580000,2.000000,709.669000,637.238000,8.937933,39.423100,1,0.089000,0.878285
SP_T_Jongkok_2,openpose,123,4.097361,ok,1,direct,0.801466,16,right_ankle,1,1,2.000000,654.200000,643.820000,2.000000,652.947000,635.261000,8.650231,39.423100,1,0.089000,0.885535
SP_T_Jongkok_2,openpose,124,4.130673,ok,1,direct,0.800804,0,nose,0,0,0.000000,0.000000,0.000000,2.000000,645.073000,214.094000,,,,0.026000,
SP_T_Jongkok_2,openpose,124,4.130673,ok,1,direct,0.800804,1,left_eye,0,0,0.000000,0.000000,0.000000,2.000000,654.855000,208.131000,,,,0.025000,
SP_T_Jongkok_2,openpose,124,4.130673,ok,1,direct,0.800804,2,right_eye,0,0,0.000000,0.000000,0.000000,2.000000,637.237000,208.200000,,,,0.025000,
SP_T_Jongkok_2,openpose,124,4.130673,ok,1,direct,0.800804,3,left_ear,0,0,0.000000,0.000000,0.000000,2.000000,678.294000,214.086000,,,,0.035000,
SP_T_Jongkok_2,openpose,124,4.130673,ok,1,direct,0.800804,4,right_ear,0,0,0.000000,0.000000,0.000000,2.000000,631.294000,217.999000,,,,0.035000,
SP_T_Jongkok_2,openpose,124,4.130673,ok,1,direct,0.800804,5,left_shoulder,1,1,2.000000,701.550000,274.760000,2.000000,696.009000,270.840000,6.787421,39.376041,1,0.079000,0.909174
SP_T_Jongkok_2,openpose,124,4.130673,ok,1,direct,0.800804,6,right_shoulder,1,1,2.000000,621.110000,278.160000,2.000000,623.541000,274.824000,4.127791,39.376041,1,0.079000,0.965396
SP_T_Jongkok_2,openpose,124,4.130673,ok,1,direct,0.800804,7,left_elbow,1,1,2.000000,712.020000,346.370000,2.000000,711.701000,343.371000,3.015918,39.376041,1,0.072000,0.977621
SP_T_Jongkok_2,openpose,124,4.130673,ok,1,direct,0.800804,8,right_elbow,1,1,2.000000,607.500000,351.210000,2.000000,607.852000,349.268000,1.973643,39.376041,1,0.072000,0.990354
SP_T_Jongkok_2,openpose,124,4.130673,ok,1,direct,0.800804,9,left_wrist,1,1,2.000000,709.510000,415.860000,2.000000,709.729000,411.944000,3.922119,39.376041,1,0.062000,0.949689
SP_T_Jongkok_2,openpose,124,4.130673,ok,1,direct,0.800804,10,right_wrist,1,1,2.000000,607.490000,419.310000,2.000000,607.783000,413.818000,5.499810,39.376041,1,0.062000,0.903479
SP_T_Jongkok_2,openpose,124,4.130673,ok,1,direct,0.800804,11,left_hip,1,1,2.000000,693.980000,408.950000,2.000000,686.167000,419.795000,13.366263,39.376041,1,0.107000,0.817677
SP_T_Jongkok_2,openpose,124,4.130673,ok,1,direct,0.800804,12,right_hip,1,1,2.000000,643.020000,410.030000,2.000000,633.302000,423.647000,16.729083,39.376041,1,0.107000,0.729560
SP_T_Jongkok_2,openpose,124,4.130673,ok,1,direct,0.800804,13,left_knee,1,1,2.000000,699.110000,523.380000,2.000000,697.959000,531.407000,8.109102,39.376041,1,0.087000,0.893985
SP_T_Jongkok_2,openpose,124,4.130673,ok,1,direct,0.800804,14,right_knee,1,1,2.000000,646.790000,522.850000,2.000000,648.931000,535.322000,12.654433,39.376041,1,0.087000,0.761164
SP_T_Jongkok_2,openpose,124,4.130673,ok,1,direct,0.800804,15,left_ankle,1,1,2.000000,706.460000,645.580000,2.000000,709.669000,637.236000,8.939800,39.376041,1,0.089000,0.877964
SP_T_Jongkok_2,openpose,124,4.130673,ok,1,direct,0.800804,16,right_ankle,1,1,2.000000,654.200000,643.820000,2.000000,652.945000,635.265000,8.646563,39.376041,1,0.089000,0.885369
SP_T_Jongkok_2,openpose,125,4.163985,ok,1,direct,0.801761,0,nose,0,0,0.000000,0.000000,0.000000,2.000000,645.078000,214.091000,,,,0.026000,
SP_T_Jongkok_2,openpose,125,4.163985,ok,1,direct,0.801761,1,left_eye,0,0,0.000000,0.000000,0.000000,2.000000,654.858000,208.122000,,,,0.025000,
SP_T_Jongkok_2,openpose,125,4.163985,ok,1,direct,0.801761,2,right_eye,0,0,0.000000,0.000000,0.000000,2.000000,637.241000,208.194000,,,,0.025000,
SP_T_Jongkok_2,openpose,125,4.163985,ok,1,direct,0.801761,3,left_ear,0,0,0.000000,0.000000,0.000000,2.000000,678.315000,214.070000,,,,0.035000,
SP_T_Jongkok_2,openpose,125,4.163985,ok,1,direct,0.801761,4,right_ear,0,0,0.000000,0.000000,0.000000,2.000000,631.299000,219.845000,,,,0.035000,
SP_T_Jongkok_2,openpose,125,4.163985,ok,1,direct,0.801761,5,left_shoulder,1,1,2.000000,701.550000,274.760000,2.000000,696.008000,270.855000,6.779586,39.345894,1,0.079000,0.909242
SP_T_Jongkok_2,openpose,125,4.163985,ok,1,direct,0.801761,6,right_shoulder,1,1,2.000000,621.110000,278.160000,2.000000,623.549000,274.808000,4.145434,39.345894,1,0.079000,0.965053
SP_T_Jongkok_2,openpose,125,4.163985,ok,1,direct,0.801761,7,left_elbow,1,1,2.000000,711.760000,346.370000,2.000000,711.623000,343.387000,2.986144,39.345894,1,0.072000,0.978023
SP_T_Jongkok_2,openpose,125,4.163985,ok,1,direct,0.801761,8,right_elbow,1,1,2.000000,607.500000,351.210000,2.000000,607.843000,349.254000,1.985846,39.345894,1,0.072000,0.990220
SP_T_Jongkok_2,openpose,125,4.163985,ok,1,direct,0.801761,9,left_wrist,1,1,2.000000,709.140000,415.860000,2.000000,709.688000,413.817000,2.115219,39.345894,1,0.062000,0.985076
SP_T_Jongkok_2,openpose,125,4.163985,ok,1,direct,0.801761,10,right_wrist,1,1,2.000000,607.390000,419.210000,2.000000,607.788000,413.815000,5.409661,39.345894,1,0.062000,0.906329
SP_T_Jongkok_2,openpose,125,4.163985,ok,1,direct,0.801761,11,left_hip,1,1,2.000000,693.980000,408.950000,2.000000,684.278000,421.680000,16.005677,39.345894,1,0.107000,0.748955
SP_T_Jongkok_2,openpose,125,4.163985,ok,1,direct,0.801761,12,right_hip,1,1,2.000000,643.020000,410.030000,2.000000,633.267000,423.656000,16.756756,39.345894,1,0.107000,0.728445
SP_T_Jongkok_2,openpose,125,4.163985,ok,1,direct,0.801761,13,left_knee,1,1,2.000000,699.110000,523.320000,2.000000,697.951000,531.375000,8.137955,39.345894,1,0.087000,0.893117
SP_T_Jongkok_2,openpose,125,4.163985,ok,1,direct,0.801761,14,right_knee,1,1,2.000000,646.790000,522.850000,2.000000,648.915000,533.429000,10.790314,39.345894,1,0.087000,0.819772
SP_T_Jongkok_2,openpose,125,4.163985,ok,1,direct,0.801761,15,left_ankle,1,1,2.000000,706.460000,645.580000,2.000000,709.663000,637.239000,8.934847,39.345894,1,0.089000,0.877916
SP_T_Jongkok_2,openpose,125,4.163985,ok,1,direct,0.801761,16,right_ankle,1,1,2.000000,654.200000,643.820000,2.000000,652.956000,635.251000,8.658828,39.345894,1,0.089000,0.884897
SP_T_Jongkok_2,openpose,126,4.197297,ok,1,direct,0.800298,0,nose,0,0,0.000000,0.000000,0.000000,2.000000,645.087000,214.095000,,,,0.026000,
SP_T_Jongkok_2,openpose,126,4.197297,ok,1,direct,0.800298,1,left_eye,0,0,0.000000,0.000000,0.000000,2.000000,654.874000,208.126000,,,,0.025000,
SP_T_Jongkok_2,openpose,126,4.197297,ok,1,direct,0.800298,2,right_eye,0,0,0.000000,0.000000,0.000000,2.000000,637.250000,208.193000,,,,0.025000,
SP_T_Jongkok_2,openpose,126,4.197297,ok,1,direct,0.800298,3,left_ear,0,0,0.000000,0.000000,0.000000,2.000000,678.349000,214.071000,,,,0.035000,
SP_T_Jongkok_2,openpose,126,4.197297,ok,1,direct,0.800298,4,right_ear,0,0,0.000000,0.000000,0.000000,2.000000,631.297000,218.007000,,,,0.035000,
SP_T_Jongkok_2,openpose,126,4.197297,ok,1,direct,0.800298,5,left_shoulder,1,1,2.000000,701.550000,274.760000,2.000000,696.012000,270.897000,6.752201,39.315723,1,0.079000,0.909808
SP_T_Jongkok_2,openpose,126,4.197297,ok,1,direct,0.800298,6,right_shoulder,1,1,2.000000,621.110000,278.160000,2.000000,623.533000,274.832000,4.116614,39.315723,1,0.079000,0.965476
SP_T_Jongkok_2,openpose,126,4.197297,ok,1,direct,0.800298,7,left_elbow,1,1,2.000000,711.500000,346.370000,2.000000,711.585000,345.313000,1.060412,39.315723,1,0.072000,0.997197
SP_T_Jongkok_2,openpose,126,4.197297,ok,1,direct,0.800298,8,right_elbow,1,1,2.000000,607.500000,351.210000,2.000000,607.817000,349.259000,1.976585,39.315723,1,0.072000,0.990296
SP_T_Jongkok_2,openpose,126,4.197297,ok,1,direct,0.800298,9,left_wrist,1,1,2.000000,707.810000,415.860000,2.000000,709.640000,411.957000,4.310720,39.315723,1,0.062000,0.939368
SP_T_Jongkok_2,openpose,126,4.197297,ok,1,direct,0.800298,10,right_wrist,1,1,2.000000,607.290000,419.110000,2.000000,607.790000,411.946000,7.181427,39.315723,1,0.062000,0.840638
SP_T_Jongkok_2,openpose,126,4.197297,ok,1,direct,0.800298,11,left_hip,1,1,2.000000,693.980000,408.950000,2.000000,686.143000,421.710000,14.974517,39.315723,1,0.107000,0.776144
SP_T_Jongkok_2,openpose,126,4.197297,ok,1,direct,0.800298,12,right_hip,1,1,2.000000,643.020000,410.030000,2.000000,633.267000,423.684000,16.779533,39.315723,1,0.107000,0.727463
SP_T_Jongkok_2,openpose,126,4.197297,ok,1,direct,0.800298,13,left_knee,1,1,2.000000,699.110000,523.320000,2.000000,697.963000,531.379000,8.140214,39.315723,1,0.087000,0.892906
SP_T_Jongkok_2,openpose,126,4.197297,ok,1,direct,0.800298,14,right_knee,1,1,2.000000,646.790000,522.850000,2.000000,648.911000,535.326000,12.655008,39.315723,1,0.087000,0.760508
SP_T_Jongkok_2,openpose,126,4.197297,ok,1,direct,0.800298,15,left_ankle,1,1,2.000000,706.460000,645.580000,2.000000,709.659000,637.239000,8.933414,39.315723,1,0.089000,0.877777
SP_T_Jongkok_2,openpose,126,4.197297,ok,1,direct,0.800298,16,right_ankle,1,1,2.000000,654.200000,643.820000,2.000000,652.941000,635.248000,8.663964,39.315723,1,0.089000,0.884602
SP_T_Jongkok_2,openpose,127,4.230608,ok,1,direct,0.831078,0,nose,0,0,0.000000,0.000000,0.000000,2.000000,645.080000,214.102000,,,,0.026000,
SP_T_Jongkok_2,openpose,127,4.230608,ok,1,direct,0.831078,1,left_eye,0,0,0.000000,0.000000,0.000000,2.000000,654.872000,208.130000,,,,0.025000,
SP_T_Jongkok_2,openpose,127,4.230608,ok,1,direct,0.831078,2,right_eye,0,0,0.000000,0.000000,0.000000,2.000000,637.253000,208.203000,,,,0.025000,
SP_T_Jongkok_2,openpose,127,4.230608,ok,1,direct,0.831078,3,left_ear,0,0,0.000000,0.000000,0.000000,2.000000,678.363000,214.071000,,,,0.035000,
SP_T_Jongkok_2,openpose,127,4.230608,ok,1,direct,0.831078,4,right_ear,0,0,0.000000,0.000000,0.000000,0.000000,0.000000,0.000000,,,,0.035000,
SP_T_Jongkok_2,openpose,127,4.230608,ok,1,direct,0.831078,5,left_shoulder,1,1,2.000000,701.550000,274.760000,2.000000,696.027000,272.752000,5.876699,39.283642,1,0.079000,0.930795
SP_T_Jongkok_2,openpose,127,4.230608,ok,1,direct,0.831078,6,right_shoulder,1,1,2.000000,621.110000,278.160000,2.000000,623.524000,274.846000,4.099999,39.283642,1,0.079000,0.965695
SP_T_Jongkok_2,openpose,127,4.230608,ok,1,direct,0.831078,7,left_elbow,1,1,2.000000,711.240000,346.370000,2.000000,709.689000,347.252000,1.784244,39.283642,1,0.072000,0.992073
SP_T_Jongkok_2,openpose,127,4.230608,ok,1,direct,0.831078,8,right_elbow,1,1,2.000000,607.500000,351.210000,2.000000,607.837000,351.149000,0.342476,39.283642,1,0.072000,0.999707
SP_T_Jongkok_2,openpose,127,4.230608,ok,1,direct,0.831078,9,left_wrist,1,1,2.000000,706.480000,415.860000,2.000000,707.741000,413.844000,2.377893,39.283642,1,0.062000,0.981117
SP_T_Jongkok_2,openpose,127,4.230608,ok,1,direct,0.831078,10,right_wrist,1,1,2.000000,607.200000,419.010000,2.000000,605.942000,413.837000,5.323767,39.283642,1,0.062000,0.908867
SP_T_Jongkok_2,openpose,127,4.230608,ok,1,direct,0.831078,11,left_hip,1,1,2.000000,693.980000,408.950000,2.000000,686.176000,423.624000,16.620129,39.283642,1,0.107000,0.731480
SP_T_Jongkok_2,openpose,127,4.230608,ok,1,direct,0.831078,12,right_hip,1,1,2.000000,643.020000,410.030000,2.000000,633.276000,423.710000,16.795474,39.283642,1,0.107000,0.726644
SP_T_Jongkok_2,openpose,127,4.230608,ok,1,direct,0.831078,13,left_knee,1,1,2.000000,699.110000,523.320000,2.000000,697.973000,531.392000,8.151684,39.283642,1,0.087000,0.892455
SP_T_Jongkok_2,openpose,127,4.230608,ok,1,direct,0.831078,14,right_knee,1,1,2.000000,646.790000,522.850000,2.000000,648.905000,535.328000,12.655975,39.283642,1,0.087000,0.760136
SP_T_Jongkok_2,openpose,127,4.230608,ok,1,direct,0.831078,15,left_ankle,1,1,2.000000,706.460000,645.580000,2.000000,709.668000,637.246000,8.930108,39.283642,1,0.089000,0.877675
SP_T_Jongkok_2,openpose,127,4.230608,ok,1,direct,0.831078,16,right_ankle,1,1,2.000000,654.200000,643.820000,2.000000,652.945000,635.255000,8.656457,39.283642,1,0.089000,0.884613
SP_T_Jongkok_2,openpose,128,4.263920,ok,1,direct,0.801015,0,nose,0,0,0.000000,0.000000,0.000000,2.000000,645.084000,214.119000,,,,0.026000,
SP_T_Jongkok_2,openpose,128,4.263920,ok,1,direct,0.801015,1,left_eye,0,0,0.000000,0.000000,0.000000,2.000000,654.873000,208.139000,,,,0.025000,
SP_T_Jongkok_2,openpose,128,4.263920,ok,1,direct,0.801015,2,right_eye,0,0,0.000000,0.000000,0.000000,2.000000,637.252000,208.210000,,,,0.025000,
SP_T_Jongkok_2,openpose,128,4.263920,ok,1,direct,0.801015,3,left_ear,0,0,0.000000,0.000000,0.000000,2.000000,678.358000,214.064000,,,,0.035000,
SP_T_Jongkok_2,openpose,128,4.263920,ok,1,direct,0.801015,4,right_ear,0,0,0.000000,0.000000,0.000000,2.000000,631.307000,217.999000,,,,0.035000,
SP_T_Jongkok_2,openpose,128,4.263920,ok,1,direct,0.801015,5,left_shoulder,1,1,2.000000,701.550000,274.760000,2.000000,696.036000,272.749000,5.869269,39.255313,1,0.079000,0.930867
SP_T_Jongkok_2,openpose,128,4.263920,ok,1,direct,0.801015,6,right_shoulder,1,1,2.000000,621.110000,278.160000,2.000000,623.499000,276.686000,2.807133,39.255313,1,0.079000,0.983746
SP_T_Jongkok_2,openpose,128,4.263920,ok,1,direct,0.801015,7,left_elbow,1,1,2.000000,710.990000,346.370000,2.000000,709.754000,347.242000,1.512640,39.255313,1,0.072000,0.994288
SP_T_Jongkok_2,openpose,128,4.263920,ok,1,direct,0.801015,8,right_elbow,1,1,2.000000,607.500000,351.210000,2.000000,607.825000,351.143000,0.331834,39.255313,1,0.072000,0.999724
SP_T_Jongkok_2,openpose,128,4.263920,ok,1,direct,0.801015,9,left_wrist,1,1,2.000000,705.150000,415.860000,2.000000,705.834000,413.836000,2.136453,39.255313,1,0.062000,0.984707
SP_T_Jongkok_2,openpose,128,4.263920,ok,1,direct,0.801015,10,right_wrist,1,1,2.000000,607.100000,418.920000,2.000000,605.930000,411.971000,7.046808,39.255313,1,0.062000,0.845640
SP_T_Jongkok_2,openpose,128,4.263920,ok,1,direct,0.801015,11,left_hip,1,1,2.000000,693.980000,408.950000,2.000000,686.164000,423.650000,16.648719,39.255313,1,0.107000,0.730362
SP_T_Jongkok_2,openpose,128,4.263920,ok,1,direct,0.801015,12,right_hip,1,1,2.000000,643.020000,410.030000,2.000000,633.258000,425.629000,18.401778,39.255313,1,0.107000,0.681219
SP_T_Jongkok_2,openpose,128,4.263920,ok,1,direct,0.801015,13,left_knee,1,1,2.000000,699.110000,523.320000,2.000000,697.967000,531.377000,8.137672,39.255313,1,0.087000,0.892658
SP_T_Jongkok_2,openpose,128,4.263920,ok,1,direct,0.801015,14,right_knee,1,1,2.000000,646.790000,522.850000,2.000000,648.904000,537.249000,14.553357,39.255313,1,0.087000,0.695462
SP_T_Jongkok_2,openpose,128,4.263920,ok,1,direct,0.801015,15,left_ankle,1,1,2.000000,706.460000,645.580000,2.000000,709.674000,637.256000,8.922935,39.255313,1,0.089000,0.877694
SP_T_Jongkok_2,openpose,128,4.263920,ok,1,direct,0.801015,16,right_ankle,1,1,2.000000,654.200000,643.820000,2.000000,652.938000,635.265000,8.647582,39.255313,1,0.089000,0.884679
SP_T_Jongkok_2,openpose,129,4.297232,ok,1,direct,0.800579,0,nose,0,0,0.000000,0.000000,0.000000,2.000000,645.095000,215.970000,,,,0.026000,
SP_T_Jongkok_2,openpose,129,4.297232,ok,1,direct,0.800579,1,left_eye,0,0,0.000000,0.000000,0.000000,2.000000,654.864000,208.150000,,,,0.025000,
SP_T_Jongkok_2,openpose,129,4.297232,ok,1,direct,0.800579,2,right_eye,0,0,0.000000,0.000000,0.000000,2.000000,637.241000,210.060000,,,,0.025000,
SP_T_Jongkok_2,openpose,129,4.297232,ok,1,direct,0.800579,3,left_ear,0,0,0.000000,0.000000,0.000000,2.000000,678.333000,214.045000,,,,0.035000,
SP_T_Jongkok_2,openpose,129,4.297232,ok,1,direct,0.800579,4,right_ear,0,0,0.000000,0.000000,0.000000,2.000000,629.423000,218.001000,,,,0.035000,
SP_T_Jongkok_2,openpose,129,4.297232,ok,1,direct,0.800579,5,left_shoulder,1,1,2.000000,701.550000,274.760000,2.000000,695.999000,270.910000,6.755450,39.225073,1,0.079000,0.909327
SP_T_Jongkok_2,openpose,129,4.297232,ok,1,direct,0.800579,6,right_shoulder,1,1,2.000000,621.110000,278.160000,2.000000,623.514000,276.686000,2.819910,39.225073,1,0.079000,0.983574
SP_T_Jongkok_2,openpose,129,4.297232,ok,1,direct,0.800579,7,left_elbow,1,1,2.000000,710.730000,346.370000,2.000000,709.726000,345.342000,1.436941,39.225073,1,0.072000,0.994836
SP_T_Jongkok_2,openpose,129,4.297232,ok,1,direct,0.800579,8,right_elbow,1,1,2.000000,607.500000,351.210000,2.000000,607.790000,351.125000,0.302200,39.225073,1,0.072000,0.999771
SP_T_Jongkok_2,openpose,129,4.297232,ok,1,direct,0.800579,9,left_wrist,1,1,2.000000,703.820000,415.860000,2.000000,705.734000,411.966000,4.338967,39.225073,1,0.062000,0.938321
SP_T_Jongkok_2,openpose,129,4.297232,ok,1,direct,0.800579,10,right_wrist,1,1,2.000000,607.000000,418.820000,2.000000,605.933000,411.966000,6.936556,39.225073,1,0.062000,0.849840
SP_T_Jongkok_2,openpose,129,4.297232,ok,1,direct,0.800579,11,left_hip,1,1,2.000000,693.980000,408.950000,2.000000,686.185000,423.622000,16.614139,39.225073,1,0.107000,0.730962
SP_T_Jongkok_2,openpose,129,4.297232,ok,1,direct,0.800579,12,right_hip,1,1,2.000000,643.020000,410.030000,2.000000,633.277000,425.584000,18.353555,39.225073,1,0.107000,0.682188
SP_T_Jongkok_2,openpose,129,4.297232,ok,1,direct,0.800579,13,left_knee,1,1,2.000000,699.110000,523.320000,2.000000,697.956000,529.501000,6.287804,39.225073,1,0.087000,0.934355
SP_T_Jongkok_2,openpose,129,4.297232,ok,1,direct,0.800579,14,right_knee,1,1,2.000000,646.790000,522.850000,2.000000,648.900000,535.346000,12.672889,39.225073,1,0.087000,0.758955
SP_T_Jongkok_2,openpose,129,4.297232,ok,1,direct,0.800579,15,left_ankle,1,1,2.000000,706.460000,645.580000,2.000000,709.666000,637.253000,8.922856,39.225073,1,0.089000,0.877519
SP_T_Jongkok_2,openpose,129,4.297232,ok,1,direct,0.800579,16,right_ankle,1,1,2.000000,654.200000,643.820000,2.000000,652.949000,635.256000,8.654889,39.225073,1,0.089000,0.884329
SP_T_Jongkok_2,openpose,130,4.330544,ok,1,direct,0.803184,0,nose,0,0,0.000000,0.000000,0.000000,2.000000,645.087000,215.962000,,,,0.026000,
SP_T_Jongkok_2,openpose,130,4.330544,ok,1,direct,0.803184,1,left_eye,0,0,0.000000,0.000000,0.000000,2.000000,654.859000,208.146000,,,,0.025000,
SP_T_Jongkok_2,openpose,130,4.330544,ok,1,direct,0.803184,2,right_eye,0,0,0.000000,0.000000,0.000000,2.000000,637.240000,210.047000,,,,0.025000,
SP_T_Jongkok_2,openpose,130,4.330544,ok,1,direct,0.803184,3,left_ear,0,0,0.000000,0.000000,0.000000,2.000000,678.333000,214.050000,,,,0.035000,
SP_T_Jongkok_2,openpose,130,4.330544,ok,1,direct,0.803184,4,right_ear,0,0,0.000000,0.000000,0.000000,2.000000,631.284000,218.000000,,,,0.035000,
SP_T_Jongkok_2,openpose,130,4.330544,ok,1,direct,0.803184,5,left_shoulder,1,1,2.000000,701.550000,274.760000,2.000000,696.004000,272.756000,5.896960,39.194810,1,0.079000,0.930029
SP_T_Jongkok_2,openpose,130,4.330544,ok,1,direct,0.803184,6,right_shoulder,1,1,2.000000,621.110000,278.160000,2.000000,623.512000,276.687000,2.817682,39.194810,1,0.079000,0.983575
SP_T_Jongkok_2,openpose,130,4.330544,ok,1,direct,0.803184,7,left_elbow,1,1,2.000000,710.470000,346.370000,2.000000,709.661000,347.244000,1.190948,39.194810,1,0.072000,0.996444
SP_T_Jongkok_2,openpose,130,4.330544,ok,1,direct,0.803184,8,right_elbow,1,1,2.000000,607.500000,351.210000,2.000000,607.801000,351.153000,0.306349,39.194810,1,0.072000,0.999764
SP_T_Jongkok_2,openpose,130,4.330544,ok,1,direct,0.803184,9,left_wrist,1,1,2.000000,702.500000,415.860000,2.000000,703.806000,413.819000,2.423080,39.194810,1,0.062000,0.980311
SP_T_Jongkok_2,openpose,130,4.330544,ok,1,direct,0.803184,10,right_wrist,1,1,2.000000,606.900000,418.720000,2.000000,607.783000,413.824000,4.974988,39.194810,1,0.062000,0.919592
SP_T_Jongkok_2,openpose,130,4.330544,ok,1,direct,0.803184,11,left_hip,1,1,2.000000,693.980000,408.950000,2.000000,686.225000,423.622000,16.595409,39.194810,1,0.107000,0.731125
SP_T_Jongkok_2,openpose,130,4.330544,ok,1,direct,0.803184,12,right_hip,1,1,2.000000,643.020000,410.030000,2.000000,633.287000,425.586000,18.349943,39.194810,1,0.107000,0.681887
SP_T_Jongkok_2,openpose,130,4.330544,ok,1,direct,0.803184,13,left_knee,1,1,2.000000,699.110000,523.320000,2.000000,697.958000,529.513000,6.299234,39.194810,1,0.087000,0.934026
SP_T_Jongkok_2,openpose,130,4.330544,ok,1,direct,0.803184,14,right_knee,1,1,2.000000,646.790000,522.850000,2.000000,648.896000,535.347000,12.673210,39.194810,1,0.087000,0.758621
SP_T_Jongkok_2,openpose,130,4.330544,ok,1,direct,0.803184,15,left_ankle,1,1,2.000000,706.460000,645.580000,2.000000,709.674000,637.255000,8.923868,39.194810,1,0.089000,0.877316
SP_T_Jongkok_2,openpose,130,4.330544,ok,1,direct,0.803184,16,right_ankle,1,1,2.000000,654.200000,643.820000,2.000000,652.944000,635.237000,8.674412,39.194810,1,0.089000,0.883669
SP_T_Jongkok_2,openpose,131,4.363856,ok,1,direct,0.802051,0,nose,0,0,0.000000,0.000000,0.000000,2.000000,645.101000,214.120000,,,,0.026000,
SP_T_Jongkok_2,openpose,131,4.363856,ok,1,direct,0.802051,1,left_eye,0,0,0.000000,0.000000,0.000000,2.000000,654.868000,208.132000,,,,0.025000,
SP_T_Jongkok_2,openpose,131,4.363856,ok,1,direct,0.802051,2,right_eye,0,0,0.000000,0.000000,0.000000,2.000000,637.251000,208.215000,,,,0.025000,
SP_T_Jongkok_2,openpose,131,4.363856,ok,1,direct,0.802051,3,left_ear,0,0,0.000000,0.000000,0.000000,2.000000,678.348000,214.046000,,,,0.035000,
SP_T_Jongkok_2,openpose,131,4.363856,ok,1,direct,0.802051,4,right_ear,0,0,0.000000,0.000000,0.000000,2.000000,631.290000,217.996000,,,,0.035000,
SP_T_Jongkok_2,openpose,131,4.363856,ok,1,direct,0.802051,5,left_shoulder,1,1,2.000000,701.550000,274.760000,2.000000,696.000000,270.893000,6.764332,39.194810,1,0.079000,0.908965
SP_T_Jongkok_2,openpose,131,4.363856,ok,1,direct,0.802051,6,right_shoulder,1,1,2.000000,621.110000,278.160000,2.000000,623.539000,276.690000,2.839180,39.194810,1,0.079000,0.983325
SP_T_Jongkok_2,openpose,131,4.363856,ok,1,direct,0.802051,7,left_elbow,1,1,2.000000,710.470000,346.370000,2.000000,709.672000,347.284000,1.213342,39.194810,1,0.072000,0.996310
SP_T_Jongkok_2,openpose,131,4.363856,ok,1,direct,0.802051,8,right_elbow,1,1,2.000000,607.500000,351.210000,2.000000,607.818000,351.190000,0.318628,39.194810,1,0.072000,0.999745
SP_T_Jongkok_2,openpose,131,4.363856,ok,1,direct,0.802051,9,left_wrist,1,1,2.000000,702.290000,415.860000,2.000000,701.931000,411.924000,3.952338,39.194810,1,0.062000,0.948470
SP_T_Jongkok_2,openpose,131,4.363856,ok,1,direct,0.802051,10,right_wrist,1,1,2.000000,606.900000,418.720000,2.000000,607.814000,413.897000,4.908842,39.194810,1,0.062000,0.921631
SP_T_Jongkok_2,openpose,131,4.363856,ok,1,direct,0.802051,11,left_hip,1,1,2.000000,693.980000,408.950000,2.000000,686.213000,421.712000,14.939710,39.194810,1,0.107000,0.775848
SP_T_Jongkok_2,openpose,131,4.363856,ok,1,direct,0.802051,12,right_hip,1,1,2.000000,643.020000,410.030000,2.000000,633.287000,423.658000,16.746751,39.194810,1,0.107000,0.726942
SP_T_Jongkok_2,openpose,131,4.363856,ok,1,direct,0.802051,13,left_knee,1,1,2.000000,699.110000,523.320000,2.000000,697.963000,529.443000,6.229505,39.194810,1,0.087000,0.935430
SP_T_Jongkok_2,openpose,131,4.363856,ok,1,direct,0.802051,14,right_knee,1,1,2.000000,646.790000,522.850000,2.000000,648.900000,535.298000,12.625562,39.194810,1,0.087000,0.760195
SP_T_Jongkok_2,openpose,131,4.363856,ok,1,direct,0.802051,15,left_ankle,1,1,2.000000,706.460000,645.580000,2.000000,709.665000,637.235000,8.939298,39.194810,1,0.089000,0.876919
SP_T_Jongkok_2,openpose,131,4.363856,ok,1,direct,0.802051,16,right_ankle,1,1,2.000000,654.200000,643.820000,2.000000,652.960000,635.221000,8.687946,39.194810,1,0.089000,0.883328
SP_T_Jongkok_2,openpose,132,4.397168,ok,1,direct,0.801212,0,nose,0,0,0.000000,0.000000,0.000000,2.000000,646.936000,214.119000,,,,0.026000,
SP_T_Jongkok_2,openpose,132,4.397168,ok,1,direct,0.801212,1,left_eye,0,0,0.000000,0.000000,0.000000,2.000000,654.880000,208.130000,,,,0.025000,
SP_T_Jongkok_2,openpose,132,4.397168,ok,1,direct,0.801212,2,right_eye,0,0,0.000000,0.000000,0.000000,2.000000,637.259000,208.209000,,,,0.025000,
SP_T_Jongkok_2,openpose,132,4.397168,ok,1,direct,0.801212,3,left_ear,0,0,0.000000,0.000000,0.000000,2.000000,678.375000,214.041000,,,,0.035000,
SP_T_Jongkok_2,openpose,132,4.397168,ok,1,direct,0.801212,4,right_ear,0,0,0.000000,0.000000,0.000000,2.000000,631.294000,217.953000,,,,0.035000,
SP_T_Jongkok_2,openpose,132,4.397168,ok,1,direct,0.801212,5,left_shoulder,1,1,2.000000,701.550000,274.760000,2.000000,695.998000,270.899000,6.762546,39.194810,1,0.079000,0.909011
SP_T_Jongkok_2,openpose,132,4.397168,ok,1,direct,0.801212,6,right_shoulder,1,1,2.000000,621.110000,278.160000,2.000000,623.559000,276.686000,2.858370,39.194810,1,0.079000,0.983101
SP_T_Jongkok_2,openpose,132,4.397168,ok,1,direct,0.801212,7,left_elbow,1,1,2.000000,710.470000,346.370000,2.000000,709.657000,347.222000,1.177656,39.194810,1,0.072000,0.996523
SP_T_Jongkok_2,openpose,132,4.397168,ok,1,direct,0.801212,8,right_elbow,1,1,2.000000,607.500000,351.210000,2.000000,607.872000,351.160000,0.375345,39.194810,1,0.072000,0.999646
SP_T_Jongkok_2,openpose,132,4.397168,ok,1,direct,0.801212,9,left_wrist,1,1,2.000000,702.080000,415.860000,2.000000,701.915000,411.948000,3.915478,39.194810,1,0.062000,0.949402
SP_T_Jongkok_2,openpose,132,4.397168,ok,1,direct,0.801212,10,right_wrist,1,1,2.000000,606.900000,418.720000,2.000000,607.796000,413.919000,4.883894,39.194810,1,0.062000,0.922394
SP_T_Jongkok_2,openpose,132,4.397168,ok,1,direct,0.801212,11,left_hip,1,1,2.000000,693.980000,408.950000,2.000000,686.231000,421.744000,14.957722,39.194810,1,0.107000,0.775373
SP_T_Jongkok_2,openpose,132,4.397168,ok,1,direct,0.801212,12,right_hip,1,1,2.000000,643.020000,410.030000,2.000000,633.285000,423.709000,16.789439,39.194810,1,0.107000,0.725759
SP_T_Jongkok_2,openpose,132,4.397168,ok,1,direct,0.801212,13,left_knee,1,1,2.000000,699.110000,523.320000,2.000000,697.962000,529.470000,6.256229,39.194810,1,0.087000,0.934894
SP_T_Jongkok_2,openpose,132,4.397168,ok,1,direct,0.801212,14,right_knee,1,1,2.000000,646.790000,522.850000,2.000000,648.906000,535.317000,12.645297,39.194810,1,0.087000,0.759543
SP_T_Jongkok_2,openpose,132,4.397168,ok,1,direct,0.801212,15,left_ankle,1,1,2.000000,706.460000,645.580000,2.000000,709.659000,637.224000,8.947421,39.194810,1,0.089000,0.876709
SP_T_Jongkok_2,openpose,132,4.397168,ok,1,direct,0.801212,16,right_ankle,1,1,2.000000,654.200000,643.820000,2.000000,652.963000,635.237000,8.671681,39.194810,1,0.089000,0.883738
SP_T_Jongkok_2,openpose,133,4.430480,ok,1,direct,0.802820,0,nose,0,0,0.000000,0.000000,0.000000,2.000000,646.946000,214.124000,,,,0.026000,
SP_T_Jongkok_2,openpose,133,4.430480,ok,1,direct,0.802820,1,left_eye,0,0,0.000000,0.000000,0.000000,2.000000,654.890000,208.132000,,,,0.025000,
SP_T_Jongkok_2,openpose,133,4.430480,ok,1,direct,0.802820,2,right_eye,0,0,0.000000,0.000000,0.000000,2.000000,637.271000,208.208000,,,,0.025000,
SP_T_Jongkok_2,openpose,133,4.430480,ok,1,direct,0.802820,3,left_ear,0,0,0.000000,0.000000,0.000000,2.000000,678.398000,214.041000,,,,0.035000,
SP_T_Jongkok_2,openpose,133,4.430480,ok,1,direct,0.802820,4,right_ear,0,0,0.000000,0.000000,0.000000,2.000000,631.311000,217.920000,,,,0.035000,
SP_T_Jongkok_2,openpose,133,4.430480,ok,1,direct,0.802820,5,left_shoulder,1,1,2.000000,701.550000,274.760000,2.000000,696.025000,270.910000,6.734102,39.194810,1,0.079000,0.909739
SP_T_Jongkok_2,openpose,133,4.430480,ok,1,direct,0.802820,6,right_shoulder,1,1,2.000000,621.110000,278.160000,2.000000,625.417000,274.850000,5.431975,39.194810,1,0.079000,0.940305
SP_T_Jongkok_2,openpose,133,4.430480,ok,1,direct,0.802820,7,left_elbow,1,1,2.000000,710.470000,346.370000,2.000000,709.727000,347.299000,1.189576,39.194810,1,0.072000,0.996453
SP_T_Jongkok_2,openpose,133,4.430480,ok,1,direct,0.802820,8,right_elbow,1,1,2.000000,607.500000,351.210000,2.000000,609.745000,351.157000,2.245626,39.194810,1,0.072000,0.987416
SP_T_Jongkok_2,openpose,133,4.430480,ok,1,direct,0.802820,9,left_wrist,1,1,2.000000,701.860000,415.860000,2.000000,701.912000,411.924000,3.936343,39.194810,1,0.062000,0.948875
SP_T_Jongkok_2,openpose,133,4.430480,ok,1,direct,0.802820,10,right_wrist,1,1,2.000000,606.900000,418.720000,2.000000,607.800000,413.874000,4.928866,39.194810,1,0.062000,0.921016
SP_T_Jongkok_2,openpose,133,4.430480,ok,1,direct,0.802820,11,left_hip,1,1,2.000000,693.980000,408.950000,2.000000,686.200000,421.738000,14.968679,39.194810,1,0.107000,0.775084
SP_T_Jongkok_2,openpose,133,4.430480,ok,1,direct,0.802820,12,right_hip,1,1,2.000000,643.020000,410.030000,2.000000,633.284000,425.575000,18.342211,39.194810,1,0.107000,0.682107
SP_T_Jongkok_2,openpose,133,4.430480,ok,1,direct,0.802820,13,left_knee,1,1,2.000000,699.110000,523.320000,2.000000,697.971000,529.466000,6.250651,39.194810,1,0.087000,0.935006
SP_T_Jongkok_2,openpose,133,4.430480,ok,1,direct,0.802820,14,right_knee,1,1,2.000000,646.790000,522.850000,2.000000,648.921000,535.336000,12.666545,39.194810,1,0.087000,0.758841
SP_T_Jongkok_2,openpose,133,4.430480,ok,1,direct,0.802820,15,left_ankle,1,1,2.000000,706.460000,645.580000,2.000000,709.664000,637.238000,8.936139,39.194810,1,0.089000,0.877000
SP_T_Jongkok_2,openpose,133,4.430480,ok,1,direct,0.802820,16,right_ankle,1,1,2.000000,654.200000,643.820000,2.000000,654.804000,635.222000,8.619189,39.194810,1,0.089000,0.885057
SP_T_Jongkok_2,openpose,134,4.463792,ok,1,direct,0.834241,0,nose,0,0,0.000000,0.000000,0.000000,2.000000,646.948000,214.123000,,,,0.026000,
SP_T_Jongkok_2,openpose,134,4.463792,ok,1,direct,0.834241,1,left_eye,0,0,0.000000,0.000000,0.000000,2.000000,654.888000,208.125000,,,,0.025000,
SP_T_Jongkok_2,openpose,134,4.463792,ok,1,direct,0.834241,2,right_eye,0,0,0.000000,0.000000,0.000000,2.000000,637.276000,208.210000,,,,0.025000,
SP_T_Jongkok_2,openpose,134,4.463792,ok,1,direct,0.834241,3,left_ear,0,0,0.000000,0.000000,0.000000,2.000000,678.396000,214.027000,,,,0.035000,
SP_T_Jongkok_2,openpose,134,4.463792,ok,1,direct,0.834241,4,right_ear,0,0,0.000000,0.000000,0.000000,0.000000,0.000000,0.000000,,,,0.035000,
SP_T_Jongkok_2,openpose,134,4.463792,ok,1,direct,0.834241,5,left_shoulder,1,1,2.000000,701.550000,274.760000,2.000000,696.042000,272.753000,5.862262,39.194810,1,0.079000,0.930821
SP_T_Jongkok_2,openpose,134,4.463792,ok,1,direct,0.834241,6,right_shoulder,1,1,2.000000,621.110000,278.160000,2.000000,625.414000,274.847000,5.431426,39.194810,1,0.079000,0.940317
SP_T_Jongkok_2,openpose,134,4.463792,ok,1,direct,0.834241,7,left_elbow,1,1,2.000000,710.470000,346.370000,2.000000,709.730000,349.182000,2.907739,39.194810,1,0.072000,0.978990
SP_T_Jongkok_2,openpose,134,4.463792,ok,1,direct,0.834241,8,right_elbow,1,1,2.000000,607.500000,351.210000,2.000000,607.892000,351.160000,0.395176,39.194810,1,0.072000,0.999608
SP_T_Jongkok_2,openpose,134,4.463792,ok,1,direct,0.834241,9,left_wrist,1,1,2.000000,701.650000,415.860000,2.000000,701.853000,411.942000,3.923255,39.194810,1,0.062000,0.949206
SP_T_Jongkok_2,openpose,134,4.463792,ok,1,direct,0.834241,10,right_wrist,1,1,2.000000,606.900000,418.720000,2.000000,607.811000,413.896000,4.909266,39.194810,1,0.062000,0.921618
SP_T_Jongkok_2,openpose,134,4.463792,ok,1,direct,0.834241,11,left_hip,1,1,2.000000,693.980000,408.950000,2.000000,686.225000,423.634000,16.606019,39.194810,1,0.107000,0.730832
SP_T_Jongkok_2,openpose,134,4.463792,ok,1,direct,0.834241,12,right_hip,1,1,2.000000,643.020000,410.030000,2.000000,633.297000,425.593000,18.350578,39.194810,1,0.107000,0.681869
SP_T_Jongkok_2,openpose,134,4.463792,ok,1,direct,0.834241,13,left_knee,1,1,2.000000,699.110000,523.320000,2.000000,697.986000,531.417000,8.174643,39.194810,1,0.087000,0.891419
SP_T_Jongkok_2,openpose,134,4.463792,ok,1,direct,0.834241,14,right_knee,1,1,2.000000,646.790000,522.850000,2.000000,648.918000,535.389000,12.718290,39.194810,1,0.087000,0.757129
SP_T_Jongkok_2,openpose,134,4.463792,ok,1,direct,0.834241,15,left_ankle,1,1,2.000000,706.460000,645.580000,2.000000,709.659000,637.237000,8.935281,39.194810,1,0.089000,0.877022
SP_T_Jongkok_2,openpose,134,4.463792,ok,1,direct,0.834241,16,right_ankle,1,1,2.000000,654.200000,643.820000,2.000000,654.794000,635.216000,8.624480,39.194810,1,0.089000,0.884925
SP_T_Jongkok_2,openpose,135,4.497103,ok,1,direct,0.834523,0,nose,0,0,0.000000,0.000000,0.000000,2.000000,646.950000,214.122000,,,,0.026000,
SP_T_Jongkok_2,openpose,135,4.497103,ok,1,direct,0.834523,1,left_eye,0,0,0.000000,0.000000,0.000000,2.000000,654.896000,208.122000,,,,0.025000,
SP_T_Jongkok_2,openpose,135,4.497103,ok,1,direct,0.834523,2,right_eye,0,0,0.000000,0.000000,0.000000,2.000000,637.279000,208.206000,,,,0.025000,
SP_T_Jongkok_2,openpose,135,4.497103,ok,1,direct,0.834523,3,left_ear,0,0,0.000000,0.000000,0.000000,2.000000,678.410000,214.030000,,,,0.035000,
SP_T_Jongkok_2,openpose,135,4.497103,ok,1,direct,0.834523,4,right_ear,0,0,0.000000,0.000000,0.000000,0.000000,0.000000,0.000000,,,,0.035000,
SP_T_Jongkok_2,openpose,135,4.497103,ok,1,direct,0.834523,5,left_shoulder,1,1,2.000000,701.550000,274.760000,2.000000,696.044000,270.905000,6.721388,39.194810,1,0.079000,0.910064
SP_T_Jongkok_2,openpose,135,4.497103,ok,1,direct,0.834523,6,right_shoulder,1,1,2.000000,621.110000,278.160000,2.000000,625.408000,274.845000,5.427894,39.194810,1,0.079000,0.940392
SP_T_Jongkok_2,openpose,135,4.497103,ok,1,direct,0.834523,7,left_elbow,1,1,2.000000,710.470000,346.370000,2.000000,711.600000,349.204000,3.050976,39.194810,1,0.072000,0.976894
SP_T_Jongkok_2,openpose,135,4.497103,ok,1,direct,0.834523,8,right_elbow,1,1,2.000000,607.500000,351.210000,2.000000,607.883000,351.185000,0.383815,39.194810,1,0.072000,0.999630
SP_T_Jongkok_2,openpose,135,4.497103,ok,1,direct,0.834523,9,left_wrist,1,1,2.000000,701.440000,415.860000,2.000000,701.816000,411.937000,3.940978,39.194810,1,0.062000,0.948758
SP_T_Jongkok_2,openpose,135,4.497103,ok,1,direct,0.834523,10,right_wrist,1,1,2.000000,606.900000,418.720000,2.000000,607.851000,415.787000,3.083325,39.194810,1,0.062000,0.968315
SP_T_Jongkok_2,openpose,135,4.497103,ok,1,direct,0.834523,11,left_hip,1,1,2.000000,693.980000,408.950000,2.000000,686.220000,423.670000,16.640192,39.194810,1,0.107000,0.729889
SP_T_Jongkok_2,openpose,135,4.497103,ok,1,direct,0.834523,12,right_hip,1,1,2.000000,643.020000,410.030000,2.000000,633.292000,425.639000,18.392250,39.194810,1,0.107000,0.680683
SP_T_Jongkok_2,openpose,135,4.497103,ok,1,direct,0.834523,13,left_knee,1,1,2.000000,699.110000,523.320000,2.000000,697.983000,531.416000,8.174065,39.194810,1,0.087000,0.891434
SP_T_Jongkok_2,openpose,135,4.497103,ok,1,direct,0.834523,14,right_knee,1,1,2.000000,646.790000,522.850000,2.000000,648.910000,537.261000,14.566102,39.194810,1,0.087000,0.694239
SP_T_Jongkok_2,openpose,135,4.497103,ok,1,direct,0.834523,15,left_ankle,1,1,2.000000,706.460000,645.580000,2.000000,709.657000,637.224000,8.946706,39.194810,1,0.089000,0.876728
SP_T_Jongkok_2,openpose,135,4.497103,ok,1,direct,0.834523,16,right_ankle,1,1,2.000000,654.200000,643.820000,2.000000,654.813000,633.356000,10.481940,39.194810,1,0.089000,0.834784
SP_T_Jongkok_2,openpose,136,4.530415,ok,1,direct,0.800918,0,nose,0,0,0.000000,0.000000,0.000000,2.000000,646.978000,214.124000,,,,0.026000,
SP_T_Jongkok_2,openpose,136,4.530415,ok,1,direct,0.800918,1,left_eye,0,0,0.000000,0.000000,0.000000,2.000000,656.764000,208.135000,,,,0.025000,
SP_T_Jongkok_2,openpose,136,4.530415,ok,1,direct,0.800918,2,right_eye,0,0,0.000000,0.000000,0.000000,2.000000,639.126000,208.204000,,,,0.025000,
SP_T_Jongkok_2,openpose,136,4.530415,ok,1,direct,0.800918,3,left_ear,0,0,0.000000,0.000000,0.000000,2.000000,680.240000,214.060000,,,,0.035000,
SP_T_Jongkok_2,openpose,136,4.530415,ok,1,direct,0.800918,4,right_ear,0,0,0.000000,0.000000,0.000000,2.000000,631.305000,216.039000,,,,0.035000,
SP_T_Jongkok_2,openpose,136,4.530415,ok,1,direct,0.800918,5,left_shoulder,1,1,2.000000,701.550000,274.760000,2.000000,697.889000,270.895000,5.323640,39.194810,1,0.079000,0.942593
SP_T_Jongkok_2,openpose,136,4.530415,ok,1,direct,0.800918,6,right_shoulder,1,1,2.000000,621.110000,278.160000,2.000000,625.420000,274.848000,5.435572,39.194810,1,0.079000,0.940228
SP_T_Jongkok_2,openpose,136,4.530415,ok,1,direct,0.800918,7,left_elbow,1,1,2.000000,710.470000,346.370000,2.000000,709.756000,347.294000,1.167721,39.194810,1,0.072000,0.996581
SP_T_Jongkok_2,openpose,136,4.530415,ok,1,direct,0.800918,8,right_elbow,1,1,2.000000,607.500000,351.210000,2.000000,607.870000,351.163000,0.372973,39.194810,1,0.072000,0.999651
SP_T_Jongkok_2,openpose,136,4.530415,ok,1,direct,0.800918,9,left_wrist,1,1,2.000000,701.230000,415.860000,2.000000,699.981000,411.884000,4.167562,39.194810,1,0.062000,0.942873
SP_T_Jongkok_2,openpose,136,4.530415,ok,1,direct,0.800918,10,right_wrist,1,1,2.000000,606.900000,418.720000,2.000000,607.848000,413.917000,4.895663,39.194810,1,0.062000,0.922034
SP_T_Jongkok_2,openpose,136,4.530415,ok,1,direct,0.800918,11,left_hip,1,1,2.000000,693.980000,408.950000,2.000000,686.238000,423.649000,16.613223,39.194810,1,0.107000,0.730633
SP_T_Jongkok_2,openpose,136,4.530415,ok,1,direct,0.800918,12,right_hip,1,1,2.000000,643.020000,410.030000,2.000000,633.310000,425.612000,18.359815,39.194810,1,0.107000,0.681607
SP_T_Jongkok_2,openpose,136,4.530415,ok,1,direct,0.800918,13,left_knee,1,1,2.000000,699.110000,523.320000,2.000000,697.988000,531.409000,8.166444,39.194810,1,0.087000,0.891625
SP_T_Jongkok_2,openpose,136,4.530415,ok,1,direct,0.800918,14,right_knee,1,1,2.000000,646.790000,522.850000,2.000000,648.924000,537.246000,14.553308,39.194810,1,0.087000,0.694684
SP_T_Jongkok_2,openpose,136,4.530415,ok,1,direct,0.800918,15,left_ankle,1,1,2.000000,706.460000,645.580000,2.000000,709.650000,637.197000,8.969436,39.194810,1,0.089000,0.876141
SP_T_Jongkok_2,openpose,136,4.530415,ok,1,direct,0.800918,16,right_ankle,1,1,2.000000,654.200000,643.820000,2.000000,654.808000,633.356000,10.481649,39.194810,1,0.089000,0.834792
SP_T_Jongkok_2,openpose,137,4.563727,ok,1,direct,0.802148,0,nose,0,0,0.000000,0.000000,0.000000,2.000000,646.995000,214.120000,,,,0.026000,
SP_T_Jongkok_2,openpose,137,4.563727,ok,1,direct,0.802148,1,left_eye,0,0,0.000000,0.000000,0.000000,2.000000,656.783000,208.129000,,,,0.025000,
SP_T_Jongkok_2,openpose,137,4.563727,ok,1,direct,0.802148,2,right_eye,0,0,0.000000,0.000000,0.000000,2.000000,639.140000,208.207000,,,,0.025000,
SP_T_Jongkok_2,openpose,137,4.563727,ok,1,direct,0.802148,3,left_ear,0,0,0.000000,0.000000,0.000000,2.000000,680.257000,214.056000,,,,0.035000,
SP_T_Jongkok_2,openpose,137,4.563727,ok,1,direct,0.802148,4,right_ear,0,0,0.000000,0.000000,0.000000,2.000000,631.314000,217.902000,,,,0.035000,
SP_T_Jongkok_2,openpose,137,4.563727,ok,1,direct,0.802148,5,left_shoulder,1,1,2.000000,701.550000,274.760000,2.000000,697.922000,270.913000,5.287891,39.194810,1,0.079000,0.943340
SP_T_Jongkok_2,openpose,137,4.563727,ok,1,direct,0.802148,6,right_shoulder,1,1,2.000000,621.110000,278.160000,2.000000,625.425000,276.688000,4.559168,39.194810,1,0.079000,0.957567
SP_T_Jongkok_2,openpose,137,4.563727,ok,1,direct,0.802148,7,left_elbow,1,1,2.000000,710.470000,346.370000,2.000000,711.583000,347.246000,1.416384,39.194810,1,0.072000,0.994975
SP_T_Jongkok_2,openpose,137,4.563727,ok,1,direct,0.802148,8,right_elbow,1,1,2.000000,607.500000,351.210000,2.000000,607.827000,351.148000,0.332826,39.194810,1,0.072000,0.999722
SP_T_Jongkok_2,openpose,137,4.563727,ok,1,direct,0.802148,9,left_wrist,1,1,2.000000,701.020000,415.860000,2.000000,699.959000,411.877000,4.121894,39.194810,1,0.062000,0.944082
SP_T_Jongkok_2,openpose,137,4.563727,ok,1,direct,0.802148,10,right_wrist,1,1,2.000000,606.900000,418.720000,2.000000,607.831000,413.899000,4.910071,39.194810,1,0.062000,0.921593
SP_T_Jongkok_2,openpose,137,4.563727,ok,1,direct,0.802148,11,left_hip,1,1,2.000000,693.980000,408.950000,2.000000,688.112000,421.755000,14.085505,39.194810,1,0.107000,0.798033
SP_T_Jongkok_2,openpose,137,4.563727,ok,1,direct,0.802148,12,right_hip,1,1,2.000000,643.020000,410.030000,2.000000,633.301000,423.699000,16.772016,39.194810,1,0.107000,0.726242
SP_T_Jongkok_2,openpose,137,4.563727,ok,1,direct,0.802148,13,left_knee,1,1,2.000000,699.110000,523.320000,2.000000,697.991000,531.390000,8.147212,39.194810,1,0.087000,0.892106
SP_T_Jongkok_2,openpose,137,4.563727,ok,1,direct,0.802148,14,right_knee,1,1,2.000000,646.790000,522.850000,2.000000,648.919000,535.362000,12.691839,39.194810,1,0.087000,0.758004
SP_T_Jongkok_2,openpose,137,4.563727,ok,1,direct,0.802148,15,left_ankle,1,1,2.000000,706.460000,645.580000,2.000000,709.652000,637.202000,8.965475,39.194810,1,0.089000,0.876244
SP_T_Jongkok_2,openpose,137,4.563727,ok,1,direct,0.802148,16,right_ankle,1,1,2.000000,654.200000,643.820000,2.000000,654.802000,635.194000,8.646981,39.194810,1,0.089000,0.884360
SP_T_Jongkok_2,openpose,138,4.597039,ok,1,direct,0.802434,0,nose,0,0,0.000000,0.000000,0.000000,2.000000,647.007000,214.123000,,,,0.026000,
SP_T_Jongkok_2,openpose,138,4.597039,ok,1,direct,0.802434,1,left_eye,0,0,0.000000,0.000000,0.000000,2.000000,656.798000,208.135000,,,,0.025000,
SP_T_Jongkok_2,openpose,138,4.597039,ok,1,direct,0.802434,2,right_eye,0,0,0.000000,0.000000,0.000000,2.000000,639.150000,208.209000,,,,0.025000,
SP_T_Jongkok_2,openpose,138,4.597039,ok,1,direct,0.802434,3,left_ear,0,0,0.000000,0.000000,0.000000,2.000000,680.255000,214.074000,,,,0.035000,
SP_T_Jongkok_2,openpose,138,4.597039,ok,1,direct,0.802434,4,right_ear,0,0,0.000000,0.000000,0.000000,2.000000,631.307000,217.906000,,,,0.035000,
SP_T_Jongkok_2,openpose,138,4.597039,ok,1,direct,0.802434,5,left_shoulder,1,1,2.000000,701.550000,274.760000,2.000000,697.930000,272.765000,4.133331,39.194810,1,0.079000,0.964989
SP_T_Jongkok_2,openpose,138,4.597039,ok,1,direct,0.802434,6,right_shoulder,1,1,2.000000,621.110000,278.160000,2.000000,625.452000,276.702000,4.580254,39.194810,1,0.079000,0.957182
SP_T_Jongkok_2,openpose,138,4.597039,ok,1,direct,0.802434,7,left_elbow,1,1,2.000000,710.470000,346.370000,2.000000,711.596000,347.288000,1.452790,39.194810,1,0.072000,0.994714
SP_T_Jongkok_2,openpose,138,4.597039,ok,1,direct,0.802434,8,right_elbow,1,1,2.000000,607.500000,351.210000,2.000000,607.829000,351.125000,0.339803,39.194810,1,0.072000,0.999710
SP_T_Jongkok_2,openpose,138,4.597039,ok,1,direct,0.802434,9,left_wrist,1,1,2.000000,700.810000,415.860000,2.000000,699.957000,411.891000,4.059627,39.194810,1,0.062000,0.945713
SP_T_Jongkok_2,openpose,138,4.597039,ok,1,direct,0.802434,10,right_wrist,1,1,2.000000,606.900000,418.720000,2.000000,607.842000,413.855000,4.955360,39.194810,1,0.062000,0.920199
SP_T_Jongkok_2,openpose,138,4.597039,ok,1,direct,0.802434,11,left_hip,1,1,2.000000,693.980000,408.950000,2.000000,688.120000,421.760000,14.086721,39.194810,1,0.107000,0.798002
SP_T_Jongkok_2,openpose,138,4.597039,ok,1,direct,0.802434,12,right_hip,1,1,2.000000,643.020000,410.030000,2.000000,633.309000,425.588000,18.339981,39.194810,1,0.107000,0.682171
SP_T_Jongkok_2,openpose,138,4.597039,ok,1,direct,0.802434,13,left_knee,1,1,2.000000,699.110000,523.320000,2.000000,697.987000,529.522000,6.302851,39.194810,1,0.087000,0.933953
SP_T_Jongkok_2,openpose,138,4.597039,ok,1,direct,0.802434,14,right_knee,1,1,2.000000,646.790000,522.850000,2.000000,648.917000,535.354000,12.683617,39.194810,1,0.087000,0.758276
SP_T_Jongkok_2,openpose,138,4.597039,ok,1,direct,0.802434,15,left_ankle,1,1,2.000000,706.460000,645.580000,2.000000,709.651000,637.177000,8.988487,39.194810,1,0.089000,0.875649
SP_T_Jongkok_2,openpose,138,4.597039,ok,1,direct,0.802434,16,right_ankle,1,1,2.000000,654.200000,643.820000,2.000000,654.832000,633.326000,10.513014,39.194810,1,0.089000,0.833889
SP_T_Jongkok_2,openpose,139,4.630351,ok,1,direct,0.803372,0,nose,0,0,0.000000,0.000000,0.000000,2.000000,647.024000,214.121000,,,,0.026000,
SP_T_Jongkok_2,openpose,139,4.630351,ok,1,direct,0.803372,1,left_eye,0,0,0.000000,0.000000,0.000000,2.000000,656.815000,208.144000,,,,0.025000,
SP_T_Jongkok_2,openpose,139,4.630351,ok,1,direct,0.803372,2,right_eye,0,0,0.000000,0.000000,0.000000,2.000000,639.173000,208.208000,,,,0.025000,
SP_T_Jongkok_2,openpose,139,4.630351,ok,1,direct,0.803372,3,left_ear,0,0,0.000000,0.000000,0.000000,2.000000,680.246000,214.104000,,,,0.035000,
SP_T_Jongkok_2,openpose,139,4.630351,ok,1,direct,0.803372,4,right_ear,0,0,0.000000,0.000000,0.000000,2.000000,631.309000,217.922000,,,,0.035000,
SP_T_Jongkok_2,openpose,139,4.630351,ok,1,direct,0.803372,5,left_shoulder,1,1,2.000000,701.550000,274.760000,2.000000,697.937000,272.781000,4.119491,39.194810,1,0.079000,0.965219
SP_T_Jongkok_2,openpose,139,4.630351,ok,1,direct,0.803372,6,right_shoulder,1,1,2.000000,621.110000,278.160000,2.000000,625.465000,276.715000,4.588469,39.194810,1,0.079000,0.957031
SP_T_Jongkok_2,openpose,139,4.630351,ok,1,direct,0.803372,7,left_elbow,1,1,2.000000,710.470000,346.370000,2.000000,711.595000,349.166000,3.013842,39.194810,1,0.072000,0.977447
SP_T_Jongkok_2,openpose,139,4.630351,ok,1,direct,0.803372,8,right_elbow,1,1,2.000000,607.500000,351.210000,2.000000,607.827000,349.277000,1.960464,39.194810,1,0.072000,0.990394
SP_T_Jongkok_2,openpose,139,4.630351,ok,1,direct,0.803372,9,left_wrist,1,1,2.000000,700.600000,415.860000,2.000000,699.950000,411.921000,3.992270,39.194810,1,0.062000,0.947451
SP_T_Jongkok_2,openpose,139,4.630351,ok,1,direct,0.803372,10,right_wrist,1,1,2.000000,606.900000,418.720000,2.000000,607.880000,413.889000,4.929398,39.194810,1,0.062000,0.921000
SP_T_Jongkok_2,openpose,139,4.630351,ok,1,direct,0.803372,11,left_hip,1,1,2.000000,693.980000,408.950000,2.000000,688.148000,421.760000,14.075096,39.194810,1,0.107000,0.798299
SP_T_Jongkok_2,openpose,139,4.630351,ok,1,direct,0.803372,12,right_hip,1,1,2.000000,643.020000,410.030000,2.000000,633.321000,425.597000,18.341267,39.194810,1,0.107000,0.682134
SP_T_Jongkok_2,openpose,139,4.630351,ok,1,direct,0.803372,13,left_knee,1,1,2.000000,699.110000,523.320000,2.000000,697.983000,531.400000,8.158218,39.194810,1,0.087000,0.891831
SP_T_Jongkok_2,openpose,139,4.630351,ok,1,direct,0.803372,14,right_knee,1,1,2.000000,646.790000,522.850000,2.000000,648.910000,535.369000,12.697234,39.194810,1,0.087000,0.757826
SP_T_Jongkok_2,openpose,139,4.630351,ok,1,direct,0.803372,15,left_ankle,1,1,2.000000,706.460000,645.580000,2.000000,709.667000,637.198000,8.974563,39.194810,1,0.089000,0.876009
SP_T_Jongkok_2,openpose,139,4.630351,ok,1,direct,0.803372,16,right_ankle,1,1,2.000000,654.200000,643.820000,2.000000,654.815000,633.348000,10.490043,39.194810,1,0.089000,0.834550
SP_T_Jongkok_2,openpose,140,4.663663,ok,1,direct,0.803506,0,nose,0,0,0.000000,0.000000,0.000000,2.000000,647.024000,215.951000,,,,0.026000,
SP_T_Jongkok_2,openpose,140,4.663663,ok,1,direct,0.803506,1,left_eye,0,0,0.000000,0.000000,0.000000,2.000000,656.812000,208.151000,,,,0.025000,
SP_T_Jongkok_2,openpose,140,4.663663,ok,1,direct,0.803506,2,right_eye,0,0,0.000000,0.000000,0.000000,2.000000,639.172000,208.218000,,,,0.025000,
SP_T_Jongkok_2,openpose,140,4.663663,ok,1,direct,0.803506,3,left_ear,0,0,0.000000,0.000000,0.000000,2.000000,680.242000,214.102000,,,,0.035000,
SP_T_Jongkok_2,openpose,140,4.663663,ok,1,direct,0.803506,4,right_ear,0,0,0.000000,0.000000,0.000000,2.000000,631.298000,217.931000,,,,0.035000,
SP_T_Jongkok_2,openpose,140,4.663663,ok,1,direct,0.803506,5,left_shoulder,1,1,2.000000,701.550000,274.760000,2.000000,697.936000,272.780000,4.120849,39.194810,1,0.079000,0.965197
SP_T_Jongkok_2,openpose,140,4.663663,ok,1,direct,0.803506,6,right_shoulder,1,1,2.000000,621.110000,278.160000,2.000000,625.453000,276.717000,4.576450,39.194810,1,0.079000,0.957251
SP_T_Jongkok_2,openpose,140,4.663663,ok,1,direct,0.803506,7,left_elbow,1,1,2.000000,710.470000,346.370000,2.000000,711.601000,349.196000,3.043918,39.194810,1,0.072000,0.977000
SP_T_Jongkok_2,openpose,140,4.663663,ok,1,direct,0.803506,8,right_elbow,1,1,2.000000,607.500000,351.210000,2.000000,607.836000,349.260000,1.978736,39.194810,1,0.072000,0.990215
SP_T_Jongkok_2,openpose,140,4.663663,ok,1,direct,0.803506,9,left_wrist,1,1,2.000000,700.390000,415.860000,2.000000,699.951000,411.933000,3.951462,39.194810,1,0.062000,0.948492
SP_T_Jongkok_2,openpose,140,4.663663,ok,1,direct,0.803506,10,right_wrist,1,1,2.000000,606.900000,418.720000,2.000000,607.841000,413.821000,4.988555,39.194810,1,0.062000,0.919171
SP_T_Jongkok_2,openpose,140,4.663663,ok,1,direct,0.803506,11,left_hip,1,1,2.000000,693.980000,408.950000,2.000000,688.142000,423.633000,15.801036,39.194810,1,0.107000,0.752836
SP_T_Jongkok_2,openpose,140,4.663663,ok,1,direct,0.803506,12,right_hip,1,1,2.000000,643.020000,410.030000,2.000000,633.330000,425.609000,18.346698,39.194810,1,0.107000,0.681980
SP_T_Jongkok_2,openpose,140,4.663663,ok,1,direct,0.803506,13,left_knee,1,1,2.000000,699.110000,523.320000,2.000000,697.995000,531.458000,8.214029,39.194810,1,0.087000,0.890430
SP_T_Jongkok_2,openpose,140,4.663663,ok,1,direct,0.803506,14,right_knee,1,1,2.000000,646.790000,522.850000,2.000000,648.914000,537.280000,14.585482,39.194810,1,0.087000,0.693564
SP_T_Jongkok_2,openpose,140,4.663663,ok,1,direct,0.803506,15,left_ankle,1,1,2.000000,706.460000,645.580000,2.000000,709.671000,637.212000,8.962921,39.194810,1,0.089000,0.876310
SP_T_Jongkok_2,openpose,140,4.663663,ok,1,direct,0.803506,16,right_ankle,1,1,2.000000,654.200000,643.820000,2.000000,654.801000,633.362000,10.475255,39.194810,1,0.089000,0.834976
SP_T_Jongkok_2,openpose,141,4.696975,ok,1,direct,0.793094,0,nose,0,0,0.000000,0.000000,0.000000,2.000000,647.057000,214.127000,,,,0.026000,
SP_T_Jongkok_2,openpose,141,4.696975,ok,1,direct,0.793094,1,left_eye,0,0,0.000000,0.000000,0.000000,2.000000,656.847000,208.158000,,,,0.025000,
SP_T_Jongkok_2,openpose,141,4.696975,ok,1,direct,0.793094,2,right_eye,0,0,0.000000,0.000000,0.000000,2.000000,639.212000,208.209000,,,,0.025000,
SP_T_Jongkok_2,openpose,141,4.696975,ok,1,direct,0.793094,3,left_ear,0,0,0.000000,0.000000,0.000000,2.000000,680.266000,214.103000,,,,0.035000,
SP_T_Jongkok_2,openpose,141,4.696975,ok,1,direct,0.793094,4,right_ear,0,0,0.000000,0.000000,0.000000,2.000000,631.318000,216.032000,,,,0.035000,
SP_T_Jongkok_2,openpose,141,4.696975,ok,1,direct,0.793094,5,left_shoulder,1,1,2.000000,701.550000,274.760000,2.000000,697.942000,272.775000,4.117996,39.194810,1,0.079000,0.965244
SP_T_Jongkok_2,openpose,141,4.696975,ok,1,direct,0.793094,6,right_shoulder,1,1,2.000000,621.110000,278.160000,2.000000,629.345000,274.797000,8.895223,39.194810,1,0.079000,0.847846
SP_T_Jongkok_2,openpose,141,4.696975,ok,1,direct,0.793094,7,left_elbow,1,1,2.000000,710.470000,346.370000,2.000000,711.584000,345.300000,1.544635,39.194810,1,0.072000,0.994026
SP_T_Jongkok_2,openpose,141,4.696975,ok,1,direct,0.793094,8,right_elbow,1,1,2.000000,607.500000,351.210000,2.000000,611.764000,347.246000,5.821941,39.194810,1,0.072000,0.918400
SP_T_Jongkok_2,openpose,141,4.696975,ok,1,direct,0.793094,9,left_wrist,1,1,2.000000,700.180000,415.860000,2.000000,701.818000,411.956000,4.233705,39.194810,1,0.062000,0.941100
SP_T_Jongkok_2,openpose,141,4.696975,ok,1,direct,0.793094,10,right_wrist,1,1,2.000000,606.900000,418.720000,2.000000,607.886000,409.964000,8.811341,39.194810,1,0.062000,0.768780
SP_T_Jongkok_2,openpose,141,4.696975,ok,1,direct,0.793094,11,left_hip,1,1,2.000000,693.980000,408.950000,2.000000,686.251000,421.757000,14.958499,39.194810,1,0.107000,0.775352
SP_T_Jongkok_2,openpose,141,4.696975,ok,1,direct,0.793094,12,right_hip,1,1,2.000000,643.020000,410.030000,2.000000,633.370000,423.704000,16.736212,39.194810,1,0.107000,0.727234
SP_T_Jongkok_2,openpose,141,4.696975,ok,1,direct,0.793094,13,left_knee,1,1,2.000000,699.110000,523.320000,2.000000,697.975000,533.326000,10.070167,39.194810,1,0.087000,0.839940
SP_T_Jongkok_2,openpose,141,4.696975,ok,1,direct,0.793094,14,right_knee,1,1,2.000000,646.790000,522.850000,2.000000,648.940000,537.270000,14.579400,39.194810,1,0.087000,0.693776
SP_T_Jongkok_2,openpose,141,4.696975,ok,1,direct,0.793094,15,left_ankle,1,1,2.000000,706.460000,645.580000,2.000000,709.677000,637.164000,9.009892,39.194810,1,0.089000,0.875095
SP_T_Jongkok_2,openpose,141,4.696975,ok,1,direct,0.793094,16,right_ankle,1,1,2.000000,654.200000,643.820000,2.000000,654.809000,633.323000,10.514651,39.194810,1,0.089000,0.833842
SP_T_Jongkok_2,openpose,142,4.730287,ok,1,direct,0.795021,0,nose,0,0,0.000000,0.000000,0.000000,2.000000,648.893000,215.951000,,,,0.026000,
SP_T_Jongkok_2,openpose,142,4.730287,ok,1,direct,0.795021,1,left_eye,0,0,0.000000,0.000000,0.000000,2.000000,658.708000,208.163000,,,,0.025000,
SP_T_Jongkok_2,openpose,142,4.730287,ok,1,direct,0.795021,2,right_eye,0,0,0.000000,0.000000,0.000000,2.000000,639.228000,208.208000,,,,0.025000,
SP_T_Jongkok_2,openpose,142,4.730287,ok,1,direct,0.795021,3,left_ear,0,0,0.000000,0.000000,0.000000,2.000000,680.292000,214.088000,,,,0.035000,
SP_T_Jongkok_2,openpose,142,4.730287,ok,1,direct,0.795021,4,right_ear,0,0,0.000000,0.000000,0.000000,2.000000,631.313000,216.013000,,,,0.035000,
SP_T_Jongkok_2,openpose,142,4.730287,ok,1,direct,0.795021,5,left_shoulder,1,1,2.000000,701.550000,274.760000,2.000000,697.930000,272.756000,4.137682,39.194810,1,0.079000,0.964917
SP_T_Jongkok_2,openpose,142,4.730287,ok,1,direct,0.795021,6,right_shoulder,1,1,2.000000,621.110000,278.160000,2.000000,625.453000,276.708000,4.579296,39.194810,1,0.079000,0.957199
SP_T_Jongkok_2,openpose,142,4.730287,ok,1,direct,0.795021,7,left_elbow,1,1,2.000000,710.470000,346.370000,2.000000,709.731000,347.262000,1.158354,39.194810,1,0.072000,0.996636
SP_T_Jongkok_2,openpose,142,4.730287,ok,1,direct,0.795021,8,right_elbow,1,1,2.000000,607.500000,351.210000,2.000000,607.896000,349.215000,2.033923,39.194810,1,0.072000,0.989665
SP_T_Jongkok_2,openpose,142,4.730287,ok,1,direct,0.795021,9,left_wrist,1,1,2.000000,699.970000,415.860000,2.000000,699.968000,411.962000,3.898001,39.194810,1,0.062000,0.949841
SP_T_Jongkok_2,openpose,142,4.730287,ok,1,direct,0.795021,10,right_wrist,1,1,2.000000,606.900000,418.720000,2.000000,609.788000,411.941000,7.368540,39.194810,1,0.062000,0.832029
SP_T_Jongkok_2,openpose,142,4.730287,ok,1,direct,0.795021,11,left_hip,1,1,2.000000,693.980000,408.950000,2.000000,688.211000,423.624000,15.767296,39.194810,1,0.107000,0.753749
SP_T_Jongkok_2,openpose,142,4.730287,ok,1,direct,0.795021,12,right_hip,1,1,2.000000,643.020000,410.030000,2.000000,635.191000,425.585000,17.414111,39.194810,1,0.107000,0.708339
SP_T_Jongkok_2,openpose,142,4.730287,ok,1,direct,0.795021,13,left_knee,1,1,2.000000,699.110000,523.320000,2.000000,698.016000,533.342000,10.081534,39.194810,1,0.087000,0.839609
SP_T_Jongkok_2,openpose,142,4.730287,ok,1,direct,0.795021,14,right_knee,1,1,2.000000,646.790000,522.850000,2.000000,648.964000,535.384000,12.721141,39.194810,1,0.087000,0.757034
SP_T_Jongkok_2,openpose,142,4.730287,ok,1,direct,0.795021,15,left_ankle,1,1,2.000000,706.460000,645.580000,2.000000,709.753000,637.188000,9.014961,39.194810,1,0.089000,0.874963
SP_T_Jongkok_2,openpose,142,4.730287,ok,1,direct,0.795021,16,right_ankle,1,1,2.000000,654.200000,643.820000,2.000000,654.828000,633.352000,10.486821,39.194810,1,0.089000,0.834643
SP_T_Jongkok_2,openpose,143,4.763598,ok,1,direct,0.800610,0,nose,0,0,0.000000,0.000000,0.000000,2.000000,647.066000,214.117000,,,,0.026000,
SP_T_Jongkok_2,openpose,143,4.763598,ok,1,direct,0.800610,1,left_eye,0,0,0.000000,0.000000,0.000000,2.000000,656.864000,208.150000,,,,0.025000,
SP_T_Jongkok_2,openpose,143,4.763598,ok,1,direct,0.800610,2,right_eye,0,0,0.000000,0.000000,0.000000,2.000000,639.212000,208.181000,,,,0.025000,
SP_T_Jongkok_2,openpose,143,4.763598,ok,1,direct,0.800610,3,left_ear,0,0,0.000000,0.000000,0.000000,2.000000,680.299000,214.093000,,,,0.035000,
SP_T_Jongkok_2,openpose,143,4.763598,ok,1,direct,0.800610,4,right_ear,0,0,0.000000,0.000000,0.000000,2.000000,631.320000,216.001000,,,,0.035000,
SP_T_Jongkok_2,openpose,143,4.763598,ok,1,direct,0.800610,5,left_shoulder,1,1,2.000000,701.550000,274.760000,2.000000,697.945000,272.748000,4.128458,39.194810,1,0.079000,0.965070
SP_T_Jongkok_2,openpose,143,4.763598,ok,1,direct,0.800610,6,right_shoulder,1,1,2.000000,621.110000,278.160000,2.000000,625.487000,276.687000,4.618209,39.194810,1,0.079000,0.956485
SP_T_Jongkok_2,openpose,143,4.763598,ok,1,direct,0.800610,7,left_elbow,1,1,2.000000,710.470000,346.370000,2.000000,709.766000,347.267000,1.140274,39.194810,1,0.072000,0.996740
SP_T_Jongkok_2,openpose,143,4.763598,ok,1,direct,0.800610,8,right_elbow,1,1,2.000000,607.500000,351.210000,2.000000,609.767000,349.232000,3.008616,39.194810,1,0.072000,0.977524
SP_T_Jongkok_2,openpose,143,4.763598,ok,1,direct,0.800610,9,left_wrist,1,1,2.000000,699.760000,415.860000,2.000000,699.929000,413.799000,2.067917,39.194810,1,0.062000,0.985621
SP_T_Jongkok_2,openpose,143,4.763598,ok,1,direct,0.800610,10,right_wrist,1,1,2.000000,606.900000,418.720000,2.000000,607.809000,411.909000,6.871390,39.194810,1,0.062000,0.852220
SP_T_Jongkok_2,openpose,143,4.763598,ok,1,direct,0.800610,11,left_hip,1,1,2.000000,693.980000,408.950000,2.000000,688.167000,423.660000,15.816923,39.194810,1,0.107000,0.752407
SP_T_Jongkok_2,openpose,143,4.763598,ok,1,direct,0.800610,12,right_hip,1,1,2.000000,643.020000,410.030000,2.000000,633.350000,425.627000,18.351439,39.194810,1,0.107000,0.681845
SP_T_Jongkok_2,openpose,143,4.763598,ok,1,direct,0.800610,13,left_knee,1,1,2.000000,699.110000,523.320000,2.000000,698.002000,533.348000,10.089026,39.194810,1,0.087000,0.839391
SP_T_Jongkok_2,openpose,143,4.763598,ok,1,direct,0.800610,14,right_knee,1,1,2.000000,646.790000,522.850000,2.000000,648.909000,537.308000,14.612458,39.194810,1,0.087000,0.692625
SP_T_Jongkok_2,openpose,143,4.763598,ok,1,direct,0.800610,15,left_ankle,1,1,2.000000,706.460000,645.580000,2.000000,709.690000,637.237000,8.946427,39.194810,1,0.089000,0.876735
SP_T_Jongkok_2,openpose,143,4.763598,ok,1,direct,0.800610,16,right_ankle,1,1,2.000000,654.200000,643.820000,2.000000,654.804000,635.202000,8.639140,39.194810,1,0.089000,0.884557
SP_T_Jongkok_2,openpose,144,4.796910,ok,1,direct,0.800657,0,nose,0,0,0.000000,0.000000,0.000000,2.000000,647.048000,214.104000,,,,0.026000,
SP_T_Jongkok_2,openpose,144,4.796910,ok,1,direct,0.800657,1,left_eye,0,0,0.000000,0.000000,0.000000,2.000000,656.858000,208.131000,,,,0.025000,
SP_T_Jongkok_2,openpose,144,4.796910,ok,1,direct,0.800657,2,right_eye,0,0,0.000000,0.000000,0.000000,2.000000,639.186000,208.154000,,,,0.025000,
SP_T_Jongkok_2,openpose,144,4.796910,ok,1,direct,0.800657,3,left_ear,0,0,0.000000,0.000000,0.000000,2.000000,680.310000,214.089000,,,,0.035000,
SP_T_Jongkok_2,openpose,144,4.796910,ok,1,direct,0.800657,4,right_ear,0,0,0.000000,0.000000,0.000000,2.000000,631.305000,215.975000,,,,0.035000,
SP_T_Jongkok_2,openpose,144,4.796910,ok,1,direct,0.800657,5,left_shoulder,1,1,2.000000,701.550000,274.760000,2.000000,697.942000,272.788000,4.111745,39.194810,1,0.079000,0.965347
SP_T_Jongkok_2,openpose,144,4.796910,ok,1,direct,0.800657,6,right_shoulder,1,1,2.000000,621.110000,278.160000,2.000000,625.441000,276.681000,4.576571,39.194810,1,0.079000,0.957249
SP_T_Jongkok_2,openpose,144,4.796910,ok,1,direct,0.800657,7,left_elbow,1,1,2.000000,710.470000,346.370000,2.000000,709.679000,349.205000,2.943282,39.194810,1,0.072000,0.978479
SP_T_Jongkok_2,openpose,144,4.796910,ok,1,direct,0.800657,8,right_elbow,1,1,2.000000,607.500000,351.210000,2.000000,607.794000,349.167000,2.064046,39.194810,1,0.072000,0.989358
SP_T_Jongkok_2,openpose,144,4.796910,ok,1,direct,0.800657,9,left_wrist,1,1,2.000000,699.550000,415.860000,2.000000,699.899000,413.822000,2.067667,39.194810,1,0.062000,0.985625
SP_T_Jongkok_2,openpose,144,4.796910,ok,1,direct,0.800657,10,right_wrist,1,1,2.000000,606.900000,418.720000,2.000000,605.927000,409.988000,8.786043,39.194810,1,0.062000,0.769940
SP_T_Jongkok_2,openpose,144,4.796910,ok,1,direct,0.800657,11,left_hip,1,1,2.000000,693.980000,408.950000,2.000000,688.165000,421.744000,14.053493,39.194810,1,0.107000,0.798851
SP_T_Jongkok_2,openpose,144,4.796910,ok,1,direct,0.800657,12,right_hip,1,1,2.000000,643.020000,410.030000,2.000000,633.330000,423.696000,16.752781,39.194810,1,0.107000,0.726775
SP_T_Jongkok_2,openpose,144,4.796910,ok,1,direct,0.800657,13,left_knee,1,1,2.000000,699.110000,523.320000,2.000000,697.973000,531.442000,8.201198,39.194810,1,0.087000,0.890753
SP_T_Jongkok_2,openpose,144,4.796910,ok,1,direct,0.800657,14,right_knee,1,1,2.000000,646.790000,522.850000,2.000000,648.896000,537.268000,14.570997,39.194810,1,0.087000,0.694068
SP_T_Jongkok_2,openpose,144,4.796910,ok,1,direct,0.800657,15,left_ankle,1,1,2.000000,706.460000,645.580000,2.000000,709.677000,637.216000,8.961338,39.194810,1,0.089000,0.876350
SP_T_Jongkok_2,openpose,144,4.796910,ok,1,direct,0.800657,16,right_ankle,1,1,2.000000,654.200000,643.820000,2.000000,652.959000,635.219000,8.690068,39.194810,1,0.089000,0.883274
