video_name,algorithm,frame_idx,timestamp_sec,status,matched_pred_found,match_method,matched_pred_score,keypoint_idx,keypoint_name,is_active,is_eval_joint,gt_v,gt_x,gt_y,pred_v,pred_x,pred_y,distance_px,pck_threshold_px,pck_correct,oks_sigma,oks_term
MP_R_Jongkok_1,posenet,0,0.000000,ok,1,direct,1.000000,0,nose,0,0,0.000000,0.000000,0.000000,2.000000,635.728455,175.716125,,,,0.026000,
MP_R_Jongkok_1,posenet,0,0.000000,ok,1,direct,1.000000,1,left_eye,0,0,0.000000,0.000000,0.000000,2.000000,646.246765,166.115158,,,,0.025000,
MP_R_Jongkok_1,posenet,0,0.000000,ok,1,direct,1.000000,2,right_eye,0,0,0.000000,0.000000,0.000000,2.000000,631.903625,167.075256,,,,0.025000,
MP_R_Jongkok_1,posenet,0,0.000000,ok,1,direct,1.000000,3,left_ear,0,0,0.000000,0.000000,0.000000,2.000000,672.064514,180.516602,,,,0.035000,
MP_R_Jongkok_1,posenet,0,0.000000,ok,1,direct,1.000000,4,right_ear,0,0,0.000000,0.000000,0.000000,2.000000,628.078735,181.476715,,,,0.035000,
MP_R_Jongkok_1,posenet,0,0.000000,ok,1,direct,1.000000,5,left_shoulder,1,1,2.000000,714.830000,248.350000,2.000000,703.619446,243.883026,12.067741,43.979068,1,0.079000,0.785615
MP_R_Jongkok_1,posenet,0,0.000000,ok,1,direct,1.000000,6,right_shoulder,1,1,2.000000,603.430000,253.420000,2.000000,612.779419,252.523880,9.392266,43.979068,1,0.079000,0.864021
MP_R_Jongkok_1,posenet,0,0.000000,ok,1,direct,1.000000,7,left_elbow,1,1,2.000000,714.090000,337.340000,2.000000,715.093933,331.251862,6.170357,43.979068,1,0.072000,0.926868
MP_R_Jongkok_1,posenet,0,0.000000,ok,1,direct,1.000000,8,right_elbow,1,1,2.000000,593.420000,335.190000,2.000000,595.567566,331.251862,4.485641,43.979068,1,0.072000,0.960660
MP_R_Jongkok_1,posenet,0,0.000000,ok,1,direct,1.000000,9,left_wrist,1,1,2.000000,698.230000,412.100000,2.000000,699.794556,408.059601,4.332743,43.979068,1,0.062000,0.950755
MP_R_Jongkok_1,posenet,0,0.000000,ok,1,direct,1.000000,10,right_wrist,1,1,2.000000,606.540000,403.920000,2.000000,610.867004,402.299011,4.620668,43.979068,1,0.062000,0.944185
MP_R_Jongkok_1,posenet,0,0.000000,ok,1,direct,1.000000,11,left_hip,1,1,2.000000,689.100000,404.390000,2.000000,685.451416,404.219208,3.652579,43.979068,1,0.107000,0.988023
MP_R_Jongkok_1,posenet,0,0.000000,ok,1,direct,1.000000,12,right_hip,1,1,2.000000,630.550000,405.460000,2.000000,628.078735,408.059601,3.586792,43.979068,1,0.107000,0.988448
MP_R_Jongkok_1,posenet,0,0.000000,ok,1,direct,1.000000,13,left_knee,1,1,2.000000,701.650000,530.090000,2.000000,698.838379,522.311096,8.271430,43.979068,1,0.087000,0.910768
MP_R_Jongkok_1,posenet,0,0.000000,ok,1,direct,1.000000,14,right_knee,1,1,2.000000,634.660000,530.090000,2.000000,635.728455,528.071716,2.283652,43.979068,1,0.087000,0.992901
MP_R_Jongkok_1,posenet,0,0.000000,ok,1,direct,1.000000,15,left_ankle,1,1,2.000000,711.080000,645.470000,2.000000,708.400452,637.522827,8.386748,43.979068,1,0.089000,0.912268
MP_R_Jongkok_1,posenet,0,0.000000,ok,1,direct,1.000000,16,right_ankle,1,1,2.000000,654.770000,646.620000,2.000000,650.071594,634.642456,12.866102,43.979068,1,0.089000,0.805656
MP_R_Jongkok_1,posenet,1,0.040454,ok,1,direct,1.000000,0,nose,0,0,0.000000,0.000000,0.000000,2.000000,635.811890,175.958771,,,,0.026000,
MP_R_Jongkok_1,posenet,1,0.040454,ok,1,direct,1.000000,1,left_eye,0,0,0.000000,0.000000,0.000000,2.000000,645.400330,167.317413,,,,0.025000,
MP_R_Jongkok_1,posenet,1,0.040454,ok,1,direct,1.000000,2,right_eye,0,0,0.000000,0.000000,0.000000,2.000000,631.017700,168.277542,,,,0.025000,
MP_R_Jongkok_1,posenet,1,0.040454,ok,1,direct,1.000000,3,left_ear,0,0,0.000000,0.000000,0.000000,2.000000,672.248047,179.799408,,,,0.035000,
MP_R_Jongkok_1,posenet,1,0.040454,ok,1,direct,1.000000,4,right_ear,0,0,0.000000,0.000000,0.000000,2.000000,628.141113,180.759537,,,,0.035000,
MP_R_Jongkok_1,posenet,1,0.040454,ok,1,direct,1.000000,5,left_shoulder,1,1,2.000000,714.830000,248.350000,2.000000,703.889954,243.169510,12.104631,43.979068,1,0.079000,0.784455
MP_R_Jongkok_1,posenet,1,0.040454,ok,1,direct,1.000000,6,right_shoulder,1,1,2.000000,603.430000,253.420000,2.000000,612.799622,251.810898,9.506788,43.979068,1,0.079000,0.860928
MP_R_Jongkok_1,posenet,1,0.040454,ok,1,direct,1.000000,7,left_elbow,1,1,2.000000,714.090000,337.340000,2.000000,715.396118,330.543488,6.920876,43.979068,1,0.072000,0.908880
MP_R_Jongkok_1,posenet,1,0.040454,ok,1,direct,1.000000,8,right_elbow,1,1,2.000000,593.420000,335.190000,2.000000,596.499207,330.543488,5.574190,43.979068,1,0.072000,0.939904
MP_R_Jongkok_1,posenet,1,0.040454,ok,1,direct,1.000000,9,left_wrist,1,1,2.000000,698.230000,412.100000,2.000000,700.054626,407.355743,5.083034,43.979068,1,0.062000,0.932858
MP_R_Jongkok_1,posenet,1,0.040454,ok,1,direct,1.000000,10,right_wrist,1,1,2.000000,606.540000,403.920000,2.000000,610.881897,401.594818,4.925296,43.979068,1,0.062000,0.936828
MP_R_Jongkok_1,posenet,1,0.040454,ok,1,direct,1.000000,11,left_hip,1,1,2.000000,689.100000,404.390000,2.000000,685.671875,402.554993,3.888353,43.979068,1,0.107000,0.986437
MP_R_Jongkok_1,posenet,1,0.040454,ok,1,direct,1.000000,12,right_hip,1,1,2.000000,630.550000,405.460000,2.000000,628.141113,407.355743,3.065384,43.979068,1,0.107000,0.991549
MP_R_Jongkok_1,posenet,1,0.040454,ok,1,direct,1.000000,13,left_knee,1,1,2.000000,701.650000,530.090000,2.000000,699.095764,521.614014,8.852484,43.979068,1,0.087000,0.898471
MP_R_Jongkok_1,posenet,1,0.040454,ok,1,direct,1.000000,14,right_knee,1,1,2.000000,634.660000,530.090000,2.000000,635.811890,523.534302,6.656127,43.979068,1,0.087000,0.941269
MP_R_Jongkok_1,posenet,1,0.040454,ok,1,direct,1.000000,15,left_ankle,1,1,2.000000,711.080000,645.470000,2.000000,708.684265,637.792603,8.042511,43.979068,1,0.089000,0.919028
MP_R_Jongkok_1,posenet,1,0.040454,ok,1,direct,1.000000,16,right_ankle,1,1,2.000000,654.770000,646.620000,2.000000,650.194580,632.991821,14.375734,43.979068,1,0.089000,0.763544
MP_R_Jongkok_1,posenet,2,0.080908,ok,1,direct,1.000000,0,nose,0,0,0.000000,0.000000,0.000000,2.000000,634.938538,176.170563,,,,0.026000,
MP_R_Jongkok_1,posenet,2,0.080908,ok,1,direct,1.000000,1,left_eye,0,0,0.000000,0.000000,0.000000,2.000000,644.518127,165.610229,,,,0.025000,
MP_R_Jongkok_1,posenet,2,0.080908,ok,1,direct,1.000000,2,right_eye,0,0,0.000000,0.000000,0.000000,2.000000,631.106689,168.490326,,,,0.025000,
MP_R_Jongkok_1,posenet,2,0.080908,ok,1,direct,1.000000,3,left_ear,0,0,0.000000,0.000000,0.000000,2.000000,671.340942,180.010681,,,,0.035000,
MP_R_Jongkok_1,posenet,2,0.080908,ok,1,direct,1.000000,4,right_ear,0,0,0.000000,0.000000,0.000000,2.000000,628.232849,180.970718,,,,0.035000,
MP_R_Jongkok_1,posenet,2,0.080908,ok,1,direct,1.000000,5,left_shoulder,1,1,2.000000,714.830000,248.350000,2.000000,703.911499,243.372650,11.999486,43.979068,1,0.079000,0.787756
MP_R_Jongkok_1,posenet,2,0.080908,ok,1,direct,1.000000,6,right_shoulder,1,1,2.000000,603.430000,253.420000,2.000000,611.947571,252.012909,8.633013,43.979068,1,0.079000,0.883836
MP_R_Jongkok_1,posenet,2,0.080908,ok,1,direct,1.000000,7,left_elbow,1,1,2.000000,714.090000,337.340000,2.000000,715.407043,329.775299,7.678496,43.979068,1,0.072000,0.889047
MP_R_Jongkok_1,posenet,2,0.080908,ok,1,direct,1.000000,8,right_elbow,1,1,2.000000,593.420000,335.190000,2.000000,598.536133,332.655396,5.709556,43.979068,1,0.072000,0.937044
MP_R_Jongkok_1,posenet,2,0.080908,ok,1,direct,1.000000,9,left_wrist,1,1,2.000000,698.230000,412.100000,2.000000,701.037659,403.697601,8.859077,43.979068,1,0.062000,0.809676
MP_R_Jongkok_1,posenet,2,0.080908,ok,1,direct,1.000000,10,right_wrist,1,1,2.000000,606.540000,403.920000,2.000000,611.947571,402.737579,5.535336,43.979068,1,0.062000,0.920883
MP_R_Jongkok_1,posenet,2,0.080908,ok,1,direct,1.000000,11,left_hip,1,1,2.000000,689.100000,404.390000,2.000000,685.710327,409.457794,6.096919,43.979068,1,0.107000,0.966984
MP_R_Jongkok_1,posenet,2,0.080908,ok,1,direct,1.000000,12,right_hip,1,1,2.000000,630.550000,405.460000,2.000000,628.232849,410.417816,5.472580,43.979068,1,0.107000,0.973313
MP_R_Jongkok_1,posenet,2,0.080908,ok,1,direct,1.000000,13,left_knee,1,1,2.000000,701.650000,530.090000,2.000000,699.121765,521.781311,8.684831,43.979068,1,0.087000,0.902087
MP_R_Jongkok_1,posenet,2,0.080908,ok,1,direct,1.000000,14,right_knee,1,1,2.000000,634.660000,530.090000,2.000000,635.896484,529.461487,1.387055,43.979068,1,0.087000,0.997375
MP_R_Jongkok_1,posenet,2,0.080908,ok,1,direct,1.000000,15,left_ankle,1,1,2.000000,711.080000,645.470000,2.000000,707.743347,636.984863,9.117609,43.979068,1,0.089000,0.897159
MP_R_Jongkok_1,posenet,2,0.080908,ok,1,direct,1.000000,16,right_ankle,1,1,2.000000,654.770000,646.620000,2.000000,650.265869,636.024780,11.512857,43.979068,1,0.089000,0.841111
MP_R_Jongkok_1,posenet,3,0.121362,ok,1,direct,1.000000,0,nose,0,0,0.000000,0.000000,0.000000,2.000000,634.745483,177.769379,,,,0.026000,
MP_R_Jongkok_1,posenet,3,0.121362,ok,1,direct,1.000000,1,left_eye,0,0,0.000000,0.000000,0.000000,2.000000,645.304321,168.172760,,,,0.025000,
MP_R_Jongkok_1,posenet,3,0.121362,ok,1,direct,1.000000,2,right_eye,0,0,0.000000,0.000000,0.000000,2.000000,630.905884,169.132416,,,,0.025000,
MP_R_Jongkok_1,posenet,3,0.121362,ok,1,direct,1.000000,3,left_ear,0,0,0.000000,0.000000,0.000000,2.000000,672.181396,178.729050,,,,0.035000,
MP_R_Jongkok_1,posenet,3,0.121362,ok,1,direct,1.000000,4,right_ear,0,0,0.000000,0.000000,0.000000,2.000000,627.066223,179.688705,,,,0.035000,
MP_R_Jongkok_1,posenet,3,0.121362,ok,1,direct,1.000000,5,left_shoulder,1,1,2.000000,714.830000,248.350000,2.000000,703.857971,243.026474,12.195300,43.979068,1,0.079000,0.781597
MP_R_Jongkok_1,posenet,3,0.121362,ok,1,direct,1.000000,6,right_shoulder,1,1,2.000000,603.430000,253.420000,2.000000,612.667786,250.703781,9.628838,43.979068,1,0.079000,0.857603
MP_R_Jongkok_1,posenet,3,0.121362,ok,1,direct,1.000000,7,left_elbow,1,1,2.000000,714.090000,337.340000,2.000000,715.376709,329.396179,8.047354,43.979068,1,0.072000,0.878820
MP_R_Jongkok_1,posenet,3,0.121362,ok,1,direct,1.000000,8,right_elbow,1,1,2.000000,593.420000,335.190000,2.000000,598.269348,331.315521,6.207074,43.979068,1,0.072000,0.926028
MP_R_Jongkok_1,posenet,3,0.121362,ok,1,direct,1.000000,9,left_wrist,1,1,2.000000,698.230000,412.100000,2.000000,700.018433,408.088562,4.392053,43.979068,1,0.062000,0.949433
MP_R_Jongkok_1,posenet,3,0.121362,ok,1,direct,1.000000,10,right_wrist,1,1,2.000000,606.540000,403.920000,2.000000,611.707886,402.330566,5.406787,43.979068,1,0.062000,0.924374
MP_R_Jongkok_1,posenet,3,0.121362,ok,1,direct,1.000000,11,left_hip,1,1,2.000000,689.100000,404.390000,2.000000,685.619934,410.007874,6.608431,43.979068,1,0.107000,0.961325
MP_R_Jongkok_1,posenet,3,0.121362,ok,1,direct,1.000000,12,right_hip,1,1,2.000000,630.550000,405.460000,2.000000,628.986084,410.007874,4.809261,43.979068,1,0.107000,0.979327
MP_R_Jongkok_1,posenet,3,0.121362,ok,1,direct,1.000000,13,left_knee,1,1,2.000000,701.650000,530.090000,2.000000,699.058533,523.248108,7.316228,43.979068,1,0.087000,0.929483
MP_R_Jongkok_1,posenet,3,0.121362,ok,1,direct,1.000000,14,right_knee,1,1,2.000000,634.660000,530.090000,2.000000,636.665222,529.006104,2.279418,43.979068,1,0.087000,0.992927
MP_R_Jongkok_1,posenet,3,0.121362,ok,1,direct,1.000000,15,left_ankle,1,1,2.000000,711.080000,645.470000,2.000000,707.697571,636.488342,9.597448,43.979068,1,0.089000,0.886703
MP_R_Jongkok_1,posenet,3,0.121362,ok,1,direct,1.000000,16,right_ankle,1,1,2.000000,654.770000,646.620000,2.000000,650.103821,635.528748,12.032835,43.979068,1,0.089000,0.827775
MP_R_Jongkok_1,posenet,4,0.161816,ok,1,direct,1.000000,0,nose,0,0,0.000000,0.000000,0.000000,2.000000,635.605469,177.888397,,,,0.026000,
MP_R_Jongkok_1,posenet,4,0.161816,ok,1,direct,1.000000,1,left_eye,0,0,0.000000,0.000000,0.000000,2.000000,645.206604,168.276917,,,,0.025000,
MP_R_Jongkok_1,posenet,4,0.161816,ok,1,direct,1.000000,2,right_eye,0,0,0.000000,0.000000,0.000000,2.000000,631.765015,169.238068,,,,0.025000,
MP_R_Jongkok_1,posenet,4,0.161816,ok,1,direct,1.000000,3,left_ear,0,0,0.000000,0.000000,0.000000,2.000000,672.089722,178.849533,,,,0.035000,
MP_R_Jongkok_1,posenet,4,0.161816,ok,1,direct,1.000000,4,right_ear,0,0,0.000000,0.000000,0.000000,2.000000,626.964417,178.849533,,,,0.035000,
MP_R_Jongkok_1,posenet,4,0.161816,ok,1,direct,1.000000,5,left_shoulder,1,1,2.000000,714.830000,248.350000,2.000000,702.813293,243.246429,13.055561,43.979068,1,0.079000,0.753967
MP_R_Jongkok_1,posenet,4,0.161816,ok,1,direct,1.000000,6,right_shoulder,1,1,2.000000,603.430000,253.420000,2.000000,612.562744,250.935623,9.464626,43.979068,1,0.079000,0.862069
MP_R_Jongkok_1,posenet,4,0.161816,ok,1,direct,1.000000,7,left_elbow,1,1,2.000000,714.090000,337.340000,2.000000,715.294739,329.749725,7.685289,43.979068,1,0.072000,0.888862
MP_R_Jongkok_1,posenet,4,0.161816,ok,1,direct,1.000000,8,right_elbow,1,1,2.000000,593.420000,335.190000,2.000000,599.121216,331.672028,6.699253,43.979068,1,0.072000,0.914369
MP_R_Jongkok_1,posenet,4,0.161816,ok,1,direct,1.000000,9,left_wrist,1,1,2.000000,698.230000,412.100000,2.000000,699.932983,408.563812,3.924892,43.979068,1,0.062000,0.959408
MP_R_Jongkok_1,posenet,4,0.161816,ok,1,direct,1.000000,10,right_wrist,1,1,2.000000,606.540000,403.920000,2.000000,612.562744,402.796967,6.126553,43.979068,1,0.062000,0.903961
MP_R_Jongkok_1,posenet,4,0.161816,ok,1,direct,1.000000,11,left_hip,1,1,2.000000,689.100000,404.390000,2.000000,685.531311,408.563812,5.491471,43.979068,1,0.107000,0.973131
MP_R_Jongkok_1,posenet,4,0.161816,ok,1,direct,1.000000,12,right_hip,1,1,2.000000,630.550000,405.460000,2.000000,628.884705,408.563812,3.522337,43.979068,1,0.107000,0.988857
MP_R_Jongkok_1,posenet,4,0.161816,ok,1,direct,1.000000,13,left_knee,1,1,2.000000,701.650000,530.090000,2.000000,698.012695,521.018066,9.773943,43.979068,1,0.087000,0.877649
MP_R_Jongkok_1,posenet,4,0.161816,ok,1,direct,1.000000,14,right_knee,1,1,2.000000,634.660000,530.090000,2.000000,636.565552,527.746155,3.020718,43.979068,1,0.087000,0.987612
MP_R_Jongkok_1,posenet,4,0.161816,ok,1,direct,1.000000,15,left_ankle,1,1,2.000000,711.080000,645.470000,2.000000,707.613831,636.355835,9.751017,43.979068,1,0.089000,0.883270
MP_R_Jongkok_1,posenet,4,0.161816,ok,1,direct,1.000000,16,right_ankle,1,1,2.000000,654.770000,646.620000,2.000000,649.047058,635.394714,12.599964,43.979068,1,0.089000,0.812816
MP_R_Jongkok_1,posenet,5,0.202270,ok,1,direct,1.000000,0,nose,0,0,0.000000,0.000000,0.000000,2.000000,635.188599,179.164795,,,,0.026000,
MP_R_Jongkok_1,posenet,5,0.202270,ok,1,direct,1.000000,1,left_eye,0,0,0.000000,0.000000,0.000000,2.000000,645.737122,168.606018,,,,0.025000,
MP_R_Jongkok_1,posenet,5,0.202270,ok,1,direct,1.000000,2,right_eye,0,0,0.000000,0.000000,0.000000,2.000000,631.352783,169.565887,,,,0.025000,
MP_R_Jongkok_1,posenet,5,0.202270,ok,1,direct,1.000000,3,left_ear,0,0,0.000000,0.000000,0.000000,2.000000,671.628906,179.164795,,,,0.035000,
MP_R_Jongkok_1,posenet,5,0.202270,ok,1,direct,1.000000,4,right_ear,0,0,0.000000,0.000000,0.000000,2.000000,626.557983,180.124680,,,,0.035000,
MP_R_Jongkok_1,posenet,5,0.202270,ok,1,direct,1.000000,5,left_shoulder,1,1,2.000000,714.830000,248.350000,2.000000,703.274475,242.517426,12.944075,43.979068,1,0.079000,0.757597
MP_R_Jongkok_1,posenet,5,0.202270,ok,1,direct,1.000000,6,right_shoulder,1,1,2.000000,603.430000,253.420000,2.000000,612.173645,251.156433,9.031891,43.979068,1,0.079000,0.873578
MP_R_Jongkok_1,posenet,5,0.202270,ok,1,direct,1.000000,7,left_elbow,1,1,2.000000,714.090000,337.340000,2.000000,715.740845,328.907410,8.592664,43.979068,1,0.072000,0.863057
MP_R_Jongkok_1,posenet,5,0.202270,ok,1,direct,1.000000,8,right_elbow,1,1,2.000000,593.420000,335.190000,2.000000,596.830322,330.827179,5.537554,43.979068,1,0.072000,0.940667
MP_R_Jongkok_1,posenet,5,0.202270,ok,1,direct,1.000000,9,left_wrist,1,1,2.000000,698.230000,412.100000,2.000000,699.438660,407.618256,4.641863,43.979068,1,0.062000,0.943686
MP_R_Jongkok_1,posenet,5,0.202270,ok,1,direct,1.000000,10,right_wrist,1,1,2.000000,606.540000,403.920000,2.000000,610.255798,400.899078,4.788854,43.979068,1,0.062000,0.940174
MP_R_Jongkok_1,posenet,5,0.202270,ok,1,direct,1.000000,11,left_hip,1,1,2.000000,689.100000,404.390000,2.000000,685.054260,407.618256,5.175871,43.979068,1,0.107000,0.976095
MP_R_Jongkok_1,posenet,5,0.202270,ok,1,direct,1.000000,12,right_hip,1,1,2.000000,630.550000,405.460000,2.000000,628.475891,408.578186,3.744998,43.979068,1,0.107000,0.987413
MP_R_Jongkok_1,posenet,5,0.202270,ok,1,direct,1.000000,13,left_knee,1,1,2.000000,701.650000,530.090000,2.000000,697.520752,519.925293,10.971416,43.979068,1,0.087000,0.848363
MP_R_Jongkok_1,posenet,5,0.202270,ok,1,direct,1.000000,14,right_knee,1,1,2.000000,634.660000,530.090000,2.000000,636.147583,527.604370,2.896767,43.979068,1,0.087000,0.988602
MP_R_Jongkok_1,posenet,5,0.202270,ok,1,direct,1.000000,15,left_ankle,1,1,2.000000,711.080000,645.470000,2.000000,707.110229,636.071716,10.202295,43.979068,1,0.089000,0.872948
MP_R_Jongkok_1,posenet,5,0.202270,ok,1,direct,1.000000,16,right_ankle,1,1,2.000000,654.770000,646.620000,2.000000,649.572937,635.111877,12.627207,43.979068,1,0.089000,0.812087
MP_R_Jongkok_1,posenet,6,0.242724,ok,1,direct,1.000000,0,nose,0,0,0.000000,0.000000,0.000000,2.000000,635.907288,177.765457,,,,0.026000,
MP_R_Jongkok_1,posenet,6,0.242724,ok,1,direct,1.000000,1,left_eye,0,0,0.000000,0.000000,0.000000,2.000000,645.484436,168.165680,,,,0.025000,
MP_R_Jongkok_1,posenet,6,0.242724,ok,1,direct,1.000000,2,right_eye,0,0,0.000000,0.000000,0.000000,2.000000,631.118713,169.125671,,,,0.025000,
MP_R_Jongkok_1,posenet,6,0.242724,ok,1,direct,1.000000,3,left_ear,0,0,0.000000,0.000000,0.000000,2.000000,670.385132,178.725433,,,,0.035000,
MP_R_Jongkok_1,posenet,6,0.242724,ok,1,direct,1.000000,4,right_ear,0,0,0.000000,0.000000,0.000000,2.000000,627.287842,179.685410,,,,0.035000,
MP_R_Jongkok_1,posenet,6,0.242724,ok,1,direct,1.000000,5,left_shoulder,1,1,2.000000,713.020000,247.560000,2.000000,702.947510,243.043823,11.038610,43.862868,1,0.079000,0.816311
MP_R_Jongkok_1,posenet,6,0.242724,ok,1,direct,1.000000,6,right_shoulder,1,1,2.000000,605.010000,254.890000,2.000000,611.006592,250.723618,7.301908,43.862868,1,0.079000,0.915021
MP_R_Jongkok_1,posenet,6,0.242724,ok,1,direct,1.000000,7,left_elbow,1,1,2.000000,712.460000,334.880000,2.000000,713.482422,329.441650,5.533624,43.862868,1,0.072000,0.940444
MP_R_Jongkok_1,posenet,6,0.242724,ok,1,direct,1.000000,8,right_elbow,1,1,2.000000,592.520000,333.610000,2.000000,595.683167,331.361633,3.880821,43.862868,1,0.072000,0.970251
MP_R_Jongkok_1,posenet,6,0.242724,ok,1,direct,1.000000,9,left_wrist,1,1,2.000000,693.670000,409.990000,2.000000,697.201233,408.159668,3.977401,43.862868,1,0.062000,0.958121
MP_R_Jongkok_1,posenet,6,0.242724,ok,1,direct,1.000000,10,right_wrist,1,1,2.000000,603.670000,404.630000,2.000000,608.133423,400.479858,6.094737,43.862868,1,0.062000,0.904428
MP_R_Jongkok_1,posenet,6,0.242724,ok,1,direct,1.000000,11,left_hip,1,1,2.000000,689.550000,404.390000,2.000000,686.666321,408.159668,4.746157,43.862868,1,0.107000,0.979755
MP_R_Jongkok_1,posenet,6,0.242724,ok,1,direct,1.000000,12,right_hip,1,1,2.000000,632.700000,405.570000,2.000000,630.161011,410.079620,5.175243,43.862868,1,0.107000,0.975975
MP_R_Jongkok_1,posenet,6,0.242724,ok,1,direct,1.000000,13,left_knee,1,1,2.000000,701.450000,531.460000,2.000000,698.158936,519.516907,12.388244,43.862868,1,0.087000,0.809957
MP_R_Jongkok_1,posenet,6,0.242724,ok,1,direct,1.000000,14,right_knee,1,1,2.000000,631.320000,530.200000,2.000000,635.907288,528.156677,5.021790,43.862868,1,0.087000,0.965958
MP_R_Jongkok_1,posenet,6,0.242724,ok,1,direct,1.000000,15,left_ankle,1,1,2.000000,711.080000,645.570000,2.000000,708.693848,636.633911,9.249184,43.862868,1,0.089000,0.893803
MP_R_Jongkok_1,posenet,6,0.242724,ok,1,direct,1.000000,16,right_ankle,1,1,2.000000,654.770000,646.720000,2.000000,649.315369,634.713989,13.187012,43.862868,1,0.089000,0.795951
MP_R_Jongkok_1,posenet,7,0.283178,ok,1,direct,1.000000,0,nose,0,0,0.000000,0.000000,0.000000,2.000000,635.329956,176.183380,,,,0.026000,
MP_R_Jongkok_1,posenet,7,0.283178,ok,1,direct,1.000000,1,left_eye,0,0,0.000000,0.000000,0.000000,2.000000,644.884888,166.574997,,,,0.025000,
MP_R_Jongkok_1,posenet,7,0.283178,ok,1,direct,1.000000,2,right_eye,0,0,0.000000,0.000000,0.000000,2.000000,630.552551,169.457520,,,,0.025000,
MP_R_Jongkok_1,posenet,7,0.283178,ok,1,direct,1.000000,3,left_ear,0,0,0.000000,0.000000,0.000000,2.000000,670.683289,177.144196,,,,0.035000,
MP_R_Jongkok_1,posenet,7,0.283178,ok,1,direct,1.000000,4,right_ear,0,0,0.000000,0.000000,0.000000,2.000000,626.730591,180.987549,,,,0.035000,
MP_R_Jongkok_1,posenet,7,0.283178,ok,1,direct,1.000000,5,left_shoulder,1,1,2.000000,711.210000,246.760000,2.000000,702.214478,243.441910,9.587969,43.747995,1,0.079000,0.857335
MP_R_Jongkok_1,posenet,7,0.283178,ok,1,direct,1.000000,6,right_shoulder,1,1,2.000000,606.590000,256.360000,2.000000,612.398132,251.128601,7.816773,43.747995,1,0.079000,0.902750
MP_R_Jongkok_1,posenet,7,0.283178,ok,1,direct,1.000000,7,left_elbow,1,1,2.000000,710.820000,332.430000,2.000000,714.635925,321.269623,11.794715,43.747995,1,0.072000,0.755459
MP_R_Jongkok_1,posenet,7,0.283178,ok,1,direct,1.000000,8,right_elbow,1,1,2.000000,591.610000,332.020000,2.000000,599.976807,331.838867,8.368767,43.747995,1,0.072000,0.868333
MP_R_Jongkok_1,posenet,7,0.283178,ok,1,direct,1.000000,9,left_wrist,1,1,2.000000,689.110000,407.870000,2.000000,695.526062,401.019043,9.386238,43.747995,1,0.062000,0.787018
MP_R_Jongkok_1,posenet,7,0.283178,ok,1,direct,1.000000,10,right_wrist,1,1,2.000000,600.800000,405.330000,2.000000,607.620728,401.019043,8.068871,43.747995,1,0.062000,0.837786
MP_R_Jongkok_1,posenet,7,0.283178,ok,1,direct,1.000000,11,left_hip,1,1,2.000000,690.000000,404.390000,2.000000,684.060181,408.705750,7.342149,43.747995,1,0.107000,0.951988
MP_R_Jongkok_1,posenet,7,0.283178,ok,1,direct,1.000000,12,right_hip,1,1,2.000000,634.850000,405.680000,2.000000,628.641602,410.627441,7.938601,43.747995,1,0.107000,0.944101
MP_R_Jongkok_1,posenet,7,0.283178,ok,1,direct,1.000000,13,left_knee,1,1,2.000000,701.260000,532.830000,2.000000,698.392517,520.162781,12.987721,43.747995,1,0.087000,0.792245
MP_R_Jongkok_1,posenet,7,0.283178,ok,1,direct,1.000000,14,right_knee,1,1,2.000000,627.990000,530.310000,2.000000,635.329956,521.123596,11.758613,43.747995,1,0.087000,0.826222
MP_R_Jongkok_1,posenet,7,0.283178,ok,1,direct,1.000000,15,left_ankle,1,1,2.000000,711.080000,645.670000,2.000000,708.902954,636.424011,9.498833,43.747995,1,0.089000,0.887777
MP_R_Jongkok_1,posenet,7,0.283178,ok,1,direct,1.000000,16,right_ankle,1,1,2.000000,654.770000,646.820000,2.000000,650.617859,633.541443,13.912597,43.747995,1,0.089000,0.774639
MP_R_Jongkok_1,posenet,8,0.323632,ok,1,direct,1.000000,0,nose,0,0,0.000000,0.000000,0.000000,2.000000,634.391968,175.677612,,,,0.026000,
MP_R_Jongkok_1,posenet,8,0.323632,ok,1,direct,1.000000,1,left_eye,0,0,0.000000,0.000000,0.000000,2.000000,643.970032,166.067886,,,,0.025000,
MP_R_Jongkok_1,posenet,8,0.323632,ok,1,direct,1.000000,2,right_eye,0,0,0.000000,0.000000,0.000000,2.000000,629.602905,167.028854,,,,0.025000,
MP_R_Jongkok_1,posenet,8,0.323632,ok,1,direct,1.000000,3,left_ear,0,0,0.000000,0.000000,0.000000,2.000000,669.830933,176.638580,,,,0.035000,
MP_R_Jongkok_1,posenet,8,0.323632,ok,1,direct,1.000000,4,right_ear,0,0,0.000000,0.000000,0.000000,2.000000,625.771729,180.482483,,,,0.035000,
MP_R_Jongkok_1,posenet,8,0.323632,ok,1,direct,1.000000,5,left_shoulder,1,1,2.000000,709.400000,245.970000,2.000000,701.438599,243.906662,8.224432,43.936840,1,0.079000,0.893788
MP_R_Jongkok_1,posenet,8,0.323632,ok,1,direct,1.000000,6,right_shoulder,1,1,2.000000,608.180000,257.830000,2.000000,610.446716,251.594421,6.634790,43.936840,1,0.079000,0.929531
MP_R_Jongkok_1,posenet,8,0.323632,ok,1,direct,1.000000,7,left_elbow,1,1,2.000000,709.190000,329.970000,2.000000,711.974548,321.745422,8.683167,43.936840,1,0.072000,0.860120
MP_R_Jongkok_1,posenet,8,0.323632,ok,1,direct,1.000000,8,right_elbow,1,1,2.000000,590.710000,330.440000,2.000000,597.037415,332.316132,6.599700,43.936840,1,0.072000,0.916634
MP_R_Jongkok_1,posenet,8,0.323632,ok,1,direct,1.000000,9,left_wrist,1,1,2.000000,684.550000,405.760000,2.000000,689.944885,402.467133,6.320424,43.936840,1,0.062000,0.897927
MP_R_Jongkok_1,posenet,8,0.323632,ok,1,direct,1.000000,10,right_wrist,1,1,2.000000,597.920000,406.040000,2.000000,598.953003,402.467133,3.719204,43.936840,1,0.062000,0.963405
MP_R_Jongkok_1,posenet,8,0.323632,ok,1,direct,1.000000,11,left_hip,1,1,2.000000,690.460000,404.390000,2.000000,687.071472,411.115875,7.531236,43.936840,1,0.107000,0.949969
MP_R_Jongkok_1,posenet,8,0.323632,ok,1,direct,1.000000,12,right_hip,1,1,2.000000,636.990000,405.800000,2.000000,626.729492,412.076843,12.028166,43.936840,1,0.107000,0.877289
MP_R_Jongkok_1,posenet,8,0.323632,ok,1,direct,1.000000,13,left_knee,1,1,2.000000,701.060000,534.200000,2.000000,697.607361,520.666748,13.966733,43.936840,1,0.087000,0.765667
MP_R_Jongkok_1,posenet,8,0.323632,ok,1,direct,1.000000,14,right_knee,1,1,2.000000,624.650000,530.430000,2.000000,635.349792,529.315491,10.757681,43.936840,1,0.087000,0.853503
MP_R_Jongkok_1,posenet,8,0.323632,ok,1,direct,1.000000,15,left_ankle,1,1,2.000000,711.080000,645.780000,2.000000,709.101074,636.944397,9.054503,43.936840,1,0.089000,0.898318
MP_R_Jongkok_1,posenet,8,0.323632,ok,1,direct,1.000000,16,right_ankle,1,1,2.000000,654.770000,646.910000,2.000000,649.716919,635.983521,12.038338,43.936840,1,0.089000,0.827331
MP_R_Jongkok_1,posenet,9,0.364086,ok,1,direct,1.000000,0,nose,0,0,0.000000,0.000000,0.000000,2.000000,633.381836,178.466537,,,,0.026000,
MP_R_Jongkok_1,posenet,9,0.364086,ok,1,direct,1.000000,1,left_eye,0,0,0.000000,0.000000,0.000000,2.000000,642.944702,168.865051,,,,0.025000,
MP_R_Jongkok_1,posenet,9,0.364086,ok,1,direct,1.000000,2,right_eye,0,0,0.000000,0.000000,0.000000,2.000000,628.600403,169.825211,,,,0.025000,
MP_R_Jongkok_1,posenet,9,0.364086,ok,1,direct,1.000000,3,left_ear,0,0,0.000000,0.000000,0.000000,2.000000,669.720764,178.466537,,,,0.035000,
MP_R_Jongkok_1,posenet,9,0.364086,ok,1,direct,1.000000,4,right_ear,0,0,0.000000,0.000000,0.000000,2.000000,624.775269,180.386826,,,,0.035000,
MP_R_Jongkok_1,posenet,9,0.364086,ok,1,direct,1.000000,5,left_shoulder,1,1,2.000000,707.590000,245.180000,2.000000,700.322021,242.796417,7.648855,44.151531,1,0.079000,0.908302
MP_R_Jongkok_1,posenet,9,0.364086,ok,1,direct,1.000000,6,right_shoulder,1,1,2.000000,609.760000,259.300000,2.000000,610.430969,250.477600,8.847878,44.151531,1,0.079000,0.879242
MP_R_Jongkok_1,posenet,9,0.364086,ok,1,direct,1.000000,7,left_elbow,1,1,2.000000,707.560000,327.520000,2.000000,708.928589,320.568359,7.085079,44.151531,1,0.072000,0.905427
MP_R_Jongkok_1,posenet,9,0.364086,ok,1,direct,1.000000,8,right_elbow,1,1,2.000000,589.800000,328.860000,2.000000,591.305176,328.249542,1.624258,44.151531,1,0.072000,0.994792
MP_R_Jongkok_1,posenet,9,0.364086,ok,1,direct,1.000000,9,left_wrist,1,1,2.000000,679.990000,403.650000,2.000000,686.933960,398.340302,8.741366,44.151531,1,0.062000,0.815507
MP_R_Jongkok_1,posenet,9,0.364086,ok,1,direct,1.000000,10,right_wrist,1,1,2.000000,595.050000,406.740000,2.000000,594.174011,398.340302,8.445253,44.151531,1,0.062000,0.826660
MP_R_Jongkok_1,posenet,9,0.364086,ok,1,direct,1.000000,11,left_hip,1,1,2.000000,690.910000,404.390000,2.000000,691.715393,407.941772,3.641943,44.151531,1,0.107000,0.988184
MP_R_Jongkok_1,posenet,9,0.364086,ok,1,direct,1.000000,12,right_hip,1,1,2.000000,639.140000,405.910000,2.000000,627.644104,411.782379,12.908930,44.151531,1,0.107000,0.861284
MP_R_Jongkok_1,posenet,9,0.364086,ok,1,direct,1.000000,13,left_knee,1,1,2.000000,700.870000,535.570000,2.000000,697.453125,516.438416,19.434314,44.151531,1,0.087000,0.599318
MP_R_Jongkok_1,posenet,9,0.364086,ok,1,direct,1.000000,14,right_knee,1,1,2.000000,621.320000,530.540000,2.000000,634.338135,526.039917,13.773982,44.151531,1,0.087000,0.773237
MP_R_Jongkok_1,posenet,9,0.364086,ok,1,direct,1.000000,15,left_ankle,1,1,2.000000,711.080000,645.880000,2.000000,707.972290,633.576416,12.689998,44.151531,1,0.089000,0.811733
MP_R_Jongkok_1,posenet,9,0.364086,ok,1,direct,1.000000,16,right_ankle,1,1,2.000000,654.770000,647.010000,2.000000,649.638733,633.576416,14.380232,44.151531,1,0.089000,0.765023
MP_R_Jongkok_1,posenet,10,0.404540,ok,1,direct,1.000000,0,nose,0,0,0.000000,0.000000,0.000000,2.000000,634.156677,176.597778,,,,0.026000,
MP_R_Jongkok_1,posenet,10,0.404540,ok,1,direct,1.000000,1,left_eye,0,0,0.000000,0.000000,0.000000,2.000000,642.797791,166.991333,,,,0.025000,
MP_R_Jongkok_1,posenet,10,0.404540,ok,1,direct,1.000000,2,right_eye,0,0,0.000000,0.000000,0.000000,2.000000,629.356079,170.833908,,,,0.025000,
MP_R_Jongkok_1,posenet,10,0.404540,ok,1,direct,1.000000,3,left_ear,0,0,0.000000,0.000000,0.000000,2.000000,669.681213,177.558426,,,,0.035000,
MP_R_Jongkok_1,posenet,10,0.404540,ok,1,direct,1.000000,4,right_ear,0,0,0.000000,0.000000,0.000000,2.000000,624.555481,182.361633,,,,0.035000,
MP_R_Jongkok_1,posenet,10,0.404540,ok,1,direct,1.000000,5,left_shoulder,1,1,2.000000,705.780000,244.390000,2.000000,697.524841,242.882217,8.391725,44.364098,1,0.079000,0.891669
MP_R_Jongkok_1,posenet,10,0.404540,ok,1,direct,1.000000,6,right_shoulder,1,1,2.000000,611.340000,260.770000,2.000000,610.153564,249.606735,11.226135,44.364098,1,0.079000,0.814486
MP_R_Jongkok_1,posenet,10,0.404540,ok,1,direct,1.000000,7,left_elbow,1,1,2.000000,705.930000,325.060000,2.000000,704.245728,322.615692,2.968403,44.364098,1,0.072000,0.982876
MP_R_Jongkok_1,posenet,10,0.404540,ok,1,direct,1.000000,8,right_elbow,1,1,2.000000,588.900000,327.270000,2.000000,591.911194,329.340210,3.654184,44.364098,1,0.072000,0.974165
MP_R_Jongkok_1,posenet,10,0.404540,ok,1,direct,1.000000,9,left_wrist,1,1,2.000000,675.430000,401.540000,2.000000,679.282471,396.585266,6.276218,44.364098,1,0.062000,0.901107
MP_R_Jongkok_1,posenet,10,0.404540,ok,1,direct,1.000000,10,right_wrist,1,1,2.000000,592.180000,407.450000,2.000000,586.150513,406.191681,6.159390,44.364098,1,0.062000,0.904575
MP_R_Jongkok_1,posenet,10,0.404540,ok,1,direct,1.000000,11,left_hip,1,1,2.000000,691.360000,404.390000,2.000000,694.644470,407.152344,4.291653,44.364098,1,0.107000,0.983786
MP_R_Jongkok_1,posenet,10,0.404540,ok,1,direct,1.000000,12,right_hip,1,1,2.000000,641.290000,406.020000,2.000000,630.316223,409.073639,11.390719,44.364098,1,0.107000,0.891224
MP_R_Jongkok_1,posenet,10,0.404540,ok,1,direct,1.000000,13,left_knee,1,1,2.000000,700.670000,536.930000,2.000000,700.405212,524.350891,12.581895,44.364098,1,0.087000,0.808536
MP_R_Jongkok_1,posenet,10,0.404540,ok,1,direct,1.000000,14,right_knee,1,1,2.000000,617.980000,530.650000,2.000000,632.236450,526.272156,14.913480,44.364098,1,0.087000,0.741858
MP_R_Jongkok_1,posenet,10,0.404540,ok,1,direct,1.000000,15,left_ankle,1,1,2.000000,711.080000,645.980000,2.000000,710.006470,633.864380,12.163088,44.364098,1,0.089000,0.827132
MP_R_Jongkok_1,posenet,10,0.404540,ok,1,direct,1.000000,16,right_ankle,1,1,2.000000,654.770000,647.110000,2.000000,648.558533,631.943115,16.389531,44.364098,1,0.089000,0.708501
MP_R_Jongkok_1,posenet,11,0.444994,ok,1,direct,1.000000,0,nose,0,0,0.000000,0.000000,0.000000,2.000000,631.859131,182.652649,,,,0.026000,
MP_R_Jongkok_1,posenet,11,0.444994,ok,1,direct,1.000000,1,left_eye,0,0,0.000000,0.000000,0.000000,2.000000,642.384338,168.233810,,,,0.025000,
MP_R_Jongkok_1,posenet,11,0.444994,ok,1,direct,1.000000,2,right_eye,0,0,0.000000,0.000000,0.000000,2.000000,628.031738,173.040085,,,,0.025000,
MP_R_Jongkok_1,posenet,11,0.444994,ok,1,direct,1.000000,3,left_ear,0,0,0.000000,0.000000,0.000000,2.000000,669.175659,182.652649,,,,0.035000,
MP_R_Jongkok_1,posenet,11,0.444994,ok,1,direct,1.000000,4,right_ear,0,0,0.000000,0.000000,0.000000,2.000000,624.204407,184.575150,,,,0.035000,
MP_R_Jongkok_1,posenet,11,0.444994,ok,1,direct,1.000000,5,left_shoulder,1,1,2.000000,705.330000,249.370000,2.000000,697.880798,244.173050,9.082890,44.923966,1,0.079000,0.877219
MP_R_Jongkok_1,posenet,11,0.444994,ok,1,direct,1.000000,6,right_shoulder,1,1,2.000000,612.920000,262.240000,2.000000,607.938232,250.901840,12.384340,44.923966,1,0.079000,0.783850
MP_R_Jongkok_1,posenet,11,0.444994,ok,1,direct,1.000000,7,left_elbow,1,1,2.000000,702.760000,325.400000,2.000000,697.880798,323.957336,5.088014,44.923966,1,0.072000,0.951716
MP_R_Jongkok_1,posenet,11,0.444994,ok,1,direct,1.000000,8,right_elbow,1,1,2.000000,587.320000,326.710000,2.000000,587.844604,332.608643,5.921925,44.923966,1,0.072000,0.935158
MP_R_Jongkok_1,posenet,11,0.444994,ok,1,direct,1.000000,9,left_wrist,1,1,2.000000,670.000000,395.890000,2.000000,673.959900,397.012817,4.116009,44.923966,1,0.062000,0.957264
MP_R_Jongkok_1,posenet,11,0.444994,ok,1,direct,1.000000,10,right_wrist,1,1,2.000000,584.260000,403.600000,2.000000,584.017334,402.780334,0.854832,44.923966,1,0.062000,0.998118
MP_R_Jongkok_1,posenet,11,0.444994,ok,1,direct,1.000000,11,left_hip,1,1,2.000000,691.810000,404.390000,2.000000,697.880798,405.664124,6.203062,44.923966,1,0.107000,0.967243
MP_R_Jongkok_1,posenet,11,0.444994,ok,1,direct,1.000000,12,right_hip,1,1,2.000000,643.440000,406.140000,2.000000,624.204407,412.392914,20.226393,44.923966,1,0.107000,0.701795
MP_R_Jongkok_1,posenet,11,0.444994,ok,1,direct,1.000000,13,left_knee,1,1,2.000000,700.480000,538.300000,2.000000,703.621765,523.898682,14.740036,44.923966,1,0.087000,0.752415
MP_R_Jongkok_1,posenet,11,0.444994,ok,1,direct,1.000000,14,right_knee,1,1,2.000000,614.650000,530.770000,2.000000,622.290771,523.898682,10.276011,44.923966,1,0.087000,0.870876
MP_R_Jongkok_1,posenet,11,0.444994,ok,1,direct,1.000000,15,left_ankle,1,1,2.000000,711.080000,646.090000,2.000000,711.276489,638.288147,7.804327,44.923966,1,0.089000,0.926629
MP_R_Jongkok_1,posenet,11,0.444994,ok,1,direct,1.000000,16,right_ankle,1,1,2.000000,654.770000,647.210000,2.000000,648.125305,633.481812,15.251725,44.923966,1,0.089000,0.747496
MP_R_Jongkok_1,posenet,12,0.485448,ok,1,direct,1.000000,0,nose,0,0,0.000000,0.000000,0.000000,2.000000,630.004456,188.171860,,,,0.026000,
MP_R_Jongkok_1,posenet,12,0.485448,ok,1,direct,1.000000,1,left_eye,0,0,0.000000,0.000000,0.000000,2.000000,639.595459,178.574188,,,,0.025000,
MP_R_Jongkok_1,posenet,12,0.485448,ok,1,direct,1.000000,2,right_eye,0,0,0.000000,0.000000,0.000000,2.000000,626.168091,179.533936,,,,0.025000,
MP_R_Jongkok_1,posenet,12,0.485448,ok,1,direct,1.000000,3,left_ear,0,0,0.000000,0.000000,0.000000,2.000000,667.409241,188.171860,,,,0.035000,
MP_R_Jongkok_1,posenet,12,0.485448,ok,1,direct,1.000000,4,right_ear,0,0,0.000000,0.000000,0.000000,2.000000,623.290833,190.091400,,,,0.035000,
MP_R_Jongkok_1,posenet,12,0.485448,ok,1,direct,1.000000,5,left_shoulder,1,1,2.000000,704.880000,254.340000,2.000000,695.223083,249.597061,10.758787,46.018910,1,0.079000,0.839324
MP_R_Jongkok_1,posenet,12,0.485448,ok,1,direct,1.000000,6,right_shoulder,1,1,2.000000,614.510000,263.710000,2.000000,608.904297,256.315399,9.279226,46.018910,1,0.079000,0.877837
MP_R_Jongkok_1,posenet,12,0.485448,ok,1,direct,1.000000,7,left_elbow,1,1,2.000000,699.600000,325.740000,2.000000,692.345764,331.177368,9.065810,46.018910,1,0.072000,0.860941
MP_R_Jongkok_1,posenet,12,0.485448,ok,1,direct,1.000000,8,right_elbow,1,1,2.000000,585.730000,326.140000,2.000000,584.926941,332.137146,6.050675,46.018910,1,0.072000,0.935480
MP_R_Jongkok_1,posenet,12,0.485448,ok,1,direct,1.000000,9,left_wrist,1,1,2.000000,664.580000,390.230000,2.000000,665.491028,391.642761,1.681031,46.018910,1,0.062000,0.993081
MP_R_Jongkok_1,posenet,12,0.485448,ok,1,direct,1.000000,10,right_wrist,1,1,2.000000,576.350000,399.760000,2.000000,576.295044,398.361145,1.399934,46.018910,1,0.062000,0.995197
MP_R_Jongkok_1,posenet,12,0.485448,ok,1,direct,1.000000,11,left_hip,1,1,2.000000,692.270000,404.390000,2.000000,695.223083,404.119781,2.965421,46.018910,1,0.107000,0.992772
MP_R_Jongkok_1,posenet,12,0.485448,ok,1,direct,1.000000,12,right_hip,1,1,2.000000,645.590000,406.250000,2.000000,628.086243,408.918610,17.706016,46.018910,1,0.107000,0.772130
MP_R_Jongkok_1,posenet,12,0.485448,ok,1,direct,1.000000,13,left_knee,1,1,2.000000,700.280000,539.670000,2.000000,703.854919,524.090881,15.984023,46.018910,1,0.087000,0.727035
MP_R_Jongkok_1,posenet,12,0.485448,ok,1,direct,1.000000,14,right_knee,1,1,2.000000,611.310000,530.880000,2.000000,617.536194,524.090881,9.211820,46.018910,1,0.087000,0.899534
MP_R_Jongkok_1,posenet,12,0.485448,ok,1,direct,1.000000,15,left_ankle,1,1,2.000000,711.080000,646.190000,2.000000,710.568604,637.343506,8.861263,46.018910,1,0.089000,0.910629
MP_R_Jongkok_1,posenet,12,0.485448,ok,1,direct,1.000000,16,right_ankle,1,1,2.000000,654.770000,647.300000,2.000000,647.268188,632.544678,16.552846,46.018910,1,0.089000,0.721314
MP_R_Jongkok_1,posenet,13,0.525902,ok,1,direct,1.000000,0,nose,0,0,0.000000,0.000000,0.000000,2.000000,632.031738,194.480011,,,,0.026000,
MP_R_Jongkok_1,posenet,13,0.525902,ok,1,direct,1.000000,1,left_eye,0,0,0.000000,0.000000,0.000000,2.000000,640.637817,184.870514,,,,0.025000,
MP_R_Jongkok_1,posenet,13,0.525902,ok,1,direct,1.000000,2,right_eye,0,0,0.000000,0.000000,0.000000,2.000000,628.206848,185.831451,,,,0.025000,
MP_R_Jongkok_1,posenet,13,0.525902,ok,1,direct,1.000000,3,left_ear,0,0,0.000000,0.000000,0.000000,2.000000,667.412354,192.558105,,,,0.035000,
MP_R_Jongkok_1,posenet,13,0.525902,ok,1,direct,1.000000,4,right_ear,0,0,0.000000,0.000000,0.000000,2.000000,627.250549,196.401901,,,,0.035000,
MP_R_Jongkok_1,posenet,13,0.525902,ok,1,direct,1.000000,5,left_shoulder,1,1,2.000000,704.430000,259.310000,2.000000,695.143005,253.097977,11.173070,47.056204,1,0.079000,0.834710
MP_R_Jongkok_1,posenet,13,0.525902,ok,1,direct,1.000000,6,right_shoulder,1,1,2.000000,616.090000,265.180000,2.000000,610.038391,261.746552,6.957768,47.056204,1,0.079000,0.932336
MP_R_Jongkok_1,posenet,13,0.525902,ok,1,direct,1.000000,7,left_elbow,1,1,2.000000,696.430000,326.080000,2.000000,686.536926,337.661652,15.231794,47.056204,1,0.072000,0.667488
MP_R_Jongkok_1,posenet,13,0.525902,ok,1,direct,1.000000,8,right_elbow,1,1,2.000000,584.150000,325.580000,2.000000,577.526550,335.739716,12.128063,47.056204,1,0.072000,0.773926
MP_R_Jongkok_1,posenet,13,0.525902,ok,1,direct,1.000000,9,left_wrist,1,1,2.000000,659.150000,384.580000,2.000000,636.812866,421.264343,42.949838,47.056204,1,0.062000,0.013109
MP_R_Jongkok_1,posenet,13,0.525902,ok,1,direct,1.000000,10,right_wrist,1,1,2.000000,568.440000,395.910000,2.000000,570.832947,395.318695,2.464921,47.056204,1,0.062000,0.985825
MP_R_Jongkok_1,posenet,13,0.525902,ok,1,direct,1.000000,11,left_hip,1,1,2.000000,692.720000,404.390000,2.000000,696.099243,412.615814,8.892879,47.056204,1,0.107000,0.939517
MP_R_Jongkok_1,posenet,13,0.525902,ok,1,direct,1.000000,12,right_hip,1,1,2.000000,647.740000,406.360000,2.000000,631.075500,413.576721,18.160028,47.056204,1,0.107000,0.770918
MP_R_Jongkok_1,posenet,13,0.525902,ok,1,direct,1.000000,13,left_knee,1,1,2.000000,700.090000,541.040000,2.000000,704.705322,527.929871,13.898802,47.056204,1,0.087000,0.794119
MP_R_Jongkok_1,posenet,13,0.525902,ok,1,direct,1.000000,14,right_knee,1,1,2.000000,607.980000,530.990000,2.000000,612.907104,526.968933,6.359665,47.056204,1,0.087000,0.952882
MP_R_Jongkok_1,posenet,13,0.525902,ok,1,direct,1.000000,15,left_ankle,1,1,2.000000,711.080000,646.300000,2.000000,710.442749,633.634460,12.681561,47.056204,1,0.089000,0.832448
MP_R_Jongkok_1,posenet,13,0.525902,ok,1,direct,1.000000,16,right_ankle,1,1,2.000000,654.770000,647.400000,2.000000,649.243896,634.595398,13.946170,47.056204,1,0.089000,0.801090
MP_R_Jongkok_1,posenet,14,0.566356,ok,1,direct,1.000000,0,nose,0,0,0.000000,0.000000,0.000000,2.000000,632.807373,205.044800,,,,0.026000,
MP_R_Jongkok_1,posenet,14,0.566356,ok,1,direct,1.000000,1,left_eye,0,0,0.000000,0.000000,0.000000,2.000000,640.462402,193.516586,,,,0.025000,
MP_R_Jongkok_1,posenet,14,0.566356,ok,1,direct,1.000000,2,right_eye,0,0,0.000000,0.000000,0.000000,2.000000,627.066040,195.437943,,,,0.025000,
MP_R_Jongkok_1,posenet,14,0.566356,ok,1,direct,1.000000,3,left_ear,0,0,0.000000,0.000000,0.000000,2.000000,668.211975,199.280701,,,,0.035000,
MP_R_Jongkok_1,posenet,14,0.566356,ok,1,direct,1.000000,4,right_ear,0,0,0.000000,0.000000,0.000000,2.000000,625.152344,204.084122,,,,0.035000,
MP_R_Jongkok_1,posenet,14,0.566356,ok,1,direct,1.000000,5,left_shoulder,1,1,2.000000,703.980000,264.290000,2.000000,696.918457,261.725189,7.512898,48.040024,1,0.079000,0.924616
MP_R_Jongkok_1,posenet,14,0.566356,ok,1,direct,1.000000,6,right_shoulder,1,1,2.000000,617.670000,266.650000,2.000000,610.799072,269.410675,7.404794,48.040024,1,0.079000,0.926689
MP_R_Jongkok_1,posenet,14,0.566356,ok,1,direct,1.000000,7,left_elbow,1,1,2.000000,693.270000,326.420000,2.000000,687.349609,336.658600,11.827086,48.040024,1,0.072000,0.791490
MP_R_Jongkok_1,posenet,14,0.566356,ok,1,direct,1.000000,8,right_elbow,1,1,2.000000,582.570000,325.010000,2.000000,580.178894,335.697937,10.952141,48.040024,1,0.072000,0.818306
MP_R_Jongkok_1,posenet,14,0.566356,ok,1,direct,1.000000,9,left_wrist,1,1,2.000000,653.720000,378.930000,2.000000,656.729431,377.007355,3.571168,48.040024,1,0.062000,0.971658
MP_R_Jongkok_1,posenet,14,0.566356,ok,1,direct,1.000000,10,right_wrist,1,1,2.000000,560.520000,392.070000,2.000000,569.653137,394.299713,9.401373,48.040024,1,0.062000,0.819336
MP_R_Jongkok_1,posenet,14,0.566356,ok,1,direct,1.000000,11,left_hip,1,1,2.000000,693.170000,404.390000,2.000000,695.961548,420.238159,16.092137,48.040024,1,0.107000,0.822002
MP_R_Jongkok_1,posenet,14,0.566356,ok,1,direct,1.000000,12,right_hip,1,1,2.000000,649.880000,406.470000,2.000000,633.764221,421.198853,21.832486,48.040024,1,0.107000,0.697121
MP_R_Jongkok_1,posenet,14,0.566356,ok,1,direct,1.000000,13,left_knee,1,1,2.000000,699.890000,542.410000,2.000000,704.573425,534.559631,9.141267,48.040024,1,0.087000,0.908759
MP_R_Jongkok_1,posenet,14,0.566356,ok,1,direct,1.000000,14,right_knee,1,1,2.000000,604.640000,531.110000,2.000000,607.928406,527.834839,4.641152,48.040024,1,0.087000,0.975639
MP_R_Jongkok_1,posenet,14,0.566356,ok,1,direct,1.000000,15,left_ankle,1,1,2.000000,711.080000,646.400000,2.000000,712.228516,638.313599,8.167556,48.040024,1,0.089000,0.929616
MP_R_Jongkok_1,posenet,14,0.566356,ok,1,direct,1.000000,16,right_ankle,1,1,2.000000,654.770000,647.500000,2.000000,650.031250,636.392212,12.076370,48.040024,1,0.089000,0.852521
MP_R_Jongkok_1,posenet,15,0.606810,ok,1,direct,1.000000,0,nose,0,0,0.000000,0.000000,0.000000,2.000000,632.341125,209.280792,,,,0.026000,
MP_R_Jongkok_1,posenet,15,0.606810,ok,1,direct,1.000000,1,left_eye,0,0,0.000000,0.000000,0.000000,2.000000,641.918640,199.669022,,,,0.025000,
MP_R_Jongkok_1,posenet,15,0.606810,ok,1,direct,1.000000,2,right_eye,0,0,0.000000,0.000000,0.000000,2.000000,627.552368,203.513733,,,,0.025000,
MP_R_Jongkok_1,posenet,15,0.606810,ok,1,direct,1.000000,3,left_ear,0,0,0.000000,0.000000,0.000000,2.000000,665.862549,207.358444,,,,0.035000,
MP_R_Jongkok_1,posenet,15,0.606810,ok,1,direct,1.000000,4,right_ear,0,0,0.000000,0.000000,0.000000,2.000000,630.425598,209.280792,,,,0.035000,
MP_R_Jongkok_1,posenet,15,0.606810,ok,1,direct,1.000000,5,left_shoulder,1,1,2.000000,703.520000,269.260000,2.000000,694.595276,265.990326,9.504813,49.045365,1,0.079000,0.886605
MP_R_Jongkok_1,posenet,15,0.606810,ok,1,direct,1.000000,6,right_shoulder,1,1,2.000000,619.250000,268.120000,2.000000,614.143738,273.679749,7.548822,49.045365,1,0.079000,0.926893
MP_R_Jongkok_1,posenet,15,0.606810,ok,1,direct,1.000000,7,left_elbow,1,1,2.000000,690.100000,326.760000,2.000000,682.144409,337.117523,13.060234,49.045365,1,0.072000,0.760658
MP_R_Jongkok_1,posenet,15,0.606810,ok,1,direct,1.000000,8,right_elbow,1,1,2.000000,580.980000,324.450000,2.000000,583.495605,332.311646,8.254317,49.045365,1,0.072000,0.896481
MP_R_Jongkok_1,posenet,15,0.606810,ok,1,direct,1.000000,9,left_wrist,1,1,2.000000,648.300000,373.280000,2.000000,645.749695,376.525848,4.127904,49.045365,1,0.062000,0.963815
MP_R_Jongkok_1,posenet,15,0.606810,ok,1,direct,1.000000,10,right_wrist,1,1,2.000000,552.610000,388.230000,2.000000,613.186035,385.176453,60.652949,49.045365,0,0.062000,0.000350
MP_R_Jongkok_1,posenet,15,0.606810,ok,1,direct,1.000000,11,left_hip,1,1,2.000000,693.620000,404.390000,2.000000,694.595276,426.507141,22.138634,49.045365,1,0.107000,0.700520
MP_R_Jongkok_1,posenet,15,0.606810,ok,1,direct,1.000000,12,right_hip,1,1,2.000000,652.030000,406.590000,2.000000,637.129883,427.468292,25.649885,49.045365,1,0.107000,0.620152
MP_R_Jongkok_1,posenet,15,0.606810,ok,1,direct,1.000000,13,left_knee,1,1,2.000000,699.690000,543.770000,2.000000,703.215027,531.275574,12.982161,49.045365,1,0.087000,0.830992
MP_R_Jongkok_1,posenet,15,0.606810,ok,1,direct,1.000000,14,right_knee,1,1,2.000000,601.310000,531.220000,2.000000,606.481689,528.392029,5.894387,49.045365,1,0.087000,0.962553
MP_R_Jongkok_1,posenet,15,0.606810,ok,1,direct,1.000000,15,left_ankle,1,1,2.000000,711.080000,646.500000,2.000000,711.834839,639.888672,6.654280,49.045365,1,0.089000,0.954585
MP_R_Jongkok_1,posenet,15,0.606810,ok,1,direct,1.000000,16,right_ankle,1,1,2.000000,654.770000,647.600000,2.000000,648.622925,635.082886,13.945059,49.045365,1,0.089000,0.815361
MP_R_Jongkok_1,posenet,16,0.647263,ok,1,direct,1.000000,0,nose,0,0,0.000000,0.000000,0.000000,2.000000,630.901733,219.953339,,,,0.026000,
MP_R_Jongkok_1,posenet,16,0.647263,ok,1,direct,1.000000,1,left_eye,0,0,0.000000,0.000000,0.000000,2.000000,640.463501,210.342087,,,,0.025000,
MP_R_Jongkok_1,posenet,16,0.647263,ok,1,direct,1.000000,2,right_eye,0,0,0.000000,0.000000,0.000000,2.000000,627.077087,212.264343,,,,0.025000,
MP_R_Jongkok_1,posenet,16,0.647263,ok,1,direct,1.000000,3,left_ear,0,0,0.000000,0.000000,0.000000,2.000000,666.280151,215.147720,,,,0.035000,
MP_R_Jongkok_1,posenet,16,0.647263,ok,1,direct,1.000000,4,right_ear,0,0,0.000000,0.000000,0.000000,2.000000,628.989441,220.914474,,,,0.035000,
MP_R_Jongkok_1,posenet,16,0.647263,ok,1,direct,1.000000,5,left_shoulder,1,1,2.000000,703.180000,278.190000,2.000000,694.009033,275.698730,9.503318,49.049013,1,0.079000,0.886654
MP_R_Jongkok_1,posenet,16,0.647263,ok,1,direct,1.000000,6,right_shoulder,1,1,2.000000,618.600000,278.230000,2.000000,614.646912,280.504364,4.560662,49.049013,1,0.079000,0.972674
MP_R_Jongkok_1,posenet,16,0.647263,ok,1,direct,1.000000,7,left_elbow,1,1,2.000000,686.940000,330.490000,2.000000,674.885681,342.016510,16.678340,49.049013,1,0.072000,0.640134
MP_R_Jongkok_1,posenet,16,0.647263,ok,1,direct,1.000000,8,right_elbow,1,1,2.000000,581.100000,328.520000,2.000000,575.443848,343.938751,16.423457,49.049013,1,0.072000,0.648854
MP_R_Jongkok_1,posenet,16,0.647263,ok,1,direct,1.000000,9,left_wrist,1,1,2.000000,645.470000,369.660000,2.000000,643.332031,373.733704,4.600649,49.049013,1,0.062000,0.955257
MP_R_Jongkok_1,posenet,16,0.647263,ok,1,direct,1.000000,10,right_wrist,1,1,2.000000,548.310000,383.820000,2.000000,646.200562,365.083557,99.667529,49.049013,0,0.062000,0.000000
MP_R_Jongkok_1,posenet,16,0.647263,ok,1,direct,1.000000,11,left_hip,1,1,2.000000,695.580000,414.260000,2.000000,694.965271,429.479065,15.231475,49.049013,1,0.107000,0.844969
MP_R_Jongkok_1,posenet,16,0.647263,ok,1,direct,1.000000,12,right_hip,1,1,2.000000,653.010000,417.140000,2.000000,637.594971,436.206940,24.518795,49.049013,1,0.107000,0.646284
MP_R_Jongkok_1,posenet,16,0.647263,ok,1,direct,1.000000,13,left_knee,1,1,2.000000,699.500000,545.140000,2.000000,704.526978,534.241943,12.001589,49.049013,1,0.087000,0.853678
MP_R_Jongkok_1,posenet,16,0.647263,ok,1,direct,1.000000,14,right_knee,1,1,2.000000,598.670000,534.640000,2.000000,600.304321,533.280762,2.125685,49.049013,1,0.087000,0.995049
MP_R_Jongkok_1,posenet,16,0.647263,ok,1,direct,1.000000,15,left_ankle,1,1,2.000000,711.080000,646.610000,2.000000,711.220154,638.043701,8.567445,49.049013,1,0.089000,0.925857
MP_R_Jongkok_1,posenet,16,0.647263,ok,1,direct,1.000000,16,right_ankle,1,1,2.000000,654.770000,647.700000,2.000000,645.244324,636.121399,14.993416,49.049013,1,0.089000,0.789833
MP_R_Jongkok_1,posenet,17,0.687717,ok,1,direct,1.000000,0,nose,0,0,0.000000,0.000000,0.000000,2.000000,629.913391,230.162689,,,,0.026000,
MP_R_Jongkok_1,posenet,17,0.687717,ok,1,direct,1.000000,1,left_eye,0,0,0.000000,0.000000,0.000000,2.000000,638.515808,220.550705,,,,0.025000,
MP_R_Jongkok_1,posenet,17,0.687717,ok,1,direct,1.000000,2,right_eye,0,0,0.000000,0.000000,0.000000,2.000000,625.134216,222.473083,,,,0.025000,
MP_R_Jongkok_1,posenet,17,0.687717,ok,1,direct,1.000000,3,left_ear,0,0,0.000000,0.000000,0.000000,2.000000,666.234863,228.240295,,,,0.035000,
MP_R_Jongkok_1,posenet,17,0.687717,ok,1,direct,1.000000,4,right_ear,0,0,0.000000,0.000000,0.000000,2.000000,624.178345,230.162689,,,,0.035000,
MP_R_Jongkok_1,posenet,17,0.687717,ok,1,direct,1.000000,5,left_shoulder,1,1,2.000000,702.850000,287.130000,2.000000,693.953918,284.951080,9.159037,49.092508,1,0.079000,0.894452
MP_R_Jongkok_1,posenet,17,0.687717,ok,1,direct,1.000000,6,right_shoulder,1,1,2.000000,617.940000,288.340000,2.000000,615.575928,289.757080,2.756257,49.092508,1,0.079000,0.989949
MP_R_Jongkok_1,posenet,17,0.687717,ok,1,direct,1.000000,7,left_elbow,1,1,2.000000,683.770000,334.220000,2.000000,674.837280,339.739502,10.500399,49.092508,1,0.072000,0.838198
MP_R_Jongkok_1,posenet,17,0.687717,ok,1,direct,1.000000,8,right_elbow,1,1,2.000000,581.210000,332.590000,2.000000,578.298584,341.661896,9.527625,49.092508,1,0.072000,0.864752
MP_R_Jongkok_1,posenet,17,0.687717,ok,1,direct,1.000000,9,left_wrist,1,1,2.000000,642.640000,366.040000,2.000000,640.427490,367.614288,2.715434,49.092508,1,0.062000,0.984208
MP_R_Jongkok_1,posenet,17,0.687717,ok,1,direct,1.000000,10,right_wrist,1,1,2.000000,544.020000,379.410000,2.000000,607.929321,374.342682,64.109898,49.092508,0,0.062000,0.000140
MP_R_Jongkok_1,posenet,17,0.687717,ok,1,direct,1.000000,11,left_hip,1,1,2.000000,697.530000,424.120000,2.000000,692.998047,431.053497,8.283235,49.092508,1,0.107000,0.951485
MP_R_Jongkok_1,posenet,17,0.687717,ok,1,direct,1.000000,12,right_hip,1,1,2.000000,653.990000,427.690000,2.000000,637.559998,432.975891,17.259363,49.092508,1,0.107000,0.805804
MP_R_Jongkok_1,posenet,17,0.687717,ok,1,direct,1.000000,13,left_knee,1,1,2.000000,699.300000,546.510000,2.000000,706.379639,539.669067,9.844777,49.092508,1,0.087000,0.899190
MP_R_Jongkok_1,posenet,17,0.687717,ok,1,direct,1.000000,14,right_knee,1,1,2.000000,596.030000,538.060000,2.000000,598.371033,534.863098,3.962400,49.092508,1,0.087000,0.982933
MP_R_Jongkok_1,posenet,17,0.687717,ok,1,direct,1.000000,15,left_ankle,1,1,2.000000,711.080000,646.710000,2.000000,711.158813,638.672668,8.037718,49.092508,1,0.089000,0.934556
MP_R_Jongkok_1,posenet,17,0.687717,ok,1,direct,1.000000,16,right_ankle,1,1,2.000000,654.770000,647.790000,2.000000,645.206665,633.866699,16.891290,49.092508,1,0.089000,0.741624
MP_R_Jongkok_1,posenet,18,0.728171,ok,1,direct,1.000000,0,nose,0,0,0.000000,0.000000,0.000000,2.000000,628.498535,241.483429,,,,0.026000,
MP_R_Jongkok_1,posenet,18,0.728171,ok,1,direct,1.000000,1,left_eye,0,0,0.000000,0.000000,0.000000,2.000000,638.095520,230.928741,,,,0.025000,
MP_R_Jongkok_1,posenet,18,0.728171,ok,1,direct,1.000000,2,right_eye,0,0,0.000000,0.000000,0.000000,2.000000,624.659729,231.888260,,,,0.025000,
MP_R_Jongkok_1,posenet,18,0.728171,ok,1,direct,1.000000,3,left_ear,0,0,0.000000,0.000000,0.000000,2.000000,665.926819,235.726318,,,,0.035000,
MP_R_Jongkok_1,posenet,18,0.728171,ok,1,direct,1.000000,4,right_ear,0,0,0.000000,0.000000,0.000000,2.000000,623.700012,240.523911,,,,0.035000,
MP_R_Jongkok_1,posenet,18,0.728171,ok,1,direct,1.000000,5,left_shoulder,1,1,2.000000,702.510000,296.060000,2.000000,694.717834,295.216370,7.837701,49.107877,1,0.079000,0.921613
MP_R_Jongkok_1,posenet,18,0.728171,ok,1,direct,1.000000,6,right_shoulder,1,1,2.000000,617.280000,298.450000,2.000000,613.143311,296.175903,4.720563,49.107877,1,0.079000,0.970823
MP_R_Jongkok_1,posenet,18,0.728171,ok,1,direct,1.000000,7,left_elbow,1,1,2.000000,680.610000,337.950000,2.000000,675.523865,339.354156,5.276403,49.107877,1,0.072000,0.956438
MP_R_Jongkok_1,posenet,18,0.728171,ok,1,direct,1.000000,8,right_elbow,1,1,2.000000,581.320000,336.660000,2.000000,568.037354,348.949310,18.095741,49.107877,1,0.072000,0.592230
MP_R_Jongkok_1,posenet,18,0.728171,ok,1,direct,1.000000,9,left_wrist,1,1,2.000000,639.820000,362.420000,2.000000,631.377625,360.463501,8.666117,49.107877,1,0.062000,0.850416
MP_R_Jongkok_1,posenet,18,0.728171,ok,1,direct,1.000000,10,right_wrist,1,1,2.000000,539.720000,375.000000,2.000000,641.934326,356.625488,103.852738,49.107877,0,0.062000,0.000000
MP_R_Jongkok_1,posenet,18,0.728171,ok,1,direct,1.000000,11,left_hip,1,1,2.000000,699.490000,433.990000,2.000000,694.717834,438.184418,6.353480,49.107877,1,0.107000,0.971183
MP_R_Jongkok_1,posenet,18,0.728171,ok,1,direct,1.000000,12,right_hip,1,1,2.000000,654.960000,438.250000,2.000000,635.216370,439.143921,19.763857,49.107877,1,0.107000,0.753560
MP_R_Jongkok_1,posenet,18,0.728171,ok,1,direct,1.000000,13,left_knee,1,1,2.000000,699.110000,547.880000,2.000000,706.234253,542.771790,8.766344,49.107877,1,0.087000,0.919245
MP_R_Jongkok_1,posenet,18,0.728171,ok,1,direct,1.000000,14,right_knee,1,1,2.000000,593.390000,541.480000,2.000000,596.828369,541.812256,3.454385,49.107877,1,0.087000,0.987010
MP_R_Jongkok_1,posenet,18,0.728171,ok,1,direct,1.000000,15,left_ankle,1,1,2.000000,711.080000,646.810000,2.000000,711.032715,637.763977,9.046147,49.107877,1,0.089000,0.917889
MP_R_Jongkok_1,posenet,18,0.728171,ok,1,direct,1.000000,16,right_ankle,1,1,2.000000,654.770000,647.890000,2.000000,652.490967,632.006836,16.045837,49.107877,1,0.089000,0.763707
MP_R_Jongkok_1,posenet,19,0.768625,ok,1,direct,1.000000,0,nose,0,0,0.000000,0.000000,0.000000,2.000000,626.788025,251.389755,,,,0.026000,
MP_R_Jongkok_1,posenet,19,0.768625,ok,1,direct,1.000000,1,left_eye,0,0,0.000000,0.000000,0.000000,2.000000,636.375977,241.791763,,,,0.025000,
MP_R_Jongkok_1,posenet,19,0.768625,ok,1,direct,1.000000,2,right_eye,0,0,0.000000,0.000000,0.000000,2.000000,623.911682,242.751556,,,,0.025000,
MP_R_Jongkok_1,posenet,19,0.768625,ok,1,direct,1.000000,3,left_ear,0,0,0.000000,0.000000,0.000000,2.000000,665.139648,245.630951,,,,0.035000,
MP_R_Jongkok_1,posenet,19,0.768625,ok,1,direct,1.000000,4,right_ear,0,0,0.000000,0.000000,0.000000,2.000000,622.952942,251.389755,,,,0.035000,
MP_R_Jongkok_1,posenet,19,0.768625,ok,1,direct,1.000000,5,left_shoulder,1,1,2.000000,702.170000,304.990000,2.000000,693.903381,301.299347,9.053060,49.092313,1,0.079000,0.896750
MP_R_Jongkok_1,posenet,19,0.768625,ok,1,direct,1.000000,6,right_shoulder,1,1,2.000000,616.620000,308.560000,2.000000,605.694702,306.098358,11.199188,49.092313,1,0.079000,0.846393
MP_R_Jongkok_1,posenet,19,0.768625,ok,1,direct,1.000000,7,left_elbow,1,1,2.000000,677.440000,341.680000,2.000000,663.222046,346.409943,14.984077,49.092313,1,0.072000,0.698084
MP_R_Jongkok_1,posenet,19,0.768625,ok,1,direct,1.000000,8,right_elbow,1,1,2.000000,581.440000,340.730000,2.000000,560.631531,353.128510,24.222209,49.092313,1,0.072000,0.390934
MP_R_Jongkok_1,posenet,19,0.768625,ok,1,direct,1.000000,9,left_wrist,1,1,2.000000,636.990000,358.810000,2.000000,611.447388,362.726532,25.841135,49.092313,1,0.062000,0.236551
MP_R_Jongkok_1,posenet,19,0.768625,ok,1,direct,1.000000,10,right_wrist,1,1,2.000000,535.420000,370.590000,2.000000,641.169922,355.048126,106.885901,49.092313,0,0.062000,0.000000
MP_R_Jongkok_1,posenet,19,0.768625,ok,1,direct,1.000000,11,left_hip,1,1,2.000000,701.440000,443.860000,2.000000,696.779785,450.068298,7.762768,49.092313,1,0.107000,0.957262
MP_R_Jongkok_1,posenet,19,0.768625,ok,1,direct,1.000000,12,right_hip,1,1,2.000000,655.940000,448.800000,2.000000,634.458374,450.068298,21.519034,49.092313,1,0.107000,0.714876
MP_R_Jongkok_1,posenet,19,0.768625,ok,1,direct,1.000000,13,left_knee,1,1,2.000000,698.910000,549.250000,2.000000,705.408875,541.249268,10.307623,49.092313,1,0.087000,0.890041
MP_R_Jongkok_1,posenet,19,0.768625,ok,1,direct,1.000000,14,right_knee,1,1,2.000000,590.760000,544.900000,2.000000,593.230408,542.209045,3.652965,49.092313,1,0.087000,0.985476
MP_R_Jongkok_1,posenet,19,0.768625,ok,1,direct,1.000000,15,left_ankle,1,1,2.000000,711.080000,646.920000,2.000000,710.202820,636.269409,10.686652,49.092313,1,0.089000,0.887232
MP_R_Jongkok_1,posenet,19,0.768625,ok,1,direct,1.000000,16,right_ankle,1,1,2.000000,654.770000,647.990000,2.000000,651.716614,633.390015,14.915855,49.092313,1,0.089000,0.792084
MP_R_Jongkok_1,posenet,20,0.809079,ok,1,direct,1.000000,0,nose,0,0,0.000000,0.000000,0.000000,2.000000,626.072205,260.181641,,,,0.026000,
MP_R_Jongkok_1,posenet,20,0.809079,ok,1,direct,1.000000,1,left_eye,0,0,0.000000,0.000000,0.000000,2.000000,635.645142,250.571533,,,,0.025000,
MP_R_Jongkok_1,posenet,20,0.809079,ok,1,direct,1.000000,2,right_eye,0,0,0.000000,0.000000,0.000000,2.000000,622.243042,251.532562,,,,0.025000,
MP_R_Jongkok_1,posenet,20,0.809079,ok,1,direct,1.000000,3,left_ear,0,0,0.000000,0.000000,0.000000,2.000000,665.321289,255.376602,,,,0.035000,
MP_R_Jongkok_1,posenet,20,0.809079,ok,1,direct,1.000000,4,right_ear,0,0,0.000000,0.000000,0.000000,2.000000,618.413879,257.298615,,,,0.035000,
MP_R_Jongkok_1,posenet,20,0.809079,ok,1,direct,1.000000,5,left_shoulder,1,1,2.000000,701.830000,313.920000,2.000000,692.125488,309.193054,10.794515,49.044425,1,0.079000,0.856210
MP_R_Jongkok_1,posenet,20,0.809079,ok,1,direct,1.000000,6,right_shoulder,1,1,2.000000,615.960000,318.670000,2.000000,620.328430,311.115082,8.726968,49.044425,1,0.079000,0.903511
MP_R_Jongkok_1,posenet,20,0.809079,ok,1,direct,1.000000,7,left_elbow,1,1,2.000000,674.270000,345.410000,2.000000,630.858704,354.360443,44.324385,49.044425,1,0.072000,0.042802
MP_R_Jongkok_1,posenet,20,0.809079,ok,1,direct,1.000000,8,right_elbow,1,1,2.000000,581.550000,344.800000,2.000000,563.848083,351.477417,18.919454,49.044425,1,0.072000,0.563200
MP_R_Jongkok_1,posenet,20,0.809079,ok,1,direct,1.000000,9,left_wrist,1,1,2.000000,634.170000,355.190000,2.000000,598.310669,359.165497,36.079027,49.044425,1,0.062000,0.059866
MP_R_Jongkok_1,posenet,20,0.809079,ok,1,direct,1.000000,10,right_wrist,1,1,2.000000,531.130000,366.180000,2.000000,634.687866,356.282471,104.029769,49.044425,0,0.062000,0.000000
MP_R_Jongkok_1,posenet,20,0.809079,ok,1,direct,1.000000,11,left_hip,1,1,2.000000,703.390000,453.730000,2.000000,698.826538,455.266327,4.815131,49.044425,1,0.107000,0.983303
MP_R_Jongkok_1,posenet,20,0.809079,ok,1,direct,1.000000,12,right_hip,1,1,2.000000,656.920000,459.350000,2.000000,641.388916,457.188354,15.680793,49.044425,1,0.107000,0.836462
MP_R_Jongkok_1,posenet,20,0.809079,ok,1,direct,1.000000,13,left_knee,1,1,2.000000,698.720000,550.610000,2.000000,705.527588,544.640137,9.054420,49.044425,1,0.087000,0.913876
MP_R_Jongkok_1,posenet,20,0.809079,ok,1,direct,1.000000,14,right_knee,1,1,2.000000,588.120000,548.320000,2.000000,590.652344,543.679077,5.286864,49.044425,1,0.087000,0.969762
MP_R_Jongkok_1,posenet,20,0.809079,ok,1,direct,1.000000,15,left_ankle,1,1,2.000000,711.080000,647.020000,2.000000,710.314087,640.740967,6.325574,49.044425,1,0.089000,0.958868
MP_R_Jongkok_1,posenet,20,0.809079,ok,1,direct,1.000000,16,right_ankle,1,1,2.000000,654.770000,648.090000,2.000000,654.791016,634.013855,14.076161,49.044425,1,0.089000,0.812216
MP_R_Jongkok_1,posenet,21,0.849533,ok,1,direct,1.000000,0,nose,0,0,0.000000,0.000000,0.000000,2.000000,624.569824,271.037079,,,,0.026000,
MP_R_Jongkok_1,posenet,21,0.849533,ok,1,direct,1.000000,1,left_eye,0,0,0.000000,0.000000,0.000000,2.000000,634.134460,262.403198,,,,0.025000,
MP_R_Jongkok_1,posenet,21,0.849533,ok,1,direct,1.000000,2,right_eye,0,0,0.000000,0.000000,0.000000,2.000000,621.700439,262.403198,,,,0.025000,
MP_R_Jongkok_1,posenet,21,0.849533,ok,1,direct,1.000000,3,left_ear,0,0,0.000000,0.000000,0.000000,2.000000,662.828430,268.159149,,,,0.035000,
MP_R_Jongkok_1,posenet,21,0.849533,ok,1,direct,1.000000,4,right_ear,0,0,0.000000,0.000000,0.000000,2.000000,615.961670,268.159149,,,,0.035000,
MP_R_Jongkok_1,posenet,21,0.849533,ok,1,direct,1.000000,5,left_shoulder,1,1,2.000000,701.490000,320.880000,2.000000,693.435364,317.084320,8.904176,48.819468,1,0.079000,0.898881
MP_R_Jongkok_1,posenet,21,0.849533,ok,1,direct,1.000000,6,right_shoulder,1,1,2.000000,615.570000,325.210000,2.000000,609.266357,319.962311,8.202082,48.819468,1,0.079000,0.913514
MP_R_Jongkok_1,posenet,21,0.849533,ok,1,direct,1.000000,7,left_elbow,1,1,2.000000,674.010000,350.520000,2.000000,663.784912,349.701141,10.257824,48.819468,1,0.072000,0.843387
MP_R_Jongkok_1,posenet,21,0.849533,ok,1,direct,1.000000,8,right_elbow,1,1,2.000000,579.440000,351.090000,2.000000,564.312500,351.619781,15.136774,48.819468,1,0.072000,0.690120
MP_R_Jongkok_1,posenet,21,0.849533,ok,1,direct,1.000000,9,left_wrist,1,1,2.000000,632.410000,357.670000,2.000000,634.134460,355.457031,2.805529,48.819468,1,0.062000,0.982964
MP_R_Jongkok_1,posenet,21,0.849533,ok,1,direct,1.000000,10,right_wrist,1,1,2.000000,529.040000,368.670000,2.000000,532.749146,368.887482,3.715516,48.819468,1,0.062000,0.970313
MP_R_Jongkok_1,posenet,21,0.849533,ok,1,direct,1.000000,11,left_hip,1,1,2.000000,704.830000,461.710000,2.000000,700.130554,463.859924,5.167878,48.819468,1,0.107000,0.980615
MP_R_Jongkok_1,posenet,21,0.849533,ok,1,direct,1.000000,12,right_hip,1,1,2.000000,658.360000,467.460000,2.000000,640.829712,465.778564,17.610742,48.819468,1,0.107000,0.796668
MP_R_Jongkok_1,posenet,21,0.849533,ok,1,direct,1.000000,13,left_knee,1,1,2.000000,698.330000,552.840000,2.000000,703.956421,549.239197,6.680000,48.819468,1,0.087000,0.951732
MP_R_Jongkok_1,posenet,21,0.849533,ok,1,direct,1.000000,14,right_knee,1,1,2.000000,587.070000,550.020000,2.000000,590.137085,547.320557,4.085830,48.819468,1,0.087000,0.981662
MP_R_Jongkok_1,posenet,21,0.849533,ok,1,direct,1.000000,15,left_ankle,1,1,2.000000,711.080000,647.120000,2.000000,709.695251,637.496399,9.722717,48.819468,1,0.089000,0.904704
MP_R_Jongkok_1,posenet,21,0.849533,ok,1,direct,1.000000,16,right_ankle,1,1,2.000000,654.770000,648.190000,2.000000,651.350891,637.496399,11.226906,48.819468,1,0.089000,0.875000
MP_R_Jongkok_1,posenet,22,0.889987,ok,1,direct,1.000000,0,nose,0,0,0.000000,0.000000,0.000000,2.000000,621.996765,285.439575,,,,0.026000,
MP_R_Jongkok_1,posenet,22,0.889987,ok,1,direct,1.000000,1,left_eye,0,0,0.000000,0.000000,0.000000,2.000000,632.538757,276.806000,,,,0.025000,
MP_R_Jongkok_1,posenet,22,0.889987,ok,1,direct,1.000000,2,right_eye,0,0,0.000000,0.000000,0.000000,2.000000,619.121765,276.806000,,,,0.025000,
MP_R_Jongkok_1,posenet,22,0.889987,ok,1,direct,1.000000,3,left_ear,0,0,0.000000,0.000000,0.000000,2.000000,664.164429,278.724579,,,,0.035000,
MP_R_Jongkok_1,posenet,22,0.889987,ok,1,direct,1.000000,4,right_ear,0,0,0.000000,0.000000,0.000000,2.000000,613.371643,276.806000,,,,0.035000,
MP_R_Jongkok_1,posenet,22,0.889987,ok,1,direct,1.000000,5,left_shoulder,1,1,2.000000,701.160000,327.850000,2.000000,691.956726,325.729401,9.444427,48.581470,1,0.079000,0.885935
MP_R_Jongkok_1,posenet,22,0.889987,ok,1,direct,1.000000,6,right_shoulder,1,1,2.000000,615.170000,331.750000,2.000000,599.954651,317.095886,21.124628,48.581470,1,0.079000,0.545574
MP_R_Jongkok_1,posenet,22,0.889987,ok,1,direct,1.000000,7,left_elbow,1,1,2.000000,673.750000,355.620000,2.000000,671.831299,354.507904,2.217695,48.581470,1,0.072000,0.991993
MP_R_Jongkok_1,posenet,22,0.889987,ok,1,direct,1.000000,8,right_elbow,1,1,2.000000,577.330000,357.390000,2.000000,566.412231,357.385742,10.917769,48.581470,1,0.072000,0.822961
MP_R_Jongkok_1,posenet,22,0.889987,ok,1,direct,1.000000,9,left_wrist,1,1,2.000000,630.650000,360.160000,2.000000,633.497070,356.426483,4.695206,48.581470,1,0.062000,0.952564
MP_R_Jongkok_1,posenet,22,0.889987,ok,1,direct,1.000000,10,right_wrist,1,1,2.000000,526.940000,371.150000,2.000000,596.121216,365.059998,69.448749,48.581470,0,0.062000,0.000024
MP_R_Jongkok_1,posenet,22,0.889987,ok,1,direct,1.000000,11,left_hip,1,1,2.000000,706.270000,469.690000,2.000000,697.706848,467.703217,8.790613,48.581470,1,0.107000,0.944410
MP_R_Jongkok_1,posenet,22,0.889987,ok,1,direct,1.000000,12,right_hip,1,1,2.000000,659.800000,475.570000,2.000000,644.997314,469.621796,15.953076,48.581470,1,0.107000,0.828309
MP_R_Jongkok_1,posenet,22,0.889987,ok,1,direct,1.000000,13,left_knee,1,1,2.000000,697.930000,555.060000,2.000000,703.456970,553.079407,5.871128,48.581470,1,0.087000,0.962144
MP_R_Jongkok_1,posenet,22,0.889987,ok,1,direct,1.000000,14,right_knee,1,1,2.000000,586.020000,551.720000,2.000000,586.537720,551.160828,0.762042,48.581470,1,0.087000,0.999350
MP_R_Jongkok_1,posenet,22,0.889987,ok,1,direct,1.000000,15,left_ankle,1,1,2.000000,711.080000,647.230000,2.000000,708.248718,636.536926,11.061554,48.581470,1,0.089000,0.877305
MP_R_Jongkok_1,posenet,22,0.889987,ok,1,direct,1.000000,16,right_ankle,1,1,2.000000,654.770000,648.280000,2.000000,651.705811,633.659119,14.938522,48.581470,1,0.089000,0.787620
MP_R_Jongkok_1,posenet,23,0.930441,ok,1,direct,1.000000,0,nose,0,0,0.000000,0.000000,0.000000,2.000000,623.002563,292.829712,,,,0.026000,
MP_R_Jongkok_1,posenet,23,0.930441,ok,1,direct,1.000000,1,left_eye,0,0,0.000000,0.000000,0.000000,2.000000,632.582336,283.219727,,,,0.025000,
MP_R_Jongkok_1,posenet,23,0.930441,ok,1,direct,1.000000,2,right_eye,0,0,0.000000,0.000000,0.000000,2.000000,618.212708,283.219727,,,,0.025000,
MP_R_Jongkok_1,posenet,23,0.930441,ok,1,direct,1.000000,3,left_ear,0,0,0.000000,0.000000,0.000000,2.000000,663.237671,288.985718,,,,0.035000,
MP_R_Jongkok_1,posenet,23,0.930441,ok,1,direct,1.000000,4,right_ear,0,0,0.000000,0.000000,0.000000,2.000000,613.422791,286.102722,,,,0.035000,
MP_R_Jongkok_1,posenet,23,0.930441,ok,1,direct,1.000000,5,left_shoulder,1,1,2.000000,700.820000,334.810000,2.000000,694.850952,337.996521,6.766347,48.330587,1,0.079000,0.939120
MP_R_Jongkok_1,posenet,23,0.930441,ok,1,direct,1.000000,6,right_shoulder,1,1,2.000000,614.780000,338.290000,2.000000,606.716919,330.308563,11.345334,48.330587,1,0.079000,0.838123
MP_R_Jongkok_1,posenet,23,0.930441,ok,1,direct,1.000000,7,left_elbow,1,1,2.000000,673.490000,360.720000,2.000000,669.943481,359.138428,3.883190,48.330587,1,0.072000,0.975402
MP_R_Jongkok_1,posenet,23,0.930441,ok,1,direct,1.000000,8,right_elbow,1,1,2.000000,575.230000,363.680000,2.000000,566.481873,357.216431,10.876923,48.330587,1,0.072000,0.822502
MP_R_Jongkok_1,posenet,23,0.930441,ok,1,direct,1.000000,9,left_wrist,1,1,2.000000,628.890000,362.640000,2.000000,633.540344,359.138428,5.821229,48.330587,1,0.062000,0.927298
MP_R_Jongkok_1,posenet,23,0.930441,ok,1,direct,1.000000,10,right_wrist,1,1,2.000000,524.850000,373.640000,2.000000,622.044617,362.982422,97.777183,48.330587,0,0.062000,0.000000
MP_R_Jongkok_1,posenet,23,0.930441,ok,1,direct,1.000000,11,left_hip,1,1,2.000000,707.710000,477.670000,2.000000,697.724915,481.184937,10.585684,48.330587,1,0.107000,0.919613
MP_R_Jongkok_1,posenet,23,0.930441,ok,1,direct,1.000000,12,right_hip,1,1,2.000000,661.230000,483.680000,2.000000,642.162170,484.067963,19.071776,48.330587,1,0.107000,0.761839
MP_R_Jongkok_1,posenet,23,0.930441,ok,1,direct,1.000000,13,left_knee,1,1,2.000000,697.540000,557.280000,2.000000,701.556824,559.986633,4.843628,48.330587,1,0.087000,0.973810
MP_R_Jongkok_1,posenet,23,0.930441,ok,1,direct,1.000000,14,right_knee,1,1,2.000000,584.980000,553.420000,2.000000,587.557373,552.298645,2.810745,48.330587,1,0.087000,0.991103
MP_R_Jongkok_1,posenet,23,0.930441,ok,1,direct,1.000000,15,left_ankle,1,1,2.000000,711.080000,647.330000,2.000000,708.262695,638.788330,8.994294,48.330587,1,0.089000,0.916268
MP_R_Jongkok_1,posenet,23,0.930441,ok,1,direct,1.000000,16,right_ankle,1,1,2.000000,654.770000,648.380000,2.000000,650.783936,634.944336,14.014485,48.330587,1,0.089000,0.808718
MP_R_Jongkok_1,posenet,24,0.970895,ok,1,direct,1.000000,0,nose,0,0,0.000000,0.000000,0.000000,2.000000,622.738098,305.920197,,,,0.026000,
MP_R_Jongkok_1,posenet,24,0.970895,ok,1,direct,1.000000,1,left_eye,0,0,0.000000,0.000000,0.000000,2.000000,630.380798,295.357971,,,,0.025000,
MP_R_Jongkok_1,posenet,24,0.970895,ok,1,direct,1.000000,2,right_eye,0,0,0.000000,0.000000,0.000000,2.000000,617.961426,295.357971,,,,0.025000,
MP_R_Jongkok_1,posenet,24,0.970895,ok,1,direct,1.000000,3,left_ear,0,0,0.000000,0.000000,0.000000,2.000000,659.996155,299.198761,,,,0.035000,
MP_R_Jongkok_1,posenet,24,0.970895,ok,1,direct,1.000000,4,right_ear,0,0,0.000000,0.000000,0.000000,2.000000,614.140076,298.238556,,,,0.035000,
MP_R_Jongkok_1,posenet,24,0.970895,ok,1,direct,1.000000,5,left_shoulder,1,1,2.000000,700.490000,341.770000,2.000000,692.477478,341.447693,8.019002,48.066465,1,0.079000,0.914669
MP_R_Jongkok_1,posenet,24,0.970895,ok,1,direct,1.000000,6,right_shoulder,1,1,2.000000,614.390000,344.830000,2.000000,598.854736,324.164032,25.853948,48.066465,1,0.079000,0.395684
MP_R_Jongkok_1,posenet,24,0.970895,ok,1,direct,1.000000,7,left_elbow,1,1,2.000000,673.230000,365.820000,2.000000,678.147461,365.452759,4.931155,48.066465,1,0.072000,0.960208
MP_R_Jongkok_1,posenet,24,0.970895,ok,1,direct,1.000000,8,right_elbow,1,1,2.000000,573.120000,369.980000,2.000000,574.016113,365.452759,4.615077,48.066465,1,0.072000,0.965059
MP_R_Jongkok_1,posenet,24,0.970895,ok,1,direct,1.000000,9,left_wrist,1,1,2.000000,627.130000,365.130000,2.000000,633.246765,365.452759,6.125275,48.066465,1,0.062000,0.918979
MP_R_Jongkok_1,posenet,24,0.970895,ok,1,direct,1.000000,10,right_wrist,1,1,2.000000,522.760000,376.120000,2.000000,617.961426,365.452759,95.797189,48.066465,0,0.062000,0.000000
MP_R_Jongkok_1,posenet,24,0.970895,ok,1,direct,1.000000,11,left_hip,1,1,2.000000,709.150000,485.650000,2.000000,684.834778,484.517914,24.341562,48.066465,1,0.107000,0.638907
MP_R_Jongkok_1,posenet,24,0.970895,ok,1,direct,1.000000,12,right_hip,1,1,2.000000,662.670000,491.790000,2.000000,641.844788,483.557709,22.393305,48.066465,1,0.107000,0.684441
MP_R_Jongkok_1,posenet,24,0.970895,ok,1,direct,1.000000,13,left_knee,1,1,2.000000,697.150000,559.510000,2.000000,700.120178,561.334106,3.485588,48.066465,1,0.087000,0.986201
MP_R_Jongkok_1,posenet,24,0.970895,ok,1,direct,1.000000,14,right_knee,1,1,2.000000,583.930000,555.120000,2.000000,586.435364,556.533142,2.876425,48.066465,1,0.087000,0.990582
MP_R_Jongkok_1,posenet,24,0.970895,ok,1,direct,1.000000,15,left_ankle,1,1,2.000000,711.080000,647.430000,2.000000,708.718140,637.190125,10.508731,48.066465,1,0.089000,0.886310
MP_R_Jongkok_1,posenet,24,0.970895,ok,1,direct,1.000000,16,right_ankle,1,1,2.000000,654.770000,648.480000,2.000000,675.281433,634.309509,24.930337,48.066465,1,0.089000,0.507003
MP_R_Jongkok_1,posenet,25,1.011349,ok,1,direct,1.000000,0,nose,0,0,0.000000,0.000000,0.000000,2.000000,622.231567,316.659515,,,,0.026000,
MP_R_Jongkok_1,posenet,25,1.011349,ok,1,direct,1.000000,1,left_eye,0,0,0.000000,0.000000,0.000000,2.000000,631.820740,308.014069,,,,0.025000,
MP_R_Jongkok_1,posenet,25,1.011349,ok,1,direct,1.000000,2,right_eye,0,0,0.000000,0.000000,0.000000,2.000000,617.437012,308.014069,,,,0.025000,
MP_R_Jongkok_1,posenet,25,1.011349,ok,1,direct,1.000000,3,left_ear,0,0,0.000000,0.000000,0.000000,2.000000,661.547058,309.935272,,,,0.035000,
MP_R_Jongkok_1,posenet,25,1.011349,ok,1,direct,1.000000,4,right_ear,0,0,0.000000,0.000000,0.000000,2.000000,612.642395,309.935272,,,,0.035000,
MP_R_Jongkok_1,posenet,25,1.011349,ok,1,direct,1.000000,5,left_shoulder,1,1,2.000000,700.150000,348.740000,2.000000,692.232239,354.123077,9.574365,47.789343,1,0.079000,0.879301
MP_R_Jongkok_1,posenet,25,1.011349,ok,1,direct,1.000000,6,right_shoulder,1,1,2.000000,614.000000,351.370000,2.000000,616.478088,356.044281,5.290541,47.789343,1,0.079000,0.961486
MP_R_Jongkok_1,posenet,25,1.011349,ok,1,direct,1.000000,7,left_elbow,1,1,2.000000,672.970000,370.920000,2.000000,672.095093,372.374542,1.697397,47.789343,1,0.072000,0.995145
MP_R_Jongkok_1,posenet,25,1.011349,ok,1,direct,1.000000,8,right_elbow,1,1,2.000000,571.010000,376.270000,2.000000,569.491333,371.413940,5.087992,47.789343,1,0.072000,0.957211
MP_R_Jongkok_1,posenet,25,1.011349,ok,1,direct,1.000000,9,left_wrist,1,1,2.000000,625.370000,367.610000,2.000000,628.943970,370.453339,4.567038,47.789343,1,0.062000,0.953594
MP_R_Jongkok_1,posenet,25,1.011349,ok,1,direct,1.000000,10,right_wrist,1,1,2.000000,520.660000,378.610000,2.000000,616.478088,493.410645,149.533588,47.789343,0,0.062000,0.000000
MP_R_Jongkok_1,posenet,25,1.011349,ok,1,direct,1.000000,11,left_hip,1,1,2.000000,710.590000,493.630000,2.000000,691.273315,487.647003,20.222031,47.789343,1,0.107000,0.731405
MP_R_Jongkok_1,posenet,25,1.011349,ok,1,direct,1.000000,12,right_hip,1,1,2.000000,664.110000,499.900000,2.000000,644.286560,487.647003,23.304607,47.789343,1,0.107000,0.660065
MP_R_Jongkok_1,posenet,25,1.011349,ok,1,direct,1.000000,13,left_knee,1,1,2.000000,696.760000,561.730000,2.000000,697.985718,563.534729,2.181612,47.789343,1,0.087000,0.994509
MP_R_Jongkok_1,posenet,25,1.011349,ok,1,direct,1.000000,14,right_knee,1,1,2.000000,582.890000,556.820000,2.000000,584.833984,555.849915,2.172589,47.789343,1,0.087000,0.994554
MP_R_Jongkok_1,posenet,25,1.011349,ok,1,direct,1.000000,15,left_ankle,1,1,2.000000,711.080000,647.540000,2.000000,708.533752,639.422363,8.507609,47.789343,1,0.089000,0.923097
MP_R_Jongkok_1,posenet,25,1.011349,ok,1,direct,1.000000,16,right_ankle,1,1,2.000000,654.770000,648.580000,2.000000,648.122253,639.422363,11.316132,47.789343,1,0.089000,0.867991
MP_R_Jongkok_1,posenet,26,1.051803,ok,1,direct,1.000000,0,nose,0,0,0.000000,0.000000,0.000000,2.000000,624.293701,324.432251,,,,0.026000,
MP_R_Jongkok_1,posenet,26,1.051803,ok,1,direct,1.000000,1,left_eye,0,0,0.000000,0.000000,0.000000,2.000000,632.904175,314.832123,,,,0.025000,
MP_R_Jongkok_1,posenet,26,1.051803,ok,1,direct,1.000000,2,right_eye,0,0,0.000000,0.000000,0.000000,2.000000,620.466797,315.792145,,,,0.025000,
MP_R_Jongkok_1,posenet,26,1.051803,ok,1,direct,1.000000,3,left_ear,0,0,0.000000,0.000000,0.000000,2.000000,660.649170,320.592194,,,,0.035000,
MP_R_Jongkok_1,posenet,26,1.051803,ok,1,direct,1.000000,4,right_ear,0,0,0.000000,0.000000,0.000000,2.000000,617.596619,320.592194,,,,0.035000,
MP_R_Jongkok_1,posenet,26,1.051803,ok,1,direct,1.000000,5,left_shoulder,1,1,2.000000,700.150000,356.430000,2.000000,692.220947,359.952759,8.676388,47.596272,1,0.079000,0.898984
MP_R_Jongkok_1,posenet,26,1.051803,ok,1,direct,1.000000,6,right_shoulder,1,1,2.000000,614.000000,359.000000,2.000000,618.553345,361.872803,5.383860,47.596272,1,0.079000,0.959826
MP_R_Jongkok_1,posenet,26,1.051803,ok,1,direct,1.000000,7,left_elbow,1,1,2.000000,672.970000,377.490000,2.000000,664.476074,381.073059,9.218736,47.596272,1,0.072000,0.865255
MP_R_Jongkok_1,posenet,26,1.051803,ok,1,direct,1.000000,8,right_elbow,1,1,2.000000,570.500000,382.960000,2.000000,574.544128,374.352997,9.509757,47.596272,1,0.072000,0.857261
MP_R_Jongkok_1,posenet,26,1.051803,ok,1,direct,1.000000,9,left_wrist,1,1,2.000000,626.300000,374.030000,2.000000,627.163879,378.193054,4.251742,47.596272,1,0.062000,0.959332
MP_R_Jongkok_1,posenet,26,1.051803,ok,1,direct,1.000000,10,right_wrist,1,1,2.000000,519.140000,385.070000,2.000000,605.159241,380.113037,86.161948,47.596272,0,0.062000,0.000000
MP_R_Jongkok_1,posenet,26,1.051803,ok,1,direct,1.000000,11,left_hip,1,1,2.000000,712.930000,499.430000,2.000000,696.047852,491.474670,18.662642,47.596272,1,0.107000,0.764469
MP_R_Jongkok_1,posenet,26,1.051803,ok,1,direct,1.000000,12,right_hip,1,1,2.000000,664.480000,504.750000,2.000000,653.952087,491.474670,16.943179,47.596272,1,0.107000,0.801425
MP_R_Jongkok_1,posenet,26,1.051803,ok,1,direct,1.000000,13,left_knee,1,1,2.000000,695.810000,562.890000,2.000000,698.918030,560.595642,3.863150,47.596272,1,0.087000,0.982743
MP_R_Jongkok_1,posenet,26,1.051803,ok,1,direct,1.000000,14,right_knee,1,1,2.000000,583.030000,558.320000,2.000000,586.024841,556.755615,3.378813,47.596272,1,0.087000,0.986772
MP_R_Jongkok_1,posenet,26,1.051803,ok,1,direct,1.000000,15,left_ankle,1,1,2.000000,711.080000,647.640000,2.000000,711.355408,638.356750,9.287334,47.596272,1,0.089000,0.908340
MP_R_Jongkok_1,posenet,26,1.051803,ok,1,direct,1.000000,16,right_ankle,1,1,2.000000,654.770000,648.680000,2.000000,644.384827,635.476746,16.798147,47.596272,1,0.089000,0.730151
MP_R_Jongkok_1,posenet,27,1.092257,ok,1,direct,1.000000,0,nose,0,0,0.000000,0.000000,0.000000,2.000000,623.146667,334.713013,,,,0.026000,
MP_R_Jongkok_1,posenet,27,1.092257,ok,1,direct,1.000000,1,left_eye,0,0,0.000000,0.000000,0.000000,2.000000,631.778442,323.189728,,,,0.025000,
MP_R_Jongkok_1,posenet,27,1.092257,ok,1,direct,1.000000,2,right_eye,0,0,0.000000,0.000000,0.000000,2.000000,619.310364,324.150024,,,,0.025000,
MP_R_Jongkok_1,posenet,27,1.092257,ok,1,direct,1.000000,3,left_ear,0,0,0.000000,0.000000,0.000000,2.000000,660.550842,327.991089,,,,0.035000,
MP_R_Jongkok_1,posenet,27,1.092257,ok,1,direct,1.000000,4,right_ear,0,0,0.000000,0.000000,0.000000,2.000000,616.433167,329.911652,,,,0.035000,
MP_R_Jongkok_1,posenet,27,1.092257,ok,1,direct,1.000000,5,left_shoulder,1,1,2.000000,700.150000,364.130000,2.000000,695.077759,369.282898,7.230490,47.436800,1,0.079000,0.928251
MP_R_Jongkok_1,posenet,27,1.092257,ok,1,direct,1.000000,6,right_shoulder,1,1,2.000000,614.000000,366.630000,2.000000,616.433167,369.282898,3.599745,47.436800,1,0.079000,0.981715
MP_R_Jongkok_1,posenet,27,1.092257,ok,1,direct,1.000000,7,left_elbow,1,1,2.000000,672.970000,384.060000,2.000000,673.977966,390.408936,6.428451,47.436800,1,0.072000,0.931601
MP_R_Jongkok_1,posenet,27,1.092257,ok,1,direct,1.000000,8,right_elbow,1,1,2.000000,569.990000,389.650000,2.000000,581.906250,384.647278,12.923786,47.436800,1,0.072000,0.750992
MP_R_Jongkok_1,posenet,27,1.092257,ok,1,direct,1.000000,9,left_wrist,1,1,2.000000,627.220000,380.450000,2.000000,628.901184,378.885620,2.296446,47.436800,1,0.062000,0.987881
MP_R_Jongkok_1,posenet,27,1.092257,ok,1,direct,1.000000,10,right_wrist,1,1,2.000000,517.620000,391.540000,2.000000,612.596802,506.602142,149.197485,47.436800,0,0.062000,0.000000
MP_R_Jongkok_1,posenet,27,1.092257,ok,1,direct,1.000000,11,left_hip,1,1,2.000000,715.260000,505.220000,2.000000,702.750427,504.681580,12.521154,47.436800,1,0.107000,0.885407
MP_R_Jongkok_1,posenet,27,1.092257,ok,1,direct,1.000000,12,right_hip,1,1,2.000000,664.840000,509.590000,2.000000,651.919128,503.721313,14.191209,47.436800,1,0.107000,0.855268
MP_R_Jongkok_1,posenet,27,1.092257,ok,1,direct,1.000000,13,left_knee,1,1,2.000000,694.860000,564.050000,2.000000,698.914124,562.298035,4.416481,47.436800,1,0.087000,0.977356
MP_R_Jongkok_1,posenet,27,1.092257,ok,1,direct,1.000000,14,right_knee,1,1,2.000000,583.180000,559.810000,2.000000,584.783447,555.576111,4.527346,47.436800,1,0.087000,0.976219
MP_R_Jongkok_1,posenet,27,1.092257,ok,1,direct,1.000000,15,left_ankle,1,1,2.000000,711.080000,647.740000,2.000000,709.464050,639.119995,8.770164,47.436800,1,0.089000,0.917315
MP_R_Jongkok_1,posenet,27,1.092257,ok,1,direct,1.000000,16,right_ankle,1,1,2.000000,654.770000,648.770000,2.000000,642.328369,638.159668,16.351554,47.436800,1,0.089000,0.740810
MP_R_Jongkok_1,posenet,28,1.132711,ok,1,direct,1.000000,0,nose,0,0,0.000000,0.000000,0.000000,2.000000,623.538574,340.195801,,,,0.026000,
MP_R_Jongkok_1,posenet,28,1.132711,ok,1,direct,1.000000,1,left_eye,0,0,0.000000,0.000000,0.000000,2.000000,632.139465,331.546631,,,,0.025000,
MP_R_Jongkok_1,posenet,28,1.132711,ok,1,direct,1.000000,2,right_eye,0,0,0.000000,0.000000,0.000000,2.000000,620.671570,332.507660,,,,0.025000,
MP_R_Jongkok_1,posenet,28,1.132711,ok,1,direct,1.000000,3,left_ear,0,0,0.000000,0.000000,0.000000,2.000000,660.808960,337.312714,,,,0.035000,
MP_R_Jongkok_1,posenet,28,1.132711,ok,1,direct,1.000000,4,right_ear,0,0,0.000000,0.000000,0.000000,2.000000,616.848999,337.312714,,,,0.035000,
MP_R_Jongkok_1,posenet,28,1.132711,ok,1,direct,1.000000,5,left_shoulder,1,1,2.000000,700.150000,371.830000,2.000000,693.301208,377.675476,9.004195,47.254020,1,0.079000,0.890158
MP_R_Jongkok_1,posenet,28,1.132711,ok,1,direct,1.000000,6,right_shoulder,1,1,2.000000,614.000000,374.270000,2.000000,615.893311,381.519531,7.492685,47.254020,1,0.079000,0.922590
MP_R_Jongkok_1,posenet,28,1.132711,ok,1,direct,1.000000,7,left_elbow,1,1,2.000000,672.970000,390.630000,2.000000,664.631592,394.012787,8.998461,47.254020,1,0.072000,0.869443
MP_R_Jongkok_1,posenet,28,1.132711,ok,1,direct,1.000000,8,right_elbow,1,1,2.000000,569.490000,396.350000,2.000000,584.356812,394.012787,15.049407,47.254020,1,0.072000,0.676167
MP_R_Jongkok_1,posenet,28,1.132711,ok,1,direct,1.000000,9,left_wrist,1,1,2.000000,628.140000,386.860000,2.000000,632.139465,388.246704,4.233045,47.254020,1,0.062000,0.959108
MP_R_Jongkok_1,posenet,28,1.132711,ok,1,direct,1.000000,10,right_wrist,1,1,2.000000,516.100000,398.010000,2.000000,614.937683,515.101013,153.229217,47.254020,0,0.062000,0.000000
MP_R_Jongkok_1,posenet,28,1.132711,ok,1,direct,1.000000,11,left_hip,1,1,2.000000,717.600000,511.020000,2.000000,693.301208,508.373871,24.442448,47.254020,1,0.107000,0.626639
MP_R_Jongkok_1,posenet,28,1.132711,ok,1,direct,1.000000,12,right_hip,1,1,2.000000,665.210000,514.430000,2.000000,645.518555,507.412872,20.904380,47.254020,1,0.107000,0.710441
MP_R_Jongkok_1,posenet,28,1.132711,ok,1,direct,1.000000,13,left_knee,1,1,2.000000,693.910000,565.200000,2.000000,699.990723,562.190857,6.784551,47.254020,1,0.087000,0.946987
MP_R_Jongkok_1,posenet,28,1.132711,ok,1,direct,1.000000,14,right_knee,1,1,2.000000,583.320000,561.300000,2.000000,584.356812,557.385803,4.049187,47.254020,1,0.087000,0.980785
MP_R_Jongkok_1,posenet,28,1.132711,ok,1,direct,1.000000,15,left_ankle,1,1,2.000000,711.080000,647.850000,2.000000,710.502930,639.072266,8.796683,47.254020,1,0.089000,0.916218
MP_R_Jongkok_1,posenet,28,1.132711,ok,1,direct,1.000000,16,right_ankle,1,1,2.000000,654.770000,648.870000,2.000000,642.651611,636.189270,17.540133,47.254020,1,0.089000,0.706179
MP_R_Jongkok_1,posenet,29,1.173165,ok,1,direct,1.000000,0,nose,0,0,0.000000,0.000000,0.000000,2.000000,623.999023,350.581909,,,,0.026000,
MP_R_Jongkok_1,posenet,29,1.173165,ok,1,direct,1.000000,1,left_eye,0,0,0.000000,0.000000,0.000000,2.000000,633.553650,340.017151,,,,0.025000,
MP_R_Jongkok_1,posenet,29,1.173165,ok,1,direct,1.000000,2,right_eye,0,0,0.000000,0.000000,0.000000,2.000000,621.132690,340.017151,,,,0.025000,
MP_R_Jongkok_1,posenet,29,1.173165,ok,1,direct,1.000000,3,left_ear,0,0,0.000000,0.000000,0.000000,2.000000,660.306702,344.819336,,,,0.035000,
MP_R_Jongkok_1,posenet,29,1.173165,ok,1,direct,1.000000,4,right_ear,0,0,0.000000,0.000000,0.000000,2.000000,617.310791,344.819336,,,,0.035000,
MP_R_Jongkok_1,posenet,29,1.173165,ok,1,direct,1.000000,5,left_shoulder,1,1,2.000000,700.150000,379.520000,2.000000,690.881592,388.999146,13.257360,47.045322,1,0.079000,0.775318
MP_R_Jongkok_1,posenet,29,1.173165,ok,1,direct,1.000000,6,right_shoulder,1,1,2.000000,614.000000,381.900000,2.000000,611.578003,388.038757,6.599274,47.045322,1,0.079000,0.938890
MP_R_Jongkok_1,posenet,29,1.173165,ok,1,direct,1.000000,7,left_elbow,1,1,2.000000,672.970000,397.200000,2.000000,705.213562,462.952393,73.232673,47.045322,0,0.072000,0.000087
MP_R_Jongkok_1,posenet,29,1.173165,ok,1,direct,1.000000,8,right_elbow,1,1,2.000000,568.980000,403.040000,2.000000,575.270386,400.524353,6.774764,47.045322,1,0.072000,0.923111
MP_R_Jongkok_1,posenet,29,1.173165,ok,1,direct,1.000000,9,left_wrist,1,1,2.000000,629.070000,393.280000,2.000000,636.420105,399.563934,9.670154,47.045322,1,0.062000,0.802658
MP_R_Jongkok_1,posenet,29,1.173165,ok,1,direct,1.000000,10,right_wrist,1,1,2.000000,514.580000,404.480000,2.000000,608.711609,518.657410,147.977163,47.045322,0,0.062000,0.000000
MP_R_Jongkok_1,posenet,29,1.173165,ok,1,direct,1.000000,11,left_hip,1,1,2.000000,719.930000,516.820000,2.000000,691.837036,520.578308,28.343244,47.045322,1,0.107000,0.530435
MP_R_Jongkok_1,posenet,29,1.173165,ok,1,direct,1.000000,12,right_hip,1,1,2.000000,665.570000,519.270000,2.000000,636.420105,519.617798,29.151970,47.045322,1,0.107000,0.511321
MP_R_Jongkok_1,posenet,29,1.173165,ok,1,direct,1.000000,13,left_knee,1,1,2.000000,692.960000,566.360000,2.000000,696.614380,565.718567,3.710246,47.045322,1,0.087000,0.983700
MP_R_Jongkok_1,posenet,29,1.173165,ok,1,direct,1.000000,14,right_knee,1,1,2.000000,583.470000,562.800000,2.000000,584.825012,559.955994,3.150306,47.045322,1,0.087000,0.988221
MP_R_Jongkok_1,posenet,29,1.173165,ok,1,direct,1.000000,15,left_ankle,1,1,2.000000,711.080000,647.950000,2.000000,709.990845,638.711365,9.302615,47.045322,1,0.089000,0.905992
MP_R_Jongkok_1,posenet,29,1.173165,ok,1,direct,1.000000,16,right_ankle,1,1,2.000000,654.770000,648.970000,2.000000,644.063782,638.711365,14.827768,47.045322,1,0.089000,0.778160
MP_R_Jongkok_1,posenet,30,1.213619,ok,1,direct,1.000000,0,nose,0,0,0.000000,0.000000,0.000000,2.000000,625.430908,359.012360,,,,0.026000,
MP_R_Jongkok_1,posenet,30,1.213619,ok,1,direct,1.000000,1,left_eye,0,0,0.000000,0.000000,0.000000,2.000000,634.041382,347.494019,,,,0.025000,
MP_R_Jongkok_1,posenet,30,1.213619,ok,1,direct,1.000000,2,right_eye,0,0,0.000000,0.000000,0.000000,2.000000,620.647339,348.453888,,,,0.025000,
MP_R_Jongkok_1,posenet,30,1.213619,ok,1,direct,1.000000,3,left_ear,0,0,0.000000,0.000000,0.000000,2.000000,660.829529,352.293335,,,,0.035000,
MP_R_Jongkok_1,posenet,30,1.213619,ok,1,direct,1.000000,4,right_ear,0,0,0.000000,0.000000,0.000000,2.000000,617.777161,354.213043,,,,0.035000,
MP_R_Jongkok_1,posenet,30,1.213619,ok,1,direct,1.000000,5,left_shoulder,1,1,2.000000,700.150000,387.220000,2.000000,693.357971,397.406860,12.243520,46.810955,1,0.079000,0.803140
MP_R_Jongkok_1,posenet,30,1.213619,ok,1,direct,1.000000,6,right_shoulder,1,1,2.000000,614.000000,389.530000,2.000000,617.777161,402.206146,13.226928,46.810955,1,0.079000,0.774252
MP_R_Jongkok_1,posenet,30,1.213619,ok,1,direct,1.000000,7,left_elbow,1,1,2.000000,672.970000,403.770000,2.000000,706.752014,466.516907,71.262885,46.810955,0,0.072000,0.000131
MP_R_Jongkok_1,posenet,30,1.213619,ok,1,direct,1.000000,8,right_elbow,1,1,2.000000,568.470000,409.730000,2.000000,590.032288,403.166016,22.539258,46.810955,1,0.072000,0.408838
MP_R_Jongkok_1,posenet,30,1.213619,ok,1,direct,1.000000,9,left_wrist,1,1,2.000000,629.990000,399.690000,2.000000,640.738403,401.246277,10.860487,46.810955,1,0.062000,0.755739
MP_R_Jongkok_1,posenet,30,1.213619,ok,1,direct,1.000000,10,right_wrist,1,1,2.000000,513.060000,410.940000,2.000000,613.950256,525.068481,152.329098,46.810955,0,0.062000,0.000000
MP_R_Jongkok_1,posenet,30,1.213619,ok,1,direct,1.000000,11,left_hip,1,1,2.000000,722.270000,522.610000,2.000000,696.228149,525.068481,26.157640,46.810955,1,0.107000,0.579574
MP_R_Jongkok_1,posenet,30,1.213619,ok,1,direct,1.000000,12,right_hip,1,1,2.000000,665.940000,524.110000,2.000000,644.565308,520.269226,21.717021,46.810955,1,0.107000,0.686614
MP_R_Jongkok_1,posenet,30,1.213619,ok,1,direct,1.000000,13,left_knee,1,1,2.000000,692.010000,567.520000,2.000000,696.228149,565.382690,4.728729,46.810955,1,0.087000,0.973396
MP_R_Jongkok_1,posenet,30,1.213619,ok,1,direct,1.000000,14,right_knee,1,1,2.000000,583.610000,564.290000,2.000000,585.248657,555.784058,8.662347,46.810955,1,0.087000,0.913490
MP_R_Jongkok_1,posenet,30,1.213619,ok,1,direct,1.000000,15,left_ankle,1,1,2.000000,711.080000,648.060000,2.000000,709.622192,640.251953,7.942972,46.810955,1,0.089000,0.929882
MP_R_Jongkok_1,posenet,30,1.213619,ok,1,direct,1.000000,16,right_ankle,1,1,2.000000,654.770000,649.070000,2.000000,645.522034,642.171631,11.537434,46.810955,1,0.089000,0.857802
MP_R_Jongkok_1,posenet,31,1.254073,ok,1,direct,1.000000,0,nose,0,0,0.000000,0.000000,0.000000,2.000000,623.967896,359.831055,,,,0.026000,
MP_R_Jongkok_1,posenet,31,1.254073,ok,1,direct,1.000000,1,left_eye,0,0,0.000000,0.000000,0.000000,2.000000,633.529724,352.156738,,,,0.025000,
MP_R_Jongkok_1,posenet,31,1.254073,ok,1,direct,1.000000,2,right_eye,0,0,0.000000,0.000000,0.000000,2.000000,621.099304,352.156738,,,,0.025000,
MP_R_Jongkok_1,posenet,31,1.254073,ok,1,direct,1.000000,3,left_ear,0,0,0.000000,0.000000,0.000000,2.000000,661.258911,357.912476,,,,0.035000,
MP_R_Jongkok_1,posenet,31,1.254073,ok,1,direct,1.000000,4,right_ear,0,0,0.000000,0.000000,0.000000,2.000000,615.362244,354.075348,,,,0.035000,
MP_R_Jongkok_1,posenet,31,1.254073,ok,1,direct,1.000000,5,left_shoulder,1,1,2.000000,700.150000,388.990000,2.000000,690.900513,398.202606,13.054698,46.656545,1,0.079000,0.778108
MP_R_Jongkok_1,posenet,31,1.254073,ok,1,direct,1.000000,6,right_shoulder,1,1,2.000000,614.000000,391.290000,2.000000,617.274597,399.161896,8.525827,46.656545,1,0.079000,0.898517
MP_R_Jongkok_1,posenet,31,1.254073,ok,1,direct,1.000000,7,left_elbow,1,1,2.000000,672.970000,405.430000,2.000000,668.908386,408.754791,5.248899,46.656545,1,0.072000,0.952344
MP_R_Jongkok_1,posenet,31,1.254073,ok,1,direct,1.000000,8,right_elbow,1,1,2.000000,568.470000,411.170000,2.000000,577.115051,409.714081,8.766790,46.656545,1,0.072000,0.872656
MP_R_Jongkok_1,posenet,31,1.254073,ok,1,direct,1.000000,9,left_wrist,1,1,2.000000,630.720000,401.700000,2.000000,634.485901,403.958344,4.391142,46.656545,1,0.062000,0.954959
MP_R_Jongkok_1,posenet,31,1.254073,ok,1,direct,1.000000,10,right_wrist,1,1,2.000000,513.120000,412.190000,2.000000,617.274597,522.910217,152.010350,46.656545,0,0.062000,0.000000
MP_R_Jongkok_1,posenet,31,1.254073,ok,1,direct,1.000000,11,left_hip,1,1,2.000000,722.270000,523.530000,2.000000,696.637573,526.747375,25.833560,46.656545,1,0.107000,0.585343
MP_R_Jongkok_1,posenet,31,1.254073,ok,1,direct,1.000000,12,right_hip,1,1,2.000000,665.940000,525.030000,2.000000,646.916199,525.788086,19.038900,46.656545,1,0.107000,0.747602
MP_R_Jongkok_1,posenet,31,1.254073,ok,1,direct,1.000000,13,left_knee,1,1,2.000000,692.080000,567.130000,2.000000,694.725220,564.159607,3.977489,46.656545,1,0.087000,0.980980
MP_R_Jongkok_1,posenet,31,1.254073,ok,1,direct,1.000000,14,right_knee,1,1,2.000000,584.340000,563.490000,2.000000,586.676819,558.403870,5.597271,46.656545,1,0.087000,0.962685
MP_R_Jongkok_1,posenet,31,1.254073,ok,1,direct,1.000000,15,left_ankle,1,1,2.000000,711.080000,648.190000,2.000000,710.024109,639.943420,8.313903,46.656545,1,0.089000,0.922956
MP_R_Jongkok_1,posenet,31,1.254073,ok,1,direct,1.000000,16,right_ankle,1,1,2.000000,654.770000,649.190000,2.000000,644.047668,641.862000,12.987224,46.656545,1,0.089000,0.822308
MP_R_Jongkok_1,posenet,32,1.294527,ok,1,direct,1.000000,0,nose,0,0,0.000000,0.000000,0.000000,2.000000,621.949524,362.606598,,,,0.026000,
MP_R_Jongkok_1,posenet,32,1.294527,ok,1,direct,1.000000,1,left_eye,0,0,0.000000,0.000000,0.000000,2.000000,631.540710,354.921478,,,,0.025000,
MP_R_Jongkok_1,posenet,32,1.294527,ok,1,direct,1.000000,2,right_eye,0,0,0.000000,0.000000,0.000000,2.000000,620.031311,354.921478,,,,0.025000,
MP_R_Jongkok_1,posenet,32,1.294527,ok,1,direct,1.000000,3,left_ear,0,0,0.000000,0.000000,0.000000,2.000000,660.314148,361.645966,,,,0.035000,
MP_R_Jongkok_1,posenet,32,1.294527,ok,1,direct,1.000000,4,right_ear,0,0,0.000000,0.000000,0.000000,2.000000,619.072205,359.724670,,,,0.035000,
MP_R_Jongkok_1,posenet,32,1.294527,ok,1,direct,1.000000,5,left_shoulder,1,1,2.000000,700.150000,390.760000,2.000000,688.128479,401.032318,15.812574,46.501495,1,0.079000,0.690354
MP_R_Jongkok_1,posenet,32,1.294527,ok,1,direct,1.000000,6,right_shoulder,1,1,2.000000,614.000000,393.040000,2.000000,619.072205,401.992981,10.289953,46.501495,1,0.079000,0.854775
MP_R_Jongkok_1,posenet,32,1.294527,ok,1,direct,1.000000,7,left_elbow,1,1,2.000000,672.970000,407.100000,2.000000,662.232361,410.638763,11.305739,46.501495,1,0.072000,0.796085
MP_R_Jongkok_1,posenet,32,1.294527,ok,1,direct,1.000000,8,right_elbow,1,1,2.000000,568.470000,412.610000,2.000000,566.320862,414.481323,2.849675,46.501495,1,0.072000,0.985616
MP_R_Jongkok_1,posenet,32,1.294527,ok,1,direct,1.000000,9,left_wrist,1,1,2.000000,631.450000,403.700000,2.000000,632.499756,402.953613,1.288053,46.501495,1,0.062000,0.996016
MP_R_Jongkok_1,posenet,32,1.294527,ok,1,direct,1.000000,10,right_wrist,1,1,2.000000,513.190000,413.430000,2.000000,631.540710,407.756836,118.486605,46.501495,0,0.062000,0.000000
MP_R_Jongkok_1,posenet,32,1.294527,ok,1,direct,1.000000,11,left_hip,1,1,2.000000,722.270000,524.450000,2.000000,699.637817,523.033997,22.676436,46.501495,1,0.107000,0.660069
MP_R_Jongkok_1,posenet,32,1.294527,ok,1,direct,1.000000,12,right_hip,1,1,2.000000,665.940000,525.940000,2.000000,648.804749,522.073364,17.566096,46.501495,1,0.107000,0.779365
MP_R_Jongkok_1,posenet,32,1.294527,ok,1,direct,1.000000,13,left_knee,1,1,2.000000,692.160000,566.750000,2.000000,698.678711,562.420349,7.825565,46.501495,1,0.087000,0.927899
MP_R_Jongkok_1,posenet,32,1.294527,ok,1,direct,1.000000,14,right_knee,1,1,2.000000,585.070000,562.690000,2.000000,587.421387,556.656494,6.475509,46.501495,1,0.087000,0.950051
MP_R_Jongkok_1,posenet,32,1.294527,ok,1,direct,1.000000,15,left_ankle,1,1,2.000000,711.080000,648.320000,2.000000,709.228943,640.232422,8.296706,46.501495,1,0.089000,0.922769
MP_R_Jongkok_1,posenet,32,1.294527,ok,1,direct,1.000000,16,right_ankle,1,1,2.000000,654.770000,649.320000,2.000000,641.131836,642.153748,15.406320,46.501495,1,0.089000,0.757941
MP_R_Jongkok_1,posenet,33,1.334981,ok,1,direct,1.000000,0,nose,0,0,0.000000,0.000000,0.000000,2.000000,624.294617,364.042511,,,,0.026000,
MP_R_Jongkok_1,posenet,33,1.334981,ok,1,direct,1.000000,1,left_eye,0,0,0.000000,0.000000,0.000000,2.000000,632.913696,356.364471,,,,0.025000,
MP_R_Jongkok_1,posenet,33,1.334981,ok,1,direct,1.000000,2,right_eye,0,0,0.000000,0.000000,0.000000,2.000000,621.421570,356.364471,,,,0.025000,
MP_R_Jongkok_1,posenet,33,1.334981,ok,1,direct,1.000000,3,left_ear,0,0,0.000000,0.000000,0.000000,2.000000,663.559448,362.122986,,,,0.035000,
MP_R_Jongkok_1,posenet,33,1.334981,ok,1,direct,1.000000,4,right_ear,0,0,0.000000,0.000000,0.000000,2.000000,618.548523,361.163239,,,,0.035000,
MP_R_Jongkok_1,posenet,33,1.334981,ok,1,direct,1.000000,5,left_shoulder,1,1,2.000000,700.150000,392.530000,2.000000,695.162964,394.754700,5.460753,46.347133,1,0.079000,0.956488
MP_R_Jongkok_1,posenet,33,1.334981,ok,1,direct,1.000000,6,right_shoulder,1,1,2.000000,614.000000,394.800000,2.000000,620.463867,403.392487,10.752321,46.347133,1,0.079000,0.841577
MP_R_Jongkok_1,posenet,33,1.334981,ok,1,direct,1.000000,7,left_elbow,1,1,2.000000,672.970000,408.760000,2.000000,670.263245,414.909546,6.718887,46.347133,1,0.072000,0.922120
MP_R_Jongkok_1,posenet,33,1.334981,ok,1,direct,1.000000,8,right_elbow,1,1,2.000000,568.470000,414.050000,2.000000,585.987366,417.788818,17.911920,46.347133,1,0.072000,0.562007
MP_R_Jongkok_1,posenet,33,1.334981,ok,1,direct,1.000000,9,left_wrist,1,1,2.000000,632.180000,405.710000,2.000000,634.829102,409.151031,4.342630,46.347133,1,0.062000,0.955350
MP_R_Jongkok_1,posenet,33,1.334981,ok,1,direct,1.000000,10,right_wrist,1,1,2.000000,513.250000,414.670000,2.000000,596.521912,415.869324,83.280548,46.347133,0,0.062000,0.000000
MP_R_Jongkok_1,posenet,33,1.334981,ok,1,direct,1.000000,11,left_hip,1,1,2.000000,722.270000,525.370000,2.000000,698.993652,525.281433,23.276516,46.347133,1,0.107000,0.643645
MP_R_Jongkok_1,posenet,33,1.334981,ok,1,direct,1.000000,12,right_hip,1,1,2.000000,665.940000,526.850000,2.000000,643.448181,528.160706,22.529977,46.347133,1,0.107000,0.661796
MP_R_Jongkok_1,posenet,33,1.334981,ok,1,direct,1.000000,13,left_knee,1,1,2.000000,692.230000,566.360000,2.000000,696.120605,564.631409,4.257328,46.347133,1,0.087000,0.977951
MP_R_Jongkok_1,posenet,33,1.334981,ok,1,direct,1.000000,14,right_knee,1,1,2.000000,585.800000,561.890000,2.000000,586.945129,556.953308,5.067766,46.347133,1,0.087000,0.968902
MP_R_Jongkok_1,posenet,33,1.334981,ok,1,direct,1.000000,15,left_ankle,1,1,2.000000,711.080000,648.450000,2.000000,711.443481,642.371582,6.089276,46.347133,1,0.089000,0.957351
MP_R_Jongkok_1,posenet,33,1.334981,ok,1,direct,1.000000,16,right_ankle,1,1,2.000000,654.770000,649.450000,2.000000,643.448181,643.331360,12.869395,46.347133,1,0.089000,0.823098
MP_R_Jongkok_1,posenet,34,1.375435,ok,1,direct,1.000000,0,nose,0,0,0.000000,0.000000,0.000000,2.000000,626.853577,363.257843,,,,0.026000,
MP_R_Jongkok_1,posenet,34,1.375435,ok,1,direct,1.000000,1,left_eye,0,0,0.000000,0.000000,0.000000,2.000000,635.455383,355.581665,,,,0.025000,
MP_R_Jongkok_1,posenet,34,1.375435,ok,1,direct,1.000000,2,right_eye,0,0,0.000000,0.000000,0.000000,2.000000,622.074768,355.581665,,,,0.025000,
MP_R_Jongkok_1,posenet,34,1.375435,ok,1,direct,1.000000,3,left_ear,0,0,0.000000,0.000000,0.000000,2.000000,664.128235,361.338806,,,,0.035000,
MP_R_Jongkok_1,posenet,34,1.375435,ok,1,direct,1.000000,4,right_ear,0,0,0.000000,0.000000,0.000000,2.000000,618.251648,361.338806,,,,0.035000,
MP_R_Jongkok_1,posenet,34,1.375435,ok,1,direct,1.000000,5,left_shoulder,1,1,2.000000,700.150000,394.300000,2.000000,695.668396,394.922028,4.524565,46.191436,1,0.079000,0.969721
MP_R_Jongkok_1,posenet,34,1.375435,ok,1,direct,1.000000,6,right_shoulder,1,1,2.000000,614.000000,396.560000,2.000000,618.251648,401.638641,6.623376,46.191436,1,0.079000,0.936235
MP_R_Jongkok_1,posenet,34,1.375435,ok,1,direct,1.000000,7,left_elbow,1,1,2.000000,672.970000,410.430000,2.000000,670.818604,415.071930,5.116251,46.191436,1,0.072000,0.953772
MP_R_Jongkok_1,posenet,34,1.375435,ok,1,direct,1.000000,8,right_elbow,1,1,2.000000,568.470000,415.490000,2.000000,570.463623,415.071930,2.036987,46.191436,1,0.072000,0.992525
MP_R_Jongkok_1,posenet,34,1.375435,ok,1,direct,1.000000,9,left_wrist,1,1,2.000000,632.910000,407.710000,2.000000,635.455383,409.314819,3.009057,46.191436,1,0.062000,0.978163
MP_R_Jongkok_1,posenet,34,1.375435,ok,1,direct,1.000000,10,right_wrist,1,1,2.000000,513.310000,415.910000,2.000000,597.224915,415.071930,83.919099,46.191436,0,0.062000,0.000000
MP_R_Jongkok_1,posenet,34,1.375435,ok,1,direct,1.000000,11,left_hip,1,1,2.000000,722.270000,526.290000,2.000000,703.314514,527.335815,18.984314,46.191436,1,0.107000,0.744477
MP_R_Jongkok_1,posenet,34,1.375435,ok,1,direct,1.000000,12,right_hip,1,1,2.000000,665.940000,527.760000,2.000000,644.057251,528.295349,21.889297,46.191436,1,0.107000,0.675511
MP_R_Jongkok_1,posenet,34,1.375435,ok,1,direct,1.000000,13,left_knee,1,1,2.000000,692.300000,565.980000,2.000000,696.624146,562.838074,5.345085,46.191436,1,0.087000,0.965237
MP_R_Jongkok_1,posenet,34,1.375435,ok,1,direct,1.000000,14,right_knee,1,1,2.000000,586.530000,561.090000,2.000000,587.667297,556.121399,5.097101,46.191436,1,0.087000,0.968337
MP_R_Jongkok_1,posenet,34,1.375435,ok,1,direct,1.000000,15,left_ankle,1,1,2.000000,711.080000,648.580000,2.000000,710.960571,641.518738,7.062272,46.191436,1,0.089000,0.942686
MP_R_Jongkok_1,posenet,34,1.375435,ok,1,direct,1.000000,16,right_ankle,1,1,2.000000,654.770000,649.570000,2.000000,645.013000,642.478271,12.061992,46.191436,1,0.089000,0.841833
MP_R_Jongkok_1,posenet,35,1.415889,ok,1,direct,1.000000,0,nose,0,0,0.000000,0.000000,0.000000,2.000000,627.753662,363.500610,,,,0.026000,
MP_R_Jongkok_1,posenet,35,1.415889,ok,1,direct,1.000000,1,left_eye,0,0,0.000000,0.000000,0.000000,2.000000,637.333191,353.898895,,,,0.025000,
MP_R_Jongkok_1,posenet,35,1.415889,ok,1,direct,1.000000,2,right_eye,0,0,0.000000,0.000000,0.000000,2.000000,623.921814,354.859070,,,,0.025000,
MP_R_Jongkok_1,posenet,35,1.415889,ok,1,direct,1.000000,3,left_ear,0,0,0.000000,0.000000,0.000000,2.000000,666.071899,359.659943,,,,0.035000,
MP_R_Jongkok_1,posenet,35,1.415889,ok,1,direct,1.000000,4,right_ear,0,0,0.000000,0.000000,0.000000,2.000000,621.047974,359.659943,,,,0.035000,
MP_R_Jongkok_1,posenet,35,1.415889,ok,1,direct,1.000000,5,left_shoulder,1,1,2.000000,700.150000,396.070000,2.000000,696.726501,395.186188,3.535741,46.035104,1,0.079000,0.981273
MP_R_Jongkok_1,posenet,35,1.415889,ok,1,direct,1.000000,6,right_shoulder,1,1,2.000000,614.000000,398.310000,2.000000,618.174133,402.867554,6.180185,46.035104,1,0.079000,0.943880
MP_R_Jongkok_1,posenet,35,1.415889,ok,1,direct,1.000000,7,left_elbow,1,1,2.000000,672.970000,412.100000,2.000000,670.861694,414.389587,3.112421,46.035104,1,0.072000,0.982519
MP_R_Jongkok_1,posenet,35,1.415889,ok,1,direct,1.000000,8,right_elbow,1,1,2.000000,568.470000,416.930000,2.000000,572.192261,416.309906,3.773558,46.035104,1,0.072000,0.974410
MP_R_Jongkok_1,posenet,35,1.415889,ok,1,direct,1.000000,9,left_wrist,1,1,2.000000,633.640000,409.710000,2.000000,636.375305,410.548920,2.861063,46.035104,1,0.062000,0.980104
MP_R_Jongkok_1,posenet,35,1.415889,ok,1,direct,1.000000,10,right_wrist,1,1,2.000000,513.380000,417.160000,2.000000,599.015015,415.349731,85.654146,46.035104,0,0.062000,0.000000
MP_R_Jongkok_1,posenet,35,1.415889,ok,1,direct,1.000000,11,left_hip,1,1,2.000000,722.270000,527.210000,2.000000,706.306030,530.570068,16.313748,46.035104,1,0.107000,0.803019
MP_R_Jongkok_1,posenet,35,1.415889,ok,1,direct,1.000000,12,right_hip,1,1,2.000000,665.940000,528.670000,2.000000,644.996887,531.530212,21.137521,46.035104,1,0.107000,0.691915
MP_R_Jongkok_1,posenet,35,1.415889,ok,1,direct,1.000000,13,left_knee,1,1,2.000000,692.370000,565.600000,2.000000,695.768555,563.215820,4.151444,46.035104,1,0.087000,0.978740
MP_R_Jongkok_1,posenet,35,1.415889,ok,1,direct,1.000000,14,right_knee,1,1,2.000000,587.260000,560.280000,2.000000,588.477478,555.534485,4.899201,46.035104,1,0.087000,0.970516
MP_R_Jongkok_1,posenet,35,1.415889,ok,1,direct,1.000000,15,left_ankle,1,1,2.000000,711.080000,648.720000,2.000000,711.095886,640.029419,8.690596,46.035104,1,0.089000,0.913945
MP_R_Jongkok_1,posenet,35,1.415889,ok,1,direct,1.000000,16,right_ankle,1,1,2.000000,654.770000,649.700000,2.000000,644.996887,639.069153,14.440521,46.035104,1,0.089000,0.780010
MP_R_Jongkok_1,posenet,36,1.456343,ok,1,direct,1.000000,0,nose,0,0,0.000000,0.000000,0.000000,2.000000,629.777405,363.276886,,,,0.026000,
MP_R_Jongkok_1,posenet,36,1.456343,ok,1,direct,1.000000,1,left_eye,0,0,0.000000,0.000000,0.000000,2.000000,639.359375,354.641724,,,,0.025000,
MP_R_Jongkok_1,posenet,36,1.456343,ok,1,direct,1.000000,2,right_eye,0,0,0.000000,0.000000,0.000000,2.000000,626.902832,355.601196,,,,0.025000,
MP_R_Jongkok_1,posenet,36,1.456343,ok,1,direct,1.000000,3,left_ear,0,0,0.000000,0.000000,0.000000,2.000000,667.146973,360.398499,,,,0.035000,
MP_R_Jongkok_1,posenet,36,1.456343,ok,1,direct,1.000000,4,right_ear,0,0,0.000000,0.000000,0.000000,2.000000,624.028259,361.357971,,,,0.035000,
MP_R_Jongkok_1,posenet,36,1.456343,ok,1,direct,1.000000,5,left_shoulder,1,1,2.000000,701.680000,396.180000,2.000000,698.767212,394.939148,3.166078,45.998673,1,0.079000,0.984933
MP_R_Jongkok_1,posenet,36,1.456343,ok,1,direct,1.000000,6,right_shoulder,1,1,2.000000,614.000000,398.310000,2.000000,623.070068,402.614838,10.039809,45.998673,1,0.079000,0.858418
MP_R_Jongkok_1,posenet,36,1.456343,ok,1,direct,1.000000,7,left_elbow,1,1,2.000000,674.280000,412.320000,2.000000,671.937866,414.128357,2.959011,45.998673,1,0.072000,0.984162
MP_R_Jongkok_1,posenet,36,1.456343,ok,1,direct,1.000000,8,right_elbow,1,1,2.000000,568.470000,417.150000,2.000000,571.327637,414.128357,4.158896,45.998673,1,0.072000,0.968954
MP_R_Jongkok_1,posenet,36,1.456343,ok,1,direct,1.000000,9,left_wrist,1,1,2.000000,634.880000,410.640000,2.000000,636.484802,410.290527,1.642413,45.998673,1,0.062000,0.993389
MP_R_Jongkok_1,posenet,36,1.456343,ok,1,direct,1.000000,10,right_wrist,1,1,2.000000,513.760000,417.050000,2.000000,601.031616,415.087830,87.293672,45.998673,0,0.062000,0.000000
MP_R_Jongkok_1,posenet,36,1.456343,ok,1,direct,1.000000,11,left_hip,1,1,2.000000,722.410000,527.580000,2.000000,707.390991,530.223328,15.249846,45.998673,1,0.107000,0.825306
MP_R_Jongkok_1,posenet,36,1.456343,ok,1,direct,1.000000,12,right_hip,1,1,2.000000,665.860000,529.250000,2.000000,651.815796,530.223328,14.077892,45.998673,1,0.107000,0.849061
MP_R_Jongkok_1,posenet,36,1.456343,ok,1,direct,1.000000,13,left_knee,1,1,2.000000,693.320000,563.410000,2.000000,700.683655,562.844971,7.385301,45.998673,1,0.087000,0.934154
MP_R_Jongkok_1,posenet,36,1.456343,ok,1,direct,1.000000,14,right_knee,1,1,2.000000,587.700000,559.410000,2.000000,590.491516,555.169312,5.077007,45.998673,1,0.087000,0.968323
MP_R_Jongkok_1,posenet,36,1.456343,ok,1,direct,1.000000,15,left_ankle,1,1,2.000000,711.080000,648.720000,2.000000,711.223755,642.480347,6.241309,45.998673,1,0.089000,0.954579
MP_R_Jongkok_1,posenet,36,1.456343,ok,1,direct,1.000000,16,right_ankle,1,1,2.000000,654.770000,649.700000,2.000000,648.941223,642.480347,9.278903,45.998673,1,0.089000,0.902359
MP_R_Jongkok_1,posenet,37,1.496797,ok,1,direct,1.000000,0,nose,0,0,0.000000,0.000000,0.000000,2.000000,630.473938,364.942139,,,,0.026000,
MP_R_Jongkok_1,posenet,37,1.496797,ok,1,direct,1.000000,1,left_eye,0,0,0.000000,0.000000,0.000000,2.000000,638.140930,355.329956,,,,0.025000,
MP_R_Jongkok_1,posenet,37,1.496797,ok,1,direct,1.000000,2,right_eye,0,0,0.000000,0.000000,0.000000,2.000000,627.598816,355.329956,,,,0.025000,
MP_R_Jongkok_1,posenet,37,1.496797,ok,1,direct,1.000000,3,left_ear,0,0,0.000000,0.000000,0.000000,2.000000,667.850586,360.136047,,,,0.035000,
MP_R_Jongkok_1,posenet,37,1.496797,ok,1,direct,1.000000,4,right_ear,0,0,0.000000,0.000000,0.000000,2.000000,624.723694,360.136047,,,,0.035000,
MP_R_Jongkok_1,posenet,37,1.496797,ok,1,direct,1.000000,5,left_shoulder,1,1,2.000000,703.200000,396.290000,2.000000,701.393860,394.739990,2.380057,45.963339,1,0.079000,0.991444
MP_R_Jongkok_1,posenet,37,1.496797,ok,1,direct,1.000000,6,right_shoulder,1,1,2.000000,614.000000,398.310000,2.000000,621.848572,402.429779,8.864122,45.963339,1,0.079000,0.887643
MP_R_Jongkok_1,posenet,37,1.496797,ok,1,direct,1.000000,7,left_elbow,1,1,2.000000,675.580000,412.530000,2.000000,671.684143,413.964447,4.151547,45.963339,1,0.072000,0.969015
MP_R_Jongkok_1,posenet,37,1.496797,ok,1,direct,1.000000,8,right_elbow,1,1,2.000000,568.470000,417.370000,2.000000,569.137817,410.119537,7.281153,45.963339,1,0.072000,0.907724
MP_R_Jongkok_1,posenet,37,1.496797,ok,1,direct,1.000000,9,left_wrist,1,1,2.000000,636.110000,411.580000,2.000000,638.140930,410.119537,2.501525,45.963339,1,0.062000,0.984707
MP_R_Jongkok_1,posenet,37,1.496797,ok,1,direct,1.000000,10,right_wrist,1,1,2.000000,514.140000,416.940000,2.000000,600.764282,415.886871,86.630684,45.963339,0,0.062000,0.000000
MP_R_Jongkok_1,posenet,37,1.496797,ok,1,direct,1.000000,11,left_hip,1,1,2.000000,722.560000,527.940000,2.000000,707.144104,528.349731,15.421340,45.963339,1,0.107000,0.821482
MP_R_Jongkok_1,posenet,37,1.496797,ok,1,direct,1.000000,12,right_hip,1,1,2.000000,665.790000,529.830000,2.000000,648.683044,530.272217,17.112670,45.963339,1,0.107000,0.784943
MP_R_Jongkok_1,posenet,37,1.496797,ok,1,direct,1.000000,13,left_knee,1,1,2.000000,694.270000,561.220000,2.000000,702.352173,559.108887,8.353342,45.963339,1,0.087000,0.916425
MP_R_Jongkok_1,posenet,37,1.496797,ok,1,direct,1.000000,14,right_knee,1,1,2.000000,588.140000,558.530000,2.000000,589.263794,553.341553,5.308757,45.963339,1,0.087000,0.965364
MP_R_Jongkok_1,posenet,37,1.496797,ok,1,direct,1.000000,15,left_ankle,1,1,2.000000,711.080000,648.720000,2.000000,710.977600,637.929016,10.791470,45.963339,1,0.089000,0.870068
MP_R_Jongkok_1,posenet,37,1.496797,ok,1,direct,1.000000,16,right_ankle,1,1,2.000000,654.770000,649.700000,2.000000,648.683044,642.735107,9.249906,45.963339,1,0.089000,0.902796
MP_R_Jongkok_1,posenet,38,1.537251,ok,1,direct,1.000000,0,nose,0,0,0.000000,0.000000,0.000000,2.000000,631.270935,365.265839,,,,0.026000,
MP_R_Jongkok_1,posenet,38,1.537251,ok,1,direct,1.000000,1,left_eye,0,0,0.000000,0.000000,0.000000,2.000000,640.828430,356.635651,,,,0.025000,
MP_R_Jongkok_1,posenet,38,1.537251,ok,1,direct,1.000000,2,right_eye,0,0,0.000000,0.000000,0.000000,2.000000,626.492126,357.594574,,,,0.025000,
MP_R_Jongkok_1,posenet,38,1.537251,ok,1,direct,1.000000,3,left_ear,0,0,0.000000,0.000000,0.000000,2.000000,668.545349,359.512390,,,,0.035000,
MP_R_Jongkok_1,posenet,38,1.537251,ok,1,direct,1.000000,4,right_ear,0,0,0.000000,0.000000,0.000000,2.000000,623.624878,360.471313,,,,0.035000,
MP_R_Jongkok_1,posenet,38,1.537251,ok,1,direct,1.000000,5,left_shoulder,1,1,2.000000,704.730000,396.400000,2.000000,698.173767,398.827606,6.991242,45.927999,1,0.079000,0.928434
MP_R_Jongkok_1,posenet,38,1.537251,ok,1,direct,1.000000,6,right_shoulder,1,1,2.000000,614.000000,398.310000,2.000000,619.801819,404.581024,8.543234,45.927999,1,0.079000,0.895043
MP_R_Jongkok_1,posenet,38,1.537251,ok,1,direct,1.000000,7,left_elbow,1,1,2.000000,676.890000,412.750000,2.000000,666.633850,413.211212,10.266515,45.927999,1,0.072000,0.824666
MP_R_Jongkok_1,posenet,38,1.537251,ok,1,direct,1.000000,8,right_elbow,1,1,2.000000,568.470000,417.580000,2.000000,567.235352,414.170105,3.626533,45.927999,1,0.072000,0.976233
MP_R_Jongkok_1,posenet,38,1.537251,ok,1,direct,1.000000,9,left_wrist,1,1,2.000000,637.340000,412.510000,2.000000,637.005432,412.252289,0.422316,45.927999,1,0.062000,0.999560
MP_R_Jongkok_1,posenet,38,1.537251,ok,1,direct,1.000000,10,right_wrist,1,1,2.000000,514.520000,416.830000,2.000000,550.031799,414.170105,35.611275,45.927999,1,0.062000,0.043805
MP_R_Jongkok_1,posenet,38,1.537251,ok,1,direct,1.000000,11,left_hip,1,1,2.000000,722.710000,528.310000,2.000000,707.731262,527.321167,15.011342,45.927999,1,0.107000,0.829763
MP_R_Jongkok_1,posenet,38,1.537251,ok,1,direct,1.000000,12,right_hip,1,1,2.000000,665.720000,530.420000,2.000000,648.474487,533.074585,17.448625,45.927999,1,0.107000,0.777141
MP_R_Jongkok_1,posenet,38,1.537251,ok,1,direct,1.000000,13,left_knee,1,1,2.000000,695.220000,559.030000,2.000000,704.864014,559.924011,9.685363,45.927999,1,0.087000,0.889133
MP_R_Jongkok_1,posenet,38,1.537251,ok,1,direct,1.000000,14,right_knee,1,1,2.000000,588.580000,557.660000,2.000000,591.129211,553.211670,5.126999,45.927999,1,0.087000,0.967608
MP_R_Jongkok_1,posenet,38,1.537251,ok,1,direct,1.000000,15,left_ankle,1,1,2.000000,711.080000,648.720000,2.000000,710.598511,637.595520,11.134895,45.927999,1,0.089000,0.862076
MP_R_Jongkok_1,posenet,38,1.537251,ok,1,direct,1.000000,16,right_ankle,1,1,2.000000,654.770000,649.700000,2.000000,648.474487,642.390015,9.647247,45.927999,1,0.089000,0.894577
MP_R_Jongkok_1,posenet,39,1.577705,ok,1,direct,1.000000,0,nose,0,0,0.000000,0.000000,0.000000,2.000000,633.278198,365.954010,,,,0.026000,
MP_R_Jongkok_1,posenet,39,1.577705,ok,1,direct,1.000000,1,left_eye,0,0,0.000000,0.000000,0.000000,2.000000,642.868164,355.406036,,,,0.025000,
MP_R_Jongkok_1,posenet,39,1.577705,ok,1,direct,1.000000,2,right_eye,0,0,0.000000,0.000000,0.000000,2.000000,628.483215,356.364960,,,,0.025000,
MP_R_Jongkok_1,posenet,39,1.577705,ok,1,direct,1.000000,3,left_ear,0,0,0.000000,0.000000,0.000000,2.000000,669.720154,361.159485,,,,0.035000,
MP_R_Jongkok_1,posenet,39,1.577705,ok,1,direct,1.000000,4,right_ear,0,0,0.000000,0.000000,0.000000,2.000000,623.688232,361.159485,,,,0.035000,
MP_R_Jongkok_1,posenet,39,1.577705,ok,1,direct,1.000000,5,left_shoulder,1,1,2.000000,706.260000,396.510000,2.000000,700.408081,395.680084,5.910475,45.891551,1,0.079000,0.948232
MP_R_Jongkok_1,posenet,39,1.577705,ok,1,direct,1.000000,6,right_shoulder,1,1,2.000000,614.000000,398.310000,2.000000,620.811279,401.433502,7.493316,45.891551,1,0.079000,0.918109
MP_R_Jongkok_1,posenet,39,1.577705,ok,1,direct,1.000000,7,left_elbow,1,1,2.000000,678.200000,412.970000,2.000000,672.597107,413.899323,5.679441,45.891551,1,0.072000,0.942622
MP_R_Jongkok_1,posenet,39,1.577705,ok,1,direct,1.000000,8,right_elbow,1,1,2.000000,568.470000,417.800000,2.000000,569.984375,411.981506,6.012337,45.891551,1,0.072000,0.935925
MP_R_Jongkok_1,posenet,39,1.577705,ok,1,direct,1.000000,9,left_wrist,1,1,2.000000,638.580000,413.440000,2.000000,643.827209,413.899323,5.267275,45.891551,1,0.062000,0.933755
MP_R_Jongkok_1,posenet,39,1.577705,ok,1,direct,1.000000,10,right_wrist,1,1,2.000000,514.900000,416.720000,2.000000,600.672302,415.817108,85.777054,45.891551,0,0.062000,0.000000
MP_R_Jongkok_1,posenet,39,1.577705,ok,1,direct,1.000000,11,left_hip,1,1,2.000000,722.850000,528.670000,2.000000,702.326050,524.173462,21.010745,45.891551,1,0.107000,0.693387
MP_R_Jongkok_1,posenet,39,1.577705,ok,1,direct,1.000000,12,right_hip,1,1,2.000000,665.640000,531.000000,2.000000,646.704163,528.967957,19.044557,45.891551,1,0.107000,0.740195
MP_R_Jongkok_1,posenet,39,1.577705,ok,1,direct,1.000000,13,left_knee,1,1,2.000000,696.170000,556.840000,2.000000,706.162109,557.735107,10.032122,45.891551,1,0.087000,0.881374
MP_R_Jongkok_1,posenet,39,1.577705,ok,1,direct,1.000000,14,right_knee,1,1,2.000000,589.010000,556.780000,2.000000,590.123291,552.940613,3.997538,45.891551,1,0.087000,0.980150
MP_R_Jongkok_1,posenet,39,1.577705,ok,1,direct,1.000000,15,left_ankle,1,1,2.000000,711.080000,648.720000,2.000000,709.998047,636.365417,12.401868,45.891551,1,0.089000,0.831604
MP_R_Jongkok_1,posenet,39,1.577705,ok,1,direct,1.000000,16,right_ankle,1,1,2.000000,654.770000,649.700000,2.000000,647.663147,638.283264,13.448019,45.891551,1,0.089000,0.805074
MP_R_Jongkok_1,posenet,40,1.618159,ok,1,direct,1.000000,0,nose,0,0,0.000000,0.000000,0.000000,2.000000,633.094360,365.728821,,,,0.026000,
MP_R_Jongkok_1,posenet,40,1.618159,ok,1,direct,1.000000,1,left_eye,0,0,0.000000,0.000000,0.000000,2.000000,642.678589,358.056000,,,,0.025000,
MP_R_Jongkok_1,posenet,40,1.618159,ok,1,direct,1.000000,2,right_eye,0,0,0.000000,0.000000,0.000000,2.000000,629.260681,357.096924,,,,0.025000,
MP_R_Jongkok_1,posenet,40,1.618159,ok,1,direct,1.000000,3,left_ear,0,0,0.000000,0.000000,0.000000,2.000000,670.472900,359.974213,,,,0.035000,
MP_R_Jongkok_1,posenet,40,1.618159,ok,1,direct,1.000000,4,right_ear,0,0,0.000000,0.000000,0.000000,2.000000,622.551636,359.015106,,,,0.035000,
MP_R_Jongkok_1,posenet,40,1.618159,ok,1,direct,1.000000,5,left_shoulder,1,1,2.000000,707.780000,396.620000,2.000000,699.225647,399.297424,8.963568,45.856200,1,0.079000,0.884754
MP_R_Jongkok_1,posenet,40,1.618159,ok,1,direct,1.000000,6,right_shoulder,1,1,2.000000,614.000000,398.310000,2.000000,613.925842,401.215607,2.906553,45.856200,1,0.079000,0.987208
MP_R_Jongkok_1,posenet,40,1.618159,ok,1,direct,1.000000,7,left_elbow,1,1,2.000000,679.510000,413.190000,2.000000,681.973999,413.683960,2.513024,45.856200,1,0.072000,0.988480
MP_R_Jongkok_1,posenet,40,1.618159,ok,1,direct,1.000000,8,right_elbow,1,1,2.000000,568.470000,418.020000,2.000000,596.674194,486.575745,74.130741,45.856200,0,0.072000,0.000042
MP_R_Jongkok_1,posenet,40,1.618159,ok,1,direct,1.000000,9,left_wrist,1,1,2.000000,639.810000,414.370000,2.000000,648.429138,413.683960,8.646398,45.856200,1,0.062000,0.831122
MP_R_Jongkok_1,posenet,40,1.618159,ok,1,direct,1.000000,10,right_wrist,1,1,2.000000,515.280000,416.610000,2.000000,609.133728,520.144348,139.742204,45.856200,0,0.062000,0.000000
MP_R_Jongkok_1,posenet,40,1.618159,ok,1,direct,1.000000,11,left_hip,1,1,2.000000,723.000000,529.040000,2.000000,696.350403,526.858093,26.738769,45.856200,1,0.107000,0.552143
MP_R_Jongkok_1,posenet,40,1.618159,ok,1,direct,1.000000,12,right_hip,1,1,2.000000,665.570000,531.590000,2.000000,638.844910,532.612671,26.744650,45.856200,1,0.107000,0.551998
MP_R_Jongkok_1,posenet,40,1.618159,ok,1,direct,1.000000,13,left_knee,1,1,2.000000,697.120000,554.650000,2.000000,707.851501,554.671997,10.731524,45.856200,1,0.087000,0.865268
MP_R_Jongkok_1,posenet,40,1.618159,ok,1,direct,1.000000,14,right_knee,1,1,2.000000,589.450000,555.900000,2.000000,591.882019,554.671997,2.724465,45.856200,1,0.087000,0.990716
MP_R_Jongkok_1,posenet,40,1.618159,ok,1,direct,1.000000,15,left_ankle,1,1,2.000000,711.080000,648.720000,2.000000,710.726746,637.154846,11.570548,45.856200,1,0.089000,0.851502
MP_R_Jongkok_1,posenet,40,1.618159,ok,1,direct,1.000000,16,right_ankle,1,1,2.000000,654.770000,649.700000,2.000000,649.387573,641.950317,9.435470,45.856200,1,0.089000,0.898615
MP_R_Jongkok_1,posenet,41,1.658613,ok,1,direct,1.000000,0,nose,0,0,0.000000,0.000000,0.000000,2.000000,633.427429,366.486359,,,,0.026000,
MP_R_Jongkok_1,posenet,41,1.658613,ok,1,direct,1.000000,1,left_eye,0,0,0.000000,0.000000,0.000000,2.000000,643.976013,357.855103,,,,0.025000,
MP_R_Jongkok_1,posenet,41,1.658613,ok,1,direct,1.000000,2,right_eye,0,0,0.000000,0.000000,0.000000,2.000000,629.591553,357.855103,,,,0.025000,
MP_R_Jongkok_1,posenet,41,1.658613,ok,1,direct,1.000000,3,left_ear,0,0,0.000000,0.000000,0.000000,2.000000,670.827026,360.732178,,,,0.035000,
MP_R_Jongkok_1,posenet,41,1.658613,ok,1,direct,1.000000,4,right_ear,0,0,0.000000,0.000000,0.000000,2.000000,622.878784,360.732178,,,,0.035000,
MP_R_Jongkok_1,posenet,41,1.658613,ok,1,direct,1.000000,5,left_shoulder,1,1,2.000000,707.780000,396.620000,2.000000,701.513977,399.093323,6.736495,45.799872,1,0.079000,0.933020
MP_R_Jongkok_1,posenet,41,1.658613,ok,1,direct,1.000000,6,right_shoulder,1,1,2.000000,614.000000,398.310000,2.000000,618.083984,402.929413,6.165866,45.799872,1,0.079000,0.943573
MP_R_Jongkok_1,posenet,41,1.658613,ok,1,direct,1.000000,7,left_elbow,1,1,2.000000,679.510000,413.190000,2.000000,697.678040,420.191925,19.470609,45.799872,1,0.072000,0.497947
MP_R_Jongkok_1,posenet,41,1.658613,ok,1,direct,1.000000,8,right_elbow,1,1,2.000000,568.470000,418.020000,2.000000,603.699463,486.364868,76.890416,45.799872,0,0.072000,0.000019
MP_R_Jongkok_1,posenet,41,1.658613,ok,1,direct,1.000000,9,left_wrist,1,1,2.000000,640.540000,414.170000,2.000000,648.770874,414.437744,8.235228,45.799872,1,0.062000,0.845171
MP_R_Jongkok_1,posenet,41,1.658613,ok,1,direct,1.000000,10,right_wrist,1,1,2.000000,515.790000,416.490000,2.000000,610.412231,521.848877,141.611651,45.799872,0,0.062000,0.000000
MP_R_Jongkok_1,posenet,41,1.658613,ok,1,direct,1.000000,11,left_hip,1,1,2.000000,723.000000,529.040000,2.000000,699.596008,526.644043,23.526314,45.799872,1,0.107000,0.630692
MP_R_Jongkok_1,posenet,41,1.658613,ok,1,direct,1.000000,12,right_hip,1,1,2.000000,665.570000,531.590000,2.000000,643.976013,530.480103,21.622492,45.799872,1,0.107000,0.677494
MP_R_Jongkok_1,posenet,41,1.658613,ok,1,direct,1.000000,13,left_knee,1,1,2.000000,697.120000,554.650000,2.000000,708.226685,555.414917,11.132993,45.799872,1,0.087000,0.855448
MP_R_Jongkok_1,posenet,41,1.658613,ok,1,direct,1.000000,14,right_knee,1,1,2.000000,589.450000,555.900000,2.000000,592.191895,553.496765,3.646028,45.799872,1,0.087000,0.983394
MP_R_Jongkok_1,posenet,41,1.658613,ok,1,direct,1.000000,15,left_ankle,1,1,2.000000,711.080000,648.720000,2.000000,711.103577,636.932251,11.787773,45.799872,1,0.089000,0.845982
MP_R_Jongkok_1,posenet,41,1.658613,ok,1,direct,1.000000,16,right_ankle,1,1,2.000000,654.770000,649.700000,2.000000,648.770874,641.727417,9.977554,45.799872,1,0.089000,0.887070
MP_R_Jongkok_1,posenet,42,1.699067,ok,1,direct,1.000000,0,nose,0,0,0.000000,0.000000,0.000000,2.000000,634.651306,366.100403,,,,0.026000,
MP_R_Jongkok_1,posenet,42,1.699067,ok,1,direct,1.000000,1,left_eye,0,0,0.000000,0.000000,0.000000,2.000000,644.207092,356.504395,,,,0.025000,
MP_R_Jongkok_1,posenet,42,1.699067,ok,1,direct,1.000000,2,right_eye,0,0,0.000000,0.000000,0.000000,2.000000,628.917786,357.463989,,,,0.025000,
MP_R_Jongkok_1,posenet,42,1.699067,ok,1,direct,1.000000,3,left_ear,0,0,0.000000,0.000000,0.000000,2.000000,672.874512,360.342804,,,,0.035000,
MP_R_Jongkok_1,posenet,42,1.699067,ok,1,direct,1.000000,4,right_ear,0,0,0.000000,0.000000,0.000000,2.000000,623.184326,360.342804,,,,0.035000,
MP_R_Jongkok_1,posenet,42,1.699067,ok,1,direct,1.000000,5,left_shoulder,1,1,2.000000,707.780000,396.620000,2.000000,702.497559,398.726837,5.687086,45.744581,1,0.079000,0.951676
MP_R_Jongkok_1,posenet,42,1.699067,ok,1,direct,1.000000,6,right_shoulder,1,1,2.000000,614.000000,398.310000,2.000000,618.406433,400.646027,4.987351,45.744581,1,0.079000,0.962624
MP_R_Jongkok_1,posenet,42,1.699067,ok,1,direct,1.000000,7,left_elbow,1,1,2.000000,679.510000,413.190000,2.000000,685.297058,414.080444,5.855163,45.744581,1,0.072000,0.938749
MP_R_Jongkok_1,posenet,42,1.699067,ok,1,direct,1.000000,8,right_elbow,1,1,2.000000,568.470000,418.020000,2.000000,605.983948,492.767700,83.633217,45.744581,0,0.072000,0.000003
MP_R_Jongkok_1,posenet,42,1.699067,ok,1,direct,1.000000,9,left_wrist,1,1,2.000000,641.270000,413.970000,2.000000,649.940552,414.080444,8.671255,45.744581,1,0.062000,0.829483
MP_R_Jongkok_1,posenet,42,1.699067,ok,1,direct,1.000000,10,right_wrist,1,1,2.000000,516.290000,416.360000,2.000000,608.850647,521.555725,140.119998,45.744581,0,0.062000,0.000000
MP_R_Jongkok_1,posenet,42,1.699067,ok,1,direct,1.000000,11,left_hip,1,1,2.000000,723.000000,529.040000,2.000000,700.586304,525.394165,22.708278,45.744581,1,0.107000,0.650198
MP_R_Jongkok_1,posenet,42,1.699067,ok,1,direct,1.000000,12,right_hip,1,1,2.000000,665.570000,531.590000,2.000000,644.207092,530.192139,21.408593,45.744581,1,0.107000,0.682077
MP_R_Jongkok_1,posenet,42,1.699067,ok,1,direct,1.000000,13,left_knee,1,1,2.000000,697.120000,554.650000,2.000000,707.275391,555.141724,10.167288,45.744581,1,0.087000,0.877627
MP_R_Jongkok_1,posenet,42,1.699067,ok,1,direct,1.000000,14,right_knee,1,1,2.000000,589.450000,555.900000,2.000000,593.561340,554.182129,4.455805,45.744581,1,0.087000,0.975241
MP_R_Jongkok_1,posenet,42,1.699067,ok,1,direct,1.000000,15,left_ankle,1,1,2.000000,711.080000,648.720000,2.000000,711.097717,635.748230,12.971782,45.744581,1,0.089000,0.816250
MP_R_Jongkok_1,posenet,42,1.699067,ok,1,direct,1.000000,16,right_ankle,1,1,2.000000,654.770000,649.700000,2.000000,648.985046,640.546204,10.828558,45.744581,1,0.089000,0.868068
MP_R_Jongkok_1,posenet,43,1.739521,ok,1,direct,1.000000,0,nose,0,0,0.000000,0.000000,0.000000,2.000000,634.359741,365.893890,,,,0.026000,
MP_R_Jongkok_1,posenet,43,1.739521,ok,1,direct,1.000000,1,left_eye,0,0,0.000000,0.000000,0.000000,2.000000,643.937073,355.323883,,,,0.025000,
MP_R_Jongkok_1,posenet,43,1.739521,ok,1,direct,1.000000,2,right_eye,0,0,0.000000,0.000000,0.000000,2.000000,628.613464,356.284790,,,,0.025000,
MP_R_Jongkok_1,posenet,43,1.739521,ok,1,direct,1.000000,3,left_ear,0,0,0.000000,0.000000,0.000000,2.000000,671.711121,360.128448,,,,0.035000,
MP_R_Jongkok_1,posenet,43,1.739521,ok,1,direct,1.000000,4,right_ear,0,0,0.000000,0.000000,0.000000,2.000000,624.782532,360.128448,,,,0.035000,
MP_R_Jongkok_1,posenet,43,1.739521,ok,1,direct,1.000000,5,left_shoulder,1,1,2.000000,707.780000,396.620000,2.000000,705.231628,394.721283,3.177943,45.689223,1,0.079000,0.984616
MP_R_Jongkok_1,posenet,43,1.739521,ok,1,direct,1.000000,6,right_shoulder,1,1,2.000000,614.000000,398.310000,2.000000,620.951599,400.486755,7.284435,45.689223,1,0.079000,0.921770
MP_R_Jongkok_1,posenet,43,1.739521,ok,1,direct,1.000000,7,left_elbow,1,1,2.000000,679.510000,413.190000,2.000000,689.907959,414.900421,10.537699,45.689223,1,0.072000,0.814465
MP_R_Jongkok_1,posenet,43,1.739521,ok,1,direct,1.000000,8,right_elbow,1,1,2.000000,568.470000,418.020000,2.000000,609.458862,487.929810,81.039918,45.689223,0,0.072000,0.000005
MP_R_Jongkok_1,posenet,43,1.739521,ok,1,direct,1.000000,9,left_wrist,1,1,2.000000,642.000000,413.770000,2.000000,649.683411,413.939545,7.685281,45.689223,1,0.062000,0.863112
MP_R_Jongkok_1,posenet,43,1.739521,ok,1,direct,1.000000,10,right_wrist,1,1,2.000000,516.790000,416.230000,2.000000,613.289795,520.600830,142.145983,45.689223,0,0.062000,0.000000
MP_R_Jongkok_1,posenet,43,1.739521,ok,1,direct,1.000000,11,left_hip,1,1,2.000000,723.000000,529.040000,2.000000,703.316162,522.522705,20.734720,45.689223,1,0.107000,0.697833
MP_R_Jongkok_1,posenet,43,1.739521,ok,1,direct,1.000000,12,right_hip,1,1,2.000000,665.570000,531.590000,2.000000,645.852539,528.288147,19.992011,45.689223,1,0.107000,0.715722
MP_R_Jongkok_1,posenet,43,1.739521,ok,1,direct,1.000000,13,left_knee,1,1,2.000000,697.120000,554.650000,2.000000,707.147095,556.154541,10.139343,45.689223,1,0.087000,0.877980
MP_R_Jongkok_1,posenet,43,1.739521,ok,1,direct,1.000000,14,right_knee,1,1,2.000000,589.450000,555.900000,2.000000,592.219788,552.310913,4.533571,45.689223,1,0.087000,0.974319
MP_R_Jongkok_1,posenet,43,1.739521,ok,1,direct,1.000000,15,left_ankle,1,1,2.000000,711.080000,648.720000,2.000000,710.020203,635.910339,12.853427,45.689223,1,0.089000,0.818870
MP_R_Jongkok_1,posenet,43,1.739521,ok,1,direct,1.000000,16,right_ankle,1,1,2.000000,654.770000,649.700000,2.000000,648.725708,641.675842,10.045923,45.689223,1,0.089000,0.885088
MP_R_Jongkok_1,posenet,44,1.779975,ok,1,direct,1.000000,0,nose,0,0,0.000000,0.000000,0.000000,2.000000,634.238159,365.336670,,,,0.026000,
MP_R_Jongkok_1,posenet,44,1.779975,ok,1,direct,1.000000,1,left_eye,0,0,0.000000,0.000000,0.000000,2.000000,643.799438,354.775085,,,,0.025000,
MP_R_Jongkok_1,posenet,44,1.779975,ok,1,direct,1.000000,2,right_eye,0,0,0.000000,0.000000,0.000000,2.000000,629.457520,355.735260,,,,0.025000,
MP_R_Jongkok_1,posenet,44,1.779975,ok,1,direct,1.000000,3,left_ear,0,0,0.000000,0.000000,0.000000,2.000000,672.483154,360.535980,,,,0.035000,
MP_R_Jongkok_1,posenet,44,1.779975,ok,1,direct,1.000000,4,right_ear,0,0,0.000000,0.000000,0.000000,2.000000,625.632996,360.535980,,,,0.035000,
MP_R_Jongkok_1,posenet,44,1.779975,ok,1,direct,1.000000,5,left_shoulder,1,1,2.000000,707.780000,396.620000,2.000000,704.991516,395.101074,3.175339,45.632688,1,0.079000,0.984603
MP_R_Jongkok_1,posenet,44,1.779975,ok,1,direct,1.000000,6,right_shoulder,1,1,2.000000,614.000000,398.310000,2.000000,619.896179,400.861938,6.424743,45.632688,1,0.079000,0.938452
MP_R_Jongkok_1,posenet,44,1.779975,ok,1,direct,1.000000,7,left_elbow,1,1,2.000000,679.510000,413.190000,2.000000,690.649597,415.264069,11.331036,45.632688,1,0.072000,0.788300
MP_R_Jongkok_1,posenet,44,1.779975,ok,1,direct,1.000000,8,right_elbow,1,1,2.000000,568.470000,418.020000,2.000000,609.378784,481.513885,75.531464,45.632688,0,0.072000,0.000026
MP_R_Jongkok_1,posenet,44,1.779975,ok,1,direct,1.000000,9,left_wrist,1,1,2.000000,642.730000,413.570000,2.000000,650.492249,414.303955,7.796871,45.632688,1,0.062000,0.859081
MP_R_Jongkok_1,posenet,44,1.779975,ok,1,direct,1.000000,10,right_wrist,1,1,2.000000,517.300000,416.110000,2.000000,613.203369,521.839844,142.745424,45.632688,0,0.062000,0.000000
MP_R_Jongkok_1,posenet,44,1.779975,ok,1,direct,1.000000,11,left_hip,1,1,2.000000,723.000000,529.040000,2.000000,704.035339,522.800049,19.964853,45.632688,1,0.107000,0.715780
MP_R_Jongkok_1,posenet,44,1.779975,ok,1,direct,1.000000,12,right_hip,1,1,2.000000,665.570000,531.590000,2.000000,646.667786,528.560852,19.143392,45.632688,1,0.107000,0.735333
MP_R_Jongkok_1,posenet,44,1.779975,ok,1,direct,1.000000,13,left_knee,1,1,2.000000,697.120000,554.650000,2.000000,706.903748,555.444885,9.815985,45.632688,1,0.087000,0.884913
MP_R_Jongkok_1,posenet,44,1.779975,ok,1,direct,1.000000,14,right_knee,1,1,2.000000,589.450000,555.900000,2.000000,591.212463,551.604248,4.643249,45.632688,1,0.087000,0.973013
MP_R_Jongkok_1,posenet,44,1.779975,ok,1,direct,1.000000,15,left_ankle,1,1,2.000000,711.080000,648.720000,2.000000,709.772156,635.136658,13.646159,45.632688,1,0.089000,0.797880
MP_R_Jongkok_1,posenet,44,1.779975,ok,1,direct,1.000000,16,right_ankle,1,1,2.000000,654.770000,649.700000,2.000000,646.667786,637.056946,15.016414,45.632688,1,0.089000,0.760773
MP_R_Jongkok_1,posenet,45,1.820429,ok,1,direct,1.000000,0,nose,0,0,0.000000,0.000000,0.000000,2.000000,633.769165,366.236450,,,,0.026000,
MP_R_Jongkok_1,posenet,45,1.820429,ok,1,direct,1.000000,1,left_eye,0,0,0.000000,0.000000,0.000000,2.000000,644.277588,354.725739,,,,0.025000,
MP_R_Jongkok_1,posenet,45,1.820429,ok,1,direct,1.000000,2,right_eye,0,0,0.000000,0.000000,0.000000,2.000000,628.992615,356.644165,,,,0.025000,
MP_R_Jongkok_1,posenet,45,1.820429,ok,1,direct,1.000000,3,left_ear,0,0,0.000000,0.000000,0.000000,2.000000,672.937012,360.481079,,,,0.035000,
MP_R_Jongkok_1,posenet,45,1.820429,ok,1,direct,1.000000,4,right_ear,0,0,0.000000,0.000000,0.000000,2.000000,625.171387,361.440308,,,,0.035000,
MP_R_Jongkok_1,posenet,45,1.820429,ok,1,direct,1.000000,5,left_shoulder,1,1,2.000000,707.780000,396.620000,2.000000,705.417664,395.972504,2.449466,45.577194,1,0.079000,0.990787
MP_R_Jongkok_1,posenet,45,1.820429,ok,1,direct,1.000000,6,right_shoulder,1,1,2.000000,614.000000,398.310000,2.000000,619.439453,400.768646,5.969304,45.577194,1,0.079000,0.946513
MP_R_Jongkok_1,posenet,45,1.820429,ok,1,direct,1.000000,7,left_elbow,1,1,2.000000,679.510000,413.190000,2.000000,691.087952,415.157043,11.743859,45.577194,1,0.072000,0.774027
MP_R_Jongkok_1,posenet,45,1.820429,ok,1,direct,1.000000,8,right_elbow,1,1,2.000000,568.470000,418.020000,2.000000,610.841675,488.058289,81.857930,45.577194,0,0.072000,0.000004
MP_R_Jongkok_1,posenet,45,1.820429,ok,1,direct,1.000000,9,left_wrist,1,1,2.000000,643.460000,413.380000,2.000000,650.964844,414.197815,7.549272,45.577194,1,0.062000,0.866975
MP_R_Jongkok_1,posenet,45,1.820429,ok,1,direct,1.000000,10,right_wrist,1,1,2.000000,517.800000,415.980000,2.000000,609.886353,516.835144,136.571067,45.577194,0,0.062000,0.000000
MP_R_Jongkok_1,posenet,45,1.820429,ok,1,direct,1.000000,11,left_hip,1,1,2.000000,723.000000,529.040000,2.000000,699.685730,522.590515,24.189895,45.577194,1,0.107000,0.611354
MP_R_Jongkok_1,posenet,45,1.820429,ok,1,direct,1.000000,12,right_hip,1,1,2.000000,665.570000,531.590000,2.000000,645.232910,528.345886,20.594210,45.577194,1,0.107000,0.700009
MP_R_Jongkok_1,posenet,45,1.820429,ok,1,direct,1.000000,13,left_knee,1,1,2.000000,697.120000,554.650000,2.000000,708.283569,554.244995,11.170914,45.577194,1,0.087000,0.853222
MP_R_Jongkok_1,posenet,45,1.820429,ok,1,direct,1.000000,14,right_knee,1,1,2.000000,589.450000,555.900000,2.000000,591.735413,549.448853,6.844006,45.577194,1,0.087000,0.942158
MP_R_Jongkok_1,posenet,45,1.820429,ok,1,direct,1.000000,15,left_ankle,1,1,2.000000,711.080000,648.720000,2.000000,710.194153,636.738464,12.014238,45.577194,1,0.089000,0.839081
MP_R_Jongkok_1,posenet,45,1.820429,ok,1,direct,1.000000,16,right_ankle,1,1,2.000000,654.770000,649.700000,2.000000,648.098877,641.534668,10.544028,45.577194,1,0.089000,0.873598
MP_R_Jongkok_1,posenet,46,1.860883,ok,1,direct,1.000000,0,nose,0,0,0.000000,0.000000,0.000000,2.000000,635.213989,366.642456,,,,0.026000,
MP_R_Jongkok_1,posenet,46,1.860883,ok,1,direct,1.000000,1,left_eye,0,0,0.000000,0.000000,0.000000,2.000000,646.717102,356.076660,,,,0.025000,
MP_R_Jongkok_1,posenet,46,1.860883,ok,1,direct,1.000000,2,right_eye,0,0,0.000000,0.000000,0.000000,2.000000,630.421021,356.076660,,,,0.025000,
MP_R_Jongkok_1,posenet,46,1.860883,ok,1,direct,1.000000,3,left_ear,0,0,0.000000,0.000000,0.000000,2.000000,672.599121,360.879303,,,,0.035000,
MP_R_Jongkok_1,posenet,46,1.860883,ok,1,direct,1.000000,4,right_ear,0,0,0.000000,0.000000,0.000000,2.000000,623.710938,360.879303,,,,0.035000,
MP_R_Jongkok_1,posenet,46,1.860883,ok,1,direct,1.000000,5,left_shoulder,1,1,2.000000,707.780000,396.620000,2.000000,705.191284,396.418884,2.596516,45.521633,1,0.079000,0.989628
MP_R_Jongkok_1,posenet,46,1.860883,ok,1,direct,1.000000,6,right_shoulder,1,1,2.000000,614.000000,398.310000,2.000000,619.876526,401.221497,6.558229,45.521633,1,0.079000,0.935650
MP_R_Jongkok_1,posenet,46,1.860883,ok,1,direct,1.000000,7,left_elbow,1,1,2.000000,679.510000,413.190000,2.000000,695.605347,415.629425,16.279158,45.521633,1,0.072000,0.610551
MP_R_Jongkok_1,posenet,46,1.860883,ok,1,direct,1.000000,8,right_elbow,1,1,2.000000,568.470000,418.020000,2.000000,609.331970,489.590149,82.413511,45.521633,0,0.072000,0.000003
MP_R_Jongkok_1,posenet,46,1.860883,ok,1,direct,1.000000,9,left_wrist,1,1,2.000000,644.190000,413.180000,2.000000,652.468689,413.708374,8.295533,45.521633,1,0.062000,0.841321
MP_R_Jongkok_1,posenet,46,1.860883,ok,1,direct,1.000000,10,right_wrist,1,1,2.000000,518.300000,415.860000,2.000000,608.373413,422.353119,90.307144,45.521633,0,0.062000,0.000000
MP_R_Jongkok_1,posenet,46,1.860883,ok,1,direct,1.000000,11,left_hip,1,1,2.000000,723.000000,529.040000,2.000000,704.232727,524.169189,19.389052,45.521633,1,0.107000,0.728394
MP_R_Jongkok_1,posenet,46,1.860883,ok,1,direct,1.000000,12,right_hip,1,1,2.000000,665.570000,531.590000,2.000000,646.717102,530.892883,18.865782,45.521633,1,0.107000,0.740790
MP_R_Jongkok_1,posenet,46,1.860883,ok,1,direct,1.000000,13,left_knee,1,1,2.000000,697.120000,554.650000,2.000000,708.067017,554.906067,10.950011,45.521633,1,0.087000,0.858222
MP_R_Jongkok_1,posenet,46,1.860883,ok,1,direct,1.000000,14,right_knee,1,1,2.000000,589.450000,555.900000,2.000000,593.035889,550.103455,6.816050,45.521633,1,0.087000,0.942480
MP_R_Jongkok_1,posenet,46,1.860883,ok,1,direct,1.000000,15,left_ankle,1,1,2.000000,711.080000,648.720000,2.000000,710.942810,636.551025,12.169748,45.521633,1,0.089000,0.834887
MP_R_Jongkok_1,posenet,46,1.860883,ok,1,direct,1.000000,16,right_ankle,1,1,2.000000,654.770000,649.700000,2.000000,647.675720,639.432556,12.479952,45.521633,1,0.089000,0.827145
MP_R_Jongkok_1,posenet,47,1.901337,ok,1,direct,1.000000,0,nose,0,0,0.000000,0.000000,0.000000,2.000000,635.462585,366.593781,,,,0.026000,
MP_R_Jongkok_1,posenet,47,1.901337,ok,1,direct,1.000000,1,left_eye,0,0,0.000000,0.000000,0.000000,2.000000,646.017273,356.026215,,,,0.025000,
MP_R_Jongkok_1,posenet,47,1.901337,ok,1,direct,1.000000,2,right_eye,0,0,0.000000,0.000000,0.000000,2.000000,629.705566,356.986908,,,,0.025000,
MP_R_Jongkok_1,posenet,47,1.901337,ok,1,direct,1.000000,3,left_ear,0,0,0.000000,0.000000,0.000000,2.000000,673.843079,360.829651,,,,0.035000,
MP_R_Jongkok_1,posenet,47,1.901337,ok,1,direct,1.000000,4,right_ear,0,0,0.000000,0.000000,0.000000,2.000000,623.948486,360.829651,,,,0.035000,
MP_R_Jongkok_1,posenet,47,1.901337,ok,1,direct,1.000000,5,left_shoulder,1,1,2.000000,708.390000,396.870000,2.000000,703.587952,400.217957,5.853929,45.476485,1,0.079000,0.948285
MP_R_Jongkok_1,posenet,47,1.901337,ok,1,direct,1.000000,6,right_shoulder,1,1,2.000000,615.200000,398.290000,2.000000,620.110413,401.178650,5.697056,45.476485,1,0.079000,0.950951
MP_R_Jongkok_1,posenet,47,1.901337,ok,1,direct,1.000000,7,left_elbow,1,1,2.000000,680.540000,413.460000,2.000000,684.397705,414.628296,4.030732,45.476485,1,0.072000,0.970147
MP_R_Jongkok_1,posenet,47,1.901337,ok,1,direct,1.000000,8,right_elbow,1,1,2.000000,569.390000,418.200000,2.000000,610.515320,493.404877,85.715024,45.476485,0,0.072000,0.000001
MP_R_Jongkok_1,posenet,47,1.901337,ok,1,direct,1.000000,9,left_wrist,1,1,2.000000,644.910000,412.980000,2.000000,650.814758,414.628296,6.130502,45.476485,1,0.062000,0.909782
MP_R_Jongkok_1,posenet,47,1.901337,ok,1,direct,1.000000,10,right_wrist,1,1,2.000000,518.800000,415.730000,2.000000,614.353394,521.264893,142.365953,45.476485,0,0.062000,0.000000
MP_R_Jongkok_1,posenet,47,1.901337,ok,1,direct,1.000000,11,left_hip,1,1,2.000000,723.280000,528.910000,2.000000,699.749878,527.029053,23.605182,45.476485,1,0.107000,0.624593
MP_R_Jongkok_1,posenet,47,1.901337,ok,1,direct,1.000000,12,right_hip,1,1,2.000000,665.950000,531.790000,2.000000,644.098267,530.871765,21.871018,45.476485,1,0.107000,0.667616
MP_R_Jongkok_1,posenet,47,1.901337,ok,1,direct,1.000000,13,left_knee,1,1,2.000000,697.290000,554.420000,2.000000,707.425964,555.849731,10.236303,45.476485,1,0.087000,0.874698
MP_R_Jongkok_1,posenet,47,1.901337,ok,1,direct,1.000000,14,right_knee,1,1,2.000000,589.620000,555.590000,2.000000,591.325073,550.085571,5.762466,45.476485,1,0.087000,0.958461
MP_R_Jongkok_1,posenet,47,1.901337,ok,1,direct,1.000000,15,left_ankle,1,1,2.000000,711.080000,648.740000,2.000000,709.344971,636.547668,12.315164,45.476485,1,0.089000,0.830968
MP_R_Jongkok_1,posenet,47,1.901337,ok,1,direct,1.000000,16,right_ankle,1,1,2.000000,654.770000,649.720000,2.000000,648.895752,641.351135,10.224710,45.476485,1,0.089000,0.880172
MP_R_Jongkok_1,posenet,48,1.941790,ok,1,direct,1.000000,0,nose,0,0,0.000000,0.000000,0.000000,2.000000,636.253296,365.830841,,,,0.026000,
MP_R_Jongkok_1,posenet,48,1.941790,ok,1,direct,1.000000,1,left_eye,0,0,0.000000,0.000000,0.000000,2.000000,645.840515,356.237213,,,,0.025000,
MP_R_Jongkok_1,posenet,48,1.941790,ok,1,direct,1.000000,2,right_eye,0,0,0.000000,0.000000,0.000000,2.000000,630.500916,356.237213,,,,0.025000,
MP_R_Jongkok_1,posenet,48,1.941790,ok,1,direct,1.000000,3,left_ear,0,0,0.000000,0.000000,0.000000,2.000000,673.643433,361.034027,,,,0.035000,
MP_R_Jongkok_1,posenet,48,1.941790,ok,1,direct,1.000000,4,right_ear,0,0,0.000000,0.000000,0.000000,2.000000,625.707275,361.034027,,,,0.035000,
MP_R_Jongkok_1,posenet,48,1.941790,ok,1,direct,1.000000,5,left_shoulder,1,1,2.000000,709.000000,397.120000,2.000000,706.240051,400.367950,4.262218,45.430013,1,0.079000,0.972187
MP_R_Jongkok_1,posenet,48,1.941790,ok,1,direct,1.000000,6,right_shoulder,1,1,2.000000,616.400000,398.260000,2.000000,620.913696,401.327301,5.457269,45.430013,1,0.079000,0.954810
MP_R_Jongkok_1,posenet,48,1.941790,ok,1,direct,1.000000,7,left_elbow,1,1,2.000000,681.560000,413.730000,2.000000,680.354553,414.758392,1.584517,45.430013,1,0.072000,0.995318
MP_R_Jongkok_1,posenet,48,1.941790,ok,1,direct,1.000000,8,right_elbow,1,1,2.000000,570.300000,418.380000,2.000000,611.326477,490.548096,83.014492,45.430013,0,0.072000,0.000003
MP_R_Jongkok_1,posenet,48,1.941790,ok,1,direct,1.000000,9,left_wrist,1,1,2.000000,645.640000,412.780000,2.000000,651.592834,414.758392,6.272980,45.430013,1,0.062000,0.905562
MP_R_Jongkok_1,posenet,48,1.941790,ok,1,direct,1.000000,10,right_wrist,1,1,2.000000,519.310000,415.610000,2.000000,614.202637,521.247742,141.999806,45.430013,0,0.062000,0.000000
MP_R_Jongkok_1,posenet,48,1.941790,ok,1,direct,1.000000,11,left_hip,1,1,2.000000,723.550000,528.790000,2.000000,702.405151,527.003906,21.220150,45.430013,1,0.107000,0.683089
MP_R_Jongkok_1,posenet,48,1.941790,ok,1,direct,1.000000,12,right_hip,1,1,2.000000,666.340000,531.990000,2.000000,646.799194,532.760071,19.555973,45.430013,1,0.107000,0.723471
MP_R_Jongkok_1,posenet,48,1.941790,ok,1,direct,1.000000,13,left_knee,1,1,2.000000,697.460000,554.180000,2.000000,709.116272,554.825439,11.674128,45.430013,1,0.087000,0.839891
MP_R_Jongkok_1,posenet,48,1.941790,ok,1,direct,1.000000,14,right_knee,1,1,2.000000,589.790000,555.280000,2.000000,592.151978,552.906738,3.348329,45.430013,1,0.087000,0.985749
MP_R_Jongkok_1,posenet,48,1.941790,ok,1,direct,1.000000,15,left_ankle,1,1,2.000000,711.080000,648.770000,2.000000,710.074951,636.371338,12.439331,45.430013,1,0.089000,0.827535
MP_R_Jongkok_1,posenet,48,1.941790,ok,1,direct,1.000000,16,right_ankle,1,1,2.000000,654.770000,649.750000,2.000000,648.716675,641.168091,10.501996,45.430013,1,0.089000,0.873777
MP_R_Jongkok_1,posenet,49,1.982244,ok,1,direct,1.000000,0,nose,0,0,0.000000,0.000000,0.000000,2.000000,636.271729,365.878174,,,,0.026000,
MP_R_Jongkok_1,posenet,49,1.982244,ok,1,direct,1.000000,1,left_eye,0,0,0.000000,0.000000,0.000000,2.000000,645.864441,356.286224,,,,0.025000,
MP_R_Jongkok_1,posenet,49,1.982244,ok,1,direct,1.000000,2,right_eye,0,0,0.000000,0.000000,0.000000,2.000000,632.434692,356.286224,,,,0.025000,
MP_R_Jongkok_1,posenet,49,1.982244,ok,1,direct,1.000000,3,left_ear,0,0,0.000000,0.000000,0.000000,2.000000,673.683105,362.041382,,,,0.035000,
MP_R_Jongkok_1,posenet,49,1.982244,ok,1,direct,1.000000,4,right_ear,0,0,0.000000,0.000000,0.000000,2.000000,627.638367,362.041382,,,,0.035000,
MP_R_Jongkok_1,posenet,49,1.982244,ok,1,direct,1.000000,5,left_shoulder,1,1,2.000000,709.610000,397.370000,2.000000,706.298157,400.409149,4.494968,45.384864,1,0.079000,0.969054
MP_R_Jongkok_1,posenet,49,1.982244,ok,1,direct,1.000000,6,right_shoulder,1,1,2.000000,617.600000,398.240000,2.000000,623.801270,401.368317,6.945654,45.384864,1,0.079000,0.927692
MP_R_Jongkok_1,posenet,49,1.982244,ok,1,direct,1.000000,7,left_elbow,1,1,2.000000,682.590000,414.010000,2.000000,683.275818,414.797058,1.043938,45.384864,1,0.072000,0.997961
MP_R_Jongkok_1,posenet,49,1.982244,ok,1,direct,1.000000,8,right_elbow,1,1,2.000000,571.220000,418.560000,2.000000,589.267700,433.980927,23.738670,45.384864,1,0.072000,0.348021
MP_R_Jongkok_1,posenet,49,1.982244,ok,1,direct,1.000000,9,left_wrist,1,1,2.000000,646.370000,412.580000,2.000000,652.579285,414.797058,6.593221,45.384864,1,0.062000,0.896009
MP_R_Jongkok_1,posenet,49,1.982244,ok,1,direct,1.000000,10,right_wrist,1,1,2.000000,519.810000,415.480000,2.000000,608.453064,421.511414,88.848020,45.384864,0,0.062000,0.000000
MP_R_Jongkok_1,posenet,49,1.982244,ok,1,direct,1.000000,11,left_hip,1,1,2.000000,723.830000,528.660000,2.000000,702.461121,527.022766,21.431508,45.384864,1,0.107000,0.677372
MP_R_Jongkok_1,posenet,49,1.982244,ok,1,direct,1.000000,12,right_hip,1,1,2.000000,666.720000,532.190000,2.000000,647.782959,530.859497,18.983724,45.384864,1,0.107000,0.736655
MP_R_Jongkok_1,posenet,49,1.982244,ok,1,direct,1.000000,13,left_knee,1,1,2.000000,697.620000,553.950000,2.000000,708.216736,554.839355,10.633991,45.384864,1,0.087000,0.864966
MP_R_Jongkok_1,posenet,49,1.982244,ok,1,direct,1.000000,14,right_knee,1,1,2.000000,589.960000,554.970000,2.000000,592.145508,553.880127,2.442185,45.384864,1,0.087000,0.992378
MP_R_Jongkok_1,posenet,49,1.982244,ok,1,direct,1.000000,15,left_ankle,1,1,2.000000,711.080000,648.800000,2.000000,710.135254,639.248474,9.598135,45.384864,1,0.089000,0.893215
MP_R_Jongkok_1,posenet,49,1.982244,ok,1,direct,1.000000,16,right_ankle,1,1,2.000000,654.770000,649.770000,2.000000,646.823669,637.330017,14.761346,45.384864,1,0.089000,0.765594
MP_R_Jongkok_1,posenet,50,2.022698,ok,1,direct,1.000000,0,nose,0,0,0.000000,0.000000,0.000000,2.000000,637.166199,366.117706,,,,0.026000,
MP_R_Jongkok_1,posenet,50,2.022698,ok,1,direct,1.000000,1,left_eye,0,0,0.000000,0.000000,0.000000,2.000000,646.764954,356.518982,,,,0.025000,
MP_R_Jongkok_1,posenet,50,2.022698,ok,1,direct,1.000000,2,right_eye,0,0,0.000000,0.000000,0.000000,2.000000,631.407043,356.518982,,,,0.025000,
MP_R_Jongkok_1,posenet,50,2.022698,ok,1,direct,1.000000,3,left_ear,0,0,0.000000,0.000000,0.000000,2.000000,672.681458,362.278198,,,,0.035000,
MP_R_Jongkok_1,posenet,50,2.022698,ok,1,direct,1.000000,4,right_ear,0,0,0.000000,0.000000,0.000000,2.000000,626.607605,361.318359,,,,0.035000,
MP_R_Jongkok_1,posenet,50,2.022698,ok,1,direct,1.000000,5,left_shoulder,1,1,2.000000,710.220000,397.620000,2.000000,704.357178,400.673035,6.610121,45.336165,1,0.079000,0.934144
MP_R_Jongkok_1,posenet,50,2.022698,ok,1,direct,1.000000,6,right_shoulder,1,1,2.000000,618.800000,398.210000,2.000000,620.848389,401.632904,3.989006,45.336165,1,0.079000,0.975496
MP_R_Jongkok_1,posenet,50,2.022698,ok,1,direct,1.000000,7,left_elbow,1,1,2.000000,683.610000,414.280000,2.000000,687.079468,415.071075,3.558512,45.336165,1,0.072000,0.976511
MP_R_Jongkok_1,posenet,50,2.022698,ok,1,direct,1.000000,8,right_elbow,1,1,2.000000,572.130000,418.730000,2.000000,609.330017,492.820587,82.905105,45.336165,0,0.072000,0.000002
MP_R_Jongkok_1,posenet,50,2.022698,ok,1,direct,1.000000,9,left_wrist,1,1,2.000000,646.630000,411.910000,2.000000,653.484009,414.111206,7.198802,45.336165,1,0.062000,0.877057
MP_R_Jongkok_1,posenet,50,2.022698,ok,1,direct,1.000000,10,right_wrist,1,1,2.000000,520.350000,415.400000,2.000000,606.450378,420.830292,86.271451,45.336165,0,0.062000,0.000000
MP_R_Jongkok_1,posenet,50,2.022698,ok,1,direct,1.000000,11,left_hip,1,1,2.000000,724.110000,528.530000,2.000000,698.597961,528.335754,25.512778,45.336165,1,0.107000,0.575102
MP_R_Jongkok_1,posenet,50,2.022698,ok,1,direct,1.000000,12,right_hip,1,1,2.000000,667.100000,532.380000,2.000000,645.805054,534.095032,21.363896,45.336165,1,0.107000,0.678472
MP_R_Jongkok_1,posenet,50,2.022698,ok,1,direct,1.000000,13,left_knee,1,1,2.000000,697.790000,553.720000,2.000000,708.196655,555.212097,10.513079,45.336165,1,0.087000,0.867544
MP_R_Jongkok_1,posenet,50,2.022698,ok,1,direct,1.000000,14,right_knee,1,1,2.000000,590.130000,554.660000,2.000000,592.052307,554.252258,1.965075,45.336165,1,0.087000,0.995048
MP_R_Jongkok_1,posenet,50,2.022698,ok,1,direct,1.000000,15,left_ankle,1,1,2.000000,711.080000,648.830000,2.000000,710.116394,639.680725,9.199879,45.336165,1,0.089000,0.901249
MP_R_Jongkok_1,posenet,50,2.022698,ok,1,direct,1.000000,16,right_ankle,1,1,2.000000,654.770000,649.800000,2.000000,646.764954,640.640564,12.164540,45.336165,1,0.089000,0.833783
MP_R_Jongkok_1,posenet,51,2.063152,ok,1,direct,1.000000,0,nose,0,0,0.000000,0.000000,0.000000,2.000000,635.450928,364.865204,,,,0.026000,
MP_R_Jongkok_1,posenet,51,2.063152,ok,1,direct,1.000000,1,left_eye,0,0,0.000000,0.000000,0.000000,2.000000,645.962219,357.181885,,,,0.025000,
MP_R_Jongkok_1,posenet,51,2.063152,ok,1,direct,1.000000,2,right_eye,0,0,0.000000,0.000000,0.000000,2.000000,631.628601,356.221466,,,,0.025000,
MP_R_Jongkok_1,posenet,51,2.063152,ok,1,direct,1.000000,3,left_ear,0,0,0.000000,0.000000,0.000000,2.000000,672.718262,361.983948,,,,0.035000,
MP_R_Jongkok_1,posenet,51,2.063152,ok,1,direct,1.000000,4,right_ear,0,0,0.000000,0.000000,0.000000,2.000000,627.806335,361.983948,,,,0.035000,
MP_R_Jongkok_1,posenet,51,2.063152,ok,1,direct,1.000000,5,left_shoulder,1,1,2.000000,710.830000,397.870000,2.000000,707.118835,397.519196,3.727708,45.287464,1,0.079000,0.978522
MP_R_Jongkok_1,posenet,51,2.063152,ok,1,direct,1.000000,6,right_shoulder,1,1,2.000000,620.010000,398.190000,2.000000,624.939636,403.281708,7.087087,45.287464,1,0.079000,0.924521
MP_R_Jongkok_1,posenet,51,2.063152,ok,1,direct,1.000000,7,left_elbow,1,1,2.000000,684.640000,414.550000,2.000000,686.096191,415.767059,1.897822,45.287464,1,0.072000,0.993248
MP_R_Jongkok_1,posenet,51,2.063152,ok,1,direct,1.000000,8,right_elbow,1,1,2.000000,573.040000,418.910000,2.000000,614.428345,495.481354,87.041182,45.287464,0,0.072000,0.000001
MP_R_Jongkok_1,posenet,51,2.063152,ok,1,direct,1.000000,9,left_wrist,1,1,2.000000,646.890000,411.240000,2.000000,650.740051,411.925415,3.910587,45.287464,1,0.062000,0.961948
MP_R_Jongkok_1,posenet,51,2.063152,ok,1,direct,1.000000,10,right_wrist,1,1,2.000000,520.890000,415.310000,2.000000,607.739380,421.529541,87.071795,45.287464,0,0.062000,0.000000
MP_R_Jongkok_1,posenet,51,2.063152,ok,1,direct,1.000000,11,left_hip,1,1,2.000000,724.390000,528.410000,2.000000,700.429810,528.135376,23.961764,45.287464,1,0.107000,0.613215
MP_R_Jongkok_1,posenet,51,2.063152,ok,1,direct,1.000000,12,right_hip,1,1,2.000000,667.480000,532.580000,2.000000,646.917786,531.976990,20.571054,45.287464,1,0.107000,0.697377
MP_R_Jongkok_1,posenet,51,2.063152,ok,1,direct,1.000000,13,left_knee,1,1,2.000000,697.960000,553.490000,2.000000,708.074341,555.987305,10.418081,45.287464,1,0.087000,0.869503
MP_R_Jongkok_1,posenet,51,2.063152,ok,1,direct,1.000000,14,right_knee,1,1,2.000000,590.300000,554.350000,2.000000,589.583496,552.145691,2.317834,45.287464,1,0.087000,0.993102
MP_R_Jongkok_1,posenet,51,2.063152,ok,1,direct,1.000000,15,left_ankle,1,1,2.000000,711.080000,648.850000,2.000000,709.985535,637.622437,11.280782,45.287464,1,0.089000,0.854990
MP_R_Jongkok_1,posenet,51,2.063152,ok,1,direct,1.000000,16,right_ankle,1,1,2.000000,654.770000,649.830000,2.000000,647.873352,640.503662,11.599325,45.287464,1,0.089000,0.847353
MP_R_Jongkok_1,posenet,52,2.103606,ok,1,direct,1.000000,0,nose,0,0,0.000000,0.000000,0.000000,2.000000,636.670471,364.872345,,,,0.026000,
MP_R_Jongkok_1,posenet,52,2.103606,ok,1,direct,1.000000,1,left_eye,0,0,0.000000,0.000000,0.000000,2.000000,647.213562,357.198151,,,,0.025000,
MP_R_Jongkok_1,posenet,52,2.103606,ok,1,direct,1.000000,2,right_eye,0,0,0.000000,0.000000,0.000000,2.000000,630.919617,357.198151,,,,0.025000,
MP_R_Jongkok_1,posenet,52,2.103606,ok,1,direct,1.000000,3,left_ear,0,0,0.000000,0.000000,0.000000,2.000000,673.092224,362.953827,,,,0.035000,
MP_R_Jongkok_1,posenet,52,2.103606,ok,1,direct,1.000000,4,right_ear,0,0,0.000000,0.000000,0.000000,2.000000,628.044250,362.953827,,,,0.035000,
MP_R_Jongkok_1,posenet,52,2.103606,ok,1,direct,1.000000,5,left_shoulder,1,1,2.000000,711.440000,398.120000,2.000000,706.638672,398.446991,4.812450,45.236750,1,0.079000,0.964382
MP_R_Jongkok_1,posenet,52,2.103606,ok,1,direct,1.000000,6,right_shoulder,1,1,2.000000,621.210000,398.160000,2.000000,623.251892,404.202637,6.378306,45.236750,1,0.079000,0.938278
MP_R_Jongkok_1,posenet,52,2.103606,ok,1,direct,1.000000,7,left_elbow,1,1,2.000000,685.670000,414.820000,2.000000,681.718445,416.673218,4.364539,45.236750,1,0.072000,0.964724
MP_R_Jongkok_1,posenet,52,2.103606,ok,1,direct,1.000000,8,right_elbow,1,1,2.000000,573.960000,419.090000,2.000000,589.705444,432.021576,20.375099,45.236750,1,0.072000,0.457181
MP_R_Jongkok_1,posenet,52,2.103606,ok,1,direct,1.000000,9,left_wrist,1,1,2.000000,647.150000,410.570000,2.000000,650.088989,412.836090,3.711175,45.236750,1,0.062000,0.965588
MP_R_Jongkok_1,posenet,52,2.103606,ok,1,direct,1.000000,10,right_wrist,1,1,2.000000,521.440000,415.230000,2.000000,604.082520,421.469574,82.877731,45.236750,0,0.062000,0.000000
MP_R_Jongkok_1,posenet,52,2.103606,ok,1,direct,1.000000,11,left_hip,1,1,2.000000,724.670000,528.280000,2.000000,700.887878,527.949097,23.784424,45.236750,1,0.107000,0.616986
MP_R_Jongkok_1,posenet,52,2.103606,ok,1,direct,1.000000,12,right_hip,1,1,2.000000,667.870000,532.780000,2.000000,646.255127,530.826904,21.702933,45.236750,1,0.107000,0.668925
MP_R_Jongkok_1,posenet,52,2.103606,ok,1,direct,1.000000,13,left_knee,1,1,2.000000,698.130000,553.260000,2.000000,707.597168,556.727295,10.082133,45.236750,1,0.087000,0.876995
MP_R_Jongkok_1,posenet,52,2.103606,ok,1,direct,1.000000,14,right_knee,1,1,2.000000,590.470000,554.040000,2.000000,590.663940,551.930969,2.117929,45.236750,1,0.087000,0.994225
MP_R_Jongkok_1,posenet,52,2.103606,ok,1,direct,1.000000,15,left_ankle,1,1,2.000000,711.080000,648.880000,2.000000,709.514099,638.265625,10.729259,45.236750,1,0.089000,0.867588
MP_R_Jongkok_1,posenet,52,2.103606,ok,1,direct,1.000000,16,right_ankle,1,1,2.000000,654.770000,649.850000,2.000000,648.172058,641.143433,10.924155,45.236750,1,0.089000,0.863082
MP_R_Jongkok_1,posenet,53,2.144060,ok,1,direct,1.000000,0,nose,0,0,0.000000,0.000000,0.000000,2.000000,636.593445,364.243805,,,,0.026000,
MP_R_Jongkok_1,posenet,53,2.144060,ok,1,direct,1.000000,1,left_eye,0,0,0.000000,0.000000,0.000000,2.000000,646.176575,356.566650,,,,0.025000,
MP_R_Jongkok_1,posenet,53,2.144060,ok,1,direct,1.000000,2,right_eye,0,0,0.000000,0.000000,0.000000,2.000000,632.760254,356.566650,,,,0.025000,
MP_R_Jongkok_1,posenet,53,2.144060,ok,1,direct,1.000000,3,left_ear,0,0,0.000000,0.000000,0.000000,2.000000,673.009277,362.324493,,,,0.035000,
MP_R_Jongkok_1,posenet,53,2.144060,ok,1,direct,1.000000,4,right_ear,0,0,0.000000,0.000000,0.000000,2.000000,627.010376,362.324493,,,,0.035000,
MP_R_Jongkok_1,posenet,53,2.144060,ok,1,direct,1.000000,5,left_shoulder,1,1,2.000000,712.050000,398.370000,2.000000,706.550110,397.831390,5.526200,45.207588,1,0.079000,0.953243
MP_R_Jongkok_1,posenet,53,2.144060,ok,1,direct,1.000000,6,right_shoulder,1,1,2.000000,622.410000,398.140000,2.000000,623.177124,402.629669,4.554735,45.207588,1,0.079000,0.967994
MP_R_Jongkok_1,posenet,53,2.144060,ok,1,direct,1.000000,7,left_elbow,1,1,2.000000,686.690000,415.100000,2.000000,681.634094,416.064728,5.147124,45.207588,1,0.072000,0.951218
MP_R_Jongkok_1,posenet,53,2.144060,ok,1,direct,1.000000,8,right_elbow,1,1,2.000000,574.870000,419.270000,2.000000,577.178162,417.024353,3.220332,45.207588,1,0.072000,0.980613
MP_R_Jongkok_1,posenet,53,2.144060,ok,1,direct,1.000000,9,left_wrist,1,1,2.000000,647.410000,409.900000,2.000000,652.884766,411.266449,5.642716,45.207588,1,0.062000,0.922139
MP_R_Jongkok_1,posenet,53,2.144060,ok,1,direct,1.000000,10,right_wrist,1,1,2.000000,521.980000,415.150000,2.000000,601.135925,420.862946,79.361819,45.207588,0,0.062000,0.000000
MP_R_Jongkok_1,posenet,53,2.144060,ok,1,direct,1.000000,11,left_hip,1,1,2.000000,724.940000,528.160000,2.000000,704.633545,526.424011,20.380524,45.207588,1,0.107000,0.701149
MP_R_Jongkok_1,posenet,53,2.144060,ok,1,direct,1.000000,12,right_hip,1,1,2.000000,668.250000,532.980000,2.000000,646.176575,534.101257,22.101885,45.207588,1,0.107000,0.658665
MP_R_Jongkok_1,posenet,53,2.144060,ok,1,direct,1.000000,13,left_knee,1,1,2.000000,698.300000,553.030000,2.000000,706.550110,555.213440,8.534150,45.207588,1,0.087000,0.910133
MP_R_Jongkok_1,posenet,53,2.144060,ok,1,direct,1.000000,14,right_knee,1,1,2.000000,590.640000,553.720000,2.000000,591.552917,553.294128,1.007365,45.207588,1,0.087000,0.998689
MP_R_Jongkok_1,posenet,53,2.144060,ok,1,direct,1.000000,15,left_ankle,1,1,2.000000,711.080000,648.910000,2.000000,709.425049,637.743042,11.288924,45.207588,1,0.089000,0.854323
MP_R_Jongkok_1,posenet,53,2.144060,ok,1,direct,1.000000,16,right_ankle,1,1,2.000000,654.770000,649.880000,2.000000,649.051514,641.581604,10.077920,45.207588,1,0.089000,0.882075
MP_R_Jongkok_1,posenet,54,2.184514,ok,1,direct,1.000000,0,nose,0,0,0.000000,0.000000,0.000000,2.000000,635.884888,365.015717,,,,0.026000,
MP_R_Jongkok_1,posenet,54,2.184514,ok,1,direct,1.000000,1,left_eye,0,0,0.000000,0.000000,0.000000,2.000000,645.465881,354.459686,,,,0.025000,
MP_R_Jongkok_1,posenet,54,2.184514,ok,1,direct,1.000000,2,right_eye,0,0,0.000000,0.000000,0.000000,2.000000,631.094360,355.419342,,,,0.025000,
MP_R_Jongkok_1,posenet,54,2.184514,ok,1,direct,1.000000,3,left_ear,0,0,0.000000,0.000000,0.000000,2.000000,672.292725,360.217529,,,,0.035000,
MP_R_Jongkok_1,posenet,54,2.184514,ok,1,direct,1.000000,4,right_ear,0,0,0.000000,0.000000,0.000000,2.000000,628.220093,360.217529,,,,0.035000,
MP_R_Jongkok_1,posenet,54,2.184514,ok,1,direct,1.000000,5,left_shoulder,1,1,2.000000,712.660000,398.620000,2.000000,705.826294,400.522278,7.093532,45.184006,1,0.079000,0.924056
MP_R_Jongkok_1,posenet,54,2.184514,ok,1,direct,1.000000,6,right_shoulder,1,1,2.000000,623.610000,398.110000,2.000000,625.345764,401.481903,3.792441,45.184006,1,0.079000,0.977677
MP_R_Jongkok_1,posenet,54,2.184514,ok,1,direct,1.000000,7,left_elbow,1,1,2.000000,687.720000,415.370000,2.000000,678.999390,413.957214,8.834309,45.184006,1,0.072000,0.862877
MP_R_Jongkok_1,posenet,54,2.184514,ok,1,direct,1.000000,8,right_elbow,1,1,2.000000,575.790000,419.450000,2.000000,615.764709,494.566711,85.091114,45.184006,0,0.072000,0.000001
MP_R_Jongkok_1,posenet,54,2.184514,ok,1,direct,1.000000,9,left_wrist,1,1,2.000000,647.670000,409.230000,2.000000,650.256348,408.199371,2.784132,45.184006,1,0.062000,0.980440
MP_R_Jongkok_1,posenet,54,2.184514,ok,1,direct,1.000000,10,right_wrist,1,1,2.000000,522.520000,415.060000,2.000000,607.141785,416.836151,84.640423,45.184006,0,0.062000,0.000000
MP_R_Jongkok_1,posenet,54,2.184514,ok,1,direct,1.000000,11,left_hip,1,1,2.000000,725.220000,528.030000,2.000000,705.826294,522.396179,20.195439,45.184006,1,0.107000,0.705408
MP_R_Jongkok_1,posenet,54,2.184514,ok,1,direct,1.000000,12,right_hip,1,1,2.000000,668.630000,533.180000,2.000000,646.423950,529.113647,22.575293,45.184006,1,0.107000,0.646570
MP_R_Jongkok_1,posenet,54,2.184514,ok,1,direct,1.000000,13,left_knee,1,1,2.000000,698.470000,552.790000,2.000000,706.784363,555.023926,8.609242,45.184006,1,0.087000,0.908528
MP_R_Jongkok_1,posenet,54,2.184514,ok,1,direct,1.000000,14,right_knee,1,1,2.000000,590.810000,553.410000,2.000000,591.812195,552.144958,1.613916,45.184006,1,0.087000,0.996634
MP_R_Jongkok_1,posenet,54,2.184514,ok,1,direct,1.000000,15,left_ankle,1,1,2.000000,711.080000,648.940000,2.000000,709.658691,639.471863,9.574223,45.184006,1,0.089000,0.892823
MP_R_Jongkok_1,posenet,54,2.184514,ok,1,direct,1.000000,16,right_ankle,1,1,2.000000,654.770000,649.910000,2.000000,648.340149,640.431519,11.453584,45.184006,1,0.089000,0.850235
MP_R_Jongkok_1,posenet,55,2.224968,ok,1,direct,1.000000,0,nose,0,0,0.000000,0.000000,0.000000,2.000000,634.701111,363.651215,,,,0.026000,
MP_R_Jongkok_1,posenet,55,2.224968,ok,1,direct,1.000000,1,left_eye,0,0,0.000000,0.000000,0.000000,2.000000,644.287598,355.980255,,,,0.025000,
MP_R_Jongkok_1,posenet,55,2.224968,ok,1,direct,1.000000,2,right_eye,0,0,0.000000,0.000000,0.000000,2.000000,630.866455,355.021393,,,,0.025000,
MP_R_Jongkok_1,posenet,55,2.224968,ok,1,direct,1.000000,3,left_ear,0,0,0.000000,0.000000,0.000000,2.000000,672.088623,356.939148,,,,0.035000,
MP_R_Jongkok_1,posenet,55,2.224968,ok,1,direct,1.000000,4,right_ear,0,0,0.000000,0.000000,0.000000,2.000000,625.114502,356.939148,,,,0.035000,
MP_R_Jongkok_1,posenet,55,2.224968,ok,1,direct,1.000000,5,left_shoulder,1,1,2.000000,711.610000,391.710000,2.000000,700.848328,397.211578,12.086396,45.699474,1,0.079000,0.799192
MP_R_Jongkok_1,posenet,55,2.224968,ok,1,direct,1.000000,6,right_shoulder,1,1,2.000000,623.520000,391.930000,2.000000,621.279907,398.170471,6.630347,45.699474,1,0.079000,0.934768
MP_R_Jongkok_1,posenet,55,2.224968,ok,1,direct,1.000000,7,left_elbow,1,1,2.000000,687.040000,408.320000,2.000000,697.013672,417.347839,13.452733,45.699474,1,0.072000,0.715824
MP_R_Jongkok_1,posenet,55,2.224968,ok,1,direct,1.000000,8,right_elbow,1,1,2.000000,574.660000,413.180000,2.000000,608.817383,490.221802,84.274350,45.699474,0,0.072000,0.000002
MP_R_Jongkok_1,posenet,55,2.224968,ok,1,direct,1.000000,9,left_wrist,1,1,2.000000,648.290000,404.410000,2.000000,652.915527,406.800293,5.206631,45.699474,1,0.062000,0.934694
MP_R_Jongkok_1,posenet,55,2.224968,ok,1,direct,1.000000,10,right_wrist,1,1,2.000000,522.350000,409.290000,2.000000,608.817383,519.946716,140.433319,45.699474,0,0.062000,0.000000
MP_R_Jongkok_1,posenet,55,2.224968,ok,1,direct,1.000000,11,left_hip,1,1,2.000000,724.640000,521.870000,2.000000,704.682861,521.864502,19.957139,45.699474,1,0.107000,0.716664
MP_R_Jongkok_1,posenet,55,2.224968,ok,1,direct,1.000000,12,right_hip,1,1,2.000000,668.940000,526.090000,2.000000,644.287598,527.617676,24.699691,45.699474,1,0.107000,0.600317
MP_R_Jongkok_1,posenet,55,2.224968,ok,1,direct,1.000000,13,left_knee,1,1,2.000000,699.370000,552.820000,2.000000,706.600220,555.424866,7.685142,45.699474,1,0.087000,0.927998
MP_R_Jongkok_1,posenet,55,2.224968,ok,1,direct,1.000000,14,right_knee,1,1,2.000000,591.150000,553.170000,2.000000,591.561584,552.548279,0.745613,45.699474,1,0.087000,0.999297
MP_R_Jongkok_1,posenet,55,2.224968,ok,1,direct,1.000000,15,left_ankle,1,1,2.000000,711.080000,648.840000,2.000000,709.476135,639.805237,9.176019,45.699474,1,0.089000,0.903213
MP_R_Jongkok_1,posenet,55,2.224968,ok,1,direct,1.000000,16,right_ankle,1,1,2.000000,654.770000,649.810000,2.000000,647.163574,639.805237,12.567935,45.699474,1,0.089000,0.826161
MP_R_Jongkok_1,posenet,56,2.265422,ok,1,direct,1.000000,0,nose,0,0,0.000000,0.000000,0.000000,2.000000,633.442749,356.825500,,,,0.026000,
MP_R_Jongkok_1,posenet,56,2.265422,ok,1,direct,1.000000,1,left_eye,0,0,0.000000,0.000000,0.000000,2.000000,643.019653,347.235138,,,,0.025000,
MP_R_Jongkok_1,posenet,56,2.265422,ok,1,direct,1.000000,2,right_eye,0,0,0.000000,0.000000,0.000000,2.000000,629.612000,347.235138,,,,0.025000,
MP_R_Jongkok_1,posenet,56,2.265422,ok,1,direct,1.000000,3,left_ear,0,0,0.000000,0.000000,0.000000,2.000000,669.834839,349.153229,,,,0.035000,
MP_R_Jongkok_1,posenet,56,2.265422,ok,1,direct,1.000000,4,right_ear,0,0,0.000000,0.000000,0.000000,2.000000,624.823608,352.030334,,,,0.035000,
MP_R_Jongkok_1,posenet,56,2.265422,ok,1,direct,1.000000,5,left_shoulder,1,1,2.000000,710.550000,384.800000,2.000000,701.438538,386.555511,9.279039,46.252373,1,0.079000,0.878994
MP_R_Jongkok_1,posenet,56,2.265422,ok,1,direct,1.000000,6,right_shoulder,1,1,2.000000,623.420000,385.740000,2.000000,622.908203,394.227783,8.503199,46.252373,1,0.079000,0.897348
MP_R_Jongkok_1,posenet,56,2.265422,ok,1,direct,1.000000,7,left_elbow,1,1,2.000000,686.370000,401.270000,2.000000,697.607849,413.408417,16.541778,46.252373,1,0.072000,0.610504
MP_R_Jongkok_1,posenet,56,2.265422,ok,1,direct,1.000000,8,right_elbow,1,1,2.000000,573.540000,406.910000,2.000000,614.289001,487.253967,90.086815,46.252373,0,0.072000,0.000000
MP_R_Jongkok_1,posenet,56,2.265422,ok,1,direct,1.000000,9,left_wrist,1,1,2.000000,648.910000,399.600000,2.000000,651.638794,402.859070,4.250630,46.252373,1,0.062000,0.957009
MP_R_Jongkok_1,posenet,56,2.265422,ok,1,direct,1.000000,10,right_wrist,1,1,2.000000,522.180000,403.520000,2.000000,604.712097,412.449371,83.013738,46.252373,0,0.062000,0.000000
MP_R_Jongkok_1,posenet,56,2.265422,ok,1,direct,1.000000,11,left_hip,1,1,2.000000,724.060000,515.700000,2.000000,707.184692,519.861084,17.380755,46.252373,1,0.107000,0.781392
MP_R_Jongkok_1,posenet,56,2.265422,ok,1,direct,1.000000,12,right_hip,1,1,2.000000,669.250000,519.000000,2.000000,643.019653,521.779114,26.377160,46.252373,1,0.107000,0.566582
MP_R_Jongkok_1,posenet,56,2.265422,ok,1,direct,1.000000,13,left_knee,1,1,2.000000,700.280000,552.850000,2.000000,703.353943,554.386230,3.436441,46.252373,1,0.087000,0.985520
MP_R_Jongkok_1,posenet,56,2.265422,ok,1,direct,1.000000,14,right_knee,1,1,2.000000,591.490000,552.920000,2.000000,592.262146,552.468140,0.894644,46.252373,1,0.087000,0.999012
MP_R_Jongkok_1,posenet,56,2.265422,ok,1,direct,1.000000,15,left_ankle,1,1,2.000000,711.080000,648.740000,2.000000,709.100098,637.822021,11.096047,46.252373,1,0.089000,0.864748
MP_R_Jongkok_1,posenet,56,2.265422,ok,1,direct,1.000000,16,right_ankle,1,1,2.000000,654.770000,649.720000,2.000000,648.765747,639.740112,11.646854,46.252373,1,0.089000,0.852056
MP_R_Jongkok_1,posenet,57,2.305876,ok,1,direct,1.000000,0,nose,0,0,0.000000,0.000000,0.000000,2.000000,635.816284,348.535278,,,,0.026000,
MP_R_Jongkok_1,posenet,57,2.305876,ok,1,direct,1.000000,1,left_eye,0,0,0.000000,0.000000,0.000000,2.000000,645.377319,339.885986,,,,0.025000,
MP_R_Jongkok_1,posenet,57,2.305876,ok,1,direct,1.000000,2,right_eye,0,0,0.000000,0.000000,0.000000,2.000000,630.079651,339.885986,,,,0.025000,
MP_R_Jongkok_1,posenet,57,2.305876,ok,1,direct,1.000000,3,left_ear,0,0,0.000000,0.000000,0.000000,2.000000,670.236145,343.730103,,,,0.035000,
MP_R_Jongkok_1,posenet,57,2.305876,ok,1,direct,1.000000,4,right_ear,0,0,0.000000,0.000000,0.000000,2.000000,623.386841,344.691132,,,,0.035000,
MP_R_Jongkok_1,posenet,57,2.305876,ok,1,direct,1.000000,5,left_shoulder,1,1,2.000000,709.500000,377.900000,2.000000,699.875488,381.210449,10.177932,46.795488,1,0.079000,0.859336
MP_R_Jongkok_1,posenet,57,2.305876,ok,1,direct,1.000000,6,right_shoulder,1,1,2.000000,623.330000,379.560000,2.000000,614.781921,389.859772,13.384877,46.795488,1,0.079000,0.769374
MP_R_Jongkok_1,posenet,57,2.305876,ok,1,direct,1.000000,7,left_elbow,1,1,2.000000,685.700000,394.220000,2.000000,706.568176,416.768707,30.723362,46.795488,1,0.072000,0.189568
MP_R_Jongkok_1,posenet,57,2.305876,ok,1,direct,1.000000,8,right_elbow,1,1,2.000000,572.410000,400.650000,2.000000,602.352539,465.781494,71.684497,46.795488,0,0.072000,0.000117
MP_R_Jongkok_1,posenet,57,2.305876,ok,1,direct,1.000000,9,left_wrist,1,1,2.000000,649.530000,394.780000,2.000000,652.070129,402.353210,7.987852,46.795488,1,0.062000,0.859332
MP_R_Jongkok_1,posenet,57,2.305876,ok,1,direct,1.000000,10,right_wrist,1,1,2.000000,522.010000,397.750000,2.000000,613.825806,509.028076,144.266948,46.795488,0,0.062000,0.000000
MP_R_Jongkok_1,posenet,57,2.305876,ok,1,direct,1.000000,11,left_hip,1,1,2.000000,723.480000,509.540000,2.000000,699.875488,515.755249,24.409062,46.795488,1,0.107000,0.621706
MP_R_Jongkok_1,posenet,57,2.305876,ok,1,direct,1.000000,12,right_hip,1,1,2.000000,669.560000,511.910000,2.000000,638.684570,517.677368,31.409468,46.795488,1,0.107000,0.455208
MP_R_Jongkok_1,posenet,57,2.305876,ok,1,direct,1.000000,13,left_knee,1,1,2.000000,701.180000,552.870000,2.000000,703.699890,553.235657,2.546282,46.795488,1,0.087000,0.992207
MP_R_Jongkok_1,posenet,57,2.305876,ok,1,direct,1.000000,14,right_knee,1,1,2.000000,591.830000,552.680000,2.000000,590.879272,552.274658,1.033530,46.795488,1,0.087000,0.998712
MP_R_Jongkok_1,posenet,57,2.305876,ok,1,direct,1.000000,15,left_ankle,1,1,2.000000,711.080000,648.650000,2.000000,706.568176,636.845642,12.637224,46.795488,1,0.089000,0.831820
MP_R_Jongkok_1,posenet,57,2.305876,ok,1,direct,1.000000,16,right_ankle,1,1,2.000000,654.770000,649.630000,2.000000,648.245667,638.767700,12.671089,46.795488,1,0.089000,0.830999
MP_R_Jongkok_1,posenet,58,2.346330,ok,1,direct,1.000000,0,nose,0,0,0.000000,0.000000,0.000000,2.000000,633.467529,339.950775,,,,0.026000,
MP_R_Jongkok_1,posenet,58,2.346330,ok,1,direct,1.000000,1,left_eye,0,0,0.000000,0.000000,0.000000,2.000000,641.130127,329.382355,,,,0.025000,
MP_R_Jongkok_1,posenet,58,2.346330,ok,1,direct,1.000000,2,right_eye,0,0,0.000000,0.000000,0.000000,2.000000,627.720459,331.303894,,,,0.025000,
MP_R_Jongkok_1,posenet,58,2.346330,ok,1,direct,1.000000,3,left_ear,0,0,0.000000,0.000000,0.000000,2.000000,668.907227,333.225433,,,,0.035000,
MP_R_Jongkok_1,posenet,58,2.346330,ok,1,direct,1.000000,4,right_ear,0,0,0.000000,0.000000,0.000000,2.000000,622.931335,335.146973,,,,0.035000,
MP_R_Jongkok_1,posenet,58,2.346330,ok,1,direct,1.000000,5,left_shoulder,1,1,2.000000,708.450000,370.990000,2.000000,698.600037,377.420654,11.763294,47.330862,1,0.079000,0.820415
MP_R_Jongkok_1,posenet,58,2.346330,ok,1,direct,1.000000,6,right_shoulder,1,1,2.000000,623.230000,373.370000,2.000000,616.226501,385.106812,13.667543,47.330862,1,0.079000,0.765505
MP_R_Jongkok_1,posenet,58,2.346330,ok,1,direct,1.000000,7,left_elbow,1,1,2.000000,685.020000,387.180000,2.000000,712.009705,443.713531,62.645705,47.330862,0,0.072000,0.001161
MP_R_Jongkok_1,posenet,58,2.346330,ok,1,direct,1.000000,8,right_elbow,1,1,2.000000,571.290000,394.380000,2.000000,603.774658,458.125031,71.544964,47.330862,0,0.072000,0.000148
MP_R_Jongkok_1,posenet,58,2.346330,ok,1,direct,1.000000,9,left_wrist,1,1,2.000000,650.150000,389.960000,2.000000,605.690369,403.361359,46.435495,47.330862,1,0.062000,0.006685
MP_R_Jongkok_1,posenet,58,2.346330,ok,1,direct,1.000000,10,right_wrist,1,1,2.000000,521.840000,391.980000,2.000000,617.184326,509.045593,150.979779,47.330862,0,0.062000,0.000000
MP_R_Jongkok_1,posenet,58,2.346330,ok,1,direct,1.000000,11,left_hip,1,1,2.000000,722.900000,503.370000,2.000000,703.389221,510.006409,20.608552,47.330862,1,0.107000,0.718073
MP_R_Jongkok_1,posenet,58,2.346330,ok,1,direct,1.000000,12,right_hip,1,1,2.000000,669.880000,504.820000,2.000000,643.045776,514.810242,28.633555,47.330862,1,0.107000,0.527647
MP_R_Jongkok_1,posenet,58,2.346330,ok,1,direct,1.000000,13,left_knee,1,1,2.000000,702.090000,552.900000,2.000000,704.347046,553.240845,2.282637,47.330862,1,0.087000,0.993873
MP_R_Jongkok_1,posenet,58,2.346330,ok,1,direct,1.000000,14,right_knee,1,1,2.000000,592.170000,552.440000,2.000000,592.280701,552.280029,0.194539,47.330862,1,0.087000,0.999955
MP_R_Jongkok_1,posenet,58,2.346330,ok,1,direct,1.000000,15,left_ankle,1,1,2.000000,711.080000,648.550000,2.000000,708.178345,639.709778,9.304253,47.330862,1,0.089000,0.907037
MP_R_Jongkok_1,posenet,58,2.346330,ok,1,direct,1.000000,16,right_ankle,1,1,2.000000,654.770000,649.540000,2.000000,647.834961,638.749023,12.827312,47.330862,1,0.089000,0.830728
MP_R_Jongkok_1,posenet,59,2.386784,ok,1,direct,1.000000,0,nose,0,0,0.000000,0.000000,0.000000,2.000000,633.851624,332.194214,,,,0.026000,
MP_R_Jongkok_1,posenet,59,2.386784,ok,1,direct,1.000000,1,left_eye,0,0,0.000000,0.000000,0.000000,2.000000,640.548157,319.715118,,,,0.025000,
MP_R_Jongkok_1,posenet,59,2.386784,ok,1,direct,1.000000,2,right_eye,0,0,0.000000,0.000000,0.000000,2.000000,626.198425,323.554840,,,,0.025000,
MP_R_Jongkok_1,posenet,59,2.386784,ok,1,direct,1.000000,3,left_ear,0,0,0.000000,0.000000,0.000000,2.000000,669.247620,318.755219,,,,0.035000,
MP_R_Jongkok_1,posenet,59,2.386784,ok,1,direct,1.000000,4,right_ear,0,0,0.000000,0.000000,0.000000,2.000000,639.591492,322.594910,,,,0.035000,
MP_R_Jongkok_1,posenet,59,2.386784,ok,1,direct,1.000000,5,left_shoulder,1,1,2.000000,707.400000,364.080000,2.000000,703.687012,360.992065,4.829247,47.859103,1,0.079000,0.967897
MP_R_Jongkok_1,posenet,59,2.386784,ok,1,direct,1.000000,6,right_shoulder,1,1,2.000000,623.140000,367.190000,2.000000,620.458557,368.671478,3.063481,47.859103,1,0.079000,0.986955
MP_R_Jongkok_1,posenet,59,2.386784,ok,1,direct,1.000000,7,left_elbow,1,1,2.000000,684.350000,380.130000,2.000000,696.033813,384.990234,12.654382,47.859103,1,0.072000,0.763591
MP_R_Jongkok_1,posenet,59,2.386784,ok,1,direct,1.000000,8,right_elbow,1,1,2.000000,570.160000,388.110000,2.000000,577.409424,399.389191,13.407993,47.859103,1,0.072000,0.738743
MP_R_Jongkok_1,posenet,59,2.386784,ok,1,direct,1.000000,9,left_wrist,1,1,2.000000,650.770000,385.140000,2.000000,650.114624,384.990234,0.672270,47.859103,1,0.062000,0.998974
MP_R_Jongkok_1,posenet,59,2.386784,ok,1,direct,1.000000,10,right_wrist,1,1,2.000000,521.670000,386.210000,2.000000,620.458557,503.061432,153.014497,47.859103,0,0.062000,0.000000
MP_R_Jongkok_1,posenet,59,2.386784,ok,1,direct,1.000000,11,left_hip,1,1,2.000000,722.330000,497.210000,2.000000,707.513611,494.422089,15.076400,47.859103,1,0.107000,0.840842
MP_R_Jongkok_1,posenet,59,2.386784,ok,1,direct,1.000000,12,right_hip,1,1,2.000000,670.190000,497.730000,2.000000,650.114624,496.341949,20.123305,47.859103,1,0.107000,0.734299
MP_R_Jongkok_1,posenet,59,2.386784,ok,1,direct,1.000000,13,left_knee,1,1,2.000000,703.000000,552.920000,2.000000,704.643677,549.138000,4.123735,47.859103,1,0.087000,0.980574
MP_R_Jongkok_1,posenet,59,2.386784,ok,1,direct,1.000000,14,right_knee,1,1,2.000000,592.500000,552.190000,2.000000,592.715759,548.178040,4.017758,47.859103,1,0.087000,0.981550
MP_R_Jongkok_1,posenet,59,2.386784,ok,1,direct,1.000000,15,left_ankle,1,1,2.000000,711.080000,648.460000,2.000000,707.513611,637.451416,11.571865,47.859103,1,0.089000,0.862764
MP_R_Jongkok_1,posenet,59,2.386784,ok,1,direct,1.000000,16,right_ankle,1,1,2.000000,654.770000,649.450000,2.000000,649.158020,642.251038,9.127945,47.859103,1,0.089000,0.912244
MP_R_Jongkok_1,posenet,60,2.427238,ok,1,direct,1.000000,0,nose,0,0,0.000000,0.000000,0.000000,2.000000,633.357727,320.550049,,,,0.026000,
MP_R_Jongkok_1,posenet,60,2.427238,ok,1,direct,1.000000,1,left_eye,0,0,0.000000,0.000000,0.000000,2.000000,641.964417,310.952271,,,,0.025000,
MP_R_Jongkok_1,posenet,60,2.427238,ok,1,direct,1.000000,2,right_eye,0,0,0.000000,0.000000,0.000000,2.000000,628.576233,311.912048,,,,0.025000,
MP_R_Jongkok_1,posenet,60,2.427238,ok,1,direct,1.000000,3,left_ear,0,0,0.000000,0.000000,0.000000,2.000000,668.740967,312.871826,,,,0.035000,
MP_R_Jongkok_1,posenet,60,2.427238,ok,1,direct,1.000000,4,right_ear,0,0,0.000000,0.000000,0.000000,2.000000,622.838379,313.831604,,,,0.035000,
MP_R_Jongkok_1,posenet,60,2.427238,ok,1,direct,1.000000,5,left_shoulder,1,1,2.000000,706.340000,357.170000,2.000000,699.342651,353.182495,8.053762,48.378114,1,0.079000,0.915017
MP_R_Jongkok_1,posenet,60,2.427238,ok,1,direct,1.000000,6,right_shoulder,1,1,2.000000,623.040000,361.000000,2.000000,624.751038,359.900940,2.033613,48.378114,1,0.079000,0.994353
MP_R_Jongkok_1,posenet,60,2.427238,ok,1,direct,1.000000,7,left_elbow,1,1,2.000000,683.680000,373.080000,2.000000,692.648499,381.975830,12.632092,48.378114,1,0.072000,0.768713
MP_R_Jongkok_1,posenet,60,2.427238,ok,1,direct,1.000000,8,right_elbow,1,1,2.000000,569.040000,381.840000,2.000000,575.979553,384.855164,7.566281,48.378114,1,0.072000,0.909946
MP_R_Jongkok_1,posenet,60,2.427238,ok,1,direct,1.000000,9,left_wrist,1,1,2.000000,651.390000,380.330000,2.000000,652.483826,382.935608,2.825889,48.378114,1,0.062000,0.982404
MP_R_Jongkok_1,posenet,60,2.427238,ok,1,direct,1.000000,10,right_wrist,1,1,2.000000,521.500000,380.430000,2.000000,614.231628,390.613831,93.289149,48.378114,0,0.062000,0.000000
MP_R_Jongkok_1,posenet,60,2.427238,ok,1,direct,1.000000,11,left_hip,1,1,2.000000,721.750000,491.040000,2.000000,711.774536,485.631836,11.347163,48.378114,1,0.107000,0.908370
MP_R_Jongkok_1,posenet,60,2.427238,ok,1,direct,1.000000,12,right_hip,1,1,2.000000,670.500000,490.640000,2.000000,658.221619,489.470947,12.333910,48.378114,1,0.107000,0.892664
MP_R_Jongkok_1,posenet,60,2.427238,ok,1,direct,1.000000,13,left_knee,1,1,2.000000,703.900000,552.950000,2.000000,705.080444,546.097839,6.953097,48.378114,1,0.087000,0.946881
MP_R_Jongkok_1,posenet,60,2.427238,ok,1,direct,1.000000,14,right_knee,1,1,2.000000,592.840000,551.950000,2.000000,592.236755,546.097839,5.883170,48.378114,1,0.087000,0.961677
MP_R_Jongkok_1,posenet,60,2.427238,ok,1,direct,1.000000,15,left_ankle,1,1,2.000000,711.080000,648.360000,2.000000,708.905640,638.236511,10.354365,48.378114,1,0.089000,0.890774
MP_R_Jongkok_1,posenet,60,2.427238,ok,1,direct,1.000000,16,right_ankle,1,1,2.000000,654.770000,649.360000,2.000000,648.658569,639.196228,11.859673,48.378114,1,0.089000,0.859212
MP_R_Jongkok_1,posenet,61,2.467692,ok,1,direct,1.000000,0,nose,0,0,0.000000,0.000000,0.000000,2.000000,635.114319,304.196808,,,,0.026000,
MP_R_Jongkok_1,posenet,61,2.467692,ok,1,direct,1.000000,1,left_eye,0,0,0.000000,0.000000,0.000000,2.000000,644.691895,294.592834,,,,0.025000,
MP_R_Jongkok_1,posenet,61,2.467692,ok,1,direct,1.000000,2,right_eye,0,0,0.000000,0.000000,0.000000,2.000000,629.367798,294.592834,,,,0.025000,
MP_R_Jongkok_1,posenet,61,2.467692,ok,1,direct,1.000000,3,left_ear,0,0,0.000000,0.000000,0.000000,2.000000,668.635803,297.474030,,,,0.035000,
MP_R_Jongkok_1,posenet,61,2.467692,ok,1,direct,1.000000,4,right_ear,0,0,0.000000,0.000000,0.000000,2.000000,624.579041,299.394806,,,,0.035000,
MP_R_Jongkok_1,posenet,61,2.467692,ok,1,direct,1.000000,5,left_shoulder,1,1,2.000000,704.010000,343.600000,2.000000,699.283936,341.652313,5.111670,49.412242,1,0.079000,0.966286
MP_R_Jongkok_1,posenet,61,2.467692,ok,1,direct,1.000000,6,right_shoulder,1,1,2.000000,623.040000,350.350000,2.000000,624.579041,344.533478,6.016691,49.412242,1,0.079000,0.953597
MP_R_Jongkok_1,posenet,61,2.467692,ok,1,direct,1.000000,7,left_elbow,1,1,2.000000,682.950000,366.730000,2.000000,685.875366,369.503815,4.031354,49.412242,1,0.072000,0.974647
MP_R_Jongkok_1,posenet,61,2.467692,ok,1,direct,1.000000,8,right_elbow,1,1,2.000000,570.500000,372.940000,2.000000,592.015320,383.909760,24.150458,49.412242,1,0.072000,0.397878
MP_R_Jongkok_1,posenet,61,2.467692,ok,1,direct,1.000000,9,left_wrist,1,1,2.000000,651.170000,377.850000,2.000000,649.480652,376.226624,2.342914,49.412242,1,0.062000,0.988371
MP_R_Jongkok_1,posenet,61,2.467692,ok,1,direct,1.000000,10,right_wrist,1,1,2.000000,521.210000,375.330000,2.000000,648.522888,374.305817,127.317008,49.412242,0,0.062000,0.000000
MP_R_Jongkok_1,posenet,61,2.467692,ok,1,direct,1.000000,11,left_hip,1,1,2.000000,720.900000,480.320000,2.000000,710.777039,477.068329,10.632390,49.412242,1,0.107000,0.922302
MP_R_Jongkok_1,posenet,61,2.467692,ok,1,direct,1.000000,12,right_hip,1,1,2.000000,668.550000,480.670000,2.000000,659.058228,478.028717,9.852417,49.412242,1,0.107000,0.932906
MP_R_Jongkok_1,posenet,61,2.467692,ok,1,direct,1.000000,13,left_knee,1,1,2.000000,704.830000,550.330000,2.000000,706.945984,549.098145,2.448439,49.412242,1,0.087000,0.993533
MP_R_Jongkok_1,posenet,61,2.467692,ok,1,direct,1.000000,14,right_knee,1,1,2.000000,594.110000,549.080000,2.000000,593.930786,546.216858,2.868745,49.412242,1,0.087000,0.991133
MP_R_Jongkok_1,posenet,61,2.467692,ok,1,direct,1.000000,15,left_ankle,1,1,2.000000,711.080000,648.270000,2.000000,709.819275,639.375427,8.983477,49.412242,1,0.089000,0.919929
MP_R_Jongkok_1,posenet,61,2.467692,ok,1,direct,1.000000,16,right_ankle,1,1,2.000000,654.770000,649.270000,2.000000,650.438416,642.256653,8.243159,49.412242,1,0.089000,0.932142
MP_R_Jongkok_1,posenet,62,2.508146,ok,1,direct,1.000000,0,nose,0,0,0.000000,0.000000,0.000000,2.000000,629.004333,286.370667,,,,0.026000,
MP_R_Jongkok_1,posenet,62,2.508146,ok,1,direct,1.000000,1,left_eye,0,0,0.000000,0.000000,0.000000,2.000000,638.570496,276.759979,,,,0.025000,
MP_R_Jongkok_1,posenet,62,2.508146,ok,1,direct,1.000000,2,right_eye,0,0,0.000000,0.000000,0.000000,2.000000,626.134460,277.721069,,,,0.025000,
MP_R_Jongkok_1,posenet,62,2.508146,ok,1,direct,1.000000,3,left_ear,0,0,0.000000,0.000000,0.000000,2.000000,667.268982,283.487457,,,,0.035000,
MP_R_Jongkok_1,posenet,62,2.508146,ok,1,direct,1.000000,4,right_ear,0,0,0.000000,0.000000,0.000000,2.000000,627.091064,284.448547,,,,0.035000,
MP_R_Jongkok_1,posenet,62,2.508146,ok,1,direct,1.000000,5,left_shoulder,1,1,2.000000,701.670000,330.020000,2.000000,698.837280,331.540894,3.215186,50.421235,1,0.079000,0.987054
MP_R_Jongkok_1,posenet,62,2.508146,ok,1,direct,1.000000,6,right_shoulder,1,1,2.000000,623.040000,339.690000,2.000000,630.917603,340.190521,7.893487,50.421235,1,0.079000,0.924466
MP_R_Jongkok_1,posenet,62,2.508146,ok,1,direct,1.000000,7,left_elbow,1,1,2.000000,682.220000,360.380000,2.000000,648.136597,372.866821,36.298748,50.421235,1,0.072000,0.135403
MP_R_Jongkok_1,posenet,62,2.508146,ok,1,direct,1.000000,8,right_elbow,1,1,2.000000,571.960000,364.030000,2.000000,598.392639,382.477539,32.233463,50.421235,1,0.072000,0.206654
MP_R_Jongkok_1,posenet,62,2.508146,ok,1,direct,1.000000,9,left_wrist,1,1,2.000000,650.950000,375.360000,2.000000,640.483704,375.750061,10.473562,50.421235,1,0.062000,0.798919
MP_R_Jongkok_1,posenet,62,2.508146,ok,1,direct,1.000000,10,right_wrist,1,1,2.000000,520.920000,370.220000,2.000000,654.832947,369.022583,133.918300,50.421235,0,0.062000,0.000000
MP_R_Jongkok_1,posenet,62,2.508146,ok,1,direct,1.000000,11,left_hip,1,1,2.000000,720.060000,469.590000,2.000000,713.186523,471.856934,7.237656,50.421235,1,0.107000,0.964646
MP_R_Jongkok_1,posenet,62,2.508146,ok,1,direct,1.000000,12,right_hip,1,1,2.000000,666.610000,470.710000,2.000000,657.702759,473.779053,9.421148,50.421235,1,0.107000,0.940835
MP_R_Jongkok_1,posenet,62,2.508146,ok,1,direct,1.000000,13,left_knee,1,1,2.000000,705.760000,547.710000,2.000000,707.446838,544.898193,3.278975,50.421235,1,0.087000,0.988887
MP_R_Jongkok_1,posenet,62,2.508146,ok,1,direct,1.000000,14,right_knee,1,1,2.000000,595.380000,546.210000,2.000000,594.566101,543.937134,2.414198,50.421235,1,0.087000,0.993961
MP_R_Jongkok_1,posenet,62,2.508146,ok,1,direct,1.000000,15,left_ankle,1,1,2.000000,711.080000,648.170000,2.000000,710.316650,637.160767,11.035666,50.421235,1,0.089000,0.886075
MP_R_Jongkok_1,posenet,62,2.508146,ok,1,direct,1.000000,16,right_ankle,1,1,2.000000,654.770000,649.180000,2.000000,651.006470,641.966125,8.136593,50.421235,1,0.089000,0.936363
MP_R_Jongkok_1,posenet,63,2.548600,ok,1,direct,1.000000,0,nose,0,0,0.000000,0.000000,0.000000,2.000000,633.669556,277.551300,,,,0.026000,
MP_R_Jongkok_1,posenet,63,2.548600,ok,1,direct,1.000000,1,left_eye,0,0,0.000000,0.000000,0.000000,2.000000,644.202942,264.106720,,,,0.025000,
MP_R_Jongkok_1,posenet,63,2.548600,ok,1,direct,1.000000,2,right_eye,0,0,0.000000,0.000000,0.000000,2.000000,627.924011,266.027374,,,,0.025000,
MP_R_Jongkok_1,posenet,63,2.548600,ok,1,direct,1.000000,3,left_ear,0,0,0.000000,0.000000,0.000000,2.000000,667.184998,269.868683,,,,0.035000,
MP_R_Jongkok_1,posenet,63,2.548600,ok,1,direct,1.000000,4,right_ear,0,0,0.000000,0.000000,0.000000,2.000000,624.093689,271.789337,,,,0.035000,
MP_R_Jongkok_1,posenet,63,2.548600,ok,1,direct,1.000000,5,left_shoulder,1,1,2.000000,699.330000,316.440000,2.000000,694.954895,318.845306,4.992699,51.403361,1,0.079000,0.970221
MP_R_Jongkok_1,posenet,63,2.548600,ok,1,direct,1.000000,6,right_shoulder,1,1,2.000000,623.040000,329.030000,2.000000,608.772339,314.043671,20.691936,51.403361,1,0.079000,0.594953
MP_R_Jongkok_1,posenet,63,2.548600,ok,1,direct,1.000000,7,left_elbow,1,1,2.000000,681.490000,354.030000,2.000000,669.100159,362.059967,14.764435,51.403361,1,0.072000,0.727396
MP_R_Jongkok_1,posenet,63,2.548600,ok,1,direct,1.000000,8,right_elbow,1,1,2.000000,573.420000,355.130000,2.000000,608.772339,380.306183,43.400784,51.403361,1,0.072000,0.063910
MP_R_Jongkok_1,posenet,63,2.548600,ok,1,direct,1.000000,9,left_wrist,1,1,2.000000,650.740000,372.880000,2.000000,648.033264,371.663239,2.967647,51.403361,1,0.062000,0.982808
MP_R_Jongkok_1,posenet,63,2.548600,ok,1,direct,1.000000,10,right_wrist,1,1,2.000000,520.630000,365.110000,2.000000,654.736389,363.980591,134.111145,51.403361,0,0.062000,0.000000
MP_R_Jongkok_1,posenet,63,2.548600,ok,1,direct,1.000000,11,left_hip,1,1,2.000000,719.210000,458.870000,2.000000,712.191406,458.092560,7.061520,51.403361,1,0.107000,0.967571
MP_R_Jongkok_1,posenet,63,2.548600,ok,1,direct,1.000000,12,right_hip,1,1,2.000000,664.670000,460.740000,2.000000,657.609131,460.013184,7.098178,51.403361,1,0.107000,0.967239
MP_R_Jongkok_1,posenet,63,2.548600,ok,1,direct,1.000000,13,left_knee,1,1,2.000000,706.690000,545.100000,2.000000,709.318604,548.363220,4.190246,51.403361,1,0.087000,0.982595
MP_R_Jongkok_1,posenet,63,2.548600,ok,1,direct,1.000000,14,right_knee,1,1,2.000000,596.640000,543.330000,2.000000,597.281311,539.720276,3.666250,51.403361,1,0.087000,0.986648
MP_R_Jongkok_1,posenet,63,2.548600,ok,1,direct,1.000000,15,left_ankle,1,1,2.000000,711.080000,648.080000,2.000000,709.318604,637.673462,10.554551,51.403361,1,0.089000,0.899020
MP_R_Jongkok_1,posenet,63,2.548600,ok,1,direct,1.000000,16,right_ankle,1,1,2.000000,654.770000,649.090000,2.000000,651.863647,640.554504,9.016738,51.403361,1,0.089000,0.925251
MP_R_Jongkok_1,posenet,64,2.589054,ok,1,direct,1.000000,0,nose,0,0,0.000000,0.000000,0.000000,2.000000,629.458191,260.108612,,,,0.026000,
MP_R_Jongkok_1,posenet,64,2.589054,ok,1,direct,1.000000,1,left_eye,0,0,0.000000,0.000000,0.000000,2.000000,639.030396,250.513016,,,,0.025000,
MP_R_Jongkok_1,posenet,64,2.589054,ok,1,direct,1.000000,2,right_eye,0,0,0.000000,0.000000,0.000000,2.000000,623.714844,251.472565,,,,0.025000,
MP_R_Jongkok_1,posenet,64,2.589054,ok,1,direct,1.000000,3,left_ear,0,0,0.000000,0.000000,0.000000,2.000000,663.918152,252.432144,,,,0.035000,
MP_R_Jongkok_1,posenet,64,2.589054,ok,1,direct,1.000000,4,right_ear,0,0,0.000000,0.000000,0.000000,2.000000,619.885925,259.149048,,,,0.035000,
MP_R_Jongkok_1,posenet,64,2.589054,ok,1,direct,1.000000,5,left_shoulder,1,1,2.000000,697.000000,302.870000,2.000000,693.591980,302.329254,3.450653,52.363188,1,0.079000,0.986180
MP_R_Jongkok_1,posenet,64,2.589054,ok,1,direct,1.000000,6,right_shoulder,1,1,2.000000,623.040000,318.380000,2.000000,625.629272,307.127075,11.546976,52.363188,1,0.079000,0.855702
MP_R_Jongkok_1,posenet,64,2.589054,ok,1,direct,1.000000,7,left_elbow,1,1,2.000000,680.760000,347.680000,2.000000,679.233704,344.549927,3.482376,52.363188,1,0.072000,0.983081
MP_R_Jongkok_1,posenet,64,2.589054,ok,1,direct,1.000000,8,right_elbow,1,1,2.000000,574.880000,346.220000,2.000000,613.185364,372.377197,46.384263,52.363188,1,0.072000,0.048447
MP_R_Jongkok_1,posenet,64,2.589054,ok,1,direct,1.000000,9,left_wrist,1,1,2.000000,650.520000,370.400000,2.000000,653.388672,363.741150,7.250487,52.363188,1,0.062000,0.905060
MP_R_Jongkok_1,posenet,64,2.589054,ok,1,direct,1.000000,10,right_wrist,1,1,2.000000,520.330000,360.000000,2.000000,661.046448,355.105103,140.801558,52.363188,0,0.062000,0.000000
MP_R_Jongkok_1,posenet,64,2.589054,ok,1,direct,1.000000,11,left_hip,1,1,2.000000,718.370000,448.140000,2.000000,713.693665,454.899414,8.219355,52.363188,1,0.107000,0.957872
MP_R_Jongkok_1,posenet,64,2.589054,ok,1,direct,1.000000,12,right_hip,1,1,2.000000,662.730000,450.770000,2.000000,653.388672,455.858917,10.637551,52.363188,1,0.107000,0.930444
MP_R_Jongkok_1,posenet,64,2.589054,ok,1,direct,1.000000,13,left_knee,1,1,2.000000,707.620000,542.480000,2.000000,709.864807,545.098083,3.448698,52.363188,1,0.087000,0.988604
MP_R_Jongkok_1,posenet,64,2.589054,ok,1,direct,1.000000,14,right_knee,1,1,2.000000,597.910000,540.460000,2.000000,598.827026,537.421631,3.173740,52.363188,1,0.087000,0.990340
MP_R_Jongkok_1,posenet,64,2.589054,ok,1,direct,1.000000,15,left_ankle,1,1,2.000000,711.080000,647.980000,2.000000,709.864807,636.256287,11.786524,52.363188,1,0.089000,0.879916
MP_R_Jongkok_1,posenet,64,2.589054,ok,1,direct,1.000000,16,right_ankle,1,1,2.000000,654.770000,649.000000,2.000000,652.431519,638.175415,11.074301,52.363188,1,0.089000,0.893208
MP_R_Jongkok_1,posenet,65,2.629508,ok,1,direct,1.000000,0,nose,0,0,0.000000,0.000000,0.000000,2.000000,634.552734,242.456940,,,,0.026000,
MP_R_Jongkok_1,posenet,65,2.629508,ok,1,direct,1.000000,1,left_eye,0,0,0.000000,0.000000,0.000000,2.000000,644.151733,231.889359,,,,0.025000,
MP_R_Jongkok_1,posenet,65,2.629508,ok,1,direct,1.000000,2,right_eye,0,0,0.000000,0.000000,0.000000,2.000000,628.793335,232.850037,,,,0.025000,
MP_R_Jongkok_1,posenet,65,2.629508,ok,1,direct,1.000000,3,left_ear,0,0,0.000000,0.000000,0.000000,2.000000,667.189331,239.574875,,,,0.035000,
MP_R_Jongkok_1,posenet,65,2.629508,ok,1,direct,1.000000,4,right_ear,0,0,0.000000,0.000000,0.000000,2.000000,629.753174,240.535568,,,,0.035000,
MP_R_Jongkok_1,posenet,65,2.629508,ok,1,direct,1.000000,5,left_shoulder,1,1,2.000000,694.660000,289.290000,2.000000,691.186829,290.491486,3.675117,53.298314,1,0.079000,0.984879
MP_R_Jongkok_1,posenet,65,2.629508,ok,1,direct,1.000000,6,right_shoulder,1,1,2.000000,623.040000,307.720000,2.000000,630.713135,301.059082,10.160946,53.298314,1,0.079000,0.890056
MP_R_Jongkok_1,posenet,65,2.629508,ok,1,direct,1.000000,7,left_elbow,1,1,2.000000,680.030000,341.330000,2.000000,682.547729,337.565308,4.529003,53.298314,1,0.072000,0.972527
MP_R_Jongkok_1,posenet,65,2.629508,ok,1,direct,1.000000,8,right_elbow,1,1,2.000000,576.340000,337.320000,2.000000,611.515137,371.189484,48.830648,53.298314,1,0.072000,0.039229
MP_R_Jongkok_1,posenet,65,2.629508,ok,1,direct,1.000000,9,left_wrist,1,1,2.000000,650.300000,367.920000,2.000000,655.670471,362.543243,7.599439,53.298314,1,0.062000,0.899627
MP_R_Jongkok_1,posenet,65,2.629508,ok,1,direct,1.000000,10,right_wrist,1,1,2.000000,520.040000,354.890000,2.000000,627.833435,369.268127,108.748127,53.298314,0,0.062000,0.000000
MP_R_Jongkok_1,posenet,65,2.629508,ok,1,direct,1.000000,11,left_hip,1,1,2.000000,717.520000,437.420000,2.000000,710.384766,448.044708,12.798281,53.298314,1,0.107000,0.904181
MP_R_Jongkok_1,posenet,65,2.629508,ok,1,direct,1.000000,12,right_hip,1,1,2.000000,660.790000,440.810000,2.000000,650.871033,449.005402,12.866644,53.298314,1,0.107000,0.903206
MP_R_Jongkok_1,posenet,65,2.629508,ok,1,direct,1.000000,13,left_knee,1,1,2.000000,708.550000,539.860000,2.000000,708.464966,534.506897,5.353778,53.298314,1,0.087000,0.973691
MP_R_Jongkok_1,posenet,65,2.629508,ok,1,direct,1.000000,14,right_knee,1,1,2.000000,599.180000,537.590000,2.000000,598.076538,527.782043,9.869835,53.298314,1,0.087000,0.913372
MP_R_Jongkok_1,posenet,65,2.629508,ok,1,direct,1.000000,15,left_ankle,1,1,2.000000,711.080000,647.890000,2.000000,709.424866,636.340088,11.667902,53.298314,1,0.089000,0.886028
MP_R_Jongkok_1,posenet,65,2.629508,ok,1,direct,1.000000,16,right_ankle,1,1,2.000000,654.770000,648.910000,2.000000,650.871033,638.261475,11.339887,53.298314,1,0.089000,0.891992
MP_R_Jongkok_1,posenet,66,2.669962,ok,1,direct,1.000000,0,nose,0,0,0.000000,0.000000,0.000000,2.000000,633.438171,230.511337,,,,0.026000,
MP_R_Jongkok_1,posenet,66,2.669962,ok,1,direct,1.000000,1,left_eye,0,0,0.000000,0.000000,0.000000,2.000000,641.101624,218.991898,,,,0.025000,
MP_R_Jongkok_1,posenet,66,2.669962,ok,1,direct,1.000000,2,right_eye,0,0,0.000000,0.000000,0.000000,2.000000,627.690552,220.911804,,,,0.025000,
MP_R_Jongkok_1,posenet,66,2.669962,ok,1,direct,1.000000,3,left_ear,0,0,0.000000,0.000000,0.000000,2.000000,666.965759,229.551392,,,,0.035000,
MP_R_Jongkok_1,posenet,66,2.669962,ok,1,direct,1.000000,4,right_ear,0,0,0.000000,0.000000,0.000000,2.000000,624.816711,229.551392,,,,0.035000,
MP_R_Jongkok_1,posenet,66,2.669962,ok,1,direct,1.000000,5,left_shoulder,1,1,2.000000,696.580000,281.510000,2.000000,691.872009,281.388885,4.709548,52.790666,1,0.079000,0.974818
MP_R_Jongkok_1,posenet,66,2.669962,ok,1,direct,1.000000,6,right_shoulder,1,1,2.000000,621.000000,297.450000,2.000000,619.069153,290.028473,7.668588,52.790666,1,0.079000,0.934613
MP_R_Jongkok_1,posenet,66,2.669962,ok,1,direct,1.000000,7,left_elbow,1,1,2.000000,682.970000,334.080000,2.000000,677.503052,334.186340,5.467982,52.790666,1,0.072000,0.959454
MP_R_Jongkok_1,posenet,66,2.669962,ok,1,direct,1.000000,8,right_elbow,1,1,2.000000,577.130000,330.020000,2.000000,610.447754,362.984955,46.869617,52.790666,1,0.072000,0.047781
MP_R_Jongkok_1,posenet,66,2.669962,ok,1,direct,1.000000,9,left_wrist,1,1,2.000000,653.690000,365.520000,2.000000,655.470581,360.105072,5.700168,52.790666,1,0.062000,0.941142
MP_R_Jongkok_1,posenet,66,2.669962,ok,1,direct,1.000000,10,right_wrist,1,1,2.000000,524.680000,351.770000,2.000000,666.007812,344.745819,141.502260,52.790666,0,0.062000,0.000000
MP_R_Jongkok_1,posenet,66,2.669962,ok,1,direct,1.000000,11,left_hip,1,1,2.000000,714.360000,430.460000,2.000000,711.030701,437.861359,8.115685,52.790666,1,0.107000,0.959555
MP_R_Jongkok_1,posenet,66,2.669962,ok,1,direct,1.000000,12,right_hip,1,1,2.000000,659.540000,434.120000,2.000000,649.722961,439.781281,11.332446,52.790666,1,0.107000,0.922655
MP_R_Jongkok_1,posenet,66,2.669962,ok,1,direct,1.000000,13,left_knee,1,1,2.000000,708.550000,538.250000,2.000000,708.156860,535.776611,2.504438,52.790666,1,0.087000,0.994071
MP_R_Jongkok_1,posenet,66,2.669962,ok,1,direct,1.000000,14,right_knee,1,1,2.000000,603.590000,535.500000,2.000000,599.910522,527.137024,9.136625,52.790666,1,0.087000,0.923902
MP_R_Jongkok_1,posenet,66,2.669962,ok,1,direct,1.000000,15,left_ankle,1,1,2.000000,711.080000,647.790000,2.000000,710.072754,638.491638,9.352758,52.790666,1,0.089000,0.923806
MP_R_Jongkok_1,posenet,66,2.669962,ok,1,direct,1.000000,16,right_ankle,1,1,2.000000,654.770000,648.820000,2.000000,652.596741,640.411560,8.684752,52.790666,1,0.089000,0.933946
MP_R_Jongkok_1,posenet,67,2.710416,ok,1,direct,1.000000,0,nose,0,0,0.000000,0.000000,0.000000,2.000000,634.150696,218.903778,,,,0.026000,
MP_R_Jongkok_1,posenet,67,2.710416,ok,1,direct,1.000000,1,left_eye,0,0,0.000000,0.000000,0.000000,2.000000,643.708557,208.339508,,,,0.025000,
MP_R_Jongkok_1,posenet,67,2.710416,ok,1,direct,1.000000,2,right_eye,0,0,0.000000,0.000000,0.000000,2.000000,628.416077,210.260284,,,,0.025000,
MP_R_Jongkok_1,posenet,67,2.710416,ok,1,direct,1.000000,3,left_ear,0,0,0.000000,0.000000,0.000000,2.000000,666.647339,216.983002,,,,0.035000,
MP_R_Jongkok_1,posenet,67,2.710416,ok,1,direct,1.000000,4,right_ear,0,0,0.000000,0.000000,0.000000,2.000000,628.416077,217.943390,,,,0.035000,
MP_R_Jongkok_1,posenet,67,2.710416,ok,1,direct,1.000000,5,left_shoulder,1,1,2.000000,698.510000,273.730000,2.000000,693.409241,271.725189,5.480603,52.232174,1,0.079000,0.965333
MP_R_Jongkok_1,posenet,67,2.710416,ok,1,direct,1.000000,6,right_shoulder,1,1,2.000000,618.970000,287.190000,2.000000,615.035034,280.368683,7.874917,52.232174,1,0.079000,0.929746
MP_R_Jongkok_1,posenet,67,2.710416,ok,1,direct,1.000000,7,left_elbow,1,1,2.000000,685.910000,326.830000,2.000000,680.028320,329.348602,6.398243,52.232174,1,0.072000,0.943753
MP_R_Jongkok_1,posenet,67,2.710416,ok,1,direct,1.000000,8,right_elbow,1,1,2.000000,577.920000,322.720000,2.000000,599.742554,347.595978,33.091360,52.232174,1,0.072000,0.212561
MP_R_Jongkok_1,posenet,67,2.710416,ok,1,direct,1.000000,9,left_wrist,1,1,2.000000,657.080000,363.130000,2.000000,652.310608,361.041443,5.206647,52.232174,1,0.062000,0.949614
MP_R_Jongkok_1,posenet,67,2.710416,ok,1,direct,1.000000,10,right_wrist,1,1,2.000000,529.310000,348.640000,2.000000,663.780029,344.714783,134.527306,52.232174,0,0.062000,0.000000
MP_R_Jongkok_1,posenet,67,2.710416,ok,1,direct,1.000000,11,left_hip,1,1,2.000000,711.190000,423.500000,2.000000,707.746033,428.268707,5.882302,52.232174,1,0.107000,0.978088
MP_R_Jongkok_1,posenet,67,2.710416,ok,1,direct,1.000000,12,right_hip,1,1,2.000000,658.300000,427.430000,2.000000,643.708557,428.268707,14.615527,52.232174,1,0.107000,0.872164
MP_R_Jongkok_1,posenet,67,2.710416,ok,1,direct,1.000000,13,left_knee,1,1,2.000000,708.550000,536.630000,2.000000,710.613342,534.871887,2.710783,52.232174,1,0.087000,0.992908
MP_R_Jongkok_1,posenet,67,2.710416,ok,1,direct,1.000000,14,right_knee,1,1,2.000000,608.000000,533.400000,2.000000,610.256104,526.228394,7.518108,52.232174,1,0.087000,0.946728
MP_R_Jongkok_1,posenet,67,2.710416,ok,1,direct,1.000000,15,left_ankle,1,1,2.000000,711.080000,647.700000,2.000000,710.613342,636.673157,11.036713,52.232174,1,0.089000,0.893389
MP_R_Jongkok_1,posenet,67,2.710416,ok,1,direct,1.000000,16,right_ankle,1,1,2.000000,654.770000,648.730000,2.000000,649.443237,636.673157,13.181118,52.232174,1,0.089000,0.851465
MP_R_Jongkok_1,posenet,68,2.750870,ok,1,direct,1.000000,0,nose,0,0,0.000000,0.000000,0.000000,2.000000,630.388794,207.217010,,,,0.026000,
MP_R_Jongkok_1,posenet,68,2.750870,ok,1,direct,1.000000,1,left_eye,0,0,0.000000,0.000000,0.000000,2.000000,641.900696,194.731979,,,,0.025000,
MP_R_Jongkok_1,posenet,68,2.750870,ok,1,direct,1.000000,2,right_eye,0,0,0.000000,0.000000,0.000000,2.000000,626.551514,198.573532,,,,0.025000,
MP_R_Jongkok_1,posenet,68,2.750870,ok,1,direct,1.000000,3,left_ear,0,0,0.000000,0.000000,0.000000,2.000000,665.883728,204.335846,,,,0.035000,
MP_R_Jongkok_1,posenet,68,2.750870,ok,1,direct,1.000000,4,right_ear,0,0,0.000000,0.000000,0.000000,2.000000,625.592163,210.098175,,,,0.035000,
MP_R_Jongkok_1,posenet,68,2.750870,ok,1,direct,1.000000,5,left_shoulder,1,1,2.000000,700.430000,265.940000,2.000000,692.744690,261.959106,8.655143,52.072123,1,0.079000,0.915271
MP_R_Jongkok_1,posenet,68,2.750870,ok,1,direct,1.000000,6,right_shoulder,1,1,2.000000,616.930000,276.920000,2.000000,615.039673,269.642212,7.519278,52.072123,1,0.079000,0.935362
MP_R_Jongkok_1,posenet,68,2.750870,ok,1,direct,1.000000,7,left_elbow,1,1,2.000000,688.840000,319.590000,2.000000,680.273560,326.305054,10.884661,52.072123,1,0.072000,0.844871
MP_R_Jongkok_1,posenet,68,2.750870,ok,1,direct,1.000000,8,right_elbow,1,1,2.000000,578.710000,315.420000,2.000000,569.951538,313.820038,8.903400,52.072123,1,0.072000,0.893339
MP_R_Jongkok_1,posenet,68,2.750870,ok,1,direct,1.000000,9,left_wrist,1,1,2.000000,660.470000,360.730000,2.000000,649.575195,363.760162,11.308344,52.072123,1,0.062000,0.782409
MP_R_Jongkok_1,posenet,68,2.750870,ok,1,direct,1.000000,10,right_wrist,1,1,2.000000,533.950000,345.520000,2.000000,535.416016,344.552429,1.756529,52.072123,1,0.062000,0.994097
MP_R_Jongkok_1,posenet,68,2.750870,ok,1,direct,1.000000,11,left_hip,1,1,2.000000,708.030000,416.540000,2.000000,702.337891,416.581512,5.692261,52.072123,1,0.107000,0.979342
MP_R_Jongkok_1,posenet,68,2.750870,ok,1,direct,1.000000,12,right_hip,1,1,2.000000,657.050000,420.740000,2.000000,641.900696,418.502289,15.313679,52.072123,1,0.107000,0.859778
MP_R_Jongkok_1,posenet,68,2.750870,ok,1,direct,1.000000,13,left_knee,1,1,2.000000,708.550000,535.020000,2.000000,708.093811,527.026123,8.006883,52.072123,1,0.087000,0.939436
MP_R_Jongkok_1,posenet,68,2.750870,ok,1,direct,1.000000,14,right_knee,1,1,2.000000,612.410000,531.310000,2.000000,609.283752,524.144897,7.817424,52.072123,1,0.087000,0.942185
MP_R_Jongkok_1,posenet,68,2.750870,ok,1,direct,1.000000,15,left_ankle,1,1,2.000000,711.080000,647.600000,2.000000,710.012512,636.510254,11.141005,52.072123,1,0.089000,0.890848
MP_R_Jongkok_1,posenet,68,2.750870,ok,1,direct,1.000000,16,right_ankle,1,1,2.000000,654.770000,648.640000,2.000000,649.575195,637.470581,12.318357,52.072123,1,0.089000,0.868228
MP_R_Jongkok_1,posenet,69,2.791324,ok,1,direct,1.000000,0,nose,0,0,0.000000,0.000000,0.000000,2.000000,634.524841,199.482712,,,,0.026000,
MP_R_Jongkok_1,posenet,69,2.791324,ok,1,direct,1.000000,1,left_eye,0,0,0.000000,0.000000,0.000000,2.000000,644.107239,187.963898,,,,0.025000,
MP_R_Jongkok_1,posenet,69,2.791324,ok,1,direct,1.000000,2,right_eye,0,0,0.000000,0.000000,0.000000,2.000000,628.775452,189.883713,,,,0.025000,
MP_R_Jongkok_1,posenet,69,2.791324,ok,1,direct,1.000000,3,left_ear,0,0,0.000000,0.000000,0.000000,2.000000,669.021362,197.562897,,,,0.035000,
MP_R_Jongkok_1,posenet,69,2.791324,ok,1,direct,1.000000,4,right_ear,0,0,0.000000,0.000000,0.000000,2.000000,624.942505,199.482712,,,,0.035000,
MP_R_Jongkok_1,posenet,69,2.791324,ok,1,direct,1.000000,5,left_shoulder,1,1,2.000000,702.350000,258.160000,2.000000,696.810181,256.116791,5.904600,51.900116,1,0.079000,0.959370
MP_R_Jongkok_1,posenet,69,2.791324,ok,1,direct,1.000000,6,right_shoulder,1,1,2.000000,614.900000,266.650000,2.000000,617.276611,258.996521,8.013989,51.900116,1,0.079000,0.926438
MP_R_Jongkok_1,posenet,69,2.791324,ok,1,direct,1.000000,7,left_elbow,1,1,2.000000,691.780000,312.340000,2.000000,680.520142,326.189514,17.849186,51.900116,1,0.072000,0.633614
MP_R_Jongkok_1,posenet,69,2.791324,ok,1,direct,1.000000,8,right_elbow,1,1,2.000000,579.500000,308.130000,2.000000,578.947144,305.071716,3.107853,51.900116,1,0.072000,0.986261
MP_R_Jongkok_1,posenet,69,2.791324,ok,1,direct,1.000000,9,left_wrist,1,1,2.000000,663.860000,358.340000,2.000000,662.313660,354.986511,3.692838,51.900116,1,0.062000,0.974003
MP_R_Jongkok_1,posenet,69,2.791324,ok,1,direct,1.000000,10,right_wrist,1,1,2.000000,538.580000,342.400000,2.000000,538.701294,342.507812,0.162283,51.900116,1,0.062000,0.999949
MP_R_Jongkok_1,posenet,69,2.791324,ok,1,direct,1.000000,11,left_hip,1,1,2.000000,704.860000,409.590000,2.000000,696.810181,409.700806,8.050582,51.900116,1,0.107000,0.958839
MP_R_Jongkok_1,posenet,69,2.791324,ok,1,direct,1.000000,12,right_hip,1,1,2.000000,655.810000,414.050000,2.000000,639.316040,409.700806,17.057732,51.900116,1,0.107000,0.828036
MP_R_Jongkok_1,posenet,69,2.791324,ok,1,direct,1.000000,13,left_knee,1,1,2.000000,708.550000,533.400000,2.000000,708.308960,526.808594,6.595812,51.900116,1,0.087000,0.958221
MP_R_Jongkok_1,posenet,69,2.791324,ok,1,direct,1.000000,14,right_knee,1,1,2.000000,616.810000,529.210000,2.000000,614.401917,523.928955,5.804162,51.900116,1,0.087000,0.967493
MP_R_Jongkok_1,posenet,69,2.791324,ok,1,direct,1.000000,15,left_ankle,1,1,2.000000,711.080000,647.510000,2.000000,711.183716,639.116943,8.393697,51.900116,1,0.089000,0.936092
MP_R_Jongkok_1,posenet,69,2.791324,ok,1,direct,1.000000,16,right_ankle,1,1,2.000000,654.770000,648.540000,2.000000,650.814819,636.237183,12.922955,51.900116,1,0.089000,0.855094
MP_R_Jongkok_1,posenet,70,2.831778,ok,1,direct,1.000000,0,nose,0,0,0.000000,0.000000,0.000000,2.000000,635.111145,189.084366,,,,0.026000,
MP_R_Jongkok_1,posenet,70,2.831778,ok,1,direct,1.000000,1,left_eye,0,0,0.000000,0.000000,0.000000,2.000000,646.623901,180.445328,,,,0.025000,
MP_R_Jongkok_1,posenet,70,2.831778,ok,1,direct,1.000000,2,right_eye,0,0,0.000000,0.000000,0.000000,2.000000,631.273560,180.445328,,,,0.025000,
MP_R_Jongkok_1,posenet,70,2.831778,ok,1,direct,1.000000,3,left_ear,0,0,0.000000,0.000000,0.000000,2.000000,670.608887,189.084366,,,,0.035000,
MP_R_Jongkok_1,posenet,70,2.831778,ok,1,direct,1.000000,4,right_ear,0,0,0.000000,0.000000,0.000000,2.000000,629.354797,190.044266,,,,0.035000,
MP_R_Jongkok_1,posenet,70,2.831778,ok,1,direct,1.000000,5,left_shoulder,1,1,2.000000,704.270000,250.380000,2.000000,697.471985,247.637817,7.330251,51.699141,1,0.079000,0.937607
MP_R_Jongkok_1,posenet,70,2.831778,ok,1,direct,1.000000,6,right_shoulder,1,1,2.000000,612.860000,256.390000,2.000000,614.963806,256.276855,2.106846,51.699141,1,0.079000,0.994692
MP_R_Jongkok_1,posenet,70,2.831778,ok,1,direct,1.000000,7,left_elbow,1,1,2.000000,694.720000,305.090000,2.000000,686.918640,315.790222,13.242204,51.699141,1,0.072000,0.776378
MP_R_Jongkok_1,posenet,70,2.831778,ok,1,direct,1.000000,8,right_elbow,1,1,2.000000,580.300000,300.830000,2.000000,582.344299,303.311615,3.215210,51.699141,1,0.072000,0.985189
MP_R_Jongkok_1,posenet,70,2.831778,ok,1,direct,1.000000,9,left_wrist,1,1,2.000000,667.260000,355.940000,2.000000,662.933716,355.145844,4.398570,51.699141,1,0.062000,0.963038
MP_R_Jongkok_1,posenet,70,2.831778,ok,1,direct,1.000000,10,right_wrist,1,1,2.000000,543.220000,339.280000,2.000000,553.562317,326.349030,16.558186,51.699141,1,0.062000,0.586425
MP_R_Jongkok_1,posenet,70,2.831778,ok,1,direct,1.000000,11,left_hip,1,1,2.000000,701.700000,402.630000,2.000000,695.553223,408.899841,8.780306,51.699141,1,0.107000,0.950862
MP_R_Jongkok_1,posenet,70,2.831778,ok,1,direct,1.000000,12,right_hip,1,1,2.000000,654.570000,407.360000,2.000000,640.867554,409.859741,13.928594,51.699141,1,0.107000,0.880912
MP_R_Jongkok_1,posenet,70,2.831778,ok,1,direct,1.000000,13,left_knee,1,1,2.000000,708.550000,531.790000,2.000000,706.106567,524.086975,8.081272,51.699141,1,0.087000,0.937477
MP_R_Jongkok_1,posenet,70,2.831778,ok,1,direct,1.000000,14,right_knee,1,1,2.000000,621.220000,527.120000,2.000000,619.760742,520.247437,7.025778,51.699141,1,0.087000,0.952372
MP_R_Jongkok_1,posenet,70,2.831778,ok,1,direct,1.000000,15,left_ankle,1,1,2.000000,711.080000,647.410000,2.000000,708.984802,635.434570,12.157334,51.699141,1,0.089000,0.869685
MP_R_Jongkok_1,posenet,70,2.831778,ok,1,direct,1.000000,16,right_ankle,1,1,2.000000,654.770000,648.450000,2.000000,650.461548,635.434570,13.710003,51.699141,1,0.089000,0.837306
MP_R_Jongkok_1,posenet,71,2.872232,ok,1,direct,1.000000,0,nose,0,0,0.000000,0.000000,0.000000,2.000000,637.600464,187.246201,,,,0.026000,
MP_R_Jongkok_1,posenet,71,2.872232,ok,1,direct,1.000000,1,left_eye,0,0,0.000000,0.000000,0.000000,2.000000,646.220947,176.684204,,,,0.025000,
MP_R_Jongkok_1,posenet,71,2.872232,ok,1,direct,1.000000,2,right_eye,0,0,0.000000,0.000000,0.000000,2.000000,631.853455,177.644379,,,,0.025000,
MP_R_Jongkok_1,posenet,71,2.872232,ok,1,direct,1.000000,3,left_ear,0,0,0.000000,0.000000,0.000000,2.000000,670.166870,185.325836,,,,0.035000,
MP_R_Jongkok_1,posenet,71,2.872232,ok,1,direct,1.000000,4,right_ear,0,0,0.000000,0.000000,0.000000,2.000000,628.979919,187.246201,,,,0.035000,
MP_R_Jongkok_1,posenet,71,2.872232,ok,1,direct,1.000000,5,left_shoulder,1,1,2.000000,704.520000,248.270000,2.000000,697.944153,244.857147,7.408733,51.509158,1,0.079000,0.935853
MP_R_Jongkok_1,posenet,71,2.872232,ok,1,direct,1.000000,6,right_shoulder,1,1,2.000000,612.780000,255.540000,2.000000,614.612366,249.658081,6.160725,51.509158,1,0.079000,0.955192
MP_R_Jongkok_1,posenet,71,2.872232,ok,1,direct,1.000000,7,left_elbow,1,1,2.000000,698.020000,306.360000,2.000000,684.534424,326.472656,24.215278,51.509158,1,0.072000,0.426280
MP_R_Jongkok_1,posenet,71,2.872232,ok,1,direct,1.000000,8,right_elbow,1,1,2.000000,580.630000,301.250000,2.000000,581.088074,308.229187,6.994204,51.509158,1,0.072000,0.931338
MP_R_Jongkok_1,posenet,71,2.872232,ok,1,direct,1.000000,9,left_wrist,1,1,2.000000,671.560000,360.670000,2.000000,659.630676,375.441925,18.987326,51.509158,1,0.062000,0.493133
MP_R_Jongkok_1,posenet,71,2.872232,ok,1,direct,1.000000,10,right_wrist,1,1,2.000000,545.330000,344.090000,2.000000,614.612366,397.526154,87.495535,51.509158,0,0.062000,0.000000
MP_R_Jongkok_1,posenet,71,2.872232,ok,1,direct,1.000000,11,left_hip,1,1,2.000000,700.650000,400.600000,2.000000,697.944153,405.207611,5.343378,51.509158,1,0.107000,0.981377
MP_R_Jongkok_1,posenet,71,2.872232,ok,1,direct,1.000000,12,right_hip,1,1,2.000000,651.020000,405.670000,2.000000,632.811279,400.406677,18.954157,51.509158,1,0.107000,0.789355
MP_R_Jongkok_1,posenet,71,2.872232,ok,1,direct,1.000000,13,left_knee,1,1,2.000000,707.340000,529.510000,2.000000,700.817627,515.628601,15.337359,51.509158,1,0.087000,0.791145
MP_R_Jongkok_1,posenet,71,2.872232,ok,1,direct,1.000000,14,right_knee,1,1,2.000000,623.670000,525.770000,2.000000,623.232910,515.628601,10.150814,51.509158,1,0.087000,0.902471
MP_R_Jongkok_1,posenet,71,2.872232,ok,1,direct,1.000000,15,left_ankle,1,1,2.000000,711.080000,647.410000,2.000000,708.480347,633.731079,13.923759,51.509158,1,0.089000,0.831521
MP_R_Jongkok_1,posenet,71,2.872232,ok,1,direct,1.000000,16,right_ankle,1,1,2.000000,654.770000,648.450000,2.000000,650.052307,635.651428,13.640384,51.509158,1,0.089000,0.837725
MP_R_Jongkok_1,posenet,72,2.912686,ok,1,direct,1.000000,0,nose,0,0,0.000000,0.000000,0.000000,2.000000,640.135681,180.191559,,,,0.026000,
MP_R_Jongkok_1,posenet,72,2.912686,ok,1,direct,1.000000,1,left_eye,0,0,0.000000,0.000000,0.000000,2.000000,648.747253,169.620636,,,,0.025000,
MP_R_Jongkok_1,posenet,72,2.912686,ok,1,direct,1.000000,2,right_eye,0,0,0.000000,0.000000,0.000000,2.000000,633.437805,170.581635,,,,0.025000,
MP_R_Jongkok_1,posenet,72,2.912686,ok,1,direct,1.000000,3,left_ear,0,0,0.000000,0.000000,0.000000,2.000000,672.668335,179.230560,,,,0.035000,
MP_R_Jongkok_1,posenet,72,2.912686,ok,1,direct,1.000000,4,right_ear,0,0,0.000000,0.000000,0.000000,2.000000,628.653564,180.191559,,,,0.035000,
MP_R_Jongkok_1,posenet,72,2.912686,ok,1,direct,1.000000,5,left_shoulder,1,1,2.000000,704.780000,246.160000,2.000000,698.503113,239.773071,8.955008,51.315002,1,0.079000,0.907018
MP_R_Jongkok_1,posenet,72,2.912686,ok,1,direct,1.000000,6,right_shoulder,1,1,2.000000,612.700000,254.700000,2.000000,614.300903,247.461014,7.413893,51.315002,1,0.079000,0.935295
MP_R_Jongkok_1,posenet,72,2.912686,ok,1,direct,1.000000,7,left_elbow,1,1,2.000000,701.310000,307.620000,2.000000,694.675720,316.652435,11.207076,51.315002,1,0.072000,0.831921
MP_R_Jongkok_1,posenet,72,2.912686,ok,1,direct,1.000000,8,right_elbow,1,1,2.000000,580.970000,301.670000,2.000000,584.638794,313.769470,12.643466,51.315002,1,0.072000,0.791194
MP_R_Jongkok_1,posenet,72,2.912686,ok,1,direct,1.000000,9,left_wrist,1,1,2.000000,675.870000,365.400000,2.000000,663.099915,385.843903,24.104527,51.315002,1,0.062000,0.317260
MP_R_Jongkok_1,posenet,72,2.912686,ok,1,direct,1.000000,10,right_wrist,1,1,2.000000,547.440000,348.900000,2.000000,615.257751,387.765869,78.165230,51.315002,0,0.062000,0.000006
MP_R_Jongkok_1,posenet,72,2.912686,ok,1,direct,1.000000,11,left_hip,1,1,2.000000,699.610000,398.570000,2.000000,695.632568,400.258789,4.321108,51.315002,1,0.107000,0.987689
MP_R_Jongkok_1,posenet,72,2.912686,ok,1,direct,1.000000,12,right_hip,1,1,2.000000,647.470000,403.990000,2.000000,630.567200,398.336761,17.823124,51.315002,1,0.107000,0.809987
MP_R_Jongkok_1,posenet,72,2.912686,ok,1,direct,1.000000,13,left_knee,1,1,2.000000,706.130000,527.230000,2.000000,701.373596,513.655823,14.383382,51.315002,1,0.087000,0.812533
MP_R_Jongkok_1,posenet,72,2.912686,ok,1,direct,1.000000,14,right_knee,1,1,2.000000,626.120000,524.420000,2.000000,630.567200,517.499817,8.225966,51.315002,1,0.087000,0.934353
MP_R_Jongkok_1,posenet,72,2.912686,ok,1,direct,1.000000,15,left_ankle,1,1,2.000000,711.080000,647.410000,2.000000,709.028320,632.818848,14.734691,51.315002,1,0.089000,0.812059
MP_R_Jongkok_1,posenet,72,2.912686,ok,1,direct,1.000000,16,right_ankle,1,1,2.000000,654.770000,648.450000,2.000000,649.704102,634.740845,14.615207,51.315002,1,0.089000,0.814794
MP_R_Jongkok_1,posenet,73,2.953140,ok,1,direct,1.000000,0,nose,0,0,0.000000,0.000000,0.000000,2.000000,636.288452,178.458160,,,,0.026000,
MP_R_Jongkok_1,posenet,73,2.953140,ok,1,direct,1.000000,1,left_eye,0,0,0.000000,0.000000,0.000000,2.000000,645.877930,168.856201,,,,0.025000,
MP_R_Jongkok_1,posenet,73,2.953140,ok,1,direct,1.000000,2,right_eye,0,0,0.000000,0.000000,0.000000,2.000000,630.534729,168.856201,,,,0.025000,
MP_R_Jongkok_1,posenet,73,2.953140,ok,1,direct,1.000000,3,left_ear,0,0,0.000000,0.000000,0.000000,2.000000,673.687500,179.418335,,,,0.035000,
MP_R_Jongkok_1,posenet,73,2.953140,ok,1,direct,1.000000,4,right_ear,0,0,0.000000,0.000000,0.000000,2.000000,630.534729,179.418335,,,,0.035000,
MP_R_Jongkok_1,posenet,73,2.953140,ok,1,direct,1.000000,5,left_shoulder,1,1,2.000000,705.030000,244.050000,2.000000,699.579224,238.950439,7.464347,51.116624,1,0.079000,0.933949
MP_R_Jongkok_1,posenet,73,2.953140,ok,1,direct,1.000000,6,right_shoulder,1,1,2.000000,612.610000,253.850000,2.000000,617.109436,246.632004,8.505551,51.116624,1,0.079000,0.915095
MP_R_Jongkok_1,posenet,73,2.953140,ok,1,direct,1.000000,7,left_elbow,1,1,2.000000,704.600000,308.890000,2.000000,699.579224,316.726257,9.306725,51.116624,1,0.072000,0.879951
MP_R_Jongkok_1,posenet,73,2.953140,ok,1,direct,1.000000,8,right_elbow,1,1,2.000000,581.310000,302.090000,2.000000,585.464111,308.084473,7.293171,51.116624,1,0.072000,0.924468
MP_R_Jongkok_1,posenet,73,2.953140,ok,1,direct,1.000000,9,left_wrist,1,1,2.000000,680.180000,370.130000,2.000000,678.482300,367.616577,3.033065,51.116624,1,0.062000,0.981848
MP_R_Jongkok_1,posenet,73,2.953140,ok,1,direct,1.000000,10,right_wrist,1,1,2.000000,549.550000,353.720000,2.000000,627.657898,394.502045,88.113670,51.116624,0,0.062000,0.000000
MP_R_Jongkok_1,posenet,73,2.953140,ok,1,direct,1.000000,11,left_hip,1,1,2.000000,698.560000,396.550000,2.000000,697.661316,395.462219,1.410993,51.116624,1,0.107000,0.998670
MP_R_Jongkok_1,posenet,73,2.953140,ok,1,direct,1.000000,12,right_hip,1,1,2.000000,643.930000,402.300000,2.000000,635.329529,396.422424,10.417005,51.116624,1,0.107000,0.930021
MP_R_Jongkok_1,posenet,73,2.953140,ok,1,direct,1.000000,13,left_knee,1,1,2.000000,704.930000,524.950000,2.000000,700.538147,510.685608,14.925189,51.116624,1,0.087000,0.798299
MP_R_Jongkok_1,posenet,73,2.953140,ok,1,direct,1.000000,14,right_knee,1,1,2.000000,628.570000,523.070000,2.000000,631.493713,512.606079,10.864702,51.116624,1,0.087000,0.887478
MP_R_Jongkok_1,posenet,73,2.953140,ok,1,direct,1.000000,15,left_ankle,1,1,2.000000,711.080000,647.410000,2.000000,709.168640,632.630371,14.902709,51.116624,1,0.089000,0.806854
MP_R_Jongkok_1,posenet,73,2.953140,ok,1,direct,1.000000,16,right_ankle,1,1,2.000000,654.770000,648.450000,2.000000,649.713745,632.630371,16.608021,51.116624,1,0.089000,0.766026
MP_R_Jongkok_1,posenet,74,2.993594,ok,1,direct,1.000000,0,nose,0,0,0.000000,0.000000,0.000000,2.000000,636.735291,179.351089,,,,0.026000,
MP_R_Jongkok_1,posenet,74,2.993594,ok,1,direct,1.000000,1,left_eye,0,0,0.000000,0.000000,0.000000,2.000000,646.324890,160.155365,,,,0.025000,
MP_R_Jongkok_1,posenet,74,2.993594,ok,1,direct,1.000000,2,right_eye,0,0,0.000000,0.000000,0.000000,2.000000,631.940430,160.155365,,,,0.025000,
MP_R_Jongkok_1,posenet,74,2.993594,ok,1,direct,1.000000,3,left_ear,0,0,0.000000,0.000000,0.000000,2.000000,672.216980,180.310883,,,,0.035000,
MP_R_Jongkok_1,posenet,74,2.993594,ok,1,direct,1.000000,4,right_ear,0,0,0.000000,0.000000,0.000000,2.000000,628.104614,181.270660,,,,0.035000,
MP_R_Jongkok_1,posenet,74,2.993594,ok,1,direct,1.000000,5,left_shoulder,1,1,2.000000,705.280000,241.940000,2.000000,699.067993,242.696976,6.257958,50.913976,1,0.079000,0.952740
MP_R_Jongkok_1,posenet,74,2.993594,ok,1,direct,1.000000,6,right_shoulder,1,1,2.000000,612.530000,253.010000,2.000000,615.638000,245.576340,8.057231,50.913976,1,0.079000,0.922881
MP_R_Jongkok_1,posenet,74,2.993594,ok,1,direct,1.000000,7,left_elbow,1,1,2.000000,707.900000,310.160000,2.000000,704.821838,321.399445,11.653334,50.913976,1,0.072000,0.817004
MP_R_Jongkok_1,posenet,74,2.993594,ok,1,direct,1.000000,8,right_elbow,1,1,2.000000,581.650000,302.520000,2.000000,582.074219,307.002655,4.502683,50.913976,1,0.072000,0.970277
MP_R_Jongkok_1,posenet,74,2.993594,ok,1,direct,1.000000,9,left_wrist,1,1,2.000000,684.480000,374.860000,2.000000,673.175964,394.343201,22.525016,50.913976,1,0.062000,0.361186
MP_R_Jongkok_1,posenet,74,2.993594,ok,1,direct,1.000000,10,right_wrist,1,1,2.000000,551.660000,358.530000,2.000000,547.551453,357.871338,4.161009,50.913976,1,0.062000,0.965846
MP_R_Jongkok_1,posenet,74,2.993594,ok,1,direct,1.000000,11,left_hip,1,1,2.000000,697.510000,394.520000,2.000000,694.273193,403.941071,9.961601,50.913976,1,0.107000,0.935315
MP_R_Jongkok_1,posenet,74,2.993594,ok,1,direct,1.000000,12,right_hip,1,1,2.000000,640.380000,400.610000,2.000000,629.063538,404.900848,12.102632,50.913976,1,0.107000,0.906008
MP_R_Jongkok_1,posenet,74,2.993594,ok,1,direct,1.000000,13,left_knee,1,1,2.000000,703.720000,522.670000,2.000000,698.109070,507.597931,16.082593,50.913976,1,0.087000,0.768242
MP_R_Jongkok_1,posenet,74,2.993594,ok,1,direct,1.000000,14,right_knee,1,1,2.000000,631.020000,521.710000,2.000000,630.022522,519.115417,2.779716,50.913976,1,0.087000,0.992155
MP_R_Jongkok_1,posenet,74,2.993594,ok,1,direct,1.000000,15,left_ankle,1,1,2.000000,711.080000,647.410000,2.000000,709.616638,633.330017,14.155824,50.913976,1,0.089000,0.822683
MP_R_Jongkok_1,posenet,74,2.993594,ok,1,direct,1.000000,16,right_ankle,1,1,2.000000,654.770000,648.450000,2.000000,650.160767,634.289734,14.891547,50.913976,1,0.089000,0.805735
MP_R_Jongkok_1,posenet,75,3.034048,ok,1,direct,1.000000,0,nose,0,0,0.000000,0.000000,0.000000,2.000000,638.724426,174.761978,,,,0.026000,
MP_R_Jongkok_1,posenet,75,3.034048,ok,1,direct,1.000000,1,left_eye,0,0,0.000000,0.000000,0.000000,2.000000,648.282043,168.034683,,,,0.025000,
MP_R_Jongkok_1,posenet,75,3.034048,ok,1,direct,1.000000,2,right_eye,0,0,0.000000,0.000000,0.000000,2.000000,634.901428,168.995712,,,,0.025000,
MP_R_Jongkok_1,posenet,75,3.034048,ok,1,direct,1.000000,3,left_ear,0,0,0.000000,0.000000,0.000000,2.000000,673.131714,176.684067,,,,0.035000,
MP_R_Jongkok_1,posenet,75,3.034048,ok,1,direct,1.000000,4,right_ear,0,0,0.000000,0.000000,0.000000,2.000000,629.166870,177.645111,,,,0.035000,
MP_R_Jongkok_1,posenet,75,3.034048,ok,1,direct,1.000000,5,left_shoulder,1,1,2.000000,705.540000,239.820000,2.000000,697.981384,241.073914,7.661917,50.725352,1,0.079000,0.929495
MP_R_Jongkok_1,posenet,75,3.034048,ok,1,direct,1.000000,6,right_shoulder,1,1,2.000000,612.440000,252.170000,2.000000,613.874756,248.762238,3.697481,50.725352,1,0.079000,0.983117
MP_R_Jongkok_1,posenet,75,3.034048,ok,1,direct,1.000000,7,left_elbow,1,1,2.000000,711.190000,311.420000,2.000000,710.406189,320.840454,9.453006,50.725352,1,0.072000,0.874604
MP_R_Jongkok_1,posenet,75,3.034048,ok,1,direct,1.000000,8,right_elbow,1,1,2.000000,581.980000,302.940000,2.000000,589.025085,319.879395,18.346016,50.725352,1,0.072000,0.603711
MP_R_Jongkok_1,posenet,75,3.034048,ok,1,direct,1.000000,9,left_wrist,1,1,2.000000,688.790000,379.590000,2.000000,678.866272,395.801727,19.007906,50.725352,1,0.062000,0.481632
MP_R_Jongkok_1,posenet,75,3.034048,ok,1,direct,1.000000,10,right_wrist,1,1,2.000000,553.770000,363.340000,2.000000,558.440918,366.970459,5.915886,50.725352,1,0.062000,0.931678
MP_R_Jongkok_1,posenet,75,3.034048,ok,1,direct,1.000000,11,left_hip,1,1,2.000000,696.470000,392.490000,2.000000,697.025635,399.645935,7.177474,50.725352,1,0.107000,0.965630
MP_R_Jongkok_1,posenet,75,3.034048,ok,1,direct,1.000000,12,right_hip,1,1,2.000000,636.830000,398.920000,2.000000,632.034180,400.606964,5.083871,50.725352,1,0.107000,0.982606
MP_R_Jongkok_1,posenet,75,3.034048,ok,1,direct,1.000000,13,left_knee,1,1,2.000000,702.510000,520.390000,2.000000,700.848633,512.087891,8.466709,50.725352,1,0.087000,0.929029
MP_R_Jongkok_1,posenet,75,3.034048,ok,1,direct,1.000000,14,right_knee,1,1,2.000000,633.470000,520.360000,2.000000,630.122681,514.971008,6.343956,50.725352,1,0.087000,0.959513
MP_R_Jongkok_1,posenet,75,3.034048,ok,1,direct,1.000000,15,left_ankle,1,1,2.000000,711.080000,647.410000,2.000000,709.450500,631.257141,16.234843,50.725352,1,0.089000,0.772101
MP_R_Jongkok_1,posenet,75,3.034048,ok,1,direct,1.000000,16,right_ankle,1,1,2.000000,654.770000,648.450000,2.000000,648.282043,631.257141,18.376288,50.725352,1,0.089000,0.717938
MP_R_Jongkok_1,posenet,76,3.074502,ok,1,direct,1.000000,0,nose,0,0,0.000000,0.000000,0.000000,2.000000,639.034119,175.120071,,,,0.026000,
MP_R_Jongkok_1,posenet,76,3.074502,ok,1,direct,1.000000,1,left_eye,0,0,0.000000,0.000000,0.000000,2.000000,648.629639,166.474548,,,,0.025000,
MP_R_Jongkok_1,posenet,76,3.074502,ok,1,direct,1.000000,2,right_eye,0,0,0.000000,0.000000,0.000000,2.000000,633.276917,166.474548,,,,0.025000,
MP_R_Jongkok_1,posenet,76,3.074502,ok,1,direct,1.000000,3,left_ear,0,0,0.000000,0.000000,0.000000,2.000000,674.537354,177.041290,,,,0.035000,
MP_R_Jongkok_1,posenet,76,3.074502,ok,1,direct,1.000000,4,right_ear,0,0,0.000000,0.000000,0.000000,2.000000,632.317322,177.041290,,,,0.035000,
MP_R_Jongkok_1,posenet,76,3.074502,ok,1,direct,1.000000,5,left_shoulder,1,1,2.000000,706.780000,239.750000,2.000000,699.485535,241.402374,7.479276,50.219577,1,0.079000,0.931387
MP_R_Jongkok_1,posenet,76,3.074502,ok,1,direct,1.000000,6,right_shoulder,1,1,2.000000,612.440000,252.170000,2.000000,615.045471,246.205429,6.508808,50.219577,1,0.079000,0.947592
MP_R_Jongkok_1,posenet,76,3.074502,ok,1,direct,1.000000,7,left_elbow,1,1,2.000000,713.740000,313.180000,2.000000,711.959656,322.093842,9.089895,50.219577,1,0.072000,0.881265
MP_R_Jongkok_1,posenet,76,3.074502,ok,1,direct,1.000000,8,right_elbow,1,1,2.000000,583.880000,306.080000,2.000000,594.895020,323.054504,20.235228,50.219577,1,0.072000,0.534525
MP_R_Jongkok_1,posenet,76,3.074502,ok,1,direct,1.000000,9,left_wrist,1,1,2.000000,693.750000,382.650000,2.000000,689.890137,394.139862,12.120869,50.219577,1,0.062000,0.738534
MP_R_Jongkok_1,posenet,76,3.074502,ok,1,direct,1.000000,10,right_wrist,1,1,2.000000,559.470000,368.380000,2.000000,615.045471,398.942902,63.424947,50.219577,0,0.062000,0.000249
MP_R_Jongkok_1,posenet,76,3.074502,ok,1,direct,1.000000,11,left_hip,1,1,2.000000,696.080000,392.890000,2.000000,695.647400,402.785339,9.904791,50.219577,1,0.107000,0.934305
MP_R_Jongkok_1,posenet,76,3.074502,ok,1,direct,1.000000,12,right_hip,1,1,2.000000,636.340000,398.040000,2.000000,632.317322,410.470245,13.064951,50.219577,1,0.107000,0.888491
MP_R_Jongkok_1,posenet,76,3.074502,ok,1,direct,1.000000,13,left_knee,1,1,2.000000,702.790000,520.540000,2.000000,701.404663,511.334625,9.309032,50.219577,1,0.087000,0.913206
MP_R_Jongkok_1,posenet,76,3.074502,ok,1,direct,1.000000,14,right_knee,1,1,2.000000,634.060000,520.950000,2.000000,633.276917,520.940735,0.783138,50.219577,1,0.087000,0.999358
MP_R_Jongkok_1,posenet,76,3.074502,ok,1,direct,1.000000,15,left_ankle,1,1,2.000000,711.080000,647.410000,2.000000,710.040588,635.253723,12.200633,50.219577,1,0.089000,0.861545
MP_R_Jongkok_1,posenet,76,3.074502,ok,1,direct,1.000000,16,right_ankle,1,1,2.000000,654.770000,648.450000,2.000000,650.548706,635.253723,13.855001,50.219577,1,0.089000,0.825155
MP_R_Jongkok_1,posenet,77,3.114956,ok,1,direct,1.000000,0,nose,0,0,0.000000,0.000000,0.000000,2.000000,640.115845,174.365753,,,,0.026000,
MP_R_Jongkok_1,posenet,77,3.114956,ok,1,direct,1.000000,1,left_eye,0,0,0.000000,0.000000,0.000000,2.000000,649.717712,164.767319,,,,0.025000,
MP_R_Jongkok_1,posenet,77,3.114956,ok,1,direct,1.000000,2,right_eye,0,0,0.000000,0.000000,0.000000,2.000000,634.354736,165.727158,,,,0.025000,
MP_R_Jongkok_1,posenet,77,3.114956,ok,1,direct,1.000000,3,left_ear,0,0,0.000000,0.000000,0.000000,2.000000,675.642822,176.285446,,,,0.035000,
MP_R_Jongkok_1,posenet,77,3.114956,ok,1,direct,1.000000,4,right_ear,0,0,0.000000,0.000000,0.000000,2.000000,631.474121,176.285446,,,,0.035000,
MP_R_Jongkok_1,posenet,77,3.114956,ok,1,direct,1.000000,5,left_shoulder,1,1,2.000000,708.020000,239.680000,2.000000,700.607666,241.554871,7.645772,49.711768,1,0.079000,0.926997
MP_R_Jongkok_1,posenet,77,3.114956,ok,1,direct,1.000000,6,right_shoulder,1,1,2.000000,612.440000,252.170000,2.000000,615.150940,245.394257,7.297938,49.711768,1,0.079000,0.933266
MP_R_Jongkok_1,posenet,77,3.114956,ok,1,direct,1.000000,7,left_elbow,1,1,2.000000,716.300000,314.930000,2.000000,717.891052,323.141663,8.364380,49.711768,1,0.072000,0.896530
MP_R_Jongkok_1,posenet,77,3.114956,ok,1,direct,1.000000,8,right_elbow,1,1,2.000000,585.780000,309.220000,2.000000,584.424866,322.181793,13.032439,49.711768,1,0.072000,0.767088
MP_R_Jongkok_1,posenet,77,3.114956,ok,1,direct,1.000000,9,left_wrist,1,1,2.000000,698.720000,385.720000,2.000000,691.005798,401.848907,17.878774,49.711768,1,0.062000,0.510185
MP_R_Jongkok_1,posenet,77,3.114956,ok,1,direct,1.000000,10,right_wrist,1,1,2.000000,565.160000,373.420000,2.000000,568.101685,382.652008,9.689349,49.711768,1,0.062000,0.820649
MP_R_Jongkok_1,posenet,77,3.114956,ok,1,direct,1.000000,11,left_hip,1,1,2.000000,695.700000,393.280000,2.000000,690.045593,403.768585,11.915651,49.711768,1,0.107000,0.904508
MP_R_Jongkok_1,posenet,77,3.114956,ok,1,direct,1.000000,12,right_hip,1,1,2.000000,635.860000,397.160000,2.000000,628.593567,411.447357,16.029024,49.711768,1,0.107000,0.833920
MP_R_Jongkok_1,posenet,77,3.114956,ok,1,direct,1.000000,13,left_knee,1,1,2.000000,703.060000,520.680000,2.000000,700.607666,513.190918,7.880374,49.711768,1,0.087000,0.935757
MP_R_Jongkok_1,posenet,77,3.114956,ok,1,direct,1.000000,14,right_knee,1,1,2.000000,634.640000,521.540000,2.000000,634.354736,521.829468,0.406407,49.711768,1,0.087000,0.999823
MP_R_Jongkok_1,posenet,77,3.114956,ok,1,direct,1.000000,15,left_ankle,1,1,2.000000,711.080000,647.410000,2.000000,709.249329,633.171448,14.355756,49.711768,1,0.089000,0.810127
MP_R_Jongkok_1,posenet,77,3.114956,ok,1,direct,1.000000,16,right_ankle,1,1,2.000000,654.770000,648.450000,2.000000,649.717712,633.171448,16.092227,49.711768,1,0.089000,0.767525
MP_R_Jongkok_1,posenet,78,3.155410,ok,1,direct,1.000000,0,nose,0,0,0.000000,0.000000,0.000000,2.000000,640.958252,173.567169,,,,0.026000,
MP_R_Jongkok_1,posenet,78,3.155410,ok,1,direct,1.000000,1,left_eye,0,0,0.000000,0.000000,0.000000,2.000000,650.558777,164.920135,,,,0.025000,
MP_R_Jongkok_1,posenet,78,3.155410,ok,1,direct,1.000000,2,right_eye,0,0,0.000000,0.000000,0.000000,2.000000,637.117981,164.920135,,,,0.025000,
MP_R_Jongkok_1,posenet,78,3.155410,ok,1,direct,1.000000,3,left_ear,0,0,0.000000,0.000000,0.000000,2.000000,675.520264,176.449524,,,,0.035000,
MP_R_Jongkok_1,posenet,78,3.155410,ok,1,direct,1.000000,4,right_ear,0,0,0.000000,0.000000,0.000000,2.000000,631.357666,175.488739,,,,0.035000,
MP_R_Jongkok_1,posenet,78,3.155410,ok,1,direct,1.000000,5,left_shoulder,1,1,2.000000,709.260000,239.600000,2.000000,702.401855,240.822037,6.966170,49.197480,1,0.079000,0.937770
MP_R_Jongkok_1,posenet,78,3.155410,ok,1,direct,1.000000,6,right_shoulder,1,1,2.000000,612.440000,252.170000,2.000000,614.076660,244.665161,7.681228,49.197480,1,0.079000,0.924855
MP_R_Jongkok_1,posenet,78,3.155410,ok,1,direct,1.000000,7,left_elbow,1,1,2.000000,718.850000,316.680000,2.000000,718.722839,320.567078,3.889157,49.197480,1,0.072000,0.976179
MP_R_Jongkok_1,posenet,78,3.155410,ok,1,direct,1.000000,8,right_elbow,1,1,2.000000,587.680000,312.360000,2.000000,587.195068,320.567078,8.221392,49.197480,1,0.072000,0.897863
MP_R_Jongkok_1,posenet,78,3.155410,ok,1,direct,1.000000,9,left_wrist,1,1,2.000000,703.680000,388.780000,2.000000,700.481689,392.625824,5.001955,49.197480,1,0.062000,0.947638
MP_R_Jongkok_1,posenet,78,3.155410,ok,1,direct,1.000000,10,right_wrist,1,1,2.000000,570.850000,378.450000,2.000000,569.914062,381.096436,2.807063,49.197480,1,0.062000,0.983205
MP_R_Jongkok_1,posenet,78,3.155410,ok,1,direct,1.000000,11,left_hip,1,1,2.000000,695.320000,393.670000,2.000000,690.881165,408.959167,15.920487,49.197480,1,0.107000,0.832825
MP_R_Jongkok_1,posenet,78,3.155410,ok,1,direct,1.000000,12,right_hip,1,1,2.000000,635.370000,396.280000,2.000000,625.597351,409.919952,16.779540,49.197480,1,0.107000,0.816110
MP_R_Jongkok_1,posenet,78,3.155410,ok,1,direct,1.000000,13,left_knee,1,1,2.000000,703.330000,520.830000,2.000000,700.481689,517.527710,4.360962,49.197480,1,0.087000,0.979452
MP_R_Jongkok_1,posenet,78,3.155410,ok,1,direct,1.000000,14,right_knee,1,1,2.000000,635.230000,522.120000,2.000000,634.237854,525.213989,3.249173,49.197480,1,0.087000,0.988541
MP_R_Jongkok_1,posenet,78,3.155410,ok,1,direct,1.000000,15,left_ankle,1,1,2.000000,711.080000,647.410000,2.000000,709.122253,635.704102,11.868481,49.197480,1,0.089000,0.863342
MP_R_Jongkok_1,posenet,78,3.155410,ok,1,direct,1.000000,16,right_ankle,1,1,2.000000,654.770000,648.450000,2.000000,649.598755,634.743286,14.649771,49.197480,1,0.089000,0.799407
MP_R_Jongkok_1,posenet,79,3.195863,ok,1,direct,1.000000,0,nose,0,0,0.000000,0.000000,0.000000,2.000000,640.955566,172.886017,,,,0.026000,
MP_R_Jongkok_1,posenet,79,3.195863,ok,1,direct,1.000000,1,left_eye,0,0,0.000000,0.000000,0.000000,2.000000,649.564697,164.245422,,,,0.025000,
MP_R_Jongkok_1,posenet,79,3.195863,ok,1,direct,1.000000,2,right_eye,0,0,0.000000,0.000000,0.000000,2.000000,636.172668,164.245422,,,,0.025000,
MP_R_Jongkok_1,posenet,79,3.195863,ok,1,direct,1.000000,3,left_ear,0,0,0.000000,0.000000,0.000000,2.000000,676.348816,175.766235,,,,0.035000,
MP_R_Jongkok_1,posenet,79,3.195863,ok,1,direct,1.000000,4,right_ear,0,0,0.000000,0.000000,0.000000,2.000000,634.259460,174.806152,,,,0.035000,
MP_R_Jongkok_1,posenet,79,3.195863,ok,1,direct,1.000000,5,left_shoulder,1,1,2.000000,710.500000,239.530000,2.000000,703.132996,241.050812,7.522342,48.678636,1,0.079000,0.926329
MP_R_Jongkok_1,posenet,79,3.195863,ok,1,direct,1.000000,6,right_shoulder,1,1,2.000000,612.440000,252.170000,2.000000,614.171387,244.891068,7.482016,48.678636,1,0.079000,0.927088
MP_R_Jongkok_1,posenet,79,3.195863,ok,1,direct,1.000000,7,left_elbow,1,1,2.000000,721.410000,318.430000,2.000000,721.307922,317.856171,0.582838,48.678636,1,0.072000,0.999447
MP_R_Jongkok_1,posenet,79,3.195863,ok,1,direct,1.000000,8,right_elbow,1,1,2.000000,589.570000,315.490000,2.000000,590.257080,322.656525,7.199386,48.678636,1,0.072000,0.919075
MP_R_Jongkok_1,posenet,79,3.195863,ok,1,direct,1.000000,9,left_wrist,1,1,2.000000,708.640000,391.850000,2.000000,709.828979,389.861237,2.317078,48.678636,1,0.062000,0.988281
MP_R_Jongkok_1,posenet,79,3.195863,ok,1,direct,1.000000,10,right_wrist,1,1,2.000000,576.540000,383.490000,2.000000,575.908386,389.861237,6.402468,48.678636,1,0.062000,0.913927
MP_R_Jongkok_1,posenet,79,3.195863,ok,1,direct,1.000000,11,left_hip,1,1,2.000000,694.940000,394.060000,2.000000,691.654053,408.102509,14.421841,48.678636,1,0.107000,0.857847
MP_R_Jongkok_1,posenet,79,3.195863,ok,1,direct,1.000000,12,right_hip,1,1,2.000000,634.880000,395.400000,2.000000,624.693787,410.022644,17.820793,48.678636,1,0.107000,0.791266
MP_R_Jongkok_1,posenet,79,3.195863,ok,1,direct,1.000000,13,left_knee,1,1,2.000000,703.610000,520.970000,2.000000,701.219849,517.550232,4.172246,48.678636,1,0.087000,0.980776
MP_R_Jongkok_1,posenet,79,3.195863,ok,1,direct,1.000000,14,right_knee,1,1,2.000000,635.820000,522.710000,2.000000,635.216064,526.190796,3.532800,48.678636,1,0.087000,0.986179
MP_R_Jongkok_1,posenet,79,3.195863,ok,1,direct,1.000000,15,left_ankle,1,1,2.000000,711.080000,647.410000,2.000000,709.828979,634.678406,12.792910,48.678636,1,0.089000,0.839973
MP_R_Jongkok_1,posenet,79,3.195863,ok,1,direct,1.000000,16,right_ankle,1,1,2.000000,654.770000,648.450000,2.000000,648.608154,634.678406,15.087251,48.678636,1,0.089000,0.784628
MP_R_Jongkok_1,posenet,80,3.236317,ok,1,direct,1.000000,0,nose,0,0,0.000000,0.000000,0.000000,2.000000,642.311523,172.694824,,,,0.026000,
MP_R_Jongkok_1,posenet,80,3.236317,ok,1,direct,1.000000,1,left_eye,0,0,0.000000,0.000000,0.000000,2.000000,650.932983,163.091324,,,,0.025000,
MP_R_Jongkok_1,posenet,80,3.236317,ok,1,direct,1.000000,2,right_eye,0,0,0.000000,0.000000,0.000000,2.000000,636.563843,165.972382,,,,0.025000,
MP_R_Jongkok_1,posenet,80,3.236317,ok,1,direct,1.000000,3,left_ear,0,0,0.000000,0.000000,0.000000,2.000000,676.797424,177.496582,,,,0.035000,
MP_R_Jongkok_1,posenet,80,3.236317,ok,1,direct,1.000000,4,right_ear,0,0,0.000000,0.000000,0.000000,2.000000,632.732117,178.456924,,,,0.035000,
MP_R_Jongkok_1,posenet,80,3.236317,ok,1,direct,1.000000,5,left_shoulder,1,1,2.000000,711.740000,239.460000,2.000000,705.535706,240.879684,6.364650,48.150623,1,0.079000,0.945547
MP_R_Jongkok_1,posenet,80,3.236317,ok,1,direct,1.000000,6,right_shoulder,1,1,2.000000,612.440000,252.170000,2.000000,612.615356,248.562500,3.611759,48.150623,1,0.079000,0.982131
MP_R_Jongkok_1,posenet,80,3.236317,ok,1,direct,1.000000,7,left_elbow,1,1,2.000000,723.960000,320.180000,2.000000,720.862732,317.707672,3.963013,48.150623,1,0.072000,0.974204
MP_R_Jongkok_1,posenet,80,3.236317,ok,1,direct,1.000000,8,right_elbow,1,1,2.000000,591.470000,318.630000,2.000000,592.498535,328.271545,9.696251,48.150623,1,0.072000,0.855176
MP_R_Jongkok_1,posenet,80,3.236317,ok,1,direct,1.000000,9,left_wrist,1,1,2.000000,713.610000,394.920000,2.000000,709.367432,388.773590,7.468450,48.150623,1,0.062000,0.882346
MP_R_Jongkok_1,posenet,80,3.236317,ok,1,direct,1.000000,10,right_wrist,1,1,2.000000,582.240000,388.520000,2.000000,581.961243,392.614990,4.104467,48.150623,1,0.062000,0.962900
MP_R_Jongkok_1,posenet,80,3.236317,ok,1,direct,1.000000,11,left_hip,1,1,2.000000,694.550000,394.460000,2.000000,691.166565,407.980591,13.937504,48.150623,1,0.107000,0.863845
MP_R_Jongkok_1,posenet,80,3.236317,ok,1,direct,1.000000,12,right_hip,1,1,2.000000,634.390000,394.520000,2.000000,626.984497,409.901276,17.071178,48.150623,1,0.107000,0.802859
MP_R_Jongkok_1,posenet,80,3.236317,ok,1,direct,1.000000,13,left_knee,1,1,2.000000,703.880000,521.120000,2.000000,702.661865,518.420837,2.961306,48.150623,1,0.087000,0.990055
MP_R_Jongkok_1,posenet,80,3.236317,ok,1,direct,1.000000,14,right_knee,1,1,2.000000,636.400000,523.300000,2.000000,636.563843,526.103638,2.808421,48.150623,1,0.087000,0.991051
MP_R_Jongkok_1,posenet,80,3.236317,ok,1,direct,1.000000,15,left_ankle,1,1,2.000000,711.080000,647.410000,2.000000,709.367432,635.583557,11.949797,48.150623,1,0.089000,0.855976
MP_R_Jongkok_1,posenet,80,3.236317,ok,1,direct,1.000000,16,right_ankle,1,1,2.000000,654.770000,648.450000,2.000000,650.932983,636.543945,12.509070,48.150623,1,0.089000,0.843319
MP_R_Jongkok_1,posenet,81,3.276771,ok,1,direct,1.000000,0,nose,0,0,0.000000,0.000000,0.000000,2.000000,641.692200,173.319763,,,,0.026000,
MP_R_Jongkok_1,posenet,81,3.276771,ok,1,direct,1.000000,1,left_eye,0,0,0.000000,0.000000,0.000000,2.000000,652.241821,164.681030,,,,0.025000,
MP_R_Jongkok_1,posenet,81,3.276771,ok,1,direct,1.000000,2,right_eye,0,0,0.000000,0.000000,0.000000,2.000000,635.937927,164.681030,,,,0.025000,
MP_R_Jongkok_1,posenet,81,3.276771,ok,1,direct,1.000000,3,left_ear,0,0,0.000000,0.000000,0.000000,2.000000,676.218201,176.199326,,,,0.035000,
MP_R_Jongkok_1,posenet,81,3.276771,ok,1,direct,1.000000,4,right_ear,0,0,0.000000,0.000000,0.000000,2.000000,632.101685,176.199326,,,,0.035000,
MP_R_Jongkok_1,posenet,81,3.276771,ok,1,direct,1.000000,5,left_shoulder,1,1,2.000000,712.030000,241.060000,2.000000,704.989807,242.429535,7.172164,47.464373,1,0.079000,0.929442
MP_R_Jongkok_1,posenet,81,3.276771,ok,1,direct,1.000000,6,right_shoulder,1,1,2.000000,612.440000,252.170000,2.000000,613.879639,246.268982,6.074090,47.464373,1,0.079000,0.948872
MP_R_Jongkok_1,posenet,81,3.276771,ok,1,direct,1.000000,7,left_elbow,1,1,2.000000,724.500000,321.500000,2.000000,722.252808,322.097778,2.325341,47.464373,1,0.072000,0.990783
MP_R_Jongkok_1,posenet,81,3.276771,ok,1,direct,1.000000,8,right_elbow,1,1,2.000000,593.300000,320.240000,2.000000,594.698547,325.937225,5.866371,47.464373,1,0.072000,0.942769
MP_R_Jongkok_1,posenet,81,3.276771,ok,1,direct,1.000000,9,left_wrist,1,1,2.000000,715.360000,397.010000,2.000000,705.948853,398.886444,9.596392,47.464373,1,0.062000,0.808415
MP_R_Jongkok_1,posenet,81,3.276771,ok,1,direct,1.000000,10,right_wrist,1,1,2.000000,586.250000,391.440000,2.000000,586.067017,399.846283,8.408274,47.464373,1,0.062000,0.849356
MP_R_Jongkok_1,posenet,81,3.276771,ok,1,direct,1.000000,11,left_hip,1,1,2.000000,694.300000,394.750000,2.000000,684.849670,409.444885,17.471359,47.464373,1,0.107000,0.789236
MP_R_Jongkok_1,posenet,81,3.276771,ok,1,direct,1.000000,12,right_hip,1,1,2.000000,634.050000,394.910000,2.000000,627.306396,411.364594,17.782852,47.464373,1,0.107000,0.782544
MP_R_Jongkok_1,posenet,81,3.276771,ok,1,direct,1.000000,13,left_knee,1,1,2.000000,703.880000,521.120000,2.000000,703.071716,520.788452,0.873640,47.464373,1,0.087000,0.999105
MP_R_Jongkok_1,posenet,81,3.276771,ok,1,direct,1.000000,14,right_knee,1,1,2.000000,636.400000,523.300000,2.000000,637.856018,529.427185,6.297808,47.464373,1,0.087000,0.954546
MP_R_Jongkok_1,posenet,81,3.276771,ok,1,direct,1.000000,15,left_ankle,1,1,2.000000,711.080000,647.410000,2.000000,709.785095,636.931274,10.558431,47.464373,1,0.089000,0.882547
MP_R_Jongkok_1,posenet,81,3.276771,ok,1,direct,1.000000,16,right_ankle,1,1,2.000000,654.770000,648.450000,2.000000,650.323669,635.971375,13.247111,47.464373,1,0.089000,0.821455
MP_R_Jongkok_1,posenet,82,3.317225,ok,1,direct,1.000000,0,nose,0,0,0.000000,0.000000,0.000000,2.000000,640.954041,175.076080,,,,0.026000,
MP_R_Jongkok_1,posenet,82,3.317225,ok,1,direct,1.000000,1,left_eye,0,0,0.000000,0.000000,0.000000,2.000000,650.524048,165.471497,,,,0.025000,
MP_R_Jongkok_1,posenet,82,3.317225,ok,1,direct,1.000000,2,right_eye,0,0,0.000000,0.000000,0.000000,2.000000,636.169067,166.431961,,,,0.025000,
MP_R_Jongkok_1,posenet,82,3.317225,ok,1,direct,1.000000,3,left_ear,0,0,0.000000,0.000000,0.000000,2.000000,677.319946,177.957474,,,,0.035000,
MP_R_Jongkok_1,posenet,82,3.317225,ok,1,direct,1.000000,4,right_ear,0,0,0.000000,0.000000,0.000000,2.000000,632.341064,176.997009,,,,0.035000,
MP_R_Jongkok_1,posenet,82,3.317225,ok,1,direct,1.000000,5,left_shoulder,1,1,2.000000,712.330000,242.670000,2.000000,706.029846,240.387375,6.700919,46.770491,1,0.079000,0.936336
MP_R_Jongkok_1,posenet,82,3.317225,ok,1,direct,1.000000,6,right_shoulder,1,1,2.000000,612.440000,252.170000,2.000000,613.201111,249.031509,3.229460,46.770491,1,0.079000,0.984837
MP_R_Jongkok_1,posenet,82,3.317225,ok,1,direct,1.000000,7,left_elbow,1,1,2.000000,725.040000,322.810000,2.000000,725.169800,320.105591,2.707522,46.770491,1,0.072000,0.987154
MP_R_Jongkok_1,posenet,82,3.317225,ok,1,direct,1.000000,8,right_elbow,1,1,2.000000,595.120000,321.840000,2.000000,597.889221,329.710175,8.343155,46.770491,1,0.072000,0.884470
MP_R_Jongkok_1,posenet,82,3.317225,ok,1,direct,1.000000,9,left_wrist,1,1,2.000000,717.110000,399.110000,2.000000,717.513855,395.981903,3.154059,46.770491,1,0.062000,0.976616
MP_R_Jongkok_1,posenet,82,3.317225,ok,1,direct,1.000000,10,right_wrist,1,1,2.000000,590.270000,394.360000,2.000000,595.018250,399.823761,7.238685,46.770491,1,0.062000,0.882824
MP_R_Jongkok_1,posenet,82,3.317225,ok,1,direct,1.000000,11,left_hip,1,1,2.000000,694.060000,395.040000,2.000000,687.846924,410.388824,16.558645,46.770491,1,0.107000,0.803352
MP_R_Jongkok_1,posenet,82,3.317225,ok,1,direct,1.000000,12,right_hip,1,1,2.000000,633.710000,395.300000,2.000000,630.427063,411.349274,16.381601,46.770491,1,0.107000,0.807103
MP_R_Jongkok_1,posenet,82,3.317225,ok,1,direct,1.000000,13,left_knee,1,1,2.000000,703.880000,521.120000,2.000000,702.201843,520.841736,1.701071,46.770491,1,0.087000,0.996511
MP_R_Jongkok_1,posenet,82,3.317225,ok,1,direct,1.000000,14,right_knee,1,1,2.000000,636.400000,523.300000,2.000000,639.040039,529.485840,6.725654,46.770491,1,0.087000,0.946825
MP_R_Jongkok_1,posenet,82,3.317225,ok,1,direct,1.000000,15,left_ankle,1,1,2.000000,711.080000,647.410000,2.000000,708.900879,638.978333,8.708707,46.770491,1,0.089000,0.916181
MP_R_Jongkok_1,posenet,82,3.317225,ok,1,direct,1.000000,16,right_ankle,1,1,2.000000,654.770000,648.450000,2.000000,650.524048,635.136475,13.974193,46.770491,1,0.089000,0.798195
MP_R_Jongkok_1,posenet,83,3.357679,ok,1,direct,1.000000,0,nose,0,0,0.000000,0.000000,0.000000,2.000000,641.070923,174.587158,,,,0.026000,
MP_R_Jongkok_1,posenet,83,3.357679,ok,1,direct,1.000000,1,left_eye,0,0,0.000000,0.000000,0.000000,2.000000,650.638550,165.939301,,,,0.025000,
MP_R_Jongkok_1,posenet,83,3.357679,ok,1,direct,1.000000,2,right_eye,0,0,0.000000,0.000000,0.000000,2.000000,636.287109,165.939301,,,,0.025000,
MP_R_Jongkok_1,posenet,83,3.357679,ok,1,direct,1.000000,3,left_ear,0,0,0.000000,0.000000,0.000000,2.000000,676.471069,176.508911,,,,0.035000,
MP_R_Jongkok_1,posenet,83,3.357679,ok,1,direct,1.000000,4,right_ear,0,0,0.000000,0.000000,0.000000,2.000000,632.460022,175.548050,,,,0.035000,
MP_R_Jongkok_1,posenet,83,3.357679,ok,1,direct,1.000000,5,left_shoulder,1,1,2.000000,712.620000,244.280000,2.000000,707.087402,243.770096,5.556045,46.071023,1,0.079000,0.954462
MP_R_Jongkok_1,posenet,83,3.357679,ok,1,direct,1.000000,6,right_shoulder,1,1,2.000000,612.440000,252.170000,2.000000,614.281555,248.574463,4.039705,46.071023,1,0.079000,0.975662
MP_R_Jongkok_1,posenet,83,3.357679,ok,1,direct,1.000000,7,left_elbow,1,1,2.000000,725.570000,324.130000,2.000000,723.352356,326.405243,3.177212,46.071023,1,0.072000,0.981819
MP_R_Jongkok_1,posenet,83,3.357679,ok,1,direct,1.000000,8,right_elbow,1,1,2.000000,596.950000,323.450000,2.000000,601.843689,330.248718,8.376799,46.071023,1,0.072000,0.880253
MP_R_Jongkok_1,posenet,83,3.357679,ok,1,direct,1.000000,9,left_wrist,1,1,2.000000,718.860000,401.210000,2.000000,717.611755,400.392548,1.492094,46.071023,1,0.062000,0.994557
MP_R_Jongkok_1,posenet,83,3.357679,ok,1,direct,1.000000,10,right_wrist,1,1,2.000000,594.280000,397.280000,2.000000,600.886902,400.392548,7.303363,46.071023,1,0.062000,0.877438
MP_R_Jongkok_1,posenet,83,3.357679,ok,1,direct,1.000000,11,left_hip,1,1,2.000000,693.810000,395.330000,2.000000,685.081909,410.962158,17.903741,46.071023,1,0.107000,0.768118
MP_R_Jongkok_1,posenet,83,3.357679,ok,1,direct,1.000000,12,right_hip,1,1,2.000000,633.360000,395.690000,2.000000,627.676270,411.923035,17.199308,46.071023,1,0.107000,0.783910
MP_R_Jongkok_1,posenet,83,3.357679,ok,1,direct,1.000000,13,left_knee,1,1,2.000000,703.880000,521.120000,2.000000,699.433350,521.462708,4.459837,46.071023,1,0.087000,0.975543
MP_R_Jongkok_1,posenet,83,3.357679,ok,1,direct,1.000000,14,right_knee,1,1,2.000000,636.400000,523.300000,2.000000,639.157410,529.149658,6.466978,46.071023,1,0.087000,0.949268
MP_R_Jongkok_1,posenet,83,3.357679,ok,1,direct,1.000000,15,left_ankle,1,1,2.000000,711.080000,647.410000,2.000000,708.044189,638.689331,9.233971,46.071023,1,0.089000,0.903543
MP_R_Jongkok_1,posenet,83,3.357679,ok,1,direct,1.000000,16,right_ankle,1,1,2.000000,654.770000,648.450000,2.000000,649.681763,634.845764,14.524648,46.071023,1,0.089000,0.778053
MP_R_Jongkok_1,posenet,84,3.398133,ok,1,direct,1.000000,0,nose,0,0,0.000000,0.000000,0.000000,2.000000,640.706909,175.596985,,,,0.026000,
MP_R_Jongkok_1,posenet,84,3.398133,ok,1,direct,1.000000,1,left_eye,0,0,0.000000,0.000000,0.000000,2.000000,651.214172,165.998718,,,,0.025000,
MP_R_Jongkok_1,posenet,84,3.398133,ok,1,direct,1.000000,2,right_eye,0,0,0.000000,0.000000,0.000000,2.000000,635.930969,166.958542,,,,0.025000,
MP_R_Jongkok_1,posenet,84,3.398133,ok,1,direct,1.000000,3,left_ear,0,0,0.000000,0.000000,0.000000,2.000000,677.959961,176.556824,,,,0.035000,
MP_R_Jongkok_1,posenet,84,3.398133,ok,1,direct,1.000000,4,right_ear,0,0,0.000000,0.000000,0.000000,2.000000,633.065369,176.556824,,,,0.035000,
MP_R_Jongkok_1,posenet,84,3.398133,ok,1,direct,1.000000,5,left_shoulder,1,1,2.000000,712.910000,245.880000,2.000000,706.616089,241.825119,7.487014,45.368049,1,0.079000,0.916424
MP_R_Jongkok_1,posenet,84,3.398133,ok,1,direct,1.000000,6,right_shoulder,1,1,2.000000,612.440000,252.170000,2.000000,613.961243,248.543900,3.932275,45.368049,1,0.079000,0.976213
MP_R_Jongkok_1,posenet,84,3.398133,ok,1,direct,1.000000,7,left_elbow,1,1,2.000000,726.110000,325.450000,2.000000,722.854614,327.249786,3.719781,45.368049,1,0.072000,0.974398
MP_R_Jongkok_1,posenet,84,3.398133,ok,1,direct,1.000000,8,right_elbow,1,1,2.000000,598.770000,325.050000,2.000000,598.677917,331.089081,6.039783,45.368049,1,0.072000,0.933909
MP_R_Jongkok_1,posenet,84,3.398133,ok,1,direct,1.000000,9,left_wrist,1,1,2.000000,720.610000,403.300000,2.000000,718.078552,402.116364,2.794499,45.368049,1,0.062000,0.980453
MP_R_Jongkok_1,posenet,84,3.398133,ok,1,direct,1.000000,10,right_wrist,1,1,2.000000,598.290000,400.200000,2.000000,601.543579,406.915497,7.462149,45.368049,1,0.062000,0.868699
MP_R_Jongkok_1,posenet,84,3.398133,ok,1,direct,1.000000,11,left_hip,1,1,2.000000,693.560000,395.630000,2.000000,686.556763,410.754822,16.667500,45.368049,1,0.107000,0.789956
MP_R_Jongkok_1,posenet,84,3.398133,ok,1,direct,1.000000,12,right_hip,1,1,2.000000,633.020000,396.090000,2.000000,627.334106,410.754822,15.728521,45.368049,1,0.107000,0.810616
MP_R_Jongkok_1,posenet,84,3.398133,ok,1,direct,1.000000,13,left_knee,1,1,2.000000,703.880000,521.120000,2.000000,700.884888,523.054626,3.565596,45.368049,1,0.087000,0.983811
MP_R_Jongkok_1,posenet,84,3.398133,ok,1,direct,1.000000,14,right_knee,1,1,2.000000,636.400000,523.300000,2.000000,639.751709,529.773499,7.289728,45.368049,1,0.087000,0.934055
MP_R_Jongkok_1,posenet,84,3.398133,ok,1,direct,1.000000,15,left_ankle,1,1,2.000000,711.080000,647.410000,2.000000,709.481689,639.193848,8.370171,45.368049,1,0.089000,0.917645
MP_R_Jongkok_1,posenet,84,3.398133,ok,1,direct,1.000000,16,right_ankle,1,1,2.000000,654.770000,648.450000,2.000000,650.258972,634.394714,14.761451,45.368049,1,0.089000,0.765439
MP_R_Jongkok_1,posenet,85,3.438587,ok,1,direct,1.000000,0,nose,0,0,0.000000,0.000000,0.000000,2.000000,641.570129,175.963394,,,,0.026000,
MP_R_Jongkok_1,posenet,85,3.438587,ok,1,direct,1.000000,1,left_eye,0,0,0.000000,0.000000,0.000000,2.000000,651.122803,166.357285,,,,0.025000,
MP_R_Jongkok_1,posenet,85,3.438587,ok,1,direct,1.000000,2,right_eye,0,0,0.000000,0.000000,0.000000,2.000000,636.793762,166.357285,,,,0.025000,
MP_R_Jongkok_1,posenet,85,3.438587,ok,1,direct,1.000000,3,left_ear,0,0,0.000000,0.000000,0.000000,2.000000,677.870483,176.924026,,,,0.035000,
MP_R_Jongkok_1,posenet,85,3.438587,ok,1,direct,1.000000,4,right_ear,0,0,0.000000,0.000000,0.000000,2.000000,632.972656,176.924026,,,,0.035000,
MP_R_Jongkok_1,posenet,85,3.438587,ok,1,direct,1.000000,5,left_shoulder,1,1,2.000000,713.200000,247.490000,2.000000,707.483887,243.206238,7.143148,44.962655,1,0.079000,0.922303
MP_R_Jongkok_1,posenet,85,3.438587,ok,1,direct,1.000000,6,right_shoulder,1,1,2.000000,612.440000,252.170000,2.000000,614.822510,248.969910,3.989603,44.962655,1,0.079000,0.975085
MP_R_Jongkok_1,posenet,85,3.438587,ok,1,direct,1.000000,7,left_elbow,1,1,2.000000,726.640000,326.760000,2.000000,722.768188,325.818878,3.984550,44.962655,1,0.072000,0.970156
MP_R_Jongkok_1,posenet,85,3.438587,ok,1,direct,1.000000,8,right_elbow,1,1,2.000000,600.590000,326.660000,2.000000,601.448730,328.700714,2.214031,44.962655,1,0.072000,0.990689
MP_R_Jongkok_1,posenet,85,3.438587,ok,1,direct,1.000000,9,left_wrist,1,1,2.000000,722.370000,405.400000,2.000000,720.857666,399.785980,5.814153,44.962655,1,0.062000,0.916678
MP_R_Jongkok_1,posenet,85,3.438587,ok,1,direct,1.000000,10,right_wrist,1,1,2.000000,602.310000,403.120000,2.000000,606.225098,399.785980,5.142342,44.962655,1,0.062000,0.934208
MP_R_Jongkok_1,posenet,85,3.438587,ok,1,direct,1.000000,11,left_hip,1,1,2.000000,693.310000,395.920000,2.000000,686.467896,411.313324,16.845439,44.962655,1,0.107000,0.782547
MP_R_Jongkok_1,posenet,85,3.438587,ok,1,direct,1.000000,12,right_hip,1,1,2.000000,632.680000,396.480000,2.000000,628.196350,412.273926,16.418015,44.962655,1,0.107000,0.792220
MP_R_Jongkok_1,posenet,85,3.438587,ok,1,direct,1.000000,13,left_knee,1,1,2.000000,703.880000,521.120000,2.000000,700.796936,523.704895,4.023303,44.962655,1,0.087000,0.979065
MP_R_Jongkok_1,posenet,85,3.438587,ok,1,direct,1.000000,14,right_knee,1,1,2.000000,636.400000,523.300000,2.000000,638.704346,530.429199,7.492362,44.962655,1,0.087000,0.929256
MP_R_Jongkok_1,posenet,85,3.438587,ok,1,direct,1.000000,15,left_ankle,1,1,2.000000,711.080000,647.410000,2.000000,709.394409,638.978333,8.598502,44.962655,1,0.089000,0.911795
MP_R_Jongkok_1,posenet,85,3.438587,ok,1,direct,1.000000,16,right_ankle,1,1,2.000000,654.770000,648.450000,2.000000,650.167542,635.135925,14.087129,44.962655,1,0.089000,0.780476
MP_R_Jongkok_1,posenet,86,3.479041,ok,1,direct,1.000000,0,nose,0,0,0.000000,0.000000,0.000000,2.000000,641.195679,176.042969,,,,0.026000,
MP_R_Jongkok_1,posenet,86,3.479041,ok,1,direct,1.000000,1,left_eye,0,0,0.000000,0.000000,0.000000,2.000000,651.737183,166.441803,,,,0.025000,
MP_R_Jongkok_1,posenet,86,3.479041,ok,1,direct,1.000000,2,right_eye,0,0,0.000000,0.000000,0.000000,2.000000,636.404114,167.401932,,,,0.025000,
MP_R_Jongkok_1,posenet,86,3.479041,ok,1,direct,1.000000,3,left_ear,0,0,0.000000,0.000000,0.000000,2.000000,677.611694,177.003098,,,,0.035000,
MP_R_Jongkok_1,posenet,86,3.479041,ok,1,direct,1.000000,4,right_ear,0,0,0.000000,0.000000,0.000000,2.000000,632.570801,177.003098,,,,0.035000,
MP_R_Jongkok_1,posenet,86,3.479041,ok,1,direct,1.000000,5,left_shoulder,1,1,2.000000,713.200000,247.490000,2.000000,708.277832,245.171417,5.440916,44.980486,1,0.079000,0.954193
MP_R_Jongkok_1,posenet,86,3.479041,ok,1,direct,1.000000,6,right_shoulder,1,1,2.000000,612.440000,252.170000,2.000000,614.362732,248.051758,4.544977,44.980486,1,0.079000,0.967811
MP_R_Jongkok_1,posenet,86,3.479041,ok,1,direct,1.000000,7,left_elbow,1,1,2.000000,726.450000,327.010000,2.000000,723.610901,327.741516,2.931825,44.980486,1,0.072000,0.983743
MP_R_Jongkok_1,posenet,86,3.479041,ok,1,direct,1.000000,8,right_elbow,1,1,2.000000,600.300000,327.150000,2.000000,599.987976,328.701599,1.582662,44.980486,1,0.072000,0.995235
MP_R_Jongkok_1,posenet,86,3.479041,ok,1,direct,1.000000,9,left_wrist,1,1,2.000000,721.100000,405.890000,2.000000,718.819336,399.750275,6.549630,44.980486,1,0.062000,0.895553
MP_R_Jongkok_1,posenet,86,3.479041,ok,1,direct,1.000000,10,right_wrist,1,1,2.000000,601.430000,403.220000,2.000000,602.862976,400.710388,2.889909,44.980486,1,0.062000,0.978752
MP_R_Jongkok_1,posenet,86,3.479041,ok,1,direct,1.000000,11,left_hip,1,1,2.000000,692.680000,395.820000,2.000000,686.236511,411.271698,16.741371,44.980486,1,0.107000,0.785065
MP_R_Jongkok_1,posenet,86,3.479041,ok,1,direct,1.000000,12,right_hip,1,1,2.000000,632.340000,396.870000,2.000000,628.737549,410.311554,13.915927,44.980486,1,0.107000,0.846030
MP_R_Jongkok_1,posenet,86,3.479041,ok,1,direct,1.000000,13,left_knee,1,1,2.000000,703.880000,521.120000,2.000000,701.569641,527.445862,6.734559,44.980486,1,0.087000,0.942487
MP_R_Jongkok_1,posenet,86,3.479041,ok,1,direct,1.000000,14,right_knee,1,1,2.000000,636.400000,523.300000,2.000000,638.320679,529.366089,6.362896,44.980486,1,0.087000,0.948498
MP_R_Jongkok_1,posenet,86,3.479041,ok,1,direct,1.000000,15,left_ankle,1,1,2.000000,711.080000,647.410000,2.000000,709.236145,638.819458,8.786194,44.980486,1,0.089000,0.908156
MP_R_Jongkok_1,posenet,86,3.479041,ok,1,direct,1.000000,16,right_ankle,1,1,2.000000,654.770000,648.450000,2.000000,650.778809,636.899170,12.220936,44.980486,1,0.089000,0.829954
MP_R_Jongkok_1,posenet,87,3.519495,ok,1,direct,1.000000,0,nose,0,0,0.000000,0.000000,0.000000,2.000000,640.899536,175.046875,,,,0.026000,
MP_R_Jongkok_1,posenet,87,3.519495,ok,1,direct,1.000000,1,left_eye,0,0,0.000000,0.000000,0.000000,2.000000,652.381592,165.450150,,,,0.025000,
MP_R_Jongkok_1,posenet,87,3.519495,ok,1,direct,1.000000,2,right_eye,0,0,0.000000,0.000000,0.000000,2.000000,636.115234,166.409805,,,,0.025000,
MP_R_Jongkok_1,posenet,87,3.519495,ok,1,direct,1.000000,3,left_ear,0,0,0.000000,0.000000,0.000000,2.000000,677.259583,176.966217,,,,0.035000,
MP_R_Jongkok_1,posenet,87,3.519495,ok,1,direct,1.000000,4,right_ear,0,0,0.000000,0.000000,0.000000,2.000000,632.287903,176.006546,,,,0.035000,
MP_R_Jongkok_1,posenet,87,3.519495,ok,1,direct,1.000000,5,left_shoulder,1,1,2.000000,713.200000,247.490000,2.000000,707.878601,245.103043,5.832225,44.996529,1,0.079000,0.947586
MP_R_Jongkok_1,posenet,87,3.519495,ok,1,direct,1.000000,6,right_shoulder,1,1,2.000000,612.440000,252.170000,2.000000,614.107849,247.982056,4.507837,44.996529,1,0.079000,0.968349
MP_R_Jongkok_1,posenet,87,3.519495,ok,1,direct,1.000000,7,left_elbow,1,1,2.000000,726.250000,327.250000,2.000000,723.188171,328.594666,3.344087,44.996529,1,0.072000,0.978916
MP_R_Jongkok_1,posenet,87,3.519495,ok,1,direct,1.000000,8,right_elbow,1,1,2.000000,600.010000,327.640000,2.000000,598.798279,328.594666,1.542613,44.996529,1,0.072000,0.995476
MP_R_Jongkok_1,posenet,87,3.519495,ok,1,direct,1.000000,9,left_wrist,1,1,2.000000,719.830000,406.380000,2.000000,719.360840,402.489502,3.918684,44.996529,1,0.062000,0.961307
MP_R_Jongkok_1,posenet,87,3.519495,ok,1,direct,1.000000,10,right_wrist,1,1,2.000000,600.550000,403.310000,2.000000,602.625732,400.570160,3.437352,44.996529,1,0.062000,0.970094
MP_R_Jongkok_1,posenet,87,3.519495,ok,1,direct,1.000000,11,left_hip,1,1,2.000000,692.040000,395.720000,2.000000,686.828064,411.126556,16.264263,44.996529,1,0.107000,0.795941
MP_R_Jongkok_1,posenet,87,3.519495,ok,1,direct,1.000000,12,right_hip,1,1,2.000000,632.000000,397.260000,2.000000,627.503662,410.166901,13.667668,44.996529,1,0.107000,0.851145
MP_R_Jongkok_1,posenet,87,3.519495,ok,1,direct,1.000000,13,left_knee,1,1,2.000000,703.880000,521.120000,2.000000,702.137573,528.206726,7.297790,44.996529,1,0.087000,0.932855
MP_R_Jongkok_1,posenet,87,3.519495,ok,1,direct,1.000000,14,right_knee,1,1,2.000000,636.400000,523.300000,2.000000,638.985779,530.126099,7.299443,44.996529,1,0.087000,0.932826
MP_R_Jongkok_1,posenet,87,3.519495,ok,1,direct,1.000000,15,left_ankle,1,1,2.000000,711.080000,647.410000,2.000000,708.835510,639.528809,8.194566,44.996529,1,0.089000,0.919668
MP_R_Jongkok_1,posenet,87,3.519495,ok,1,direct,1.000000,16,right_ankle,1,1,2.000000,654.770000,648.450000,2.000000,650.467957,636.649902,12.559852,44.996529,1,0.089000,0.821416
MP_R_Jongkok_1,posenet,88,3.559949,ok,1,direct,1.000000,0,nose,0,0,0.000000,0.000000,0.000000,2.000000,641.848755,174.673828,,,,0.026000,
MP_R_Jongkok_1,posenet,88,3.559949,ok,1,direct,1.000000,1,left_eye,0,0,0.000000,0.000000,0.000000,2.000000,651.440247,166.028305,,,,0.025000,
MP_R_Jongkok_1,posenet,88,3.559949,ok,1,direct,1.000000,2,right_eye,0,0,0.000000,0.000000,0.000000,2.000000,637.053040,166.028305,,,,0.025000,
MP_R_Jongkok_1,posenet,88,3.559949,ok,1,direct,1.000000,3,left_ear,0,0,0.000000,0.000000,0.000000,2.000000,677.337219,177.555664,,,,0.035000,
MP_R_Jongkok_1,posenet,88,3.559949,ok,1,direct,1.000000,4,right_ear,0,0,0.000000,0.000000,0.000000,2.000000,633.216431,176.595062,,,,0.035000,
MP_R_Jongkok_1,posenet,88,3.559949,ok,1,direct,1.000000,5,left_shoulder,1,1,2.000000,713.200000,247.490000,2.000000,707.070801,244.798569,6.694093,45.023254,1,0.079000,0.931610
MP_R_Jongkok_1,posenet,88,3.559949,ok,1,direct,1.000000,6,right_shoulder,1,1,2.000000,612.440000,252.170000,2.000000,613.074280,247.680420,4.534164,45.023254,1,0.079000,0.968022
MP_R_Jongkok_1,posenet,88,3.559949,ok,1,direct,1.000000,7,left_elbow,1,1,2.000000,726.060000,327.490000,2.000000,725.294617,325.490051,2.141403,45.023254,1,0.072000,0.991311
MP_R_Jongkok_1,posenet,88,3.559949,ok,1,direct,1.000000,8,right_elbow,1,1,2.000000,599.720000,328.130000,2.000000,598.687134,331.253723,3.290055,45.023254,1,0.072000,0.979609
MP_R_Jongkok_1,posenet,88,3.559949,ok,1,direct,1.000000,9,left_wrist,1,1,2.000000,718.550000,406.870000,2.000000,721.458069,401.378479,6.213990,45.023254,1,0.062000,0.905644
MP_R_Jongkok_1,posenet,88,3.559949,ok,1,direct,1.000000,10,right_wrist,1,1,2.000000,599.670000,403.410000,2.000000,600.605408,402.339081,1.421920,45.023254,1,0.062000,0.994824
MP_R_Jongkok_1,posenet,88,3.559949,ok,1,direct,1.000000,11,left_hip,1,1,2.000000,691.400000,395.620000,2.000000,686.928772,412.905853,17.854764,45.023254,1,0.107000,0.759782
MP_R_Jongkok_1,posenet,88,3.559949,ok,1,direct,1.000000,12,right_hip,1,1,2.000000,631.650000,397.650000,2.000000,627.461548,412.905853,15.820373,45.023254,1,0.107000,0.805988
MP_R_Jongkok_1,posenet,88,3.559949,ok,1,direct,1.000000,13,left_knee,1,1,2.000000,703.880000,521.120000,2.000000,701.315918,528.179382,7.510619,45.023254,1,0.087000,0.929108
MP_R_Jongkok_1,posenet,88,3.559949,ok,1,direct,1.000000,14,right_knee,1,1,2.000000,636.400000,523.300000,2.000000,638.971313,530.100647,7.270519,45.023254,1,0.087000,0.933416
MP_R_Jongkok_1,posenet,88,3.559949,ok,1,direct,1.000000,15,left_ankle,1,1,2.000000,711.080000,647.410000,2.000000,708.989136,638.649902,9.006166,45.023254,1,0.089000,0.903905
MP_R_Jongkok_1,posenet,88,3.559949,ok,1,direct,1.000000,16,right_ankle,1,1,2.000000,654.770000,648.450000,2.000000,650.481140,635.768066,13.387522,45.023254,1,0.089000,0.799921
MP_R_Jongkok_1,posenet,89,3.600403,ok,1,direct,1.000000,0,nose,0,0,0.000000,0.000000,0.000000,2.000000,641.794922,174.925522,,,,0.026000,
MP_R_Jongkok_1,posenet,89,3.600403,ok,1,direct,1.000000,1,left_eye,0,0,0.000000,0.000000,0.000000,2.000000,651.392334,167.247894,,,,0.025000,
MP_R_Jongkok_1,posenet,89,3.600403,ok,1,direct,1.000000,2,right_eye,0,0,0.000000,0.000000,0.000000,2.000000,636.996216,167.247894,,,,0.025000,
MP_R_Jongkok_1,posenet,89,3.600403,ok,1,direct,1.000000,3,left_ear,0,0,0.000000,0.000000,0.000000,2.000000,677.305420,177.804642,,,,0.035000,
MP_R_Jongkok_1,posenet,89,3.600403,ok,1,direct,1.000000,4,right_ear,0,0,0.000000,0.000000,0.000000,2.000000,633.157227,176.844925,,,,0.035000,
MP_R_Jongkok_1,posenet,89,3.600403,ok,1,direct,1.000000,5,left_shoulder,1,1,2.000000,713.200000,247.490000,2.000000,707.057495,245.943619,6.334166,45.144208,1,0.079000,0.938860
MP_R_Jongkok_1,posenet,89,3.600403,ok,1,direct,1.000000,6,right_shoulder,1,1,2.000000,612.440000,252.170000,2.000000,613.962402,247.863037,4.568111,45.144208,1,0.079000,0.967720
MP_R_Jongkok_1,posenet,89,3.600403,ok,1,direct,1.000000,7,left_elbow,1,1,2.000000,725.860000,327.740000,2.000000,725.292664,326.558777,1.310404,45.144208,1,0.072000,0.996755
MP_R_Jongkok_1,posenet,89,3.600403,ok,1,direct,1.000000,8,right_elbow,1,1,2.000000,599.420000,328.620000,2.000000,600.525940,328.478180,1.114996,45.144208,1,0.072000,0.997649
MP_R_Jongkok_1,posenet,89,3.600403,ok,1,direct,1.000000,9,left_wrist,1,1,2.000000,717.280000,407.350000,2.000000,719.534180,402.375366,5.461530,45.144208,1,0.062000,0.926677
MP_R_Jongkok_1,posenet,89,3.600403,ok,1,direct,1.000000,10,right_wrist,1,1,2.000000,598.790000,403.510000,2.000000,599.566223,402.375366,1.374742,45.144208,1,0.062000,0.995187
MP_R_Jongkok_1,posenet,89,3.600403,ok,1,direct,1.000000,11,left_hip,1,1,2.000000,690.760000,395.530000,2.000000,686.902893,413.891815,18.762557,45.144208,1,0.107000,0.739525
MP_R_Jongkok_1,posenet,89,3.600403,ok,1,direct,1.000000,12,right_hip,1,1,2.000000,631.310000,398.040000,2.000000,627.398804,412.932129,15.397174,45.144208,1,0.107000,0.816109
MP_R_Jongkok_1,posenet,89,3.600403,ok,1,direct,1.000000,13,left_knee,1,1,2.000000,703.880000,521.120000,2.000000,701.299072,523.298096,3.377172,45.144208,1,0.087000,0.985321
MP_R_Jongkok_1,posenet,89,3.600403,ok,1,direct,1.000000,14,right_knee,1,1,2.000000,636.400000,523.300000,2.000000,637.955994,529.056274,5.962869,45.144208,1,0.087000,0.954947
MP_R_Jongkok_1,posenet,89,3.600403,ok,1,direct,1.000000,15,left_ankle,1,1,2.000000,711.080000,647.410000,2.000000,709.936707,639.422241,8.069164,45.144208,1,0.089000,0.922500
MP_R_Jongkok_1,posenet,89,3.600403,ok,1,direct,1.000000,16,right_ankle,1,1,2.000000,654.770000,648.450000,2.000000,651.392334,636.543213,12.376599,45.144208,1,0.089000,0.827142
MP_R_Jongkok_1,posenet,90,3.640857,ok,1,direct,1.000000,0,nose,0,0,0.000000,0.000000,0.000000,2.000000,642.629150,177.268768,,,,0.026000,
MP_R_Jongkok_1,posenet,90,3.640857,ok,1,direct,1.000000,1,left_eye,0,0,0.000000,0.000000,0.000000,2.000000,652.210449,167.661316,,,,0.025000,
MP_R_Jongkok_1,posenet,90,3.640857,ok,1,direct,1.000000,2,right_eye,0,0,0.000000,0.000000,0.000000,2.000000,636.880432,167.661316,,,,0.025000,
MP_R_Jongkok_1,posenet,90,3.640857,ok,1,direct,1.000000,3,left_ear,0,0,0.000000,0.000000,0.000000,2.000000,677.121765,177.268768,,,,0.035000,
MP_R_Jongkok_1,posenet,90,3.640857,ok,1,direct,1.000000,4,right_ear,0,0,0.000000,0.000000,0.000000,2.000000,633.047913,178.229523,,,,0.035000,
MP_R_Jongkok_1,posenet,90,3.640857,ok,1,direct,1.000000,5,left_shoulder,1,1,2.000000,713.200000,247.490000,2.000000,708.739929,245.481689,4.891374,45.266610,1,0.079000,0.963273
MP_R_Jongkok_1,posenet,90,3.640857,ok,1,direct,1.000000,6,right_shoulder,1,1,2.000000,612.440000,252.170000,2.000000,614.843506,248.363953,4.501426,45.266610,1,0.079000,0.968807
MP_R_Jongkok_1,posenet,90,3.640857,ok,1,direct,1.000000,7,left_elbow,1,1,2.000000,725.670000,327.980000,2.000000,725.986206,328.105804,0.340313,45.266610,1,0.072000,0.999782
MP_R_Jongkok_1,posenet,90,3.640857,ok,1,direct,1.000000,8,right_elbow,1,1,2.000000,599.130000,329.100000,2.000000,600.471619,330.027313,1.630905,45.266610,1,0.072000,0.995004
MP_R_Jongkok_1,posenet,90,3.640857,ok,1,direct,1.000000,9,left_wrist,1,1,2.000000,716.010000,407.840000,2.000000,718.321228,401.122467,7.104015,45.266610,1,0.062000,0.879727
MP_R_Jongkok_1,posenet,90,3.640857,ok,1,direct,1.000000,10,right_wrist,1,1,2.000000,597.910000,403.610000,2.000000,600.471619,400.161743,4.295622,45.266610,1,0.062000,0.954227
MP_R_Jongkok_1,posenet,90,3.640857,ok,1,direct,1.000000,11,left_hip,1,1,2.000000,690.120000,395.430000,2.000000,687.661133,412.651428,17.396081,45.266610,1,0.107000,0.772600
MP_R_Jongkok_1,posenet,90,3.640857,ok,1,direct,1.000000,12,right_hip,1,1,2.000000,630.970000,398.430000,2.000000,627.299133,411.690674,13.759387,45.266610,1,0.107000,0.850951
MP_R_Jongkok_1,posenet,90,3.640857,ok,1,direct,1.000000,13,left_knee,1,1,2.000000,703.880000,521.120000,2.000000,702.033020,529.862366,8.935340,45.266610,1,0.087000,0.902165
MP_R_Jongkok_1,posenet,90,3.640857,ok,1,direct,1.000000,14,right_knee,1,1,2.000000,636.400000,523.300000,2.000000,637.838562,530.823120,7.659425,45.266610,1,0.087000,0.927138
MP_R_Jongkok_1,posenet,90,3.640857,ok,1,direct,1.000000,15,left_ankle,1,1,2.000000,711.080000,647.410000,2.000000,709.698059,639.387390,8.140763,45.266610,1,0.089000,0.921583
MP_R_Jongkok_1,posenet,90,3.640857,ok,1,direct,1.000000,16,right_ankle,1,1,2.000000,654.770000,648.450000,2.000000,651.252319,634.583557,14.305674,45.266610,1,0.089000,0.777105
MP_R_Jongkok_1,posenet,91,3.681311,ok,1,direct,1.000000,0,nose,0,0,0.000000,0.000000,0.000000,2.000000,641.877625,176.004959,,,,0.026000,
MP_R_Jongkok_1,posenet,91,3.681311,ok,1,direct,1.000000,1,left_eye,0,0,0.000000,0.000000,0.000000,2.000000,651.428101,167.356491,,,,0.025000,
MP_R_Jongkok_1,posenet,91,3.681311,ok,1,direct,1.000000,2,right_eye,0,0,0.000000,0.000000,0.000000,2.000000,637.102417,167.356491,,,,0.025000,
MP_R_Jongkok_1,posenet,91,3.681311,ok,1,direct,1.000000,3,left_ear,0,0,0.000000,0.000000,0.000000,2.000000,677.214294,177.926834,,,,0.035000,
MP_R_Jongkok_1,posenet,91,3.681311,ok,1,direct,1.000000,4,right_ear,0,0,0.000000,0.000000,0.000000,2.000000,633.282227,178.887772,,,,0.035000,
MP_R_Jongkok_1,posenet,91,3.681311,ok,1,direct,1.000000,5,left_shoulder,1,1,2.000000,713.200000,247.490000,2.000000,708.730713,245.192581,5.025203,45.126441,1,0.079000,0.961040
MP_R_Jongkok_1,posenet,91,3.681311,ok,1,direct,1.000000,6,right_shoulder,1,1,2.000000,612.440000,252.170000,2.000000,614.181335,249.036331,3.584987,45.126441,1,0.079000,0.979978
MP_R_Jongkok_1,posenet,91,3.681311,ok,1,direct,1.000000,7,left_elbow,1,1,2.000000,725.470000,328.230000,2.000000,724.966492,328.794312,0.756286,45.126441,1,0.072000,0.998917
MP_R_Jongkok_1,posenet,91,3.681311,ok,1,direct,1.000000,8,right_elbow,1,1,2.000000,599.330000,329.400000,2.000000,599.855713,329.755249,0.634489,45.126441,1,0.072000,0.999238
MP_R_Jongkok_1,posenet,91,3.681311,ok,1,direct,1.000000,9,left_wrist,1,1,2.000000,714.160000,407.450000,2.000000,716.371094,400.864746,6.946546,45.126441,1,0.062000,0.884009
MP_R_Jongkok_1,posenet,91,3.681311,ok,1,direct,1.000000,10,right_wrist,1,1,2.000000,598.500000,403.120000,2.000000,599.855713,399.903778,3.490278,45.126441,1,0.062000,0.969355
MP_R_Jongkok_1,posenet,91,3.681311,ok,1,direct,1.000000,11,left_hip,1,1,2.000000,689.830000,395.520000,2.000000,687.719788,409.513184,14.151402,45.126441,1,0.107000,0.842156
MP_R_Jongkok_1,posenet,91,3.681311,ok,1,direct,1.000000,12,right_hip,1,1,2.000000,630.970000,398.430000,2.000000,627.552002,409.513184,11.598261,45.126441,1,0.107000,0.891014
MP_R_Jongkok_1,posenet,91,3.681311,ok,1,direct,1.000000,13,left_knee,1,1,2.000000,703.880000,521.120000,2.000000,702.045410,527.708679,6.839328,45.126441,1,0.087000,0.941110
MP_R_Jongkok_1,posenet,91,3.681311,ok,1,direct,1.000000,14,right_knee,1,1,2.000000,636.400000,523.300000,2.000000,637.102417,528.669617,5.415365,45.126441,1,0.087000,0.962662
MP_R_Jongkok_1,posenet,91,3.681311,ok,1,direct,1.000000,15,left_ankle,1,1,2.000000,711.080000,647.410000,2.000000,710.640808,639.177673,8.244034,45.126441,1,0.089000,0.919184
MP_R_Jongkok_1,posenet,91,3.681311,ok,1,direct,1.000000,16,right_ankle,1,1,2.000000,654.770000,648.450000,2.000000,650.473022,637.255798,11.990587,45.126441,1,0.089000,0.836720
MP_R_Jongkok_1,posenet,92,3.721765,ok,1,direct,1.000000,0,nose,0,0,0.000000,0.000000,0.000000,2.000000,643.639404,177.507462,,,,0.026000,
MP_R_Jongkok_1,posenet,92,3.721765,ok,1,direct,1.000000,1,left_eye,0,0,0.000000,0.000000,0.000000,2.000000,653.225464,167.904663,,,,0.025000,
MP_R_Jongkok_1,posenet,92,3.721765,ok,1,direct,1.000000,2,right_eye,0,0,0.000000,0.000000,0.000000,2.000000,638.846375,167.904663,,,,0.025000,
MP_R_Jongkok_1,posenet,92,3.721765,ok,1,direct,1.000000,3,left_ear,0,0,0.000000,0.000000,0.000000,2.000000,678.149170,177.507462,,,,0.035000,
MP_R_Jongkok_1,posenet,92,3.721765,ok,1,direct,1.000000,4,right_ear,0,0,0.000000,0.000000,0.000000,2.000000,633.094727,178.467743,,,,0.035000,
MP_R_Jongkok_1,posenet,92,3.721765,ok,1,direct,1.000000,5,left_shoulder,1,1,2.000000,713.200000,247.490000,2.000000,709.783142,245.687210,3.863285,44.989400,1,0.079000,0.976647
MP_R_Jongkok_1,posenet,92,3.721765,ok,1,direct,1.000000,6,right_shoulder,1,1,2.000000,612.440000,252.170000,2.000000,613.922607,248.568039,3.895157,44.989400,1,0.079000,0.976264
MP_R_Jongkok_1,posenet,92,3.721765,ok,1,direct,1.000000,7,left_elbow,1,1,2.000000,725.280000,328.470000,2.000000,725.120850,329.231415,0.777870,44.989400,1,0.072000,0.998847
MP_R_Jongkok_1,posenet,92,3.721765,ok,1,direct,1.000000,8,right_elbow,1,1,2.000000,599.520000,329.690000,2.000000,601.460754,329.231415,1.994199,44.989400,1,0.072000,0.992448
MP_R_Jongkok_1,posenet,92,3.721765,ok,1,direct,1.000000,9,left_wrist,1,1,2.000000,712.300000,407.060000,2.000000,714.576233,407.013947,2.276699,44.989400,1,0.062000,0.986764
MP_R_Jongkok_1,posenet,92,3.721765,ok,1,direct,1.000000,10,right_wrist,1,1,2.000000,599.080000,402.630000,2.000000,599.543579,399.331726,3.330693,44.989400,1,0.062000,0.971886
MP_R_Jongkok_1,posenet,92,3.721765,ok,1,direct,1.000000,11,left_hip,1,1,2.000000,689.540000,395.620000,2.000000,687.735229,409.894775,14.388412,44.989400,1,0.107000,0.836376
MP_R_Jongkok_1,posenet,92,3.721765,ok,1,direct,1.000000,12,right_hip,1,1,2.000000,630.970000,398.430000,2.000000,627.343140,408.934509,11.113003,44.989400,1,0.107000,0.898897
MP_R_Jongkok_1,posenet,92,3.721765,ok,1,direct,1.000000,13,left_knee,1,1,2.000000,703.880000,521.120000,2.000000,702.114319,527.048767,6.186106,44.989400,1,0.087000,0.951269
MP_R_Jongkok_1,posenet,92,3.721765,ok,1,direct,1.000000,14,right_knee,1,1,2.000000,636.400000,523.300000,2.000000,637.887756,528.969299,5.861260,44.989400,1,0.087000,0.956142
MP_R_Jongkok_1,posenet,92,3.721765,ok,1,direct,1.000000,15,left_ankle,1,1,2.000000,711.080000,647.410000,2.000000,709.783142,637.480713,10.013620,44.989400,1,0.089000,0.882420
MP_R_Jongkok_1,posenet,92,3.721765,ok,1,direct,1.000000,16,right_ankle,1,1,2.000000,654.770000,648.450000,2.000000,650.349609,636.520447,12.722189,44.989400,1,0.089000,0.817170
MP_R_Jongkok_1,posenet,93,3.762219,ok,1,direct,1.000000,0,nose,0,0,0.000000,0.000000,0.000000,2.000000,642.933167,175.447998,,,,0.026000,
MP_R_Jongkok_1,posenet,93,3.762219,ok,1,direct,1.000000,1,left_eye,0,0,0.000000,0.000000,0.000000,2.000000,653.492371,166.804718,,,,0.025000,
MP_R_Jongkok_1,posenet,93,3.762219,ok,1,direct,1.000000,2,right_eye,0,0,0.000000,0.000000,0.000000,2.000000,638.133545,168.725449,,,,0.025000,
MP_R_Jongkok_1,posenet,93,3.762219,ok,1,direct,1.000000,3,left_ear,0,0,0.000000,0.000000,0.000000,2.000000,678.450439,176.408371,,,,0.035000,
MP_R_Jongkok_1,posenet,93,3.762219,ok,1,direct,1.000000,4,right_ear,0,0,0.000000,0.000000,0.000000,2.000000,634.293884,179.289459,,,,0.035000,
MP_R_Jongkok_1,posenet,93,3.762219,ok,1,direct,1.000000,5,left_shoulder,1,1,2.000000,713.200000,247.490000,2.000000,709.168091,242.673447,6.281360,44.848364,1,0.079000,0.939073
MP_R_Jongkok_1,posenet,93,3.762219,ok,1,direct,1.000000,6,right_shoulder,1,1,2.000000,612.440000,252.170000,2.000000,614.135437,249.395981,3.251106,44.848364,1,0.079000,0.983301
MP_R_Jongkok_1,posenet,93,3.762219,ok,1,direct,1.000000,7,left_elbow,1,1,2.000000,725.080000,328.720000,2.000000,723.566956,331.987244,3.600581,44.848364,1,0.072000,0.975440
MP_R_Jongkok_1,posenet,93,3.762219,ok,1,direct,1.000000,8,right_elbow,1,1,2.000000,599.720000,329.980000,2.000000,601.656372,331.026886,2.201251,44.848364,1,0.072000,0.990749
MP_R_Jongkok_1,posenet,93,3.762219,ok,1,direct,1.000000,9,left_wrist,1,1,2.000000,710.440000,406.670000,2.000000,711.087952,409.776733,3.173584,44.848364,1,0.062000,0.974284
MP_R_Jongkok_1,posenet,93,3.762219,ok,1,direct,1.000000,10,right_wrist,1,1,2.000000,599.670000,402.140000,2.000000,600.696472,402.093811,1.027511,44.848364,1,0.062000,0.997273
MP_R_Jongkok_1,posenet,93,3.762219,ok,1,direct,1.000000,11,left_hip,1,1,2.000000,689.250000,395.720000,2.000000,689.009644,411.697449,15.979257,44.848364,1,0.107000,0.801108
MP_R_Jongkok_1,posenet,93,3.762219,ok,1,direct,1.000000,12,right_hip,1,1,2.000000,630.970000,398.430000,2.000000,628.534302,411.697449,13.489174,44.848364,1,0.107000,0.853824
MP_R_Jongkok_1,posenet,93,3.762219,ok,1,direct,1.000000,13,left_knee,1,1,2.000000,703.880000,521.120000,2.000000,703.408569,525.020325,3.928712,44.848364,1,0.087000,0.979927
MP_R_Jongkok_1,posenet,93,3.762219,ok,1,direct,1.000000,14,right_knee,1,1,2.000000,636.400000,523.300000,2.000000,639.093506,530.782532,7.952563,44.848364,1,0.087000,0.920275
MP_R_Jongkok_1,posenet,93,3.762219,ok,1,direct,1.000000,15,left_ankle,1,1,2.000000,711.080000,647.410000,2.000000,709.168091,639.303650,8.328764,44.848364,1,0.089000,0.916604
MP_R_Jongkok_1,posenet,93,3.762219,ok,1,direct,1.000000,16,right_ankle,1,1,2.000000,654.770000,648.450000,2.000000,649.652710,634.501770,14.857314,44.848364,1,0.089000,0.757978
MP_R_Jongkok_1,posenet,94,3.802673,ok,1,direct,1.000000,0,nose,0,0,0.000000,0.000000,0.000000,2.000000,643.663879,177.160446,,,,0.026000,
MP_R_Jongkok_1,posenet,94,3.802673,ok,1,direct,1.000000,1,left_eye,0,0,0.000000,0.000000,0.000000,2.000000,653.212036,167.550537,,,,0.025000,
MP_R_Jongkok_1,posenet,94,3.802673,ok,1,direct,1.000000,2,right_eye,0,0,0.000000,0.000000,0.000000,2.000000,638.889832,167.550537,,,,0.025000,
MP_R_Jongkok_1,posenet,94,3.802673,ok,1,direct,1.000000,3,left_ear,0,0,0.000000,0.000000,0.000000,2.000000,678.037170,177.160446,,,,0.035000,
MP_R_Jongkok_1,posenet,94,3.802673,ok,1,direct,1.000000,4,right_ear,0,0,0.000000,0.000000,0.000000,2.000000,634.115784,178.121445,,,,0.035000,
MP_R_Jongkok_1,posenet,94,3.802673,ok,1,direct,1.000000,5,left_shoulder,1,1,2.000000,713.200000,247.490000,2.000000,709.545959,245.390839,4.214082,44.771411,1,0.079000,0.972008
MP_R_Jongkok_1,posenet,94,3.802673,ok,1,direct,1.000000,6,right_shoulder,1,1,2.000000,612.440000,252.170000,2.000000,615.019592,248.273804,4.672755,44.771411,1,0.079000,0.965695
MP_R_Jongkok_1,posenet,94,3.802673,ok,1,direct,1.000000,7,left_elbow,1,1,2.000000,724.890000,328.960000,2.000000,722.913330,328.997070,1.977017,44.771411,1,0.072000,0.992505
MP_R_Jongkok_1,posenet,94,3.802673,ok,1,direct,1.000000,8,right_elbow,1,1,2.000000,599.910000,330.280000,2.000000,602.606995,328.997070,2.986585,44.771411,1,0.072000,0.982979
MP_R_Jongkok_1,posenet,94,3.802673,ok,1,direct,1.000000,9,left_wrist,1,1,2.000000,708.590000,406.280000,2.000000,709.545959,404.915405,1.666126,44.771411,1,0.062000,0.992820
MP_R_Jongkok_1,posenet,94,3.802673,ok,1,direct,1.000000,10,right_wrist,1,1,2.000000,600.260000,401.650000,2.000000,602.606995,399.149445,3.429455,44.771411,1,0.062000,0.969933
MP_R_Jongkok_1,posenet,94,3.802673,ok,1,direct,1.000000,11,left_hip,1,1,2.000000,688.960000,395.820000,2.000000,688.540039,408.759338,12.946152,44.771411,1,0.107000,0.864103
MP_R_Jongkok_1,posenet,94,3.802673,ok,1,direct,1.000000,12,right_hip,1,1,2.000000,630.970000,398.430000,2.000000,628.386902,408.759338,10.647424,44.771411,1,0.107000,0.905925
MP_R_Jongkok_1,posenet,94,3.802673,ok,1,direct,1.000000,13,left_knee,1,1,2.000000,703.880000,521.120000,2.000000,699.997864,519.273315,4.298980,44.771411,1,0.087000,0.975932
MP_R_Jongkok_1,posenet,94,3.802673,ok,1,direct,1.000000,14,right_knee,1,1,2.000000,636.400000,523.300000,2.000000,637.935059,526.961243,3.970026,44.771411,1,0.087000,0.979438
MP_R_Jongkok_1,posenet,94,3.802673,ok,1,direct,1.000000,15,left_ankle,1,1,2.000000,711.080000,647.410000,2.000000,709.545959,636.514282,11.003179,44.771411,1,0.089000,0.858554
MP_R_Jongkok_1,posenet,94,3.802673,ok,1,direct,1.000000,16,right_ankle,1,1,2.000000,654.770000,648.450000,2.000000,650.347595,635.553284,13.633890,44.771411,1,0.089000,0.791246
MP_R_Jongkok_1,posenet,95,3.843127,ok,1,direct,1.000000,0,nose,0,0,0.000000,0.000000,0.000000,2.000000,644.453979,175.218521,,,,0.026000,
MP_R_Jongkok_1,posenet,95,3.843127,ok,1,direct,1.000000,1,left_eye,0,0,0.000000,0.000000,0.000000,2.000000,653.064514,165.619614,,,,0.025000,
MP_R_Jongkok_1,posenet,95,3.843127,ok,1,direct,1.000000,2,right_eye,0,0,0.000000,0.000000,0.000000,2.000000,638.713684,168.499298,,,,0.025000,
MP_R_Jongkok_1,posenet,95,3.843127,ok,1,direct,1.000000,3,left_ear,0,0,0.000000,0.000000,0.000000,2.000000,678.895935,176.178406,,,,0.035000,
MP_R_Jongkok_1,posenet,95,3.843127,ok,1,direct,1.000000,4,right_ear,0,0,0.000000,0.000000,0.000000,2.000000,633.930115,179.058060,,,,0.035000,
MP_R_Jongkok_1,posenet,95,3.843127,ok,1,direct,1.000000,5,left_shoulder,1,1,2.000000,713.200000,247.490000,2.000000,709.510986,243.370636,5.529736,44.699708,1,0.079000,0.952140
MP_R_Jongkok_1,posenet,95,3.843127,ok,1,direct,1.000000,6,right_shoulder,1,1,2.000000,612.440000,252.170000,2.000000,614.795715,250.089874,3.142661,44.699708,1,0.079000,0.984285
MP_R_Jongkok_1,posenet,95,3.843127,ok,1,direct,1.000000,7,left_elbow,1,1,2.000000,724.690000,329.200000,2.000000,720.991638,327.840881,3.940188,44.699708,1,0.072000,0.970468
MP_R_Jongkok_1,posenet,95,3.843127,ok,1,direct,1.000000,8,right_elbow,1,1,2.000000,600.110000,330.570000,2.000000,602.358276,330.720581,2.253313,44.699708,1,0.072000,0.990244
MP_R_Jongkok_1,posenet,95,3.843127,ok,1,direct,1.000000,9,left_wrist,1,1,2.000000,706.730000,405.890000,2.000000,707.597595,400.792450,5.170855,44.699708,1,0.062000,0.932744
MP_R_Jongkok_1,posenet,95,3.843127,ok,1,direct,1.000000,10,right_wrist,1,1,2.000000,600.840000,401.170000,2.000000,604.271729,400.792450,3.452435,44.699708,1,0.062000,0.969439
MP_R_Jongkok_1,posenet,95,3.843127,ok,1,direct,1.000000,11,left_hip,1,1,2.000000,688.670000,395.920000,2.000000,688.463196,409.431458,13.513040,44.699708,1,0.107000,0.852445
MP_R_Jongkok_1,posenet,95,3.843127,ok,1,direct,1.000000,12,right_hip,1,1,2.000000,630.970000,398.430000,2.000000,630.103210,410.391357,11.992723,44.699708,1,0.107000,0.881840
MP_R_Jongkok_1,posenet,95,3.843127,ok,1,direct,1.000000,13,left_knee,1,1,2.000000,703.880000,521.120000,2.000000,701.857239,520.778564,2.051375,44.699708,1,0.087000,0.994450
MP_R_Jongkok_1,posenet,95,3.843127,ok,1,direct,1.000000,14,right_knee,1,1,2.000000,636.400000,523.300000,2.000000,638.713684,528.457703,5.652878,44.699708,1,0.087000,0.958621
MP_R_Jongkok_1,posenet,95,3.843127,ok,1,direct,1.000000,15,left_ankle,1,1,2.000000,711.080000,647.410000,2.000000,709.510986,637.885071,9.653294,44.699708,1,0.089000,0.888911
MP_R_Jongkok_1,posenet,95,3.843127,ok,1,direct,1.000000,16,right_ankle,1,1,2.000000,654.770000,648.450000,2.000000,650.194336,635.965332,13.296753,44.699708,1,0.089000,0.799775
MP_R_Jongkok_1,posenet,96,3.883581,ok,1,direct,1.000000,0,nose,0,0,0.000000,0.000000,0.000000,2.000000,643.982788,177.286240,,,,0.026000,
MP_R_Jongkok_1,posenet,96,3.883581,ok,1,direct,1.000000,1,left_eye,0,0,0.000000,0.000000,0.000000,2.000000,653.555725,167.677536,,,,0.025000,
MP_R_Jongkok_1,posenet,96,3.883581,ok,1,direct,1.000000,2,right_eye,0,0,0.000000,0.000000,0.000000,2.000000,638.239075,168.638412,,,,0.025000,
MP_R_Jongkok_1,posenet,96,3.883581,ok,1,direct,1.000000,3,left_ear,0,0,0.000000,0.000000,0.000000,2.000000,679.402466,178.247116,,,,0.035000,
MP_R_Jongkok_1,posenet,96,3.883581,ok,1,direct,1.000000,4,right_ear,0,0,0.000000,0.000000,0.000000,2.000000,634.409912,178.247116,,,,0.035000,
MP_R_Jongkok_1,posenet,96,3.883581,ok,1,direct,1.000000,5,left_shoulder,1,1,2.000000,713.200000,247.490000,2.000000,709.078430,245.508194,4.573280,44.699708,1,0.079000,0.967012
MP_R_Jongkok_1,posenet,96,3.883581,ok,1,direct,1.000000,6,right_shoulder,1,1,2.000000,612.440000,252.170000,2.000000,615.264160,249.351685,3.989835,44.699708,1,0.079000,0.974792
MP_R_Jongkok_1,posenet,96,3.883581,ok,1,direct,1.000000,7,left_elbow,1,1,2.000000,724.690000,329.200000,2.000000,719.608643,328.143219,5.190085,44.699708,1,0.072000,0.949317
MP_R_Jongkok_1,posenet,96,3.883581,ok,1,direct,1.000000,8,right_elbow,1,1,2.000000,600.110000,330.570000,2.000000,602.819336,331.025848,2.747417,44.699708,1,0.072000,0.985531
MP_R_Jongkok_1,posenet,96,3.883581,ok,1,direct,1.000000,9,left_wrist,1,1,2.000000,706.880000,405.840000,2.000000,704.291992,405.013000,2.716931,44.699708,1,0.062000,0.980962
MP_R_Jongkok_1,posenet,96,3.883581,ok,1,direct,1.000000,10,right_wrist,1,1,2.000000,600.840000,401.170000,2.000000,603.776672,404.052124,4.114691,44.699708,1,0.062000,0.956871
MP_R_Jongkok_1,posenet,96,3.883581,ok,1,direct,1.000000,11,left_hip,1,1,2.000000,688.670000,395.920000,2.000000,688.018127,407.895599,11.993328,44.699708,1,0.107000,0.881829
MP_R_Jongkok_1,posenet,96,3.883581,ok,1,direct,1.000000,12,right_hip,1,1,2.000000,630.970000,398.430000,2.000000,631.538086,409.817352,11.401514,44.699708,1,0.107000,0.892568
MP_R_Jongkok_1,posenet,96,3.883581,ok,1,direct,1.000000,13,left_knee,1,1,2.000000,703.880000,521.120000,2.000000,702.377441,524.161133,3.392075,44.699708,1,0.087000,0.984899
MP_R_Jongkok_1,posenet,96,3.883581,ok,1,direct,1.000000,14,right_knee,1,1,2.000000,636.400000,523.300000,2.000000,639.196350,526.082886,3.945127,44.699708,1,0.087000,0.979628
MP_R_Jongkok_1,posenet,96,3.883581,ok,1,direct,1.000000,15,left_ankle,1,1,2.000000,711.080000,647.410000,2.000000,710.035767,638.505005,8.966011,44.699708,1,0.089000,0.903402
MP_R_Jongkok_1,posenet,96,3.883581,ok,1,direct,1.000000,16,right_ankle,1,1,2.000000,654.770000,648.450000,2.000000,649.726562,633.700562,15.587886,44.699708,1,0.089000,0.735611
MP_R_Jongkok_1,posenet,97,3.924035,ok,1,direct,1.000000,0,nose,0,0,0.000000,0.000000,0.000000,2.000000,642.697632,176.945221,,,,0.026000,
MP_R_Jongkok_1,posenet,97,3.924035,ok,1,direct,1.000000,1,left_eye,0,0,0.000000,0.000000,0.000000,2.000000,653.237671,167.332489,,,,0.025000,
MP_R_Jongkok_1,posenet,97,3.924035,ok,1,direct,1.000000,2,right_eye,0,0,0.000000,0.000000,0.000000,2.000000,637.906738,168.293747,,,,0.025000,
MP_R_Jongkok_1,posenet,97,3.924035,ok,1,direct,1.000000,3,left_ear,0,0,0.000000,0.000000,0.000000,2.000000,679.108582,177.906479,,,,0.035000,
MP_R_Jongkok_1,posenet,97,3.924035,ok,1,direct,1.000000,4,right_ear,0,0,0.000000,0.000000,0.000000,2.000000,633.115845,177.906479,,,,0.035000,
MP_R_Jongkok_1,posenet,97,3.924035,ok,1,direct,1.000000,5,left_shoulder,1,1,2.000000,713.200000,247.490000,2.000000,708.812195,246.156860,4.585858,44.699708,1,0.079000,0.966833
MP_R_Jongkok_1,posenet,97,3.924035,ok,1,direct,1.000000,6,right_shoulder,1,1,2.000000,612.440000,252.170000,2.000000,615.868591,249.040665,4.641980,44.699708,1,0.079000,0.966030
MP_R_Jongkok_1,posenet,97,3.924035,ok,1,direct,1.000000,7,left_elbow,1,1,2.000000,724.690000,329.200000,2.000000,719.352173,326.903778,5.810769,44.699708,1,0.072000,0.936884
MP_R_Jongkok_1,posenet,97,3.924035,ok,1,direct,1.000000,8,right_elbow,1,1,2.000000,600.110000,330.570000,2.000000,603.412170,330.748840,3.307010,44.699708,1,0.072000,0.979105
MP_R_Jongkok_1,posenet,97,3.924035,ok,1,direct,1.000000,9,left_wrist,1,1,2.000000,707.020000,405.790000,2.000000,703.063110,405.728149,3.957373,44.699708,1,0.062000,0.960040
MP_R_Jongkok_1,posenet,97,3.924035,ok,1,direct,1.000000,10,right_wrist,1,1,2.000000,600.840000,401.170000,2.000000,605.328552,403.805603,5.205142,44.699708,1,0.062000,0.931880
MP_R_Jongkok_1,posenet,97,3.924035,ok,1,direct,1.000000,11,left_hip,1,1,2.000000,688.670000,395.920000,2.000000,687.732239,412.457062,16.563629,44.699708,1,0.107000,0.786735
MP_R_Jongkok_1,posenet,97,3.924035,ok,1,direct,1.000000,12,right_hip,1,1,2.000000,630.970000,398.430000,2.000000,632.157654,414.379639,15.993796,44.699708,1,0.107000,0.799600
MP_R_Jongkok_1,posenet,97,3.924035,ok,1,direct,1.000000,13,left_knee,1,1,2.000000,703.880000,521.120000,2.000000,703.063110,523.964722,2.959688,44.699708,1,0.087000,0.988482
MP_R_Jongkok_1,posenet,97,3.924035,ok,1,direct,1.000000,14,right_knee,1,1,2.000000,636.400000,523.300000,2.000000,638.864929,526.848572,4.320676,44.699708,1,0.087000,0.975614
MP_R_Jongkok_1,posenet,97,3.924035,ok,1,direct,1.000000,15,left_ankle,1,1,2.000000,711.080000,647.410000,2.000000,709.770386,635.472412,12.009209,44.699708,1,0.089000,0.833392
MP_R_Jongkok_1,posenet,97,3.924035,ok,1,direct,1.000000,16,right_ankle,1,1,2.000000,654.770000,648.450000,2.000000,650.363098,633.549866,15.538172,44.699708,1,0.089000,0.737051
MP_R_Jongkok_1,posenet,98,3.964489,ok,1,direct,1.000000,0,nose,0,0,0.000000,0.000000,0.000000,2.000000,643.896057,176.566666,,,,0.026000,
MP_R_Jongkok_1,posenet,98,3.964489,ok,1,direct,1.000000,1,left_eye,0,0,0.000000,0.000000,0.000000,2.000000,653.462463,166.962357,,,,0.025000,
MP_R_Jongkok_1,posenet,98,3.964489,ok,1,direct,1.000000,2,right_eye,0,0,0.000000,0.000000,0.000000,2.000000,638.156189,167.922791,,,,0.025000,
MP_R_Jongkok_1,posenet,98,3.964489,ok,1,direct,1.000000,3,left_ear,0,0,0.000000,0.000000,0.000000,2.000000,679.291870,177.527100,,,,0.035000,
MP_R_Jongkok_1,posenet,98,3.964489,ok,1,direct,1.000000,4,right_ear,0,0,0.000000,0.000000,0.000000,2.000000,634.329590,177.527100,,,,0.035000,
MP_R_Jongkok_1,posenet,98,3.964489,ok,1,direct,1.000000,5,left_shoulder,1,1,2.000000,713.200000,247.490000,2.000000,709.904541,245.717651,3.741827,44.699708,1,0.079000,0.977794
MP_R_Jongkok_1,posenet,98,3.964489,ok,1,direct,1.000000,6,right_shoulder,1,1,2.000000,612.440000,252.170000,2.000000,615.196716,249.559387,3.796681,44.699708,1,0.079000,0.977146
MP_R_Jongkok_1,posenet,98,3.964489,ok,1,direct,1.000000,7,left_elbow,1,1,2.000000,724.690000,329.200000,2.000000,720.427612,328.314667,4.353362,44.699708,1,0.072000,0.964068
MP_R_Jongkok_1,posenet,98,3.964489,ok,1,direct,1.000000,8,right_elbow,1,1,2.000000,600.110000,330.570000,2.000000,601.803650,332.156403,2.320587,44.699708,1,0.072000,0.989656
MP_R_Jongkok_1,posenet,98,3.964489,ok,1,direct,1.000000,9,left_wrist,1,1,2.000000,707.170000,405.740000,2.000000,704.164673,406.109558,3.027964,44.699708,1,0.062000,0.976408
MP_R_Jongkok_1,posenet,98,3.964489,ok,1,direct,1.000000,10,right_wrist,1,1,2.000000,600.840000,401.170000,2.000000,602.760315,405.149109,4.418248,44.699708,1,0.062000,0.950438
MP_R_Jongkok_1,posenet,98,3.964489,ok,1,direct,1.000000,11,left_hip,1,1,2.000000,688.670000,395.920000,2.000000,690.771667,414.753418,18.950320,44.699708,1,0.107000,0.730542
MP_R_Jongkok_1,posenet,98,3.964489,ok,1,direct,1.000000,12,right_hip,1,1,2.000000,630.970000,398.430000,2.000000,632.416321,415.713867,17.344276,44.699708,1,0.107000,0.768737
MP_R_Jongkok_1,posenet,98,3.964489,ok,1,direct,1.000000,13,left_knee,1,1,2.000000,703.880000,521.120000,2.000000,704.164673,526.163391,5.051419,44.699708,1,0.087000,0.966818
MP_R_Jongkok_1,posenet,98,3.964489,ok,1,direct,1.000000,14,right_knee,1,1,2.000000,636.400000,523.300000,2.000000,640.069458,528.084167,6.029360,44.699708,1,0.087000,0.953062
MP_R_Jongkok_1,posenet,98,3.964489,ok,1,direct,1.000000,15,left_ankle,1,1,2.000000,711.080000,647.410000,2.000000,709.904541,635.652466,11.816146,44.699708,1,0.089000,0.838251
MP_R_Jongkok_1,posenet,98,3.964489,ok,1,direct,1.000000,16,right_ankle,1,1,2.000000,654.770000,648.450000,2.000000,651.549194,634.692017,14.129957,44.699708,1,0.089000,0.777009
MP_R_Jongkok_1,posenet,99,4.004943,ok,1,direct,1.000000,0,nose,0,0,0.000000,0.000000,0.000000,2.000000,643.509827,177.504593,,,,0.026000,
MP_R_Jongkok_1,posenet,99,4.004943,ok,1,direct,1.000000,1,left_eye,0,0,0.000000,0.000000,0.000000,2.000000,654.032837,167.908066,,,,0.025000,
MP_R_Jongkok_1,posenet,99,4.004943,ok,1,direct,1.000000,2,right_eye,0,0,0.000000,0.000000,0.000000,2.000000,638.726624,167.908066,,,,0.025000,
MP_R_Jongkok_1,posenet,99,4.004943,ok,1,direct,1.000000,3,left_ear,0,0,0.000000,0.000000,0.000000,2.000000,678.905579,177.504593,,,,0.035000,
MP_R_Jongkok_1,posenet,99,4.004943,ok,1,direct,1.000000,4,right_ear,0,0,0.000000,0.000000,0.000000,2.000000,634.900024,178.464249,,,,0.035000,
MP_R_Jongkok_1,posenet,99,4.004943,ok,1,direct,1.000000,5,left_shoulder,1,1,2.000000,713.200000,247.490000,2.000000,709.518005,245.639893,4.120677,44.699708,1,0.079000,0.973134
MP_R_Jongkok_1,posenet,99,4.004943,ok,1,direct,1.000000,6,right_shoulder,1,1,2.000000,612.440000,252.170000,2.000000,615.767273,249.478516,4.279583,44.699708,1,0.079000,0.971053
MP_R_Jongkok_1,posenet,99,4.004943,ok,1,direct,1.000000,7,left_elbow,1,1,2.000000,724.690000,329.200000,2.000000,720.041077,327.210358,5.056794,44.699708,1,0.072000,0.951824
MP_R_Jongkok_1,posenet,99,4.004943,ok,1,direct,1.000000,8,right_elbow,1,1,2.000000,600.110000,330.570000,2.000000,602.374207,332.008606,2.682577,44.699708,1,0.072000,0.986201
MP_R_Jongkok_1,posenet,99,4.004943,ok,1,direct,1.000000,9,left_wrist,1,1,2.000000,707.320000,405.690000,2.000000,704.734802,405.901825,2.593861,44.699708,1,0.062000,0.982633
MP_R_Jongkok_1,posenet,99,4.004943,ok,1,direct,1.000000,10,right_wrist,1,1,2.000000,600.840000,401.170000,2.000000,604.287537,404.942139,5.110239,44.699708,1,0.062000,0.934259
MP_R_Jongkok_1,posenet,99,4.004943,ok,1,direct,1.000000,11,left_hip,1,1,2.000000,688.670000,395.920000,2.000000,687.515320,413.579010,17.696721,44.699708,1,0.107000,0.760482
MP_R_Jongkok_1,posenet,99,4.004943,ok,1,direct,1.000000,12,right_hip,1,1,2.000000,630.970000,398.430000,2.000000,632.030151,414.538696,16.143544,44.699708,1,0.107000,0.796243
MP_R_Jongkok_1,posenet,99,4.004943,ok,1,direct,1.000000,13,left_knee,1,1,2.000000,703.880000,521.120000,2.000000,703.778198,524.898682,3.780053,44.699708,1,0.087000,0.981281
MP_R_Jongkok_1,posenet,99,4.004943,ok,1,direct,1.000000,14,right_knee,1,1,2.000000,636.400000,523.300000,2.000000,639.683228,526.817993,4.812054,44.699708,1,0.087000,0.969841
MP_R_Jongkok_1,posenet,99,4.004943,ok,1,direct,1.000000,15,left_ankle,1,1,2.000000,711.080000,647.410000,2.000000,709.518005,635.258728,12.251255,44.699708,1,0.089000,0.827231
MP_R_Jongkok_1,posenet,99,4.004943,ok,1,direct,1.000000,16,right_ankle,1,1,2.000000,654.770000,648.450000,2.000000,651.162903,634.299011,14.603480,44.699708,1,0.089000,0.763764
MP_R_Jongkok_1,posenet,100,4.045397,ok,1,direct,1.000000,0,nose,0,0,0.000000,0.000000,0.000000,2.000000,643.911438,177.783997,,,,0.026000,
MP_R_Jongkok_1,posenet,100,4.045397,ok,1,direct,1.000000,1,left_eye,0,0,0.000000,0.000000,0.000000,2.000000,654.422913,168.175186,,,,0.025000,
MP_R_Jongkok_1,posenet,100,4.045397,ok,1,direct,1.000000,2,right_eye,0,0,0.000000,0.000000,0.000000,2.000000,639.133423,168.175186,,,,0.025000,
MP_R_Jongkok_1,posenet,100,4.045397,ok,1,direct,1.000000,3,left_ear,0,0,0.000000,0.000000,0.000000,2.000000,679.268311,177.783997,,,,0.035000,
MP_R_Jongkok_1,posenet,100,4.045397,ok,1,direct,1.000000,4,right_ear,0,0,0.000000,0.000000,0.000000,2.000000,634.355408,178.744873,,,,0.035000,
MP_R_Jongkok_1,posenet,100,4.045397,ok,1,direct,1.000000,5,left_shoulder,1,1,2.000000,713.200000,247.490000,2.000000,709.847290,246.006470,3.666269,44.699708,1,0.079000,0.978672
MP_R_Jongkok_1,posenet,100,4.045397,ok,1,direct,1.000000,6,right_shoulder,1,1,2.000000,612.440000,252.170000,2.000000,615.243591,249.849991,3.639034,44.699708,1,0.079000,0.978985
MP_R_Jongkok_1,posenet,100,4.045397,ok,1,direct,1.000000,7,left_elbow,1,1,2.000000,724.690000,329.200000,2.000000,720.358826,327.681244,4.589738,44.699708,1,0.072000,0.960141
MP_R_Jongkok_1,posenet,100,4.045397,ok,1,direct,1.000000,8,right_elbow,1,1,2.000000,600.110000,330.570000,2.000000,601.865295,331.524780,1.998166,44.699708,1,0.072000,0.992320
MP_R_Jongkok_1,posenet,100,4.045397,ok,1,direct,1.000000,9,left_wrist,1,1,2.000000,707.460000,405.640000,2.000000,706.024963,405.512512,1.440688,44.699708,1,0.062000,0.994610
MP_R_Jongkok_1,posenet,100,4.045397,ok,1,direct,1.000000,10,right_wrist,1,1,2.000000,600.840000,401.170000,2.000000,604.732117,406.473389,6.578336,44.699708,1,0.062000,0.893431
MP_R_Jongkok_1,posenet,100,4.045397,ok,1,direct,1.000000,11,left_hip,1,1,2.000000,688.670000,395.920000,2.000000,687.868652,411.277802,15.378694,44.699708,1,0.107000,0.813205
MP_R_Jongkok_1,posenet,100,4.045397,ok,1,direct,1.000000,12,right_hip,1,1,2.000000,630.970000,398.430000,2.000000,631.488647,415.121307,16.699363,44.699708,1,0.107000,0.783636
MP_R_Jongkok_1,posenet,100,4.045397,ok,1,direct,1.000000,13,left_knee,1,1,2.000000,703.880000,521.120000,2.000000,703.158203,525.622498,4.559986,44.699708,1,0.087000,0.972876
MP_R_Jongkok_1,posenet,100,4.045397,ok,1,direct,1.000000,14,right_knee,1,1,2.000000,636.400000,523.300000,2.000000,639.133423,527.544312,5.048344,44.699708,1,0.087000,0.966858
MP_R_Jongkok_1,posenet,100,4.045397,ok,1,direct,1.000000,15,left_ankle,1,1,2.000000,711.080000,647.410000,2.000000,709.847290,636.123718,11.353402,44.699708,1,0.089000,0.849685
MP_R_Jongkok_1,posenet,100,4.045397,ok,1,direct,1.000000,16,right_ankle,1,1,2.000000,654.770000,648.450000,2.000000,650.600586,635.162781,13.926026,44.699708,1,0.089000,0.782648
MP_R_Jongkok_1,posenet,101,4.085851,ok,1,direct,1.000000,0,nose,0,0,0.000000,0.000000,0.000000,2.000000,644.450134,177.290710,,,,0.026000,
MP_R_Jongkok_1,posenet,101,4.085851,ok,1,direct,1.000000,1,left_eye,0,0,0.000000,0.000000,0.000000,2.000000,654.975708,167.681824,,,,0.025000,
MP_R_Jongkok_1,posenet,101,4.085851,ok,1,direct,1.000000,2,right_eye,0,0,0.000000,0.000000,0.000000,2.000000,638.708984,168.642700,,,,0.025000,
MP_R_Jongkok_1,posenet,101,4.085851,ok,1,direct,1.000000,3,left_ear,0,0,0.000000,0.000000,0.000000,2.000000,679.854248,177.290710,,,,0.035000,
MP_R_Jongkok_1,posenet,101,4.085851,ok,1,direct,1.000000,4,right_ear,0,0,0.000000,0.000000,0.000000,2.000000,633.924622,178.251602,,,,0.035000,
MP_R_Jongkok_1,posenet,101,4.085851,ok,1,direct,1.000000,5,left_shoulder,1,1,2.000000,713.200000,247.490000,2.000000,709.517151,246.474792,3.820213,44.699708,1,0.079000,0.976865
MP_R_Jongkok_1,posenet,101,4.085851,ok,1,direct,1.000000,6,right_shoulder,1,1,2.000000,612.440000,252.170000,2.000000,615.744141,249.357468,4.339088,44.699708,1,0.079000,0.970254
MP_R_Jongkok_1,posenet,101,4.085851,ok,1,direct,1.000000,7,left_elbow,1,1,2.000000,724.690000,329.200000,2.000000,720.042664,328.150452,4.764377,44.699708,1,0.072000,0.957117
MP_R_Jongkok_1,posenet,101,4.085851,ok,1,direct,1.000000,8,right_elbow,1,1,2.000000,600.110000,330.570000,2.000000,603.304871,334.876709,5.362363,44.699708,1,0.072000,0.945991
MP_R_Jongkok_1,posenet,101,4.085851,ok,1,direct,1.000000,9,left_wrist,1,1,2.000000,707.610000,405.600000,2.000000,706.646545,405.982574,1.036633,44.699708,1,0.062000,0.997206
MP_R_Jongkok_1,posenet,101,4.085851,ok,1,direct,1.000000,10,right_wrist,1,1,2.000000,600.840000,401.170000,2.000000,604.261719,405.982574,5.905001,44.699708,1,0.062000,0.913202
MP_R_Jongkok_1,posenet,101,4.085851,ok,1,direct,1.000000,11,left_hip,1,1,2.000000,689.460000,396.110000,2.000000,687.509216,413.669708,17.667736,44.699708,1,0.107000,0.761163
MP_R_Jongkok_1,posenet,101,4.085851,ok,1,direct,1.000000,12,right_hip,1,1,2.000000,630.970000,398.430000,2.000000,631.054016,414.630554,16.200772,44.699708,1,0.107000,0.794955
MP_R_Jongkok_1,posenet,101,4.085851,ok,1,direct,1.000000,13,left_knee,1,1,2.000000,703.880000,521.120000,2.000000,703.775879,525.132935,4.014285,44.699708,1,0.087000,0.978915
MP_R_Jongkok_1,posenet,101,4.085851,ok,1,direct,1.000000,14,right_knee,1,1,2.000000,636.400000,523.300000,2.000000,638.708984,527.054749,4.407896,44.699708,1,0.087000,0.974633
MP_R_Jongkok_1,posenet,101,4.085851,ok,1,direct,1.000000,15,left_ankle,1,1,2.000000,711.080000,647.410000,2.000000,710.473999,635.635315,11.790269,44.699708,1,0.089000,0.838898
MP_R_Jongkok_1,posenet,101,4.085851,ok,1,direct,1.000000,16,right_ankle,1,1,2.000000,654.770000,648.450000,2.000000,650.191345,633.713562,15.431354,44.699708,1,0.089000,0.740138
MP_R_Jongkok_1,posenet,102,4.126305,ok,1,direct,1.000000,0,nose,0,0,0.000000,0.000000,0.000000,2.000000,644.126038,177.391586,,,,0.026000,
MP_R_Jongkok_1,posenet,102,4.126305,ok,1,direct,1.000000,1,left_eye,0,0,0.000000,0.000000,0.000000,2.000000,654.640259,167.794922,,,,0.025000,
MP_R_Jongkok_1,posenet,102,4.126305,ok,1,direct,1.000000,2,right_eye,0,0,0.000000,0.000000,0.000000,2.000000,639.346802,168.754593,,,,0.025000,
MP_R_Jongkok_1,posenet,102,4.126305,ok,1,direct,1.000000,3,left_ear,0,0,0.000000,0.000000,0.000000,2.000000,679.492065,177.391586,,,,0.035000,
MP_R_Jongkok_1,posenet,102,4.126305,ok,1,direct,1.000000,4,right_ear,0,0,0.000000,0.000000,0.000000,2.000000,635.523438,178.351257,,,,0.035000,
MP_R_Jongkok_1,posenet,102,4.126305,ok,1,direct,1.000000,5,left_shoulder,1,1,2.000000,713.200000,247.490000,2.000000,709.123047,245.527939,4.524514,44.699708,1,0.079000,0.967700
MP_R_Jongkok_1,posenet,102,4.126305,ok,1,direct,1.000000,6,right_shoulder,1,1,2.000000,612.440000,252.170000,2.000000,615.450806,249.366592,4.113884,44.699708,1,0.079000,0.973221
MP_R_Jongkok_1,posenet,102,4.126305,ok,1,direct,1.000000,7,left_elbow,1,1,2.000000,724.690000,329.200000,2.000000,720.593140,328.059265,4.252710,44.699708,1,0.072000,0.965682
MP_R_Jongkok_1,posenet,102,4.126305,ok,1,direct,1.000000,8,right_elbow,1,1,2.000000,600.110000,330.570000,2.000000,602.069092,331.897949,2.366747,44.699708,1,0.072000,0.989242
MP_R_Jongkok_1,posenet,102,4.126305,ok,1,direct,1.000000,9,left_wrist,1,1,2.000000,707.760000,405.550000,2.000000,706.255554,405.792267,1.523828,44.699708,1,0.062000,0.993972
MP_R_Jongkok_1,posenet,102,4.126305,ok,1,direct,1.000000,10,right_wrist,1,1,2.000000,600.840000,401.170000,2.000000,603.024963,406.751953,5.994353,44.699708,1,0.062000,0.910677
MP_R_Jongkok_1,posenet,102,4.126305,ok,1,direct,1.000000,11,left_hip,1,1,2.000000,690.240000,396.310000,2.000000,690.962097,408.671295,12.382368,44.699708,1,0.107000,0.874548
MP_R_Jongkok_1,posenet,102,4.126305,ok,1,direct,1.000000,12,right_hip,1,1,2.000000,630.970000,398.430000,2.000000,631.700134,410.590607,12.182506,44.699708,1,0.107000,0.878310
MP_R_Jongkok_1,posenet,102,4.126305,ok,1,direct,1.000000,13,left_knee,1,1,2.000000,703.880000,521.120000,2.000000,701.476379,522.871643,2.974163,44.699708,1,0.087000,0.988370
MP_R_Jongkok_1,posenet,102,4.126305,ok,1,direct,1.000000,14,right_knee,1,1,2.000000,636.400000,523.300000,2.000000,638.390991,526.710327,3.948972,44.699708,1,0.087000,0.979588
MP_R_Jongkok_1,posenet,102,4.126305,ok,1,direct,1.000000,15,left_ankle,1,1,2.000000,711.080000,647.410000,2.000000,710.078918,636.112305,11.341961,44.699708,1,0.089000,0.849964
MP_R_Jongkok_1,posenet,102,4.126305,ok,1,direct,1.000000,16,right_ankle,1,1,2.000000,654.770000,648.450000,2.000000,651.772705,634.192932,14.568725,44.699708,1,0.089000,0.764743
MP_R_Jongkok_1,posenet,103,4.166759,ok,1,direct,1.000000,0,nose,0,0,0.000000,0.000000,0.000000,2.000000,643.339172,177.229584,,,,0.026000,
MP_R_Jongkok_1,posenet,103,4.166759,ok,1,direct,1.000000,1,left_eye,0,0,0.000000,0.000000,0.000000,2.000000,653.841614,167.623581,,,,0.025000,
MP_R_Jongkok_1,posenet,103,4.166759,ok,1,direct,1.000000,2,right_eye,0,0,0.000000,0.000000,0.000000,2.000000,638.565308,167.623581,,,,0.025000,
MP_R_Jongkok_1,posenet,103,4.166759,ok,1,direct,1.000000,3,left_ear,0,0,0.000000,0.000000,0.000000,2.000000,678.665588,177.229584,,,,0.035000,
MP_R_Jongkok_1,posenet,103,4.166759,ok,1,direct,1.000000,4,right_ear,0,0,0.000000,0.000000,0.000000,2.000000,634.746216,178.190170,,,,0.035000,
MP_R_Jongkok_1,posenet,103,4.166759,ok,1,direct,1.000000,5,left_shoulder,1,1,2.000000,713.200000,247.490000,2.000000,710.172974,246.392776,3.219750,44.699708,1,0.079000,0.983511
MP_R_Jongkok_1,posenet,103,4.166759,ok,1,direct,1.000000,6,right_shoulder,1,1,2.000000,612.440000,252.170000,2.000000,615.650879,249.274597,4.323552,44.699708,1,0.079000,0.970464
MP_R_Jongkok_1,posenet,103,4.166759,ok,1,direct,1.000000,7,left_elbow,1,1,2.000000,724.690000,329.200000,2.000000,721.630188,327.083191,3.720663,44.699708,1,0.072000,0.973624
MP_R_Jongkok_1,posenet,103,4.166759,ok,1,direct,1.000000,8,right_elbow,1,1,2.000000,600.110000,330.570000,2.000000,602.284119,332.846802,3.148113,44.699708,1,0.072000,0.981046
MP_R_Jongkok_1,posenet,103,4.166759,ok,1,direct,1.000000,9,left_wrist,1,1,2.000000,707.900000,405.500000,2.000000,706.353882,402.970581,2.964531,44.699708,1,0.062000,0.977375
MP_R_Jongkok_1,posenet,103,4.166759,ok,1,direct,1.000000,10,right_wrist,1,1,2.000000,600.840000,401.170000,2.000000,603.238892,406.812988,6.131721,44.699708,1,0.062000,0.906736
MP_R_Jongkok_1,posenet,103,4.166759,ok,1,direct,1.000000,11,left_hip,1,1,2.000000,691.030000,396.500000,2.000000,692.032349,409.694794,13.232811,44.699708,1,0.107000,0.858049
MP_R_Jongkok_1,posenet,103,4.166759,ok,1,direct,1.000000,12,right_hip,1,1,2.000000,630.970000,398.430000,2.000000,631.881897,414.497803,16.093658,44.699708,1,0.107000,0.797363
MP_R_Jongkok_1,posenet,103,4.166759,ok,1,direct,1.000000,13,left_knee,1,1,2.000000,703.880000,521.120000,2.000000,703.489563,525.927429,4.823258,44.699708,1,0.087000,0.969703
MP_R_Jongkok_1,posenet,103,4.166759,ok,1,direct,1.000000,14,right_knee,1,1,2.000000,636.400000,523.300000,2.000000,638.565308,527.848572,5.037664,44.699708,1,0.087000,0.966995
MP_R_Jongkok_1,posenet,103,4.166759,ok,1,direct,1.000000,15,left_ankle,1,1,2.000000,711.080000,647.410000,2.000000,710.172974,637.356995,10.093840,44.699708,1,0.089000,0.879192
MP_R_Jongkok_1,posenet,103,4.166759,ok,1,direct,1.000000,16,right_ankle,1,1,2.000000,654.770000,648.450000,2.000000,650.977295,634.475220,14.480300,44.699708,1,0.089000,0.767229
MP_R_Jongkok_1,posenet,104,4.207213,ok,1,direct,1.000000,0,nose,0,0,0.000000,0.000000,0.000000,2.000000,643.599792,176.916824,,,,0.026000,
MP_R_Jongkok_1,posenet,104,4.207213,ok,1,direct,1.000000,1,left_eye,0,0,0.000000,0.000000,0.000000,2.000000,654.104004,167.318085,,,,0.025000,
MP_R_Jongkok_1,posenet,104,4.207213,ok,1,direct,1.000000,2,right_eye,0,0,0.000000,0.000000,0.000000,2.000000,638.825134,168.277954,,,,0.025000,
MP_R_Jongkok_1,posenet,104,4.207213,ok,1,direct,1.000000,3,left_ear,0,0,0.000000,0.000000,0.000000,2.000000,679.886963,176.916824,,,,0.035000,
MP_R_Jongkok_1,posenet,104,4.207213,ok,1,direct,1.000000,4,right_ear,0,0,0.000000,0.000000,0.000000,2.000000,634.050537,177.876694,,,,0.035000,
MP_R_Jongkok_1,posenet,104,4.207213,ok,1,direct,1.000000,5,left_shoulder,1,1,2.000000,713.200000,247.490000,2.000000,709.489624,246.987595,3.744236,44.699708,1,0.079000,0.977766
MP_R_Jongkok_1,posenet,104,4.207213,ok,1,direct,1.000000,6,right_shoulder,1,1,2.000000,612.440000,252.170000,2.000000,615.906982,248.907333,4.760773,44.699708,1,0.079000,0.964301
MP_R_Jongkok_1,posenet,104,4.207213,ok,1,direct,1.000000,7,left_elbow,1,1,2.000000,724.690000,329.200000,2.000000,720.948669,325.697235,5.125126,44.699708,1,0.072000,0.950546
MP_R_Jongkok_1,posenet,104,4.207213,ok,1,direct,1.000000,8,right_elbow,1,1,2.000000,600.110000,330.570000,2.000000,602.538025,332.416351,3.050298,44.699708,1,0.072000,0.982195
MP_R_Jongkok_1,posenet,104,4.207213,ok,1,direct,1.000000,9,left_wrist,1,1,2.000000,708.050000,405.450000,2.000000,707.579773,399.607483,5.861409,44.699708,1,0.062000,0.914422
MP_R_Jongkok_1,posenet,104,4.207213,ok,1,direct,1.000000,10,right_wrist,1,1,2.000000,600.840000,401.170000,2.000000,602.538025,406.326599,5.428978,44.699708,1,0.062000,0.926122
MP_R_Jongkok_1,posenet,104,4.207213,ok,1,direct,1.000000,11,left_hip,1,1,2.000000,691.810000,396.700000,2.000000,694.210815,408.246368,11.793326,44.699708,1,0.107000,0.885504
MP_R_Jongkok_1,posenet,104,4.207213,ok,1,direct,1.000000,12,right_hip,1,1,2.000000,630.970000,398.430000,2.000000,630.230835,411.125977,12.717476,44.699708,1,0.107000,0.868140
MP_R_Jongkok_1,posenet,104,4.207213,ok,1,direct,1.000000,13,left_knee,1,1,2.000000,703.880000,521.120000,2.000000,701.850220,518.631775,3.211117,44.699708,1,0.087000,0.986456
MP_R_Jongkok_1,posenet,104,4.207213,ok,1,direct,1.000000,14,right_knee,1,1,2.000000,636.400000,523.300000,2.000000,637.870239,527.270630,4.234088,44.699708,1,0.087000,0.976570
MP_R_Jongkok_1,posenet,104,4.207213,ok,1,direct,1.000000,15,left_ankle,1,1,2.000000,711.080000,647.410000,2.000000,710.444519,636.696228,10.732602,44.699708,1,0.089000,0.864536
MP_R_Jongkok_1,posenet,104,4.207213,ok,1,direct,1.000000,16,right_ankle,1,1,2.000000,654.770000,648.450000,2.000000,651.239197,634.776489,14.122021,44.699708,1,0.089000,0.777230
MP_R_Jongkok_1,posenet,105,4.247667,ok,1,direct,1.000000,0,nose,0,0,0.000000,0.000000,0.000000,2.000000,644.239258,176.753586,,,,0.026000,
MP_R_Jongkok_1,posenet,105,4.247667,ok,1,direct,1.000000,1,left_eye,0,0,0.000000,0.000000,0.000000,2.000000,654.763000,167.156937,,,,0.025000,
MP_R_Jongkok_1,posenet,105,4.247667,ok,1,direct,1.000000,2,right_eye,0,0,0.000000,0.000000,0.000000,2.000000,638.499023,167.156937,,,,0.025000,
MP_R_Jongkok_1,posenet,105,4.247667,ok,1,direct,1.000000,3,left_ear,0,0,0.000000,0.000000,0.000000,2.000000,679.637146,177.713257,,,,0.035000,
MP_R_Jongkok_1,posenet,105,4.247667,ok,1,direct,1.000000,4,right_ear,0,0,0.000000,0.000000,0.000000,2.000000,633.715515,177.713257,,,,0.035000,
MP_R_Jongkok_1,posenet,105,4.247667,ok,1,direct,1.000000,5,left_shoulder,1,1,2.000000,713.200000,247.490000,2.000000,709.294800,246.809174,3.964103,44.699708,1,0.079000,0.975112
MP_R_Jongkok_1,posenet,105,4.247667,ok,1,direct,1.000000,6,right_shoulder,1,1,2.000000,612.440000,252.170000,2.000000,616.494995,249.688171,4.754204,44.699708,1,0.079000,0.964398
MP_R_Jongkok_1,posenet,105,4.247667,ok,1,direct,1.000000,7,left_elbow,1,1,2.000000,724.690000,329.200000,2.000000,721.731934,327.421051,3.451785,44.699708,1,0.072000,0.977257
MP_R_Jongkok_1,posenet,105,4.247667,ok,1,direct,1.000000,8,right_elbow,1,1,2.000000,600.110000,330.570000,2.000000,604.057861,334.138672,5.321750,44.699708,1,0.072000,0.946784
MP_R_Jongkok_1,posenet,105,4.247667,ok,1,direct,1.000000,9,left_wrist,1,1,2.000000,708.200000,405.400000,2.000000,706.424805,405.153931,1.792169,44.699708,1,0.062000,0.991671
MP_R_Jongkok_1,posenet,105,4.247667,ok,1,direct,1.000000,10,right_wrist,1,1,2.000000,600.840000,401.170000,2.000000,604.057861,406.113586,5.898617,44.699708,1,0.062000,0.913381
MP_R_Jongkok_1,posenet,105,4.247667,ok,1,direct,1.000000,11,left_hip,1,1,2.000000,692.600000,396.900000,2.000000,693.030945,408.992584,12.100261,44.699708,1,0.107000,0.879845
MP_R_Jongkok_1,posenet,105,4.247667,ok,1,direct,1.000000,12,right_hip,1,1,2.000000,630.970000,398.430000,2.000000,631.802124,412.831238,14.425258,44.699708,1,0.107000,0.833661
MP_R_Jongkok_1,posenet,105,4.247667,ok,1,direct,1.000000,13,left_knee,1,1,2.000000,703.880000,521.120000,2.000000,703.554688,526.071716,4.962391,44.699708,1,0.087000,0.967959
MP_R_Jongkok_1,posenet,105,4.247667,ok,1,direct,1.000000,14,right_knee,1,1,2.000000,636.400000,523.300000,2.000000,638.499023,527.031372,4.281242,44.699708,1,0.087000,0.976052
MP_R_Jongkok_1,posenet,105,4.247667,ok,1,direct,1.000000,15,left_ankle,1,1,2.000000,711.080000,647.410000,2.000000,711.208252,636.433228,10.977522,44.699708,1,0.089000,0.858746
MP_R_Jongkok_1,posenet,105,4.247667,ok,1,direct,1.000000,16,right_ankle,1,1,2.000000,654.770000,648.450000,2.000000,651.892883,635.473572,13.291557,44.699708,1,0.089000,0.799914
MP_R_Jongkok_1,posenet,106,4.288121,ok,1,direct,1.000000,0,nose,0,0,0.000000,0.000000,0.000000,2.000000,644.698425,174.951813,,,,0.026000,
MP_R_Jongkok_1,posenet,106,4.288121,ok,1,direct,1.000000,1,left_eye,0,0,0.000000,0.000000,0.000000,2.000000,654.262146,167.264389,,,,0.025000,
MP_R_Jongkok_1,posenet,106,4.288121,ok,1,direct,1.000000,2,right_eye,0,0,0.000000,0.000000,0.000000,2.000000,638.960205,168.225311,,,,0.025000,
MP_R_Jongkok_1,posenet,106,4.288121,ok,1,direct,1.000000,3,left_ear,0,0,0.000000,0.000000,0.000000,2.000000,680.084045,176.873672,,,,0.035000,
MP_R_Jongkok_1,posenet,106,4.288121,ok,1,direct,1.000000,4,right_ear,0,0,0.000000,0.000000,0.000000,2.000000,634.178345,178.795532,,,,0.035000,
MP_R_Jongkok_1,posenet,106,4.288121,ok,1,direct,1.000000,5,left_shoulder,1,1,2.000000,713.200000,247.490000,2.000000,709.731445,245.099701,4.212410,44.699708,1,0.079000,0.971942
MP_R_Jongkok_1,posenet,106,4.288121,ok,1,direct,1.000000,6,right_shoulder,1,1,2.000000,612.440000,252.170000,2.000000,616.007385,250.865280,3.798491,44.699708,1,0.079000,0.977124
MP_R_Jongkok_1,posenet,106,4.288121,ok,1,direct,1.000000,7,left_elbow,1,1,2.000000,724.690000,329.200000,2.000000,721.207886,327.739685,3.775929,44.699708,1,0.072000,0.972846
MP_R_Jongkok_1,posenet,106,4.288121,ok,1,direct,1.000000,8,right_elbow,1,1,2.000000,600.110000,330.570000,2.000000,603.574585,331.583405,3.609756,44.699708,1,0.072000,0.975154
MP_R_Jongkok_1,posenet,106,4.288121,ok,1,direct,1.000000,9,left_wrist,1,1,2.000000,708.200000,405.400000,2.000000,707.818726,400.770355,4.645318,44.699708,1,0.062000,0.945358
MP_R_Jongkok_1,posenet,106,4.288121,ok,1,direct,1.000000,10,right_wrist,1,1,2.000000,600.840000,401.170000,2.000000,602.618225,402.692230,2.340784,44.699708,1,0.062000,0.985833
MP_R_Jongkok_1,posenet,106,4.288121,ok,1,direct,1.000000,11,left_hip,1,1,2.000000,692.600000,396.900000,2.000000,693.473206,407.496887,10.632803,44.699708,1,0.107000,0.905884
MP_R_Jongkok_1,posenet,106,4.288121,ok,1,direct,1.000000,12,right_hip,1,1,2.000000,630.970000,398.430000,2.000000,630.352905,409.418732,11.006045,44.699708,1,0.107000,0.899510
MP_R_Jongkok_1,posenet,106,4.288121,ok,1,direct,1.000000,13,left_knee,1,1,2.000000,703.880000,521.120000,2.000000,702.080505,520.886597,1.814568,44.699708,1,0.087000,0.995655
MP_R_Jongkok_1,posenet,106,4.288121,ok,1,direct,1.000000,14,right_knee,1,1,2.000000,636.400000,523.300000,2.000000,638.960205,527.613098,5.015722,44.699708,1,0.087000,0.967278
MP_R_Jongkok_1,posenet,106,4.288121,ok,1,direct,1.000000,15,left_ankle,1,1,2.000000,711.080000,647.410000,2.000000,710.687805,638.120117,9.298158,44.699708,1,0.089000,0.896503
MP_R_Jongkok_1,posenet,106,4.288121,ok,1,direct,1.000000,16,right_ankle,1,1,2.000000,654.770000,648.450000,2.000000,650.436646,636.198242,12.995520,44.699708,1,0.089000,0.807820
MP_R_Jongkok_1,posenet,107,4.328575,ok,1,direct,1.000000,0,nose,0,0,0.000000,0.000000,0.000000,2.000000,643.979553,176.925232,,,,0.026000,
MP_R_Jongkok_1,posenet,107,4.328575,ok,1,direct,1.000000,1,left_eye,0,0,0.000000,0.000000,0.000000,2.000000,654.492676,167.315186,,,,0.025000,
MP_R_Jongkok_1,posenet,107,4.328575,ok,1,direct,1.000000,2,right_eye,0,0,0.000000,0.000000,0.000000,2.000000,639.200867,168.276184,,,,0.025000,
MP_R_Jongkok_1,posenet,107,4.328575,ok,1,direct,1.000000,3,left_ear,0,0,0.000000,0.000000,0.000000,2.000000,679.341858,177.886261,,,,0.035000,
MP_R_Jongkok_1,posenet,107,4.328575,ok,1,direct,1.000000,4,right_ear,0,0,0.000000,0.000000,0.000000,2.000000,634.422180,178.847260,,,,0.035000,
MP_R_Jongkok_1,posenet,107,4.328575,ok,1,direct,1.000000,5,left_shoulder,1,1,2.000000,713.200000,247.490000,2.000000,709.925476,246.117752,3.550433,44.699708,1,0.079000,0.979985
MP_R_Jongkok_1,posenet,107,4.328575,ok,1,direct,1.000000,6,right_shoulder,1,1,2.000000,612.440000,252.170000,2.000000,616.263184,250.922775,4.021480,44.699708,1,0.079000,0.974395
MP_R_Jongkok_1,posenet,107,4.328575,ok,1,direct,1.000000,7,left_elbow,1,1,2.000000,724.690000,329.200000,2.000000,721.394287,328.764374,3.324379,44.699708,1,0.072000,0.978887
MP_R_Jongkok_1,posenet,107,4.328575,ok,1,direct,1.000000,8,right_elbow,1,1,2.000000,600.110000,330.570000,2.000000,602.882812,333.569397,4.084712,44.699708,1,0.072000,0.968297
MP_R_Jongkok_1,posenet,107,4.328575,ok,1,direct,1.000000,9,left_wrist,1,1,2.000000,708.200000,405.400000,2.000000,706.102478,405.644928,2.111774,44.699708,1,0.062000,0.988454
MP_R_Jongkok_1,posenet,107,4.328575,ok,1,direct,1.000000,10,right_wrist,1,1,2.000000,600.840000,401.170000,2.000000,602.882812,406.605927,5.807097,44.699708,1,0.062000,0.915933
MP_R_Jongkok_1,posenet,107,4.328575,ok,1,direct,1.000000,11,left_hip,1,1,2.000000,692.600000,396.900000,2.000000,692.722168,407.566925,10.667625,44.699708,1,0.107000,0.905297
MP_R_Jongkok_1,posenet,107,4.328575,ok,1,direct,1.000000,12,right_hip,1,1,2.000000,630.970000,398.430000,2.000000,631.554993,408.527954,10.114885,44.699708,1,0.107000,0.914435
MP_R_Jongkok_1,posenet,107,4.328575,ok,1,direct,1.000000,13,left_knee,1,1,2.000000,703.880000,521.120000,2.000000,703.235291,523.848755,2.803882,44.699708,1,0.087000,0.989657
MP_R_Jongkok_1,posenet,107,4.328575,ok,1,direct,1.000000,14,right_knee,1,1,2.000000,636.400000,523.300000,2.000000,639.200867,526.731812,4.429694,44.699708,1,0.087000,0.974384
MP_R_Jongkok_1,posenet,107,4.328575,ok,1,direct,1.000000,15,left_ankle,1,1,2.000000,711.080000,647.410000,2.000000,708.969727,635.325562,12.267311,44.699708,1,0.089000,0.826820
MP_R_Jongkok_1,posenet,107,4.328575,ok,1,direct,1.000000,16,right_ankle,1,1,2.000000,654.770000,648.450000,2.000000,650.669739,634.364624,14.670036,44.699708,1,0.089000,0.761886
MP_R_Jongkok_1,posenet,108,4.369029,ok,1,direct,1.000000,0,nose,0,0,0.000000,0.000000,0.000000,2.000000,643.705017,177.526276,,,,0.026000,
MP_R_Jongkok_1,posenet,108,4.369029,ok,1,direct,1.000000,1,left_eye,0,0,0.000000,0.000000,0.000000,2.000000,654.216064,167.920486,,,,0.025000,
MP_R_Jongkok_1,posenet,108,4.369029,ok,1,direct,1.000000,2,right_eye,0,0,0.000000,0.000000,0.000000,2.000000,638.927246,167.920486,,,,0.025000,
MP_R_Jongkok_1,posenet,108,4.369029,ok,1,direct,1.000000,3,left_ear,0,0,0.000000,0.000000,0.000000,2.000000,679.060303,177.526276,,,,0.035000,
MP_R_Jongkok_1,posenet,108,4.369029,ok,1,direct,1.000000,4,right_ear,0,0,0.000000,0.000000,0.000000,2.000000,634.149536,178.486847,,,,0.035000,
MP_R_Jongkok_1,posenet,108,4.369029,ok,1,direct,1.000000,5,left_shoulder,1,1,2.000000,713.200000,247.490000,2.000000,710.593384,245.727341,3.146652,44.699708,1,0.079000,0.984245
MP_R_Jongkok_1,posenet,108,4.369029,ok,1,direct,1.000000,6,right_shoulder,1,1,2.000000,612.440000,252.170000,2.000000,615.994141,249.569656,4.403828,44.699708,1,0.079000,0.969374
MP_R_Jongkok_1,posenet,108,4.369029,ok,1,direct,1.000000,7,left_elbow,1,1,2.000000,724.690000,329.200000,2.000000,721.104370,327.376526,4.022661,44.699708,1,0.072000,0.969238
MP_R_Jongkok_1,posenet,108,4.369029,ok,1,direct,1.000000,8,right_elbow,1,1,2.000000,600.110000,330.570000,2.000000,602.616455,334.100616,4.329846,44.699708,1,0.072000,0.964448
MP_R_Jongkok_1,posenet,108,4.369029,ok,1,direct,1.000000,9,left_wrist,1,1,2.000000,708.200000,405.400000,2.000000,706.771179,405.183411,1.445144,44.699708,1,0.062000,0.994577
MP_R_Jongkok_1,posenet,108,4.369029,ok,1,direct,1.000000,10,right_wrist,1,1,2.000000,600.840000,401.170000,2.000000,602.616455,406.143982,5.281694,44.699708,1,0.062000,0.929934
MP_R_Jongkok_1,posenet,108,4.369029,ok,1,direct,1.000000,11,left_hip,1,1,2.000000,692.600000,396.900000,2.000000,692.437927,407.104553,10.205840,44.699708,1,0.107000,0.912959
MP_R_Jongkok_1,posenet,108,4.369029,ok,1,direct,1.000000,12,right_hip,1,1,2.000000,630.970000,398.430000,2.000000,630.327332,408.065155,9.656564,44.699708,1,0.107000,0.921708
MP_R_Jongkok_1,posenet,108,4.369029,ok,1,direct,1.000000,13,left_knee,1,1,2.000000,703.880000,521.120000,2.000000,702.948975,524.295166,3.308850,44.699708,1,0.087000,0.985625
MP_R_Jongkok_1,posenet,108,4.369029,ok,1,direct,1.000000,14,right_knee,1,1,2.000000,636.400000,523.300000,2.000000,638.927246,526.216309,3.858993,44.699708,1,0.087000,0.980499
MP_R_Jongkok_1,posenet,108,4.369029,ok,1,direct,1.000000,15,left_ankle,1,1,2.000000,711.080000,647.410000,2.000000,708.682251,635.722290,11.931126,44.699708,1,0.089000,0.835363
MP_R_Jongkok_1,posenet,108,4.369029,ok,1,direct,1.000000,16,right_ankle,1,1,2.000000,654.770000,648.450000,2.000000,652.304932,633.801147,14.854812,44.699708,1,0.089000,0.756651
MP_R_Jongkok_1,posenet,109,4.409483,ok,1,direct,1.000000,0,nose,0,0,0.000000,0.000000,0.000000,2.000000,643.789734,177.460892,,,,0.026000,
MP_R_Jongkok_1,posenet,109,4.409483,ok,1,direct,1.000000,1,left_eye,0,0,0.000000,0.000000,0.000000,2.000000,654.328735,167.858353,,,,0.025000,
MP_R_Jongkok_1,posenet,109,4.409483,ok,1,direct,1.000000,2,right_eye,0,0,0.000000,0.000000,0.000000,2.000000,638.999268,167.858353,,,,0.025000,
MP_R_Jongkok_1,posenet,109,4.409483,ok,1,direct,1.000000,3,left_ear,0,0,0.000000,0.000000,0.000000,2.000000,680.197266,178.421158,,,,0.035000,
MP_R_Jongkok_1,posenet,109,4.409483,ok,1,direct,1.000000,4,right_ear,0,0,0.000000,0.000000,0.000000,2.000000,634.208801,178.421158,,,,0.035000,
MP_R_Jongkok_1,posenet,109,4.409483,ok,1,direct,1.000000,5,left_shoulder,1,1,2.000000,713.200000,247.490000,2.000000,709.898132,245.638962,3.785323,44.699708,1,0.079000,0.977281
MP_R_Jongkok_1,posenet,109,4.409483,ok,1,direct,1.000000,6,right_shoulder,1,1,2.000000,612.440000,252.170000,2.000000,616.005005,249.479950,4.466053,44.699708,1,0.079000,0.968516
MP_R_Jongkok_1,posenet,109,4.409483,ok,1,direct,1.000000,7,left_elbow,1,1,2.000000,724.690000,329.200000,2.000000,722.353333,326.300293,3.724019,44.699708,1,0.072000,0.973577
MP_R_Jongkok_1,posenet,109,4.409483,ok,1,direct,1.000000,8,right_elbow,1,1,2.000000,600.110000,330.570000,2.000000,602.591736,333.022095,3.488808,44.699708,1,0.072000,0.976772
MP_R_Jongkok_1,posenet,109,4.409483,ok,1,direct,1.000000,9,left_wrist,1,1,2.000000,708.200000,405.400000,2.000000,707.023865,405.041168,1.229656,44.699708,1,0.062000,0.996070
MP_R_Jongkok_1,posenet,109,4.409483,ok,1,direct,1.000000,10,right_wrist,1,1,2.000000,600.840000,401.170000,2.000000,601.633667,405.041168,3.951690,44.699708,1,0.062000,0.960152
MP_R_Jongkok_1,posenet,109,4.409483,ok,1,direct,1.000000,11,left_hip,1,1,2.000000,692.600000,396.900000,2.000000,691.694397,406.961670,10.102342,44.699708,1,0.107000,0.914638
MP_R_Jongkok_1,posenet,109,4.409483,ok,1,direct,1.000000,12,right_hip,1,1,2.000000,630.970000,398.430000,2.000000,629.418396,408.882172,10.566710,44.699708,1,0.107000,0.906995
MP_R_Jongkok_1,posenet,109,4.409483,ok,1,direct,1.000000,13,left_knee,1,1,2.000000,703.880000,521.120000,2.000000,702.233398,522.192200,1.964920,44.699708,1,0.087000,0.994907
MP_R_Jongkok_1,posenet,109,4.409483,ok,1,direct,1.000000,14,right_knee,1,1,2.000000,636.400000,523.300000,2.000000,638.041199,525.072937,2.415955,44.699708,1,0.087000,0.992311
MP_R_Jongkok_1,posenet,109,4.409483,ok,1,direct,1.000000,15,left_ankle,1,1,2.000000,711.080000,647.410000,2.000000,709.898132,633.581665,13.878748,44.699708,1,0.089000,0.783949
MP_R_Jongkok_1,posenet,109,4.409483,ok,1,direct,1.000000,16,right_ankle,1,1,2.000000,654.770000,648.450000,2.000000,650.496338,631.661133,17.324268,44.699708,1,0.089000,0.684360
MP_R_Jongkok_1,posenet,110,4.449937,ok,1,direct,1.000000,0,nose,0,0,0.000000,0.000000,0.000000,2.000000,643.899780,177.212234,,,,0.026000,
MP_R_Jongkok_1,posenet,110,4.449937,ok,1,direct,1.000000,1,left_eye,0,0,0.000000,0.000000,0.000000,2.000000,653.449097,167.609833,,,,0.025000,
MP_R_Jongkok_1,posenet,110,4.449937,ok,1,direct,1.000000,2,right_eye,0,0,0.000000,0.000000,0.000000,2.000000,639.125122,167.609833,,,,0.025000,
MP_R_Jongkok_1,posenet,110,4.449937,ok,1,direct,1.000000,3,left_ear,0,0,0.000000,0.000000,0.000000,2.000000,680.187195,178.172485,,,,0.035000,
MP_R_Jongkok_1,posenet,110,4.449937,ok,1,direct,1.000000,4,right_ear,0,0,0.000000,0.000000,0.000000,2.000000,634.350464,178.172485,,,,0.035000,
MP_R_Jongkok_1,posenet,110,4.449937,ok,1,direct,1.000000,5,left_shoulder,1,1,2.000000,713.200000,247.490000,2.000000,709.790039,245.389359,4.005063,44.699708,1,0.079000,0.974601
MP_R_Jongkok_1,posenet,110,4.449937,ok,1,direct,1.000000,6,right_shoulder,1,1,2.000000,612.440000,252.170000,2.000000,616.206726,249.230331,4.778062,44.699708,1,0.079000,0.964046
MP_R_Jongkok_1,posenet,110,4.449937,ok,1,direct,1.000000,7,left_elbow,1,1,2.000000,724.690000,329.200000,2.000000,723.159119,327.009857,2.672138,44.699708,1,0.072000,0.986307
MP_R_Jongkok_1,posenet,110,4.449937,ok,1,direct,1.000000,8,right_elbow,1,1,2.000000,600.110000,330.570000,2.000000,602.837708,333.731567,4.175631,44.699708,1,0.072000,0.966894
MP_R_Jongkok_1,posenet,110,4.449937,ok,1,direct,1.000000,9,left_wrist,1,1,2.000000,708.200000,405.400000,2.000000,706.925293,403.829132,2.022994,44.699708,1,0.062000,0.989400
MP_R_Jongkok_1,posenet,110,4.449937,ok,1,direct,1.000000,10,right_wrist,1,1,2.000000,600.840000,401.170000,2.000000,600.927856,405.749634,4.580476,44.699708,1,0.062000,0.946832
MP_R_Jongkok_1,posenet,110,4.449937,ok,1,direct,1.000000,11,left_hip,1,1,2.000000,692.600000,396.900000,2.000000,691.646362,407.670105,10.812242,44.699708,1,0.107000,0.902842
MP_R_Jongkok_1,posenet,110,4.449937,ok,1,direct,1.000000,12,right_hip,1,1,2.000000,630.970000,398.430000,2.000000,631.485657,413.431549,15.010409,44.699708,1,0.107000,0.821201
MP_R_Jongkok_1,posenet,110,4.449937,ok,1,direct,1.000000,13,left_knee,1,1,2.000000,703.880000,521.120000,2.000000,703.105530,521.938782,1.127035,44.699708,1,0.087000,0.998322
MP_R_Jongkok_1,posenet,110,4.449937,ok,1,direct,1.000000,14,right_knee,1,1,2.000000,636.400000,523.300000,2.000000,638.170166,525.779785,3.046772,44.699708,1,0.087000,0.987799
MP_R_Jongkok_1,posenet,110,4.449937,ok,1,direct,1.000000,15,left_ankle,1,1,2.000000,711.080000,647.410000,2.000000,709.790039,633.326843,14.142111,44.699708,1,0.089000,0.776672
MP_R_Jongkok_1,posenet,110,4.449937,ok,1,direct,1.000000,16,right_ankle,1,1,2.000000,654.770000,648.450000,2.000000,650.584351,632.366577,16.619150,44.699708,1,0.089000,0.705375
MP_R_Jongkok_1,posenet,111,4.490390,ok,1,direct,1.000000,0,nose,0,0,0.000000,0.000000,0.000000,2.000000,644.150818,176.525116,,,,0.026000,
MP_R_Jongkok_1,posenet,111,4.490390,ok,1,direct,1.000000,1,left_eye,0,0,0.000000,0.000000,0.000000,2.000000,653.696838,166.916229,,,,0.025000,
MP_R_Jongkok_1,posenet,111,4.490390,ok,1,direct,1.000000,2,right_eye,0,0,0.000000,0.000000,0.000000,2.000000,639.377747,167.877106,,,,0.025000,
MP_R_Jongkok_1,posenet,111,4.490390,ok,1,direct,1.000000,3,left_ear,0,0,0.000000,0.000000,0.000000,2.000000,679.471191,177.485992,,,,0.035000,
MP_R_Jongkok_1,posenet,111,4.490390,ok,1,direct,1.000000,4,right_ear,0,0,0.000000,0.000000,0.000000,2.000000,634.604736,177.485992,,,,0.035000,
MP_R_Jongkok_1,posenet,111,4.490390,ok,1,direct,1.000000,5,left_shoulder,1,1,2.000000,713.200000,247.490000,2.000000,710.018555,245.709152,3.645958,44.699708,1,0.079000,0.978906
MP_R_Jongkok_1,posenet,111,4.490390,ok,1,direct,1.000000,6,right_shoulder,1,1,2.000000,612.440000,252.170000,2.000000,616.467285,248.591827,5.387239,44.699708,1,0.079000,0.954519
MP_R_Jongkok_1,posenet,111,4.490390,ok,1,direct,1.000000,7,left_elbow,1,1,2.000000,724.690000,329.200000,2.000000,722.428467,326.423859,3.580711,44.699708,1,0.072000,0.975547
MP_R_Jongkok_1,posenet,111,4.490390,ok,1,direct,1.000000,8,right_elbow,1,1,2.000000,600.110000,330.570000,2.000000,603.102783,331.228333,3.064336,44.699708,1,0.072000,0.982032
MP_R_Jongkok_1,posenet,111,4.490390,ok,1,direct,1.000000,9,left_wrist,1,1,2.000000,708.200000,405.400000,2.000000,705.245544,405.216797,2.960130,44.699708,1,0.062000,0.977441
MP_R_Jongkok_1,posenet,111,4.490390,ok,1,direct,1.000000,10,right_wrist,1,1,2.000000,600.840000,401.170000,2.000000,601.193542,404.255890,3.106076,44.699708,1,0.062000,0.975191
MP_R_Jongkok_1,posenet,111,4.490390,ok,1,direct,1.000000,11,left_hip,1,1,2.000000,692.600000,396.900000,2.000000,693.790283,406.177704,9.353746,44.699708,1,0.107000,0.926359
MP_R_Jongkok_1,posenet,111,4.490390,ok,1,direct,1.000000,12,right_hip,1,1,2.000000,630.970000,398.430000,2.000000,630.786316,408.099457,9.671201,44.699708,1,0.107000,0.921480
MP_R_Jongkok_1,posenet,111,4.490390,ok,1,direct,1.000000,13,left_knee,1,1,2.000000,703.880000,521.120000,2.000000,703.336365,521.484436,0.654487,44.699708,1,0.087000,0.999434
MP_R_Jongkok_1,posenet,111,4.490390,ok,1,direct,1.000000,14,right_knee,1,1,2.000000,636.400000,523.300000,2.000000,638.423157,525.327942,2.864561,44.699708,1,0.087000,0.989207
MP_R_Jongkok_1,posenet,111,4.490390,ok,1,direct,1.000000,15,left_ankle,1,1,2.000000,711.080000,647.410000,2.000000,710.018555,634.869385,12.585456,44.699708,1,0.089000,0.818599
MP_R_Jongkok_1,posenet,111,4.490390,ok,1,direct,1.000000,16,right_ankle,1,1,2.000000,654.770000,648.450000,2.000000,650.833069,633.908508,15.065006,44.699708,1,0.089000,0.750662
MP_R_Jongkok_1,posenet,112,4.530844,ok,1,direct,1.000000,0,nose,0,0,0.000000,0.000000,0.000000,2.000000,644.314209,176.792984,,,,0.026000,
MP_R_Jongkok_1,posenet,112,4.530844,ok,1,direct,1.000000,1,left_eye,0,0,0.000000,0.000000,0.000000,2.000000,653.857910,168.141861,,,,0.025000,
MP_R_Jongkok_1,posenet,112,4.530844,ok,1,direct,1.000000,2,right_eye,0,0,0.000000,0.000000,0.000000,2.000000,639.542419,168.141861,,,,0.025000,
MP_R_Jongkok_1,posenet,112,4.530844,ok,1,direct,1.000000,3,left_ear,0,0,0.000000,0.000000,0.000000,2.000000,678.671448,177.754211,,,,0.035000,
MP_R_Jongkok_1,posenet,112,4.530844,ok,1,direct,1.000000,4,right_ear,0,0,0.000000,0.000000,0.000000,2.000000,635.724915,177.754211,,,,0.035000,
MP_R_Jongkok_1,posenet,112,4.530844,ok,1,direct,1.000000,5,left_shoulder,1,1,2.000000,713.200000,247.490000,2.000000,708.256836,246.001846,5.162313,44.699708,1,0.079000,0.958159
MP_R_Jongkok_1,posenet,112,4.530844,ok,1,direct,1.000000,6,right_shoulder,1,1,2.000000,612.440000,252.170000,2.000000,616.637573,248.885544,5.329847,44.699708,1,0.079000,0.955461
MP_R_Jongkok_1,posenet,112,4.530844,ok,1,direct,1.000000,7,left_elbow,1,1,2.000000,724.690000,329.200000,2.000000,722.572327,325.784332,4.018871,44.699708,1,0.072000,0.969295
MP_R_Jongkok_1,posenet,112,4.530844,ok,1,direct,1.000000,8,right_elbow,1,1,2.000000,600.110000,330.570000,2.000000,603.276428,333.474152,4.296553,44.699708,1,0.072000,0.964983
MP_R_Jongkok_1,posenet,112,4.530844,ok,1,direct,1.000000,9,left_wrist,1,1,2.000000,708.200000,405.400000,2.000000,705.393738,402.683044,3.906015,44.699708,1,0.062000,0.961050
MP_R_Jongkok_1,posenet,112,4.530844,ok,1,direct,1.000000,10,right_wrist,1,1,2.000000,600.840000,401.170000,2.000000,601.367676,403.644287,2.529929,44.699708,1,0.062000,0.983471
MP_R_Jongkok_1,posenet,112,4.530844,ok,1,direct,1.000000,11,left_hip,1,1,2.000000,692.600000,396.900000,2.000000,694.895691,407.489227,10.835217,44.699708,1,0.107000,0.902449
MP_R_Jongkok_1,posenet,112,4.530844,ok,1,direct,1.000000,12,right_hip,1,1,2.000000,630.970000,398.430000,2.000000,632.861816,411.334167,13.042105,44.699708,1,0.107000,0.861817
MP_R_Jongkok_1,posenet,112,4.530844,ok,1,direct,1.000000,13,left_knee,1,1,2.000000,703.880000,521.120000,2.000000,703.484985,518.992371,2.163988,44.699708,1,0.087000,0.993826
MP_R_Jongkok_1,posenet,112,4.530844,ok,1,direct,1.000000,14,right_knee,1,1,2.000000,636.400000,523.300000,2.000000,638.588013,527.643555,4.863524,44.699708,1,0.087000,0.969203
MP_R_Jongkok_1,posenet,112,4.530844,ok,1,direct,1.000000,15,left_ankle,1,1,2.000000,711.080000,647.410000,2.000000,710.165588,635.301758,12.142721,44.699708,1,0.089000,0.830003
MP_R_Jongkok_1,posenet,112,4.530844,ok,1,direct,1.000000,16,right_ankle,1,1,2.000000,654.770000,648.450000,2.000000,650.994751,634.340576,14.605764,44.699708,1,0.089000,0.763699
MP_R_Jongkok_1,posenet,113,4.571298,ok,1,direct,1.000000,0,nose,0,0,0.000000,0.000000,0.000000,2.000000,644.536194,176.367493,,,,0.026000,
MP_R_Jongkok_1,posenet,113,4.571298,ok,1,direct,1.000000,1,left_eye,0,0,0.000000,0.000000,0.000000,2.000000,654.133850,166.769577,,,,0.025000,
MP_R_Jongkok_1,posenet,113,4.571298,ok,1,direct,1.000000,2,right_eye,0,0,0.000000,0.000000,0.000000,2.000000,639.737305,168.689163,,,,0.025000,
MP_R_Jongkok_1,posenet,113,4.571298,ok,1,direct,1.000000,3,left_ear,0,0,0.000000,0.000000,0.000000,2.000000,679.087830,177.327271,,,,0.035000,
MP_R_Jongkok_1,posenet,113,4.571298,ok,1,direct,1.000000,4,right_ear,0,0,0.000000,0.000000,0.000000,2.000000,634.938477,179.246857,,,,0.035000,
MP_R_Jongkok_1,posenet,113,4.571298,ok,1,direct,1.000000,5,left_shoulder,1,1,2.000000,713.200000,247.490000,2.000000,708.840698,242.593063,6.556180,44.699708,1,0.079000,0.933383
MP_R_Jongkok_1,posenet,113,4.571298,ok,1,direct,1.000000,6,right_shoulder,1,1,2.000000,612.440000,252.170000,2.000000,615.743103,250.271408,3.809874,44.699708,1,0.079000,0.976989
MP_R_Jongkok_1,posenet,113,4.571298,ok,1,direct,1.000000,7,left_elbow,1,1,2.000000,724.690000,329.200000,2.000000,722.277466,326.094879,3.932187,44.699708,1,0.072000,0.970586
MP_R_Jongkok_1,posenet,113,4.571298,ok,1,direct,1.000000,8,right_elbow,1,1,2.000000,600.110000,330.570000,2.000000,605.185608,331.853638,5.235410,44.699708,1,0.072000,0.948452
MP_R_Jongkok_1,posenet,113,4.571298,ok,1,direct,1.000000,9,left_wrist,1,1,2.000000,708.200000,405.400000,2.000000,705.961365,401.918365,4.139235,44.699708,1,0.062000,0.956366
MP_R_Jongkok_1,posenet,113,4.571298,ok,1,direct,1.000000,10,right_wrist,1,1,2.000000,600.840000,401.170000,2.000000,604.225830,405.757538,5.701697,44.699708,1,0.062000,0.918830
MP_R_Jongkok_1,posenet,113,4.571298,ok,1,direct,1.000000,11,left_hip,1,1,2.000000,692.600000,396.900000,2.000000,693.484375,407.677155,10.813380,44.699708,1,0.107000,0.902822
MP_R_Jongkok_1,posenet,113,4.571298,ok,1,direct,1.000000,12,right_hip,1,1,2.000000,630.970000,398.430000,2.000000,631.099365,408.636932,10.207752,44.699708,1,0.107000,0.912927
MP_R_Jongkok_1,posenet,113,4.571298,ok,1,direct,1.000000,13,left_knee,1,1,2.000000,703.880000,521.120000,2.000000,703.082092,519.012939,2.253078,44.699708,1,0.087000,0.993309
MP_R_Jongkok_1,posenet,113,4.571298,ok,1,direct,1.000000,14,right_knee,1,1,2.000000,636.400000,523.300000,2.000000,639.737305,527.651001,5.483504,44.699708,1,0.087000,0.961015
MP_R_Jongkok_1,posenet,113,4.571298,ok,1,direct,1.000000,15,left_ankle,1,1,2.000000,711.080000,647.410000,2.000000,709.800415,636.107422,11.374780,44.699708,1,0.089000,0.849164
MP_R_Jongkok_1,posenet,113,4.571298,ok,1,direct,1.000000,16,right_ankle,1,1,2.000000,654.770000,648.450000,2.000000,651.254578,635.147644,13.759029,44.699708,1,0.089000,0.787234
MP_R_Jongkok_1,posenet,114,4.611752,ok,1,direct,1.000000,0,nose,0,0,0.000000,0.000000,0.000000,2.000000,643.610840,175.262146,,,,0.026000,
MP_R_Jongkok_1,posenet,114,4.611752,ok,1,direct,1.000000,1,left_eye,0,0,0.000000,0.000000,0.000000,2.000000,653.160400,165.652878,,,,0.025000,
MP_R_Jongkok_1,posenet,114,4.611752,ok,1,direct,1.000000,2,right_eye,0,0,0.000000,0.000000,0.000000,2.000000,637.881165,168.535675,,,,0.025000,
MP_R_Jongkok_1,posenet,114,4.611752,ok,1,direct,1.000000,3,left_ear,0,0,0.000000,0.000000,0.000000,2.000000,678.944214,175.262146,,,,0.035000,
MP_R_Jongkok_1,posenet,114,4.611752,ok,1,direct,1.000000,4,right_ear,0,0,0.000000,0.000000,0.000000,2.000000,634.061279,179.105835,,,,0.035000,
MP_R_Jongkok_1,posenet,114,4.611752,ok,1,direct,1.000000,5,left_shoulder,1,1,2.000000,713.200000,247.490000,2.000000,708.547791,242.526932,6.802580,44.699708,1,0.079000,0.928469
MP_R_Jongkok_1,posenet,114,4.611752,ok,1,direct,1.000000,6,right_shoulder,1,1,2.000000,612.440000,252.170000,2.000000,615.917114,251.175278,3.616600,44.699708,1,0.079000,0.979240
MP_R_Jongkok_1,posenet,114,4.611752,ok,1,direct,1.000000,7,left_elbow,1,1,2.000000,724.690000,329.200000,2.000000,721.917175,324.205627,5.712470,44.699708,1,0.072000,0.938935
MP_R_Jongkok_1,posenet,114,4.611752,ok,1,direct,1.000000,8,right_elbow,1,1,2.000000,600.110000,330.570000,2.000000,605.412598,331.893005,5.465152,44.699708,1,0.072000,0.943960
MP_R_Jongkok_1,posenet,114,4.611752,ok,1,direct,1.000000,9,left_wrist,1,1,2.000000,708.200000,405.400000,2.000000,705.682983,402.040588,4.197740,44.699708,1,0.062000,0.955152
MP_R_Jongkok_1,posenet,114,4.611752,ok,1,direct,1.000000,10,right_wrist,1,1,2.000000,600.840000,401.170000,2.000000,604.457642,402.040588,3.720921,44.699708,1,0.062000,0.964589
MP_R_Jongkok_1,posenet,114,4.611752,ok,1,direct,1.000000,11,left_hip,1,1,2.000000,692.600000,396.900000,2.000000,694.223511,404.923370,8.185979,44.699708,1,0.107000,0.943097
MP_R_Jongkok_1,posenet,114,4.611752,ok,1,direct,1.000000,12,right_hip,1,1,2.000000,630.970000,398.430000,2.000000,631.196411,409.727997,11.300265,44.699708,1,0.107000,0.894364
MP_R_Jongkok_1,posenet,114,4.611752,ok,1,direct,1.000000,13,left_knee,1,1,2.000000,703.880000,521.120000,2.000000,702.818115,520.234497,1.382648,44.699708,1,0.087000,0.997475
MP_R_Jongkok_1,posenet,114,4.611752,ok,1,direct,1.000000,14,right_knee,1,1,2.000000,636.400000,523.300000,2.000000,639.791016,527.921875,5.732427,44.699708,1,0.087000,0.957474
MP_R_Jongkok_1,posenet,114,4.611752,ok,1,direct,1.000000,15,left_ankle,1,1,2.000000,711.080000,647.410000,2.000000,710.457764,638.428223,9.003305,44.699708,1,0.089000,0.902638
MP_R_Jongkok_1,posenet,114,4.611752,ok,1,direct,1.000000,16,right_ankle,1,1,2.000000,654.770000,648.450000,2.000000,651.250488,633.623718,15.238294,44.699708,1,0.089000,0.745697
MP_R_Jongkok_1,posenet,115,4.652206,ok,1,direct,1.000000,0,nose,0,0,0.000000,0.000000,0.000000,2.000000,644.005737,177.430191,,,,0.026000,
MP_R_Jongkok_1,posenet,115,4.652206,ok,1,direct,1.000000,1,left_eye,0,0,0.000000,0.000000,0.000000,2.000000,653.546204,167.832672,,,,0.025000,
MP_R_Jongkok_1,posenet,115,4.652206,ok,1,direct,1.000000,2,right_eye,0,0,0.000000,0.000000,0.000000,2.000000,638.281433,167.832672,,,,0.025000,
MP_R_Jongkok_1,posenet,115,4.652206,ok,1,direct,1.000000,3,left_ear,0,0,0.000000,0.000000,0.000000,2.000000,680.259583,177.430191,,,,0.035000,
MP_R_Jongkok_1,posenet,115,4.652206,ok,1,direct,1.000000,4,right_ear,0,0,0.000000,0.000000,0.000000,2.000000,633.511169,178.389954,,,,0.035000,
MP_R_Jongkok_1,posenet,115,4.652206,ok,1,direct,1.000000,5,left_shoulder,1,1,2.000000,713.200000,247.490000,2.000000,709.835144,245.572739,3.872744,44.699708,1,0.079000,0.976232
MP_R_Jongkok_1,posenet,115,4.652206,ok,1,direct,1.000000,6,right_shoulder,1,1,2.000000,612.440000,252.170000,2.000000,617.292297,249.411774,5.581452,44.699708,1,0.079000,0.951263
MP_R_Jongkok_1,posenet,115,4.652206,ok,1,direct,1.000000,7,left_elbow,1,1,2.000000,724.690000,329.200000,2.000000,722.237793,327.151855,3.195030,44.699708,1,0.072000,0.980482
MP_R_Jongkok_1,posenet,115,4.652206,ok,1,direct,1.000000,8,right_elbow,1,1,2.000000,600.110000,330.570000,2.000000,603.935608,331.950592,4.067101,44.699708,1,0.072000,0.968565
MP_R_Jongkok_1,posenet,115,4.652206,ok,1,direct,1.000000,9,left_wrist,1,1,2.000000,708.200000,405.400000,2.000000,705.064880,404.891907,3.176025,44.699708,1,0.062000,0.974075
MP_R_Jongkok_1,posenet,115,4.652206,ok,1,direct,1.000000,10,right_wrist,1,1,2.000000,600.840000,401.170000,2.000000,603.935608,403.932129,4.148752,44.699708,1,0.062000,0.956170
MP_R_Jongkok_1,posenet,115,4.652206,ok,1,direct,1.000000,11,left_hip,1,1,2.000000,692.600000,396.900000,2.000000,693.616272,404.891907,8.056264,44.699708,1,0.107000,0.944836
MP_R_Jongkok_1,posenet,115,4.652206,ok,1,direct,1.000000,12,right_hip,1,1,2.000000,630.970000,398.430000,2.000000,633.511169,407.771179,9.680660,44.699708,1,0.107000,0.921333
MP_R_Jongkok_1,posenet,115,4.652206,ok,1,direct,1.000000,13,left_knee,1,1,2.000000,703.880000,521.120000,2.000000,704.110779,522.941650,1.836211,44.699708,1,0.087000,0.995551
MP_R_Jongkok_1,posenet,115,4.652206,ok,1,direct,1.000000,14,right_knee,1,1,2.000000,636.400000,523.300000,2.000000,640.189514,525.820923,4.551425,44.699708,1,0.087000,0.972976
MP_R_Jongkok_1,posenet,115,4.652206,ok,1,direct,1.000000,15,left_ankle,1,1,2.000000,711.080000,647.410000,2.000000,709.835144,635.232849,12.240616,44.699708,1,0.089000,0.827503
MP_R_Jongkok_1,posenet,115,4.652206,ok,1,direct,1.000000,16,right_ankle,1,1,2.000000,654.770000,648.450000,2.000000,651.638123,634.273071,14.518745,44.699708,1,0.089000,0.766149
MP_R_Jongkok_1,posenet,116,4.692660,ok,1,direct,1.000000,0,nose,0,0,0.000000,0.000000,0.000000,2.000000,643.204529,176.352432,,,,0.026000,
MP_R_Jongkok_1,posenet,116,4.692660,ok,1,direct,1.000000,1,left_eye,0,0,0.000000,0.000000,0.000000,2.000000,653.759521,166.748138,,,,0.025000,
MP_R_Jongkok_1,posenet,116,4.692660,ok,1,direct,1.000000,2,right_eye,0,0,0.000000,0.000000,0.000000,2.000000,638.406860,168.669006,,,,0.025000,
MP_R_Jongkok_1,posenet,116,4.692660,ok,1,direct,1.000000,3,left_ear,0,0,0.000000,0.000000,0.000000,2.000000,678.707458,176.352432,,,,0.035000,
MP_R_Jongkok_1,posenet,116,4.692660,ok,1,direct,1.000000,4,right_ear,0,0,0.000000,0.000000,0.000000,2.000000,634.568726,179.233719,,,,0.035000,
MP_R_Jongkok_1,posenet,116,4.692660,ok,1,direct,1.000000,5,left_shoulder,1,1,2.000000,713.200000,247.490000,2.000000,708.453186,242.621994,6.799244,44.699708,1,0.079000,0.928536
MP_R_Jongkok_1,posenet,116,4.692660,ok,1,direct,1.000000,6,right_shoulder,1,1,2.000000,612.440000,252.170000,2.000000,616.337463,250.305435,4.320512,44.699708,1,0.079000,0.970505
MP_R_Jongkok_1,posenet,116,4.692660,ok,1,direct,1.000000,7,left_elbow,1,1,2.000000,724.690000,329.200000,2.000000,721.886719,328.100128,3.011329,44.699708,1,0.072000,0.982643
MP_R_Jongkok_1,posenet,116,4.692660,ok,1,direct,1.000000,8,right_elbow,1,1,2.000000,600.110000,330.570000,2.000000,604.822998,331.941833,4.908592,44.699708,1,0.072000,0.954542
MP_R_Jongkok_1,posenet,116,4.692660,ok,1,direct,1.000000,9,left_wrist,1,1,2.000000,708.200000,405.400000,2.000000,705.574585,403.013550,3.547950,44.699708,1,0.062000,0.967753
MP_R_Jongkok_1,posenet,116,4.692660,ok,1,direct,1.000000,10,right_wrist,1,1,2.000000,600.840000,401.170000,2.000000,602.903931,402.053101,2.244922,44.699708,1,0.062000,0.986963
MP_R_Jongkok_1,posenet,116,4.692660,ok,1,direct,1.000000,11,left_hip,1,1,2.000000,692.600000,396.900000,2.000000,694.060120,408.776123,11.965544,44.699708,1,0.107000,0.882342
MP_R_Jongkok_1,posenet,116,4.692660,ok,1,direct,1.000000,12,right_hip,1,1,2.000000,630.970000,398.430000,2.000000,632.649658,410.696960,12.381420,44.699708,1,0.107000,0.874566
MP_R_Jongkok_1,posenet,116,4.692660,ok,1,direct,1.000000,13,left_knee,1,1,2.000000,703.880000,521.120000,2.000000,702.695984,521.146240,1.184307,44.699708,1,0.087000,0.998147
MP_R_Jongkok_1,posenet,116,4.692660,ok,1,direct,1.000000,14,right_knee,1,1,2.000000,636.400000,523.300000,2.000000,640.325928,528.829651,6.781589,44.699708,1,0.087000,0.940993
MP_R_Jongkok_1,posenet,116,4.692660,ok,1,direct,1.000000,15,left_ankle,1,1,2.000000,711.080000,647.410000,2.000000,710.372314,639.278931,8.161808,44.699708,1,0.089000,0.919265
MP_R_Jongkok_1,posenet,116,4.692660,ok,1,direct,1.000000,16,right_ankle,1,1,2.000000,654.770000,648.450000,2.000000,650.880859,633.516418,15.431697,44.699708,1,0.089000,0.740128
MP_R_Jongkok_1,posenet,117,4.733114,ok,1,direct,1.000000,0,nose,0,0,0.000000,0.000000,0.000000,2.000000,644.210693,176.600388,,,,0.026000,
MP_R_Jongkok_1,posenet,117,4.733114,ok,1,direct,1.000000,1,left_eye,0,0,0.000000,0.000000,0.000000,2.000000,652.829407,167.963547,,,,0.025000,
MP_R_Jongkok_1,posenet,117,4.733114,ok,1,direct,1.000000,2,right_eye,0,0,0.000000,0.000000,0.000000,2.000000,639.422485,167.963547,,,,0.025000,
MP_R_Jongkok_1,posenet,117,4.733114,ok,1,direct,1.000000,3,left_ear,0,0,0.000000,0.000000,0.000000,2.000000,679.643188,177.560043,,,,0.035000,
MP_R_Jongkok_1,posenet,117,4.733114,ok,1,direct,1.000000,4,right_ear,0,0,0.000000,0.000000,0.000000,2.000000,634.634277,177.560043,,,,0.035000,
MP_R_Jongkok_1,posenet,117,4.733114,ok,1,direct,1.000000,5,left_shoulder,1,1,2.000000,713.200000,247.490000,2.000000,709.329895,245.695023,4.266106,44.699708,1,0.079000,0.971232
MP_R_Jongkok_1,posenet,117,4.733114,ok,1,direct,1.000000,6,right_shoulder,1,1,2.000000,612.440000,252.170000,2.000000,617.396851,248.573959,6.123878,44.699708,1,0.079000,0.941625
MP_R_Jongkok_1,posenet,117,4.733114,ok,1,direct,1.000000,7,left_elbow,1,1,2.000000,724.690000,329.200000,2.000000,721.779114,326.305450,4.105079,44.699708,1,0.072000,0.967985
MP_R_Jongkok_1,posenet,117,4.733114,ok,1,direct,1.000000,8,right_elbow,1,1,2.000000,600.110000,330.570000,2.000000,604.947632,332.063354,5.062884,44.699708,1,0.072000,0.951711
MP_R_Jongkok_1,posenet,117,4.733114,ok,1,direct,1.000000,9,left_wrist,1,1,2.000000,708.200000,405.400000,2.000000,706.456970,403.077271,2.904002,44.699708,1,0.062000,0.978279
MP_R_Jongkok_1,posenet,117,4.733114,ok,1,direct,1.000000,10,right_wrist,1,1,2.000000,600.840000,401.170000,2.000000,603.032349,403.077271,2.905869,44.699708,1,0.062000,0.978252
MP_R_Jongkok_1,posenet,117,4.733114,ok,1,direct,1.000000,11,left_hip,1,1,2.000000,692.600000,396.900000,2.000000,694.965332,403.077271,6.614640,44.699708,1,0.107000,0.962469
MP_R_Jongkok_1,posenet,117,4.733114,ok,1,direct,1.000000,12,right_hip,1,1,2.000000,630.970000,398.430000,2.000000,633.676697,409.794800,11.682674,44.699708,1,0.107000,0.887518
MP_R_Jongkok_1,posenet,117,4.733114,ok,1,direct,1.000000,13,left_knee,1,1,2.000000,703.880000,521.120000,2.000000,702.626404,518.235046,3.145546,44.699708,1,0.087000,0.987000
MP_R_Jongkok_1,posenet,117,4.733114,ok,1,direct,1.000000,14,right_knee,1,1,2.000000,636.400000,523.300000,2.000000,639.422485,526.871826,4.679034,44.699708,1,0.087000,0.971462
MP_R_Jongkok_1,posenet,117,4.733114,ok,1,direct,1.000000,15,left_ankle,1,1,2.000000,711.080000,647.410000,2.000000,708.372192,636.271667,11.462752,44.699708,1,0.089000,0.847011
MP_R_Jongkok_1,posenet,117,4.733114,ok,1,direct,1.000000,16,right_ankle,1,1,2.000000,654.770000,648.450000,2.000000,650.914124,634.352417,14.615390,44.699708,1,0.089000,0.763428
MP_R_Jongkok_1,posenet,118,4.773568,ok,1,direct,1.000000,0,nose,0,0,0.000000,0.000000,0.000000,2.000000,643.262634,175.017944,,,,0.026000,
MP_R_Jongkok_1,posenet,118,4.773568,ok,1,direct,1.000000,1,left_eye,0,0,0.000000,0.000000,0.000000,2.000000,652.856018,165.419800,,,,0.025000,
MP_R_Jongkok_1,posenet,118,4.773568,ok,1,direct,1.000000,2,right_eye,0,0,0.000000,0.000000,0.000000,2.000000,638.466003,167.339432,,,,0.025000,
MP_R_Jongkok_1,posenet,118,4.773568,ok,1,direct,1.000000,3,left_ear,0,0,0.000000,0.000000,0.000000,2.000000,679.717285,175.977753,,,,0.035000,
MP_R_Jongkok_1,posenet,118,4.773568,ok,1,direct,1.000000,4,right_ear,0,0,0.000000,0.000000,0.000000,2.000000,635.587952,179.817017,,,,0.035000,
MP_R_Jongkok_1,posenet,118,4.773568,ok,1,direct,1.000000,5,left_shoulder,1,1,2.000000,713.200000,247.490000,2.000000,708.497314,243.164810,6.389250,44.699708,1,0.079000,0.936624
MP_R_Jongkok_1,posenet,118,4.773568,ok,1,direct,1.000000,6,right_shoulder,1,1,2.000000,612.440000,252.170000,2.000000,617.360657,250.843338,5.096361,44.699708,1,0.079000,0.959199
MP_R_Jongkok_1,posenet,118,4.773568,ok,1,direct,1.000000,7,left_elbow,1,1,2.000000,724.690000,329.200000,2.000000,722.887268,328.588379,1.903660,44.699708,1,0.072000,0.993027
MP_R_Jongkok_1,posenet,118,4.773568,ok,1,direct,1.000000,8,right_elbow,1,1,2.000000,600.110000,330.570000,2.000000,603.929993,332.427643,4.247727,44.699708,1,0.072000,0.965761
MP_R_Jongkok_1,posenet,118,4.773568,ok,1,direct,1.000000,9,left_wrist,1,1,2.000000,708.200000,405.400000,2.000000,705.619324,405.373596,2.580811,44.699708,1,0.062000,0.982806
MP_R_Jongkok_1,posenet,118,4.773568,ok,1,direct,1.000000,10,right_wrist,1,1,2.000000,600.840000,401.170000,2.000000,603.929993,403.453979,3.842475,44.699708,1,0.062000,0.962283
MP_R_Jongkok_1,posenet,118,4.773568,ok,1,direct,1.000000,11,left_hip,1,1,2.000000,692.600000,396.900000,2.000000,695.066650,407.293213,10.681912,44.699708,1,0.107000,0.905056
MP_R_Jongkok_1,posenet,118,4.773568,ok,1,direct,1.000000,12,right_hip,1,1,2.000000,630.970000,398.430000,2.000000,633.669312,409.212860,11.115591,44.699708,1,0.107000,0.897607
MP_R_Jongkok_1,posenet,118,4.773568,ok,1,direct,1.000000,13,left_knee,1,1,2.000000,703.880000,521.120000,2.000000,702.741272,517.671997,3.631174,44.699708,1,0.087000,0.982714
MP_R_Jongkok_1,posenet,118,4.773568,ok,1,direct,1.000000,14,right_knee,1,1,2.000000,636.400000,523.300000,2.000000,639.425293,526.310303,4.267824,44.699708,1,0.087000,0.976200
MP_R_Jongkok_1,posenet,118,4.773568,ok,1,direct,1.000000,15,left_ankle,1,1,2.000000,711.080000,647.410000,2.000000,709.456665,635.729187,11.793075,44.699708,1,0.089000,0.838828
MP_R_Jongkok_1,posenet,118,4.773568,ok,1,direct,1.000000,16,right_ankle,1,1,2.000000,654.770000,648.450000,2.000000,651.896606,633.809570,14.919738,44.699708,1,0.089000,0.754805
MP_R_Jongkok_1,posenet,119,4.814022,ok,1,direct,1.000000,0,nose,0,0,0.000000,0.000000,0.000000,2.000000,644.085632,175.752213,,,,0.026000,
MP_R_Jongkok_1,posenet,119,4.814022,ok,1,direct,1.000000,1,left_eye,0,0,0.000000,0.000000,0.000000,2.000000,652.726685,166.154785,,,,0.025000,
MP_R_Jongkok_1,posenet,119,4.814022,ok,1,direct,1.000000,2,right_eye,0,0,0.000000,0.000000,0.000000,2.000000,639.285034,167.114517,,,,0.025000,
MP_R_Jongkok_1,posenet,119,4.814022,ok,1,direct,1.000000,3,left_ear,0,0,0.000000,0.000000,0.000000,2.000000,678.649902,176.711945,,,,0.035000,
MP_R_Jongkok_1,posenet,119,4.814022,ok,1,direct,1.000000,4,right_ear,0,0,0.000000,0.000000,0.000000,2.000000,635.444580,177.671692,,,,0.035000,
MP_R_Jongkok_1,posenet,119,4.814022,ok,1,direct,1.000000,5,left_shoulder,1,1,2.000000,713.200000,247.490000,2.000000,709.373657,243.893967,5.250938,44.699708,1,0.079000,0.956741
MP_R_Jongkok_1,posenet,119,4.814022,ok,1,direct,1.000000,6,right_shoulder,1,1,2.000000,612.440000,252.170000,2.000000,616.242249,251.571899,3.849002,44.699708,1,0.079000,0.976519
MP_R_Jongkok_1,posenet,119,4.814022,ok,1,direct,1.000000,7,left_elbow,1,1,2.000000,724.690000,329.200000,2.000000,721.855225,328.351379,2.959072,44.699708,1,0.072000,0.983235
MP_R_Jongkok_1,posenet,119,4.814022,ok,1,direct,1.000000,8,right_elbow,1,1,2.000000,600.110000,330.570000,2.000000,604.720825,332.190338,4.887249,44.699708,1,0.072000,0.954928
MP_R_Jongkok_1,posenet,119,4.814022,ok,1,direct,1.000000,9,left_wrist,1,1,2.000000,708.200000,405.400000,2.000000,707.453430,402.251587,3.235718,44.699708,1,0.062000,0.973105
MP_R_Jongkok_1,posenet,119,4.814022,ok,1,direct,1.000000,10,right_wrist,1,1,2.000000,600.840000,401.170000,2.000000,603.760742,401.291840,2.923282,44.699708,1,0.062000,0.977993
MP_R_Jongkok_1,posenet,119,4.814022,ok,1,direct,1.000000,11,left_hip,1,1,2.000000,692.600000,396.900000,2.000000,694.971863,407.050293,10.423732,44.699708,1,0.107000,0.909378
MP_R_Jongkok_1,posenet,119,4.814022,ok,1,direct,1.000000,12,right_hip,1,1,2.000000,630.970000,398.430000,2.000000,632.564209,408.969788,10.659673,44.699708,1,0.107000,0.905431
MP_R_Jongkok_1,posenet,119,4.814022,ok,1,direct,1.000000,13,left_knee,1,1,2.000000,703.880000,521.120000,2.000000,701.692749,516.461060,5.146824,44.699708,1,0.087000,0.965575
MP_R_Jongkok_1,posenet,119,4.814022,ok,1,direct,1.000000,14,right_knee,1,1,2.000000,636.400000,523.300000,2.000000,641.205261,526.058472,5.540731,44.699708,1,0.087000,0.960214
MP_R_Jongkok_1,posenet,119,4.814022,ok,1,direct,1.000000,15,left_ankle,1,1,2.000000,711.080000,647.410000,2.000000,709.373657,634.509399,13.012959,44.699708,1,0.089000,0.807357
MP_R_Jongkok_1,posenet,119,4.814022,ok,1,direct,1.000000,16,right_ankle,1,1,2.000000,654.770000,648.450000,2.000000,651.766602,633.549683,15.199995,44.699708,1,0.089000,0.746796
MP_R_Jongkok_1,posenet,120,4.854476,ok,1,direct,1.000000,0,nose,0,0,0.000000,0.000000,0.000000,2.000000,644.037537,174.820572,,,,0.026000,
MP_R_Jongkok_1,posenet,120,4.854476,ok,1,direct,1.000000,1,left_eye,0,0,0.000000,0.000000,0.000000,2.000000,653.608276,165.224457,,,,0.025000,
MP_R_Jongkok_1,posenet,120,4.854476,ok,1,direct,1.000000,2,right_eye,0,0,0.000000,0.000000,0.000000,2.000000,638.295166,168.103287,,,,0.025000,
MP_R_Jongkok_1,posenet,120,4.854476,ok,1,direct,1.000000,3,left_ear,0,0,0.000000,0.000000,0.000000,2.000000,680.406250,175.780182,,,,0.035000,
MP_R_Jongkok_1,posenet,120,4.854476,ok,1,direct,1.000000,4,right_ear,0,0,0.000000,0.000000,0.000000,2.000000,635.423889,178.659012,,,,0.035000,
MP_R_Jongkok_1,posenet,120,4.854476,ok,1,direct,1.000000,5,left_shoulder,1,1,2.000000,713.200000,247.490000,2.000000,708.161316,242.952957,6.780346,44.699708,1,0.079000,0.928918
MP_R_Jongkok_1,posenet,120,4.854476,ok,1,direct,1.000000,6,right_shoulder,1,1,2.000000,612.440000,252.170000,2.000000,618.196594,249.670227,6.275926,44.699708,1,0.079000,0.938782
MP_R_Jongkok_1,posenet,120,4.854476,ok,1,direct,1.000000,7,left_elbow,1,1,2.000000,724.690000,329.200000,2.000000,723.474487,328.358307,1.478485,44.699708,1,0.072000,0.995788
MP_R_Jongkok_1,posenet,120,4.854476,ok,1,direct,1.000000,8,right_elbow,1,1,2.000000,600.110000,330.570000,2.000000,602.883484,331.237152,2.852596,44.699708,1,0.072000,0.984411
MP_R_Jongkok_1,posenet,120,4.854476,ok,1,direct,1.000000,9,left_wrist,1,1,2.000000,708.200000,405.400000,2.000000,706.247192,407.046387,2.554221,44.699708,1,0.062000,0.983155
MP_R_Jongkok_1,posenet,120,4.854476,ok,1,direct,1.000000,10,right_wrist,1,1,2.000000,600.840000,401.170000,2.000000,603.840576,405.127167,4.966148,44.699708,1,0.062000,0.937798
MP_R_Jongkok_1,posenet,120,4.854476,ok,1,direct,1.000000,11,left_hip,1,1,2.000000,692.600000,396.900000,2.000000,696.676514,408.006012,11.830531,44.699708,1,0.107000,0.884824
MP_R_Jongkok_1,posenet,120,4.854476,ok,1,direct,1.000000,12,right_hip,1,1,2.000000,630.970000,398.430000,2.000000,635.423889,408.965607,11.438363,44.699708,1,0.107000,0.891912
MP_R_Jongkok_1,posenet,120,4.854476,ok,1,direct,1.000000,13,left_knee,1,1,2.000000,703.880000,521.120000,2.000000,705.290100,524.118896,3.313874,44.699708,1,0.087000,0.985582
MP_R_Jongkok_1,posenet,120,4.854476,ok,1,direct,1.000000,14,right_knee,1,1,2.000000,636.400000,523.300000,2.000000,639.252197,526.038208,3.953835,44.699708,1,0.087000,0.979538
MP_R_Jongkok_1,posenet,120,4.854476,ok,1,direct,1.000000,15,left_ankle,1,1,2.000000,711.080000,647.410000,2.000000,710.075500,635.433777,12.018275,44.699708,1,0.089000,0.833163
MP_R_Jongkok_1,posenet,120,4.854476,ok,1,direct,1.000000,16,right_ankle,1,1,2.000000,654.770000,648.450000,2.000000,650.737061,633.514587,15.470331,44.699708,1,0.089000,0.739013
MP_R_Jongkok_1,posenet,121,4.894930,ok,1,direct,1.000000,0,nose,0,0,0.000000,0.000000,0.000000,2.000000,644.009583,175.139755,,,,0.026000,
MP_R_Jongkok_1,posenet,121,4.894930,ok,1,direct,1.000000,1,left_eye,0,0,0.000000,0.000000,0.000000,2.000000,653.569214,165.534210,,,,0.025000,
MP_R_Jongkok_1,posenet,121,4.894930,ok,1,direct,1.000000,2,right_eye,0,0,0.000000,0.000000,0.000000,2.000000,639.229858,166.494751,,,,0.025000,
MP_R_Jongkok_1,posenet,121,4.894930,ok,1,direct,1.000000,3,left_ear,0,0,0.000000,0.000000,0.000000,2.000000,680.335999,175.139755,,,,0.035000,
MP_R_Jongkok_1,posenet,121,4.894930,ok,1,direct,1.000000,4,right_ear,0,0,0.000000,0.000000,0.000000,2.000000,635.406006,177.060867,,,,0.035000,
MP_R_Jongkok_1,posenet,121,4.894930,ok,1,direct,1.000000,5,left_shoulder,1,1,2.000000,713.200000,247.490000,2.000000,709.014709,243.339188,5.894565,44.699708,1,0.079000,0.945797
MP_R_Jongkok_1,posenet,121,4.894930,ok,1,direct,1.000000,6,right_shoulder,1,1,2.000000,612.440000,252.170000,2.000000,618.198730,250.063095,6.132049,44.699708,1,0.079000,0.941474
MP_R_Jongkok_1,posenet,121,4.894930,ok,1,direct,1.000000,7,left_elbow,1,1,2.000000,724.690000,329.200000,2.000000,723.354065,327.868073,1.886466,44.699708,1,0.072000,0.993152
MP_R_Jongkok_1,posenet,121,4.894930,ok,1,direct,1.000000,8,right_elbow,1,1,2.000000,600.110000,330.570000,2.000000,603.859375,331.710297,3.918940,44.699708,1,0.072000,0.970781
MP_R_Jongkok_1,posenet,121,4.894930,ok,1,direct,1.000000,9,left_wrist,1,1,2.000000,708.200000,405.400000,2.000000,708.058777,404.712524,0.701831,44.699708,1,0.062000,0.998718
MP_R_Jongkok_1,posenet,121,4.894930,ok,1,direct,1.000000,10,right_wrist,1,1,2.000000,600.840000,401.170000,2.000000,604.815308,407.594177,7.554676,44.699708,1,0.062000,0.861899
MP_R_Jongkok_1,posenet,121,4.894930,ok,1,direct,1.000000,11,left_hip,1,1,2.000000,692.600000,396.900000,2.000000,697.543213,408.554718,12.659692,44.699708,1,0.107000,0.869254
MP_R_Jongkok_1,posenet,121,4.894930,ok,1,direct,1.000000,12,right_hip,1,1,2.000000,630.970000,398.430000,2.000000,634.450012,410.475861,12.538470,44.699708,1,0.107000,0.871579
MP_R_Jongkok_1,posenet,121,4.894930,ok,1,direct,1.000000,13,left_knee,1,1,2.000000,703.880000,521.120000,2.000000,706.146851,524.781982,4.306823,44.699708,1,0.087000,0.975768
MP_R_Jongkok_1,posenet,121,4.894930,ok,1,direct,1.000000,14,right_knee,1,1,2.000000,636.400000,523.300000,2.000000,641.141785,526.703064,5.836554,44.699708,1,0.087000,0.955950
MP_R_Jongkok_1,posenet,121,4.894930,ok,1,direct,1.000000,15,left_ankle,1,1,2.000000,711.080000,647.410000,2.000000,709.970703,637.166931,10.302961,44.699708,1,0.089000,0.874466
MP_R_Jongkok_1,posenet,121,4.894930,ok,1,direct,1.000000,16,right_ankle,1,1,2.000000,654.770000,648.450000,2.000000,651.657288,634.285278,14.502700,44.699708,1,0.089000,0.766600
MP_R_Jongkok_1,posenet,122,4.935384,ok,1,direct,1.000000,0,nose,0,0,0.000000,0.000000,0.000000,2.000000,643.490662,174.581696,,,,0.026000,
MP_R_Jongkok_1,posenet,122,4.935384,ok,1,direct,1.000000,1,left_eye,0,0,0.000000,0.000000,0.000000,2.000000,653.080017,165.932877,,,,0.025000,
MP_R_Jongkok_1,posenet,122,4.935384,ok,1,direct,1.000000,2,right_eye,0,0,0.000000,0.000000,0.000000,2.000000,638.696045,167.854843,,,,0.025000,
MP_R_Jongkok_1,posenet,122,4.935384,ok,1,direct,1.000000,3,left_ear,0,0,0.000000,0.000000,0.000000,2.000000,679.930054,174.581696,,,,0.035000,
MP_R_Jongkok_1,posenet,122,4.935384,ok,1,direct,1.000000,4,right_ear,0,0,0.000000,0.000000,0.000000,2.000000,634.860291,178.425629,,,,0.035000,
MP_R_Jongkok_1,posenet,122,4.935384,ok,1,direct,1.000000,5,left_shoulder,1,1,2.000000,713.200000,247.490000,2.000000,710.615723,245.694229,3.146948,44.699708,1,0.079000,0.984242
MP_R_Jongkok_1,posenet,122,4.935384,ok,1,direct,1.000000,6,right_shoulder,1,1,2.000000,612.440000,252.170000,2.000000,617.599548,249.538147,5.792028,44.699708,1,0.079000,0.947616
MP_R_Jongkok_1,posenet,122,4.935384,ok,1,direct,1.000000,7,left_elbow,1,1,2.000000,724.690000,329.200000,2.000000,724.040833,327.377502,1.934662,44.699708,1,0.072000,0.992799
MP_R_Jongkok_1,posenet,122,4.935384,ok,1,direct,1.000000,8,right_elbow,1,1,2.000000,600.110000,330.570000,2.000000,604.174500,331.221466,4.116378,44.699708,1,0.072000,0.967811
MP_R_Jongkok_1,posenet,122,4.935384,ok,1,direct,1.000000,9,left_wrist,1,1,2.000000,708.200000,405.400000,2.000000,707.739014,405.216919,0.496011,44.699708,1,0.062000,0.999360
MP_R_Jongkok_1,posenet,122,4.935384,ok,1,direct,1.000000,10,right_wrist,1,1,2.000000,600.840000,401.170000,2.000000,604.174500,405.216919,5.243705,44.699708,1,0.062000,0.930903
MP_R_Jongkok_1,posenet,122,4.935384,ok,1,direct,1.000000,11,left_hip,1,1,2.000000,692.600000,396.900000,2.000000,694.313965,408.099854,11.330242,44.699708,1,0.107000,0.893833
MP_R_Jongkok_1,posenet,122,4.935384,ok,1,direct,1.000000,12,right_hip,1,1,2.000000,630.970000,398.430000,2.000000,633.901306,410.021790,11.956678,44.699708,1,0.107000,0.882506
MP_R_Jongkok_1,posenet,122,4.935384,ok,1,direct,1.000000,13,left_knee,1,1,2.000000,703.880000,521.120000,2.000000,705.821106,526.300415,5.532142,44.699708,1,0.087000,0.960335
MP_R_Jongkok_1,posenet,122,4.935384,ok,1,direct,1.000000,14,right_knee,1,1,2.000000,636.400000,523.300000,2.000000,640.613892,527.261353,5.783528,44.699708,1,0.087000,0.956729
MP_R_Jongkok_1,posenet,122,4.935384,ok,1,direct,1.000000,15,left_ankle,1,1,2.000000,711.080000,647.410000,2.000000,710.615723,636.813049,10.607116,44.699708,1,0.089000,0.867466
MP_R_Jongkok_1,posenet,122,4.935384,ok,1,direct,1.000000,16,right_ankle,1,1,2.000000,654.770000,648.450000,2.000000,651.162109,634.891113,14.030691,44.699708,1,0.089000,0.779759
MP_R_Jongkok_1,posenet,123,4.975838,ok,1,direct,1.000000,0,nose,0,0,0.000000,0.000000,0.000000,2.000000,643.371399,174.748871,,,,0.026000,
MP_R_Jongkok_1,posenet,123,4.975838,ok,1,direct,1.000000,1,left_eye,0,0,0.000000,0.000000,0.000000,2.000000,652.957825,167.066605,,,,0.025000,
MP_R_Jongkok_1,posenet,123,4.975838,ok,1,direct,1.000000,2,right_eye,0,0,0.000000,0.000000,0.000000,2.000000,637.619507,168.026886,,,,0.025000,
MP_R_Jongkok_1,posenet,123,4.975838,ok,1,direct,1.000000,3,left_ear,0,0,0.000000,0.000000,0.000000,2.000000,679.799683,174.748871,,,,0.035000,
MP_R_Jongkok_1,posenet,123,4.975838,ok,1,direct,1.000000,4,right_ear,0,0,0.000000,0.000000,0.000000,2.000000,634.743591,178.590012,,,,0.035000,
MP_R_Jongkok_1,posenet,123,4.975838,ok,1,direct,1.000000,5,left_shoulder,1,1,2.000000,713.200000,247.490000,2.000000,709.517517,242.929092,5.861959,44.699708,1,0.079000,0.946378
MP_R_Jongkok_1,posenet,123,4.975838,ok,1,direct,1.000000,6,right_shoulder,1,1,2.000000,612.440000,252.170000,2.000000,618.446716,248.690811,6.941570,44.699708,1,0.079000,0.925628
MP_R_Jongkok_1,posenet,123,4.975838,ok,1,direct,1.000000,7,left_elbow,1,1,2.000000,724.690000,329.200000,2.000000,722.938538,327.434143,2.487141,44.699708,1,0.072000,0.988127
MP_R_Jongkok_1,posenet,123,4.975838,ok,1,direct,1.000000,8,right_elbow,1,1,2.000000,600.110000,330.570000,2.000000,603.108459,331.275299,3.080293,44.699708,1,0.072000,0.981846
MP_R_Jongkok_1,posenet,123,4.975838,ok,1,direct,1.000000,9,left_wrist,1,1,2.000000,708.200000,405.400000,2.000000,707.600281,406.177490,0.981914,44.699708,1,0.062000,0.997493
MP_R_Jongkok_1,posenet,123,4.975838,ok,1,direct,1.000000,10,right_wrist,1,1,2.000000,600.840000,401.170000,2.000000,604.067139,405.217194,5.176311,44.699708,1,0.062000,0.932607
MP_R_Jongkok_1,posenet,123,4.975838,ok,1,direct,1.000000,11,left_hip,1,1,2.000000,692.600000,396.900000,2.000000,694.179321,407.137787,10.358887,44.699708,1,0.107000,0.910450
MP_R_Jongkok_1,posenet,123,4.975838,ok,1,direct,1.000000,12,right_hip,1,1,2.000000,630.970000,398.430000,2.000000,633.784973,409.058350,10.994812,44.699708,1,0.107000,0.899705
MP_R_Jongkok_1,posenet,123,4.975838,ok,1,direct,1.000000,13,left_knee,1,1,2.000000,703.880000,521.120000,2.000000,705.682983,526.213074,5.402791,44.699708,1,0.087000,0.962133
MP_R_Jongkok_1,posenet,123,4.975838,ok,1,direct,1.000000,14,right_knee,1,1,2.000000,636.400000,523.300000,2.000000,640.495483,528.133667,6.335402,44.699708,1,0.087000,0.948304
MP_R_Jongkok_1,posenet,123,4.975838,ok,1,direct,1.000000,15,left_ankle,1,1,2.000000,711.080000,647.410000,2.000000,709.517517,637.606140,9.927589,44.699708,1,0.089000,0.882898
MP_R_Jongkok_1,posenet,123,4.975838,ok,1,direct,1.000000,16,right_ankle,1,1,2.000000,654.770000,648.450000,2.000000,650.081909,634.725220,14.503372,44.699708,1,0.089000,0.766581
MP_R_Jongkok_1,posenet,124,5.016292,ok,1,direct,1.000000,0,nose,0,0,0.000000,0.000000,0.000000,2.000000,642.505981,176.901093,,,,0.026000,
MP_R_Jongkok_1,posenet,124,5.016292,ok,1,direct,1.000000,1,left_eye,0,0,0.000000,0.000000,0.000000,2.000000,653.019348,167.291885,,,,0.025000,
MP_R_Jongkok_1,posenet,124,5.016292,ok,1,direct,1.000000,2,right_eye,0,0,0.000000,0.000000,0.000000,2.000000,637.727173,167.291885,,,,0.025000,
MP_R_Jongkok_1,posenet,124,5.016292,ok,1,direct,1.000000,3,left_ear,0,0,0.000000,0.000000,0.000000,2.000000,679.780579,176.901093,,,,0.035000,
MP_R_Jongkok_1,posenet,124,5.016292,ok,1,direct,1.000000,4,right_ear,0,0,0.000000,0.000000,0.000000,2.000000,633.904114,176.901093,,,,0.035000,
MP_R_Jongkok_1,posenet,124,5.016292,ok,1,direct,1.000000,5,left_shoulder,1,1,2.000000,713.200000,247.490000,2.000000,710.364929,245.126572,3.690992,44.699708,1,0.079000,0.978387
MP_R_Jongkok_1,posenet,124,5.016292,ok,1,direct,1.000000,6,right_shoulder,1,1,2.000000,612.440000,252.170000,2.000000,617.656250,248.009338,6.672359,44.699708,1,0.079000,0.931085
MP_R_Jongkok_1,posenet,124,5.016292,ok,1,direct,1.000000,7,left_elbow,1,1,2.000000,724.690000,329.200000,2.000000,722.789795,326.804993,3.057260,44.699708,1,0.072000,0.982114
MP_R_Jongkok_1,posenet,124,5.016292,ok,1,direct,1.000000,8,right_elbow,1,1,2.000000,600.110000,330.570000,2.000000,602.364075,332.570496,3.013774,44.699708,1,0.072000,0.982615
MP_R_Jongkok_1,posenet,124,5.016292,ok,1,direct,1.000000,9,left_wrist,1,1,2.000000,708.200000,405.400000,2.000000,707.497681,404.639679,1.035056,44.699708,1,0.062000,0.997214
MP_R_Jongkok_1,posenet,124,5.016292,ok,1,direct,1.000000,10,right_wrist,1,1,2.000000,600.840000,401.170000,2.000000,603.319824,405.600586,5.077363,44.699708,1,0.062000,0.935074
MP_R_Jongkok_1,posenet,124,5.016292,ok,1,direct,1.000000,11,left_hip,1,1,2.000000,692.600000,396.900000,2.000000,694.117004,405.600586,8.831846,44.699708,1,0.107000,0.934078
MP_R_Jongkok_1,posenet,124,5.016292,ok,1,direct,1.000000,12,right_hip,1,1,2.000000,630.970000,398.430000,2.000000,632.948364,406.561493,8.368698,44.699708,1,0.107000,0.940606
MP_R_Jongkok_1,posenet,124,5.016292,ok,1,direct,1.000000,13,left_knee,1,1,2.000000,703.880000,521.120000,2.000000,704.630371,524.754883,3.711527,44.699708,1,0.087000,0.981947
MP_R_Jongkok_1,posenet,124,5.016292,ok,1,direct,1.000000,14,right_knee,1,1,2.000000,636.400000,523.300000,2.000000,639.638672,524.754883,3.550448,44.699708,1,0.087000,0.983468
MP_R_Jongkok_1,posenet,124,5.016292,ok,1,direct,1.000000,15,left_ankle,1,1,2.000000,711.080000,647.410000,2.000000,709.409180,635.260986,12.263367,44.699708,1,0.089000,0.826921
MP_R_Jongkok_1,posenet,124,5.016292,ok,1,direct,1.000000,16,right_ankle,1,1,2.000000,654.770000,648.450000,2.000000,651.107849,633.339172,15.548262,44.699708,1,0.089000,0.736758
MP_R_Jongkok_1,posenet,125,5.056746,ok,1,direct,1.000000,0,nose,0,0,0.000000,0.000000,0.000000,2.000000,642.364197,174.359482,,,,0.026000,
MP_R_Jongkok_1,posenet,125,5.056746,ok,1,direct,1.000000,1,left_eye,0,0,0.000000,0.000000,0.000000,2.000000,651.951416,164.747238,,,,0.025000,
MP_R_Jongkok_1,posenet,125,5.056746,ok,1,direct,1.000000,2,right_eye,0,0,0.000000,0.000000,0.000000,2.000000,637.570618,167.630905,,,,0.025000,
MP_R_Jongkok_1,posenet,125,5.056746,ok,1,direct,1.000000,3,left_ear,0,0,0.000000,0.000000,0.000000,2.000000,679.754395,175.320709,,,,0.035000,
MP_R_Jongkok_1,posenet,125,5.056746,ok,1,direct,1.000000,4,right_ear,0,0,0.000000,0.000000,0.000000,2.000000,634.694397,178.204376,,,,0.035000,
MP_R_Jongkok_1,posenet,125,5.056746,ok,1,direct,1.000000,5,left_shoulder,1,1,2.000000,713.200000,247.490000,2.000000,709.474731,242.606354,6.142282,44.699708,1,0.079000,0.941285
MP_R_Jongkok_1,posenet,125,5.056746,ok,1,direct,1.000000,6,right_shoulder,1,1,2.000000,612.440000,252.170000,2.000000,618.396179,249.334915,6.596497,44.699708,1,0.079000,0.932590
MP_R_Jongkok_1,posenet,125,5.056746,ok,1,direct,1.000000,7,left_elbow,1,1,2.000000,724.690000,329.200000,2.000000,723.855530,327.194031,2.172614,44.699708,1,0.072000,0.990927
MP_R_Jongkok_1,posenet,125,5.056746,ok,1,direct,1.000000,8,right_elbow,1,1,2.000000,600.110000,330.570000,2.000000,603.056580,331.038940,2.983662,44.699708,1,0.072000,0.982958
MP_R_Jongkok_1,posenet,125,5.056746,ok,1,direct,1.000000,9,left_wrist,1,1,2.000000,708.200000,405.400000,2.000000,708.515991,405.053131,0.469221,44.699708,1,0.062000,0.999427
MP_R_Jongkok_1,posenet,125,5.056746,ok,1,direct,1.000000,10,right_wrist,1,1,2.000000,600.840000,401.170000,2.000000,603.056580,406.014343,5.327371,44.699708,1,0.062000,0.928762
MP_R_Jongkok_1,posenet,125,5.056746,ok,1,direct,1.000000,11,left_hip,1,1,2.000000,692.600000,396.900000,2.000000,694.135193,406.975586,10.191872,44.699708,1,0.107000,0.913186
MP_R_Jongkok_1,posenet,125,5.056746,ok,1,direct,1.000000,12,right_hip,1,1,2.000000,630.970000,398.430000,2.000000,633.735718,407.936798,9.900929,44.699708,1,0.107000,0.917865
MP_R_Jongkok_1,posenet,125,5.056746,ok,1,direct,1.000000,13,left_knee,1,1,2.000000,703.880000,521.120000,2.000000,705.639832,524.244812,3.586287,44.699708,1,0.087000,0.983135
MP_R_Jongkok_1,posenet,125,5.056746,ok,1,direct,1.000000,14,right_knee,1,1,2.000000,636.400000,523.300000,2.000000,640.446777,525.206116,4.473219,44.699708,1,0.087000,0.973885
MP_R_Jongkok_1,posenet,125,5.056746,ok,1,direct,1.000000,15,left_ankle,1,1,2.000000,711.080000,647.410000,2.000000,710.433472,634.785522,12.641022,44.699708,1,0.089000,0.817151
MP_R_Jongkok_1,posenet,125,5.056746,ok,1,direct,1.000000,16,right_ankle,1,1,2.000000,654.770000,648.450000,2.000000,650.992737,632.863098,16.038056,44.699708,1,0.089000,0.722495
