video_name,algorithm,frame_idx,timestamp_sec,status,matched_pred_found,match_method,matched_pred_score,keypoint_idx,keypoint_name,is_active,is_eval_joint,gt_v,gt_x,gt_y,pred_v,pred_x,pred_y,distance_px,pck_threshold_px,pck_correct,oks_sigma,oks_term
SP_R_Yoga_2,openpose,0,0.000000,ok,1,direct,0.660686,0,nose,1,1,2.000000,646.110000,224.600000,2.000000,647.017000,227.728000,3.256844,46.169796,1,0.026000,0.863106
SP_R_Yoga_2,openpose,0,0.000000,ok,1,direct,0.660686,1,left_eye,0,0,0.000000,0.000000,0.000000,2.000000,654.869000,216.045000,,,,0.025000,
SP_R_Yoga_2,openpose,0,0.000000,ok,1,direct,0.660686,2,right_eye,0,0,0.000000,0.000000,0.000000,2.000000,637.266000,217.975000,,,,0.025000,
SP_R_Yoga_2,openpose,0,0.000000,ok,1,direct,0.660686,3,left_ear,0,0,0.000000,0.000000,0.000000,2.000000,670.479000,223.831000,,,,0.035000,
SP_R_Yoga_2,openpose,0,0.000000,ok,1,direct,0.660686,4,right_ear,0,0,0.000000,0.000000,0.000000,2.000000,627.427000,227.693000,,,,0.035000,
SP_R_Yoga_2,openpose,0,0.000000,ok,1,direct,0.660686,5,left_shoulder,1,1,2.000000,692.650000,276.200000,2.000000,696.045000,282.630000,7.271240,46.169796,1,0.079000,0.923593
SP_R_Yoga_2,openpose,0,0.000000,ok,1,direct,0.660686,6,right_shoulder,1,1,2.000000,602.830000,281.910000,2.000000,605.932000,286.473000,5.517551,46.169796,1,0.079000,0.955264
SP_R_Yoga_2,openpose,0,0.000000,ok,1,direct,0.660686,7,left_elbow,1,1,2.000000,711.410000,350.800000,2.000000,713.681000,351.200000,2.305958,46.169796,1,0.072000,0.990422
SP_R_Yoga_2,openpose,0,0.000000,ok,1,direct,0.660686,8,right_elbow,1,1,2.000000,591.850000,352.930000,2.000000,590.156000,355.146000,2.789317,46.169796,1,0.072000,0.986017
SP_R_Yoga_2,openpose,0,0.000000,ok,1,direct,0.660686,9,left_wrist,1,1,2.000000,717.380000,418.510000,2.000000,719.469000,411.900000,6.932245,46.169796,1,0.062000,0.889323
SP_R_Yoga_2,openpose,0,0.000000,ok,1,direct,0.660686,10,right_wrist,1,1,2.000000,599.260000,419.620000,2.000000,594.157000,417.808000,5.415160,46.169796,1,0.062000,0.930928
SP_R_Yoga_2,openpose,0,0.000000,ok,1,direct,0.660686,11,left_hip,1,1,2.000000,681.440000,411.430000,2.000000,684.261000,427.572000,16.386647,46.169796,1,0.107000,0.802476
SP_R_Yoga_2,openpose,0,0.000000,ok,1,direct,0.660686,12,right_hip,1,1,2.000000,630.850000,414.020000,2.000000,631.270000,429.521000,15.506689,46.169796,1,0.107000,0.821147
SP_R_Yoga_2,openpose,0,0.000000,ok,1,direct,0.660686,13,left_knee,1,1,2.000000,682.270000,534.540000,2.000000,682.245000,533.357000,1.183264,46.169796,1,0.087000,0.998266
SP_R_Yoga_2,openpose,0,0.000000,ok,1,direct,0.660686,14,right_knee,1,1,2.000000,635.890000,535.180000,2.000000,635.310000,533.350000,1.919714,46.169796,1,0.087000,0.995442
SP_R_Yoga_2,openpose,0,0.000000,ok,1,direct,0.660686,15,left_ankle,1,1,2.000000,680.010000,646.300000,2.000000,674.439000,637.175000,10.691196,46.169796,1,0.089000,0.873375
SP_R_Yoga_2,openpose,0,0.000000,ok,1,direct,0.660686,16,right_ankle,1,1,2.000000,647.570000,649.130000,2.000000,646.975000,633.275000,15.866161,46.169796,1,0.089000,0.742168
SP_R_Yoga_2,openpose,1,0.040402,ok,1,direct,0.674149,0,nose,1,1,2.000000,646.110000,224.600000,2.000000,645.032000,225.835000,1.639301,46.230443,1,0.026000,0.963483
SP_R_Yoga_2,openpose,1,0.040402,ok,1,direct,0.674149,1,left_eye,0,0,0.000000,0.000000,0.000000,2.000000,652.902000,215.972000,,,,0.025000,
SP_R_Yoga_2,openpose,1,0.040402,ok,1,direct,0.674149,2,right_eye,0,0,0.000000,0.000000,0.000000,2.000000,635.222000,216.050000,,,,0.025000,
SP_R_Yoga_2,openpose,1,0.040402,ok,1,direct,0.674149,3,left_ear,0,0,0.000000,0.000000,0.000000,2.000000,668.573000,221.877000,,,,0.035000,
SP_R_Yoga_2,openpose,1,0.040402,ok,1,direct,0.674149,4,right_ear,0,0,0.000000,0.000000,0.000000,2.000000,623.506000,225.791000,,,,0.035000,
SP_R_Yoga_2,openpose,1,0.040402,ok,1,direct,0.674149,5,left_shoulder,1,1,2.000000,692.650000,276.200000,2.000000,695.983000,280.692000,5.593474,46.230443,1,0.079000,0.954171
SP_R_Yoga_2,openpose,1,0.040402,ok,1,direct,0.674149,6,right_shoulder,1,1,2.000000,602.830000,281.910000,2.000000,605.908000,284.600000,4.087809,46.230443,1,0.079000,0.975256
SP_R_Yoga_2,openpose,1,0.040402,ok,1,direct,0.674149,7,left_elbow,1,1,2.000000,711.740000,350.550000,2.000000,715.549000,351.166000,3.858489,46.230443,1,0.072000,0.973483
SP_R_Yoga_2,openpose,1,0.040402,ok,1,direct,0.674149,8,right_elbow,1,1,2.000000,591.850000,352.930000,2.000000,590.180000,355.101000,2.739004,46.230443,1,0.072000,0.986549
SP_R_Yoga_2,openpose,1,0.040402,ok,1,direct,0.674149,9,left_wrist,1,1,2.000000,717.710000,418.180000,2.000000,719.448000,411.919000,6.497751,46.230443,1,0.062000,0.902324
SP_R_Yoga_2,openpose,1,0.040402,ok,1,direct,0.674149,10,right_wrist,1,1,2.000000,599.260000,419.620000,2.000000,594.160000,417.793000,5.417373,46.230443,1,0.062000,0.931048
SP_R_Yoga_2,openpose,1,0.040402,ok,1,direct,0.674149,11,left_hip,1,1,2.000000,681.440000,411.430000,2.000000,684.252000,425.611000,14.457113,46.230443,1,0.107000,0.842963
SP_R_Yoga_2,openpose,1,0.040402,ok,1,direct,0.674149,12,right_hip,1,1,2.000000,630.850000,414.020000,2.000000,631.278000,427.580000,13.566753,46.230443,1,0.107000,0.860331
SP_R_Yoga_2,openpose,1,0.040402,ok,1,direct,0.674149,13,left_knee,1,1,2.000000,682.270000,534.540000,2.000000,682.247000,531.428000,3.112085,46.230443,1,0.087000,0.988097
SP_R_Yoga_2,openpose,1,0.040402,ok,1,direct,0.674149,14,right_knee,1,1,2.000000,635.890000,535.180000,2.000000,635.313000,531.400000,3.823785,46.230443,1,0.087000,0.982086
SP_R_Yoga_2,openpose,1,0.040402,ok,1,direct,0.674149,15,left_ankle,1,1,2.000000,680.010000,646.300000,2.000000,674.433000,635.276000,12.354412,46.230443,1,0.089000,0.835005
SP_R_Yoga_2,openpose,1,0.040402,ok,1,direct,0.674149,16,right_ankle,1,1,2.000000,647.570000,649.130000,2.000000,646.954000,631.330000,17.810656,46.230443,1,0.089000,0.687454
SP_R_Yoga_2,openpose,2,0.080804,ok,1,direct,0.701794,0,nose,1,1,2.000000,646.110000,224.600000,2.000000,644.996000,225.722000,1.581101,46.291010,1,0.026000,0.966074
SP_R_Yoga_2,openpose,2,0.080804,ok,1,direct,0.701794,1,left_eye,0,0,0.000000,0.000000,0.000000,2.000000,652.900000,214.021000,,,,0.025000,
SP_R_Yoga_2,openpose,2,0.080804,ok,1,direct,0.701794,2,right_eye,0,0,0.000000,0.000000,0.000000,2.000000,633.347000,214.097000,,,,0.025000,
SP_R_Yoga_2,openpose,2,0.080804,ok,1,direct,0.701794,3,left_ear,0,0,0.000000,0.000000,0.000000,2.000000,668.569000,221.832000,,,,0.035000,
SP_R_Yoga_2,openpose,2,0.080804,ok,1,direct,0.701794,4,right_ear,0,0,0.000000,0.000000,0.000000,2.000000,621.581000,223.858000,,,,0.035000,
SP_R_Yoga_2,openpose,2,0.080804,ok,1,direct,0.701794,5,left_shoulder,1,1,2.000000,692.650000,276.200000,2.000000,694.010000,280.666000,4.668485,46.291010,1,0.079000,0.967932
SP_R_Yoga_2,openpose,2,0.080804,ok,1,direct,0.701794,6,right_shoulder,1,1,2.000000,602.830000,281.910000,2.000000,605.870000,284.592000,4.053976,46.291010,1,0.079000,0.975722
SP_R_Yoga_2,openpose,2,0.080804,ok,1,direct,0.701794,7,left_elbow,1,1,2.000000,712.060000,350.310000,2.000000,713.564000,351.146000,1.720730,46.291010,1,0.072000,0.994683
SP_R_Yoga_2,openpose,2,0.080804,ok,1,direct,0.701794,8,right_elbow,1,1,2.000000,591.850000,352.930000,2.000000,590.198000,355.113000,2.737625,46.291010,1,0.072000,0.986597
SP_R_Yoga_2,openpose,2,0.080804,ok,1,direct,0.701794,9,left_wrist,1,1,2.000000,718.040000,417.860000,2.000000,717.492000,411.965000,5.920416,46.291010,1,0.062000,0.918415
SP_R_Yoga_2,openpose,2,0.080804,ok,1,direct,0.701794,10,right_wrist,1,1,2.000000,599.260000,419.620000,2.000000,594.072000,415.879000,6.396126,46.291010,1,0.062000,0.905442
SP_R_Yoga_2,openpose,2,0.080804,ok,1,direct,0.701794,11,left_hip,1,1,2.000000,681.440000,411.430000,2.000000,684.225000,425.595000,14.436185,46.291010,1,0.107000,0.843756
SP_R_Yoga_2,openpose,2,0.080804,ok,1,direct,0.701794,12,right_hip,1,1,2.000000,630.850000,414.020000,2.000000,629.397000,427.585000,13.642596,46.291010,1,0.107000,0.859223
SP_R_Yoga_2,openpose,2,0.080804,ok,1,direct,0.701794,13,left_knee,1,1,2.000000,682.270000,534.540000,2.000000,682.241000,533.345000,1.195352,46.291010,1,0.087000,0.998240
SP_R_Yoga_2,openpose,2,0.080804,ok,1,direct,0.701794,14,right_knee,1,1,2.000000,635.890000,535.180000,2.000000,635.296000,531.438000,3.788852,46.291010,1,0.087000,0.982454
SP_R_Yoga_2,openpose,2,0.080804,ok,1,direct,0.701794,15,left_ankle,1,1,2.000000,680.010000,646.300000,2.000000,674.446000,635.249000,12.372659,46.291010,1,0.089000,0.834955
SP_R_Yoga_2,openpose,2,0.080804,ok,1,direct,0.701794,16,right_ankle,1,1,2.000000,647.570000,649.130000,2.000000,645.100000,631.316000,17.984424,46.291010,1,0.089000,0.683103
SP_R_Yoga_2,openpose,3,0.121207,ok,1,direct,0.704431,0,nose,1,1,2.000000,646.110000,224.600000,2.000000,645.028000,223.856000,1.313111,46.351499,1,0.026000,0.976535
SP_R_Yoga_2,openpose,3,0.121207,ok,1,direct,0.704431,1,left_eye,0,0,0.000000,0.000000,0.000000,2.000000,652.937000,212.156000,,,,0.025000,
SP_R_Yoga_2,openpose,3,0.121207,ok,1,direct,0.704431,2,right_eye,0,0,0.000000,0.000000,0.000000,2.000000,635.197000,214.057000,,,,0.025000,
SP_R_Yoga_2,openpose,3,0.121207,ok,1,direct,0.704431,3,left_ear,0,0,0.000000,0.000000,0.000000,2.000000,668.556000,219.928000,,,,0.035000,
SP_R_Yoga_2,openpose,3,0.121207,ok,1,direct,0.704431,4,right_ear,0,0,0.000000,0.000000,0.000000,2.000000,621.608000,223.811000,,,,0.035000,
SP_R_Yoga_2,openpose,3,0.121207,ok,1,direct,0.704431,5,left_shoulder,1,1,2.000000,692.650000,276.200000,2.000000,692.076000,280.610000,4.447199,46.351499,1,0.079000,0.970931
SP_R_Yoga_2,openpose,3,0.121207,ok,1,direct,0.704431,6,right_shoulder,1,1,2.000000,602.830000,281.910000,2.000000,605.873000,284.526000,4.012892,46.351499,1,0.079000,0.976267
SP_R_Yoga_2,openpose,3,0.121207,ok,1,direct,0.704431,7,left_elbow,1,1,2.000000,712.390000,350.060000,2.000000,711.660000,349.214000,1.117415,46.351499,1,0.072000,0.997760
SP_R_Yoga_2,openpose,3,0.121207,ok,1,direct,0.704431,8,right_elbow,1,1,2.000000,591.850000,352.930000,2.000000,590.204000,353.189000,1.666252,46.351499,1,0.072000,0.995027
SP_R_Yoga_2,openpose,3,0.121207,ok,1,direct,0.704431,9,left_wrist,1,1,2.000000,718.370000,417.530000,2.000000,713.693000,411.928000,7.297721,46.351499,1,0.062000,0.878999
SP_R_Yoga_2,openpose,3,0.121207,ok,1,direct,0.704431,10,right_wrist,1,1,2.000000,599.260000,419.620000,2.000000,596.018000,417.757000,3.739162,46.351499,1,0.062000,0.966708
SP_R_Yoga_2,openpose,3,0.121207,ok,1,direct,0.704431,11,left_hip,1,1,2.000000,681.440000,411.430000,2.000000,682.357000,423.668000,12.272308,46.351499,1,0.107000,0.884743
SP_R_Yoga_2,openpose,3,0.121207,ok,1,direct,0.704431,12,right_hip,1,1,2.000000,630.850000,414.020000,2.000000,629.385000,425.660000,11.731830,46.351499,1,0.107000,0.894125
SP_R_Yoga_2,openpose,3,0.121207,ok,1,direct,0.704431,13,left_knee,1,1,2.000000,682.270000,534.540000,2.000000,682.246000,529.494000,5.046057,46.351499,1,0.087000,0.969169
SP_R_Yoga_2,openpose,3,0.121207,ok,1,direct,0.704431,14,right_knee,1,1,2.000000,635.890000,535.180000,2.000000,635.288000,529.483000,5.728718,46.351499,1,0.087000,0.960441
SP_R_Yoga_2,openpose,3,0.121207,ok,1,direct,0.704431,15,left_ankle,1,1,2.000000,680.010000,646.300000,2.000000,674.446000,633.281000,14.158123,46.351499,1,0.089000,0.790114
SP_R_Yoga_2,openpose,3,0.121207,ok,1,direct,0.704431,16,right_ankle,1,1,2.000000,647.570000,649.130000,2.000000,646.955000,631.332000,17.808622,46.351499,1,0.089000,0.688858
SP_R_Yoga_2,openpose,4,0.161609,ok,1,direct,0.697341,0,nose,1,1,2.000000,646.110000,224.600000,2.000000,645.015000,223.866000,1.318249,46.410079,1,0.026000,0.976413
SP_R_Yoga_2,openpose,4,0.161609,ok,1,direct,0.697341,1,left_eye,0,0,0.000000,0.000000,0.000000,2.000000,652.933000,213.998000,,,,0.025000,
SP_R_Yoga_2,openpose,4,0.161609,ok,1,direct,0.697341,2,right_eye,0,0,0.000000,0.000000,0.000000,2.000000,635.212000,214.065000,,,,0.025000,
SP_R_Yoga_2,openpose,4,0.161609,ok,1,direct,0.697341,3,left_ear,0,0,0.000000,0.000000,0.000000,2.000000,668.587000,219.962000,,,,0.035000,
SP_R_Yoga_2,openpose,4,0.161609,ok,1,direct,0.697341,4,right_ear,0,0,0.000000,0.000000,0.000000,2.000000,623.488000,223.786000,,,,0.035000,
SP_R_Yoga_2,openpose,4,0.161609,ok,1,direct,0.697341,5,left_shoulder,1,1,2.000000,692.650000,276.200000,2.000000,692.116000,280.604000,4.436257,46.410079,1,0.079000,0.971144
SP_R_Yoga_2,openpose,4,0.161609,ok,1,direct,0.697341,6,right_shoulder,1,1,2.000000,602.830000,281.910000,2.000000,605.881000,282.660000,3.141831,46.410079,1,0.079000,0.985421
SP_R_Yoga_2,openpose,4,0.161609,ok,1,direct,0.697341,7,left_elbow,1,1,2.000000,712.710000,349.820000,2.000000,711.671000,347.299000,2.726713,46.410079,1,0.072000,0.986771
SP_R_Yoga_2,openpose,4,0.161609,ok,1,direct,0.697341,8,right_elbow,1,1,2.000000,591.850000,352.930000,2.000000,590.176000,355.059000,2.708305,46.410079,1,0.072000,0.986948
SP_R_Yoga_2,openpose,4,0.161609,ok,1,direct,0.697341,9,left_wrist,1,1,2.000000,718.690000,417.200000,2.000000,715.591000,409.954000,7.880883,46.410079,1,0.062000,0.860684
SP_R_Yoga_2,openpose,4,0.161609,ok,1,direct,0.697341,10,right_wrist,1,1,2.000000,599.260000,419.620000,2.000000,596.120000,417.810000,3.624321,46.410079,1,0.062000,0.968768
SP_R_Yoga_2,openpose,4,0.161609,ok,1,direct,0.697341,11,left_hip,1,1,2.000000,681.440000,411.430000,2.000000,682.331000,423.646000,12.248450,46.410079,1,0.107000,0.885436
SP_R_Yoga_2,openpose,4,0.161609,ok,1,direct,0.697341,12,right_hip,1,1,2.000000,630.850000,414.020000,2.000000,629.356000,425.656000,11.731519,46.410079,1,0.107000,0.894383
SP_R_Yoga_2,openpose,4,0.161609,ok,1,direct,0.697341,13,left_knee,1,1,2.000000,682.270000,534.540000,2.000000,682.249000,529.476000,5.064044,46.410079,1,0.087000,0.969030
SP_R_Yoga_2,openpose,4,0.161609,ok,1,direct,0.697341,14,right_knee,1,1,2.000000,635.890000,535.180000,2.000000,635.276000,529.467000,5.745900,46.410079,1,0.087000,0.960307
SP_R_Yoga_2,openpose,4,0.161609,ok,1,direct,0.697341,15,left_ankle,1,1,2.000000,680.010000,646.300000,2.000000,674.450000,631.382000,15.920437,46.410079,1,0.089000,0.742953
SP_R_Yoga_2,openpose,4,0.161609,ok,1,direct,0.697341,16,right_ankle,1,1,2.000000,647.570000,649.130000,2.000000,647.005000,631.354000,17.784977,46.410079,1,0.089000,0.690187
SP_R_Yoga_2,openpose,5,0.202011,ok,1,direct,0.694653,0,nose,1,1,2.000000,646.110000,224.600000,2.000000,643.112000,223.858000,3.088457,46.470412,1,0.026000,0.877497
SP_R_Yoga_2,openpose,5,0.202011,ok,1,direct,0.694653,1,left_eye,0,0,0.000000,0.000000,0.000000,2.000000,652.850000,214.008000,,,,0.025000,
SP_R_Yoga_2,openpose,5,0.202011,ok,1,direct,0.694653,2,right_eye,0,0,0.000000,0.000000,0.000000,2.000000,635.218000,214.066000,,,,0.025000,
SP_R_Yoga_2,openpose,5,0.202011,ok,1,direct,0.694653,3,left_ear,0,0,0.000000,0.000000,0.000000,2.000000,668.543000,221.826000,,,,0.035000,
SP_R_Yoga_2,openpose,5,0.202011,ok,1,direct,0.694653,4,right_ear,0,0,0.000000,0.000000,0.000000,2.000000,625.410000,223.772000,,,,0.035000,
SP_R_Yoga_2,openpose,5,0.202011,ok,1,direct,0.694653,5,left_shoulder,1,1,2.000000,692.650000,276.200000,2.000000,692.054000,278.729000,2.598280,46.470412,1,0.079000,0.990032
SP_R_Yoga_2,openpose,5,0.202011,ok,1,direct,0.694653,6,right_shoulder,1,1,2.000000,602.830000,281.910000,2.000000,605.870000,282.623000,3.122494,46.470412,1,0.079000,0.985636
SP_R_Yoga_2,openpose,5,0.202011,ok,1,direct,0.694653,7,left_elbow,1,1,2.000000,713.040000,349.570000,2.000000,711.678000,347.286000,2.659267,46.470412,1,0.072000,0.987446
SP_R_Yoga_2,openpose,5,0.202011,ok,1,direct,0.694653,8,right_elbow,1,1,2.000000,591.850000,352.930000,2.000000,590.226000,353.200000,1.646292,46.470412,1,0.072000,0.995170
SP_R_Yoga_2,openpose,5,0.202011,ok,1,direct,0.694653,9,left_wrist,1,1,2.000000,719.020000,416.880000,2.000000,717.553000,408.016000,8.984575,46.470412,1,0.062000,0.823258
SP_R_Yoga_2,openpose,5,0.202011,ok,1,direct,0.694653,10,right_wrist,1,1,2.000000,599.260000,419.620000,2.000000,598.042000,417.797000,2.192454,46.470412,1,0.062000,0.988486
SP_R_Yoga_2,openpose,5,0.202011,ok,1,direct,0.694653,11,left_hip,1,1,2.000000,681.440000,411.430000,2.000000,682.328000,423.642000,12.244243,46.470412,1,0.107000,0.885790
SP_R_Yoga_2,openpose,5,0.202011,ok,1,direct,0.694653,12,right_hip,1,1,2.000000,630.850000,414.020000,2.000000,627.467000,425.639000,12.101481,46.470412,1,0.107000,0.888284
SP_R_Yoga_2,openpose,5,0.202011,ok,1,direct,0.694653,13,left_knee,1,1,2.000000,682.270000,534.540000,2.000000,682.261000,529.476000,5.064008,46.470412,1,0.087000,0.969109
SP_R_Yoga_2,openpose,5,0.202011,ok,1,direct,0.694653,14,right_knee,1,1,2.000000,635.890000,535.180000,2.000000,635.236000,529.481000,5.736403,46.470412,1,0.087000,0.960536
SP_R_Yoga_2,openpose,5,0.202011,ok,1,direct,0.694653,15,left_ankle,1,1,2.000000,680.010000,646.300000,2.000000,674.464000,631.377000,15.920240,46.470412,1,0.089000,0.743532
SP_R_Yoga_2,openpose,5,0.202011,ok,1,direct,0.694653,16,right_ankle,1,1,2.000000,647.570000,649.130000,2.000000,646.972000,631.333000,17.807044,46.470412,1,0.089000,0.690217
SP_R_Yoga_2,openpose,6,0.242413,ok,1,direct,0.689208,0,nose,1,1,2.000000,646.110000,224.600000,2.000000,645.031000,223.867000,1.304427,46.470412,1,0.026000,0.976958
SP_R_Yoga_2,openpose,6,0.242413,ok,1,direct,0.689208,1,left_eye,0,0,0.000000,0.000000,0.000000,2.000000,652.900000,214.020000,,,,0.025000,
SP_R_Yoga_2,openpose,6,0.242413,ok,1,direct,0.689208,2,right_eye,0,0,0.000000,0.000000,0.000000,2.000000,635.246000,214.083000,,,,0.025000,
SP_R_Yoga_2,openpose,6,0.242413,ok,1,direct,0.689208,3,left_ear,0,0,0.000000,0.000000,0.000000,2.000000,668.537000,219.960000,,,,0.035000,
SP_R_Yoga_2,openpose,6,0.242413,ok,1,direct,0.689208,4,right_ear,0,0,0.000000,0.000000,0.000000,2.000000,623.521000,223.798000,,,,0.035000,
SP_R_Yoga_2,openpose,6,0.242413,ok,1,direct,0.689208,5,left_shoulder,1,1,2.000000,692.650000,276.200000,2.000000,692.013000,278.709000,2.588600,46.470412,1,0.079000,0.990105
SP_R_Yoga_2,openpose,6,0.242413,ok,1,direct,0.689208,6,right_shoulder,1,1,2.000000,602.830000,281.910000,2.000000,605.846000,282.652000,3.105933,46.470412,1,0.079000,0.985786
SP_R_Yoga_2,openpose,6,0.242413,ok,1,direct,0.689208,7,left_elbow,1,1,2.000000,713.040000,349.570000,2.000000,711.698000,347.314000,2.624976,46.470412,1,0.072000,0.987765
SP_R_Yoga_2,openpose,6,0.242413,ok,1,direct,0.689208,8,right_elbow,1,1,2.000000,591.850000,352.930000,2.000000,590.182000,353.176000,1.686043,46.470412,1,0.072000,0.994934
SP_R_Yoga_2,openpose,6,0.242413,ok,1,direct,0.689208,9,left_wrist,1,1,2.000000,719.020000,416.880000,2.000000,717.512000,409.967000,7.075566,46.470412,1,0.062000,0.886372
SP_R_Yoga_2,openpose,6,0.242413,ok,1,direct,0.689208,10,right_wrist,1,1,2.000000,599.260000,419.620000,2.000000,598.070000,417.827000,2.151964,46.470412,1,0.062000,0.988905
SP_R_Yoga_2,openpose,6,0.242413,ok,1,direct,0.689208,11,left_hip,1,1,2.000000,681.440000,411.430000,2.000000,682.304000,423.635000,12.235543,46.470412,1,0.107000,0.885942
SP_R_Yoga_2,openpose,6,0.242413,ok,1,direct,0.689208,12,right_hip,1,1,2.000000,630.850000,414.020000,2.000000,627.443000,425.622000,12.091900,46.470412,1,0.107000,0.888450
SP_R_Yoga_2,openpose,6,0.242413,ok,1,direct,0.689208,13,left_knee,1,1,2.000000,682.270000,534.540000,2.000000,682.255000,531.453000,3.087036,46.470412,1,0.087000,0.988407
SP_R_Yoga_2,openpose,6,0.242413,ok,1,direct,0.689208,14,right_knee,1,1,2.000000,635.890000,535.180000,2.000000,635.233000,531.467000,3.770679,46.470412,1,0.087000,0.982753
SP_R_Yoga_2,openpose,6,0.242413,ok,1,direct,0.689208,15,left_ankle,1,1,2.000000,680.010000,646.300000,2.000000,676.345000,635.268000,11.624855,46.470412,1,0.089000,0.853845
SP_R_Yoga_2,openpose,6,0.242413,ok,1,direct,0.689208,16,right_ankle,1,1,2.000000,647.570000,649.130000,2.000000,645.038000,635.227000,14.131682,46.470412,1,0.089000,0.791759
SP_R_Yoga_2,openpose,7,0.282816,ok,1,direct,0.694864,0,nose,1,1,2.000000,646.110000,224.600000,2.000000,645.055000,223.845000,1.297324,46.470412,1,0.026000,0.977206
SP_R_Yoga_2,openpose,7,0.282816,ok,1,direct,0.694864,1,left_eye,0,0,0.000000,0.000000,0.000000,2.000000,652.952000,213.991000,,,,0.025000,
SP_R_Yoga_2,openpose,7,0.282816,ok,1,direct,0.694864,2,right_eye,0,0,0.000000,0.000000,0.000000,2.000000,635.258000,214.063000,,,,0.025000,
SP_R_Yoga_2,openpose,7,0.282816,ok,1,direct,0.694864,3,left_ear,0,0,0.000000,0.000000,0.000000,2.000000,668.525000,219.971000,,,,0.035000,
SP_R_Yoga_2,openpose,7,0.282816,ok,1,direct,0.694864,4,right_ear,0,0,0.000000,0.000000,0.000000,2.000000,623.518000,223.806000,,,,0.035000,
SP_R_Yoga_2,openpose,7,0.282816,ok,1,direct,0.694864,5,left_shoulder,1,1,2.000000,692.650000,276.200000,2.000000,690.091000,278.703000,3.579594,46.470412,1,0.079000,0.981165
SP_R_Yoga_2,openpose,7,0.282816,ok,1,direct,0.694864,6,right_shoulder,1,1,2.000000,602.830000,281.910000,2.000000,605.826000,282.651000,3.086276,46.470412,1,0.079000,0.985965
SP_R_Yoga_2,openpose,7,0.282816,ok,1,direct,0.694864,7,left_elbow,1,1,2.000000,713.040000,349.570000,2.000000,711.663000,347.269000,2.681554,46.470412,1,0.072000,0.987236
SP_R_Yoga_2,openpose,7,0.282816,ok,1,direct,0.694864,8,right_elbow,1,1,2.000000,591.850000,352.930000,2.000000,590.170000,353.186000,1.699393,46.470412,1,0.072000,0.994854
SP_R_Yoga_2,openpose,7,0.282816,ok,1,direct,0.694864,9,left_wrist,1,1,2.000000,719.020000,416.880000,2.000000,717.561000,409.999000,7.033978,46.470412,1,0.062000,0.887626
SP_R_Yoga_2,openpose,7,0.282816,ok,1,direct,0.694864,10,right_wrist,1,1,2.000000,599.260000,419.620000,2.000000,597.995000,417.826000,2.195145,46.470412,1,0.062000,0.988457
SP_R_Yoga_2,openpose,7,0.282816,ok,1,direct,0.694864,11,left_hip,1,1,2.000000,681.440000,411.430000,2.000000,682.306000,421.687000,10.293493,46.470412,1,0.107000,0.917860
SP_R_Yoga_2,openpose,7,0.282816,ok,1,direct,0.694864,12,right_hip,1,1,2.000000,630.850000,414.020000,2.000000,627.466000,423.679000,10.234634,46.470412,1,0.107000,0.918757
SP_R_Yoga_2,openpose,7,0.282816,ok,1,direct,0.694864,13,left_knee,1,1,2.000000,682.270000,534.540000,2.000000,682.219000,531.391000,3.149413,46.470412,1,0.087000,0.987937
SP_R_Yoga_2,openpose,7,0.282816,ok,1,direct,0.694864,14,right_knee,1,1,2.000000,635.890000,535.180000,2.000000,635.276000,529.509000,5.704142,46.470412,1,0.087000,0.960970
SP_R_Yoga_2,openpose,7,0.282816,ok,1,direct,0.694864,15,left_ankle,1,1,2.000000,680.010000,646.300000,2.000000,674.449000,635.271000,12.351662,46.470412,1,0.089000,0.836624
SP_R_Yoga_2,openpose,7,0.282816,ok,1,direct,0.694864,16,right_ankle,1,1,2.000000,647.570000,649.130000,2.000000,645.049000,633.316000,16.013683,46.470412,1,0.089000,0.740942
SP_R_Yoga_2,openpose,8,0.323218,ok,1,direct,0.683146,0,nose,1,1,2.000000,646.110000,224.600000,2.000000,646.960000,223.872000,1.119144,46.470412,1,0.026000,0.982987
SP_R_Yoga_2,openpose,8,0.323218,ok,1,direct,0.683146,1,left_eye,0,0,0.000000,0.000000,0.000000,2.000000,654.850000,214.022000,,,,0.025000,
SP_R_Yoga_2,openpose,8,0.323218,ok,1,direct,0.683146,2,right_eye,0,0,0.000000,0.000000,0.000000,2.000000,637.159000,214.089000,,,,0.025000,
SP_R_Yoga_2,openpose,8,0.323218,ok,1,direct,0.683146,3,left_ear,0,0,0.000000,0.000000,0.000000,2.000000,668.605000,221.852000,,,,0.035000,
SP_R_Yoga_2,openpose,8,0.323218,ok,1,direct,0.683146,4,right_ear,0,0,0.000000,0.000000,0.000000,2.000000,625.436000,223.842000,,,,0.035000,
SP_R_Yoga_2,openpose,8,0.323218,ok,1,direct,0.683146,5,left_shoulder,1,1,2.000000,692.650000,276.200000,2.000000,692.086000,280.665000,4.500480,46.470412,1,0.079000,0.970391
SP_R_Yoga_2,openpose,8,0.323218,ok,1,direct,0.683146,6,right_shoulder,1,1,2.000000,602.830000,281.910000,2.000000,605.920000,284.520000,4.044774,46.470412,1,0.079000,0.976014
SP_R_Yoga_2,openpose,8,0.323218,ok,1,direct,0.683146,7,left_elbow,1,1,2.000000,713.040000,349.570000,2.000000,711.719000,349.269000,1.354859,46.470412,1,0.072000,0.996726
SP_R_Yoga_2,openpose,8,0.323218,ok,1,direct,0.683146,8,right_elbow,1,1,2.000000,591.850000,352.930000,2.000000,590.174000,355.068000,2.716619,46.470412,1,0.072000,0.986902
SP_R_Yoga_2,openpose,8,0.323218,ok,1,direct,0.683146,9,left_wrist,1,1,2.000000,719.020000,416.880000,2.000000,717.526000,410.003000,7.037412,46.470412,1,0.062000,0.887522
SP_R_Yoga_2,openpose,8,0.323218,ok,1,direct,0.683146,10,right_wrist,1,1,2.000000,599.260000,419.620000,2.000000,598.008000,417.789000,2.218122,46.470412,1,0.062000,0.988216
SP_R_Yoga_2,openpose,8,0.323218,ok,1,direct,0.683146,11,left_hip,1,1,2.000000,681.440000,411.430000,2.000000,684.185000,421.735000,10.664335,46.470412,1,0.107000,0.912107
SP_R_Yoga_2,openpose,8,0.323218,ok,1,direct,0.683146,12,right_hip,1,1,2.000000,630.850000,414.020000,2.000000,629.371000,423.705000,9.797278,46.470412,1,0.107000,0.925292
SP_R_Yoga_2,openpose,8,0.323218,ok,1,direct,0.683146,13,left_knee,1,1,2.000000,682.270000,534.540000,2.000000,682.206000,529.479000,5.061405,46.470412,1,0.087000,0.969140
SP_R_Yoga_2,openpose,8,0.323218,ok,1,direct,0.683146,14,right_knee,1,1,2.000000,635.890000,535.180000,2.000000,635.266000,529.419000,5.794696,46.470412,1,0.087000,0.959746
SP_R_Yoga_2,openpose,8,0.323218,ok,1,direct,0.683146,15,left_ankle,1,1,2.000000,680.010000,646.300000,2.000000,674.424000,633.314000,14.136463,46.470412,1,0.089000,0.791633
SP_R_Yoga_2,openpose,8,0.323218,ok,1,direct,0.683146,16,right_ankle,1,1,2.000000,647.570000,649.130000,2.000000,645.074000,633.264000,16.061132,46.470412,1,0.089000,0.739625
SP_R_Yoga_2,openpose,9,0.363620,ok,1,direct,0.702773,0,nose,1,1,2.000000,646.110000,224.600000,2.000000,645.100000,223.839000,1.264603,46.470412,1,0.026000,0.978328
SP_R_Yoga_2,openpose,9,0.363620,ok,1,direct,0.702773,1,left_eye,0,0,0.000000,0.000000,0.000000,2.000000,654.819000,212.164000,,,,0.025000,
SP_R_Yoga_2,openpose,9,0.363620,ok,1,direct,0.702773,2,right_eye,0,0,0.000000,0.000000,0.000000,2.000000,635.298000,214.073000,,,,0.025000,
SP_R_Yoga_2,openpose,9,0.363620,ok,1,direct,0.702773,3,left_ear,0,0,0.000000,0.000000,0.000000,2.000000,668.610000,219.944000,,,,0.035000,
SP_R_Yoga_2,openpose,9,0.363620,ok,1,direct,0.702773,4,right_ear,0,0,0.000000,0.000000,0.000000,2.000000,623.552000,223.814000,,,,0.035000,
SP_R_Yoga_2,openpose,9,0.363620,ok,1,direct,0.702773,5,left_shoulder,1,1,2.000000,692.650000,276.200000,2.000000,692.107000,280.641000,4.474073,46.470412,1,0.079000,0.970732
SP_R_Yoga_2,openpose,9,0.363620,ok,1,direct,0.702773,6,right_shoulder,1,1,2.000000,602.830000,281.910000,2.000000,605.937000,282.653000,3.194605,46.470412,1,0.079000,0.984970
SP_R_Yoga_2,openpose,9,0.363620,ok,1,direct,0.702773,7,left_elbow,1,1,2.000000,713.040000,349.570000,2.000000,713.567000,349.239000,0.622326,46.470412,1,0.072000,0.999308
SP_R_Yoga_2,openpose,9,0.363620,ok,1,direct,0.702773,8,right_elbow,1,1,2.000000,591.850000,352.930000,2.000000,590.167000,353.174000,1.700595,46.470412,1,0.072000,0.994847
SP_R_Yoga_2,openpose,9,0.363620,ok,1,direct,0.702773,9,left_wrist,1,1,2.000000,719.020000,416.880000,2.000000,719.463000,409.957000,6.937159,46.470412,1,0.062000,0.890523
SP_R_Yoga_2,openpose,9,0.363620,ok,1,direct,0.702773,10,right_wrist,1,1,2.000000,599.260000,419.620000,2.000000,597.993000,417.786000,2.229091,46.470412,1,0.062000,0.988100
SP_R_Yoga_2,openpose,9,0.363620,ok,1,direct,0.702773,11,left_hip,1,1,2.000000,681.440000,411.430000,2.000000,684.202000,423.625000,12.503866,46.470412,1,0.107000,0.881198
SP_R_Yoga_2,openpose,9,0.363620,ok,1,direct,0.702773,12,right_hip,1,1,2.000000,630.850000,414.020000,2.000000,629.383000,423.715000,9.805361,46.470412,1,0.107000,0.925173
SP_R_Yoga_2,openpose,9,0.363620,ok,1,direct,0.702773,13,left_knee,1,1,2.000000,682.270000,534.540000,2.000000,682.216000,531.391000,3.149463,46.470412,1,0.087000,0.987936
SP_R_Yoga_2,openpose,9,0.363620,ok,1,direct,0.702773,14,right_knee,1,1,2.000000,635.890000,535.180000,2.000000,635.279000,529.519000,5.693878,46.470412,1,0.087000,0.961107
SP_R_Yoga_2,openpose,9,0.363620,ok,1,direct,0.702773,15,left_ankle,1,1,2.000000,680.010000,646.300000,2.000000,674.384000,635.231000,12.416708,46.470412,1,0.089000,0.835049
SP_R_Yoga_2,openpose,9,0.363620,ok,1,direct,0.702773,16,right_ankle,1,1,2.000000,647.570000,649.130000,2.000000,643.143000,635.236000,14.582235,46.470412,1,0.089000,0.779872
SP_R_Yoga_2,openpose,10,0.404022,ok,1,direct,0.707699,0,nose,1,1,2.000000,646.480000,224.600000,2.000000,645.090000,223.817000,1.595365,46.604472,1,0.026000,0.965925
SP_R_Yoga_2,openpose,10,0.404022,ok,1,direct,0.707699,1,left_eye,0,0,0.000000,0.000000,0.000000,2.000000,654.824000,212.137000,,,,0.025000,
SP_R_Yoga_2,openpose,10,0.404022,ok,1,direct,0.707699,2,right_eye,0,0,0.000000,0.000000,0.000000,2.000000,635.277000,214.048000,,,,0.025000,
SP_R_Yoga_2,openpose,10,0.404022,ok,1,direct,0.707699,3,left_ear,0,0,0.000000,0.000000,0.000000,2.000000,668.609000,219.905000,,,,0.035000,
SP_R_Yoga_2,openpose,10,0.404022,ok,1,direct,0.707699,4,right_ear,0,0,0.000000,0.000000,0.000000,2.000000,623.521000,223.793000,,,,0.035000,
SP_R_Yoga_2,openpose,10,0.404022,ok,1,direct,0.707699,5,left_shoulder,1,1,2.000000,693.010000,276.480000,2.000000,692.099000,280.602000,4.221470,46.604472,1,0.079000,0.974049
SP_R_Yoga_2,openpose,10,0.404022,ok,1,direct,0.707699,6,right_shoulder,1,1,2.000000,603.510000,282.090000,2.000000,605.917000,282.614000,2.463377,46.604472,1,0.079000,0.991087
SP_R_Yoga_2,openpose,10,0.404022,ok,1,direct,0.707699,7,left_elbow,1,1,2.000000,713.520000,349.390000,2.000000,713.594000,349.223000,0.182661,46.604472,1,0.072000,0.999941
SP_R_Yoga_2,openpose,10,0.404022,ok,1,direct,0.707699,8,right_elbow,1,1,2.000000,592.300000,353.070000,2.000000,588.298000,353.158000,4.002967,46.604472,1,0.072000,0.971939
SP_R_Yoga_2,openpose,10,0.404022,ok,1,direct,0.707699,9,left_wrist,1,1,2.000000,720.250000,416.780000,2.000000,719.465000,409.951000,6.873970,46.604472,1,0.062000,0.892981
SP_R_Yoga_2,openpose,10,0.404022,ok,1,direct,0.707699,10,right_wrist,1,1,2.000000,598.480000,419.510000,2.000000,598.013000,417.767000,1.804477,46.604472,1,0.062000,0.992230
SP_R_Yoga_2,openpose,10,0.404022,ok,1,direct,0.707699,11,left_hip,1,1,2.000000,682.550000,411.350000,2.000000,684.222000,423.633000,12.396277,46.604472,1,0.107000,0.883740
SP_R_Yoga_2,openpose,10,0.404022,ok,1,direct,0.707699,12,right_hip,1,1,2.000000,631.410000,413.890000,2.000000,629.399000,425.618000,11.899164,46.604472,1,0.107000,0.892367
SP_R_Yoga_2,openpose,10,0.404022,ok,1,direct,0.707699,13,left_knee,1,1,2.000000,682.940000,534.760000,2.000000,682.215000,531.437000,3.401170,46.604472,1,0.087000,0.986025
SP_R_Yoga_2,openpose,10,0.404022,ok,1,direct,0.707699,14,right_knee,1,1,2.000000,636.280000,535.180000,2.000000,635.319000,531.418000,3.882804,46.604472,1,0.087000,0.981826
SP_R_Yoga_2,openpose,10,0.404022,ok,1,direct,0.707699,15,left_ankle,1,1,2.000000,679.840000,646.220000,2.000000,676.342000,635.259000,11.505630,46.604472,1,0.089000,0.857365
SP_R_Yoga_2,openpose,10,0.404022,ok,1,direct,0.707699,16,right_ankle,1,1,2.000000,647.610000,648.980000,2.000000,643.137000,635.248000,14.442145,46.604472,1,0.089000,0.784687
SP_R_Yoga_2,openpose,11,0.444425,ok,1,direct,0.705750,0,nose,1,1,2.000000,646.840000,224.600000,2.000000,645.101000,223.782000,1.921782,46.739863,1,0.026000,0.951213
SP_R_Yoga_2,openpose,11,0.444425,ok,1,direct,0.705750,1,left_eye,0,0,0.000000,0.000000,0.000000,2.000000,654.816000,212.121000,,,,0.025000,
SP_R_Yoga_2,openpose,11,0.444425,ok,1,direct,0.705750,2,right_eye,0,0,0.000000,0.000000,0.000000,2.000000,635.324000,214.025000,,,,0.025000,
SP_R_Yoga_2,openpose,11,0.444425,ok,1,direct,0.705750,3,left_ear,0,0,0.000000,0.000000,0.000000,2.000000,668.599000,217.991000,,,,0.035000,
SP_R_Yoga_2,openpose,11,0.444425,ok,1,direct,0.705750,4,right_ear,0,0,0.000000,0.000000,0.000000,2.000000,623.569000,221.882000,,,,0.035000,
SP_R_Yoga_2,openpose,11,0.444425,ok,1,direct,0.705750,5,left_shoulder,1,1,2.000000,693.370000,276.760000,2.000000,693.984000,278.656000,1.992941,46.739863,1,0.079000,0.994191
SP_R_Yoga_2,openpose,11,0.444425,ok,1,direct,0.705750,6,right_shoulder,1,1,2.000000,604.200000,282.270000,2.000000,605.899000,280.668000,2.335167,46.739863,1,0.079000,0.992033
SP_R_Yoga_2,openpose,11,0.444425,ok,1,direct,0.705750,7,left_elbow,1,1,2.000000,714.010000,349.200000,2.000000,713.630000,347.246000,1.990607,46.739863,1,0.072000,0.993027
SP_R_Yoga_2,openpose,11,0.444425,ok,1,direct,0.705750,8,right_elbow,1,1,2.000000,592.740000,353.220000,2.000000,590.147000,351.240000,3.262522,46.739863,1,0.072000,0.981378
SP_R_Yoga_2,openpose,11,0.444425,ok,1,direct,0.705750,9,left_wrist,1,1,2.000000,721.480000,416.690000,2.000000,719.555000,407.997000,8.903588,46.739863,1,0.062000,0.827952
SP_R_Yoga_2,openpose,11,0.444425,ok,1,direct,0.705750,10,right_wrist,1,1,2.000000,597.710000,419.400000,2.000000,598.003000,415.902000,3.510250,46.739863,1,0.062000,0.971080
SP_R_Yoga_2,openpose,11,0.444425,ok,1,direct,0.705750,11,left_hip,1,1,2.000000,683.660000,411.280000,2.000000,684.228000,421.697000,10.432474,46.739863,1,0.107000,0.916651
SP_R_Yoga_2,openpose,11,0.444425,ok,1,direct,0.705750,12,right_hip,1,1,2.000000,631.960000,413.760000,2.000000,629.352000,423.703000,10.279344,46.739863,1,0.107000,0.918979
SP_R_Yoga_2,openpose,11,0.444425,ok,1,direct,0.705750,13,left_knee,1,1,2.000000,683.610000,534.980000,2.000000,682.238000,531.426000,3.809633,46.739863,1,0.087000,0.982599
SP_R_Yoga_2,openpose,11,0.444425,ok,1,direct,0.705750,14,right_knee,1,1,2.000000,636.670000,535.180000,2.000000,635.279000,531.447000,3.983738,46.739863,1,0.087000,0.980988
SP_R_Yoga_2,openpose,11,0.444425,ok,1,direct,0.705750,15,left_ankle,1,1,2.000000,679.660000,646.140000,2.000000,674.474000,635.266000,12.047343,46.739863,1,0.089000,0.845567
SP_R_Yoga_2,openpose,11,0.444425,ok,1,direct,0.705750,16,right_ankle,1,1,2.000000,647.650000,648.830000,2.000000,643.113000,635.286000,14.283708,46.739863,1,0.089000,0.789933
SP_R_Yoga_2,openpose,12,0.484827,ok,1,direct,0.692448,0,nose,1,1,2.000000,647.210000,224.600000,2.000000,645.083000,223.786000,2.277438,46.871143,1,0.026000,0.932534
SP_R_Yoga_2,openpose,12,0.484827,ok,1,direct,0.692448,1,left_eye,0,0,0.000000,0.000000,0.000000,2.000000,654.804000,212.123000,,,,0.025000,
SP_R_Yoga_2,openpose,12,0.484827,ok,1,direct,0.692448,2,right_eye,0,0,0.000000,0.000000,0.000000,2.000000,635.306000,214.007000,,,,0.025000,
SP_R_Yoga_2,openpose,12,0.484827,ok,1,direct,0.692448,3,left_ear,0,0,0.000000,0.000000,0.000000,2.000000,668.607000,217.991000,,,,0.035000,
SP_R_Yoga_2,openpose,12,0.484827,ok,1,direct,0.692448,4,right_ear,0,0,0.000000,0.000000,0.000000,2.000000,623.562000,221.858000,,,,0.035000,
SP_R_Yoga_2,openpose,12,0.484827,ok,1,direct,0.692448,5,left_shoulder,1,1,2.000000,693.730000,277.030000,2.000000,692.117000,276.766000,1.634462,46.871143,1,0.079000,0.996111
SP_R_Yoga_2,openpose,12,0.484827,ok,1,direct,0.692448,6,right_shoulder,1,1,2.000000,604.880000,282.440000,2.000000,605.893000,280.660000,2.048065,46.871143,1,0.079000,0.993900
SP_R_Yoga_2,openpose,12,0.484827,ok,1,direct,0.692448,7,left_elbow,1,1,2.000000,714.490000,349.020000,2.000000,713.578000,345.338000,3.793266,46.871143,1,0.072000,0.975048
SP_R_Yoga_2,openpose,12,0.484827,ok,1,direct,0.692448,8,right_elbow,1,1,2.000000,593.190000,353.370000,2.000000,588.244000,351.182000,5.408351,46.871143,1,0.072000,0.949930
SP_R_Yoga_2,openpose,12,0.484827,ok,1,direct,0.692448,9,left_wrist,1,1,2.000000,722.700000,416.590000,2.000000,719.492000,408.032000,9.139509,46.871143,1,0.062000,0.820513
SP_R_Yoga_2,openpose,12,0.484827,ok,1,direct,0.692448,10,right_wrist,1,1,2.000000,596.930000,419.290000,2.000000,596.091000,415.792000,3.597211,46.871143,1,0.062000,0.969819
SP_R_Yoga_2,openpose,12,0.484827,ok,1,direct,0.692448,11,left_hip,1,1,2.000000,684.780000,411.210000,2.000000,684.249000,421.704000,10.507426,46.871143,1,0.107000,0.915953
SP_R_Yoga_2,openpose,12,0.484827,ok,1,direct,0.692448,12,right_hip,1,1,2.000000,632.520000,413.630000,2.000000,629.388000,423.697000,10.542956,46.871143,1,0.107000,0.915409
SP_R_Yoga_2,openpose,12,0.484827,ok,1,direct,0.692448,13,left_knee,1,1,2.000000,684.270000,535.200000,2.000000,682.255000,531.452000,4.255318,46.871143,1,0.087000,0.978456
SP_R_Yoga_2,openpose,12,0.484827,ok,1,direct,0.692448,14,right_knee,1,1,2.000000,637.050000,535.180000,2.000000,635.318000,531.466000,4.098002,46.871143,1,0.087000,0.980004
SP_R_Yoga_2,openpose,12,0.484827,ok,1,direct,0.692448,15,left_ankle,1,1,2.000000,679.490000,646.060000,2.000000,674.397000,635.298000,11.906271,46.871143,1,0.089000,0.849654
SP_R_Yoga_2,openpose,12,0.484827,ok,1,direct,0.692448,16,right_ankle,1,1,2.000000,647.690000,648.680000,2.000000,644.994000,635.220000,13.727346,46.871143,1,0.089000,0.805271
SP_R_Yoga_2,openpose,13,0.525229,ok,1,direct,0.672359,0,nose,1,1,2.000000,647.580000,224.600000,2.000000,647.013000,221.929000,2.730518,47.005565,1,0.026000,0.904988
SP_R_Yoga_2,openpose,13,0.525229,ok,1,direct,0.672359,1,left_eye,0,0,0.000000,0.000000,0.000000,2.000000,656.760000,212.077000,,,,0.025000,
SP_R_Yoga_2,openpose,13,0.525229,ok,1,direct,0.672359,2,right_eye,0,0,0.000000,0.000000,0.000000,2.000000,637.193000,212.144000,,,,0.025000,
SP_R_Yoga_2,openpose,13,0.525229,ok,1,direct,0.672359,3,left_ear,0,0,0.000000,0.000000,0.000000,2.000000,670.578000,217.970000,,,,0.035000,
SP_R_Yoga_2,openpose,13,0.525229,ok,1,direct,0.672359,4,right_ear,0,0,0.000000,0.000000,0.000000,2.000000,625.433000,221.838000,,,,0.035000,
SP_R_Yoga_2,openpose,13,0.525229,ok,1,direct,0.672359,5,left_shoulder,1,1,2.000000,694.090000,277.310000,2.000000,695.930000,278.706000,2.309635,47.005565,1,0.079000,0.992293
SP_R_Yoga_2,openpose,13,0.525229,ok,1,direct,0.672359,6,right_shoulder,1,1,2.000000,605.570000,282.620000,2.000000,607.811000,280.711000,2.943869,47.005565,1,0.079000,0.987509
SP_R_Yoga_2,openpose,13,0.525229,ok,1,direct,0.672359,7,left_elbow,1,1,2.000000,714.970000,348.830000,2.000000,713.639000,347.231000,2.080472,47.005565,1,0.072000,0.992471
SP_R_Yoga_2,openpose,13,0.525229,ok,1,direct,0.672359,8,right_elbow,1,1,2.000000,593.630000,353.520000,2.000000,588.252000,351.203000,5.855884,47.005565,1,0.072000,0.941882
SP_R_Yoga_2,openpose,13,0.525229,ok,1,direct,0.672359,9,left_wrist,1,1,2.000000,723.930000,416.500000,2.000000,719.540000,408.009000,9.558723,47.005565,1,0.062000,0.806418
SP_R_Yoga_2,openpose,13,0.525229,ok,1,direct,0.672359,10,right_wrist,1,1,2.000000,596.150000,419.180000,2.000000,596.074000,413.921000,5.259549,47.005565,1,0.062000,0.936937
SP_R_Yoga_2,openpose,13,0.525229,ok,1,direct,0.672359,11,left_hip,1,1,2.000000,685.890000,411.130000,2.000000,686.174000,421.729000,10.602804,47.005565,1,0.107000,0.914955
SP_R_Yoga_2,openpose,13,0.525229,ok,1,direct,0.672359,12,right_hip,1,1,2.000000,633.080000,413.500000,2.000000,629.426000,425.581000,12.621501,47.005565,1,0.107000,0.881662
SP_R_Yoga_2,openpose,13,0.525229,ok,1,direct,0.672359,13,left_knee,1,1,2.000000,684.940000,535.430000,2.000000,682.259000,531.420000,4.823677,47.005565,1,0.087000,0.972558
SP_R_Yoga_2,openpose,13,0.525229,ok,1,direct,0.672359,14,right_knee,1,1,2.000000,637.440000,535.180000,2.000000,635.297000,531.433000,4.316533,47.005565,1,0.087000,0.977964
SP_R_Yoga_2,openpose,13,0.525229,ok,1,direct,0.672359,15,left_ankle,1,1,2.000000,679.320000,645.990000,2.000000,674.403000,635.297000,11.769330,47.005565,1,0.089000,0.853602
SP_R_Yoga_2,openpose,13,0.525229,ok,1,direct,0.672359,16,right_ankle,1,1,2.000000,647.720000,648.530000,2.000000,643.126000,635.227000,14.073899,47.005565,1,0.089000,0.797439
SP_R_Yoga_2,openpose,14,0.565631,ok,1,direct,0.680692,0,nose,1,1,2.000000,647.940000,224.600000,2.000000,647.023000,221.934000,2.819299,47.137706,1,0.026000,0.899573
SP_R_Yoga_2,openpose,14,0.565631,ok,1,direct,0.680692,1,left_eye,0,0,0.000000,0.000000,0.000000,2.000000,654.909000,212.098000,,,,0.025000,
SP_R_Yoga_2,openpose,14,0.565631,ok,1,direct,0.680692,2,right_eye,0,0,0.000000,0.000000,0.000000,2.000000,637.211000,214.000000,,,,0.025000,
SP_R_Yoga_2,openpose,14,0.565631,ok,1,direct,0.680692,3,left_ear,0,0,0.000000,0.000000,0.000000,2.000000,670.566000,217.987000,,,,0.035000,
SP_R_Yoga_2,openpose,14,0.565631,ok,1,direct,0.680692,4,right_ear,0,0,0.000000,0.000000,0.000000,2.000000,625.446000,221.865000,,,,0.035000,
SP_R_Yoga_2,openpose,14,0.565631,ok,1,direct,0.680692,5,left_shoulder,1,1,2.000000,694.450000,277.590000,2.000000,694.080000,278.646000,1.118944,47.137706,1,0.079000,0.998196
SP_R_Yoga_2,openpose,14,0.565631,ok,1,direct,0.680692,6,right_shoulder,1,1,2.000000,606.260000,282.800000,2.000000,607.830000,282.564000,1.587638,47.137706,1,0.079000,0.996371
SP_R_Yoga_2,openpose,14,0.565631,ok,1,direct,0.680692,7,left_elbow,1,1,2.000000,715.450000,348.650000,2.000000,713.682000,347.246000,2.257663,47.137706,1,0.072000,0.991189
SP_R_Yoga_2,openpose,14,0.565631,ok,1,direct,0.680692,8,right_elbow,1,1,2.000000,594.080000,353.670000,2.000000,590.150000,351.230000,4.625851,47.137706,1,0.072000,0.963527
SP_R_Yoga_2,openpose,14,0.565631,ok,1,direct,0.680692,9,left_wrist,1,1,2.000000,725.160000,416.400000,2.000000,721.427000,408.046000,9.150115,47.137706,1,0.062000,0.821973
SP_R_Yoga_2,openpose,14,0.565631,ok,1,direct,0.680692,10,right_wrist,1,1,2.000000,595.370000,419.070000,2.000000,596.097000,415.816000,3.334223,47.137706,1,0.062000,0.974304
SP_R_Yoga_2,openpose,14,0.565631,ok,1,direct,0.680692,11,left_hip,1,1,2.000000,687.010000,411.060000,2.000000,686.231000,421.696000,10.664490,47.137706,1,0.107000,0.914467
SP_R_Yoga_2,openpose,14,0.565631,ok,1,direct,0.680692,12,right_hip,1,1,2.000000,633.640000,413.370000,2.000000,631.331000,423.701000,10.585889,47.137706,1,0.107000,0.915669
SP_R_Yoga_2,openpose,14,0.565631,ok,1,direct,0.680692,13,left_knee,1,1,2.000000,685.610000,535.650000,2.000000,682.265000,529.512000,6.990284,47.137706,1,0.087000,0.943547
SP_R_Yoga_2,openpose,14,0.565631,ok,1,direct,0.680692,14,right_knee,1,1,2.000000,637.830000,535.180000,2.000000,635.323000,529.502000,6.206830,47.137706,1,0.087000,0.955220
SP_R_Yoga_2,openpose,14,0.565631,ok,1,direct,0.680692,15,left_ankle,1,1,2.000000,679.140000,645.910000,2.000000,672.505000,635.304000,12.510414,47.137706,1,0.089000,0.837067
SP_R_Yoga_2,openpose,14,0.565631,ok,1,direct,0.680692,16,right_ankle,1,1,2.000000,647.760000,648.380000,2.000000,645.025000,633.331000,15.295510,47.137706,1,0.089000,0.766552
SP_R_Yoga_2,openpose,15,0.606034,ok,1,direct,0.681104,0,nose,1,1,2.000000,648.870000,224.470000,2.000000,648.907000,221.920000,2.550268,47.447189,1,0.026000,0.918077
SP_R_Yoga_2,openpose,15,0.606034,ok,1,direct,0.681104,1,left_eye,0,0,0.000000,0.000000,0.000000,2.000000,656.821000,212.095000,,,,0.025000,
SP_R_Yoga_2,openpose,15,0.606034,ok,1,direct,0.681104,2,right_eye,0,0,0.000000,0.000000,0.000000,2.000000,637.288000,212.162000,,,,0.025000,
SP_R_Yoga_2,openpose,15,0.606034,ok,1,direct,0.681104,3,left_ear,0,0,0.000000,0.000000,0.000000,2.000000,670.591000,218.010000,,,,0.035000,
SP_R_Yoga_2,openpose,15,0.606034,ok,1,direct,0.681104,4,right_ear,0,0,0.000000,0.000000,0.000000,2.000000,627.377000,221.840000,,,,0.035000,
SP_R_Yoga_2,openpose,15,0.606034,ok,1,direct,0.681104,5,left_shoulder,1,1,2.000000,694.810000,277.870000,2.000000,694.052000,278.717000,1.136650,47.447189,1,0.079000,0.998163
SP_R_Yoga_2,openpose,15,0.606034,ok,1,direct,0.681104,6,right_shoulder,1,1,2.000000,606.940000,282.980000,2.000000,607.825000,282.609000,0.959618,47.447189,1,0.079000,0.998690
SP_R_Yoga_2,openpose,15,0.606034,ok,1,direct,0.681104,7,left_elbow,1,1,2.000000,715.940000,348.460000,2.000000,713.689000,347.229000,2.565611,47.447189,1,0.072000,0.988783
SP_R_Yoga_2,openpose,15,0.606034,ok,1,direct,0.681104,8,right_elbow,1,1,2.000000,594.530000,353.820000,2.000000,590.238000,353.101000,4.351807,47.447189,1,0.072000,0.968066
SP_R_Yoga_2,openpose,15,0.606034,ok,1,direct,0.681104,9,left_wrist,1,1,2.000000,727.340000,415.450000,2.000000,723.410000,406.077000,10.163564,47.447189,1,0.062000,0.787623
SP_R_Yoga_2,openpose,15,0.606034,ok,1,direct,0.681104,10,right_wrist,1,1,2.000000,594.590000,418.960000,2.000000,598.014000,415.829000,4.639713,47.447189,1,0.062000,0.951466
SP_R_Yoga_2,openpose,15,0.606034,ok,1,direct,0.681104,11,left_hip,1,1,2.000000,688.120000,410.980000,2.000000,686.238000,421.751000,10.934183,47.447189,1,0.107000,0.911402
SP_R_Yoga_2,openpose,15,0.606034,ok,1,direct,0.681104,12,right_hip,1,1,2.000000,634.200000,413.240000,2.000000,631.307000,425.596000,12.690161,47.447189,1,0.107000,0.882531
SP_R_Yoga_2,openpose,15,0.606034,ok,1,direct,0.681104,13,left_knee,1,1,2.000000,686.280000,535.870000,2.000000,682.278000,531.387000,6.009434,47.447189,1,0.087000,0.958498
SP_R_Yoga_2,openpose,15,0.606034,ok,1,direct,0.681104,14,right_knee,1,1,2.000000,638.210000,535.180000,2.000000,637.168000,529.480000,5.794460,47.447189,1,0.087000,0.961357
SP_R_Yoga_2,openpose,15,0.606034,ok,1,direct,0.681104,15,left_ankle,1,1,2.000000,678.970000,645.830000,2.000000,672.501000,635.281000,12.374545,47.447189,1,0.089000,0.842193
SP_R_Yoga_2,openpose,15,0.606034,ok,1,direct,0.681104,16,right_ankle,1,1,2.000000,647.800000,648.240000,2.000000,645.056000,633.309000,15.181051,47.447189,1,0.089000,0.772222
SP_R_Yoga_2,openpose,16,0.646436,ok,1,direct,0.673504,0,nose,1,1,2.000000,649.790000,224.340000,2.000000,648.990000,221.932000,2.537413,47.961281,1,0.026000,0.920526
SP_R_Yoga_2,openpose,16,0.646436,ok,1,direct,0.673504,1,left_eye,0,0,0.000000,0.000000,0.000000,2.000000,658.772000,212.069000,,,,0.025000,
SP_R_Yoga_2,openpose,16,0.646436,ok,1,direct,0.673504,2,right_eye,0,0,0.000000,0.000000,0.000000,2.000000,639.171000,213.987000,,,,0.025000,
SP_R_Yoga_2,openpose,16,0.646436,ok,1,direct,0.673504,3,left_ear,0,0,0.000000,0.000000,0.000000,2.000000,672.499000,217.996000,,,,0.035000,
SP_R_Yoga_2,openpose,16,0.646436,ok,1,direct,0.673504,4,right_ear,0,0,0.000000,0.000000,0.000000,2.000000,627.424000,221.856000,,,,0.035000,
SP_R_Yoga_2,openpose,16,0.646436,ok,1,direct,0.673504,5,left_shoulder,1,1,2.000000,695.170000,278.140000,2.000000,695.965000,278.690000,0.966708,47.961281,1,0.079000,0.998699
SP_R_Yoga_2,openpose,16,0.646436,ok,1,direct,0.673504,6,right_shoulder,1,1,2.000000,607.630000,283.150000,2.000000,609.837000,282.567000,2.282704,47.961281,1,0.079000,0.992767
SP_R_Yoga_2,openpose,16,0.646436,ok,1,direct,0.673504,7,left_elbow,1,1,2.000000,716.420000,348.270000,2.000000,715.584000,347.286000,1.291182,47.961281,1,0.072000,0.997208
SP_R_Yoga_2,openpose,16,0.646436,ok,1,direct,0.673504,8,right_elbow,1,1,2.000000,594.970000,353.970000,2.000000,592.184000,351.203000,3.926587,47.961281,1,0.072000,0.974472
SP_R_Yoga_2,openpose,16,0.646436,ok,1,direct,0.673504,9,left_wrist,1,1,2.000000,729.520000,414.500000,2.000000,727.351000,409.957000,5.034224,47.961281,1,0.062000,0.944289
SP_R_Yoga_2,openpose,16,0.646436,ok,1,direct,0.673504,10,right_wrist,1,1,2.000000,593.810000,418.840000,2.000000,596.077000,413.901000,5.434428,47.961281,1,0.062000,0.935383
SP_R_Yoga_2,openpose,16,0.646436,ok,1,direct,0.673504,11,left_hip,1,1,2.000000,689.230000,410.910000,2.000000,688.126000,419.784000,8.942410,47.961281,1,0.107000,0.941079
SP_R_Yoga_2,openpose,16,0.646436,ok,1,direct,0.673504,12,right_hip,1,1,2.000000,634.760000,413.120000,2.000000,631.389000,421.731000,9.247322,47.961281,1,0.107000,0.937124
SP_R_Yoga_2,openpose,16,0.646436,ok,1,direct,0.673504,13,left_knee,1,1,2.000000,686.950000,536.100000,2.000000,682.305000,529.439000,8.120649,47.961281,1,0.087000,0.927047
SP_R_Yoga_2,openpose,16,0.646436,ok,1,direct,0.673504,14,right_knee,1,1,2.000000,638.600000,535.180000,2.000000,637.195000,527.546000,7.762215,47.961281,1,0.087000,0.933129
SP_R_Yoga_2,openpose,16,0.646436,ok,1,direct,0.673504,15,left_ankle,1,1,2.000000,678.800000,645.750000,2.000000,672.522000,635.253000,12.231120,47.961281,1,0.089000,0.848563
SP_R_Yoga_2,openpose,16,0.646436,ok,1,direct,0.673504,16,right_ankle,1,1,2.000000,647.830000,648.090000,2.000000,646.982000,631.353000,16.758469,47.961281,1,0.089000,0.734714
SP_R_Yoga_2,openpose,17,0.686838,ok,1,direct,0.691247,0,nose,1,1,2.000000,650.710000,224.210000,2.000000,649.033000,221.876000,2.874002,48.480363,1,0.026000,0.901249
SP_R_Yoga_2,openpose,17,0.686838,ok,1,direct,0.691247,1,left_eye,0,0,0.000000,0.000000,0.000000,2.000000,658.786000,212.031000,,,,0.025000,
SP_R_Yoga_2,openpose,17,0.686838,ok,1,direct,0.691247,2,right_eye,0,0,0.000000,0.000000,0.000000,2.000000,639.217000,212.151000,,,,0.025000,
SP_R_Yoga_2,openpose,17,0.686838,ok,1,direct,0.691247,3,left_ear,0,0,0.000000,0.000000,0.000000,2.000000,672.475000,217.928000,,,,0.035000,
SP_R_Yoga_2,openpose,17,0.686838,ok,1,direct,0.691247,4,right_ear,0,0,0.000000,0.000000,0.000000,2.000000,627.475000,221.867000,,,,0.035000,
SP_R_Yoga_2,openpose,17,0.686838,ok,1,direct,0.691247,5,left_shoulder,1,1,2.000000,695.530000,278.420000,2.000000,695.971000,276.777000,1.701155,48.480363,1,0.079000,0.996062
SP_R_Yoga_2,openpose,17,0.686838,ok,1,direct,0.691247,6,right_shoulder,1,1,2.000000,608.310000,283.330000,2.000000,611.712000,280.703000,4.298224,48.480363,1,0.079000,0.975125
SP_R_Yoga_2,openpose,17,0.686838,ok,1,direct,0.691247,7,left_elbow,1,1,2.000000,716.900000,348.090000,2.000000,715.629000,345.296000,3.069508,48.480363,1,0.072000,0.984653
SP_R_Yoga_2,openpose,17,0.686838,ok,1,direct,0.691247,8,right_elbow,1,1,2.000000,595.420000,354.110000,2.000000,596.017000,353.149000,1.131340,48.480363,1,0.072000,0.997901
SP_R_Yoga_2,openpose,17,0.686838,ok,1,direct,0.691247,9,left_wrist,1,1,2.000000,731.700000,413.550000,2.000000,727.319000,404.118000,10.399797,48.480363,1,0.062000,0.787082
SP_R_Yoga_2,openpose,17,0.686838,ok,1,direct,0.691247,10,right_wrist,1,1,2.000000,593.030000,418.730000,2.000000,596.039000,415.849000,4.165842,48.480363,1,0.062000,0.962312
SP_R_Yoga_2,openpose,17,0.686838,ok,1,direct,0.691247,11,left_hip,1,1,2.000000,690.350000,410.830000,2.000000,690.061000,421.678000,10.851849,48.480363,1,0.107000,0.916195
SP_R_Yoga_2,openpose,17,0.686838,ok,1,direct,0.691247,12,right_hip,1,1,2.000000,635.320000,412.990000,2.000000,633.243000,423.631000,10.841808,48.480363,1,0.107000,0.916343
SP_R_Yoga_2,openpose,17,0.686838,ok,1,direct,0.691247,13,left_knee,1,1,2.000000,687.620000,536.320000,2.000000,682.316000,529.469000,8.664215,48.480363,1,0.087000,0.919068
SP_R_Yoga_2,openpose,17,0.686838,ok,1,direct,0.691247,14,right_knee,1,1,2.000000,638.990000,535.180000,2.000000,637.233000,529.436000,6.006712,48.480363,1,0.087000,0.960248
SP_R_Yoga_2,openpose,17,0.686838,ok,1,direct,0.691247,15,left_ankle,1,1,2.000000,678.630000,645.670000,2.000000,672.532000,635.296000,12.033515,48.480363,1,0.089000,0.855934
SP_R_Yoga_2,openpose,17,0.686838,ok,1,direct,0.691247,16,right_ankle,1,1,2.000000,647.870000,647.940000,2.000000,647.042000,631.367000,16.593671,48.480363,1,0.089000,0.743934
SP_R_Yoga_2,openpose,18,0.727240,ok,1,direct,0.699247,0,nose,1,1,2.000000,651.630000,224.070000,2.000000,649.031000,221.871000,3.404468,48.994475,1,0.026000,0.866882
SP_R_Yoga_2,openpose,18,0.727240,ok,1,direct,0.699247,1,left_eye,0,0,0.000000,0.000000,0.000000,2.000000,658.789000,212.042000,,,,0.025000,
SP_R_Yoga_2,openpose,18,0.727240,ok,1,direct,0.699247,2,right_eye,0,0,0.000000,0.000000,0.000000,2.000000,639.241000,212.162000,,,,0.025000,
SP_R_Yoga_2,openpose,18,0.727240,ok,1,direct,0.699247,3,left_ear,0,0,0.000000,0.000000,0.000000,2.000000,672.503000,217.934000,,,,0.035000,
SP_R_Yoga_2,openpose,18,0.727240,ok,1,direct,0.699247,4,right_ear,0,0,0.000000,0.000000,0.000000,2.000000,629.376000,221.879000,,,,0.035000,
SP_R_Yoga_2,openpose,18,0.727240,ok,1,direct,0.699247,5,left_shoulder,1,1,2.000000,695.890000,278.700000,2.000000,697.917000,278.654000,2.027522,48.994475,1,0.079000,0.994527
SP_R_Yoga_2,openpose,18,0.727240,ok,1,direct,0.699247,6,right_shoulder,1,1,2.000000,609.000000,283.510000,2.000000,609.843000,282.581000,1.254468,48.994475,1,0.079000,0.997901
SP_R_Yoga_2,openpose,18,0.727240,ok,1,direct,0.699247,7,left_elbow,1,1,2.000000,717.380000,347.900000,2.000000,717.543000,347.248000,0.672066,48.994475,1,0.072000,0.999274
SP_R_Yoga_2,openpose,18,0.727240,ok,1,direct,0.699247,8,right_elbow,1,1,2.000000,595.860000,354.260000,2.000000,594.125000,353.134000,2.068357,48.994475,1,0.072000,0.993148
SP_R_Yoga_2,openpose,18,0.727240,ok,1,direct,0.699247,9,left_wrist,1,1,2.000000,733.880000,412.590000,2.000000,727.266000,406.033000,9.313391,48.994475,1,0.062000,0.828611
SP_R_Yoga_2,openpose,18,0.727240,ok,1,direct,0.699247,10,right_wrist,1,1,2.000000,592.250000,418.620000,2.000000,592.152000,415.833000,2.788722,48.994475,1,0.062000,0.983285
SP_R_Yoga_2,openpose,18,0.727240,ok,1,direct,0.699247,11,left_hip,1,1,2.000000,691.460000,410.760000,2.000000,690.097000,419.766000,9.108557,48.994475,1,0.107000,0.941410
SP_R_Yoga_2,openpose,18,0.727240,ok,1,direct,0.699247,12,right_hip,1,1,2.000000,635.870000,412.860000,2.000000,633.239000,421.729000,9.251017,48.994475,1,0.107000,0.939620
SP_R_Yoga_2,openpose,18,0.727240,ok,1,direct,0.699247,13,left_knee,1,1,2.000000,688.280000,536.540000,2.000000,682.336000,529.465000,9.240496,48.994475,1,0.087000,0.910291
SP_R_Yoga_2,openpose,18,0.727240,ok,1,direct,0.699247,14,right_knee,1,1,2.000000,639.370000,535.180000,2.000000,637.244000,529.470000,6.092945,48.994475,1,0.087000,0.959959
SP_R_Yoga_2,openpose,18,0.727240,ok,1,direct,0.699247,15,left_ankle,1,1,2.000000,678.450000,645.590000,2.000000,674.403000,637.180000,9.333076,48.994475,1,0.089000,0.912449
SP_R_Yoga_2,openpose,18,0.727240,ok,1,direct,0.699247,16,right_ankle,1,1,2.000000,647.910000,647.790000,2.000000,648.917000,633.323000,14.502005,48.994475,1,0.089000,0.801545
SP_R_Yoga_2,openpose,19,0.767642,ok,1,direct,0.701268,0,nose,1,1,2.000000,652.560000,223.940000,2.000000,650.913000,219.943000,4.323033,49.500928,1,0.026000,0.797998
SP_R_Yoga_2,openpose,19,0.767642,ok,1,direct,0.701268,1,left_eye,0,0,0.000000,0.000000,0.000000,2.000000,660.691000,210.150000,,,,0.025000,
SP_R_Yoga_2,openpose,19,0.767642,ok,1,direct,0.701268,2,right_eye,0,0,0.000000,0.000000,0.000000,2.000000,641.105000,212.092000,,,,0.025000,
SP_R_Yoga_2,openpose,19,0.767642,ok,1,direct,0.701268,3,left_ear,0,0,0.000000,0.000000,0.000000,2.000000,672.516000,216.065000,,,,0.035000,
SP_R_Yoga_2,openpose,19,0.767642,ok,1,direct,0.701268,4,right_ear,0,0,0.000000,0.000000,0.000000,2.000000,629.377000,221.924000,,,,0.035000,
SP_R_Yoga_2,openpose,19,0.767642,ok,1,direct,0.701268,5,left_shoulder,1,1,2.000000,696.250000,278.970000,2.000000,696.040000,276.742000,2.237875,49.500928,1,0.079000,0.993472
SP_R_Yoga_2,openpose,19,0.767642,ok,1,direct,0.701268,6,right_shoulder,1,1,2.000000,609.680000,283.680000,2.000000,611.776000,280.653000,3.681840,49.500928,1,0.079000,0.982427
SP_R_Yoga_2,openpose,19,0.767642,ok,1,direct,0.701268,7,left_elbow,1,1,2.000000,717.870000,347.720000,2.000000,715.563000,345.259000,3.373243,49.500928,1,0.072000,0.982244
SP_R_Yoga_2,openpose,19,0.767642,ok,1,direct,0.701268,8,right_elbow,1,1,2.000000,596.310000,354.410000,2.000000,594.136000,351.202000,3.875247,49.500928,1,0.072000,0.976632
SP_R_Yoga_2,openpose,19,0.767642,ok,1,direct,0.701268,9,left_wrist,1,1,2.000000,736.050000,411.640000,2.000000,729.246000,402.144000,11.681970,49.500928,1,0.062000,0.748436
SP_R_Yoga_2,openpose,19,0.767642,ok,1,direct,0.701268,10,right_wrist,1,1,2.000000,591.470000,418.510000,2.000000,592.170000,413.879000,4.683606,49.500928,1,0.062000,0.954490
SP_R_Yoga_2,openpose,19,0.767642,ok,1,direct,0.701268,11,left_hip,1,1,2.000000,692.570000,410.680000,2.000000,690.124000,419.790000,9.432657,49.500928,1,0.107000,0.938539
SP_R_Yoga_2,openpose,19,0.767642,ok,1,direct,0.701268,12,right_hip,1,1,2.000000,636.430000,412.730000,2.000000,633.232000,421.688000,9.511728,49.500928,1,0.107000,0.937537
SP_R_Yoga_2,openpose,19,0.767642,ok,1,direct,0.701268,13,left_knee,1,1,2.000000,688.950000,536.760000,2.000000,682.352000,529.487000,9.819885,49.500928,1,0.087000,0.901237
SP_R_Yoga_2,openpose,19,0.767642,ok,1,direct,0.701268,14,right_knee,1,1,2.000000,639.760000,535.180000,2.000000,637.257000,529.487000,6.218943,49.500928,1,0.087000,0.959152
SP_R_Yoga_2,openpose,19,0.767642,ok,1,direct,0.701268,15,left_ankle,1,1,2.000000,678.280000,645.510000,2.000000,674.436000,637.175000,9.178701,49.500928,1,0.089000,0.916848
SP_R_Yoga_2,openpose,19,0.767642,ok,1,direct,0.701268,16,right_ankle,1,1,2.000000,647.950000,647.640000,2.000000,648.965000,635.249000,12.432502,49.500928,1,0.089000,0.852764
SP_R_Yoga_2,openpose,20,0.808045,ok,1,direct,0.683979,0,nose,1,1,2.000000,653.480000,223.810000,2.000000,650.994000,221.844000,3.169440,50.003899,1,0.026000,0.887931
SP_R_Yoga_2,openpose,20,0.808045,ok,1,direct,0.683979,1,left_eye,0,0,0.000000,0.000000,0.000000,2.000000,662.609000,210.165000,,,,0.025000,
SP_R_Yoga_2,openpose,20,0.808045,ok,1,direct,0.683979,2,right_eye,0,0,0.000000,0.000000,0.000000,2.000000,641.192000,212.111000,,,,0.025000,
SP_R_Yoga_2,openpose,20,0.808045,ok,1,direct,0.683979,3,left_ear,0,0,0.000000,0.000000,0.000000,2.000000,674.436000,216.061000,,,,0.035000,
SP_R_Yoga_2,openpose,20,0.808045,ok,1,direct,0.683979,4,right_ear,0,0,0.000000,0.000000,0.000000,2.000000,631.269000,221.899000,,,,0.035000,
SP_R_Yoga_2,openpose,20,0.808045,ok,1,direct,0.683979,5,left_shoulder,1,1,2.000000,696.610000,279.250000,2.000000,697.898000,276.759000,2.804287,50.003899,1,0.079000,0.989972
SP_R_Yoga_2,openpose,20,0.808045,ok,1,direct,0.683979,6,right_shoulder,1,1,2.000000,610.370000,283.860000,2.000000,613.657000,280.682000,4.572095,50.003899,1,0.079000,0.973564
SP_R_Yoga_2,openpose,20,0.808045,ok,1,direct,0.683979,7,left_elbow,1,1,2.000000,718.350000,347.530000,2.000000,717.552000,343.395000,4.211298,50.003899,1,0.072000,0.973006
SP_R_Yoga_2,openpose,20,0.808045,ok,1,direct,0.683979,8,right_elbow,1,1,2.000000,596.750000,354.560000,2.000000,594.124000,353.169000,2.971659,50.003899,1,0.072000,0.986467
SP_R_Yoga_2,openpose,20,0.808045,ok,1,direct,0.683979,9,left_wrist,1,1,2.000000,738.230000,410.690000,2.000000,729.296000,402.080000,12.407597,50.003899,1,0.062000,0.725901
SP_R_Yoga_2,openpose,20,0.808045,ok,1,direct,0.683979,10,right_wrist,1,1,2.000000,590.690000,418.400000,2.000000,590.146000,417.767000,0.834641,50.003899,1,0.062000,0.998551
SP_R_Yoga_2,openpose,20,0.808045,ok,1,direct,0.683979,11,left_hip,1,1,2.000000,693.690000,410.610000,2.000000,692.073000,423.625000,13.115064,50.003899,1,0.107000,0.886770
SP_R_Yoga_2,openpose,20,0.808045,ok,1,direct,0.683979,12,right_hip,1,1,2.000000,636.990000,412.600000,2.000000,633.292000,423.647000,11.649524,50.003899,1,0.107000,0.909542
SP_R_Yoga_2,openpose,20,0.808045,ok,1,direct,0.683979,13,left_knee,1,1,2.000000,689.620000,536.990000,2.000000,684.268000,531.454000,7.700078,50.003899,1,0.087000,0.939265
SP_R_Yoga_2,openpose,20,0.808045,ok,1,direct,0.683979,14,right_knee,1,1,2.000000,640.150000,535.180000,2.000000,639.205000,531.461000,3.837185,50.003899,1,0.087000,0.984560
SP_R_Yoga_2,openpose,20,0.808045,ok,1,direct,0.683979,15,left_ankle,1,1,2.000000,678.110000,645.430000,2.000000,676.359000,637.254000,8.361398,50.003899,1,0.089000,0.931835
SP_R_Yoga_2,openpose,20,0.808045,ok,1,direct,0.683979,16,right_ankle,1,1,2.000000,647.980000,647.490000,2.000000,648.974000,637.200000,10.337898,50.003899,1,0.089000,0.897698
SP_R_Yoga_2,openpose,21,0.848447,ok,1,direct,0.679854,0,nose,1,1,2.000000,654.500000,223.810000,2.000000,651.008000,221.817000,4.020711,50.518428,1,0.026000,0.829105
SP_R_Yoga_2,openpose,21,0.848447,ok,1,direct,0.679854,1,left_eye,0,0,0.000000,0.000000,0.000000,2.000000,662.654000,210.163000,,,,0.025000,
SP_R_Yoga_2,openpose,21,0.848447,ok,1,direct,0.679854,2,right_eye,0,0,0.000000,0.000000,0.000000,2.000000,643.052000,212.101000,,,,0.025000,
SP_R_Yoga_2,openpose,21,0.848447,ok,1,direct,0.679854,3,left_ear,0,0,0.000000,0.000000,0.000000,2.000000,676.365000,219.865000,,,,0.035000,
SP_R_Yoga_2,openpose,21,0.848447,ok,1,direct,0.679854,4,right_ear,0,0,0.000000,0.000000,0.000000,2.000000,631.356000,223.812000,,,,0.035000,
SP_R_Yoga_2,openpose,21,0.848447,ok,1,direct,0.679854,5,left_shoulder,1,1,2.000000,699.060000,280.040000,2.000000,697.974000,278.651000,1.763155,50.518428,1,0.079000,0.996104
SP_R_Yoga_2,openpose,21,0.848447,ok,1,direct,0.679854,6,right_shoulder,1,1,2.000000,611.710000,284.260000,2.000000,613.669000,282.604000,2.565154,50.518428,1,0.079000,0.991772
SP_R_Yoga_2,openpose,21,0.848447,ok,1,direct,0.679854,7,left_elbow,1,1,2.000000,720.080000,347.610000,2.000000,721.465000,341.395000,6.367452,50.518428,1,0.072000,0.940549
SP_R_Yoga_2,openpose,21,0.848447,ok,1,direct,0.679854,8,right_elbow,1,1,2.000000,597.380000,354.560000,2.000000,596.038000,353.136000,1.956717,50.518428,1,0.072000,0.994229
SP_R_Yoga_2,openpose,21,0.848447,ok,1,direct,0.679854,9,left_wrist,1,1,2.000000,739.730000,410.290000,2.000000,733.244000,398.156000,13.758712,50.518428,1,0.062000,0.679822
SP_R_Yoga_2,openpose,21,0.848447,ok,1,direct,0.679854,10,right_wrist,1,1,2.000000,589.010000,417.660000,2.000000,590.256000,413.833000,4.024729,50.518428,1,0.062000,0.967516
SP_R_Yoga_2,openpose,21,0.848447,ok,1,direct,0.679854,11,left_hip,1,1,2.000000,694.050000,410.240000,2.000000,694.026000,419.768000,9.528030,50.518428,1,0.107000,0.939752
SP_R_Yoga_2,openpose,21,0.848447,ok,1,direct,0.679854,12,right_hip,1,1,2.000000,638.450000,412.600000,2.000000,635.214000,419.800000,7.893776,50.518428,1,0.107000,0.958245
SP_R_Yoga_2,openpose,21,0.848447,ok,1,direct,0.679854,13,left_knee,1,1,2.000000,689.650000,536.860000,2.000000,686.161000,527.539000,9.952596,50.518428,1,0.087000,0.902527
SP_R_Yoga_2,openpose,21,0.848447,ok,1,direct,0.679854,14,right_knee,1,1,2.000000,638.870000,534.090000,2.000000,641.131000,527.499000,6.968027,50.518428,1,0.087000,0.950972
SP_R_Yoga_2,openpose,21,0.848447,ok,1,direct,0.679854,15,left_ankle,1,1,2.000000,677.930000,645.360000,2.000000,672.527000,635.212000,11.496709,50.518428,1,0.089000,0.877422
SP_R_Yoga_2,openpose,21,0.848447,ok,1,direct,0.679854,16,right_ankle,1,1,2.000000,648.530000,647.130000,2.000000,647.034000,633.286000,13.924595,50.518428,1,0.089000,0.825448
SP_R_Yoga_2,openpose,22,0.888849,ok,1,direct,0.671544,0,nose,1,1,2.000000,655.530000,223.810000,2.000000,652.852000,221.932000,3.270867,51.026270,1,0.026000,0.885530
SP_R_Yoga_2,openpose,22,0.888849,ok,1,direct,0.671544,1,left_eye,0,0,0.000000,0.000000,0.000000,2.000000,662.687000,212.046000,,,,0.025000,
SP_R_Yoga_2,openpose,22,0.888849,ok,1,direct,0.671544,2,right_eye,0,0,0.000000,0.000000,0.000000,2.000000,643.114000,214.012000,,,,0.025000,
SP_R_Yoga_2,openpose,22,0.888849,ok,1,direct,0.671544,3,left_ear,0,0,0.000000,0.000000,0.000000,2.000000,676.443000,217.991000,,,,0.035000,
SP_R_Yoga_2,openpose,22,0.888849,ok,1,direct,0.671544,4,right_ear,0,0,0.000000,0.000000,0.000000,2.000000,633.260000,223.777000,,,,0.035000,
SP_R_Yoga_2,openpose,22,0.888849,ok,1,direct,0.671544,5,left_shoulder,1,1,2.000000,701.500000,280.830000,2.000000,701.909000,276.735000,4.115374,51.026270,1,0.079000,0.979371
SP_R_Yoga_2,openpose,22,0.888849,ok,1,direct,0.671544,6,right_shoulder,1,1,2.000000,613.040000,284.650000,2.000000,615.646000,280.676000,4.752253,51.026270,1,0.079000,0.972586
SP_R_Yoga_2,openpose,22,0.888849,ok,1,direct,0.671544,7,left_elbow,1,1,2.000000,721.820000,347.690000,2.000000,727.282000,341.401000,8.329764,51.026270,1,0.072000,0.902297
SP_R_Yoga_2,openpose,22,0.888849,ok,1,direct,0.671544,8,right_elbow,1,1,2.000000,598.010000,354.560000,2.000000,596.098000,351.208000,3.858970,51.026270,1,0.072000,0.978176
SP_R_Yoga_2,openpose,22,0.888849,ok,1,direct,0.671544,9,left_wrist,1,1,2.000000,741.230000,409.900000,2.000000,737.101000,400.159000,10.579968,51.026270,1,0.062000,0.799571
SP_R_Yoga_2,openpose,22,0.888849,ok,1,direct,0.671544,10,right_wrist,1,1,2.000000,587.330000,416.920000,2.000000,590.195000,413.903000,4.160591,51.026270,1,0.062000,0.966000
SP_R_Yoga_2,openpose,22,0.888849,ok,1,direct,0.671544,11,left_hip,1,1,2.000000,694.420000,409.880000,2.000000,695.968000,417.834000,8.103235,51.026270,1,0.107000,0.956902
SP_R_Yoga_2,openpose,22,0.888849,ok,1,direct,0.671544,12,right_hip,1,1,2.000000,639.910000,412.600000,2.000000,635.314000,419.720000,8.474527,51.026270,1,0.107000,0.952958
SP_R_Yoga_2,openpose,22,0.888849,ok,1,direct,0.671544,13,left_knee,1,1,2.000000,689.670000,536.740000,2.000000,686.213000,525.602000,11.662156,51.026270,1,0.087000,0.871076
SP_R_Yoga_2,openpose,22,0.888849,ok,1,direct,0.671544,14,right_knee,1,1,2.000000,637.600000,532.990000,2.000000,641.180000,525.542000,8.263722,51.026270,1,0.087000,0.933043
SP_R_Yoga_2,openpose,22,0.888849,ok,1,direct,0.671544,15,left_ankle,1,1,2.000000,677.760000,645.280000,2.000000,674.397000,633.309000,12.434412,51.026270,1,0.089000,0.860761
SP_R_Yoga_2,openpose,22,0.888849,ok,1,direct,0.671544,16,right_ankle,1,1,2.000000,649.080000,646.760000,2.000000,648.916000,631.354000,15.406873,51.026270,1,0.089000,0.794381
SP_R_Yoga_2,openpose,23,0.929251,ok,1,direct,0.672164,0,nose,1,1,2.000000,656.550000,223.810000,2.000000,652.938000,223.791000,3.612050,51.527162,1,0.026000,0.864690
SP_R_Yoga_2,openpose,23,0.929251,ok,1,direct,0.672164,1,left_eye,0,0,0.000000,0.000000,0.000000,2.000000,664.590000,212.074000,,,,0.025000,
SP_R_Yoga_2,openpose,23,0.929251,ok,1,direct,0.672164,2,right_eye,0,0,0.000000,0.000000,0.000000,2.000000,645.069000,214.002000,,,,0.025000,
SP_R_Yoga_2,openpose,23,0.929251,ok,1,direct,0.672164,3,left_ear,0,0,0.000000,0.000000,0.000000,2.000000,680.259000,219.920000,,,,0.035000,
SP_R_Yoga_2,openpose,23,0.929251,ok,1,direct,0.672164,4,right_ear,0,0,0.000000,0.000000,0.000000,2.000000,633.336000,223.771000,,,,0.035000,
SP_R_Yoga_2,openpose,23,0.929251,ok,1,direct,0.672164,5,left_shoulder,1,1,2.000000,703.940000,281.610000,2.000000,703.789000,276.784000,4.828362,51.527162,1,0.079000,0.972254
SP_R_Yoga_2,openpose,23,0.929251,ok,1,direct,0.672164,6,right_shoulder,1,1,2.000000,614.380000,285.040000,2.000000,617.569000,280.698000,5.387271,51.527162,1,0.079000,0.965576
SP_R_Yoga_2,openpose,23,0.929251,ok,1,direct,0.672164,7,left_elbow,1,1,2.000000,723.550000,347.770000,2.000000,727.269000,343.322000,5.797902,51.527162,1,0.072000,0.952327
SP_R_Yoga_2,openpose,23,0.929251,ok,1,direct,0.672164,8,right_elbow,1,1,2.000000,598.640000,354.560000,2.000000,598.007000,349.237000,5.360505,51.527162,1,0.072000,0.959105
SP_R_Yoga_2,openpose,23,0.929251,ok,1,direct,0.672164,9,left_wrist,1,1,2.000000,742.720000,409.510000,2.000000,733.260000,400.145000,13.311455,51.527162,1,0.062000,0.706638
SP_R_Yoga_2,openpose,23,0.929251,ok,1,direct,0.672164,10,right_wrist,1,1,2.000000,585.650000,416.190000,2.000000,586.337000,409.945000,6.282674,51.527162,1,0.062000,0.925565
SP_R_Yoga_2,openpose,23,0.929251,ok,1,direct,0.672164,11,left_hip,1,1,2.000000,694.790000,409.510000,2.000000,697.891000,417.835000,8.883796,51.527162,1,0.107000,0.949399
SP_R_Yoga_2,openpose,23,0.929251,ok,1,direct,0.672164,12,right_hip,1,1,2.000000,641.370000,412.600000,2.000000,637.235000,419.763000,8.270840,51.527162,1,0.107000,0.955990
SP_R_Yoga_2,openpose,23,0.929251,ok,1,direct,0.672164,13,left_knee,1,1,2.000000,689.690000,536.610000,2.000000,686.222000,529.423000,7.979974,51.527162,1,0.087000,0.938591
SP_R_Yoga_2,openpose,23,0.929251,ok,1,direct,0.672164,14,right_knee,1,1,2.000000,636.320000,531.900000,2.000000,641.190000,527.487000,6.572022,51.527162,1,0.087000,0.957926
SP_R_Yoga_2,openpose,23,0.929251,ok,1,direct,0.672164,15,left_ankle,1,1,2.000000,677.590000,645.200000,2.000000,674.427000,633.344000,12.270668,51.527162,1,0.089000,0.866589
SP_R_Yoga_2,openpose,23,0.929251,ok,1,direct,0.672164,16,right_ankle,1,1,2.000000,649.620000,646.400000,2.000000,647.010000,633.274000,13.382973,51.527162,1,0.089000,0.843389
SP_R_Yoga_2,openpose,24,0.969654,ok,1,direct,0.642991,0,nose,1,1,2.000000,657.580000,223.810000,2.000000,654.849000,223.864000,2.731534,52.023978,1,0.026000,0.921675
SP_R_Yoga_2,openpose,24,0.969654,ok,1,direct,0.642991,1,left_eye,0,0,0.000000,0.000000,0.000000,2.000000,664.633000,212.130000,,,,0.025000,
SP_R_Yoga_2,openpose,24,0.969654,ok,1,direct,0.642991,2,right_eye,0,0,0.000000,0.000000,0.000000,2.000000,646.967000,214.100000,,,,0.025000,
SP_R_Yoga_2,openpose,24,0.969654,ok,1,direct,0.642991,3,left_ear,0,0,0.000000,0.000000,0.000000,2.000000,680.294000,219.882000,,,,0.035000,
SP_R_Yoga_2,openpose,24,0.969654,ok,1,direct,0.642991,4,right_ear,0,0,0.000000,0.000000,0.000000,2.000000,635.200000,223.853000,,,,0.035000,
SP_R_Yoga_2,openpose,24,0.969654,ok,1,direct,0.642991,5,left_shoulder,1,1,2.000000,706.380000,282.400000,2.000000,705.739000,276.800000,5.636566,52.023978,1,0.079000,0.963081
SP_R_Yoga_2,openpose,24,0.969654,ok,1,direct,0.642991,6,right_shoulder,1,1,2.000000,615.720000,285.440000,2.000000,617.620000,282.596000,3.420283,52.023978,1,0.079000,0.986244
SP_R_Yoga_2,openpose,24,0.969654,ok,1,direct,0.642991,7,left_elbow,1,1,2.000000,725.280000,347.850000,2.000000,725.404000,343.307000,4.544692,52.023978,1,0.072000,0.970987
SP_R_Yoga_2,openpose,24,0.969654,ok,1,direct,0.642991,8,right_elbow,1,1,2.000000,599.270000,354.560000,2.000000,598.023000,351.193000,3.590501,52.023978,1,0.072000,0.981791
SP_R_Yoga_2,openpose,24,0.969654,ok,1,direct,0.642991,9,left_wrist,1,1,2.000000,744.220000,409.110000,2.000000,733.172000,398.222000,15.511507,52.023978,1,0.062000,0.629683
SP_R_Yoga_2,openpose,24,0.969654,ok,1,direct,0.642991,10,right_wrist,1,1,2.000000,583.970000,415.450000,2.000000,584.263000,411.916000,3.546125,52.023978,1,0.062000,0.976116
SP_R_Yoga_2,openpose,24,0.969654,ok,1,direct,0.642991,11,left_hip,1,1,2.000000,695.150000,409.150000,2.000000,699.875000,419.716000,11.574367,52.023978,1,0.107000,0.917166
SP_R_Yoga_2,openpose,24,0.969654,ok,1,direct,0.642991,12,right_hip,1,1,2.000000,642.820000,412.600000,2.000000,639.165000,419.801000,8.075483,52.023978,1,0.107000,0.958782
SP_R_Yoga_2,openpose,24,0.969654,ok,1,direct,0.642991,13,left_knee,1,1,2.000000,689.720000,536.490000,2.000000,688.172000,527.546000,9.076973,52.023978,1,0.087000,0.922711
SP_R_Yoga_2,openpose,24,0.969654,ok,1,direct,0.642991,14,right_knee,1,1,2.000000,635.040000,530.800000,2.000000,643.141000,525.568000,9.643652,52.023978,1,0.087000,0.913204
SP_R_Yoga_2,openpose,24,0.969654,ok,1,direct,0.642991,15,left_ankle,1,1,2.000000,677.410000,645.120000,2.000000,676.371000,633.335000,11.830712,52.023978,1,0.089000,0.877589
SP_R_Yoga_2,openpose,24,0.969654,ok,1,direct,0.642991,16,right_ankle,1,1,2.000000,650.170000,646.040000,2.000000,648.933000,629.421000,16.664973,52.023978,1,0.089000,0.771753
SP_R_Yoga_2,openpose,25,1.010056,ok,1,direct,0.640087,0,nose,1,1,2.000000,658.600000,223.810000,2.000000,654.898000,223.835000,3.702084,52.512993,1,0.026000,0.863257
SP_R_Yoga_2,openpose,25,1.010056,ok,1,direct,0.640087,1,left_eye,0,0,0.000000,0.000000,0.000000,2.000000,664.649000,212.083000,,,,0.025000,
SP_R_Yoga_2,openpose,25,1.010056,ok,1,direct,0.640087,2,right_eye,0,0,0.000000,0.000000,0.000000,2.000000,646.996000,214.098000,,,,0.025000,
SP_R_Yoga_2,openpose,25,1.010056,ok,1,direct,0.640087,3,left_ear,0,0,0.000000,0.000000,0.000000,2.000000,680.326000,216.046000,,,,0.035000,
SP_R_Yoga_2,openpose,25,1.010056,ok,1,direct,0.640087,4,right_ear,0,0,0.000000,0.000000,0.000000,2.000000,635.231000,223.837000,,,,0.035000,
SP_R_Yoga_2,openpose,25,1.010056,ok,1,direct,0.640087,5,left_shoulder,1,1,2.000000,708.820000,283.190000,2.000000,707.713000,278.656000,4.667184,52.512993,1,0.079000,0.975004
SP_R_Yoga_2,openpose,25,1.010056,ok,1,direct,0.640087,6,right_shoulder,1,1,2.000000,617.060000,285.830000,2.000000,619.539000,282.637000,4.042362,52.512993,1,0.079000,0.981190
SP_R_Yoga_2,openpose,25,1.010056,ok,1,direct,0.640087,7,left_elbow,1,1,2.000000,727.010000,347.930000,2.000000,729.336000,343.372000,5.117191,52.512993,1,0.072000,0.964028
SP_R_Yoga_2,openpose,25,1.010056,ok,1,direct,0.640087,8,right_elbow,1,1,2.000000,599.900000,354.560000,2.000000,598.077000,351.192000,3.829720,52.512993,1,0.072000,0.979690
SP_R_Yoga_2,openpose,25,1.010056,ok,1,direct,0.640087,9,left_wrist,1,1,2.000000,745.710000,408.720000,2.000000,735.210000,400.157000,13.548984,52.512993,1,0.062000,0.707259
SP_R_Yoga_2,openpose,25,1.010056,ok,1,direct,0.640087,10,right_wrist,1,1,2.000000,582.290000,414.710000,2.000000,584.276000,413.886000,2.150156,52.512993,1,0.062000,0.991315
SP_R_Yoga_2,openpose,25,1.010056,ok,1,direct,0.640087,11,left_hip,1,1,2.000000,695.520000,408.780000,2.000000,699.915000,421.710000,13.656534,52.512993,1,0.107000,0.888569
SP_R_Yoga_2,openpose,25,1.010056,ok,1,direct,0.640087,12,right_hip,1,1,2.000000,644.280000,412.600000,2.000000,639.213000,421.737000,10.447931,52.512993,1,0.107000,0.933187
SP_R_Yoga_2,openpose,25,1.010056,ok,1,direct,0.640087,13,left_knee,1,1,2.000000,689.740000,536.360000,2.000000,688.203000,535.308000,1.862545,52.512993,1,0.087000,0.996681
SP_R_Yoga_2,openpose,25,1.010056,ok,1,direct,0.640087,14,right_knee,1,1,2.000000,633.770000,529.710000,2.000000,641.105000,533.374000,8.199215,52.512993,1,0.087000,0.937614
SP_R_Yoga_2,openpose,25,1.010056,ok,1,direct,0.640087,15,left_ankle,1,1,2.000000,677.240000,645.040000,2.000000,676.400000,637.219000,7.865980,52.512993,1,0.089000,0.944922
SP_R_Yoga_2,openpose,25,1.010056,ok,1,direct,0.640087,16,right_ankle,1,1,2.000000,650.720000,645.670000,2.000000,648.956000,635.219000,10.598825,52.512993,1,0.089000,0.902256
SP_R_Yoga_2,openpose,26,1.050458,ok,1,direct,0.621420,0,nose,1,1,2.000000,659.620000,223.810000,2.000000,658.713000,223.801000,0.907045,52.998830,1,0.026000,0.991372
SP_R_Yoga_2,openpose,26,1.050458,ok,1,direct,0.621420,1,left_eye,0,0,0.000000,0.000000,0.000000,2.000000,666.590000,212.049000,,,,0.025000,
SP_R_Yoga_2,openpose,26,1.050458,ok,1,direct,0.621420,2,right_eye,0,0,0.000000,0.000000,0.000000,2.000000,647.045000,214.077000,,,,0.025000,
SP_R_Yoga_2,openpose,26,1.050458,ok,1,direct,0.621420,3,left_ear,0,0,0.000000,0.000000,0.000000,2.000000,682.267000,217.954000,,,,0.035000,
SP_R_Yoga_2,openpose,26,1.050458,ok,1,direct,0.621420,4,right_ear,0,0,0.000000,0.000000,0.000000,2.000000,635.252000,225.740000,,,,0.035000,
SP_R_Yoga_2,openpose,26,1.050458,ok,1,direct,0.621420,5,left_shoulder,1,1,2.000000,711.260000,283.980000,2.000000,709.709000,278.753000,5.452259,52.998830,1,0.079000,0.966653
SP_R_Yoga_2,openpose,26,1.050458,ok,1,direct,0.621420,6,right_shoulder,1,1,2.000000,618.400000,286.230000,2.000000,621.548000,282.661000,4.758956,52.998830,1,0.079000,0.974492
SP_R_Yoga_2,openpose,26,1.050458,ok,1,direct,0.621420,7,left_elbow,1,1,2.000000,728.750000,348.010000,2.000000,731.262000,347.261000,2.621287,52.998830,1,0.072000,0.990607
SP_R_Yoga_2,openpose,26,1.050458,ok,1,direct,0.621420,8,right_elbow,1,1,2.000000,600.530000,354.560000,2.000000,599.959000,351.135000,3.472271,52.998830,1,0.072000,0.983576
SP_R_Yoga_2,openpose,26,1.050458,ok,1,direct,0.621420,9,left_wrist,1,1,2.000000,747.210000,408.320000,2.000000,737.149000,398.214000,14.260258,52.998830,1,0.062000,0.686138
SP_R_Yoga_2,openpose,26,1.050458,ok,1,direct,0.621420,10,right_wrist,1,1,2.000000,580.610000,413.970000,2.000000,580.389000,413.836000,0.258451,52.998830,1,0.062000,0.999876
SP_R_Yoga_2,openpose,26,1.050458,ok,1,direct,0.621420,11,left_hip,1,1,2.000000,695.890000,408.410000,2.000000,699.934000,421.719000,13.909832,52.998830,1,0.107000,0.886628
SP_R_Yoga_2,openpose,26,1.050458,ok,1,direct,0.621420,12,right_hip,1,1,2.000000,645.740000,412.600000,2.000000,641.154000,421.757000,10.241194,52.998830,1,0.107000,0.936854
SP_R_Yoga_2,openpose,26,1.050458,ok,1,direct,0.621420,13,left_knee,1,1,2.000000,689.770000,536.240000,2.000000,690.154000,533.419000,2.847015,52.998830,1,0.087000,0.992404
SP_R_Yoga_2,openpose,26,1.050458,ok,1,direct,0.621420,14,right_knee,1,1,2.000000,632.490000,528.620000,2.000000,639.145000,529.497000,6.712537,52.998830,1,0.087000,0.958499
SP_R_Yoga_2,openpose,26,1.050458,ok,1,direct,0.621420,15,left_ankle,1,1,2.000000,677.070000,644.960000,2.000000,678.337000,639.160000,5.936774,52.998830,1,0.089000,0.968814
SP_R_Yoga_2,openpose,26,1.050458,ok,1,direct,0.621420,16,right_ankle,1,1,2.000000,651.260000,645.310000,2.000000,647.002000,633.320000,12.723626,52.998830,1,0.089000,0.864568
SP_R_Yoga_2,openpose,27,1.090860,ok,1,direct,0.623547,0,nose,1,1,2.000000,660.720000,223.810000,2.000000,660.751000,223.769000,0.051400,54.547677,1,0.026000,0.999974
SP_R_Yoga_2,openpose,27,1.090860,ok,1,direct,0.623547,1,left_eye,0,0,0.000000,0.000000,0.000000,2.000000,668.519000,210.170000,,,,0.025000,
SP_R_Yoga_2,openpose,27,1.090860,ok,1,direct,0.623547,2,right_eye,0,0,0.000000,0.000000,0.000000,2.000000,648.977000,214.077000,,,,0.025000,
SP_R_Yoga_2,openpose,27,1.090860,ok,1,direct,0.623547,3,left_ear,0,0,0.000000,0.000000,0.000000,2.000000,682.276000,214.069000,,,,0.035000,
SP_R_Yoga_2,openpose,27,1.090860,ok,1,direct,0.623547,4,right_ear,0,0,0.000000,0.000000,0.000000,2.000000,635.267000,225.728000,,,,0.035000,
SP_R_Yoga_2,openpose,27,1.090860,ok,1,direct,0.623547,5,left_shoulder,1,1,2.000000,712.600000,284.540000,2.000000,709.753000,278.661000,6.532079,54.547677,1,0.079000,0.955086
SP_R_Yoga_2,openpose,27,1.090860,ok,1,direct,0.623547,6,right_shoulder,1,1,2.000000,619.600000,286.230000,2.000000,621.574000,282.605000,4.127627,54.547677,1,0.079000,0.981818
SP_R_Yoga_2,openpose,27,1.090860,ok,1,direct,0.623547,7,left_elbow,1,1,2.000000,730.390000,346.260000,2.000000,733.232000,345.291000,3.002653,54.547677,1,0.072000,0.988378
SP_R_Yoga_2,openpose,27,1.090860,ok,1,direct,0.623547,8,right_elbow,1,1,2.000000,599.440000,354.340000,2.000000,601.923000,351.183000,4.016458,54.547677,1,0.072000,0.979300
SP_R_Yoga_2,openpose,27,1.090860,ok,1,direct,0.623547,9,left_wrist,1,1,2.000000,751.910000,403.730000,2.000000,746.910000,398.216000,7.443399,54.547677,1,0.062000,0.907664
SP_R_Yoga_2,openpose,27,1.090860,ok,1,direct,0.623547,10,right_wrist,1,1,2.000000,575.250000,413.100000,2.000000,578.487000,410.004000,4.479217,54.547677,1,0.062000,0.965525
SP_R_Yoga_2,openpose,27,1.090860,ok,1,direct,0.623547,11,left_hip,1,1,2.000000,696.250000,408.050000,2.000000,701.913000,423.676000,16.620513,54.547677,1,0.107000,0.850288
SP_R_Yoga_2,openpose,27,1.090860,ok,1,direct,0.623547,12,right_hip,1,1,2.000000,646.520000,411.330000,2.000000,643.096000,423.711000,12.845736,54.547677,1,0.107000,0.907666
SP_R_Yoga_2,openpose,27,1.090860,ok,1,direct,0.623547,13,left_knee,1,1,2.000000,689.790000,536.120000,2.000000,688.207000,537.267000,1.954865,54.547677,1,0.087000,0.996612
SP_R_Yoga_2,openpose,27,1.090860,ok,1,direct,0.623547,14,right_knee,1,1,2.000000,626.260000,521.290000,2.000000,637.169000,531.444000,14.903355,54.547677,1,0.087000,0.820989
SP_R_Yoga_2,openpose,27,1.090860,ok,1,direct,0.623547,15,left_ankle,1,1,2.000000,676.890000,644.880000,2.000000,674.464000,639.132000,6.238989,54.547677,1,0.089000,0.967508
SP_R_Yoga_2,openpose,27,1.090860,ok,1,direct,0.623547,16,right_ankle,1,1,2.000000,651.370000,630.330000,2.000000,641.145000,631.366000,10.277350,54.547677,1,0.089000,0.914268
SP_R_Yoga_2,openpose,28,1.131263,ok,1,direct,0.594388,0,nose,1,1,2.000000,661.810000,223.810000,2.000000,662.705000,223.810000,0.895000,56.074636,1,0.026000,0.992491
SP_R_Yoga_2,openpose,28,1.131263,ok,1,direct,0.594388,1,left_eye,0,0,0.000000,0.000000,0.000000,2.000000,670.535000,210.197000,,,,0.025000,
SP_R_Yoga_2,openpose,28,1.131263,ok,1,direct,0.594388,2,right_eye,0,0,0.000000,0.000000,0.000000,2.000000,650.921000,214.086000,,,,0.025000,
SP_R_Yoga_2,openpose,28,1.131263,ok,1,direct,0.594388,3,left_ear,0,0,0.000000,0.000000,0.000000,2.000000,686.151000,216.010000,,,,0.035000,
SP_R_Yoga_2,openpose,28,1.131263,ok,1,direct,0.594388,4,right_ear,0,0,0.000000,0.000000,0.000000,2.000000,637.219000,225.729000,,,,0.035000,
SP_R_Yoga_2,openpose,28,1.131263,ok,1,direct,0.594388,5,left_shoulder,1,1,2.000000,713.940000,285.100000,2.000000,713.633000,278.737000,6.370402,56.074636,1,0.079000,0.959484
SP_R_Yoga_2,openpose,28,1.131263,ok,1,direct,0.594388,6,right_shoulder,1,1,2.000000,620.810000,286.230000,2.000000,625.448000,282.664000,5.850419,56.074636,1,0.079000,0.965718
SP_R_Yoga_2,openpose,28,1.131263,ok,1,direct,0.594388,7,left_elbow,1,1,2.000000,732.030000,344.510000,2.000000,737.150000,345.327000,5.184775,56.074636,1,0.072000,0.967555
SP_R_Yoga_2,openpose,28,1.131263,ok,1,direct,0.594388,8,right_elbow,1,1,2.000000,598.350000,354.120000,2.000000,603.872000,355.058000,5.601101,56.074636,1,0.072000,0.962239
SP_R_Yoga_2,openpose,28,1.131263,ok,1,direct,0.594388,9,left_wrist,1,1,2.000000,756.620000,399.140000,2.000000,737.162000,400.159000,19.484664,56.074636,1,0.062000,0.533550
SP_R_Yoga_2,openpose,28,1.131263,ok,1,direct,0.594388,10,right_wrist,1,1,2.000000,569.900000,412.220000,2.000000,574.591000,411.917000,4.700775,56.074636,1,0.062000,0.964096
SP_R_Yoga_2,openpose,28,1.131263,ok,1,direct,0.594388,11,left_hip,1,1,2.000000,696.620000,407.680000,2.000000,703.834000,423.630000,17.505550,56.074636,1,0.107000,0.843456
SP_R_Yoga_2,openpose,28,1.131263,ok,1,direct,0.594388,12,right_hip,1,1,2.000000,647.300000,410.070000,2.000000,644.997000,421.731000,11.886241,56.074636,1,0.107000,0.924511
SP_R_Yoga_2,openpose,28,1.131263,ok,1,direct,0.594388,13,left_knee,1,1,2.000000,689.820000,535.990000,2.000000,690.129000,533.410000,2.598438,56.074636,1,0.087000,0.994342
SP_R_Yoga_2,openpose,28,1.131263,ok,1,direct,0.594388,14,right_knee,1,1,2.000000,620.030000,513.960000,2.000000,633.314000,523.608000,16.417934,56.074636,1,0.087000,0.797308
SP_R_Yoga_2,openpose,28,1.131263,ok,1,direct,0.594388,15,left_ankle,1,1,2.000000,676.720000,644.810000,2.000000,676.380000,637.190000,7.627582,56.074636,1,0.089000,0.954356
SP_R_Yoga_2,openpose,28,1.131263,ok,1,direct,0.594388,16,right_ankle,1,1,2.000000,651.480000,615.340000,2.000000,639.164000,627.446000,17.269600,56.074636,1,0.089000,0.787032
SP_R_Yoga_2,openpose,29,1.171665,ok,1,direct,0.598381,0,nose,1,1,2.000000,662.910000,223.810000,2.000000,664.706000,223.811000,1.796000,57.559930,1,0.026000,0.971607
SP_R_Yoga_2,openpose,29,1.171665,ok,1,direct,0.598381,1,left_eye,0,0,0.000000,0.000000,0.000000,2.000000,672.489000,212.031000,,,,0.025000,
SP_R_Yoga_2,openpose,29,1.171665,ok,1,direct,0.598381,2,right_eye,0,0,0.000000,0.000000,0.000000,2.000000,652.921000,215.954000,,,,0.025000,
SP_R_Yoga_2,openpose,29,1.171665,ok,1,direct,0.598381,3,left_ear,0,0,0.000000,0.000000,0.000000,2.000000,686.195000,215.972000,,,,0.035000,
SP_R_Yoga_2,openpose,29,1.171665,ok,1,direct,0.598381,4,right_ear,0,0,0.000000,0.000000,0.000000,2.000000,639.206000,225.727000,,,,0.035000,
SP_R_Yoga_2,openpose,29,1.171665,ok,1,direct,0.598381,5,left_shoulder,1,1,2.000000,715.270000,285.670000,2.000000,713.658000,278.672000,7.181264,57.559930,1,0.079000,0.951342
SP_R_Yoga_2,openpose,29,1.171665,ok,1,direct,0.598381,6,right_shoulder,1,1,2.000000,622.010000,286.230000,2.000000,625.431000,282.624000,4.970561,57.559930,1,0.079000,0.976386
SP_R_Yoga_2,openpose,29,1.171665,ok,1,direct,0.598381,7,left_elbow,1,1,2.000000,733.670000,342.760000,2.000000,737.146000,343.347000,3.525216,57.559930,1,0.072000,0.985633
SP_R_Yoga_2,openpose,29,1.171665,ok,1,direct,0.598381,8,right_elbow,1,1,2.000000,597.250000,353.900000,2.000000,605.831000,353.168000,8.612165,57.559930,1,0.072000,0.917257
SP_R_Yoga_2,openpose,29,1.171665,ok,1,direct,0.598381,9,left_wrist,1,1,2.000000,761.320000,394.550000,2.000000,758.689000,392.293000,3.466441,57.559930,1,0.062000,0.981307
SP_R_Yoga_2,openpose,29,1.171665,ok,1,direct,0.598381,10,right_wrist,1,1,2.000000,564.540000,411.350000,2.000000,578.461000,407.982000,14.322628,57.559930,1,0.062000,0.724593
SP_R_Yoga_2,openpose,29,1.171665,ok,1,direct,0.598381,11,left_hip,1,1,2.000000,696.980000,407.310000,2.000000,705.750000,419.744000,15.215691,57.559930,1,0.107000,0.885087
SP_R_Yoga_2,openpose,29,1.171665,ok,1,direct,0.598381,12,right_hip,1,1,2.000000,648.080000,408.800000,2.000000,643.049000,419.753000,12.053181,57.559930,1,0.107000,0.926261
SP_R_Yoga_2,openpose,29,1.171665,ok,1,direct,0.598381,13,left_knee,1,1,2.000000,689.840000,535.870000,2.000000,692.121000,529.448000,6.815060,57.559930,1,0.087000,0.963636
SP_R_Yoga_2,openpose,29,1.171665,ok,1,direct,0.598381,14,right_knee,1,1,2.000000,613.800000,506.640000,2.000000,623.468000,513.761000,12.007450,57.559930,1,0.087000,0.891377
SP_R_Yoga_2,openpose,29,1.171665,ok,1,direct,0.598381,15,left_ankle,1,1,2.000000,676.550000,644.730000,2.000000,676.434000,631.330000,13.400502,57.559930,1,0.089000,0.872099
SP_R_Yoga_2,openpose,29,1.171665,ok,1,direct,0.598381,16,right_ankle,1,1,2.000000,651.590000,600.360000,2.000000,639.164000,613.679000,18.215412,57.559930,1,0.089000,0.776573
SP_R_Yoga_2,openpose,30,1.212067,ok,1,direct,0.606742,0,nose,1,1,2.000000,664.000000,223.810000,2.000000,664.667000,223.833000,0.667396,59.007303,1,0.026000,0.996222
SP_R_Yoga_2,openpose,30,1.212067,ok,1,direct,0.606742,1,left_eye,0,0,0.000000,0.000000,0.000000,2.000000,674.456000,212.144000,,,,0.025000,
SP_R_Yoga_2,openpose,30,1.212067,ok,1,direct,0.606742,2,right_eye,0,0,0.000000,0.000000,0.000000,2.000000,652.941000,214.057000,,,,0.025000,
SP_R_Yoga_2,openpose,30,1.212067,ok,1,direct,0.606742,3,left_ear,0,0,0.000000,0.000000,0.000000,2.000000,688.156000,221.847000,,,,0.035000,
SP_R_Yoga_2,openpose,30,1.212067,ok,1,direct,0.606742,4,right_ear,0,0,0.000000,0.000000,0.000000,2.000000,639.226000,223.890000,,,,0.035000,
SP_R_Yoga_2,openpose,30,1.212067,ok,1,direct,0.606742,5,left_shoulder,1,1,2.000000,716.610000,286.230000,2.000000,713.590000,280.706000,6.295632,59.007303,1,0.079000,0.964178
SP_R_Yoga_2,openpose,30,1.212067,ok,1,direct,0.606742,6,right_shoulder,1,1,2.000000,623.210000,286.220000,2.000000,623.536000,286.533000,0.451935,59.007303,1,0.079000,0.999812
SP_R_Yoga_2,openpose,30,1.212067,ok,1,direct,0.606742,7,left_elbow,1,1,2.000000,735.310000,341.010000,2.000000,739.137000,343.382000,4.502479,59.007303,1,0.072000,0.977788
SP_R_Yoga_2,openpose,30,1.212067,ok,1,direct,0.606742,8,right_elbow,1,1,2.000000,596.160000,353.690000,2.000000,603.907000,357.098000,8.463479,59.007303,1,0.072000,0.923699
SP_R_Yoga_2,openpose,30,1.212067,ok,1,direct,0.606742,9,left_wrist,1,1,2.000000,766.020000,389.950000,2.000000,764.545000,390.334000,1.524166,59.007303,1,0.062000,0.996535
SP_R_Yoga_2,openpose,30,1.212067,ok,1,direct,0.606742,10,right_wrist,1,1,2.000000,559.180000,410.470000,2.000000,586.277000,419.740000,28.638790,59.007303,1,0.062000,0.293585
SP_R_Yoga_2,openpose,30,1.212067,ok,1,direct,0.606742,11,left_hip,1,1,2.000000,697.350000,406.950000,2.000000,701.893000,419.727000,13.560626,59.007303,1,0.107000,0.911869
SP_R_Yoga_2,openpose,30,1.212067,ok,1,direct,0.606742,12,right_hip,1,1,2.000000,648.850000,407.540000,2.000000,639.201000,417.810000,14.091703,59.007303,1,0.107000,0.905175
SP_R_Yoga_2,openpose,30,1.212067,ok,1,direct,0.606742,13,left_knee,1,1,2.000000,689.870000,535.740000,2.000000,692.115000,525.578000,10.407030,59.007303,1,0.087000,0.921094
SP_R_Yoga_2,openpose,30,1.212067,ok,1,direct,0.606742,14,right_knee,1,1,2.000000,607.560000,499.310000,2.000000,617.627000,502.016000,10.424343,59.007303,1,0.087000,0.920842
SP_R_Yoga_2,openpose,30,1.212067,ok,1,direct,0.606742,15,left_ankle,1,1,2.000000,676.370000,644.650000,2.000000,680.295000,629.416000,15.731509,59.007303,1,0.089000,0.835717
SP_R_Yoga_2,openpose,30,1.212067,ok,1,direct,0.606742,16,right_ankle,1,1,2.000000,651.700000,585.380000,2.000000,643.108000,584.357000,8.652687,59.007303,1,0.089000,0.947155
SP_R_Yoga_2,openpose,31,1.252469,ok,1,direct,0.552351,0,nose,1,1,2.000000,665.090000,223.810000,2.000000,666.545000,223.864000,1.456002,60.419482,1,0.026000,0.982966
SP_R_Yoga_2,openpose,31,1.252469,ok,1,direct,0.552351,1,left_eye,0,0,0.000000,0.000000,0.000000,2.000000,676.377000,212.166000,,,,0.025000,
SP_R_Yoga_2,openpose,31,1.252469,ok,1,direct,0.552351,2,right_eye,0,0,0.000000,0.000000,0.000000,2.000000,654.807000,214.119000,,,,0.025000,
SP_R_Yoga_2,openpose,31,1.252469,ok,1,direct,0.552351,3,left_ear,0,0,0.000000,0.000000,0.000000,2.000000,688.214000,221.835000,,,,0.035000,
SP_R_Yoga_2,openpose,31,1.252469,ok,1,direct,0.552351,4,right_ear,0,0,0.000000,0.000000,0.000000,2.000000,641.125000,225.755000,,,,0.035000,
SP_R_Yoga_2,openpose,31,1.252469,ok,1,direct,0.552351,5,left_shoulder,1,1,2.000000,717.940000,286.790000,2.000000,713.654000,280.633000,7.501896,60.419482,1,0.079000,0.951796
SP_R_Yoga_2,openpose,31,1.252469,ok,1,direct,0.552351,6,right_shoulder,1,1,2.000000,624.410000,286.220000,2.000000,625.516000,284.585000,1.973946,60.419482,1,0.079000,0.996585
SP_R_Yoga_2,openpose,31,1.252469,ok,1,direct,0.552351,7,left_elbow,1,1,2.000000,736.950000,339.260000,2.000000,742.978000,345.275000,8.515692,60.419482,1,0.072000,0.926224
SP_R_Yoga_2,openpose,31,1.252469,ok,1,direct,0.552351,8,right_elbow,1,1,2.000000,595.070000,353.470000,2.000000,603.946000,355.119000,9.027878,60.419482,1,0.072000,0.917470
SP_R_Yoga_2,openpose,31,1.252469,ok,1,direct,0.552351,9,left_wrist,1,1,2.000000,770.720000,385.360000,2.000000,760.649000,376.696000,13.284952,60.419482,1,0.062000,0.777600
SP_R_Yoga_2,openpose,31,1.252469,ok,1,direct,0.552351,10,right_wrist,1,1,2.000000,553.820000,409.600000,2.000000,560.808000,402.094000,10.255349,60.419482,1,0.062000,0.860796
SP_R_Yoga_2,openpose,31,1.252469,ok,1,direct,0.552351,11,left_hip,1,1,2.000000,697.720000,406.580000,2.000000,703.846000,417.767000,12.754483,60.419482,1,0.107000,0.925107
SP_R_Yoga_2,openpose,31,1.252469,ok,1,direct,0.552351,12,right_hip,1,1,2.000000,649.630000,406.270000,2.000000,643.095000,413.883000,10.033145,60.419482,1,0.107000,0.952971
SP_R_Yoga_2,openpose,31,1.252469,ok,1,direct,0.552351,13,left_knee,1,1,2.000000,689.890000,535.620000,2.000000,692.121000,527.505000,8.416091,60.419482,1,0.087000,0.950023
SP_R_Yoga_2,openpose,31,1.252469,ok,1,direct,0.552351,14,right_knee,1,1,2.000000,601.330000,491.980000,2.000000,605.902000,490.293000,4.873310,60.419482,1,0.087000,0.982957
SP_R_Yoga_2,openpose,31,1.252469,ok,1,direct,0.552351,15,left_ankle,1,1,2.000000,676.200000,644.570000,2.000000,678.349000,631.372000,13.371814,60.419482,1,0.089000,0.883668
SP_R_Yoga_2,openpose,31,1.252469,ok,1,direct,0.552351,16,right_ankle,1,1,2.000000,651.810000,570.400000,2.000000,635.227000,586.288000,22.965723,60.419482,1,0.089000,0.694335
SP_R_Yoga_2,openpose,32,1.292872,ok,1,direct,0.581694,0,nose,1,1,2.000000,666.310000,224.270000,2.000000,666.571000,223.858000,0.487714,63.345061,1,0.026000,0.998248
SP_R_Yoga_2,openpose,32,1.292872,ok,1,direct,0.581694,1,left_eye,0,0,0.000000,0.000000,0.000000,2.000000,676.382000,212.154000,,,,0.025000,
SP_R_Yoga_2,openpose,32,1.292872,ok,1,direct,0.581694,2,right_eye,0,0,0.000000,0.000000,0.000000,2.000000,654.875000,215.958000,,,,0.025000,
SP_R_Yoga_2,openpose,32,1.292872,ok,1,direct,0.581694,3,left_ear,0,0,0.000000,0.000000,0.000000,2.000000,690.077000,219.922000,,,,0.035000,
SP_R_Yoga_2,openpose,32,1.292872,ok,1,direct,0.581694,4,right_ear,0,0,0.000000,0.000000,0.000000,2.000000,643.065000,225.730000,,,,0.035000,
SP_R_Yoga_2,openpose,32,1.292872,ok,1,direct,0.581694,5,left_shoulder,1,1,2.000000,719.280000,287.350000,2.000000,713.650000,280.611000,8.781288,63.345061,1,0.079000,0.940274
SP_R_Yoga_2,openpose,32,1.292872,ok,1,direct,0.581694,6,right_shoulder,1,1,2.000000,624.640000,285.990000,2.000000,627.442000,284.581000,3.136317,63.345061,1,0.079000,0.992175
SP_R_Yoga_2,openpose,32,1.292872,ok,1,direct,0.581694,7,left_elbow,1,1,2.000000,744.170000,334.760000,2.000000,744.984000,337.510000,2.867943,63.345061,1,0.072000,0.992123
SP_R_Yoga_2,openpose,32,1.292872,ok,1,direct,0.581694,8,right_elbow,1,1,2.000000,590.010000,348.560000,2.000000,603.954000,357.083000,16.342480,63.345061,1,0.072000,0.773532
SP_R_Yoga_2,openpose,32,1.292872,ok,1,direct,0.581694,9,left_wrist,1,1,2.000000,781.000000,376.820000,2.000000,782.180000,366.847000,10.042566,63.345061,1,0.062000,0.877419
SP_R_Yoga_2,openpose,32,1.292872,ok,1,direct,0.581694,10,right_wrist,1,1,2.000000,542.280000,399.160000,2.000000,549.105000,400.202000,6.904085,63.345061,1,0.062000,0.940065
SP_R_Yoga_2,openpose,32,1.292872,ok,1,direct,0.581694,11,left_hip,1,1,2.000000,698.080000,406.210000,2.000000,703.834000,415.810000,11.192342,63.345061,1,0.107000,0.946925
SP_R_Yoga_2,openpose,32,1.292872,ok,1,direct,0.581694,12,right_hip,1,1,2.000000,650.410000,405.010000,2.000000,643.065000,411.932000,10.092726,63.345061,1,0.107000,0.956623
SP_R_Yoga_2,openpose,32,1.292872,ok,1,direct,0.581694,13,left_knee,1,1,2.000000,689.920000,535.490000,2.000000,694.006000,523.583000,12.588568,63.345061,1,0.087000,0.900904
SP_R_Yoga_2,openpose,32,1.292872,ok,1,direct,0.581694,14,right_knee,1,1,2.000000,596.110000,481.700000,2.000000,599.944000,470.645000,11.700965,63.345061,1,0.087000,0.913786
SP_R_Yoga_2,openpose,32,1.292872,ok,1,direct,0.581694,15,left_ankle,1,1,2.000000,676.030000,644.490000,2.000000,680.317000,629.379000,15.707345,63.345061,1,0.089000,0.856202
SP_R_Yoga_2,openpose,32,1.292872,ok,1,direct,0.581694,16,right_ankle,1,1,2.000000,649.120000,560.120000,2.000000,635.282000,566.715000,15.329197,63.345061,1,0.089000,0.862548
SP_R_Yoga_2,openpose,33,1.333274,ok,1,direct,0.589399,0,nose,1,1,2.000000,667.530000,224.730000,2.000000,666.628000,223.875000,1.242831,66.135505,1,0.026000,0.989606
SP_R_Yoga_2,openpose,33,1.333274,ok,1,direct,0.589399,1,left_eye,0,0,0.000000,0.000000,0.000000,2.000000,678.295000,214.017000,,,,0.025000,
SP_R_Yoga_2,openpose,33,1.333274,ok,1,direct,0.589399,2,right_eye,0,0,0.000000,0.000000,0.000000,2.000000,656.780000,214.104000,,,,0.025000,
SP_R_Yoga_2,openpose,33,1.333274,ok,1,direct,0.589399,3,left_ear,0,0,0.000000,0.000000,0.000000,2.000000,690.154000,221.903000,,,,0.035000,
SP_R_Yoga_2,openpose,33,1.333274,ok,1,direct,0.589399,4,right_ear,0,0,0.000000,0.000000,0.000000,2.000000,643.133000,225.740000,,,,0.035000,
SP_R_Yoga_2,openpose,33,1.333274,ok,1,direct,0.589399,5,left_shoulder,1,1,2.000000,720.610000,287.920000,2.000000,713.611000,280.622000,10.111716,66.135505,1,0.079000,0.927824
SP_R_Yoga_2,openpose,33,1.333274,ok,1,direct,0.589399,6,right_shoulder,1,1,2.000000,624.870000,285.750000,2.000000,629.373000,284.525000,4.666651,66.135505,1,0.079000,0.984171
SP_R_Yoga_2,openpose,33,1.333274,ok,1,direct,0.589399,7,left_elbow,1,1,2.000000,751.400000,330.270000,2.000000,750.826000,333.493000,3.273714,66.135505,1,0.072000,0.990591
SP_R_Yoga_2,openpose,33,1.333274,ok,1,direct,0.589399,8,right_elbow,1,1,2.000000,584.940000,343.660000,2.000000,601.939000,353.117000,19.452528,66.135505,1,0.072000,0.716218
SP_R_Yoga_2,openpose,33,1.333274,ok,1,direct,0.589399,9,left_wrist,1,1,2.000000,791.280000,368.280000,2.000000,793.913000,358.969000,9.676126,66.135505,1,0.062000,0.894605
SP_R_Yoga_2,openpose,33,1.333274,ok,1,direct,0.589399,10,right_wrist,1,1,2.000000,530.730000,388.720000,2.000000,547.099000,384.505000,16.902970,66.135505,1,0.062000,0.711868
SP_R_Yoga_2,openpose,33,1.333274,ok,1,direct,0.589399,11,left_hip,1,1,2.000000,698.450000,405.850000,2.000000,703.870000,417.791000,13.113500,66.135505,1,0.107000,0.933625
SP_R_Yoga_2,openpose,33,1.333274,ok,1,direct,0.589399,12,right_hip,1,1,2.000000,651.190000,403.740000,2.000000,643.082000,411.886000,11.493345,66.135505,1,0.107000,0.948610
SP_R_Yoga_2,openpose,33,1.333274,ok,1,direct,0.589399,13,left_knee,1,1,2.000000,689.940000,535.370000,2.000000,693.978000,527.483000,8.860599,66.135505,1,0.087000,0.953678
SP_R_Yoga_2,openpose,33,1.333274,ok,1,direct,0.589399,14,right_knee,1,1,2.000000,590.890000,471.420000,2.000000,592.211000,460.939000,10.563920,66.135505,1,0.087000,0.934805
SP_R_Yoga_2,openpose,33,1.333274,ok,1,direct,0.589399,15,left_ankle,1,1,2.000000,675.850000,644.410000,2.000000,680.301000,631.332000,13.814684,66.135505,1,0.089000,0.895682
SP_R_Yoga_2,openpose,33,1.333274,ok,1,direct,0.589399,16,right_ankle,1,1,2.000000,646.430000,549.840000,2.000000,629.425000,554.944000,17.754460,66.135505,1,0.089000,0.833628
SP_R_Yoga_2,openpose,34,1.373676,ok,1,direct,0.582175,0,nose,1,1,2.000000,668.750000,225.180000,2.000000,666.648000,223.854000,2.485293,68.805635,1,0.026000,0.962135
SP_R_Yoga_2,openpose,34,1.373676,ok,1,direct,0.582175,1,left_eye,0,0,0.000000,0.000000,0.000000,2.000000,678.308000,214.003000,,,,0.025000,
SP_R_Yoga_2,openpose,34,1.373676,ok,1,direct,0.582175,2,right_eye,0,0,0.000000,0.000000,0.000000,2.000000,656.829000,214.099000,,,,0.025000,
SP_R_Yoga_2,openpose,34,1.373676,ok,1,direct,0.582175,3,left_ear,0,0,0.000000,0.000000,0.000000,2.000000,692.009000,221.883000,,,,0.035000,
SP_R_Yoga_2,openpose,34,1.373676,ok,1,direct,0.582175,4,right_ear,0,0,0.000000,0.000000,0.000000,2.000000,645.051000,225.735000,,,,0.035000,
SP_R_Yoga_2,openpose,34,1.373676,ok,1,direct,0.582175,5,left_shoulder,1,1,2.000000,721.950000,288.480000,2.000000,713.621000,278.744000,12.812569,68.805635,1,0.079000,0.894830
SP_R_Yoga_2,openpose,34,1.373676,ok,1,direct,0.582175,6,right_shoulder,1,1,2.000000,625.100000,285.510000,2.000000,629.397000,284.586000,4.395223,68.805635,1,0.079000,0.987009
SP_R_Yoga_2,openpose,34,1.373676,ok,1,direct,0.582175,7,left_elbow,1,1,2.000000,758.620000,325.770000,2.000000,758.728000,327.646000,1.879106,68.805635,1,0.072000,0.997127
SP_R_Yoga_2,openpose,34,1.373676,ok,1,direct,0.582175,8,right_elbow,1,1,2.000000,579.880000,338.760000,2.000000,603.922000,355.092000,29.064617,68.805635,1,0.072000,0.502375
SP_R_Yoga_2,openpose,34,1.373676,ok,1,direct,0.582175,9,left_wrist,1,1,2.000000,801.560000,359.740000,2.000000,799.846000,355.050000,4.993385,68.805635,1,0.062000,0.972970
SP_R_Yoga_2,openpose,34,1.373676,ok,1,direct,0.582175,10,right_wrist,1,1,2.000000,519.190000,378.280000,2.000000,533.383000,382.510000,14.809934,68.805635,1,0.062000,0.785803
SP_R_Yoga_2,openpose,34,1.373676,ok,1,direct,0.582175,11,left_hip,1,1,2.000000,698.820000,405.480000,2.000000,705.763000,417.839000,14.175688,68.805635,1,0.107000,0.928534
SP_R_Yoga_2,openpose,34,1.373676,ok,1,direct,0.582175,12,right_hip,1,1,2.000000,651.970000,402.480000,2.000000,645.012000,409.963000,10.218075,68.805635,1,0.107000,0.962207
SP_R_Yoga_2,openpose,34,1.373676,ok,1,direct,0.582175,13,left_knee,1,1,2.000000,689.970000,535.250000,2.000000,692.062000,529.500000,6.118739,68.805635,1,0.087000,0.979321
SP_R_Yoga_2,openpose,34,1.373676,ok,1,direct,0.582175,14,right_knee,1,1,2.000000,585.670000,461.150000,2.000000,586.282000,453.039000,8.134056,68.805635,1,0.087000,0.963745
SP_R_Yoga_2,openpose,34,1.373676,ok,1,direct,0.582175,15,left_ankle,1,1,2.000000,675.680000,644.330000,2.000000,676.436000,633.288000,11.067850,68.805635,1,0.089000,0.936756
SP_R_Yoga_2,openpose,34,1.373676,ok,1,direct,0.582175,16,right_ankle,1,1,2.000000,643.740000,539.560000,2.000000,627.458000,547.078000,17.933874,68.805635,1,0.089000,0.842372
SP_R_Yoga_2,openpose,35,1.414078,ok,1,direct,0.587182,0,nose,1,1,2.000000,669.970000,225.640000,2.000000,666.654000,223.878000,3.755063,71.369787,1,0.026000,0.921363
SP_R_Yoga_2,openpose,35,1.414078,ok,1,direct,0.587182,1,left_eye,0,0,0.000000,0.000000,0.000000,2.000000,678.313000,214.022000,,,,0.025000,
SP_R_Yoga_2,openpose,35,1.414078,ok,1,direct,0.587182,2,right_eye,0,0,0.000000,0.000000,0.000000,2.000000,656.849000,214.106000,,,,0.025000,
SP_R_Yoga_2,openpose,35,1.414078,ok,1,direct,0.587182,3,left_ear,0,0,0.000000,0.000000,0.000000,2.000000,692.031000,221.843000,,,,0.035000,
SP_R_Yoga_2,openpose,35,1.414078,ok,1,direct,0.587182,4,right_ear,0,0,0.000000,0.000000,0.000000,2.000000,645.066000,223.854000,,,,0.035000,
SP_R_Yoga_2,openpose,35,1.414078,ok,1,direct,0.587182,5,left_shoulder,1,1,2.000000,723.280000,289.040000,2.000000,715.599000,278.693000,12.886356,71.369787,1,0.079000,0.900798
SP_R_Yoga_2,openpose,35,1.414078,ok,1,direct,0.587182,6,right_shoulder,1,1,2.000000,625.330000,285.280000,2.000000,631.367000,282.617000,6.598253,71.369787,1,0.079000,0.972981
SP_R_Yoga_2,openpose,35,1.414078,ok,1,direct,0.587182,7,left_elbow,1,1,2.000000,765.850000,321.280000,2.000000,766.502000,321.746000,0.801411,71.369787,1,0.072000,0.999514
SP_R_Yoga_2,openpose,35,1.414078,ok,1,direct,0.587182,8,right_elbow,1,1,2.000000,574.820000,333.860000,2.000000,588.206000,337.424000,13.852332,71.369787,1,0.072000,0.864729
SP_R_Yoga_2,openpose,35,1.414078,ok,1,direct,0.587182,9,left_wrist,1,1,2.000000,811.840000,351.200000,2.000000,809.655000,347.279000,4.488704,71.369787,1,0.062000,0.979630
SP_R_Yoga_2,openpose,35,1.414078,ok,1,direct,0.587182,10,right_wrist,1,1,2.000000,507.640000,367.850000,2.000000,525.571000,360.992000,19.197732,71.369787,1,0.062000,0.686287
SP_R_Yoga_2,openpose,35,1.414078,ok,1,direct,0.587182,11,left_hip,1,1,2.000000,699.180000,405.120000,2.000000,705.806000,415.835000,12.598218,71.369787,1,0.107000,0.947023
SP_R_Yoga_2,openpose,35,1.414078,ok,1,direct,0.587182,12,right_hip,1,1,2.000000,652.750000,401.210000,2.000000,643.132000,406.023000,10.755040,71.369787,1,0.107000,0.961107
SP_R_Yoga_2,openpose,35,1.414078,ok,1,direct,0.587182,13,left_knee,1,1,2.000000,689.990000,535.120000,2.000000,692.035000,529.478000,6.001182,71.369787,1,0.087000,0.981491
SP_R_Yoga_2,openpose,35,1.414078,ok,1,direct,0.587182,14,right_knee,1,1,2.000000,580.450000,450.870000,2.000000,584.352000,443.292000,8.523596,71.369787,1,0.087000,0.963013
SP_R_Yoga_2,openpose,35,1.414078,ok,1,direct,0.587182,15,left_ankle,1,1,2.000000,675.510000,644.250000,2.000000,676.351000,633.334000,10.948349,71.369787,1,0.089000,0.942313
SP_R_Yoga_2,openpose,35,1.414078,ok,1,direct,0.587182,16,right_ankle,1,1,2.000000,641.060000,529.280000,2.000000,627.421000,535.334000,14.922240,71.369787,1,0.089000,0.895494
SP_R_Yoga_2,openpose,36,1.454480,ok,1,direct,0.569205,0,nose,1,1,2.000000,670.490000,225.640000,2.000000,666.663000,223.862000,4.219859,72.743968,1,0.026000,0.905236
SP_R_Yoga_2,openpose,36,1.454480,ok,1,direct,0.569205,1,left_eye,0,0,0.000000,0.000000,0.000000,2.000000,678.353000,214.003000,,,,0.025000,
SP_R_Yoga_2,openpose,36,1.454480,ok,1,direct,0.569205,2,right_eye,0,0,0.000000,0.000000,0.000000,2.000000,658.715000,214.071000,,,,0.025000,
SP_R_Yoga_2,openpose,36,1.454480,ok,1,direct,0.569205,3,left_ear,0,0,0.000000,0.000000,0.000000,2.000000,692.102000,221.886000,,,,0.035000,
SP_R_Yoga_2,openpose,36,1.454480,ok,1,direct,0.569205,4,right_ear,0,0,0.000000,0.000000,0.000000,2.000000,645.085000,223.867000,,,,0.035000,
SP_R_Yoga_2,openpose,36,1.454480,ok,1,direct,0.569205,5,left_shoulder,1,1,2.000000,724.230000,287.980000,2.000000,719.460000,280.628000,8.763835,72.743968,1,0.079000,0.954553
SP_R_Yoga_2,openpose,36,1.454480,ok,1,direct,0.569205,6,right_shoulder,1,1,2.000000,625.560000,285.040000,2.000000,627.433000,284.563000,1.932785,72.743968,1,0.079000,0.997740
SP_R_Yoga_2,openpose,36,1.454480,ok,1,direct,0.569205,7,left_elbow,1,1,2.000000,768.920000,313.480000,2.000000,774.312000,315.960000,5.934986,72.743968,1,0.072000,0.974646
SP_R_Yoga_2,openpose,36,1.454480,ok,1,direct,0.569205,8,right_elbow,1,1,2.000000,573.140000,325.270000,2.000000,596.075000,343.354000,29.206939,72.743968,1,0.072000,0.536906
SP_R_Yoga_2,openpose,36,1.454480,ok,1,direct,0.569205,9,left_wrist,1,1,2.000000,818.340000,336.200000,2.000000,821.387000,337.474000,3.302618,72.743968,1,0.062000,0.989333
SP_R_Yoga_2,openpose,36,1.454480,ok,1,direct,0.569205,10,right_wrist,1,1,2.000000,502.260000,351.240000,0.000000,0.000000,0.000000,,72.743968,0,0.062000,0.000000
SP_R_Yoga_2,openpose,36,1.454480,ok,1,direct,0.569205,11,left_hip,1,1,2.000000,699.550000,404.750000,2.000000,705.786000,415.820000,12.705613,72.743968,1,0.107000,0.948103
SP_R_Yoga_2,openpose,36,1.454480,ok,1,direct,0.569205,12,right_hip,1,1,2.000000,653.530000,399.950000,2.000000,643.119000,404.134000,11.220284,72.743968,1,0.107000,0.959292
SP_R_Yoga_2,openpose,36,1.454480,ok,1,direct,0.569205,13,left_knee,1,1,2.000000,690.020000,535.000000,2.000000,694.018000,521.631000,13.954002,72.743968,1,0.087000,0.907348
SP_R_Yoga_2,openpose,36,1.454480,ok,1,direct,0.569205,14,right_knee,1,1,2.000000,579.350000,443.430000,2.000000,582.343000,429.582000,14.167750,72.743968,1,0.087000,0.904629
SP_R_Yoga_2,openpose,36,1.454480,ok,1,direct,0.569205,15,left_ankle,1,1,2.000000,675.330000,644.180000,2.000000,672.502000,625.488000,18.904720,72.743968,1,0.089000,0.843219
SP_R_Yoga_2,openpose,36,1.454480,ok,1,direct,0.569205,16,right_ankle,1,1,2.000000,640.420000,522.320000,2.000000,625.462000,519.668000,15.191276,72.743968,1,0.089000,0.895732
SP_R_Yoga_2,openpose,37,1.494883,ok,1,direct,0.555265,0,nose,1,1,2.000000,671.000000,225.640000,2.000000,668.546000,223.824000,3.052863,74.090204,1,0.026000,0.951009
SP_R_Yoga_2,openpose,37,1.494883,ok,1,direct,0.555265,1,left_eye,0,0,0.000000,0.000000,0.000000,2.000000,678.386000,212.159000,,,,0.025000,
SP_R_Yoga_2,openpose,37,1.494883,ok,1,direct,0.555265,2,right_eye,0,0,0.000000,0.000000,0.000000,2.000000,658.809000,214.043000,,,,0.025000,
SP_R_Yoga_2,openpose,37,1.494883,ok,1,direct,0.555265,3,left_ear,0,0,0.000000,0.000000,0.000000,2.000000,693.959000,221.850000,,,,0.035000,
SP_R_Yoga_2,openpose,37,1.494883,ok,1,direct,0.555265,4,right_ear,0,0,0.000000,0.000000,0.000000,2.000000,646.996000,223.808000,,,,0.035000,
SP_R_Yoga_2,openpose,37,1.494883,ok,1,direct,0.555265,5,left_shoulder,1,1,2.000000,725.170000,286.910000,2.000000,719.452000,278.686000,10.016471,74.090204,1,0.079000,0.943111
SP_R_Yoga_2,openpose,37,1.494883,ok,1,direct,0.555265,6,right_shoulder,1,1,2.000000,625.790000,284.800000,2.000000,629.414000,280.701000,5.471305,74.090204,1,0.079000,0.982676
SP_R_Yoga_2,openpose,37,1.494883,ok,1,direct,0.555265,7,left_elbow,1,1,2.000000,771.990000,305.690000,2.000000,774.359000,306.107000,2.405421,74.090204,1,0.072000,0.995942
SP_R_Yoga_2,openpose,37,1.494883,ok,1,direct,0.555265,8,right_elbow,1,1,2.000000,571.460000,316.690000,2.000000,570.646000,319.777000,3.192517,74.090204,1,0.072000,0.992862
SP_R_Yoga_2,openpose,37,1.494883,ok,1,direct,0.555265,9,left_wrist,1,1,2.000000,824.840000,321.190000,2.000000,813.519000,313.958000,13.433796,74.090204,1,0.062000,0.842780
SP_R_Yoga_2,openpose,37,1.494883,ok,1,direct,0.555265,10,right_wrist,1,1,2.000000,496.890000,334.630000,2.000000,507.904000,333.591000,11.062898,74.090204,1,0.062000,0.890474
SP_R_Yoga_2,openpose,37,1.494883,ok,1,direct,0.555265,11,left_hip,1,1,2.000000,699.910000,404.380000,2.000000,705.764000,411.948000,9.567860,74.090204,1,0.107000,0.971288
SP_R_Yoga_2,openpose,37,1.494883,ok,1,direct,0.555265,12,right_hip,1,1,2.000000,654.300000,398.680000,2.000000,645.040000,402.128000,9.881108,74.090204,1,0.107000,0.969407
SP_R_Yoga_2,openpose,37,1.494883,ok,1,direct,0.555265,13,left_knee,1,1,2.000000,690.040000,534.870000,2.000000,692.059000,525.572000,9.514682,74.090204,1,0.087000,0.957359
SP_R_Yoga_2,openpose,37,1.494883,ok,1,direct,0.555265,14,right_knee,1,1,2.000000,578.240000,436.000000,2.000000,582.336000,425.633000,11.146834,74.090204,1,0.087000,0.941944
SP_R_Yoga_2,openpose,37,1.494883,ok,1,direct,0.555265,15,left_ankle,1,1,2.000000,675.160000,644.100000,2.000000,670.505000,629.417000,15.403231,74.090204,1,0.089000,0.896612
SP_R_Yoga_2,openpose,37,1.494883,ok,1,direct,0.555265,16,right_ankle,1,1,2.000000,639.790000,515.360000,2.000000,629.401000,513.789000,10.507110,74.090204,1,0.089000,0.950488
SP_R_Yoga_2,openpose,38,1.535285,ok,1,direct,0.484227,0,nose,1,1,2.000000,671.510000,225.640000,2.000000,668.576000,223.837000,3.443714,75.411907,1,0.026000,0.940169
SP_R_Yoga_2,openpose,38,1.535285,ok,1,direct,0.484227,1,left_eye,0,0,0.000000,0.000000,0.000000,2.000000,678.387000,212.164000,,,,0.025000,
SP_R_Yoga_2,openpose,38,1.535285,ok,1,direct,0.484227,2,right_eye,0,0,0.000000,0.000000,0.000000,2.000000,660.685000,214.056000,,,,0.025000,
SP_R_Yoga_2,openpose,38,1.535285,ok,1,direct,0.484227,3,left_ear,0,0,0.000000,0.000000,0.000000,2.000000,692.115000,219.969000,,,,0.035000,
SP_R_Yoga_2,openpose,38,1.535285,ok,1,direct,0.484227,4,right_ear,0,0,0.000000,0.000000,0.000000,2.000000,647.007000,223.812000,,,,0.035000,
SP_R_Yoga_2,openpose,38,1.535285,ok,1,direct,0.484227,5,left_shoulder,1,1,2.000000,726.120000,285.850000,2.000000,719.461000,276.724000,11.297175,75.411907,1,0.079000,0.930608
SP_R_Yoga_2,openpose,38,1.535285,ok,1,direct,0.484227,6,right_shoulder,1,1,2.000000,626.020000,284.560000,2.000000,625.484000,282.580000,2.051267,75.411907,1,0.079000,0.997632
SP_R_Yoga_2,openpose,38,1.535285,ok,1,direct,0.484227,7,left_elbow,1,1,2.000000,775.060000,297.890000,2.000000,780.257000,296.363000,5.416691,75.411907,1,0.072000,0.980292
SP_R_Yoga_2,openpose,38,1.535285,ok,1,direct,0.484227,8,right_elbow,1,1,2.000000,569.770000,308.110000,2.000000,609.789000,357.085000,63.246114,75.411907,1,0.072000,0.066295
SP_R_Yoga_2,openpose,38,1.535285,ok,1,direct,0.484227,9,left_wrist,1,1,2.000000,831.330000,306.190000,2.000000,829.213000,315.891000,9.929305,75.411907,1,0.062000,0.913749
SP_R_Yoga_2,openpose,38,1.535285,ok,1,direct,0.484227,10,right_wrist,1,1,2.000000,491.510000,318.030000,2.000000,615.679000,392.350000,144.711447,75.411907,0,0.062000,0.000000
SP_R_Yoga_2,openpose,38,1.535285,ok,1,direct,0.484227,11,left_hip,1,1,2.000000,700.280000,404.020000,2.000000,707.712000,411.941000,10.861716,75.411907,1,0.107000,0.964410
SP_R_Yoga_2,openpose,38,1.535285,ok,1,direct,0.484227,12,right_hip,1,1,2.000000,655.080000,397.420000,2.000000,645.003000,404.088000,12.083383,75.411907,1,0.107000,0.956141
SP_R_Yoga_2,openpose,38,1.535285,ok,1,direct,0.484227,13,left_knee,1,1,2.000000,690.070000,534.750000,2.000000,692.073000,523.609000,11.319624,75.411907,1,0.087000,0.942202
SP_R_Yoga_2,openpose,38,1.535285,ok,1,direct,0.484227,14,right_knee,1,1,2.000000,577.130000,428.570000,2.000000,580.440000,415.866000,13.128127,75.411907,1,0.087000,0.923044
SP_R_Yoga_2,openpose,38,1.535285,ok,1,direct,0.484227,15,left_ankle,1,1,2.000000,674.990000,644.020000,2.000000,668.612000,627.451000,17.754173,75.411907,1,0.089000,0.869402
SP_R_Yoga_2,openpose,38,1.535285,ok,1,direct,0.484227,16,right_ankle,1,1,2.000000,639.160000,508.410000,2.000000,629.349000,507.913000,9.823580,75.411907,1,0.089000,0.958059
SP_R_Yoga_2,openpose,39,1.575687,ok,1,direct,0.504295,0,nose,1,1,2.000000,672.020000,225.640000,2.000000,668.580000,223.793000,3.904486,76.711436,1,0.026000,0.926217
SP_R_Yoga_2,openpose,39,1.575687,ok,1,direct,0.504295,1,left_eye,0,0,0.000000,0.000000,0.000000,2.000000,678.371000,212.138000,,,,0.025000,
SP_R_Yoga_2,openpose,39,1.575687,ok,1,direct,0.504295,2,right_eye,0,0,0.000000,0.000000,0.000000,2.000000,660.682000,214.070000,,,,0.025000,
SP_R_Yoga_2,openpose,39,1.575687,ok,1,direct,0.504295,3,left_ear,0,0,0.000000,0.000000,0.000000,2.000000,692.068000,219.946000,,,,0.035000,
SP_R_Yoga_2,openpose,39,1.575687,ok,1,direct,0.504295,4,right_ear,0,0,0.000000,0.000000,0.000000,2.000000,647.023000,223.836000,,,,0.035000,
SP_R_Yoga_2,openpose,39,1.575687,ok,1,direct,0.504295,5,left_shoulder,1,1,2.000000,727.060000,284.790000,2.000000,717.595000,274.792000,13.767579,76.711436,1,0.079000,0.901927
SP_R_Yoga_2,openpose,39,1.575687,ok,1,direct,0.504295,6,right_shoulder,1,1,2.000000,626.250000,284.330000,2.000000,625.495000,278.737000,5.643729,76.711436,1,0.079000,0.982804
SP_R_Yoga_2,openpose,39,1.575687,ok,1,direct,0.504295,7,left_elbow,1,1,2.000000,778.130000,290.090000,2.000000,743.020000,343.337000,63.780523,76.711436,1,0.072000,0.069461
SP_R_Yoga_2,openpose,39,1.575687,ok,1,direct,0.504295,8,right_elbow,1,1,2.000000,568.090000,299.530000,2.000000,609.785000,353.167000,67.936741,76.711436,1,0.072000,0.048514
SP_R_Yoga_2,openpose,39,1.575687,ok,1,direct,0.504295,9,left_wrist,1,1,2.000000,837.830000,291.190000,2.000000,729.299000,398.200000,152.414297,76.711436,0,0.062000,0.000000
SP_R_Yoga_2,openpose,39,1.575687,ok,1,direct,0.504295,10,right_wrist,1,1,2.000000,486.130000,301.420000,2.000000,621.534000,392.310000,163.080457,76.711436,0,0.062000,0.000000
SP_R_Yoga_2,openpose,39,1.575687,ok,1,direct,0.504295,11,left_hip,1,1,2.000000,700.650000,403.650000,2.000000,707.695000,409.972000,9.465712,76.711436,1,0.107000,0.973753
SP_R_Yoga_2,openpose,39,1.575687,ok,1,direct,0.504295,12,right_hip,1,1,2.000000,655.860000,396.150000,2.000000,643.139000,402.100000,14.043730,76.711436,1,0.107000,0.943134
SP_R_Yoga_2,openpose,39,1.575687,ok,1,direct,0.504295,13,left_knee,1,1,2.000000,690.090000,534.620000,2.000000,692.072000,527.482000,7.408061,76.711436,1,0.087000,0.975659
SP_R_Yoga_2,openpose,39,1.575687,ok,1,direct,0.504295,14,right_knee,1,1,2.000000,576.030000,421.130000,2.000000,580.385000,415.784000,6.895342,76.711436,1,0.087000,0.978877
SP_R_Yoga_2,openpose,39,1.575687,ok,1,direct,0.504295,15,left_ankle,1,1,2.000000,674.810000,643.940000,2.000000,668.550000,629.365000,15.862479,76.711436,1,0.089000,0.897661
SP_R_Yoga_2,openpose,39,1.575687,ok,1,direct,0.504295,16,right_ankle,1,1,2.000000,638.530000,501.450000,2.000000,629.411000,502.042000,9.138196,76.711436,1,0.089000,0.964804
SP_R_Yoga_2,openpose,40,1.616089,ok,1,direct,0.485698,0,nose,1,1,2.000000,672.390000,225.440000,2.000000,668.563000,223.776000,4.173107,76.889959,1,0.026000,0.916540
SP_R_Yoga_2,openpose,40,1.616089,ok,1,direct,0.485698,1,left_eye,0,0,0.000000,0.000000,0.000000,2.000000,678.351000,212.101000,,,,0.025000,
SP_R_Yoga_2,openpose,40,1.616089,ok,1,direct,0.485698,2,right_eye,0,0,0.000000,0.000000,0.000000,2.000000,660.678000,214.034000,,,,0.025000,
SP_R_Yoga_2,openpose,40,1.616089,ok,1,direct,0.485698,3,left_ear,0,0,0.000000,0.000000,0.000000,2.000000,692.083000,219.939000,,,,0.035000,
SP_R_Yoga_2,openpose,40,1.616089,ok,1,direct,0.485698,4,right_ear,0,0,0.000000,0.000000,0.000000,2.000000,647.064000,223.821000,,,,0.035000,
SP_R_Yoga_2,openpose,40,1.616089,ok,1,direct,0.485698,5,left_shoulder,1,1,2.000000,726.430000,281.200000,2.000000,717.583000,272.875000,12.148047,76.889959,1,0.079000,0.923123
SP_R_Yoga_2,openpose,40,1.616089,ok,1,direct,0.485698,6,right_shoulder,1,1,2.000000,627.090000,283.060000,2.000000,629.389000,278.664000,4.960869,76.889959,1,0.079000,0.986749
SP_R_Yoga_2,openpose,40,1.616089,ok,1,direct,0.485698,7,left_elbow,1,1,2.000000,778.770000,284.610000,2.000000,746.895000,335.498000,60.046683,76.889959,1,0.072000,0.095093
SP_R_Yoga_2,openpose,40,1.616089,ok,1,direct,0.485698,8,right_elbow,1,1,2.000000,566.820000,290.680000,2.000000,617.626000,353.118000,80.496916,76.889959,0,0.072000,0.014575
SP_R_Yoga_2,openpose,40,1.616089,ok,1,direct,0.485698,9,left_wrist,1,1,2.000000,838.040000,279.170000,2.000000,731.279000,390.408000,154.181075,76.889959,0,0.062000,0.000000
SP_R_Yoga_2,openpose,40,1.616089,ok,1,direct,0.485698,10,right_wrist,1,1,2.000000,484.870000,285.610000,2.000000,625.430000,390.334000,175.283284,76.889959,0,0.062000,0.000000
SP_R_Yoga_2,openpose,40,1.616089,ok,1,direct,0.485698,11,left_hip,1,1,2.000000,700.830000,403.540000,2.000000,707.727000,406.025000,7.331019,76.889959,1,0.107000,0.984245
SP_R_Yoga_2,openpose,40,1.616089,ok,1,direct,0.485698,12,right_hip,1,1,2.000000,656.610000,395.740000,2.000000,646.981000,400.186000,10.605874,76.889959,1,0.107000,0.967310
SP_R_Yoga_2,openpose,40,1.616089,ok,1,direct,0.485698,13,left_knee,1,1,2.000000,690.190000,534.490000,2.000000,693.970000,523.606000,11.521712,76.889959,1,0.087000,0.942394
SP_R_Yoga_2,openpose,40,1.616089,ok,1,direct,0.485698,14,right_knee,1,1,2.000000,576.030000,419.560000,2.000000,580.449000,411.960000,8.791334,76.889959,1,0.087000,0.966047
SP_R_Yoga_2,openpose,40,1.616089,ok,1,direct,0.485698,15,left_ankle,1,1,2.000000,674.810000,643.940000,2.000000,670.526000,629.412000,15.146466,76.889959,1,0.089000,0.906668
SP_R_Yoga_2,openpose,40,1.616089,ok,1,direct,0.485698,16,right_ankle,1,1,2.000000,639.000000,500.680000,2.000000,625.435000,500.130000,13.576145,76.889959,1,0.089000,0.924302
SP_R_Yoga_2,openpose,41,1.656492,ok,1,direct,0.520876,0,nose,1,1,2.000000,672.750000,225.240000,2.000000,668.599000,221.879000,5.341079,77.069308,1,0.026000,0.867539
SP_R_Yoga_2,openpose,41,1.656492,ok,1,direct,0.520876,1,left_eye,0,0,0.000000,0.000000,0.000000,2.000000,678.393000,212.015000,,,,0.025000,
SP_R_Yoga_2,openpose,41,1.656492,ok,1,direct,0.520876,2,right_eye,0,0,0.000000,0.000000,0.000000,2.000000,660.688000,212.149000,,,,0.025000,
SP_R_Yoga_2,openpose,41,1.656492,ok,1,direct,0.520876,3,left_ear,0,0,0.000000,0.000000,0.000000,2.000000,693.989000,219.869000,,,,0.035000,
SP_R_Yoga_2,openpose,41,1.656492,ok,1,direct,0.520876,4,right_ear,0,0,0.000000,0.000000,0.000000,2.000000,648.908000,223.797000,,,,0.035000,
SP_R_Yoga_2,openpose,41,1.656492,ok,1,direct,0.520876,5,left_shoulder,1,1,2.000000,725.800000,277.620000,2.000000,721.419000,274.812000,5.203655,77.069308,1,0.079000,0.985497
SP_R_Yoga_2,openpose,41,1.656492,ok,1,direct,0.520876,6,right_shoulder,1,1,2.000000,627.930000,281.800000,2.000000,629.361000,278.689000,3.424337,77.069308,1,0.079000,0.993693
SP_R_Yoga_2,openpose,41,1.656492,ok,1,direct,0.520876,7,left_elbow,1,1,2.000000,779.400000,279.130000,2.000000,746.949000,343.319000,71.925622,77.069308,1,0.072000,0.034727
SP_R_Yoga_2,openpose,41,1.656492,ok,1,direct,0.520876,8,right_elbow,1,1,2.000000,565.560000,281.820000,2.000000,617.613000,355.118000,89.900565,77.069308,0,0.072000,0.005250
SP_R_Yoga_2,openpose,41,1.656492,ok,1,direct,0.520876,9,left_wrist,1,1,2.000000,838.250000,267.150000,2.000000,729.251000,398.192000,170.448783,77.069308,0,0.062000,0.000000
SP_R_Yoga_2,openpose,41,1.656492,ok,1,direct,0.520876,10,right_wrist,1,1,2.000000,483.600000,269.790000,2.000000,625.435000,392.311000,187.426153,77.069308,0,0.062000,0.000000
SP_R_Yoga_2,openpose,41,1.656492,ok,1,direct,0.520876,11,left_hip,1,1,2.000000,701.010000,403.430000,2.000000,705.820000,408.036000,6.659680,77.069308,1,0.107000,0.987041
SP_R_Yoga_2,openpose,41,1.656492,ok,1,direct,0.520876,12,right_hip,1,1,2.000000,657.370000,395.330000,2.000000,648.927000,400.208000,9.750853,77.069308,1,0.107000,0.972424
SP_R_Yoga_2,openpose,41,1.656492,ok,1,direct,0.520876,13,left_knee,1,1,2.000000,690.290000,534.360000,2.000000,690.158000,527.516000,6.845273,77.069308,1,0.087000,0.979370
SP_R_Yoga_2,openpose,41,1.656492,ok,1,direct,0.520876,14,right_knee,1,1,2.000000,576.030000,417.980000,2.000000,578.444000,411.854000,6.584472,77.069308,1,0.087000,0.980898
SP_R_Yoga_2,openpose,41,1.656492,ok,1,direct,0.520876,15,left_ankle,1,1,2.000000,674.810000,643.940000,2.000000,670.532000,633.292000,11.475242,77.069308,1,0.089000,0.945561
SP_R_Yoga_2,openpose,41,1.656492,ok,1,direct,0.520876,16,right_ankle,1,1,2.000000,639.470000,499.910000,2.000000,627.394000,496.157000,12.645742,77.069308,1,0.089000,0.934280
SP_R_Yoga_2,openpose,42,1.696894,ok,1,direct,0.496097,0,nose,1,1,2.000000,673.110000,225.050000,2.000000,668.585000,223.827000,4.687361,77.247471,1,0.026000,0.896788
SP_R_Yoga_2,openpose,42,1.696894,ok,1,direct,0.496097,1,left_eye,0,0,0.000000,0.000000,0.000000,2.000000,678.399000,212.135000,,,,0.025000,
SP_R_Yoga_2,openpose,42,1.696894,ok,1,direct,0.496097,2,right_eye,0,0,0.000000,0.000000,0.000000,2.000000,660.701000,214.050000,,,,0.025000,
SP_R_Yoga_2,openpose,42,1.696894,ok,1,direct,0.496097,3,left_ear,0,0,0.000000,0.000000,0.000000,2.000000,694.039000,221.867000,,,,0.035000,
SP_R_Yoga_2,openpose,42,1.696894,ok,1,direct,0.496097,4,right_ear,0,0,0.000000,0.000000,0.000000,2.000000,648.915000,223.824000,,,,0.035000,
SP_R_Yoga_2,openpose,42,1.696894,ok,1,direct,0.496097,5,left_shoulder,1,1,2.000000,725.170000,274.030000,2.000000,721.425000,274.772000,3.817799,77.247471,1,0.079000,0.992203
SP_R_Yoga_2,openpose,42,1.696894,ok,1,direct,0.496097,6,right_shoulder,1,1,2.000000,628.780000,280.530000,2.000000,631.288000,276.764000,4.524690,77.247471,1,0.079000,0.989065
SP_R_Yoga_2,openpose,42,1.696894,ok,1,direct,0.496097,7,left_elbow,1,1,2.000000,780.030000,273.640000,2.000000,748.867000,343.319000,76.330175,77.247471,1,0.072000,0.023123
SP_R_Yoga_2,openpose,42,1.696894,ok,1,direct,0.496097,8,right_elbow,1,1,2.000000,564.290000,272.960000,2.000000,613.702000,349.250000,90.893948,77.247471,0,0.072000,0.004788
SP_R_Yoga_2,openpose,42,1.696894,ok,1,direct,0.496097,9,left_wrist,1,1,2.000000,838.470000,255.130000,2.000000,723.417000,398.234000,183.619028,77.247471,0,0.062000,0.000000
SP_R_Yoga_2,openpose,42,1.696894,ok,1,direct,0.496097,10,right_wrist,1,1,2.000000,482.340000,253.970000,2.000000,621.574000,388.413000,193.548513,77.247471,0,0.062000,0.000000
SP_R_Yoga_2,openpose,42,1.696894,ok,1,direct,0.496097,11,left_hip,1,1,2.000000,701.190000,403.330000,2.000000,705.799000,404.065000,4.667238,77.247471,1,0.107000,0.993643
SP_R_Yoga_2,openpose,42,1.696894,ok,1,direct,0.496097,12,right_hip,1,1,2.000000,658.120000,394.920000,2.000000,646.990000,398.179000,11.597326,77.247471,1,0.107000,0.961391
SP_R_Yoga_2,openpose,42,1.696894,ok,1,direct,0.496097,13,left_knee,1,1,2.000000,690.380000,534.230000,2.000000,709.673000,439.335000,96.836361,77.247471,0,0.087000,0.015727
SP_R_Yoga_2,openpose,42,1.696894,ok,1,direct,0.496097,14,right_knee,1,1,2.000000,576.030000,416.410000,2.000000,576.486000,409.966000,6.460114,77.247471,1,0.087000,0.981690
SP_R_Yoga_2,openpose,42,1.696894,ok,1,direct,0.496097,15,left_ankle,1,1,2.000000,674.810000,643.940000,2.000000,672.446000,625.426000,18.664316,77.247471,1,0.089000,0.862946
SP_R_Yoga_2,openpose,42,1.696894,ok,1,direct,0.496097,16,right_ankle,1,1,2.000000,639.940000,499.140000,2.000000,625.422000,496.115000,14.829799,77.247471,1,0.089000,0.911141
SP_R_Yoga_2,openpose,43,1.737296,ok,1,direct,0.428854,0,nose,1,1,2.000000,673.470000,224.850000,2.000000,670.545000,221.907000,4.149322,76.020283,1,0.026000,0.915632
SP_R_Yoga_2,openpose,43,1.737296,ok,1,direct,0.428854,1,left_eye,0,0,0.000000,0.000000,0.000000,2.000000,680.304000,212.040000,,,,0.025000,
SP_R_Yoga_2,openpose,43,1.737296,ok,1,direct,0.428854,2,right_eye,0,0,0.000000,0.000000,0.000000,2.000000,662.620000,213.994000,,,,0.025000,
SP_R_Yoga_2,openpose,43,1.737296,ok,1,direct,0.428854,3,left_ear,0,0,0.000000,0.000000,0.000000,2.000000,694.075000,219.950000,,,,0.035000,
SP_R_Yoga_2,openpose,43,1.737296,ok,1,direct,0.428854,4,right_ear,0,0,0.000000,0.000000,0.000000,2.000000,648.988000,223.793000,,,,0.035000,
SP_R_Yoga_2,openpose,43,1.737296,ok,1,direct,0.428854,5,left_shoulder,1,1,2.000000,724.980000,273.860000,2.000000,717.556000,272.845000,7.493064,76.020283,1,0.079000,0.969346
SP_R_Yoga_2,openpose,43,1.737296,ok,1,direct,0.428854,6,right_shoulder,1,1,2.000000,629.700000,279.610000,2.000000,631.361000,276.766000,3.293517,76.020283,1,0.079000,0.994003
SP_R_Yoga_2,openpose,43,1.737296,ok,1,direct,0.428854,7,left_elbow,1,1,2.000000,779.010000,264.860000,2.000000,750.874000,331.584000,72.413581,76.020283,1,0.072000,0.030178
SP_R_Yoga_2,openpose,43,1.737296,ok,1,direct,0.428854,8,right_elbow,1,1,2.000000,566.940000,265.690000,2.000000,615.678000,351.180000,98.406975,76.020283,0,0.072000,0.001557
SP_R_Yoga_2,openpose,43,1.737296,ok,1,direct,0.428854,9,left_wrist,1,1,2.000000,835.680000,240.930000,2.000000,727.332000,392.311000,186.159867,76.020283,0,0.062000,0.000000
SP_R_Yoga_2,openpose,43,1.737296,ok,1,direct,0.428854,10,right_wrist,1,1,2.000000,490.940000,239.040000,2.000000,619.584000,388.405000,197.127324,76.020283,0,0.062000,0.000000
SP_R_Yoga_2,openpose,43,1.737296,ok,1,direct,0.428854,11,left_hip,1,1,2.000000,701.370000,403.220000,2.000000,705.783000,402.102000,4.552416,76.020283,1,0.107000,0.993755
SP_R_Yoga_2,openpose,43,1.737296,ok,1,direct,0.428854,12,right_hip,1,1,2.000000,658.870000,394.510000,2.000000,646.984000,398.153000,12.431751,76.020283,1,0.107000,0.954358
SP_R_Yoga_2,openpose,43,1.737296,ok,1,direct,0.428854,13,left_knee,1,1,2.000000,690.480000,534.090000,2.000000,709.659000,433.512000,102.390274,76.020283,0,0.087000,0.008284
SP_R_Yoga_2,openpose,43,1.737296,ok,1,direct,0.428854,14,right_knee,1,1,2.000000,576.340000,417.200000,2.000000,580.413000,409.949000,8.316630,76.020283,1,0.087000,0.968870
SP_R_Yoga_2,openpose,43,1.737296,ok,1,direct,0.428854,15,left_ankle,1,1,2.000000,674.810000,643.940000,2.000000,670.491000,619.600000,24.720222,76.020283,1,0.089000,0.765680
SP_R_Yoga_2,openpose,43,1.737296,ok,1,direct,0.428854,16,right_ankle,1,1,2.000000,640.420000,498.380000,2.000000,621.510000,500.070000,18.985368,76.020283,1,0.089000,0.854293
SP_R_Yoga_2,openpose,44,1.777698,ok,1,direct,0.530343,0,nose,1,1,2.000000,673.840000,224.650000,2.000000,672.472000,221.928000,3.046425,74.820994,1,0.026000,0.952136
SP_R_Yoga_2,openpose,44,1.777698,ok,1,direct,0.530343,1,left_eye,0,0,0.000000,0.000000,0.000000,2.000000,680.347000,212.105000,,,,0.025000,
SP_R_Yoga_2,openpose,44,1.777698,ok,1,direct,0.530343,2,right_eye,0,0,0.000000,0.000000,0.000000,2.000000,662.705000,214.016000,,,,0.025000,
SP_R_Yoga_2,openpose,44,1.777698,ok,1,direct,0.530343,3,left_ear,0,0,0.000000,0.000000,0.000000,2.000000,695.924000,219.938000,,,,0.035000,
SP_R_Yoga_2,openpose,44,1.777698,ok,1,direct,0.530343,4,right_ear,0,0,0.000000,0.000000,0.000000,2.000000,650.887000,221.909000,,,,0.035000,
SP_R_Yoga_2,openpose,44,1.777698,ok,1,direct,0.530343,5,left_shoulder,1,1,2.000000,724.800000,273.690000,2.000000,715.592000,272.812000,9.249765,74.820994,1,0.079000,0.952203
SP_R_Yoga_2,openpose,44,1.777698,ok,1,direct,0.530343,6,right_shoulder,1,1,2.000000,630.610000,278.700000,2.000000,633.271000,274.787000,4.732070,74.820994,1,0.079000,0.987263
SP_R_Yoga_2,openpose,44,1.777698,ok,1,direct,0.530343,7,left_elbow,1,1,2.000000,777.980000,256.080000,2.000000,743.015000,337.451000,88.565179,74.820994,0,0.072000,0.004491
SP_R_Yoga_2,openpose,44,1.777698,ok,1,direct,0.530343,8,right_elbow,1,1,2.000000,569.580000,258.410000,2.000000,623.517000,347.254000,103.934866,74.820994,0,0.072000,0.000585
SP_R_Yoga_2,openpose,44,1.777698,ok,1,direct,0.530343,9,left_wrist,1,1,2.000000,832.900000,226.730000,0.000000,0.000000,0.000000,,74.820994,0,0.062000,0.000000
SP_R_Yoga_2,openpose,44,1.777698,ok,1,direct,0.530343,10,right_wrist,1,1,2.000000,499.540000,224.110000,2.000000,625.499000,382.537000,202.397589,74.820994,0,0.062000,0.000000
SP_R_Yoga_2,openpose,44,1.777698,ok,1,direct,0.530343,11,left_hip,1,1,2.000000,701.550000,403.110000,2.000000,701.914000,402.096000,1.077354,74.820994,1,0.107000,0.999638
SP_R_Yoga_2,openpose,44,1.777698,ok,1,direct,0.530343,12,right_hip,1,1,2.000000,659.620000,394.100000,2.000000,645.073000,396.229000,14.701968,74.820994,1,0.107000,0.934777
SP_R_Yoga_2,openpose,44,1.777698,ok,1,direct,0.530343,13,left_knee,1,1,2.000000,690.570000,533.960000,2.000000,713.620000,431.488000,105.032439,74.820994,0,0.087000,0.005478
SP_R_Yoga_2,openpose,44,1.777698,ok,1,direct,0.530343,14,right_knee,1,1,2.000000,576.660000,418.000000,2.000000,578.457000,409.897000,8.299869,74.820994,1,0.087000,0.968008
SP_R_Yoga_2,openpose,44,1.777698,ok,1,direct,0.530343,15,left_ankle,1,1,2.000000,674.810000,643.940000,2.000000,670.549000,617.638000,26.644912,74.820994,1,0.089000,0.725998
SP_R_Yoga_2,openpose,44,1.777698,ok,1,direct,0.530343,16,right_ankle,1,1,2.000000,640.890000,497.610000,2.000000,633.235000,494.219000,8.372449,74.820994,1,0.089000,0.968878
SP_R_Yoga_2,openpose,45,1.818101,ok,1,direct,0.508814,0,nose,1,1,2.000000,674.200000,224.450000,2.000000,670.588000,223.794000,3.671087,74.828878,1,0.026000,0.931267
SP_R_Yoga_2,openpose,45,1.818101,ok,1,direct,0.508814,1,left_eye,0,0,0.000000,0.000000,0.000000,2.000000,680.313000,212.087000,,,,0.025000,
SP_R_Yoga_2,openpose,45,1.818101,ok,1,direct,0.508814,2,right_eye,0,0,0.000000,0.000000,0.000000,2.000000,662.655000,214.045000,,,,0.025000,
SP_R_Yoga_2,openpose,45,1.818101,ok,1,direct,0.508814,3,left_ear,0,0,0.000000,0.000000,0.000000,2.000000,695.925000,217.950000,,,,0.035000,
SP_R_Yoga_2,openpose,45,1.818101,ok,1,direct,0.508814,4,right_ear,0,0,0.000000,0.000000,0.000000,2.000000,648.998000,223.771000,,,,0.035000,
SP_R_Yoga_2,openpose,45,1.818101,ok,1,direct,0.508814,5,left_shoulder,1,1,2.000000,724.610000,273.520000,2.000000,715.636000,272.778000,9.004623,74.828878,1,0.079000,0.954655
SP_R_Yoga_2,openpose,45,1.818101,ok,1,direct,0.508814,6,right_shoulder,1,1,2.000000,631.530000,277.780000,2.000000,633.354000,274.836000,3.463252,74.828878,1,0.079000,0.993159
SP_R_Yoga_2,openpose,45,1.818101,ok,1,direct,0.508814,7,left_elbow,1,1,2.000000,776.960000,247.290000,2.000000,752.796000,327.643000,83.907708,74.828878,0,0.072000,0.007821
SP_R_Yoga_2,openpose,45,1.818101,ok,1,direct,0.508814,8,right_elbow,1,1,2.000000,572.230000,251.130000,2.000000,621.565000,347.246000,108.038084,74.828878,0,0.072000,0.000322
SP_R_Yoga_2,openpose,45,1.818101,ok,1,direct,0.508814,9,left_wrist,1,1,2.000000,830.120000,212.530000,0.000000,0.000000,0.000000,,74.828878,0,0.062000,0.000000
SP_R_Yoga_2,openpose,45,1.818101,ok,1,direct,0.508814,10,right_wrist,1,1,2.000000,508.140000,209.180000,2.000000,623.499000,384.464000,209.838461,74.828878,0,0.062000,0.000000
SP_R_Yoga_2,openpose,45,1.818101,ok,1,direct,0.508814,11,left_hip,1,1,2.000000,701.730000,403.000000,2.000000,705.786000,400.203000,4.926900,74.828878,1,0.107000,0.992456
SP_R_Yoga_2,openpose,45,1.818101,ok,1,direct,0.508814,12,right_hip,1,1,2.000000,660.370000,393.690000,2.000000,646.976000,396.206000,13.628261,74.828878,1,0.107000,0.943703
SP_R_Yoga_2,openpose,45,1.818101,ok,1,direct,0.508814,13,left_knee,1,1,2.000000,690.670000,533.830000,2.000000,711.690000,435.452000,100.598565,74.828878,0,0.087000,0.008432
SP_R_Yoga_2,openpose,45,1.818101,ok,1,direct,0.508814,14,right_knee,1,1,2.000000,576.980000,418.800000,2.000000,580.355000,409.992000,9.432470,74.828878,1,0.087000,0.958883
SP_R_Yoga_2,openpose,45,1.818101,ok,1,direct,0.508814,15,left_ankle,1,1,2.000000,674.810000,643.940000,2.000000,682.275000,564.749000,79.542069,74.828878,0,0.089000,0.057670
SP_R_Yoga_2,openpose,45,1.818101,ok,1,direct,0.508814,16,right_ankle,1,1,2.000000,641.360000,496.840000,2.000000,631.358000,494.154000,10.356380,74.828878,1,0.089000,0.952786
SP_R_Yoga_2,openpose,46,1.858503,ok,1,direct,0.502503,0,nose,1,1,2.000000,674.560000,224.260000,2.000000,670.587000,221.907000,4.617503,74.746724,1,0.026000,0.893235
SP_R_Yoga_2,openpose,46,1.858503,ok,1,direct,0.502503,1,left_eye,0,0,0.000000,0.000000,0.000000,2.000000,680.340000,212.059000,,,,0.025000,
SP_R_Yoga_2,openpose,46,1.858503,ok,1,direct,0.502503,2,right_eye,0,0,0.000000,0.000000,0.000000,2.000000,662.671000,212.161000,,,,0.025000,
SP_R_Yoga_2,openpose,46,1.858503,ok,1,direct,0.502503,3,left_ear,0,0,0.000000,0.000000,0.000000,2.000000,695.935000,219.903000,,,,0.035000,
SP_R_Yoga_2,openpose,46,1.858503,ok,1,direct,0.502503,4,right_ear,0,0,0.000000,0.000000,0.000000,2.000000,649.010000,221.902000,,,,0.035000,
SP_R_Yoga_2,openpose,46,1.858503,ok,1,direct,0.502503,5,left_shoulder,1,1,2.000000,724.430000,273.350000,2.000000,717.530000,272.760000,6.925179,74.746724,1,0.079000,0.972867
SP_R_Yoga_2,openpose,46,1.858503,ok,1,direct,0.502503,6,right_shoulder,1,1,2.000000,632.450000,276.860000,2.000000,635.253000,274.738000,3.515636,74.746724,1,0.079000,0.992936
SP_R_Yoga_2,openpose,46,1.858503,ok,1,direct,0.502503,7,left_elbow,1,1,2.000000,775.930000,238.510000,2.000000,752.782000,325.722000,90.231718,74.746724,0,0.072000,0.003617
SP_R_Yoga_2,openpose,46,1.858503,ok,1,direct,0.502503,8,right_elbow,1,1,2.000000,574.880000,243.860000,2.000000,623.544000,345.336000,112.541386,74.746724,0,0.072000,0.000159
SP_R_Yoga_2,openpose,46,1.858503,ok,1,direct,0.502503,9,left_wrist,1,1,2.000000,827.340000,198.330000,2.000000,727.349000,382.544000,209.601999,74.746724,0,0.062000,0.000000
SP_R_Yoga_2,openpose,46,1.858503,ok,1,direct,0.502503,10,right_wrist,1,1,2.000000,516.740000,194.240000,2.000000,627.406000,382.541000,218.412981,74.746724,0,0.062000,0.000000
SP_R_Yoga_2,openpose,46,1.858503,ok,1,direct,0.502503,11,left_hip,1,1,2.000000,701.910000,402.890000,2.000000,705.773000,398.239000,6.046038,74.746724,1,0.107000,0.988636
SP_R_Yoga_2,openpose,46,1.858503,ok,1,direct,0.502503,12,right_hip,1,1,2.000000,661.120000,393.280000,2.000000,646.998000,394.293000,14.158286,74.746724,1,0.107000,0.939248
SP_R_Yoga_2,openpose,46,1.858503,ok,1,direct,0.502503,13,left_knee,1,1,2.000000,690.770000,533.700000,2.000000,713.575000,429.535000,106.632149,74.746724,0,0.087000,0.004619
SP_R_Yoga_2,openpose,46,1.858503,ok,1,direct,0.502503,14,right_knee,1,1,2.000000,577.300000,419.590000,2.000000,578.453000,410.001000,9.658071,74.746724,1,0.087000,0.956844
SP_R_Yoga_2,openpose,46,1.858503,ok,1,direct,0.502503,15,left_ankle,1,1,2.000000,674.810000,643.940000,2.000000,688.140000,547.076000,97.776906,74.746724,0,0.089000,0.013293
SP_R_Yoga_2,openpose,46,1.858503,ok,1,direct,0.502503,16,right_ankle,1,1,2.000000,641.830000,496.070000,2.000000,633.256000,498.072000,8.804628,74.746724,1,0.089000,0.965573
SP_R_Yoga_2,openpose,47,1.898905,ok,1,direct,0.577390,0,nose,1,1,2.000000,674.920000,224.060000,2.000000,672.475000,221.902000,3.261133,74.572539,1,0.026000,0.944991
SP_R_Yoga_2,openpose,47,1.898905,ok,1,direct,0.577390,1,left_eye,0,0,0.000000,0.000000,0.000000,2.000000,680.371000,212.059000,,,,0.025000,
SP_R_Yoga_2,openpose,47,1.898905,ok,1,direct,0.577390,2,right_eye,0,0,0.000000,0.000000,0.000000,2.000000,662.694000,212.162000,,,,0.025000,
SP_R_Yoga_2,openpose,47,1.898905,ok,1,direct,0.577390,3,left_ear,0,0,0.000000,0.000000,0.000000,2.000000,695.917000,218.000000,,,,0.035000,
SP_R_Yoga_2,openpose,47,1.898905,ok,1,direct,0.577390,4,right_ear,0,0,0.000000,0.000000,0.000000,2.000000,648.991000,221.934000,,,,0.035000,
SP_R_Yoga_2,openpose,47,1.898905,ok,1,direct,0.577390,5,left_shoulder,1,1,2.000000,724.240000,273.180000,2.000000,715.582000,272.839000,8.664713,74.572539,1,0.079000,0.957659
SP_R_Yoga_2,openpose,47,1.898905,ok,1,direct,0.577390,6,right_shoulder,1,1,2.000000,633.370000,275.940000,2.000000,633.292000,276.693000,0.757029,74.572539,1,0.079000,0.999670
SP_R_Yoga_2,openpose,47,1.898905,ok,1,direct,0.577390,7,left_elbow,1,1,2.000000,774.910000,229.730000,2.000000,746.909000,329.656000,103.775052,74.572539,0,0.072000,0.000569
SP_R_Yoga_2,openpose,47,1.898905,ok,1,direct,0.577390,8,right_elbow,1,1,2.000000,577.520000,236.580000,2.000000,619.606000,347.231000,118.384438,74.572539,0,0.072000,0.000060
SP_R_Yoga_2,openpose,47,1.898905,ok,1,direct,0.577390,9,left_wrist,1,1,2.000000,824.560000,184.130000,2.000000,729.327000,386.424000,223.589326,74.572539,0,0.062000,0.000000
SP_R_Yoga_2,openpose,47,1.898905,ok,1,direct,0.577390,10,right_wrist,1,1,2.000000,525.340000,179.310000,2.000000,619.586000,382.536000,224.015882,74.572539,0,0.062000,0.000000
SP_R_Yoga_2,openpose,47,1.898905,ok,1,direct,0.577390,11,left_hip,1,1,2.000000,702.090000,402.790000,2.000000,703.865000,400.171000,3.163825,74.572539,1,0.107000,0.996861
SP_R_Yoga_2,openpose,47,1.898905,ok,1,direct,0.577390,12,right_hip,1,1,2.000000,661.880000,392.870000,2.000000,645.058000,392.355000,16.829881,74.572539,1,0.107000,0.914869
SP_R_Yoga_2,openpose,47,1.898905,ok,1,direct,0.577390,13,left_knee,1,1,2.000000,690.860000,533.570000,2.000000,711.616000,439.357000,96.472281,74.572539,0,0.087000,0.012008
SP_R_Yoga_2,openpose,47,1.898905,ok,1,direct,0.577390,14,right_knee,1,1,2.000000,577.620000,420.390000,2.000000,580.399000,413.848000,7.107785,74.572539,1,0.087000,0.976281
SP_R_Yoga_2,openpose,47,1.898905,ok,1,direct,0.577390,15,left_ankle,1,1,2.000000,674.810000,643.940000,0.000000,0.000000,0.000000,,74.572539,0,0.089000,0.000000
SP_R_Yoga_2,openpose,47,1.898905,ok,1,direct,0.577390,16,right_ankle,1,1,2.000000,642.310000,495.300000,2.000000,637.179000,494.231000,5.241176,74.572539,1,0.089000,0.987605
SP_R_Yoga_2,openpose,48,1.939307,ok,1,direct,0.519683,0,nose,1,1,2.000000,675.530000,223.980000,2.000000,672.459000,219.944000,5.071522,73.107961,1,0.026000,0.867297
SP_R_Yoga_2,openpose,48,1.939307,ok,1,direct,0.519683,1,left_eye,0,0,0.000000,0.000000,0.000000,2.000000,682.226000,210.179000,,,,0.025000,
SP_R_Yoga_2,openpose,48,1.939307,ok,1,direct,0.519683,2,right_eye,0,0,0.000000,0.000000,0.000000,2.000000,662.691000,212.039000,,,,0.025000,
SP_R_Yoga_2,openpose,48,1.939307,ok,1,direct,0.519683,3,left_ear,0,0,0.000000,0.000000,0.000000,2.000000,695.963000,217.964000,,,,0.035000,
SP_R_Yoga_2,openpose,48,1.939307,ok,1,direct,0.519683,4,right_ear,0,0,0.000000,0.000000,0.000000,2.000000,649.009000,219.962000,,,,0.035000,
SP_R_Yoga_2,openpose,48,1.939307,ok,1,direct,0.519683,5,left_shoulder,1,1,2.000000,724.060000,273.010000,2.000000,713.645000,272.811000,10.416901,73.107961,1,0.079000,0.937010
SP_R_Yoga_2,openpose,48,1.939307,ok,1,direct,0.519683,6,right_shoulder,1,1,2.000000,633.250000,276.650000,2.000000,635.225000,274.793000,2.710918,73.107961,1,0.079000,0.995603
SP_R_Yoga_2,openpose,48,1.939307,ok,1,direct,0.519683,7,left_elbow,1,1,2.000000,770.180000,227.130000,2.000000,735.208000,333.563000,112.031354,73.107961,0,0.072000,0.000116
SP_R_Yoga_2,openpose,48,1.939307,ok,1,direct,0.519683,8,right_elbow,1,1,2.000000,582.600000,234.100000,2.000000,625.447000,347.221000,120.963739,73.107961,0,0.072000,0.000026
SP_R_Yoga_2,openpose,48,1.939307,ok,1,direct,0.519683,9,left_wrist,1,1,2.000000,815.940000,174.800000,2.000000,727.330000,388.382000,231.233654,73.107961,0,0.062000,0.000000
SP_R_Yoga_2,openpose,48,1.939307,ok,1,direct,0.519683,10,right_wrist,1,1,2.000000,534.790000,168.680000,2.000000,621.568000,386.454000,234.426825,73.107961,0,0.062000,0.000000
SP_R_Yoga_2,openpose,48,1.939307,ok,1,direct,0.519683,11,left_hip,1,1,2.000000,702.270000,402.680000,2.000000,705.782000,402.152000,3.551468,73.107961,1,0.107000,0.995886
SP_R_Yoga_2,openpose,48,1.939307,ok,1,direct,0.519683,12,right_hip,1,1,2.000000,661.930000,392.870000,2.000000,647.008000,396.237000,15.297149,73.107961,1,0.107000,0.926370
SP_R_Yoga_2,openpose,48,1.939307,ok,1,direct,0.519683,13,left_knee,1,1,2.000000,690.960000,533.430000,2.000000,695.940000,515.763000,18.355470,73.107961,1,0.087000,0.846565
SP_R_Yoga_2,openpose,48,1.939307,ok,1,direct,0.519683,14,right_knee,1,1,2.000000,576.790000,422.750000,2.000000,578.467000,417.782000,5.243410,73.107961,1,0.087000,0.986500
SP_R_Yoga_2,openpose,48,1.939307,ok,1,direct,0.519683,15,left_ankle,1,1,2.000000,674.810000,643.940000,2.000000,670.485000,629.396000,15.173449,73.107961,1,0.089000,0.896941
SP_R_Yoga_2,openpose,48,1.939307,ok,1,direct,0.519683,16,right_ankle,1,1,2.000000,644.080000,495.070000,2.000000,639.131000,494.192000,5.026279,73.107961,1,0.089000,0.988136
SP_R_Yoga_2,openpose,49,1.979710,ok,1,direct,0.529604,0,nose,1,1,2.000000,676.150000,223.910000,2.000000,672.496000,219.940000,5.395611,71.504708,1,0.026000,0.844966
SP_R_Yoga_2,openpose,49,1.979710,ok,1,direct,0.529604,1,left_eye,0,0,0.000000,0.000000,0.000000,2.000000,682.246000,210.174000,,,,0.025000,
SP_R_Yoga_2,openpose,49,1.979710,ok,1,direct,0.529604,2,right_eye,0,0,0.000000,0.000000,0.000000,2.000000,662.733000,212.045000,,,,0.025000,
SP_R_Yoga_2,openpose,49,1.979710,ok,1,direct,0.529604,3,left_ear,0,0,0.000000,0.000000,0.000000,2.000000,695.980000,219.900000,,,,0.035000,
SP_R_Yoga_2,openpose,49,1.979710,ok,1,direct,0.529604,4,right_ear,0,0,0.000000,0.000000,0.000000,2.000000,649.040000,221.828000,,,,0.035000,
SP_R_Yoga_2,openpose,49,1.979710,ok,1,direct,0.529604,5,left_shoulder,1,1,2.000000,723.880000,272.830000,2.000000,715.574000,272.836000,8.306002,71.504708,1,0.079000,0.957681
SP_R_Yoga_2,openpose,49,1.979710,ok,1,direct,0.529604,6,right_shoulder,1,1,2.000000,633.130000,277.360000,2.000000,635.291000,274.746000,3.391595,71.504708,1,0.079000,0.992816
SP_R_Yoga_2,openpose,49,1.979710,ok,1,direct,0.529604,7,left_elbow,1,1,2.000000,765.460000,224.530000,2.000000,739.092000,331.572000,110.241830,71.504708,0,0.072000,0.000104
SP_R_Yoga_2,openpose,49,1.979710,ok,1,direct,0.529604,8,right_elbow,1,1,2.000000,587.680000,231.620000,2.000000,627.418000,341.374000,116.726386,71.504708,0,0.072000,0.000034
SP_R_Yoga_2,openpose,49,1.979710,ok,1,direct,0.529604,9,left_wrist,1,1,2.000000,807.310000,165.460000,2.000000,725.345000,386.480000,235.728873,71.504708,0,0.062000,0.000000
SP_R_Yoga_2,openpose,49,1.979710,ok,1,direct,0.529604,10,right_wrist,1,1,2.000000,544.240000,158.050000,2.000000,627.419000,382.513000,239.379165,71.504708,0,0.062000,0.000000
SP_R_Yoga_2,openpose,49,1.979710,ok,1,direct,0.529604,11,left_hip,1,1,2.000000,702.450000,402.570000,2.000000,705.742000,400.165000,4.076922,71.504708,1,0.107000,0.994337
SP_R_Yoga_2,openpose,49,1.979710,ok,1,direct,0.529604,12,right_hip,1,1,2.000000,661.990000,392.870000,2.000000,647.011000,394.332000,15.050179,71.504708,1,0.107000,0.925530
SP_R_Yoga_2,openpose,49,1.979710,ok,1,direct,0.529604,13,left_knee,1,1,2.000000,691.050000,533.300000,2.000000,711.704000,433.504000,101.910889,71.504708,0,0.087000,0.004666
SP_R_Yoga_2,openpose,49,1.979710,ok,1,direct,0.529604,14,right_knee,1,1,2.000000,575.970000,425.120000,2.000000,578.464000,419.706000,5.960825,71.504708,1,0.087000,0.981805
SP_R_Yoga_2,openpose,49,1.979710,ok,1,direct,0.529604,15,left_ankle,1,1,2.000000,674.810000,643.940000,2.000000,694.076000,521.622000,123.825974,71.504708,0,0.089000,0.000515
SP_R_Yoga_2,openpose,49,1.979710,ok,1,direct,0.529604,16,right_ankle,1,1,2.000000,645.850000,494.830000,2.000000,637.234000,496.170000,8.719579,71.504708,1,0.089000,0.963149
SP_R_Yoga_2,openpose,50,2.020112,ok,1,direct,0.543887,0,nose,1,1,2.000000,676.760000,223.830000,2.000000,674.405000,221.843000,3.081265,69.756677,1,0.026000,0.943909
SP_R_Yoga_2,openpose,50,2.020112,ok,1,direct,0.543887,1,left_eye,0,0,0.000000,0.000000,0.000000,2.000000,682.343000,210.185000,,,,0.025000,
SP_R_Yoga_2,openpose,50,2.020112,ok,1,direct,0.543887,2,right_eye,0,0,0.000000,0.000000,0.000000,2.000000,664.572000,212.039000,,,,0.025000,
SP_R_Yoga_2,openpose,50,2.020112,ok,1,direct,0.543887,3,left_ear,0,0,0.000000,0.000000,0.000000,2.000000,697.898000,219.880000,,,,0.035000,
SP_R_Yoga_2,openpose,50,2.020112,ok,1,direct,0.543887,4,right_ear,0,0,0.000000,0.000000,0.000000,2.000000,649.026000,219.962000,,,,0.035000,
SP_R_Yoga_2,openpose,50,2.020112,ok,1,direct,0.543887,5,left_shoulder,1,1,2.000000,723.690000,272.660000,2.000000,715.634000,274.730000,8.317694,69.756677,1,0.079000,0.955460
SP_R_Yoga_2,openpose,50,2.020112,ok,1,direct,0.543887,6,right_shoulder,1,1,2.000000,633.010000,278.070000,2.000000,637.215000,274.746000,5.360131,69.756677,1,0.079000,0.981256
SP_R_Yoga_2,openpose,50,2.020112,ok,1,direct,0.543887,7,left_elbow,1,1,2.000000,760.730000,221.930000,2.000000,739.079000,333.585000,113.734800,69.756677,0,0.072000,0.000035
SP_R_Yoga_2,openpose,50,2.020112,ok,1,direct,0.543887,8,right_elbow,1,1,2.000000,592.760000,229.140000,2.000000,629.390000,341.397000,118.082136,69.756677,0,0.072000,0.000016
SP_R_Yoga_2,openpose,50,2.020112,ok,1,direct,0.543887,9,left_wrist,1,1,2.000000,798.690000,156.130000,2.000000,727.335000,388.399000,242.982354,69.756677,0,0.062000,0.000000
SP_R_Yoga_2,openpose,50,2.020112,ok,1,direct,0.543887,10,right_wrist,1,1,2.000000,553.690000,147.410000,0.000000,0.000000,0.000000,,69.756677,0,0.062000,0.000000
SP_R_Yoga_2,openpose,50,2.020112,ok,1,direct,0.543887,11,left_hip,1,1,2.000000,702.630000,402.460000,2.000000,707.710000,400.133000,5.587605,69.756677,1,0.107000,0.988854
SP_R_Yoga_2,openpose,50,2.020112,ok,1,direct,0.543887,12,right_hip,1,1,2.000000,662.040000,392.870000,2.000000,648.950000,396.289000,13.529141,69.756677,1,0.107000,0.936402
SP_R_Yoga_2,openpose,50,2.020112,ok,1,direct,0.543887,13,left_knee,1,1,2.000000,691.150000,533.170000,2.000000,711.626000,433.486000,101.765252,69.756677,0,0.087000,0.003611
SP_R_Yoga_2,openpose,50,2.020112,ok,1,direct,0.543887,14,right_knee,1,1,2.000000,575.140000,427.480000,2.000000,580.376000,421.741000,7.768643,69.756677,1,0.087000,0.967759
SP_R_Yoga_2,openpose,50,2.020112,ok,1,direct,0.543887,15,left_ankle,1,1,2.000000,674.810000,643.940000,2.000000,690.142000,539.258000,105.798825,69.756677,0,0.089000,0.003003
SP_R_Yoga_2,openpose,50,2.020112,ok,1,direct,0.543887,16,right_ankle,1,1,2.000000,647.620000,494.600000,2.000000,643.055000,492.272000,5.124335,69.756677,1,0.089000,0.986467
SP_R_Yoga_2,openpose,51,2.060514,ok,1,direct,0.553363,0,nose,1,1,2.000000,677.370000,223.750000,2.000000,674.488000,221.917000,3.415525,67.848286,1,0.026000,0.927766
SP_R_Yoga_2,openpose,51,2.060514,ok,1,direct,0.553363,1,left_eye,0,0,0.000000,0.000000,0.000000,2.000000,684.225000,212.065000,,,,0.025000,
SP_R_Yoga_2,openpose,51,2.060514,ok,1,direct,0.553363,2,right_eye,0,0,0.000000,0.000000,0.000000,2.000000,664.656000,212.102000,,,,0.025000,
SP_R_Yoga_2,openpose,51,2.060514,ok,1,direct,0.553363,3,left_ear,0,0,0.000000,0.000000,0.000000,2.000000,697.901000,219.909000,,,,0.035000,
SP_R_Yoga_2,openpose,51,2.060514,ok,1,direct,0.553363,4,right_ear,0,0,0.000000,0.000000,0.000000,2.000000,650.929000,221.828000,,,,0.035000,
SP_R_Yoga_2,openpose,51,2.060514,ok,1,direct,0.553363,5,left_shoulder,1,1,2.000000,723.510000,272.490000,2.000000,717.549000,274.756000,6.377168,67.848286,1,0.079000,0.972086
SP_R_Yoga_2,openpose,51,2.060514,ok,1,direct,0.553363,6,right_shoulder,1,1,2.000000,632.900000,278.780000,2.000000,637.200000,274.808000,5.853784,67.848286,1,0.079000,0.976428
SP_R_Yoga_2,openpose,51,2.060514,ok,1,direct,0.553363,7,left_elbow,1,1,2.000000,756.010000,219.330000,2.000000,741.035000,335.507000,117.138149,67.848286,0,0.072000,0.000010
SP_R_Yoga_2,openpose,51,2.060514,ok,1,direct,0.553363,8,right_elbow,1,1,2.000000,597.850000,226.660000,2.000000,629.339000,343.316000,120.831202,67.848286,0,0.072000,0.000005
SP_R_Yoga_2,openpose,51,2.060514,ok,1,direct,0.553363,9,left_wrist,1,1,2.000000,790.060000,146.800000,2.000000,727.374000,390.353000,251.490752,67.848286,0,0.062000,0.000000
SP_R_Yoga_2,openpose,51,2.060514,ok,1,direct,0.553363,10,right_wrist,1,1,2.000000,563.140000,136.780000,0.000000,0.000000,0.000000,,67.848286,0,0.062000,0.000000
SP_R_Yoga_2,openpose,51,2.060514,ok,1,direct,0.553363,11,left_hip,1,1,2.000000,702.810000,402.350000,2.000000,707.706000,402.099000,4.902430,67.848286,1,0.107000,0.990921
SP_R_Yoga_2,openpose,51,2.060514,ok,1,direct,0.553363,12,right_hip,1,1,2.000000,662.090000,392.870000,2.000000,647.028000,400.117000,16.714750,67.848286,1,0.107000,0.899407
SP_R_Yoga_2,openpose,51,2.060514,ok,1,direct,0.553363,13,left_knee,1,1,2.000000,691.250000,533.040000,2.000000,709.720000,435.427000,99.345049,67.848286,0,0.087000,0.003465
SP_R_Yoga_2,openpose,51,2.060514,ok,1,direct,0.553363,14,right_knee,1,1,2.000000,574.310000,429.840000,2.000000,578.476000,425.680000,5.887373,67.848286,1,0.087000,0.980301
SP_R_Yoga_2,openpose,51,2.060514,ok,1,direct,0.553363,15,left_ankle,1,1,2.000000,674.810000,643.940000,2.000000,688.173000,543.196000,101.626391,67.848286,0,0.089000,0.003466
SP_R_Yoga_2,openpose,51,2.060514,ok,1,direct,0.553363,16,right_ankle,1,1,2.000000,649.400000,494.360000,2.000000,641.094000,494.162000,8.308360,67.848286,1,0.089000,0.962846
SP_R_Yoga_2,openpose,52,2.100916,ok,1,direct,0.620155,0,nose,1,1,2.000000,677.760000,223.690000,2.000000,674.482000,221.911000,3.729628,65.163046,1,0.026000,0.907629
SP_R_Yoga_2,openpose,52,2.100916,ok,1,direct,0.620155,1,left_eye,0,0,0.000000,0.000000,0.000000,2.000000,684.198000,212.072000,,,,0.025000,
SP_R_Yoga_2,openpose,52,2.100916,ok,1,direct,0.620155,2,right_eye,0,0,0.000000,0.000000,0.000000,2.000000,664.647000,212.131000,,,,0.025000,
SP_R_Yoga_2,openpose,52,2.100916,ok,1,direct,0.620155,3,left_ear,0,0,0.000000,0.000000,0.000000,2.000000,697.913000,218.006000,,,,0.035000,
SP_R_Yoga_2,openpose,52,2.100916,ok,1,direct,0.620155,4,right_ear,0,0,0.000000,0.000000,0.000000,2.000000,650.936000,221.871000,,,,0.035000,
SP_R_Yoga_2,openpose,52,2.100916,ok,1,direct,0.620155,5,left_shoulder,1,1,2.000000,723.320000,272.320000,2.000000,719.465000,274.783000,4.574647,65.163046,1,0.079000,0.984330
SP_R_Yoga_2,openpose,52,2.100916,ok,1,direct,0.620155,6,right_shoulder,1,1,2.000000,633.130000,278.610000,2.000000,637.242000,276.761000,4.508586,65.163046,1,0.079000,0.984776
SP_R_Yoga_2,openpose,52,2.100916,ok,1,direct,0.620155,7,left_elbow,1,1,2.000000,752.430000,217.090000,2.000000,741.062000,337.445000,120.890684,65.163046,0,0.072000,0.000002
SP_R_Yoga_2,openpose,52,2.100916,ok,1,direct,0.620155,8,right_elbow,1,1,2.000000,600.910000,223.900000,2.000000,631.292000,345.275000,125.119769,65.163046,0,0.072000,0.000001
SP_R_Yoga_2,openpose,52,2.100916,ok,1,direct,0.620155,9,left_wrist,1,1,2.000000,781.900000,143.330000,2.000000,729.310000,390.356000,252.561978,65.163046,0,0.062000,0.000000
SP_R_Yoga_2,openpose,52,2.100916,ok,1,direct,0.620155,10,right_wrist,1,1,2.000000,573.760000,133.920000,0.000000,0.000000,0.000000,,65.163046,0,0.062000,0.000000
SP_R_Yoga_2,openpose,52,2.100916,ok,1,direct,0.620155,11,left_hip,1,1,2.000000,702.990000,402.240000,2.000000,707.773000,400.195000,5.201838,65.163046,1,0.107000,0.988930
SP_R_Yoga_2,openpose,52,2.100916,ok,1,direct,0.620155,12,right_hip,1,1,2.000000,662.150000,392.870000,2.000000,647.063000,398.159000,15.987216,65.163046,1,0.107000,0.900190
SP_R_Yoga_2,openpose,52,2.100916,ok,1,direct,0.620155,13,left_knee,1,1,2.000000,691.340000,532.910000,2.000000,705.813000,451.117000,83.063606,65.163046,0,0.087000,0.013657
SP_R_Yoga_2,openpose,52,2.100916,ok,1,direct,0.620155,14,right_knee,1,1,2.000000,574.570000,432.000000,2.000000,578.419000,429.535000,4.570670,65.163046,1,0.087000,0.987084
SP_R_Yoga_2,openpose,52,2.100916,ok,1,direct,0.620155,15,left_ankle,1,1,2.000000,674.810000,643.940000,0.000000,0.000000,0.000000,,65.163046,0,0.089000,0.000000
SP_R_Yoga_2,openpose,52,2.100916,ok,1,direct,0.620155,16,right_ankle,1,1,2.000000,650.710000,494.520000,2.000000,645.066000,492.279000,6.072629,65.163046,1,0.089000,0.978311
SP_R_Yoga_2,openpose,53,2.141318,ok,1,direct,0.558640,0,nose,1,1,2.000000,678.160000,223.620000,2.000000,674.465000,223.771000,3.698084,63.876354,1,0.026000,0.905594
SP_R_Yoga_2,openpose,53,2.141318,ok,1,direct,0.558640,1,left_eye,0,0,0.000000,0.000000,0.000000,2.000000,684.248000,212.093000,,,,0.025000,
SP_R_Yoga_2,openpose,53,2.141318,ok,1,direct,0.558640,2,right_eye,0,0,0.000000,0.000000,0.000000,2.000000,664.629000,212.116000,,,,0.025000,
SP_R_Yoga_2,openpose,53,2.141318,ok,1,direct,0.558640,3,left_ear,0,0,0.000000,0.000000,0.000000,2.000000,698.020000,219.947000,,,,0.035000,
SP_R_Yoga_2,openpose,53,2.141318,ok,1,direct,0.558640,4,right_ear,0,0,0.000000,0.000000,0.000000,2.000000,650.919000,221.851000,,,,0.035000,
SP_R_Yoga_2,openpose,53,2.141318,ok,1,direct,0.558640,5,left_shoulder,1,1,2.000000,723.140000,272.150000,2.000000,717.536000,276.753000,7.252063,63.876354,1,0.079000,0.959535
SP_R_Yoga_2,openpose,53,2.141318,ok,1,direct,0.558640,6,right_shoulder,1,1,2.000000,633.370000,278.440000,2.000000,637.167000,276.691000,4.180456,63.876354,1,0.079000,0.986368
SP_R_Yoga_2,openpose,53,2.141318,ok,1,direct,0.558640,7,left_elbow,1,1,2.000000,748.860000,214.840000,2.000000,737.171000,337.446000,123.161942,63.876354,0,0.072000,0.000001
SP_R_Yoga_2,openpose,53,2.141318,ok,1,direct,0.558640,8,right_elbow,1,1,2.000000,603.970000,221.140000,2.000000,631.311000,345.262000,127.097605,63.876354,0,0.072000,0.000000
SP_R_Yoga_2,openpose,53,2.141318,ok,1,direct,0.558640,9,left_wrist,1,1,2.000000,773.730000,139.860000,2.000000,727.310000,386.469000,250.939864,63.876354,0,0.062000,0.000000
SP_R_Yoga_2,openpose,53,2.141318,ok,1,direct,0.558640,10,right_wrist,1,1,2.000000,584.380000,131.070000,0.000000,0.000000,0.000000,,63.876354,0,0.062000,0.000000
SP_R_Yoga_2,openpose,53,2.141318,ok,1,direct,0.558640,11,left_hip,1,1,2.000000,703.170000,402.140000,2.000000,705.793000,402.089000,2.623496,63.876354,1,0.107000,0.997058
SP_R_Yoga_2,openpose,53,2.141318,ok,1,direct,0.558640,12,right_hip,1,1,2.000000,662.200000,392.870000,2.000000,646.991000,396.263000,15.582879,63.876354,1,0.107000,0.901259
SP_R_Yoga_2,openpose,53,2.141318,ok,1,direct,0.558640,13,left_knee,1,1,2.000000,691.440000,532.770000,2.000000,695.962000,509.862000,23.350052,63.876354,1,0.087000,0.702513
SP_R_Yoga_2,openpose,53,2.141318,ok,1,direct,0.558640,14,right_knee,1,1,2.000000,574.840000,434.150000,2.000000,576.493000,431.575000,3.059908,63.876354,1,0.087000,0.993955
SP_R_Yoga_2,openpose,53,2.141318,ok,1,direct,0.558640,15,left_ankle,1,1,2.000000,674.810000,643.940000,2.000000,666.619000,623.522000,21.999709,63.876354,1,0.089000,0.741185
SP_R_Yoga_2,openpose,53,2.141318,ok,1,direct,0.558640,16,right_ankle,1,1,2.000000,652.020000,494.670000,2.000000,647.055000,492.261000,5.518560,63.876354,1,0.089000,0.981330
SP_R_Yoga_2,openpose,54,2.181721,ok,1,direct,0.583377,0,nose,1,1,2.000000,678.550000,223.560000,2.000000,676.339000,221.857000,2.790830,62.682034,1,0.026000,0.943037
SP_R_Yoga_2,openpose,54,2.181721,ok,1,direct,0.583377,1,left_eye,0,0,0.000000,0.000000,0.000000,2.000000,684.286000,212.047000,,,,0.025000,
SP_R_Yoga_2,openpose,54,2.181721,ok,1,direct,0.583377,2,right_eye,0,0,0.000000,0.000000,0.000000,2.000000,664.675000,212.059000,,,,0.025000,
SP_R_Yoga_2,openpose,54,2.181721,ok,1,direct,0.583377,3,left_ear,0,0,0.000000,0.000000,0.000000,2.000000,699.918000,219.915000,,,,0.035000,
SP_R_Yoga_2,openpose,54,2.181721,ok,1,direct,0.583377,4,right_ear,0,0,0.000000,0.000000,0.000000,2.000000,650.974000,219.953000,,,,0.035000,
SP_R_Yoga_2,openpose,54,2.181721,ok,1,direct,0.583377,5,left_shoulder,1,1,2.000000,722.950000,271.980000,2.000000,717.574000,274.822000,6.080982,62.682034,1,0.079000,0.970290
SP_R_Yoga_2,openpose,54,2.181721,ok,1,direct,0.583377,6,right_shoulder,1,1,2.000000,633.610000,278.270000,2.000000,637.269000,274.773000,5.061353,62.682034,1,0.079000,0.979323
SP_R_Yoga_2,openpose,54,2.181721,ok,1,direct,0.583377,7,left_elbow,1,1,2.000000,745.290000,212.590000,2.000000,739.068000,337.480000,125.044893,62.682034,0,0.072000,0.000000
SP_R_Yoga_2,openpose,54,2.181721,ok,1,direct,0.583377,8,right_elbow,1,1,2.000000,607.030000,218.390000,2.000000,631.352000,343.351000,127.305975,62.682034,0,0.072000,0.000000
SP_R_Yoga_2,openpose,54,2.181721,ok,1,direct,0.583377,9,left_wrist,1,1,2.000000,765.560000,136.380000,2.000000,727.334000,388.426000,254.928251,62.682034,0,0.062000,0.000000
SP_R_Yoga_2,openpose,54,2.181721,ok,1,direct,0.583377,10,right_wrist,1,1,2.000000,595.000000,128.210000,0.000000,0.000000,0.000000,,62.682034,0,0.062000,0.000000
SP_R_Yoga_2,openpose,54,2.181721,ok,1,direct,0.583377,11,left_hip,1,1,2.000000,703.350000,402.030000,2.000000,707.712000,402.152000,4.363706,62.682034,1,0.107000,0.991570
SP_R_Yoga_2,openpose,54,2.181721,ok,1,direct,0.583377,12,right_hip,1,1,2.000000,662.260000,392.870000,2.000000,647.035000,398.206000,16.132995,62.682034,1,0.107000,0.890725
SP_R_Yoga_2,openpose,54,2.181721,ok,1,direct,0.583377,13,left_knee,1,1,2.000000,691.530000,532.640000,2.000000,695.989000,513.823000,19.338102,62.682034,1,0.087000,0.777636
SP_R_Yoga_2,openpose,54,2.181721,ok,1,direct,0.583377,14,right_knee,1,1,2.000000,575.100000,436.300000,2.000000,574.510000,433.478000,2.883016,62.682034,1,0.087000,0.994426
SP_R_Yoga_2,openpose,54,2.181721,ok,1,direct,0.583377,15,left_ankle,1,1,2.000000,674.810000,643.940000,2.000000,666.554000,629.393000,16.726528,62.682034,1,0.089000,0.835442
SP_R_Yoga_2,openpose,54,2.181721,ok,1,direct,0.583377,16,right_ankle,1,1,2.000000,653.330000,494.830000,2.000000,647.025000,492.293000,6.796278,62.682034,1,0.089000,0.970753
SP_R_Yoga_2,openpose,55,2.222123,ok,1,direct,0.602396,0,nose,1,1,2.000000,678.950000,223.490000,2.000000,676.381000,221.881000,3.031277,61.448820,1,0.026000,0.930535
SP_R_Yoga_2,openpose,55,2.222123,ok,1,direct,0.602396,1,left_eye,0,0,0.000000,0.000000,0.000000,2.000000,686.204000,212.092000,,,,0.025000,
SP_R_Yoga_2,openpose,55,2.222123,ok,1,direct,0.602396,2,right_eye,0,0,0.000000,0.000000,0.000000,2.000000,664.711000,212.062000,,,,0.025000,
SP_R_Yoga_2,openpose,55,2.222123,ok,1,direct,0.602396,3,left_ear,0,0,0.000000,0.000000,0.000000,2.000000,699.967000,221.832000,,,,0.035000,
SP_R_Yoga_2,openpose,55,2.222123,ok,1,direct,0.602396,4,right_ear,0,0,0.000000,0.000000,0.000000,2.000000,650.970000,219.954000,,,,0.035000,
SP_R_Yoga_2,openpose,55,2.222123,ok,1,direct,0.602396,5,left_shoulder,1,1,2.000000,722.770000,271.810000,2.000000,715.641000,274.761000,7.715636,61.448820,1,0.079000,0.950732
SP_R_Yoga_2,openpose,55,2.222123,ok,1,direct,0.602396,6,right_shoulder,1,1,2.000000,633.850000,278.100000,2.000000,637.263000,272.870000,6.245116,61.448820,1,0.079000,0.967442
SP_R_Yoga_2,openpose,55,2.222123,ok,1,direct,0.602396,7,left_elbow,1,1,2.000000,741.710000,210.350000,2.000000,735.208000,339.421000,129.234667,61.448820,0,0.072000,0.000000
SP_R_Yoga_2,openpose,55,2.222123,ok,1,direct,0.602396,8,right_elbow,1,1,2.000000,610.100000,215.630000,2.000000,631.294000,337.464000,123.663694,61.448820,0,0.072000,0.000000
SP_R_Yoga_2,openpose,55,2.222123,ok,1,direct,0.602396,9,left_wrist,1,1,2.000000,757.390000,132.910000,2.000000,727.349000,390.383000,259.219612,61.448820,0,0.062000,0.000000
SP_R_Yoga_2,openpose,55,2.222123,ok,1,direct,0.602396,10,right_wrist,1,1,2.000000,605.620000,125.350000,0.000000,0.000000,0.000000,,61.448820,0,0.062000,0.000000
SP_R_Yoga_2,openpose,55,2.222123,ok,1,direct,0.602396,11,left_hip,1,1,2.000000,703.530000,401.920000,2.000000,707.769000,404.075000,4.755328,61.448820,1,0.107000,0.989593
SP_R_Yoga_2,openpose,55,2.222123,ok,1,direct,0.602396,12,right_hip,1,1,2.000000,662.310000,392.870000,2.000000,647.034000,398.222000,16.186417,61.448820,1,0.107000,0.885848
SP_R_Yoga_2,openpose,55,2.222123,ok,1,direct,0.602396,13,left_knee,1,1,2.000000,691.630000,532.510000,2.000000,692.108000,523.573000,8.949774,61.448820,1,0.087000,0.945490
SP_R_Yoga_2,openpose,55,2.222123,ok,1,direct,0.602396,14,right_knee,1,1,2.000000,575.360000,438.450000,2.000000,572.614000,437.338000,2.962610,61.448820,1,0.087000,0.993877
SP_R_Yoga_2,openpose,55,2.222123,ok,1,direct,0.602396,15,left_ankle,1,1,2.000000,674.810000,643.940000,2.000000,666.557000,635.261000,11.976521,61.448820,1,0.089000,0.908542
SP_R_Yoga_2,openpose,55,2.222123,ok,1,direct,0.602396,16,right_ankle,1,1,2.000000,654.650000,494.990000,2.000000,648.974000,494.176000,5.734071,61.448820,1,0.089000,0.978254
SP_R_Yoga_2,openpose,56,2.262525,ok,1,direct,0.596077,0,nose,1,1,2.000000,679.540000,223.400000,2.000000,676.425000,221.906000,3.454745,60.489997,1,0.026000,0.908006
SP_R_Yoga_2,openpose,56,2.262525,ok,1,direct,0.596077,1,left_eye,0,0,0.000000,0.000000,0.000000,2.000000,686.254000,212.076000,,,,0.025000,
SP_R_Yoga_2,openpose,56,2.262525,ok,1,direct,0.596077,2,right_eye,0,0,0.000000,0.000000,0.000000,2.000000,666.535000,212.064000,,,,0.025000,
SP_R_Yoga_2,openpose,56,2.262525,ok,1,direct,0.596077,3,left_ear,0,0,0.000000,0.000000,0.000000,2.000000,701.848000,219.941000,,,,0.035000,
SP_R_Yoga_2,openpose,56,2.262525,ok,1,direct,0.596077,4,right_ear,0,0,0.000000,0.000000,0.000000,2.000000,650.905000,219.925000,,,,0.035000,
SP_R_Yoga_2,openpose,56,2.262525,ok,1,direct,0.596077,5,left_shoulder,1,1,2.000000,722.580000,271.640000,2.000000,717.584000,274.762000,5.891256,60.489997,1,0.079000,0.970061
SP_R_Yoga_2,openpose,56,2.262525,ok,1,direct,0.596077,6,right_shoulder,1,1,2.000000,634.080000,277.930000,2.000000,637.200000,274.762000,4.446417,60.489997,1,0.079000,0.982834
SP_R_Yoga_2,openpose,56,2.262525,ok,1,direct,0.596077,7,left_elbow,1,1,2.000000,741.150000,208.550000,0.000000,0.000000,0.000000,,60.489997,0,0.072000,0.000000
SP_R_Yoga_2,openpose,56,2.262525,ok,1,direct,0.596077,8,right_elbow,1,1,2.000000,613.410000,212.610000,2.000000,631.317000,339.439000,128.086908,60.489997,0,0.072000,0.000000
SP_R_Yoga_2,openpose,56,2.262525,ok,1,direct,0.596077,9,left_wrist,1,1,2.000000,751.820000,131.780000,0.000000,0.000000,0.000000,,60.489997,0,0.062000,0.000000
SP_R_Yoga_2,openpose,56,2.262525,ok,1,direct,0.596077,10,right_wrist,1,1,2.000000,612.420000,124.780000,0.000000,0.000000,0.000000,,60.489997,0,0.062000,0.000000
SP_R_Yoga_2,openpose,56,2.262525,ok,1,direct,0.596077,11,left_hip,1,1,2.000000,703.710000,401.810000,2.000000,709.640000,402.136000,5.938954,60.489997,1,0.107000,0.983302
SP_R_Yoga_2,openpose,56,2.262525,ok,1,direct,0.596077,12,right_hip,1,1,2.000000,662.370000,392.870000,2.000000,646.996000,398.251000,16.288494,60.489997,1,0.107000,0.881029
SP_R_Yoga_2,openpose,56,2.262525,ok,1,direct,0.596077,13,left_knee,1,1,2.000000,691.730000,532.380000,2.000000,695.964000,511.826000,20.985559,60.489997,1,0.087000,0.727582
SP_R_Yoga_2,openpose,56,2.262525,ok,1,direct,0.596077,14,right_knee,1,1,2.000000,575.620000,440.610000,2.000000,572.631000,439.337000,3.248792,60.489997,1,0.087000,0.992407
SP_R_Yoga_2,openpose,56,2.262525,ok,1,direct,0.596077,15,left_ankle,1,1,2.000000,674.810000,643.940000,2.000000,666.629000,629.347000,16.729746,60.489997,1,0.089000,0.824370
SP_R_Yoga_2,openpose,56,2.262525,ok,1,direct,0.596077,16,right_ankle,1,1,2.000000,655.960000,495.150000,2.000000,650.895000,492.284000,5.819638,60.489997,1,0.089000,0.976900
SP_R_Yoga_2,openpose,57,2.302927,ok,1,direct,0.643819,0,nose,1,1,2.000000,680.130000,223.310000,2.000000,676.407000,221.929000,3.970880,59.510001,1,0.026000,0.876580
SP_R_Yoga_2,openpose,57,2.302927,ok,1,direct,0.643819,1,left_eye,0,0,0.000000,0.000000,0.000000,2.000000,686.241000,212.079000,,,,0.025000,
SP_R_Yoga_2,openpose,57,2.302927,ok,1,direct,0.643819,2,right_eye,0,0,0.000000,0.000000,0.000000,2.000000,664.710000,212.078000,,,,0.025000,
SP_R_Yoga_2,openpose,57,2.302927,ok,1,direct,0.643819,3,left_ear,0,0,0.000000,0.000000,0.000000,2.000000,701.868000,219.936000,,,,0.035000,
SP_R_Yoga_2,openpose,57,2.302927,ok,1,direct,0.643819,4,right_ear,0,0,0.000000,0.000000,0.000000,2.000000,650.868000,219.957000,,,,0.035000,
SP_R_Yoga_2,openpose,57,2.302927,ok,1,direct,0.643819,5,left_shoulder,1,1,2.000000,722.400000,271.460000,2.000000,717.595000,272.863000,5.005640,59.510001,1,0.079000,0.977582
SP_R_Yoga_2,openpose,57,2.302927,ok,1,direct,0.643819,6,right_shoulder,1,1,2.000000,634.320000,277.760000,2.000000,635.289000,272.803000,5.050823,59.510001,1,0.079000,0.977180
SP_R_Yoga_2,openpose,57,2.302927,ok,1,direct,0.643819,7,left_elbow,1,1,2.000000,740.580000,206.750000,2.000000,733.248000,337.483000,130.938442,59.510001,0,0.072000,0.000000
SP_R_Yoga_2,openpose,57,2.302927,ok,1,direct,0.643819,8,right_elbow,1,1,2.000000,616.710000,209.580000,0.000000,0.000000,0.000000,,59.510001,0,0.072000,0.000000
SP_R_Yoga_2,openpose,57,2.302927,ok,1,direct,0.643819,9,left_wrist,1,1,2.000000,746.240000,130.640000,0.000000,0.000000,0.000000,,59.510001,0,0.062000,0.000000
SP_R_Yoga_2,openpose,57,2.302927,ok,1,direct,0.643819,10,right_wrist,1,1,2.000000,619.230000,124.210000,0.000000,0.000000,0.000000,,59.510001,0,0.062000,0.000000
SP_R_Yoga_2,openpose,57,2.302927,ok,1,direct,0.643819,11,left_hip,1,1,2.000000,703.890000,401.700000,2.000000,707.766000,404.083000,4.549952,59.510001,1,0.107000,0.989840
SP_R_Yoga_2,openpose,57,2.302927,ok,1,direct,0.643819,12,right_hip,1,1,2.000000,662.420000,392.870000,2.000000,645.030000,398.238000,18.199657,59.510001,1,0.107000,0.849265
SP_R_Yoga_2,openpose,57,2.302927,ok,1,direct,0.643819,13,left_knee,1,1,2.000000,691.820000,532.250000,2.000000,692.025000,521.636000,10.615980,59.510001,1,0.087000,0.919351
SP_R_Yoga_2,openpose,57,2.302927,ok,1,direct,0.643819,14,right_knee,1,1,2.000000,575.890000,442.760000,2.000000,572.605000,443.210000,3.315679,59.510001,1,0.087000,0.991831
SP_R_Yoga_2,openpose,57,2.302927,ok,1,direct,0.643819,15,left_ankle,1,1,2.000000,674.810000,643.940000,2.000000,666.656000,631.300000,15.041852,59.510001,1,0.089000,0.851025
SP_R_Yoga_2,openpose,57,2.302927,ok,1,direct,0.643819,16,right_ankle,1,1,2.000000,657.270000,495.300000,2.000000,652.846000,494.188000,4.561614,59.510001,1,0.089000,0.985274
SP_R_Yoga_2,openpose,58,2.343330,ok,1,direct,0.591753,0,nose,1,1,2.000000,680.720000,223.220000,2.000000,676.388000,221.892000,4.530983,58.512531,1,0.026000,0.837439
SP_R_Yoga_2,openpose,58,2.343330,ok,1,direct,0.591753,1,left_eye,0,0,0.000000,0.000000,0.000000,2.000000,688.100000,212.047000,,,,0.025000,
SP_R_Yoga_2,openpose,58,2.343330,ok,1,direct,0.591753,2,right_eye,0,0,0.000000,0.000000,0.000000,2.000000,664.701000,212.041000,,,,0.025000,
SP_R_Yoga_2,openpose,58,2.343330,ok,1,direct,0.591753,3,left_ear,0,0,0.000000,0.000000,0.000000,2.000000,701.908000,219.886000,,,,0.035000,
SP_R_Yoga_2,openpose,58,2.343330,ok,1,direct,0.591753,4,right_ear,0,0,0.000000,0.000000,0.000000,2.000000,650.883000,219.875000,,,,0.035000,
SP_R_Yoga_2,openpose,58,2.343330,ok,1,direct,0.591753,5,left_shoulder,1,1,2.000000,722.220000,271.290000,2.000000,721.441000,274.731000,3.528076,58.512531,1,0.079000,0.988417
SP_R_Yoga_2,openpose,58,2.343330,ok,1,direct,0.591753,6,right_shoulder,1,1,2.000000,634.560000,277.590000,2.000000,637.212000,272.840000,5.440184,58.512531,1,0.079000,0.972679
SP_R_Yoga_2,openpose,58,2.343330,ok,1,direct,0.591753,7,left_elbow,1,1,2.000000,740.010000,204.960000,2.000000,742.993000,339.435000,134.508081,58.512531,0,0.072000,0.000000
SP_R_Yoga_2,openpose,58,2.343330,ok,1,direct,0.591753,8,right_elbow,1,1,2.000000,620.020000,206.560000,2.000000,623.531000,333.567000,127.055520,58.512531,0,0.072000,0.000000
SP_R_Yoga_2,openpose,58,2.343330,ok,1,direct,0.591753,9,left_wrist,1,1,2.000000,740.660000,129.510000,2.000000,737.104000,386.452000,256.966606,58.512531,0,0.062000,0.000000
SP_R_Yoga_2,openpose,58,2.343330,ok,1,direct,0.591753,10,right_wrist,1,1,2.000000,626.030000,123.650000,0.000000,0.000000,0.000000,,58.512531,0,0.062000,0.000000
SP_R_Yoga_2,openpose,58,2.343330,ok,1,direct,0.591753,11,left_hip,1,1,2.000000,704.070000,401.600000,2.000000,709.736000,406.000000,7.173810,58.512531,1,0.107000,0.974084
SP_R_Yoga_2,openpose,58,2.343330,ok,1,direct,0.591753,12,right_hip,1,1,2.000000,662.480000,392.870000,2.000000,646.981000,400.139000,17.118918,58.512531,1,0.107000,0.861116
SP_R_Yoga_2,openpose,58,2.343330,ok,1,direct,0.591753,13,left_knee,1,1,2.000000,691.920000,532.110000,2.000000,693.994000,521.670000,10.644016,58.512531,1,0.087000,0.916275
SP_R_Yoga_2,openpose,58,2.343330,ok,1,direct,0.591753,14,right_knee,1,1,2.000000,576.150000,444.910000,2.000000,572.614000,443.194000,3.930388,58.512531,1,0.087000,0.988148
SP_R_Yoga_2,openpose,58,2.343330,ok,1,direct,0.591753,15,left_ankle,1,1,2.000000,674.810000,643.940000,2.000000,668.513000,633.269000,12.390418,58.512531,1,0.089000,0.892954
SP_R_Yoga_2,openpose,58,2.343330,ok,1,direct,0.591753,16,right_ankle,1,1,2.000000,658.580000,495.460000,2.000000,650.911000,496.118000,7.697176,58.512531,1,0.089000,0.957247
SP_R_Yoga_2,openpose,59,2.383732,ok,1,direct,0.557571,0,nose,1,1,2.000000,681.320000,223.130000,2.000000,678.299000,221.890000,3.265584,58.280633,1,0.026000,0.911296
SP_R_Yoga_2,openpose,59,2.383732,ok,1,direct,0.557571,1,left_eye,0,0,0.000000,0.000000,0.000000,2.000000,690.078000,212.026000,,,,0.025000,
SP_R_Yoga_2,openpose,59,2.383732,ok,1,direct,0.557571,2,right_eye,0,0,0.000000,0.000000,0.000000,2.000000,666.573000,210.137000,,,,0.025000,
SP_R_Yoga_2,openpose,59,2.383732,ok,1,direct,0.557571,3,left_ear,0,0,0.000000,0.000000,0.000000,2.000000,705.764000,218.019000,,,,0.035000,
SP_R_Yoga_2,openpose,59,2.383732,ok,1,direct,0.557571,4,right_ear,0,0,0.000000,0.000000,0.000000,2.000000,649.021000,216.056000,,,,0.035000,
SP_R_Yoga_2,openpose,59,2.383732,ok,1,direct,0.557571,5,left_shoulder,1,1,2.000000,722.030000,271.120000,2.000000,723.371000,274.761000,3.880098,58.280633,1,0.079000,0.985896
SP_R_Yoga_2,openpose,59,2.383732,ok,1,direct,0.557571,6,right_shoulder,1,1,2.000000,634.790000,277.420000,2.000000,637.178000,272.817000,5.185572,58.280633,1,0.079000,0.974949
SP_R_Yoga_2,openpose,59,2.383732,ok,1,direct,0.557571,7,left_elbow,1,1,2.000000,739.440000,203.160000,2.000000,742.995000,339.457000,136.343354,58.280633,0,0.072000,0.000000
SP_R_Yoga_2,openpose,59,2.383732,ok,1,direct,0.557571,8,right_elbow,1,1,2.000000,623.330000,203.530000,0.000000,0.000000,0.000000,,58.280633,0,0.072000,0.000000
SP_R_Yoga_2,openpose,59,2.383732,ok,1,direct,0.557571,9,left_wrist,1,1,2.000000,735.090000,128.380000,2.000000,737.136000,386.425000,258.053111,58.280633,0,0.062000,0.000000
SP_R_Yoga_2,openpose,59,2.383732,ok,1,direct,0.557571,10,right_wrist,1,1,2.000000,632.840000,123.080000,0.000000,0.000000,0.000000,,58.280633,0,0.062000,0.000000
SP_R_Yoga_2,openpose,59,2.383732,ok,1,direct,0.557571,11,left_hip,1,1,2.000000,704.250000,401.490000,2.000000,709.743000,406.003000,7.109164,58.280633,1,0.107000,0.974342
SP_R_Yoga_2,openpose,59,2.383732,ok,1,direct,0.557571,12,right_hip,1,1,2.000000,662.530000,392.870000,2.000000,646.978000,400.126000,17.161417,58.280633,1,0.107000,0.859446
SP_R_Yoga_2,openpose,59,2.383732,ok,1,direct,0.557571,13,left_knee,1,1,2.000000,692.020000,531.980000,2.000000,695.983000,519.663000,12.938851,58.280633,1,0.087000,0.877887
SP_R_Yoga_2,openpose,59,2.383732,ok,1,direct,0.557571,14,right_knee,1,1,2.000000,576.410000,447.060000,2.000000,572.585000,445.225000,4.242387,58.280633,1,0.087000,0.986096
SP_R_Yoga_2,openpose,59,2.383732,ok,1,direct,0.557571,15,left_ankle,1,1,2.000000,674.810000,643.940000,2.000000,666.633000,629.417000,16.666759,58.280633,1,0.089000,0.813433
SP_R_Yoga_2,openpose,59,2.383732,ok,1,direct,0.557571,16,right_ankle,1,1,2.000000,659.900000,495.620000,2.000000,654.822000,494.264000,5.255932,58.280633,1,0.089000,0.979674
SP_R_Yoga_2,openpose,60,2.424134,ok,1,direct,0.531822,0,nose,1,1,2.000000,681.910000,223.030000,2.000000,678.362000,221.876000,3.730954,58.163888,1,0.026000,0.885383
SP_R_Yoga_2,openpose,60,2.424134,ok,1,direct,0.531822,1,left_eye,0,0,0.000000,0.000000,0.000000,2.000000,690.078000,212.076000,,,,0.025000,
SP_R_Yoga_2,openpose,60,2.424134,ok,1,direct,0.531822,2,right_eye,0,0,0.000000,0.000000,0.000000,2.000000,666.668000,212.055000,,,,0.025000,
SP_R_Yoga_2,openpose,60,2.424134,ok,1,direct,0.531822,3,left_ear,0,0,0.000000,0.000000,0.000000,2.000000,703.867000,221.820000,,,,0.035000,
SP_R_Yoga_2,openpose,60,2.424134,ok,1,direct,0.531822,4,right_ear,0,0,0.000000,0.000000,0.000000,2.000000,652.854000,219.946000,,,,0.035000,
SP_R_Yoga_2,openpose,60,2.424134,ok,1,direct,0.531822,5,left_shoulder,1,1,2.000000,721.850000,270.950000,2.000000,727.311000,276.694000,7.925658,58.163888,1,0.079000,0.942233
SP_R_Yoga_2,openpose,60,2.424134,ok,1,direct,0.531822,6,right_shoulder,1,1,2.000000,635.030000,277.250000,2.000000,639.206000,276.684000,4.214182,58.163888,1,0.079000,0.983318
SP_R_Yoga_2,openpose,60,2.424134,ok,1,direct,0.531822,7,left_elbow,1,1,2.000000,738.880000,201.370000,2.000000,744.962000,343.331000,142.091225,58.163888,0,0.072000,0.000000
SP_R_Yoga_2,openpose,60,2.424134,ok,1,direct,0.531822,8,right_elbow,1,1,2.000000,626.640000,200.510000,2.000000,629.406000,337.473000,136.990927,58.163888,0,0.072000,0.000000
SP_R_Yoga_2,openpose,60,2.424134,ok,1,direct,0.531822,9,left_wrist,1,1,2.000000,729.510000,127.240000,2.000000,731.238000,388.424000,261.189716,58.163888,0,0.062000,0.000000
SP_R_Yoga_2,openpose,60,2.424134,ok,1,direct,0.531822,10,right_wrist,1,1,2.000000,639.640000,122.510000,0.000000,0.000000,0.000000,,58.163888,0,0.062000,0.000000
SP_R_Yoga_2,openpose,60,2.424134,ok,1,direct,0.531822,11,left_hip,1,1,2.000000,704.430000,401.380000,2.000000,711.680000,406.056000,8.627136,58.163888,1,0.107000,0.962297
SP_R_Yoga_2,openpose,60,2.424134,ok,1,direct,0.531822,12,right_hip,1,1,2.000000,662.590000,392.870000,2.000000,648.931000,400.143000,15.474651,58.163888,1,0.107000,0.883688
SP_R_Yoga_2,openpose,60,2.424134,ok,1,direct,0.531822,13,left_knee,1,1,2.000000,692.110000,531.850000,2.000000,696.001000,525.545000,7.408975,58.163888,1,0.087000,0.958031
SP_R_Yoga_2,openpose,60,2.424134,ok,1,direct,0.531822,14,right_knee,1,1,2.000000,576.680000,449.220000,2.000000,572.615000,447.129000,4.571270,58.163888,1,0.087000,0.983811
SP_R_Yoga_2,openpose,60,2.424134,ok,1,direct,0.531822,15,left_ankle,1,1,2.000000,674.810000,643.940000,2.000000,674.429000,631.315000,12.630748,58.163888,1,0.089000,0.887746
SP_R_Yoga_2,openpose,60,2.424134,ok,1,direct,0.531822,16,right_ankle,1,1,2.000000,661.210000,495.780000,2.000000,654.841000,496.111000,6.377595,58.163888,1,0.089000,0.970099
SP_R_Yoga_2,openpose,61,2.464536,ok,1,direct,0.537155,0,nose,1,1,2.000000,681.550000,223.020000,2.000000,680.255000,219.953000,3.329191,57.875406,1,0.026000,0.906742
SP_R_Yoga_2,openpose,61,2.464536,ok,1,direct,0.537155,1,left_eye,0,0,0.000000,0.000000,0.000000,2.000000,690.092000,210.165000,,,,0.025000,
SP_R_Yoga_2,openpose,61,2.464536,ok,1,direct,0.537155,2,right_eye,0,0,0.000000,0.000000,0.000000,2.000000,668.506000,210.194000,,,,0.025000,
SP_R_Yoga_2,openpose,61,2.464536,ok,1,direct,0.537155,3,left_ear,0,0,0.000000,0.000000,0.000000,2.000000,703.861000,217.947000,,,,0.035000,
SP_R_Yoga_2,openpose,61,2.464536,ok,1,direct,0.537155,4,right_ear,0,0,0.000000,0.000000,0.000000,2.000000,650.965000,219.923000,,,,0.035000,
SP_R_Yoga_2,openpose,61,2.464536,ok,1,direct,0.537155,5,left_shoulder,1,1,2.000000,721.660000,270.780000,2.000000,727.288000,274.786000,6.908142,57.875406,1,0.079000,0.955369
SP_R_Yoga_2,openpose,61,2.464536,ok,1,direct,0.537155,6,right_shoulder,1,1,2.000000,635.030000,277.250000,2.000000,639.131000,276.691000,4.138923,57.875406,1,0.079000,0.983744
SP_R_Yoga_2,openpose,61,2.464536,ok,1,direct,0.537155,7,left_elbow,1,1,2.000000,737.350000,200.000000,2.000000,741.032000,341.375000,141.422939,57.875406,0,0.072000,0.000000
SP_R_Yoga_2,openpose,61,2.464536,ok,1,direct,0.537155,8,right_elbow,1,1,2.000000,627.630000,200.360000,2.000000,627.430000,339.408000,139.048144,57.875406,0,0.072000,0.000000
SP_R_Yoga_2,openpose,61,2.464536,ok,1,direct,0.537155,9,left_wrist,1,1,2.000000,725.010000,127.700000,2.000000,735.155000,386.465000,258.963793,57.875406,0,0.062000,0.000000
SP_R_Yoga_2,openpose,61,2.464536,ok,1,direct,0.537155,10,right_wrist,1,1,2.000000,643.300000,123.660000,0.000000,0.000000,0.000000,,57.875406,0,0.062000,0.000000
SP_R_Yoga_2,openpose,61,2.464536,ok,1,direct,0.537155,11,left_hip,1,1,2.000000,704.610000,401.270000,2.000000,711.724000,405.992000,8.538517,57.875406,1,0.107000,0.962691
SP_R_Yoga_2,openpose,61,2.464536,ok,1,direct,0.537155,12,right_hip,1,1,2.000000,662.640000,392.870000,2.000000,647.051000,400.144000,17.202558,57.875406,1,0.107000,0.856986
SP_R_Yoga_2,openpose,61,2.464536,ok,1,direct,0.537155,13,left_knee,1,1,2.000000,692.210000,531.720000,2.000000,696.040000,521.629000,10.793386,57.875406,1,0.087000,0.912196
SP_R_Yoga_2,openpose,61,2.464536,ok,1,direct,0.537155,14,right_knee,1,1,2.000000,576.400000,449.220000,2.000000,574.487000,447.253000,2.743840,57.875406,1,0.087000,0.994078
SP_R_Yoga_2,openpose,61,2.464536,ok,1,direct,0.537155,15,left_ankle,1,1,2.000000,674.810000,643.940000,2.000000,672.494000,631.378000,12.773711,57.875406,1,0.089000,0.884266
SP_R_Yoga_2,openpose,61,2.464536,ok,1,direct,0.537155,16,right_ankle,1,1,2.000000,661.210000,496.720000,2.000000,656.811000,496.150000,4.435775,57.875406,1,0.089000,0.985277
SP_R_Yoga_2,openpose,62,2.504939,ok,1,direct,0.532950,0,nose,1,1,2.000000,681.180000,223.000000,2.000000,680.288000,221.854000,1.452233,57.587033,1,0.026000,0.981361
SP_R_Yoga_2,openpose,62,2.504939,ok,1,direct,0.532950,1,left_eye,0,0,0.000000,0.000000,0.000000,2.000000,690.079000,210.182000,,,,0.025000,
SP_R_Yoga_2,openpose,62,2.504939,ok,1,direct,0.532950,2,right_eye,0,0,0.000000,0.000000,0.000000,2.000000,668.534000,212.067000,,,,0.025000,
SP_R_Yoga_2,openpose,62,2.504939,ok,1,direct,0.532950,3,left_ear,0,0,0.000000,0.000000,0.000000,2.000000,705.732000,216.063000,,,,0.035000,
SP_R_Yoga_2,openpose,62,2.504939,ok,1,direct,0.532950,4,right_ear,0,0,0.000000,0.000000,0.000000,2.000000,650.909000,221.819000,,,,0.035000,
SP_R_Yoga_2,openpose,62,2.504939,ok,1,direct,0.532950,5,left_shoulder,1,1,2.000000,721.480000,270.610000,2.000000,725.397000,274.775000,5.717527,57.587033,1,0.079000,0.968904
SP_R_Yoga_2,openpose,62,2.504939,ok,1,direct,0.532950,6,right_shoulder,1,1,2.000000,635.030000,277.250000,2.000000,639.127000,274.805000,4.771104,57.587033,1,0.079000,0.978243
SP_R_Yoga_2,openpose,62,2.504939,ok,1,direct,0.532950,7,left_elbow,1,1,2.000000,735.830000,198.620000,2.000000,741.026000,343.319000,144.792262,57.587033,0,0.072000,0.000000
SP_R_Yoga_2,openpose,62,2.504939,ok,1,direct,0.532950,8,right_elbow,1,1,2.000000,628.620000,200.210000,2.000000,627.396000,337.454000,137.249458,57.587033,0,0.072000,0.000000
SP_R_Yoga_2,openpose,62,2.504939,ok,1,direct,0.532950,9,left_wrist,1,1,2.000000,720.510000,128.160000,2.000000,731.303000,390.352000,262.414050,57.587033,0,0.062000,0.000000
SP_R_Yoga_2,openpose,62,2.504939,ok,1,direct,0.532950,10,right_wrist,1,1,2.000000,646.960000,124.800000,0.000000,0.000000,0.000000,,57.587033,0,0.062000,0.000000
SP_R_Yoga_2,openpose,62,2.504939,ok,1,direct,0.532950,11,left_hip,1,1,2.000000,704.790000,401.160000,2.000000,709.723000,406.053000,6.948089,57.587033,1,0.107000,0.974891
SP_R_Yoga_2,openpose,62,2.504939,ok,1,direct,0.532950,12,right_hip,1,1,2.000000,662.700000,392.870000,2.000000,646.995000,400.193000,17.328397,57.587033,1,0.107000,0.853703
SP_R_Yoga_2,openpose,62,2.504939,ok,1,direct,0.532950,13,left_knee,1,1,2.000000,692.300000,531.580000,2.000000,695.990000,525.535000,7.082240,57.587033,1,0.087000,0.960823
SP_R_Yoga_2,openpose,62,2.504939,ok,1,direct,0.532950,14,right_knee,1,1,2.000000,576.130000,449.220000,2.000000,572.598000,449.178000,3.532250,57.587033,1,0.087000,0.990108
SP_R_Yoga_2,openpose,62,2.504939,ok,1,direct,0.532950,15,left_ankle,1,1,2.000000,674.810000,643.940000,2.000000,672.498000,635.246000,8.996165,57.587033,1,0.089000,0.940241
SP_R_Yoga_2,openpose,62,2.504939,ok,1,direct,0.532950,16,right_ankle,1,1,2.000000,661.210000,497.670000,2.000000,658.739000,498.131000,2.513635,57.587033,1,0.089000,0.995201
SP_R_Yoga_2,openpose,63,2.545341,ok,1,direct,0.596631,0,nose,1,1,2.000000,680.820000,222.990000,2.000000,680.300000,221.819000,1.281265,57.296394,1,0.026000,0.985314
SP_R_Yoga_2,openpose,63,2.545341,ok,1,direct,0.596631,1,left_eye,0,0,0.000000,0.000000,0.000000,2.000000,688.189000,210.168000,,,,0.025000,
SP_R_Yoga_2,openpose,63,2.545341,ok,1,direct,0.596631,2,right_eye,0,0,0.000000,0.000000,0.000000,2.000000,668.554000,212.123000,,,,0.025000,
SP_R_Yoga_2,openpose,63,2.545341,ok,1,direct,0.596631,3,left_ear,0,0,0.000000,0.000000,0.000000,2.000000,703.785000,217.940000,,,,0.035000,
SP_R_Yoga_2,openpose,63,2.545341,ok,1,direct,0.596631,4,right_ear,0,0,0.000000,0.000000,0.000000,2.000000,650.915000,223.842000,,,,0.035000,
SP_R_Yoga_2,openpose,63,2.545341,ok,1,direct,0.596631,5,left_shoulder,1,1,2.000000,721.290000,270.440000,2.000000,727.307000,274.747000,7.399631,57.296394,1,0.079000,0.947954
SP_R_Yoga_2,openpose,63,2.545341,ok,1,direct,0.596631,6,right_shoulder,1,1,2.000000,635.030000,277.250000,2.000000,641.116000,276.724000,6.108688,57.296394,1,0.079000,0.964229
SP_R_Yoga_2,openpose,63,2.545341,ok,1,direct,0.596631,7,left_elbow,1,1,2.000000,734.300000,197.250000,0.000000,0.000000,0.000000,,57.296394,0,0.072000,0.000000
SP_R_Yoga_2,openpose,63,2.545341,ok,1,direct,0.596631,8,right_elbow,1,1,2.000000,629.610000,200.050000,2.000000,631.325000,343.306000,143.266265,57.296394,0,0.072000,0.000000
SP_R_Yoga_2,openpose,63,2.545341,ok,1,direct,0.596631,9,left_wrist,1,1,2.000000,716.010000,128.620000,0.000000,0.000000,0.000000,,57.296394,0,0.062000,0.000000
SP_R_Yoga_2,openpose,63,2.545341,ok,1,direct,0.596631,10,right_wrist,1,1,2.000000,650.620000,125.940000,0.000000,0.000000,0.000000,,57.296394,0,0.062000,0.000000
SP_R_Yoga_2,openpose,63,2.545341,ok,1,direct,0.596631,11,left_hip,1,1,2.000000,704.970000,401.060000,2.000000,711.722000,406.080000,8.413674,57.296394,1,0.107000,0.963032
SP_R_Yoga_2,openpose,63,2.545341,ok,1,direct,0.596631,12,right_hip,1,1,2.000000,662.750000,392.870000,2.000000,648.988000,400.200000,15.592355,57.296394,1,0.107000,0.878649
SP_R_Yoga_2,openpose,63,2.545341,ok,1,direct,0.596631,13,left_knee,1,1,2.000000,692.400000,531.450000,2.000000,695.975000,525.510000,6.932837,57.296394,1,0.087000,0.962052
SP_R_Yoga_2,openpose,63,2.545341,ok,1,direct,0.596631,14,right_knee,1,1,2.000000,575.860000,449.220000,2.000000,572.625000,449.167000,3.235434,57.296394,1,0.087000,0.991610
SP_R_Yoga_2,openpose,63,2.545341,ok,1,direct,0.596631,15,left_ankle,1,1,2.000000,674.810000,643.940000,2.000000,672.437000,633.283000,10.918002,57.296394,1,0.089000,0.912396
SP_R_Yoga_2,openpose,63,2.545341,ok,1,direct,0.596631,16,right_ankle,1,1,2.000000,661.210000,498.610000,2.000000,652.901000,500.125000,8.445988,57.296394,1,0.089000,0.946613
SP_R_Yoga_2,openpose,64,2.585743,ok,1,direct,0.600501,0,nose,1,1,2.000000,680.450000,222.970000,2.000000,680.304000,221.845000,1.134434,57.006544,1,0.026000,0.988352
SP_R_Yoga_2,openpose,64,2.585743,ok,1,direct,0.600501,1,left_eye,0,0,0.000000,0.000000,0.000000,2.000000,690.057000,210.185000,,,,0.025000,
SP_R_Yoga_2,openpose,64,2.585743,ok,1,direct,0.600501,2,right_eye,0,0,0.000000,0.000000,0.000000,2.000000,668.562000,212.133000,,,,0.025000,
SP_R_Yoga_2,openpose,64,2.585743,ok,1,direct,0.600501,3,left_ear,0,0,0.000000,0.000000,0.000000,2.000000,703.882000,217.958000,,,,0.035000,
SP_R_Yoga_2,openpose,64,2.585743,ok,1,direct,0.600501,4,right_ear,0,0,0.000000,0.000000,0.000000,2.000000,651.000000,223.823000,,,,0.035000,
SP_R_Yoga_2,openpose,64,2.585743,ok,1,direct,0.600501,5,left_shoulder,1,1,2.000000,721.110000,270.270000,2.000000,729.290000,274.839000,9.369534,57.006544,1,0.079000,0.917072
SP_R_Yoga_2,openpose,64,2.585743,ok,1,direct,0.600501,6,right_shoulder,1,1,2.000000,635.030000,277.250000,2.000000,643.068000,276.769000,8.052379,57.006544,1,0.079000,0.938061
SP_R_Yoga_2,openpose,64,2.585743,ok,1,direct,0.600501,7,left_elbow,1,1,2.000000,732.780000,195.880000,0.000000,0.000000,0.000000,,57.006544,0,0.072000,0.000000
SP_R_Yoga_2,openpose,64,2.585743,ok,1,direct,0.600501,8,right_elbow,1,1,2.000000,630.600000,199.900000,2.000000,629.390000,343.380000,143.485102,57.006544,0,0.072000,0.000000
SP_R_Yoga_2,openpose,64,2.585743,ok,1,direct,0.600501,9,left_wrist,1,1,2.000000,711.510000,129.070000,0.000000,0.000000,0.000000,,57.006544,0,0.062000,0.000000
SP_R_Yoga_2,openpose,64,2.585743,ok,1,direct,0.600501,10,right_wrist,1,1,2.000000,654.290000,127.090000,0.000000,0.000000,0.000000,,57.006544,0,0.062000,0.000000
SP_R_Yoga_2,openpose,64,2.585743,ok,1,direct,0.600501,11,left_hip,1,1,2.000000,705.150000,400.950000,2.000000,711.690000,408.004000,9.619278,57.006544,1,0.107000,0.951478
SP_R_Yoga_2,openpose,64,2.585743,ok,1,direct,0.600501,12,right_hip,1,1,2.000000,662.800000,392.870000,2.000000,648.968000,400.220000,15.663548,57.006544,1,0.107000,0.876442
SP_R_Yoga_2,openpose,64,2.585743,ok,1,direct,0.600501,13,left_knee,1,1,2.000000,692.500000,531.320000,2.000000,694.084000,527.501000,4.134467,57.006544,1,0.087000,0.986197
SP_R_Yoga_2,openpose,64,2.585743,ok,1,direct,0.600501,14,right_knee,1,1,2.000000,575.590000,449.220000,2.000000,572.616000,451.069000,3.501925,57.006544,1,0.087000,0.990078
SP_R_Yoga_2,openpose,64,2.585743,ok,1,direct,0.600501,15,left_ankle,1,1,2.000000,674.810000,643.940000,2.000000,670.550000,633.337000,11.426776,57.006544,1,0.089000,0.903527
SP_R_Yoga_2,openpose,64,2.585743,ok,1,direct,0.600501,16,right_ankle,1,1,2.000000,661.210000,499.560000,2.000000,654.866000,502.016000,6.802814,57.006544,1,0.089000,0.964682
SP_R_Yoga_2,openpose,65,2.626145,ok,1,direct,0.597874,0,nose,1,1,2.000000,680.090000,222.960000,2.000000,680.269000,223.778000,0.837356,56.901591,1,0.026000,0.993613
SP_R_Yoga_2,openpose,65,2.626145,ok,1,direct,0.597874,1,left_eye,0,0,0.000000,0.000000,0.000000,2.000000,690.069000,212.076000,,,,0.025000,
SP_R_Yoga_2,openpose,65,2.626145,ok,1,direct,0.597874,2,right_eye,0,0,0.000000,0.000000,0.000000,2.000000,668.551000,214.004000,,,,0.025000,
SP_R_Yoga_2,openpose,65,2.626145,ok,1,direct,0.597874,3,left_ear,0,0,0.000000,0.000000,0.000000,2.000000,705.764000,219.872000,,,,0.035000,
SP_R_Yoga_2,openpose,65,2.626145,ok,1,direct,0.597874,4,right_ear,0,0,0.000000,0.000000,0.000000,2.000000,652.895000,223.787000,,,,0.035000,
SP_R_Yoga_2,openpose,65,2.626145,ok,1,direct,0.597874,5,left_shoulder,1,1,2.000000,720.920000,270.090000,2.000000,729.324000,276.745000,10.719899,56.901591,1,0.079000,0.892491
SP_R_Yoga_2,openpose,65,2.626145,ok,1,direct,0.597874,6,right_shoulder,1,1,2.000000,635.030000,277.250000,2.000000,644.999000,276.774000,9.980358,56.901591,1,0.079000,0.906117
SP_R_Yoga_2,openpose,65,2.626145,ok,1,direct,0.597874,7,left_elbow,1,1,2.000000,732.050000,195.680000,0.000000,0.000000,0.000000,,56.901591,0,0.072000,0.000000
SP_R_Yoga_2,openpose,65,2.626145,ok,1,direct,0.597874,8,right_elbow,1,1,2.000000,630.410000,199.040000,2.000000,631.330000,341.397000,142.359973,56.901591,0,0.072000,0.000000
SP_R_Yoga_2,openpose,65,2.626145,ok,1,direct,0.597874,9,left_wrist,1,1,2.000000,708.880000,129.010000,0.000000,0.000000,0.000000,,56.901591,0,0.062000,0.000000
SP_R_Yoga_2,openpose,65,2.626145,ok,1,direct,0.597874,10,right_wrist,1,1,2.000000,655.540000,127.480000,0.000000,0.000000,0.000000,,56.901591,0,0.062000,0.000000
SP_R_Yoga_2,openpose,65,2.626145,ok,1,direct,0.597874,11,left_hip,1,1,2.000000,705.330000,400.840000,2.000000,711.655000,409.943000,11.084685,56.901591,1,0.107000,0.935858
SP_R_Yoga_2,openpose,65,2.626145,ok,1,direct,0.597874,12,right_hip,1,1,2.000000,662.860000,392.870000,2.000000,648.951000,402.105000,16.695673,56.901591,1,0.107000,0.860372
SP_R_Yoga_2,openpose,65,2.626145,ok,1,direct,0.597874,13,left_knee,1,1,2.000000,692.590000,531.190000,2.000000,695.986000,525.518000,6.610930,56.901591,1,0.087000,0.964961
SP_R_Yoga_2,openpose,65,2.626145,ok,1,direct,0.597874,14,right_knee,1,1,2.000000,575.320000,449.220000,2.000000,572.540000,451.116000,3.364999,56.901591,1,0.087000,0.990802
SP_R_Yoga_2,openpose,65,2.626145,ok,1,direct,0.597874,15,left_ankle,1,1,2.000000,674.810000,643.940000,2.000000,670.549000,633.306000,11.455919,56.901591,1,0.089000,0.902719
SP_R_Yoga_2,openpose,65,2.626145,ok,1,direct,0.597874,16,right_ankle,1,1,2.000000,661.180000,499.720000,2.000000,656.816000,500.043000,4.375937,56.901591,1,0.089000,0.985178
SP_R_Yoga_2,openpose,66,2.666548,ok,1,direct,0.596301,0,nose,1,1,2.000000,679.730000,222.940000,2.000000,678.350000,223.847000,1.651378,56.797837,1,0.026000,0.975300
SP_R_Yoga_2,openpose,66,2.666548,ok,1,direct,0.596301,1,left_eye,0,0,0.000000,0.000000,0.000000,2.000000,688.186000,212.150000,,,,0.025000,
SP_R_Yoga_2,openpose,66,2.666548,ok,1,direct,0.596301,2,right_eye,0,0,0.000000,0.000000,0.000000,2.000000,666.621000,214.026000,,,,0.025000,
SP_R_Yoga_2,openpose,66,2.666548,ok,1,direct,0.596301,3,left_ear,0,0,0.000000,0.000000,0.000000,2.000000,705.804000,219.966000,,,,0.035000,
SP_R_Yoga_2,openpose,66,2.666548,ok,1,direct,0.596301,4,right_ear,0,0,0.000000,0.000000,0.000000,2.000000,650.986000,223.780000,,,,0.035000,
SP_R_Yoga_2,openpose,66,2.666548,ok,1,direct,0.596301,5,left_shoulder,1,1,2.000000,720.740000,269.920000,2.000000,729.285000,274.778000,9.829404,56.797837,1,0.079000,0.908485
SP_R_Yoga_2,openpose,66,2.666548,ok,1,direct,0.596301,6,right_shoulder,1,1,2.000000,635.030000,277.250000,2.000000,645.081000,274.833000,10.337528,56.797837,1,0.079000,0.899284
SP_R_Yoga_2,openpose,66,2.666548,ok,1,direct,0.596301,7,left_elbow,1,1,2.000000,731.330000,195.480000,0.000000,0.000000,0.000000,,56.797837,0,0.072000,0.000000
SP_R_Yoga_2,openpose,66,2.666548,ok,1,direct,0.596301,8,right_elbow,1,1,2.000000,630.210000,198.190000,2.000000,633.281000,337.475000,139.318851,56.797837,0,0.072000,0.000000
SP_R_Yoga_2,openpose,66,2.666548,ok,1,direct,0.596301,9,left_wrist,1,1,2.000000,706.240000,128.940000,0.000000,0.000000,0.000000,,56.797837,0,0.062000,0.000000
SP_R_Yoga_2,openpose,66,2.666548,ok,1,direct,0.596301,10,right_wrist,1,1,2.000000,656.790000,127.880000,0.000000,0.000000,0.000000,,56.797837,0,0.062000,0.000000
SP_R_Yoga_2,openpose,66,2.666548,ok,1,direct,0.596301,11,left_hip,1,1,2.000000,705.510000,400.730000,2.000000,711.712000,409.988000,11.143400,56.797837,1,0.107000,0.934970
SP_R_Yoga_2,openpose,66,2.666548,ok,1,direct,0.596301,12,right_hip,1,1,2.000000,662.910000,392.870000,2.000000,648.961000,402.125000,16.740061,56.797837,1,0.107000,0.859208
SP_R_Yoga_2,openpose,66,2.666548,ok,1,direct,0.596301,13,left_knee,1,1,2.000000,692.690000,531.060000,2.000000,695.954000,525.538000,6.414529,56.797837,1,0.087000,0.966859
SP_R_Yoga_2,openpose,66,2.666548,ok,1,direct,0.596301,14,right_knee,1,1,2.000000,575.050000,449.220000,2.000000,572.510000,453.064000,4.607378,56.797837,1,0.087000,0.982763
SP_R_Yoga_2,openpose,66,2.666548,ok,1,direct,0.596301,15,left_ankle,1,1,2.000000,674.810000,643.940000,2.000000,672.456000,631.372000,12.786553,56.797837,1,0.089000,0.879884
SP_R_Yoga_2,openpose,66,2.666548,ok,1,direct,0.596301,16,right_ankle,1,1,2.000000,661.160000,499.880000,2.000000,656.768000,498.168000,4.713874,56.797837,1,0.089000,0.982759
SP_R_Yoga_2,openpose,67,2.706950,ok,1,direct,0.597128,0,nose,1,1,2.000000,679.360000,222.930000,2.000000,678.312000,221.901000,1.468722,56.694020,1,0.026000,0.980340
SP_R_Yoga_2,openpose,67,2.706950,ok,1,direct,0.597128,1,left_eye,0,0,0.000000,0.000000,0.000000,2.000000,688.128000,212.012000,,,,0.025000,
SP_R_Yoga_2,openpose,67,2.706950,ok,1,direct,0.597128,2,right_eye,0,0,0.000000,0.000000,0.000000,2.000000,666.578000,212.097000,,,,0.025000,
SP_R_Yoga_2,openpose,67,2.706950,ok,1,direct,0.597128,3,left_ear,0,0,0.000000,0.000000,0.000000,2.000000,703.881000,217.981000,,,,0.035000,
SP_R_Yoga_2,openpose,67,2.706950,ok,1,direct,0.597128,4,right_ear,0,0,0.000000,0.000000,0.000000,2.000000,650.935000,221.846000,,,,0.035000,
SP_R_Yoga_2,openpose,67,2.706950,ok,1,direct,0.597128,5,left_shoulder,1,1,2.000000,720.560000,269.750000,2.000000,727.347000,276.719000,9.727812,56.694020,1,0.079000,0.909966
SP_R_Yoga_2,openpose,67,2.706950,ok,1,direct,0.597128,6,right_shoulder,1,1,2.000000,635.030000,277.250000,2.000000,639.210000,274.830000,4.829990,56.694020,1,0.079000,0.977009
SP_R_Yoga_2,openpose,67,2.706950,ok,1,direct,0.597128,7,left_elbow,1,1,2.000000,730.600000,195.280000,0.000000,0.000000,0.000000,,56.694020,0,0.072000,0.000000
SP_R_Yoga_2,openpose,67,2.706950,ok,1,direct,0.597128,8,right_elbow,1,1,2.000000,630.010000,197.330000,2.000000,625.453000,337.453000,140.197080,56.694020,0,0.072000,0.000000
SP_R_Yoga_2,openpose,67,2.706950,ok,1,direct,0.597128,9,left_wrist,1,1,2.000000,703.600000,128.880000,0.000000,0.000000,0.000000,,56.694020,0,0.062000,0.000000
SP_R_Yoga_2,openpose,67,2.706950,ok,1,direct,0.597128,10,right_wrist,1,1,2.000000,658.040000,128.280000,0.000000,0.000000,0.000000,,56.694020,0,0.062000,0.000000
SP_R_Yoga_2,openpose,67,2.706950,ok,1,direct,0.597128,11,left_hip,1,1,2.000000,705.690000,400.620000,2.000000,711.612000,408.003000,9.464606,56.694020,1,0.107000,0.952481
SP_R_Yoga_2,openpose,67,2.706950,ok,1,direct,0.597128,12,right_hip,1,1,2.000000,662.970000,392.870000,2.000000,648.919000,402.143000,16.835057,56.694020,1,0.107000,0.857243
SP_R_Yoga_2,openpose,67,2.706950,ok,1,direct,0.597128,13,left_knee,1,1,2.000000,692.780000,530.920000,2.000000,695.990000,521.661000,9.799652,56.694020,1,0.087000,0.924088
SP_R_Yoga_2,openpose,67,2.706950,ok,1,direct,0.597128,14,right_knee,1,1,2.000000,574.770000,449.220000,2.000000,570.624000,451.156000,4.575742,56.694020,1,0.087000,0.982935
SP_R_Yoga_2,openpose,67,2.706950,ok,1,direct,0.597128,15,left_ankle,1,1,2.000000,674.810000,643.940000,2.000000,672.445000,631.343000,12.817084,56.694020,1,0.089000,0.878931
SP_R_Yoga_2,openpose,67,2.706950,ok,1,direct,0.597128,16,right_ankle,1,1,2.000000,661.130000,500.050000,2.000000,654.812000,500.119000,6.318377,56.694020,1,0.089000,0.969126
SP_R_Yoga_2,openpose,68,2.747352,ok,1,direct,0.609688,0,nose,1,1,2.000000,679.000000,222.910000,2.000000,678.308000,221.858000,1.259193,56.590689,1,0.026000,0.985459
SP_R_Yoga_2,openpose,68,2.747352,ok,1,direct,0.609688,1,left_eye,0,0,0.000000,0.000000,0.000000,2.000000,688.116000,210.162000,,,,0.025000,
SP_R_Yoga_2,openpose,68,2.747352,ok,1,direct,0.609688,2,right_eye,0,0,0.000000,0.000000,0.000000,2.000000,666.568000,212.081000,,,,0.025000,
SP_R_Yoga_2,openpose,68,2.747352,ok,1,direct,0.609688,3,left_ear,0,0,0.000000,0.000000,0.000000,2.000000,703.859000,217.946000,,,,0.035000,
SP_R_Yoga_2,openpose,68,2.747352,ok,1,direct,0.609688,4,right_ear,0,0,0.000000,0.000000,0.000000,2.000000,650.933000,221.872000,,,,0.035000,
SP_R_Yoga_2,openpose,68,2.747352,ok,1,direct,0.609688,5,left_shoulder,1,1,2.000000,720.370000,269.580000,2.000000,727.333000,274.824000,8.716817,56.590689,1,0.079000,0.926786
SP_R_Yoga_2,openpose,68,2.747352,ok,1,direct,0.609688,6,right_shoulder,1,1,2.000000,635.030000,277.250000,2.000000,643.070000,274.819000,8.399486,56.590689,1,0.079000,0.931837
SP_R_Yoga_2,openpose,68,2.747352,ok,1,direct,0.609688,7,left_elbow,1,1,2.000000,729.880000,195.090000,0.000000,0.000000,0.000000,,56.590689,0,0.072000,0.000000
SP_R_Yoga_2,openpose,68,2.747352,ok,1,direct,0.609688,8,right_elbow,1,1,2.000000,629.810000,196.470000,2.000000,631.320000,337.465000,141.003086,56.590689,0,0.072000,0.000000
SP_R_Yoga_2,openpose,68,2.747352,ok,1,direct,0.609688,9,left_wrist,1,1,2.000000,700.970000,128.810000,0.000000,0.000000,0.000000,,56.590689,0,0.062000,0.000000
SP_R_Yoga_2,openpose,68,2.747352,ok,1,direct,0.609688,10,right_wrist,1,1,2.000000,659.290000,128.670000,0.000000,0.000000,0.000000,,56.590689,0,0.062000,0.000000
SP_R_Yoga_2,openpose,68,2.747352,ok,1,direct,0.609688,11,left_hip,1,1,2.000000,705.870000,400.520000,2.000000,711.638000,408.040000,9.477353,56.590689,1,0.107000,0.952186
SP_R_Yoga_2,openpose,68,2.747352,ok,1,direct,0.609688,12,right_hip,1,1,2.000000,663.020000,392.870000,2.000000,647.059000,402.073000,18.424134,56.590689,1,0.107000,0.830971
SP_R_Yoga_2,openpose,68,2.747352,ok,1,direct,0.609688,13,left_knee,1,1,2.000000,692.880000,530.790000,2.000000,693.989000,527.514000,3.458621,56.590689,1,0.087000,0.990179
SP_R_Yoga_2,openpose,68,2.747352,ok,1,direct,0.609688,14,right_knee,1,1,2.000000,574.500000,449.220000,2.000000,570.573000,451.130000,4.366856,56.590689,1,0.087000,0.984389
SP_R_Yoga_2,openpose,68,2.747352,ok,1,direct,0.609688,15,left_ankle,1,1,2.000000,674.810000,643.940000,2.000000,672.462000,635.221000,9.029622,56.590689,1,0.089000,0.937739
SP_R_Yoga_2,openpose,68,2.747352,ok,1,direct,0.609688,16,right_ankle,1,1,2.000000,661.100000,500.210000,2.000000,652.885000,500.100000,8.215736,56.590689,1,0.089000,0.948174
SP_R_Yoga_2,openpose,69,2.787754,ok,1,direct,0.596006,0,nose,1,1,2.000000,678.640000,222.900000,2.000000,678.288000,221.818000,1.137817,56.499182,1,0.026000,0.988073
SP_R_Yoga_2,openpose,69,2.787754,ok,1,direct,0.596006,1,left_eye,0,0,0.000000,0.000000,0.000000,2.000000,688.112000,210.187000,,,,0.025000,
SP_R_Yoga_2,openpose,69,2.787754,ok,1,direct,0.596006,2,right_eye,0,0,0.000000,0.000000,0.000000,2.000000,666.595000,212.057000,,,,0.025000,
SP_R_Yoga_2,openpose,69,2.787754,ok,1,direct,0.596006,3,left_ear,0,0,0.000000,0.000000,0.000000,2.000000,705.833000,219.892000,,,,0.035000,
SP_R_Yoga_2,openpose,69,2.787754,ok,1,direct,0.596006,4,right_ear,0,0,0.000000,0.000000,0.000000,2.000000,652.835000,221.919000,,,,0.035000,
SP_R_Yoga_2,openpose,69,2.787754,ok,1,direct,0.596006,5,left_shoulder,1,1,2.000000,720.190000,269.410000,2.000000,729.330000,276.723000,11.705536,56.499182,1,0.079000,0.871487
SP_R_Yoga_2,openpose,69,2.787754,ok,1,direct,0.596006,6,right_shoulder,1,1,2.000000,635.030000,277.250000,2.000000,645.026000,276.754000,10.008298,56.499182,1,0.079000,0.904334
SP_R_Yoga_2,openpose,69,2.787754,ok,1,direct,0.596006,7,left_elbow,1,1,2.000000,729.150000,194.440000,0.000000,0.000000,0.000000,,56.499182,0,0.072000,0.000000
SP_R_Yoga_2,openpose,69,2.787754,ok,1,direct,0.596006,8,right_elbow,1,1,2.000000,629.810000,196.470000,2.000000,631.343000,339.443000,142.981218,56.499182,0,0.072000,0.000000
SP_R_Yoga_2,openpose,69,2.787754,ok,1,direct,0.596006,9,left_wrist,1,1,2.000000,698.780000,128.810000,0.000000,0.000000,0.000000,,56.499182,0,0.062000,0.000000
SP_R_Yoga_2,openpose,69,2.787754,ok,1,direct,0.596006,10,right_wrist,1,1,2.000000,659.650000,129.060000,0.000000,0.000000,0.000000,,56.499182,0,0.062000,0.000000
SP_R_Yoga_2,openpose,69,2.787754,ok,1,direct,0.596006,11,left_hip,1,1,2.000000,706.050000,400.410000,2.000000,711.661000,409.943000,11.061709,56.499182,1,0.107000,0.935232
SP_R_Yoga_2,openpose,69,2.787754,ok,1,direct,0.596006,12,right_hip,1,1,2.000000,663.080000,392.870000,2.000000,648.969000,402.131000,16.878579,56.499182,1,0.107000,0.855644
SP_R_Yoga_2,openpose,69,2.787754,ok,1,direct,0.596006,13,left_knee,1,1,2.000000,692.980000,530.660000,2.000000,694.069000,527.466000,3.374545,56.499182,1,0.087000,0.990618
SP_R_Yoga_2,openpose,69,2.787754,ok,1,direct,0.596006,14,right_knee,1,1,2.000000,574.230000,449.220000,2.000000,570.635000,451.142000,4.076531,56.499182,1,0.087000,0.986338
SP_R_Yoga_2,openpose,69,2.787754,ok,1,direct,0.596006,15,left_ankle,1,1,2.000000,674.810000,643.940000,2.000000,672.478000,631.380000,12.774656,56.499182,1,0.089000,0.878902
SP_R_Yoga_2,openpose,69,2.787754,ok,1,direct,0.596006,16,right_ankle,1,1,2.000000,661.070000,500.380000,2.000000,652.923000,503.964000,8.900487,56.499182,1,0.089000,0.939262
SP_R_Yoga_2,openpose,70,2.828156,ok,1,direct,0.565519,0,nose,1,1,2.000000,678.270000,222.880000,2.000000,678.323000,221.872000,1.009392,56.417065,1,0.026000,0.990574
SP_R_Yoga_2,openpose,70,2.828156,ok,1,direct,0.565519,1,left_eye,0,0,0.000000,0.000000,0.000000,2.000000,688.147000,212.053000,,,,0.025000,
SP_R_Yoga_2,openpose,70,2.828156,ok,1,direct,0.565519,2,right_eye,0,0,0.000000,0.000000,0.000000,2.000000,666.626000,212.075000,,,,0.025000,
SP_R_Yoga_2,openpose,70,2.828156,ok,1,direct,0.565519,3,left_ear,0,0,0.000000,0.000000,0.000000,2.000000,705.809000,221.826000,,,,0.035000,
SP_R_Yoga_2,openpose,70,2.828156,ok,1,direct,0.565519,4,right_ear,0,0,0.000000,0.000000,0.000000,2.000000,652.885000,223.766000,,,,0.035000,
SP_R_Yoga_2,openpose,70,2.828156,ok,1,direct,0.565519,5,left_shoulder,1,1,2.000000,720.000000,269.240000,2.000000,729.289000,276.768000,11.956434,56.417065,1,0.079000,0.865946
SP_R_Yoga_2,openpose,70,2.828156,ok,1,direct,0.565519,6,right_shoulder,1,1,2.000000,635.030000,277.250000,2.000000,645.052000,276.708000,10.036645,56.417065,1,0.079000,0.903552
SP_R_Yoga_2,openpose,70,2.828156,ok,1,direct,0.565519,7,left_elbow,1,1,2.000000,728.430000,193.790000,0.000000,0.000000,0.000000,,56.417065,0,0.072000,0.000000
SP_R_Yoga_2,openpose,70,2.828156,ok,1,direct,0.565519,8,right_elbow,1,1,2.000000,629.810000,196.470000,2.000000,631.366000,339.437000,142.975467,56.417065,0,0.072000,0.000000
SP_R_Yoga_2,openpose,70,2.828156,ok,1,direct,0.565519,9,left_wrist,1,1,2.000000,696.590000,128.810000,0.000000,0.000000,0.000000,,56.417065,0,0.062000,0.000000
SP_R_Yoga_2,openpose,70,2.828156,ok,1,direct,0.565519,10,right_wrist,1,1,2.000000,660.000000,129.460000,0.000000,0.000000,0.000000,,56.417065,0,0.062000,0.000000
SP_R_Yoga_2,openpose,70,2.828156,ok,1,direct,0.565519,11,left_hip,1,1,2.000000,706.230000,400.300000,2.000000,711.598000,408.018000,9.401221,56.417065,1,0.107000,0.952650
SP_R_Yoga_2,openpose,70,2.828156,ok,1,direct,0.565519,12,right_hip,1,1,2.000000,663.130000,392.870000,2.000000,648.932000,402.116000,16.943191,56.417065,1,0.107000,0.854230
SP_R_Yoga_2,openpose,70,2.828156,ok,1,direct,0.565519,13,left_knee,1,1,2.000000,693.070000,530.530000,2.000000,697.961000,519.682000,11.899621,56.417065,1,0.087000,0.889093
SP_R_Yoga_2,openpose,70,2.828156,ok,1,direct,0.565519,14,right_knee,1,1,2.000000,573.960000,449.220000,2.000000,570.651000,451.140000,3.825687,56.417065,1,0.087000,0.987923
SP_R_Yoga_2,openpose,70,2.828156,ok,1,direct,0.565519,15,left_ankle,1,1,2.000000,674.810000,643.940000,2.000000,672.505000,631.325000,12.823855,56.417065,1,0.089000,0.877695
SP_R_Yoga_2,openpose,70,2.828156,ok,1,direct,0.565519,16,right_ankle,1,1,2.000000,661.050000,500.540000,2.000000,654.831000,502.020000,6.392680,56.417065,1,0.089000,0.968101
SP_R_Yoga_2,openpose,71,2.868559,ok,1,direct,0.531230,0,nose,1,1,2.000000,677.910000,222.870000,2.000000,678.340000,223.774000,1.001057,56.333000,1,0.026000,0.990701
SP_R_Yoga_2,openpose,71,2.868559,ok,1,direct,0.531230,1,left_eye,0,0,0.000000,0.000000,0.000000,2.000000,688.144000,212.083000,,,,0.025000,
SP_R_Yoga_2,openpose,71,2.868559,ok,1,direct,0.531230,2,right_eye,0,0,0.000000,0.000000,0.000000,2.000000,666.612000,212.144000,,,,0.025000,
SP_R_Yoga_2,openpose,71,2.868559,ok,1,direct,0.531230,3,left_ear,0,0,0.000000,0.000000,0.000000,2.000000,705.734000,219.960000,,,,0.035000,
SP_R_Yoga_2,openpose,71,2.868559,ok,1,direct,0.531230,4,right_ear,0,0,0.000000,0.000000,0.000000,2.000000,652.860000,223.789000,,,,0.035000,
SP_R_Yoga_2,openpose,71,2.868559,ok,1,direct,0.531230,5,left_shoulder,1,1,2.000000,719.820000,269.070000,2.000000,727.368000,276.774000,10.785357,56.333000,1,0.079000,0.889169
SP_R_Yoga_2,openpose,71,2.868559,ok,1,direct,0.531230,6,right_shoulder,1,1,2.000000,635.030000,277.250000,2.000000,645.040000,276.740000,10.022984,56.333000,1,0.079000,0.903528
SP_R_Yoga_2,openpose,71,2.868559,ok,1,direct,0.531230,7,left_elbow,1,1,2.000000,727.700000,193.150000,2.000000,742.982000,345.273000,152.888674,56.333000,0,0.072000,0.000000
SP_R_Yoga_2,openpose,71,2.868559,ok,1,direct,0.531230,8,right_elbow,1,1,2.000000,629.810000,196.470000,2.000000,635.252000,343.355000,146.985777,56.333000,0,0.072000,0.000000
SP_R_Yoga_2,openpose,71,2.868559,ok,1,direct,0.531230,9,left_wrist,1,1,2.000000,694.400000,128.810000,2.000000,729.301000,388.376000,261.901867,56.333000,0,0.062000,0.000000
SP_R_Yoga_2,openpose,71,2.868559,ok,1,direct,0.531230,10,right_wrist,1,1,2.000000,660.360000,129.850000,0.000000,0.000000,0.000000,,56.333000,0,0.062000,0.000000
SP_R_Yoga_2,openpose,71,2.868559,ok,1,direct,0.531230,11,left_hip,1,1,2.000000,706.410000,400.190000,2.000000,709.754000,409.964000,10.330218,56.333000,1,0.107000,0.942949
SP_R_Yoga_2,openpose,71,2.868559,ok,1,direct,0.531230,12,right_hip,1,1,2.000000,663.190000,392.870000,2.000000,648.946000,404.045000,18.104479,56.333000,1,0.107000,0.834911
SP_R_Yoga_2,openpose,71,2.868559,ok,1,direct,0.531230,13,left_knee,1,1,2.000000,693.170000,530.400000,2.000000,695.939000,527.474000,4.028503,56.333000,1,0.087000,0.986578
SP_R_Yoga_2,openpose,71,2.868559,ok,1,direct,0.531230,14,right_knee,1,1,2.000000,573.690000,449.220000,2.000000,570.641000,451.108000,3.586216,56.333000,1,0.087000,0.989348
SP_R_Yoga_2,openpose,71,2.868559,ok,1,direct,0.531230,15,left_ankle,1,1,2.000000,674.810000,643.940000,2.000000,674.449000,631.379000,12.566186,56.333000,1,0.089000,0.881931
SP_R_Yoga_2,openpose,71,2.868559,ok,1,direct,0.531230,16,right_ankle,1,1,2.000000,661.020000,500.700000,2.000000,652.853000,503.952000,8.790642,56.333000,1,0.089000,0.940368
SP_R_Yoga_2,openpose,72,2.908961,ok,1,direct,0.574802,0,nose,1,1,2.000000,677.550000,222.850000,2.000000,676.451000,221.878000,1.467169,56.250640,1,0.026000,0.980074
SP_R_Yoga_2,openpose,72,2.908961,ok,1,direct,0.574802,1,left_eye,0,0,0.000000,0.000000,0.000000,2.000000,688.128000,212.056000,,,,0.025000,
SP_R_Yoga_2,openpose,72,2.908961,ok,1,direct,0.574802,2,right_eye,0,0,0.000000,0.000000,0.000000,2.000000,666.557000,212.089000,,,,0.025000,
SP_R_Yoga_2,openpose,72,2.908961,ok,1,direct,0.574802,3,left_ear,0,0,0.000000,0.000000,0.000000,2.000000,703.839000,221.891000,,,,0.035000,
SP_R_Yoga_2,openpose,72,2.908961,ok,1,direct,0.574802,4,right_ear,0,0,0.000000,0.000000,0.000000,2.000000,650.930000,223.784000,,,,0.035000,
SP_R_Yoga_2,openpose,72,2.908961,ok,1,direct,0.574802,5,left_shoulder,1,1,2.000000,719.630000,268.900000,2.000000,725.392000,278.676000,11.347723,56.250640,1,0.079000,0.877728
SP_R_Yoga_2,openpose,72,2.908961,ok,1,direct,0.574802,6,right_shoulder,1,1,2.000000,635.030000,277.250000,2.000000,641.129000,274.838000,6.558624,56.250640,1,0.079000,0.957369
SP_R_Yoga_2,openpose,72,2.908961,ok,1,direct,0.574802,7,left_elbow,1,1,2.000000,726.980000,192.500000,2.000000,741.048000,347.287000,155.424979,56.250640,0,0.072000,0.000000
SP_R_Yoga_2,openpose,72,2.908961,ok,1,direct,0.574802,8,right_elbow,1,1,2.000000,629.810000,196.470000,0.000000,0.000000,0.000000,,56.250640,0,0.072000,0.000000
SP_R_Yoga_2,openpose,72,2.908961,ok,1,direct,0.574802,9,left_wrist,1,1,2.000000,692.210000,128.810000,2.000000,731.313000,390.357000,264.453924,56.250640,0,0.062000,0.000000
SP_R_Yoga_2,openpose,72,2.908961,ok,1,direct,0.574802,10,right_wrist,1,1,2.000000,660.710000,130.250000,0.000000,0.000000,0.000000,,56.250640,0,0.062000,0.000000
SP_R_Yoga_2,openpose,72,2.908961,ok,1,direct,0.574802,11,left_hip,1,1,2.000000,706.590000,400.080000,2.000000,709.742000,409.967000,10.377277,56.250640,1,0.107000,0.942280
SP_R_Yoga_2,openpose,72,2.908961,ok,1,direct,0.574802,12,right_hip,1,1,2.000000,663.240000,392.870000,2.000000,647.006000,404.066000,19.720375,56.250640,1,0.107000,0.806781
SP_R_Yoga_2,openpose,72,2.908961,ok,1,direct,0.574802,13,left_knee,1,1,2.000000,693.260000,530.260000,2.000000,695.997000,527.471000,3.907645,56.250640,1,0.087000,0.987329
SP_R_Yoga_2,openpose,72,2.908961,ok,1,direct,0.574802,14,right_knee,1,1,2.000000,573.420000,449.220000,2.000000,572.510000,453.007000,3.894800,56.250640,1,0.087000,0.987412
SP_R_Yoga_2,openpose,72,2.908961,ok,1,direct,0.574802,15,left_ankle,1,1,2.000000,674.810000,643.940000,2.000000,672.524000,635.290000,8.946971,56.250640,1,0.089000,0.938120
SP_R_Yoga_2,openpose,72,2.908961,ok,1,direct,0.574802,16,right_ankle,1,1,2.000000,660.990000,500.870000,2.000000,654.904000,503.963000,6.826862,56.250640,1,0.089000,0.963492
SP_R_Yoga_2,openpose,73,2.949363,ok,1,direct,0.594214,0,nose,1,1,2.000000,677.180000,222.840000,2.000000,676.436000,223.794000,1.209815,56.168160,1,0.026000,0.986368
SP_R_Yoga_2,openpose,73,2.949363,ok,1,direct,0.594214,1,left_eye,0,0,0.000000,0.000000,0.000000,2.000000,688.141000,212.118000,,,,0.025000,
SP_R_Yoga_2,openpose,73,2.949363,ok,1,direct,0.594214,2,right_eye,0,0,0.000000,0.000000,0.000000,2.000000,664.705000,212.100000,,,,0.025000,
SP_R_Yoga_2,openpose,73,2.949363,ok,1,direct,0.594214,3,left_ear,0,0,0.000000,0.000000,0.000000,2.000000,703.823000,223.789000,,,,0.035000,
SP_R_Yoga_2,openpose,73,2.949363,ok,1,direct,0.594214,4,right_ear,0,0,0.000000,0.000000,0.000000,2.000000,650.884000,223.774000,,,,0.035000,
SP_R_Yoga_2,openpose,73,2.949363,ok,1,direct,0.594214,5,left_shoulder,1,1,2.000000,719.450000,268.720000,2.000000,725.389000,278.657000,11.576515,56.168160,1,0.079000,0.872730
SP_R_Yoga_2,openpose,73,2.949363,ok,1,direct,0.594214,6,right_shoulder,1,1,2.000000,635.030000,277.250000,2.000000,643.066000,274.810000,8.398267,56.168160,1,0.079000,0.930863
SP_R_Yoga_2,openpose,73,2.949363,ok,1,direct,0.594214,7,left_elbow,1,1,2.000000,726.250000,191.860000,2.000000,743.012000,351.159000,160.178451,56.168160,0,0.072000,0.000000
SP_R_Yoga_2,openpose,73,2.949363,ok,1,direct,0.594214,8,right_elbow,1,1,2.000000,629.810000,196.470000,0.000000,0.000000,0.000000,,56.168160,0,0.072000,0.000000
SP_R_Yoga_2,openpose,73,2.949363,ok,1,direct,0.594214,9,left_wrist,1,1,2.000000,690.030000,128.810000,2.000000,727.379000,392.283000,266.107064,56.168160,0,0.062000,0.000000
SP_R_Yoga_2,openpose,73,2.949363,ok,1,direct,0.594214,10,right_wrist,1,1,2.000000,661.070000,130.640000,0.000000,0.000000,0.000000,,56.168160,0,0.062000,0.000000
SP_R_Yoga_2,openpose,73,2.949363,ok,1,direct,0.594214,11,left_hip,1,1,2.000000,706.770000,399.970000,2.000000,709.702000,409.929000,10.381633,56.168160,1,0.107000,0.942068
SP_R_Yoga_2,openpose,73,2.949363,ok,1,direct,0.594214,12,right_hip,1,1,2.000000,663.300000,392.870000,2.000000,646.977000,402.169000,18.785945,56.168160,1,0.107000,0.822497
SP_R_Yoga_2,openpose,73,2.949363,ok,1,direct,0.594214,13,left_knee,1,1,2.000000,693.360000,530.130000,2.000000,695.976000,527.554000,3.671407,56.168160,1,0.087000,0.988774
SP_R_Yoga_2,openpose,73,2.949363,ok,1,direct,0.594214,14,right_knee,1,1,2.000000,573.140000,449.220000,2.000000,570.593000,453.093000,4.635444,56.168160,1,0.087000,0.982164
SP_R_Yoga_2,openpose,73,2.949363,ok,1,direct,0.594214,15,left_ankle,1,1,2.000000,674.810000,643.940000,2.000000,672.517000,637.198000,7.121265,56.168160,1,0.089000,0.960226
SP_R_Yoga_2,openpose,73,2.949363,ok,1,direct,0.594214,16,right_ankle,1,1,2.000000,660.960000,501.030000,2.000000,656.797000,500.123000,4.260659,56.168160,1,0.089000,0.985576
SP_R_Yoga_2,openpose,74,2.989765,ok,1,direct,0.542312,0,nose,1,1,2.000000,677.030000,222.870000,2.000000,676.373000,223.824000,1.158346,56.145257,1,0.026000,0.987486
SP_R_Yoga_2,openpose,74,2.989765,ok,1,direct,0.542312,1,left_eye,0,0,0.000000,0.000000,0.000000,2.000000,688.107000,212.105000,,,,0.025000,
SP_R_Yoga_2,openpose,74,2.989765,ok,1,direct,0.542312,2,right_eye,0,0,0.000000,0.000000,0.000000,2.000000,664.618000,212.125000,,,,0.025000,
SP_R_Yoga_2,openpose,74,2.989765,ok,1,direct,0.542312,3,left_ear,0,0,0.000000,0.000000,0.000000,2.000000,703.836000,221.919000,,,,0.035000,
SP_R_Yoga_2,openpose,74,2.989765,ok,1,direct,0.542312,4,right_ear,0,0,0.000000,0.000000,0.000000,2.000000,648.975000,223.828000,,,,0.035000,
SP_R_Yoga_2,openpose,74,2.989765,ok,1,direct,0.542312,5,left_shoulder,1,1,2.000000,719.200000,268.860000,2.000000,725.374000,276.759000,10.025591,56.145257,1,0.079000,0.902866
SP_R_Yoga_2,openpose,74,2.989765,ok,1,direct,0.542312,6,right_shoulder,1,1,2.000000,635.030000,277.250000,2.000000,641.166000,274.792000,6.610012,56.145257,1,0.079000,0.956555
SP_R_Yoga_2,openpose,74,2.989765,ok,1,direct,0.542312,7,left_elbow,1,1,2.000000,726.250000,191.860000,2.000000,741.047000,347.283000,156.125783,56.145257,0,0.072000,0.000000
SP_R_Yoga_2,openpose,74,2.989765,ok,1,direct,0.542312,8,right_elbow,1,1,2.000000,629.810000,196.470000,2.000000,625.477000,341.357000,144.951777,56.145257,0,0.072000,0.000000
SP_R_Yoga_2,openpose,74,2.989765,ok,1,direct,0.542312,9,left_wrist,1,1,2.000000,689.820000,129.230000,2.000000,729.340000,392.319000,266.040697,56.145257,0,0.062000,0.000000
SP_R_Yoga_2,openpose,74,2.989765,ok,1,direct,0.542312,10,right_wrist,1,1,2.000000,661.380000,130.850000,0.000000,0.000000,0.000000,,56.145257,0,0.062000,0.000000
SP_R_Yoga_2,openpose,74,2.989765,ok,1,direct,0.542312,11,left_hip,1,1,2.000000,706.770000,399.970000,2.000000,709.731000,408.008000,8.566036,56.145257,1,0.107000,0.960153
SP_R_Yoga_2,openpose,74,2.989765,ok,1,direct,0.542312,12,right_hip,1,1,2.000000,663.300000,392.870000,2.000000,647.001000,402.160000,18.760637,56.145257,1,0.107000,0.822799
SP_R_Yoga_2,openpose,74,2.989765,ok,1,direct,0.542312,13,left_knee,1,1,2.000000,693.360000,530.130000,2.000000,694.084000,529.460000,0.986446,56.145257,1,0.087000,0.999185
SP_R_Yoga_2,openpose,74,2.989765,ok,1,direct,0.542312,14,right_knee,1,1,2.000000,573.140000,449.220000,2.000000,570.561000,453.100000,4.658931,56.145257,1,0.087000,0.981970
SP_R_Yoga_2,openpose,74,2.989765,ok,1,direct,0.542312,15,left_ankle,1,1,2.000000,674.810000,643.940000,2.000000,672.498000,637.180000,7.144434,56.145257,1,0.089000,0.959940
SP_R_Yoga_2,openpose,74,2.989765,ok,1,direct,0.542312,16,right_ankle,1,1,2.000000,660.940000,501.200000,2.000000,656.822000,502.008000,4.196521,56.145257,1,0.089000,0.985993
SP_R_Yoga_2,openpose,75,3.030168,ok,1,direct,0.539738,0,nose,1,1,2.000000,676.890000,222.910000,2.000000,676.370000,223.830000,1.056788,56.122346,1,0.026000,0.989565
SP_R_Yoga_2,openpose,75,3.030168,ok,1,direct,0.539738,1,left_eye,0,0,0.000000,0.000000,0.000000,2.000000,688.112000,212.113000,,,,0.025000,
SP_R_Yoga_2,openpose,75,3.030168,ok,1,direct,0.539738,2,right_eye,0,0,0.000000,0.000000,0.000000,2.000000,664.599000,212.114000,,,,0.025000,
SP_R_Yoga_2,openpose,75,3.030168,ok,1,direct,0.539738,3,left_ear,0,0,0.000000,0.000000,0.000000,2.000000,705.774000,221.879000,,,,0.035000,
SP_R_Yoga_2,openpose,75,3.030168,ok,1,direct,0.539738,4,right_ear,0,0,0.000000,0.000000,0.000000,2.000000,647.042000,223.790000,,,,0.035000,
SP_R_Yoga_2,openpose,75,3.030168,ok,1,direct,0.539738,5,left_shoulder,1,1,2.000000,718.950000,268.990000,2.000000,723.436000,276.763000,8.974616,56.122346,1,0.079000,0.921320
SP_R_Yoga_2,openpose,75,3.030168,ok,1,direct,0.539738,6,right_shoulder,1,1,2.000000,635.030000,277.250000,2.000000,643.080000,274.823000,8.407903,56.122346,1,0.079000,0.930601
SP_R_Yoga_2,openpose,75,3.030168,ok,1,direct,0.539738,7,left_elbow,1,1,2.000000,726.250000,191.860000,2.000000,739.129000,345.332000,154.011439,56.122346,0,0.072000,0.000000
SP_R_Yoga_2,openpose,75,3.030168,ok,1,direct,0.539738,8,right_elbow,1,1,2.000000,629.810000,196.470000,2.000000,627.433000,341.380000,144.929494,56.122346,0,0.072000,0.000000
SP_R_Yoga_2,openpose,75,3.030168,ok,1,direct,0.539738,9,left_wrist,1,1,2.000000,689.610000,129.650000,2.000000,731.248000,390.359000,264.013079,56.122346,0,0.062000,0.000000
SP_R_Yoga_2,openpose,75,3.030168,ok,1,direct,0.539738,10,right_wrist,1,1,2.000000,661.700000,131.060000,0.000000,0.000000,0.000000,,56.122346,0,0.062000,0.000000
SP_R_Yoga_2,openpose,75,3.030168,ok,1,direct,0.539738,11,left_hip,1,1,2.000000,706.770000,399.970000,2.000000,709.635000,407.979000,8.506016,56.122346,1,0.107000,0.960667
SP_R_Yoga_2,openpose,75,3.030168,ok,1,direct,0.539738,12,right_hip,1,1,2.000000,663.300000,392.870000,2.000000,647.006000,402.158000,18.755303,56.122346,1,0.107000,0.822759
SP_R_Yoga_2,openpose,75,3.030168,ok,1,direct,0.539738,13,left_knee,1,1,2.000000,693.360000,530.130000,2.000000,694.029000,529.437000,0.963229,56.122346,1,0.087000,0.999222
SP_R_Yoga_2,openpose,75,3.030168,ok,1,direct,0.539738,14,right_knee,1,1,2.000000,573.140000,449.220000,2.000000,570.544000,453.078000,4.650095,56.122346,1,0.087000,0.982023
SP_R_Yoga_2,openpose,75,3.030168,ok,1,direct,0.539738,15,left_ankle,1,1,2.000000,674.810000,643.940000,2.000000,672.444000,637.173000,7.168699,56.122346,1,0.089000,0.959641
SP_R_Yoga_2,openpose,75,3.030168,ok,1,direct,0.539738,16,right_ankle,1,1,2.000000,660.910000,501.360000,2.000000,656.804000,502.039000,4.161764,56.122346,1,0.089000,0.986211
SP_R_Yoga_2,openpose,76,3.070570,ok,1,direct,0.567520,0,nose,1,1,2.000000,676.740000,222.950000,2.000000,674.438000,221.917000,2.523151,56.098879,1,0.026000,0.941906
SP_R_Yoga_2,openpose,76,3.070570,ok,1,direct,0.567520,1,left_eye,0,0,0.000000,0.000000,0.000000,2.000000,686.187000,212.031000,,,,0.025000,
SP_R_Yoga_2,openpose,76,3.070570,ok,1,direct,0.567520,2,right_eye,0,0,0.000000,0.000000,0.000000,2.000000,662.658000,212.070000,,,,0.025000,
SP_R_Yoga_2,openpose,76,3.070570,ok,1,direct,0.567520,3,left_ear,0,0,0.000000,0.000000,0.000000,2.000000,703.886000,219.965000,,,,0.035000,
SP_R_Yoga_2,openpose,76,3.070570,ok,1,direct,0.567520,4,right_ear,0,0,0.000000,0.000000,0.000000,2.000000,646.990000,223.844000,,,,0.035000,
SP_R_Yoga_2,openpose,76,3.070570,ok,1,direct,0.567520,5,left_shoulder,1,1,2.000000,718.710000,269.130000,2.000000,723.456000,276.727000,8.957618,56.098879,1,0.079000,0.921543
SP_R_Yoga_2,openpose,76,3.070570,ok,1,direct,0.567520,6,right_shoulder,1,1,2.000000,635.030000,277.250000,2.000000,643.043000,274.800000,8.379181,56.098879,1,0.079000,0.931002
SP_R_Yoga_2,openpose,76,3.070570,ok,1,direct,0.567520,7,left_elbow,1,1,2.000000,726.250000,191.860000,2.000000,739.131000,345.298000,153.977726,56.098879,0,0.072000,0.000000
SP_R_Yoga_2,openpose,76,3.070570,ok,1,direct,0.567520,8,right_elbow,1,1,2.000000,629.810000,196.470000,0.000000,0.000000,0.000000,,56.098879,0,0.072000,0.000000
SP_R_Yoga_2,openpose,76,3.070570,ok,1,direct,0.567520,9,left_wrist,1,1,2.000000,689.390000,130.080000,2.000000,729.309000,390.361000,263.324373,56.098879,0,0.062000,0.000000
SP_R_Yoga_2,openpose,76,3.070570,ok,1,direct,0.567520,10,right_wrist,1,1,2.000000,662.020000,131.270000,0.000000,0.000000,0.000000,,56.098879,0,0.062000,0.000000
SP_R_Yoga_2,openpose,76,3.070570,ok,1,direct,0.567520,11,left_hip,1,1,2.000000,706.770000,399.970000,2.000000,709.634000,408.020000,8.544296,56.098879,1,0.107000,0.960287
SP_R_Yoga_2,openpose,76,3.070570,ok,1,direct,0.567520,12,right_hip,1,1,2.000000,663.300000,392.870000,2.000000,647.017000,404.041000,19.746578,56.098879,1,0.107000,0.805381
SP_R_Yoga_2,openpose,76,3.070570,ok,1,direct,0.567520,13,left_knee,1,1,2.000000,693.360000,530.130000,2.000000,692.122000,529.447000,1.413907,56.098879,1,0.087000,0.998323
SP_R_Yoga_2,openpose,76,3.070570,ok,1,direct,0.567520,14,right_knee,1,1,2.000000,573.140000,449.220000,2.000000,570.562000,454.999000,6.327948,56.098879,1,0.087000,0.966938
SP_R_Yoga_2,openpose,76,3.070570,ok,1,direct,0.567520,15,left_ankle,1,1,2.000000,674.810000,643.940000,2.000000,674.404000,635.277000,8.672509,56.098879,1,0.089000,0.941441
SP_R_Yoga_2,openpose,76,3.070570,ok,1,direct,0.567520,16,right_ankle,1,1,2.000000,660.880000,501.520000,2.000000,658.727000,502.030000,2.212580,56.098879,1,0.089000,0.996080
SP_R_Yoga_2,openpose,77,3.110972,ok,1,direct,0.592907,0,nose,1,1,2.000000,676.590000,222.980000,2.000000,674.433000,223.787000,2.303019,56.075948,1,0.026000,0.951322
SP_R_Yoga_2,openpose,77,3.110972,ok,1,direct,0.592907,1,left_eye,0,0,0.000000,0.000000,0.000000,2.000000,686.153000,212.058000,,,,0.025000,
SP_R_Yoga_2,openpose,77,3.110972,ok,1,direct,0.592907,2,right_eye,0,0,0.000000,0.000000,0.000000,2.000000,662.683000,212.130000,,,,0.025000,
SP_R_Yoga_2,openpose,77,3.110972,ok,1,direct,0.592907,3,left_ear,0,0,0.000000,0.000000,0.000000,2.000000,703.855000,219.914000,,,,0.035000,
SP_R_Yoga_2,openpose,77,3.110972,ok,1,direct,0.592907,4,right_ear,0,0,0.000000,0.000000,0.000000,2.000000,647.034000,223.856000,,,,0.035000,
SP_R_Yoga_2,openpose,77,3.110972,ok,1,direct,0.592907,5,left_shoulder,1,1,2.000000,718.460000,269.260000,2.000000,723.430000,274.749000,7.404730,56.075948,1,0.079000,0.945654
SP_R_Yoga_2,openpose,77,3.110972,ok,1,direct,0.592907,6,right_shoulder,1,1,2.000000,635.030000,277.250000,2.000000,643.119000,272.823000,9.221185,56.075948,1,0.079000,0.916993
SP_R_Yoga_2,openpose,77,3.110972,ok,1,direct,0.592907,7,left_elbow,1,1,2.000000,726.250000,191.860000,0.000000,0.000000,0.000000,,56.075948,0,0.072000,0.000000
SP_R_Yoga_2,openpose,77,3.110972,ok,1,direct,0.592907,8,right_elbow,1,1,2.000000,629.810000,196.470000,0.000000,0.000000,0.000000,,56.075948,0,0.072000,0.000000
SP_R_Yoga_2,openpose,77,3.110972,ok,1,direct,0.592907,9,left_wrist,1,1,2.000000,689.180000,130.500000,0.000000,0.000000,0.000000,,56.075948,0,0.062000,0.000000
SP_R_Yoga_2,openpose,77,3.110972,ok,1,direct,0.592907,10,right_wrist,1,1,2.000000,662.330000,131.490000,0.000000,0.000000,0.000000,,56.075948,0,0.062000,0.000000
SP_R_Yoga_2,openpose,77,3.110972,ok,1,direct,0.592907,11,left_hip,1,1,2.000000,706.770000,399.970000,2.000000,709.711000,409.946000,10.400483,56.075948,1,0.107000,0.941678
SP_R_Yoga_2,openpose,77,3.110972,ok,1,direct,0.592907,12,right_hip,1,1,2.000000,663.300000,392.870000,2.000000,647.031000,402.153000,18.731109,56.075948,1,0.107000,0.822908
SP_R_Yoga_2,openpose,77,3.110972,ok,1,direct,0.592907,13,left_knee,1,1,2.000000,693.360000,530.130000,2.000000,692.116000,531.455000,1.817460,56.075948,1,0.087000,0.997228
SP_R_Yoga_2,openpose,77,3.110972,ok,1,direct,0.592907,14,right_knee,1,1,2.000000,573.140000,449.220000,2.000000,568.650000,454.999000,7.318261,56.075948,1,0.087000,0.955993
SP_R_Yoga_2,openpose,77,3.110972,ok,1,direct,0.592907,15,left_ankle,1,1,2.000000,674.810000,643.940000,2.000000,672.449000,637.196000,7.145338,56.075948,1,0.089000,0.959833
SP_R_Yoga_2,openpose,77,3.110972,ok,1,direct,0.592907,16,right_ankle,1,1,2.000000,660.850000,501.690000,2.000000,658.776000,502.049000,2.104841,56.075948,1,0.089000,0.996449
SP_R_Yoga_2,openpose,78,3.151374,ok,1,direct,0.535524,0,nose,1,1,2.000000,676.440000,223.020000,2.000000,672.434000,223.770000,4.075603,56.053008,1,0.026000,0.855207
SP_R_Yoga_2,openpose,78,3.151374,ok,1,direct,0.535524,1,left_eye,0,0,0.000000,0.000000,0.000000,2.000000,684.215000,212.030000,,,,0.025000,
SP_R_Yoga_2,openpose,78,3.151374,ok,1,direct,0.535524,2,right_eye,0,0,0.000000,0.000000,0.000000,2.000000,660.728000,212.065000,,,,0.025000,
SP_R_Yoga_2,openpose,78,3.151374,ok,1,direct,0.535524,3,left_ear,0,0,0.000000,0.000000,0.000000,2.000000,701.924000,221.828000,,,,0.035000,
SP_R_Yoga_2,openpose,78,3.151374,ok,1,direct,0.535524,4,right_ear,0,0,0.000000,0.000000,0.000000,2.000000,645.091000,221.892000,,,,0.035000,
SP_R_Yoga_2,openpose,78,3.151374,ok,1,direct,0.535524,5,left_shoulder,1,1,2.000000,718.210000,269.390000,2.000000,721.479000,274.773000,6.297861,56.053008,1,0.079000,0.960353
SP_R_Yoga_2,openpose,78,3.151374,ok,1,direct,0.535524,6,right_shoulder,1,1,2.000000,635.030000,277.250000,2.000000,643.061000,272.808000,9.177599,56.053008,1,0.079000,0.917678
SP_R_Yoga_2,openpose,78,3.151374,ok,1,direct,0.535524,7,left_elbow,1,1,2.000000,726.250000,191.860000,2.000000,739.097000,343.322000,152.005865,56.053008,0,0.072000,0.000000
SP_R_Yoga_2,openpose,78,3.151374,ok,1,direct,0.535524,8,right_elbow,1,1,2.000000,629.810000,196.470000,0.000000,0.000000,0.000000,,56.053008,0,0.072000,0.000000
SP_R_Yoga_2,openpose,78,3.151374,ok,1,direct,0.535524,9,left_wrist,1,1,2.000000,688.970000,130.920000,0.000000,0.000000,0.000000,,56.053008,0,0.062000,0.000000
SP_R_Yoga_2,openpose,78,3.151374,ok,1,direct,0.535524,10,right_wrist,1,1,2.000000,662.650000,131.700000,0.000000,0.000000,0.000000,,56.053008,0,0.062000,0.000000
SP_R_Yoga_2,openpose,78,3.151374,ok,1,direct,0.535524,11,left_hip,1,1,2.000000,706.770000,399.970000,2.000000,709.697000,407.991000,8.538370,56.053008,1,0.107000,0.960277
SP_R_Yoga_2,openpose,78,3.151374,ok,1,direct,0.535524,12,right_hip,1,1,2.000000,663.300000,392.870000,2.000000,646.978000,402.101000,18.751508,56.053008,1,0.107000,0.822427
SP_R_Yoga_2,openpose,78,3.151374,ok,1,direct,0.535524,13,left_knee,1,1,2.000000,693.360000,530.130000,2.000000,693.966000,533.381000,3.306998,56.053008,1,0.087000,0.990845
SP_R_Yoga_2,openpose,78,3.151374,ok,1,direct,0.535524,14,right_knee,1,1,2.000000,573.140000,449.220000,2.000000,568.671000,455.046000,7.342631,56.053008,1,0.087000,0.955671
SP_R_Yoga_2,openpose,78,3.151374,ok,1,direct,0.535524,15,left_ankle,1,1,2.000000,674.810000,643.940000,2.000000,670.539000,637.219000,7.963246,56.053008,1,0.089000,0.950316
SP_R_Yoga_2,openpose,78,3.151374,ok,1,direct,0.535524,16,right_ankle,1,1,2.000000,660.830000,501.850000,2.000000,656.845000,502.065000,3.990796,56.053008,1,0.089000,0.987283
SP_R_Yoga_2,openpose,79,3.191777,ok,1,direct,0.534342,0,nose,1,1,2.000000,676.300000,223.060000,2.000000,672.470000,223.819000,3.904482,56.046998,1,0.026000,0.866248
SP_R_Yoga_2,openpose,79,3.191777,ok,1,direct,0.534342,1,left_eye,0,0,0.000000,0.000000,0.000000,2.000000,684.244000,212.063000,,,,0.025000,
SP_R_Yoga_2,openpose,79,3.191777,ok,1,direct,0.534342,2,right_eye,0,0,0.000000,0.000000,0.000000,2.000000,660.762000,212.107000,,,,0.025000,
SP_R_Yoga_2,openpose,79,3.191777,ok,1,direct,0.534342,3,left_ear,0,0,0.000000,0.000000,0.000000,2.000000,703.836000,221.877000,,,,0.035000,
SP_R_Yoga_2,openpose,79,3.191777,ok,1,direct,0.534342,4,right_ear,0,0,0.000000,0.000000,0.000000,2.000000,647.003000,223.798000,,,,0.035000,
SP_R_Yoga_2,openpose,79,3.191777,ok,1,direct,0.534342,5,left_shoulder,1,1,2.000000,717.960000,269.530000,2.000000,721.458000,274.788000,6.315265,56.046998,1,0.079000,0.960130
SP_R_Yoga_2,openpose,79,3.191777,ok,1,direct,0.534342,6,right_shoulder,1,1,2.000000,635.030000,277.250000,2.000000,645.025000,274.754000,10.301944,56.046998,1,0.079000,0.897385
SP_R_Yoga_2,openpose,79,3.191777,ok,1,direct,0.534342,7,left_elbow,1,1,2.000000,726.250000,191.860000,0.000000,0.000000,0.000000,,56.046998,0,0.072000,0.000000
SP_R_Yoga_2,openpose,79,3.191777,ok,1,direct,0.534342,8,right_elbow,1,1,2.000000,629.810000,196.470000,2.000000,629.380000,337.475000,141.005656,56.046998,0,0.072000,0.000000
SP_R_Yoga_2,openpose,79,3.191777,ok,1,direct,0.534342,9,left_wrist,1,1,2.000000,688.810000,131.030000,0.000000,0.000000,0.000000,,56.046998,0,0.062000,0.000000
SP_R_Yoga_2,openpose,79,3.191777,ok,1,direct,0.534342,10,right_wrist,1,1,2.000000,662.540000,131.920000,0.000000,0.000000,0.000000,,56.046998,0,0.062000,0.000000
SP_R_Yoga_2,openpose,79,3.191777,ok,1,direct,0.534342,11,left_hip,1,1,2.000000,706.770000,399.970000,2.000000,709.674000,409.972000,10.415048,56.046998,1,0.107000,0.941461
SP_R_Yoga_2,openpose,79,3.191777,ok,1,direct,0.534342,12,right_hip,1,1,2.000000,663.300000,392.870000,2.000000,648.946000,402.151000,17.093106,56.046998,1,0.107000,0.850033
SP_R_Yoga_2,openpose,79,3.191777,ok,1,direct,0.534342,13,left_knee,1,1,2.000000,693.360000,530.130000,2.000000,693.977000,531.432000,1.440796,56.046998,1,0.087000,0.998255
SP_R_Yoga_2,openpose,79,3.191777,ok,1,direct,0.534342,14,right_knee,1,1,2.000000,573.140000,449.220000,2.000000,568.701000,455.059000,7.334756,56.046998,1,0.087000,0.955755
SP_R_Yoga_2,openpose,79,3.191777,ok,1,direct,0.534342,15,left_ankle,1,1,2.000000,674.810000,643.940000,2.000000,672.480000,637.183000,7.147444,56.046998,1,0.089000,0.959769
SP_R_Yoga_2,openpose,79,3.191777,ok,1,direct,0.534342,16,right_ankle,1,1,2.000000,660.800000,502.020000,2.000000,656.804000,503.949000,4.437235,56.046998,1,0.089000,0.984299
SP_R_Yoga_2,openpose,80,3.232179,ok,1,direct,0.519792,0,nose,1,1,2.000000,676.150000,223.100000,2.000000,670.572000,221.896000,5.706461,56.040988,1,0.026000,0.735824
SP_R_Yoga_2,openpose,80,3.232179,ok,1,direct,0.519792,1,left_eye,0,0,0.000000,0.000000,0.000000,2.000000,684.233000,210.192000,,,,0.025000,
SP_R_Yoga_2,openpose,80,3.232179,ok,1,direct,0.519792,2,right_eye,0,0,0.000000,0.000000,0.000000,2.000000,660.696000,210.185000,,,,0.025000,
SP_R_Yoga_2,openpose,80,3.232179,ok,1,direct,0.519792,3,left_ear,0,0,0.000000,0.000000,0.000000,2.000000,703.844000,223.820000,,,,0.035000,
SP_R_Yoga_2,openpose,80,3.232179,ok,1,direct,0.519792,4,right_ear,0,0,0.000000,0.000000,0.000000,2.000000,645.035000,223.788000,,,,0.035000,
SP_R_Yoga_2,openpose,80,3.232179,ok,1,direct,0.519792,5,left_shoulder,1,1,2.000000,717.710000,269.660000,2.000000,721.429000,276.688000,7.951336,56.040988,1,0.079000,0.937524
SP_R_Yoga_2,openpose,80,3.232179,ok,1,direct,0.519792,6,right_shoulder,1,1,2.000000,635.030000,277.250000,2.000000,641.126000,272.830000,7.529782,56.040988,1,0.079000,0.943788
SP_R_Yoga_2,openpose,80,3.232179,ok,1,direct,0.519792,7,left_elbow,1,1,2.000000,726.250000,191.860000,2.000000,737.180000,343.334000,151.867829,56.040988,0,0.072000,0.000000
SP_R_Yoga_2,openpose,80,3.232179,ok,1,direct,0.519792,8,right_elbow,1,1,2.000000,629.810000,196.470000,0.000000,0.000000,0.000000,,56.040988,0,0.072000,0.000000
SP_R_Yoga_2,openpose,80,3.232179,ok,1,direct,0.519792,9,left_wrist,1,1,2.000000,688.640000,131.140000,0.000000,0.000000,0.000000,,56.040988,0,0.062000,0.000000
SP_R_Yoga_2,openpose,80,3.232179,ok,1,direct,0.519792,10,right_wrist,1,1,2.000000,662.430000,132.140000,0.000000,0.000000,0.000000,,56.040988,0,0.062000,0.000000
SP_R_Yoga_2,openpose,80,3.232179,ok,1,direct,0.519792,11,left_hip,1,1,2.000000,706.770000,399.970000,2.000000,707.758000,407.999000,8.089560,56.040988,1,0.107000,0.964255
SP_R_Yoga_2,openpose,80,3.232179,ok,1,direct,0.519792,12,right_hip,1,1,2.000000,663.300000,392.870000,2.000000,646.961000,402.111000,18.771228,56.040988,1,0.107000,0.822020
SP_R_Yoga_2,openpose,80,3.232179,ok,1,direct,0.519792,13,left_knee,1,1,2.000000,693.360000,530.130000,2.000000,692.100000,531.472000,1.840805,56.040988,1,0.087000,0.997153
SP_R_Yoga_2,openpose,80,3.232179,ok,1,direct,0.519792,14,right_knee,1,1,2.000000,573.140000,449.220000,2.000000,568.621000,455.033000,7.362902,56.040988,1,0.087000,0.955413
SP_R_Yoga_2,openpose,80,3.232179,ok,1,direct,0.519792,15,left_ankle,1,1,2.000000,674.810000,643.940000,2.000000,670.557000,635.287000,9.641702,56.040988,1,0.089000,0.927986
SP_R_Yoga_2,openpose,80,3.232179,ok,1,direct,0.519792,16,right_ankle,1,1,2.000000,660.770000,502.180000,2.000000,654.807000,502.050000,5.964417,56.040988,1,0.089000,0.971805
SP_R_Yoga_2,openpose,81,3.272581,ok,1,direct,0.497097,0,nose,1,1,2.000000,676.000000,223.130000,2.000000,672.474000,223.867000,3.602200,56.034977,1,0.026000,0.884914
SP_R_Yoga_2,openpose,81,3.272581,ok,1,direct,0.497097,1,left_eye,0,0,0.000000,0.000000,0.000000,2.000000,684.239000,212.126000,,,,0.025000,
SP_R_Yoga_2,openpose,81,3.272581,ok,1,direct,0.497097,2,right_eye,0,0,0.000000,0.000000,0.000000,2.000000,660.709000,214.034000,,,,0.025000,
SP_R_Yoga_2,openpose,81,3.272581,ok,1,direct,0.497097,3,left_ear,0,0,0.000000,0.000000,0.000000,2.000000,703.834000,225.762000,,,,0.035000,
SP_R_Yoga_2,openpose,81,3.272581,ok,1,direct,0.497097,4,right_ear,0,0,0.000000,0.000000,0.000000,2.000000,645.042000,225.810000,,,,0.035000,
SP_R_Yoga_2,openpose,81,3.272581,ok,1,direct,0.497097,5,left_shoulder,1,1,2.000000,717.470000,269.790000,2.000000,723.438000,278.689000,10.714907,56.034977,1,0.079000,0.889430
SP_R_Yoga_2,openpose,81,3.272581,ok,1,direct,0.497097,6,right_shoulder,1,1,2.000000,635.030000,277.250000,2.000000,641.180000,274.746000,6.640220,56.034977,1,0.079000,0.955997
SP_R_Yoga_2,openpose,81,3.272581,ok,1,direct,0.497097,7,left_elbow,1,1,2.000000,726.250000,191.860000,2.000000,744.968000,351.187000,160.422743,56.034977,0,0.072000,0.000000
SP_R_Yoga_2,openpose,81,3.272581,ok,1,direct,0.497097,8,right_elbow,1,1,2.000000,629.810000,196.470000,0.000000,0.000000,0.000000,,56.034977,0,0.072000,0.000000
SP_R_Yoga_2,openpose,81,3.272581,ok,1,direct,0.497097,9,left_wrist,1,1,2.000000,688.470000,131.250000,2.000000,727.302000,394.270000,265.871105,56.034977,0,0.062000,0.000000
SP_R_Yoga_2,openpose,81,3.272581,ok,1,direct,0.497097,10,right_wrist,1,1,2.000000,662.320000,132.360000,0.000000,0.000000,0.000000,,56.034977,0,0.062000,0.000000
SP_R_Yoga_2,openpose,81,3.272581,ok,1,direct,0.497097,11,left_hip,1,1,2.000000,706.770000,399.970000,2.000000,707.758000,411.875000,11.945927,56.034977,1,0.107000,0.923677
SP_R_Yoga_2,openpose,81,3.272581,ok,1,direct,0.497097,12,right_hip,1,1,2.000000,663.300000,392.870000,2.000000,646.986000,402.172000,18.779611,56.034977,1,0.107000,0.821841
SP_R_Yoga_2,openpose,81,3.272581,ok,1,direct,0.497097,13,left_knee,1,1,2.000000,693.360000,530.130000,2.000000,693.993000,529.469000,0.915210,56.034977,1,0.087000,0.999295
SP_R_Yoga_2,openpose,81,3.272581,ok,1,direct,0.497097,14,right_knee,1,1,2.000000,573.140000,449.220000,2.000000,570.569000,454.964000,6.293137,56.034977,1,0.087000,0.967221
SP_R_Yoga_2,openpose,81,3.272581,ok,1,direct,0.497097,15,left_ankle,1,1,2.000000,674.810000,643.940000,2.000000,670.561000,635.259000,9.665080,56.034977,1,0.089000,0.927634
SP_R_Yoga_2,openpose,81,3.272581,ok,1,direct,0.497097,16,right_ankle,1,1,2.000000,660.750000,502.350000,2.000000,654.823000,505.910000,6.913966,56.034977,1,0.089000,0.962289
SP_R_Yoga_2,openpose,82,3.312983,ok,1,direct,0.516922,0,nose,1,1,2.000000,675.850000,223.170000,2.000000,672.436000,225.743000,4.275012,56.028965,1,0.026000,0.841778
SP_R_Yoga_2,openpose,82,3.312983,ok,1,direct,0.516922,1,left_eye,0,0,0.000000,0.000000,0.000000,2.000000,682.298000,212.139000,,,,0.025000,
SP_R_Yoga_2,openpose,82,3.312983,ok,1,direct,0.516922,2,right_eye,0,0,0.000000,0.000000,0.000000,2.000000,660.690000,215.977000,,,,0.025000,
SP_R_Yoga_2,openpose,82,3.312983,ok,1,direct,0.516922,3,left_ear,0,0,0.000000,0.000000,0.000000,2.000000,701.868000,221.868000,,,,0.035000,
SP_R_Yoga_2,openpose,82,3.312983,ok,1,direct,0.516922,4,right_ear,0,0,0.000000,0.000000,0.000000,2.000000,645.069000,225.848000,,,,0.035000,
SP_R_Yoga_2,openpose,82,3.312983,ok,1,direct,0.516922,5,left_shoulder,1,1,2.000000,717.220000,269.930000,2.000000,725.352000,278.674000,11.940978,56.028965,1,0.079000,0.864541
SP_R_Yoga_2,openpose,82,3.312983,ok,1,direct,0.516922,6,right_shoulder,1,1,2.000000,635.030000,277.250000,2.000000,643.077000,274.753000,8.425510,56.028965,1,0.079000,0.930096
SP_R_Yoga_2,openpose,82,3.312983,ok,1,direct,0.516922,7,left_elbow,1,1,2.000000,726.250000,191.860000,2.000000,743.018000,355.107000,164.105907,56.028965,0,0.072000,0.000000
SP_R_Yoga_2,openpose,82,3.312983,ok,1,direct,0.516922,8,right_elbow,1,1,2.000000,629.810000,196.470000,0.000000,0.000000,0.000000,,56.028965,0,0.072000,0.000000
SP_R_Yoga_2,openpose,82,3.312983,ok,1,direct,0.516922,9,left_wrist,1,1,2.000000,688.310000,131.360000,2.000000,725.361000,392.304000,263.561279,56.028965,0,0.062000,0.000000
SP_R_Yoga_2,openpose,82,3.312983,ok,1,direct,0.516922,10,right_wrist,1,1,2.000000,662.210000,132.580000,0.000000,0.000000,0.000000,,56.028965,0,0.062000,0.000000
SP_R_Yoga_2,openpose,82,3.312983,ok,1,direct,0.516922,11,left_hip,1,1,2.000000,706.770000,399.970000,2.000000,709.652000,411.891000,12.264427,56.028965,1,0.107000,0.919706
SP_R_Yoga_2,openpose,82,3.312983,ok,1,direct,0.516922,12,right_hip,1,1,2.000000,663.300000,392.870000,2.000000,647.022000,404.068000,19.757745,56.028965,1,0.107000,0.804748
SP_R_Yoga_2,openpose,82,3.312983,ok,1,direct,0.516922,13,left_knee,1,1,2.000000,693.360000,530.130000,2.000000,694.028000,529.438000,0.961815,56.028965,1,0.087000,0.999222
SP_R_Yoga_2,openpose,82,3.312983,ok,1,direct,0.516922,14,right_knee,1,1,2.000000,573.140000,449.220000,2.000000,568.650000,455.048000,7.357016,56.028965,1,0.087000,0.955464
SP_R_Yoga_2,openpose,82,3.312983,ok,1,direct,0.516922,15,left_ankle,1,1,2.000000,674.810000,643.940000,2.000000,674.453000,635.299000,8.648372,56.028965,1,0.089000,0.941616
SP_R_Yoga_2,openpose,82,3.312983,ok,1,direct,0.516922,16,right_ankle,1,1,2.000000,660.720000,502.510000,2.000000,656.782000,504.011000,4.214362,56.028965,1,0.089000,0.985816
SP_R_Yoga_2,openpose,83,3.353386,ok,1,direct,0.467145,0,nose,1,1,2.000000,675.710000,223.210000,2.000000,670.579000,223.893000,5.176258,56.022953,1,0.026000,0.776801
SP_R_Yoga_2,openpose,83,3.353386,ok,1,direct,0.467145,1,left_eye,0,0,0.000000,0.000000,0.000000,2.000000,682.308000,212.150000,,,,0.025000,
SP_R_Yoga_2,openpose,83,3.353386,ok,1,direct,0.467145,2,right_eye,0,0,0.000000,0.000000,0.000000,2.000000,658.805000,214.050000,,,,0.025000,
SP_R_Yoga_2,openpose,83,3.353386,ok,1,direct,0.467145,3,left_ear,0,0,0.000000,0.000000,0.000000,2.000000,703.801000,221.901000,,,,0.035000,
SP_R_Yoga_2,openpose,83,3.353386,ok,1,direct,0.467145,4,right_ear,0,0,0.000000,0.000000,0.000000,2.000000,644.997000,225.776000,,,,0.035000,
SP_R_Yoga_2,openpose,83,3.353386,ok,1,direct,0.467145,5,left_shoulder,1,1,2.000000,716.970000,270.060000,2.000000,725.351000,278.730000,12.058609,56.022953,1,0.079000,0.862026
SP_R_Yoga_2,openpose,83,3.353386,ok,1,direct,0.467145,6,right_shoulder,1,1,2.000000,635.030000,277.250000,2.000000,643.088000,272.845000,9.183430,56.022953,1,0.079000,0.917493
SP_R_Yoga_2,openpose,83,3.353386,ok,1,direct,0.467145,7,left_elbow,1,1,2.000000,726.250000,191.860000,2.000000,743.019000,355.073000,164.072188,56.022953,0,0.072000,0.000000
SP_R_Yoga_2,openpose,83,3.353386,ok,1,direct,0.467145,8,right_elbow,1,1,2.000000,629.810000,196.470000,0.000000,0.000000,0.000000,,56.022953,0,0.072000,0.000000
SP_R_Yoga_2,openpose,83,3.353386,ok,1,direct,0.467145,9,left_wrist,1,1,2.000000,688.140000,131.470000,2.000000,725.379000,392.287000,263.462048,56.022953,0,0.062000,0.000000
SP_R_Yoga_2,openpose,83,3.353386,ok,1,direct,0.467145,10,right_wrist,1,1,2.000000,662.100000,132.810000,0.000000,0.000000,0.000000,,56.022953,0,0.062000,0.000000
SP_R_Yoga_2,openpose,83,3.353386,ok,1,direct,0.467145,11,left_hip,1,1,2.000000,706.770000,399.970000,2.000000,707.765000,411.897000,11.968432,56.022953,1,0.107000,0.923368
SP_R_Yoga_2,openpose,83,3.353386,ok,1,direct,0.467145,12,right_hip,1,1,2.000000,663.300000,392.870000,2.000000,645.098000,404.042000,21.357116,56.022953,1,0.107000,0.775791
SP_R_Yoga_2,openpose,83,3.353386,ok,1,direct,0.467145,13,left_knee,1,1,2.000000,693.360000,530.130000,2.000000,693.969000,529.455000,0.909124,56.022953,1,0.087000,0.999304
SP_R_Yoga_2,openpose,83,3.353386,ok,1,direct,0.467145,14,right_knee,1,1,2.000000,573.140000,449.220000,2.000000,568.687000,456.925000,8.899227,56.022953,1,0.087000,0.935499
SP_R_Yoga_2,openpose,83,3.353386,ok,1,direct,0.467145,15,left_ankle,1,1,2.000000,674.810000,643.940000,2.000000,672.497000,637.266000,7.063444,56.022953,1,0.089000,0.960657
SP_R_Yoga_2,openpose,83,3.353386,ok,1,direct,0.467145,16,right_ankle,1,1,2.000000,660.690000,502.670000,2.000000,656.830000,504.004000,4.084012,56.022953,1,0.089000,0.986671
SP_R_Yoga_2,openpose,84,3.393788,ok,1,direct,0.474856,0,nose,1,1,2.000000,675.560000,223.240000,2.000000,670.544000,225.718000,5.594706,56.016940,1,0.026000,0.744442
SP_R_Yoga_2,openpose,84,3.393788,ok,1,direct,0.474856,1,left_eye,0,0,0.000000,0.000000,0.000000,2.000000,682.263000,214.022000,,,,0.025000,
SP_R_Yoga_2,openpose,84,3.393788,ok,1,direct,0.474856,2,right_eye,0,0,0.000000,0.000000,0.000000,2.000000,660.694000,214.068000,,,,0.025000,
SP_R_Yoga_2,openpose,84,3.393788,ok,1,direct,0.474856,3,left_ear,0,0,0.000000,0.000000,0.000000,2.000000,701.914000,223.836000,,,,0.035000,
SP_R_Yoga_2,openpose,84,3.393788,ok,1,direct,0.474856,4,right_ear,0,0,0.000000,0.000000,0.000000,2.000000,645.050000,225.827000,,,,0.035000,
SP_R_Yoga_2,openpose,84,3.393788,ok,1,direct,0.474856,5,left_shoulder,1,1,2.000000,716.720000,270.190000,2.000000,725.399000,278.747000,12.187998,56.016940,1,0.079000,0.859241
SP_R_Yoga_2,openpose,84,3.393788,ok,1,direct,0.474856,6,right_shoulder,1,1,2.000000,635.030000,277.250000,2.000000,645.003000,272.872000,10.891630,56.016940,1,0.079000,0.885901
SP_R_Yoga_2,openpose,84,3.393788,ok,1,direct,0.474856,7,left_elbow,1,1,2.000000,726.250000,191.860000,2.000000,743.043000,357.051000,166.042378,56.016940,0,0.072000,0.000000
SP_R_Yoga_2,openpose,84,3.393788,ok,1,direct,0.474856,8,right_elbow,1,1,2.000000,629.810000,196.470000,0.000000,0.000000,0.000000,,56.016940,0,0.072000,0.000000
SP_R_Yoga_2,openpose,84,3.393788,ok,1,direct,0.474856,9,left_wrist,1,1,2.000000,687.970000,131.580000,2.000000,723.437000,394.258000,265.061577,56.016940,0,0.062000,0.000000
SP_R_Yoga_2,openpose,84,3.393788,ok,1,direct,0.474856,10,right_wrist,1,1,2.000000,661.980000,133.030000,0.000000,0.000000,0.000000,,56.016940,0,0.062000,0.000000
SP_R_Yoga_2,openpose,84,3.393788,ok,1,direct,0.474856,11,left_hip,1,1,2.000000,706.770000,399.970000,2.000000,707.760000,411.938000,12.008877,56.016940,1,0.107000,0.922854
SP_R_Yoga_2,openpose,84,3.393788,ok,1,direct,0.474856,12,right_hip,1,1,2.000000,663.300000,392.870000,2.000000,646.970000,404.054000,19.792695,56.016940,1,0.107000,0.804054
SP_R_Yoga_2,openpose,84,3.393788,ok,1,direct,0.474856,13,left_knee,1,1,2.000000,693.360000,530.130000,2.000000,694.048000,529.494000,0.936931,56.016940,1,0.087000,0.999261
SP_R_Yoga_2,openpose,84,3.393788,ok,1,direct,0.474856,14,right_knee,1,1,2.000000,573.140000,449.220000,2.000000,568.698000,456.956000,8.920598,56.016940,1,0.087000,0.935186
SP_R_Yoga_2,openpose,84,3.393788,ok,1,direct,0.474856,15,left_ankle,1,1,2.000000,674.810000,643.940000,2.000000,672.531000,637.228000,7.088356,56.016940,1,0.089000,0.960377
SP_R_Yoga_2,openpose,84,3.393788,ok,1,direct,0.474856,16,right_ankle,1,1,2.000000,660.660000,502.840000,2.000000,658.739000,503.945000,2.216138,56.016940,1,0.089000,0.996056
SP_R_Yoga_2,openpose,85,3.434190,ok,1,direct,0.491401,0,nose,1,1,2.000000,675.410000,223.280000,2.000000,670.537000,225.774000,5.474136,56.010380,1,0.026000,0.753819
SP_R_Yoga_2,openpose,85,3.434190,ok,1,direct,0.491401,1,left_eye,0,0,0.000000,0.000000,0.000000,2.000000,682.229000,212.163000,,,,0.025000,
SP_R_Yoga_2,openpose,85,3.434190,ok,1,direct,0.491401,2,right_eye,0,0,0.000000,0.000000,0.000000,2.000000,658.771000,215.959000,,,,0.025000,
SP_R_Yoga_2,openpose,85,3.434190,ok,1,direct,0.491401,3,left_ear,0,0,0.000000,0.000000,0.000000,2.000000,701.903000,221.860000,,,,0.035000,
SP_R_Yoga_2,openpose,85,3.434190,ok,1,direct,0.491401,4,right_ear,0,0,0.000000,0.000000,0.000000,2.000000,645.020000,227.716000,,,,0.035000,
SP_R_Yoga_2,openpose,85,3.434190,ok,1,direct,0.491401,5,left_shoulder,1,1,2.000000,716.470000,270.330000,2.000000,727.295000,278.748000,13.712890,56.010380,1,0.079000,0.825236
SP_R_Yoga_2,openpose,85,3.434190,ok,1,direct,0.491401,6,right_shoulder,1,1,2.000000,635.030000,277.250000,2.000000,641.174000,274.766000,6.627141,56.010380,1,0.079000,0.956128
SP_R_Yoga_2,openpose,85,3.434190,ok,1,direct,0.491401,7,left_elbow,1,1,2.000000,726.250000,191.860000,2.000000,742.992000,349.230000,158.258053,56.010380,0,0.072000,0.000000
SP_R_Yoga_2,openpose,85,3.434190,ok,1,direct,0.491401,8,right_elbow,1,1,2.000000,629.810000,196.470000,0.000000,0.000000,0.000000,,56.010380,0,0.072000,0.000000
SP_R_Yoga_2,openpose,85,3.434190,ok,1,direct,0.491401,9,left_wrist,1,1,2.000000,687.810000,131.700000,2.000000,729.300000,390.339000,261.945705,56.010380,0,0.062000,0.000000
SP_R_Yoga_2,openpose,85,3.434190,ok,1,direct,0.491401,10,right_wrist,1,1,2.000000,661.870000,133.250000,0.000000,0.000000,0.000000,,56.010380,0,0.062000,0.000000
SP_R_Yoga_2,openpose,85,3.434190,ok,1,direct,0.491401,11,left_hip,1,1,2.000000,706.770000,399.970000,2.000000,707.791000,411.925000,11.998519,56.010380,1,0.107000,0.922965
SP_R_Yoga_2,openpose,85,3.434190,ok,1,direct,0.491401,12,right_hip,1,1,2.000000,663.300000,392.870000,2.000000,645.064000,404.079000,21.405452,56.010380,1,0.107000,0.774810
SP_R_Yoga_2,openpose,85,3.434190,ok,1,direct,0.491401,13,left_knee,1,1,2.000000,693.360000,530.130000,2.000000,694.058000,531.463000,1.504690,56.010380,1,0.087000,0.998095
SP_R_Yoga_2,openpose,85,3.434190,ok,1,direct,0.491401,14,right_knee,1,1,2.000000,573.140000,449.220000,2.000000,568.700000,456.953000,8.917000,56.010380,1,0.087000,0.935222
SP_R_Yoga_2,openpose,85,3.434190,ok,1,direct,0.491401,15,left_ankle,1,1,2.000000,674.810000,643.940000,2.000000,672.510000,639.146000,5.317183,56.010380,1,0.089000,0.977502
SP_R_Yoga_2,openpose,85,3.434190,ok,1,direct,0.491401,16,right_ankle,1,1,2.000000,660.660000,502.840000,2.000000,654.895000,503.999000,5.880349,56.010380,1,0.089000,0.972553
SP_R_Yoga_2,openpose,86,3.474592,ok,1,direct,0.478404,0,nose,1,1,2.000000,675.260000,223.320000,2.000000,670.567000,225.855000,5.333899,56.004366,1,0.026000,0.764627
SP_R_Yoga_2,openpose,86,3.474592,ok,1,direct,0.478404,1,left_eye,0,0,0.000000,0.000000,0.000000,2.000000,682.270000,214.036000,,,,0.025000,
SP_R_Yoga_2,openpose,86,3.474592,ok,1,direct,0.478404,2,right_eye,0,0,0.000000,0.000000,0.000000,2.000000,658.791000,216.031000,,,,0.025000,
SP_R_Yoga_2,openpose,86,3.474592,ok,1,direct,0.478404,3,left_ear,0,0,0.000000,0.000000,0.000000,2.000000,701.879000,221.912000,,,,0.035000,
SP_R_Yoga_2,openpose,86,3.474592,ok,1,direct,0.478404,4,right_ear,0,0,0.000000,0.000000,0.000000,2.000000,643.091000,227.714000,,,,0.035000,
SP_R_Yoga_2,openpose,86,3.474592,ok,1,direct,0.478404,5,left_shoulder,1,1,2.000000,716.230000,270.460000,2.000000,725.339000,280.641000,13.661136,56.004366,1,0.079000,0.826397
SP_R_Yoga_2,openpose,86,3.474592,ok,1,direct,0.478404,6,right_shoulder,1,1,2.000000,635.030000,277.250000,2.000000,641.127000,274.784000,6.576820,56.004366,1,0.079000,0.956768
SP_R_Yoga_2,openpose,86,3.474592,ok,1,direct,0.478404,7,left_elbow,1,1,2.000000,726.250000,191.860000,2.000000,741.066000,347.250000,156.094734,56.004366,0,0.072000,0.000000
SP_R_Yoga_2,openpose,86,3.474592,ok,1,direct,0.478404,8,right_elbow,1,1,2.000000,629.810000,196.470000,0.000000,0.000000,0.000000,,56.004366,0,0.072000,0.000000
SP_R_Yoga_2,openpose,86,3.474592,ok,1,direct,0.478404,9,left_wrist,1,1,2.000000,687.640000,131.810000,2.000000,733.193000,390.339000,262.511561,56.004366,0,0.062000,0.000000
SP_R_Yoga_2,openpose,86,3.474592,ok,1,direct,0.478404,10,right_wrist,1,1,2.000000,661.760000,133.470000,0.000000,0.000000,0.000000,,56.004366,0,0.062000,0.000000
SP_R_Yoga_2,openpose,86,3.474592,ok,1,direct,0.478404,11,left_hip,1,1,2.000000,706.770000,399.970000,2.000000,709.659000,409.929000,10.369571,56.004366,1,0.107000,0.941870
SP_R_Yoga_2,openpose,86,3.474592,ok,1,direct,0.478404,12,right_hip,1,1,2.000000,663.300000,392.870000,2.000000,645.086000,404.034000,21.363162,56.004366,1,0.107000,0.775548
SP_R_Yoga_2,openpose,86,3.474592,ok,1,direct,0.478404,13,left_knee,1,1,2.000000,693.360000,530.130000,2.000000,696.001000,529.454000,2.726143,56.004366,1,0.087000,0.993759
SP_R_Yoga_2,openpose,86,3.474592,ok,1,direct,0.478404,14,right_knee,1,1,2.000000,573.140000,449.220000,2.000000,568.681000,457.014000,8.979372,56.004366,1,0.087000,0.934329
SP_R_Yoga_2,openpose,86,3.474592,ok,1,direct,0.478404,15,left_ankle,1,1,2.000000,674.810000,643.940000,2.000000,672.445000,637.239000,7.106098,56.004366,1,0.089000,0.960164
SP_R_Yoga_2,openpose,86,3.474592,ok,1,direct,0.478404,16,right_ankle,1,1,2.000000,660.660000,502.840000,2.000000,654.862000,503.985000,5.909977,56.004366,1,0.089000,0.972274
SP_R_Yoga_2,openpose,87,3.514994,ok,1,direct,0.488955,0,nose,1,1,2.000000,675.110000,223.350000,2.000000,670.545000,225.829000,5.194677,55.998351,1,0.026000,0.775230
SP_R_Yoga_2,openpose,87,3.514994,ok,1,direct,0.488955,1,left_eye,0,0,0.000000,0.000000,0.000000,2.000000,682.240000,212.164000,,,,0.025000,
SP_R_Yoga_2,openpose,87,3.514994,ok,1,direct,0.488955,2,right_eye,0,0,0.000000,0.000000,0.000000,2.000000,658.731000,217.922000,,,,0.025000,
SP_R_Yoga_2,openpose,87,3.514994,ok,1,direct,0.488955,3,left_ear,0,0,0.000000,0.000000,0.000000,2.000000,701.846000,221.907000,,,,0.035000,
SP_R_Yoga_2,openpose,87,3.514994,ok,1,direct,0.488955,4,right_ear,0,0,0.000000,0.000000,0.000000,2.000000,643.102000,227.803000,,,,0.035000,
SP_R_Yoga_2,openpose,87,3.514994,ok,1,direct,0.488955,5,left_shoulder,1,1,2.000000,715.980000,270.590000,2.000000,725.343000,280.621000,13.721761,55.998351,1,0.079000,0.824962
SP_R_Yoga_2,openpose,87,3.514994,ok,1,direct,0.488955,6,right_shoulder,1,1,2.000000,635.030000,277.250000,2.000000,641.175000,278.661000,6.304914,55.998351,1,0.079000,0.960190
SP_R_Yoga_2,openpose,87,3.514994,ok,1,direct,0.488955,7,left_elbow,1,1,2.000000,726.250000,191.860000,2.000000,741.043000,349.228000,158.061761,55.998351,0,0.072000,0.000000
SP_R_Yoga_2,openpose,87,3.514994,ok,1,direct,0.488955,8,right_elbow,1,1,2.000000,629.810000,196.470000,2.000000,625.432000,337.482000,141.079946,55.998351,0,0.072000,0.000000
SP_R_Yoga_2,openpose,87,3.514994,ok,1,direct,0.488955,9,left_wrist,1,1,2.000000,687.480000,131.920000,2.000000,731.289000,392.352000,264.090998,55.998351,0,0.062000,0.000000
SP_R_Yoga_2,openpose,87,3.514994,ok,1,direct,0.488955,10,right_wrist,1,1,2.000000,661.650000,133.690000,0.000000,0.000000,0.000000,,55.998351,0,0.062000,0.000000
SP_R_Yoga_2,openpose,87,3.514994,ok,1,direct,0.488955,11,left_hip,1,1,2.000000,706.770000,399.970000,2.000000,707.772000,409.992000,10.071965,55.998351,1,0.107000,0.945055
SP_R_Yoga_2,openpose,87,3.514994,ok,1,direct,0.488955,12,right_hip,1,1,2.000000,663.300000,392.870000,2.000000,646.954000,404.113000,19.839273,55.998351,1,0.107000,0.803111
SP_R_Yoga_2,openpose,87,3.514994,ok,1,direct,0.488955,13,left_knee,1,1,2.000000,693.360000,530.130000,2.000000,695.986000,529.464000,2.709139,55.998351,1,0.087000,0.993835
SP_R_Yoga_2,openpose,87,3.514994,ok,1,direct,0.488955,14,right_knee,1,1,2.000000,573.140000,449.220000,2.000000,570.547000,458.873000,9.995202,55.998351,1,0.087000,0.919263
SP_R_Yoga_2,openpose,87,3.514994,ok,1,direct,0.488955,15,left_ankle,1,1,2.000000,674.810000,643.940000,2.000000,672.448000,639.135000,5.354164,55.998351,1,0.089000,0.977182
SP_R_Yoga_2,openpose,87,3.514994,ok,1,direct,0.488955,16,right_ankle,1,1,2.000000,660.660000,502.840000,2.000000,654.878000,503.985000,5.894281,55.998351,1,0.089000,0.972413
SP_R_Yoga_2,openpose,88,3.555397,ok,1,direct,0.462850,0,nose,1,1,2.000000,674.970000,223.390000,2.000000,670.503000,225.796000,5.073749,55.992335,1,0.026000,0.784325
SP_R_Yoga_2,openpose,88,3.555397,ok,1,direct,0.462850,1,left_eye,0,0,0.000000,0.000000,0.000000,2.000000,682.211000,212.131000,,,,0.025000,
SP_R_Yoga_2,openpose,88,3.555397,ok,1,direct,0.462850,2,right_eye,0,0,0.000000,0.000000,0.000000,2.000000,656.855000,216.017000,,,,0.025000,
SP_R_Yoga_2,openpose,88,3.555397,ok,1,direct,0.462850,3,left_ear,0,0,0.000000,0.000000,0.000000,2.000000,701.865000,221.851000,,,,0.035000,
SP_R_Yoga_2,openpose,88,3.555397,ok,1,direct,0.462850,4,right_ear,0,0,0.000000,0.000000,0.000000,2.000000,643.086000,227.750000,,,,0.035000,
SP_R_Yoga_2,openpose,88,3.555397,ok,1,direct,0.462850,5,left_shoulder,1,1,2.000000,715.730000,270.730000,2.000000,725.399000,278.696000,12.527838,55.992335,1,0.079000,0.851782
SP_R_Yoga_2,openpose,88,3.555397,ok,1,direct,0.462850,6,right_shoulder,1,1,2.000000,635.030000,277.250000,2.000000,641.088000,276.728000,6.080448,55.992335,1,0.079000,0.962914
SP_R_Yoga_2,openpose,88,3.555397,ok,1,direct,0.462850,7,left_elbow,1,1,2.000000,726.250000,191.860000,2.000000,742.983000,343.393000,152.454070,55.992335,0,0.072000,0.000000
SP_R_Yoga_2,openpose,88,3.555397,ok,1,direct,0.462850,8,right_elbow,1,1,2.000000,629.810000,196.470000,2.000000,623.500000,339.425000,143.094193,55.992335,0,0.072000,0.000000
SP_R_Yoga_2,openpose,88,3.555397,ok,1,direct,0.462850,9,left_wrist,1,1,2.000000,687.310000,132.030000,2.000000,733.232000,390.334000,262.354315,55.992335,0,0.062000,0.000000
SP_R_Yoga_2,openpose,88,3.555397,ok,1,direct,0.462850,10,right_wrist,1,1,2.000000,661.540000,133.910000,0.000000,0.000000,0.000000,,55.992335,0,0.062000,0.000000
SP_R_Yoga_2,openpose,88,3.555397,ok,1,direct,0.462850,11,left_hip,1,1,2.000000,706.770000,399.970000,2.000000,709.722000,409.958000,10.415107,55.992335,1,0.107000,0.941349
SP_R_Yoga_2,openpose,88,3.555397,ok,1,direct,0.462850,12,right_hip,1,1,2.000000,663.300000,392.870000,2.000000,646.995000,404.114000,19.806074,55.992335,1,0.107000,0.803663
SP_R_Yoga_2,openpose,88,3.555397,ok,1,direct,0.462850,13,left_knee,1,1,2.000000,693.360000,530.130000,2.000000,695.977000,531.417000,2.916343,55.992335,1,0.087000,0.992857
SP_R_Yoga_2,openpose,88,3.555397,ok,1,direct,0.462850,14,right_knee,1,1,2.000000,573.140000,449.220000,2.000000,568.622000,456.979000,8.978553,55.992335,1,0.087000,0.934313
SP_R_Yoga_2,openpose,88,3.555397,ok,1,direct,0.462850,15,left_ankle,1,1,2.000000,674.810000,643.940000,2.000000,670.480000,639.165000,6.445892,55.992335,1,0.089000,0.967091
SP_R_Yoga_2,openpose,88,3.555397,ok,1,direct,0.462850,16,right_ankle,1,1,2.000000,660.660000,502.840000,2.000000,656.802000,503.967000,4.019240,55.992335,1,0.089000,0.987074
SP_R_Yoga_2,openpose,89,3.595799,ok,1,direct,0.487285,0,nose,1,1,2.000000,674.820000,223.430000,2.000000,668.579000,223.836000,6.254192,55.986319,1,0.026000,0.691287
SP_R_Yoga_2,openpose,89,3.595799,ok,1,direct,0.487285,1,left_eye,0,0,0.000000,0.000000,0.000000,2.000000,680.312000,212.046000,,,,0.025000,
SP_R_Yoga_2,openpose,89,3.595799,ok,1,direct,0.487285,2,right_eye,0,0,0.000000,0.000000,0.000000,2.000000,656.796000,214.051000,,,,0.025000,
SP_R_Yoga_2,openpose,89,3.595799,ok,1,direct,0.487285,3,left_ear,0,0,0.000000,0.000000,0.000000,2.000000,699.955000,219.961000,,,,0.035000,
SP_R_Yoga_2,openpose,89,3.595799,ok,1,direct,0.487285,4,right_ear,0,0,0.000000,0.000000,0.000000,2.000000,641.189000,225.850000,,,,0.035000,
SP_R_Yoga_2,openpose,89,3.595799,ok,1,direct,0.487285,5,left_shoulder,1,1,2.000000,715.480000,270.860000,2.000000,723.459000,278.692000,11.180549,55.986319,1,0.079000,0.880027
SP_R_Yoga_2,openpose,89,3.595799,ok,1,direct,0.487285,6,right_shoulder,1,1,2.000000,635.030000,277.250000,2.000000,639.137000,276.730000,4.139789,55.986319,1,0.079000,0.982631
SP_R_Yoga_2,openpose,89,3.595799,ok,1,direct,0.487285,7,left_elbow,1,1,2.000000,726.250000,191.860000,2.000000,739.122000,345.309000,153.987935,55.986319,0,0.072000,0.000000
SP_R_Yoga_2,openpose,89,3.595799,ok,1,direct,0.487285,8,right_elbow,1,1,2.000000,629.810000,196.470000,2.000000,623.485000,341.371000,145.038979,55.986319,0,0.072000,0.000000
SP_R_Yoga_2,openpose,89,3.595799,ok,1,direct,0.487285,9,left_wrist,1,1,2.000000,687.140000,132.140000,2.000000,733.215000,388.398000,260.367180,55.986319,0,0.062000,0.000000
SP_R_Yoga_2,openpose,89,3.595799,ok,1,direct,0.487285,10,right_wrist,1,1,2.000000,661.430000,134.140000,0.000000,0.000000,0.000000,,55.986319,0,0.062000,0.000000
SP_R_Yoga_2,openpose,89,3.595799,ok,1,direct,0.487285,11,left_hip,1,1,2.000000,706.770000,399.970000,2.000000,709.720000,409.973000,10.428927,55.986319,1,0.107000,0.941186
SP_R_Yoga_2,openpose,89,3.595799,ok,1,direct,0.487285,12,right_hip,1,1,2.000000,663.300000,392.870000,2.000000,645.072000,406.019000,22.475680,55.986319,1,0.107000,0.754628
SP_R_Yoga_2,openpose,89,3.595799,ok,1,direct,0.487285,13,left_knee,1,1,2.000000,693.360000,530.130000,2.000000,696.039000,529.482000,2.756256,55.986319,1,0.087000,0.993616
SP_R_Yoga_2,openpose,89,3.595799,ok,1,direct,0.487285,14,right_knee,1,1,2.000000,573.140000,449.220000,2.000000,568.641000,457.019000,9.003633,55.986319,1,0.087000,0.933945
SP_R_Yoga_2,openpose,89,3.595799,ok,1,direct,0.487285,15,left_ankle,1,1,2.000000,674.810000,643.940000,2.000000,670.494000,641.093000,5.170422,55.986319,1,0.089000,0.978696
SP_R_Yoga_2,openpose,89,3.595799,ok,1,direct,0.487285,16,right_ankle,1,1,2.000000,660.660000,502.840000,2.000000,656.767000,504.046000,4.075523,55.986319,1,0.089000,0.986709
SP_R_Yoga_2,openpose,90,3.636201,ok,1,direct,0.502021,0,nose,1,1,2.000000,674.820000,223.430000,2.000000,668.635000,225.748000,6.605100,55.976473,1,0.026000,0.662366
SP_R_Yoga_2,openpose,90,3.636201,ok,1,direct,0.502021,1,left_eye,0,0,0.000000,0.000000,0.000000,2.000000,680.382000,212.163000,,,,0.025000,
SP_R_Yoga_2,openpose,90,3.636201,ok,1,direct,0.502021,2,right_eye,0,0,0.000000,0.000000,0.000000,2.000000,656.859000,214.097000,,,,0.025000,
SP_R_Yoga_2,openpose,90,3.636201,ok,1,direct,0.502021,3,left_ear,0,0,0.000000,0.000000,0.000000,2.000000,701.857000,223.791000,,,,0.035000,
SP_R_Yoga_2,openpose,90,3.636201,ok,1,direct,0.502021,4,right_ear,0,0,0.000000,0.000000,0.000000,2.000000,641.191000,225.854000,,,,0.035000,
SP_R_Yoga_2,openpose,90,3.636201,ok,1,direct,0.502021,5,left_shoulder,1,1,2.000000,715.480000,270.860000,2.000000,721.465000,278.672000,9.841116,55.976473,1,0.079000,0.905698
SP_R_Yoga_2,openpose,90,3.636201,ok,1,direct,0.502021,6,right_shoulder,1,1,2.000000,635.030000,277.250000,2.000000,635.274000,270.855000,6.399653,55.976473,1,0.079000,0.958978
SP_R_Yoga_2,openpose,90,3.636201,ok,1,direct,0.502021,7,left_elbow,1,1,2.000000,726.250000,191.860000,2.000000,737.172000,343.325000,151.858277,55.976473,0,0.072000,0.000000
SP_R_Yoga_2,openpose,90,3.636201,ok,1,direct,0.502021,8,right_elbow,1,1,2.000000,629.810000,196.470000,0.000000,0.000000,0.000000,,55.976473,0,0.072000,0.000000
SP_R_Yoga_2,openpose,90,3.636201,ok,1,direct,0.502021,9,left_wrist,1,1,2.000000,687.200000,132.320000,2.000000,731.221000,390.329000,261.737450,55.976473,0,0.062000,0.000000
SP_R_Yoga_2,openpose,90,3.636201,ok,1,direct,0.502021,10,right_wrist,1,1,2.000000,661.430000,134.290000,0.000000,0.000000,0.000000,,55.976473,0,0.062000,0.000000
SP_R_Yoga_2,openpose,90,3.636201,ok,1,direct,0.502021,11,left_hip,1,1,2.000000,706.770000,399.970000,2.000000,707.762000,407.985000,8.076156,55.976473,1,0.107000,0.964290
SP_R_Yoga_2,openpose,90,3.636201,ok,1,direct,0.502021,12,right_hip,1,1,2.000000,663.300000,392.870000,2.000000,643.138000,402.131000,22.187212,55.976473,1,0.107000,0.759993
SP_R_Yoga_2,openpose,90,3.636201,ok,1,direct,0.502021,13,left_knee,1,1,2.000000,693.360000,530.130000,2.000000,694.079000,527.517000,2.710116,55.976473,1,0.087000,0.993825
SP_R_Yoga_2,openpose,90,3.636201,ok,1,direct,0.502021,14,right_knee,1,1,2.000000,573.140000,449.220000,2.000000,570.561000,458.915000,10.032162,55.976473,1,0.087000,0.918629
SP_R_Yoga_2,openpose,90,3.636201,ok,1,direct,0.502021,15,left_ankle,1,1,2.000000,674.810000,643.940000,2.000000,674.436000,635.247000,8.701042,55.976473,1,0.089000,0.940816
SP_R_Yoga_2,openpose,90,3.636201,ok,1,direct,0.502021,16,right_ankle,1,1,2.000000,660.660000,502.840000,2.000000,652.919000,503.963000,7.822034,55.976473,1,0.089000,0.951892
SP_R_Yoga_2,openpose,91,3.676603,ok,1,direct,0.502554,0,nose,1,1,2.000000,674.820000,223.430000,2.000000,670.484000,225.807000,4.944798,55.966078,1,0.026000,0.793774
SP_R_Yoga_2,openpose,91,3.676603,ok,1,direct,0.502554,1,left_eye,0,0,0.000000,0.000000,0.000000,2.000000,680.351000,212.156000,,,,0.025000,
SP_R_Yoga_2,openpose,91,3.676603,ok,1,direct,0.502554,2,right_eye,0,0,0.000000,0.000000,0.000000,2.000000,656.852000,216.046000,,,,0.025000,
SP_R_Yoga_2,openpose,91,3.676603,ok,1,direct,0.502554,3,left_ear,0,0,0.000000,0.000000,0.000000,2.000000,699.902000,221.841000,,,,0.035000,
SP_R_Yoga_2,openpose,91,3.676603,ok,1,direct,0.502554,4,right_ear,0,0,0.000000,0.000000,0.000000,2.000000,643.062000,227.773000,,,,0.035000,
SP_R_Yoga_2,openpose,91,3.676603,ok,1,direct,0.502554,5,left_shoulder,1,1,2.000000,715.480000,270.860000,2.000000,721.429000,278.672000,9.819264,55.966078,1,0.079000,0.906062
SP_R_Yoga_2,openpose,91,3.676603,ok,1,direct,0.502554,6,right_shoulder,1,1,2.000000,635.030000,277.250000,2.000000,637.258000,276.735000,2.286746,55.966078,1,0.079000,0.994664
SP_R_Yoga_2,openpose,91,3.676603,ok,1,direct,0.502554,7,left_elbow,1,1,2.000000,726.250000,191.860000,2.000000,739.077000,343.336000,152.018126,55.966078,0,0.072000,0.000000
SP_R_Yoga_2,openpose,91,3.676603,ok,1,direct,0.502554,8,right_elbow,1,1,2.000000,629.810000,196.470000,2.000000,623.522000,341.407000,145.073336,55.966078,0,0.072000,0.000000
SP_R_Yoga_2,openpose,91,3.676603,ok,1,direct,0.502554,9,left_wrist,1,1,2.000000,687.260000,132.510000,2.000000,733.201000,388.387000,259.968488,55.966078,0,0.062000,0.000000
SP_R_Yoga_2,openpose,91,3.676603,ok,1,direct,0.502554,10,right_wrist,1,1,2.000000,661.430000,134.440000,0.000000,0.000000,0.000000,,55.966078,0,0.062000,0.000000
SP_R_Yoga_2,openpose,91,3.676603,ok,1,direct,0.502554,11,left_hip,1,1,2.000000,706.770000,399.970000,2.000000,709.688000,407.968000,8.513679,55.966078,1,0.107000,0.960381
SP_R_Yoga_2,openpose,91,3.676603,ok,1,direct,0.502554,12,right_hip,1,1,2.000000,663.300000,392.870000,2.000000,647.014000,404.073000,19.767170,55.966078,1,0.107000,0.804188
SP_R_Yoga_2,openpose,91,3.676603,ok,1,direct,0.502554,13,left_knee,1,1,2.000000,693.360000,530.130000,2.000000,694.083000,525.523000,4.663387,55.966078,1,0.087000,0.981821
SP_R_Yoga_2,openpose,91,3.676603,ok,1,direct,0.502554,14,right_knee,1,1,2.000000,573.140000,449.220000,2.000000,570.573000,458.915000,10.029083,55.966078,1,0.087000,0.918648
SP_R_Yoga_2,openpose,91,3.676603,ok,1,direct,0.502554,15,left_ankle,1,1,2.000000,674.810000,643.940000,2.000000,672.526000,635.271000,8.964832,55.966078,1,0.089000,0.937268
SP_R_Yoga_2,openpose,91,3.676603,ok,1,direct,0.502554,16,right_ankle,1,1,2.000000,660.660000,502.840000,2.000000,654.878000,503.997000,5.896624,55.966078,1,0.089000,0.972360
SP_R_Yoga_2,openpose,92,3.717006,ok,1,direct,0.518518,0,nose,1,1,2.000000,674.820000,223.430000,2.000000,668.627000,225.722000,6.603523,55.956228,1,0.026000,0.662299
SP_R_Yoga_2,openpose,92,3.717006,ok,1,direct,0.518518,1,left_eye,0,0,0.000000,0.000000,0.000000,2.000000,680.331000,212.085000,,,,0.025000,
SP_R_Yoga_2,openpose,92,3.717006,ok,1,direct,0.518518,2,right_eye,0,0,0.000000,0.000000,0.000000,2.000000,656.833000,215.964000,,,,0.025000,
SP_R_Yoga_2,openpose,92,3.717006,ok,1,direct,0.518518,3,left_ear,0,0,0.000000,0.000000,0.000000,2.000000,699.881000,219.960000,,,,0.035000,
SP_R_Yoga_2,openpose,92,3.717006,ok,1,direct,0.518518,4,right_ear,0,0,0.000000,0.000000,0.000000,2.000000,643.099000,227.725000,,,,0.035000,
SP_R_Yoga_2,openpose,92,3.717006,ok,1,direct,0.518518,5,left_shoulder,1,1,2.000000,715.480000,270.860000,2.000000,721.477000,276.792000,8.435202,55.956228,1,0.079000,0.929765
SP_R_Yoga_2,openpose,92,3.717006,ok,1,direct,0.518518,6,right_shoulder,1,1,2.000000,635.030000,277.250000,2.000000,639.144000,276.717000,4.148383,55.956228,1,0.079000,0.982541
SP_R_Yoga_2,openpose,92,3.717006,ok,1,direct,0.518518,7,left_elbow,1,1,2.000000,726.250000,191.860000,2.000000,741.022000,349.243000,158.074731,55.956228,0,0.072000,0.000000
SP_R_Yoga_2,openpose,92,3.717006,ok,1,direct,0.518518,8,right_elbow,1,1,2.000000,629.810000,196.470000,2.000000,625.429000,341.370000,144.966214,55.956228,0,0.072000,0.000000
SP_R_Yoga_2,openpose,92,3.717006,ok,1,direct,0.518518,9,left_wrist,1,1,2.000000,687.330000,132.690000,2.000000,725.424000,388.413000,258.544784,55.956228,0,0.062000,0.000000
SP_R_Yoga_2,openpose,92,3.717006,ok,1,direct,0.518518,10,right_wrist,1,1,2.000000,661.430000,134.590000,0.000000,0.000000,0.000000,,55.956228,0,0.062000,0.000000
SP_R_Yoga_2,openpose,92,3.717006,ok,1,direct,0.518518,11,left_hip,1,1,2.000000,706.770000,399.970000,2.000000,709.680000,409.934000,10.380241,55.956228,1,0.107000,0.941657
SP_R_Yoga_2,openpose,92,3.717006,ok,1,direct,0.518518,12,right_hip,1,1,2.000000,663.300000,392.870000,2.000000,646.987000,404.097000,19.803017,55.956228,1,0.107000,0.803490
SP_R_Yoga_2,openpose,92,3.717006,ok,1,direct,0.518518,13,left_knee,1,1,2.000000,693.360000,530.130000,2.000000,694.043000,527.497000,2.720143,55.956228,1,0.087000,0.993775
SP_R_Yoga_2,openpose,92,3.717006,ok,1,direct,0.518518,14,right_knee,1,1,2.000000,573.140000,449.220000,2.000000,568.700000,458.902000,10.651513,55.956228,1,0.087000,0.908695
SP_R_Yoga_2,openpose,92,3.717006,ok,1,direct,0.518518,15,left_ankle,1,1,2.000000,674.810000,643.940000,2.000000,674.461000,635.243000,8.704000,55.956228,1,0.089000,0.940736
SP_R_Yoga_2,openpose,92,3.717006,ok,1,direct,0.518518,16,right_ankle,1,1,2.000000,660.660000,502.840000,2.000000,656.780000,505.886000,4.932800,55.956228,1,0.089000,0.980569
SP_R_Yoga_2,openpose,93,3.757408,ok,1,direct,0.473520,0,nose,1,1,2.000000,674.820000,223.430000,2.000000,670.496000,225.758000,4.910861,55.946377,1,0.026000,0.796158
SP_R_Yoga_2,openpose,93,3.757408,ok,1,direct,0.473520,1,left_eye,0,0,0.000000,0.000000,0.000000,2.000000,682.262000,212.084000,,,,0.025000,
SP_R_Yoga_2,openpose,93,3.757408,ok,1,direct,0.473520,2,right_eye,0,0,0.000000,0.000000,0.000000,2.000000,658.718000,214.075000,,,,0.025000,
SP_R_Yoga_2,openpose,93,3.757408,ok,1,direct,0.473520,3,left_ear,0,0,0.000000,0.000000,0.000000,2.000000,701.847000,219.966000,,,,0.035000,
SP_R_Yoga_2,openpose,93,3.757408,ok,1,direct,0.473520,4,right_ear,0,0,0.000000,0.000000,0.000000,2.000000,641.165000,225.801000,,,,0.035000,
SP_R_Yoga_2,openpose,93,3.757408,ok,1,direct,0.473520,5,left_shoulder,1,1,2.000000,715.480000,270.860000,2.000000,719.522000,278.665000,8.789527,55.946377,1,0.079000,0.923950
SP_R_Yoga_2,openpose,93,3.757408,ok,1,direct,0.473520,6,right_shoulder,1,1,2.000000,635.030000,277.250000,2.000000,637.225000,274.732000,3.340412,55.946377,1,0.079000,0.988641
SP_R_Yoga_2,openpose,93,3.757408,ok,1,direct,0.473520,7,left_elbow,1,1,2.000000,726.250000,191.860000,2.000000,735.219000,349.214000,157.609404,55.946377,0,0.072000,0.000000
SP_R_Yoga_2,openpose,93,3.757408,ok,1,direct,0.473520,8,right_elbow,1,1,2.000000,629.810000,196.470000,2.000000,623.512000,339.408000,143.076681,55.946377,0,0.072000,0.000000
SP_R_Yoga_2,openpose,93,3.757408,ok,1,direct,0.473520,9,left_wrist,1,1,2.000000,687.390000,132.870000,2.000000,733.176000,390.324000,261.493633,55.946377,0,0.062000,0.000000
SP_R_Yoga_2,openpose,93,3.757408,ok,1,direct,0.473520,10,right_wrist,1,1,2.000000,661.430000,134.750000,0.000000,0.000000,0.000000,,55.946377,0,0.062000,0.000000
SP_R_Yoga_2,openpose,93,3.757408,ok,1,direct,0.473520,11,left_hip,1,1,2.000000,706.770000,399.970000,2.000000,709.686000,409.975000,10.421280,55.946377,1,0.107000,0.941188
SP_R_Yoga_2,openpose,93,3.757408,ok,1,direct,0.473520,12,right_hip,1,1,2.000000,663.300000,392.870000,2.000000,645.095000,404.071000,21.374855,55.946377,1,0.107000,0.774923
SP_R_Yoga_2,openpose,93,3.757408,ok,1,direct,0.473520,13,left_knee,1,1,2.000000,693.360000,530.130000,2.000000,695.956000,529.486000,2.674687,55.946377,1,0.087000,0.993979
SP_R_Yoga_2,openpose,93,3.757408,ok,1,direct,0.473520,14,right_knee,1,1,2.000000,573.140000,449.220000,2.000000,568.655000,458.927000,10.693039,55.946377,1,0.087000,0.907985
SP_R_Yoga_2,openpose,93,3.757408,ok,1,direct,0.473520,15,left_ankle,1,1,2.000000,674.810000,643.940000,2.000000,674.407000,635.299000,8.650392,55.946377,1,0.089000,0.941422
SP_R_Yoga_2,openpose,93,3.757408,ok,1,direct,0.473520,16,right_ankle,1,1,2.000000,660.660000,502.840000,2.000000,656.827000,504.009000,4.007300,55.946377,1,0.089000,0.987129
SP_R_Yoga_2,openpose,94,3.797810,ok,1,direct,0.561158,0,nose,1,1,2.000000,674.820000,223.430000,2.000000,670.561000,223.897000,4.284527,55.936524,1,0.026000,0.840650
SP_R_Yoga_2,openpose,94,3.797810,ok,1,direct,0.561158,1,left_eye,0,0,0.000000,0.000000,0.000000,2.000000,682.312000,212.051000,,,,0.025000,
SP_R_Yoga_2,openpose,94,3.797810,ok,1,direct,0.561158,2,right_eye,0,0,0.000000,0.000000,0.000000,2.000000,658.739000,214.065000,,,,0.025000,
SP_R_Yoga_2,openpose,94,3.797810,ok,1,direct,0.561158,3,left_ear,0,0,0.000000,0.000000,0.000000,2.000000,701.883000,221.842000,,,,0.035000,
SP_R_Yoga_2,openpose,94,3.797810,ok,1,direct,0.561158,4,right_ear,0,0,0.000000,0.000000,0.000000,2.000000,641.192000,225.859000,,,,0.035000,
SP_R_Yoga_2,openpose,94,3.797810,ok,1,direct,0.561158,5,left_shoulder,1,1,2.000000,715.480000,270.860000,2.000000,723.383000,278.721000,11.146871,55.936524,1,0.079000,0.880505
SP_R_Yoga_2,openpose,94,3.797810,ok,1,direct,0.561158,6,right_shoulder,1,1,2.000000,635.030000,277.250000,2.000000,639.211000,276.707000,4.216113,55.936524,1,0.079000,0.981959
SP_R_Yoga_2,openpose,94,3.797810,ok,1,direct,0.561158,7,left_elbow,1,1,2.000000,726.250000,191.860000,0.000000,0.000000,0.000000,,55.936524,0,0.072000,0.000000
SP_R_Yoga_2,openpose,94,3.797810,ok,1,direct,0.561158,8,right_elbow,1,1,2.000000,629.810000,196.470000,2.000000,625.444000,341.370000,144.965761,55.936524,0,0.072000,0.000000
SP_R_Yoga_2,openpose,94,3.797810,ok,1,direct,0.561158,9,left_wrist,1,1,2.000000,687.450000,133.050000,0.000000,0.000000,0.000000,,55.936524,0,0.062000,0.000000
SP_R_Yoga_2,openpose,94,3.797810,ok,1,direct,0.561158,10,right_wrist,1,1,2.000000,661.430000,134.900000,0.000000,0.000000,0.000000,,55.936524,0,0.062000,0.000000
SP_R_Yoga_2,openpose,94,3.797810,ok,1,direct,0.561158,11,left_hip,1,1,2.000000,706.770000,399.970000,2.000000,709.717000,411.894000,12.282776,55.936524,1,0.107000,0.919220
SP_R_Yoga_2,openpose,94,3.797810,ok,1,direct,0.561158,12,right_hip,1,1,2.000000,663.300000,392.870000,2.000000,647.008000,404.125000,19.801623,55.936524,1,0.107000,0.803391
SP_R_Yoga_2,openpose,94,3.797810,ok,1,direct,0.561158,13,left_knee,1,1,2.000000,693.360000,530.130000,2.000000,695.964000,529.437000,2.694636,55.936524,1,0.087000,0.993887
SP_R_Yoga_2,openpose,94,3.797810,ok,1,direct,0.561158,14,right_knee,1,1,2.000000,573.140000,449.220000,2.000000,568.678000,458.905000,10.663427,55.936524,1,0.087000,0.908439
SP_R_Yoga_2,openpose,94,3.797810,ok,1,direct,0.561158,15,left_ankle,1,1,2.000000,674.810000,643.940000,2.000000,674.484000,635.234000,8.712101,55.936524,1,0.089000,0.940588
SP_R_Yoga_2,openpose,94,3.797810,ok,1,direct,0.561158,16,right_ankle,1,1,2.000000,660.660000,502.840000,2.000000,654.902000,504.045000,5.882737,55.936524,1,0.089000,0.972460
SP_R_Yoga_2,openpose,95,3.838212,ok,1,direct,0.554707,0,nose,1,1,2.000000,674.820000,223.430000,2.000000,672.528000,223.877000,2.335182,55.926122,1,0.026000,0.949726
SP_R_Yoga_2,openpose,95,3.838212,ok,1,direct,0.554707,1,left_eye,0,0,0.000000,0.000000,0.000000,2.000000,686.159000,212.055000,,,,0.025000,
SP_R_Yoga_2,openpose,95,3.838212,ok,1,direct,0.554707,2,right_eye,0,0,0.000000,0.000000,0.000000,2.000000,660.695000,212.151000,,,,0.025000,
SP_R_Yoga_2,openpose,95,3.838212,ok,1,direct,0.554707,3,left_ear,0,0,0.000000,0.000000,0.000000,2.000000,705.745000,221.881000,,,,0.035000,
SP_R_Yoga_2,openpose,95,3.838212,ok,1,direct,0.554707,4,right_ear,0,0,0.000000,0.000000,0.000000,2.000000,641.187000,223.878000,,,,0.035000,
SP_R_Yoga_2,openpose,95,3.838212,ok,1,direct,0.554707,5,left_shoulder,1,1,2.000000,715.480000,270.860000,2.000000,723.381000,278.699000,11.129947,55.926122,1,0.079000,0.880803
SP_R_Yoga_2,openpose,95,3.838212,ok,1,direct,0.554707,6,right_shoulder,1,1,2.000000,635.030000,277.250000,2.000000,641.099000,274.735000,6.569474,55.926122,1,0.079000,0.956745
SP_R_Yoga_2,openpose,95,3.838212,ok,1,direct,0.554707,7,left_elbow,1,1,2.000000,726.250000,191.860000,2.000000,741.050000,347.269000,156.112130,55.926122,0,0.072000,0.000000
SP_R_Yoga_2,openpose,95,3.838212,ok,1,direct,0.554707,8,right_elbow,1,1,2.000000,629.810000,196.470000,0.000000,0.000000,0.000000,,55.926122,0,0.072000,0.000000
SP_R_Yoga_2,openpose,95,3.838212,ok,1,direct,0.554707,9,left_wrist,1,1,2.000000,687.510000,133.240000,0.000000,0.000000,0.000000,,55.926122,0,0.062000,0.000000
SP_R_Yoga_2,openpose,95,3.838212,ok,1,direct,0.554707,10,right_wrist,1,1,2.000000,661.430000,135.050000,0.000000,0.000000,0.000000,,55.926122,0,0.062000,0.000000
SP_R_Yoga_2,openpose,95,3.838212,ok,1,direct,0.554707,11,left_hip,1,1,2.000000,706.770000,399.970000,2.000000,709.658000,409.984000,10.422127,55.926122,1,0.107000,0.941137
SP_R_Yoga_2,openpose,95,3.838212,ok,1,direct,0.554707,12,right_hip,1,1,2.000000,663.300000,392.870000,2.000000,645.092000,404.102000,21.393669,55.926122,1,0.107000,0.774432
SP_R_Yoga_2,openpose,95,3.838212,ok,1,direct,0.554707,13,left_knee,1,1,2.000000,693.360000,530.130000,2.000000,696.020000,527.463000,3.766761,55.926122,1,0.087000,0.988085
SP_R_Yoga_2,openpose,95,3.838212,ok,1,direct,0.554707,14,right_knee,1,1,2.000000,573.140000,449.220000,2.000000,568.693000,458.866000,10.621729,55.926122,1,0.087000,0.909088
SP_R_Yoga_2,openpose,95,3.838212,ok,1,direct,0.554707,15,left_ankle,1,1,2.000000,674.810000,643.940000,2.000000,674.454000,633.266000,10.679935,55.926122,1,0.089000,0.912034
SP_R_Yoga_2,openpose,95,3.838212,ok,1,direct,0.554707,16,right_ankle,1,1,2.000000,660.660000,502.840000,2.000000,652.878000,507.884000,9.273697,55.926122,1,0.089000,0.932929
SP_R_Yoga_2,openpose,96,3.878615,ok,1,direct,0.558203,0,nose,1,1,2.000000,674.820000,223.430000,2.000000,676.334000,223.858000,1.573334,55.916265,1,0.026000,0.976849
SP_R_Yoga_2,openpose,96,3.878615,ok,1,direct,0.558203,1,left_eye,0,0,0.000000,0.000000,0.000000,2.000000,686.207000,212.046000,,,,0.025000,
SP_R_Yoga_2,openpose,96,3.878615,ok,1,direct,0.558203,2,right_eye,0,0,0.000000,0.000000,0.000000,2.000000,662.629000,214.000000,,,,0.025000,
SP_R_Yoga_2,openpose,96,3.878615,ok,1,direct,0.558203,3,left_ear,0,0,0.000000,0.000000,0.000000,2.000000,705.735000,219.962000,,,,0.035000,
SP_R_Yoga_2,openpose,96,3.878615,ok,1,direct,0.558203,4,right_ear,0,0,0.000000,0.000000,0.000000,2.000000,643.067000,223.869000,,,,0.035000,
SP_R_Yoga_2,openpose,96,3.878615,ok,1,direct,0.558203,5,left_shoulder,1,1,2.000000,715.480000,270.860000,2.000000,721.459000,276.720000,8.371860,55.916265,1,0.079000,0.930683
SP_R_Yoga_2,openpose,96,3.878615,ok,1,direct,0.558203,6,right_shoulder,1,1,2.000000,635.030000,277.250000,2.000000,639.157000,272.848000,6.034048,55.916265,1,0.079000,0.963370
SP_R_Yoga_2,openpose,96,3.878615,ok,1,direct,0.558203,7,left_elbow,1,1,2.000000,726.250000,191.860000,2.000000,741.036000,347.240000,156.081934,55.916265,0,0.072000,0.000000
SP_R_Yoga_2,openpose,96,3.878615,ok,1,direct,0.558203,8,right_elbow,1,1,2.000000,629.810000,196.470000,0.000000,0.000000,0.000000,,55.916265,0,0.072000,0.000000
SP_R_Yoga_2,openpose,96,3.878615,ok,1,direct,0.558203,9,left_wrist,1,1,2.000000,687.570000,133.420000,0.000000,0.000000,0.000000,,55.916265,0,0.062000,0.000000
SP_R_Yoga_2,openpose,96,3.878615,ok,1,direct,0.558203,10,right_wrist,1,1,2.000000,661.430000,135.200000,0.000000,0.000000,0.000000,,55.916265,0,0.062000,0.000000
SP_R_Yoga_2,openpose,96,3.878615,ok,1,direct,0.558203,11,left_hip,1,1,2.000000,706.770000,399.970000,2.000000,709.675000,409.952000,10.396122,55.916265,1,0.107000,0.941402
SP_R_Yoga_2,openpose,96,3.878615,ok,1,direct,0.558203,12,right_hip,1,1,2.000000,663.300000,392.870000,2.000000,645.044000,404.093000,21.429822,55.916265,1,0.107000,0.773693
SP_R_Yoga_2,openpose,96,3.878615,ok,1,direct,0.558203,13,left_knee,1,1,2.000000,693.360000,530.130000,2.000000,697.890000,525.538000,6.450377,55.916265,1,0.087000,0.965448
SP_R_Yoga_2,openpose,96,3.878615,ok,1,direct,0.558203,14,right_knee,1,1,2.000000,573.140000,449.220000,2.000000,568.694000,458.888000,10.641294,55.916265,1,0.087000,0.908738
SP_R_Yoga_2,openpose,96,3.878615,ok,1,direct,0.558203,15,left_ankle,1,1,2.000000,674.810000,643.940000,2.000000,674.443000,631.368000,12.577356,55.916265,1,0.089000,0.880076
SP_R_Yoga_2,openpose,96,3.878615,ok,1,direct,0.558203,16,right_ankle,1,1,2.000000,660.660000,502.840000,2.000000,652.926000,505.925000,8.326583,55.916265,1,0.089000,0.945549
SP_R_Yoga_2,openpose,97,3.919017,ok,1,direct,0.534262,0,nose,1,1,2.000000,674.820000,223.430000,2.000000,674.437000,223.837000,0.558872,55.906407,1,0.026000,0.997048
SP_R_Yoga_2,openpose,97,3.919017,ok,1,direct,0.534262,1,left_eye,0,0,0.000000,0.000000,0.000000,2.000000,686.197000,212.037000,,,,0.025000,
SP_R_Yoga_2,openpose,97,3.919017,ok,1,direct,0.534262,2,right_eye,0,0,0.000000,0.000000,0.000000,2.000000,660.762000,212.137000,,,,0.025000,
SP_R_Yoga_2,openpose,97,3.919017,ok,1,direct,0.534262,3,left_ear,0,0,0.000000,0.000000,0.000000,2.000000,705.827000,221.832000,,,,0.035000,
SP_R_Yoga_2,openpose,97,3.919017,ok,1,direct,0.534262,4,right_ear,0,0,0.000000,0.000000,0.000000,2.000000,643.107000,223.836000,,,,0.035000,
SP_R_Yoga_2,openpose,97,3.919017,ok,1,direct,0.534262,5,left_shoulder,1,1,2.000000,715.480000,270.860000,2.000000,725.342000,276.756000,11.490077,55.906407,1,0.079000,0.873399
SP_R_Yoga_2,openpose,97,3.919017,ok,1,direct,0.534262,6,right_shoulder,1,1,2.000000,635.030000,277.250000,2.000000,641.096000,274.757000,6.558308,55.906407,1,0.079000,0.956858
SP_R_Yoga_2,openpose,97,3.919017,ok,1,direct,0.534262,7,left_elbow,1,1,2.000000,726.250000,191.860000,2.000000,739.090000,351.156000,159.812644,55.906407,0,0.072000,0.000000
SP_R_Yoga_2,openpose,97,3.919017,ok,1,direct,0.534262,8,right_elbow,1,1,2.000000,629.810000,196.470000,2.000000,625.459000,341.371000,144.966310,55.906407,0,0.072000,0.000000
SP_R_Yoga_2,openpose,97,3.919017,ok,1,direct,0.534262,9,left_wrist,1,1,2.000000,687.630000,133.600000,0.000000,0.000000,0.000000,,55.906407,0,0.062000,0.000000
SP_R_Yoga_2,openpose,97,3.919017,ok,1,direct,0.534262,10,right_wrist,1,1,2.000000,661.430000,135.360000,0.000000,0.000000,0.000000,,55.906407,0,0.062000,0.000000
SP_R_Yoga_2,openpose,97,3.919017,ok,1,direct,0.534262,11,left_hip,1,1,2.000000,706.770000,399.970000,2.000000,709.713000,411.882000,12.270167,55.906407,1,0.107000,0.919296
SP_R_Yoga_2,openpose,97,3.919017,ok,1,direct,0.534262,12,right_hip,1,1,2.000000,663.300000,392.870000,2.000000,646.959000,404.115000,19.836288,55.906407,1,0.107000,0.802585
SP_R_Yoga_2,openpose,97,3.919017,ok,1,direct,0.534262,13,left_knee,1,1,2.000000,693.360000,530.130000,2.000000,697.890000,527.544000,5.216157,55.906407,1,0.087000,0.977260
SP_R_Yoga_2,openpose,97,3.919017,ok,1,direct,0.534262,14,right_knee,1,1,2.000000,573.140000,449.220000,2.000000,568.676000,458.925000,10.682430,55.906407,1,0.087000,0.908034
SP_R_Yoga_2,openpose,97,3.919017,ok,1,direct,0.534262,15,left_ankle,1,1,2.000000,674.810000,643.940000,2.000000,672.501000,635.230000,9.010859,55.906407,1,0.089000,0.936512
SP_R_Yoga_2,openpose,97,3.919017,ok,1,direct,0.534262,16,right_ankle,1,1,2.000000,660.660000,502.840000,2.000000,654.888000,504.033000,5.894000,55.906407,1,0.089000,0.972326
SP_R_Yoga_2,openpose,98,3.959419,ok,1,direct,0.516970,0,nose,1,1,2.000000,674.820000,223.430000,2.000000,670.534000,223.884000,4.309978,55.895999,1,0.026000,0.838700
SP_R_Yoga_2,openpose,98,3.959419,ok,1,direct,0.516970,1,left_eye,0,0,0.000000,0.000000,0.000000,2.000000,684.236000,212.120000,,,,0.025000,
SP_R_Yoga_2,openpose,98,3.959419,ok,1,direct,0.516970,2,right_eye,0,0,0.000000,0.000000,0.000000,2.000000,660.687000,214.000000,,,,0.025000,
SP_R_Yoga_2,openpose,98,3.959419,ok,1,direct,0.516970,3,left_ear,0,0,0.000000,0.000000,0.000000,2.000000,707.764000,223.835000,,,,0.035000,
SP_R_Yoga_2,openpose,98,3.959419,ok,1,direct,0.516970,4,right_ear,0,0,0.000000,0.000000,0.000000,2.000000,643.062000,221.896000,,,,0.035000,
SP_R_Yoga_2,openpose,98,3.959419,ok,1,direct,0.516970,5,left_shoulder,1,1,2.000000,715.480000,270.860000,2.000000,725.346000,278.682000,12.590538,55.895999,1,0.079000,0.849937
SP_R_Yoga_2,openpose,98,3.959419,ok,1,direct,0.516970,6,right_shoulder,1,1,2.000000,635.030000,277.250000,2.000000,643.046000,272.860000,9.139385,55.895999,1,0.079000,0.917894
SP_R_Yoga_2,openpose,98,3.959419,ok,1,direct,0.516970,7,left_elbow,1,1,2.000000,726.250000,191.860000,2.000000,741.074000,349.237000,158.073626,55.895999,0,0.072000,0.000000
SP_R_Yoga_2,openpose,98,3.959419,ok,1,direct,0.516970,8,right_elbow,1,1,2.000000,629.810000,196.470000,0.000000,0.000000,0.000000,,55.895999,0,0.072000,0.000000
SP_R_Yoga_2,openpose,98,3.959419,ok,1,direct,0.516970,9,left_wrist,1,1,2.000000,687.690000,133.790000,2.000000,731.291000,394.240000,264.074326,55.895999,0,0.062000,0.000000
SP_R_Yoga_2,openpose,98,3.959419,ok,1,direct,0.516970,10,right_wrist,1,1,2.000000,661.430000,135.510000,0.000000,0.000000,0.000000,,55.895999,0,0.062000,0.000000
SP_R_Yoga_2,openpose,98,3.959419,ok,1,direct,0.516970,11,left_hip,1,1,2.000000,706.770000,399.970000,2.000000,709.705000,408.033000,8.580571,55.895999,1,0.107000,0.959670
SP_R_Yoga_2,openpose,98,3.959419,ok,1,direct,0.516970,12,right_hip,1,1,2.000000,663.300000,392.870000,2.000000,647.003000,404.044000,19.759820,55.895999,1,0.107000,0.803879
SP_R_Yoga_2,openpose,98,3.959419,ok,1,direct,0.516970,13,left_knee,1,1,2.000000,693.360000,530.130000,2.000000,696.059000,527.527000,3.749695,55.895999,1,0.087000,0.988179
SP_R_Yoga_2,openpose,98,3.959419,ok,1,direct,0.516970,14,right_knee,1,1,2.000000,573.140000,449.220000,2.000000,568.666000,458.878000,10.643949,55.895999,1,0.087000,0.908632
SP_R_Yoga_2,openpose,98,3.959419,ok,1,direct,0.516970,15,left_ankle,1,1,2.000000,674.810000,643.940000,2.000000,674.442000,635.265000,8.682802,55.895999,1,0.089000,0.940892
SP_R_Yoga_2,openpose,98,3.959419,ok,1,direct,0.516970,16,right_ankle,1,1,2.000000,660.660000,502.840000,2.000000,656.800000,504.017000,4.035459,55.895999,1,0.089000,0.986926
SP_R_Yoga_2,openpose,99,3.999821,ok,1,direct,0.543551,0,nose,1,1,2.000000,674.820000,223.430000,2.000000,672.431000,225.747000,3.328034,55.886137,1,0.026000,0.900398
SP_R_Yoga_2,openpose,99,3.999821,ok,1,direct,0.543551,1,left_eye,0,0,0.000000,0.000000,0.000000,2.000000,684.231000,212.128000,,,,0.025000,
SP_R_Yoga_2,openpose,99,3.999821,ok,1,direct,0.543551,2,right_eye,0,0,0.000000,0.000000,0.000000,2.000000,660.699000,214.066000,,,,0.025000,
SP_R_Yoga_2,openpose,99,3.999821,ok,1,direct,0.543551,3,left_ear,0,0,0.000000,0.000000,0.000000,2.000000,705.828000,221.899000,,,,0.035000,
SP_R_Yoga_2,openpose,99,3.999821,ok,1,direct,0.543551,4,right_ear,0,0,0.000000,0.000000,0.000000,2.000000,643.092000,223.850000,,,,0.035000,
SP_R_Yoga_2,openpose,99,3.999821,ok,1,direct,0.543551,5,left_shoulder,1,1,2.000000,715.480000,270.860000,2.000000,725.380000,278.676000,12.613479,55.886137,1,0.079000,0.849384
SP_R_Yoga_2,openpose,99,3.999821,ok,1,direct,0.543551,6,right_shoulder,1,1,2.000000,635.030000,277.250000,2.000000,641.132000,272.855000,7.520002,55.886137,1,0.079000,0.943628
SP_R_Yoga_2,openpose,99,3.999821,ok,1,direct,0.543551,7,left_elbow,1,1,2.000000,726.250000,191.860000,2.000000,741.091000,349.201000,158.039380,55.886137,0,0.072000,0.000000
SP_R_Yoga_2,openpose,99,3.999821,ok,1,direct,0.543551,8,right_elbow,1,1,2.000000,629.810000,196.470000,0.000000,0.000000,0.000000,,55.886137,0,0.072000,0.000000
SP_R_Yoga_2,openpose,99,3.999821,ok,1,direct,0.543551,9,left_wrist,1,1,2.000000,687.750000,133.970000,2.000000,731.292000,392.307000,261.980746,55.886137,0,0.062000,0.000000
SP_R_Yoga_2,openpose,99,3.999821,ok,1,direct,0.543551,10,right_wrist,1,1,2.000000,661.430000,135.660000,0.000000,0.000000,0.000000,,55.886137,0,0.062000,0.000000
SP_R_Yoga_2,openpose,99,3.999821,ok,1,direct,0.543551,11,left_hip,1,1,2.000000,706.770000,399.970000,2.000000,709.724000,409.995000,10.451160,55.886137,1,0.107000,0.940737
SP_R_Yoga_2,openpose,99,3.999821,ok,1,direct,0.543551,12,right_hip,1,1,2.000000,663.300000,392.870000,2.000000,646.986000,404.105000,19.808378,55.886137,1,0.107000,0.802954
SP_R_Yoga_2,openpose,99,3.999821,ok,1,direct,0.543551,13,left_knee,1,1,2.000000,693.360000,530.130000,2.000000,696.033000,529.434000,2.762127,55.886137,1,0.087000,0.993566
SP_R_Yoga_2,openpose,99,3.999821,ok,1,direct,0.543551,14,right_knee,1,1,2.000000,573.140000,449.220000,2.000000,568.661000,458.878000,10.646051,55.886137,1,0.087000,0.908567
SP_R_Yoga_2,openpose,99,3.999821,ok,1,direct,0.543551,15,left_ankle,1,1,2.000000,674.810000,643.940000,2.000000,676.338000,635.278000,8.795739,55.886137,1,0.089000,0.939372
SP_R_Yoga_2,openpose,99,3.999821,ok,1,direct,0.543551,16,right_ankle,1,1,2.000000,660.660000,502.840000,2.000000,656.858000,505.901000,4.881078,55.886137,1,0.089000,0.980924
SP_R_Yoga_2,openpose,100,4.040224,ok,1,direct,0.572976,0,nose,1,1,2.000000,674.820000,223.430000,2.000000,670.560000,223.899000,4.285739,55.886137,1,0.026000,0.840305
SP_R_Yoga_2,openpose,100,4.040224,ok,1,direct,0.572976,1,left_eye,0,0,0.000000,0.000000,0.000000,2.000000,684.198000,212.136000,,,,0.025000,
SP_R_Yoga_2,openpose,100,4.040224,ok,1,direct,0.572976,2,right_eye,0,0,0.000000,0.000000,0.000000,2.000000,660.686000,214.004000,,,,0.025000,
SP_R_Yoga_2,openpose,100,4.040224,ok,1,direct,0.572976,3,left_ear,0,0,0.000000,0.000000,0.000000,2.000000,703.842000,221.901000,,,,0.035000,
SP_R_Yoga_2,openpose,100,4.040224,ok,1,direct,0.572976,4,right_ear,0,0,0.000000,0.000000,0.000000,2.000000,643.081000,223.794000,,,,0.035000,
SP_R_Yoga_2,openpose,100,4.040224,ok,1,direct,0.572976,5,left_shoulder,1,1,2.000000,715.480000,270.860000,2.000000,723.383000,276.687000,9.818928,55.886137,1,0.079000,0.905813
SP_R_Yoga_2,openpose,100,4.040224,ok,1,direct,0.572976,6,right_shoulder,1,1,2.000000,635.030000,277.250000,2.000000,637.194000,272.832000,4.919514,55.886137,1,0.079000,0.975474
SP_R_Yoga_2,openpose,100,4.040224,ok,1,direct,0.572976,7,left_elbow,1,1,2.000000,726.250000,191.860000,2.000000,739.127000,343.331000,152.017371,55.886137,0,0.072000,0.000000
SP_R_Yoga_2,openpose,100,4.040224,ok,1,direct,0.572976,8,right_elbow,1,1,2.000000,629.810000,196.470000,0.000000,0.000000,0.000000,,55.886137,0,0.072000,0.000000
SP_R_Yoga_2,openpose,100,4.040224,ok,1,direct,0.572976,9,left_wrist,1,1,2.000000,687.750000,133.970000,2.000000,735.147000,390.348000,260.722371,55.886137,0,0.062000,0.000000
SP_R_Yoga_2,openpose,100,4.040224,ok,1,direct,0.572976,10,right_wrist,1,1,2.000000,661.430000,135.660000,0.000000,0.000000,0.000000,,55.886137,0,0.062000,0.000000
SP_R_Yoga_2,openpose,100,4.040224,ok,1,direct,0.572976,11,left_hip,1,1,2.000000,706.770000,399.970000,2.000000,709.670000,409.957000,10.399527,55.886137,1,0.107000,0.941303
SP_R_Yoga_2,openpose,100,4.040224,ok,1,direct,0.572976,12,right_hip,1,1,2.000000,663.300000,392.870000,2.000000,645.042000,404.081000,21.425244,55.886137,1,0.107000,0.773564
SP_R_Yoga_2,openpose,100,4.040224,ok,1,direct,0.572976,13,left_knee,1,1,2.000000,693.360000,530.130000,2.000000,696.031000,531.467000,2.986940,55.886137,1,0.087000,0.992480
SP_R_Yoga_2,openpose,100,4.040224,ok,1,direct,0.572976,14,right_knee,1,1,2.000000,573.140000,449.220000,2.000000,570.558000,458.881000,10.000082,55.886137,1,0.087000,0.918876
SP_R_Yoga_2,openpose,100,4.040224,ok,1,direct,0.572976,15,left_ankle,1,1,2.000000,674.810000,643.940000,2.000000,674.450000,635.312000,8.635507,55.886137,1,0.089000,0.941495
SP_R_Yoga_2,openpose,100,4.040224,ok,1,direct,0.572976,16,right_ankle,1,1,2.000000,660.660000,502.840000,2.000000,656.784000,505.946000,4.966952,55.886137,1,0.089000,0.980253
SP_R_Yoga_2,openpose,101,4.080626,ok,1,direct,0.555806,0,nose,1,1,2.000000,674.820000,223.430000,2.000000,672.494000,225.757000,3.290168,55.886137,1,0.026000,0.902538
SP_R_Yoga_2,openpose,101,4.080626,ok,1,direct,0.555806,1,left_eye,0,0,0.000000,0.000000,0.000000,2.000000,684.281000,212.139000,,,,0.025000,
SP_R_Yoga_2,openpose,101,4.080626,ok,1,direct,0.555806,2,right_eye,0,0,0.000000,0.000000,0.000000,2.000000,660.743000,214.047000,,,,0.025000,
SP_R_Yoga_2,openpose,101,4.080626,ok,1,direct,0.555806,3,left_ear,0,0,0.000000,0.000000,0.000000,2.000000,705.741000,221.905000,,,,0.035000,
SP_R_Yoga_2,openpose,101,4.080626,ok,1,direct,0.555806,4,right_ear,0,0,0.000000,0.000000,0.000000,2.000000,645.030000,223.889000,,,,0.035000,
SP_R_Yoga_2,openpose,101,4.080626,ok,1,direct,0.555806,5,left_shoulder,1,1,2.000000,715.480000,270.860000,2.000000,725.374000,276.741000,11.509883,55.886137,1,0.079000,0.872905
SP_R_Yoga_2,openpose,101,4.080626,ok,1,direct,0.555806,6,right_shoulder,1,1,2.000000,635.030000,277.250000,2.000000,641.161000,272.858000,7.541805,55.886137,1,0.079000,0.943310
SP_R_Yoga_2,openpose,101,4.080626,ok,1,direct,0.555806,7,left_elbow,1,1,2.000000,726.250000,191.860000,2.000000,741.082000,343.358000,152.222312,55.886137,0,0.072000,0.000000
SP_R_Yoga_2,openpose,101,4.080626,ok,1,direct,0.555806,8,right_elbow,1,1,2.000000,629.810000,196.470000,0.000000,0.000000,0.000000,,55.886137,0,0.072000,0.000000
SP_R_Yoga_2,openpose,101,4.080626,ok,1,direct,0.555806,9,left_wrist,1,1,2.000000,687.750000,133.970000,2.000000,733.237000,390.332000,260.366169,55.886137,0,0.062000,0.000000
SP_R_Yoga_2,openpose,101,4.080626,ok,1,direct,0.555806,10,right_wrist,1,1,2.000000,661.430000,135.660000,0.000000,0.000000,0.000000,,55.886137,0,0.062000,0.000000
SP_R_Yoga_2,openpose,101,4.080626,ok,1,direct,0.555806,11,left_hip,1,1,2.000000,706.770000,399.970000,2.000000,709.751000,408.023000,8.587035,55.886137,1,0.107000,0.959597
SP_R_Yoga_2,openpose,101,4.080626,ok,1,direct,0.555806,12,right_hip,1,1,2.000000,663.300000,392.870000,2.000000,647.022000,404.041000,19.742455,55.886137,1,0.107000,0.804125
SP_R_Yoga_2,openpose,101,4.080626,ok,1,direct,0.555806,13,left_knee,1,1,2.000000,693.360000,530.130000,2.000000,695.949000,529.486000,2.667894,55.886137,1,0.087000,0.993996
SP_R_Yoga_2,openpose,101,4.080626,ok,1,direct,0.555806,14,right_knee,1,1,2.000000,573.140000,449.220000,2.000000,568.679000,457.023000,8.988177,55.886137,1,0.087000,0.933935
SP_R_Yoga_2,openpose,101,4.080626,ok,1,direct,0.555806,15,left_ankle,1,1,2.000000,674.810000,643.940000,2.000000,674.470000,637.168000,6.780530,55.886137,1,0.089000,0.963514
SP_R_Yoga_2,openpose,101,4.080626,ok,1,direct,0.555806,16,right_ankle,1,1,2.000000,660.660000,502.840000,2.000000,656.812000,505.901000,4.916993,55.886137,1,0.089000,0.980645
SP_R_Yoga_2,openpose,102,4.121028,ok,1,direct,0.554049,0,nose,1,1,2.000000,674.820000,223.430000,2.000000,672.511000,225.730000,3.259061,55.886137,1,0.026000,0.904282
SP_R_Yoga_2,openpose,102,4.121028,ok,1,direct,0.554049,1,left_eye,0,0,0.000000,0.000000,0.000000,2.000000,686.152000,212.113000,,,,0.025000,
SP_R_Yoga_2,openpose,102,4.121028,ok,1,direct,0.554049,2,right_eye,0,0,0.000000,0.000000,0.000000,2.000000,660.745000,214.001000,,,,0.025000,
SP_R_Yoga_2,openpose,102,4.121028,ok,1,direct,0.554049,3,left_ear,0,0,0.000000,0.000000,0.000000,2.000000,705.828000,221.855000,,,,0.035000,
SP_R_Yoga_2,openpose,102,4.121028,ok,1,direct,0.554049,4,right_ear,0,0,0.000000,0.000000,0.000000,2.000000,645.015000,223.848000,,,,0.035000,
SP_R_Yoga_2,openpose,102,4.121028,ok,1,direct,0.554049,5,left_shoulder,1,1,2.000000,715.480000,270.860000,2.000000,727.320000,276.773000,13.234393,55.886137,1,0.079000,0.835511
SP_R_Yoga_2,openpose,102,4.121028,ok,1,direct,0.554049,6,right_shoulder,1,1,2.000000,635.030000,277.250000,2.000000,641.140000,272.838000,7.536434,55.886137,1,0.079000,0.943388
SP_R_Yoga_2,openpose,102,4.121028,ok,1,direct,0.554049,7,left_elbow,1,1,2.000000,726.250000,191.860000,2.000000,741.071000,345.305000,154.159106,55.886137,0,0.072000,0.000000
SP_R_Yoga_2,openpose,102,4.121028,ok,1,direct,0.554049,8,right_elbow,1,1,2.000000,629.810000,196.470000,0.000000,0.000000,0.000000,,55.886137,0,0.072000,0.000000
SP_R_Yoga_2,openpose,102,4.121028,ok,1,direct,0.554049,9,left_wrist,1,1,2.000000,687.750000,133.970000,2.000000,731.261000,390.375000,260.070627,55.886137,0,0.062000,0.000000
SP_R_Yoga_2,openpose,102,4.121028,ok,1,direct,0.554049,10,right_wrist,1,1,2.000000,661.430000,135.660000,0.000000,0.000000,0.000000,,55.886137,0,0.062000,0.000000
SP_R_Yoga_2,openpose,102,4.121028,ok,1,direct,0.554049,11,left_hip,1,1,2.000000,706.770000,399.970000,2.000000,709.745000,409.925000,10.390026,55.886137,1,0.107000,0.941407
SP_R_Yoga_2,openpose,102,4.121028,ok,1,direct,0.554049,12,right_hip,1,1,2.000000,663.300000,392.870000,2.000000,646.990000,404.063000,19.781288,55.886137,1,0.107000,0.803435
SP_R_Yoga_2,openpose,102,4.121028,ok,1,direct,0.554049,13,left_knee,1,1,2.000000,693.360000,530.130000,2.000000,696.004000,527.549000,3.694901,55.886137,1,0.087000,0.988516
SP_R_Yoga_2,openpose,102,4.121028,ok,1,direct,0.554049,14,right_knee,1,1,2.000000,573.140000,449.220000,2.000000,568.676000,456.995000,8.965373,55.886137,1,0.087000,0.934259
SP_R_Yoga_2,openpose,102,4.121028,ok,1,direct,0.554049,15,left_ankle,1,1,2.000000,674.810000,643.940000,2.000000,674.455000,637.182000,6.767318,55.886137,1,0.089000,0.963654
SP_R_Yoga_2,openpose,102,4.121028,ok,1,direct,0.554049,16,right_ankle,1,1,2.000000,660.660000,502.840000,2.000000,656.789000,505.950000,4.965555,55.886137,1,0.089000,0.980264
SP_R_Yoga_2,openpose,103,4.161430,ok,1,direct,0.559894,0,nose,1,1,2.000000,674.820000,223.430000,2.000000,672.523000,223.898000,2.344191,55.886137,1,0.026000,0.949277
SP_R_Yoga_2,openpose,103,4.161430,ok,1,direct,0.559894,1,left_eye,0,0,0.000000,0.000000,0.000000,2.000000,686.184000,212.103000,,,,0.025000,
SP_R_Yoga_2,openpose,103,4.161430,ok,1,direct,0.559894,2,right_eye,0,0,0.000000,0.000000,0.000000,2.000000,660.756000,212.139000,,,,0.025000,
SP_R_Yoga_2,openpose,103,4.161430,ok,1,direct,0.559894,3,left_ear,0,0,0.000000,0.000000,0.000000,2.000000,707.725000,221.861000,,,,0.035000,
SP_R_Yoga_2,openpose,103,4.161430,ok,1,direct,0.559894,4,right_ear,0,0,0.000000,0.000000,0.000000,2.000000,645.005000,223.801000,,,,0.035000,
SP_R_Yoga_2,openpose,103,4.161430,ok,1,direct,0.559894,5,left_shoulder,1,1,2.000000,715.480000,270.860000,2.000000,727.332000,276.775000,13.246023,55.886137,1,0.079000,0.835247
SP_R_Yoga_2,openpose,103,4.161430,ok,1,direct,0.559894,6,right_shoulder,1,1,2.000000,635.030000,277.250000,2.000000,641.168000,272.840000,7.557985,55.886137,1,0.079000,0.943073
SP_R_Yoga_2,openpose,103,4.161430,ok,1,direct,0.559894,7,left_elbow,1,1,2.000000,726.250000,191.860000,2.000000,744.971000,345.332000,154.609607,55.886137,0,0.072000,0.000000
SP_R_Yoga_2,openpose,103,4.161430,ok,1,direct,0.559894,8,right_elbow,1,1,2.000000,629.810000,196.470000,0.000000,0.000000,0.000000,,55.886137,0,0.072000,0.000000
SP_R_Yoga_2,openpose,103,4.161430,ok,1,direct,0.559894,9,left_wrist,1,1,2.000000,687.750000,133.970000,2.000000,729.278000,392.330000,261.676259,55.886137,0,0.062000,0.000000
SP_R_Yoga_2,openpose,103,4.161430,ok,1,direct,0.559894,10,right_wrist,1,1,2.000000,661.430000,135.660000,0.000000,0.000000,0.000000,,55.886137,0,0.062000,0.000000
SP_R_Yoga_2,openpose,103,4.161430,ok,1,direct,0.559894,11,left_hip,1,1,2.000000,706.770000,399.970000,2.000000,709.756000,408.024000,8.589710,55.886137,1,0.107000,0.959572
SP_R_Yoga_2,openpose,103,4.161430,ok,1,direct,0.559894,12,right_hip,1,1,2.000000,663.300000,392.870000,2.000000,647.034000,404.048000,19.736526,55.886137,1,0.107000,0.804231
SP_R_Yoga_2,openpose,103,4.161430,ok,1,direct,0.559894,13,left_knee,1,1,2.000000,693.360000,530.130000,2.000000,696.046000,527.518000,3.746617,55.886137,1,0.087000,0.988194
SP_R_Yoga_2,openpose,103,4.161430,ok,1,direct,0.559894,14,right_knee,1,1,2.000000,573.140000,449.220000,2.000000,568.692000,456.952000,8.920119,55.886137,1,0.087000,0.934899
SP_R_Yoga_2,openpose,103,4.161430,ok,1,direct,0.559894,15,left_ankle,1,1,2.000000,674.810000,643.940000,2.000000,676.399000,635.271000,8.813426,55.886137,1,0.089000,0.939135
SP_R_Yoga_2,openpose,103,4.161430,ok,1,direct,0.559894,16,right_ankle,1,1,2.000000,660.660000,502.840000,2.000000,656.820000,505.915000,4.919474,55.886137,1,0.089000,0.980625
SP_R_Yoga_2,openpose,104,4.201832,ok,1,direct,0.521550,0,nose,1,1,2.000000,674.820000,223.430000,2.000000,674.466000,225.747000,2.343887,55.886137,1,0.026000,0.949290
SP_R_Yoga_2,openpose,104,4.201832,ok,1,direct,0.521550,1,left_eye,0,0,0.000000,0.000000,0.000000,2.000000,686.245000,212.162000,,,,0.025000,
SP_R_Yoga_2,openpose,104,4.201832,ok,1,direct,0.521550,2,right_eye,0,0,0.000000,0.000000,0.000000,2.000000,662.708000,212.153000,,,,0.025000,
SP_R_Yoga_2,openpose,104,4.201832,ok,1,direct,0.521550,3,left_ear,0,0,0.000000,0.000000,0.000000,2.000000,707.696000,221.920000,,,,0.035000,
SP_R_Yoga_2,openpose,104,4.201832,ok,1,direct,0.521550,4,right_ear,0,0,0.000000,0.000000,0.000000,2.000000,646.982000,223.796000,,,,0.035000,
SP_R_Yoga_2,openpose,104,4.201832,ok,1,direct,0.521550,5,left_shoulder,1,1,2.000000,715.480000,270.860000,2.000000,725.405000,278.658000,12.621982,55.886137,1,0.079000,0.849197
SP_R_Yoga_2,openpose,104,4.201832,ok,1,direct,0.521550,6,right_shoulder,1,1,2.000000,635.030000,277.250000,2.000000,643.062000,272.837000,9.164475,55.886137,1,0.079000,0.917433
SP_R_Yoga_2,openpose,104,4.201832,ok,1,direct,0.521550,7,left_elbow,1,1,2.000000,726.250000,191.860000,2.000000,744.933000,345.320000,154.593098,55.886137,0,0.072000,0.000000
SP_R_Yoga_2,openpose,104,4.201832,ok,1,direct,0.521550,8,right_elbow,1,1,2.000000,629.810000,196.470000,0.000000,0.000000,0.000000,,55.886137,0,0.072000,0.000000
SP_R_Yoga_2,openpose,104,4.201832,ok,1,direct,0.521550,9,left_wrist,1,1,2.000000,687.750000,133.970000,2.000000,727.381000,390.332000,259.407192,55.886137,0,0.062000,0.000000
SP_R_Yoga_2,openpose,104,4.201832,ok,1,direct,0.521550,10,right_wrist,1,1,2.000000,661.430000,135.660000,0.000000,0.000000,0.000000,,55.886137,0,0.062000,0.000000
SP_R_Yoga_2,openpose,104,4.201832,ok,1,direct,0.521550,11,left_hip,1,1,2.000000,706.770000,399.970000,2.000000,709.732000,408.005000,8.563566,55.886137,1,0.107000,0.959813
SP_R_Yoga_2,openpose,104,4.201832,ok,1,direct,0.521550,12,right_hip,1,1,2.000000,663.300000,392.870000,2.000000,647.039000,404.080000,19.750550,55.886137,1,0.107000,0.803982
SP_R_Yoga_2,openpose,104,4.201832,ok,1,direct,0.521550,13,left_knee,1,1,2.000000,693.360000,530.130000,2.000000,696.026000,527.507000,3.740011,55.886137,1,0.087000,0.988236
SP_R_Yoga_2,openpose,104,4.201832,ok,1,direct,0.521550,14,right_knee,1,1,2.000000,573.140000,449.220000,2.000000,570.580000,455.047000,6.364553,55.886137,1,0.087000,0.966310
SP_R_Yoga_2,openpose,104,4.201832,ok,1,direct,0.521550,15,left_ankle,1,1,2.000000,674.810000,643.940000,2.000000,676.441000,635.270000,8.822078,55.886137,1,0.089000,0.939019
SP_R_Yoga_2,openpose,104,4.201832,ok,1,direct,0.521550,16,right_ankle,1,1,2.000000,660.660000,502.840000,2.000000,654.869000,505.913000,6.555838,55.886137,1,0.089000,0.965851
SP_R_Yoga_2,openpose,105,4.242235,ok,1,direct,0.544808,0,nose,1,1,2.000000,674.820000,223.430000,2.000000,676.351000,223.886000,1.597466,55.886137,1,0.026000,0.976116
SP_R_Yoga_2,openpose,105,4.242235,ok,1,direct,0.544808,1,left_eye,0,0,0.000000,0.000000,0.000000,2.000000,688.164000,212.137000,,,,0.025000,
SP_R_Yoga_2,openpose,105,4.242235,ok,1,direct,0.544808,2,right_eye,0,0,0.000000,0.000000,0.000000,2.000000,662.742000,212.126000,,,,0.025000,
SP_R_Yoga_2,openpose,105,4.242235,ok,1,direct,0.544808,3,left_ear,0,0,0.000000,0.000000,0.000000,2.000000,707.759000,221.868000,,,,0.035000,
SP_R_Yoga_2,openpose,105,4.242235,ok,1,direct,0.544808,4,right_ear,0,0,0.000000,0.000000,0.000000,2.000000,647.049000,223.786000,,,,0.035000,
SP_R_Yoga_2,openpose,105,4.242235,ok,1,direct,0.544808,5,left_shoulder,1,1,2.000000,715.480000,270.860000,2.000000,727.334000,278.661000,14.190593,55.886137,1,0.079000,0.813330
SP_R_Yoga_2,openpose,105,4.242235,ok,1,direct,0.544808,6,right_shoulder,1,1,2.000000,635.030000,277.250000,2.000000,643.044000,272.844000,9.145328,55.886137,1,0.079000,0.917763
SP_R_Yoga_2,openpose,105,4.242235,ok,1,direct,0.544808,7,left_elbow,1,1,2.000000,726.250000,191.860000,2.000000,743.016000,345.333000,154.386076,55.886137,0,0.072000,0.000000
SP_R_Yoga_2,openpose,105,4.242235,ok,1,direct,0.544808,8,right_elbow,1,1,2.000000,629.810000,196.470000,0.000000,0.000000,0.000000,,55.886137,0,0.072000,0.000000
SP_R_Yoga_2,openpose,105,4.242235,ok,1,direct,0.544808,9,left_wrist,1,1,2.000000,687.750000,133.970000,2.000000,731.266000,390.333000,260.030056,55.886137,0,0.062000,0.000000
SP_R_Yoga_2,openpose,105,4.242235,ok,1,direct,0.544808,10,right_wrist,1,1,2.000000,661.430000,135.660000,0.000000,0.000000,0.000000,,55.886137,0,0.062000,0.000000
SP_R_Yoga_2,openpose,105,4.242235,ok,1,direct,0.544808,11,left_hip,1,1,2.000000,706.770000,399.970000,2.000000,709.753000,408.018000,8.583041,55.886137,1,0.107000,0.959634
SP_R_Yoga_2,openpose,105,4.242235,ok,1,direct,0.544808,12,right_hip,1,1,2.000000,663.300000,392.870000,2.000000,647.050000,404.066000,19.733548,55.886137,1,0.107000,0.804284
SP_R_Yoga_2,openpose,105,4.242235,ok,1,direct,0.544808,13,left_knee,1,1,2.000000,693.360000,530.130000,2.000000,697.884000,527.549000,5.208468,55.886137,1,0.087000,0.977310
SP_R_Yoga_2,openpose,105,4.242235,ok,1,direct,0.544808,14,right_knee,1,1,2.000000,573.140000,449.220000,2.000000,570.588000,456.925000,8.116633,55.886137,1,0.087000,0.945789
SP_R_Yoga_2,openpose,105,4.242235,ok,1,direct,0.544808,15,left_ankle,1,1,2.000000,674.810000,643.940000,2.000000,676.356000,633.298000,10.753710,55.886137,1,0.089000,0.910748
SP_R_Yoga_2,openpose,105,4.242235,ok,1,direct,0.544808,16,right_ankle,1,1,2.000000,660.660000,502.840000,2.000000,656.790000,504.002000,4.040686,55.886137,1,0.089000,0.986887
SP_R_Yoga_2,openpose,106,4.282637,ok,1,direct,0.551903,0,nose,1,1,2.000000,674.820000,223.430000,2.000000,676.422000,223.830000,1.651183,55.886137,1,0.026000,0.974504
SP_R_Yoga_2,openpose,106,4.282637,ok,1,direct,0.551903,1,left_eye,0,0,0.000000,0.000000,0.000000,2.000000,688.158000,212.109000,,,,0.025000,
SP_R_Yoga_2,openpose,106,4.282637,ok,1,direct,0.551903,2,right_eye,0,0,0.000000,0.000000,0.000000,2.000000,664.651000,212.121000,,,,0.025000,
SP_R_Yoga_2,openpose,106,4.282637,ok,1,direct,0.551903,3,left_ear,0,0,0.000000,0.000000,0.000000,2.000000,707.735000,221.825000,,,,0.035000,
SP_R_Yoga_2,openpose,106,4.282637,ok,1,direct,0.551903,4,right_ear,0,0,0.000000,0.000000,0.000000,2.000000,648.979000,223.799000,,,,0.035000,
SP_R_Yoga_2,openpose,106,4.282637,ok,1,direct,0.551903,5,left_shoulder,1,1,2.000000,715.480000,270.860000,2.000000,727.332000,276.785000,13.250492,55.886137,1,0.079000,0.835146
SP_R_Yoga_2,openpose,106,4.282637,ok,1,direct,0.551903,6,right_shoulder,1,1,2.000000,635.030000,277.250000,2.000000,643.133000,274.748000,8.480484,55.886137,1,0.079000,0.928865
SP_R_Yoga_2,openpose,106,4.282637,ok,1,direct,0.551903,7,left_elbow,1,1,2.000000,726.250000,191.860000,2.000000,743.014000,343.341000,152.405791,55.886137,0,0.072000,0.000000
SP_R_Yoga_2,openpose,106,4.282637,ok,1,direct,0.551903,8,right_elbow,1,1,2.000000,629.810000,196.470000,0.000000,0.000000,0.000000,,55.886137,0,0.072000,0.000000
SP_R_Yoga_2,openpose,106,4.282637,ok,1,direct,0.551903,9,left_wrist,1,1,2.000000,687.750000,133.970000,2.000000,735.131000,386.476000,256.912902,55.886137,0,0.062000,0.000000
SP_R_Yoga_2,openpose,106,4.282637,ok,1,direct,0.551903,10,right_wrist,1,1,2.000000,661.430000,135.660000,0.000000,0.000000,0.000000,,55.886137,0,0.062000,0.000000
SP_R_Yoga_2,openpose,106,4.282637,ok,1,direct,0.551903,11,left_hip,1,1,2.000000,706.770000,399.970000,2.000000,711.590000,408.000000,9.365538,55.886137,1,0.107000,0.952125
SP_R_Yoga_2,openpose,106,4.282637,ok,1,direct,0.551903,12,right_hip,1,1,2.000000,663.300000,392.870000,2.000000,648.934000,404.072000,18.217211,55.886137,1,0.107000,0.830592
SP_R_Yoga_2,openpose,106,4.282637,ok,1,direct,0.551903,13,left_knee,1,1,2.000000,693.360000,530.130000,2.000000,696.036000,527.485000,3.762579,55.886137,1,0.087000,0.988094
SP_R_Yoga_2,openpose,106,4.282637,ok,1,direct,0.551903,14,right_knee,1,1,2.000000,573.140000,449.220000,2.000000,570.604000,456.913000,8.100219,55.886137,1,0.087000,0.946002
SP_R_Yoga_2,openpose,106,4.282637,ok,1,direct,0.551903,15,left_ankle,1,1,2.000000,674.810000,643.940000,2.000000,676.379000,633.320000,10.735276,55.886137,1,0.089000,0.911040
SP_R_Yoga_2,openpose,106,4.282637,ok,1,direct,0.551903,16,right_ankle,1,1,2.000000,660.660000,502.840000,2.000000,656.839000,504.038000,4.004403,55.886137,1,0.089000,0.987120
SP_R_Yoga_2,openpose,107,4.323039,ok,1,direct,0.540208,0,nose,1,1,2.000000,674.820000,223.430000,2.000000,676.365000,223.802000,1.589154,55.886137,1,0.026000,0.976361
SP_R_Yoga_2,openpose,107,4.323039,ok,1,direct,0.540208,1,left_eye,0,0,0.000000,0.000000,0.000000,2.000000,688.138000,212.092000,,,,0.025000,
SP_R_Yoga_2,openpose,107,4.323039,ok,1,direct,0.540208,2,right_eye,0,0,0.000000,0.000000,0.000000,2.000000,664.615000,212.078000,,,,0.025000,
SP_R_Yoga_2,openpose,107,4.323039,ok,1,direct,0.540208,3,left_ear,0,0,0.000000,0.000000,0.000000,2.000000,707.709000,221.837000,,,,0.035000,
SP_R_Yoga_2,openpose,107,4.323039,ok,1,direct,0.540208,4,right_ear,0,0,0.000000,0.000000,0.000000,2.000000,648.961000,221.896000,,,,0.035000,
SP_R_Yoga_2,openpose,107,4.323039,ok,1,direct,0.540208,5,left_shoulder,1,1,2.000000,715.480000,270.860000,2.000000,725.409000,276.760000,11.549677,55.886137,1,0.079000,0.872084
SP_R_Yoga_2,openpose,107,4.323039,ok,1,direct,0.540208,6,right_shoulder,1,1,2.000000,635.030000,277.250000,2.000000,643.084000,272.834000,9.185204,55.886137,1,0.079000,0.917075
SP_R_Yoga_2,openpose,107,4.323039,ok,1,direct,0.540208,7,left_elbow,1,1,2.000000,726.250000,191.860000,2.000000,743.009000,343.388000,152.451956,55.886137,0,0.072000,0.000000
SP_R_Yoga_2,openpose,107,4.323039,ok,1,direct,0.540208,8,right_elbow,1,1,2.000000,629.810000,196.470000,0.000000,0.000000,0.000000,,55.886137,0,0.072000,0.000000
SP_R_Yoga_2,openpose,107,4.323039,ok,1,direct,0.540208,9,left_wrist,1,1,2.000000,687.750000,133.970000,2.000000,733.202000,388.411000,258.468773,55.886137,0,0.062000,0.000000
SP_R_Yoga_2,openpose,107,4.323039,ok,1,direct,0.540208,10,right_wrist,1,1,2.000000,661.430000,135.660000,0.000000,0.000000,0.000000,,55.886137,0,0.062000,0.000000
SP_R_Yoga_2,openpose,107,4.323039,ok,1,direct,0.540208,11,left_hip,1,1,2.000000,706.770000,399.970000,2.000000,709.715000,408.027000,8.578361,55.886137,1,0.107000,0.959677
SP_R_Yoga_2,openpose,107,4.323039,ok,1,direct,0.540208,12,right_hip,1,1,2.000000,663.300000,392.870000,2.000000,647.048000,404.076000,19.740870,55.886137,1,0.107000,0.804154
SP_R_Yoga_2,openpose,107,4.323039,ok,1,direct,0.540208,13,left_knee,1,1,2.000000,693.360000,530.130000,2.000000,696.021000,527.514000,3.731538,55.886137,1,0.087000,0.988289
SP_R_Yoga_2,openpose,107,4.323039,ok,1,direct,0.540208,14,right_knee,1,1,2.000000,573.140000,449.220000,2.000000,570.577000,456.935000,8.129588,55.886137,1,0.087000,0.945620
SP_R_Yoga_2,openpose,107,4.323039,ok,1,direct,0.540208,15,left_ankle,1,1,2.000000,674.810000,643.940000,2.000000,674.464000,635.224000,8.722865,55.886137,1,0.089000,0.940342
SP_R_Yoga_2,openpose,107,4.323039,ok,1,direct,0.540208,16,right_ankle,1,1,2.000000,660.660000,502.840000,2.000000,654.896000,505.927000,6.538598,55.886137,1,0.089000,0.966028
SP_R_Yoga_2,openpose,108,4.363441,ok,1,direct,0.522578,0,nose,1,1,2.000000,674.820000,223.430000,2.000000,676.348000,223.791000,1.570065,55.886137,1,0.026000,0.976919
SP_R_Yoga_2,openpose,108,4.363441,ok,1,direct,0.522578,1,left_eye,0,0,0.000000,0.000000,0.000000,2.000000,686.239000,212.087000,,,,0.025000,
SP_R_Yoga_2,openpose,108,4.363441,ok,1,direct,0.522578,2,right_eye,0,0,0.000000,0.000000,0.000000,2.000000,664.619000,212.080000,,,,0.025000,
SP_R_Yoga_2,openpose,108,4.363441,ok,1,direct,0.522578,3,left_ear,0,0,0.000000,0.000000,0.000000,2.000000,705.832000,221.827000,,,,0.035000,
SP_R_Yoga_2,openpose,108,4.363441,ok,1,direct,0.522578,4,right_ear,0,0,0.000000,0.000000,0.000000,2.000000,648.968000,221.855000,,,,0.035000,
SP_R_Yoga_2,openpose,108,4.363441,ok,1,direct,0.522578,5,left_shoulder,1,1,2.000000,715.480000,270.860000,2.000000,725.393000,274.817000,10.673585,55.886137,1,0.079000,0.889680
SP_R_Yoga_2,openpose,108,4.363441,ok,1,direct,0.522578,6,right_shoulder,1,1,2.000000,635.030000,277.250000,2.000000,643.050000,272.770000,9.186447,55.886137,1,0.079000,0.917054
SP_R_Yoga_2,openpose,108,4.363441,ok,1,direct,0.522578,7,left_elbow,1,1,2.000000,726.250000,191.860000,2.000000,743.025000,343.333000,152.399050,55.886137,0,0.072000,0.000000
SP_R_Yoga_2,openpose,108,4.363441,ok,1,direct,0.522578,8,right_elbow,1,1,2.000000,629.810000,196.470000,0.000000,0.000000,0.000000,,55.886137,0,0.072000,0.000000
SP_R_Yoga_2,openpose,108,4.363441,ok,1,direct,0.522578,9,left_wrist,1,1,2.000000,687.750000,133.970000,2.000000,733.231000,388.434000,258.496516,55.886137,0,0.062000,0.000000
SP_R_Yoga_2,openpose,108,4.363441,ok,1,direct,0.522578,10,right_wrist,1,1,2.000000,661.430000,135.660000,0.000000,0.000000,0.000000,,55.886137,0,0.062000,0.000000
SP_R_Yoga_2,openpose,108,4.363441,ok,1,direct,0.522578,11,left_hip,1,1,2.000000,706.770000,399.970000,2.000000,709.720000,407.954000,8.511566,55.886137,1,0.107000,0.960290
SP_R_Yoga_2,openpose,108,4.363441,ok,1,direct,0.522578,12,right_hip,1,1,2.000000,663.300000,392.870000,2.000000,646.972000,402.165000,18.788310,55.886137,1,0.107000,0.820831
SP_R_Yoga_2,openpose,108,4.363441,ok,1,direct,0.522578,13,left_knee,1,1,2.000000,693.360000,530.130000,2.000000,697.933000,527.495000,5.277836,55.886137,1,0.087000,0.976709
SP_R_Yoga_2,openpose,108,4.363441,ok,1,direct,0.522578,14,right_knee,1,1,2.000000,573.140000,449.220000,2.000000,570.565000,456.929000,8.127688,55.886137,1,0.087000,0.945645
SP_R_Yoga_2,openpose,108,4.363441,ok,1,direct,0.522578,15,left_ankle,1,1,2.000000,674.810000,643.940000,2.000000,674.466000,633.273000,10.672545,55.886137,1,0.089000,0.912030
SP_R_Yoga_2,openpose,108,4.363441,ok,1,direct,0.522578,16,right_ankle,1,1,2.000000,660.660000,502.840000,2.000000,656.849000,504.043000,3.996365,55.886137,1,0.089000,0.987172
SP_R_Yoga_2,openpose,109,4.403844,ok,1,direct,0.534755,0,nose,1,1,2.000000,674.820000,223.430000,2.000000,674.486000,223.783000,0.485968,55.886137,1,0.026000,0.997765
SP_R_Yoga_2,openpose,109,4.403844,ok,1,direct,0.534755,1,left_eye,0,0,0.000000,0.000000,0.000000,2.000000,686.246000,212.113000,,,,0.025000,
SP_R_Yoga_2,openpose,109,4.403844,ok,1,direct,0.534755,2,right_eye,0,0,0.000000,0.000000,0.000000,2.000000,664.606000,212.055000,,,,0.025000,
SP_R_Yoga_2,openpose,109,4.403844,ok,1,direct,0.534755,3,left_ear,0,0,0.000000,0.000000,0.000000,2.000000,705.815000,221.878000,,,,0.035000,
SP_R_Yoga_2,openpose,109,4.403844,ok,1,direct,0.534755,4,right_ear,0,0,0.000000,0.000000,0.000000,2.000000,648.940000,219.975000,,,,0.035000,
SP_R_Yoga_2,openpose,109,4.403844,ok,1,direct,0.534755,5,left_shoulder,1,1,2.000000,715.480000,270.860000,2.000000,725.404000,276.763000,11.546912,55.886137,1,0.079000,0.872141
SP_R_Yoga_2,openpose,109,4.403844,ok,1,direct,0.534755,6,right_shoulder,1,1,2.000000,635.030000,277.250000,2.000000,643.053000,272.784000,9.182248,55.886137,1,0.079000,0.917126
SP_R_Yoga_2,openpose,109,4.403844,ok,1,direct,0.534755,7,left_elbow,1,1,2.000000,726.250000,191.860000,2.000000,745.000000,345.335000,154.616099,55.886137,0,0.072000,0.000000
SP_R_Yoga_2,openpose,109,4.403844,ok,1,direct,0.534755,8,right_elbow,1,1,2.000000,629.810000,196.470000,0.000000,0.000000,0.000000,,55.886137,0,0.072000,0.000000
SP_R_Yoga_2,openpose,109,4.403844,ok,1,direct,0.534755,9,left_wrist,1,1,2.000000,687.750000,133.970000,2.000000,731.290000,392.327000,262.000136,55.886137,0,0.062000,0.000000
SP_R_Yoga_2,openpose,109,4.403844,ok,1,direct,0.534755,10,right_wrist,1,1,2.000000,661.430000,135.660000,0.000000,0.000000,0.000000,,55.886137,0,0.062000,0.000000
SP_R_Yoga_2,openpose,109,4.403844,ok,1,direct,0.534755,11,left_hip,1,1,2.000000,706.770000,399.970000,2.000000,709.716000,408.017000,8.569313,55.886137,1,0.107000,0.959760
SP_R_Yoga_2,openpose,109,4.403844,ok,1,direct,0.534755,12,right_hip,1,1,2.000000,663.300000,392.870000,2.000000,645.079000,402.141000,20.443979,55.886137,1,0.107000,0.791545
SP_R_Yoga_2,openpose,109,4.403844,ok,1,direct,0.534755,13,left_knee,1,1,2.000000,693.360000,530.130000,2.000000,697.981000,531.386000,4.788651,55.886137,1,0.087000,0.980787
SP_R_Yoga_2,openpose,109,4.403844,ok,1,direct,0.534755,14,right_knee,1,1,2.000000,573.140000,449.220000,2.000000,570.565000,456.944000,8.141916,55.886137,1,0.087000,0.945460
SP_R_Yoga_2,openpose,109,4.403844,ok,1,direct,0.534755,15,left_ankle,1,1,2.000000,674.810000,643.940000,2.000000,670.571000,635.248000,9.670573,55.886137,1,0.089000,0.927183
SP_R_Yoga_2,openpose,109,4.403844,ok,1,direct,0.534755,16,right_ankle,1,1,2.000000,660.660000,502.840000,2.000000,658.735000,504.032000,2.264175,55.886137,1,0.089000,0.995864
SP_R_Yoga_2,openpose,110,4.444246,ok,1,direct,0.527247,0,nose,1,1,2.000000,674.820000,223.430000,2.000000,676.341000,223.812000,1.568236,55.888328,1,0.026000,0.976974
SP_R_Yoga_2,openpose,110,4.444246,ok,1,direct,0.527247,1,left_eye,0,0,0.000000,0.000000,0.000000,2.000000,686.257000,212.125000,,,,0.025000,
SP_R_Yoga_2,openpose,110,4.444246,ok,1,direct,0.527247,2,right_eye,0,0,0.000000,0.000000,0.000000,2.000000,664.608000,212.103000,,,,0.025000,
SP_R_Yoga_2,openpose,110,4.444246,ok,1,direct,0.527247,3,left_ear,0,0,0.000000,0.000000,0.000000,2.000000,707.731000,221.871000,,,,0.035000,
SP_R_Yoga_2,openpose,110,4.444246,ok,1,direct,0.527247,4,right_ear,0,0,0.000000,0.000000,0.000000,2.000000,648.967000,221.917000,,,,0.035000,
SP_R_Yoga_2,openpose,110,4.444246,ok,1,direct,0.527247,5,left_shoulder,1,1,2.000000,715.480000,270.860000,2.000000,727.322000,276.786000,13.241995,55.888328,1,0.079000,0.835351
SP_R_Yoga_2,openpose,110,4.444246,ok,1,direct,0.527247,6,right_shoulder,1,1,2.000000,635.030000,277.250000,2.000000,643.129000,272.804000,9.239086,55.888328,1,0.079000,0.916148
SP_R_Yoga_2,openpose,110,4.444246,ok,1,direct,0.527247,7,left_elbow,1,1,2.000000,726.250000,191.860000,2.000000,745.001000,351.183000,160.422624,55.888328,0,0.072000,0.000000
SP_R_Yoga_2,openpose,110,4.444246,ok,1,direct,0.527247,8,right_elbow,1,1,2.000000,629.810000,196.470000,0.000000,0.000000,0.000000,,55.888328,0,0.072000,0.000000
SP_R_Yoga_2,openpose,110,4.444246,ok,1,direct,0.527247,9,left_wrist,1,1,2.000000,687.990000,133.930000,2.000000,729.288000,392.360000,261.708979,55.888328,0,0.062000,0.000000
SP_R_Yoga_2,openpose,110,4.444246,ok,1,direct,0.527247,10,right_wrist,1,1,2.000000,661.710000,135.800000,0.000000,0.000000,0.000000,,55.888328,0,0.062000,0.000000
SP_R_Yoga_2,openpose,110,4.444246,ok,1,direct,0.527247,11,left_hip,1,1,2.000000,706.770000,399.970000,2.000000,709.693000,409.938000,10.387731,55.888328,1,0.107000,0.941437
SP_R_Yoga_2,openpose,110,4.444246,ok,1,direct,0.527247,12,right_hip,1,1,2.000000,663.300000,392.870000,2.000000,646.971000,404.046000,19.787350,55.888328,1,0.107000,0.803341
SP_R_Yoga_2,openpose,110,4.444246,ok,1,direct,0.527247,13,left_knee,1,1,2.000000,693.360000,530.130000,2.000000,697.878000,529.490000,4.563105,55.888328,1,0.087000,0.982540
SP_R_Yoga_2,openpose,110,4.444246,ok,1,direct,0.527247,14,right_knee,1,1,2.000000,573.140000,449.220000,2.000000,570.567000,456.949000,8.146028,55.888328,1,0.087000,0.945411
SP_R_Yoga_2,openpose,110,4.444246,ok,1,direct,0.527247,15,left_ankle,1,1,2.000000,674.810000,643.940000,2.000000,672.481000,635.282000,8.965780,55.888328,1,0.089000,0.937086
SP_R_Yoga_2,openpose,110,4.444246,ok,1,direct,0.527247,16,right_ankle,1,1,2.000000,660.660000,502.840000,2.000000,656.806000,505.899000,4.920447,55.888328,1,0.089000,0.980619
SP_R_Yoga_2,openpose,111,4.484648,ok,1,direct,0.554538,0,nose,1,1,2.000000,674.820000,223.430000,2.000000,674.465000,223.766000,0.488795,55.890520,1,0.026000,0.997740
SP_R_Yoga_2,openpose,111,4.484648,ok,1,direct,0.554538,1,left_eye,0,0,0.000000,0.000000,0.000000,2.000000,686.220000,212.100000,,,,0.025000,
SP_R_Yoga_2,openpose,111,4.484648,ok,1,direct,0.554538,2,right_eye,0,0,0.000000,0.000000,0.000000,2.000000,664.593000,212.096000,,,,0.025000,
SP_R_Yoga_2,openpose,111,4.484648,ok,1,direct,0.554538,3,left_ear,0,0,0.000000,0.000000,0.000000,2.000000,705.838000,221.863000,,,,0.035000,
SP_R_Yoga_2,openpose,111,4.484648,ok,1,direct,0.554538,4,right_ear,0,0,0.000000,0.000000,0.000000,2.000000,648.983000,223.801000,,,,0.035000,
SP_R_Yoga_2,openpose,111,4.484648,ok,1,direct,0.554538,5,left_shoulder,1,1,2.000000,715.480000,270.860000,2.000000,727.375000,276.736000,13.267193,55.890520,1,0.079000,0.834790
SP_R_Yoga_2,openpose,111,4.484648,ok,1,direct,0.554538,6,right_shoulder,1,1,2.000000,635.030000,277.250000,2.000000,645.000000,272.865000,10.891700,55.890520,1,0.079000,0.885414
SP_R_Yoga_2,openpose,111,4.484648,ok,1,direct,0.554538,7,left_elbow,1,1,2.000000,726.250000,191.860000,2.000000,746.902000,347.273000,156.779162,55.890520,0,0.072000,0.000000
SP_R_Yoga_2,openpose,111,4.484648,ok,1,direct,0.554538,8,right_elbow,1,1,2.000000,629.810000,196.470000,0.000000,0.000000,0.000000,,55.890520,0,0.072000,0.000000
SP_R_Yoga_2,openpose,111,4.484648,ok,1,direct,0.554538,9,left_wrist,1,1,2.000000,688.220000,133.890000,2.000000,729.329000,392.292000,261.651569,55.890520,0,0.062000,0.000000
SP_R_Yoga_2,openpose,111,4.484648,ok,1,direct,0.554538,10,right_wrist,1,1,2.000000,661.980000,135.940000,0.000000,0.000000,0.000000,,55.890520,0,0.062000,0.000000
SP_R_Yoga_2,openpose,111,4.484648,ok,1,direct,0.554538,11,left_hip,1,1,2.000000,706.770000,399.970000,2.000000,711.591000,409.996000,11.124869,55.890520,1,0.107000,0.933130
SP_R_Yoga_2,openpose,111,4.484648,ok,1,direct,0.554538,12,right_hip,1,1,2.000000,663.300000,392.870000,2.000000,647.033000,404.051000,19.739049,55.890520,1,0.107000,0.804213
SP_R_Yoga_2,openpose,111,4.484648,ok,1,direct,0.554538,13,left_knee,1,1,2.000000,693.360000,530.130000,2.000000,696.021000,529.506000,2.733184,55.890520,1,0.087000,0.993701
SP_R_Yoga_2,openpose,111,4.484648,ok,1,direct,0.554538,14,right_knee,1,1,2.000000,573.140000,449.220000,2.000000,570.601000,457.010000,8.193328,55.890520,1,0.087000,0.944797
SP_R_Yoga_2,openpose,111,4.484648,ok,1,direct,0.554538,15,left_ankle,1,1,2.000000,674.810000,643.940000,2.000000,672.458000,635.267000,8.986258,55.890520,1,0.089000,0.936812
SP_R_Yoga_2,openpose,111,4.484648,ok,1,direct,0.554538,16,right_ankle,1,1,2.000000,660.660000,502.840000,2.000000,656.846000,504.045000,3.999828,55.890520,1,0.089000,0.987152
SP_R_Yoga_2,openpose,112,4.525050,ok,1,direct,0.541537,0,nose,1,1,2.000000,674.820000,223.430000,2.000000,674.462000,223.790000,0.507705,55.892711,1,0.026000,0.997562
SP_R_Yoga_2,openpose,112,4.525050,ok,1,direct,0.541537,1,left_eye,0,0,0.000000,0.000000,0.000000,2.000000,686.240000,212.094000,,,,0.025000,
SP_R_Yoga_2,openpose,112,4.525050,ok,1,direct,0.541537,2,right_eye,0,0,0.000000,0.000000,0.000000,2.000000,662.737000,212.098000,,,,0.025000,
SP_R_Yoga_2,openpose,112,4.525050,ok,1,direct,0.541537,3,left_ear,0,0,0.000000,0.000000,0.000000,2.000000,707.716000,221.859000,,,,0.035000,
SP_R_Yoga_2,openpose,112,4.525050,ok,1,direct,0.541537,4,right_ear,0,0,0.000000,0.000000,0.000000,2.000000,648.961000,223.837000,,,,0.035000,
SP_R_Yoga_2,openpose,112,4.525050,ok,1,direct,0.541537,5,left_shoulder,1,1,2.000000,715.480000,270.860000,2.000000,727.353000,276.740000,13.249246,55.892711,1,0.079000,0.835210
SP_R_Yoga_2,openpose,112,4.525050,ok,1,direct,0.541537,6,right_shoulder,1,1,2.000000,635.030000,277.250000,2.000000,645.057000,272.872000,10.941097,55.892711,1,0.079000,0.884443
SP_R_Yoga_2,openpose,112,4.525050,ok,1,direct,0.541537,7,left_elbow,1,1,2.000000,726.250000,191.860000,2.000000,744.958000,347.257000,156.519062,55.892711,0,0.072000,0.000000
SP_R_Yoga_2,openpose,112,4.525050,ok,1,direct,0.541537,8,right_elbow,1,1,2.000000,629.810000,196.470000,0.000000,0.000000,0.000000,,55.892711,0,0.072000,0.000000
SP_R_Yoga_2,openpose,112,4.525050,ok,1,direct,0.541537,9,left_wrist,1,1,2.000000,688.460000,133.850000,2.000000,733.185000,390.358000,260.377955,55.892711,0,0.062000,0.000000
SP_R_Yoga_2,openpose,112,4.525050,ok,1,direct,0.541537,10,right_wrist,1,1,2.000000,662.260000,136.080000,0.000000,0.000000,0.000000,,55.892711,0,0.062000,0.000000
SP_R_Yoga_2,openpose,112,4.525050,ok,1,direct,0.541537,11,left_hip,1,1,2.000000,706.770000,399.970000,2.000000,711.630000,409.996000,11.141826,55.892711,1,0.107000,0.932938
SP_R_Yoga_2,openpose,112,4.525050,ok,1,direct,0.541537,12,right_hip,1,1,2.000000,663.300000,392.870000,2.000000,647.063000,402.174000,18.713754,55.892711,1,0.107000,0.822154
SP_R_Yoga_2,openpose,112,4.525050,ok,1,direct,0.541537,13,left_knee,1,1,2.000000,693.360000,530.130000,2.000000,697.884000,529.512000,4.566016,55.892711,1,0.087000,0.982520
SP_R_Yoga_2,openpose,112,4.525050,ok,1,direct,0.541537,14,right_knee,1,1,2.000000,573.140000,449.220000,2.000000,570.625000,456.963000,8.141208,55.892711,1,0.087000,0.945482
SP_R_Yoga_2,openpose,112,4.525050,ok,1,direct,0.541537,15,left_ankle,1,1,2.000000,674.810000,643.940000,2.000000,672.454000,635.282000,8.972831,55.892711,1,0.089000,0.936999
SP_R_Yoga_2,openpose,112,4.525050,ok,1,direct,0.541537,16,right_ankle,1,1,2.000000,660.660000,502.840000,2.000000,658.747000,504.043000,2.259818,55.892711,1,0.089000,0.995881
SP_R_Yoga_2,openpose,113,4.565453,ok,1,direct,0.530495,0,nose,1,1,2.000000,674.820000,223.430000,2.000000,676.335000,221.901000,2.152456,55.894903,1,0.026000,0.957075
SP_R_Yoga_2,openpose,113,4.565453,ok,1,direct,0.530495,1,left_eye,0,0,0.000000,0.000000,0.000000,2.000000,686.224000,212.021000,,,,0.025000,
SP_R_Yoga_2,openpose,113,4.565453,ok,1,direct,0.530495,2,right_eye,0,0,0.000000,0.000000,0.000000,2.000000,662.697000,212.083000,,,,0.025000,
SP_R_Yoga_2,openpose,113,4.565453,ok,1,direct,0.530495,3,left_ear,0,0,0.000000,0.000000,0.000000,2.000000,707.699000,221.821000,,,,0.035000,
SP_R_Yoga_2,openpose,113,4.565453,ok,1,direct,0.530495,4,right_ear,0,0,0.000000,0.000000,0.000000,2.000000,648.924000,223.885000,,,,0.035000,
SP_R_Yoga_2,openpose,113,4.565453,ok,1,direct,0.530495,5,left_shoulder,1,1,2.000000,715.480000,270.860000,2.000000,727.356000,276.748000,13.255486,55.894903,1,0.079000,0.835080
SP_R_Yoga_2,openpose,113,4.565453,ok,1,direct,0.530495,6,right_shoulder,1,1,2.000000,635.030000,277.250000,2.000000,643.127000,272.781000,9.248425,55.894903,1,0.079000,0.916005
SP_R_Yoga_2,openpose,113,4.565453,ok,1,direct,0.530495,7,left_elbow,1,1,2.000000,726.250000,191.860000,2.000000,746.962000,347.289000,156.802937,55.894903,0,0.072000,0.000000
SP_R_Yoga_2,openpose,113,4.565453,ok,1,direct,0.530495,8,right_elbow,1,1,2.000000,629.810000,196.470000,0.000000,0.000000,0.000000,,55.894903,0,0.072000,0.000000
SP_R_Yoga_2,openpose,113,4.565453,ok,1,direct,0.530495,9,left_wrist,1,1,2.000000,688.700000,133.810000,2.000000,727.312000,390.379000,259.458163,55.894903,0,0.062000,0.000000
SP_R_Yoga_2,openpose,113,4.565453,ok,1,direct,0.530495,10,right_wrist,1,1,2.000000,662.530000,136.210000,0.000000,0.000000,0.000000,,55.894903,0,0.062000,0.000000
SP_R_Yoga_2,openpose,113,4.565453,ok,1,direct,0.530495,11,left_hip,1,1,2.000000,706.770000,399.970000,2.000000,709.761000,411.873000,12.273039,55.894903,1,0.107000,0.919228
SP_R_Yoga_2,openpose,113,4.565453,ok,1,direct,0.530495,12,right_hip,1,1,2.000000,663.300000,392.870000,2.000000,647.008000,404.043000,19.755131,55.894903,1,0.107000,0.803955
SP_R_Yoga_2,openpose,113,4.565453,ok,1,direct,0.530495,13,left_knee,1,1,2.000000,693.360000,530.130000,2.000000,697.888000,531.392000,4.700577,55.894903,1,0.087000,0.981486
SP_R_Yoga_2,openpose,113,4.565453,ok,1,direct,0.530495,14,right_knee,1,1,2.000000,573.140000,449.220000,2.000000,570.659000,457.019000,8.184116,55.894903,1,0.087000,0.944926
SP_R_Yoga_2,openpose,113,4.565453,ok,1,direct,0.530495,15,left_ankle,1,1,2.000000,674.810000,643.940000,2.000000,674.420000,637.247000,6.704353,55.894903,1,0.089000,0.964326
SP_R_Yoga_2,openpose,113,4.565453,ok,1,direct,0.530495,16,right_ankle,1,1,2.000000,660.660000,502.840000,2.000000,656.838000,505.905000,4.899174,55.894903,1,0.089000,0.980789
SP_R_Yoga_2,openpose,114,4.605855,ok,1,direct,0.553704,0,nose,1,1,2.000000,674.820000,223.430000,2.000000,674.462000,221.920000,1.551858,55.897094,1,0.026000,0.977454
SP_R_Yoga_2,openpose,114,4.605855,ok,1,direct,0.553704,1,left_eye,0,0,0.000000,0.000000,0.000000,2.000000,686.184000,212.058000,,,,0.025000,
SP_R_Yoga_2,openpose,114,4.605855,ok,1,direct,0.553704,2,right_eye,0,0,0.000000,0.000000,0.000000,2.000000,662.734000,212.102000,,,,0.025000,
SP_R_Yoga_2,openpose,114,4.605855,ok,1,direct,0.553704,3,left_ear,0,0,0.000000,0.000000,0.000000,2.000000,705.756000,221.850000,,,,0.035000,
SP_R_Yoga_2,openpose,114,4.605855,ok,1,direct,0.553704,4,right_ear,0,0,0.000000,0.000000,0.000000,2.000000,648.932000,223.848000,,,,0.035000,
SP_R_Yoga_2,openpose,114,4.605855,ok,1,direct,0.553704,5,left_shoulder,1,1,2.000000,715.480000,270.860000,2.000000,727.329000,276.774000,13.242892,55.897094,1,0.079000,0.835377
SP_R_Yoga_2,openpose,114,4.605855,ok,1,direct,0.553704,6,right_shoulder,1,1,2.000000,635.030000,277.250000,2.000000,643.114000,274.746000,8.462923,55.897094,1,0.079000,0.929175
SP_R_Yoga_2,openpose,114,4.605855,ok,1,direct,0.553704,7,left_elbow,1,1,2.000000,726.250000,191.860000,2.000000,744.956000,347.296000,156.557544,55.897094,0,0.072000,0.000000
SP_R_Yoga_2,openpose,114,4.605855,ok,1,direct,0.553704,8,right_elbow,1,1,2.000000,629.810000,196.470000,0.000000,0.000000,0.000000,,55.897094,0,0.072000,0.000000
SP_R_Yoga_2,openpose,114,4.605855,ok,1,direct,0.553704,9,left_wrist,1,1,2.000000,688.930000,133.770000,2.000000,727.362000,390.377000,259.469018,55.897094,0,0.062000,0.000000
SP_R_Yoga_2,openpose,114,4.605855,ok,1,direct,0.553704,10,right_wrist,1,1,2.000000,662.810000,136.350000,0.000000,0.000000,0.000000,,55.897094,0,0.062000,0.000000
SP_R_Yoga_2,openpose,114,4.605855,ok,1,direct,0.553704,11,left_hip,1,1,2.000000,706.770000,399.970000,2.000000,711.615000,409.984000,11.124487,55.897094,1,0.107000,0.933149
SP_R_Yoga_2,openpose,114,4.605855,ok,1,direct,0.553704,12,right_hip,1,1,2.000000,663.300000,392.870000,2.000000,647.039000,404.058000,19.738071,55.897094,1,0.107000,0.804272
SP_R_Yoga_2,openpose,114,4.605855,ok,1,direct,0.553704,13,left_knee,1,1,2.000000,693.360000,530.130000,2.000000,696.021000,531.445000,2.968189,55.897094,1,0.087000,0.992577
SP_R_Yoga_2,openpose,114,4.605855,ok,1,direct,0.553704,14,right_knee,1,1,2.000000,573.140000,449.220000,2.000000,570.649000,456.976000,8.146203,55.897094,1,0.087000,0.945425
SP_R_Yoga_2,openpose,114,4.605855,ok,1,direct,0.553704,15,left_ankle,1,1,2.000000,674.810000,643.940000,2.000000,674.487000,637.242000,6.705784,55.897094,1,0.089000,0.964314
SP_R_Yoga_2,openpose,114,4.605855,ok,1,direct,0.553704,16,right_ankle,1,1,2.000000,660.660000,502.840000,2.000000,656.817000,504.010000,4.017157,55.897094,1,0.089000,0.987044
SP_R_Yoga_2,openpose,115,4.646257,ok,1,direct,0.558996,0,nose,1,1,2.000000,674.820000,223.430000,2.000000,674.492000,223.808000,0.500468,55.899286,1,0.026000,0.997631
SP_R_Yoga_2,openpose,115,4.646257,ok,1,direct,0.558996,1,left_eye,0,0,0.000000,0.000000,0.000000,2.000000,686.227000,212.111000,,,,0.025000,
SP_R_Yoga_2,openpose,115,4.646257,ok,1,direct,0.558996,2,right_eye,0,0,0.000000,0.000000,0.000000,2.000000,664.599000,212.116000,,,,0.025000,
SP_R_Yoga_2,openpose,115,4.646257,ok,1,direct,0.558996,3,left_ear,0,0,0.000000,0.000000,0.000000,2.000000,705.824000,221.864000,,,,0.035000,
SP_R_Yoga_2,openpose,115,4.646257,ok,1,direct,0.558996,4,right_ear,0,0,0.000000,0.000000,0.000000,2.000000,648.952000,223.800000,,,,0.035000,
SP_R_Yoga_2,openpose,115,4.646257,ok,1,direct,0.558996,5,left_shoulder,1,1,2.000000,715.480000,270.860000,2.000000,727.299000,276.798000,13.226814,55.899286,1,0.079000,0.835754
SP_R_Yoga_2,openpose,115,4.646257,ok,1,direct,0.558996,6,right_shoulder,1,1,2.000000,635.030000,277.250000,2.000000,643.114000,274.731000,8.467374,55.899286,1,0.079000,0.929109
SP_R_Yoga_2,openpose,115,4.646257,ok,1,direct,0.558996,7,left_elbow,1,1,2.000000,726.250000,191.860000,2.000000,744.972000,351.177000,160.413278,55.899286,0,0.072000,0.000000
SP_R_Yoga_2,openpose,115,4.646257,ok,1,direct,0.558996,8,right_elbow,1,1,2.000000,629.810000,196.470000,0.000000,0.000000,0.000000,,55.899286,0,0.072000,0.000000
SP_R_Yoga_2,openpose,115,4.646257,ok,1,direct,0.558996,9,left_wrist,1,1,2.000000,689.170000,133.730000,2.000000,725.396000,392.328000,261.123053,55.899286,0,0.062000,0.000000
SP_R_Yoga_2,openpose,115,4.646257,ok,1,direct,0.558996,10,right_wrist,1,1,2.000000,663.080000,136.490000,0.000000,0.000000,0.000000,,55.899286,0,0.062000,0.000000
SP_R_Yoga_2,openpose,115,4.646257,ok,1,direct,0.558996,11,left_hip,1,1,2.000000,706.770000,399.970000,2.000000,709.722000,409.934000,10.392093,55.899286,1,0.107000,0.941412
SP_R_Yoga_2,openpose,115,4.646257,ok,1,direct,0.558996,12,right_hip,1,1,2.000000,663.300000,392.870000,2.000000,646.991000,404.087000,19.794054,55.899286,1,0.107000,0.803291
SP_R_Yoga_2,openpose,115,4.646257,ok,1,direct,0.558996,13,left_knee,1,1,2.000000,693.360000,530.130000,2.000000,695.954000,529.477000,2.674929,55.899286,1,0.087000,0.993968
SP_R_Yoga_2,openpose,115,4.646257,ok,1,direct,0.558996,14,right_knee,1,1,2.000000,573.140000,449.220000,2.000000,570.662000,458.926000,10.017331,55.899286,1,0.087000,0.918644
SP_R_Yoga_2,openpose,115,4.646257,ok,1,direct,0.558996,15,left_ankle,1,1,2.000000,674.810000,643.940000,2.000000,674.455000,637.203000,6.746347,55.899286,1,0.089000,0.963891
SP_R_Yoga_2,openpose,115,4.646257,ok,1,direct,0.558996,16,right_ankle,1,1,2.000000,660.660000,502.840000,2.000000,658.793000,504.040000,2.219389,55.899286,1,0.089000,0.996028
SP_R_Yoga_2,openpose,116,4.686659,ok,1,direct,0.565925,0,nose,1,1,2.000000,674.820000,223.430000,2.000000,676.362000,223.817000,1.589822,55.901477,1,0.026000,0.976355
SP_R_Yoga_2,openpose,116,4.686659,ok,1,direct,0.565925,1,left_eye,0,0,0.000000,0.000000,0.000000,2.000000,686.243000,212.137000,,,,0.025000,
SP_R_Yoga_2,openpose,116,4.686659,ok,1,direct,0.565925,2,right_eye,0,0,0.000000,0.000000,0.000000,2.000000,664.638000,212.137000,,,,0.025000,
SP_R_Yoga_2,openpose,116,4.686659,ok,1,direct,0.565925,3,left_ear,0,0,0.000000,0.000000,0.000000,2.000000,705.814000,221.930000,,,,0.035000,
SP_R_Yoga_2,openpose,116,4.686659,ok,1,direct,0.565925,4,right_ear,0,0,0.000000,0.000000,0.000000,2.000000,648.998000,223.848000,,,,0.035000,
SP_R_Yoga_2,openpose,116,4.686659,ok,1,direct,0.565925,5,left_shoulder,1,1,2.000000,715.480000,270.860000,2.000000,727.305000,278.674000,14.173539,55.901477,1,0.079000,0.813826
SP_R_Yoga_2,openpose,116,4.686659,ok,1,direct,0.565925,6,right_shoulder,1,1,2.000000,635.030000,277.250000,2.000000,645.055000,274.744000,10.333473,55.901477,1,0.079000,0.896280
SP_R_Yoga_2,openpose,116,4.686659,ok,1,direct,0.565925,7,left_elbow,1,1,2.000000,726.250000,191.860000,2.000000,744.987000,351.185000,160.422975,55.901477,0,0.072000,0.000000
SP_R_Yoga_2,openpose,116,4.686659,ok,1,direct,0.565925,8,right_elbow,1,1,2.000000,629.810000,196.470000,0.000000,0.000000,0.000000,,55.901477,0,0.072000,0.000000
SP_R_Yoga_2,openpose,116,4.686659,ok,1,direct,0.565925,9,left_wrist,1,1,2.000000,689.410000,133.690000,2.000000,725.420000,390.398000,259.221367,55.901477,0,0.062000,0.000000
SP_R_Yoga_2,openpose,116,4.686659,ok,1,direct,0.565925,10,right_wrist,1,1,2.000000,663.360000,136.630000,0.000000,0.000000,0.000000,,55.901477,0,0.062000,0.000000
SP_R_Yoga_2,openpose,116,4.686659,ok,1,direct,0.565925,11,left_hip,1,1,2.000000,706.770000,399.970000,2.000000,709.724000,411.878000,12.268927,55.901477,1,0.107000,0.919298
SP_R_Yoga_2,openpose,116,4.686659,ok,1,direct,0.565925,12,right_hip,1,1,2.000000,663.300000,392.870000,2.000000,646.954000,404.060000,19.809286,55.901477,1,0.107000,0.803034
SP_R_Yoga_2,openpose,116,4.686659,ok,1,direct,0.565925,13,left_knee,1,1,2.000000,693.360000,530.130000,2.000000,695.972000,531.416000,2.911415,55.901477,1,0.087000,0.992858
SP_R_Yoga_2,openpose,116,4.686659,ok,1,direct,0.565925,14,right_knee,1,1,2.000000,573.140000,449.220000,2.000000,570.652000,458.906000,10.000437,55.901477,1,0.087000,0.918913
SP_R_Yoga_2,openpose,116,4.686659,ok,1,direct,0.565925,15,left_ankle,1,1,2.000000,674.810000,643.940000,2.000000,674.449000,637.199000,6.750659,55.901477,1,0.089000,0.963849
SP_R_Yoga_2,openpose,116,4.686659,ok,1,direct,0.565925,16,right_ankle,1,1,2.000000,660.660000,502.840000,2.000000,658.772000,505.917000,3.610052,55.901477,1,0.089000,0.989525
SP_R_Yoga_2,openpose,117,4.727062,ok,1,direct,0.536137,0,nose,1,1,2.000000,674.820000,223.430000,2.000000,674.485000,223.804000,0.502097,55.903120,1,0.026000,0.997616
SP_R_Yoga_2,openpose,117,4.727062,ok,1,direct,0.536137,1,left_eye,0,0,0.000000,0.000000,0.000000,2.000000,686.216000,212.123000,,,,0.025000,
SP_R_Yoga_2,openpose,117,4.727062,ok,1,direct,0.536137,2,right_eye,0,0,0.000000,0.000000,0.000000,2.000000,664.595000,212.119000,,,,0.025000,
SP_R_Yoga_2,openpose,117,4.727062,ok,1,direct,0.536137,3,left_ear,0,0,0.000000,0.000000,0.000000,2.000000,705.837000,223.781000,,,,0.035000,
SP_R_Yoga_2,openpose,117,4.727062,ok,1,direct,0.536137,4,right_ear,0,0,0.000000,0.000000,0.000000,2.000000,648.964000,223.847000,,,,0.035000,
SP_R_Yoga_2,openpose,117,4.727062,ok,1,direct,0.536137,5,left_shoulder,1,1,2.000000,715.480000,270.860000,2.000000,727.317000,278.679000,14.186308,55.903120,1,0.079000,0.813534
SP_R_Yoga_2,openpose,117,4.727062,ok,1,direct,0.536137,6,right_shoulder,1,1,2.000000,635.030000,277.250000,2.000000,645.017000,272.847000,10.914512,55.903120,1,0.079000,0.885011
SP_R_Yoga_2,openpose,117,4.727062,ok,1,direct,0.536137,7,left_elbow,1,1,2.000000,726.250000,191.860000,2.000000,746.968000,351.174000,160.655489,55.903120,0,0.072000,0.000000
SP_R_Yoga_2,openpose,117,4.727062,ok,1,direct,0.536137,8,right_elbow,1,1,2.000000,629.810000,196.470000,0.000000,0.000000,0.000000,,55.903120,0,0.072000,0.000000
SP_R_Yoga_2,openpose,117,4.727062,ok,1,direct,0.536137,9,left_wrist,1,1,2.000000,689.640000,133.660000,2.000000,727.294000,392.304000,261.370508,55.903120,0,0.062000,0.000000
SP_R_Yoga_2,openpose,117,4.727062,ok,1,direct,0.536137,10,right_wrist,1,1,2.000000,663.640000,136.770000,0.000000,0.000000,0.000000,,55.903120,0,0.062000,0.000000
SP_R_Yoga_2,openpose,117,4.727062,ok,1,direct,0.536137,11,left_hip,1,1,2.000000,706.770000,399.970000,2.000000,711.586000,409.995000,11.121802,55.903120,1,0.107000,0.933194
SP_R_Yoga_2,openpose,117,4.727062,ok,1,direct,0.536137,12,right_hip,1,1,2.000000,663.300000,392.870000,2.000000,647.008000,404.051000,19.759657,55.903120,1,0.107000,0.803927
SP_R_Yoga_2,openpose,117,4.727062,ok,1,direct,0.536137,13,left_knee,1,1,2.000000,693.360000,530.130000,2.000000,696.014000,529.449000,2.739978,55.903120,1,0.087000,0.993672
SP_R_Yoga_2,openpose,117,4.727062,ok,1,direct,0.536137,14,right_knee,1,1,2.000000,573.140000,449.220000,2.000000,570.635000,458.874000,9.973702,55.903120,1,0.087000,0.919333
SP_R_Yoga_2,openpose,117,4.727062,ok,1,direct,0.536137,15,left_ankle,1,1,2.000000,674.810000,643.940000,2.000000,674.401000,635.284000,8.665657,55.903120,1,0.089000,0.941133
SP_R_Yoga_2,openpose,117,4.727062,ok,1,direct,0.536137,16,right_ankle,1,1,2.000000,660.660000,502.840000,2.000000,658.769000,505.919000,3.613326,55.903120,1,0.089000,0.989507
SP_R_Yoga_2,openpose,118,4.767464,ok,1,direct,0.528645,0,nose,1,1,2.000000,674.820000,223.430000,2.000000,676.343000,223.804000,1.568249,55.905311,1,0.026000,0.976988
SP_R_Yoga_2,openpose,118,4.767464,ok,1,direct,0.528645,1,left_eye,0,0,0.000000,0.000000,0.000000,2.000000,686.219000,212.111000,,,,0.025000,
SP_R_Yoga_2,openpose,118,4.767464,ok,1,direct,0.528645,2,right_eye,0,0,0.000000,0.000000,0.000000,2.000000,664.584000,212.144000,,,,0.025000,
SP_R_Yoga_2,openpose,118,4.767464,ok,1,direct,0.528645,3,left_ear,0,0,0.000000,0.000000,0.000000,2.000000,705.796000,223.859000,,,,0.035000,
SP_R_Yoga_2,openpose,118,4.767464,ok,1,direct,0.528645,4,right_ear,0,0,0.000000,0.000000,0.000000,2.000000,648.954000,225.781000,,,,0.035000,
SP_R_Yoga_2,openpose,118,4.767464,ok,1,direct,0.528645,5,left_shoulder,1,1,2.000000,715.480000,270.860000,2.000000,727.293000,280.614000,15.319513,55.905311,1,0.079000,0.786128
SP_R_Yoga_2,openpose,118,4.767464,ok,1,direct,0.528645,6,right_shoulder,1,1,2.000000,635.030000,277.250000,2.000000,643.132000,274.750000,8.478939,55.905311,1,0.079000,0.928937
SP_R_Yoga_2,openpose,118,4.767464,ok,1,direct,0.528645,7,left_elbow,1,1,2.000000,726.250000,191.860000,2.000000,748.913000,355.080000,164.785861,55.905311,0,0.072000,0.000000
SP_R_Yoga_2,openpose,118,4.767464,ok,1,direct,0.528645,8,right_elbow,1,1,2.000000,629.810000,196.470000,0.000000,0.000000,0.000000,,55.905311,0,0.072000,0.000000
SP_R_Yoga_2,openpose,118,4.767464,ok,1,direct,0.528645,9,left_wrist,1,1,2.000000,689.880000,133.620000,2.000000,725.384000,394.272000,263.058927,55.905311,0,0.062000,0.000000
SP_R_Yoga_2,openpose,118,4.767464,ok,1,direct,0.528645,10,right_wrist,1,1,2.000000,663.910000,136.900000,0.000000,0.000000,0.000000,,55.905311,0,0.062000,0.000000
SP_R_Yoga_2,openpose,118,4.767464,ok,1,direct,0.528645,11,left_hip,1,1,2.000000,706.770000,399.970000,2.000000,709.691000,409.970000,10.417881,55.905311,1,0.107000,0.941142
SP_R_Yoga_2,openpose,118,4.767464,ok,1,direct,0.528645,12,right_hip,1,1,2.000000,663.300000,392.870000,2.000000,645.070000,404.098000,21.410299,55.905311,1,0.107000,0.773977
SP_R_Yoga_2,openpose,118,4.767464,ok,1,direct,0.528645,13,left_knee,1,1,2.000000,693.360000,530.130000,2.000000,695.966000,529.443000,2.695033,55.905311,1,0.087000,0.993878
SP_R_Yoga_2,openpose,118,4.767464,ok,1,direct,0.528645,14,right_knee,1,1,2.000000,573.140000,449.220000,2.000000,570.649000,458.895000,9.990531,55.905311,1,0.087000,0.919078
SP_R_Yoga_2,openpose,118,4.767464,ok,1,direct,0.528645,15,left_ankle,1,1,2.000000,674.810000,643.940000,2.000000,676.360000,635.257000,8.820260,55.905311,1,0.089000,0.939084
SP_R_Yoga_2,openpose,118,4.767464,ok,1,direct,0.528645,16,right_ankle,1,1,2.000000,660.660000,502.840000,2.000000,658.783000,505.908000,3.596631,55.905311,1,0.089000,0.989604
SP_R_Yoga_2,openpose,119,4.807866,ok,1,direct,0.552553,0,nose,1,1,2.000000,674.820000,223.430000,2.000000,676.394000,223.839000,1.626271,55.907502,1,0.026000,0.975277
SP_R_Yoga_2,openpose,119,4.807866,ok,1,direct,0.552553,1,left_eye,0,0,0.000000,0.000000,0.000000,2.000000,688.130000,212.148000,,,,0.025000,
SP_R_Yoga_2,openpose,119,4.807866,ok,1,direct,0.552553,2,right_eye,0,0,0.000000,0.000000,0.000000,2.000000,664.655000,212.140000,,,,0.025000,
SP_R_Yoga_2,openpose,119,4.807866,ok,1,direct,0.552553,3,left_ear,0,0,0.000000,0.000000,0.000000,2.000000,705.801000,223.817000,,,,0.035000,
SP_R_Yoga_2,openpose,119,4.807866,ok,1,direct,0.552553,4,right_ear,0,0,0.000000,0.000000,0.000000,2.000000,648.986000,223.857000,,,,0.035000,
SP_R_Yoga_2,openpose,119,4.807866,ok,1,direct,0.552553,5,left_shoulder,1,1,2.000000,715.480000,270.860000,2.000000,723.448000,278.657000,11.148194,55.907502,1,0.079000,0.880362
SP_R_Yoga_2,openpose,119,4.807866,ok,1,direct,0.552553,6,right_shoulder,1,1,2.000000,635.030000,277.250000,2.000000,643.116000,274.744000,8.465426,55.907502,1,0.079000,0.929160
SP_R_Yoga_2,openpose,119,4.807866,ok,1,direct,0.552553,7,left_elbow,1,1,2.000000,726.250000,191.860000,2.000000,745.002000,351.167000,160.406851,55.907502,0,0.072000,0.000000
SP_R_Yoga_2,openpose,119,4.807866,ok,1,direct,0.552553,8,right_elbow,1,1,2.000000,629.810000,196.470000,0.000000,0.000000,0.000000,,55.907502,0,0.072000,0.000000
SP_R_Yoga_2,openpose,119,4.807866,ok,1,direct,0.552553,9,left_wrist,1,1,2.000000,690.120000,133.580000,2.000000,725.387000,392.322000,261.134417,55.907502,0,0.062000,0.000000
SP_R_Yoga_2,openpose,119,4.807866,ok,1,direct,0.552553,10,right_wrist,1,1,2.000000,664.190000,137.040000,0.000000,0.000000,0.000000,,55.907502,0,0.062000,0.000000
SP_R_Yoga_2,openpose,119,4.807866,ok,1,direct,0.552553,11,left_hip,1,1,2.000000,706.770000,399.970000,2.000000,709.673000,408.028000,8.564974,55.907502,1,0.107000,0.959830
SP_R_Yoga_2,openpose,119,4.807866,ok,1,direct,0.552553,12,right_hip,1,1,2.000000,663.300000,392.870000,2.000000,645.089000,404.077000,21.383109,55.907502,1,0.107000,0.774496
SP_R_Yoga_2,openpose,119,4.807866,ok,1,direct,0.552553,13,left_knee,1,1,2.000000,693.360000,530.130000,2.000000,694.086000,529.515000,0.951473,55.907502,1,0.087000,0.999235
SP_R_Yoga_2,openpose,119,4.807866,ok,1,direct,0.552553,14,right_knee,1,1,2.000000,573.140000,449.220000,2.000000,572.524000,456.991000,7.795377,55.907502,1,0.087000,0.949925
SP_R_Yoga_2,openpose,119,4.807866,ok,1,direct,0.552553,15,left_ankle,1,1,2.000000,674.810000,643.940000,2.000000,676.435000,637.183000,6.949653,55.907502,1,0.089000,0.961736
SP_R_Yoga_2,openpose,119,4.807866,ok,1,direct,0.552553,16,right_ankle,1,1,2.000000,660.660000,502.840000,2.000000,654.873000,505.946000,6.567846,55.907502,1,0.089000,0.965754
SP_R_Yoga_2,openpose,120,4.848268,ok,1,direct,0.544534,0,nose,1,1,2.000000,674.620000,223.440000,2.000000,676.409000,221.920000,2.347535,55.958622,1,0.026000,0.949264
SP_R_Yoga_2,openpose,120,4.848268,ok,1,direct,0.544534,1,left_eye,0,0,0.000000,0.000000,0.000000,2.000000,686.216000,212.096000,,,,0.025000,
SP_R_Yoga_2,openpose,120,4.848268,ok,1,direct,0.544534,2,right_eye,0,0,0.000000,0.000000,0.000000,2.000000,664.663000,212.131000,,,,0.025000,
SP_R_Yoga_2,openpose,120,4.848268,ok,1,direct,0.544534,3,left_ear,0,0,0.000000,0.000000,0.000000,2.000000,703.872000,221.870000,,,,0.035000,
SP_R_Yoga_2,openpose,120,4.848268,ok,1,direct,0.544534,4,right_ear,0,0,0.000000,0.000000,0.000000,2.000000,649.027000,223.826000,,,,0.035000,
SP_R_Yoga_2,openpose,120,4.848268,ok,1,direct,0.544534,5,left_shoulder,1,1,2.000000,715.600000,270.950000,2.000000,727.351000,274.764000,12.354457,55.958622,1,0.079000,0.855386
SP_R_Yoga_2,openpose,120,4.848268,ok,1,direct,0.544534,6,right_shoulder,1,1,2.000000,634.960000,277.390000,2.000000,641.175000,276.697000,6.253517,55.958622,1,0.079000,0.960769
SP_R_Yoga_2,openpose,120,4.848268,ok,1,direct,0.544534,7,left_elbow,1,1,2.000000,726.580000,191.610000,2.000000,748.903000,343.362000,153.385090,55.958622,0,0.072000,0.000000
SP_R_Yoga_2,openpose,120,4.848268,ok,1,direct,0.544534,8,right_elbow,1,1,2.000000,629.400000,196.190000,2.000000,629.365000,343.352000,147.162004,55.958622,0,0.072000,0.000000
SP_R_Yoga_2,openpose,120,4.848268,ok,1,direct,0.544534,9,left_wrist,1,1,2.000000,691.640000,133.170000,0.000000,0.000000,0.000000,,55.958622,0,0.062000,0.000000
SP_R_Yoga_2,openpose,120,4.848268,ok,1,direct,0.544534,10,right_wrist,1,1,2.000000,662.920000,136.550000,0.000000,0.000000,0.000000,,55.958622,0,0.062000,0.000000
SP_R_Yoga_2,openpose,120,4.848268,ok,1,direct,0.544534,11,left_hip,1,1,2.000000,706.610000,399.870000,2.000000,711.722000,405.993000,7.976445,55.958622,1,0.107000,0.965129
SP_R_Yoga_2,openpose,120,4.848268,ok,1,direct,0.544534,12,right_hip,1,1,2.000000,662.620000,392.870000,2.000000,648.982000,402.136000,16.487990,55.958622,1,0.107000,0.859283
SP_R_Yoga_2,openpose,120,4.848268,ok,1,direct,0.544534,13,left_knee,1,1,2.000000,693.390000,529.950000,2.000000,695.957000,523.576000,6.871489,55.958622,1,0.087000,0.960940
SP_R_Yoga_2,openpose,120,4.848268,ok,1,direct,0.544534,14,right_knee,1,1,2.000000,573.310000,449.750000,2.000000,572.563000,457.021000,7.309272,55.958622,1,0.087000,0.955919
SP_R_Yoga_2,openpose,120,4.848268,ok,1,direct,0.544534,15,left_ankle,1,1,2.000000,674.810000,643.930000,2.000000,674.469000,635.236000,8.700685,55.958622,1,0.089000,0.940785
SP_R_Yoga_2,openpose,120,4.848268,ok,1,direct,0.544534,16,right_ankle,1,1,2.000000,660.420000,503.900000,2.000000,652.887000,504.022000,7.533988,55.958622,1,0.089000,0.955263
SP_R_Yoga_2,openpose,121,4.888670,ok,1,direct,0.539850,0,nose,1,1,2.000000,674.420000,223.450000,2.000000,676.402000,223.794000,2.011631,56.011019,1,0.026000,0.962557
SP_R_Yoga_2,openpose,121,4.888670,ok,1,direct,0.539850,1,left_eye,0,0,0.000000,0.000000,0.000000,2.000000,686.248000,212.130000,,,,0.025000,
SP_R_Yoga_2,openpose,121,4.888670,ok,1,direct,0.539850,2,right_eye,0,0,0.000000,0.000000,0.000000,2.000000,664.683000,212.155000,,,,0.025000,
SP_R_Yoga_2,openpose,121,4.888670,ok,1,direct,0.539850,3,left_ear,0,0,0.000000,0.000000,0.000000,2.000000,703.862000,221.924000,,,,0.035000,
SP_R_Yoga_2,openpose,121,4.888670,ok,1,direct,0.539850,4,right_ear,0,0,0.000000,0.000000,0.000000,2.000000,650.878000,223.819000,,,,0.035000,
SP_R_Yoga_2,openpose,121,4.888670,ok,1,direct,0.539850,5,left_shoulder,1,1,2.000000,715.720000,271.050000,2.000000,727.303000,276.749000,12.909086,56.011019,1,0.079000,0.843476
SP_R_Yoga_2,openpose,121,4.888670,ok,1,direct,0.539850,6,right_shoulder,1,1,2.000000,634.890000,277.530000,2.000000,643.046000,276.736000,8.194557,56.011019,1,0.079000,0.933707
SP_R_Yoga_2,openpose,121,4.888670,ok,1,direct,0.539850,7,left_elbow,1,1,2.000000,726.910000,191.370000,2.000000,750.881000,349.210000,159.649849,56.011019,0,0.072000,0.000000
SP_R_Yoga_2,openpose,121,4.888670,ok,1,direct,0.539850,8,right_elbow,1,1,2.000000,628.990000,195.900000,2.000000,631.315000,345.333000,149.451086,56.011019,0,0.072000,0.000000
SP_R_Yoga_2,openpose,121,4.888670,ok,1,direct,0.539850,9,left_wrist,1,1,2.000000,693.160000,132.770000,2.000000,729.306000,388.410000,258.182770,56.011019,0,0.062000,0.000000
SP_R_Yoga_2,openpose,121,4.888670,ok,1,direct,0.539850,10,right_wrist,1,1,2.000000,661.650000,136.060000,0.000000,0.000000,0.000000,,56.011019,0,0.062000,0.000000
SP_R_Yoga_2,openpose,121,4.888670,ok,1,direct,0.539850,11,left_hip,1,1,2.000000,706.450000,399.770000,2.000000,711.642000,411.885000,13.180671,56.011019,1,0.107000,0.907795
SP_R_Yoga_2,openpose,121,4.888670,ok,1,direct,0.539850,12,right_hip,1,1,2.000000,661.950000,392.870000,2.000000,648.978000,404.119000,17.170113,56.011019,1,0.107000,0.848608
SP_R_Yoga_2,openpose,121,4.888670,ok,1,direct,0.539850,13,left_knee,1,1,2.000000,693.420000,529.770000,2.000000,696.005000,529.456000,2.604001,56.011019,1,0.087000,0.994305
SP_R_Yoga_2,openpose,121,4.888670,ok,1,direct,0.539850,14,right_knee,1,1,2.000000,573.470000,450.280000,2.000000,572.549000,457.019000,6.801644,56.011019,1,0.087000,0.961785
SP_R_Yoga_2,openpose,121,4.888670,ok,1,direct,0.539850,15,left_ankle,1,1,2.000000,674.810000,643.920000,2.000000,674.400000,635.211000,8.718646,56.011019,1,0.089000,0.940655
SP_R_Yoga_2,openpose,121,4.888670,ok,1,direct,0.539850,16,right_ankle,1,1,2.000000,660.170000,504.960000,2.000000,654.811000,505.919000,5.444131,56.011019,1,0.089000,0.976428
SP_R_Yoga_2,openpose,122,4.929073,ok,1,direct,0.536754,0,nose,1,1,2.000000,674.220000,223.470000,2.000000,676.333000,223.843000,2.145670,56.064510,1,0.026000,0.957591
SP_R_Yoga_2,openpose,122,4.929073,ok,1,direct,0.536754,1,left_eye,0,0,0.000000,0.000000,0.000000,2.000000,686.217000,212.142000,,,,0.025000,
SP_R_Yoga_2,openpose,122,4.929073,ok,1,direct,0.536754,2,right_eye,0,0,0.000000,0.000000,0.000000,2.000000,664.639000,212.146000,,,,0.025000,
SP_R_Yoga_2,openpose,122,4.929073,ok,1,direct,0.536754,3,left_ear,0,0,0.000000,0.000000,0.000000,2.000000,705.784000,221.896000,,,,0.035000,
SP_R_Yoga_2,openpose,122,4.929073,ok,1,direct,0.536754,4,right_ear,0,0,0.000000,0.000000,0.000000,2.000000,648.996000,221.919000,,,,0.035000,
SP_R_Yoga_2,openpose,122,4.929073,ok,1,direct,0.536754,5,left_shoulder,1,1,2.000000,715.830000,271.140000,2.000000,725.398000,276.782000,11.107600,56.064510,1,0.079000,0.881802
SP_R_Yoga_2,openpose,122,4.929073,ok,1,direct,0.536754,6,right_shoulder,1,1,2.000000,634.820000,277.670000,2.000000,641.143000,276.693000,6.398035,56.064510,1,0.079000,0.959125
SP_R_Yoga_2,openpose,122,4.929073,ok,1,direct,0.536754,7,left_elbow,1,1,2.000000,727.240000,191.120000,2.000000,750.805000,349.252000,159.878199,56.064510,0,0.072000,0.000000
SP_R_Yoga_2,openpose,122,4.929073,ok,1,direct,0.536754,8,right_elbow,1,1,2.000000,628.580000,195.620000,2.000000,629.392000,345.272000,149.654203,56.064510,0,0.072000,0.000000
SP_R_Yoga_2,openpose,122,4.929073,ok,1,direct,0.536754,9,left_wrist,1,1,2.000000,694.680000,132.360000,2.000000,727.320000,388.394000,258.106139,56.064510,0,0.062000,0.000000
SP_R_Yoga_2,openpose,122,4.929073,ok,1,direct,0.536754,10,right_wrist,1,1,2.000000,660.370000,135.570000,0.000000,0.000000,0.000000,,56.064510,0,0.062000,0.000000
SP_R_Yoga_2,openpose,122,4.929073,ok,1,direct,0.536754,11,left_hip,1,1,2.000000,706.290000,399.660000,2.000000,711.620000,411.875000,13.327232,56.064510,1,0.107000,0.906004
SP_R_Yoga_2,openpose,122,4.929073,ok,1,direct,0.536754,12,right_hip,1,1,2.000000,661.280000,392.870000,2.000000,648.929000,404.107000,16.697825,56.064510,1,0.107000,0.856454
SP_R_Yoga_2,openpose,122,4.929073,ok,1,direct,0.536754,13,left_knee,1,1,2.000000,693.440000,529.590000,2.000000,697.900000,529.486000,4.461212,56.064510,1,0.087000,0.983408
SP_R_Yoga_2,openpose,122,4.929073,ok,1,direct,0.536754,14,right_knee,1,1,2.000000,573.630000,450.810000,2.000000,572.531000,456.990000,6.276958,56.064510,1,0.087000,0.967421
SP_R_Yoga_2,openpose,122,4.929073,ok,1,direct,0.536754,15,left_ankle,1,1,2.000000,674.810000,643.920000,2.000000,674.393000,635.263000,8.667037,56.064510,1,0.089000,0.941443
SP_R_Yoga_2,openpose,122,4.929073,ok,1,direct,0.536754,16,right_ankle,1,1,2.000000,659.930000,506.020000,2.000000,654.825000,504.039000,5.475891,56.064510,1,0.089000,0.976201
SP_R_Yoga_2,openpose,123,4.969475,ok,1,direct,0.558210,0,nose,1,1,2.000000,674.020000,223.480000,2.000000,674.489000,223.842000,0.592457,56.115627,1,0.026000,0.996708
SP_R_Yoga_2,openpose,123,4.969475,ok,1,direct,0.558210,1,left_eye,0,0,0.000000,0.000000,0.000000,2.000000,686.232000,212.140000,,,,0.025000,
SP_R_Yoga_2,openpose,123,4.969475,ok,1,direct,0.558210,2,right_eye,0,0,0.000000,0.000000,0.000000,2.000000,664.612000,212.155000,,,,0.025000,
SP_R_Yoga_2,openpose,123,4.969475,ok,1,direct,0.558210,3,left_ear,0,0,0.000000,0.000000,0.000000,2.000000,705.765000,221.893000,,,,0.035000,
SP_R_Yoga_2,openpose,123,4.969475,ok,1,direct,0.558210,4,right_ear,0,0,0.000000,0.000000,0.000000,2.000000,648.968000,223.801000,,,,0.035000,
SP_R_Yoga_2,openpose,123,4.969475,ok,1,direct,0.558210,5,left_shoulder,1,1,2.000000,715.950000,271.230000,2.000000,723.441000,276.704000,9.277918,56.115627,1,0.079000,0.916126
SP_R_Yoga_2,openpose,123,4.969475,ok,1,direct,0.558210,6,right_shoulder,1,1,2.000000,634.750000,277.810000,2.000000,641.127000,274.821000,7.042744,56.115627,1,0.079000,0.950776
SP_R_Yoga_2,openpose,123,4.969475,ok,1,direct,0.558210,7,left_elbow,1,1,2.000000,727.570000,190.880000,2.000000,743.031000,345.347000,155.238837,56.115627,0,0.072000,0.000000
SP_R_Yoga_2,openpose,123,4.969475,ok,1,direct,0.558210,8,right_elbow,1,1,2.000000,628.170000,195.330000,2.000000,627.391000,339.405000,144.077106,56.115627,0,0.072000,0.000000
SP_R_Yoga_2,openpose,123,4.969475,ok,1,direct,0.558210,9,left_wrist,1,1,2.000000,696.200000,131.950000,0.000000,0.000000,0.000000,,56.115627,0,0.062000,0.000000
SP_R_Yoga_2,openpose,123,4.969475,ok,1,direct,0.558210,10,right_wrist,1,1,2.000000,659.100000,135.080000,0.000000,0.000000,0.000000,,56.115627,0,0.062000,0.000000
SP_R_Yoga_2,openpose,123,4.969475,ok,1,direct,0.558210,11,left_hip,1,1,2.000000,706.130000,399.560000,2.000000,709.742000,409.915000,10.966885,56.115627,1,0.107000,0.935456
SP_R_Yoga_2,openpose,123,4.969475,ok,1,direct,0.558210,12,right_hip,1,1,2.000000,660.610000,392.870000,2.000000,647.025000,404.071000,17.607232,56.115627,1,0.107000,0.841996
SP_R_Yoga_2,openpose,123,4.969475,ok,1,direct,0.558210,13,left_knee,1,1,2.000000,693.470000,529.410000,2.000000,697.919000,527.552000,4.821386,56.115627,1,0.087000,0.980683
SP_R_Yoga_2,openpose,123,4.969475,ok,1,direct,0.558210,14,right_knee,1,1,2.000000,573.800000,451.340000,2.000000,572.545000,456.964000,5.762326,56.115627,1,0.087000,0.972522
SP_R_Yoga_2,openpose,123,4.969475,ok,1,direct,0.558210,15,left_ankle,1,1,2.000000,674.810000,643.910000,2.000000,674.417000,633.337000,10.580301,56.115627,1,0.089000,0.914151
SP_R_Yoga_2,openpose,123,4.969475,ok,1,direct,0.558210,16,right_ankle,1,1,2.000000,659.680000,507.090000,2.000000,654.853000,505.908000,4.969613,56.115627,1,0.089000,0.980392
SP_R_Yoga_2,openpose,124,5.009877,ok,1,direct,0.556287,0,nose,1,1,2.000000,673.820000,223.490000,2.000000,676.344000,223.883000,2.554413,56.168019,1,0.026000,0.940644
SP_R_Yoga_2,openpose,124,5.009877,ok,1,direct,0.556287,1,left_eye,0,0,0.000000,0.000000,0.000000,2.000000,686.228000,213.987000,,,,0.025000,
SP_R_Yoga_2,openpose,124,5.009877,ok,1,direct,0.556287,2,right_eye,0,0,0.000000,0.000000,0.000000,2.000000,664.659000,214.007000,,,,0.025000,
SP_R_Yoga_2,openpose,124,5.009877,ok,1,direct,0.556287,3,left_ear,0,0,0.000000,0.000000,0.000000,2.000000,705.787000,221.871000,,,,0.035000,
SP_R_Yoga_2,openpose,124,5.009877,ok,1,direct,0.556287,4,right_ear,0,0,0.000000,0.000000,0.000000,2.000000,650.874000,221.917000,,,,0.035000,
SP_R_Yoga_2,openpose,124,5.009877,ok,1,direct,0.556287,5,left_shoulder,1,1,2.000000,716.060000,271.320000,2.000000,727.367000,276.787000,12.559313,56.168019,1,0.079000,0.851952
SP_R_Yoga_2,openpose,124,5.009877,ok,1,direct,0.556287,6,right_shoulder,1,1,2.000000,634.680000,277.950000,2.000000,645.073000,274.796000,10.861039,56.168019,1,0.079000,0.887077
SP_R_Yoga_2,openpose,124,5.009877,ok,1,direct,0.556287,7,left_elbow,1,1,2.000000,727.900000,190.630000,2.000000,746.946000,345.330000,155.868021,56.168019,0,0.072000,0.000000
SP_R_Yoga_2,openpose,124,5.009877,ok,1,direct,0.556287,8,right_elbow,1,1,2.000000,627.760000,195.040000,2.000000,631.323000,343.306000,148.308805,56.168019,0,0.072000,0.000000
SP_R_Yoga_2,openpose,124,5.009877,ok,1,direct,0.556287,9,left_wrist,1,1,2.000000,697.730000,131.550000,0.000000,0.000000,0.000000,,56.168019,0,0.062000,0.000000
SP_R_Yoga_2,openpose,124,5.009877,ok,1,direct,0.556287,10,right_wrist,1,1,2.000000,657.830000,134.590000,0.000000,0.000000,0.000000,,56.168019,0,0.062000,0.000000
SP_R_Yoga_2,openpose,124,5.009877,ok,1,direct,0.556287,11,left_hip,1,1,2.000000,705.970000,399.450000,2.000000,711.643000,411.882000,13.665195,56.168019,1,0.107000,0.901767
SP_R_Yoga_2,openpose,124,5.009877,ok,1,direct,0.556287,12,right_hip,1,1,2.000000,659.940000,392.870000,2.000000,648.964000,404.101000,15.703756,56.168019,1,0.107000,0.872363
SP_R_Yoga_2,openpose,124,5.009877,ok,1,direct,0.556287,13,left_knee,1,1,2.000000,693.500000,529.230000,2.000000,695.989000,529.450000,2.498704,56.168019,1,0.087000,0.994784
SP_R_Yoga_2,openpose,124,5.009877,ok,1,direct,0.556287,14,right_knee,1,1,2.000000,573.960000,451.870000,2.000000,570.666000,456.968000,6.069600,56.168019,1,0.087000,0.969616
SP_R_Yoga_2,openpose,124,5.009877,ok,1,direct,0.556287,15,left_ankle,1,1,2.000000,674.810000,643.900000,2.000000,674.450000,635.246000,8.661485,56.168019,1,0.089000,0.941725
SP_R_Yoga_2,openpose,124,5.009877,ok,1,direct,0.556287,16,right_ankle,1,1,2.000000,659.440000,508.150000,2.000000,654.843000,505.929000,5.105414,56.168019,1,0.089000,0.979355
SP_R_Yoga_2,openpose,125,5.050279,ok,1,direct,0.542992,0,nose,1,1,2.000000,673.620000,223.500000,2.000000,676.352000,223.802000,2.748641,56.400744,1,0.026000,0.932145
SP_R_Yoga_2,openpose,125,5.050279,ok,1,direct,0.542992,1,left_eye,0,0,0.000000,0.000000,0.000000,2.000000,686.250000,212.078000,,,,0.025000,
SP_R_Yoga_2,openpose,125,5.050279,ok,1,direct,0.542992,2,right_eye,0,0,0.000000,0.000000,0.000000,2.000000,664.627000,212.092000,,,,0.025000,
SP_R_Yoga_2,openpose,125,5.050279,ok,1,direct,0.542992,3,left_ear,0,0,0.000000,0.000000,0.000000,2.000000,705.816000,219.964000,,,,0.035000,
SP_R_Yoga_2,openpose,125,5.050279,ok,1,direct,0.542992,4,right_ear,0,0,0.000000,0.000000,0.000000,2.000000,648.970000,221.851000,,,,0.035000,
SP_R_Yoga_2,openpose,125,5.050279,ok,1,direct,0.542992,5,left_shoulder,1,1,2.000000,716.180000,271.420000,2.000000,729.253000,276.782000,14.129911,56.400744,1,0.079000,0.817803
SP_R_Yoga_2,openpose,125,5.050279,ok,1,direct,0.542992,6,right_shoulder,1,1,2.000000,634.610000,278.090000,2.000000,645.019000,274.743000,10.933878,56.400744,1,0.079000,0.886534
SP_R_Yoga_2,openpose,125,5.050279,ok,1,direct,0.542992,7,left_elbow,1,1,2.000000,729.190000,191.540000,2.000000,746.908000,347.294000,156.758528,56.400744,0,0.072000,0.000000
SP_R_Yoga_2,openpose,125,5.050279,ok,1,direct,0.542992,8,right_elbow,1,1,2.000000,626.130000,194.760000,2.000000,629.374000,339.428000,144.704367,56.400744,0,0.072000,0.000000
SP_R_Yoga_2,openpose,125,5.050279,ok,1,direct,0.542992,9,left_wrist,1,1,2.000000,702.350000,131.050000,0.000000,0.000000,0.000000,,56.400744,0,0.062000,0.000000
SP_R_Yoga_2,openpose,125,5.050279,ok,1,direct,0.542992,10,right_wrist,1,1,2.000000,652.920000,133.010000,0.000000,0.000000,0.000000,,56.400744,0,0.062000,0.000000
SP_R_Yoga_2,openpose,125,5.050279,ok,1,direct,0.542992,11,left_hip,1,1,2.000000,705.810000,399.350000,2.000000,711.679000,411.929000,13.880793,56.400744,1,0.107000,0.899597
SP_R_Yoga_2,openpose,125,5.050279,ok,1,direct,0.542992,12,right_hip,1,1,2.000000,659.260000,392.870000,2.000000,648.971000,404.092000,15.224875,56.400744,1,0.107000,0.880477
SP_R_Yoga_2,openpose,125,5.050279,ok,1,direct,0.542992,13,left_knee,1,1,2.000000,693.530000,529.050000,2.000000,695.954000,531.461000,3.418874,56.400744,1,0.087000,0.990338
SP_R_Yoga_2,openpose,125,5.050279,ok,1,direct,0.542992,14,right_knee,1,1,2.000000,574.120000,452.400000,2.000000,572.542000,456.948000,4.813978,56.400744,1,0.087000,0.980934
SP_R_Yoga_2,openpose,125,5.050279,ok,1,direct,0.542992,15,left_ankle,1,1,2.000000,674.810000,643.890000,2.000000,678.298000,635.290000,9.280417,56.400744,1,0.089000,0.933922
SP_R_Yoga_2,openpose,125,5.050279,ok,1,direct,0.542992,16,right_ankle,1,1,2.000000,659.190000,509.210000,2.000000,654.809000,505.908000,5.486015,56.400744,1,0.089000,0.976394
SP_R_Yoga_2,openpose,126,5.090682,ok,1,direct,0.557241,0,nose,1,1,2.000000,673.420000,223.520000,2.000000,676.334000,223.782000,2.925755,56.630540,1,0.026000,0.924068
SP_R_Yoga_2,openpose,126,5.090682,ok,1,direct,0.557241,1,left_eye,0,0,0.000000,0.000000,0.000000,2.000000,686.194000,212.129000,,,,0.025000,
SP_R_Yoga_2,openpose,126,5.090682,ok,1,direct,0.557241,2,right_eye,0,0,0.000000,0.000000,0.000000,2.000000,664.661000,212.154000,,,,0.025000,
SP_R_Yoga_2,openpose,126,5.090682,ok,1,direct,0.557241,3,left_ear,0,0,0.000000,0.000000,0.000000,2.000000,703.811000,223.779000,,,,0.035000,
SP_R_Yoga_2,openpose,126,5.090682,ok,1,direct,0.557241,4,right_ear,0,0,0.000000,0.000000,0.000000,2.000000,650.963000,223.816000,,,,0.035000,
SP_R_Yoga_2,openpose,126,5.090682,ok,1,direct,0.557241,5,left_shoulder,1,1,2.000000,716.300000,271.510000,2.000000,727.387000,276.759000,12.266767,56.630540,1,0.079000,0.860397
SP_R_Yoga_2,openpose,126,5.090682,ok,1,direct,0.557241,6,right_shoulder,1,1,2.000000,634.540000,278.230000,2.000000,641.174000,276.696000,6.809046,56.630540,1,0.079000,0.954728
SP_R_Yoga_2,openpose,126,5.090682,ok,1,direct,0.557241,7,left_elbow,1,1,2.000000,730.480000,192.440000,2.000000,748.884000,347.292000,155.941813,56.630540,0,0.072000,0.000000
SP_R_Yoga_2,openpose,126,5.090682,ok,1,direct,0.557241,8,right_elbow,1,1,2.000000,624.500000,194.470000,2.000000,623.481000,337.476000,143.009630,56.630540,0,0.072000,0.000000
SP_R_Yoga_2,openpose,126,5.090682,ok,1,direct,0.557241,9,left_wrist,1,1,2.000000,706.970000,130.560000,2.000000,733.193000,392.325000,263.075200,56.630540,0,0.062000,0.000000
SP_R_Yoga_2,openpose,126,5.090682,ok,1,direct,0.557241,10,right_wrist,1,1,2.000000,648.000000,131.430000,0.000000,0.000000,0.000000,,56.630540,0,0.062000,0.000000
SP_R_Yoga_2,openpose,126,5.090682,ok,1,direct,0.557241,11,left_hip,1,1,2.000000,705.650000,399.240000,2.000000,711.613000,411.930000,14.021179,56.630540,1,0.107000,0.898449
SP_R_Yoga_2,openpose,126,5.090682,ok,1,direct,0.557241,12,right_hip,1,1,2.000000,658.590000,392.870000,2.000000,647.042000,404.113000,16.117114,56.630540,1,0.107000,0.868061
SP_R_Yoga_2,openpose,126,5.090682,ok,1,direct,0.557241,13,left_knee,1,1,2.000000,693.550000,528.870000,2.000000,695.956000,529.475000,2.480899,56.630540,1,0.087000,0.994942
SP_R_Yoga_2,openpose,126,5.090682,ok,1,direct,0.557241,14,right_knee,1,1,2.000000,574.290000,452.930000,2.000000,572.527000,456.941000,4.381357,56.630540,1,0.087000,0.984308
SP_R_Yoga_2,openpose,126,5.090682,ok,1,direct,0.557241,15,left_ankle,1,1,2.000000,674.810000,643.880000,2.000000,676.395000,635.239000,8.785164,56.630540,1,0.089000,0.941045
SP_R_Yoga_2,openpose,126,5.090682,ok,1,direct,0.557241,16,right_ankle,1,1,2.000000,658.950000,510.270000,2.000000,652.945000,505.984000,7.377657,56.630540,1,0.089000,0.958052
SP_R_Yoga_2,openpose,127,5.131084,ok,1,direct,0.561925,0,nose,1,1,2.000000,673.220000,223.530000,2.000000,676.353000,223.806000,3.145134,56.874317,1,0.026000,0.913497
SP_R_Yoga_2,openpose,127,5.131084,ok,1,direct,0.561925,1,left_eye,0,0,0.000000,0.000000,0.000000,2.000000,686.204000,212.125000,,,,0.025000,
SP_R_Yoga_2,openpose,127,5.131084,ok,1,direct,0.561925,2,right_eye,0,0,0.000000,0.000000,0.000000,2.000000,664.674000,212.136000,,,,0.025000,
SP_R_Yoga_2,openpose,127,5.131084,ok,1,direct,0.561925,3,left_ear,0,0,0.000000,0.000000,0.000000,2.000000,703.840000,221.828000,,,,0.035000,
SP_R_Yoga_2,openpose,127,5.131084,ok,1,direct,0.561925,4,right_ear,0,0,0.000000,0.000000,0.000000,2.000000,650.926000,221.858000,,,,0.035000,
SP_R_Yoga_2,openpose,127,5.131084,ok,1,direct,0.561925,5,left_shoulder,1,1,2.000000,716.410000,271.600000,2.000000,725.325000,276.747000,10.294116,56.874317,1,0.079000,0.900339
SP_R_Yoga_2,openpose,127,5.131084,ok,1,direct,0.561925,6,right_shoulder,1,1,2.000000,634.480000,278.370000,2.000000,639.197000,274.760000,5.939881,56.874317,1,0.079000,0.965650
SP_R_Yoga_2,openpose,127,5.131084,ok,1,direct,0.561925,7,left_elbow,1,1,2.000000,731.770000,193.350000,2.000000,744.935000,341.423000,148.657090,56.874317,0,0.072000,0.000000
SP_R_Yoga_2,openpose,127,5.131084,ok,1,direct,0.561925,8,right_elbow,1,1,2.000000,622.860000,194.190000,2.000000,625.489000,337.445000,143.279122,56.874317,0,0.072000,0.000000
SP_R_Yoga_2,openpose,127,5.131084,ok,1,direct,0.561925,9,left_wrist,1,1,2.000000,711.590000,130.060000,2.000000,733.190000,390.362000,261.196652,56.874317,0,0.062000,0.000000
SP_R_Yoga_2,openpose,127,5.131084,ok,1,direct,0.561925,10,right_wrist,1,1,2.000000,643.080000,129.840000,0.000000,0.000000,0.000000,,56.874317,0,0.062000,0.000000
SP_R_Yoga_2,openpose,127,5.131084,ok,1,direct,0.561925,11,left_hip,1,1,2.000000,705.490000,399.140000,2.000000,707.742000,409.908000,11.000969,56.874317,1,0.107000,0.936733
SP_R_Yoga_2,openpose,127,5.131084,ok,1,direct,0.561925,12,right_hip,1,1,2.000000,657.920000,392.870000,2.000000,645.064000,404.036000,17.028103,56.874317,1,0.107000,0.855055
SP_R_Yoga_2,openpose,127,5.131084,ok,1,direct,0.561925,13,left_knee,1,1,2.000000,693.580000,528.690000,2.000000,694.051000,529.443000,0.888172,56.874317,1,0.087000,0.999356
SP_R_Yoga_2,openpose,127,5.131084,ok,1,direct,0.561925,14,right_knee,1,1,2.000000,574.450000,453.460000,2.000000,572.536000,455.061000,2.495315,56.874317,1,0.087000,0.994927
SP_R_Yoga_2,openpose,127,5.131084,ok,1,direct,0.561925,15,left_ankle,1,1,2.000000,674.810000,643.870000,2.000000,676.366000,635.246000,8.763248,56.874317,1,0.089000,0.941817
SP_R_Yoga_2,openpose,127,5.131084,ok,1,direct,0.561925,16,right_ankle,1,1,2.000000,658.700000,511.330000,2.000000,654.817000,506.004000,6.591204,56.874317,1,0.089000,0.966657
SP_R_Yoga_2,openpose,128,5.171486,ok,1,direct,0.569644,0,nose,1,1,2.000000,673.020000,223.540000,2.000000,674.472000,223.871000,1.489250,57.164062,1,0.026000,0.980120
SP_R_Yoga_2,openpose,128,5.171486,ok,1,direct,0.569644,1,left_eye,0,0,0.000000,0.000000,0.000000,2.000000,686.176000,214.028000,,,,0.025000,
SP_R_Yoga_2,openpose,128,5.171486,ok,1,direct,0.569644,2,right_eye,0,0,0.000000,0.000000,0.000000,2.000000,664.663000,214.021000,,,,0.025000,
SP_R_Yoga_2,openpose,128,5.171486,ok,1,direct,0.569644,3,left_ear,0,0,0.000000,0.000000,0.000000,2.000000,703.813000,223.815000,,,,0.035000,
SP_R_Yoga_2,openpose,128,5.171486,ok,1,direct,0.569644,4,right_ear,0,0,0.000000,0.000000,0.000000,2.000000,650.946000,221.882000,,,,0.035000,
SP_R_Yoga_2,openpose,128,5.171486,ok,1,direct,0.569644,5,left_shoulder,1,1,2.000000,716.530000,271.700000,2.000000,723.382000,276.760000,8.517834,57.164062,1,0.079000,0.931320
SP_R_Yoga_2,openpose,128,5.171486,ok,1,direct,0.569644,6,right_shoulder,1,1,2.000000,634.410000,278.510000,2.000000,637.255000,274.737000,4.725416,57.164062,1,0.079000,0.978340
SP_R_Yoga_2,openpose,128,5.171486,ok,1,direct,0.569644,7,left_elbow,1,1,2.000000,733.060000,194.250000,2.000000,741.094000,345.288000,151.251521,57.164062,0,0.072000,0.000000
SP_R_Yoga_2,openpose,128,5.171486,ok,1,direct,0.569644,8,right_elbow,1,1,2.000000,621.230000,193.900000,0.000000,0.000000,0.000000,,57.164062,0,0.072000,0.000000
SP_R_Yoga_2,openpose,128,5.171486,ok,1,direct,0.569644,9,left_wrist,1,1,2.000000,716.210000,129.560000,2.000000,731.290000,394.279000,265.148176,57.164062,0,0.062000,0.000000
SP_R_Yoga_2,openpose,128,5.171486,ok,1,direct,0.569644,10,right_wrist,1,1,2.000000,638.170000,128.260000,0.000000,0.000000,0.000000,,57.164062,0,0.062000,0.000000
SP_R_Yoga_2,openpose,128,5.171486,ok,1,direct,0.569644,11,left_hip,1,1,2.000000,705.330000,399.040000,2.000000,707.773000,409.931000,11.161637,57.164062,1,0.107000,0.935570
SP_R_Yoga_2,openpose,128,5.171486,ok,1,direct,0.569644,12,right_hip,1,1,2.000000,657.250000,392.870000,2.000000,645.063000,402.174000,15.332560,57.164062,1,0.107000,0.881902
SP_R_Yoga_2,openpose,128,5.171486,ok,1,direct,0.569644,13,left_knee,1,1,2.000000,693.610000,528.510000,2.000000,695.920000,529.452000,2.494687,57.164062,1,0.087000,0.994980
SP_R_Yoga_2,openpose,128,5.171486,ok,1,direct,0.569644,14,right_knee,1,1,2.000000,574.620000,454.000000,2.000000,572.589000,454.979000,2.254640,57.164062,1,0.087000,0.995898
SP_R_Yoga_2,openpose,128,5.171486,ok,1,direct,0.569644,15,left_ankle,1,1,2.000000,674.810000,643.870000,2.000000,672.501000,635.257000,8.917132,57.164062,1,0.089000,0.940409
SP_R_Yoga_2,openpose,128,5.171486,ok,1,direct,0.569644,16,right_ankle,1,1,2.000000,658.460000,512.400000,2.000000,652.917000,507.921000,7.126450,57.164062,1,0.089000,0.961518
SP_R_Yoga_2,openpose,129,5.211888,ok,1,direct,0.564614,0,nose,1,1,2.000000,672.820000,223.550000,2.000000,674.460000,223.846000,1.666498,57.456622,1,0.026000,0.975418
SP_R_Yoga_2,openpose,129,5.211888,ok,1,direct,0.564614,1,left_eye,0,0,0.000000,0.000000,0.000000,2.000000,684.293000,213.996000,,,,0.025000,
SP_R_Yoga_2,openpose,129,5.211888,ok,1,direct,0.564614,2,right_eye,0,0,0.000000,0.000000,0.000000,2.000000,664.635000,214.015000,,,,0.025000,
SP_R_Yoga_2,openpose,129,5.211888,ok,1,direct,0.564614,3,left_ear,0,0,0.000000,0.000000,0.000000,2.000000,703.804000,221.910000,,,,0.035000,
SP_R_Yoga_2,openpose,129,5.211888,ok,1,direct,0.564614,4,right_ear,0,0,0.000000,0.000000,0.000000,2.000000,650.957000,223.787000,,,,0.035000,
SP_R_Yoga_2,openpose,129,5.211888,ok,1,direct,0.564614,5,left_shoulder,1,1,2.000000,716.640000,271.790000,2.000000,723.368000,278.719000,9.658003,57.456622,1,0.079000,0.913432
SP_R_Yoga_2,openpose,129,5.211888,ok,1,direct,0.564614,6,right_shoulder,1,1,2.000000,634.340000,278.650000,2.000000,639.196000,274.793000,6.201386,57.456622,1,0.079000,0.963357
SP_R_Yoga_2,openpose,129,5.211888,ok,1,direct,0.564614,7,left_elbow,1,1,2.000000,734.360000,195.160000,2.000000,741.046000,343.375000,148.365727,57.456622,0,0.072000,0.000000
SP_R_Yoga_2,openpose,129,5.211888,ok,1,direct,0.564614,8,right_elbow,1,1,2.000000,619.600000,193.610000,2.000000,629.342000,339.451000,146.166015,57.456622,0,0.072000,0.000000
SP_R_Yoga_2,openpose,129,5.211888,ok,1,direct,0.564614,9,left_wrist,1,1,2.000000,720.830000,129.070000,2.000000,733.223000,386.471000,257.699168,57.456622,0,0.062000,0.000000
SP_R_Yoga_2,openpose,129,5.211888,ok,1,direct,0.564614,10,right_wrist,1,1,2.000000,633.250000,126.680000,0.000000,0.000000,0.000000,,57.456622,0,0.062000,0.000000
SP_R_Yoga_2,openpose,129,5.211888,ok,1,direct,0.564614,11,left_hip,1,1,2.000000,705.170000,398.930000,2.000000,707.755000,409.949000,11.318153,57.456622,1,0.107000,0.934461
SP_R_Yoga_2,openpose,129,5.211888,ok,1,direct,0.564614,12,right_hip,1,1,2.000000,656.580000,392.870000,2.000000,646.954000,404.066000,14.765172,57.456622,1,0.107000,0.891044
SP_R_Yoga_2,openpose,129,5.211888,ok,1,direct,0.564614,13,left_knee,1,1,2.000000,693.640000,528.330000,2.000000,694.038000,529.512000,1.247208,57.456622,1,0.087000,0.998756
SP_R_Yoga_2,openpose,129,5.211888,ok,1,direct,0.564614,14,right_knee,1,1,2.000000,574.780000,454.530000,2.000000,572.569000,453.101000,2.632596,57.456622,1,0.087000,0.994468
SP_R_Yoga_2,openpose,129,5.211888,ok,1,direct,0.564614,15,left_ankle,1,1,2.000000,674.810000,643.860000,2.000000,674.420000,635.249000,8.619827,57.456622,1,0.089000,0.944756
SP_R_Yoga_2,openpose,129,5.211888,ok,1,direct,0.564614,16,right_ankle,1,1,2.000000,658.210000,513.460000,2.000000,650.897000,511.880000,7.481736,57.456622,1,0.089000,0.958091
SP_R_Yoga_2,openpose,130,5.252291,ok,1,direct,0.540143,0,nose,1,1,2.000000,672.620000,223.570000,2.000000,672.516000,221.904000,1.669243,57.654521,1,0.026000,0.975505
SP_R_Yoga_2,openpose,130,5.252291,ok,1,direct,0.540143,1,left_eye,0,0,0.000000,0.000000,0.000000,2.000000,684.206000,212.107000,,,,0.025000,
SP_R_Yoga_2,openpose,130,5.252291,ok,1,direct,0.540143,2,right_eye,0,0,0.000000,0.000000,0.000000,2.000000,662.725000,212.147000,,,,0.025000,
SP_R_Yoga_2,openpose,130,5.252291,ok,1,direct,0.540143,3,left_ear,0,0,0.000000,0.000000,0.000000,2.000000,701.851000,221.889000,,,,0.035000,
SP_R_Yoga_2,openpose,130,5.252291,ok,1,direct,0.540143,4,right_ear,0,0,0.000000,0.000000,0.000000,2.000000,650.916000,223.841000,,,,0.035000,
SP_R_Yoga_2,openpose,130,5.252291,ok,1,direct,0.540143,5,left_shoulder,1,1,2.000000,716.760000,271.880000,2.000000,721.504000,274.838000,5.590644,57.654521,1,0.079000,0.970317
SP_R_Yoga_2,openpose,130,5.252291,ok,1,direct,0.540143,6,right_shoulder,1,1,2.000000,634.270000,278.790000,2.000000,639.140000,272.880000,7.658002,57.654521,1,0.079000,0.945031
SP_R_Yoga_2,openpose,130,5.252291,ok,1,direct,0.540143,7,left_elbow,1,1,2.000000,736.730000,196.110000,2.000000,743.022000,345.332000,149.354593,57.654521,0,0.072000,0.000000
SP_R_Yoga_2,openpose,130,5.252291,ok,1,direct,0.540143,8,right_elbow,1,1,2.000000,615.920000,195.160000,2.000000,607.850000,253.240000,58.637968,57.654521,0,0.072000,0.018486
SP_R_Yoga_2,openpose,130,5.252291,ok,1,direct,0.540143,9,left_wrist,1,1,2.000000,727.840000,129.780000,2.000000,735.153000,386.464000,256.788154,57.654521,0,0.062000,0.000000
SP_R_Yoga_2,openpose,130,5.252291,ok,1,direct,0.540143,10,right_wrist,1,1,2.000000,625.410000,127.630000,0.000000,0.000000,0.000000,,57.654521,0,0.062000,0.000000
SP_R_Yoga_2,openpose,130,5.252291,ok,1,direct,0.540143,11,left_hip,1,1,2.000000,705.010000,398.830000,2.000000,709.704000,409.966000,12.084872,57.654521,1,0.107000,0.926121
SP_R_Yoga_2,openpose,130,5.252291,ok,1,direct,0.540143,12,right_hip,1,1,2.000000,655.910000,392.870000,2.000000,645.080000,402.180000,14.281632,57.654521,1,0.107000,0.898356
SP_R_Yoga_2,openpose,130,5.252291,ok,1,direct,0.540143,13,left_knee,1,1,2.000000,693.670000,528.150000,2.000000,694.026000,531.448000,3.317158,57.654521,1,0.087000,0.991291
SP_R_Yoga_2,openpose,130,5.252291,ok,1,direct,0.540143,14,right_knee,1,1,2.000000,575.750000,457.970000,2.000000,572.604000,454.975000,4.343655,57.654521,1,0.087000,0.985114
SP_R_Yoga_2,openpose,130,5.252291,ok,1,direct,0.540143,15,left_ankle,1,1,2.000000,674.810000,643.850000,2.000000,674.403000,637.267000,6.595570,57.654521,1,0.089000,0.967496
SP_R_Yoga_2,openpose,130,5.252291,ok,1,direct,0.540143,16,right_ankle,1,1,2.000000,655.310000,521.630000,2.000000,647.035000,517.706000,9.158242,57.654521,1,0.089000,0.938277
SP_R_Yoga_2,openpose,131,5.292693,ok,1,direct,0.525176,0,nose,1,1,2.000000,672.420000,223.580000,2.000000,672.508000,221.913000,1.669321,57.854377,1,0.026000,0.975669
SP_R_Yoga_2,openpose,131,5.292693,ok,1,direct,0.525176,1,left_eye,0,0,0.000000,0.000000,0.000000,2.000000,682.329000,212.081000,,,,0.025000,
SP_R_Yoga_2,openpose,131,5.292693,ok,1,direct,0.525176,2,right_eye,0,0,0.000000,0.000000,0.000000,2.000000,662.697000,212.153000,,,,0.025000,
SP_R_Yoga_2,openpose,131,5.292693,ok,1,direct,0.525176,3,left_ear,0,0,0.000000,0.000000,0.000000,2.000000,699.928000,221.868000,,,,0.035000,
SP_R_Yoga_2,openpose,131,5.292693,ok,1,direct,0.525176,4,right_ear,0,0,0.000000,0.000000,0.000000,2.000000,648.972000,223.855000,,,,0.035000,
SP_R_Yoga_2,openpose,131,5.292693,ok,1,direct,0.525176,5,left_shoulder,1,1,2.000000,716.880000,271.970000,2.000000,721.471000,276.699000,6.590958,57.854377,1,0.079000,0.959262
SP_R_Yoga_2,openpose,131,5.292693,ok,1,direct,0.525176,6,right_shoulder,1,1,2.000000,634.200000,278.930000,2.000000,637.200000,272.779000,6.843596,57.854377,1,0.079000,0.956150
SP_R_Yoga_2,openpose,131,5.292693,ok,1,direct,0.525176,7,left_elbow,1,1,2.000000,739.110000,197.060000,2.000000,743.028000,345.332000,148.323756,57.854377,0,0.072000,0.000000
SP_R_Yoga_2,openpose,131,5.292693,ok,1,direct,0.525176,8,right_elbow,1,1,2.000000,612.240000,196.700000,2.000000,601.940000,247.321000,51.658258,57.854377,1,0.072000,0.046148
SP_R_Yoga_2,openpose,131,5.292693,ok,1,direct,0.525176,9,left_wrist,1,1,2.000000,734.850000,130.490000,2.000000,731.278000,390.391000,259.925545,57.854377,0,0.062000,0.000000
SP_R_Yoga_2,openpose,131,5.292693,ok,1,direct,0.525176,10,right_wrist,1,1,2.000000,617.570000,128.580000,0.000000,0.000000,0.000000,,57.854377,0,0.062000,0.000000
SP_R_Yoga_2,openpose,131,5.292693,ok,1,direct,0.525176,11,left_hip,1,1,2.000000,704.850000,398.720000,2.000000,707.767000,409.981000,11.632670,57.854377,1,0.107000,0.931813
SP_R_Yoga_2,openpose,131,5.292693,ok,1,direct,0.525176,12,right_hip,1,1,2.000000,655.230000,392.870000,2.000000,643.090000,404.049000,16.503019,57.854377,1,0.107000,0.867500
SP_R_Yoga_2,openpose,131,5.292693,ok,1,direct,0.525176,13,left_knee,1,1,2.000000,693.690000,527.970000,2.000000,694.042000,527.534000,0.560357,57.854377,1,0.087000,0.999752
SP_R_Yoga_2,openpose,131,5.292693,ok,1,direct,0.525176,14,right_knee,1,1,2.000000,576.710000,461.410000,2.000000,572.605000,456.971000,6.046135,57.854377,1,0.087000,0.971554
SP_R_Yoga_2,openpose,131,5.292693,ok,1,direct,0.525176,15,left_ankle,1,1,2.000000,674.810000,643.840000,2.000000,674.409000,637.181000,6.671063,57.854377,1,0.089000,0.966986
SP_R_Yoga_2,openpose,131,5.292693,ok,1,direct,0.525176,16,right_ankle,1,1,2.000000,652.410000,529.790000,2.000000,643.143000,523.643000,11.120382,57.854377,1,0.089000,0.910933
SP_R_Yoga_2,openpose,132,5.333095,ok,1,direct,0.541311,0,nose,1,1,2.000000,672.220000,223.590000,2.000000,672.483000,221.829000,1.780531,58.116357,1,0.026000,0.972611
SP_R_Yoga_2,openpose,132,5.333095,ok,1,direct,0.541311,1,left_eye,0,0,0.000000,0.000000,0.000000,2.000000,684.200000,212.021000,,,,0.025000,
SP_R_Yoga_2,openpose,132,5.333095,ok,1,direct,0.541311,2,right_eye,0,0,0.000000,0.000000,0.000000,2.000000,662.667000,212.073000,,,,0.025000,
SP_R_Yoga_2,openpose,132,5.333095,ok,1,direct,0.541311,3,left_ear,0,0,0.000000,0.000000,0.000000,2.000000,701.902000,219.970000,,,,0.035000,
SP_R_Yoga_2,openpose,132,5.333095,ok,1,direct,0.541311,4,right_ear,0,0,0.000000,0.000000,0.000000,2.000000,648.920000,221.862000,,,,0.035000,
SP_R_Yoga_2,openpose,132,5.333095,ok,1,direct,0.541311,5,left_shoulder,1,1,2.000000,716.990000,272.070000,2.000000,723.378000,276.735000,7.910042,58.116357,1,0.079000,0.942362
SP_R_Yoga_2,openpose,132,5.333095,ok,1,direct,0.541311,6,right_shoulder,1,1,2.000000,634.130000,279.060000,2.000000,639.156000,270.895000,9.587904,58.116357,1,0.079000,0.916474
SP_R_Yoga_2,openpose,132,5.333095,ok,1,direct,0.541311,7,left_elbow,1,1,2.000000,741.480000,198.010000,2.000000,744.947000,343.352000,145.383345,58.116357,0,0.072000,0.000000
SP_R_Yoga_2,openpose,132,5.333095,ok,1,direct,0.541311,8,right_elbow,1,1,2.000000,608.550000,198.250000,2.000000,605.874000,225.801000,27.680653,58.116357,1,0.072000,0.416767
SP_R_Yoga_2,openpose,132,5.333095,ok,1,direct,0.541311,9,left_wrist,1,1,2.000000,741.860000,131.210000,2.000000,735.162000,386.426000,255.303877,58.116357,0,0.062000,0.000000
SP_R_Yoga_2,openpose,132,5.333095,ok,1,direct,0.541311,10,right_wrist,1,1,2.000000,609.730000,129.530000,2.000000,607.886000,135.667000,6.408050,58.116357,1,0.062000,0.938703
SP_R_Yoga_2,openpose,132,5.333095,ok,1,direct,0.541311,11,left_hip,1,1,2.000000,704.690000,398.620000,2.000000,707.766000,411.925000,13.655944,58.116357,1,0.107000,0.908054
SP_R_Yoga_2,openpose,132,5.333095,ok,1,direct,0.541311,12,right_hip,1,1,2.000000,654.560000,392.870000,2.000000,643.052000,404.081000,16.066132,58.116357,1,0.107000,0.875026
SP_R_Yoga_2,openpose,132,5.333095,ok,1,direct,0.541311,13,left_knee,1,1,2.000000,693.720000,527.790000,2.000000,694.072000,527.509000,0.450405,58.116357,1,0.087000,0.999841
SP_R_Yoga_2,openpose,132,5.333095,ok,1,direct,0.541311,14,right_knee,1,1,2.000000,577.680000,464.840000,2.000000,576.489000,462.825000,2.340664,58.116357,1,0.087000,0.995723
SP_R_Yoga_2,openpose,132,5.333095,ok,1,direct,0.541311,15,left_ankle,1,1,2.000000,674.810000,643.830000,2.000000,676.344000,633.320000,10.621358,58.116357,1,0.089000,0.919122
SP_R_Yoga_2,openpose,132,5.333095,ok,1,direct,0.541311,16,right_ankle,1,1,2.000000,649.510000,537.960000,2.000000,641.130000,531.406000,10.638577,58.116357,1,0.089000,0.918871
SP_R_Yoga_2,openpose,133,5.373497,ok,1,direct,0.518364,0,nose,1,1,2.000000,672.020000,223.600000,2.000000,672.447000,221.892000,1.760566,59.118728,1,0.026000,0.974103
SP_R_Yoga_2,openpose,133,5.373497,ok,1,direct,0.518364,1,left_eye,0,0,0.000000,0.000000,0.000000,2.000000,682.288000,212.051000,,,,0.025000,
SP_R_Yoga_2,openpose,133,5.373497,ok,1,direct,0.518364,2,right_eye,0,0,0.000000,0.000000,0.000000,2.000000,662.666000,212.152000,,,,0.025000,
SP_R_Yoga_2,openpose,133,5.373497,ok,1,direct,0.518364,3,left_ear,0,0,0.000000,0.000000,0.000000,2.000000,699.940000,221.824000,,,,0.035000,
SP_R_Yoga_2,openpose,133,5.373497,ok,1,direct,0.518364,4,right_ear,0,0,0.000000,0.000000,0.000000,2.000000,648.986000,223.823000,,,,0.035000,
SP_R_Yoga_2,openpose,133,5.373497,ok,1,direct,0.518364,5,left_shoulder,1,1,2.000000,717.110000,272.160000,2.000000,723.384000,276.778000,7.790314,59.118728,1,0.079000,0.945874
SP_R_Yoga_2,openpose,133,5.373497,ok,1,direct,0.518364,6,right_shoulder,1,1,2.000000,634.060000,279.200000,2.000000,635.276000,272.814000,6.500742,59.118728,1,0.079000,0.961993
SP_R_Yoga_2,openpose,133,5.373497,ok,1,direct,0.518364,7,left_elbow,1,1,2.000000,743.860000,198.960000,2.000000,743.019000,345.271000,146.313417,59.118728,0,0.072000,0.000000
SP_R_Yoga_2,openpose,133,5.373497,ok,1,direct,0.518364,8,right_elbow,1,1,2.000000,604.870000,199.790000,2.000000,599.972000,249.276000,49.727805,59.118728,1,0.072000,0.065239
SP_R_Yoga_2,openpose,133,5.373497,ok,1,direct,0.518364,9,left_wrist,1,1,2.000000,748.860000,131.920000,2.000000,733.181000,390.403000,258.958090,59.118728,0,0.062000,0.000000
SP_R_Yoga_2,openpose,133,5.373497,ok,1,direct,0.518364,10,right_wrist,1,1,2.000000,601.890000,130.480000,0.000000,0.000000,0.000000,,59.118728,0,0.062000,0.000000
SP_R_Yoga_2,openpose,133,5.373497,ok,1,direct,0.518364,11,left_hip,1,1,2.000000,704.530000,398.510000,2.000000,709.636000,409.963000,12.539635,59.118728,1,0.107000,0.924416
SP_R_Yoga_2,openpose,133,5.373497,ok,1,direct,0.518364,12,right_hip,1,1,2.000000,653.890000,392.870000,2.000000,643.112000,404.084000,15.553748,59.118728,1,0.107000,0.886109
SP_R_Yoga_2,openpose,133,5.373497,ok,1,direct,0.518364,13,left_knee,1,1,2.000000,693.750000,527.610000,2.000000,697.909000,517.722000,10.727060,59.118728,1,0.087000,0.916680
SP_R_Yoga_2,openpose,133,5.373497,ok,1,direct,0.518364,14,right_knee,1,1,2.000000,578.650000,468.280000,2.000000,582.321000,462.825000,6.575201,59.118728,1,0.087000,0.967843
SP_R_Yoga_2,openpose,133,5.373497,ok,1,direct,0.518364,15,left_ankle,1,1,2.000000,674.810000,643.820000,2.000000,678.317000,627.460000,16.731666,59.118728,1,0.089000,0.816895
SP_R_Yoga_2,openpose,133,5.373497,ok,1,direct,0.518364,16,right_ankle,1,1,2.000000,646.600000,546.130000,2.000000,633.269000,551.004000,14.194063,59.118728,1,0.089000,0.864546
SP_R_Yoga_2,openpose,134,5.413900,ok,1,direct,0.525653,0,nose,1,1,2.000000,671.820000,223.620000,2.000000,670.526000,219.887000,3.950914,60.104529,1,0.026000,0.879995
SP_R_Yoga_2,openpose,134,5.413900,ok,1,direct,0.525653,1,left_eye,0,0,0.000000,0.000000,0.000000,2.000000,682.235000,210.096000,,,,0.025000,
SP_R_Yoga_2,openpose,134,5.413900,ok,1,direct,0.525653,2,right_eye,0,0,0.000000,0.000000,0.000000,2.000000,660.717000,212.033000,,,,0.025000,
SP_R_Yoga_2,openpose,134,5.413900,ok,1,direct,0.525653,3,left_ear,0,0,0.000000,0.000000,0.000000,2.000000,699.921000,216.025000,,,,0.035000,
SP_R_Yoga_2,openpose,134,5.413900,ok,1,direct,0.525653,4,right_ear,0,0,0.000000,0.000000,0.000000,2.000000,647.037000,221.824000,,,,0.035000,
SP_R_Yoga_2,openpose,134,5.413900,ok,1,direct,0.525653,5,left_shoulder,1,1,2.000000,717.230000,272.250000,2.000000,721.446000,270.854000,4.441112,60.104529,1,0.079000,0.982656
SP_R_Yoga_2,openpose,134,5.413900,ok,1,direct,0.525653,6,right_shoulder,1,1,2.000000,633.990000,279.340000,2.000000,639.217000,268.939000,11.640547,60.104529,1,0.079000,0.886742
SP_R_Yoga_2,openpose,134,5.413900,ok,1,direct,0.525653,7,left_elbow,1,1,2.000000,746.240000,199.910000,2.000000,744.997000,202.306000,2.699234,60.104529,1,0.072000,0.992249
SP_R_Yoga_2,openpose,134,5.413900,ok,1,direct,0.525653,8,right_elbow,1,1,2.000000,601.190000,201.330000,2.000000,609.808000,219.931000,20.500418,60.104529,1,0.072000,0.638378
SP_R_Yoga_2,openpose,134,5.413900,ok,1,direct,0.525653,9,left_wrist,1,1,2.000000,755.870000,132.630000,2.000000,754.743000,133.686000,1.544430,60.104529,1,0.062000,0.996571
SP_R_Yoga_2,openpose,134,5.413900,ok,1,direct,0.525653,10,right_wrist,1,1,2.000000,594.050000,131.430000,2.000000,596.098000,137.610000,6.510507,60.104529,1,0.062000,0.940779
SP_R_Yoga_2,openpose,134,5.413900,ok,1,direct,0.525653,11,left_hip,1,1,2.000000,704.370000,398.410000,2.000000,709.723000,407.979000,10.964505,60.104529,1,0.107000,0.943524
SP_R_Yoga_2,openpose,134,5.413900,ok,1,direct,0.525653,12,right_hip,1,1,2.000000,653.220000,392.870000,2.000000,647.023000,404.049000,12.781739,60.104529,1,0.107000,0.924040
SP_R_Yoga_2,openpose,134,5.413900,ok,1,direct,0.525653,13,left_knee,1,1,2.000000,693.780000,527.430000,2.000000,697.972000,519.628000,8.856866,60.104529,1,0.087000,0.944238
SP_R_Yoga_2,openpose,134,5.413900,ok,1,direct,0.525653,14,right_knee,1,1,2.000000,579.610000,471.720000,2.000000,586.231000,474.561000,7.204785,60.104529,1,0.087000,0.962744
SP_R_Yoga_2,openpose,134,5.413900,ok,1,direct,0.525653,15,left_ankle,1,1,2.000000,674.810000,643.820000,2.000000,676.429000,629.336000,14.574204,60.104529,1,0.089000,0.862036
SP_R_Yoga_2,openpose,134,5.413900,ok,1,direct,0.525653,16,right_ankle,1,1,2.000000,643.700000,554.300000,2.000000,631.363000,553.010000,12.404260,60.104529,1,0.089000,0.898039
SP_R_Yoga_2,openpose,135,5.454302,ok,1,direct,0.532579,0,nose,1,1,2.000000,671.620000,223.630000,2.000000,670.509000,219.900000,3.891943,60.333787,1,0.026000,0.884166
SP_R_Yoga_2,openpose,135,5.454302,ok,1,direct,0.532579,1,left_eye,0,0,0.000000,0.000000,0.000000,2.000000,682.235000,210.065000,,,,0.025000,
SP_R_Yoga_2,openpose,135,5.454302,ok,1,direct,0.532579,2,right_eye,0,0,0.000000,0.000000,0.000000,2.000000,660.672000,210.166000,,,,0.025000,
SP_R_Yoga_2,openpose,135,5.454302,ok,1,direct,0.532579,3,left_ear,0,0,0.000000,0.000000,0.000000,2.000000,699.905000,214.079000,,,,0.035000,
SP_R_Yoga_2,openpose,135,5.454302,ok,1,direct,0.532579,4,right_ear,0,0,0.000000,0.000000,0.000000,2.000000,645.098000,219.882000,,,,0.035000,
SP_R_Yoga_2,openpose,135,5.454302,ok,1,direct,0.532579,5,left_shoulder,1,1,2.000000,717.340000,272.350000,2.000000,719.517000,266.967000,5.806550,60.333787,1,0.079000,0.970754
SP_R_Yoga_2,openpose,135,5.454302,ok,1,direct,0.532579,6,right_shoulder,1,1,2.000000,633.920000,279.480000,2.000000,637.248000,268.911000,11.080584,60.333787,1,0.079000,0.897548
SP_R_Yoga_2,openpose,135,5.454302,ok,1,direct,0.532579,7,left_elbow,1,1,2.000000,749.210000,202.970000,2.000000,744.977000,198.372000,6.249791,60.333787,1,0.072000,0.959448
SP_R_Yoga_2,openpose,135,5.454302,ok,1,direct,0.532579,8,right_elbow,1,1,2.000000,597.570000,204.860000,2.000000,603.877000,223.834000,19.994772,60.333787,1,0.072000,0.654609
SP_R_Yoga_2,openpose,135,5.454302,ok,1,direct,0.532579,9,left_wrist,1,1,2.000000,763.860000,136.630000,2.000000,762.548000,139.641000,3.284428,60.333787,1,0.062000,0.984700
SP_R_Yoga_2,openpose,135,5.454302,ok,1,direct,0.532579,10,right_wrist,1,1,2.000000,585.410000,133.840000,2.000000,588.238000,139.586000,6.404225,60.333787,1,0.062000,0.943063
SP_R_Yoga_2,openpose,135,5.454302,ok,1,direct,0.532579,11,left_hip,1,1,2.000000,704.210000,398.310000,2.000000,709.690000,407.979000,11.113953,60.333787,1,0.107000,0.942447
SP_R_Yoga_2,openpose,135,5.454302,ok,1,direct,0.532579,12,right_hip,1,1,2.000000,652.550000,392.870000,2.000000,647.063000,406.004000,14.234083,60.333787,1,0.107000,0.907347
SP_R_Yoga_2,openpose,135,5.454302,ok,1,direct,0.532579,13,left_knee,1,1,2.000000,693.800000,527.250000,2.000000,696.001000,515.714000,11.744092,60.333787,1,0.087000,0.904731
SP_R_Yoga_2,openpose,135,5.454302,ok,1,direct,0.532579,14,right_knee,1,1,2.000000,585.750000,478.780000,2.000000,590.241000,478.469000,4.501755,60.333787,1,0.087000,0.985397
SP_R_Yoga_2,openpose,135,5.454302,ok,1,direct,0.532579,15,left_ankle,1,1,2.000000,674.810000,643.810000,2.000000,676.427000,629.366000,14.534229,60.333787,1,0.089000,0.863704
SP_R_Yoga_2,openpose,135,5.454302,ok,1,direct,0.532579,16,right_ankle,1,1,2.000000,641.940000,564.800000,2.000000,631.298000,564.710000,10.642381,60.333787,1,0.089000,0.924446
SP_R_Yoga_2,openpose,136,5.494704,ok,1,direct,0.558442,0,nose,1,1,2.000000,671.420000,223.640000,2.000000,670.536000,219.886000,3.856679,62.931996,1,0.026000,0.894837
SP_R_Yoga_2,openpose,136,5.494704,ok,1,direct,0.558442,1,left_eye,0,0,0.000000,0.000000,0.000000,2.000000,682.232000,210.075000,,,,0.025000,
SP_R_Yoga_2,openpose,136,5.494704,ok,1,direct,0.558442,2,right_eye,0,0,0.000000,0.000000,0.000000,2.000000,660.723000,210.175000,,,,0.025000,
SP_R_Yoga_2,openpose,136,5.494704,ok,1,direct,0.558442,3,left_ear,0,0,0.000000,0.000000,0.000000,2.000000,699.876000,215.968000,,,,0.035000,
SP_R_Yoga_2,openpose,136,5.494704,ok,1,direct,0.558442,4,right_ear,0,0,0.000000,0.000000,0.000000,2.000000,646.950000,217.986000,,,,0.035000,
SP_R_Yoga_2,openpose,136,5.494704,ok,1,direct,0.558442,5,left_shoulder,1,1,2.000000,717.460000,272.440000,2.000000,721.427000,270.857000,4.271180,62.931996,1,0.079000,0.985347
SP_R_Yoga_2,openpose,136,5.494704,ok,1,direct,0.558442,6,right_shoulder,1,1,2.000000,633.850000,279.620000,2.000000,637.217000,268.860000,11.274497,62.931996,1,0.079000,0.902257
SP_R_Yoga_2,openpose,136,5.494704,ok,1,direct,0.558442,7,left_elbow,1,1,2.000000,752.180000,206.040000,2.000000,744.987000,200.319000,9.190707,62.931996,1,0.072000,0.921010
SP_R_Yoga_2,openpose,136,5.494704,ok,1,direct,0.558442,8,right_elbow,1,1,2.000000,593.950000,208.390000,2.000000,599.993000,231.687000,24.067988,62.931996,1,0.072000,0.568764
SP_R_Yoga_2,openpose,136,5.494704,ok,1,direct,0.558442,9,left_wrist,1,1,2.000000,771.850000,140.620000,2.000000,764.585000,145.445000,8.721287,62.931996,1,0.062000,0.904907
SP_R_Yoga_2,openpose,136,5.494704,ok,1,direct,0.558442,10,right_wrist,1,1,2.000000,576.770000,136.260000,2.000000,580.424000,143.540000,8.145558,62.931996,1,0.062000,0.916525
SP_R_Yoga_2,openpose,136,5.494704,ok,1,direct,0.558442,11,left_hip,1,1,2.000000,704.050000,398.200000,2.000000,709.681000,408.029000,11.327727,62.931996,1,0.107000,0.944973
SP_R_Yoga_2,openpose,136,5.494704,ok,1,direct,0.558442,12,right_hip,1,1,2.000000,651.870000,392.870000,2.000000,645.051000,406.001000,14.796010,62.931996,1,0.107000,0.907953
SP_R_Yoga_2,openpose,136,5.494704,ok,1,direct,0.558442,13,left_knee,1,1,2.000000,693.830000,527.070000,2.000000,696.011000,519.696000,7.689775,62.931996,1,0.087000,0.961316
SP_R_Yoga_2,openpose,136,5.494704,ok,1,direct,0.558442,14,right_knee,1,1,2.000000,591.880000,485.840000,2.000000,594.108000,486.336000,2.282542,62.931996,1,0.087000,0.996530
SP_R_Yoga_2,openpose,136,5.494704,ok,1,direct,0.558442,15,left_ankle,1,1,2.000000,674.810000,643.800000,2.000000,678.311000,631.312000,12.969470,62.931996,1,0.089000,0.898311
SP_R_Yoga_2,openpose,136,5.494704,ok,1,direct,0.558442,16,right_ankle,1,1,2.000000,640.170000,575.290000,2.000000,631.376000,574.524000,8.827298,62.931996,1,0.089000,0.951536
SP_R_Yoga_2,openpose,137,5.535106,ok,1,direct,0.510784,0,nose,1,1,2.000000,671.220000,223.650000,2.000000,670.511000,221.840000,1.943909,65.403044,1,0.026000,0.974203
SP_R_Yoga_2,openpose,137,5.535106,ok,1,direct,0.510784,1,left_eye,0,0,0.000000,0.000000,0.000000,2.000000,680.260000,210.175000,,,,0.025000,
SP_R_Yoga_2,openpose,137,5.535106,ok,1,direct,0.510784,2,right_eye,0,0,0.000000,0.000000,0.000000,2.000000,660.708000,212.126000,,,,0.025000,
SP_R_Yoga_2,openpose,137,5.535106,ok,1,direct,0.510784,3,left_ear,0,0,0.000000,0.000000,0.000000,2.000000,695.942000,214.072000,,,,0.035000,
SP_R_Yoga_2,openpose,137,5.535106,ok,1,direct,0.510784,4,right_ear,0,0,0.000000,0.000000,0.000000,2.000000,646.953000,219.955000,,,,0.035000,
SP_R_Yoga_2,openpose,137,5.535106,ok,1,direct,0.510784,5,left_shoulder,1,1,2.000000,717.570000,272.530000,2.000000,715.625000,261.105000,11.589377,65.403044,1,0.079000,0.904273
SP_R_Yoga_2,openpose,137,5.535106,ok,1,direct,0.510784,6,right_shoulder,1,1,2.000000,633.780000,279.760000,2.000000,635.286000,272.781000,7.139641,65.403044,1,0.079000,0.962531
SP_R_Yoga_2,openpose,137,5.535106,ok,1,direct,0.510784,7,left_elbow,1,1,2.000000,755.150000,209.110000,2.000000,758.710000,200.328000,9.476134,65.403044,1,0.072000,0.922203
SP_R_Yoga_2,openpose,137,5.535106,ok,1,direct,0.510784,8,right_elbow,1,1,2.000000,590.320000,211.920000,2.000000,619.584000,335.516000,127.013200,65.403044,0,0.072000,0.000000
SP_R_Yoga_2,openpose,137,5.535106,ok,1,direct,0.510784,9,left_wrist,1,1,2.000000,779.840000,144.620000,2.000000,776.398000,147.402000,4.425708,65.403044,1,0.062000,0.976457
SP_R_Yoga_2,openpose,137,5.535106,ok,1,direct,0.510784,10,right_wrist,1,1,2.000000,568.130000,138.670000,0.000000,0.000000,0.000000,,65.403044,0,0.062000,0.000000
SP_R_Yoga_2,openpose,137,5.535106,ok,1,direct,0.510784,11,left_hip,1,1,2.000000,703.890000,398.100000,2.000000,711.623000,407.983000,12.548824,65.403044,1,0.107000,0.937715
SP_R_Yoga_2,openpose,137,5.535106,ok,1,direct,0.510784,12,right_hip,1,1,2.000000,651.200000,392.870000,2.000000,648.930000,406.048000,13.372082,65.403044,1,0.107000,0.929579
SP_R_Yoga_2,openpose,137,5.535106,ok,1,direct,0.510784,13,left_knee,1,1,2.000000,693.860000,526.890000,2.000000,694.065000,517.734000,9.158295,65.403044,1,0.087000,0.949508
SP_R_Yoga_2,openpose,137,5.535106,ok,1,direct,0.510784,14,right_knee,1,1,2.000000,598.010000,492.900000,2.000000,603.906000,494.189000,6.035258,65.403044,1,0.087000,0.977751
SP_R_Yoga_2,openpose,137,5.535106,ok,1,direct,0.510784,15,left_ankle,1,1,2.000000,674.810000,643.790000,2.000000,674.488000,627.424000,16.369167,65.403044,1,0.089000,0.853710
SP_R_Yoga_2,openpose,137,5.535106,ok,1,direct,0.510784,16,right_ankle,1,1,2.000000,638.410000,585.790000,2.000000,631.291000,586.299000,7.137173,65.403044,1,0.089000,0.970379
SP_R_Yoga_2,openpose,138,5.575508,ok,1,direct,0.530174,0,nose,1,1,2.000000,671.020000,223.670000,2.000000,668.633000,219.925000,4.441035,67.759644,1,0.026000,0.880655
SP_R_Yoga_2,openpose,138,5.575508,ok,1,direct,0.530174,1,left_eye,0,0,0.000000,0.000000,0.000000,2.000000,680.243000,210.128000,,,,0.025000,
SP_R_Yoga_2,openpose,138,5.575508,ok,1,direct,0.530174,2,right_eye,0,0,0.000000,0.000000,0.000000,2.000000,658.813000,212.081000,,,,0.025000,
SP_R_Yoga_2,openpose,138,5.575508,ok,1,direct,0.530174,3,left_ear,0,0,0.000000,0.000000,0.000000,2.000000,695.950000,215.964000,,,,0.035000,
SP_R_Yoga_2,openpose,138,5.575508,ok,1,direct,0.530174,4,right_ear,0,0,0.000000,0.000000,0.000000,2.000000,645.096000,221.851000,,,,0.035000,
SP_R_Yoga_2,openpose,138,5.575508,ok,1,direct,0.530174,5,left_shoulder,1,1,2.000000,717.690000,272.620000,2.000000,715.546000,262.989000,9.866757,67.759644,1,0.079000,0.934308
SP_R_Yoga_2,openpose,138,5.575508,ok,1,direct,0.530174,6,right_shoulder,1,1,2.000000,633.710000,279.900000,2.000000,633.342000,272.809000,7.100543,67.759644,1,0.079000,0.965422
SP_R_Yoga_2,openpose,138,5.575508,ok,1,direct,0.530174,7,left_elbow,1,1,2.000000,758.130000,212.170000,2.000000,762.592000,204.275000,9.068653,67.759644,1,0.072000,0.933229
SP_R_Yoga_2,openpose,138,5.575508,ok,1,direct,0.530174,8,right_elbow,1,1,2.000000,586.700000,215.450000,2.000000,619.580000,335.510000,124.480914,67.759644,0,0.072000,0.000002
SP_R_Yoga_2,openpose,138,5.575508,ok,1,direct,0.530174,9,left_wrist,1,1,2.000000,787.830000,148.610000,2.000000,790.000000,149.351000,2.293029,67.759644,1,0.062000,0.994059
SP_R_Yoga_2,openpose,138,5.575508,ok,1,direct,0.530174,10,right_wrist,1,1,2.000000,559.490000,141.090000,0.000000,0.000000,0.000000,,67.759644,0,0.062000,0.000000
SP_R_Yoga_2,openpose,138,5.575508,ok,1,direct,0.530174,11,left_hip,1,1,2.000000,703.730000,397.990000,2.000000,711.632000,407.951000,12.714681,67.759644,1,0.107000,0.940345
SP_R_Yoga_2,openpose,138,5.575508,ok,1,direct,0.530174,12,right_hip,1,1,2.000000,650.530000,392.870000,2.000000,650.865000,406.053000,13.187256,67.759644,1,0.107000,0.935976
SP_R_Yoga_2,openpose,138,5.575508,ok,1,direct,0.530174,13,left_knee,1,1,2.000000,693.890000,526.710000,2.000000,695.926000,515.735000,11.162254,67.759644,1,0.087000,0.930805
SP_R_Yoga_2,openpose,138,5.575508,ok,1,direct,0.530174,14,right_knee,1,1,2.000000,604.140000,499.960000,2.000000,609.830000,500.073000,5.691122,67.759644,1,0.087000,0.981533
SP_R_Yoga_2,openpose,138,5.575508,ok,1,direct,0.530174,15,left_ankle,1,1,2.000000,674.810000,643.780000,2.000000,672.446000,621.578000,22.327501,67.759644,1,0.089000,0.760218
SP_R_Yoga_2,openpose,138,5.575508,ok,1,direct,0.530174,16,right_ankle,1,1,2.000000,636.640000,596.290000,2.000000,627.422000,601.930000,10.806532,67.759644,1,0.089000,0.937797
SP_R_Yoga_2,openpose,139,5.615911,ok,1,direct,0.544539,0,nose,1,1,2.000000,670.820000,223.680000,2.000000,670.492000,221.884000,1.825705,70.013181,1,0.026000,0.980083
SP_R_Yoga_2,openpose,139,5.615911,ok,1,direct,0.544539,1,left_eye,0,0,0.000000,0.000000,0.000000,2.000000,680.310000,210.179000,,,,0.025000,
SP_R_Yoga_2,openpose,139,5.615911,ok,1,direct,0.544539,2,right_eye,0,0,0.000000,0.000000,0.000000,2.000000,660.667000,212.142000,,,,0.025000,
SP_R_Yoga_2,openpose,139,5.615911,ok,1,direct,0.544539,3,left_ear,0,0,0.000000,0.000000,0.000000,2.000000,695.975000,216.003000,,,,0.035000,
SP_R_Yoga_2,openpose,139,5.615911,ok,1,direct,0.544539,4,right_ear,0,0,0.000000,0.000000,0.000000,2.000000,646.950000,221.871000,,,,0.035000,
SP_R_Yoga_2,openpose,139,5.615911,ok,1,direct,0.544539,5,left_shoulder,1,1,2.000000,717.810000,272.720000,2.000000,717.520000,266.945000,5.782277,70.013181,1,0.079000,0.978379
SP_R_Yoga_2,openpose,139,5.615911,ok,1,direct,0.544539,6,right_shoulder,1,1,2.000000,633.640000,280.040000,2.000000,633.327000,274.790000,5.259322,70.013181,1,0.079000,0.982079
SP_R_Yoga_2,openpose,139,5.615911,ok,1,direct,0.544539,7,left_elbow,1,1,2.000000,761.100000,215.240000,2.000000,764.554000,212.080000,4.681422,70.013181,1,0.072000,0.982899
SP_R_Yoga_2,openpose,139,5.615911,ok,1,direct,0.544539,8,right_elbow,1,1,2.000000,583.080000,218.980000,2.000000,615.679000,337.450000,122.873251,70.013181,0,0.072000,0.000007
SP_R_Yoga_2,openpose,139,5.615911,ok,1,direct,0.544539,9,left_wrist,1,1,2.000000,795.820000,152.600000,2.000000,795.914000,155.307000,2.708632,70.013181,1,0.062000,0.992243
SP_R_Yoga_2,openpose,139,5.615911,ok,1,direct,0.544539,10,right_wrist,1,1,2.000000,550.860000,143.500000,0.000000,0.000000,0.000000,,70.013181,0,0.062000,0.000000
SP_R_Yoga_2,openpose,139,5.615911,ok,1,direct,0.544539,11,left_hip,1,1,2.000000,703.570000,397.890000,2.000000,709.727000,406.003000,10.184764,70.013181,1,0.107000,0.963709
SP_R_Yoga_2,openpose,139,5.615911,ok,1,direct,0.544539,12,right_hip,1,1,2.000000,649.860000,392.870000,2.000000,648.942000,406.073000,13.234876,70.013181,1,0.107000,0.939486
SP_R_Yoga_2,openpose,139,5.615911,ok,1,direct,0.544539,13,left_knee,1,1,2.000000,693.910000,526.530000,2.000000,693.995000,517.667000,8.863408,70.013181,1,0.087000,0.958536
SP_R_Yoga_2,openpose,139,5.615911,ok,1,direct,0.544539,14,right_knee,1,1,2.000000,610.270000,507.020000,2.000000,617.647000,507.894000,7.428594,70.013181,1,0.087000,0.970691
SP_R_Yoga_2,openpose,139,5.615911,ok,1,direct,0.544539,15,left_ankle,1,1,2.000000,674.810000,643.770000,2.000000,670.554000,623.535000,20.677736,70.013181,1,0.089000,0.802326
SP_R_Yoga_2,openpose,139,5.615911,ok,1,direct,0.544539,16,right_ankle,1,1,2.000000,634.880000,606.780000,2.000000,633.247000,609.829000,3.458770,70.013181,1,0.089000,0.993857
SP_R_Yoga_2,openpose,140,5.656313,ok,1,direct,0.545379,0,nose,1,1,2.000000,670.620000,223.690000,2.000000,668.584000,221.902000,2.709657,71.598811,1,0.026000,0.958511
SP_R_Yoga_2,openpose,140,5.656313,ok,1,direct,0.545379,1,left_eye,0,0,0.000000,0.000000,0.000000,2.000000,678.378000,212.021000,,,,0.025000,
SP_R_Yoga_2,openpose,140,5.656313,ok,1,direct,0.545379,2,right_eye,0,0,0.000000,0.000000,0.000000,2.000000,658.763000,214.024000,,,,0.025000,
SP_R_Yoga_2,openpose,140,5.656313,ok,1,direct,0.545379,3,left_ear,0,0,0.000000,0.000000,0.000000,2.000000,694.018000,216.038000,,,,0.035000,
SP_R_Yoga_2,openpose,140,5.656313,ok,1,direct,0.545379,4,right_ear,0,0,0.000000,0.000000,0.000000,2.000000,646.977000,223.834000,,,,0.035000,
SP_R_Yoga_2,openpose,140,5.656313,ok,1,direct,0.545379,5,left_shoulder,1,1,2.000000,717.410000,273.150000,2.000000,715.544000,266.937000,6.487166,71.598811,1,0.079000,0.974036
SP_R_Yoga_2,openpose,140,5.656313,ok,1,direct,0.545379,6,right_shoulder,1,1,2.000000,632.230000,279.640000,2.000000,633.324000,274.732000,5.028449,71.598811,1,0.079000,0.984318
SP_R_Yoga_2,openpose,140,5.656313,ok,1,direct,0.545379,7,left_elbow,1,1,2.000000,764.000000,218.600000,2.000000,758.711000,217.967000,5.326745,71.598811,1,0.072000,0.978872
SP_R_Yoga_2,openpose,140,5.656313,ok,1,direct,0.545379,8,right_elbow,1,1,2.000000,579.710000,222.580000,2.000000,592.166000,235.612000,18.027339,71.598811,1,0.072000,0.783035
SP_R_Yoga_2,openpose,140,5.656313,ok,1,direct,0.545379,9,left_wrist,1,1,2.000000,802.900000,160.270000,2.000000,799.812000,165.105000,5.736983,71.598811,1,0.062000,0.967147
SP_R_Yoga_2,openpose,140,5.656313,ok,1,direct,0.545379,10,right_wrist,1,1,2.000000,542.730000,151.170000,2.000000,549.014000,163.148000,13.526313,71.598811,1,0.062000,0.830529
SP_R_Yoga_2,openpose,140,5.656313,ok,1,direct,0.545379,11,left_hip,1,1,2.000000,703.410000,397.780000,2.000000,709.691000,406.080000,10.408696,71.598811,1,0.107000,0.963755
SP_R_Yoga_2,openpose,140,5.656313,ok,1,direct,0.545379,12,right_hip,1,1,2.000000,649.190000,392.870000,2.000000,648.955000,409.929000,17.060619,71.598811,1,0.107000,0.905576
SP_R_Yoga_2,openpose,140,5.656313,ok,1,direct,0.545379,13,left_knee,1,1,2.000000,693.940000,526.350000,2.000000,693.995000,523.578000,2.772546,71.598811,1,0.087000,0.996046
SP_R_Yoga_2,openpose,140,5.656313,ok,1,direct,0.545379,14,right_knee,1,1,2.000000,616.990000,510.650000,2.000000,625.492000,511.824000,8.582673,71.598811,1,0.087000,0.962743
SP_R_Yoga_2,openpose,140,5.656313,ok,1,direct,0.545379,15,left_ankle,1,1,2.000000,674.810000,643.770000,2.000000,670.544000,631.357000,13.125598,71.598811,1,0.089000,0.918646
SP_R_Yoga_2,openpose,140,5.656313,ok,1,direct,0.545379,16,right_ankle,1,1,2.000000,637.970000,615.650000,2.000000,627.463000,621.554000,12.052148,71.598811,1,0.089000,0.930956
SP_R_Yoga_2,openpose,141,5.696715,ok,1,direct,0.559768,0,nose,1,1,2.000000,670.420000,223.700000,2.000000,668.607000,223.765000,1.814165,73.086257,1,0.026000,0.981936
SP_R_Yoga_2,openpose,141,5.696715,ok,1,direct,0.559768,1,left_eye,0,0,0.000000,0.000000,0.000000,2.000000,678.413000,212.021000,,,,0.025000,
SP_R_Yoga_2,openpose,141,5.696715,ok,1,direct,0.559768,2,right_eye,0,0,0.000000,0.000000,0.000000,2.000000,658.766000,214.022000,,,,0.025000,
SP_R_Yoga_2,openpose,141,5.696715,ok,1,direct,0.559768,3,left_ear,0,0,0.000000,0.000000,0.000000,2.000000,694.059000,217.953000,,,,0.035000,
SP_R_Yoga_2,openpose,141,5.696715,ok,1,direct,0.559768,4,right_ear,0,0,0.000000,0.000000,0.000000,2.000000,645.093000,223.897000,,,,0.035000,
SP_R_Yoga_2,openpose,141,5.696715,ok,1,direct,0.559768,5,left_shoulder,1,1,2.000000,717.010000,273.580000,2.000000,717.541000,272.849000,0.903505,73.086257,1,0.079000,0.999510
SP_R_Yoga_2,openpose,141,5.696715,ok,1,direct,0.559768,6,right_shoulder,1,1,2.000000,630.830000,279.240000,2.000000,633.277000,278.671000,2.512284,73.086257,1,0.079000,0.996221
SP_R_Yoga_2,openpose,141,5.696715,ok,1,direct,0.559768,7,left_elbow,1,1,2.000000,766.900000,221.970000,2.000000,735.213000,337.442000,119.740756,73.086257,0,0.072000,0.000032
SP_R_Yoga_2,openpose,141,5.696715,ok,1,direct,0.559768,8,right_elbow,1,1,2.000000,576.340000,226.180000,2.000000,617.614000,341.396000,122.385742,73.086257,0,0.072000,0.000020
SP_R_Yoga_2,openpose,141,5.696715,ok,1,direct,0.559768,9,left_wrist,1,1,2.000000,809.980000,167.930000,2.000000,725.391000,388.447000,236.184348,73.086257,0,0.062000,0.000000
SP_R_Yoga_2,openpose,141,5.696715,ok,1,direct,0.559768,10,right_wrist,1,1,2.000000,534.600000,158.830000,0.000000,0.000000,0.000000,,73.086257,0,0.062000,0.000000
SP_R_Yoga_2,openpose,141,5.696715,ok,1,direct,0.559768,11,left_hip,1,1,2.000000,703.250000,397.680000,2.000000,707.790000,409.936000,13.069856,73.086257,1,0.107000,0.945668
SP_R_Yoga_2,openpose,141,5.696715,ok,1,direct,0.559768,12,right_hip,1,1,2.000000,648.520000,392.870000,2.000000,648.962000,409.991000,17.126704,73.086257,1,0.107000,0.908531
SP_R_Yoga_2,openpose,141,5.696715,ok,1,direct,0.559768,13,left_knee,1,1,2.000000,693.970000,526.170000,2.000000,694.004000,523.623000,2.547227,73.086257,1,0.087000,0.996796
SP_R_Yoga_2,openpose,141,5.696715,ok,1,direct,0.559768,14,right_knee,1,1,2.000000,623.710000,514.280000,2.000000,635.224000,517.745000,12.024077,73.086257,1,0.087000,0.930978
SP_R_Yoga_2,openpose,141,5.696715,ok,1,direct,0.559768,15,left_ankle,1,1,2.000000,674.810000,643.760000,2.000000,670.529000,631.346000,13.131426,73.086257,1,0.089000,0.921725
SP_R_Yoga_2,openpose,141,5.696715,ok,1,direct,0.559768,16,right_ankle,1,1,2.000000,641.060000,624.520000,2.000000,633.331000,621.584000,8.267862,73.086257,1,0.089000,0.968204
SP_R_Yoga_2,openpose,142,5.737117,ok,1,direct,0.597208,0,nose,1,1,2.000000,670.220000,223.720000,2.000000,668.632000,223.899000,1.598057,74.482684,1,0.026000,0.986473
SP_R_Yoga_2,openpose,142,5.737117,ok,1,direct,0.597208,1,left_eye,0,0,0.000000,0.000000,0.000000,2.000000,678.408000,212.146000,,,,0.025000,
SP_R_Yoga_2,openpose,142,5.737117,ok,1,direct,0.597208,2,right_eye,0,0,0.000000,0.000000,0.000000,2.000000,658.819000,215.968000,,,,0.025000,
SP_R_Yoga_2,openpose,142,5.737117,ok,1,direct,0.597208,3,left_ear,0,0,0.000000,0.000000,0.000000,2.000000,692.120000,217.980000,,,,0.035000,
SP_R_Yoga_2,openpose,142,5.737117,ok,1,direct,0.597208,4,right_ear,0,0,0.000000,0.000000,0.000000,2.000000,646.969000,225.731000,,,,0.035000,
SP_R_Yoga_2,openpose,142,5.737117,ok,1,direct,0.597208,5,left_shoulder,1,1,2.000000,716.610000,274.010000,2.000000,715.622000,274.751000,1.235000,74.482684,1,0.079000,0.999119
SP_R_Yoga_2,openpose,142,5.737117,ok,1,direct,0.597208,6,right_shoulder,1,1,2.000000,629.420000,278.840000,2.000000,633.259000,278.692000,3.841852,74.482684,1,0.079000,0.991510
SP_R_Yoga_2,openpose,142,5.737117,ok,1,direct,0.597208,7,left_elbow,1,1,2.000000,769.810000,225.340000,2.000000,735.135000,335.517000,115.504662,74.482684,0,0.072000,0.000093
SP_R_Yoga_2,openpose,142,5.737117,ok,1,direct,0.597208,8,right_elbow,1,1,2.000000,572.970000,229.780000,2.000000,617.609000,343.338000,122.016637,74.482684,0,0.072000,0.000032
SP_R_Yoga_2,openpose,142,5.737117,ok,1,direct,0.597208,9,left_wrist,1,1,2.000000,817.070000,175.600000,2.000000,725.398000,386.463000,229.928163,74.482684,0,0.062000,0.000000
SP_R_Yoga_2,openpose,142,5.737117,ok,1,direct,0.597208,10,right_wrist,1,1,2.000000,526.470000,166.490000,0.000000,0.000000,0.000000,,74.482684,0,0.062000,0.000000
SP_R_Yoga_2,openpose,142,5.737117,ok,1,direct,0.597208,11,left_hip,1,1,2.000000,703.090000,397.570000,2.000000,709.669000,409.955000,14.023960,74.482684,1,0.107000,0.939950
SP_R_Yoga_2,openpose,142,5.737117,ok,1,direct,0.597208,12,right_hip,1,1,2.000000,647.840000,392.870000,2.000000,649.016000,411.908000,19.074287,74.482684,1,0.107000,0.891755
SP_R_Yoga_2,openpose,142,5.737117,ok,1,direct,0.597208,13,left_knee,1,1,2.000000,694.000000,525.990000,2.000000,694.016000,525.524000,0.466275,74.482684,1,0.087000,0.999896
SP_R_Yoga_2,openpose,142,5.737117,ok,1,direct,0.597208,14,right_knee,1,1,2.000000,630.420000,517.900000,2.000000,637.226000,521.630000,7.761091,74.482684,1,0.087000,0.971718
SP_R_Yoga_2,openpose,142,5.737117,ok,1,direct,0.597208,15,left_ankle,1,1,2.000000,674.810000,643.750000,2.000000,672.507000,633.249000,10.750573,74.482684,1,0.089000,0.948758
SP_R_Yoga_2,openpose,142,5.737117,ok,1,direct,0.597208,16,right_ankle,1,1,2.000000,644.150000,633.390000,2.000000,637.193000,627.407000,9.175845,74.482684,1,0.089000,0.962404
SP_R_Yoga_2,openpose,143,5.777520,ok,1,direct,0.644297,0,nose,1,1,2.000000,670.020000,223.730000,2.000000,668.528000,223.846000,1.496503,75.789778,1,0.026000,0.988531
SP_R_Yoga_2,openpose,143,5.777520,ok,1,direct,0.644297,1,left_eye,0,0,0.000000,0.000000,0.000000,2.000000,678.334000,212.132000,,,,0.025000,
SP_R_Yoga_2,openpose,143,5.777520,ok,1,direct,0.644297,2,right_eye,0,0,0.000000,0.000000,0.000000,2.000000,656.867000,215.962000,,,,0.025000,
SP_R_Yoga_2,openpose,143,5.777520,ok,1,direct,0.644297,3,left_ear,0,0,0.000000,0.000000,0.000000,2.000000,692.050000,219.941000,,,,0.035000,
SP_R_Yoga_2,openpose,143,5.777520,ok,1,direct,0.644297,4,right_ear,0,0,0.000000,0.000000,0.000000,2.000000,645.076000,225.805000,,,,0.035000,
SP_R_Yoga_2,openpose,143,5.777520,ok,1,direct,0.644297,5,left_shoulder,1,1,2.000000,716.210000,274.440000,2.000000,713.667000,268.864000,6.128509,75.789778,1,0.079000,0.979264
SP_R_Yoga_2,openpose,143,5.777520,ok,1,direct,0.644297,6,right_shoulder,1,1,2.000000,628.020000,278.430000,2.000000,629.417000,278.759000,1.435218,75.789778,1,0.079000,0.998851
SP_R_Yoga_2,openpose,143,5.777520,ok,1,direct,0.644297,7,left_elbow,1,1,2.000000,772.710000,228.710000,2.000000,774.386000,225.847000,3.317491,75.789778,1,0.072000,0.992635
SP_R_Yoga_2,openpose,143,5.777520,ok,1,direct,0.644297,8,right_elbow,1,1,2.000000,569.610000,233.380000,2.000000,617.602000,345.310000,121.784880,75.789778,0,0.072000,0.000047
SP_R_Yoga_2,openpose,143,5.777520,ok,1,direct,0.644297,9,left_wrist,1,1,2.000000,824.150000,183.260000,2.000000,817.476000,188.594000,8.543643,75.789778,1,0.062000,0.936022
SP_R_Yoga_2,openpose,143,5.777520,ok,1,direct,0.644297,10,right_wrist,1,1,2.000000,518.340000,174.160000,0.000000,0.000000,0.000000,,75.789778,0,0.062000,0.000000
SP_R_Yoga_2,openpose,143,5.777520,ok,1,direct,0.644297,11,left_hip,1,1,2.000000,702.930000,397.470000,2.000000,709.681000,409.994000,14.227669,75.789778,1,0.107000,0.940295
SP_R_Yoga_2,openpose,143,5.777520,ok,1,direct,0.644297,12,right_hip,1,1,2.000000,647.170000,392.870000,2.000000,648.974000,411.924000,19.139209,75.789778,1,0.107000,0.894580
SP_R_Yoga_2,openpose,143,5.777520,ok,1,direct,0.644297,13,left_knee,1,1,2.000000,694.020000,525.810000,2.000000,694.044000,527.466000,1.656174,75.789778,1,0.087000,0.998739
SP_R_Yoga_2,openpose,143,5.777520,ok,1,direct,0.644297,14,right_knee,1,1,2.000000,637.140000,521.530000,2.000000,639.216000,523.597000,2.929550,75.789778,1,0.087000,0.996060
SP_R_Yoga_2,openpose,143,5.777520,ok,1,direct,0.644297,15,left_ankle,1,1,2.000000,674.810000,643.740000,2.000000,674.404000,633.313000,10.434901,75.789778,1,0.089000,0.953264
SP_R_Yoga_2,openpose,143,5.777520,ok,1,direct,0.644297,16,right_ankle,1,1,2.000000,647.240000,642.250000,2.000000,641.164000,629.403000,14.211375,75.789778,1,0.089000,0.915050
SP_R_Yoga_2,openpose,144,5.817922,ok,1,direct,0.559903,0,nose,1,1,2.000000,669.310000,223.860000,2.000000,666.661000,223.886000,2.649128,76.342062,1,0.026000,0.965002
SP_R_Yoga_2,openpose,144,5.817922,ok,1,direct,0.559903,1,left_eye,0,0,0.000000,0.000000,0.000000,2.000000,678.346000,214.005000,,,,0.025000,
SP_R_Yoga_2,openpose,144,5.817922,ok,1,direct,0.559903,2,right_eye,0,0,0.000000,0.000000,0.000000,2.000000,658.712000,214.083000,,,,0.025000,
SP_R_Yoga_2,openpose,144,5.817922,ok,1,direct,0.559903,3,left_ear,0,0,0.000000,0.000000,0.000000,2.000000,692.052000,221.818000,,,,0.035000,
SP_R_Yoga_2,openpose,144,5.817922,ok,1,direct,0.559903,4,right_ear,0,0,0.000000,0.000000,0.000000,2.000000,645.107000,223.831000,,,,0.035000,
SP_R_Yoga_2,openpose,144,5.817922,ok,1,direct,0.559903,5,left_shoulder,1,1,2.000000,715.820000,274.870000,2.000000,715.611000,272.862000,2.018847,76.342062,1,0.079000,0.997761
SP_R_Yoga_2,openpose,144,5.817922,ok,1,direct,0.559903,6,right_shoulder,1,1,2.000000,626.610000,278.030000,2.000000,627.405000,278.735000,1.062568,76.342062,1,0.079000,0.999379
SP_R_Yoga_2,openpose,144,5.817922,ok,1,direct,0.559903,7,left_elbow,1,1,2.000000,773.920000,234.480000,2.000000,758.678000,255.154000,25.685265,76.342062,1,0.072000,0.646151
SP_R_Yoga_2,openpose,144,5.817922,ok,1,direct,0.559903,8,right_elbow,1,1,2.000000,565.100000,238.200000,2.000000,613.713000,345.320000,117.634681,76.342062,0,0.072000,0.000105
SP_R_Yoga_2,openpose,144,5.817922,ok,1,direct,0.559903,9,left_wrist,1,1,2.000000,827.240000,193.200000,2.000000,782.239000,227.787000,56.756943,76.342062,1,0.062000,0.056372
SP_R_Yoga_2,openpose,144,5.817922,ok,1,direct,0.559903,10,right_wrist,1,1,2.000000,510.880000,183.170000,2.000000,625.489000,406.039000,250.610882,76.342062,0,0.062000,0.000000
SP_R_Yoga_2,openpose,144,5.817922,ok,1,direct,0.559903,11,left_hip,1,1,2.000000,702.780000,397.370000,2.000000,707.772000,409.998000,13.578897,76.342062,1,0.107000,0.946233
SP_R_Yoga_2,openpose,144,5.817922,ok,1,direct,0.559903,12,right_hip,1,1,2.000000,646.910000,393.140000,2.000000,648.926000,411.935000,18.902811,76.342062,1,0.107000,0.898436
SP_R_Yoga_2,openpose,144,5.817922,ok,1,direct,0.559903,13,left_knee,1,1,2.000000,694.050000,525.630000,2.000000,693.973000,527.497000,1.868587,76.342062,1,0.087000,0.998418
SP_R_Yoga_2,openpose,144,5.817922,ok,1,direct,0.559903,14,right_knee,1,1,2.000000,637.940000,522.090000,2.000000,643.066000,525.509000,6.161610,76.342062,1,0.087000,0.982934
SP_R_Yoga_2,openpose,144,5.817922,ok,1,direct,0.559903,15,left_ankle,1,1,2.000000,674.810000,643.730000,2.000000,674.397000,635.244000,8.496044,76.342062,1,0.089000,0.969212
SP_R_Yoga_2,openpose,144,5.817922,ok,1,direct,0.559903,16,right_ankle,1,1,2.000000,648.520000,642.410000,2.000000,645.033000,631.363000,11.584273,76.342062,1,0.089000,0.943520
SP_R_Yoga_2,openpose,145,5.858324,ok,1,direct,0.545454,0,nose,1,1,2.000000,668.600000,223.990000,2.000000,666.576000,223.814000,2.031638,76.840859,1,0.026000,0.979530
SP_R_Yoga_2,openpose,145,5.858324,ok,1,direct,0.545454,1,left_eye,0,0,0.000000,0.000000,0.000000,2.000000,676.346000,212.119000,,,,0.025000,
SP_R_Yoga_2,openpose,145,5.858324,ok,1,direct,0.545454,2,right_eye,0,0,0.000000,0.000000,0.000000,2.000000,656.764000,214.119000,,,,0.025000,
SP_R_Yoga_2,openpose,145,5.858324,ok,1,direct,0.545454,3,left_ear,0,0,0.000000,0.000000,0.000000,2.000000,690.087000,218.001000,,,,0.035000,
SP_R_Yoga_2,openpose,145,5.858324,ok,1,direct,0.545454,4,right_ear,0,0,0.000000,0.000000,0.000000,2.000000,643.122000,225.725000,,,,0.035000,
SP_R_Yoga_2,openpose,145,5.858324,ok,1,direct,0.545454,5,left_shoulder,1,1,2.000000,715.420000,275.310000,2.000000,713.626000,268.947000,6.611067,76.840859,1,0.079000,0.976558
SP_R_Yoga_2,openpose,145,5.858324,ok,1,direct,0.545454,6,right_shoulder,1,1,2.000000,625.210000,277.630000,2.000000,625.492000,278.651000,1.059228,76.840859,1,0.079000,0.999391
SP_R_Yoga_2,openpose,145,5.858324,ok,1,direct,0.545454,7,left_elbow,1,1,2.000000,775.130000,240.260000,2.000000,731.290000,331.609000,101.324160,76.840859,0,0.072000,0.001221
SP_R_Yoga_2,openpose,145,5.858324,ok,1,direct,0.545454,8,right_elbow,1,1,2.000000,560.590000,243.020000,2.000000,611.769000,341.418000,110.911931,76.840859,0,0.072000,0.000323
SP_R_Yoga_2,openpose,145,5.858324,ok,1,direct,0.545454,9,left_wrist,1,1,2.000000,830.330000,203.140000,2.000000,725.330000,386.451000,211.253219,76.840859,0,0.062000,0.000000
SP_R_Yoga_2,openpose,145,5.858324,ok,1,direct,0.545454,10,right_wrist,1,1,2.000000,503.420000,192.190000,2.000000,623.518000,402.125000,241.859947,76.840859,0,0.062000,0.000000
SP_R_Yoga_2,openpose,145,5.858324,ok,1,direct,0.545454,11,left_hip,1,1,2.000000,702.620000,397.260000,2.000000,707.682000,409.939000,13.652138,76.840859,1,0.107000,0.946351
SP_R_Yoga_2,openpose,145,5.858324,ok,1,direct,0.545454,12,right_hip,1,1,2.000000,646.650000,393.400000,2.000000,648.922000,411.911000,18.649909,76.840859,1,0.107000,0.902214
SP_R_Yoga_2,openpose,145,5.858324,ok,1,direct,0.545454,13,left_knee,1,1,2.000000,694.080000,525.450000,2.000000,692.098000,527.491000,2.844996,76.840859,1,0.087000,0.996384
SP_R_Yoga_2,openpose,145,5.858324,ok,1,direct,0.545454,14,right_knee,1,1,2.000000,638.750000,522.660000,2.000000,645.030000,523.613000,6.351898,76.840859,1,0.087000,0.982106
SP_R_Yoga_2,openpose,145,5.858324,ok,1,direct,0.545454,15,left_ankle,1,1,2.000000,674.810000,643.730000,2.000000,674.433000,635.268000,8.470394,76.840859,1,0.089000,0.969785
SP_R_Yoga_2,openpose,145,5.858324,ok,1,direct,0.545454,16,right_ankle,1,1,2.000000,649.810000,642.570000,2.000000,645.104000,631.333000,12.182635,76.840859,1,0.089000,0.938505
SP_R_Yoga_2,openpose,146,5.898726,ok,1,direct,0.543250,0,nose,1,1,2.000000,667.880000,224.120000,2.000000,664.668000,221.860000,3.927409,77.286331,1,0.026000,0.926446
SP_R_Yoga_2,openpose,146,5.898726,ok,1,direct,0.543250,1,left_eye,0,0,0.000000,0.000000,0.000000,2.000000,674.452000,212.087000,,,,0.025000,
SP_R_Yoga_2,openpose,146,5.898726,ok,1,direct,0.543250,2,right_eye,0,0,0.000000,0.000000,0.000000,2.000000,654.862000,214.017000,,,,0.025000,
SP_R_Yoga_2,openpose,146,5.898726,ok,1,direct,0.543250,3,left_ear,0,0,0.000000,0.000000,0.000000,2.000000,688.215000,219.950000,,,,0.035000,
SP_R_Yoga_2,openpose,146,5.898726,ok,1,direct,0.543250,4,right_ear,0,0,0.000000,0.000000,0.000000,2.000000,643.129000,223.851000,,,,0.035000,
SP_R_Yoga_2,openpose,146,5.898726,ok,1,direct,0.543250,5,left_shoulder,1,1,2.000000,715.020000,275.740000,2.000000,713.632000,270.889000,5.045666,77.286331,1,0.079000,0.986434
SP_R_Yoga_2,openpose,146,5.898726,ok,1,direct,0.543250,6,right_shoulder,1,1,2.000000,623.800000,277.230000,2.000000,625.461000,276.767000,1.724323,77.286331,1,0.079000,0.998406
SP_R_Yoga_2,openpose,146,5.898726,ok,1,direct,0.543250,7,left_elbow,1,1,2.000000,776.340000,246.040000,2.000000,733.218000,333.510000,97.521832,77.286331,0,0.072000,0.002149
SP_R_Yoga_2,openpose,146,5.898726,ok,1,direct,0.543250,8,right_elbow,1,1,2.000000,556.080000,247.840000,2.000000,607.858000,341.372000,106.907419,77.286331,0,0.072000,0.000622
SP_R_Yoga_2,openpose,146,5.898726,ok,1,direct,0.543250,9,left_wrist,1,1,2.000000,833.420000,213.090000,2.000000,725.382000,386.427000,204.249663,77.286331,0,0.062000,0.000000
SP_R_Yoga_2,openpose,146,5.898726,ok,1,direct,0.543250,10,right_wrist,1,1,2.000000,495.960000,201.210000,2.000000,623.496000,404.077000,239.625648,77.286331,0,0.062000,0.000000
SP_R_Yoga_2,openpose,146,5.898726,ok,1,direct,0.543250,11,left_hip,1,1,2.000000,702.460000,397.160000,2.000000,705.832000,409.960000,13.236706,77.286331,1,0.107000,0.950050
SP_R_Yoga_2,openpose,146,5.898726,ok,1,direct,0.543250,12,right_hip,1,1,2.000000,646.390000,393.670000,2.000000,647.051000,411.916000,18.257969,77.286331,1,0.107000,0.907111
SP_R_Yoga_2,openpose,146,5.898726,ok,1,direct,0.543250,13,left_knee,1,1,2.000000,694.110000,525.270000,2.000000,692.037000,529.423000,4.641631,77.286331,1,0.087000,0.990515
SP_R_Yoga_2,openpose,146,5.898726,ok,1,direct,0.543250,14,right_knee,1,1,2.000000,639.550000,523.220000,2.000000,646.942000,525.513000,7.739478,77.286331,1,0.087000,0.973850
SP_R_Yoga_2,openpose,146,5.898726,ok,1,direct,0.543250,15,left_ankle,1,1,2.000000,674.810000,643.720000,2.000000,674.465000,639.139000,4.593973,77.286331,1,0.089000,0.991119
SP_R_Yoga_2,openpose,146,5.898726,ok,1,direct,0.543250,16,right_ankle,1,1,2.000000,651.090000,642.730000,2.000000,647.048000,633.294000,10.265274,77.286331,1,0.089000,0.956434
SP_R_Yoga_2,openpose,147,5.939129,ok,1,direct,0.553174,0,nose,1,1,2.000000,667.170000,224.250000,2.000000,662.744000,223.819000,4.446936,77.681106,1,0.026000,0.907596
SP_R_Yoga_2,openpose,147,5.939129,ok,1,direct,0.553174,1,left_eye,0,0,0.000000,0.000000,0.000000,2.000000,672.507000,212.144000,,,,0.025000,
SP_R_Yoga_2,openpose,147,5.939129,ok,1,direct,0.553174,2,right_eye,0,0,0.000000,0.000000,0.000000,2.000000,652.898000,214.075000,,,,0.025000,
SP_R_Yoga_2,openpose,147,5.939129,ok,1,direct,0.553174,3,left_ear,0,0,0.000000,0.000000,0.000000,2.000000,690.064000,217.974000,,,,0.035000,
SP_R_Yoga_2,openpose,147,5.939129,ok,1,direct,0.553174,4,right_ear,0,0,0.000000,0.000000,0.000000,2.000000,639.191000,221.905000,,,,0.035000,
SP_R_Yoga_2,openpose,147,5.939129,ok,1,direct,0.553174,5,left_shoulder,1,1,2.000000,714.620000,276.170000,2.000000,713.578000,270.813000,5.457400,77.681106,1,0.079000,0.984308
SP_R_Yoga_2,openpose,147,5.939129,ok,1,direct,0.553174,6,right_shoulder,1,1,2.000000,622.400000,276.830000,2.000000,623.547000,274.841000,2.296025,77.681106,1,0.079000,0.997204
SP_R_Yoga_2,openpose,147,5.939129,ok,1,direct,0.553174,7,left_elbow,1,1,2.000000,777.550000,251.810000,2.000000,756.694000,259.122000,22.100635,77.681106,1,0.072000,0.731777
SP_R_Yoga_2,openpose,147,5.939129,ok,1,direct,0.553174,8,right_elbow,1,1,2.000000,551.570000,252.660000,2.000000,611.703000,345.287000,110.434319,77.681106,0,0.072000,0.000411
SP_R_Yoga_2,openpose,147,5.939129,ok,1,direct,0.553174,9,left_wrist,1,1,2.000000,836.510000,223.030000,2.000000,780.225000,251.230000,62.954279,77.681106,1,0.062000,0.032805
SP_R_Yoga_2,openpose,147,5.939129,ok,1,direct,0.553174,10,right_wrist,1,1,2.000000,488.500000,210.220000,2.000000,619.605000,404.090000,234.038668,77.681106,0,0.062000,0.000000
SP_R_Yoga_2,openpose,147,5.939129,ok,1,direct,0.553174,11,left_hip,1,1,2.000000,702.300000,397.050000,2.000000,705.808000,411.890000,15.248989,77.681106,1,0.107000,0.934900
SP_R_Yoga_2,openpose,147,5.939129,ok,1,direct,0.553174,12,right_hip,1,1,2.000000,646.130000,393.930000,2.000000,647.027000,413.879000,19.969156,77.681106,1,0.107000,0.890975
SP_R_Yoga_2,openpose,147,5.939129,ok,1,direct,0.553174,13,left_knee,1,1,2.000000,694.140000,525.090000,2.000000,692.109000,529.447000,4.807121,77.681106,1,0.087000,0.989932
SP_R_Yoga_2,openpose,147,5.939129,ok,1,direct,0.553174,14,right_knee,1,1,2.000000,640.350000,523.780000,2.000000,646.985000,525.543000,6.865231,77.681106,1,0.087000,0.979573
SP_R_Yoga_2,openpose,147,5.939129,ok,1,direct,0.553174,15,left_ankle,1,1,2.000000,674.810000,643.710000,2.000000,676.424000,639.194000,4.795754,77.681106,1,0.089000,0.990423
SP_R_Yoga_2,openpose,147,5.939129,ok,1,direct,0.553174,16,right_ankle,1,1,2.000000,652.370000,642.890000,2.000000,648.929000,633.336000,10.154772,77.681106,1,0.089000,0.957770
SP_R_Yoga_2,openpose,148,5.979531,ok,1,direct,0.622034,0,nose,1,1,2.000000,666.370000,225.450000,2.000000,664.571000,223.796000,2.443792,76.336254,1,0.026000,0.970134
SP_R_Yoga_2,openpose,148,5.979531,ok,1,direct,0.622034,1,left_eye,0,0,0.000000,0.000000,0.000000,2.000000,672.484000,212.135000,,,,0.025000,
SP_R_Yoga_2,openpose,148,5.979531,ok,1,direct,0.622034,2,right_eye,0,0,0.000000,0.000000,0.000000,2.000000,652.896000,214.059000,,,,0.025000,
SP_R_Yoga_2,openpose,148,5.979531,ok,1,direct,0.622034,3,left_ear,0,0,0.000000,0.000000,0.000000,2.000000,686.236000,218.015000,,,,0.035000,
SP_R_Yoga_2,openpose,148,5.979531,ok,1,direct,0.622034,4,right_ear,0,0,0.000000,0.000000,0.000000,2.000000,639.169000,223.770000,,,,0.035000,
SP_R_Yoga_2,openpose,148,5.979531,ok,1,direct,0.622034,5,left_shoulder,1,1,2.000000,714.220000,276.600000,2.000000,709.749000,270.809000,7.316114,76.336254,1,0.079000,0.970993
SP_R_Yoga_2,openpose,148,5.979531,ok,1,direct,0.622034,6,right_shoulder,1,1,2.000000,621.320000,277.370000,2.000000,625.434000,274.842000,4.828642,76.336254,1,0.079000,0.987260
SP_R_Yoga_2,openpose,148,5.979531,ok,1,direct,0.622034,7,left_elbow,1,1,2.000000,777.550000,259.440000,0.000000,0.000000,0.000000,,76.336254,0,0.072000,0.000000
SP_R_Yoga_2,openpose,148,5.979531,ok,1,direct,0.622034,8,right_elbow,1,1,2.000000,547.960000,256.270000,2.000000,609.827000,343.356000,106.824609,76.336254,0,0.072000,0.000523
SP_R_Yoga_2,openpose,148,5.979531,ok,1,direct,0.622034,9,left_wrist,1,1,2.000000,830.490000,243.100000,0.000000,0.000000,0.000000,,76.336254,0,0.062000,0.000000
SP_R_Yoga_2,openpose,148,5.979531,ok,1,direct,0.622034,10,right_wrist,1,1,2.000000,484.480000,222.670000,2.000000,623.474000,398.227000,223.918718,76.336254,0,0.062000,0.000000
SP_R_Yoga_2,openpose,148,5.979531,ok,1,direct,0.622034,11,left_hip,1,1,2.000000,702.140000,396.950000,2.000000,705.772000,411.913000,15.397493,76.336254,1,0.107000,0.931394
SP_R_Yoga_2,openpose,148,5.979531,ok,1,direct,0.622034,12,right_hip,1,1,2.000000,645.870000,394.200000,2.000000,647.035000,413.890000,19.724435,76.336254,1,0.107000,0.889914
SP_R_Yoga_2,openpose,148,5.979531,ok,1,direct,0.622034,13,left_knee,1,1,2.000000,694.160000,524.910000,2.000000,692.101000,527.532000,3.333821,76.336254,1,0.087000,0.994973
SP_R_Yoga_2,openpose,148,5.979531,ok,1,direct,0.622034,14,right_knee,1,1,2.000000,641.150000,524.340000,2.000000,646.991000,525.523000,5.959595,76.336254,1,0.087000,0.984024
SP_R_Yoga_2,openpose,148,5.979531,ok,1,direct,0.622034,15,left_ankle,1,1,2.000000,674.810000,643.700000,2.000000,676.380000,637.225000,6.662621,76.336254,1,0.089000,0.980949
SP_R_Yoga_2,openpose,148,5.979531,ok,1,direct,0.622034,16,right_ankle,1,1,2.000000,653.660000,643.060000,2.000000,650.876000,633.351000,10.100264,76.336254,1,0.089000,0.956760
SP_R_Yoga_2,openpose,149,6.019933,ok,1,gt_bbox_iou,0.607017,0,nose,1,1,2.000000,665.070000,224.710000,2.000000,662.705000,221.819000,3.735118,76.912254,1,0.026000,0.932603
SP_R_Yoga_2,openpose,149,6.019933,ok,1,gt_bbox_iou,0.607017,1,left_eye,0,0,0.000000,0.000000,0.000000,2.000000,670.580000,212.023000,,,,0.025000,
SP_R_Yoga_2,openpose,149,6.019933,ok,1,gt_bbox_iou,0.607017,2,right_eye,0,0,0.000000,0.000000,0.000000,2.000000,652.848000,212.132000,,,,0.025000,
SP_R_Yoga_2,openpose,149,6.019933,ok,1,gt_bbox_iou,0.607017,3,left_ear,0,0,0.000000,0.000000,0.000000,2.000000,686.183000,219.944000,,,,0.035000,
SP_R_Yoga_2,openpose,149,6.019933,ok,1,gt_bbox_iou,0.607017,4,right_ear,0,0,0.000000,0.000000,0.000000,2.000000,639.233000,223.815000,,,,0.035000,
SP_R_Yoga_2,openpose,149,6.019933,ok,1,gt_bbox_iou,0.607017,5,left_shoulder,1,1,2.000000,713.820000,277.030000,2.000000,707.773000,270.828000,8.662044,76.912254,1,0.079000,0.960168
SP_R_Yoga_2,openpose,149,6.019933,ok,1,gt_bbox_iou,0.607017,6,right_shoulder,1,1,2.000000,620.230000,277.910000,2.000000,621.539000,276.717000,1.771082,76.912254,1,0.079000,0.998302
SP_R_Yoga_2,openpose,149,6.019933,ok,1,gt_bbox_iou,0.607017,7,left_elbow,1,1,2.000000,776.430000,265.200000,0.000000,0.000000,0.000000,,76.912254,0,0.072000,0.000000
SP_R_Yoga_2,openpose,149,6.019933,ok,1,gt_bbox_iou,0.607017,8,right_elbow,1,1,2.000000,544.900000,263.610000,2.000000,605.892000,345.269000,101.922600,76.912254,0,0.072000,0.001142
SP_R_Yoga_2,openpose,149,6.019933,ok,1,gt_bbox_iou,0.607017,9,left_wrist,1,1,2.000000,830.580000,253.320000,0.000000,0.000000,0.000000,,76.912254,0,0.062000,0.000000
SP_R_Yoga_2,openpose,149,6.019933,ok,1,gt_bbox_iou,0.607017,10,right_wrist,1,1,2.000000,477.610000,236.140000,2.000000,619.609000,404.062000,219.912515,76.912254,0,0.062000,0.000000
SP_R_Yoga_2,openpose,149,6.019933,ok,1,gt_bbox_iou,0.607017,11,left_hip,1,1,2.000000,701.260000,396.700000,2.000000,703.813000,409.935000,13.478985,76.912254,1,0.107000,0.947762
SP_R_Yoga_2,openpose,149,6.019933,ok,1,gt_bbox_iou,0.607017,12,right_hip,1,1,2.000000,644.390000,394.380000,2.000000,645.050000,413.872000,19.503171,76.912254,1,0.107000,0.893752
SP_R_Yoga_2,openpose,149,6.019933,ok,1,gt_bbox_iou,0.607017,13,left_knee,1,1,2.000000,694.320000,524.430000,2.000000,692.086000,527.535000,3.825151,76.912254,1,0.087000,0.993486
SP_R_Yoga_2,openpose,149,6.019933,ok,1,gt_bbox_iou,0.607017,14,right_knee,1,1,2.000000,641.150000,523.540000,2.000000,646.958000,527.485000,7.021103,76.912254,1,0.087000,0.978221
SP_R_Yoga_2,openpose,149,6.019933,ok,1,gt_bbox_iou,0.607017,15,left_ankle,1,1,2.000000,674.810000,643.690000,2.000000,674.456000,637.228000,6.471689,76.912254,1,0.089000,0.982282
SP_R_Yoga_2,openpose,149,6.019933,ok,1,gt_bbox_iou,0.607017,16,right_ankle,1,1,2.000000,653.660000,643.030000,2.000000,650.943000,633.325000,10.078150,76.912254,1,0.089000,0.957573
SP_R_Yoga_2,openpose,150,6.060335,ok,1,direct,0.533796,0,nose,1,1,2.000000,663.770000,223.970000,2.000000,662.625000,219.932000,4.197198,77.735556,1,0.026000,0.917364
SP_R_Yoga_2,openpose,150,6.060335,ok,1,direct,0.533796,1,left_eye,0,0,0.000000,0.000000,0.000000,2.000000,668.607000,210.163000,,,,0.025000,
SP_R_Yoga_2,openpose,150,6.060335,ok,1,direct,0.533796,2,right_eye,0,0,0.000000,0.000000,0.000000,2.000000,650.974000,212.143000,,,,0.025000,
SP_R_Yoga_2,openpose,150,6.060335,ok,1,direct,0.533796,3,left_ear,0,0,0.000000,0.000000,0.000000,2.000000,682.322000,218.007000,,,,0.035000,
SP_R_Yoga_2,openpose,150,6.060335,ok,1,direct,0.533796,4,right_ear,0,0,0.000000,0.000000,0.000000,2.000000,639.226000,223.836000,,,,0.035000,
SP_R_Yoga_2,openpose,150,6.060335,ok,1,direct,0.533796,5,left_shoulder,1,1,2.000000,713.430000,277.460000,2.000000,709.652000,272.785000,6.010733,77.735556,1,0.079000,0.981023
SP_R_Yoga_2,openpose,150,6.060335,ok,1,direct,0.533796,6,right_shoulder,1,1,2.000000,619.150000,278.450000,2.000000,623.517000,276.701000,4.704220,77.735556,1,0.079000,0.988333
SP_R_Yoga_2,openpose,150,6.060335,ok,1,direct,0.533796,7,left_elbow,1,1,2.000000,775.320000,270.960000,2.000000,727.331000,341.375000,85.212771,77.735556,0,0.072000,0.009697
SP_R_Yoga_2,openpose,150,6.060335,ok,1,direct,0.533796,8,right_elbow,1,1,2.000000,541.830000,270.950000,2.000000,609.778000,343.340000,99.283648,77.735556,0,0.072000,0.001849
SP_R_Yoga_2,openpose,150,6.060335,ok,1,direct,0.533796,9,left_wrist,1,1,2.000000,830.670000,263.540000,2.000000,721.466000,388.385000,165.866777,77.735556,0,0.062000,0.000000
SP_R_Yoga_2,openpose,150,6.060335,ok,1,direct,0.533796,10,right_wrist,1,1,2.000000,470.730000,249.610000,2.000000,617.673000,402.100000,211.767432,77.735556,0,0.062000,0.000000
SP_R_Yoga_2,openpose,150,6.060335,ok,1,direct,0.533796,11,left_hip,1,1,2.000000,700.390000,396.450000,2.000000,703.815000,409.984000,13.960651,77.735556,1,0.107000,0.945216
SP_R_Yoga_2,openpose,150,6.060335,ok,1,direct,0.533796,12,right_hip,1,1,2.000000,642.900000,394.570000,2.000000,645.028000,413.843000,19.390124,77.735556,1,0.107000,0.897010
SP_R_Yoga_2,openpose,150,6.060335,ok,1,direct,0.533796,13,left_knee,1,1,2.000000,694.480000,523.950000,2.000000,688.199000,527.508000,7.218748,77.735556,1,0.087000,0.977471
SP_R_Yoga_2,openpose,150,6.060335,ok,1,direct,0.533796,14,right_knee,1,1,2.000000,641.150000,522.740000,2.000000,645.099000,529.448000,7.784078,77.735556,1,0.087000,0.973853
SP_R_Yoga_2,openpose,150,6.060335,ok,1,direct,0.533796,15,left_ankle,1,1,2.000000,674.810000,643.680000,2.000000,670.480000,639.143000,6.271624,77.735556,1,0.089000,0.983699
SP_R_Yoga_2,openpose,150,6.060335,ok,1,direct,0.533796,16,right_ankle,1,1,2.000000,653.660000,643.000000,2.000000,652.931000,635.277000,7.757330,77.735556,1,0.089000,0.975169
SP_R_Yoga_2,openpose,151,6.100738,ok,1,direct,0.559856,0,nose,1,1,2.000000,662.470000,223.220000,2.000000,660.725000,219.906000,3.745347,78.554689,1,0.026000,0.934957
SP_R_Yoga_2,openpose,151,6.100738,ok,1,direct,0.559856,1,left_eye,0,0,0.000000,0.000000,0.000000,2.000000,668.558000,210.146000,,,,0.025000,
SP_R_Yoga_2,openpose,151,6.100738,ok,1,direct,0.559856,2,right_eye,0,0,0.000000,0.000000,0.000000,2.000000,650.892000,212.074000,,,,0.025000,
SP_R_Yoga_2,openpose,151,6.100738,ok,1,direct,0.559856,3,left_ear,0,0,0.000000,0.000000,0.000000,2.000000,682.249000,217.979000,,,,0.035000,
SP_R_Yoga_2,openpose,151,6.100738,ok,1,direct,0.559856,4,right_ear,0,0,0.000000,0.000000,0.000000,2.000000,637.268000,221.923000,,,,0.035000,
SP_R_Yoga_2,openpose,151,6.100738,ok,1,direct,0.559856,5,left_shoulder,1,1,2.000000,713.030000,277.890000,2.000000,703.805000,272.754000,10.558367,78.554689,1,0.079000,0.943751
SP_R_Yoga_2,openpose,151,6.100738,ok,1,direct,0.559856,6,right_shoulder,1,1,2.000000,618.060000,279.000000,2.000000,621.570000,276.689000,4.202478,78.554689,1,0.079000,0.990870
SP_R_Yoga_2,openpose,151,6.100738,ok,1,direct,0.559856,7,left_elbow,1,1,2.000000,774.200000,276.720000,2.000000,721.469000,337.484000,80.453850,78.554689,0,0.072000,0.017478
SP_R_Yoga_2,openpose,151,6.100738,ok,1,direct,0.559856,8,right_elbow,1,1,2.000000,538.770000,278.290000,2.000000,607.858000,343.364000,94.909311,78.554689,0,0.072000,0.003583
SP_R_Yoga_2,openpose,151,6.100738,ok,1,direct,0.559856,9,left_wrist,1,1,2.000000,830.770000,273.750000,2.000000,719.475000,386.449000,158.390788,78.554689,0,0.062000,0.000000
SP_R_Yoga_2,openpose,151,6.100738,ok,1,direct,0.559856,10,right_wrist,1,1,2.000000,463.860000,263.080000,2.000000,621.588000,404.076000,211.560852,78.554689,0,0.062000,0.000000
SP_R_Yoga_2,openpose,151,6.100738,ok,1,direct,0.559856,11,left_hip,1,1,2.000000,699.520000,396.200000,2.000000,701.899000,411.915000,15.894051,78.554689,1,0.107000,0.930984
SP_R_Yoga_2,openpose,151,6.100738,ok,1,direct,0.559856,12,right_hip,1,1,2.000000,641.420000,394.760000,2.000000,645.065000,413.891000,19.475143,78.554689,1,0.107000,0.898194
SP_R_Yoga_2,openpose,151,6.100738,ok,1,direct,0.559856,13,left_knee,1,1,2.000000,694.650000,523.470000,2.000000,690.082000,527.514000,6.100866,78.554689,1,0.087000,0.984188
SP_R_Yoga_2,openpose,151,6.100738,ok,1,direct,0.559856,14,right_knee,1,1,2.000000,641.150000,521.930000,2.000000,646.992000,527.523000,8.087683,78.554689,1,0.087000,0.972380
SP_R_Yoga_2,openpose,151,6.100738,ok,1,direct,0.559856,15,left_ankle,1,1,2.000000,674.810000,643.680000,2.000000,670.520000,637.187000,7.782233,78.554689,1,0.089000,0.975524
SP_R_Yoga_2,openpose,151,6.100738,ok,1,direct,0.559856,16,right_ankle,1,1,2.000000,653.660000,642.970000,2.000000,654.860000,635.233000,7.829506,78.554689,1,0.089000,0.975229
SP_R_Yoga_2,openpose,152,6.141140,ok,1,direct,0.564354,0,nose,1,1,2.000000,661.170000,222.480000,2.000000,658.742000,221.834000,2.512469,79.366118,1,0.026000,0.970786
SP_R_Yoga_2,openpose,152,6.141140,ok,1,direct,0.564354,1,left_eye,0,0,0.000000,0.000000,0.000000,2.000000,666.612000,212.032000,,,,0.025000,
SP_R_Yoga_2,openpose,152,6.141140,ok,1,direct,0.564354,2,right_eye,0,0,0.000000,0.000000,0.000000,2.000000,649.011000,212.133000,,,,0.025000,
SP_R_Yoga_2,openpose,152,6.141140,ok,1,direct,0.564354,3,left_ear,0,0,0.000000,0.000000,0.000000,2.000000,680.371000,217.972000,,,,0.035000,
SP_R_Yoga_2,openpose,152,6.141140,ok,1,direct,0.564354,4,right_ear,0,0,0.000000,0.000000,0.000000,2.000000,639.136000,221.916000,,,,0.035000,
SP_R_Yoga_2,openpose,152,6.141140,ok,1,direct,0.564354,5,left_shoulder,1,1,2.000000,712.630000,278.320000,2.000000,703.878000,272.802000,10.346295,79.366118,1,0.079000,0.946997
SP_R_Yoga_2,openpose,152,6.141140,ok,1,direct,0.564354,6,right_shoulder,1,1,2.000000,616.980000,279.540000,2.000000,623.463000,274.818000,8.020385,79.366118,1,0.079000,0.967803
SP_R_Yoga_2,openpose,152,6.141140,ok,1,direct,0.564354,7,left_elbow,1,1,2.000000,773.090000,282.480000,2.000000,725.406000,337.486000,72.797142,79.366118,1,0.072000,0.038937
SP_R_Yoga_2,openpose,152,6.141140,ok,1,direct,0.564354,8,right_elbow,1,1,2.000000,535.700000,285.630000,2.000000,607.875000,343.324000,92.400369,79.366118,0,0.072000,0.005357
SP_R_Yoga_2,openpose,152,6.141140,ok,1,direct,0.564354,9,left_wrist,1,1,2.000000,830.860000,283.970000,2.000000,717.520000,388.438000,154.141229,79.366118,0,0.062000,0.000000
SP_R_Yoga_2,openpose,152,6.141140,ok,1,direct,0.564354,10,right_wrist,1,1,2.000000,456.980000,276.550000,2.000000,625.426000,400.156000,208.931803,79.366118,0,0.062000,0.000000
SP_R_Yoga_2,openpose,152,6.141140,ok,1,direct,0.564354,11,left_hip,1,1,2.000000,698.650000,395.950000,2.000000,701.860000,413.840000,18.175704,79.366118,1,0.107000,0.912455
SP_R_Yoga_2,openpose,152,6.141140,ok,1,direct,0.564354,12,right_hip,1,1,2.000000,639.930000,394.940000,2.000000,645.072000,415.794000,21.478582,79.366118,1,0.107000,0.879907
SP_R_Yoga_2,openpose,152,6.141140,ok,1,direct,0.564354,13,left_knee,1,1,2.000000,694.810000,522.980000,2.000000,688.167000,529.424000,9.254976,79.366118,1,0.087000,0.964707
SP_R_Yoga_2,openpose,152,6.141140,ok,1,direct,0.564354,14,right_knee,1,1,2.000000,641.150000,521.130000,2.000000,646.962000,529.477000,10.171123,79.366118,1,0.087000,0.957531
SP_R_Yoga_2,openpose,152,6.141140,ok,1,direct,0.564354,15,left_ankle,1,1,2.000000,674.810000,643.670000,2.000000,670.501000,637.193000,7.779397,79.366118,1,0.089000,0.976033
SP_R_Yoga_2,openpose,152,6.141140,ok,1,direct,0.564354,16,right_ankle,1,1,2.000000,653.660000,642.950000,2.000000,654.816000,635.261000,7.775414,79.366118,1,0.089000,0.976057
SP_R_Yoga_2,openpose,153,6.181542,ok,1,direct,0.568886,0,nose,1,1,2.000000,659.870000,221.740000,2.000000,656.815000,221.896000,3.058980,80.170821,1,0.026000,0.957842
SP_R_Yoga_2,openpose,153,6.181542,ok,1,direct,0.568886,1,left_eye,0,0,0.000000,0.000000,0.000000,2.000000,664.697000,212.057000,,,,0.025000,
SP_R_Yoga_2,openpose,153,6.181542,ok,1,direct,0.568886,2,right_eye,0,0,0.000000,0.000000,0.000000,2.000000,648.912000,214.004000,,,,0.025000,
SP_R_Yoga_2,openpose,153,6.181542,ok,1,direct,0.568886,3,left_ear,0,0,0.000000,0.000000,0.000000,2.000000,680.307000,217.950000,,,,0.035000,
SP_R_Yoga_2,openpose,153,6.181542,ok,1,direct,0.568886,4,right_ear,0,0,0.000000,0.000000,0.000000,2.000000,637.220000,223.766000,,,,0.035000,
SP_R_Yoga_2,openpose,153,6.181542,ok,1,direct,0.568886,5,left_shoulder,1,1,2.000000,712.230000,278.760000,2.000000,699.968000,270.892000,14.569216,80.170821,1,0.079000,0.899576
SP_R_Yoga_2,openpose,153,6.181542,ok,1,direct,0.568886,6,right_shoulder,1,1,2.000000,615.900000,280.080000,2.000000,621.516000,274.844000,7.678226,80.170821,1,0.079000,0.971033
SP_R_Yoga_2,openpose,153,6.181542,ok,1,direct,0.568886,7,left_elbow,1,1,2.000000,771.970000,288.240000,2.000000,723.424000,333.546000,66.402920,80.170821,1,0.072000,0.070884
SP_R_Yoga_2,openpose,153,6.181542,ok,1,direct,0.568886,8,right_elbow,1,1,2.000000,532.630000,292.960000,2.000000,605.874000,341.407000,87.816828,80.170821,0,0.072000,0.009764
SP_R_Yoga_2,openpose,153,6.181542,ok,1,direct,0.568886,9,left_wrist,1,1,2.000000,830.950000,294.190000,2.000000,719.472000,388.380000,145.942114,80.170821,0,0.062000,0.000000
SP_R_Yoga_2,openpose,153,6.181542,ok,1,direct,0.568886,10,right_wrist,1,1,2.000000,450.110000,290.010000,2.000000,617.621000,402.107000,201.558112,80.170821,0,0.062000,0.000000
SP_R_Yoga_2,openpose,153,6.181542,ok,1,direct,0.568886,11,left_hip,1,1,2.000000,697.780000,395.700000,2.000000,699.867000,411.942000,16.375535,80.170821,1,0.107000,0.929710
SP_R_Yoga_2,openpose,153,6.181542,ok,1,direct,0.568886,12,right_hip,1,1,2.000000,638.440000,395.130000,2.000000,645.009000,415.791000,21.680145,80.170821,1,0.107000,0.880075
SP_R_Yoga_2,openpose,153,6.181542,ok,1,direct,0.568886,13,left_knee,1,1,2.000000,694.970000,522.500000,2.000000,686.260000,527.507000,10.046599,80.170821,1,0.087000,0.959354
SP_R_Yoga_2,openpose,153,6.181542,ok,1,direct,0.568886,14,right_knee,1,1,2.000000,641.150000,520.330000,2.000000,646.963000,527.525000,9.249810,80.170821,1,0.087000,0.965437
SP_R_Yoga_2,openpose,153,6.181542,ok,1,direct,0.568886,15,left_ankle,1,1,2.000000,674.810000,643.660000,2.000000,670.503000,635.267000,9.433594,80.170821,1,0.089000,0.965644
SP_R_Yoga_2,openpose,153,6.181542,ok,1,direct,0.568886,16,right_ankle,1,1,2.000000,653.660000,642.920000,2.000000,652.909000,635.237000,7.719617,80.170821,1,0.089000,0.976861
SP_R_Yoga_2,openpose,154,6.221944,ok,1,direct,0.556097,0,nose,1,1,2.000000,659.070000,221.640000,2.000000,652.922000,221.831000,6.150966,79.441213,1,0.026000,0.837471
SP_R_Yoga_2,openpose,154,6.221944,ok,1,direct,0.556097,1,left_eye,0,0,0.000000,0.000000,0.000000,2.000000,662.718000,210.143000,,,,0.025000,
SP_R_Yoga_2,openpose,154,6.221944,ok,1,direct,0.556097,2,right_eye,0,0,0.000000,0.000000,0.000000,2.000000,645.052000,212.112000,,,,0.025000,
SP_R_Yoga_2,openpose,154,6.221944,ok,1,direct,0.556097,3,left_ear,0,0,0.000000,0.000000,0.000000,2.000000,678.405000,215.952000,,,,0.035000,
SP_R_Yoga_2,openpose,154,6.221944,ok,1,direct,0.556097,4,right_ear,0,0,0.000000,0.000000,0.000000,2.000000,635.301000,221.851000,,,,0.035000,
SP_R_Yoga_2,openpose,154,6.221944,ok,1,direct,0.556097,5,left_shoulder,1,1,2.000000,710.000000,279.800000,2.000000,701.857000,270.857000,12.094862,79.441213,1,0.079000,0.928409
SP_R_Yoga_2,openpose,154,6.221944,ok,1,direct,0.556097,6,right_shoulder,1,1,2.000000,613.750000,280.260000,2.000000,619.645000,274.765000,8.058911,79.441213,1,0.079000,0.967559
SP_R_Yoga_2,openpose,154,6.221944,ok,1,direct,0.556097,7,left_elbow,1,1,2.000000,773.040000,298.280000,2.000000,723.441000,331.557000,59.727879,79.441213,1,0.072000,0.112945
SP_R_Yoga_2,openpose,154,6.221944,ok,1,direct,0.556097,8,right_elbow,1,1,2.000000,537.470000,301.740000,2.000000,603.952000,339.415000,76.415064,79.441213,1,0.072000,0.028164
SP_R_Yoga_2,openpose,154,6.221944,ok,1,direct,0.556097,9,left_wrist,1,1,2.000000,830.420000,306.640000,2.000000,715.592000,386.445000,139.836718,79.441213,0,0.062000,0.000000
SP_R_Yoga_2,openpose,154,6.221944,ok,1,direct,0.556097,10,right_wrist,1,1,2.000000,456.560000,307.930000,2.000000,613.696000,400.188000,182.217620,79.441213,0,0.062000,0.000000
SP_R_Yoga_2,openpose,154,6.221944,ok,1,direct,0.556097,11,left_hip,1,1,2.000000,697.380000,395.030000,2.000000,699.862000,411.909000,17.060509,79.441213,1,0.107000,0.922594
SP_R_Yoga_2,openpose,154,6.221944,ok,1,direct,0.556097,12,right_hip,1,1,2.000000,637.790000,395.030000,2.000000,643.055000,413.872000,19.563772,79.441213,1,0.107000,0.899475
SP_R_Yoga_2,openpose,154,6.221944,ok,1,direct,0.556097,13,left_knee,1,1,2.000000,694.550000,522.500000,2.000000,686.240000,527.512000,9.704445,79.441213,1,0.087000,0.961336
SP_R_Yoga_2,openpose,154,6.221944,ok,1,direct,0.556097,14,right_knee,1,1,2.000000,641.150000,520.290000,2.000000,646.947000,529.433000,10.825879,79.441213,1,0.087000,0.952113
SP_R_Yoga_2,openpose,154,6.221944,ok,1,direct,0.556097,15,left_ankle,1,1,2.000000,674.810000,643.650000,2.000000,670.474000,637.193000,7.777772,79.441213,1,0.089000,0.976088
SP_R_Yoga_2,openpose,154,6.221944,ok,1,direct,0.556097,16,right_ankle,1,1,2.000000,653.660000,642.890000,2.000000,656.773000,637.193000,6.492040,79.441213,1,0.089000,0.983279
SP_R_Yoga_2,openpose,155,6.262346,ok,1,direct,0.581223,0,nose,1,1,2.000000,658.270000,221.540000,2.000000,652.914000,219.866000,5.611507,78.703450,1,0.026000,0.860362
SP_R_Yoga_2,openpose,155,6.262346,ok,1,direct,0.581223,1,left_eye,0,0,0.000000,0.000000,0.000000,2.000000,662.706000,210.068000,,,,0.025000,
SP_R_Yoga_2,openpose,155,6.262346,ok,1,direct,0.581223,2,right_eye,0,0,0.000000,0.000000,0.000000,2.000000,645.027000,212.016000,,,,0.025000,
SP_R_Yoga_2,openpose,155,6.262346,ok,1,direct,0.581223,3,left_ear,0,0,0.000000,0.000000,0.000000,2.000000,678.367000,216.031000,,,,0.035000,
SP_R_Yoga_2,openpose,155,6.262346,ok,1,direct,0.581223,4,right_ear,0,0,0.000000,0.000000,0.000000,2.000000,635.200000,221.890000,,,,0.035000,
SP_R_Yoga_2,openpose,155,6.262346,ok,1,direct,0.581223,5,left_shoulder,1,1,2.000000,707.760000,280.840000,2.000000,699.926000,270.900000,12.656032,78.703450,1,0.079000,0.920473
SP_R_Yoga_2,openpose,155,6.262346,ok,1,direct,0.581223,6,right_shoulder,1,1,2.000000,611.600000,280.440000,2.000000,615.709000,278.648000,4.482761,78.703450,1,0.079000,0.989658
SP_R_Yoga_2,openpose,155,6.262346,ok,1,direct,0.581223,7,left_elbow,1,1,2.000000,774.110000,308.310000,2.000000,746.953000,296.349000,29.674369,78.703450,1,0.072000,0.577842
SP_R_Yoga_2,openpose,155,6.262346,ok,1,direct,0.581223,8,right_elbow,1,1,2.000000,542.310000,310.520000,2.000000,598.028000,341.410000,63.707830,78.703450,1,0.072000,0.079825
SP_R_Yoga_2,openpose,155,6.262346,ok,1,direct,0.581223,9,left_wrist,1,1,2.000000,829.880000,319.080000,2.000000,780.213000,302.199000,52.457402,78.703450,1,0.062000,0.099124
SP_R_Yoga_2,openpose,155,6.262346,ok,1,direct,0.581223,10,right_wrist,1,1,2.000000,463.010000,325.840000,2.000000,611.743000,404.069000,168.051426,78.703450,0,0.062000,0.000000
SP_R_Yoga_2,openpose,155,6.262346,ok,1,direct,0.581223,11,left_hip,1,1,2.000000,696.980000,394.370000,2.000000,697.986000,411.902000,17.560839,78.703450,1,0.107000,0.916705
SP_R_Yoga_2,openpose,155,6.262346,ok,1,direct,0.581223,12,right_hip,1,1,2.000000,637.140000,394.940000,2.000000,641.174000,413.886000,19.370701,78.703450,1,0.107000,0.899587
SP_R_Yoga_2,openpose,155,6.262346,ok,1,direct,0.581223,13,left_knee,1,1,2.000000,694.140000,522.500000,2.000000,686.237000,523.635000,7.984086,78.703450,1,0.087000,0.973174
SP_R_Yoga_2,openpose,155,6.262346,ok,1,direct,0.581223,14,right_knee,1,1,2.000000,641.150000,520.240000,2.000000,645.081000,525.554000,6.609944,78.703450,1,0.087000,0.981535
SP_R_Yoga_2,openpose,155,6.262346,ok,1,direct,0.581223,15,left_ankle,1,1,2.000000,674.810000,643.640000,2.000000,672.448000,633.331000,10.576130,78.703450,1,0.089000,0.955429
SP_R_Yoga_2,openpose,155,6.262346,ok,1,direct,0.581223,16,right_ankle,1,1,2.000000,653.660000,642.870000,2.000000,654.826000,633.347000,9.594117,78.703450,1,0.089000,0.963174
SP_R_Yoga_2,openpose,156,6.302749,ok,1,direct,0.558908,0,nose,1,1,2.000000,657.470000,221.440000,2.000000,652.928000,219.969000,4.774265,77.959466,1,0.026000,0.894976
SP_R_Yoga_2,openpose,156,6.302749,ok,1,direct,0.558908,1,left_eye,0,0,0.000000,0.000000,0.000000,2.000000,662.737000,210.154000,,,,0.025000,
SP_R_Yoga_2,openpose,156,6.302749,ok,1,direct,0.558908,2,right_eye,0,0,0.000000,0.000000,0.000000,2.000000,645.062000,212.044000,,,,0.025000,
SP_R_Yoga_2,openpose,156,6.302749,ok,1,direct,0.558908,3,left_ear,0,0,0.000000,0.000000,0.000000,2.000000,676.436000,216.067000,,,,0.035000,
SP_R_Yoga_2,openpose,156,6.302749,ok,1,direct,0.558908,4,right_ear,0,0,0.000000,0.000000,0.000000,2.000000,633.354000,219.964000,,,,0.035000,
SP_R_Yoga_2,openpose,156,6.302749,ok,1,direct,0.558908,5,left_shoulder,1,1,2.000000,705.520000,281.880000,2.000000,699.960000,272.822000,10.628310,77.959466,1,0.079000,0.942177
SP_R_Yoga_2,openpose,156,6.302749,ok,1,direct,0.558908,6,right_shoulder,1,1,2.000000,609.450000,280.620000,2.000000,611.778000,280.670000,2.328537,77.959466,1,0.079000,0.997145
SP_R_Yoga_2,openpose,156,6.302749,ok,1,direct,0.558908,7,left_elbow,1,1,2.000000,775.180000,318.350000,2.000000,727.362000,337.466000,51.497404,77.959466,1,0.072000,0.185734
SP_R_Yoga_2,openpose,156,6.302749,ok,1,direct,0.558908,8,right_elbow,1,1,2.000000,547.140000,319.300000,2.000000,596.046000,349.213000,57.328740,77.959466,1,0.072000,0.124148
SP_R_Yoga_2,openpose,156,6.302749,ok,1,direct,0.558908,9,left_wrist,1,1,2.000000,829.350000,331.520000,2.000000,713.609000,388.373000,128.950544,77.959466,0,0.062000,0.000001
SP_R_Yoga_2,openpose,156,6.302749,ok,1,direct,0.558908,10,right_wrist,1,1,2.000000,469.460000,343.760000,2.000000,607.842000,409.933000,153.389843,77.959466,0,0.062000,0.000000
SP_R_Yoga_2,openpose,156,6.302749,ok,1,direct,0.558908,11,left_hip,1,1,2.000000,696.580000,393.700000,2.000000,697.899000,411.942000,18.289623,77.959466,1,0.107000,0.908331
SP_R_Yoga_2,openpose,156,6.302749,ok,1,direct,0.558908,12,right_hip,1,1,2.000000,636.490000,394.850000,2.000000,639.133000,415.819000,21.134910,77.959466,1,0.107000,0.879512
SP_R_Yoga_2,openpose,156,6.302749,ok,1,direct,0.558908,13,left_knee,1,1,2.000000,693.720000,522.500000,2.000000,686.192000,525.584000,8.135222,77.959466,1,0.087000,0.971637
SP_R_Yoga_2,openpose,156,6.302749,ok,1,direct,0.558908,14,right_knee,1,1,2.000000,641.150000,520.200000,2.000000,645.064000,525.590000,6.661193,77.959466,1,0.087000,0.980894
SP_R_Yoga_2,openpose,156,6.302749,ok,1,direct,0.558908,15,left_ankle,1,1,2.000000,674.810000,643.630000,2.000000,672.509000,635.228000,8.711384,77.959466,1,0.089000,0.968965
SP_R_Yoga_2,openpose,156,6.302749,ok,1,direct,0.558908,16,right_ankle,1,1,2.000000,653.660000,642.840000,2.000000,654.907000,635.232000,7.709518,77.959466,1,0.089000,0.975610
SP_R_Yoga_2,openpose,157,6.343151,ok,1,direct,0.579047,0,nose,1,1,2.000000,656.230000,221.070000,2.000000,652.835000,219.937000,3.579066,75.641466,1,0.026000,0.935909
SP_R_Yoga_2,openpose,157,6.343151,ok,1,direct,0.579047,1,left_eye,0,0,0.000000,0.000000,0.000000,2.000000,662.625000,210.105000,,,,0.025000,
SP_R_Yoga_2,openpose,157,6.343151,ok,1,direct,0.579047,2,right_eye,0,0,0.000000,0.000000,0.000000,2.000000,643.122000,212.086000,,,,0.025000,
SP_R_Yoga_2,openpose,157,6.343151,ok,1,direct,0.579047,3,left_ear,0,0,0.000000,0.000000,0.000000,2.000000,674.494000,216.011000,,,,0.035000,
SP_R_Yoga_2,openpose,157,6.343151,ok,1,direct,0.579047,4,right_ear,0,0,0.000000,0.000000,0.000000,2.000000,633.265000,221.883000,,,,0.035000,
SP_R_Yoga_2,openpose,157,6.343151,ok,1,direct,0.579047,5,left_shoulder,1,1,2.000000,703.320000,281.380000,2.000000,701.885000,272.814000,8.685366,75.641466,1,0.079000,0.958630
SP_R_Yoga_2,openpose,157,6.343151,ok,1,direct,0.579047,6,right_shoulder,1,1,2.000000,609.450000,280.550000,2.000000,613.672000,278.759000,4.586171,75.641466,1,0.079000,0.988289
SP_R_Yoga_2,openpose,157,6.343151,ok,1,direct,0.579047,7,left_elbow,1,1,2.000000,767.340000,322.680000,2.000000,725.413000,337.489000,44.465490,75.641466,1,0.072000,0.263636
SP_R_Yoga_2,openpose,157,6.343151,ok,1,direct,0.579047,8,right_elbow,1,1,2.000000,551.980000,324.710000,2.000000,594.154000,347.236000,47.812833,75.641466,1,0.072000,0.214067
SP_R_Yoga_2,openpose,157,6.343151,ok,1,direct,0.579047,9,left_wrist,1,1,2.000000,819.570000,342.310000,2.000000,715.580000,392.277000,115.371665,75.641466,0,0.062000,0.000006
SP_R_Yoga_2,openpose,157,6.343151,ok,1,direct,0.579047,10,right_wrist,1,1,2.000000,481.060000,357.870000,2.000000,598.029000,413.887000,129.690598,75.641466,0,0.062000,0.000000
SP_R_Yoga_2,openpose,157,6.343151,ok,1,direct,0.579047,11,left_hip,1,1,2.000000,695.500000,393.560000,2.000000,697.906000,413.837000,20.419245,75.641466,1,0.107000,0.880471
SP_R_Yoga_2,openpose,157,6.343151,ok,1,direct,0.579047,12,right_hip,1,1,2.000000,635.830000,394.750000,2.000000,639.137000,415.864000,21.371412,75.641466,1,0.107000,0.869839
SP_R_Yoga_2,openpose,157,6.343151,ok,1,direct,0.579047,13,left_knee,1,1,2.000000,692.210000,522.350000,2.000000,686.149000,527.496000,7.950914,75.641466,1,0.087000,0.971227
SP_R_Yoga_2,openpose,157,6.343151,ok,1,direct,0.579047,14,right_knee,1,1,2.000000,641.150000,520.150000,2.000000,643.138000,527.513000,7.626658,75.641466,1,0.087000,0.973495
SP_R_Yoga_2,openpose,157,6.343151,ok,1,direct,0.579047,15,left_ankle,1,1,2.000000,674.810000,643.630000,2.000000,672.448000,637.208000,6.842597,75.641466,1,0.089000,0.979550
SP_R_Yoga_2,openpose,157,6.343151,ok,1,direct,0.579047,16,right_ankle,1,1,2.000000,653.660000,642.810000,2.000000,654.880000,635.304000,7.604501,75.641466,1,0.089000,0.974803
SP_R_Yoga_2,openpose,158,6.383553,ok,1,direct,0.569411,0,nose,1,1,2.000000,654.990000,220.700000,2.000000,650.960000,221.864000,4.194734,73.243809,1,0.026000,0.907520
SP_R_Yoga_2,openpose,158,6.383553,ok,1,direct,0.569411,1,left_eye,0,0,0.000000,0.000000,0.000000,2.000000,662.631000,212.013000,,,,0.025000,
SP_R_Yoga_2,openpose,158,6.383553,ok,1,direct,0.569411,2,right_eye,0,0,0.000000,0.000000,0.000000,2.000000,643.051000,212.080000,,,,0.025000,
SP_R_Yoga_2,openpose,158,6.383553,ok,1,direct,0.569411,3,left_ear,0,0,0.000000,0.000000,0.000000,2.000000,674.493000,217.992000,,,,0.035000,
SP_R_Yoga_2,openpose,158,6.383553,ok,1,direct,0.569411,4,right_ear,0,0,0.000000,0.000000,0.000000,2.000000,631.384000,221.847000,,,,0.035000,
SP_R_Yoga_2,openpose,158,6.383553,ok,1,direct,0.569411,5,left_shoulder,1,1,2.000000,701.120000,280.870000,2.000000,699.900000,274.771000,6.219823,73.243809,1,0.079000,0.977156
SP_R_Yoga_2,openpose,158,6.383553,ok,1,direct,0.569411,6,right_shoulder,1,1,2.000000,609.450000,280.480000,2.000000,613.679000,280.625000,4.231485,73.243809,1,0.079000,0.989361
SP_R_Yoga_2,openpose,158,6.383553,ok,1,direct,0.569411,7,left_elbow,1,1,2.000000,759.490000,327.020000,2.000000,754.730000,321.799000,7.065157,73.243809,1,0.072000,0.964739
SP_R_Yoga_2,openpose,158,6.383553,ok,1,direct,0.569411,8,right_elbow,1,1,2.000000,556.820000,330.120000,2.000000,586.286000,343.325000,32.289583,73.243809,1,0.072000,0.472459
SP_R_Yoga_2,openpose,158,6.383553,ok,1,direct,0.569411,9,left_wrist,1,1,2.000000,809.790000,353.100000,2.000000,784.136000,337.473000,30.038822,73.243809,1,0.062000,0.416810
SP_R_Yoga_2,openpose,158,6.383553,ok,1,direct,0.569411,10,right_wrist,1,1,2.000000,492.670000,371.990000,2.000000,527.497000,358.979000,37.178032,73.243809,1,0.062000,0.261706
SP_R_Yoga_2,openpose,158,6.383553,ok,1,direct,0.569411,11,left_hip,1,1,2.000000,694.420000,393.420000,2.000000,694.060000,415.813000,22.395894,73.243809,1,0.107000,0.849314
SP_R_Yoga_2,openpose,158,6.383553,ok,1,direct,0.569411,12,right_hip,1,1,2.000000,635.180000,394.660000,2.000000,635.322000,417.777000,23.117436,73.243809,1,0.107000,0.840280
SP_R_Yoga_2,openpose,158,6.383553,ok,1,direct,0.569411,13,left_knee,1,1,2.000000,690.690000,522.200000,2.000000,684.260000,529.426000,9.672641,73.243809,1,0.087000,0.954963
SP_R_Yoga_2,openpose,158,6.383553,ok,1,direct,0.569411,14,right_knee,1,1,2.000000,641.150000,520.110000,2.000000,643.120000,529.462000,9.557238,73.243809,1,0.087000,0.956007
SP_R_Yoga_2,openpose,158,6.383553,ok,1,direct,0.569411,15,left_ankle,1,1,2.000000,674.810000,643.620000,2.000000,670.523000,639.149000,6.194208,73.243809,1,0.089000,0.982104
SP_R_Yoga_2,openpose,158,6.383553,ok,1,direct,0.569411,16,right_ankle,1,1,2.000000,653.660000,642.790000,2.000000,652.953000,637.193000,5.641477,73.243809,1,0.089000,0.985132
SP_R_Yoga_2,openpose,159,6.423955,ok,1,direct,0.576790,0,nose,1,1,2.000000,653.750000,220.330000,2.000000,650.884000,217.960000,3.718986,70.759413,1,0.026000,0.921524
SP_R_Yoga_2,openpose,159,6.423955,ok,1,direct,0.576790,1,left_eye,0,0,0.000000,0.000000,0.000000,2.000000,658.799000,208.171000,,,,0.025000,
SP_R_Yoga_2,openpose,159,6.423955,ok,1,direct,0.576790,2,right_eye,0,0,0.000000,0.000000,0.000000,2.000000,641.138000,210.169000,,,,0.025000,
SP_R_Yoga_2,openpose,159,6.423955,ok,1,direct,0.576790,3,left_ear,0,0,0.000000,0.000000,0.000000,2.000000,672.445000,214.062000,,,,0.035000,
SP_R_Yoga_2,openpose,159,6.423955,ok,1,direct,0.576790,4,right_ear,0,0,0.000000,0.000000,0.000000,2.000000,633.244000,221.853000,,,,0.035000,
SP_R_Yoga_2,openpose,159,6.423955,ok,1,direct,0.576790,5,left_shoulder,1,1,2.000000,698.920000,280.370000,2.000000,697.948000,272.793000,7.639091,70.759413,1,0.079000,0.963339
SP_R_Yoga_2,openpose,159,6.423955,ok,1,direct,0.576790,6,right_shoulder,1,1,2.000000,609.450000,280.410000,2.000000,611.791000,278.752000,2.868666,70.759413,1,0.079000,0.994747
SP_R_Yoga_2,openpose,159,6.423955,ok,1,direct,0.576790,7,left_elbow,1,1,2.000000,751.640000,331.360000,2.000000,739.074000,325.707000,13.778997,70.759413,1,0.072000,0.863902
SP_R_Yoga_2,openpose,159,6.423955,ok,1,direct,0.576790,8,right_elbow,1,1,2.000000,561.650000,335.530000,2.000000,588.230000,345.316000,28.324233,70.759413,1,0.072000,0.538926
SP_R_Yoga_2,openpose,159,6.423955,ok,1,direct,0.576790,9,left_wrist,1,1,2.000000,800.000000,363.880000,2.000000,776.317000,347.292000,28.914464,70.759413,1,0.062000,0.419464
SP_R_Yoga_2,openpose,159,6.423955,ok,1,direct,0.576790,10,right_wrist,1,1,2.000000,504.280000,386.110000,2.000000,601.983000,409.944000,100.568065,70.759413,0,0.062000,0.000027
SP_R_Yoga_2,openpose,159,6.423955,ok,1,direct,0.576790,11,left_hip,1,1,2.000000,693.340000,393.280000,2.000000,695.967000,413.914000,20.800555,70.759413,1,0.107000,0.859887
SP_R_Yoga_2,openpose,159,6.423955,ok,1,direct,0.576790,12,right_hip,1,1,2.000000,634.530000,394.570000,2.000000,637.173000,417.768000,23.348076,70.759413,1,0.107000,0.826799
SP_R_Yoga_2,openpose,159,6.423955,ok,1,direct,0.576790,13,left_knee,1,1,2.000000,689.180000,522.050000,2.000000,684.241000,527.548000,7.390651,70.759413,1,0.087000,0.971585
SP_R_Yoga_2,openpose,159,6.423955,ok,1,direct,0.576790,14,right_knee,1,1,2.000000,641.150000,520.070000,2.000000,643.055000,531.401000,11.490021,70.759413,1,0.087000,0.932699
SP_R_Yoga_2,openpose,159,6.423955,ok,1,direct,0.576790,15,left_ankle,1,1,2.000000,674.810000,643.610000,2.000000,670.546000,639.133000,6.182655,70.759413,1,0.089000,0.980908
SP_R_Yoga_2,openpose,159,6.423955,ok,1,direct,0.576790,16,right_ankle,1,1,2.000000,653.660000,642.760000,2.000000,652.923000,637.225000,5.583851,70.759413,1,0.089000,0.984399
SP_R_Yoga_2,openpose,160,6.464358,ok,1,direct,0.510456,0,nose,1,1,2.000000,652.510000,219.960000,2.000000,650.865000,219.895000,1.646284,68.181276,1,0.026000,0.982899
SP_R_Yoga_2,openpose,160,6.464358,ok,1,direct,0.510456,1,left_eye,0,0,0.000000,0.000000,0.000000,2.000000,658.719000,208.219000,,,,0.025000,
SP_R_Yoga_2,openpose,160,6.464358,ok,1,direct,0.510456,2,right_eye,0,0,0.000000,0.000000,0.000000,2.000000,641.094000,212.079000,,,,0.025000,
SP_R_Yoga_2,openpose,160,6.464358,ok,1,direct,0.510456,3,left_ear,0,0,0.000000,0.000000,0.000000,2.000000,670.543000,214.033000,,,,0.035000,
SP_R_Yoga_2,openpose,160,6.464358,ok,1,direct,0.510456,4,right_ear,0,0,0.000000,0.000000,0.000000,2.000000,631.316000,221.910000,,,,0.035000,
SP_R_Yoga_2,openpose,160,6.464358,ok,1,direct,0.510456,5,left_shoulder,1,1,2.000000,696.720000,279.860000,2.000000,697.920000,272.779000,7.181961,68.181276,1,0.079000,0.965067
SP_R_Yoga_2,openpose,160,6.464358,ok,1,direct,0.510456,6,right_shoulder,1,1,2.000000,609.450000,280.340000,2.000000,611.792000,278.733000,2.840319,68.181276,1,0.079000,0.994454
SP_R_Yoga_2,openpose,160,6.464358,ok,1,direct,0.510456,7,left_elbow,1,1,2.000000,743.800000,335.690000,2.000000,731.253000,333.523000,12.732757,68.181276,1,0.072000,0.874110
SP_R_Yoga_2,openpose,160,6.464358,ok,1,direct,0.510456,8,right_elbow,1,1,2.000000,566.490000,340.940000,2.000000,592.189000,343.372000,25.813818,68.181276,1,0.072000,0.575211
SP_R_Yoga_2,openpose,160,6.464358,ok,1,direct,0.510456,9,left_wrist,1,1,2.000000,790.220000,374.670000,2.000000,713.596000,390.399000,78.221729,68.181276,0,0.062000,0.001061
SP_R_Yoga_2,openpose,160,6.464358,ok,1,direct,0.510456,10,right_wrist,1,1,2.000000,515.890000,400.230000,2.000000,605.870000,407.960000,90.311424,68.181276,0,0.062000,0.000109
SP_R_Yoga_2,openpose,160,6.464358,ok,1,direct,0.510456,11,left_hip,1,1,2.000000,692.260000,393.140000,2.000000,694.052000,413.857000,20.794359,68.181276,1,0.107000,0.850026
SP_R_Yoga_2,openpose,160,6.464358,ok,1,direct,0.510456,12,right_hip,1,1,2.000000,633.880000,394.470000,2.000000,635.301000,415.870000,21.447127,68.181276,1,0.107000,0.841263
SP_R_Yoga_2,openpose,160,6.464358,ok,1,direct,0.510456,13,left_knee,1,1,2.000000,687.670000,521.900000,2.000000,684.221000,527.549000,6.618671,68.181276,1,0.087000,0.975407
SP_R_Yoga_2,openpose,160,6.464358,ok,1,direct,0.510456,14,right_knee,1,1,2.000000,641.150000,520.020000,2.000000,643.138000,531.465000,11.616375,68.181276,1,0.087000,0.926166
SP_R_Yoga_2,openpose,160,6.464358,ok,1,direct,0.510456,15,left_ankle,1,1,2.000000,674.810000,643.600000,2.000000,666.585000,639.174000,9.340241,68.181276,1,0.089000,0.953721
SP_R_Yoga_2,openpose,160,6.464358,ok,1,direct,0.510456,16,right_ankle,1,1,2.000000,653.660000,642.730000,2.000000,652.902000,639.180000,3.630023,68.181276,1,0.089000,0.992868
SP_R_Yoga_2,openpose,161,6.504760,ok,1,direct,0.585016,0,nose,1,1,2.000000,651.270000,219.590000,2.000000,648.978000,219.902000,2.313138,65.498336,1,0.026000,0.963773
SP_R_Yoga_2,openpose,161,6.504760,ok,1,direct,0.585016,1,left_eye,0,0,0.000000,0.000000,0.000000,2.000000,656.826000,210.083000,,,,0.025000,
SP_R_Yoga_2,openpose,161,6.504760,ok,1,direct,0.585016,2,right_eye,0,0,0.000000,0.000000,0.000000,2.000000,639.171000,212.102000,,,,0.025000,
SP_R_Yoga_2,openpose,161,6.504760,ok,1,direct,0.585016,3,left_ear,0,0,0.000000,0.000000,0.000000,2.000000,670.555000,214.113000,,,,0.035000,
SP_R_Yoga_2,openpose,161,6.504760,ok,1,direct,0.585016,4,right_ear,0,0,0.000000,0.000000,0.000000,2.000000,631.271000,221.936000,,,,0.035000,
SP_R_Yoga_2,openpose,161,6.504760,ok,1,direct,0.585016,5,left_shoulder,1,1,2.000000,694.530000,279.360000,2.000000,699.962000,272.780000,8.532469,65.498336,1,0.079000,0.947069
SP_R_Yoga_2,openpose,161,6.504760,ok,1,direct,0.585016,6,right_shoulder,1,1,2.000000,609.450000,280.270000,2.000000,613.667000,280.618000,4.231335,65.498336,1,0.079000,0.986715
SP_R_Yoga_2,openpose,161,6.504760,ok,1,direct,0.585016,7,left_elbow,1,1,2.000000,735.950000,340.030000,2.000000,743.017000,333.520000,9.608464,65.498336,1,0.072000,0.920328
SP_R_Yoga_2,openpose,161,6.504760,ok,1,direct,0.585016,8,right_elbow,1,1,2.000000,571.330000,346.360000,2.000000,594.141000,347.284000,22.829706,65.498336,1,0.072000,0.625808
SP_R_Yoga_2,openpose,161,6.504760,ok,1,direct,0.585016,9,left_wrist,1,1,2.000000,780.440000,385.460000,2.000000,717.521000,384.477000,62.926678,65.498336,1,0.062000,0.008210
SP_R_Yoga_2,openpose,161,6.504760,ok,1,direct,0.585016,10,right_wrist,1,1,2.000000,527.490000,414.350000,2.000000,599.978000,413.872000,72.489576,65.498336,0,0.062000,0.001707
SP_R_Yoga_2,openpose,161,6.504760,ok,1,direct,0.585016,11,left_hip,1,1,2.000000,691.180000,393.000000,2.000000,694.080000,413.888000,21.088351,65.498336,1,0.107000,0.834363
SP_R_Yoga_2,openpose,161,6.504760,ok,1,direct,0.585016,12,right_hip,1,1,2.000000,633.220000,394.380000,2.000000,635.320000,415.870000,21.592362,65.498336,1,0.107000,0.827086
SP_R_Yoga_2,openpose,161,6.504760,ok,1,direct,0.585016,13,left_knee,1,1,2.000000,686.150000,521.750000,2.000000,682.327000,527.505000,6.909078,65.498336,1,0.087000,0.971026
SP_R_Yoga_2,openpose,161,6.504760,ok,1,direct,0.585016,14,right_knee,1,1,2.000000,641.150000,519.980000,2.000000,643.101000,529.447000,9.665945,65.498336,1,0.087000,0.944078
SP_R_Yoga_2,openpose,161,6.504760,ok,1,direct,0.585016,15,left_ankle,1,1,2.000000,674.810000,643.590000,2.000000,670.531000,637.183000,7.704511,65.498336,1,0.089000,0.965667
SP_R_Yoga_2,openpose,161,6.504760,ok,1,direct,0.585016,16,right_ankle,1,1,2.000000,653.660000,642.710000,2.000000,652.920000,637.175000,5.584248,65.498336,1,0.089000,0.981814
SP_R_Yoga_2,openpose,162,6.545162,ok,1,direct,0.599917,0,nose,1,1,2.000000,650.430000,219.650000,2.000000,648.960000,219.865000,1.485640,62.929392,1,0.026000,0.983646
SP_R_Yoga_2,openpose,162,6.545162,ok,1,direct,0.599917,1,left_eye,0,0,0.000000,0.000000,0.000000,2.000000,656.818000,210.083000,,,,0.025000,
SP_R_Yoga_2,openpose,162,6.545162,ok,1,direct,0.599917,2,right_eye,0,0,0.000000,0.000000,0.000000,2.000000,639.152000,212.076000,,,,0.025000,
SP_R_Yoga_2,openpose,162,6.545162,ok,1,direct,0.599917,3,left_ear,0,0,0.000000,0.000000,0.000000,2.000000,670.571000,215.984000,,,,0.035000,
SP_R_Yoga_2,openpose,162,6.545162,ok,1,direct,0.599917,4,right_ear,0,0,0.000000,0.000000,0.000000,2.000000,629.422000,221.936000,,,,0.035000,
SP_R_Yoga_2,openpose,162,6.545162,ok,1,direct,0.599917,5,left_shoulder,1,1,2.000000,694.390000,279.400000,2.000000,697.983000,272.812000,7.504092,62.929392,1,0.079000,0.955454
SP_R_Yoga_2,openpose,162,6.545162,ok,1,direct,0.599917,6,right_shoulder,1,1,2.000000,608.720000,280.310000,2.000000,611.746000,278.759000,3.400335,62.929392,1,0.079000,0.990687
SP_R_Yoga_2,openpose,162,6.545162,ok,1,direct,0.599917,7,left_elbow,1,1,2.000000,732.020000,342.830000,2.000000,735.212000,333.565000,9.799443,62.929392,1,0.072000,0.910689
SP_R_Yoga_2,openpose,162,6.545162,ok,1,direct,0.599917,8,right_elbow,1,1,2.000000,574.860000,348.860000,2.000000,592.150000,347.226000,17.367039,62.929392,1,0.072000,0.745396
SP_R_Yoga_2,openpose,162,6.545162,ok,1,direct,0.599917,9,left_wrist,1,1,2.000000,771.800000,391.310000,2.000000,748.907000,362.926000,36.465613,62.929392,1,0.062000,0.174286
SP_R_Yoga_2,openpose,162,6.545162,ok,1,direct,0.599917,10,right_wrist,1,1,2.000000,538.270000,417.130000,2.000000,596.078000,413.888000,57.898838,62.929392,1,0.062000,0.012224
SP_R_Yoga_2,openpose,162,6.545162,ok,1,direct,0.599917,11,left_hip,1,1,2.000000,690.430000,393.000000,2.000000,693.997000,413.887000,21.189390,62.929392,1,0.107000,0.820322
SP_R_Yoga_2,openpose,162,6.545162,ok,1,direct,0.599917,12,right_hip,1,1,2.000000,632.290000,394.750000,2.000000,635.236000,417.754000,23.191872,62.929392,1,0.107000,0.788785
SP_R_Yoga_2,openpose,162,6.545162,ok,1,direct,0.599917,13,left_knee,1,1,2.000000,686.150000,521.750000,2.000000,682.319000,525.567000,5.407962,62.929392,1,0.087000,0.980675
SP_R_Yoga_2,openpose,162,6.545162,ok,1,direct,0.599917,14,right_knee,1,1,2.000000,640.130000,519.980000,2.000000,641.182000,529.420000,9.498437,62.929392,1,0.087000,0.941577
SP_R_Yoga_2,openpose,162,6.545162,ok,1,direct,0.599917,15,left_ankle,1,1,2.000000,674.810000,643.590000,2.000000,670.552000,635.294000,9.324923,62.929392,1,0.089000,0.946068
SP_R_Yoga_2,openpose,162,6.545162,ok,1,direct,0.599917,16,right_ankle,1,1,2.000000,653.660000,642.710000,2.000000,652.923000,637.176000,5.582860,62.929392,1,0.089000,0.980323
SP_R_Yoga_2,openpose,163,6.585564,ok,1,direct,0.604101,0,nose,1,1,2.000000,649.590000,219.710000,2.000000,647.023000,221.866000,3.352287,60.251787,1,0.026000,0.912483
SP_R_Yoga_2,openpose,163,6.585564,ok,1,direct,0.604101,1,left_eye,0,0,0.000000,0.000000,0.000000,2.000000,654.872000,210.181000,,,,0.025000,
SP_R_Yoga_2,openpose,163,6.585564,ok,1,direct,0.604101,2,right_eye,0,0,0.000000,0.000000,0.000000,2.000000,637.224000,214.003000,,,,0.025000,
SP_R_Yoga_2,openpose,163,6.585564,ok,1,direct,0.604101,3,left_ear,0,0,0.000000,0.000000,0.000000,2.000000,670.512000,215.990000,,,,0.035000,
SP_R_Yoga_2,openpose,163,6.585564,ok,1,direct,0.604101,4,right_ear,0,0,0.000000,0.000000,0.000000,2.000000,629.345000,221.930000,,,,0.035000,
SP_R_Yoga_2,openpose,163,6.585564,ok,1,direct,0.604101,5,left_shoulder,1,1,2.000000,694.260000,279.450000,2.000000,697.896000,272.823000,7.558943,60.251787,1,0.079000,0.950813
SP_R_Yoga_2,openpose,163,6.585564,ok,1,direct,0.604101,6,right_shoulder,1,1,2.000000,608.000000,280.350000,2.000000,609.792000,278.754000,2.399683,60.251787,1,0.079000,0.994930
SP_R_Yoga_2,openpose,163,6.585564,ok,1,direct,0.604101,7,left_elbow,1,1,2.000000,728.080000,345.630000,2.000000,725.416000,333.545000,12.375141,60.251787,1,0.072000,0.849802
SP_R_Yoga_2,openpose,163,6.585564,ok,1,direct,0.604101,8,right_elbow,1,1,2.000000,578.390000,351.370000,2.000000,588.253000,347.237000,10.693945,60.251787,1,0.072000,0.885560
SP_R_Yoga_2,openpose,163,6.585564,ok,1,direct,0.604101,9,left_wrist,1,1,2.000000,763.160000,397.160000,2.000000,729.285000,374.695000,40.647163,60.251787,1,0.062000,0.093675
SP_R_Yoga_2,openpose,163,6.585564,ok,1,direct,0.604101,10,right_wrist,1,1,2.000000,549.050000,419.920000,2.000000,590.177000,411.924000,41.897090,60.251787,1,0.062000,0.080799
SP_R_Yoga_2,openpose,163,6.585564,ok,1,direct,0.604101,11,left_hip,1,1,2.000000,689.690000,393.000000,2.000000,692.115000,413.864000,21.004455,60.251787,1,0.107000,0.808724
SP_R_Yoga_2,openpose,163,6.585564,ok,1,direct,0.604101,12,right_hip,1,1,2.000000,631.370000,395.120000,2.000000,633.347000,415.857000,20.831027,60.251787,1,0.107000,0.811552
SP_R_Yoga_2,openpose,163,6.585564,ok,1,direct,0.604101,13,left_knee,1,1,2.000000,686.150000,521.750000,2.000000,682.283000,525.515000,5.397121,60.251787,1,0.087000,0.979021
SP_R_Yoga_2,openpose,163,6.585564,ok,1,direct,0.604101,14,right_knee,1,1,2.000000,639.110000,519.980000,2.000000,641.129000,525.588000,5.960371,60.251787,1,0.087000,0.974473
SP_R_Yoga_2,openpose,163,6.585564,ok,1,direct,0.604101,15,left_ankle,1,1,2.000000,674.810000,643.590000,2.000000,670.534000,635.212000,9.406118,60.251787,1,0.089000,0.940319
SP_R_Yoga_2,openpose,163,6.585564,ok,1,direct,0.604101,16,right_ankle,1,1,2.000000,653.660000,642.710000,2.000000,654.807000,635.259000,7.538767,60.251787,1,0.089000,0.961243
SP_R_Yoga_2,openpose,164,6.625967,ok,1,direct,0.601420,0,nose,1,1,2.000000,648.750000,219.770000,2.000000,647.003000,219.962000,1.757519,57.451807,1,0.026000,0.972693
SP_R_Yoga_2,openpose,164,6.625967,ok,1,direct,0.601420,1,left_eye,0,0,0.000000,0.000000,0.000000,2.000000,654.873000,210.118000,,,,0.025000,
SP_R_Yoga_2,openpose,164,6.625967,ok,1,direct,0.601420,2,right_eye,0,0,0.000000,0.000000,0.000000,2.000000,637.197000,212.095000,,,,0.025000,
SP_R_Yoga_2,openpose,164,6.625967,ok,1,direct,0.601420,3,left_ear,0,0,0.000000,0.000000,0.000000,2.000000,670.503000,216.026000,,,,0.035000,
SP_R_Yoga_2,openpose,164,6.625967,ok,1,direct,0.601420,4,right_ear,0,0,0.000000,0.000000,0.000000,2.000000,627.441000,221.905000,,,,0.035000,
SP_R_Yoga_2,openpose,164,6.625967,ok,1,direct,0.601420,5,left_shoulder,1,1,2.000000,694.120000,279.490000,2.000000,697.913000,274.768000,6.056743,57.451807,1,0.079000,0.965011
SP_R_Yoga_2,openpose,164,6.625967,ok,1,direct,0.601420,6,right_shoulder,1,1,2.000000,607.280000,280.390000,2.000000,605.934000,280.609000,1.363700,57.451807,1,0.079000,0.998196
SP_R_Yoga_2,openpose,164,6.625967,ok,1,direct,0.601420,7,left_elbow,1,1,2.000000,724.150000,348.430000,2.000000,727.367000,337.461000,11.431013,57.451807,1,0.072000,0.858361
SP_R_Yoga_2,openpose,164,6.625967,ok,1,direct,0.601420,8,right_elbow,1,1,2.000000,581.920000,353.880000,2.000000,588.196000,347.233000,9.141706,57.451807,1,0.072000,0.906938
SP_R_Yoga_2,openpose,164,6.625967,ok,1,direct,0.601420,9,left_wrist,1,1,2.000000,754.520000,403.010000,2.000000,735.136000,376.625000,32.740001,57.451807,1,0.062000,0.184584
SP_R_Yoga_2,openpose,164,6.625967,ok,1,direct,0.601420,10,right_wrist,1,1,2.000000,559.820000,422.710000,2.000000,588.224000,411.944000,30.375878,57.451807,1,0.062000,0.233530
SP_R_Yoga_2,openpose,164,6.625967,ok,1,direct,0.601420,11,left_hip,1,1,2.000000,688.950000,393.000000,2.000000,692.024000,413.907000,21.131780,57.451807,1,0.107000,0.789516
SP_R_Yoga_2,openpose,164,6.625967,ok,1,direct,0.601420,12,right_hip,1,1,2.000000,630.440000,395.490000,2.000000,631.379000,417.780000,22.309770,57.451807,1,0.107000,0.768421
SP_R_Yoga_2,openpose,164,6.625967,ok,1,direct,0.601420,13,left_knee,1,1,2.000000,686.150000,521.750000,2.000000,682.269000,527.465000,6.908211,57.451807,1,0.087000,0.962516
SP_R_Yoga_2,openpose,164,6.625967,ok,1,direct,0.601420,14,right_knee,1,1,2.000000,638.090000,519.980000,2.000000,641.090000,529.443000,9.927153,57.451807,1,0.087000,0.924140
SP_R_Yoga_2,openpose,164,6.625967,ok,1,direct,0.601420,15,left_ankle,1,1,2.000000,674.810000,643.590000,2.000000,670.475000,635.261000,9.389593,57.451807,1,0.089000,0.934781
SP_R_Yoga_2,openpose,164,6.625967,ok,1,direct,0.601420,16,right_ankle,1,1,2.000000,653.660000,642.710000,2.000000,652.903000,637.184000,5.577609,57.451807,1,0.089000,0.976483
SP_R_Yoga_2,openpose,165,6.666369,ok,1,direct,0.586753,0,nose,1,1,2.000000,647.910000,219.830000,2.000000,647.035000,219.956000,0.884025,54.509042,1,0.026000,0.992248
SP_R_Yoga_2,openpose,165,6.666369,ok,1,direct,0.586753,1,left_eye,0,0,0.000000,0.000000,0.000000,2.000000,654.862000,210.147000,,,,0.025000,
SP_R_Yoga_2,openpose,165,6.666369,ok,1,direct,0.586753,2,right_eye,0,0,0.000000,0.000000,0.000000,2.000000,637.221000,212.110000,,,,0.025000,
SP_R_Yoga_2,openpose,165,6.666369,ok,1,direct,0.586753,3,left_ear,0,0,0.000000,0.000000,0.000000,2.000000,668.636000,216.024000,,,,0.035000,
SP_R_Yoga_2,openpose,165,6.666369,ok,1,direct,0.586753,4,right_ear,0,0,0.000000,0.000000,0.000000,2.000000,627.390000,221.896000,,,,0.035000,
SP_R_Yoga_2,openpose,165,6.666369,ok,1,direct,0.586753,5,left_shoulder,1,1,2.000000,693.990000,279.540000,2.000000,696.039000,274.767000,5.194221,54.509042,1,0.079000,0.971320
SP_R_Yoga_2,openpose,165,6.666369,ok,1,direct,0.586753,6,right_shoulder,1,1,2.000000,606.560000,280.430000,2.000000,607.823000,280.697000,1.290914,54.509042,1,0.079000,0.998204
SP_R_Yoga_2,openpose,165,6.666369,ok,1,direct,0.586753,7,left_elbow,1,1,2.000000,720.210000,351.230000,2.000000,723.451000,341.358000,10.390403,54.509042,1,0.072000,0.869200
SP_R_Yoga_2,openpose,165,6.666369,ok,1,direct,0.586753,8,right_elbow,1,1,2.000000,585.450000,356.390000,2.000000,588.276000,349.222000,7.704966,54.509042,1,0.072000,0.925811
SP_R_Yoga_2,openpose,165,6.666369,ok,1,direct,0.586753,9,left_wrist,1,1,2.000000,745.890000,408.860000,2.000000,717.570000,390.384000,33.813976,54.509042,1,0.062000,0.135041
SP_R_Yoga_2,openpose,165,6.666369,ok,1,direct,0.586753,10,right_wrist,1,1,2.000000,570.600000,425.490000,2.000000,592.149000,413.898000,24.469039,54.509042,1,0.062000,0.350484
SP_R_Yoga_2,openpose,165,6.666369,ok,1,direct,0.586753,11,left_hip,1,1,2.000000,688.200000,393.000000,2.000000,690.100000,413.894000,20.980211,54.509042,1,0.107000,0.771986
SP_R_Yoga_2,openpose,165,6.666369,ok,1,direct,0.586753,12,right_hip,1,1,2.000000,629.510000,395.860000,2.000000,631.313000,417.786000,22.000006,54.509042,1,0.107000,0.752347
SP_R_Yoga_2,openpose,165,6.666369,ok,1,direct,0.586753,13,left_knee,1,1,2.000000,686.150000,521.750000,2.000000,682.218000,527.488000,6.955952,54.509042,1,0.087000,0.957883
SP_R_Yoga_2,openpose,165,6.666369,ok,1,direct,0.586753,14,right_knee,1,1,2.000000,637.070000,519.980000,2.000000,639.138000,529.471000,9.713686,54.509042,1,0.087000,0.919512
SP_R_Yoga_2,openpose,165,6.666369,ok,1,direct,0.586753,15,left_ankle,1,1,2.000000,674.810000,643.590000,2.000000,668.575000,637.223000,8.911448,54.509042,1,0.089000,0.934741
SP_R_Yoga_2,openpose,165,6.666369,ok,1,direct,0.586753,16,right_ankle,1,1,2.000000,653.660000,642.710000,2.000000,650.876000,635.290000,7.925090,54.509042,1,0.089000,0.948026
SP_R_Yoga_2,openpose,166,6.706771,ok,1,direct,0.605800,0,nose,1,1,2.000000,647.070000,219.890000,2.000000,645.089000,219.917000,1.981184,51.398971,1,0.026000,0.956995
SP_R_Yoga_2,openpose,166,6.706771,ok,1,direct,0.605800,1,left_eye,0,0,0.000000,0.000000,0.000000,2.000000,654.802000,210.117000,,,,0.025000,
SP_R_Yoga_2,openpose,166,6.706771,ok,1,direct,0.605800,2,right_eye,0,0,0.000000,0.000000,0.000000,2.000000,635.275000,212.082000,,,,0.025000,
SP_R_Yoga_2,openpose,166,6.706771,ok,1,direct,0.605800,3,left_ear,0,0,0.000000,0.000000,0.000000,2.000000,668.613000,215.995000,,,,0.035000,
SP_R_Yoga_2,openpose,166,6.706771,ok,1,direct,0.605800,4,right_ear,0,0,0.000000,0.000000,0.000000,2.000000,625.439000,221.906000,,,,0.035000,
SP_R_Yoga_2,openpose,166,6.706771,ok,1,direct,0.605800,5,left_shoulder,1,1,2.000000,693.860000,279.580000,2.000000,697.910000,274.786000,6.275742,51.398971,1,0.079000,0.953349
SP_R_Yoga_2,openpose,166,6.706771,ok,1,direct,0.605800,6,right_shoulder,1,1,2.000000,605.830000,280.470000,2.000000,607.826000,280.661000,2.005118,51.398971,1,0.079000,0.995135
SP_R_Yoga_2,openpose,166,6.706771,ok,1,direct,0.605800,7,left_elbow,1,1,2.000000,716.280000,354.030000,2.000000,719.497000,341.372000,13.060400,51.398971,1,0.072000,0.779504
SP_R_Yoga_2,openpose,166,6.706771,ok,1,direct,0.605800,8,right_elbow,1,1,2.000000,588.980000,358.900000,2.000000,590.171000,347.293000,11.667945,51.398971,1,0.072000,0.819703
SP_R_Yoga_2,openpose,166,6.706771,ok,1,direct,0.605800,9,left_wrist,1,1,2.000000,737.250000,414.720000,2.000000,715.601000,392.286000,31.176330,51.398971,1,0.062000,0.147459
SP_R_Yoga_2,openpose,166,6.706771,ok,1,direct,0.605800,10,right_wrist,1,1,2.000000,581.370000,428.280000,2.000000,592.152000,413.889000,17.982002,51.398971,1,0.062000,0.528974
SP_R_Yoga_2,openpose,166,6.706771,ok,1,direct,0.605800,11,left_hip,1,1,2.000000,687.460000,393.000000,2.000000,690.058000,413.898000,21.058870,51.398971,1,0.107000,0.745843
SP_R_Yoga_2,openpose,166,6.706771,ok,1,direct,0.605800,12,right_hip,1,1,2.000000,628.580000,396.240000,2.000000,631.297000,417.780000,21.710681,51.398971,1,0.107000,0.732220
SP_R_Yoga_2,openpose,166,6.706771,ok,1,direct,0.605800,13,left_knee,1,1,2.000000,686.150000,521.750000,2.000000,682.225000,525.572000,5.478440,51.398971,1,0.087000,0.970427
SP_R_Yoga_2,openpose,166,6.706771,ok,1,direct,0.605800,14,right_knee,1,1,2.000000,636.050000,519.980000,2.000000,639.145000,527.475000,8.108887,51.398971,1,0.087000,0.936349
SP_R_Yoga_2,openpose,166,6.706771,ok,1,direct,0.605800,15,left_ankle,1,1,2.000000,674.810000,643.590000,2.000000,670.564000,637.221000,7.654585,51.398971,1,0.089000,0.945540
SP_R_Yoga_2,openpose,166,6.706771,ok,1,direct,0.605800,16,right_ankle,1,1,2.000000,653.660000,642.710000,2.000000,650.990000,633.337000,9.745872,51.398971,1,0.089000,0.913220
SP_R_Yoga_2,openpose,167,6.747173,ok,1,direct,0.601237,0,nose,1,1,2.000000,646.640000,219.850000,2.000000,645.072000,219.966000,1.572285,50.560248,1,0.026000,0.971795
SP_R_Yoga_2,openpose,167,6.747173,ok,1,direct,0.601237,1,left_eye,0,0,0.000000,0.000000,0.000000,2.000000,652.942000,210.122000,,,,0.025000,
SP_R_Yoga_2,openpose,167,6.747173,ok,1,direct,0.601237,2,right_eye,0,0,0.000000,0.000000,0.000000,2.000000,635.239000,212.100000,,,,0.025000,
SP_R_Yoga_2,openpose,167,6.747173,ok,1,direct,0.601237,3,left_ear,0,0,0.000000,0.000000,0.000000,2.000000,668.592000,216.004000,,,,0.035000,
SP_R_Yoga_2,openpose,167,6.747173,ok,1,direct,0.601237,4,right_ear,0,0,0.000000,0.000000,0.000000,2.000000,623.541000,221.920000,,,,0.035000,
SP_R_Yoga_2,openpose,167,6.747173,ok,1,direct,0.601237,5,left_shoulder,1,1,2.000000,693.720000,279.630000,2.000000,696.017000,274.811000,5.338443,50.560248,1,0.079000,0.964904
SP_R_Yoga_2,openpose,167,6.747173,ok,1,direct,0.601237,6,right_shoulder,1,1,2.000000,605.110000,280.510000,2.000000,605.921000,280.711000,0.835537,50.560248,1,0.079000,0.999125
SP_R_Yoga_2,openpose,167,6.747173,ok,1,direct,0.601237,7,left_elbow,1,1,2.000000,715.070000,353.310000,2.000000,719.527000,341.392000,12.724133,50.560248,1,0.072000,0.783218
SP_R_Yoga_2,openpose,167,6.747173,ok,1,direct,0.601237,8,right_elbow,1,1,2.000000,589.460000,357.930000,2.000000,590.201000,349.208000,8.753420,50.560248,1,0.072000,0.890797
SP_R_Yoga_2,openpose,167,6.747173,ok,1,direct,0.601237,9,left_wrist,1,1,2.000000,734.520000,415.040000,2.000000,735.157000,390.401000,24.647233,50.560248,1,0.062000,0.290423
SP_R_Yoga_2,openpose,167,6.747173,ok,1,direct,0.601237,10,right_wrist,1,1,2.000000,583.700000,427.720000,2.000000,603.889000,411.924000,25.634144,50.560248,1,0.062000,0.262524
SP_R_Yoga_2,openpose,167,6.747173,ok,1,direct,0.601237,11,left_hip,1,1,2.000000,687.460000,393.000000,2.000000,690.076000,413.905000,21.068044,50.560248,1,0.107000,0.738367
SP_R_Yoga_2,openpose,167,6.747173,ok,1,direct,0.601237,12,right_hip,1,1,2.000000,628.580000,396.240000,2.000000,629.391000,417.813000,21.588239,50.560248,1,0.107000,0.727256
SP_R_Yoga_2,openpose,167,6.747173,ok,1,direct,0.601237,13,left_knee,1,1,2.000000,686.150000,521.750000,2.000000,680.372000,527.484000,8.140273,50.560248,1,0.087000,0.933799
SP_R_Yoga_2,openpose,167,6.747173,ok,1,direct,0.601237,14,right_knee,1,1,2.000000,636.050000,519.980000,2.000000,637.265000,527.531000,7.648126,50.560248,1,0.087000,0.941329
SP_R_Yoga_2,openpose,167,6.747173,ok,1,direct,0.601237,15,left_ankle,1,1,2.000000,674.810000,643.590000,2.000000,670.477000,637.176000,7.740432,50.560248,1,0.089000,0.942539
SP_R_Yoga_2,openpose,167,6.747173,ok,1,direct,0.601237,16,right_ankle,1,1,2.000000,653.660000,642.710000,2.000000,650.989000,635.231000,7.941642,50.560248,1,0.089000,0.939606
SP_R_Yoga_2,openpose,168,6.787576,ok,1,direct,0.601511,0,nose,1,1,2.000000,646.200000,219.810000,2.000000,645.046000,219.974000,1.165595,49.707212,1,0.026000,0.983863
SP_R_Yoga_2,openpose,168,6.787576,ok,1,direct,0.601511,1,left_eye,0,0,0.000000,0.000000,0.000000,2.000000,652.896000,210.127000,,,,0.025000,
SP_R_Yoga_2,openpose,168,6.787576,ok,1,direct,0.601511,2,right_eye,0,0,0.000000,0.000000,0.000000,2.000000,635.237000,212.129000,,,,0.025000,
SP_R_Yoga_2,openpose,168,6.787576,ok,1,direct,0.601511,3,left_ear,0,0,0.000000,0.000000,0.000000,2.000000,668.567000,215.962000,,,,0.035000,
SP_R_Yoga_2,openpose,168,6.787576,ok,1,direct,0.601511,4,right_ear,0,0,0.000000,0.000000,0.000000,2.000000,623.566000,223.773000,,,,0.035000,
SP_R_Yoga_2,openpose,168,6.787576,ok,1,direct,0.601511,5,left_shoulder,1,1,2.000000,693.590000,279.670000,2.000000,697.936000,274.789000,6.535432,49.707212,1,0.079000,0.946110
SP_R_Yoga_2,openpose,168,6.787576,ok,1,direct,0.601511,6,right_shoulder,1,1,2.000000,604.390000,280.550000,2.000000,607.838000,282.558000,3.990084,49.707212,1,0.079000,0.979563
SP_R_Yoga_2,openpose,168,6.787576,ok,1,direct,0.601511,7,left_elbow,1,1,2.000000,713.870000,352.580000,2.000000,719.514000,343.337000,10.829949,49.707212,1,0.072000,0.832653
SP_R_Yoga_2,openpose,168,6.787576,ok,1,direct,0.601511,8,right_elbow,1,1,2.000000,589.940000,356.970000,2.000000,590.175000,349.251000,7.722576,49.707212,1,0.072000,0.911083
SP_R_Yoga_2,openpose,168,6.787576,ok,1,direct,0.601511,9,left_wrist,1,1,2.000000,731.790000,415.360000,2.000000,727.334000,408.010000,8.595257,49.707212,1,0.062000,0.855927
SP_R_Yoga_2,openpose,168,6.787576,ok,1,direct,0.601511,10,right_wrist,1,1,2.000000,586.030000,427.160000,2.000000,584.292000,415.794000,11.498113,49.707212,1,0.062000,0.756998
SP_R_Yoga_2,openpose,168,6.787576,ok,1,direct,0.601511,11,left_hip,1,1,2.000000,687.460000,393.000000,2.000000,690.154000,415.797000,22.955628,49.707212,1,0.107000,0.688965
SP_R_Yoga_2,openpose,168,6.787576,ok,1,direct,0.601511,12,right_hip,1,1,2.000000,628.580000,396.240000,2.000000,629.407000,417.770000,21.545877,49.707212,1,0.107000,0.720212
SP_R_Yoga_2,openpose,168,6.787576,ok,1,direct,0.601511,13,left_knee,1,1,2.000000,686.150000,521.750000,2.000000,680.368000,527.473000,8.135370,49.707212,1,0.087000,0.931667
SP_R_Yoga_2,openpose,168,6.787576,ok,1,direct,0.601511,14,right_knee,1,1,2.000000,636.050000,519.980000,2.000000,637.241000,527.492000,7.605828,49.707212,1,0.087000,0.940010
SP_R_Yoga_2,openpose,168,6.787576,ok,1,direct,0.601511,15,left_ankle,1,1,2.000000,674.810000,643.590000,2.000000,670.481000,635.296000,9.355783,49.707212,1,0.089000,0.914436
SP_R_Yoga_2,openpose,168,6.787576,ok,1,direct,0.601511,16,right_ankle,1,1,2.000000,653.660000,642.710000,2.000000,650.917000,633.285000,9.816042,49.707212,1,0.089000,0.906227
SP_R_Yoga_2,openpose,169,6.827978,ok,1,direct,0.584740,0,nose,1,1,2.000000,645.770000,219.770000,2.000000,643.112000,219.943000,2.663624,48.839113,1,0.026000,0.915759
SP_R_Yoga_2,openpose,169,6.827978,ok,1,direct,0.584740,1,left_eye,0,0,0.000000,0.000000,0.000000,2.000000,650.995000,210.115000,,,,0.025000,
SP_R_Yoga_2,openpose,169,6.827978,ok,1,direct,0.584740,2,right_eye,0,0,0.000000,0.000000,0.000000,2.000000,633.359000,212.100000,,,,0.025000,
SP_R_Yoga_2,openpose,169,6.827978,ok,1,direct,0.584740,3,left_ear,0,0,0.000000,0.000000,0.000000,2.000000,668.525000,214.112000,,,,0.035000,
SP_R_Yoga_2,openpose,169,6.827978,ok,1,direct,0.584740,4,right_ear,0,0,0.000000,0.000000,0.000000,2.000000,623.564000,221.921000,,,,0.035000,
SP_R_Yoga_2,openpose,169,6.827978,ok,1,direct,0.584740,5,left_shoulder,1,1,2.000000,693.460000,279.710000,2.000000,697.930000,274.789000,6.648093,48.839113,1,0.079000,0.942349
SP_R_Yoga_2,openpose,169,6.827978,ok,1,direct,0.584740,6,right_shoulder,1,1,2.000000,603.670000,280.590000,2.000000,605.936000,280.658000,2.267020,48.839113,1,0.079000,0.993119
SP_R_Yoga_2,openpose,169,6.827978,ok,1,direct,0.584740,7,left_elbow,1,1,2.000000,712.660000,351.860000,2.000000,721.452000,343.329000,12.250601,48.839113,1,0.072000,0.784474
SP_R_Yoga_2,openpose,169,6.827978,ok,1,direct,0.584740,8,right_elbow,1,1,2.000000,590.420000,356.010000,2.000000,590.162000,349.264000,6.750932,48.839113,1,0.072000,0.928936
SP_R_Yoga_2,openpose,169,6.827978,ok,1,direct,0.584740,9,left_wrist,1,1,2.000000,729.060000,415.680000,2.000000,721.446000,394.269000,22.724522,48.839113,1,0.062000,0.324192
SP_R_Yoga_2,openpose,169,6.827978,ok,1,direct,0.584740,10,right_wrist,1,1,2.000000,588.360000,426.590000,2.000000,592.152000,411.948000,15.125060,48.839113,1,0.062000,0.607134
SP_R_Yoga_2,openpose,169,6.827978,ok,1,direct,0.584740,11,left_hip,1,1,2.000000,687.460000,393.000000,2.000000,690.135000,415.841000,22.997106,48.839113,1,0.107000,0.678872
SP_R_Yoga_2,openpose,169,6.827978,ok,1,direct,0.584740,12,right_hip,1,1,2.000000,628.580000,396.240000,2.000000,629.378000,417.833000,21.607741,48.839113,1,0.107000,0.710393
SP_R_Yoga_2,openpose,169,6.827978,ok,1,direct,0.584740,13,left_knee,1,1,2.000000,686.150000,521.750000,2.000000,680.326000,529.475000,9.674430,48.839113,1,0.087000,0.901511
SP_R_Yoga_2,openpose,169,6.827978,ok,1,direct,0.584740,14,right_knee,1,1,2.000000,636.050000,519.980000,2.000000,637.249000,529.475000,9.570404,48.839113,1,0.087000,0.903513
SP_R_Yoga_2,openpose,169,6.827978,ok,1,direct,0.584740,15,left_ankle,1,1,2.000000,674.810000,643.590000,2.000000,668.542000,637.266000,8.903977,48.839113,1,0.089000,0.919502
SP_R_Yoga_2,openpose,169,6.827978,ok,1,direct,0.584740,16,right_ankle,1,1,2.000000,653.660000,642.710000,2.000000,652.855000,637.178000,5.590264,48.839113,1,0.089000,0.967460
SP_R_Yoga_2,openpose,170,6.868380,ok,1,direct,0.634811,0,nose,1,1,2.000000,645.340000,219.730000,2.000000,641.158000,219.917000,4.186179,47.955133,1,0.026000,0.798158
SP_R_Yoga_2,openpose,170,6.868380,ok,1,direct,0.634811,1,left_eye,0,0,0.000000,0.000000,0.000000,2.000000,650.901000,210.103000,,,,0.025000,
SP_R_Yoga_2,openpose,170,6.868380,ok,1,direct,0.634811,2,right_eye,0,0,0.000000,0.000000,0.000000,2.000000,633.244000,212.065000,,,,0.025000,
SP_R_Yoga_2,openpose,170,6.868380,ok,1,direct,0.634811,3,left_ear,0,0,0.000000,0.000000,0.000000,2.000000,666.633000,214.050000,,,,0.035000,
SP_R_Yoga_2,openpose,170,6.868380,ok,1,direct,0.634811,4,right_ear,0,0,0.000000,0.000000,0.000000,2.000000,621.566000,221.832000,,,,0.035000,
SP_R_Yoga_2,openpose,170,6.868380,ok,1,direct,0.634811,5,left_shoulder,1,1,2.000000,693.320000,279.760000,2.000000,696.043000,274.722000,5.726794,47.955133,1,0.079000,0.955327
SP_R_Yoga_2,openpose,170,6.868380,ok,1,direct,0.634811,6,right_shoulder,1,1,2.000000,602.940000,280.630000,2.000000,605.869000,278.712000,3.501109,47.955133,1,0.079000,0.983064
SP_R_Yoga_2,openpose,170,6.868380,ok,1,direct,0.634811,7,left_elbow,1,1,2.000000,711.460000,351.140000,2.000000,717.591000,343.367000,9.899934,47.955133,1,0.072000,0.848384
SP_R_Yoga_2,openpose,170,6.868380,ok,1,direct,0.634811,8,right_elbow,1,1,2.000000,590.900000,355.040000,2.000000,588.212000,349.229000,6.402583,47.955133,1,0.072000,0.933540
SP_R_Yoga_2,openpose,170,6.868380,ok,1,direct,0.634811,9,left_wrist,1,1,2.000000,726.330000,416.000000,2.000000,725.380000,406.074000,9.971358,47.955133,1,0.062000,0.798557
SP_R_Yoga_2,openpose,170,6.868380,ok,1,direct,0.634811,10,right_wrist,1,1,2.000000,590.690000,426.030000,2.000000,586.324000,411.937000,14.753800,47.955133,1,0.062000,0.611112
SP_R_Yoga_2,openpose,170,6.868380,ok,1,direct,0.634811,11,left_hip,1,1,2.000000,687.460000,393.000000,2.000000,690.077000,415.845000,22.994406,47.955133,1,0.107000,0.669222
SP_R_Yoga_2,openpose,170,6.868380,ok,1,direct,0.634811,12,right_hip,1,1,2.000000,628.580000,396.240000,2.000000,629.361000,417.828000,21.602123,47.955133,1,0.107000,0.701542
SP_R_Yoga_2,openpose,170,6.868380,ok,1,direct,0.634811,13,left_knee,1,1,2.000000,686.150000,521.750000,2.000000,680.374000,529.509000,9.672862,47.955133,1,0.087000,0.898071
SP_R_Yoga_2,openpose,170,6.868380,ok,1,direct,0.634811,14,right_knee,1,1,2.000000,636.050000,519.980000,2.000000,639.156000,531.402000,11.836778,47.955133,1,0.087000,0.851304
SP_R_Yoga_2,openpose,170,6.868380,ok,1,direct,0.634811,15,left_ankle,1,1,2.000000,674.810000,643.590000,2.000000,668.551000,637.192000,8.950390,47.955133,1,0.089000,0.915801
SP_R_Yoga_2,openpose,170,6.868380,ok,1,direct,0.634811,16,right_ankle,1,1,2.000000,653.660000,642.710000,2.000000,652.922000,637.205000,5.554248,47.955133,1,0.089000,0.966696
SP_R_Yoga_2,openpose,171,6.908782,ok,1,direct,0.626673,0,nose,1,1,2.000000,644.900000,219.690000,2.000000,643.044000,219.927000,1.871071,47.347152,1,0.026000,0.954848
SP_R_Yoga_2,openpose,171,6.908782,ok,1,direct,0.626673,1,left_eye,0,0,0.000000,0.000000,0.000000,2.000000,650.913000,210.091000,,,,0.025000,
SP_R_Yoga_2,openpose,171,6.908782,ok,1,direct,0.626673,2,right_eye,0,0,0.000000,0.000000,0.000000,2.000000,633.266000,212.086000,,,,0.025000,
SP_R_Yoga_2,openpose,171,6.908782,ok,1,direct,0.626673,3,left_ear,0,0,0.000000,0.000000,0.000000,2.000000,666.642000,214.014000,,,,0.035000,
SP_R_Yoga_2,openpose,171,6.908782,ok,1,direct,0.626673,4,right_ear,0,0,0.000000,0.000000,0.000000,2.000000,621.580000,221.859000,,,,0.035000,
SP_R_Yoga_2,openpose,171,6.908782,ok,1,direct,0.626673,5,left_shoulder,1,1,2.000000,693.190000,279.800000,2.000000,696.017000,274.753000,5.784820,47.347152,1,0.079000,0.953289
SP_R_Yoga_2,openpose,171,6.908782,ok,1,direct,0.626673,6,right_shoulder,1,1,2.000000,602.220000,280.670000,2.000000,605.857000,278.747000,4.114085,47.347152,1,0.079000,0.976095
SP_R_Yoga_2,openpose,171,6.908782,ok,1,direct,0.626673,7,left_elbow,1,1,2.000000,710.260000,350.420000,2.000000,717.517000,341.419000,11.562095,47.347152,1,0.072000,0.794482
SP_R_Yoga_2,openpose,171,6.908782,ok,1,direct,0.626673,8,right_elbow,1,1,2.000000,591.390000,354.080000,2.000000,588.250000,349.191000,5.810501,47.347152,1,0.072000,0.943552
SP_R_Yoga_2,openpose,171,6.908782,ok,1,direct,0.626673,9,left_wrist,1,1,2.000000,723.600000,416.320000,2.000000,725.341000,406.006000,10.459908,47.347152,1,0.062000,0.775746
SP_R_Yoga_2,openpose,171,6.908782,ok,1,direct,0.626673,10,right_wrist,1,1,2.000000,593.010000,425.470000,2.000000,588.269000,411.922000,14.353584,47.347152,1,0.062000,0.619919
SP_R_Yoga_2,openpose,171,6.908782,ok,1,direct,0.626673,11,left_hip,1,1,2.000000,687.460000,393.000000,2.000000,688.139000,415.800000,22.810108,47.347152,1,0.107000,0.666682
SP_R_Yoga_2,openpose,171,6.908782,ok,1,direct,0.626673,12,right_hip,1,1,2.000000,628.580000,396.240000,2.000000,629.357000,417.811000,21.584989,47.347152,1,0.107000,0.695545
SP_R_Yoga_2,openpose,171,6.908782,ok,1,direct,0.626673,13,left_knee,1,1,2.000000,686.150000,521.750000,2.000000,680.347000,529.425000,9.621873,47.347152,1,0.087000,0.896619
SP_R_Yoga_2,openpose,171,6.908782,ok,1,direct,0.626673,14,right_knee,1,1,2.000000,636.050000,519.980000,2.000000,637.282000,529.472000,9.571619,47.347152,1,0.087000,0.897639
SP_R_Yoga_2,openpose,171,6.908782,ok,1,direct,0.626673,15,left_ankle,1,1,2.000000,674.810000,643.590000,2.000000,668.551000,637.175000,8.962550,47.347152,1,0.089000,0.913498
SP_R_Yoga_2,openpose,171,6.908782,ok,1,direct,0.626673,16,right_ankle,1,1,2.000000,653.660000,642.710000,2.000000,652.865000,635.270000,7.482354,47.347152,1,0.089000,0.938889
SP_R_Yoga_2,openpose,172,6.949184,ok,1,direct,0.624622,0,nose,1,1,2.000000,644.470000,219.650000,2.000000,641.165000,219.927000,3.316588,47.442410,1,0.026000,0.865379
SP_R_Yoga_2,openpose,172,6.949184,ok,1,direct,0.624622,1,left_eye,0,0,0.000000,0.000000,0.000000,2.000000,650.881000,210.100000,,,,0.025000,
SP_R_Yoga_2,openpose,172,6.949184,ok,1,direct,0.624622,2,right_eye,0,0,0.000000,0.000000,0.000000,2.000000,633.247000,212.073000,,,,0.025000,
SP_R_Yoga_2,openpose,172,6.949184,ok,1,direct,0.624622,3,left_ear,0,0,0.000000,0.000000,0.000000,2.000000,666.594000,213.998000,,,,0.035000,
SP_R_Yoga_2,openpose,172,6.949184,ok,1,direct,0.624622,4,right_ear,0,0,0.000000,0.000000,0.000000,2.000000,621.533000,221.816000,,,,0.035000,
SP_R_Yoga_2,openpose,172,6.949184,ok,1,direct,0.624622,5,left_shoulder,1,1,2.000000,693.060000,279.850000,2.000000,695.933000,274.769000,5.837010,47.442410,1,0.079000,0.952649
SP_R_Yoga_2,openpose,172,6.949184,ok,1,direct,0.624622,6,right_shoulder,1,1,2.000000,600.870000,281.060000,2.000000,605.835000,278.720000,5.488791,47.442410,1,0.079000,0.958013
SP_R_Yoga_2,openpose,172,6.949184,ok,1,direct,0.624622,7,left_elbow,1,1,2.000000,710.930000,350.030000,2.000000,715.539000,339.449000,11.541250,47.442410,1,0.072000,0.795872
SP_R_Yoga_2,openpose,172,6.949184,ok,1,direct,0.624622,8,right_elbow,1,1,2.000000,590.100000,354.330000,2.000000,588.260000,347.251000,7.314222,47.442410,1,0.072000,0.912379
SP_R_Yoga_2,openpose,172,6.949184,ok,1,direct,0.624622,9,left_wrist,1,1,2.000000,722.830000,416.070000,2.000000,715.541000,400.175000,17.486582,47.442410,1,0.062000,0.493199
SP_R_Yoga_2,openpose,172,6.949184,ok,1,direct,0.624622,10,right_wrist,1,1,2.000000,594.550000,425.340000,2.000000,588.262000,411.869000,14.866297,47.442410,1,0.062000,0.599967
SP_R_Yoga_2,openpose,172,6.949184,ok,1,direct,0.624622,11,left_hip,1,1,2.000000,687.460000,393.000000,2.000000,688.103000,413.913000,20.922883,47.442410,1,0.107000,0.711941
SP_R_Yoga_2,openpose,172,6.949184,ok,1,direct,0.624622,12,right_hip,1,1,2.000000,628.580000,396.240000,2.000000,629.361000,417.819000,21.593129,47.442410,1,0.107000,0.696369
SP_R_Yoga_2,openpose,172,6.949184,ok,1,direct,0.624622,13,left_knee,1,1,2.000000,686.150000,521.750000,2.000000,680.374000,527.505000,8.153662,47.442410,1,0.087000,0.924920
SP_R_Yoga_2,openpose,172,6.949184,ok,1,direct,0.624622,14,right_knee,1,1,2.000000,636.050000,519.980000,2.000000,637.286000,529.434000,9.534454,47.442410,1,0.087000,0.898776
SP_R_Yoga_2,openpose,172,6.949184,ok,1,direct,0.624622,15,left_ankle,1,1,2.000000,674.810000,643.590000,2.000000,668.575000,635.281000,10.388200,47.442410,1,0.089000,0.885982
SP_R_Yoga_2,openpose,172,6.949184,ok,1,direct,0.624622,16,right_ankle,1,1,2.000000,653.660000,642.710000,2.000000,652.897000,637.176000,5.586352,47.442410,1,0.089000,0.965597
SP_R_Yoga_2,openpose,173,6.989587,ok,1,direct,0.632826,0,nose,1,1,2.000000,644.040000,219.610000,2.000000,641.152000,219.940000,2.906793,47.535711,1,0.026000,0.895270
SP_R_Yoga_2,openpose,173,6.989587,ok,1,direct,0.632826,1,left_eye,0,0,0.000000,0.000000,0.000000,2.000000,650.879000,210.113000,,,,0.025000,
SP_R_Yoga_2,openpose,173,6.989587,ok,1,direct,0.632826,2,right_eye,0,0,0.000000,0.000000,0.000000,2.000000,633.241000,212.061000,,,,0.025000,
SP_R_Yoga_2,openpose,173,6.989587,ok,1,direct,0.632826,3,left_ear,0,0,0.000000,0.000000,0.000000,2.000000,666.616000,214.076000,,,,0.035000,
SP_R_Yoga_2,openpose,173,6.989587,ok,1,direct,0.632826,4,right_ear,0,0,0.000000,0.000000,0.000000,2.000000,621.499000,221.828000,,,,0.035000,
SP_R_Yoga_2,openpose,173,6.989587,ok,1,direct,0.632826,5,left_shoulder,1,1,2.000000,692.920000,279.890000,2.000000,692.104000,276.737000,3.256880,47.535711,1,0.079000,0.985069
SP_R_Yoga_2,openpose,173,6.989587,ok,1,direct,0.632826,6,right_shoulder,1,1,2.000000,599.520000,281.440000,2.000000,603.928000,280.630000,4.481804,47.535711,1,0.079000,0.971915
SP_R_Yoga_2,openpose,173,6.989587,ok,1,direct,0.632826,7,left_elbow,1,1,2.000000,711.610000,349.650000,2.000000,713.593000,343.308000,6.644791,47.535711,1,0.072000,0.927386
SP_R_Yoga_2,openpose,173,6.989587,ok,1,direct,0.632826,8,right_elbow,1,1,2.000000,588.820000,354.590000,2.000000,588.270000,349.269000,5.349350,47.535711,1,0.072000,0.952317
SP_R_Yoga_2,openpose,173,6.989587,ok,1,direct,0.632826,9,left_wrist,1,1,2.000000,722.060000,415.810000,2.000000,717.534000,404.042000,12.608350,47.535711,1,0.062000,0.693478
SP_R_Yoga_2,openpose,173,6.989587,ok,1,direct,0.632826,10,right_wrist,1,1,2.000000,596.090000,425.210000,2.000000,592.215000,409.997000,15.698758,47.535711,1,0.062000,0.566962
SP_R_Yoga_2,openpose,173,6.989587,ok,1,direct,0.632826,11,left_hip,1,1,2.000000,687.460000,393.000000,2.000000,686.144000,417.773000,24.807930,47.535711,1,0.107000,0.621402
SP_R_Yoga_2,openpose,173,6.989587,ok,1,direct,0.632826,12,right_hip,1,1,2.000000,628.580000,396.240000,2.000000,629.388000,421.682000,25.454827,47.535711,1,0.107000,0.605977
SP_R_Yoga_2,openpose,173,6.989587,ok,1,direct,0.632826,13,left_knee,1,1,2.000000,686.150000,521.750000,2.000000,680.341000,527.463000,8.147567,47.535711,1,0.087000,0.925310
SP_R_Yoga_2,openpose,173,6.989587,ok,1,direct,0.632826,14,right_knee,1,1,2.000000,636.050000,519.980000,2.000000,637.266000,527.550000,7.667043,47.535711,1,0.087000,0.933570
SP_R_Yoga_2,openpose,173,6.989587,ok,1,direct,0.632826,15,left_ankle,1,1,2.000000,674.810000,643.590000,2.000000,670.496000,635.222000,9.414564,47.535711,1,0.089000,0.905707
SP_R_Yoga_2,openpose,173,6.989587,ok,1,direct,0.632826,16,right_ankle,1,1,2.000000,653.660000,642.710000,2.000000,652.920000,633.333000,9.406154,47.535711,1,0.089000,0.905867
SP_R_Yoga_2,openpose,174,7.029989,ok,1,direct,0.643257,0,nose,1,1,2.000000,643.600000,219.570000,2.000000,639.159000,219.966000,4.458621,47.628846,1,0.026000,0.771618
SP_R_Yoga_2,openpose,174,7.029989,ok,1,direct,0.643257,1,left_eye,0,0,0.000000,0.000000,0.000000,2.000000,648.947000,210.117000,,,,0.025000,
SP_R_Yoga_2,openpose,174,7.029989,ok,1,direct,0.643257,2,right_eye,0,0,0.000000,0.000000,0.000000,2.000000,631.337000,212.062000,,,,0.025000,
SP_R_Yoga_2,openpose,174,7.029989,ok,1,direct,0.643257,3,left_ear,0,0,0.000000,0.000000,0.000000,2.000000,666.609000,214.049000,,,,0.035000,
SP_R_Yoga_2,openpose,174,7.029989,ok,1,direct,0.643257,4,right_ear,0,0,0.000000,0.000000,0.000000,2.000000,621.516000,219.951000,,,,0.035000,
SP_R_Yoga_2,openpose,174,7.029989,ok,1,direct,0.643257,5,left_shoulder,1,1,2.000000,692.790000,279.940000,2.000000,693.973000,276.742000,3.409794,47.628846,1,0.079000,0.983710
SP_R_Yoga_2,openpose,174,7.029989,ok,1,direct,0.643257,6,right_shoulder,1,1,2.000000,598.170000,281.830000,2.000000,603.941000,280.613000,5.897926,47.628846,1,0.079000,0.952048
SP_R_Yoga_2,openpose,174,7.029989,ok,1,direct,0.643257,7,left_elbow,1,1,2.000000,712.280000,349.260000,2.000000,711.693000,343.384000,5.905247,47.628846,1,0.072000,0.942418
SP_R_Yoga_2,openpose,174,7.029989,ok,1,direct,0.643257,8,right_elbow,1,1,2.000000,587.540000,354.850000,2.000000,586.276000,351.142000,3.917520,47.628846,1,0.072000,0.974237
SP_R_Yoga_2,openpose,174,7.029989,ok,1,direct,0.643257,9,left_wrist,1,1,2.000000,721.290000,415.550000,2.000000,715.587000,406.073000,11.060639,47.628846,1,0.062000,0.755341
SP_R_Yoga_2,openpose,174,7.029989,ok,1,direct,0.643257,10,right_wrist,1,1,2.000000,597.630000,425.090000,2.000000,590.194000,411.883000,15.156482,47.628846,1,0.062000,0.590450
SP_R_Yoga_2,openpose,174,7.029989,ok,1,direct,0.643257,11,left_hip,1,1,2.000000,687.460000,393.000000,2.000000,686.168000,417.764000,24.797681,47.628846,1,0.107000,0.622802
SP_R_Yoga_2,openpose,174,7.029989,ok,1,direct,0.643257,12,right_hip,1,1,2.000000,628.580000,396.240000,2.000000,629.368000,419.794000,23.567178,47.628846,1,0.107000,0.652008
SP_R_Yoga_2,openpose,174,7.029989,ok,1,direct,0.643257,13,left_knee,1,1,2.000000,686.150000,521.750000,2.000000,680.344000,525.587000,6.959325,47.628846,1,0.087000,0.945148
SP_R_Yoga_2,openpose,174,7.029989,ok,1,direct,0.643257,14,right_knee,1,1,2.000000,636.050000,519.980000,2.000000,637.271000,527.546000,7.663889,47.628846,1,0.087000,0.933873
SP_R_Yoga_2,openpose,174,7.029989,ok,1,direct,0.643257,15,left_ankle,1,1,2.000000,674.810000,643.590000,2.000000,670.508000,633.290000,11.162312,47.628846,1,0.089000,0.870505
SP_R_Yoga_2,openpose,174,7.029989,ok,1,direct,0.643257,16,right_ankle,1,1,2.000000,653.660000,642.710000,2.000000,652.953000,633.328000,9.408601,47.628846,1,0.089000,0.906170
