video_name,algorithm,frame_idx,timestamp_sec,status,matched_pred_found,match_method,matched_pred_score,keypoint_idx,keypoint_name,is_active,is_eval_joint,gt_v,gt_x,gt_y,pred_v,pred_x,pred_y,distance_px,pck_threshold_px,pck_correct,oks_sigma,oks_term
SP_T_Yoga_1,posenet,0,0.000000,ok,1,direct,1.000000,0,nose,1,1,2.000000,507.250000,298.100000,2.000000,507.626495,296.596375,1.550045,39.704362,1,0.026000,0.955910
SP_T_Yoga_1,posenet,0,0.000000,ok,1,direct,1.000000,1,left_eye,0,0,0.000000,0.000000,0.000000,2.000000,515.296204,289.873932,,,,0.025000,
SP_T_Yoga_1,posenet,0,0.000000,ok,1,direct,1.000000,2,right_eye,0,0,0.000000,0.000000,0.000000,2.000000,498.039307,288.913605,,,,0.025000,
SP_T_Yoga_1,posenet,0,0.000000,ok,1,direct,1.000000,3,left_ear,0,0,0.000000,0.000000,0.000000,2.000000,525.842102,301.398071,,,,0.035000,
SP_T_Yoga_1,posenet,0,0.000000,ok,1,direct,1.000000,4,right_ear,0,0,0.000000,0.000000,0.000000,2.000000,485.576019,297.556702,,,,0.035000,
SP_T_Yoga_1,posenet,0,0.000000,ok,1,direct,1.000000,5,left_shoulder,1,1,2.000000,550.820000,357.340000,2.000000,545.975098,354.217010,5.764212,39.704362,1,0.079000,0.934688
SP_T_Yoga_1,posenet,0,0.000000,ok,1,direct,1.000000,6,right_shoulder,1,1,2.000000,465.970000,359.240000,2.000000,467.360413,355.177338,4.294004,39.704362,1,0.079000,0.963212
SP_T_Yoga_1,posenet,0,0.000000,ok,1,direct,1.000000,7,left_elbow,1,1,2.000000,560.990000,416.310000,2.000000,559.397095,419.520416,3.583869,39.704362,1,0.072000,0.969055
SP_T_Yoga_1,posenet,0,0.000000,ok,1,direct,1.000000,8,right_elbow,1,1,2.000000,457.700000,418.810000,2.000000,458.731995,419.520416,1.252878,39.704362,1,0.072000,0.996166
SP_T_Yoga_1,posenet,0,0.000000,ok,1,direct,1.000000,9,left_wrist,1,1,2.000000,561.100000,472.040000,2.000000,558.438354,473.299713,2.944696,39.704362,1,0.062000,0.971787
SP_T_Yoga_1,posenet,0,0.000000,ok,1,direct,1.000000,10,right_wrist,1,1,2.000000,461.990000,476.050000,2.000000,463.525574,473.299713,3.149931,39.704362,1,0.062000,0.967783
SP_T_Yoga_1,posenet,0,0.000000,ok,1,direct,1.000000,11,left_hip,1,1,2.000000,532.540000,473.180000,2.000000,534.470520,485.784149,12.751137,39.704362,1,0.107000,0.835128
SP_T_Yoga_1,posenet,0,0.000000,ok,1,direct,1.000000,12,right_hip,1,1,2.000000,486.800000,473.140000,2.000000,486.534729,485.784149,12.646932,39.704362,1,0.107000,0.837581
SP_T_Yoga_1,posenet,0,0.000000,ok,1,direct,1.000000,13,left_knee,1,1,2.000000,533.040000,572.390000,2.000000,533.511841,577.977234,5.607122,39.704362,1,0.087000,0.948666
SP_T_Yoga_1,posenet,0,0.000000,ok,1,direct,1.000000,14,right_knee,1,1,2.000000,484.850000,572.070000,2.000000,484.617279,578.937561,6.871503,39.704362,1,0.087000,0.923907
SP_T_Yoga_1,posenet,0,0.000000,ok,1,direct,1.000000,15,left_ankle,1,1,2.000000,530.400000,671.480000,2.000000,528.718262,661.527161,10.093922,39.704362,1,0.089000,0.849430
SP_T_Yoga_1,posenet,0,0.000000,ok,1,direct,1.000000,16,right_ankle,1,1,2.000000,489.830000,679.250000,2.000000,485.576019,663.447815,16.364761,39.704362,1,0.089000,0.651201
SP_T_Yoga_1,posenet,1,0.033114,ok,1,direct,1.000000,0,nose,1,1,2.000000,508.470000,298.100000,2.000000,507.151581,296.119171,2.379477,39.773398,1,0.026000,0.899522
SP_T_Yoga_1,posenet,1,0.033114,ok,1,direct,1.000000,1,left_eye,0,0,0.000000,0.000000,0.000000,2.000000,515.763306,289.400787,,,,0.025000,
SP_T_Yoga_1,posenet,1,0.033114,ok,1,direct,1.000000,2,right_eye,0,0,0.000000,0.000000,0.000000,2.000000,498.539886,289.400787,,,,0.025000,
SP_T_Yoga_1,posenet,1,0.033114,ok,1,direct,1.000000,3,left_ear,0,0,0.000000,0.000000,0.000000,2.000000,526.288696,300.918060,,,,0.035000,
SP_T_Yoga_1,posenet,1,0.033114,ok,1,direct,1.000000,4,right_ear,0,0,0.000000,0.000000,0.000000,2.000000,486.100800,297.078979,,,,0.035000,
SP_T_Yoga_1,posenet,1,0.033114,ok,1,direct,1.000000,5,left_shoulder,1,1,2.000000,551.560000,357.740000,2.000000,546.382690,354.665314,6.021481,39.773398,1,0.079000,0.929182
SP_T_Yoga_1,posenet,1,0.033114,ok,1,direct,1.000000,6,right_shoulder,1,1,2.000000,467.380000,358.750000,2.000000,467.920532,354.665314,4.120296,39.773398,1,0.079000,0.966193
SP_T_Yoga_1,posenet,1,0.033114,ok,1,direct,1.000000,7,left_elbow,1,1,2.000000,562.480000,416.380000,2.000000,558.821777,418.970032,4.482283,39.773398,1,0.072000,0.952183
SP_T_Yoga_1,posenet,1,0.033114,ok,1,direct,1.000000,8,right_elbow,1,1,2.000000,458.480000,418.810000,2.000000,459.308838,419.929779,1.393154,39.773398,1,0.072000,0.995278
SP_T_Yoga_1,posenet,1,0.033114,ok,1,direct,1.000000,9,left_wrist,1,1,2.000000,562.320000,472.800000,2.000000,559.778625,472.717255,2.542721,39.773398,1,0.062000,0.978960
SP_T_Yoga_1,posenet,1,0.033114,ok,1,direct,1.000000,10,right_wrist,1,1,2.000000,461.900000,476.060000,2.000000,464.093109,477.516144,2.632505,39.773398,1,0.062000,0.977465
SP_T_Yoga_1,posenet,1,0.033114,ok,1,direct,1.000000,11,left_hip,1,1,2.000000,533.980000,473.250000,2.000000,535.857239,485.194336,12.090955,39.773398,1,0.107000,0.850922
SP_T_Yoga_1,posenet,1,0.033114,ok,1,direct,1.000000,12,right_hip,1,1,2.000000,487.680000,473.140000,2.000000,487.057617,486.154083,13.028957,39.773398,1,0.107000,0.829067
SP_T_Yoga_1,posenet,1,0.033114,ok,1,direct,1.000000,13,left_knee,1,1,2.000000,533.820000,572.830000,2.000000,533.943542,578.292236,5.463633,39.773398,1,0.087000,0.951361
SP_T_Yoga_1,posenet,1,0.033114,ok,1,direct,1.000000,14,right_knee,1,1,2.000000,485.190000,572.010000,2.000000,485.143921,578.292236,6.282405,39.773398,1,0.087000,0.936200
SP_T_Yoga_1,posenet,1,0.033114,ok,1,direct,1.000000,15,left_ankle,1,1,2.000000,530.400000,671.480000,2.000000,529.159241,661.792419,9.766714,39.773398,1,0.089000,0.858772
SP_T_Yoga_1,posenet,1,0.033114,ok,1,direct,1.000000,16,right_ankle,1,1,2.000000,490.510000,678.370000,2.000000,486.100800,663.711975,15.306820,39.773398,1,0.089000,0.687999
SP_T_Yoga_1,posenet,2,0.066229,ok,1,direct,1.000000,0,nose,1,1,2.000000,509.690000,298.100000,2.000000,509.107056,296.892944,1.340450,39.862728,1,0.026000,0.967099
SP_T_Yoga_1,posenet,2,0.066229,ok,1,direct,1.000000,1,left_eye,0,0,0.000000,0.000000,0.000000,2.000000,516.781006,289.212097,,,,0.025000,
SP_T_Yoga_1,posenet,2,0.066229,ok,1,direct,1.000000,2,right_eye,0,0,0.000000,0.000000,0.000000,2.000000,499.514557,289.212097,,,,0.025000,
SP_T_Yoga_1,posenet,2,0.066229,ok,1,direct,1.000000,3,left_ear,0,0,0.000000,0.000000,0.000000,2.000000,527.332703,300.733368,,,,0.035000,
SP_T_Yoga_1,posenet,2,0.066229,ok,1,direct,1.000000,4,right_ear,0,0,0.000000,0.000000,0.000000,2.000000,486.085144,297.853058,,,,0.035000,
SP_T_Yoga_1,posenet,2,0.066229,ok,1,direct,1.000000,5,left_shoulder,1,1,2.000000,552.300000,358.150000,2.000000,547.476868,352.579224,7.368592,39.862728,1,0.079000,0.896283
SP_T_Yoga_1,posenet,2,0.066229,ok,1,direct,1.000000,6,right_shoulder,1,1,2.000000,468.790000,358.250000,2.000000,469.777954,352.579224,5.756193,39.862728,1,0.079000,0.935363
SP_T_Yoga_1,posenet,2,0.066229,ok,1,direct,1.000000,7,left_elbow,1,1,2.000000,563.960000,416.450000,2.000000,560.906250,419.786804,4.523235,39.862728,1,0.072000,0.951540
SP_T_Yoga_1,posenet,2,0.066229,ok,1,direct,1.000000,8,right_elbow,1,1,2.000000,459.250000,418.810000,2.000000,459.226288,419.786804,0.977092,39.862728,1,0.072000,0.997685
SP_T_Yoga_1,posenet,2,0.066229,ok,1,direct,1.000000,9,left_wrist,1,1,2.000000,563.540000,473.560000,2.000000,562.824768,472.592743,1.202973,39.862728,1,0.062000,0.995273
SP_T_Yoga_1,posenet,2,0.066229,ok,1,direct,1.000000,10,right_wrist,1,1,2.000000,461.820000,476.060000,2.000000,464.022491,478.353394,3.179721,39.862728,1,0.062000,0.967437
SP_T_Yoga_1,posenet,2,0.066229,ok,1,direct,1.000000,11,left_hip,1,1,2.000000,535.410000,473.320000,2.000000,535.965881,486.034241,12.726387,39.862728,1,0.107000,0.836902
SP_T_Yoga_1,posenet,2,0.066229,ok,1,direct,1.000000,12,right_hip,1,1,2.000000,488.550000,473.140000,2.000000,488.003632,486.994354,13.865124,39.862728,1,0.107000,0.809501
SP_T_Yoga_1,posenet,2,0.066229,ok,1,direct,1.000000,13,left_knee,1,1,2.000000,534.600000,573.280000,2.000000,534.047363,579.164734,5.910626,39.862728,1,0.087000,0.943562
SP_T_Yoga_1,posenet,2,0.066229,ok,1,direct,1.000000,14,right_knee,1,1,2.000000,485.520000,571.940000,2.000000,485.125885,579.164734,7.235476,39.862728,1,0.087000,0.916627
SP_T_Yoga_1,posenet,2,0.066229,ok,1,direct,1.000000,15,left_ankle,1,1,2.000000,530.400000,671.480000,2.000000,529.251160,661.734009,9.813469,39.862728,1,0.089000,0.858109
SP_T_Yoga_1,posenet,2,0.066229,ok,1,direct,1.000000,16,right_ankle,1,1,2.000000,491.180000,677.490000,2.000000,486.085144,664.614380,13.846991,39.862728,1,0.089000,0.737368
SP_T_Yoga_1,posenet,3,0.099343,ok,1,direct,1.000000,0,nose,1,1,2.000000,510.910000,298.100000,2.000000,509.267761,296.807831,2.089653,40.922309,1,0.026000,0.925755
SP_T_Yoga_1,posenet,3,0.099343,ok,1,direct,1.000000,1,left_eye,0,0,0.000000,0.000000,0.000000,2.000000,516.943237,290.092896,,,,0.025000,
SP_T_Yoga_1,posenet,3,0.099343,ok,1,direct,1.000000,2,right_eye,0,0,0.000000,0.000000,0.000000,2.000000,500.632812,290.092896,,,,0.025000,
SP_T_Yoga_1,posenet,3,0.099343,ok,1,direct,1.000000,3,left_ear,0,0,0.000000,0.000000,0.000000,2.000000,528.456421,298.726349,,,,0.035000,
SP_T_Yoga_1,posenet,3,0.099343,ok,1,direct,1.000000,4,right_ear,0,0,0.000000,0.000000,0.000000,2.000000,488.160156,298.726349,,,,0.035000,
SP_T_Yoga_1,posenet,3,0.099343,ok,1,direct,1.000000,5,left_shoulder,1,1,2.000000,553.040000,358.550000,2.000000,548.604553,352.445740,7.545540,40.922309,1,0.079000,0.896773
SP_T_Yoga_1,posenet,3,0.099343,ok,1,direct,1.000000,6,right_shoulder,1,1,2.000000,470.200000,357.760000,2.000000,471.849762,351.486450,6.486844,40.922309,1,0.079000,0.922633
SP_T_Yoga_1,posenet,3,0.099343,ok,1,direct,1.000000,7,left_elbow,1,1,2.000000,565.440000,416.520000,2.000000,562.996094,418.635651,3.232438,40.922309,1,0.072000,0.976216
SP_T_Yoga_1,posenet,3,0.099343,ok,1,direct,1.000000,8,right_elbow,1,1,2.000000,460.030000,418.810000,2.000000,461.295990,418.635651,1.277939,40.922309,1,0.072000,0.996245
SP_T_Yoga_1,posenet,3,0.099343,ok,1,direct,1.000000,9,left_wrist,1,1,2.000000,569.660000,473.210000,2.000000,566.833801,473.314301,2.828123,40.922309,1,0.062000,0.975456
SP_T_Yoga_1,posenet,3,0.099343,ok,1,direct,1.000000,10,right_wrist,1,1,2.000000,459.050000,476.060000,2.000000,461.295990,476.192139,2.249874,40.922309,1,0.062000,0.984396
SP_T_Yoga_1,posenet,3,0.099343,ok,1,direct,1.000000,11,left_hip,1,1,2.000000,536.850000,473.390000,2.000000,537.091309,485.784851,12.397200,40.922309,1,0.107000,0.851871
SP_T_Yoga_1,posenet,3,0.099343,ok,1,direct,1.000000,12,right_hip,1,1,2.000000,489.430000,473.140000,2.000000,487.200714,485.784851,12.839859,40.922309,1,0.107000,0.842001
SP_T_Yoga_1,posenet,3,0.099343,ok,1,direct,1.000000,13,left_knee,1,1,2.000000,535.380000,573.720000,2.000000,535.172424,576.915955,3.202688,40.922309,1,0.087000,0.983946
SP_T_Yoga_1,posenet,3,0.099343,ok,1,direct,1.000000,14,right_knee,1,1,2.000000,485.860000,571.870000,2.000000,486.241302,578.834534,6.974964,40.922309,1,0.087000,0.926109
SP_T_Yoga_1,posenet,3,0.099343,ok,1,direct,1.000000,15,left_ankle,1,1,2.000000,530.400000,671.480000,2.000000,529.415833,658.454285,13.062842,40.922309,1,0.089000,0.773152
SP_T_Yoga_1,posenet,3,0.099343,ok,1,direct,1.000000,16,right_ankle,1,1,2.000000,491.850000,676.600000,2.000000,486.241302,664.209961,13.600388,40.922309,1,0.089000,0.756623
SP_T_Yoga_1,posenet,4,0.132457,ok,1,direct,1.000000,0,nose,1,1,2.000000,512.130000,298.100000,2.000000,511.313721,296.168518,2.096887,42.485569,1,0.026000,0.930466
SP_T_Yoga_1,posenet,4,0.132457,ok,1,direct,1.000000,1,left_eye,0,0,0.000000,0.000000,0.000000,2.000000,518.034241,289.443451,,,,0.025000,
SP_T_Yoga_1,posenet,4,0.132457,ok,1,direct,1.000000,2,right_eye,0,0,0.000000,0.000000,0.000000,2.000000,501.713074,289.443451,,,,0.025000,
SP_T_Yoga_1,posenet,4,0.132457,ok,1,direct,1.000000,3,left_ear,0,0,0.000000,0.000000,0.000000,2.000000,529.554993,300.972168,,,,0.035000,
SP_T_Yoga_1,posenet,4,0.132457,ok,1,direct,1.000000,4,right_ear,0,0,0.000000,0.000000,0.000000,2.000000,489.232208,300.972168,,,,0.035000,
SP_T_Yoga_1,posenet,4,0.132457,ok,1,direct,1.000000,5,left_shoulder,1,1,2.000000,553.790000,358.960000,2.000000,548.756348,352.851318,7.915406,42.485569,1,0.079000,0.894729
SP_T_Yoga_1,posenet,4,0.132457,ok,1,direct,1.000000,6,right_shoulder,1,1,2.000000,471.610000,357.270000,2.000000,472.911041,353.812042,3.694615,42.485569,1,0.079000,0.976057
SP_T_Yoga_1,posenet,4,0.132457,ok,1,direct,1.000000,7,left_elbow,1,1,2.000000,566.920000,416.590000,2.000000,563.157349,413.377014,4.947810,42.485569,1,0.072000,0.949021
SP_T_Yoga_1,posenet,4,0.132457,ok,1,direct,1.000000,8,right_elbow,1,1,2.000000,460.810000,418.810000,2.000000,461.390259,419.141357,0.668205,42.485569,1,0.072000,0.999046
SP_T_Yoga_1,posenet,4,0.132457,ok,1,direct,1.000000,9,left_wrist,1,1,2.000000,575.780000,472.860000,2.000000,572.757996,471.981232,3.147180,42.485569,1,0.062000,0.971854
SP_T_Yoga_1,posenet,4,0.132457,ok,1,direct,1.000000,10,right_wrist,1,1,2.000000,456.280000,476.060000,2.000000,457.549988,474.863434,1.744890,42.485569,1,0.062000,0.991262
SP_T_Yoga_1,posenet,4,0.132457,ok,1,direct,1.000000,11,left_hip,1,1,2.000000,538.290000,473.460000,2.000000,539.155701,487.352844,13.919790,42.485569,1,0.107000,0.829013
SP_T_Yoga_1,posenet,4,0.132457,ok,1,direct,1.000000,12,right_hip,1,1,2.000000,490.310000,473.140000,2.000000,488.272125,487.352844,14.358199,42.485569,1,0.107000,0.819126
SP_T_Yoga_1,posenet,4,0.132457,ok,1,direct,1.000000,13,left_knee,1,1,2.000000,536.170000,574.170000,2.000000,536.275452,577.660950,3.492542,42.485569,1,0.087000,0.982302
SP_T_Yoga_1,posenet,4,0.132457,ok,1,direct,1.000000,14,right_knee,1,1,2.000000,486.200000,571.800000,2.000000,486.351990,576.700256,4.902613,42.485569,1,0.087000,0.965426
SP_T_Yoga_1,posenet,4,0.132457,ok,1,direct,1.000000,15,left_ankle,1,1,2.000000,530.400000,671.480000,2.000000,529.554993,659.322632,12.186699,42.485569,1,0.089000,0.812411
SP_T_Yoga_1,posenet,4,0.132457,ok,1,direct,1.000000,16,right_ankle,1,1,2.000000,492.520000,675.720000,2.000000,487.312073,665.087036,11.839866,42.485569,1,0.089000,0.821936
SP_T_Yoga_1,posenet,5,0.165571,ok,1,direct,1.000000,0,nose,1,1,2.000000,513.350000,298.100000,2.000000,511.867096,299.211792,1.853398,43.986202,1,0.026000,0.948828
SP_T_Yoga_1,posenet,5,0.165571,ok,1,direct,1.000000,1,left_eye,0,0,0.000000,0.000000,0.000000,2.000000,520.464722,291.530304,,,,0.025000,
SP_T_Yoga_1,posenet,5,0.165571,ok,1,direct,1.000000,2,right_eye,0,0,0.000000,0.000000,0.000000,2.000000,504.224792,291.530304,,,,0.025000,
SP_T_Yoga_1,posenet,5,0.165571,ok,1,direct,1.000000,3,left_ear,0,0,0.000000,0.000000,0.000000,2.000000,530.972900,301.132141,,,,0.035000,
SP_T_Yoga_1,posenet,5,0.165571,ok,1,direct,1.000000,4,right_ear,0,0,0.000000,0.000000,0.000000,2.000000,492.761292,300.171936,,,,0.035000,
SP_T_Yoga_1,posenet,5,0.165571,ok,1,direct,1.000000,5,left_shoulder,1,1,2.000000,554.530000,359.360000,2.000000,550.078674,354.902466,6.299517,43.986202,1,0.079000,0.936385
SP_T_Yoga_1,posenet,5,0.165571,ok,1,direct,1.000000,6,right_shoulder,1,1,2.000000,473.030000,356.770000,2.000000,474.610779,354.902466,2.446742,43.986202,1,0.079000,0.990133
SP_T_Yoga_1,posenet,5,0.165571,ok,1,direct,1.000000,7,left_elbow,1,1,2.000000,568.410000,416.660000,2.000000,571.095032,416.354279,2.702381,43.986202,1,0.072000,0.985543
SP_T_Yoga_1,posenet,5,0.165571,ok,1,direct,1.000000,8,right_elbow,1,1,2.000000,461.580000,418.810000,2.000000,463.147339,418.274658,1.656243,43.986202,1,0.072000,0.994545
SP_T_Yoga_1,posenet,5,0.165571,ok,1,direct,1.000000,9,left_wrist,1,1,2.000000,581.900000,472.500000,2.000000,581.603210,471.084808,1.445978,43.986202,1,0.062000,0.994393
SP_T_Yoga_1,posenet,5,0.165571,ok,1,direct,1.000000,10,right_wrist,1,1,2.000000,453.510000,476.050000,2.000000,453.594421,473.965332,2.086377,43.986202,1,0.062000,0.988362
SP_T_Yoga_1,posenet,5,0.165571,ok,1,direct,1.000000,11,left_hip,1,1,2.000000,539.730000,473.540000,2.000000,542.436340,485.487579,12.250262,43.986202,1,0.107000,0.873284
SP_T_Yoga_1,posenet,5,0.165571,ok,1,direct,1.000000,12,right_hip,1,1,2.000000,491.190000,473.140000,2.000000,490.850708,485.487579,12.352240,43.986202,1,0.107000,0.871308
SP_T_Yoga_1,posenet,5,0.165571,ok,1,direct,1.000000,13,left_knee,1,1,2.000000,536.950000,574.620000,2.000000,538.615234,575.744934,2.009598,43.986202,1,0.087000,0.994500
SP_T_Yoga_1,posenet,5,0.165571,ok,1,direct,1.000000,14,right_knee,1,1,2.000000,486.540000,571.740000,2.000000,487.984833,577.665283,6.098895,43.986202,1,0.087000,0.950469
SP_T_Yoga_1,posenet,5,0.165571,ok,1,direct,1.000000,15,left_ankle,1,1,2.000000,530.400000,671.480000,2.000000,530.017578,658.320801,13.164755,43.986202,1,0.089000,0.797579
SP_T_Yoga_1,posenet,5,0.165571,ok,1,direct,1.000000,16,right_ankle,1,1,2.000000,493.200000,674.840000,2.000000,487.984833,664.081848,11.955576,43.986202,1,0.089000,0.829830
SP_T_Yoga_1,posenet,6,0.198686,ok,1,direct,1.000000,0,nose,1,1,2.000000,514.540000,298.100000,2.000000,514.110718,298.973450,0.973241,47.281665,1,0.026000,0.987543
SP_T_Yoga_1,posenet,6,0.198686,ok,1,direct,1.000000,1,left_eye,0,0,0.000000,0.000000,0.000000,2.000000,521.768982,291.298553,,,,0.025000,
SP_T_Yoga_1,posenet,6,0.198686,ok,1,direct,1.000000,2,right_eye,0,0,0.000000,0.000000,0.000000,2.000000,505.495178,292.257904,,,,0.025000,
SP_T_Yoga_1,posenet,6,0.198686,ok,1,direct,1.000000,3,left_ear,0,0,0.000000,0.000000,0.000000,2.000000,533.256409,300.892181,,,,0.035000,
SP_T_Yoga_1,posenet,6,0.198686,ok,1,direct,1.000000,4,right_ear,0,0,0.000000,0.000000,0.000000,2.000000,493.050507,299.932800,,,,0.035000,
SP_T_Yoga_1,posenet,6,0.198686,ok,1,direct,1.000000,5,left_shoulder,1,1,2.000000,555.270000,359.770000,2.000000,552.402039,354.616486,5.897789,47.281665,1,0.079000,0.951361
SP_T_Yoga_1,posenet,6,0.198686,ok,1,direct,1.000000,6,right_shoulder,1,1,2.000000,475.660000,356.770000,2.000000,474.862091,355.575867,1.436180,47.281665,1,0.079000,0.997048
SP_T_Yoga_1,posenet,6,0.198686,ok,1,direct,1.000000,7,left_elbow,1,1,2.000000,575.260000,412.880000,2.000000,576.334106,411.218933,1.978092,47.281665,1,0.072000,0.993270
SP_T_Yoga_1,posenet,6,0.198686,ok,1,direct,1.000000,8,right_elbow,1,1,2.000000,460.170000,417.150000,2.000000,459.545593,421.771912,4.663899,47.281665,1,0.072000,0.963157
SP_T_Yoga_1,posenet,6,0.198686,ok,1,direct,1.000000,9,left_wrist,1,1,2.000000,592.760000,463.760000,2.000000,590.693359,463.983887,2.078732,47.281665,1,0.062000,0.989994
SP_T_Yoga_1,posenet,6,0.198686,ok,1,direct,1.000000,10,right_wrist,1,1,2.000000,444.060000,473.930000,2.000000,445.186340,474.536896,1.279439,47.281665,1,0.062000,0.996197
SP_T_Yoga_1,posenet,6,0.198686,ok,1,direct,1.000000,11,left_hip,1,1,2.000000,541.250000,473.690000,2.000000,543.786438,483.171143,9.814560,47.281665,1,0.107000,0.927494
SP_T_Yoga_1,posenet,6,0.198686,ok,1,direct,1.000000,12,right_hip,1,1,2.000000,492.070000,473.140000,2.000000,493.050507,484.130524,11.034174,47.281665,1,0.107000,0.909247
SP_T_Yoga_1,posenet,6,0.198686,ok,1,direct,1.000000,13,left_knee,1,1,2.000000,537.270000,574.620000,2.000000,539.000061,575.270020,1.848144,47.281665,1,0.087000,0.995971
SP_T_Yoga_1,posenet,6,0.198686,ok,1,direct,1.000000,14,right_knee,1,1,2.000000,486.870000,571.670000,2.000000,489.221375,576.229370,5.129992,47.281665,1,0.087000,0.969373
SP_T_Yoga_1,posenet,6,0.198686,ok,1,direct,1.000000,15,left_ankle,1,1,2.000000,530.400000,671.480000,2.000000,530.384521,658.734619,12.745390,47.281665,1,0.089000,0.832375
SP_T_Yoga_1,posenet,6,0.198686,ok,1,direct,1.000000,16,right_ankle,1,1,2.000000,493.870000,673.950000,2.000000,487.306793,664.490784,11.513143,47.281665,1,0.089000,0.860957
SP_T_Yoga_1,posenet,7,0.231800,ok,1,direct,1.000000,0,nose,1,1,2.000000,515.730000,298.100000,2.000000,515.631592,298.829102,0.735713,50.349749,1,0.026000,0.993703
SP_T_Yoga_1,posenet,7,0.231800,ok,1,direct,1.000000,1,left_eye,0,0,0.000000,0.000000,0.000000,2.000000,523.305237,292.102936,,,,0.025000,
SP_T_Yoga_1,posenet,7,0.231800,ok,1,direct,1.000000,2,right_eye,0,0,0.000000,0.000000,0.000000,2.000000,506.998718,292.102936,,,,0.025000,
SP_T_Yoga_1,posenet,7,0.231800,ok,1,direct,1.000000,3,left_ear,0,0,0.000000,0.000000,0.000000,2.000000,534.815674,301.711700,,,,0.035000,
SP_T_Yoga_1,posenet,7,0.231800,ok,1,direct,1.000000,4,right_ear,0,0,0.000000,0.000000,0.000000,2.000000,495.488281,300.750824,,,,0.035000,
SP_T_Yoga_1,posenet,7,0.231800,ok,1,direct,1.000000,5,left_shoulder,1,1,2.000000,556.020000,360.170000,2.000000,555.918152,356.481750,3.689655,50.349749,1,0.079000,0.982938
SP_T_Yoga_1,posenet,7,0.231800,ok,1,direct,1.000000,6,right_shoulder,1,1,2.000000,478.300000,356.770000,2.000000,478.222595,355.520844,1.251552,50.349749,1,0.079000,0.998022
SP_T_Yoga_1,posenet,7,0.231800,ok,1,direct,1.000000,7,left_elbow,1,1,2.000000,582.110000,409.100000,2.000000,582.775940,411.251740,2.252434,50.349749,1,0.072000,0.992309
SP_T_Yoga_1,posenet,7,0.231800,ok,1,direct,1.000000,8,right_elbow,1,1,2.000000,458.750000,415.500000,2.000000,456.160889,418.938751,4.304475,50.349749,1,0.072000,0.972196
SP_T_Yoga_1,posenet,7,0.231800,ok,1,direct,1.000000,9,left_wrist,1,1,2.000000,603.630000,455.020000,2.000000,602.919250,451.608551,3.484702,50.349749,1,0.062000,0.975386
SP_T_Yoga_1,posenet,7,0.231800,ok,1,direct,1.000000,10,right_wrist,1,1,2.000000,434.610000,471.800000,2.000000,434.099152,472.747894,1.076787,50.349749,1,0.062000,0.997623
SP_T_Yoga_1,posenet,7,0.231800,ok,1,direct,1.000000,11,left_hip,1,1,2.000000,542.780000,473.840000,2.000000,544.407715,483.317535,9.616295,50.349749,1,0.107000,0.938267
SP_T_Yoga_1,posenet,7,0.231800,ok,1,direct,1.000000,12,right_hip,1,1,2.000000,492.940000,473.140000,2.000000,495.488281,483.317535,10.491709,50.349749,1,0.107000,0.926954
SP_T_Yoga_1,posenet,7,0.231800,ok,1,direct,1.000000,13,left_knee,1,1,2.000000,537.600000,574.620000,2.000000,538.652466,575.561707,1.412266,50.349749,1,0.087000,0.997923
SP_T_Yoga_1,posenet,7,0.231800,ok,1,direct,1.000000,14,right_knee,1,1,2.000000,487.210000,571.600000,2.000000,489.733032,575.561707,4.696894,50.349749,1,0.087000,0.977268
SP_T_Yoga_1,posenet,7,0.231800,ok,1,direct,1.000000,15,left_ankle,1,1,2.000000,530.400000,671.480000,2.000000,530.019653,659.158081,12.327788,50.349749,1,0.089000,0.859534
SP_T_Yoga_1,posenet,7,0.231800,ok,1,direct,1.000000,16,right_ankle,1,1,2.000000,494.540000,673.070000,2.000000,487.814636,662.040649,12.918092,50.349749,1,0.089000,0.846870
SP_T_Yoga_1,posenet,8,0.264914,ok,1,direct,1.000000,0,nose,1,1,2.000000,517.730000,298.690000,2.000000,518.022644,300.133179,1.472551,53.326162,1,0.026000,0.977692
SP_T_Yoga_1,posenet,8,0.264914,ok,1,direct,1.000000,1,left_eye,0,0,0.000000,0.000000,0.000000,2.000000,525.688782,292.444336,,,,0.025000,
SP_T_Yoga_1,posenet,8,0.264914,ok,1,direct,1.000000,2,right_eye,0,0,0.000000,0.000000,0.000000,2.000000,509.398224,292.444336,,,,0.025000,
SP_T_Yoga_1,posenet,8,0.264914,ok,1,direct,1.000000,3,left_ear,0,0,0.000000,0.000000,0.000000,2.000000,537.187927,301.094269,,,,0.035000,
SP_T_Yoga_1,posenet,8,0.264914,ok,1,direct,1.000000,4,right_ear,0,0,0.000000,0.000000,0.000000,2.000000,495.982513,301.094269,,,,0.035000,
SP_T_Yoga_1,posenet,8,0.264914,ok,1,direct,1.000000,5,left_shoulder,1,1,2.000000,558.930000,360.490000,2.000000,557.311523,355.877319,4.888383,53.326162,1,0.079000,0.973430
SP_T_Yoga_1,posenet,8,0.264914,ok,1,direct,1.000000,6,right_shoulder,1,1,2.000000,478.660000,356.040000,2.000000,478.733734,354.916229,1.126187,53.326162,1,0.079000,0.998572
SP_T_Yoga_1,posenet,8,0.264914,ok,1,direct,1.000000,7,left_elbow,1,1,2.000000,588.670000,402.910000,2.000000,590.850769,405.854858,3.664416,53.326162,1,0.072000,0.981947
SP_T_Yoga_1,posenet,8,0.264914,ok,1,direct,1.000000,8,right_elbow,1,1,2.000000,457.110000,408.030000,2.000000,452.860565,412.582581,6.227655,53.326162,1,0.072000,0.948742
SP_T_Yoga_1,posenet,8,0.264914,ok,1,direct,1.000000,9,left_wrist,1,1,2.000000,615.480000,439.890000,2.000000,618.640503,440.454651,3.210547,53.326162,1,0.062000,0.981317
SP_T_Yoga_1,posenet,8,0.264914,ok,1,direct,1.000000,10,right_wrist,1,1,2.000000,425.140000,458.130000,2.000000,423.154327,459.676788,2.517032,53.326162,1,0.062000,0.988475
SP_T_Yoga_1,posenet,8,0.264914,ok,1,direct,1.000000,11,left_hip,1,1,2.000000,544.600000,474.020000,2.000000,547.728821,483.704437,10.177320,53.326162,1,0.107000,0.938354
SP_T_Yoga_1,posenet,8,0.264914,ok,1,direct,1.000000,12,right_hip,1,1,2.000000,494.220000,473.050000,2.000000,495.982513,483.704437,10.799235,53.326162,1,0.107000,0.930864
SP_T_Yoga_1,posenet,8,0.264914,ok,1,direct,1.000000,13,left_knee,1,1,2.000000,537.930000,574.620000,2.000000,540.062744,575.970642,2.524447,53.326162,1,0.087000,0.994096
SP_T_Yoga_1,posenet,8,0.264914,ok,1,direct,1.000000,14,right_knee,1,1,2.000000,486.030000,570.420000,2.000000,490.232910,575.970642,6.962333,53.326162,1,0.087000,0.955957
SP_T_Yoga_1,posenet,8,0.264914,ok,1,direct,1.000000,15,left_ankle,1,1,2.000000,530.400000,671.480000,2.000000,531.438293,659.586853,11.938383,53.326162,1,0.089000,0.881131
SP_T_Yoga_1,posenet,8,0.264914,ok,1,direct,1.000000,16,right_ankle,1,1,2.000000,495.220000,672.190000,2.000000,488.316376,662.470215,11.922007,53.326162,1,0.089000,0.881436
SP_T_Yoga_1,posenet,9,0.298029,ok,1,direct,1.000000,0,nose,1,1,2.000000,519.730000,299.270000,2.000000,519.976501,300.285126,1.044626,56.137578,1,0.026000,0.989808
SP_T_Yoga_1,posenet,9,0.298029,ok,1,direct,1.000000,1,left_eye,0,0,0.000000,0.000000,0.000000,2.000000,526.674927,292.602722,,,,0.025000,
SP_T_Yoga_1,posenet,9,0.298029,ok,1,direct,1.000000,2,right_eye,0,0,0.000000,0.000000,0.000000,2.000000,511.364227,292.602722,,,,0.025000,
SP_T_Yoga_1,posenet,9,0.298029,ok,1,direct,1.000000,3,left_ear,0,0,0.000000,0.000000,0.000000,2.000000,539.114868,300.285126,,,,0.035000,
SP_T_Yoga_1,posenet,9,0.298029,ok,1,direct,1.000000,4,right_ear,0,0,0.000000,0.000000,0.000000,2.000000,497.967407,300.285126,,,,0.035000,
SP_T_Yoga_1,posenet,9,0.298029,ok,1,direct,1.000000,5,left_shoulder,1,1,2.000000,561.840000,360.810000,2.000000,559.210083,355.982269,5.497586,56.137578,1,0.079000,0.969734
SP_T_Yoga_1,posenet,9,0.298029,ok,1,direct,1.000000,6,right_shoulder,1,1,2.000000,479.030000,355.310000,2.000000,477.872162,355.021973,1.193126,56.137578,1,0.079000,0.998553
SP_T_Yoga_1,posenet,9,0.298029,ok,1,direct,1.000000,7,left_elbow,1,1,2.000000,595.230000,396.710000,2.000000,594.616028,395.354401,1.488157,56.137578,1,0.072000,0.997293
SP_T_Yoga_1,posenet,9,0.298029,ok,1,direct,1.000000,8,right_elbow,1,1,2.000000,455.470000,400.550000,2.000000,446.293915,410.719116,13.697133,56.137578,1,0.072000,0.794790
SP_T_Yoga_1,posenet,9,0.298029,ok,1,direct,1.000000,9,left_wrist,1,1,2.000000,627.330000,424.770000,2.000000,631.935730,426.083832,4.789457,56.137578,1,0.062000,0.962837
SP_T_Yoga_1,posenet,9,0.298029,ok,1,direct,1.000000,10,right_wrist,1,1,2.000000,415.660000,444.470000,2.000000,410.887970,449.130920,6.670566,56.137578,1,0.062000,0.929171
SP_T_Yoga_1,posenet,9,0.298029,ok,1,direct,1.000000,11,left_hip,1,1,2.000000,546.420000,474.210000,2.000000,549.640930,483.701569,10.023186,56.137578,1,0.107000,0.945834
SP_T_Yoga_1,posenet,9,0.298029,ok,1,direct,1.000000,12,right_hip,1,1,2.000000,495.490000,472.960000,2.000000,496.053558,483.701569,10.756342,56.137578,1,0.107000,0.937880
SP_T_Yoga_1,posenet,9,0.298029,ok,1,direct,1.000000,13,left_knee,1,1,2.000000,538.260000,574.620000,2.000000,541.028625,574.929688,2.785892,56.137578,1,0.087000,0.993514
SP_T_Yoga_1,posenet,9,0.298029,ok,1,direct,1.000000,14,right_knee,1,1,2.000000,484.840000,569.230000,2.000000,490.312073,576.850220,9.381435,56.137578,1,0.087000,0.928863
SP_T_Yoga_1,posenet,9,0.298029,ok,1,direct,1.000000,15,left_ankle,1,1,2.000000,530.400000,671.480000,2.000000,531.459473,658.475403,13.047683,56.137578,1,0.089000,0.872495
SP_T_Yoga_1,posenet,9,0.298029,ok,1,direct,1.000000,16,right_ankle,1,1,2.000000,495.890000,671.300000,2.000000,488.398224,663.276855,10.977138,56.137578,1,0.089000,0.907971
SP_T_Yoga_1,posenet,10,0.331143,ok,1,direct,1.000000,0,nose,1,1,2.000000,521.730000,299.860000,2.000000,520.914673,301.049561,1.442156,58.850232,1,0.026000,0.982390
SP_T_Yoga_1,posenet,10,0.331143,ok,1,direct,1.000000,1,left_eye,0,0,0.000000,0.000000,0.000000,2.000000,528.580139,292.400513,,,,0.025000,
SP_T_Yoga_1,posenet,10,0.331143,ok,1,direct,1.000000,2,right_eye,0,0,0.000000,0.000000,0.000000,2.000000,512.290894,292.400513,,,,0.025000,
SP_T_Yoga_1,posenet,10,0.331143,ok,1,direct,1.000000,3,left_ear,0,0,0.000000,0.000000,0.000000,2.000000,539.120300,302.010559,,,,0.035000,
SP_T_Yoga_1,posenet,10,0.331143,ok,1,direct,1.000000,4,right_ear,0,0,0.000000,0.000000,0.000000,2.000000,499.834381,301.049561,,,,0.035000,
SP_T_Yoga_1,posenet,10,0.331143,ok,1,direct,1.000000,5,left_shoulder,1,1,2.000000,564.750000,361.120000,2.000000,561.158813,356.787872,5.627073,58.850232,1,0.079000,0.971127
SP_T_Yoga_1,posenet,10,0.331143,ok,1,direct,1.000000,6,right_shoulder,1,1,2.000000,479.390000,354.580000,2.000000,480.670471,351.982819,2.895679,58.850232,1,0.079000,0.992271
SP_T_Yoga_1,posenet,10,0.331143,ok,1,direct,1.000000,7,left_elbow,1,1,2.000000,601.790000,390.510000,2.000000,605.235718,388.501038,3.988596,58.850232,1,0.072000,0.982434
SP_T_Yoga_1,posenet,10,0.331143,ok,1,direct,1.000000,8,right_elbow,1,1,2.000000,453.830000,393.080000,2.000000,448.091888,398.111084,7.631365,58.850232,1,0.072000,0.937185
SP_T_Yoga_1,posenet,10,0.331143,ok,1,direct,1.000000,9,left_wrist,1,1,2.000000,639.170000,409.640000,2.000000,646.438049,411.565155,7.518694,58.850232,1,0.062000,0.918581
SP_T_Yoga_1,posenet,10,0.331143,ok,1,direct,1.000000,10,right_wrist,1,1,2.000000,406.180000,430.800000,2.000000,405.931335,428.863251,1.952647,58.850232,1,0.062000,0.994288
SP_T_Yoga_1,posenet,10,0.331143,ok,1,direct,1.000000,11,left_hip,1,1,2.000000,548.250000,474.390000,2.000000,549.660400,484.601532,10.308473,58.850232,1,0.107000,0.947812
SP_T_Yoga_1,posenet,10,0.331143,ok,1,direct,1.000000,12,right_hip,1,1,2.000000,496.770000,472.870000,2.000000,496.959747,485.562561,12.693979,58.850232,1,0.107000,0.921939
SP_T_Yoga_1,posenet,10,0.331143,ok,1,direct,1.000000,13,left_knee,1,1,2.000000,538.590000,574.620000,2.000000,541.036682,573.014038,2.926665,58.850232,1,0.087000,0.993486
SP_T_Yoga_1,posenet,10,0.331143,ok,1,direct,1.000000,14,right_knee,1,1,2.000000,483.660000,568.050000,2.000000,488.336029,576.858032,9.972296,58.850232,1,0.087000,0.926934
SP_T_Yoga_1,posenet,10,0.331143,ok,1,direct,1.000000,15,left_ankle,1,1,2.000000,530.400000,671.480000,2.000000,531.454773,657.582458,13.937511,58.850232,1,0.089000,0.867951
SP_T_Yoga_1,posenet,10,0.331143,ok,1,direct,1.000000,16,right_ankle,1,1,2.000000,496.560000,670.420000,2.000000,487.377838,664.309509,11.029515,58.850232,1,0.089000,0.915131
SP_T_Yoga_1,posenet,11,0.364257,ok,1,direct,1.000000,0,nose,1,1,2.000000,523.050000,300.070000,2.000000,522.527649,299.567139,0.725066,60.624457,1,0.026000,0.995777
SP_T_Yoga_1,posenet,11,0.364257,ok,1,direct,1.000000,1,left_eye,0,0,0.000000,0.000000,0.000000,2.000000,531.166565,291.885559,,,,0.025000,
SP_T_Yoga_1,posenet,11,0.364257,ok,1,direct,1.000000,2,right_eye,0,0,0.000000,0.000000,0.000000,2.000000,513.888855,291.885559,,,,0.025000,
SP_T_Yoga_1,posenet,11,0.364257,ok,1,direct,1.000000,3,left_ear,0,0,0.000000,0.000000,0.000000,2.000000,541.725159,300.527313,,,,0.035000,
SP_T_Yoga_1,posenet,11,0.364257,ok,1,direct,1.000000,4,right_ear,0,0,0.000000,0.000000,0.000000,2.000000,501.410461,299.567139,,,,0.035000,
SP_T_Yoga_1,posenet,11,0.364257,ok,1,direct,1.000000,5,left_shoulder,1,1,2.000000,565.730000,360.060000,2.000000,563.802246,353.338135,6.992833,60.624457,1,0.079000,0.958259
SP_T_Yoga_1,posenet,11,0.364257,ok,1,direct,1.000000,6,right_shoulder,1,1,2.000000,481.930000,354.580000,2.000000,480.293274,353.338135,2.054532,60.624457,1,0.079000,0.996326
SP_T_Yoga_1,posenet,11,0.364257,ok,1,direct,1.000000,7,left_elbow,1,1,2.000000,604.710000,380.850000,2.000000,609.876099,381.183807,5.176872,60.624457,1,0.072000,0.972260
SP_T_Yoga_1,posenet,11,0.364257,ok,1,direct,1.000000,8,right_elbow,1,1,2.000000,450.730000,387.250000,2.000000,441.898376,391.746002,9.910177,60.624457,1,0.072000,0.902042
SP_T_Yoga_1,posenet,11,0.364257,ok,1,direct,1.000000,9,left_wrist,1,1,2.000000,647.920000,391.420000,2.000000,653.070374,390.785767,5.189277,60.624457,1,0.062000,0.962596
SP_T_Yoga_1,posenet,11,0.364257,ok,1,direct,1.000000,10,right_wrist,1,1,2.000000,400.530000,413.120000,2.000000,396.784363,414.790710,4.101350,60.624457,1,0.062000,0.976469
SP_T_Yoga_1,posenet,11,0.364257,ok,1,direct,1.000000,11,left_hip,1,1,2.000000,548.410000,473.650000,2.000000,551.323853,485.845245,12.538522,60.624457,1,0.107000,0.928000
SP_T_Yoga_1,posenet,11,0.364257,ok,1,direct,1.000000,12,right_hip,1,1,2.000000,498.050000,472.780000,2.000000,497.571045,486.805450,14.033626,60.624457,1,0.107000,0.910641
SP_T_Yoga_1,posenet,11,0.364257,ok,1,direct,1.000000,13,left_knee,1,1,2.000000,539.130000,574.430000,2.000000,541.725159,573.223145,2.862053,60.624457,1,0.087000,0.994128
SP_T_Yoga_1,posenet,11,0.364257,ok,1,direct,1.000000,14,right_knee,1,1,2.000000,482.470000,566.860000,2.000000,487.972260,573.223145,8.412162,60.624457,1,0.087000,0.950397
SP_T_Yoga_1,posenet,11,0.364257,ok,1,direct,1.000000,15,left_ankle,1,1,2.000000,530.400000,671.480000,2.000000,531.166565,658.680603,12.822331,60.624457,1,0.089000,0.893195
SP_T_Yoga_1,posenet,11,0.364257,ok,1,direct,1.000000,16,right_ankle,1,1,2.000000,497.230000,669.540000,2.000000,487.012421,663.481567,11.878701,60.624457,1,0.089000,0.907613
SP_T_Yoga_1,posenet,12,0.397371,ok,1,direct,1.000000,0,nose,1,1,2.000000,524.370000,300.270000,2.000000,523.721191,301.412170,1.313585,62.347114,1,0.026000,0.986953
SP_T_Yoga_1,posenet,12,0.397371,ok,1,direct,1.000000,1,left_eye,0,0,0.000000,0.000000,0.000000,2.000000,533.299561,293.728516,,,,0.025000,
SP_T_Yoga_1,posenet,12,0.397371,ok,1,direct,1.000000,2,right_eye,0,0,0.000000,0.000000,0.000000,2.000000,516.058472,293.728516,,,,0.025000,
SP_T_Yoga_1,posenet,12,0.397371,ok,1,direct,1.000000,3,left_ear,0,0,0.000000,0.000000,0.000000,2.000000,543.835693,301.412170,,,,0.035000,
SP_T_Yoga_1,posenet,12,0.397371,ok,1,direct,1.000000,4,right_ear,0,0,0.000000,0.000000,0.000000,2.000000,503.606537,301.412170,,,,0.035000,
SP_T_Yoga_1,posenet,12,0.397371,ok,1,direct,1.000000,5,left_shoulder,1,1,2.000000,566.710000,359.000000,2.000000,562.992432,351.355865,8.500183,62.347114,1,0.079000,0.942173
SP_T_Yoga_1,posenet,12,0.397371,ok,1,direct,1.000000,6,right_shoulder,1,1,2.000000,484.460000,354.580000,2.000000,482.534149,352.316315,2.972065,62.347114,1,0.079000,0.992744
SP_T_Yoga_1,posenet,12,0.397371,ok,1,direct,1.000000,7,left_elbow,1,1,2.000000,607.630000,371.200000,2.000000,618.546997,366.723145,11.799282,62.347114,1,0.072000,0.870942
SP_T_Yoga_1,posenet,12,0.397371,ok,1,direct,1.000000,8,right_elbow,1,1,2.000000,447.630000,381.420000,2.000000,431.768768,384.971802,16.254045,62.347114,1,0.072000,0.769347
SP_T_Yoga_1,posenet,12,0.397371,ok,1,direct,1.000000,9,left_wrist,1,1,2.000000,656.670000,373.190000,2.000000,653.029114,370.564941,4.488539,62.347114,1,0.062000,0.973394
SP_T_Yoga_1,posenet,12,0.397371,ok,1,direct,1.000000,10,right_wrist,1,1,2.000000,394.880000,395.440000,2.000000,390.581787,395.536804,4.299303,62.347114,1,0.062000,0.975563
SP_T_Yoga_1,posenet,12,0.397371,ok,1,direct,1.000000,11,left_hip,1,1,2.000000,548.570000,472.920000,2.000000,551.498413,484.859192,12.293084,62.347114,1,0.107000,0.934342
SP_T_Yoga_1,posenet,12,0.397371,ok,1,direct,1.000000,12,right_hip,1,1,2.000000,499.320000,472.690000,2.000000,498.817413,484.859192,12.179566,62.347114,1,0.107000,0.935509
SP_T_Yoga_1,posenet,12,0.397371,ok,1,direct,1.000000,13,left_knee,1,1,2.000000,539.680000,574.250000,2.000000,543.835693,573.221130,4.281163,62.347114,1,0.087000,0.987618
SP_T_Yoga_1,posenet,12,0.397371,ok,1,direct,1.000000,14,right_knee,1,1,2.000000,481.290000,565.680000,2.000000,486.365479,572.260681,8.310586,62.347114,1,0.087000,0.954136
SP_T_Yoga_1,posenet,12,0.397371,ok,1,direct,1.000000,15,left_ankle,1,1,2.000000,530.400000,671.480000,2.000000,532.341614,657.741211,13.875309,62.347114,1,0.089000,0.882448
SP_T_Yoga_1,posenet,12,0.397371,ok,1,direct,1.000000,16,right_ankle,1,1,2.000000,497.910000,668.660000,2.000000,488.281158,660.622559,12.542530,62.347114,1,0.089000,0.902862
SP_T_Yoga_1,posenet,13,0.430486,ok,1,direct,1.000000,0,nose,1,1,2.000000,525.690000,300.470000,2.000000,524.362488,299.730408,1.519633,64.021638,1,0.026000,0.983469
SP_T_Yoga_1,posenet,13,0.430486,ok,1,direct,1.000000,1,left_eye,0,0,0.000000,0.000000,0.000000,2.000000,533.941650,292.056549,,,,0.025000,
SP_T_Yoga_1,posenet,13,0.430486,ok,1,direct,1.000000,2,right_eye,0,0,0.000000,0.000000,0.000000,2.000000,515.741150,292.056549,,,,0.025000,
SP_T_Yoga_1,posenet,13,0.430486,ok,1,direct,1.000000,3,left_ear,0,0,0.000000,0.000000,0.000000,2.000000,545.436768,299.730408,,,,0.035000,
SP_T_Yoga_1,posenet,13,0.430486,ok,1,direct,1.000000,4,right_ear,0,0,0.000000,0.000000,0.000000,2.000000,503.288177,299.730408,,,,0.035000,
SP_T_Yoga_1,posenet,13,0.430486,ok,1,direct,1.000000,5,left_shoulder,1,1,2.000000,567.690000,357.940000,2.000000,565.553162,352.488159,5.855651,64.021638,1,0.079000,0.973548
SP_T_Yoga_1,posenet,13,0.430486,ok,1,direct,1.000000,6,right_shoulder,1,1,2.000000,486.990000,354.580000,2.000000,481.255951,353.447388,5.844838,64.021638,1,0.079000,0.973644
SP_T_Yoga_1,posenet,13,0.430486,ok,1,direct,1.000000,7,left_elbow,1,1,2.000000,610.540000,361.540000,2.000000,628.776001,358.243561,18.531547,64.021638,1,0.072000,0.723795
SP_T_Yoga_1,posenet,13,0.430486,ok,1,direct,1.000000,8,right_elbow,1,1,2.000000,444.530000,375.590000,2.000000,426.654358,375.509766,17.875822,64.021638,1,0.072000,0.740243
SP_T_Yoga_1,posenet,13,0.430486,ok,1,direct,1.000000,9,left_wrist,1,1,2.000000,665.420000,354.970000,2.000000,665.177002,352.488159,2.493708,64.021638,1,0.062000,0.992137
SP_T_Yoga_1,posenet,13,0.430486,ok,1,direct,1.000000,10,right_wrist,1,1,2.000000,389.230000,377.760000,2.000000,385.463715,376.468994,3.981407,64.021638,1,0.062000,0.980079
SP_T_Yoga_1,posenet,13,0.430486,ok,1,direct,1.000000,11,left_hip,1,1,2.000000,548.740000,472.180000,2.000000,551.184265,484.862183,12.915579,64.021638,1,0.107000,0.931374
SP_T_Yoga_1,posenet,13,0.430486,ok,1,direct,1.000000,12,right_hip,1,1,2.000000,500.600000,472.600000,2.000000,498.498566,484.862183,12.440946,64.021638,1,0.107000,0.936163
SP_T_Yoga_1,posenet,13,0.430486,ok,1,direct,1.000000,13,left_knee,1,1,2.000000,540.230000,574.070000,2.000000,541.605042,572.152222,2.359791,64.021638,1,0.087000,0.996417
SP_T_Yoga_1,posenet,13,0.430486,ok,1,direct,1.000000,14,right_knee,1,1,2.000000,480.100000,564.490000,2.000000,481.255951,568.315308,3.996148,64.021638,1,0.087000,0.989758
SP_T_Yoga_1,posenet,13,0.430486,ok,1,direct,1.000000,15,left_ankle,1,1,2.000000,530.400000,671.480000,2.000000,532.983765,657.523987,14.193172,64.021638,1,0.089000,0.883296
SP_T_Yoga_1,posenet,13,0.430486,ok,1,direct,1.000000,16,right_ankle,1,1,2.000000,498.580000,667.770000,2.000000,488.919312,655.605469,15.533986,64.021638,1,0.089000,0.861872
SP_T_Yoga_1,posenet,14,0.463600,ok,1,direct,1.000000,0,nose,1,1,2.000000,527.120000,300.470000,2.000000,525.377258,302.003998,2.321702,64.352262,1,0.026000,0.962223
SP_T_Yoga_1,posenet,14,0.463600,ok,1,direct,1.000000,1,left_eye,0,0,0.000000,0.000000,0.000000,2.000000,534.979126,293.358643,,,,0.025000,
SP_T_Yoga_1,posenet,14,0.463600,ok,1,direct,1.000000,2,right_eye,0,0,0.000000,0.000000,0.000000,2.000000,517.695740,293.358643,,,,0.025000,
SP_T_Yoga_1,posenet,14,0.463600,ok,1,direct,1.000000,3,left_ear,0,0,0.000000,0.000000,0.000000,2.000000,546.501343,302.003998,,,,0.035000,
SP_T_Yoga_1,posenet,14,0.463600,ok,1,direct,1.000000,4,right_ear,0,0,0.000000,0.000000,0.000000,2.000000,505.213409,302.003998,,,,0.035000,
SP_T_Yoga_1,posenet,14,0.463600,ok,1,direct,1.000000,5,left_shoulder,1,1,2.000000,568.670000,356.870000,2.000000,567.625427,350.033905,6.915441,64.352262,1,0.079000,0.963669
SP_T_Yoga_1,posenet,14,0.463600,ok,1,direct,1.000000,6,right_shoulder,1,1,2.000000,489.520000,354.580000,2.000000,483.129120,350.994507,7.327968,64.352262,1,0.079000,0.959297
SP_T_Yoga_1,posenet,14,0.463600,ok,1,direct,1.000000,7,left_elbow,1,1,2.000000,615.240000,353.570000,2.000000,621.395813,349.073273,7.623293,64.352262,1,0.072000,0.947299
SP_T_Yoga_1,posenet,14,0.463600,ok,1,direct,1.000000,8,right_elbow,1,1,2.000000,443.720000,369.260000,2.000000,423.597626,364.442871,20.690932,64.352262,1,0.072000,0.671099
SP_T_Yoga_1,posenet,14,0.463600,ok,1,direct,1.000000,9,left_wrist,1,1,2.000000,667.260000,337.410000,2.000000,666.524536,335.624939,1.930635,64.352262,1,0.062000,0.995328
SP_T_Yoga_1,posenet,14,0.463600,ok,1,direct,1.000000,10,right_wrist,1,1,2.000000,388.210000,359.790000,2.000000,388.070801,357.718689,2.075983,64.352262,1,0.062000,0.994600
SP_T_Yoga_1,posenet,14,0.463600,ok,1,direct,1.000000,11,left_hip,1,1,2.000000,548.900000,471.450000,2.000000,551.302307,481.635803,10.465260,64.352262,1,0.107000,0.954852
SP_T_Yoga_1,posenet,14,0.463600,ok,1,direct,1.000000,12,right_hip,1,1,2.000000,503.870000,470.970000,2.000000,498.492065,481.635803,11.944938,64.352262,1,0.107000,0.941588
SP_T_Yoga_1,posenet,14,0.463600,ok,1,direct,1.000000,13,left_knee,1,1,2.000000,541.860000,573.860000,2.000000,541.700439,567.128967,6.732924,64.352262,1,0.087000,0.971489
SP_T_Yoga_1,posenet,14,0.463600,ok,1,direct,1.000000,14,right_knee,1,1,2.000000,475.000000,559.390000,2.000000,477.368011,557.523010,3.015482,64.352262,1,0.087000,0.994215
SP_T_Yoga_1,posenet,14,0.463600,ok,1,direct,1.000000,15,left_ankle,1,1,2.000000,530.400000,671.480000,2.000000,534.018921,656.464600,15.445350,64.352262,1,0.089000,0.864632
SP_T_Yoga_1,posenet,14,0.463600,ok,1,direct,1.000000,16,right_ankle,1,1,2.000000,502.460000,657.770000,2.000000,492.730988,648.779846,13.246756,64.352262,1,0.089000,0.898535
SP_T_Yoga_1,posenet,15,0.496714,ok,1,direct,1.000000,0,nose,1,1,2.000000,528.550000,300.470000,2.000000,527.136047,301.241669,1.610818,64.680049,1,0.026000,0.981817
SP_T_Yoga_1,posenet,15,0.496714,ok,1,direct,1.000000,1,left_eye,0,0,0.000000,0.000000,0.000000,2.000000,534.806152,293.557709,,,,0.025000,
SP_T_Yoga_1,posenet,15,0.496714,ok,1,direct,1.000000,2,right_eye,0,0,0.000000,0.000000,0.000000,2.000000,516.589722,293.557709,,,,0.025000,
SP_T_Yoga_1,posenet,15,0.496714,ok,1,direct,1.000000,3,left_ear,0,0,0.000000,0.000000,0.000000,2.000000,544.393677,301.241669,,,,0.035000,
SP_T_Yoga_1,posenet,15,0.496714,ok,1,direct,1.000000,4,right_ear,0,0,0.000000,0.000000,0.000000,2.000000,505.084625,301.241669,,,,0.035000,
SP_T_Yoga_1,posenet,15,0.496714,ok,1,direct,1.000000,5,left_shoulder,1,1,2.000000,569.650000,355.810000,2.000000,568.362671,348.305939,7.613682,64.680049,1,0.079000,0.956567
SP_T_Yoga_1,posenet,15,0.496714,ok,1,direct,1.000000,6,right_shoulder,1,1,2.000000,492.050000,354.580000,2.000000,485.909454,350.226959,7.526969,64.680049,1,0.079000,0.957530
SP_T_Yoga_1,posenet,15,0.496714,ok,1,direct,1.000000,7,left_elbow,1,1,2.000000,619.940000,345.610000,2.000000,623.011902,340.622009,5.858040,64.680049,1,0.072000,0.968849
SP_T_Yoga_1,posenet,15,0.496714,ok,1,direct,1.000000,8,right_elbow,1,1,2.000000,442.900000,362.930000,2.000000,426.466461,356.950409,17.487616,64.680049,1,0.072000,0.754256
SP_T_Yoga_1,posenet,15,0.496714,ok,1,direct,1.000000,9,left_wrist,1,1,2.000000,669.090000,319.840000,2.000000,666.156006,318.530579,3.212928,64.680049,1,0.062000,0.987244
SP_T_Yoga_1,posenet,15,0.496714,ok,1,direct,1.000000,10,right_wrist,1,1,2.000000,387.190000,341.820000,2.000000,388.116150,340.622009,1.514244,64.680049,1,0.062000,0.997152
SP_T_Yoga_1,posenet,15,0.496714,ok,1,direct,1.000000,11,left_hip,1,1,2.000000,549.070000,470.710000,2.000000,551.104980,481.814819,11.289737,64.680049,1,0.107000,0.948170
SP_T_Yoga_1,posenet,15,0.496714,ok,1,direct,1.000000,12,right_hip,1,1,2.000000,507.130000,469.330000,2.000000,498.373322,480.854309,14.473739,64.680049,1,0.107000,0.916242
SP_T_Yoga_1,posenet,15,0.496714,ok,1,direct,1.000000,13,left_knee,1,1,2.000000,543.500000,573.660000,2.000000,543.434937,567.298889,6.361444,64.680049,1,0.087000,0.974764
SP_T_Yoga_1,posenet,15,0.496714,ok,1,direct,1.000000,14,right_knee,1,1,2.000000,469.890000,554.280000,2.000000,474.404358,554.812439,4.545648,64.680049,1,0.087000,0.987034
SP_T_Yoga_1,posenet,15,0.496714,ok,1,direct,1.000000,15,left_ankle,1,1,2.000000,530.400000,671.480000,2.000000,532.888550,655.664551,16.010038,64.680049,1,0.089000,0.856671
SP_T_Yoga_1,posenet,15,0.496714,ok,1,direct,1.000000,16,right_ankle,1,1,2.000000,506.340000,647.760000,2.000000,493.579498,632.612610,19.805904,64.680049,1,0.089000,0.789185
SP_T_Yoga_1,posenet,16,0.529829,ok,1,direct,1.000000,0,nose,1,1,2.000000,528.860000,300.470000,2.000000,527.795288,302.443207,2.242132,64.072614,1,0.026000,0.964419
SP_T_Yoga_1,posenet,16,0.529829,ok,1,direct,1.000000,1,left_eye,0,0,0.000000,0.000000,0.000000,2.000000,535.462280,295.720673,,,,0.025000,
SP_T_Yoga_1,posenet,16,0.529829,ok,1,direct,1.000000,2,right_eye,0,0,0.000000,0.000000,0.000000,2.000000,518.211487,295.720673,,,,0.025000,
SP_T_Yoga_1,posenet,16,0.529829,ok,1,direct,1.000000,3,left_ear,0,0,0.000000,0.000000,0.000000,2.000000,546.004456,299.562103,,,,0.035000,
SP_T_Yoga_1,posenet,16,0.529829,ok,1,direct,1.000000,4,right_ear,0,0,0.000000,0.000000,0.000000,2.000000,505.752655,300.522491,,,,0.035000,
SP_T_Yoga_1,posenet,16,0.529829,ok,1,direct,1.000000,5,left_shoulder,1,1,2.000000,569.650000,355.210000,2.000000,570.922180,349.500702,5.849319,64.072614,1,0.079000,0.973645
SP_T_Yoga_1,posenet,16,0.529829,ok,1,direct,1.000000,6,right_shoulder,1,1,2.000000,490.970000,354.580000,2.000000,485.626770,350.461090,6.746520,64.072614,1,0.079000,0.965094
SP_T_Yoga_1,posenet,16,0.529829,ok,1,direct,1.000000,7,left_elbow,1,1,2.000000,618.660000,339.600000,2.000000,623.632935,333.174652,8.124972,64.072614,1,0.072000,0.939846
SP_T_Yoga_1,posenet,16,0.529829,ok,1,direct,1.000000,8,right_elbow,1,1,2.000000,442.350000,355.710000,2.000000,429.082550,348.540375,15.080741,64.072614,1,0.072000,0.807566
SP_T_Yoga_1,posenet,16,0.529829,ok,1,direct,1.000000,9,left_wrist,1,1,2.000000,667.090000,305.990000,2.000000,664.843079,307.244965,2.573634,64.072614,1,0.062000,0.991641
SP_T_Yoga_1,posenet,16,0.529829,ok,1,direct,1.000000,10,right_wrist,1,1,2.000000,390.460000,327.660000,2.000000,390.747528,327.412506,0.379375,64.072614,1,0.062000,0.999818
SP_T_Yoga_1,posenet,16,0.529829,ok,1,direct,1.000000,11,left_hip,1,1,2.000000,550.430000,470.030000,2.000000,552.713074,477.228302,7.551687,64.072614,1,0.107000,0.976026
SP_T_Yoga_1,posenet,16,0.529829,ok,1,direct,1.000000,12,right_hip,1,1,2.000000,507.130000,468.650000,2.000000,499.043976,476.267914,11.109293,64.072614,1,0.107000,0.948839
SP_T_Yoga_1,posenet,16,0.529829,ok,1,direct,1.000000,13,left_knee,1,1,2.000000,544.720000,573.390000,2.000000,542.170898,567.501892,6.416209,64.072614,1,0.087000,0.973851
SP_T_Yoga_1,posenet,16,0.529829,ok,1,direct,1.000000,14,right_knee,1,1,2.000000,466.350000,548.020000,2.000000,468.375977,549.255127,2.372787,64.072614,1,0.087000,0.996383
SP_T_Yoga_1,posenet,16,0.529829,ok,1,direct,1.000000,15,left_ankle,1,1,2.000000,530.400000,671.480000,2.000000,533.545593,652.973694,18.771737,64.072614,1,0.089000,0.805149
SP_T_Yoga_1,posenet,16,0.529829,ok,1,direct,1.000000,16,right_ankle,1,1,2.000000,507.840000,636.320000,2.000000,497.127258,624.162964,16.203591,64.072614,1,0.089000,0.850881
SP_T_Yoga_1,posenet,17,0.562943,ok,1,direct,1.000000,0,nose,1,1,2.000000,529.160000,300.470000,2.000000,529.101013,299.387909,1.083698,64.166630,1,0.026000,0.991597
SP_T_Yoga_1,posenet,17,0.562943,ok,1,direct,1.000000,1,left_eye,0,0,0.000000,0.000000,0.000000,2.000000,535.806946,291.714294,,,,0.025000,
SP_T_Yoga_1,posenet,17,0.562943,ok,1,direct,1.000000,2,right_eye,0,0,0.000000,0.000000,0.000000,2.000000,518.563110,292.673492,,,,0.025000,
SP_T_Yoga_1,posenet,17,0.562943,ok,1,direct,1.000000,3,left_ear,0,0,0.000000,0.000000,0.000000,2.000000,546.344849,299.387909,,,,0.035000,
SP_T_Yoga_1,posenet,17,0.562943,ok,1,direct,1.000000,4,right_ear,0,0,0.000000,0.000000,0.000000,2.000000,507.067230,300.347107,,,,0.035000,
SP_T_Yoga_1,posenet,17,0.562943,ok,1,direct,1.000000,5,left_shoulder,1,1,2.000000,569.650000,354.600000,2.000000,570.294495,347.347931,7.280651,64.166630,1,0.079000,0.959582
SP_T_Yoga_1,posenet,17,0.562943,ok,1,direct,1.000000,6,right_shoulder,1,1,2.000000,489.880000,354.580000,2.000000,488.865448,351.184753,3.543588,64.166630,1,0.079000,0.990274
SP_T_Yoga_1,posenet,17,0.562943,ok,1,direct,1.000000,7,left_elbow,1,1,2.000000,617.380000,333.580000,2.000000,622.983948,324.327118,10.817581,64.166630,1,0.072000,0.896148
SP_T_Yoga_1,posenet,17,0.562943,ok,1,direct,1.000000,8,right_elbow,1,1,2.000000,441.810000,348.490000,2.000000,431.386108,343.511108,11.551921,64.166630,1,0.072000,0.882460
SP_T_Yoga_1,posenet,17,0.562943,ok,1,direct,1.000000,9,left_wrist,1,1,2.000000,665.080000,292.140000,2.000000,662.261475,291.714294,2.850493,64.166630,1,0.062000,0.989785
SP_T_Yoga_1,posenet,17,0.562943,ok,1,direct,1.000000,10,right_wrist,1,1,2.000000,393.730000,313.500000,2.000000,392.108551,311.857513,2.307999,64.166630,1,0.062000,0.993291
SP_T_Yoga_1,posenet,17,0.562943,ok,1,direct,1.000000,11,left_hip,1,1,2.000000,551.790000,469.350000,2.000000,553.050659,477.799225,8.542755,64.166630,1,0.107000,0.969512
SP_T_Yoga_1,posenet,17,0.562943,ok,1,direct,1.000000,12,right_hip,1,1,2.000000,507.130000,467.970000,2.000000,500.361328,476.840027,11.157612,64.166630,1,0.107000,0.948552
SP_T_Yoga_1,posenet,17,0.562943,ok,1,direct,1.000000,13,left_knee,1,1,2.000000,545.950000,573.110000,2.000000,542.512817,566.045654,7.856157,64.166630,1,0.087000,0.961165
SP_T_Yoga_1,posenet,17,0.562943,ok,1,direct,1.000000,14,right_knee,1,1,2.000000,462.810000,541.760000,2.000000,464.915710,543.024902,2.456419,64.166630,1,0.087000,0.996135
SP_T_Yoga_1,posenet,17,0.562943,ok,1,direct,1.000000,15,left_ankle,1,1,2.000000,530.400000,671.480000,2.000000,534.848938,652.373718,19.617417,64.166630,1,0.089000,0.789779
SP_T_Yoga_1,posenet,17,0.562943,ok,1,direct,1.000000,16,right_ankle,1,1,2.000000,509.330000,624.890000,2.000000,499.403381,614.005676,14.731132,64.166630,1,0.089000,0.875397
SP_T_Yoga_1,posenet,18,0.596057,ok,1,direct,1.000000,0,nose,1,1,2.000000,529.470000,300.470000,2.000000,527.498962,302.080536,2.545352,64.691244,1,0.026000,0.955231
SP_T_Yoga_1,posenet,18,0.596057,ok,1,direct,1.000000,1,left_eye,0,0,0.000000,0.000000,0.000000,2.000000,536.129395,293.437866,,,,0.025000,
SP_T_Yoga_1,posenet,18,0.596057,ok,1,direct,1.000000,2,right_eye,0,0,0.000000,0.000000,0.000000,2.000000,519.827515,294.398163,,,,0.025000,
SP_T_Yoga_1,posenet,18,0.596057,ok,1,direct,1.000000,3,left_ear,0,0,0.000000,0.000000,0.000000,2.000000,547.636536,301.120239,,,,0.035000,
SP_T_Yoga_1,posenet,18,0.596057,ok,1,direct,1.000000,4,right_ear,0,0,0.000000,0.000000,0.000000,2.000000,507.361389,302.080536,,,,0.035000,
SP_T_Yoga_1,posenet,18,0.596057,ok,1,direct,1.000000,5,left_shoulder,1,1,2.000000,569.650000,354.000000,2.000000,569.691956,348.174835,5.825316,64.691244,1,0.079000,0.974350
SP_T_Yoga_1,posenet,18,0.596057,ok,1,direct,1.000000,6,right_shoulder,1,1,2.000000,488.790000,354.580000,2.000000,490.100647,350.095428,4.672171,64.691244,1,0.079000,0.983423
SP_T_Yoga_1,posenet,18,0.596057,ok,1,direct,1.000000,7,left_elbow,1,1,2.000000,616.110000,327.570000,2.000000,621.474243,319.365906,9.802156,64.691244,1,0.072000,0.915233
SP_T_Yoga_1,posenet,18,0.596057,ok,1,direct,1.000000,8,right_elbow,1,1,2.000000,441.270000,341.280000,2.000000,430.646851,334.730682,12.479778,64.691244,1,0.072000,0.866253
SP_T_Yoga_1,posenet,18,0.596057,ok,1,direct,1.000000,9,left_wrist,1,1,2.000000,663.080000,278.290000,2.000000,658.872620,281.914276,5.553146,64.691244,1,0.062000,0.962387
SP_T_Yoga_1,posenet,18,0.596057,ok,1,direct,1.000000,10,right_wrist,1,1,2.000000,396.990000,299.350000,2.000000,396.125336,297.279053,2.244207,64.691244,1,0.062000,0.993758
SP_T_Yoga_1,posenet,18,0.596057,ok,1,direct,1.000000,11,left_hip,1,1,2.000000,553.150000,468.670000,2.000000,554.349060,474.934143,6.377871,64.691244,1,0.107000,0.983164
SP_T_Yoga_1,posenet,18,0.596057,ok,1,direct,1.000000,12,right_hip,1,1,2.000000,507.130000,467.290000,2.000000,501.607819,474.934143,9.430133,64.691244,1,0.107000,0.963561
SP_T_Yoga_1,posenet,18,0.596057,ok,1,direct,1.000000,13,left_knee,1,1,2.000000,547.170000,572.840000,2.000000,542.841858,568.083069,6.431268,64.691244,1,0.087000,0.974223
SP_T_Yoga_1,posenet,18,0.596057,ok,1,direct,1.000000,14,right_knee,1,1,2.000000,459.270000,535.500000,2.000000,461.332703,539.274109,4.301005,64.691244,1,0.087000,0.988388
SP_T_Yoga_1,posenet,18,0.596057,ok,1,direct,1.000000,15,left_ankle,1,1,2.000000,530.400000,671.480000,2.000000,533.252563,654.509888,17.208191,64.691244,1,0.089000,0.836390
SP_T_Yoga_1,posenet,18,0.596057,ok,1,direct,1.000000,16,right_ankle,1,1,2.000000,510.830000,613.450000,2.000000,501.607819,606.494934,11.550826,64.691244,1,0.089000,0.922657
SP_T_Yoga_1,posenet,19,0.629172,ok,1,direct,1.000000,0,nose,1,1,2.000000,529.950000,300.560000,2.000000,528.712524,302.257141,2.100389,63.912047,1,0.026000,0.968552
SP_T_Yoga_1,posenet,19,0.629172,ok,1,direct,1.000000,1,left_eye,0,0,0.000000,0.000000,0.000000,2.000000,537.350952,295.533691,,,,0.025000,
SP_T_Yoga_1,posenet,19,0.629172,ok,1,direct,1.000000,2,right_eye,0,0,0.000000,0.000000,0.000000,2.000000,520.074097,295.533691,,,,0.025000,
SP_T_Yoga_1,posenet,19,0.629172,ok,1,direct,1.000000,3,left_ear,0,0,0.000000,0.000000,0.000000,2.000000,546.949219,302.257141,,,,0.035000,
SP_T_Yoga_1,posenet,19,0.629172,ok,1,direct,1.000000,4,right_ear,0,0,0.000000,0.000000,0.000000,2.000000,506.636536,302.257141,,,,0.035000,
SP_T_Yoga_1,posenet,19,0.629172,ok,1,direct,1.000000,5,left_shoulder,1,1,2.000000,569.650000,353.390000,2.000000,569.025208,347.400177,6.022321,63.912047,1,0.079000,0.971947
SP_T_Yoga_1,posenet,19,0.629172,ok,1,direct,1.000000,6,right_shoulder,1,1,2.000000,488.790000,353.440000,2.000000,490.319489,349.321136,4.393674,63.912047,1,0.079000,0.984969
SP_T_Yoga_1,posenet,19,0.629172,ok,1,direct,1.000000,7,left_elbow,1,1,2.000000,615.490000,322.270000,2.000000,621.815674,312.822510,11.369662,63.912047,1,0.072000,0.885065
SP_T_Yoga_1,posenet,19,0.629172,ok,1,direct,1.000000,8,right_elbow,1,1,2.000000,443.030000,335.900000,2.000000,435.609375,329.150848,10.030789,63.912047,1,0.072000,0.909344
SP_T_Yoga_1,posenet,19,0.629172,ok,1,direct,1.000000,9,left_wrist,1,1,2.000000,657.260000,270.700000,2.000000,653.489929,272.481934,4.169979,63.912047,1,0.062000,0.978095
SP_T_Yoga_1,posenet,19,0.629172,ok,1,direct,1.000000,10,right_wrist,1,1,2.000000,402.460000,288.760000,2.000000,402.975281,286.889282,1.940386,63.912047,1,0.062000,0.995216
SP_T_Yoga_1,posenet,19,0.629172,ok,1,direct,1.000000,11,left_hip,1,1,2.000000,553.330000,467.250000,2.000000,555.587646,472.263885,5.498729,63.912047,1,0.107000,0.987153
SP_T_Yoga_1,posenet,19,0.629172,ok,1,direct,1.000000,12,right_hip,1,1,2.000000,508.690000,466.350000,2.000000,500.877594,471.303375,9.250385,63.912047,1,0.107000,0.964067
SP_T_Yoga_1,posenet,19,0.629172,ok,1,direct,1.000000,13,left_knee,1,1,2.000000,547.170000,572.590000,2.000000,545.029602,566.391907,6.557260,63.912047,1,0.087000,0.972569
SP_T_Yoga_1,posenet,19,0.629172,ok,1,direct,1.000000,14,right_knee,1,1,2.000000,456.960000,531.920000,2.000000,458.645203,535.656250,4.098716,63.912047,1,0.087000,0.989192
SP_T_Yoga_1,posenet,19,0.629172,ok,1,direct,1.000000,15,left_ankle,1,1,2.000000,530.400000,671.480000,2.000000,533.511719,656.677917,15.125622,63.912047,1,0.089000,0.868125
SP_T_Yoga_1,posenet,19,0.629172,ok,1,direct,1.000000,16,right_ankle,1,1,2.000000,511.920000,603.320000,2.000000,503.757050,596.167114,10.853457,63.912047,1,0.089000,0.929773
SP_T_Yoga_1,posenet,20,0.662286,ok,1,direct,1.000000,0,nose,1,1,2.000000,530.440000,300.650000,2.000000,529.664246,300.244934,0.875142,63.066318,1,0.026000,0.994319
SP_T_Yoga_1,posenet,20,0.662286,ok,1,direct,1.000000,1,left_eye,0,0,0.000000,0.000000,0.000000,2.000000,537.335083,293.529755,,,,0.025000,
SP_T_Yoga_1,posenet,20,0.662286,ok,1,direct,1.000000,2,right_eye,0,0,0.000000,0.000000,0.000000,2.000000,520.075623,293.529755,,,,0.025000,
SP_T_Yoga_1,posenet,20,0.662286,ok,1,direct,1.000000,3,left_ear,0,0,0.000000,0.000000,0.000000,2.000000,546.923706,299.285614,,,,0.035000,
SP_T_Yoga_1,posenet,20,0.662286,ok,1,direct,1.000000,4,right_ear,0,0,0.000000,0.000000,0.000000,2.000000,508.569244,300.244934,,,,0.035000,
SP_T_Yoga_1,posenet,20,0.662286,ok,1,direct,1.000000,5,left_shoulder,1,1,2.000000,569.650000,352.790000,2.000000,568.977539,347.251373,5.579300,63.066318,1,0.079000,0.975231
SP_T_Yoga_1,posenet,20,0.662286,ok,1,direct,1.000000,6,right_shoulder,1,1,2.000000,488.790000,352.290000,2.000000,490.350922,347.251373,5.274868,63.066318,1,0.079000,0.977831
SP_T_Yoga_1,posenet,20,0.662286,ok,1,direct,1.000000,7,left_elbow,1,1,2.000000,614.870000,316.980000,2.000000,619.797180,308.878784,9.481920,63.066318,1,0.072000,0.916485
SP_T_Yoga_1,posenet,20,0.662286,ok,1,direct,1.000000,8,right_elbow,1,1,2.000000,444.800000,330.510000,2.000000,437.613556,323.268494,10.202176,63.066318,1,0.072000,0.903968
SP_T_Yoga_1,posenet,20,0.662286,ok,1,direct,1.000000,9,left_wrist,1,1,2.000000,651.430000,263.110000,2.000000,649.521851,264.750305,2.516274,63.066318,1,0.062000,0.991752
SP_T_Yoga_1,posenet,20,0.662286,ok,1,direct,1.000000,10,right_wrist,1,1,2.000000,407.940000,278.170000,2.000000,408.847717,276.262054,2.112867,63.066318,1,0.062000,0.994177
SP_T_Yoga_1,posenet,20,0.662286,ok,1,direct,1.000000,11,left_hip,1,1,2.000000,553.510000,465.820000,2.000000,553.635742,473.880920,8.061901,63.066318,1,0.107000,0.971858
SP_T_Yoga_1,posenet,20,0.662286,ok,1,direct,1.000000,12,right_hip,1,1,2.000000,510.250000,465.420000,2.000000,500.898346,471.962280,11.412925,63.066318,1,0.107000,0.944397
SP_T_Yoga_1,posenet,20,0.662286,ok,1,direct,1.000000,13,left_knee,1,1,2.000000,547.170000,572.340000,2.000000,545.005981,567.893799,4.944864,63.066318,1,0.087000,0.983887
SP_T_Yoga_1,posenet,20,0.662286,ok,1,direct,1.000000,14,right_knee,1,1,2.000000,454.640000,528.340000,2.000000,455.831909,531.439819,3.321073,63.066318,1,0.087000,0.992699
SP_T_Yoga_1,posenet,20,0.662286,ok,1,direct,1.000000,15,left_ankle,1,1,2.000000,530.400000,671.480000,2.000000,534.458496,658.069397,14.011269,63.066318,1,0.089000,0.882827
SP_T_Yoga_1,posenet,20,0.662286,ok,1,direct,1.000000,16,right_ankle,1,1,2.000000,513.020000,593.180000,2.000000,505.692688,584.202148,11.588413,63.066318,1,0.089000,0.918281
SP_T_Yoga_1,posenet,21,0.695400,ok,1,direct,1.000000,0,nose,1,1,2.000000,530.920000,300.740000,2.000000,529.618530,301.938263,1.769084,62.155801,1,0.026000,0.976318
SP_T_Yoga_1,posenet,21,0.695400,ok,1,direct,1.000000,1,left_eye,0,0,0.000000,0.000000,0.000000,2.000000,537.292786,294.258118,,,,0.025000,
SP_T_Yoga_1,posenet,21,0.695400,ok,1,direct,1.000000,2,right_eye,0,0,0.000000,0.000000,0.000000,2.000000,520.025696,294.258118,,,,0.025000,
SP_T_Yoga_1,posenet,21,0.695400,ok,1,direct,1.000000,3,left_ear,0,0,0.000000,0.000000,0.000000,2.000000,546.885681,300.978241,,,,0.035000,
SP_T_Yoga_1,posenet,21,0.695400,ok,1,direct,1.000000,4,right_ear,0,0,0.000000,0.000000,0.000000,2.000000,507.554932,301.938263,,,,0.035000,
SP_T_Yoga_1,posenet,21,0.695400,ok,1,direct,1.000000,5,left_shoulder,1,1,2.000000,569.650000,352.180000,2.000000,567.989929,345.139252,7.233808,62.155801,1,0.079000,0.957523
SP_T_Yoga_1,posenet,21,0.695400,ok,1,direct,1.000000,6,right_shoulder,1,1,2.000000,488.790000,351.140000,2.000000,492.206360,345.139252,6.905106,62.155801,1,0.079000,0.961221
SP_T_Yoga_1,posenet,21,0.695400,ok,1,direct,1.000000,7,left_elbow,1,1,2.000000,614.260000,311.680000,2.000000,611.157776,311.538483,3.105450,62.155801,1,0.072000,0.990416
SP_T_Yoga_1,posenet,21,0.695400,ok,1,direct,1.000000,8,right_elbow,1,1,2.000000,446.560000,325.130000,2.000000,437.527100,313.458557,14.758586,62.155801,1,0.072000,0.804515
SP_T_Yoga_1,posenet,21,0.695400,ok,1,direct,1.000000,9,left_wrist,1,1,2.000000,645.610000,255.530000,2.000000,644.732727,260.657379,5.201887,62.155801,1,0.062000,0.964214
SP_T_Yoga_1,posenet,21,0.695400,ok,1,direct,1.000000,10,right_wrist,1,1,2.000000,413.410000,267.580000,2.000000,413.544983,263.537445,4.044808,62.155801,1,0.062000,0.978208
SP_T_Yoga_1,posenet,21,0.695400,ok,1,direct,1.000000,11,left_hip,1,1,2.000000,553.680000,464.390000,2.000000,553.600647,472.822052,8.432425,62.155801,1,0.107000,0.968360
SP_T_Yoga_1,posenet,21,0.695400,ok,1,direct,1.000000,12,right_hip,1,1,2.000000,511.810000,464.480000,2.000000,500.839966,471.862061,13.222574,62.155801,1,0.107000,0.923989
SP_T_Yoga_1,posenet,21,0.695400,ok,1,direct,1.000000,13,left_knee,1,1,2.000000,547.170000,572.090000,2.000000,544.967041,571.704285,2.236471,62.155801,1,0.087000,0.996585
SP_T_Yoga_1,posenet,21,0.695400,ok,1,direct,1.000000,14,right_knee,1,1,2.000000,452.330000,524.760000,2.000000,451.916412,528.503296,3.766075,62.155801,1,0.087000,0.990346
SP_T_Yoga_1,posenet,21,0.695400,ok,1,direct,1.000000,15,left_ankle,1,1,2.000000,530.400000,671.480000,2.000000,533.455688,659.066223,12.784330,62.155801,1,0.089000,0.898690
SP_T_Yoga_1,posenet,21,0.695400,ok,1,direct,1.000000,16,right_ankle,1,1,2.000000,514.110000,583.050000,2.000000,508.514221,575.544373,9.362007,62.155801,1,0.089000,0.944327
SP_T_Yoga_1,posenet,22,0.728514,ok,1,direct,1.000000,0,nose,1,1,2.000000,531.410000,300.830000,2.000000,531.022278,299.251068,1.625840,61.175154,1,0.026000,0.979320
SP_T_Yoga_1,posenet,22,0.728514,ok,1,direct,1.000000,1,left_eye,0,0,0.000000,0.000000,0.000000,2.000000,537.721558,291.566589,,,,0.025000,
SP_T_Yoga_1,posenet,22,0.728514,ok,1,direct,1.000000,2,right_eye,0,0,0.000000,0.000000,0.000000,2.000000,521.451965,291.566589,,,,0.025000,
SP_T_Yoga_1,posenet,22,0.728514,ok,1,direct,1.000000,3,left_ear,0,0,0.000000,0.000000,0.000000,2.000000,548.248901,299.251068,,,,0.035000,
SP_T_Yoga_1,posenet,22,0.728514,ok,1,direct,1.000000,4,right_ear,0,0,0.000000,0.000000,0.000000,2.000000,508.053497,300.211609,,,,0.035000,
SP_T_Yoga_1,posenet,22,0.728514,ok,1,direct,1.000000,5,left_shoulder,1,1,2.000000,569.650000,351.580000,2.000000,568.346558,344.397461,7.299851,61.175154,1,0.079000,0.955395
SP_T_Yoga_1,posenet,22,0.728514,ok,1,direct,1.000000,6,right_shoulder,1,1,2.000000,488.790000,350.000000,2.000000,492.740997,343.436890,7.660600,61.175154,1,0.079000,0.950990
SP_T_Yoga_1,posenet,22,0.728514,ok,1,direct,1.000000,7,left_elbow,1,1,2.000000,613.640000,306.390000,2.000000,610.455994,305.974976,3.210941,61.175154,1,0.072000,0.989428
SP_T_Yoga_1,posenet,22,0.728514,ok,1,direct,1.000000,8,right_elbow,1,1,2.000000,448.330000,319.750000,2.000000,441.061188,306.935577,14.732449,61.175154,1,0.072000,0.799514
SP_T_Yoga_1,posenet,22,0.728514,ok,1,direct,1.000000,9,left_wrist,1,1,2.000000,639.780000,247.940000,2.000000,638.209961,254.104675,6.361466,61.175154,1,0.062000,0.945292
SP_T_Yoga_1,posenet,22,0.728514,ok,1,direct,1.000000,10,right_wrist,1,1,2.000000,418.880000,256.990000,2.000000,419.049438,256.025818,0.978957,61.175154,1,0.062000,0.998669
SP_T_Yoga_1,posenet,22,0.728514,ok,1,direct,1.000000,11,left_hip,1,1,2.000000,553.860000,462.970000,2.000000,554.948059,472.152069,9.246311,61.175154,1,0.107000,0.960879
SP_T_Yoga_1,posenet,22,0.728514,ok,1,direct,1.000000,12,right_hip,1,1,2.000000,513.370000,463.550000,2.000000,503.268372,471.191559,12.666346,61.175154,1,0.107000,0.927847
SP_T_Yoga_1,posenet,22,0.728514,ok,1,direct,1.000000,13,left_knee,1,1,2.000000,547.170000,571.840000,2.000000,546.334839,573.971619,2.289387,61.175154,1,0.087000,0.996306
SP_T_Yoga_1,posenet,22,0.728514,ok,1,direct,1.000000,14,right_knee,1,1,2.000000,450.020000,521.190000,2.000000,449.674500,525.943542,4.766082,61.175154,1,0.087000,0.984089
SP_T_Yoga_1,posenet,22,0.728514,ok,1,direct,1.000000,15,left_ankle,1,1,2.000000,530.400000,671.480000,2.000000,532.936340,660.422119,11.345032,61.175154,1,0.089000,0.916825
SP_T_Yoga_1,posenet,22,0.728514,ok,1,direct,1.000000,16,right_ankle,1,1,2.000000,515.200000,572.910000,2.000000,509.010529,565.326538,9.788690,61.175154,1,0.089000,0.937398
SP_T_Yoga_1,posenet,23,0.761629,ok,1,direct,1.000000,0,nose,1,1,2.000000,531.790000,300.760000,2.000000,531.615540,301.175079,0.450252,59.964628,1,0.026000,0.998333
SP_T_Yoga_1,posenet,23,0.761629,ok,1,direct,1.000000,1,left_eye,0,0,0.000000,0.000000,0.000000,2.000000,538.315491,293.495300,,,,0.025000,
SP_T_Yoga_1,posenet,23,0.761629,ok,1,direct,1.000000,2,right_eye,0,0,0.000000,0.000000,0.000000,2.000000,521.087036,293.495300,,,,0.025000,
SP_T_Yoga_1,posenet,23,0.761629,ok,1,direct,1.000000,3,left_ear,0,0,0.000000,0.000000,0.000000,2.000000,549.801147,301.175079,,,,0.035000,
SP_T_Yoga_1,posenet,23,0.761629,ok,1,direct,1.000000,4,right_ear,0,0,0.000000,0.000000,0.000000,2.000000,507.687073,302.135010,,,,0.035000,
SP_T_Yoga_1,posenet,23,0.761629,ok,1,direct,1.000000,5,left_shoulder,1,1,2.000000,569.420000,350.830000,2.000000,567.029602,345.333435,5.993849,59.964628,1,0.079000,0.968489
SP_T_Yoga_1,posenet,23,0.761629,ok,1,direct,1.000000,6,right_shoulder,1,1,2.000000,490.030000,348.330000,2.000000,494.287140,345.333435,5.206020,59.964628,1,0.079000,0.976135
SP_T_Yoga_1,posenet,23,0.761629,ok,1,direct,1.000000,7,left_elbow,1,1,2.000000,612.600000,305.350000,2.000000,615.843689,293.495300,12.290461,59.964628,1,0.072000,0.850379
SP_T_Yoga_1,posenet,23,0.761629,ok,1,direct,1.000000,8,right_elbow,1,1,2.000000,451.030000,313.930000,2.000000,446.430267,304.054962,10.893756,59.964628,1,0.072000,0.880443
SP_T_Yoga_1,posenet,23,0.761629,ok,1,direct,1.000000,9,left_wrist,1,1,2.000000,634.790000,242.740000,2.000000,634.029297,243.577133,1.131133,59.964628,1,0.062000,0.998150
SP_T_Yoga_1,posenet,23,0.761629,ok,1,direct,1.000000,10,right_wrist,1,1,2.000000,425.120000,250.340000,2.000000,425.373260,250.296890,0.256903,59.964628,1,0.062000,0.999905
SP_T_Yoga_1,posenet,23,0.761629,ok,1,direct,1.000000,11,left_hip,1,1,2.000000,554.040000,461.540000,2.000000,554.586792,475.888702,14.359117,59.964628,1,0.107000,0.904686
SP_T_Yoga_1,posenet,23,0.761629,ok,1,direct,1.000000,12,right_hip,1,1,2.000000,513.580000,462.090000,2.000000,502.901398,471.088898,13.964695,59.964628,1,0.107000,0.909609
SP_T_Yoga_1,posenet,23,0.761629,ok,1,direct,1.000000,13,left_knee,1,1,2.000000,547.170000,571.590000,2.000000,546.929749,573.805176,2.228166,59.964628,1,0.087000,0.996358
SP_T_Yoga_1,posenet,23,0.761629,ok,1,direct,1.000000,14,right_knee,1,1,2.000000,449.180000,517.450000,2.000000,449.301697,522.927002,5.478354,59.964628,1,0.087000,0.978187
SP_T_Yoga_1,posenet,23,0.761629,ok,1,direct,1.000000,15,left_ankle,1,1,2.000000,530.400000,671.480000,2.000000,533.529785,660.201965,11.704257,59.964628,1,0.089000,0.908288
SP_T_Yoga_1,posenet,23,0.761629,ok,1,direct,1.000000,16,right_ankle,1,1,2.000000,514.580000,565.840000,2.000000,510.558472,558.445740,8.417112,59.964628,1,0.089000,0.951468
SP_T_Yoga_1,posenet,24,0.794743,ok,1,direct,1.000000,0,nose,1,1,2.000000,532.170000,300.700000,2.000000,531.249817,300.592651,0.926424,58.690849,1,0.026000,0.992656
SP_T_Yoga_1,posenet,24,0.794743,ok,1,direct,1.000000,1,left_eye,0,0,0.000000,0.000000,0.000000,2.000000,538.915100,293.864227,,,,0.025000,
SP_T_Yoga_1,posenet,24,0.794743,ok,1,direct,1.000000,2,right_eye,0,0,0.000000,0.000000,0.000000,2.000000,522.626343,293.864227,,,,0.025000,
SP_T_Yoga_1,posenet,24,0.794743,ok,1,direct,1.000000,3,left_ear,0,0,0.000000,0.000000,0.000000,2.000000,549.454895,299.631470,,,,0.035000,
SP_T_Yoga_1,posenet,24,0.794743,ok,1,direct,1.000000,4,right_ear,0,0,0.000000,0.000000,0.000000,2.000000,509.212067,300.592651,,,,0.035000,
SP_T_Yoga_1,posenet,24,0.794743,ok,1,direct,1.000000,5,left_shoulder,1,1,2.000000,569.190000,350.080000,2.000000,565.743713,344.808075,6.298419,58.690849,1,0.079000,0.963767
SP_T_Yoga_1,posenet,24,0.794743,ok,1,direct,1.000000,6,right_shoulder,1,1,2.000000,491.280000,346.670000,2.000000,495.797791,343.846832,5.327355,58.690849,1,0.079000,0.973942
SP_T_Yoga_1,posenet,24,0.794743,ok,1,direct,1.000000,7,left_elbow,1,1,2.000000,611.560000,304.310000,2.000000,612.693665,296.747864,7.646640,58.690849,1,0.072000,0.936610
SP_T_Yoga_1,posenet,24,0.794743,ok,1,direct,1.000000,8,right_elbow,1,1,2.000000,453.730000,308.100000,2.000000,448.847748,299.631470,9.775090,58.690849,1,0.072000,0.898508
SP_T_Yoga_1,posenet,24,0.794743,ok,1,direct,1.000000,9,left_wrist,1,1,2.000000,629.800000,237.540000,2.000000,628.982422,239.075592,1.739677,58.690849,1,0.062000,0.995439
SP_T_Yoga_1,posenet,24,0.794743,ok,1,direct,1.000000,10,right_wrist,1,1,2.000000,431.350000,243.680000,2.000000,432.558990,246.765228,3.313652,58.690849,1,0.062000,0.983552
SP_T_Yoga_1,posenet,24,0.794743,ok,1,direct,1.000000,11,left_hip,1,1,2.000000,554.220000,460.120000,2.000000,555.203918,477.454224,17.362126,58.690849,1,0.107000,0.858240
SP_T_Yoga_1,posenet,24,0.794743,ok,1,direct,1.000000,12,right_hip,1,1,2.000000,513.790000,460.640000,2.000000,501.546722,473.609436,17.835474,58.690849,1,0.107000,0.851019
SP_T_Yoga_1,posenet,24,0.794743,ok,1,direct,1.000000,13,left_knee,1,1,2.000000,547.170000,571.340000,2.000000,546.580444,574.535828,3.249752,58.690849,1,0.087000,0.991931
SP_T_Yoga_1,posenet,24,0.794743,ok,1,direct,1.000000,14,right_knee,1,1,2.000000,448.350000,513.700000,2.000000,446.931458,520.708435,7.150554,58.690849,1,0.087000,0.961537
SP_T_Yoga_1,posenet,24,0.794743,ok,1,direct,1.000000,15,left_ankle,1,1,2.000000,530.400000,671.480000,2.000000,534.124268,659.121826,12.907154,58.690849,1,0.089000,0.885046
SP_T_Yoga_1,posenet,24,0.794743,ok,1,direct,1.000000,16,right_ankle,1,1,2.000000,513.950000,558.770000,2.000000,510.170197,553.389404,6.575540,58.690849,1,0.089000,0.968803
SP_T_Yoga_1,posenet,25,0.827857,ok,1,direct,1.000000,0,nose,1,1,2.000000,532.550000,300.640000,2.000000,532.091980,302.294067,1.716310,57.346592,1,0.026000,0.973847
SP_T_Yoga_1,posenet,25,0.827857,ok,1,direct,1.000000,1,left_eye,0,0,0.000000,0.000000,0.000000,2.000000,539.759033,294.614044,,,,0.025000,
SP_T_Yoga_1,posenet,25,0.827857,ok,1,direct,1.000000,2,right_eye,0,0,0.000000,0.000000,0.000000,2.000000,522.508179,294.614044,,,,0.025000,
SP_T_Yoga_1,posenet,25,0.827857,ok,1,direct,1.000000,3,left_ear,0,0,0.000000,0.000000,0.000000,2.000000,550.301147,300.374054,,,,0.035000,
SP_T_Yoga_1,posenet,25,0.827857,ok,1,direct,1.000000,4,right_ear,0,0,0.000000,0.000000,0.000000,2.000000,511.007660,303.254059,,,,0.035000,
SP_T_Yoga_1,posenet,25,0.827857,ok,1,direct,1.000000,5,left_shoulder,1,1,2.000000,568.960000,349.340000,2.000000,566.593567,342.614044,7.130111,57.346592,1,0.079000,0.951667
SP_T_Yoga_1,posenet,25,0.827857,ok,1,direct,1.000000,6,right_shoulder,1,1,2.000000,492.530000,345.010000,2.000000,496.632019,341.654053,5.299900,57.346592,1,0.079000,0.973000
SP_T_Yoga_1,posenet,25,0.827857,ok,1,direct,1.000000,7,left_elbow,1,1,2.000000,610.520000,303.270000,2.000000,611.637329,293.654053,9.680644,57.346592,1,0.072000,0.895887
SP_T_Yoga_1,posenet,25,0.827857,ok,1,direct,1.000000,8,right_elbow,1,1,2.000000,456.440000,302.280000,2.000000,451.588257,294.614044,9.072281,57.346592,1,0.072000,0.907958
SP_T_Yoga_1,posenet,25,0.827857,ok,1,direct,1.000000,9,left_wrist,1,1,2.000000,624.810000,232.340000,2.000000,625.054626,232.214020,0.275160,57.346592,1,0.062000,0.999880
SP_T_Yoga_1,posenet,25,0.827857,ok,1,direct,1.000000,10,right_wrist,1,1,2.000000,437.590000,237.030000,2.000000,438.170990,240.854019,3.867903,57.346592,1,0.062000,0.976609
SP_T_Yoga_1,posenet,25,0.827857,ok,1,direct,1.000000,11,left_hip,1,1,2.000000,554.400000,458.690000,2.000000,555.093079,477.014099,18.337202,57.346592,1,0.107000,0.836429
SP_T_Yoga_1,posenet,25,0.827857,ok,1,direct,1.000000,12,right_hip,1,1,2.000000,513.990000,459.180000,2.000000,503.340668,471.254089,16.099438,57.346592,1,0.107000,0.871378
SP_T_Yoga_1,posenet,25,0.827857,ok,1,direct,1.000000,13,left_knee,1,1,2.000000,547.170000,571.090000,2.000000,546.467651,575.894104,4.855173,57.346592,1,0.087000,0.981238
SP_T_Yoga_1,posenet,25,0.827857,ok,1,direct,1.000000,14,right_knee,1,1,2.000000,447.520000,509.960000,2.000000,445.837982,512.534119,3.074942,57.346592,1,0.087000,0.992432
SP_T_Yoga_1,posenet,25,0.827857,ok,1,direct,1.000000,15,left_ankle,1,1,2.000000,530.400000,671.480000,2.000000,533.050354,657.494141,14.234769,57.346592,1,0.089000,0.855924
SP_T_Yoga_1,posenet,25,0.827857,ok,1,direct,1.000000,16,right_ankle,1,1,2.000000,513.330000,551.710000,2.000000,511.007660,548.054138,4.331119,57.346592,1,0.089000,0.985701
SP_T_Yoga_1,posenet,26,0.860972,ok,1,direct,1.000000,0,nose,1,1,2.000000,532.930000,300.570000,2.000000,532.828186,299.470795,1.103911,55.726646,1,0.026000,0.988457
SP_T_Yoga_1,posenet,26,0.860972,ok,1,direct,1.000000,1,left_eye,0,0,0.000000,0.000000,0.000000,2.000000,540.481995,291.784729,,,,0.025000,
SP_T_Yoga_1,posenet,26,0.860972,ok,1,direct,1.000000,2,right_eye,0,0,0.000000,0.000000,0.000000,2.000000,523.260986,291.784729,,,,0.025000,
SP_T_Yoga_1,posenet,26,0.860972,ok,1,direct,1.000000,3,left_ear,0,0,0.000000,0.000000,0.000000,2.000000,549.092529,299.470795,,,,0.035000,
SP_T_Yoga_1,posenet,26,0.860972,ok,1,direct,1.000000,4,right_ear,0,0,0.000000,0.000000,0.000000,2.000000,510.823578,300.431549,,,,0.035000,
SP_T_Yoga_1,posenet,26,0.860972,ok,1,direct,1.000000,5,left_shoulder,1,1,2.000000,568.730000,348.590000,2.000000,567.270203,342.704742,6.063602,55.726646,1,0.079000,0.962770
SP_T_Yoga_1,posenet,26,0.860972,ok,1,direct,1.000000,6,right_shoulder,1,1,2.000000,493.680000,344.020000,2.000000,498.386230,343.665497,4.719563,55.726646,1,0.079000,0.977277
SP_T_Yoga_1,posenet,26,0.860972,ok,1,direct,1.000000,7,left_elbow,1,1,2.000000,608.880000,299.000000,2.000000,608.409241,288.902466,10.108502,55.726646,1,0.072000,0.880783
SP_T_Yoga_1,posenet,26,0.860972,ok,1,direct,1.000000,8,right_elbow,1,1,2.000000,459.560000,298.170000,2.000000,456.290436,290.823975,8.040780,55.726646,1,0.072000,0.922819
SP_T_Yoga_1,posenet,26,0.860972,ok,1,direct,1.000000,9,left_wrist,1,1,2.000000,619.550000,228.400000,2.000000,618.933228,228.374924,0.617282,55.726646,1,0.062000,0.999362
SP_T_Yoga_1,posenet,26,0.860972,ok,1,direct,1.000000,10,right_wrist,1,1,2.000000,444.330000,232.590000,2.000000,445.766510,236.060959,3.756477,55.726646,1,0.062000,0.976635
SP_T_Yoga_1,posenet,26,0.860972,ok,1,direct,1.000000,11,left_hip,1,1,2.000000,553.970000,456.690000,2.000000,555.789490,476.249664,19.644109,55.726646,1,0.107000,0.804873
SP_T_Yoga_1,posenet,26,0.860972,ok,1,direct,1.000000,12,right_hip,1,1,2.000000,514.850000,457.180000,2.000000,504.126556,468.563629,15.639030,55.726646,1,0.107000,0.871464
SP_T_Yoga_1,posenet,26,0.860972,ok,1,direct,1.000000,13,left_knee,1,1,2.000000,547.170000,570.840000,2.000000,545.265625,576.168213,5.658312,55.726646,1,0.087000,0.973126
SP_T_Yoga_1,posenet,26,0.860972,ok,1,direct,1.000000,14,right_knee,1,1,2.000000,446.850000,506.280000,2.000000,446.723236,506.993835,0.725004,55.726646,1,0.087000,0.999553
SP_T_Yoga_1,posenet,26,0.860972,ok,1,direct,1.000000,15,left_ankle,1,1,2.000000,530.400000,671.480000,2.000000,533.784912,657.832336,14.061165,55.726646,1,0.089000,0.851500
SP_T_Yoga_1,posenet,26,0.860972,ok,1,direct,1.000000,16,right_ankle,1,1,2.000000,513.160000,548.860000,2.000000,510.823578,545.424011,4.155104,55.726646,1,0.089000,0.986061
SP_T_Yoga_1,posenet,27,0.894086,ok,1,direct,1.000000,0,nose,1,1,2.000000,533.310000,300.510000,2.000000,533.441162,298.304596,2.209301,54.827078,1,0.026000,0.953096
SP_T_Yoga_1,posenet,27,0.894086,ok,1,direct,1.000000,1,left_eye,0,0,0.000000,0.000000,0.000000,2.000000,541.111023,292.547302,,,,0.025000,
SP_T_Yoga_1,posenet,27,0.894086,ok,1,direct,1.000000,2,right_eye,0,0,0.000000,0.000000,0.000000,2.000000,523.853821,293.506805,,,,0.025000,
SP_T_Yoga_1,posenet,27,0.894086,ok,1,direct,1.000000,3,left_ear,0,0,0.000000,0.000000,0.000000,2.000000,550.698364,298.304596,,,,0.035000,
SP_T_Yoga_1,posenet,27,0.894086,ok,1,direct,1.000000,4,right_ear,0,0,0.000000,0.000000,0.000000,2.000000,512.348999,300.223694,,,,0.035000,
SP_T_Yoga_1,posenet,27,0.894086,ok,1,direct,1.000000,5,left_shoulder,1,1,2.000000,568.500000,347.840000,2.000000,568.914368,341.484406,6.369088,54.827078,1,0.079000,0.957676
SP_T_Yoga_1,posenet,27,0.894086,ok,1,direct,1.000000,6,right_shoulder,1,1,2.000000,494.830000,343.030000,2.000000,497.967926,341.484406,3.497920,54.827078,1,0.079000,0.987041
SP_T_Yoga_1,posenet,27,0.894086,ok,1,direct,1.000000,7,left_elbow,1,1,2.000000,607.230000,294.720000,2.000000,607.263794,286.789948,7.930124,54.827078,1,0.072000,0.922460
SP_T_Yoga_1,posenet,27,0.894086,ok,1,direct,1.000000,8,right_elbow,1,1,2.000000,462.690000,294.060000,2.000000,460.577240,286.789948,7.570827,54.827078,1,0.072000,0.929077
SP_T_Yoga_1,posenet,27,0.894086,ok,1,direct,1.000000,9,left_wrist,1,1,2.000000,614.290000,224.450000,2.000000,613.974915,225.378677,0.980673,54.827078,1,0.062000,0.998337
SP_T_Yoga_1,posenet,27,0.894086,ok,1,direct,1.000000,10,right_wrist,1,1,2.000000,451.080000,228.150000,2.000000,452.907318,232.095535,4.348142,54.827078,1,0.062000,0.967806
SP_T_Yoga_1,posenet,27,0.894086,ok,1,direct,1.000000,11,left_hip,1,1,2.000000,553.540000,454.680000,2.000000,555.492065,479.659790,25.055947,54.827078,1,0.107000,0.694313
SP_T_Yoga_1,posenet,27,0.894086,ok,1,direct,1.000000,12,right_hip,1,1,2.000000,515.710000,455.170000,2.000000,504.679077,469.104736,17.772398,54.827078,1,0.107000,0.832307
SP_T_Yoga_1,posenet,27,0.894086,ok,1,direct,1.000000,13,left_knee,1,1,2.000000,547.170000,570.580000,2.000000,546.863464,575.614929,5.044252,54.827078,1,0.087000,0.977882
SP_T_Yoga_1,posenet,27,0.894086,ok,1,direct,1.000000,14,right_knee,1,1,2.000000,446.180000,502.600000,2.000000,447.154907,500.769928,2.073550,54.827078,1,0.087000,0.996228
SP_T_Yoga_1,posenet,27,0.894086,ok,1,direct,1.000000,15,left_ankle,1,1,2.000000,530.400000,671.480000,2.000000,533.441162,658.136414,13.685758,54.827078,1,0.089000,0.854426
SP_T_Yoga_1,posenet,27,0.894086,ok,1,direct,1.000000,16,right_ankle,1,1,2.000000,512.990000,546.020000,2.000000,512.348999,542.990173,3.096891,54.827078,1,0.089000,0.991977
SP_T_Yoga_1,posenet,28,0.927200,ok,1,direct,1.000000,0,nose,1,1,2.000000,533.690000,300.450000,2.000000,533.162537,300.971344,0.741631,54.311785,1,0.026000,0.994499
SP_T_Yoga_1,posenet,28,0.927200,ok,1,direct,1.000000,1,left_eye,0,0,0.000000,0.000000,0.000000,2.000000,540.840454,292.328888,,,,0.025000,
SP_T_Yoga_1,posenet,28,0.927200,ok,1,direct,1.000000,2,right_eye,0,0,0.000000,0.000000,0.000000,2.000000,524.524841,293.289154,,,,0.025000,
SP_T_Yoga_1,posenet,28,0.927200,ok,1,direct,1.000000,3,left_ear,0,0,0.000000,0.000000,0.000000,2.000000,551.397583,298.090546,,,,0.035000,
SP_T_Yoga_1,posenet,28,0.927200,ok,1,direct,1.000000,4,right_ear,0,0,0.000000,0.000000,0.000000,2.000000,513.007935,301.931641,,,,0.035000,
SP_T_Yoga_1,posenet,28,0.927200,ok,1,direct,1.000000,5,left_shoulder,1,1,2.000000,568.270000,347.100000,2.000000,568.672852,339.382446,7.728061,54.311785,1,0.079000,0.937177
SP_T_Yoga_1,posenet,28,0.927200,ok,1,direct,1.000000,6,right_shoulder,1,1,2.000000,495.980000,342.050000,2.000000,499.571625,340.342682,3.976770,54.311785,1,0.079000,0.982966
SP_T_Yoga_1,posenet,28,0.927200,ok,1,direct,1.000000,7,left_elbow,1,1,2.000000,605.590000,290.440000,2.000000,606.102783,284.646667,5.815982,54.311785,1,0.072000,0.956724
SP_T_Yoga_1,posenet,28,0.927200,ok,1,direct,1.000000,8,right_elbow,1,1,2.000000,465.810000,289.950000,2.000000,463.101501,284.646667,5.954939,54.311785,1,0.072000,0.954679
SP_T_Yoga_1,posenet,28,0.927200,ok,1,direct,1.000000,9,left_wrist,1,1,2.000000,609.030000,220.500000,2.000000,609.941772,221.268433,1.192400,54.311785,1,0.062000,0.997495
SP_T_Yoga_1,posenet,28,0.927200,ok,1,direct,1.000000,10,right_wrist,1,1,2.000000,457.820000,223.710000,2.000000,457.343079,226.069809,2.407520,54.311785,1,0.062000,0.989829
SP_T_Yoga_1,posenet,28,0.927200,ok,1,direct,1.000000,11,left_hip,1,1,2.000000,553.110000,452.680000,2.000000,554.276794,479.582733,26.928024,54.311785,1,0.107000,0.650886
SP_T_Yoga_1,posenet,28,0.927200,ok,1,direct,1.000000,12,right_hip,1,1,2.000000,516.570000,453.170000,2.000000,504.370300,469.019714,20.001153,54.311785,1,0.107000,0.789062
SP_T_Yoga_1,posenet,28,0.927200,ok,1,direct,1.000000,13,left_knee,1,1,2.000000,547.170000,570.330000,2.000000,546.598877,577.530945,7.223558,54.311785,1,0.087000,0.954334
SP_T_Yoga_1,posenet,28,0.927200,ok,1,direct,1.000000,14,right_knee,1,1,2.000000,445.510000,498.920000,2.000000,445.826202,498.788269,0.342545,54.311785,1,0.087000,0.999895
SP_T_Yoga_1,posenet,28,0.927200,ok,1,direct,1.000000,15,left_ankle,1,1,2.000000,530.400000,671.480000,2.000000,533.162537,658.194092,13.570076,54.311785,1,0.089000,0.854170
SP_T_Yoga_1,posenet,28,0.927200,ok,1,direct,1.000000,16,right_ankle,1,1,2.000000,512.830000,543.170000,2.000000,509.169067,537.199341,7.003656,54.311785,1,0.089000,0.958883
SP_T_Yoga_1,posenet,29,0.960314,ok,1,direct,1.000000,0,nose,1,1,2.000000,534.270000,300.450000,2.000000,533.263428,298.754730,1.971580,53.714091,1,0.026000,0.960924
SP_T_Yoga_1,posenet,29,0.960314,ok,1,direct,1.000000,1,left_eye,0,0,0.000000,0.000000,0.000000,2.000000,540.913086,291.071167,,,,0.025000,
SP_T_Yoga_1,posenet,29,0.960314,ok,1,direct,1.000000,2,right_eye,0,0,0.000000,0.000000,0.000000,2.000000,524.657593,292.031616,,,,0.025000,
SP_T_Yoga_1,posenet,29,0.960314,ok,1,direct,1.000000,3,left_ear,0,0,0.000000,0.000000,0.000000,2.000000,551.431274,297.794281,,,,0.035000,
SP_T_Yoga_1,posenet,29,0.960314,ok,1,direct,1.000000,4,right_ear,0,0,0.000000,0.000000,0.000000,2.000000,513.183167,299.715149,,,,0.035000,
SP_T_Yoga_1,posenet,29,0.960314,ok,1,direct,1.000000,5,left_shoulder,1,1,2.000000,568.270000,347.100000,2.000000,570.555359,336.212067,11.125195,53.714091,1,0.079000,0.871559
SP_T_Yoga_1,posenet,29,0.960314,ok,1,direct,1.000000,6,right_shoulder,1,1,2.000000,496.310000,341.270000,2.000000,499.796295,337.172485,5.379952,53.714091,1,0.079000,0.968363
SP_T_Yoga_1,posenet,29,0.960314,ok,1,direct,1.000000,7,left_elbow,1,1,2.000000,604.720000,288.200000,2.000000,604.022522,286.268921,2.053179,53.714091,1,0.072000,0.994379
SP_T_Yoga_1,posenet,29,0.960314,ok,1,direct,1.000000,8,right_elbow,1,1,2.000000,468.400000,287.880000,2.000000,467.285370,281.466705,6.509435,53.714091,1,0.072000,0.944915
SP_T_Yoga_1,posenet,29,0.960314,ok,1,direct,1.000000,9,left_wrist,1,1,2.000000,604.020000,218.430000,2.000000,604.978699,224.800476,6.442210,53.714091,1,0.062000,0.927891
SP_T_Yoga_1,posenet,29,0.960314,ok,1,direct,1.000000,10,right_wrist,1,1,2.000000,464.730000,219.740000,2.000000,465.372986,222.879578,3.204743,53.714091,1,0.062000,0.981650
SP_T_Yoga_1,posenet,29,0.960314,ok,1,direct,1.000000,11,left_hip,1,1,2.000000,553.110000,452.680000,2.000000,555.256104,478.357910,25.767437,53.714091,1,0.107000,0.668979
SP_T_Yoga_1,posenet,29,0.960314,ok,1,direct,1.000000,12,right_hip,1,1,2.000000,516.570000,453.170000,2.000000,505.533508,466.832550,17.563298,53.714091,1,0.107000,0.829638
SP_T_Yoga_1,posenet,29,0.960314,ok,1,direct,1.000000,13,left_knee,1,1,2.000000,547.170000,570.330000,2.000000,546.650269,577.283691,6.973087,53.714091,1,0.087000,0.956446
SP_T_Yoga_1,posenet,29,0.960314,ok,1,direct,1.000000,14,right_knee,1,1,2.000000,445.510000,498.920000,2.000000,445.292694,496.606323,2.323859,53.714091,1,0.087000,0.995066
SP_T_Yoga_1,posenet,29,0.960314,ok,1,direct,1.000000,15,left_ankle,1,1,2.000000,530.400000,671.480000,2.000000,533.263428,657.961060,13.818863,53.714091,1,0.089000,0.846101
SP_T_Yoga_1,posenet,29,0.960314,ok,1,direct,1.000000,16,right_ankle,1,1,2.000000,513.230000,540.370000,2.000000,509.358368,535.984619,5.849880,53.714091,1,0.089000,0.970496
SP_T_Yoga_1,posenet,30,0.993429,ok,1,direct,1.000000,0,nose,1,1,2.000000,534.850000,300.450000,2.000000,534.394958,298.940796,1.576312,53.725852,1,0.026000,0.974853
SP_T_Yoga_1,posenet,30,0.993429,ok,1,direct,1.000000,1,left_eye,0,0,0.000000,0.000000,0.000000,2.000000,542.047607,290.302673,,,,0.025000,
SP_T_Yoga_1,posenet,30,0.993429,ok,1,direct,1.000000,2,right_eye,0,0,0.000000,0.000000,0.000000,2.000000,524.829224,291.262451,,,,0.025000,
SP_T_Yoga_1,posenet,30,0.993429,ok,1,direct,1.000000,3,left_ear,0,0,0.000000,0.000000,0.000000,2.000000,551.613403,297.981018,,,,0.035000,
SP_T_Yoga_1,posenet,30,0.993429,ok,1,direct,1.000000,4,right_ear,0,0,0.000000,0.000000,0.000000,2.000000,511.437134,299.900604,,,,0.035000,
SP_T_Yoga_1,posenet,30,0.993429,ok,1,direct,1.000000,5,left_shoulder,1,1,2.000000,568.270000,347.100000,2.000000,570.744934,337.332458,10.076218,53.725852,1,0.079000,0.893400
SP_T_Yoga_1,posenet,30,0.993429,ok,1,direct,1.000000,6,right_shoulder,1,1,2.000000,496.650000,340.500000,2.000000,499.001617,336.372681,4.750249,53.725852,1,0.079000,0.975259
SP_T_Yoga_1,posenet,30,0.993429,ok,1,direct,1.000000,7,left_elbow,1,1,2.000000,603.860000,285.950000,2.000000,602.312012,282.624329,3.668291,53.725852,1,0.072000,0.982175
SP_T_Yoga_1,posenet,30,0.993429,ok,1,direct,1.000000,8,right_elbow,1,1,2.000000,470.990000,285.810000,2.000000,471.260834,280.704773,5.112406,53.725852,1,0.072000,0.965669
SP_T_Yoga_1,posenet,30,0.993429,ok,1,direct,1.000000,9,left_wrist,1,1,2.000000,599.010000,216.360000,2.000000,600.398865,225.036850,8.787302,53.725852,1,0.062000,0.870067
SP_T_Yoga_1,posenet,30,0.993429,ok,1,direct,1.000000,10,right_wrist,1,1,2.000000,471.640000,215.770000,2.000000,471.260834,222.157471,6.398715,53.725852,1,0.062000,0.928856
SP_T_Yoga_1,posenet,30,0.993429,ok,1,direct,1.000000,11,left_hip,1,1,2.000000,553.110000,452.680000,2.000000,555.439697,477.462036,24.891300,53.725852,1,0.107000,0.687313
SP_T_Yoga_1,posenet,30,0.993429,ok,1,direct,1.000000,12,right_hip,1,1,2.000000,516.570000,453.170000,2.000000,504.741058,466.904297,18.126080,53.725852,1,0.107000,0.819681
SP_T_Yoga_1,posenet,30,0.993429,ok,1,direct,1.000000,13,left_knee,1,1,2.000000,547.170000,570.330000,2.000000,545.873901,577.280334,7.070150,53.725852,1,0.087000,0.955272
SP_T_Yoga_1,posenet,30,0.993429,ok,1,direct,1.000000,14,right_knee,1,1,2.000000,445.510000,498.920000,2.000000,445.433258,495.698090,3.222824,53.725852,1,0.087000,0.990537
SP_T_Yoga_1,posenet,30,0.993429,ok,1,direct,1.000000,15,left_ankle,1,1,2.000000,530.400000,671.480000,2.000000,533.438416,660.782227,11.120896,53.725852,1,0.089000,0.897462
SP_T_Yoga_1,posenet,30,0.993429,ok,1,direct,1.000000,16,right_ankle,1,1,2.000000,513.630000,537.580000,2.000000,511.437134,532.170105,5.837433,53.725852,1,0.089000,0.970632
SP_T_Yoga_1,posenet,31,1.026543,ok,1,direct,1.000000,0,nose,1,1,2.000000,535.180000,300.350000,2.000000,534.437500,299.451721,1.165423,53.684894,1,0.026000,0.986154
SP_T_Yoga_1,posenet,31,1.026543,ok,1,direct,1.000000,1,left_eye,0,0,0.000000,0.000000,0.000000,2.000000,542.102234,290.810791,,,,0.025000,
SP_T_Yoga_1,posenet,31,1.026543,ok,1,direct,1.000000,2,right_eye,0,0,0.000000,0.000000,0.000000,2.000000,524.856506,291.770874,,,,0.025000,
SP_T_Yoga_1,posenet,31,1.026543,ok,1,direct,1.000000,3,left_ear,0,0,0.000000,0.000000,0.000000,2.000000,552.641235,297.531494,,,,0.035000,
SP_T_Yoga_1,posenet,31,1.026543,ok,1,direct,1.000000,4,right_ear,0,0,0.000000,0.000000,0.000000,2.000000,511.443237,300.411835,,,,0.035000,
SP_T_Yoga_1,posenet,31,1.026543,ok,1,direct,1.000000,5,left_shoulder,1,1,2.000000,568.270000,347.100000,2.000000,568.928833,337.855927,9.267522,53.684894,1,0.079000,0.908919
SP_T_Yoga_1,posenet,31,1.026543,ok,1,direct,1.000000,6,right_shoulder,1,1,2.000000,496.980000,339.720000,2.000000,499.946136,336.895813,4.095607,53.684894,1,0.079000,0.981522
SP_T_Yoga_1,posenet,31,1.026543,ok,1,direct,1.000000,7,left_elbow,1,1,2.000000,603.480000,284.410000,2.000000,601.504028,282.169830,2.987110,53.684894,1,0.072000,0.988127
SP_T_Yoga_1,posenet,31,1.026543,ok,1,direct,1.000000,8,right_elbow,1,1,2.000000,472.680000,282.520000,2.000000,474.077637,278.329407,4.417517,53.684894,1,0.072000,0.974216
SP_T_Yoga_1,posenet,31,1.026543,ok,1,direct,1.000000,9,left_wrist,1,1,2.000000,594.040000,216.060000,2.000000,594.797363,222.643295,6.626717,53.684894,1,0.062000,0.923785
SP_T_Yoga_1,posenet,31,1.026543,ok,1,direct,1.000000,10,right_wrist,1,1,2.000000,478.400000,215.370000,2.000000,477.910004,216.882675,1.590057,53.684894,1,0.062000,0.995446
SP_T_Yoga_1,posenet,31,1.026543,ok,1,direct,1.000000,11,left_hip,1,1,2.000000,553.110000,452.680000,2.000000,554.557434,478.991425,26.351207,53.684894,1,0.107000,0.656468
SP_T_Yoga_1,posenet,31,1.026543,ok,1,direct,1.000000,12,right_hip,1,1,2.000000,516.570000,453.170000,2.000000,504.736603,465.549927,17.125766,53.684894,1,0.107000,0.837135
SP_T_Yoga_1,posenet,31,1.026543,ok,1,direct,1.000000,13,left_knee,1,1,2.000000,547.170000,570.330000,2.000000,544.976501,575.001953,5.161258,53.684894,1,0.087000,0.975873
SP_T_Yoga_1,posenet,31,1.026543,ok,1,direct,1.000000,14,right_knee,1,1,2.000000,445.510000,498.920000,2.000000,444.376770,497.233398,2.031953,53.684894,1,0.087000,0.996222
SP_T_Yoga_1,posenet,31,1.026543,ok,1,direct,1.000000,15,left_ankle,1,1,2.000000,530.400000,671.480000,2.000000,534.437500,655.650818,16.335985,53.684894,1,0.089000,0.791524
SP_T_Yoga_1,posenet,31,1.026543,ok,1,direct,1.000000,16,right_ankle,1,1,2.000000,513.970000,534.580000,2.000000,511.443237,528.916870,6.201256,53.684894,1,0.089000,0.966871
SP_T_Yoga_1,posenet,32,1.059657,ok,1,direct,1.000000,0,nose,1,1,2.000000,535.520000,300.250000,2.000000,536.198975,298.969513,1.449363,53.645494,1,0.026000,0.978636
SP_T_Yoga_1,posenet,32,1.059657,ok,1,direct,1.000000,1,left_eye,0,0,0.000000,0.000000,0.000000,2.000000,542.915283,291.281494,,,,0.025000,
SP_T_Yoga_1,posenet,32,1.059657,ok,1,direct,1.000000,2,right_eye,0,0,0.000000,0.000000,0.000000,2.000000,525.644714,291.281494,,,,0.025000,
SP_T_Yoga_1,posenet,32,1.059657,ok,1,direct,1.000000,3,left_ear,0,0,0.000000,0.000000,0.000000,2.000000,553.469543,297.047485,,,,0.035000,
SP_T_Yoga_1,posenet,32,1.059657,ok,1,direct,1.000000,4,right_ear,0,0,0.000000,0.000000,0.000000,2.000000,512.211975,299.930511,,,,0.035000,
SP_T_Yoga_1,posenet,32,1.059657,ok,1,direct,1.000000,5,left_shoulder,1,1,2.000000,568.270000,347.100000,2.000000,569.780701,338.370544,8.859211,53.645494,1,0.079000,0.916313
SP_T_Yoga_1,posenet,32,1.059657,ok,1,direct,1.000000,6,right_shoulder,1,1,2.000000,497.310000,338.950000,2.000000,498.779297,332.604523,6.513364,53.645494,1,0.079000,0.953857
SP_T_Yoga_1,posenet,32,1.059657,ok,1,direct,1.000000,7,left_elbow,1,1,2.000000,603.110000,282.860000,2.000000,599.524536,281.671509,3.777309,53.645494,1,0.072000,0.981054
SP_T_Yoga_1,posenet,32,1.059657,ok,1,direct,1.000000,8,right_elbow,1,1,2.000000,474.370000,279.240000,2.000000,476.711304,273.983490,5.754355,53.645494,1,0.072000,0.956580
SP_T_Yoga_1,posenet,32,1.059657,ok,1,direct,1.000000,9,left_wrist,1,1,2.000000,589.060000,215.760000,2.000000,589.929749,219.206436,3.554488,53.645494,1,0.062000,0.977417
SP_T_Yoga_1,posenet,32,1.059657,ok,1,direct,1.000000,10,right_wrist,1,1,2.000000,485.170000,214.970000,2.000000,484.387146,216.323441,1.563541,53.645494,1,0.062000,0.995590
SP_T_Yoga_1,posenet,32,1.059657,ok,1,direct,1.000000,11,left_hip,1,1,2.000000,553.110000,452.680000,2.000000,555.388489,479.637665,27.053784,53.645494,1,0.107000,0.641289
SP_T_Yoga_1,posenet,32,1.059657,ok,1,direct,1.000000,12,right_hip,1,1,2.000000,516.570000,453.170000,2.000000,503.576691,466.183655,18.389706,53.645494,1,0.107000,0.814420
SP_T_Yoga_1,posenet,32,1.059657,ok,1,direct,1.000000,13,left_knee,1,1,2.000000,547.170000,570.330000,2.000000,546.753235,569.971741,0.549584,53.645494,1,0.087000,0.999723
SP_T_Yoga_1,posenet,32,1.059657,ok,1,direct,1.000000,14,right_knee,1,1,2.000000,445.510000,498.920000,2.000000,444.089020,497.896637,1.751130,53.645494,1,0.087000,0.997188
SP_T_Yoga_1,posenet,32,1.059657,ok,1,direct,1.000000,15,left_ankle,1,1,2.000000,530.400000,671.480000,2.000000,533.320496,655.500854,16.243841,53.645494,1,0.089000,0.793338
SP_T_Yoga_1,posenet,32,1.059657,ok,1,direct,1.000000,16,right_ankle,1,1,2.000000,514.320000,531.590000,2.000000,512.211975,526.726685,5.300529,53.645494,1,0.089000,0.975651
SP_T_Yoga_1,posenet,33,1.092772,ok,1,direct,1.000000,0,nose,1,1,2.000000,535.860000,300.160000,2.000000,535.207642,297.392242,2.843599,53.604250,1,0.026000,0.920115
SP_T_Yoga_1,posenet,33,1.092772,ok,1,direct,1.000000,1,left_eye,0,0,0.000000,0.000000,0.000000,2.000000,542.878296,292.588562,,,,0.025000,
SP_T_Yoga_1,posenet,33,1.092772,ok,1,direct,1.000000,2,right_eye,0,0,0.000000,0.000000,0.000000,2.000000,525.619263,292.588562,,,,0.025000,
SP_T_Yoga_1,posenet,33,1.092772,ok,1,direct,1.000000,3,left_ear,0,0,0.000000,0.000000,0.000000,2.000000,555.343201,295.470734,,,,0.035000,
SP_T_Yoga_1,posenet,33,1.092772,ok,1,direct,1.000000,4,right_ear,0,0,0.000000,0.000000,0.000000,2.000000,513.154358,297.392242,,,,0.035000,
SP_T_Yoga_1,posenet,33,1.092772,ok,1,direct,1.000000,5,left_shoulder,1,1,2.000000,568.270000,347.100000,2.000000,571.643494,334.860840,12.695570,53.604250,1,0.079000,0.835475
SP_T_Yoga_1,posenet,33,1.092772,ok,1,direct,1.000000,6,right_shoulder,1,1,2.000000,497.640000,338.180000,2.000000,499.730652,333.900116,4.763217,53.604250,1,0.079000,0.975014
SP_T_Yoga_1,posenet,33,1.092772,ok,1,direct,1.000000,7,left_elbow,1,1,2.000000,602.730000,281.320000,2.000000,598.490967,278.177551,5.276778,53.604250,1,0.072000,0.963305
SP_T_Yoga_1,posenet,33,1.092772,ok,1,direct,1.000000,8,right_elbow,1,1,2.000000,476.070000,275.960000,2.000000,478.636200,276.256073,2.583223,53.604250,1,0.072000,0.991080
SP_T_Yoga_1,posenet,33,1.092772,ok,1,direct,1.000000,9,left_wrist,1,1,2.000000,584.090000,215.470000,2.000000,586.026001,218.612045,3.690603,53.604250,1,0.062000,0.975639
SP_T_Yoga_1,posenet,33,1.092772,ok,1,direct,1.000000,10,right_wrist,1,1,2.000000,491.930000,214.570000,2.000000,490.142273,219.572784,5.312610,53.604250,1,0.062000,0.950179
SP_T_Yoga_1,posenet,33,1.092772,ok,1,direct,1.000000,11,left_hip,1,1,2.000000,553.110000,452.680000,2.000000,555.343201,476.088745,23.515028,53.604250,1,0.107000,0.714504
SP_T_Yoga_1,posenet,33,1.092772,ok,1,direct,1.000000,12,right_hip,1,1,2.000000,516.570000,453.170000,2.000000,503.565979,466.481415,18.609093,53.604250,1,0.107000,0.810155
SP_T_Yoga_1,posenet,33,1.092772,ok,1,direct,1.000000,13,left_knee,1,1,2.000000,547.170000,570.330000,2.000000,545.754883,569.279907,1.762172,53.604250,1,0.087000,0.997149
SP_T_Yoga_1,posenet,33,1.092772,ok,1,direct,1.000000,14,right_knee,1,1,2.000000,445.510000,498.920000,2.000000,444.118073,496.264160,2.998491,53.604250,1,0.087000,0.991766
SP_T_Yoga_1,posenet,33,1.092772,ok,1,direct,1.000000,15,left_ankle,1,1,2.000000,530.400000,671.480000,2.000000,534.248840,655.745972,16.197939,53.604250,1,0.089000,0.794094
SP_T_Yoga_1,posenet,33,1.092772,ok,1,direct,1.000000,16,right_ankle,1,1,2.000000,514.660000,528.600000,2.000000,512.195557,524.125488,5.108301,53.604250,1,0.089000,0.977331
SP_T_Yoga_1,posenet,34,1.125886,ok,1,direct,1.000000,0,nose,1,1,2.000000,536.660000,299.890000,2.000000,535.860718,297.335052,2.677052,53.545265,1,0.026000,0.928715
SP_T_Yoga_1,posenet,34,1.125886,ok,1,direct,1.000000,1,left_eye,0,0,0.000000,0.000000,0.000000,2.000000,543.513672,290.617920,,,,0.025000,
SP_T_Yoga_1,posenet,34,1.125886,ok,1,direct,1.000000,2,right_eye,0,0,0.000000,0.000000,0.000000,2.000000,527.251038,290.617920,,,,0.025000,
SP_T_Yoga_1,posenet,34,1.125886,ok,1,direct,1.000000,3,left_ear,0,0,0.000000,0.000000,0.000000,2.000000,554.993225,296.375458,,,,0.035000,
SP_T_Yoga_1,posenet,34,1.125886,ok,1,direct,1.000000,4,right_ear,0,0,0.000000,0.000000,0.000000,2.000000,513.858337,298.294647,,,,0.035000,
SP_T_Yoga_1,posenet,34,1.125886,ok,1,direct,1.000000,5,left_shoulder,1,1,2.000000,568.270000,347.100000,2.000000,571.255859,334.759094,12.696980,53.545265,1,0.079000,0.835110
SP_T_Yoga_1,posenet,34,1.125886,ok,1,direct,1.000000,6,right_shoulder,1,1,2.000000,497.970000,337.400000,2.000000,501.422150,335.718658,3.839824,53.545265,1,0.079000,0.983655
SP_T_Yoga_1,posenet,34,1.125886,ok,1,direct,1.000000,7,left_elbow,1,1,2.000000,602.110000,280.700000,2.000000,598.041443,278.143250,4.805219,53.545265,1,0.072000,0.969407
SP_T_Yoga_1,posenet,34,1.125886,ok,1,direct,1.000000,8,right_elbow,1,1,2.000000,478.260000,275.960000,2.000000,480.376373,277.183685,2.444676,53.545265,1,0.072000,0.991990
SP_T_Yoga_1,posenet,34,1.125886,ok,1,direct,1.000000,9,left_wrist,1,1,2.000000,580.290000,216.070000,2.000000,583.691956,221.527451,6.430946,53.545265,1,0.062000,0.927697
SP_T_Yoga_1,posenet,34,1.125886,ok,1,direct,1.000000,10,right_wrist,1,1,2.000000,497.530000,213.770000,2.000000,494.725769,221.527451,8.248742,53.545265,1,0.062000,0.883844
SP_T_Yoga_1,posenet,34,1.125886,ok,1,direct,1.000000,11,left_hip,1,1,2.000000,553.110000,452.680000,2.000000,555.949890,474.859161,22.360236,53.545265,1,0.107000,0.737396
SP_T_Yoga_1,posenet,34,1.125886,ok,1,direct,1.000000,12,right_hip,1,1,2.000000,516.570000,453.170000,2.000000,504.292023,465.263275,17.233573,53.545265,1,0.107000,0.834473
SP_T_Yoga_1,posenet,34,1.125886,ok,1,direct,1.000000,13,left_knee,1,1,2.000000,547.170000,570.330000,2.000000,546.383545,572.737305,2.532514,53.545265,1,0.087000,0.994107
SP_T_Yoga_1,posenet,34,1.125886,ok,1,direct,1.000000,14,right_knee,1,1,2.000000,445.510000,498.920000,2.000000,444.024597,498.848938,1.487102,53.545265,1,0.087000,0.997964
SP_T_Yoga_1,posenet,34,1.125886,ok,1,direct,1.000000,15,left_ankle,1,1,2.000000,530.400000,671.480000,2.000000,533.947449,657.181274,14.732208,53.545265,1,0.089000,0.826020
SP_T_Yoga_1,posenet,34,1.125886,ok,1,direct,1.000000,16,right_ankle,1,1,2.000000,514.660000,528.600000,2.000000,514.814941,525.717468,2.886693,53.545265,1,0.089000,0.992688
SP_T_Yoga_1,posenet,35,1.159000,ok,1,direct,1.000000,0,nose,1,1,2.000000,537.470000,299.620000,2.000000,536.974731,297.733734,1.950203,53.484130,1,0.026000,0.961427
SP_T_Yoga_1,posenet,35,1.159000,ok,1,direct,1.000000,1,left_eye,0,0,0.000000,0.000000,0.000000,2.000000,544.622742,291.971771,,,,0.025000,
SP_T_Yoga_1,posenet,35,1.159000,ok,1,direct,1.000000,2,right_eye,0,0,0.000000,0.000000,0.000000,2.000000,527.414795,291.971771,,,,0.025000,
SP_T_Yoga_1,posenet,35,1.159000,ok,1,direct,1.000000,3,left_ear,0,0,0.000000,0.000000,0.000000,2.000000,555.138733,296.773376,,,,0.035000,
SP_T_Yoga_1,posenet,35,1.159000,ok,1,direct,1.000000,4,right_ear,0,0,0.000000,0.000000,0.000000,2.000000,514.030823,296.773376,,,,0.035000,
SP_T_Yoga_1,posenet,35,1.159000,ok,1,direct,1.000000,5,left_shoulder,1,1,2.000000,568.270000,347.100000,2.000000,570.434753,334.226105,13.054629,53.484130,1,0.079000,0.826197
SP_T_Yoga_1,posenet,35,1.159000,ok,1,direct,1.000000,6,right_shoulder,1,1,2.000000,498.300000,336.630000,2.000000,502.558777,335.186462,4.496775,53.484130,1,0.079000,0.977602
SP_T_Yoga_1,posenet,35,1.159000,ok,1,direct,1.000000,7,left_elbow,1,1,2.000000,601.480000,280.070000,2.000000,597.202759,277.566864,4.955853,53.484130,1,0.072000,0.967418
SP_T_Yoga_1,posenet,35,1.159000,ok,1,direct,1.000000,8,right_elbow,1,1,2.000000,480.460000,275.960000,2.000000,482.482758,276.606537,2.123572,53.484130,1,0.072000,0.993936
SP_T_Yoga_1,posenet,35,1.159000,ok,1,direct,1.000000,9,left_wrist,1,1,2.000000,576.500000,216.670000,2.000000,579.994751,221.867935,6.263531,53.484130,1,0.062000,0.931130
SP_T_Yoga_1,posenet,35,1.159000,ok,1,direct,1.000000,10,right_wrist,1,1,2.000000,503.130000,212.970000,2.000000,498.734772,221.867935,9.924277,53.484130,1,0.062000,0.835988
SP_T_Yoga_1,posenet,35,1.159000,ok,1,direct,1.000000,11,left_hip,1,1,2.000000,553.110000,452.680000,2.000000,557.050781,474.433777,22.107839,53.484130,1,0.107000,0.741950
SP_T_Yoga_1,posenet,35,1.159000,ok,1,direct,1.000000,12,right_hip,1,1,2.000000,516.570000,453.170000,2.000000,505.426788,464.830505,16.128811,53.484130,1,0.107000,0.853115
SP_T_Yoga_1,posenet,35,1.159000,ok,1,direct,1.000000,13,left_knee,1,1,2.000000,547.170000,570.330000,2.000000,547.490723,568.545776,1.812820,53.484130,1,0.087000,0.996969
SP_T_Yoga_1,posenet,35,1.159000,ok,1,direct,1.000000,14,right_knee,1,1,2.000000,445.510000,498.920000,2.000000,443.286804,499.402283,2.274906,53.484130,1,0.087000,0.995231
SP_T_Yoga_1,posenet,35,1.159000,ok,1,direct,1.000000,15,left_ankle,1,1,2.000000,530.400000,671.480000,2.000000,533.150818,657.856140,13.898797,53.484130,1,0.089000,0.843233
SP_T_Yoga_1,posenet,35,1.159000,ok,1,direct,1.000000,16,right_ankle,1,1,2.000000,514.660000,528.600000,2.000000,516.898804,528.212097,2.272160,53.484130,1,0.089000,0.995453
SP_T_Yoga_1,posenet,36,1.192114,ok,1,direct,1.000000,0,nose,1,1,2.000000,537.770000,299.620000,2.000000,537.090759,298.796173,1.067735,53.299666,1,0.026000,0.988197
SP_T_Yoga_1,posenet,36,1.192114,ok,1,direct,1.000000,1,left_eye,0,0,0.000000,0.000000,0.000000,2.000000,544.735657,291.114502,,,,0.025000,
SP_T_Yoga_1,posenet,36,1.192114,ok,1,direct,1.000000,2,right_eye,0,0,0.000000,0.000000,0.000000,2.000000,528.490173,291.114502,,,,0.025000,
SP_T_Yoga_1,posenet,36,1.192114,ok,1,direct,1.000000,3,left_ear,0,0,0.000000,0.000000,0.000000,2.000000,556.203064,297.835968,,,,0.035000,
SP_T_Yoga_1,posenet,36,1.192114,ok,1,direct,1.000000,4,right_ear,0,0,0.000000,0.000000,0.000000,2.000000,515.111511,297.835968,,,,0.035000,
SP_T_Yoga_1,posenet,36,1.192114,ok,1,direct,1.000000,5,left_shoulder,1,1,2.000000,568.270000,347.100000,2.000000,570.537354,335.284210,12.031367,53.299666,1,0.079000,0.849346
SP_T_Yoga_1,posenet,36,1.192114,ok,1,direct,1.000000,6,right_shoulder,1,1,2.000000,498.770000,336.170000,2.000000,503.644165,335.284210,4.953999,53.299666,1,0.079000,0.972695
SP_T_Yoga_1,posenet,36,1.192114,ok,1,direct,1.000000,7,left_elbow,1,1,2.000000,600.860000,279.450000,2.000000,597.294617,279.591949,3.568208,53.299666,1,0.072000,0.982858
SP_T_Yoga_1,posenet,36,1.192114,ok,1,direct,1.000000,8,right_elbow,1,1,2.000000,482.170000,275.730000,2.000000,484.531769,276.711304,2.557520,53.299666,1,0.072000,0.991156
SP_T_Yoga_1,posenet,36,1.192114,ok,1,direct,1.000000,9,left_wrist,1,1,2.000000,573.890000,217.330000,2.000000,578.182251,223.899750,7.847613,53.299666,1,0.062000,0.893338
SP_T_Yoga_1,posenet,36,1.192114,ok,1,direct,1.000000,10,right_wrist,1,1,2.000000,506.840000,214.310000,2.000000,501.732880,223.899750,10.864897,53.299666,1,0.062000,0.805577
SP_T_Yoga_1,posenet,36,1.192114,ok,1,direct,1.000000,11,left_hip,1,1,2.000000,553.110000,452.680000,2.000000,557.158691,475.474945,23.151705,53.299666,1,0.107000,0.719216
SP_T_Yoga_1,posenet,36,1.192114,ok,1,direct,1.000000,12,right_hip,1,1,2.000000,516.570000,453.170000,2.000000,506.510986,465.872833,16.203263,53.299666,1,0.107000,0.850915
SP_T_Yoga_1,posenet,36,1.192114,ok,1,direct,1.000000,13,left_knee,1,1,2.000000,547.170000,570.330000,2.000000,547.602539,568.615356,1.768359,53.299666,1,0.087000,0.997096
SP_T_Yoga_1,posenet,36,1.192114,ok,1,direct,1.000000,14,right_knee,1,1,2.000000,445.510000,498.920000,2.000000,442.484650,499.480194,3.076778,53.299666,1,0.087000,0.991234
SP_T_Yoga_1,posenet,36,1.192114,ok,1,direct,1.000000,15,left_ankle,1,1,2.000000,530.400000,671.480000,2.000000,533.268250,657.914978,13.864944,53.299666,1,0.089000,0.842941
SP_T_Yoga_1,posenet,36,1.192114,ok,1,direct,1.000000,16,right_ankle,1,1,2.000000,514.660000,528.600000,2.000000,517.978394,528.286499,3.333169,53.299666,1,0.089000,0.990174
SP_T_Yoga_1,posenet,37,1.225229,ok,1,direct,1.000000,0,nose,1,1,2.000000,538.070000,299.620000,2.000000,536.529053,298.895355,1.702830,53.113470,1,0.026000,0.970048
SP_T_Yoga_1,posenet,37,1.225229,ok,1,direct,1.000000,1,left_eye,0,0,0.000000,0.000000,0.000000,2.000000,544.210083,291.213440,,,,0.025000,
SP_T_Yoga_1,posenet,37,1.225229,ok,1,direct,1.000000,2,right_eye,0,0,0.000000,0.000000,0.000000,2.000000,528.848022,291.213440,,,,0.025000,
SP_T_Yoga_1,posenet,37,1.225229,ok,1,direct,1.000000,3,left_ear,0,0,0.000000,0.000000,0.000000,2.000000,556.691833,297.935150,,,,0.035000,
SP_T_Yoga_1,posenet,37,1.225229,ok,1,direct,1.000000,4,right_ear,0,0,0.000000,0.000000,0.000000,2.000000,516.366211,298.895355,,,,0.035000,
SP_T_Yoga_1,posenet,37,1.225229,ok,1,direct,1.000000,5,left_shoulder,1,1,2.000000,568.270000,347.100000,2.000000,571.093811,335.384583,12.050930,53.113470,1,0.079000,0.847918
SP_T_Yoga_1,posenet,37,1.225229,ok,1,direct,1.000000,6,right_shoulder,1,1,2.000000,499.230000,335.710000,2.000000,503.884521,336.344849,4.697617,53.113470,1,0.079000,0.975243
SP_T_Yoga_1,posenet,37,1.225229,ok,1,direct,1.000000,7,left_elbow,1,1,2.000000,600.230000,278.820000,2.000000,597.017395,278.730286,3.213857,53.113470,1,0.072000,0.985974
SP_T_Yoga_1,posenet,37,1.225229,ok,1,direct,1.000000,8,right_elbow,1,1,2.000000,483.880000,275.510000,2.000000,484.681854,275.849579,0.870795,53.113470,1,0.072000,0.998964
SP_T_Yoga_1,posenet,37,1.225229,ok,1,direct,1.000000,9,left_wrist,1,1,2.000000,571.290000,218.000000,2.000000,575.894470,224.956696,8.342467,53.113470,1,0.062000,0.879538
SP_T_Yoga_1,posenet,37,1.225229,ok,1,direct,1.000000,10,right_wrist,1,1,2.000000,510.560000,215.650000,2.000000,506.764923,223.036224,8.304151,53.113470,1,0.062000,0.880573
SP_T_Yoga_1,posenet,37,1.225229,ok,1,direct,1.000000,11,left_hip,1,1,2.000000,553.110000,452.680000,2.000000,556.691833,475.579987,23.178415,53.113470,1,0.107000,0.717003
SP_T_Yoga_1,posenet,37,1.225229,ok,1,direct,1.000000,12,right_hip,1,1,2.000000,516.570000,453.170000,2.000000,506.764923,465.977570,16.129891,53.113470,1,0.107000,0.851201
SP_T_Yoga_1,posenet,37,1.225229,ok,1,direct,1.000000,13,left_knee,1,1,2.000000,547.170000,570.330000,2.000000,547.090515,567.763245,2.567986,53.113470,1,0.087000,0.993842
SP_T_Yoga_1,posenet,37,1.225229,ok,1,direct,1.000000,14,right_knee,1,1,2.000000,445.510000,498.920000,2.000000,441.475861,500.546265,4.349600,53.113470,1,0.087000,0.982435
SP_T_Yoga_1,posenet,37,1.225229,ok,1,direct,1.000000,15,left_ankle,1,1,2.000000,530.400000,671.480000,2.000000,533.648621,658.026062,13.840592,53.113470,1,0.089000,0.842438
SP_T_Yoga_1,posenet,37,1.225229,ok,1,direct,1.000000,16,right_ankle,1,1,2.000000,514.660000,528.600000,2.000000,517.326355,527.433044,2.910538,53.113470,1,0.089000,0.992447
SP_T_Yoga_1,posenet,38,1.258343,ok,1,direct,1.000000,0,nose,1,1,2.000000,538.370000,299.620000,2.000000,537.295959,299.952393,1.124299,52.928975,1,0.026000,0.986739
SP_T_Yoga_1,posenet,38,1.258343,ok,1,direct,1.000000,1,left_eye,0,0,0.000000,0.000000,0.000000,2.000000,545.911804,291.309265,,,,0.025000,
SP_T_Yoga_1,posenet,38,1.258343,ok,1,direct,1.000000,2,right_eye,0,0,0.000000,0.000000,0.000000,2.000000,529.637451,291.309265,,,,0.025000,
SP_T_Yoga_1,posenet,38,1.258343,ok,1,direct,1.000000,3,left_ear,0,0,0.000000,0.000000,0.000000,2.000000,556.442200,298.992065,,,,0.035000,
SP_T_Yoga_1,posenet,38,1.258343,ok,1,direct,1.000000,4,right_ear,0,0,0.000000,0.000000,0.000000,2.000000,516.235107,298.992065,,,,0.035000,
SP_T_Yoga_1,posenet,38,1.258343,ok,1,direct,1.000000,5,left_shoulder,1,1,2.000000,568.270000,347.100000,2.000000,570.801880,336.445587,10.951115,52.928975,1,0.079000,0.871809
SP_T_Yoga_1,posenet,38,1.258343,ok,1,direct,1.000000,6,right_shoulder,1,1,2.000000,499.690000,335.250000,2.000000,503.790100,336.445587,4.270861,52.928975,1,0.079000,0.979351
SP_T_Yoga_1,posenet,38,1.258343,ok,1,direct,1.000000,7,left_elbow,1,1,2.000000,599.610000,278.200000,2.000000,596.649231,279.785095,3.358375,52.928975,1,0.072000,0.984588
SP_T_Yoga_1,posenet,38,1.258343,ok,1,direct,1.000000,8,right_elbow,1,1,2.000000,485.590000,275.290000,2.000000,486.558472,273.062683,2.428761,52.928975,1,0.072000,0.991909
SP_T_Yoga_1,posenet,38,1.258343,ok,1,direct,1.000000,9,left_wrist,1,1,2.000000,568.690000,218.670000,2.000000,575.588440,226.005676,10.069787,52.928975,1,0.062000,0.828348
SP_T_Yoga_1,posenet,38,1.258343,ok,1,direct,1.000000,10,right_wrist,1,1,2.000000,514.270000,216.990000,2.000000,509.533936,221.203949,6.339375,52.928975,1,0.062000,0.928081
SP_T_Yoga_1,posenet,38,1.258343,ok,1,direct,1.000000,11,left_hip,1,1,2.000000,553.110000,452.680000,2.000000,556.442200,475.695862,23.255826,52.928975,1,0.107000,0.713738
SP_T_Yoga_1,posenet,38,1.258343,ok,1,direct,1.000000,12,right_hip,1,1,2.000000,516.570000,453.170000,2.000000,506.662018,466.092407,16.283633,52.928975,1,0.107000,0.847605
SP_T_Yoga_1,posenet,38,1.258343,ok,1,direct,1.000000,13,left_knee,1,1,2.000000,547.170000,570.330000,2.000000,547.826416,567.889160,2.527564,52.928975,1,0.087000,0.993992
SP_T_Yoga_1,posenet,38,1.258343,ok,1,direct,1.000000,14,right_knee,1,1,2.000000,445.510000,498.920000,2.000000,442.522125,500.664886,3.460061,52.928975,1,0.087000,0.988771
SP_T_Yoga_1,posenet,38,1.258343,ok,1,direct,1.000000,15,left_ankle,1,1,2.000000,530.400000,671.480000,2.000000,532.509399,658.161804,13.484209,52.928975,1,0.089000,0.848848
SP_T_Yoga_1,posenet,38,1.258343,ok,1,direct,1.000000,16,right_ankle,1,1,2.000000,514.660000,528.600000,2.000000,518.149719,527.554626,3.642931,52.928975,1,0.089000,0.988110
SP_T_Yoga_1,posenet,39,1.291457,ok,1,direct,1.000000,0,nose,1,1,2.000000,538.670000,299.620000,2.000000,538.595825,298.501312,1.121144,52.883537,1,0.026000,0.986791
SP_T_Yoga_1,posenet,39,1.291457,ok,1,direct,1.000000,1,left_eye,0,0,0.000000,0.000000,0.000000,2.000000,546.245911,290.825287,,,,0.025000,
SP_T_Yoga_1,posenet,39,1.291457,ok,1,direct,1.000000,2,right_eye,0,0,0.000000,0.000000,0.000000,2.000000,529.989441,290.825287,,,,0.025000,
SP_T_Yoga_1,posenet,39,1.291457,ok,1,direct,1.000000,3,left_ear,0,0,0.000000,0.000000,0.000000,2.000000,556.764771,297.541809,,,,0.035000,
SP_T_Yoga_1,posenet,39,1.291457,ok,1,direct,1.000000,4,right_ear,0,0,0.000000,0.000000,0.000000,2.000000,515.645569,297.541809,,,,0.035000,
SP_T_Yoga_1,posenet,39,1.291457,ok,1,direct,1.000000,5,left_shoulder,1,1,2.000000,568.270000,347.100000,2.000000,570.152405,334.962372,12.282730,52.883537,1,0.079000,0.841245
SP_T_Yoga_1,posenet,39,1.291457,ok,1,direct,1.000000,6,right_shoulder,1,1,2.000000,499.690000,335.250000,2.000000,503.214142,334.962372,3.535860,52.883537,1,0.079000,0.985776
SP_T_Yoga_1,posenet,39,1.291457,ok,1,direct,1.000000,7,left_elbow,1,1,2.000000,599.610000,278.200000,2.000000,596.927673,278.351776,2.686617,52.883537,1,0.072000,0.990092
SP_T_Yoga_1,posenet,39,1.291457,ok,1,direct,1.000000,8,right_elbow,1,1,2.000000,485.590000,275.290000,2.000000,486.957733,272.594757,3.022421,52.883537,1,0.072000,0.987477
SP_T_Yoga_1,posenet,39,1.291457,ok,1,direct,1.000000,9,left_wrist,1,1,2.000000,567.350000,219.340000,2.000000,572.064941,223.660202,6.394906,52.883537,1,0.062000,0.926742
SP_T_Yoga_1,posenet,39,1.291457,ok,1,direct,1.000000,10,right_wrist,1,1,2.000000,517.730000,217.770000,2.000000,513.733032,222.700699,6.347247,52.883537,1,0.062000,0.927789
SP_T_Yoga_1,posenet,39,1.291457,ok,1,direct,1.000000,11,left_hip,1,1,2.000000,553.110000,452.680000,2.000000,556.764771,476.009064,23.613610,52.883537,1,0.107000,0.705891
SP_T_Yoga_1,posenet,39,1.291457,ok,1,direct,1.000000,12,right_hip,1,1,2.000000,516.570000,453.170000,2.000000,507.039215,468.333038,17.909595,52.883537,1,0.107000,0.818443
SP_T_Yoga_1,posenet,39,1.291457,ok,1,direct,1.000000,13,left_knee,1,1,2.000000,547.170000,570.330000,2.000000,547.202148,570.999695,0.670466,52.883537,1,0.087000,0.999575
SP_T_Yoga_1,posenet,39,1.291457,ok,1,direct,1.000000,14,right_knee,1,1,2.000000,445.510000,498.920000,2.000000,442.013458,500.956085,4.046164,52.883537,1,0.087000,0.984651
SP_T_Yoga_1,posenet,39,1.291457,ok,1,direct,1.000000,15,left_ankle,1,1,2.000000,530.400000,671.480000,2.000000,532.858215,657.354797,14.337509,52.883537,1,0.089000,0.830613
SP_T_Yoga_1,posenet,39,1.291457,ok,1,direct,1.000000,16,right_ankle,1,1,2.000000,514.660000,528.600000,2.000000,517.558105,526.862671,3.378954,52.883537,1,0.089000,0.989745
SP_T_Yoga_1,posenet,40,1.324572,ok,1,direct,1.000000,0,nose,1,1,2.000000,538.970000,299.620000,2.000000,538.569031,299.354797,0.480738,52.838059,1,0.026000,0.997554
SP_T_Yoga_1,posenet,40,1.324572,ok,1,direct,1.000000,1,left_eye,0,0,0.000000,0.000000,0.000000,2.000000,546.219116,290.710876,,,,0.025000,
SP_T_Yoga_1,posenet,40,1.324572,ok,1,direct,1.000000,2,right_eye,0,0,0.000000,0.000000,0.000000,2.000000,529.006409,290.710876,,,,0.025000,
SP_T_Yoga_1,posenet,40,1.324572,ok,1,direct,1.000000,3,left_ear,0,0,0.000000,0.000000,0.000000,2.000000,555.781738,298.394379,,,,0.035000,
SP_T_Yoga_1,posenet,40,1.324572,ok,1,direct,1.000000,4,right_ear,0,0,0.000000,0.000000,0.000000,2.000000,515.618774,298.394379,,,,0.035000,
SP_T_Yoga_1,posenet,40,1.324572,ok,1,direct,1.000000,5,left_shoulder,1,1,2.000000,568.270000,347.100000,2.000000,571.081909,335.851257,11.594871,52.838059,1,0.079000,0.857000
SP_T_Yoga_1,posenet,40,1.324572,ok,1,direct,1.000000,6,right_shoulder,1,1,2.000000,499.690000,335.250000,2.000000,504.143677,335.851257,4.494079,52.838059,1,0.079000,0.977084
SP_T_Yoga_1,posenet,40,1.324572,ok,1,direct,1.000000,7,left_elbow,1,1,2.000000,599.610000,278.200000,2.000000,597.857239,279.185699,2.010914,52.838059,1,0.072000,0.994428
SP_T_Yoga_1,posenet,40,1.324572,ok,1,direct,1.000000,8,right_elbow,1,1,2.000000,485.590000,275.290000,2.000000,486.930969,273.423065,2.298618,52.838059,1,0.072000,0.992725
SP_T_Yoga_1,posenet,40,1.324572,ok,1,direct,1.000000,9,left_wrist,1,1,2.000000,566.010000,220.010000,2.000000,571.081909,225.401367,7.402101,52.838059,1,0.062000,0.902931
SP_T_Yoga_1,posenet,40,1.324572,ok,1,direct,1.000000,10,right_wrist,1,1,2.000000,521.190000,218.550000,2.000000,515.618774,224.440933,8.108122,52.838059,1,0.062000,0.884692
SP_T_Yoga_1,posenet,40,1.324572,ok,1,direct,1.000000,11,left_hip,1,1,2.000000,553.110000,452.680000,2.000000,555.781738,476.074646,23.546712,52.838059,1,0.107000,0.706862
SP_T_Yoga_1,posenet,40,1.324572,ok,1,direct,1.000000,12,right_hip,1,1,2.000000,516.570000,453.170000,2.000000,507.012451,466.470306,16.378183,52.838059,1,0.107000,0.845488
SP_T_Yoga_1,posenet,40,1.324572,ok,1,direct,1.000000,13,left_knee,1,1,2.000000,547.170000,570.330000,2.000000,548.131653,568.276306,2.267694,52.838059,1,0.087000,0.995145
SP_T_Yoga_1,posenet,40,1.324572,ok,1,direct,1.000000,14,right_knee,1,1,2.000000,445.510000,498.920000,2.000000,441.030457,501.045929,4.958415,52.838059,1,0.087000,0.976999
SP_T_Yoga_1,posenet,40,1.324572,ok,1,direct,1.000000,15,left_ankle,1,1,2.000000,530.400000,671.480000,2.000000,532.831482,657.596741,14.094573,52.838059,1,0.089000,0.835551
SP_T_Yoga_1,posenet,40,1.324572,ok,1,direct,1.000000,16,right_ankle,1,1,2.000000,514.660000,528.600000,2.000000,517.531311,526.977661,3.297940,52.838059,1,0.089000,0.990212
SP_T_Yoga_1,posenet,41,1.357686,ok,1,direct,1.000000,0,nose,1,1,2.000000,538.970000,299.620000,2.000000,538.804932,297.422211,2.203979,52.798964,1,0.026000,0.949754
SP_T_Yoga_1,posenet,41,1.357686,ok,1,direct,1.000000,1,left_eye,0,0,0.000000,0.000000,0.000000,2.000000,547.417358,289.746338,,,,0.025000,
SP_T_Yoga_1,posenet,41,1.357686,ok,1,direct,1.000000,2,right_eye,0,0,0.000000,0.000000,0.000000,2.000000,530.192505,289.746338,,,,0.025000,
SP_T_Yoga_1,posenet,41,1.357686,ok,1,direct,1.000000,3,left_ear,0,0,0.000000,0.000000,0.000000,2.000000,556.986694,298.381653,,,,0.035000,
SP_T_Yoga_1,posenet,41,1.357686,ok,1,direct,1.000000,4,right_ear,0,0,0.000000,0.000000,0.000000,2.000000,515.838501,298.381653,,,,0.035000,
SP_T_Yoga_1,posenet,41,1.357686,ok,1,direct,1.000000,5,left_shoulder,1,1,2.000000,568.270000,347.100000,2.000000,571.340759,335.801453,11.708404,52.798964,1,0.079000,0.854202
SP_T_Yoga_1,posenet,41,1.357686,ok,1,direct,1.000000,6,right_shoulder,1,1,2.000000,499.690000,335.250000,2.000000,504.355316,335.801453,4.697795,52.798964,1,0.079000,0.974950
SP_T_Yoga_1,posenet,41,1.357686,ok,1,direct,1.000000,7,left_elbow,1,1,2.000000,599.610000,278.200000,2.000000,596.221008,276.313599,3.878631,52.798964,1,0.072000,0.979396
SP_T_Yoga_1,posenet,41,1.357686,ok,1,direct,1.000000,8,right_elbow,1,1,2.000000,485.590000,275.290000,2.000000,488.087433,272.475677,3.762656,52.798964,1,0.072000,0.980598
SP_T_Yoga_1,posenet,41,1.357686,ok,1,direct,1.000000,9,left_wrist,1,1,2.000000,564.900000,219.790000,2.000000,570.383789,225.461105,7.888813,52.798964,1,0.062000,0.890342
SP_T_Yoga_1,posenet,41,1.357686,ok,1,direct,1.000000,10,right_wrist,1,1,2.000000,522.670000,219.220000,2.000000,515.838501,225.461105,9.253149,52.798964,1,0.062000,0.852315
SP_T_Yoga_1,posenet,41,1.357686,ok,1,direct,1.000000,11,left_hip,1,1,2.000000,553.110000,452.680000,2.000000,556.986694,477.804626,25.421951,52.798964,1,0.107000,0.666993
SP_T_Yoga_1,posenet,41,1.357686,ok,1,direct,1.000000,12,right_hip,1,1,2.000000,516.570000,453.170000,2.000000,506.269165,468.209808,18.229181,52.798964,1,0.107000,0.812019
SP_T_Yoga_1,posenet,41,1.357686,ok,1,direct,1.000000,13,left_knee,1,1,2.000000,547.170000,570.330000,2.000000,548.374268,569.914795,1.273835,52.798964,1,0.087000,0.998463
SP_T_Yoga_1,posenet,41,1.357686,ok,1,direct,1.000000,14,right_knee,1,1,2.000000,445.510000,498.920000,2.000000,441.197662,502.751160,5.768365,52.798964,1,0.087000,0.968953
SP_T_Yoga_1,posenet,41,1.357686,ok,1,direct,1.000000,15,left_ankle,1,1,2.000000,530.400000,671.480000,2.000000,533.063354,658.187073,13.557115,52.798964,1,0.089000,0.846649
SP_T_Yoga_1,posenet,41,1.357686,ok,1,direct,1.000000,16,right_ankle,1,1,2.000000,514.660000,528.600000,2.000000,518.709351,530.576111,4.505802,52.798964,1,0.089000,0.981780
SP_T_Yoga_1,posenet,42,1.390800,ok,1,direct,1.000000,0,nose,1,1,2.000000,538.970000,299.620000,2.000000,539.620056,300.053162,0.781154,52.779114,1,0.026000,0.993540
SP_T_Yoga_1,posenet,42,1.390800,ok,1,direct,1.000000,1,left_eye,0,0,0.000000,0.000000,0.000000,2.000000,546.320007,291.404877,,,,0.025000,
SP_T_Yoga_1,posenet,42,1.390800,ok,1,direct,1.000000,2,right_eye,0,0,0.000000,0.000000,0.000000,2.000000,530.048706,291.404877,,,,0.025000,
SP_T_Yoga_1,posenet,42,1.390800,ok,1,direct,1.000000,3,left_ear,0,0,0.000000,0.000000,0.000000,2.000000,556.848450,299.092255,,,,0.035000,
SP_T_Yoga_1,posenet,42,1.390800,ok,1,direct,1.000000,4,right_ear,0,0,0.000000,0.000000,0.000000,2.000000,516.648865,300.053162,,,,0.035000,
SP_T_Yoga_1,posenet,42,1.390800,ok,1,direct,1.000000,5,left_shoulder,1,1,2.000000,568.270000,347.100000,2.000000,570.248291,337.529022,9.773293,52.779114,1,0.079000,0.895938
SP_T_Yoga_1,posenet,42,1.390800,ok,1,direct,1.000000,6,right_shoulder,1,1,2.000000,499.690000,335.250000,2.000000,504.206146,337.529022,5.058608,52.779114,1,0.079000,0.970991
SP_T_Yoga_1,posenet,42,1.390800,ok,1,direct,1.000000,7,left_elbow,1,1,2.000000,599.610000,278.200000,2.000000,597.048035,276.030182,3.357347,52.779114,1,0.072000,0.984510
SP_T_Yoga_1,posenet,42,1.390800,ok,1,direct,1.000000,8,right_elbow,1,1,2.000000,485.590000,275.290000,2.000000,488.891998,274.108368,3.507057,52.779114,1,0.072000,0.983110
SP_T_Yoga_1,posenet,42,1.390800,ok,1,direct,1.000000,9,left_wrist,1,1,2.000000,563.780000,219.560000,2.000000,570.248291,228.945190,11.398271,52.779114,1,0.062000,0.784537
SP_T_Yoga_1,posenet,42,1.390800,ok,1,direct,1.000000,10,right_wrist,1,1,2.000000,524.160000,219.880000,2.000000,519.520264,226.062439,7.729793,52.779114,1,0.062000,0.894403
SP_T_Yoga_1,posenet,42,1.390800,ok,1,direct,1.000000,11,left_hip,1,1,2.000000,553.110000,452.680000,2.000000,555.891296,476.862244,24.341662,52.779114,1,0.107000,0.689652
SP_T_Yoga_1,posenet,42,1.390800,ok,1,direct,1.000000,12,right_hip,1,1,2.000000,516.570000,453.170000,2.000000,507.077545,467.253052,16.983493,52.779114,1,0.107000,0.834535
SP_T_Yoga_1,posenet,42,1.390800,ok,1,direct,1.000000,13,left_knee,1,1,2.000000,547.170000,570.330000,2.000000,547.277100,571.032349,0.710467,52.779114,1,0.087000,0.999521
SP_T_Yoga_1,posenet,42,1.390800,ok,1,direct,1.000000,14,right_knee,1,1,2.000000,445.510000,498.920000,2.000000,441.035370,501.846100,5.346436,52.779114,1,0.087000,0.973250
SP_T_Yoga_1,posenet,42,1.390800,ok,1,direct,1.000000,15,left_ankle,1,1,2.000000,530.400000,671.480000,2.000000,532.920105,657.514954,14.190611,52.779114,1,0.089000,0.833162
SP_T_Yoga_1,posenet,42,1.390800,ok,1,direct,1.000000,16,right_ankle,1,1,2.000000,514.660000,528.600000,2.000000,517.605957,527.790955,3.055031,52.779114,1,0.089000,0.991576
SP_T_Yoga_1,posenet,43,1.423915,ok,1,direct,1.000000,0,nose,1,1,2.000000,538.970000,299.620000,2.000000,539.638733,296.771393,2.926050,52.791959,1,0.026000,0.913119
SP_T_Yoga_1,posenet,43,1.423915,ok,1,direct,1.000000,1,left_eye,0,0,0.000000,0.000000,0.000000,2.000000,546.327209,290.045990,,,,0.025000,
SP_T_Yoga_1,posenet,43,1.423915,ok,1,direct,1.000000,2,right_eye,0,0,0.000000,0.000000,0.000000,2.000000,530.083801,291.006775,,,,0.025000,
SP_T_Yoga_1,posenet,43,1.423915,ok,1,direct,1.000000,3,left_ear,0,0,0.000000,0.000000,0.000000,2.000000,555.882141,297.732147,,,,0.035000,
SP_T_Yoga_1,posenet,43,1.423915,ok,1,direct,1.000000,4,right_ear,0,0,0.000000,0.000000,0.000000,2.000000,515.751404,297.732147,,,,0.035000,
SP_T_Yoga_1,posenet,43,1.423915,ok,1,direct,1.000000,5,left_shoulder,1,1,2.000000,568.270000,347.100000,2.000000,572.125488,337.123718,10.695372,52.791959,1,0.079000,0.876751
SP_T_Yoga_1,posenet,43,1.423915,ok,1,direct,1.000000,6,right_shoulder,1,1,2.000000,499.690000,335.250000,2.000000,503.330017,336.162933,3.752755,52.791959,1,0.079000,0.983937
SP_T_Yoga_1,posenet,43,1.423915,ok,1,direct,1.000000,7,left_elbow,1,1,2.000000,599.610000,278.200000,2.000000,596.012817,276.595215,3.938916,52.791959,1,0.072000,0.978752
SP_T_Yoga_1,posenet,43,1.423915,ok,1,direct,1.000000,8,right_elbow,1,1,2.000000,485.590000,275.290000,2.000000,489.953125,274.673706,4.406436,52.791959,1,0.072000,0.973480
SP_T_Yoga_1,posenet,43,1.423915,ok,1,direct,1.000000,9,left_wrist,1,1,2.000000,562.670000,219.340000,2.000000,569.259033,229.517502,12.124228,52.791959,1,0.062000,0.760011
SP_T_Yoga_1,posenet,43,1.423915,ok,1,direct,1.000000,10,right_wrist,1,1,2.000000,525.650000,220.550000,2.000000,519.573364,229.517502,10.832432,52.791959,1,0.062000,0.803274
SP_T_Yoga_1,posenet,43,1.423915,ok,1,direct,1.000000,11,left_hip,1,1,2.000000,553.110000,452.680000,2.000000,555.882141,476.435333,23.916535,52.791959,1,0.107000,0.698704
SP_T_Yoga_1,posenet,43,1.423915,ok,1,direct,1.000000,12,right_hip,1,1,2.000000,516.570000,453.170000,2.000000,507.151978,466.827667,16.590088,52.791959,1,0.107000,0.841547
SP_T_Yoga_1,posenet,43,1.423915,ok,1,direct,1.000000,13,left_knee,1,1,2.000000,547.170000,570.330000,2.000000,548.238159,571.551575,1.622716,52.791959,1,0.087000,0.997507
SP_T_Yoga_1,posenet,43,1.423915,ok,1,direct,1.000000,14,right_knee,1,1,2.000000,445.510000,498.920000,2.000000,441.223022,502.376129,5.506633,52.791959,1,0.087000,0.971660
SP_T_Yoga_1,posenet,43,1.423915,ok,1,direct,1.000000,15,left_ankle,1,1,2.000000,530.400000,671.480000,2.000000,532.950317,657.060120,14.643670,52.791959,1,0.089000,0.823432
SP_T_Yoga_1,posenet,43,1.423915,ok,1,direct,1.000000,16,right_ankle,1,1,2.000000,514.660000,528.600000,2.000000,517.662415,527.356140,3.249874,52.791959,1,0.089000,0.990477
SP_T_Yoga_1,posenet,44,1.457029,ok,1,direct,1.000000,0,nose,1,1,2.000000,538.970000,299.620000,2.000000,539.383301,297.304413,2.352182,52.791959,1,0.026000,0.942958
SP_T_Yoga_1,posenet,44,1.457029,ok,1,direct,1.000000,1,left_eye,0,0,0.000000,0.000000,0.000000,2.000000,547.037231,291.541107,,,,0.025000,
SP_T_Yoga_1,posenet,44,1.457029,ok,1,direct,1.000000,2,right_eye,0,0,0.000000,0.000000,0.000000,2.000000,528.859253,291.541107,,,,0.025000,
SP_T_Yoga_1,posenet,44,1.457029,ok,1,direct,1.000000,3,left_ear,0,0,0.000000,0.000000,0.000000,2.000000,555.647888,297.304413,,,,0.035000,
SP_T_Yoga_1,posenet,44,1.457029,ok,1,direct,1.000000,4,right_ear,0,0,0.000000,0.000000,0.000000,2.000000,515.464905,299.225525,,,,0.035000,
SP_T_Yoga_1,posenet,44,1.457029,ok,1,direct,1.000000,5,left_shoulder,1,1,2.000000,568.270000,347.100000,2.000000,571.912354,336.687164,11.031495,52.791959,1,0.079000,0.869420
SP_T_Yoga_1,posenet,44,1.457029,ok,1,direct,1.000000,6,right_shoulder,1,1,2.000000,499.690000,335.250000,2.000000,503.984100,336.687164,4.528216,52.791959,1,0.079000,0.976698
SP_T_Yoga_1,posenet,44,1.457029,ok,1,direct,1.000000,7,left_elbow,1,1,2.000000,599.610000,278.200000,2.000000,596.787476,276.172211,3.475424,52.791959,1,0.072000,0.983419
SP_T_Yoga_1,posenet,44,1.457029,ok,1,direct,1.000000,8,right_elbow,1,1,2.000000,485.590000,275.290000,2.000000,489.633026,275.211670,4.043785,52.791959,1,0.072000,0.977618
SP_T_Yoga_1,posenet,44,1.457029,ok,1,direct,1.000000,9,left_wrist,1,1,2.000000,562.670000,219.340000,2.000000,568.085388,229.105026,11.166117,52.791959,1,0.062000,0.792341
SP_T_Yoga_1,posenet,44,1.457029,ok,1,direct,1.000000,10,right_wrist,1,1,2.000000,525.650000,220.550000,2.000000,519.291809,229.105026,10.659037,52.791959,1,0.062000,0.808881
SP_T_Yoga_1,posenet,44,1.457029,ok,1,direct,1.000000,11,left_hip,1,1,2.000000,553.110000,452.680000,2.000000,555.647888,476.928162,24.380612,52.791959,1,0.107000,0.688957
SP_T_Yoga_1,posenet,44,1.457029,ok,1,direct,1.000000,12,right_hip,1,1,2.000000,516.570000,453.170000,2.000000,506.854248,467.322601,17.166594,52.791959,1,0.107000,0.831344
SP_T_Yoga_1,posenet,44,1.457029,ok,1,direct,1.000000,13,left_knee,1,1,2.000000,547.170000,570.330000,2.000000,547.993958,571.062500,1.102480,52.791959,1,0.087000,0.998848
SP_T_Yoga_1,posenet,44,1.457029,ok,1,direct,1.000000,14,right_knee,1,1,2.000000,445.510000,498.920000,2.000000,439.882751,501.902588,6.368811,52.791959,1,0.087000,0.962273
SP_T_Yoga_1,posenet,44,1.457029,ok,1,direct,1.000000,15,left_ankle,1,1,2.000000,530.400000,671.480000,2.000000,532.686157,657.512451,14.153407,52.791959,1,0.089000,0.834032
SP_T_Yoga_1,posenet,44,1.457029,ok,1,direct,1.000000,16,right_ankle,1,1,2.000000,514.660000,528.600000,2.000000,518.335144,527.837524,3.753405,52.791959,1,0.089000,0.987318
SP_T_Yoga_1,posenet,45,1.490143,ok,1,direct,1.000000,0,nose,1,1,2.000000,538.970000,299.620000,2.000000,538.950439,297.421295,2.198792,52.791959,1,0.026000,0.949971
SP_T_Yoga_1,posenet,45,1.490143,ok,1,direct,1.000000,1,left_eye,0,0,0.000000,0.000000,0.000000,2.000000,546.598633,289.733917,,,,0.025000,
SP_T_Yoga_1,posenet,45,1.490143,ok,1,direct,1.000000,2,right_eye,0,0,0.000000,0.000000,0.000000,2.000000,529.390198,289.733917,,,,0.025000,
SP_T_Yoga_1,posenet,45,1.490143,ok,1,direct,1.000000,3,left_ear,0,0,0.000000,0.000000,0.000000,2.000000,556.158875,297.421295,,,,0.035000,
SP_T_Yoga_1,posenet,45,1.490143,ok,1,direct,1.000000,4,right_ear,0,0,0.000000,0.000000,0.000000,2.000000,516.005859,298.382233,,,,0.035000,
SP_T_Yoga_1,posenet,45,1.490143,ok,1,direct,1.000000,5,left_shoulder,1,1,2.000000,568.270000,347.100000,2.000000,571.455261,334.897247,12.611624,52.791959,1,0.079000,0.832862
SP_T_Yoga_1,posenet,45,1.490143,ok,1,direct,1.000000,6,right_shoulder,1,1,2.000000,499.690000,335.250000,2.000000,503.577515,334.897247,3.903486,52.791959,1,0.079000,0.982632
SP_T_Yoga_1,posenet,45,1.490143,ok,1,direct,1.000000,7,left_elbow,1,1,2.000000,599.610000,278.200000,2.000000,595.355896,276.281006,4.666898,52.791959,1,0.072000,0.970300
SP_T_Yoga_1,posenet,45,1.490143,ok,1,direct,1.000000,8,right_elbow,1,1,2.000000,485.590000,275.290000,2.000000,489.237122,275.320099,3.647246,52.791959,1,0.072000,0.981754
SP_T_Yoga_1,posenet,45,1.490143,ok,1,direct,1.000000,9,left_wrist,1,1,2.000000,562.670000,219.340000,2.000000,568.587219,230.156708,12.329422,52.791959,1,0.062000,0.752925
SP_T_Yoga_1,posenet,45,1.490143,ok,1,direct,1.000000,10,right_wrist,1,1,2.000000,525.650000,220.550000,2.000000,519.829895,230.156708,11.232206,52.791959,1,0.062000,0.790154
SP_T_Yoga_1,posenet,45,1.490143,ok,1,direct,1.000000,11,left_hip,1,1,2.000000,553.110000,452.680000,2.000000,556.158875,477.113800,24.623286,52.791959,1,0.107000,0.683840
SP_T_Yoga_1,posenet,45,1.490143,ok,1,direct,1.000000,12,right_hip,1,1,2.000000,516.570000,453.170000,2.000000,506.445587,467.504578,17.549469,52.791959,1,0.107000,0.824446
SP_T_Yoga_1,posenet,45,1.490143,ok,1,direct,1.000000,13,left_knee,1,1,2.000000,547.170000,570.330000,2.000000,548.510620,573.206055,3.173161,52.791959,1,0.087000,0.990499
SP_T_Yoga_1,posenet,45,1.490143,ok,1,direct,1.000000,14,right_knee,1,1,2.000000,445.510000,498.920000,2.000000,440.479828,502.097778,5.949866,52.791959,1,0.087000,0.966993
SP_T_Yoga_1,posenet,45,1.490143,ok,1,direct,1.000000,15,left_ankle,1,1,2.000000,530.400000,671.480000,2.000000,533.214294,656.806274,14.941167,52.791959,1,0.089000,0.816893
SP_T_Yoga_1,posenet,45,1.490143,ok,1,direct,1.000000,16,right_ankle,1,1,2.000000,514.660000,528.600000,2.000000,516.961853,528.042664,2.368365,52.791959,1,0.089000,0.994931
SP_T_Yoga_1,posenet,46,1.523257,ok,1,direct,1.000000,0,nose,1,1,2.000000,538.850000,299.620000,2.000000,538.836609,300.105682,0.485867,52.672832,1,0.026000,0.997486
SP_T_Yoga_1,posenet,46,1.523257,ok,1,direct,1.000000,1,left_eye,0,0,0.000000,0.000000,0.000000,2.000000,547.441772,292.422272,,,,0.025000,
SP_T_Yoga_1,posenet,46,1.523257,ok,1,direct,1.000000,2,right_eye,0,0,0.000000,0.000000,0.000000,2.000000,529.275330,292.422272,,,,0.025000,
SP_T_Yoga_1,posenet,46,1.523257,ok,1,direct,1.000000,3,left_ear,0,0,0.000000,0.000000,0.000000,2.000000,557.002991,299.145264,,,,0.035000,
SP_T_Yoga_1,posenet,46,1.523257,ok,1,direct,1.000000,4,right_ear,0,0,0.000000,0.000000,0.000000,2.000000,515.889587,298.184845,,,,0.035000,
SP_T_Yoga_1,posenet,46,1.523257,ok,1,direct,1.000000,5,left_shoulder,1,1,2.000000,568.210000,347.140000,2.000000,572.301086,336.601898,11.304361,52.672832,1,0.079000,0.862774
SP_T_Yoga_1,posenet,46,1.523257,ok,1,direct,1.000000,6,right_shoulder,1,1,2.000000,499.530000,335.480000,2.000000,503.459900,337.562378,4.447517,52.672832,1,0.079000,0.977412
SP_T_Yoga_1,posenet,46,1.523257,ok,1,direct,1.000000,7,left_elbow,1,1,2.000000,598.680000,277.750000,2.000000,595.248169,276.095001,3.810051,52.672832,1,0.072000,0.980016
SP_T_Yoga_1,posenet,46,1.523257,ok,1,direct,1.000000,8,right_elbow,1,1,2.000000,485.590000,275.260000,2.000000,490.074097,275.134552,4.485851,52.672832,1,0.072000,0.972406
SP_T_Yoga_1,posenet,46,1.523257,ok,1,direct,1.000000,9,left_wrist,1,1,2.000000,561.260000,219.560000,2.000000,568.476562,228.073639,11.160682,52.672832,1,0.062000,0.791686
SP_T_Yoga_1,posenet,46,1.523257,ok,1,direct,1.000000,10,right_wrist,1,1,2.000000,526.540000,221.220000,2.000000,522.582397,226.152771,6.324148,52.672832,1,0.062000,0.927741
SP_T_Yoga_1,posenet,46,1.523257,ok,1,direct,1.000000,11,left_hip,1,1,2.000000,553.000000,452.640000,2.000000,556.046936,474.903473,22.471005,52.672832,1,0.107000,0.727652
SP_T_Yoga_1,posenet,46,1.523257,ok,1,direct,1.000000,12,right_hip,1,1,2.000000,516.370000,453.150000,2.000000,506.328247,465.299194,15.761971,52.672832,1,0.107000,0.855194
SP_T_Yoga_1,posenet,46,1.523257,ok,1,direct,1.000000,13,left_knee,1,1,2.000000,547.080000,570.330000,2.000000,547.441772,571.906677,1.617650,52.672832,1,0.087000,0.997511
SP_T_Yoga_1,posenet,46,1.523257,ok,1,direct,1.000000,14,right_knee,1,1,2.000000,445.200000,499.050000,2.000000,440.355469,502.755859,6.099416,52.672832,1,0.087000,0.965188
SP_T_Yoga_1,posenet,46,1.523257,ok,1,direct,1.000000,15,left_ankle,1,1,2.000000,530.400000,671.480000,2.000000,533.099854,658.345154,13.409452,52.672832,1,0.089000,0.849045
SP_T_Yoga_1,posenet,46,1.523257,ok,1,direct,1.000000,16,right_ankle,1,1,2.000000,514.540000,528.590000,2.000000,517.801758,528.687378,3.263211,52.672832,1,0.089000,0.990356
SP_T_Yoga_1,posenet,47,1.556372,ok,1,direct,1.000000,0,nose,1,1,2.000000,538.730000,299.620000,2.000000,539.062744,300.423523,0.869694,52.554676,1,0.026000,0.991931
SP_T_Yoga_1,posenet,47,1.556372,ok,1,direct,1.000000,1,left_eye,0,0,0.000000,0.000000,0.000000,2.000000,546.737854,292.747375,,,,0.025000,
SP_T_Yoga_1,posenet,47,1.556372,ok,1,direct,1.000000,2,right_eye,0,0,0.000000,0.000000,0.000000,2.000000,529.468933,292.747375,,,,0.025000,
SP_T_Yoga_1,posenet,47,1.556372,ok,1,direct,1.000000,3,left_ear,0,0,0.000000,0.000000,0.000000,2.000000,556.331665,299.464020,,,,0.035000,
SP_T_Yoga_1,posenet,47,1.556372,ok,1,direct,1.000000,4,right_ear,0,0,0.000000,0.000000,0.000000,2.000000,516.037598,298.504486,,,,0.035000,
SP_T_Yoga_1,posenet,47,1.556372,ok,1,direct,1.000000,5,left_shoulder,1,1,2.000000,568.150000,347.180000,2.000000,571.681763,336.885406,10.883566,52.554676,1,0.079000,0.871592
SP_T_Yoga_1,posenet,47,1.556372,ok,1,direct,1.000000,6,right_shoulder,1,1,2.000000,499.370000,335.720000,2.000000,503.565613,337.844940,4.703035,52.554676,1,0.079000,0.974663
SP_T_Yoga_1,posenet,47,1.556372,ok,1,direct,1.000000,7,left_elbow,1,1,2.000000,597.760000,277.300000,2.000000,594.706970,275.475952,3.556423,52.554676,1,0.072000,0.982488
SP_T_Yoga_1,posenet,47,1.556372,ok,1,direct,1.000000,8,right_elbow,1,1,2.000000,485.590000,275.230000,2.000000,490.134247,274.516418,4.599932,52.554676,1,0.072000,0.970877
SP_T_Yoga_1,posenet,47,1.556372,ok,1,direct,1.000000,9,left_wrist,1,1,2.000000,559.840000,219.790000,2.000000,568.803650,229.418839,13.155286,52.554676,1,0.062000,0.721801
SP_T_Yoga_1,posenet,47,1.556372,ok,1,direct,1.000000,10,right_wrist,1,1,2.000000,527.430000,221.890000,2.000000,523.712585,225.580750,5.238397,52.554676,1,0.062000,0.949622
SP_T_Yoga_1,posenet,47,1.556372,ok,1,direct,1.000000,11,left_hip,1,1,2.000000,552.880000,452.600000,2.000000,556.331665,474.097168,21.772511,52.554676,1,0.107000,0.740954
SP_T_Yoga_1,posenet,47,1.556372,ok,1,direct,1.000000,12,right_hip,1,1,2.000000,516.180000,453.140000,2.000000,506.443756,465.461487,15.703932,52.554676,1,0.107000,0.855580
SP_T_Yoga_1,posenet,47,1.556372,ok,1,direct,1.000000,13,left_knee,1,1,2.000000,546.980000,570.330000,2.000000,548.656555,571.968506,2.344257,52.554676,1,0.087000,0.994756
SP_T_Yoga_1,posenet,47,1.556372,ok,1,direct,1.000000,14,right_knee,1,1,2.000000,444.890000,499.180000,2.000000,439.286987,503.842346,7.289117,52.554676,1,0.087000,0.950440
SP_T_Yoga_1,posenet,47,1.556372,ok,1,direct,1.000000,15,left_ankle,1,1,2.000000,530.400000,671.480000,2.000000,533.306458,658.325562,13.471702,52.554676,1,0.089000,0.847123
SP_T_Yoga_1,posenet,47,1.556372,ok,1,direct,1.000000,16,right_ankle,1,1,2.000000,514.430000,528.580000,2.000000,517.956299,528.790039,3.532549,52.554676,1,0.089000,0.988657
SP_T_Yoga_1,posenet,48,1.589486,ok,1,direct,1.000000,0,nose,1,1,2.000000,538.620000,299.620000,2.000000,538.935791,297.616913,2.027827,52.435220,1,0.026000,0.956716
SP_T_Yoga_1,posenet,48,1.589486,ok,1,direct,1.000000,1,left_eye,0,0,0.000000,0.000000,0.000000,2.000000,545.630737,288.973969,,,,0.025000,
SP_T_Yoga_1,posenet,48,1.589486,ok,1,direct,1.000000,2,right_eye,0,0,0.000000,0.000000,0.000000,2.000000,529.371582,288.973969,,,,0.025000,
SP_T_Yoga_1,posenet,48,1.589486,ok,1,direct,1.000000,3,left_ear,0,0,0.000000,0.000000,0.000000,2.000000,556.151428,297.616913,,,,0.035000,
SP_T_Yoga_1,posenet,48,1.589486,ok,1,direct,1.000000,4,right_ear,0,0,0.000000,0.000000,0.000000,2.000000,515.981628,297.616913,,,,0.035000,
SP_T_Yoga_1,posenet,48,1.589486,ok,1,direct,1.000000,5,left_shoulder,1,1,2.000000,568.090000,347.220000,2.000000,572.410645,334.109406,13.804190,52.435220,1,0.079000,0.800834
SP_T_Yoga_1,posenet,48,1.589486,ok,1,direct,1.000000,6,right_shoulder,1,1,2.000000,499.210000,335.960000,2.000000,502.591736,334.109406,3.854976,52.435220,1,0.079000,0.982828
SP_T_Yoga_1,posenet,48,1.589486,ok,1,direct,1.000000,7,left_elbow,1,1,2.000000,596.830000,276.850000,2.000000,593.451904,275.529358,3.627069,52.435220,1,0.072000,0.981709
SP_T_Yoga_1,posenet,48,1.589486,ok,1,direct,1.000000,8,right_elbow,1,1,2.000000,485.590000,275.210000,2.000000,490.158203,275.529358,4.579352,52.435220,1,0.072000,0.971003
SP_T_Yoga_1,posenet,48,1.589486,ok,1,direct,1.000000,9,left_wrist,1,1,2.000000,558.430000,220.010000,2.000000,566.672119,231.354263,14.022298,52.435220,1,0.062000,0.689298
SP_T_Yoga_1,posenet,48,1.589486,ok,1,direct,1.000000,10,right_wrist,1,1,2.000000,528.320000,222.560000,2.000000,522.676575,228.473282,8.174054,52.435220,1,0.062000,0.881229
SP_T_Yoga_1,posenet,48,1.589486,ok,1,direct,1.000000,11,left_hip,1,1,2.000000,552.770000,452.570000,2.000000,555.195007,477.198303,24.747404,52.435220,1,0.107000,0.677658
SP_T_Yoga_1,posenet,48,1.589486,ok,1,direct,1.000000,12,right_hip,1,1,2.000000,515.980000,453.120000,2.000000,507.373810,467.595032,16.840221,52.435220,1,0.107000,0.835118
SP_T_Yoga_1,posenet,48,1.589486,ok,1,direct,1.000000,13,left_knee,1,1,2.000000,546.890000,570.330000,2.000000,546.587158,572.270813,1.964298,52.435220,1,0.087000,0.996299
SP_T_Yoga_1,posenet,48,1.589486,ok,1,direct,1.000000,14,right_knee,1,1,2.000000,444.580000,499.310000,2.000000,438.511353,502.166840,6.707460,52.435220,1,0.087000,0.957684
SP_T_Yoga_1,posenet,48,1.589486,ok,1,direct,1.000000,15,left_ankle,1,1,2.000000,530.400000,671.480000,2.000000,533.197266,658.700317,13.082239,52.435220,1,0.089000,0.854559
SP_T_Yoga_1,posenet,48,1.589486,ok,1,direct,1.000000,16,right_ankle,1,1,2.000000,514.310000,528.570000,2.000000,516.938049,528.095703,2.670506,52.435220,1,0.089000,0.993472
SP_T_Yoga_1,posenet,49,1.622600,ok,1,direct,1.000000,0,nose,1,1,2.000000,538.500000,299.620000,2.000000,539.372498,296.888245,2.867706,52.331797,1,0.026000,0.914990
SP_T_Yoga_1,posenet,49,1.622600,ok,1,direct,1.000000,1,left_eye,0,0,0.000000,0.000000,0.000000,2.000000,546.069641,289.205811,,,,0.025000,
SP_T_Yoga_1,posenet,49,1.622600,ok,1,direct,1.000000,2,right_eye,0,0,0.000000,0.000000,0.000000,2.000000,529.805115,289.205811,,,,0.025000,
SP_T_Yoga_1,posenet,49,1.622600,ok,1,direct,1.000000,3,left_ear,0,0,0.000000,0.000000,0.000000,2.000000,556.593750,296.888245,,,,0.035000,
SP_T_Yoga_1,posenet,49,1.622600,ok,1,direct,1.000000,4,right_ear,0,0,0.000000,0.000000,0.000000,2.000000,514.497375,297.848541,,,,0.035000,
SP_T_Yoga_1,posenet,49,1.622600,ok,1,direct,1.000000,5,left_shoulder,1,1,2.000000,568.030000,347.260000,2.000000,571.901489,334.340210,13.487379,52.331797,1,0.079000,0.808267
SP_T_Yoga_1,posenet,49,1.622600,ok,1,direct,1.000000,6,right_shoulder,1,1,2.000000,499.050000,336.200000,2.000000,503.016571,334.340210,4.380925,52.331797,1,0.079000,0.977792
SP_T_Yoga_1,posenet,49,1.622600,ok,1,direct,1.000000,7,left_elbow,1,1,2.000000,595.910000,276.410000,2.000000,592.949707,274.801178,3.369220,52.331797,1,0.072000,0.984136
SP_T_Yoga_1,posenet,49,1.622600,ok,1,direct,1.000000,8,right_elbow,1,1,2.000000,485.590000,275.180000,2.000000,491.535736,271.920258,6.780686,52.331797,1,0.072000,0.937282
SP_T_Yoga_1,posenet,49,1.622600,ok,1,direct,1.000000,9,left_wrist,1,1,2.000000,556.990000,220.010000,2.000000,563.290894,226.785797,9.252712,52.331797,1,0.062000,0.849889
SP_T_Yoga_1,posenet,49,1.622600,ok,1,direct,1.000000,10,right_wrist,1,1,2.000000,528.710000,222.730000,2.000000,523.108032,226.785797,6.916035,52.331797,1,0.062000,0.913135
SP_T_Yoga_1,posenet,49,1.622600,ok,1,direct,1.000000,11,left_hip,1,1,2.000000,552.650000,452.530000,2.000000,555.637024,476.465729,24.121389,52.331797,1,0.107000,0.689949
SP_T_Yoga_1,posenet,49,1.622600,ok,1,direct,1.000000,12,right_hip,1,1,2.000000,515.780000,453.100000,2.000000,506.843536,466.862640,16.409468,52.331797,1,0.107000,0.842182
SP_T_Yoga_1,posenet,49,1.622600,ok,1,direct,1.000000,13,left_knee,1,1,2.000000,546.790000,570.330000,2.000000,547.983093,572.496460,2.473261,52.331797,1,0.087000,0.994115
SP_T_Yoga_1,posenet,49,1.622600,ok,1,direct,1.000000,14,right_knee,1,1,2.000000,444.260000,499.440000,2.000000,438.915314,502.394073,6.106736,52.331797,1,0.087000,0.964658
SP_T_Yoga_1,posenet,49,1.622600,ok,1,direct,1.000000,15,left_ankle,1,1,2.000000,530.400000,671.480000,2.000000,533.632080,659.884460,12.037561,52.331797,1,0.089000,0.874943
SP_T_Yoga_1,posenet,49,1.622600,ok,1,direct,1.000000,16,right_ankle,1,1,2.000000,514.190000,528.560000,2.000000,517.367615,527.362061,3.395923,52.331797,1,0.089000,0.989424
SP_T_Yoga_1,posenet,50,1.655715,ok,1,direct,1.000000,0,nose,1,1,2.000000,538.380000,299.620000,2.000000,538.418152,297.138367,2.481927,52.224712,1,0.026000,0.935363
SP_T_Yoga_1,posenet,50,1.655715,ok,1,direct,1.000000,1,left_eye,0,0,0.000000,0.000000,0.000000,2.000000,546.087219,289.458160,,,,0.025000,
SP_T_Yoga_1,posenet,50,1.655715,ok,1,direct,1.000000,2,right_eye,0,0,0.000000,0.000000,0.000000,2.000000,528.831787,289.458160,,,,0.025000,
SP_T_Yoga_1,posenet,50,1.655715,ok,1,direct,1.000000,3,left_ear,0,0,0.000000,0.000000,0.000000,2.000000,555.673645,297.138367,,,,0.035000,
SP_T_Yoga_1,posenet,50,1.655715,ok,1,direct,1.000000,4,right_ear,0,0,0.000000,0.000000,0.000000,2.000000,514.452209,298.098419,,,,0.035000,
SP_T_Yoga_1,posenet,50,1.655715,ok,1,direct,1.000000,5,left_shoulder,1,1,2.000000,567.970000,347.300000,2.000000,571.970459,334.579498,13.334723,52.224712,1,0.079000,0.811456
SP_T_Yoga_1,posenet,50,1.655715,ok,1,direct,1.000000,6,right_shoulder,1,1,2.000000,498.890000,336.440000,2.000000,502.948547,334.579498,4.464669,52.224712,1,0.079000,0.976851
SP_T_Yoga_1,posenet,50,1.655715,ok,1,direct,1.000000,7,left_elbow,1,1,2.000000,594.980000,275.960000,2.000000,593.060547,275.057770,2.120924,52.224712,1,0.072000,0.993657
SP_T_Yoga_1,posenet,50,1.655715,ok,1,direct,1.000000,8,right_elbow,1,1,2.000000,485.590000,275.160000,2.000000,490.486237,273.137726,5.297426,52.224712,1,0.072000,0.961082
SP_T_Yoga_1,posenet,50,1.655715,ok,1,direct,1.000000,9,left_wrist,1,1,2.000000,555.540000,220.010000,2.000000,565.260010,228.976440,13.224055,52.224712,1,0.062000,0.716341
SP_T_Yoga_1,posenet,50,1.655715,ok,1,direct,1.000000,10,right_wrist,1,1,2.000000,529.090000,222.900000,2.000000,524.038574,227.056381,6.541591,52.224712,1,0.062000,0.921611
SP_T_Yoga_1,posenet,50,1.655715,ok,1,direct,1.000000,11,left_hip,1,1,2.000000,552.540000,452.490000,2.000000,555.673645,476.663544,24.375807,52.224712,1,0.107000,0.683475
SP_T_Yoga_1,posenet,50,1.655715,ok,1,direct,1.000000,12,right_hip,1,1,2.000000,515.580000,453.090000,2.000000,506.783112,467.063293,16.511759,52.224712,1,0.107000,0.839775
SP_T_Yoga_1,posenet,50,1.655715,ok,1,direct,1.000000,13,left_knee,1,1,2.000000,546.700000,570.330000,2.000000,548.963135,572.666321,3.252718,52.224712,1,0.087000,0.989802
SP_T_Yoga_1,posenet,50,1.655715,ok,1,direct,1.000000,14,right_knee,1,1,2.000000,443.950000,499.570000,2.000000,438.719788,502.584290,6.036643,52.224712,1,0.087000,0.965311
SP_T_Yoga_1,posenet,50,1.655715,ok,1,direct,1.000000,15,left_ankle,1,1,2.000000,530.400000,671.480000,2.000000,532.666321,658.108826,13.561877,52.224712,1,0.089000,0.843437
SP_T_Yoga_1,posenet,50,1.655715,ok,1,direct,1.000000,16,right_ankle,1,1,2.000000,514.070000,528.560000,2.000000,517.328125,528.505066,3.258588,52.224712,1,0.089000,0.990218
SP_T_Yoga_1,posenet,51,1.688829,ok,1,direct,1.000000,0,nose,1,1,2.000000,538.260000,299.620000,2.000000,538.388245,298.825684,0.804603,52.105284,1,0.026000,0.992970
SP_T_Yoga_1,posenet,51,1.688829,ok,1,direct,1.000000,1,left_eye,0,0,0.000000,0.000000,0.000000,2.000000,546.034180,291.140747,,,,0.025000,
SP_T_Yoga_1,posenet,51,1.688829,ok,1,direct,1.000000,2,right_eye,0,0,0.000000,0.000000,0.000000,2.000000,528.830933,291.140747,,,,0.025000,
SP_T_Yoga_1,posenet,51,1.688829,ok,1,direct,1.000000,3,left_ear,0,0,0.000000,0.000000,0.000000,2.000000,555.591553,298.825684,,,,0.035000,
SP_T_Yoga_1,posenet,51,1.688829,ok,1,direct,1.000000,4,right_ear,0,0,0.000000,0.000000,0.000000,2.000000,515.450623,298.825684,,,,0.035000,
SP_T_Yoga_1,posenet,51,1.688829,ok,1,direct,1.000000,5,left_shoulder,1,1,2.000000,567.910000,347.340000,2.000000,571.838989,335.329071,12.637222,52.105284,1,0.079000,0.828199
SP_T_Yoga_1,posenet,51,1.688829,ok,1,direct,1.000000,6,right_shoulder,1,1,2.000000,498.740000,336.670000,2.000000,503.026062,336.289703,4.302901,52.105284,1,0.079000,0.978383
SP_T_Yoga_1,posenet,51,1.688829,ok,1,direct,1.000000,7,left_elbow,1,1,2.000000,594.060000,275.510000,2.000000,591.909485,272.889069,3.390280,52.105284,1,0.072000,0.983799
SP_T_Yoga_1,posenet,51,1.688829,ok,1,direct,1.000000,8,right_elbow,1,1,2.000000,485.590000,275.130000,2.000000,490.601562,272.889069,5.489766,52.105284,1,0.072000,0.958078
SP_T_Yoga_1,posenet,51,1.688829,ok,1,direct,1.000000,9,left_wrist,1,1,2.000000,554.520000,220.250000,2.000000,562.281677,227.740128,10.786364,52.105284,1,0.062000,0.800144
SP_T_Yoga_1,posenet,51,1.688829,ok,1,direct,1.000000,10,right_wrist,1,1,2.000000,529.470000,223.070000,2.000000,525.008057,227.740128,6.459027,52.105284,1,0.062000,0.923163
SP_T_Yoga_1,posenet,51,1.688829,ok,1,direct,1.000000,11,left_hip,1,1,2.000000,552.420000,452.450000,2.000000,555.591553,477.500214,25.250187,52.105284,1,0.107000,0.663497
SP_T_Yoga_1,posenet,51,1.688829,ok,1,direct,1.000000,12,right_hip,1,1,2.000000,515.390000,453.070000,2.000000,505.893311,467.894043,17.605095,52.105284,1,0.107000,0.819203
SP_T_Yoga_1,posenet,51,1.688829,ok,1,direct,1.000000,13,left_knee,1,1,2.000000,546.600000,570.330000,2.000000,547.945679,571.640564,1.878411,52.105284,1,0.087000,0.996572
SP_T_Yoga_1,posenet,51,1.688829,ok,1,direct,1.000000,14,right_knee,1,1,2.000000,443.640000,499.700000,2.000000,438.991852,504.397491,6.608457,52.105284,1,0.087000,0.958387
SP_T_Yoga_1,posenet,51,1.688829,ok,1,direct,1.000000,15,left_ankle,1,1,2.000000,530.400000,671.480000,2.000000,532.653931,659.056580,12.626226,52.105284,1,0.089000,0.862204
SP_T_Yoga_1,posenet,51,1.688829,ok,1,direct,1.000000,16,right_ankle,1,1,2.000000,513.960000,528.550000,2.000000,518.317871,530.334106,4.708936,52.105284,1,0.089000,0.979589
SP_T_Yoga_1,posenet,52,1.721943,ok,1,direct,1.000000,0,nose,1,1,2.000000,538.140000,299.620000,2.000000,538.146545,297.856262,1.763750,51.985695,1,0.026000,0.966518
SP_T_Yoga_1,posenet,52,1.721943,ok,1,direct,1.000000,1,left_eye,0,0,0.000000,0.000000,0.000000,2.000000,545.823181,290.169067,,,,0.025000,
SP_T_Yoga_1,posenet,52,1.721943,ok,1,direct,1.000000,2,right_eye,0,0,0.000000,0.000000,0.000000,2.000000,528.550903,290.169067,,,,0.025000,
SP_T_Yoga_1,posenet,52,1.721943,ok,1,direct,1.000000,3,left_ear,0,0,0.000000,0.000000,0.000000,2.000000,555.418823,298.817169,,,,0.035000,
SP_T_Yoga_1,posenet,52,1.721943,ok,1,direct,1.000000,4,right_ear,0,0,0.000000,0.000000,0.000000,2.000000,515.116943,297.856262,,,,0.035000,
SP_T_Yoga_1,posenet,52,1.721943,ok,1,direct,1.000000,5,left_shoulder,1,1,2.000000,567.850000,347.380000,2.000000,571.731506,334.370392,13.576303,51.985695,1,0.079000,0.803675
SP_T_Yoga_1,posenet,52,1.721943,ok,1,direct,1.000000,6,right_shoulder,1,1,2.000000,498.580000,336.910000,2.000000,502.642548,335.331268,4.358519,51.985695,1,0.079000,0.977726
SP_T_Yoga_1,posenet,52,1.721943,ok,1,direct,1.000000,7,left_elbow,1,1,2.000000,593.130000,275.060000,2.000000,592.842041,275.755615,0.752862,51.985695,1,0.072000,0.999191
SP_T_Yoga_1,posenet,52,1.721943,ok,1,direct,1.000000,8,right_elbow,1,1,2.000000,485.590000,275.100000,2.000000,490.168091,272.872894,5.091062,51.985695,1,0.072000,0.963675
SP_T_Yoga_1,posenet,52,1.721943,ok,1,direct,1.000000,9,left_wrist,1,1,2.000000,553.510000,220.490000,2.000000,561.176270,227.710709,10.531397,51.985695,1,0.062000,0.807731
SP_T_Yoga_1,posenet,52,1.721943,ok,1,direct,1.000000,10,right_wrist,1,1,2.000000,529.860000,223.240000,2.000000,525.672180,226.749802,5.464114,51.985695,1,0.062000,0.944141
SP_T_Yoga_1,posenet,52,1.721943,ok,1,direct,1.000000,11,left_hip,1,1,2.000000,552.310000,452.410000,2.000000,554.459290,478.505066,26.183428,51.985695,1,0.107000,0.642013
SP_T_Yoga_1,posenet,52,1.721943,ok,1,direct,1.000000,12,right_hip,1,1,2.000000,515.190000,453.050000,2.000000,506.480804,468.896118,18.081746,51.985695,1,0.107000,0.809501
SP_T_Yoga_1,posenet,52,1.721943,ok,1,direct,1.000000,13,left_knee,1,1,2.000000,546.510000,570.330000,2.000000,547.742310,571.712219,1.851787,51.985695,1,0.087000,0.996653
SP_T_Yoga_1,posenet,52,1.721943,ok,1,direct,1.000000,14,right_knee,1,1,2.000000,443.320000,499.830000,2.000000,438.351349,504.449371,6.784253,51.985695,1,0.087000,0.955996
SP_T_Yoga_1,posenet,52,1.721943,ok,1,direct,1.000000,15,left_ankle,1,1,2.000000,530.400000,671.480000,2.000000,534.308289,658.192932,13.849942,51.985695,1,0.089000,0.835925
SP_T_Yoga_1,posenet,52,1.721943,ok,1,direct,1.000000,16,right_ankle,1,1,2.000000,513.840000,528.540000,2.000000,517.995605,531.354431,5.018972,51.985695,1,0.089000,0.976740
SP_T_Yoga_1,posenet,53,1.755057,ok,1,direct,1.000000,0,nose,1,1,2.000000,538.020000,299.620000,2.000000,537.685913,298.059601,1.595763,51.865943,1,0.026000,0.972382
SP_T_Yoga_1,posenet,53,1.755057,ok,1,direct,1.000000,1,left_eye,0,0,0.000000,0.000000,0.000000,2.000000,546.293457,290.382294,,,,0.025000,
SP_T_Yoga_1,posenet,53,1.755057,ok,1,direct,1.000000,2,right_eye,0,0,0.000000,0.000000,0.000000,2.000000,528.122009,290.382294,,,,0.025000,
SP_T_Yoga_1,posenet,53,1.755057,ok,1,direct,1.000000,3,left_ear,0,0,0.000000,0.000000,0.000000,2.000000,555.857300,299.019287,,,,0.035000,
SP_T_Yoga_1,posenet,53,1.755057,ok,1,direct,1.000000,4,right_ear,0,0,0.000000,0.000000,0.000000,2.000000,514.732544,298.059601,,,,0.035000,
SP_T_Yoga_1,posenet,53,1.755057,ok,1,direct,1.000000,5,left_shoulder,1,1,2.000000,567.790000,347.420000,2.000000,571.159485,334.526794,13.326221,51.865943,1,0.079000,0.809324
SP_T_Yoga_1,posenet,53,1.755057,ok,1,direct,1.000000,6,right_shoulder,1,1,2.000000,498.420000,337.150000,2.000000,502.299500,335.486481,4.221115,51.865943,1,0.079000,0.978998
SP_T_Yoga_1,posenet,53,1.755057,ok,1,direct,1.000000,7,left_elbow,1,1,2.000000,592.210000,274.620000,2.000000,591.243713,274.068024,1.112829,51.865943,1,0.072000,0.998226
SP_T_Yoga_1,posenet,53,1.755057,ok,1,direct,1.000000,8,right_elbow,1,1,2.000000,485.590000,275.080000,2.000000,490.822845,273.108368,5.591959,51.865943,1,0.072000,0.956144
SP_T_Yoga_1,posenet,53,1.755057,ok,1,direct,1.000000,9,left_wrist,1,1,2.000000,552.500000,220.730000,2.000000,559.682861,227.044510,9.563814,51.865943,1,0.062000,0.837858
SP_T_Yoga_1,posenet,53,1.755057,ok,1,direct,1.000000,10,right_wrist,1,1,2.000000,530.240000,223.410000,2.000000,527.165649,227.044510,4.760388,51.865943,1,0.062000,0.957117
SP_T_Yoga_1,posenet,53,1.755057,ok,1,direct,1.000000,11,left_hip,1,1,2.000000,552.200000,452.380000,2.000000,553.944519,478.476288,26.154533,51.865943,1,0.107000,0.641328
SP_T_Yoga_1,posenet,53,1.755057,ok,1,direct,1.000000,12,right_hip,1,1,2.000000,514.990000,453.040000,2.000000,506.125061,467.920013,17.320564,51.865943,1,0.107000,0.822987
SP_T_Yoga_1,posenet,53,1.755057,ok,1,direct,1.000000,13,left_knee,1,1,2.000000,546.410000,570.330000,2.000000,547.249817,570.604004,0.883386,51.865943,1,0.087000,0.999234
SP_T_Yoga_1,posenet,53,1.755057,ok,1,direct,1.000000,14,right_knee,1,1,2.000000,443.010000,499.960000,2.000000,438.221436,504.387238,6.521563,51.865943,1,0.087000,0.959084
SP_T_Yoga_1,posenet,53,1.755057,ok,1,direct,1.000000,15,left_ankle,1,1,2.000000,530.400000,671.480000,2.000000,533.860352,658.893005,13.053983,51.865943,1,0.089000,0.852190
SP_T_Yoga_1,posenet,53,1.755057,ok,1,direct,1.000000,16,right_ankle,1,1,2.000000,513.720000,528.530000,2.000000,517.601746,531.257751,4.744320,51.865943,1,0.089000,0.979095
SP_T_Yoga_1,posenet,54,1.788172,ok,1,direct,1.000000,0,nose,1,1,2.000000,537.900000,299.620000,2.000000,538.475464,298.145020,1.583264,51.744285,1,0.026000,0.972681
SP_T_Yoga_1,posenet,54,1.788172,ok,1,direct,1.000000,1,left_eye,0,0,0.000000,0.000000,0.000000,2.000000,545.178284,290.458923,,,,0.025000,
SP_T_Yoga_1,posenet,54,1.788172,ok,1,direct,1.000000,2,right_eye,0,0,0.000000,0.000000,0.000000,2.000000,528.899902,289.498169,,,,0.025000,
SP_T_Yoga_1,posenet,54,1.788172,ok,1,direct,1.000000,3,left_ear,0,0,0.000000,0.000000,0.000000,2.000000,555.711365,298.145020,,,,0.035000,
SP_T_Yoga_1,posenet,54,1.788172,ok,1,direct,1.000000,4,right_ear,0,0,0.000000,0.000000,0.000000,2.000000,514.536682,298.145020,,,,0.035000,
SP_T_Yoga_1,posenet,54,1.788172,ok,1,direct,1.000000,5,left_shoulder,1,1,2.000000,567.730000,347.460000,2.000000,571.032166,334.653992,13.224906,51.744285,1,0.079000,0.811126
SP_T_Yoga_1,posenet,54,1.788172,ok,1,direct,1.000000,6,right_shoulder,1,1,2.000000,498.260000,337.390000,2.000000,503.046112,335.614746,5.104742,51.744285,1,0.079000,0.969293
SP_T_Yoga_1,posenet,54,1.788172,ok,1,direct,1.000000,7,left_elbow,1,1,2.000000,591.280000,274.170000,2.000000,590.183167,273.165192,1.487509,51.744285,1,0.072000,0.996817
SP_T_Yoga_1,posenet,54,1.788172,ok,1,direct,1.000000,8,right_elbow,1,1,2.000000,485.590000,275.050000,2.000000,491.555511,272.204437,6.609429,51.744285,1,0.072000,0.938994
SP_T_Yoga_1,posenet,54,1.788172,ok,1,direct,1.000000,9,left_wrist,1,1,2.000000,551.480000,220.970000,2.000000,558.584045,226.087814,8.755540,51.744285,1,0.062000,0.861598
SP_T_Yoga_1,posenet,54,1.788172,ok,1,direct,1.000000,10,right_wrist,1,1,2.000000,530.630000,223.580000,2.000000,526.984863,227.048584,5.031709,51.744285,1,0.062000,0.951992
SP_T_Yoga_1,posenet,54,1.788172,ok,1,direct,1.000000,11,left_hip,1,1,2.000000,552.080000,452.340000,2.000000,554.753784,477.807678,25.607650,51.744285,1,0.107000,0.651918
SP_T_Yoga_1,posenet,54,1.788172,ok,1,direct,1.000000,12,right_hip,1,1,2.000000,514.800000,453.020000,2.000000,506.876282,468.200043,17.123639,51.744285,1,0.107000,0.825879
SP_T_Yoga_1,posenet,54,1.788172,ok,1,direct,1.000000,13,left_knee,1,1,2.000000,546.320000,570.330000,2.000000,549.008545,570.040894,2.704044,51.744285,1,0.087000,0.992810
SP_T_Yoga_1,posenet,54,1.788172,ok,1,direct,1.000000,14,right_knee,1,1,2.000000,442.700000,500.090000,2.000000,438.890259,503.748230,5.281740,51.744285,1,0.087000,0.972845
SP_T_Yoga_1,posenet,54,1.788172,ok,1,direct,1.000000,15,left_ankle,1,1,2.000000,530.400000,671.480000,2.000000,533.687683,658.431091,13.456704,51.744285,1,0.089000,0.843018
SP_T_Yoga_1,posenet,54,1.788172,ok,1,direct,1.000000,16,right_ankle,1,1,2.000000,513.600000,528.520000,2.000000,518.366882,530.649597,5.220953,51.744285,1,0.089000,0.974622
SP_T_Yoga_1,posenet,55,1.821286,ok,1,direct,1.000000,0,nose,1,1,2.000000,537.780000,299.620000,2.000000,537.218750,298.084534,1.634827,51.624774,1,0.026000,0.970766
SP_T_Yoga_1,posenet,55,1.821286,ok,1,direct,1.000000,1,left_eye,0,0,0.000000,0.000000,0.000000,2.000000,545.859253,290.401520,,,,0.025000,
SP_T_Yoga_1,posenet,55,1.821286,ok,1,direct,1.000000,2,right_eye,0,0,0.000000,0.000000,0.000000,2.000000,527.618164,290.401520,,,,0.025000,
SP_T_Yoga_1,posenet,55,1.821286,ok,1,direct,1.000000,3,left_ear,0,0,0.000000,0.000000,0.000000,2.000000,555.459839,298.084534,,,,0.035000,
SP_T_Yoga_1,posenet,55,1.821286,ok,1,direct,1.000000,4,right_ear,0,0,0.000000,0.000000,0.000000,2.000000,513.217224,297.124176,,,,0.035000,
SP_T_Yoga_1,posenet,55,1.821286,ok,1,direct,1.000000,5,left_shoulder,1,1,2.000000,567.670000,347.500000,2.000000,571.780823,334.579010,13.559161,51.624774,1,0.079000,0.801662
SP_T_Yoga_1,posenet,55,1.821286,ok,1,direct,1.000000,6,right_shoulder,1,1,2.000000,498.100000,337.630000,2.000000,503.616730,335.539398,5.899570,51.624774,1,0.079000,0.959013
SP_T_Yoga_1,posenet,55,1.821286,ok,1,direct,1.000000,7,left_elbow,1,1,2.000000,590.360000,273.720000,2.000000,589.061829,275.035431,1.848136,51.624774,1,0.072000,0.995068
SP_T_Yoga_1,posenet,55,1.821286,ok,1,direct,1.000000,8,right_elbow,1,1,2.000000,485.590000,275.030000,2.000000,491.135956,273.114655,5.867382,51.624774,1,0.072000,0.951386
SP_T_Yoga_1,posenet,55,1.821286,ok,1,direct,1.000000,9,left_wrist,1,1,2.000000,550.470000,221.200000,2.000000,558.339966,227.016418,9.786066,51.624774,1,0.062000,0.829478
SP_T_Yoga_1,posenet,55,1.821286,ok,1,direct,1.000000,10,right_wrist,1,1,2.000000,531.010000,223.750000,2.000000,525.698059,228.937164,7.424513,51.624774,1,0.062000,0.897975
SP_T_Yoga_1,posenet,55,1.821286,ok,1,direct,1.000000,11,left_hip,1,1,2.000000,551.970000,452.300000,2.000000,555.459839,476.715302,24.663453,51.624774,1,0.107000,0.671187
SP_T_Yoga_1,posenet,55,1.821286,ok,1,direct,1.000000,12,right_hip,1,1,2.000000,514.600000,453.010000,2.000000,506.496857,467.111481,16.263846,51.624774,1,0.107000,0.840820
SP_T_Yoga_1,posenet,55,1.821286,ok,1,direct,1.000000,13,left_knee,1,1,2.000000,546.220000,570.330000,2.000000,548.739441,569.872192,2.560697,51.624774,1,0.087000,0.993520
SP_T_Yoga_1,posenet,55,1.821286,ok,1,direct,1.000000,14,right_knee,1,1,2.000000,442.390000,500.220000,2.000000,436.412628,503.605957,6.869766,51.624774,1,0.087000,0.954287
SP_T_Yoga_1,posenet,55,1.821286,ok,1,direct,1.000000,15,left_ankle,1,1,2.000000,530.400000,671.480000,2.000000,533.378479,657.266785,14.521943,51.624774,1,0.089000,0.818899
SP_T_Yoga_1,posenet,55,1.821286,ok,1,direct,1.000000,16,right_ankle,1,1,2.000000,513.490000,528.510000,2.000000,518.017578,530.496582,4.944236,51.624774,1,0.089000,0.977106
SP_T_Yoga_1,posenet,56,1.854400,ok,1,direct,1.000000,0,nose,1,1,2.000000,537.590000,299.600000,2.000000,537.301453,297.805573,1.817479,51.643669,1,0.026000,0.964020
SP_T_Yoga_1,posenet,56,1.854400,ok,1,direct,1.000000,1,left_eye,0,0,0.000000,0.000000,0.000000,2.000000,544.948853,290.125031,,,,0.025000,
SP_T_Yoga_1,posenet,56,1.854400,ok,1,direct,1.000000,2,right_eye,0,0,0.000000,0.000000,0.000000,2.000000,528.697998,289.164948,,,,0.025000,
SP_T_Yoga_1,posenet,56,1.854400,ok,1,direct,1.000000,3,left_ear,0,0,0.000000,0.000000,0.000000,2.000000,555.464050,297.805573,,,,0.035000,
SP_T_Yoga_1,posenet,56,1.854400,ok,1,direct,1.000000,4,right_ear,0,0,0.000000,0.000000,0.000000,2.000000,513.403137,297.805573,,,,0.035000,
SP_T_Yoga_1,posenet,56,1.854400,ok,1,direct,1.000000,5,left_shoulder,1,1,2.000000,567.610000,347.540000,2.000000,571.714905,334.288177,13.873033,51.643669,1,0.079000,0.793540
SP_T_Yoga_1,posenet,56,1.854400,ok,1,direct,1.000000,6,right_shoulder,1,1,2.000000,497.940000,337.860000,2.000000,500.976074,335.248230,4.004883,51.643669,1,0.079000,0.980913
SP_T_Yoga_1,posenet,56,1.854400,ok,1,direct,1.000000,7,left_elbow,1,1,2.000000,590.280000,273.650000,2.000000,589.877563,275.723969,2.112652,51.643669,1,0.072000,0.993564
SP_T_Yoga_1,posenet,56,1.854400,ok,1,direct,1.000000,8,right_elbow,1,1,2.000000,485.590000,275.000000,2.000000,491.416748,272.843781,6.212912,51.643669,1,0.072000,0.945693
SP_T_Yoga_1,posenet,56,1.854400,ok,1,direct,1.000000,9,left_wrist,1,1,2.000000,549.920000,221.600000,2.000000,558.331909,226.760483,9.868678,51.643669,1,0.062000,0.826968
SP_T_Yoga_1,posenet,56,1.854400,ok,1,direct,1.000000,10,right_wrist,1,1,2.000000,530.880000,223.750000,2.000000,525.830261,229.640686,7.758869,51.643669,1,0.062000,0.889195
SP_T_Yoga_1,posenet,56,1.854400,ok,1,direct,1.000000,11,left_hip,1,1,2.000000,551.850000,452.260000,2.000000,554.508179,476.378326,24.264369,51.643669,1,0.107000,0.680025
SP_T_Yoga_1,posenet,56,1.854400,ok,1,direct,1.000000,12,right_hip,1,1,2.000000,514.400000,452.990000,2.000000,506.711609,466.777649,15.786406,51.643669,1,0.107000,0.849397
SP_T_Yoga_1,posenet,56,1.854400,ok,1,direct,1.000000,13,left_knee,1,1,2.000000,546.130000,570.330000,2.000000,548.772583,572.385193,3.347695,51.643669,1,0.087000,0.988958
SP_T_Yoga_1,posenet,56,1.854400,ok,1,direct,1.000000,14,right_knee,1,1,2.000000,442.070000,500.350000,2.000000,437.884644,502.300201,4.617412,51.643669,1,0.087000,0.979099
SP_T_Yoga_1,posenet,56,1.854400,ok,1,direct,1.000000,15,left_ankle,1,1,2.000000,530.400000,671.480000,2.000000,532.521729,659.751404,11.918964,51.643669,1,0.089000,0.874161
SP_T_Yoga_1,posenet,56,1.854400,ok,1,direct,1.000000,16,right_ankle,1,1,2.000000,513.370000,528.510000,2.000000,517.226868,528.222046,3.867602,51.643669,1,0.089000,0.985939
SP_T_Yoga_1,posenet,57,1.887515,ok,1,direct,1.000000,0,nose,1,1,2.000000,537.390000,299.580000,2.000000,537.147705,300.581024,1.029930,51.662484,1,0.026000,0.988310
SP_T_Yoga_1,posenet,57,1.887515,ok,1,direct,1.000000,1,left_eye,0,0,0.000000,0.000000,0.000000,2.000000,544.819946,291.932953,,,,0.025000,
SP_T_Yoga_1,posenet,57,1.887515,ok,1,direct,1.000000,2,right_eye,0,0,0.000000,0.000000,0.000000,2.000000,528.516418,291.932953,,,,0.025000,
SP_T_Yoga_1,posenet,57,1.887515,ok,1,direct,1.000000,3,left_ear,0,0,0.000000,0.000000,0.000000,2.000000,555.369263,299.620148,,,,0.035000,
SP_T_Yoga_1,posenet,57,1.887515,ok,1,direct,1.000000,4,right_ear,0,0,0.000000,0.000000,0.000000,2.000000,513.171997,298.659210,,,,0.035000,
SP_T_Yoga_1,posenet,57,1.887515,ok,1,direct,1.000000,5,left_shoulder,1,1,2.000000,567.550000,347.580000,2.000000,570.713684,336.134277,11.874909,51.662484,1,0.079000,0.844246
SP_T_Yoga_1,posenet,57,1.887515,ok,1,direct,1.000000,6,right_shoulder,1,1,2.000000,497.780000,338.100000,2.000000,503.581726,337.095154,5.888102,51.662484,1,0.079000,0.959227
SP_T_Yoga_1,posenet,57,1.887515,ok,1,direct,1.000000,7,left_elbow,1,1,2.000000,590.210000,273.570000,2.000000,589.894287,275.597656,2.052088,51.662484,1,0.072000,0.993931
SP_T_Yoga_1,posenet,57,1.887515,ok,1,direct,1.000000,8,right_elbow,1,1,2.000000,485.590000,274.970000,2.000000,491.114380,273.675873,5.673935,51.662484,1,0.072000,0.954531
SP_T_Yoga_1,posenet,57,1.887515,ok,1,direct,1.000000,9,left_wrist,1,1,2.000000,549.370000,222.000000,2.000000,558.246338,229.474533,11.604224,51.662484,1,0.062000,0.769127
SP_T_Yoga_1,posenet,57,1.887515,ok,1,direct,1.000000,10,right_wrist,1,1,2.000000,530.740000,223.750000,2.000000,523.721313,229.474533,9.057165,51.662484,1,0.062000,0.852219
SP_T_Yoga_1,posenet,57,1.887515,ok,1,direct,1.000000,11,left_hip,1,1,2.000000,551.740000,452.220000,2.000000,554.410217,477.386353,25.307615,51.662484,1,0.107000,0.657577
SP_T_Yoga_1,posenet,57,1.887515,ok,1,direct,1.000000,12,right_hip,1,1,2.000000,514.200000,452.970000,2.000000,506.458832,467.777344,16.708774,51.662484,1,0.107000,0.832996
SP_T_Yoga_1,posenet,57,1.887515,ok,1,direct,1.000000,13,left_knee,1,1,2.000000,546.030000,570.330000,2.000000,548.656067,570.593445,2.639248,51.662484,1,0.087000,0.993128
SP_T_Yoga_1,posenet,57,1.887515,ok,1,direct,1.000000,14,right_knee,1,1,2.000000,441.760000,500.480000,2.000000,437.408844,504.291534,5.784492,51.662484,1,0.087000,0.967416
SP_T_Yoga_1,posenet,57,1.887515,ok,1,direct,1.000000,15,left_ankle,1,1,2.000000,530.400000,671.480000,2.000000,533.311584,658.996155,12.818881,51.662484,1,0.089000,0.856027
SP_T_Yoga_1,posenet,57,1.887515,ok,1,direct,1.000000,16,right_ankle,1,1,2.000000,513.250000,528.500000,2.000000,517.008179,529.274902,3.837236,51.662484,1,0.089000,0.986167
SP_T_Yoga_1,posenet,58,1.920629,ok,1,direct,1.000000,0,nose,1,1,2.000000,537.200000,299.550000,2.000000,537.022156,298.836334,0.735491,51.679479,1,0.026000,0.994026
SP_T_Yoga_1,posenet,58,1.920629,ok,1,direct,1.000000,1,left_eye,0,0,0.000000,0.000000,0.000000,2.000000,544.699585,291.155640,,,,0.025000,
SP_T_Yoga_1,posenet,58,1.920629,ok,1,direct,1.000000,2,right_eye,0,0,0.000000,0.000000,0.000000,2.000000,528.385071,291.155640,,,,0.025000,
SP_T_Yoga_1,posenet,58,1.920629,ok,1,direct,1.000000,3,left_ear,0,0,0.000000,0.000000,0.000000,2.000000,554.296387,298.836334,,,,0.035000,
SP_T_Yoga_1,posenet,58,1.920629,ok,1,direct,1.000000,4,right_ear,0,0,0.000000,0.000000,0.000000,2.000000,513.030151,298.836334,,,,0.035000,
SP_T_Yoga_1,posenet,58,1.920629,ok,1,direct,1.000000,5,left_shoulder,1,1,2.000000,567.490000,347.620000,2.000000,570.610962,334.359467,13.622854,51.679479,1,0.079000,0.800373
SP_T_Yoga_1,posenet,58,1.920629,ok,1,direct,1.000000,6,right_shoulder,1,1,2.000000,497.620000,338.340000,2.000000,502.473633,336.279633,5.272842,51.679479,1,0.079000,0.967190
SP_T_Yoga_1,posenet,58,1.920629,ok,1,direct,1.000000,7,left_elbow,1,1,2.000000,590.130000,273.500000,2.000000,589.804565,273.874146,0.495876,51.679479,1,0.072000,0.999645
SP_T_Yoga_1,posenet,58,1.920629,ok,1,direct,1.000000,8,right_elbow,1,1,2.000000,485.590000,274.950000,2.000000,490.957489,272.914062,5.740643,51.679479,1,0.072000,0.953511
SP_T_Yoga_1,posenet,58,1.920629,ok,1,direct,1.000000,9,left_wrist,1,1,2.000000,548.820000,222.400000,2.000000,556.215759,228.750168,9.747917,51.679479,1,0.062000,0.831011
SP_T_Yoga_1,posenet,58,1.920629,ok,1,direct,1.000000,10,right_wrist,1,1,2.000000,530.610000,223.750000,2.000000,526.465698,228.750168,6.494376,51.679479,1,0.062000,0.921120
SP_T_Yoga_1,posenet,58,1.920629,ok,1,direct,1.000000,11,left_hip,1,1,2.000000,551.630000,452.180000,2.000000,554.296387,476.451965,24.417984,51.679479,1,0.107000,0.677068
SP_T_Yoga_1,posenet,58,1.920629,ok,1,direct,1.000000,12,right_hip,1,1,2.000000,514.010000,452.960000,2.000000,506.312347,467.811218,16.727598,51.679479,1,0.107000,0.832753
SP_T_Yoga_1,posenet,58,1.920629,ok,1,direct,1.000000,13,left_knee,1,1,2.000000,545.940000,570.330000,2.000000,547.578674,570.540283,1.652112,51.679479,1,0.087000,0.997303
SP_T_Yoga_1,posenet,58,1.920629,ok,1,direct,1.000000,14,right_knee,1,1,2.000000,441.450000,500.610000,2.000000,437.215393,504.294464,5.613125,51.679479,1,0.087000,0.969309
SP_T_Yoga_1,posenet,58,1.920629,ok,1,direct,1.000000,15,left_ankle,1,1,2.000000,530.400000,671.480000,2.000000,533.183411,657.907959,13.854518,51.679479,1,0.089000,0.834046
SP_T_Yoga_1,posenet,58,1.920629,ok,1,direct,1.000000,16,right_ankle,1,1,2.000000,513.130000,528.490000,2.000000,518.788208,531.176819,6.263730,51.679479,1,0.089000,0.963588
SP_T_Yoga_1,posenet,59,1.953743,ok,1,direct,1.000000,0,nose,1,1,2.000000,537.010000,299.530000,2.000000,536.359497,299.265015,0.702404,51.698134,1,0.026000,0.994553
SP_T_Yoga_1,posenet,59,1.953743,ok,1,direct,1.000000,1,left_eye,0,0,0.000000,0.000000,0.000000,2.000000,544.028015,291.587433,,,,0.025000,
SP_T_Yoga_1,posenet,59,1.953743,ok,1,direct,1.000000,2,right_eye,0,0,0.000000,0.000000,0.000000,2.000000,526.773804,291.587433,,,,0.025000,
SP_T_Yoga_1,posenet,59,1.953743,ok,1,direct,1.000000,3,left_ear,0,0,0.000000,0.000000,0.000000,2.000000,554.572327,299.265015,,,,0.035000,
SP_T_Yoga_1,posenet,59,1.953743,ok,1,direct,1.000000,4,right_ear,0,0,0.000000,0.000000,0.000000,2.000000,513.353821,298.305328,,,,0.035000,
SP_T_Yoga_1,posenet,59,1.953743,ok,1,direct,1.000000,5,left_shoulder,1,1,2.000000,567.430000,347.660000,2.000000,569.909485,334.773865,13.122512,51.698134,1,0.079000,0.813449
SP_T_Yoga_1,posenet,59,1.953743,ok,1,direct,1.000000,6,right_shoulder,1,1,2.000000,497.470000,338.580000,2.000000,502.809509,336.693268,5.663048,51.698134,1,0.079000,0.962277
SP_T_Yoga_1,posenet,59,1.953743,ok,1,direct,1.000000,7,left_elbow,1,1,2.000000,590.060000,273.420000,2.000000,589.080933,274.312866,1.325060,51.698134,1,0.072000,0.997469
SP_T_Yoga_1,posenet,59,1.953743,ok,1,direct,1.000000,8,right_elbow,1,1,2.000000,485.590000,274.920000,2.000000,490.348083,273.353149,5.009429,51.698134,1,0.072000,0.964425
SP_T_Yoga_1,posenet,59,1.953743,ok,1,direct,1.000000,9,left_wrist,1,1,2.000000,548.280000,222.800000,2.000000,556.489502,228.247299,9.852360,51.698134,1,0.062000,0.827817
SP_T_Yoga_1,posenet,59,1.953743,ok,1,direct,1.000000,10,right_wrist,1,1,2.000000,530.470000,223.750000,2.000000,523.898071,230.166702,9.185005,51.698134,1,0.062000,0.848546
SP_T_Yoga_1,posenet,59,1.953743,ok,1,direct,1.000000,11,left_hip,1,1,2.000000,551.510000,452.150000,2.000000,554.572327,476.809326,24.848747,51.698134,1,0.107000,0.667930
SP_T_Yoga_1,posenet,59,1.953743,ok,1,direct,1.000000,12,right_hip,1,1,2.000000,513.810000,452.940000,2.000000,506.643799,467.212311,15.970388,51.698134,1,0.107000,0.846451
SP_T_Yoga_1,posenet,59,1.953743,ok,1,direct,1.000000,13,left_knee,1,1,2.000000,545.840000,570.330000,2.000000,548.820923,569.900085,3.011765,51.698134,1,0.087000,0.991072
SP_T_Yoga_1,posenet,59,1.953743,ok,1,direct,1.000000,14,right_knee,1,1,2.000000,441.140000,500.740000,2.000000,435.709503,503.680878,6.175683,51.698134,1,0.087000,0.962996
SP_T_Yoga_1,posenet,59,1.953743,ok,1,direct,1.000000,15,left_ankle,1,1,2.000000,530.400000,671.480000,2.000000,533.483826,657.232727,14.577200,51.698134,1,0.089000,0.818120
SP_T_Yoga_1,posenet,59,1.953743,ok,1,direct,1.000000,16,right_ankle,1,1,2.000000,513.020000,528.480000,2.000000,518.146606,530.552429,5.529652,51.698134,1,0.089000,0.971527
SP_T_Yoga_1,posenet,60,1.986857,ok,1,direct,1.000000,0,nose,1,1,2.000000,536.810000,299.510000,2.000000,537.172852,299.507904,0.362858,51.718441,1,0.026000,0.998545
SP_T_Yoga_1,posenet,60,1.986857,ok,1,direct,1.000000,1,left_eye,0,0,0.000000,0.000000,0.000000,2.000000,543.884460,291.820984,,,,0.025000,
SP_T_Yoga_1,posenet,60,1.986857,ok,1,direct,1.000000,2,right_eye,0,0,0.000000,0.000000,0.000000,2.000000,526.626038,291.820984,,,,0.025000,
SP_T_Yoga_1,posenet,60,1.986857,ok,1,direct,1.000000,3,left_ear,0,0,0.000000,0.000000,0.000000,2.000000,554.431274,299.507904,,,,0.035000,
SP_T_Yoga_1,posenet,60,1.986857,ok,1,direct,1.000000,4,right_ear,0,0,0.000000,0.000000,0.000000,2.000000,513.202820,298.547028,,,,0.035000,
SP_T_Yoga_1,posenet,60,1.986857,ok,1,direct,1.000000,5,left_shoulder,1,1,2.000000,567.370000,347.700000,2.000000,569.772034,334.098938,13.811541,51.718441,1,0.079000,0.795692
SP_T_Yoga_1,posenet,60,1.986857,ok,1,direct,1.000000,6,right_shoulder,1,1,2.000000,497.310000,338.820000,2.000000,502.656067,336.020660,6.034628,51.718441,1,0.079000,0.957308
SP_T_Yoga_1,posenet,60,1.986857,ok,1,direct,1.000000,7,left_elbow,1,1,2.000000,589.990000,273.350000,2.000000,588.948059,274.525452,1.570773,51.718441,1,0.072000,0.996448
SP_T_Yoga_1,posenet,60,1.986857,ok,1,direct,1.000000,8,right_elbow,1,1,2.000000,485.590000,274.900000,2.000000,490.191650,274.525452,4.616868,51.718441,1,0.072000,0.969723
SP_T_Yoga_1,posenet,60,1.986857,ok,1,direct,1.000000,9,left_wrist,1,1,2.000000,547.730000,223.200000,2.000000,556.348816,228.404083,10.068092,51.718441,1,0.062000,0.821048
SP_T_Yoga_1,posenet,60,1.986857,ok,1,direct,1.000000,10,right_wrist,1,1,2.000000,530.340000,223.750000,2.000000,523.749634,229.364929,8.657965,51.718441,1,0.062000,0.864322
SP_T_Yoga_1,posenet,60,1.986857,ok,1,direct,1.000000,11,left_hip,1,1,2.000000,551.400000,452.110000,2.000000,555.390015,471.502228,19.798452,51.718441,1,0.107000,0.774145
SP_T_Yoga_1,posenet,60,1.986857,ok,1,direct,1.000000,12,right_hip,1,1,2.000000,513.610000,452.920000,2.000000,504.573639,466.697937,16.476874,51.718441,1,0.107000,0.837524
SP_T_Yoga_1,posenet,60,1.986857,ok,1,direct,1.000000,13,left_knee,1,1,2.000000,545.740000,570.330000,2.000000,547.719666,567.588501,3.381552,51.718441,1,0.087000,0.988767
SP_T_Yoga_1,posenet,60,1.986857,ok,1,direct,1.000000,14,right_knee,1,1,2.000000,440.820000,500.870000,2.000000,435.540070,505.132416,6.785710,51.718441,1,0.087000,0.955532
SP_T_Yoga_1,posenet,60,1.986857,ok,1,direct,1.000000,15,left_ankle,1,1,2.000000,530.400000,671.480000,2.000000,533.337646,656.948608,14.825354,51.718441,1,0.089000,0.812632
SP_T_Yoga_1,posenet,60,1.986857,ok,1,direct,1.000000,16,right_ankle,1,1,2.000000,512.900000,528.470000,2.000000,519.914429,532.036560,7.869089,51.718441,1,0.089000,0.943222
SP_T_Yoga_1,posenet,61,2.019972,ok,1,direct,1.000000,0,nose,1,1,2.000000,536.520000,299.540000,2.000000,536.322021,299.445953,0.219181,51.750791,1,0.026000,0.999469
SP_T_Yoga_1,posenet,61,2.019972,ok,1,direct,1.000000,1,left_eye,0,0,0.000000,0.000000,0.000000,2.000000,543.980469,291.760986,,,,0.025000,
SP_T_Yoga_1,posenet,61,2.019972,ok,1,direct,1.000000,2,right_eye,0,0,0.000000,0.000000,0.000000,2.000000,526.749023,291.760986,,,,0.025000,
SP_T_Yoga_1,posenet,61,2.019972,ok,1,direct,1.000000,3,left_ear,0,0,0.000000,0.000000,0.000000,2.000000,554.510803,298.485352,,,,0.035000,
SP_T_Yoga_1,posenet,61,2.019972,ok,1,direct,1.000000,4,right_ear,0,0,0.000000,0.000000,0.000000,2.000000,512.389404,299.445953,,,,0.035000,
SP_T_Yoga_1,posenet,61,2.019972,ok,1,direct,1.000000,5,left_shoulder,1,1,2.000000,567.310000,347.740000,2.000000,570.785034,334.028229,14.145265,51.750791,1,0.079000,0.787083
SP_T_Yoga_1,posenet,61,2.019972,ok,1,direct,1.000000,6,right_shoulder,1,1,2.000000,497.150000,339.050000,2.000000,502.816376,335.949493,6.459176,51.750791,1,0.079000,0.951303
SP_T_Yoga_1,posenet,61,2.019972,ok,1,direct,1.000000,7,left_elbow,1,1,2.000000,589.910000,273.270000,2.000000,588.016479,274.469849,2.241664,51.750791,1,0.072000,0.992787
SP_T_Yoga_1,posenet,61,2.019972,ok,1,direct,1.000000,8,right_elbow,1,1,2.000000,485.130000,274.990000,2.000000,489.414093,274.469849,4.315554,51.750791,1,0.072000,0.973528
SP_T_Yoga_1,posenet,61,2.019972,ok,1,direct,1.000000,9,left_wrist,1,1,2.000000,547.360000,223.330000,2.000000,555.468079,228.360138,9.541657,51.750791,1,0.062000,0.837887
SP_T_Yoga_1,posenet,61,2.019972,ok,1,direct,1.000000,10,right_wrist,1,1,2.000000,530.210000,223.750000,2.000000,523.877075,230.281372,9.097514,51.750791,1,0.062000,0.851471
SP_T_Yoga_1,posenet,61,2.019972,ok,1,direct,1.000000,11,left_hip,1,1,2.000000,551.280000,452.070000,2.000000,555.468079,471.396759,19.775328,51.750791,1,0.107000,0.774855
SP_T_Yoga_1,posenet,61,2.019972,ok,1,direct,1.000000,12,right_hip,1,1,2.000000,513.410000,452.910000,2.000000,505.688232,465.633026,14.882913,51.750791,1,0.107000,0.865473
SP_T_Yoga_1,posenet,61,2.019972,ok,1,direct,1.000000,13,left_knee,1,1,2.000000,545.650000,570.330000,2.000000,548.767029,568.419312,3.656036,51.750791,1,0.087000,0.986899
SP_T_Yoga_1,posenet,61,2.019972,ok,1,direct,1.000000,14,right_knee,1,1,2.000000,440.510000,501.000000,2.000000,434.847717,505.018433,6.943288,51.750791,1,0.087000,0.953548
SP_T_Yoga_1,posenet,61,2.019972,ok,1,direct,1.000000,15,left_ankle,1,1,2.000000,530.400000,671.480000,2.000000,533.450134,656.796204,14.997240,51.750791,1,0.089000,0.808924
SP_T_Yoga_1,posenet,61,2.019972,ok,1,direct,1.000000,16,right_ankle,1,1,2.000000,512.780000,528.470000,2.000000,519.090515,531.915771,7.189989,51.750791,1,0.089000,0.952430
SP_T_Yoga_1,posenet,62,2.053086,ok,1,direct,1.000000,0,nose,1,1,2.000000,536.240000,299.560000,2.000000,536.343323,299.403992,0.187121,51.784829,1,0.026000,0.999614
SP_T_Yoga_1,posenet,62,2.053086,ok,1,direct,1.000000,1,left_eye,0,0,0.000000,0.000000,0.000000,2.000000,543.989929,290.763550,,,,0.025000,
SP_T_Yoga_1,posenet,62,2.053086,ok,1,direct,1.000000,2,right_eye,0,0,0.000000,0.000000,0.000000,2.000000,526.784973,290.763550,,,,0.025000,
SP_T_Yoga_1,posenet,62,2.053086,ok,1,direct,1.000000,3,left_ear,0,0,0.000000,0.000000,0.000000,2.000000,554.504028,298.443939,,,,0.035000,
SP_T_Yoga_1,posenet,62,2.053086,ok,1,direct,1.000000,4,right_ear,0,0,0.000000,0.000000,0.000000,2.000000,512.447632,299.403992,,,,0.035000,
SP_T_Yoga_1,posenet,62,2.053086,ok,1,direct,1.000000,5,left_shoulder,1,1,2.000000,567.250000,347.780000,2.000000,570.753113,333.965851,14.251404,51.784829,1,0.079000,0.784500
SP_T_Yoga_1,posenet,62,2.053086,ok,1,direct,1.000000,6,right_shoulder,1,1,2.000000,496.990000,339.290000,2.000000,501.933502,335.885925,6.002161,51.784829,1,0.079000,0.957862
SP_T_Yoga_1,posenet,62,2.053086,ok,1,direct,1.000000,7,left_elbow,1,1,2.000000,589.840000,273.200000,2.000000,587.957947,274.442688,2.255304,51.784829,1,0.072000,0.992709
SP_T_Yoga_1,posenet,62,2.053086,ok,1,direct,1.000000,8,right_elbow,1,1,2.000000,484.670000,275.080000,2.000000,488.551910,274.442688,3.933878,51.784829,1,0.072000,0.977982
SP_T_Yoga_1,posenet,62,2.053086,ok,1,direct,1.000000,9,left_wrist,1,1,2.000000,547.000000,223.460000,2.000000,555.459839,229.320312,10.291362,51.784829,1,0.062000,0.814250
SP_T_Yoga_1,posenet,62,2.053086,ok,1,direct,1.000000,10,right_wrist,1,1,2.000000,530.070000,223.750000,2.000000,522.961731,231.240417,10.326366,51.784829,1,0.062000,0.813110
SP_T_Yoga_1,posenet,62,2.053086,ok,1,direct,1.000000,11,left_hip,1,1,2.000000,551.170000,452.030000,2.000000,555.459839,471.253052,19.695899,51.784829,1,0.107000,0.776699
SP_T_Yoga_1,posenet,62,2.053086,ok,1,direct,1.000000,12,right_hip,1,1,2.000000,513.220000,452.890000,2.000000,505.756805,466.452789,15.480585,51.784829,1,0.107000,0.855465
SP_T_Yoga_1,posenet,62,2.053086,ok,1,direct,1.000000,13,left_knee,1,1,2.000000,545.550000,570.330000,2.000000,548.769043,567.258057,4.449615,51.784829,1,0.087000,0.980680
SP_T_Yoga_1,posenet,62,2.053086,ok,1,direct,1.000000,14,right_knee,1,1,2.000000,440.200000,501.130000,2.000000,435.981384,504.854797,5.627685,51.784829,1,0.087000,0.969275
SP_T_Yoga_1,posenet,62,2.053086,ok,1,direct,1.000000,15,left_ankle,1,1,2.000000,530.400000,671.480000,2.000000,533.475830,656.542786,15.250610,51.784829,1,0.089000,0.803332
SP_T_Yoga_1,posenet,62,2.053086,ok,1,direct,1.000000,16,right_ankle,1,1,2.000000,512.660000,528.460000,2.000000,519.138428,531.736206,7.259721,51.784829,1,0.089000,0.951588
SP_T_Yoga_1,posenet,63,2.086200,ok,1,direct,1.000000,0,nose,1,1,2.000000,535.950000,299.580000,2.000000,536.027954,299.278717,0.311205,51.818242,1,0.026000,0.998933
SP_T_Yoga_1,posenet,63,2.086200,ok,1,direct,1.000000,1,left_eye,0,0,0.000000,0.000000,0.000000,2.000000,542.737793,290.640320,,,,0.025000,
SP_T_Yoga_1,posenet,63,2.086200,ok,1,direct,1.000000,2,right_eye,0,0,0.000000,0.000000,0.000000,2.000000,526.442444,290.640320,,,,0.025000,
SP_T_Yoga_1,posenet,63,2.086200,ok,1,direct,1.000000,3,left_ear,0,0,0.000000,0.000000,0.000000,2.000000,554.240295,298.318909,,,,0.035000,
SP_T_Yoga_1,posenet,63,2.086200,ok,1,direct,1.000000,4,right_ear,0,0,0.000000,0.000000,0.000000,2.000000,512.064331,298.318909,,,,0.035000,
SP_T_Yoga_1,posenet,63,2.086200,ok,1,direct,1.000000,5,left_shoulder,1,1,2.000000,567.190000,347.820000,2.000000,570.535583,334.792175,13.450544,51.818242,1,0.079000,0.805801
SP_T_Yoga_1,posenet,63,2.086200,ok,1,direct,1.000000,6,right_shoulder,1,1,2.000000,496.830000,339.530000,2.000000,500.561707,334.792175,6.030971,51.818242,1,0.079000,0.957519
SP_T_Yoga_1,posenet,63,2.086200,ok,1,direct,1.000000,7,left_elbow,1,1,2.000000,589.760000,273.130000,2.000000,586.830872,273.363495,2.938420,51.818242,1,0.072000,0.987671
SP_T_Yoga_1,posenet,63,2.086200,ok,1,direct,1.000000,8,right_elbow,1,1,2.000000,484.200000,275.170000,2.000000,489.059174,273.363495,5.184113,51.818242,1,0.072000,0.962122
SP_T_Yoga_1,posenet,63,2.086200,ok,1,direct,1.000000,9,left_wrist,1,1,2.000000,546.630000,223.600000,2.000000,555.198853,229.211624,10.242830,51.818242,1,0.062000,0.816040
SP_T_Yoga_1,posenet,63,2.086200,ok,1,direct,1.000000,10,right_wrist,1,1,2.000000,529.940000,223.750000,2.000000,522.608337,233.050934,11.843169,51.818242,1,0.062000,0.762022
SP_T_Yoga_1,posenet,63,2.086200,ok,1,direct,1.000000,11,left_hip,1,1,2.000000,551.050000,451.990000,2.000000,555.198853,471.087097,19.542571,51.818242,1,0.107000,0.779999
SP_T_Yoga_1,posenet,63,2.086200,ok,1,direct,1.000000,12,right_hip,1,1,2.000000,513.020000,452.870000,2.000000,504.395935,467.247772,16.765883,51.818242,1,0.107000,0.832874
SP_T_Yoga_1,posenet,63,2.086200,ok,1,direct,1.000000,13,left_knee,1,1,2.000000,545.460000,570.330000,2.000000,548.489014,567.069397,4.450444,51.818242,1,0.087000,0.980698
SP_T_Yoga_1,posenet,63,2.086200,ok,1,direct,1.000000,14,right_knee,1,1,2.000000,439.880000,501.260000,2.000000,435.380585,504.680878,5.652180,51.818242,1,0.087000,0.969051
SP_T_Yoga_1,posenet,63,2.086200,ok,1,direct,1.000000,15,left_ankle,1,1,2.000000,530.400000,671.480000,2.000000,533.152344,657.292786,14.451728,51.818242,1,0.089000,0.821690
SP_T_Yoga_1,posenet,63,2.086200,ok,1,direct,1.000000,16,right_ankle,1,1,2.000000,512.550000,528.450000,2.000000,518.774109,531.555908,6.956019,51.818242,1,0.089000,0.955520
SP_T_Yoga_1,posenet,64,2.119315,ok,1,direct,1.000000,0,nose,1,1,2.000000,535.660000,299.610000,2.000000,535.771240,299.127716,0.494947,51.852186,1,0.026000,0.997308
SP_T_Yoga_1,posenet,64,2.119315,ok,1,direct,1.000000,1,left_eye,0,0,0.000000,0.000000,0.000000,2.000000,542.469543,290.492584,,,,0.025000,
SP_T_Yoga_1,posenet,64,2.119315,ok,1,direct,1.000000,2,right_eye,0,0,0.000000,0.000000,0.000000,2.000000,526.202332,290.492584,,,,0.025000,
SP_T_Yoga_1,posenet,64,2.119315,ok,1,direct,1.000000,3,left_ear,0,0,0.000000,0.000000,0.000000,2.000000,553.952209,298.168243,,,,0.035000,
SP_T_Yoga_1,posenet,64,2.119315,ok,1,direct,1.000000,4,right_ear,0,0,0.000000,0.000000,0.000000,2.000000,511.848969,298.168243,,,,0.035000,
SP_T_Yoga_1,posenet,64,2.119315,ok,1,direct,1.000000,5,left_shoulder,1,1,2.000000,567.130000,347.860000,2.000000,570.219299,334.627533,13.588302,51.852186,1,0.079000,0.802458
SP_T_Yoga_1,posenet,64,2.119315,ok,1,direct,1.000000,6,right_shoulder,1,1,2.000000,496.670000,339.770000,2.000000,500.366302,334.627533,6.333058,51.852186,1,0.079000,0.953320
SP_T_Yoga_1,posenet,64,2.119315,ok,1,direct,1.000000,7,left_elbow,1,1,2.000000,589.690000,273.050000,2.000000,586.486450,273.222412,3.208186,51.852186,1,0.072000,0.985340
SP_T_Yoga_1,posenet,64,2.119315,ok,1,direct,1.000000,8,right_elbow,1,1,2.000000,483.740000,275.260000,2.000000,488.883606,273.222412,5.532490,51.852186,1,0.072000,0.957030
SP_T_Yoga_1,posenet,64,2.119315,ok,1,direct,1.000000,9,left_wrist,1,1,2.000000,546.260000,223.730000,2.000000,554.909058,229.087494,10.173934,51.852186,1,0.062000,0.818482
SP_T_Yoga_1,posenet,64,2.119315,ok,1,direct,1.000000,10,right_wrist,1,1,2.000000,529.810000,223.750000,2.000000,522.374817,233.884766,12.569623,51.852186,1,0.062000,0.736576
SP_T_Yoga_1,posenet,64,2.119315,ok,1,direct,1.000000,11,left_hip,1,1,2.000000,550.940000,451.960000,2.000000,554.909058,471.829620,20.262163,51.852186,1,0.107000,0.765867
SP_T_Yoga_1,posenet,64,2.119315,ok,1,direct,1.000000,12,right_hip,1,1,2.000000,512.820000,452.860000,2.000000,504.193848,467.032318,16.591115,51.852186,1,0.107000,0.836235
SP_T_Yoga_1,posenet,64,2.119315,ok,1,direct,1.000000,13,left_knee,1,1,2.000000,545.360000,570.330000,2.000000,548.210815,567.775085,3.828151,51.852186,1,0.087000,0.985701
SP_T_Yoga_1,posenet,64,2.119315,ok,1,direct,1.000000,14,right_knee,1,1,2.000000,439.570000,501.390000,2.000000,435.297729,504.451111,5.255730,51.852186,1,0.087000,0.973218
SP_T_Yoga_1,posenet,64,2.119315,ok,1,direct,1.000000,15,left_ankle,1,1,2.000000,530.400000,671.480000,2.000000,533.857483,657.004456,14.882727,51.852186,1,0.089000,0.812200
SP_T_Yoga_1,posenet,64,2.119315,ok,1,direct,1.000000,16,right_ankle,1,1,2.000000,512.430000,528.440000,2.000000,519.504089,531.315857,7.636314,51.852186,1,0.089000,0.946710
SP_T_Yoga_1,posenet,65,2.152429,ok,1,direct,1.000000,0,nose,1,1,2.000000,535.370000,299.630000,2.000000,535.932007,299.737610,0.572216,51.890733,1,0.026000,0.996409
SP_T_Yoga_1,posenet,65,2.152429,ok,1,direct,1.000000,1,left_eye,0,0,0.000000,0.000000,0.000000,2.000000,542.640015,291.101807,,,,0.025000,
SP_T_Yoga_1,posenet,65,2.152429,ok,1,direct,1.000000,2,right_eye,0,0,0.000000,0.000000,0.000000,2.000000,526.349182,291.101807,,,,0.025000,
SP_T_Yoga_1,posenet,65,2.152429,ok,1,direct,1.000000,3,left_ear,0,0,0.000000,0.000000,0.000000,2.000000,553.181152,298.778046,,,,0.035000,
SP_T_Yoga_1,posenet,65,2.152429,ok,1,direct,1.000000,4,right_ear,0,0,0.000000,0.000000,0.000000,2.000000,511.974945,298.778046,,,,0.035000,
SP_T_Yoga_1,posenet,65,2.152429,ok,1,direct,1.000000,5,left_shoulder,1,1,2.000000,567.070000,347.900000,2.000000,570.430176,334.280609,14.027779,51.890733,1,0.079000,0.791209
SP_T_Yoga_1,posenet,65,2.152429,ok,1,direct,1.000000,6,right_shoulder,1,1,2.000000,496.510000,340.010000,2.000000,500.475555,335.240143,6.202997,51.890733,1,0.079000,0.955240
SP_T_Yoga_1,posenet,65,2.152429,ok,1,direct,1.000000,7,left_elbow,1,1,2.000000,589.610000,272.980000,2.000000,586.721069,273.830322,3.011473,51.890733,1,0.072000,0.987090
SP_T_Yoga_1,posenet,65,2.152429,ok,1,direct,1.000000,8,right_elbow,1,1,2.000000,483.270000,275.350000,2.000000,487.059601,273.830322,4.082952,51.890733,1,0.072000,0.976398
SP_T_Yoga_1,posenet,65,2.152429,ok,1,direct,1.000000,9,left_wrist,1,1,2.000000,545.900000,223.860000,2.000000,555.097717,228.732452,10.408592,51.890733,1,0.062000,0.811120
SP_T_Yoga_1,posenet,65,2.152429,ok,1,direct,1.000000,10,right_wrist,1,1,2.000000,529.670000,223.750000,2.000000,522.516052,230.651520,9.940319,51.890733,1,0.062000,0.826193
SP_T_Yoga_1,posenet,65,2.152429,ok,1,direct,1.000000,11,left_hip,1,1,2.000000,550.830000,451.920000,2.000000,554.139404,471.493225,19.851028,51.890733,1,0.107000,0.774412
SP_T_Yoga_1,posenet,65,2.152429,ok,1,direct,1.000000,12,right_hip,1,1,2.000000,512.620000,452.840000,2.000000,504.308655,467.655121,16.987238,51.890733,1,0.107000,0.829270
SP_T_Yoga_1,posenet,65,2.152429,ok,1,direct,1.000000,13,left_knee,1,1,2.000000,545.270000,570.330000,2.000000,548.389709,568.405640,3.665481,51.890733,1,0.087000,0.986902
SP_T_Yoga_1,posenet,65,2.152429,ok,1,direct,1.000000,14,right_knee,1,1,2.000000,439.260000,501.520000,2.000000,436.270569,504.117218,3.960081,51.890733,1,0.087000,0.984728
SP_T_Yoga_1,posenet,65,2.152429,ok,1,direct,1.000000,15,left_ankle,1,1,2.000000,530.400000,671.480000,2.000000,534.015442,656.682251,15.233017,51.890733,1,0.089000,0.804454
SP_T_Yoga_1,posenet,65,2.152429,ok,1,direct,1.000000,16,right_ankle,1,1,2.000000,512.310000,528.430000,2.000000,519.641174,530.984009,7.763316,51.890733,1,0.089000,0.945052
SP_T_Yoga_1,posenet,66,2.185543,ok,1,direct,1.000000,0,nose,1,1,2.000000,535.080000,299.650000,2.000000,535.192383,299.373322,0.298632,51.932133,1,0.026000,0.999022
SP_T_Yoga_1,posenet,66,2.185543,ok,1,direct,1.000000,1,left_eye,0,0,0.000000,0.000000,0.000000,2.000000,542.844299,291.688568,,,,0.025000,
SP_T_Yoga_1,posenet,66,2.185543,ok,1,direct,1.000000,2,right_eye,0,0,0.000000,0.000000,0.000000,2.000000,525.627319,291.688568,,,,0.025000,
SP_T_Yoga_1,posenet,66,2.185543,ok,1,direct,1.000000,3,left_ear,0,0,0.000000,0.000000,0.000000,2.000000,552.409302,299.373322,,,,0.035000,
SP_T_Yoga_1,posenet,66,2.185543,ok,1,direct,1.000000,4,right_ear,0,0,0.000000,0.000000,0.000000,2.000000,511.279907,299.373322,,,,0.035000,
SP_T_Yoga_1,posenet,66,2.185543,ok,1,direct,1.000000,5,left_shoulder,1,1,2.000000,567.010000,347.940000,2.000000,569.626221,334.915253,13.284903,51.932133,1,0.079000,0.810819
SP_T_Yoga_1,posenet,66,2.185543,ok,1,direct,1.000000,6,right_shoulder,1,1,2.000000,496.360000,340.240000,2.000000,499.801971,335.875885,5.558117,51.932133,1,0.079000,0.963958
SP_T_Yoga_1,posenet,66,2.185543,ok,1,direct,1.000000,7,left_elbow,1,1,2.000000,589.540000,272.900000,2.000000,585.886658,273.437256,3.692635,51.932133,1,0.072000,0.980683
SP_T_Yoga_1,posenet,66,2.185543,ok,1,direct,1.000000,8,right_elbow,1,1,2.000000,482.810000,275.440000,2.000000,486.411011,274.397888,3.748770,51.932133,1,0.072000,0.980097
SP_T_Yoga_1,posenet,66,2.185543,ok,1,direct,1.000000,9,left_wrist,1,1,2.000000,545.490000,223.860000,2.000000,553.365784,229.249969,9.543571,51.932133,1,0.062000,0.838861
SP_T_Yoga_1,posenet,66,2.185543,ok,1,direct,1.000000,10,right_wrist,1,1,2.000000,529.540000,223.750000,2.000000,521.801392,231.171143,10.721913,51.932133,1,0.062000,0.801093
SP_T_Yoga_1,posenet,66,2.185543,ok,1,direct,1.000000,11,left_hip,1,1,2.000000,550.710000,451.880000,2.000000,553.365784,475.161987,23.432971,51.932133,1,0.107000,0.700705
SP_T_Yoga_1,posenet,66,2.185543,ok,1,direct,1.000000,12,right_hip,1,1,2.000000,512.430000,452.820000,2.000000,504.584412,467.477203,16.624887,51.932133,1,0.107000,0.836087
SP_T_Yoga_1,posenet,66,2.185543,ok,1,direct,1.000000,13,left_knee,1,1,2.000000,545.170000,570.330000,2.000000,547.626770,567.378906,3.839879,51.932133,1,0.087000,0.985658
SP_T_Yoga_1,posenet,66,2.185543,ok,1,direct,1.000000,14,right_knee,1,1,2.000000,438.950000,501.650000,2.000000,435.716675,504.940399,4.613146,51.932133,1,0.087000,0.979366
SP_T_Yoga_1,posenet,66,2.185543,ok,1,direct,1.000000,15,left_ankle,1,1,2.000000,530.400000,671.480000,2.000000,534.235779,655.753601,16.187428,51.932133,1,0.089000,0.782454
SP_T_Yoga_1,posenet,66,2.185543,ok,1,direct,1.000000,16,right_ankle,1,1,2.000000,512.190000,528.420000,2.000000,518.931885,530.876404,7.175439,51.932133,1,0.089000,0.952940
SP_T_Yoga_1,posenet,67,2.218658,ok,1,direct,1.000000,0,nose,1,1,2.000000,534.960000,299.650000,2.000000,535.573425,298.934937,0.942129,51.975222,1,0.026000,0.990326
SP_T_Yoga_1,posenet,67,2.218658,ok,1,direct,1.000000,1,left_eye,0,0,0.000000,0.000000,0.000000,2.000000,542.263489,291.245056,,,,0.025000,
SP_T_Yoga_1,posenet,67,2.218658,ok,1,direct,1.000000,2,right_eye,0,0,0.000000,0.000000,0.000000,2.000000,526.016296,291.245056,,,,0.025000,
SP_T_Yoga_1,posenet,67,2.218658,ok,1,direct,1.000000,3,left_ear,0,0,0.000000,0.000000,0.000000,2.000000,552.776428,298.934937,,,,0.035000,
SP_T_Yoga_1,posenet,67,2.218658,ok,1,direct,1.000000,4,right_ear,0,0,0.000000,0.000000,0.000000,2.000000,510.724762,298.934937,,,,0.035000,
SP_T_Yoga_1,posenet,67,2.218658,ok,1,direct,1.000000,5,left_shoulder,1,1,2.000000,566.950000,347.980000,2.000000,569.979370,334.500580,13.815638,51.975222,1,0.079000,0.797379
SP_T_Yoga_1,posenet,67,2.218658,ok,1,direct,1.000000,6,right_shoulder,1,1,2.000000,496.200000,340.480000,2.000000,500.211823,335.461823,6.424704,51.975222,1,0.079000,0.952214
SP_T_Yoga_1,posenet,67,2.218658,ok,1,direct,1.000000,7,left_elbow,1,1,2.000000,589.470000,272.830000,2.000000,586.226624,272.981598,3.246917,51.975222,1,0.072000,0.985057
SP_T_Yoga_1,posenet,67,2.218658,ok,1,direct,1.000000,8,right_elbow,1,1,2.000000,482.350000,275.530000,2.000000,486.831726,273.942841,4.754466,51.975222,1,0.072000,0.968232
SP_T_Yoga_1,posenet,67,2.218658,ok,1,direct,1.000000,9,left_wrist,1,1,2.000000,545.090000,223.860000,2.000000,553.732117,229.726074,10.444951,51.975222,1,0.062000,0.810487
SP_T_Yoga_1,posenet,67,2.218658,ok,1,direct,1.000000,10,right_wrist,1,1,2.000000,529.400000,223.750000,2.000000,522.193359,230.687317,10.003101,51.975222,1,0.062000,0.824714
SP_T_Yoga_1,posenet,67,2.218658,ok,1,direct,1.000000,11,left_hip,1,1,2.000000,550.600000,451.840000,2.000000,554.687866,471.957092,20.528226,51.975222,1,0.107000,0.761471
SP_T_Yoga_1,posenet,67,2.218658,ok,1,direct,1.000000,12,right_hip,1,1,2.000000,512.230000,452.810000,2.000000,504.034729,467.150909,16.517389,51.975222,1,0.107000,0.838264
SP_T_Yoga_1,posenet,67,2.218658,ok,1,direct,1.000000,13,left_knee,1,1,2.000000,545.080000,570.330000,2.000000,547.997803,567.119263,4.338480,51.975222,1,0.087000,0.981758
SP_T_Yoga_1,posenet,67,2.218658,ok,1,direct,1.000000,14,right_knee,1,1,2.000000,438.630000,501.780000,2.000000,436.178558,504.638977,3.766074,51.975222,1,0.087000,0.986223
SP_T_Yoga_1,posenet,67,2.218658,ok,1,direct,1.000000,15,left_ankle,1,1,2.000000,530.400000,671.480000,2.000000,534.617737,656.513977,15.548992,51.975222,1,0.089000,0.797737
SP_T_Yoga_1,posenet,67,2.218658,ok,1,direct,1.000000,16,right_ankle,1,1,2.000000,512.080000,528.420000,2.000000,519.326233,530.592285,7.564834,51.975222,1,0.089000,0.947917
SP_T_Yoga_1,posenet,68,2.251772,ok,1,direct,1.000000,0,nose,1,1,2.000000,534.830000,299.650000,2.000000,534.421997,298.453522,1.264131,52.014833,1,0.026000,0.982677
SP_T_Yoga_1,posenet,68,2.251772,ok,1,direct,1.000000,1,left_eye,0,0,0.000000,0.000000,0.000000,2.000000,542.088257,290.772491,,,,0.025000,
SP_T_Yoga_1,posenet,68,2.251772,ok,1,direct,1.000000,2,right_eye,0,0,0.000000,0.000000,0.000000,2.000000,525.797424,290.772491,,,,0.025000,
SP_T_Yoga_1,posenet,68,2.251772,ok,1,direct,1.000000,3,left_ear,0,0,0.000000,0.000000,0.000000,2.000000,552.629456,298.453522,,,,0.035000,
SP_T_Yoga_1,posenet,68,2.251772,ok,1,direct,1.000000,4,right_ear,0,0,0.000000,0.000000,0.000000,2.000000,509.506531,299.413605,,,,0.035000,
SP_T_Yoga_1,posenet,68,2.251772,ok,1,direct,1.000000,5,left_shoulder,1,1,2.000000,566.890000,348.020000,2.000000,568.920349,333.978088,14.187939,52.014833,1,0.079000,0.787864
SP_T_Yoga_1,posenet,68,2.251772,ok,1,direct,1.000000,6,right_shoulder,1,1,2.000000,496.040000,340.720000,2.000000,498.965332,335.898315,5.639699,52.014833,1,0.079000,0.963028
SP_T_Yoga_1,posenet,68,2.251772,ok,1,direct,1.000000,7,left_elbow,1,1,2.000000,589.390000,272.750000,2.000000,585.211243,272.530151,4.184537,52.014833,1,0.072000,0.975340
SP_T_Yoga_1,posenet,68,2.251772,ok,1,direct,1.000000,8,right_elbow,1,1,2.000000,481.880000,275.620000,2.000000,486.507629,273.490295,5.094173,52.014833,1,0.072000,0.963672
SP_T_Yoga_1,posenet,68,2.251772,ok,1,direct,1.000000,9,left_wrist,1,1,2.000000,544.690000,223.860000,2.000000,552.629456,228.364426,9.128242,52.014833,1,0.062000,0.851941
SP_T_Yoga_1,posenet,68,2.251772,ok,1,direct,1.000000,10,right_wrist,1,1,2.000000,529.270000,223.750000,2.000000,521.964233,230.284668,9.801842,52.014833,1,0.062000,0.831304
SP_T_Yoga_1,posenet,68,2.251772,ok,1,direct,1.000000,11,left_hip,1,1,2.000000,550.480000,451.800000,2.000000,552.629456,476.076447,24.371418,52.014833,1,0.107000,0.681470
SP_T_Yoga_1,posenet,68,2.251772,ok,1,direct,1.000000,12,right_hip,1,1,2.000000,512.030000,452.790000,2.000000,503.756805,467.435333,16.820569,52.014833,1,0.107000,0.833035
SP_T_Yoga_1,posenet,68,2.251772,ok,1,direct,1.000000,13,left_knee,1,1,2.000000,544.980000,570.330000,2.000000,546.879761,567.288208,3.586306,52.014833,1,0.087000,0.987517
SP_T_Yoga_1,posenet,68,2.251772,ok,1,direct,1.000000,14,right_knee,1,1,2.000000,438.320000,501.910000,2.000000,437.634949,503.920013,2.123546,52.014833,1,0.087000,0.995606
SP_T_Yoga_1,posenet,68,2.251772,ok,1,direct,1.000000,15,left_ankle,1,1,2.000000,530.400000,671.480000,2.000000,534.421997,656.579834,15.433451,52.014833,1,0.089000,0.800682
SP_T_Yoga_1,posenet,68,2.251772,ok,1,direct,1.000000,16,right_ankle,1,1,2.000000,511.960000,528.410000,2.000000,518.131104,529.843445,6.335399,52.014833,1,0.089000,0.963235
SP_T_Yoga_1,posenet,69,2.284886,ok,1,direct,1.000000,0,nose,1,1,2.000000,534.710000,299.650000,2.000000,535.054932,298.690186,1.019913,52.056134,1,0.026000,0.988707
SP_T_Yoga_1,posenet,69,2.284886,ok,1,direct,1.000000,1,left_eye,0,0,0.000000,0.000000,0.000000,2.000000,541.758301,291.007965,,,,0.025000,
SP_T_Yoga_1,posenet,69,2.284886,ok,1,direct,1.000000,2,right_eye,0,0,0.000000,0.000000,0.000000,2.000000,525.478577,291.007965,,,,0.025000,
SP_T_Yoga_1,posenet,69,2.284886,ok,1,direct,1.000000,3,left_ear,0,0,0.000000,0.000000,0.000000,2.000000,551.334656,298.690186,,,,0.035000,
SP_T_Yoga_1,posenet,69,2.284886,ok,1,direct,1.000000,4,right_ear,0,0,0.000000,0.000000,0.000000,2.000000,510.156494,298.690186,,,,0.035000,
SP_T_Yoga_1,posenet,69,2.284886,ok,1,direct,1.000000,5,left_shoulder,1,1,2.000000,566.830000,348.060000,2.000000,567.614380,335.180603,12.903260,52.056134,1,0.079000,0.821278
SP_T_Yoga_1,posenet,69,2.284886,ok,1,direct,1.000000,6,right_shoulder,1,1,2.000000,495.880000,340.960000,2.000000,499.622498,336.140869,6.101665,52.056134,1,0.079000,0.956927
SP_T_Yoga_1,posenet,69,2.284886,ok,1,direct,1.000000,7,left_elbow,1,1,2.000000,589.320000,272.680000,2.000000,585.809387,272.762756,3.511588,52.056134,1,0.072000,0.982597
SP_T_Yoga_1,posenet,69,2.284886,ok,1,direct,1.000000,8,right_elbow,1,1,2.000000,481.420000,275.710000,2.000000,486.215668,273.723022,5.191003,52.056134,1,0.072000,0.962363
SP_T_Yoga_1,posenet,69,2.284886,ok,1,direct,1.000000,9,left_wrist,1,1,2.000000,544.290000,223.860000,2.000000,553.249878,229.550400,10.614144,52.056134,1,0.062000,0.805487
SP_T_Yoga_1,posenet,69,2.284886,ok,1,direct,1.000000,10,right_wrist,1,1,2.000000,529.140000,223.750000,2.000000,520.690430,231.470947,11.445884,52.056134,1,0.062000,0.777605
SP_T_Yoga_1,posenet,69,2.284886,ok,1,direct,1.000000,11,left_hip,1,1,2.000000,550.370000,451.770000,2.000000,554.207581,471.539612,20.138634,52.056134,1,0.107000,0.769939
SP_T_Yoga_1,posenet,69,2.284886,ok,1,direct,1.000000,12,right_hip,1,1,2.000000,511.840000,452.770000,2.000000,503.453033,467.698486,17.123110,52.056134,1,0.107000,0.827779
SP_T_Yoga_1,posenet,69,2.284886,ok,1,direct,1.000000,13,left_knee,1,1,2.000000,544.890000,570.330000,2.000000,545.588867,567.567017,2.849999,52.056134,1,0.087000,0.992111
SP_T_Yoga_1,posenet,69,2.284886,ok,1,direct,1.000000,14,right_knee,1,1,2.000000,438.010000,502.040000,2.000000,435.461121,505.149200,4.020437,52.056134,1,0.087000,0.984362
SP_T_Yoga_1,posenet,69,2.284886,ok,1,direct,1.000000,15,left_ankle,1,1,2.000000,530.400000,671.480000,2.000000,534.097229,656.872620,15.068015,52.056134,1,0.089000,0.809327
SP_T_Yoga_1,posenet,69,2.284886,ok,1,direct,1.000000,16,right_ankle,1,1,2.000000,511.840000,528.400000,2.000000,518.775146,531.076660,7.433759,52.056134,1,0.089000,0.949813
SP_T_Yoga_1,posenet,70,2.318000,ok,1,direct,1.000000,0,nose,1,1,2.000000,534.580000,299.650000,2.000000,534.538696,299.679077,0.050512,52.097402,1,0.026000,0.999972
SP_T_Yoga_1,posenet,70,2.318000,ok,1,direct,1.000000,1,left_eye,0,0,0.000000,0.000000,0.000000,2.000000,542.179260,291.043427,,,,0.025000,
SP_T_Yoga_1,posenet,70,2.318000,ok,1,direct,1.000000,2,right_eye,0,0,0.000000,0.000000,0.000000,2.000000,525.943054,291.043427,,,,0.025000,
SP_T_Yoga_1,posenet,70,2.318000,ok,1,direct,1.000000,3,left_ear,0,0,0.000000,0.000000,0.000000,2.000000,552.684998,298.719543,,,,0.035000,
SP_T_Yoga_1,posenet,70,2.318000,ok,1,direct,1.000000,4,right_ear,0,0,0.000000,0.000000,0.000000,2.000000,509.706909,299.679077,,,,0.035000,
SP_T_Yoga_1,posenet,70,2.318000,ok,1,direct,1.000000,5,left_shoulder,1,1,2.000000,566.770000,348.100000,2.000000,567.966064,335.181091,12.974158,52.097402,1,0.079000,0.819757
SP_T_Yoga_1,posenet,70,2.318000,ok,1,direct,1.000000,6,right_shoulder,1,1,2.000000,495.720000,341.200000,2.000000,499.201172,336.140564,6.141372,52.097402,1,0.079000,0.956445
SP_T_Yoga_1,posenet,70,2.318000,ok,1,direct,1.000000,7,left_elbow,1,1,2.000000,589.240000,272.610000,2.000000,586.112366,273.772186,3.336581,52.097402,1,0.072000,0.984300
SP_T_Yoga_1,posenet,70,2.318000,ok,1,direct,1.000000,8,right_elbow,1,1,2.000000,480.950000,275.800000,2.000000,486.785309,273.772186,6.177609,52.097402,1,0.072000,0.947198
SP_T_Yoga_1,posenet,70,2.318000,ok,1,direct,1.000000,9,left_wrist,1,1,2.000000,543.890000,223.860000,2.000000,552.684998,228.675034,10.026791,52.097402,1,0.062000,0.824709
SP_T_Yoga_1,posenet,70,2.318000,ok,1,direct,1.000000,10,right_wrist,1,1,2.000000,529.000000,223.750000,2.000000,521.167725,230.594086,10.401252,52.097402,1,0.062000,0.812703
SP_T_Yoga_1,posenet,70,2.318000,ok,1,direct,1.000000,11,left_hip,1,1,2.000000,550.260000,451.730000,2.000000,552.684998,475.270081,23.664657,52.097402,1,0.107000,0.697371
SP_T_Yoga_1,posenet,70,2.318000,ok,1,direct,1.000000,12,right_hip,1,1,2.000000,511.640000,452.760000,2.000000,503.976532,467.593964,16.696563,52.097402,1,0.107000,0.835750
SP_T_Yoga_1,posenet,70,2.318000,ok,1,direct,1.000000,13,left_knee,1,1,2.000000,544.790000,570.330000,2.000000,545.999512,566.423889,4.089086,52.097402,1,0.087000,0.983853
SP_T_Yoga_1,posenet,70,2.318000,ok,1,direct,1.000000,14,right_knee,1,1,2.000000,437.690000,502.180000,2.000000,437.121765,505.015015,2.891401,52.097402,1,0.087000,0.991894
SP_T_Yoga_1,posenet,70,2.318000,ok,1,direct,1.000000,15,left_ankle,1,1,2.000000,530.400000,671.480000,2.000000,533.583618,656.618164,15.199000,52.097402,1,0.089000,0.806618
SP_T_Yoga_1,posenet,70,2.318000,ok,1,direct,1.000000,16,right_ankle,1,1,2.000000,511.720000,528.390000,2.000000,518.302551,530.921936,7.052707,52.097402,1,0.089000,0.954781
SP_T_Yoga_1,posenet,71,2.351115,ok,1,direct,1.000000,0,nose,1,1,2.000000,534.290000,299.650000,2.000000,533.717041,298.747620,1.068912,52.127844,1,0.026000,0.987637
SP_T_Yoga_1,posenet,71,2.351115,ok,1,direct,1.000000,1,left_eye,0,0,0.000000,0.000000,0.000000,2.000000,540.406128,291.064819,,,,0.025000,
SP_T_Yoga_1,posenet,71,2.351115,ok,1,direct,1.000000,2,right_eye,0,0,0.000000,0.000000,0.000000,2.000000,525.116882,291.064819,,,,0.025000,
SP_T_Yoga_1,posenet,71,2.351115,ok,1,direct,1.000000,3,left_ear,0,0,0.000000,0.000000,0.000000,2.000000,551.873047,298.747620,,,,0.035000,
SP_T_Yoga_1,posenet,71,2.351115,ok,1,direct,1.000000,4,right_ear,0,0,0.000000,0.000000,0.000000,2.000000,508.872040,299.708008,,,,0.035000,
SP_T_Yoga_1,posenet,71,2.351115,ok,1,direct,1.000000,5,left_shoulder,1,1,2.000000,566.710000,348.140000,2.000000,568.117920,335.241028,12.975582,52.127844,1,0.079000,0.819911
SP_T_Yoga_1,posenet,71,2.351115,ok,1,direct,1.000000,6,right_shoulder,1,1,2.000000,495.560000,341.430000,2.000000,498.360596,336.201355,5.931447,52.127844,1,0.079000,0.959358
SP_T_Yoga_1,posenet,71,2.351115,ok,1,direct,1.000000,7,left_elbow,1,1,2.000000,589.270000,273.140000,2.000000,585.318359,272.818176,3.964724,52.127844,1,0.072000,0.977929
SP_T_Yoga_1,posenet,71,2.351115,ok,1,direct,1.000000,8,right_elbow,1,1,2.000000,480.490000,275.890000,2.000000,485.938080,273.778503,5.842944,52.127844,1,0.072000,0.952684
SP_T_Yoga_1,posenet,71,2.351115,ok,1,direct,1.000000,9,left_wrist,1,1,2.000000,545.280000,224.440000,2.000000,552.828674,228.642014,8.639410,52.127844,1,0.062000,0.866828
SP_T_Yoga_1,posenet,71,2.351115,ok,1,direct,1.000000,10,right_wrist,1,1,2.000000,527.280000,224.230000,2.000000,520.338928,231.523056,10.068125,52.127844,1,0.062000,0.823583
SP_T_Yoga_1,posenet,71,2.351115,ok,1,direct,1.000000,11,left_hip,1,1,2.000000,550.140000,451.690000,2.000000,552.828674,475.452301,23.913927,52.127844,1,0.107000,0.692365
SP_T_Yoga_1,posenet,71,2.351115,ok,1,direct,1.000000,12,right_hip,1,1,2.000000,511.440000,452.740000,2.000000,503.138550,467.769501,17.169740,52.127844,1,0.107000,0.827358
SP_T_Yoga_1,posenet,71,2.351115,ok,1,direct,1.000000,13,left_knee,1,1,2.000000,544.700000,570.330000,2.000000,546.139587,567.645996,3.045700,52.127844,1,0.087000,0.991020
SP_T_Yoga_1,posenet,71,2.351115,ok,1,direct,1.000000,14,right_knee,1,1,2.000000,437.380000,502.310000,2.000000,436.247955,504.262848,2.257242,52.127844,1,0.087000,0.995058
SP_T_Yoga_1,posenet,71,2.351115,ok,1,direct,1.000000,15,left_ankle,1,1,2.000000,530.400000,671.480000,2.000000,533.717041,655.998352,15.833009,52.127844,1,0.089000,0.792204
SP_T_Yoga_1,posenet,71,2.351115,ok,1,direct,1.000000,16,right_ankle,1,1,2.000000,511.600000,528.380000,2.000000,517.472229,530.192261,6.145516,52.127844,1,0.089000,0.965515
SP_T_Yoga_1,posenet,72,2.384229,ok,1,direct,1.000000,0,nose,1,1,2.000000,534.000000,299.650000,2.000000,534.323669,299.252045,0.512962,52.156430,1,0.026000,0.997142
SP_T_Yoga_1,posenet,72,2.384229,ok,1,direct,1.000000,1,left_eye,0,0,0.000000,0.000000,0.000000,2.000000,541.019409,290.604156,,,,0.025000,
SP_T_Yoga_1,posenet,72,2.384229,ok,1,direct,1.000000,2,right_eye,0,0,0.000000,0.000000,0.000000,2.000000,524.758301,290.604156,,,,0.025000,
SP_T_Yoga_1,posenet,72,2.384229,ok,1,direct,1.000000,3,left_ear,0,0,0.000000,0.000000,0.000000,2.000000,551.541382,299.252045,,,,0.035000,
SP_T_Yoga_1,posenet,72,2.384229,ok,1,direct,1.000000,4,right_ear,0,0,0.000000,0.000000,0.000000,2.000000,509.453644,299.252045,,,,0.035000,
SP_T_Yoga_1,posenet,72,2.384229,ok,1,direct,1.000000,5,left_shoulder,1,1,2.000000,566.650000,348.180000,2.000000,567.802612,335.765228,12.468162,52.156430,1,0.079000,0.832658
SP_T_Yoga_1,posenet,72,2.384229,ok,1,direct,1.000000,6,right_shoulder,1,1,2.000000,495.400000,341.670000,2.000000,497.018585,335.765228,6.122593,52.156430,1,0.079000,0.956801
SP_T_Yoga_1,posenet,72,2.384229,ok,1,direct,1.000000,7,left_elbow,1,1,2.000000,589.290000,273.680000,2.000000,585.976807,273.308472,3.333959,52.156430,1,0.072000,0.984359
SP_T_Yoga_1,posenet,72,2.384229,ok,1,direct,1.000000,8,right_elbow,1,1,2.000000,480.030000,275.980000,2.000000,484.583588,273.308472,5.279415,52.156430,1,0.072000,0.961242
SP_T_Yoga_1,posenet,72,2.384229,ok,1,direct,1.000000,9,left_wrist,1,1,2.000000,546.670000,225.010000,2.000000,552.497925,229.108276,7.124646,52.156430,1,0.062000,0.907478
SP_T_Yoga_1,posenet,72,2.384229,ok,1,direct,1.000000,10,right_wrist,1,1,2.000000,525.550000,224.710000,2.000000,519.019043,231.990906,9.780848,52.156430,1,0.062000,0.832792
SP_T_Yoga_1,posenet,72,2.384229,ok,1,direct,1.000000,11,left_hip,1,1,2.000000,550.030000,451.650000,2.000000,553.454529,475.091858,23.690675,52.156430,1,0.107000,0.697388
SP_T_Yoga_1,posenet,72,2.384229,ok,1,direct,1.000000,12,right_hip,1,1,2.000000,511.240000,452.730000,2.000000,502.757874,467.404877,16.949881,52.156430,1,0.107000,0.831526
SP_T_Yoga_1,posenet,72,2.384229,ok,1,direct,1.000000,13,left_knee,1,1,2.000000,544.600000,570.330000,2.000000,546.758728,567.335754,3.691289,52.156430,1,0.087000,0.986852
SP_T_Yoga_1,posenet,72,2.384229,ok,1,direct,1.000000,14,right_knee,1,1,2.000000,437.070000,502.440000,2.000000,435.800049,504.878967,2.749789,52.156430,1,0.087000,0.992682
SP_T_Yoga_1,posenet,72,2.384229,ok,1,direct,1.000000,15,left_ankle,1,1,2.000000,530.400000,671.480000,2.000000,533.367188,656.696899,15.077940,52.156430,1,0.089000,0.809760
SP_T_Yoga_1,posenet,72,2.384229,ok,1,direct,1.000000,16,right_ankle,1,1,2.000000,511.490000,528.380000,2.000000,518.062500,530.822510,7.011677,52.156430,1,0.089000,0.955393
SP_T_Yoga_1,posenet,73,2.417343,ok,1,direct,1.000000,0,nose,1,1,2.000000,533.700000,299.650000,2.000000,533.312988,298.708099,1.018310,52.186589,1,0.026000,0.988798
SP_T_Yoga_1,posenet,73,2.417343,ok,1,direct,1.000000,1,left_eye,0,0,0.000000,0.000000,0.000000,2.000000,540.989929,291.021240,,,,0.025000,
SP_T_Yoga_1,posenet,73,2.417343,ok,1,direct,1.000000,2,right_eye,0,0,0.000000,0.000000,0.000000,2.000000,524.676453,291.021240,,,,0.025000,
SP_T_Yoga_1,posenet,73,2.417343,ok,1,direct,1.000000,3,left_ear,0,0,0.000000,0.000000,0.000000,2.000000,551.545654,298.708099,,,,0.035000,
SP_T_Yoga_1,posenet,73,2.417343,ok,1,direct,1.000000,4,right_ear,0,0,0.000000,0.000000,0.000000,2.000000,509.322601,299.668915,,,,0.035000,
SP_T_Yoga_1,posenet,73,2.417343,ok,1,direct,1.000000,5,left_shoulder,1,1,2.000000,566.590000,348.220000,2.000000,566.899475,335.220612,13.003072,52.186589,1,0.079000,0.819589
SP_T_Yoga_1,posenet,73,2.417343,ok,1,direct,1.000000,6,right_shoulder,1,1,2.000000,495.240000,341.910000,2.000000,496.847626,335.220612,6.879853,52.186589,1,0.079000,0.945828
SP_T_Yoga_1,posenet,73,2.417343,ok,1,direct,1.000000,7,left_elbow,1,1,2.000000,589.320000,274.210000,2.000000,586.091797,273.725861,3.264305,52.186589,1,0.072000,0.985019
SP_T_Yoga_1,posenet,73,2.417343,ok,1,direct,1.000000,8,right_elbow,1,1,2.000000,479.560000,276.070000,2.000000,483.412994,273.725861,4.510050,52.186589,1,0.072000,0.971597
SP_T_Yoga_1,posenet,73,2.417343,ok,1,direct,1.000000,9,left_wrist,1,1,2.000000,548.060000,225.590000,2.000000,553.464905,229.526489,6.686475,52.186589,1,0.062000,0.918133
SP_T_Yoga_1,posenet,73,2.417343,ok,1,direct,1.000000,10,right_wrist,1,1,2.000000,523.820000,225.190000,2.000000,517.959167,231.448196,8.574053,52.186589,1,0.062000,0.868973
SP_T_Yoga_1,posenet,73,2.417343,ok,1,direct,1.000000,11,left_hip,1,1,2.000000,549.910000,451.610000,2.000000,553.464905,472.622894,21.311478,52.186589,1,0.107000,0.747276
SP_T_Yoga_1,posenet,73,2.417343,ok,1,direct,1.000000,12,right_hip,1,1,2.000000,511.050000,452.710000,2.000000,502.605316,467.818634,17.308481,52.186589,1,0.107000,0.825175
SP_T_Yoga_1,posenet,73,2.417343,ok,1,direct,1.000000,13,left_knee,1,1,2.000000,544.510000,570.330000,2.000000,546.747559,566.786682,4.190677,52.186589,1,0.087000,0.983105
SP_T_Yoga_1,posenet,73,2.417343,ok,1,direct,1.000000,14,right_knee,1,1,2.000000,436.760000,502.570000,2.000000,435.432251,505.292023,3.028585,52.186589,1,0.087000,0.991140
SP_T_Yoga_1,posenet,73,2.417343,ok,1,direct,1.000000,15,left_ankle,1,1,2.000000,530.400000,671.480000,2.000000,533.312988,656.146240,15.608001,52.186589,1,0.089000,0.797835
SP_T_Yoga_1,posenet,73,2.417343,ok,1,direct,1.000000,16,right_ankle,1,1,2.000000,511.370000,528.370000,2.000000,518.918762,532.195923,8.462948,52.186589,1,0.089000,0.935755
SP_T_Yoga_1,posenet,74,2.450458,ok,1,direct,1.000000,0,nose,1,1,2.000000,533.410000,299.650000,2.000000,531.746460,298.283691,2.152711,52.218314,1,0.026000,0.950962
SP_T_Yoga_1,posenet,74,2.450458,ok,1,direct,1.000000,1,left_eye,0,0,0.000000,0.000000,0.000000,2.000000,540.356934,289.644745,,,,0.025000,
SP_T_Yoga_1,posenet,74,2.450458,ok,1,direct,1.000000,2,right_eye,0,0,0.000000,0.000000,0.000000,2.000000,524.092773,289.644745,,,,0.025000,
SP_T_Yoga_1,posenet,74,2.450458,ok,1,direct,1.000000,3,left_ear,0,0,0.000000,0.000000,0.000000,2.000000,550.880859,298.283691,,,,0.035000,
SP_T_Yoga_1,posenet,74,2.450458,ok,1,direct,1.000000,4,right_ear,0,0,0.000000,0.000000,0.000000,2.000000,508.785278,299.243561,,,,0.035000,
SP_T_Yoga_1,posenet,74,2.450458,ok,1,direct,1.000000,5,left_shoulder,1,1,2.000000,566.530000,348.260000,2.000000,566.188293,334.759155,13.505168,52.218314,1,0.079000,0.807063
SP_T_Yoga_1,posenet,74,2.450458,ok,1,direct,1.000000,6,right_shoulder,1,1,2.000000,495.090000,342.150000,2.000000,496.347992,336.678894,5.613871,52.218314,1,0.079000,0.963639
SP_T_Yoga_1,posenet,74,2.450458,ok,1,direct,1.000000,7,left_elbow,1,1,2.000000,589.350000,274.750000,2.000000,586.279297,273.326782,3.384489,52.218314,1,0.072000,0.983924
SP_T_Yoga_1,posenet,74,2.450458,ok,1,direct,1.000000,8,right_elbow,1,1,2.000000,479.100000,276.160000,2.000000,481.040497,275.246552,2.144741,52.218314,1,0.072000,0.993513
SP_T_Yoga_1,posenet,74,2.450458,ok,1,direct,1.000000,9,left_wrist,1,1,2.000000,549.450000,226.160000,2.000000,552.794189,229.172287,4.500831,52.218314,1,0.062000,0.962084
SP_T_Yoga_1,posenet,74,2.450458,ok,1,direct,1.000000,10,right_wrist,1,1,2.000000,522.090000,225.670000,2.000000,514.525574,234.931564,11.958140,52.218314,1,0.062000,0.761205
SP_T_Yoga_1,posenet,74,2.450458,ok,1,direct,1.000000,11,left_hip,1,1,2.000000,549.800000,451.580000,2.000000,552.794189,475.861542,24.465454,52.218314,1,0.107000,0.681497
SP_T_Yoga_1,posenet,74,2.450458,ok,1,direct,1.000000,12,right_hip,1,1,2.000000,510.850000,452.690000,2.000000,502.088287,467.222595,16.969500,52.218314,1,0.107000,0.831535
SP_T_Yoga_1,posenet,74,2.450458,ok,1,direct,1.000000,13,left_knee,1,1,2.000000,544.410000,570.330000,2.000000,546.097290,567.050110,3.688445,52.218314,1,0.087000,0.986903
SP_T_Yoga_1,posenet,74,2.450458,ok,1,direct,1.000000,14,right_knee,1,1,2.000000,436.440000,502.700000,2.000000,437.031555,503.698059,1.160198,52.218314,1,0.087000,0.998696
SP_T_Yoga_1,posenet,74,2.450458,ok,1,direct,1.000000,15,left_ankle,1,1,2.000000,530.400000,671.480000,2.000000,533.659912,655.359131,16.447171,52.218314,1,0.089000,0.778421
SP_T_Yoga_1,posenet,74,2.450458,ok,1,direct,1.000000,16,right_ankle,1,1,2.000000,511.250000,528.360000,2.000000,516.439026,532.494446,6.634729,52.218314,1,0.089000,0.960058
SP_T_Yoga_1,posenet,75,2.483572,ok,1,direct,1.000000,0,nose,1,1,2.000000,533.110000,299.650000,2.000000,532.843018,296.681976,2.980007,52.246481,1,0.026000,0.908236
SP_T_Yoga_1,posenet,75,2.483572,ok,1,direct,1.000000,1,left_eye,0,0,0.000000,0.000000,0.000000,2.000000,539.550293,289.000427,,,,0.025000,
SP_T_Yoga_1,posenet,75,2.483572,ok,1,direct,1.000000,2,right_eye,0,0,0.000000,0.000000,0.000000,2.000000,523.261292,290.920776,,,,0.025000,
SP_T_Yoga_1,posenet,75,2.483572,ok,1,direct,1.000000,3,left_ear,0,0,0.000000,0.000000,0.000000,2.000000,550.090271,295.721771,,,,0.035000,
SP_T_Yoga_1,posenet,75,2.483572,ok,1,direct,1.000000,4,right_ear,0,0,0.000000,0.000000,0.000000,2.000000,507.930481,297.642120,,,,0.035000,
SP_T_Yoga_1,posenet,75,2.483572,ok,1,direct,1.000000,5,left_shoulder,1,1,2.000000,566.470000,348.300000,2.000000,568.295532,331.248871,17.148574,52.246481,1,0.079000,0.708052
SP_T_Yoga_1,posenet,75,2.483572,ok,1,direct,1.000000,6,right_shoulder,1,1,2.000000,494.930000,342.380000,2.000000,496.432343,337.010040,5.576155,52.246481,1,0.079000,0.964155
SP_T_Yoga_1,posenet,75,2.483572,ok,1,direct,1.000000,7,left_elbow,1,1,2.000000,589.370000,275.280000,2.000000,588.417297,275.557709,0.992353,52.246481,1,0.072000,0.998609
SP_T_Yoga_1,posenet,75,2.483572,ok,1,direct,1.000000,8,right_elbow,1,1,2.000000,478.630000,276.250000,2.000000,478.226990,277.478088,1.292524,52.246481,1,0.072000,0.997642
SP_T_Yoga_1,posenet,75,2.483572,ok,1,direct,1.000000,9,left_wrist,1,1,2.000000,550.850000,226.740000,2.000000,555.839294,230.428665,6.204781,52.246481,1,0.062000,0.929246
SP_T_Yoga_1,posenet,75,2.483572,ok,1,direct,1.000000,10,right_wrist,1,1,2.000000,520.360000,226.150000,2.000000,514.637695,232.349060,8.436416,52.246481,1,0.062000,0.873140
SP_T_Yoga_1,posenet,75,2.483572,ok,1,direct,1.000000,11,left_hip,1,1,2.000000,549.680000,451.540000,2.000000,552.006592,475.277771,23.851516,52.246481,1,0.107000,0.694845
SP_T_Yoga_1,posenet,75,2.483572,ok,1,direct,1.000000,12,right_hip,1,1,2.000000,510.650000,452.680000,2.000000,501.223206,466.636047,16.841488,52.246481,1,0.107000,0.834007
SP_T_Yoga_1,posenet,75,2.483572,ok,1,direct,1.000000,13,left_knee,1,1,2.000000,544.320000,570.330000,2.000000,546.257507,570.336792,1.937519,52.246481,1,0.087000,0.996373
SP_T_Yoga_1,posenet,75,2.483572,ok,1,direct,1.000000,14,right_knee,1,1,2.000000,436.130000,502.830000,2.000000,435.109039,501.202911,1.920880,52.246481,1,0.087000,0.996435
SP_T_Yoga_1,posenet,75,2.483572,ok,1,direct,1.000000,15,left_ankle,1,1,2.000000,530.400000,671.480000,2.000000,533.801208,655.793945,16.050562,52.246481,1,0.089000,0.787970
SP_T_Yoga_1,posenet,75,2.483572,ok,1,direct,1.000000,16,right_ankle,1,1,2.000000,511.130000,528.350000,2.000000,514.637695,529.048523,3.576571,52.246481,1,0.089000,0.988237
SP_T_Yoga_1,posenet,76,2.516686,ok,1,direct,1.000000,0,nose,1,1,2.000000,532.150000,299.650000,2.000000,531.709778,296.384155,3.295381,52.845439,1,0.026000,0.891323
SP_T_Yoga_1,posenet,76,2.516686,ok,1,direct,1.000000,1,left_eye,0,0,0.000000,0.000000,0.000000,2.000000,538.423584,288.697601,,,,0.025000,
SP_T_Yoga_1,posenet,76,2.516686,ok,1,direct,1.000000,2,right_eye,0,0,0.000000,0.000000,0.000000,2.000000,522.118713,289.658386,,,,0.025000,
SP_T_Yoga_1,posenet,76,2.516686,ok,1,direct,1.000000,3,left_ear,0,0,0.000000,0.000000,0.000000,2.000000,548.973694,295.423309,,,,0.035000,
SP_T_Yoga_1,posenet,76,2.516686,ok,1,direct,1.000000,4,right_ear,0,0,0.000000,0.000000,0.000000,2.000000,508.691162,297.344971,,,,0.035000,
SP_T_Yoga_1,posenet,76,2.516686,ok,1,direct,1.000000,5,left_shoulder,1,1,2.000000,566.410000,348.340000,2.000000,567.196777,331.934479,16.424377,52.845439,1,0.079000,0.733773
SP_T_Yoga_1,posenet,76,2.516686,ok,1,direct,1.000000,6,right_shoulder,1,1,2.000000,494.770000,342.620000,2.000000,496.222809,333.856110,8.883492,52.845439,1,0.079000,0.913421
SP_T_Yoga_1,posenet,76,2.516686,ok,1,direct,1.000000,7,left_elbow,1,1,2.000000,592.650000,276.740000,2.000000,591.174438,276.206909,1.568907,52.845439,1,0.072000,0.996605
SP_T_Yoga_1,posenet,76,2.516686,ok,1,direct,1.000000,8,right_elbow,1,1,2.000000,473.600000,278.280000,2.000000,474.163300,276.206909,2.148258,52.845439,1,0.072000,0.993645
SP_T_Yoga_1,posenet,76,2.516686,ok,1,direct,1.000000,9,left_wrist,1,1,2.000000,555.450000,226.310000,2.000000,558.564819,230.087555,4.896123,52.845439,1,0.062000,0.956321
SP_T_Yoga_1,posenet,76,2.516686,ok,1,direct,1.000000,10,right_wrist,1,1,2.000000,513.620000,227.010000,2.000000,509.650299,232.009186,6.383603,52.845439,1,0.062000,0.926889
SP_T_Yoga_1,posenet,76,2.516686,ok,1,direct,1.000000,11,left_hip,1,1,2.000000,549.570000,451.500000,2.000000,550.891907,474.135834,22.674400,52.845439,1,0.107000,0.724987
SP_T_Yoga_1,posenet,76,2.516686,ok,1,direct,1.000000,12,right_hip,1,1,2.000000,510.450000,452.660000,2.000000,500.059204,466.449249,17.265921,52.845439,1,0.107000,0.829877
SP_T_Yoga_1,posenet,76,2.516686,ok,1,direct,1.000000,13,left_knee,1,1,2.000000,544.220000,570.330000,2.000000,546.096375,566.374512,4.377975,52.845439,1,0.087000,0.982028
SP_T_Yoga_1,posenet,76,2.516686,ok,1,direct,1.000000,14,right_knee,1,1,2.000000,435.820000,502.960000,2.000000,435.799011,501.999573,0.960657,52.845439,1,0.087000,0.999127
SP_T_Yoga_1,posenet,76,2.516686,ok,1,direct,1.000000,15,left_ankle,1,1,2.000000,530.400000,671.480000,2.000000,533.627991,655.730835,16.076571,52.845439,1,0.089000,0.791615
SP_T_Yoga_1,posenet,76,2.516686,ok,1,direct,1.000000,16,right_ankle,1,1,2.000000,510.730000,532.020000,2.000000,512.527588,529.863342,2.807578,52.845439,1,0.089000,0.992898
SP_T_Yoga_1,posenet,77,2.549800,ok,1,direct,1.000000,0,nose,1,1,2.000000,531.180000,299.650000,2.000000,529.920532,297.005127,2.929439,53.471000,1,0.026000,0.915028
SP_T_Yoga_1,posenet,77,2.549800,ok,1,direct,1.000000,1,left_eye,0,0,0.000000,0.000000,0.000000,2.000000,538.560852,289.328217,,,,0.025000,
SP_T_Yoga_1,posenet,77,2.549800,ok,1,direct,1.000000,2,right_eye,0,0,0.000000,0.000000,0.000000,2.000000,520.320190,289.328217,,,,0.025000,
SP_T_Yoga_1,posenet,77,2.549800,ok,1,direct,1.000000,3,left_ear,0,0,0.000000,0.000000,0.000000,2.000000,550.081299,296.045502,,,,0.035000,
SP_T_Yoga_1,posenet,77,2.549800,ok,1,direct,1.000000,4,right_ear,0,0,0.000000,0.000000,0.000000,2.000000,508.799774,297.964752,,,,0.035000,
SP_T_Yoga_1,posenet,77,2.549800,ok,1,direct,1.000000,5,left_shoulder,1,1,2.000000,566.350000,348.380000,2.000000,566.401917,334.430023,13.950073,53.471000,1,0.079000,0.804030
SP_T_Yoga_1,posenet,77,2.549800,ok,1,direct,1.000000,6,right_shoulder,1,1,2.000000,494.610000,342.860000,2.000000,496.319275,340.187714,3.172181,53.471000,1,0.079000,0.988785
SP_T_Yoga_1,posenet,77,2.549800,ok,1,direct,1.000000,7,left_elbow,1,1,2.000000,595.920000,278.210000,2.000000,594.242981,276.853241,2.157125,53.471000,1,0.072000,0.993741
SP_T_Yoga_1,posenet,77,2.549800,ok,1,direct,1.000000,8,right_elbow,1,1,2.000000,468.570000,280.320000,2.000000,469.438263,278.772461,1.774474,53.471000,1,0.072000,0.995760
SP_T_Yoga_1,posenet,77,2.549800,ok,1,direct,1.000000,9,left_wrist,1,1,2.000000,560.050000,225.880000,2.000000,563.521790,228.872620,4.583568,53.471000,1,0.062000,0.962490
SP_T_Yoga_1,posenet,77,2.549800,ok,1,direct,1.000000,10,right_wrist,1,1,2.000000,506.880000,227.870000,2.000000,503.039551,233.670685,6.956795,53.471000,1,0.062000,0.915697
SP_T_Yoga_1,posenet,77,2.549800,ok,1,direct,1.000000,11,left_hip,1,1,2.000000,549.460000,451.460000,2.000000,549.121277,474.533478,23.075964,53.471000,1,0.107000,0.722277
SP_T_Yoga_1,posenet,77,2.549800,ok,1,direct,1.000000,12,right_hip,1,1,2.000000,510.260000,452.640000,2.000000,499.199402,465.896973,17.265114,53.471000,1,0.107000,0.833499
SP_T_Yoga_1,posenet,77,2.549800,ok,1,direct,1.000000,13,left_knee,1,1,2.000000,544.130000,570.330000,2.000000,543.361084,569.535156,1.105897,53.471000,1,0.087000,0.998870
SP_T_Yoga_1,posenet,77,2.549800,ok,1,direct,1.000000,14,right_knee,1,1,2.000000,435.510000,503.090000,2.000000,434.876984,502.362274,0.964518,53.471000,1,0.087000,0.999141
SP_T_Yoga_1,posenet,77,2.549800,ok,1,direct,1.000000,15,left_ankle,1,1,2.000000,530.400000,671.480000,2.000000,532.800659,655.900269,15.763604,53.471000,1,0.089000,0.802965
SP_T_Yoga_1,posenet,77,2.549800,ok,1,direct,1.000000,16,right_ankle,1,1,2.000000,510.330000,535.680000,2.000000,506.879700,531.150635,5.693832,53.471000,1,0.089000,0.971776
SP_T_Yoga_1,posenet,78,2.582915,ok,1,direct,1.000000,0,nose,1,1,2.000000,530.220000,299.650000,2.000000,529.713867,299.716095,0.510430,54.093157,1,0.026000,0.997369
SP_T_Yoga_1,posenet,78,2.582915,ok,1,direct,1.000000,1,left_eye,0,0,0.000000,0.000000,0.000000,2.000000,537.378357,291.073425,,,,0.025000,
SP_T_Yoga_1,posenet,78,2.582915,ok,1,direct,1.000000,2,right_eye,0,0,0.000000,0.000000,0.000000,2.000000,520.133362,291.073425,,,,0.025000,
SP_T_Yoga_1,posenet,78,2.582915,ok,1,direct,1.000000,3,left_ear,0,0,0.000000,0.000000,0.000000,2.000000,547.916870,295.874908,,,,0.035000,
SP_T_Yoga_1,posenet,78,2.582915,ok,1,direct,1.000000,4,right_ear,0,0,0.000000,0.000000,0.000000,2.000000,508.636719,299.716095,,,,0.035000,
SP_T_Yoga_1,posenet,78,2.582915,ok,1,direct,1.000000,5,left_shoulder,1,1,2.000000,566.290000,348.420000,2.000000,565.161804,336.207367,12.264633,54.093157,1,0.079000,0.848114
SP_T_Yoga_1,posenet,78,2.582915,ok,1,direct,1.000000,6,right_shoulder,1,1,2.000000,494.450000,343.100000,2.000000,496.182007,339.088257,4.369660,54.093157,1,0.079000,0.979306
SP_T_Yoga_1,posenet,78,2.582915,ok,1,direct,1.000000,7,left_elbow,1,1,2.000000,599.200000,279.670000,2.000000,596.777588,281.470459,3.018233,54.093157,1,0.072000,0.988061
SP_T_Yoga_1,posenet,78,2.582915,ok,1,direct,1.000000,8,right_elbow,1,1,2.000000,463.540000,282.350000,2.000000,462.650177,283.391052,1.369516,54.093157,1,0.072000,0.997530
SP_T_Yoga_1,posenet,78,2.582915,ok,1,direct,1.000000,9,left_wrist,1,1,2.000000,564.660000,225.460000,2.000000,568.994019,228.654144,5.383890,54.093157,1,0.062000,0.949765
SP_T_Yoga_1,posenet,78,2.582915,ok,1,direct,1.000000,10,right_wrist,1,1,2.000000,500.130000,228.720000,2.000000,496.182007,231.535019,4.848812,54.093157,1,0.062000,0.959056
SP_T_Yoga_1,posenet,78,2.582915,ok,1,direct,1.000000,11,left_hip,1,1,2.000000,549.340000,451.420000,2.000000,549.832947,474.490143,23.075409,54.093157,1,0.107000,0.727683
SP_T_Yoga_1,posenet,78,2.582915,ok,1,direct,1.000000,12,right_hip,1,1,2.000000,510.060000,452.630000,2.000000,500.014252,465.847443,16.601742,54.093157,1,0.107000,0.848279
SP_T_Yoga_1,posenet,78,2.582915,ok,1,direct,1.000000,13,left_knee,1,1,2.000000,544.030000,570.330000,2.000000,544.084656,568.599182,1.731681,54.093157,1,0.087000,0.997296
SP_T_Yoga_1,posenet,78,2.582915,ok,1,direct,1.000000,14,right_knee,1,1,2.000000,435.190000,503.220000,2.000000,434.866669,502.338684,0.938755,54.093157,1,0.087000,0.999205
SP_T_Yoga_1,posenet,78,2.582915,ok,1,direct,1.000000,15,left_ankle,1,1,2.000000,530.400000,671.480000,2.000000,533.546082,656.946533,14.870087,54.093157,1,0.089000,0.826293
SP_T_Yoga_1,posenet,78,2.582915,ok,1,direct,1.000000,16,right_ankle,1,1,2.000000,509.930000,539.350000,2.000000,508.636719,535.949097,3.638505,54.093157,1,0.089000,0.988641
SP_T_Yoga_1,posenet,79,2.616029,ok,1,direct,1.000000,0,nose,1,1,2.000000,529.830000,299.270000,2.000000,529.548462,299.385132,0.304169,54.495248,1,0.026000,0.999079
SP_T_Yoga_1,posenet,79,2.616029,ok,1,direct,1.000000,1,left_eye,0,0,0.000000,0.000000,0.000000,2.000000,537.220642,291.699890,,,,0.025000,
SP_T_Yoga_1,posenet,79,2.616029,ok,1,direct,1.000000,2,right_eye,0,0,0.000000,0.000000,0.000000,2.000000,519.958252,291.699890,,,,0.025000,
SP_T_Yoga_1,posenet,79,2.616029,ok,1,direct,1.000000,3,left_ear,0,0,0.000000,0.000000,0.000000,2.000000,549.687866,294.581848,,,,0.035000,
SP_T_Yoga_1,posenet,79,2.616029,ok,1,direct,1.000000,4,right_ear,0,0,0.000000,0.000000,0.000000,2.000000,508.450043,297.463837,,,,0.035000,
SP_T_Yoga_1,posenet,79,2.616029,ok,1,direct,1.000000,5,left_shoulder,1,1,2.000000,566.230000,348.460000,2.000000,565.032104,330.126007,18.373085,54.495248,1,0.079000,0.694704
SP_T_Yoga_1,posenet,79,2.616029,ok,1,direct,1.000000,6,right_shoulder,1,1,2.000000,494.290000,343.340000,2.000000,492.146698,336.850586,6.834196,54.495248,1,0.079000,0.950849
SP_T_Yoga_1,posenet,79,2.616029,ok,1,direct,1.000000,7,left_elbow,1,1,2.000000,603.920000,282.590000,2.000000,600.515869,282.093353,3.440169,54.495248,1,0.072000,0.984743
SP_T_Yoga_1,posenet,79,2.616029,ok,1,direct,1.000000,8,right_elbow,1,1,2.000000,456.600000,287.620000,2.000000,457.622040,284.975311,2.835303,54.495248,1,0.072000,0.989611
SP_T_Yoga_1,posenet,79,2.616029,ok,1,direct,1.000000,9,left_wrist,1,1,2.000000,571.180000,227.680000,2.000000,575.581360,231.178757,5.622568,54.495248,1,0.062000,0.946120
SP_T_Yoga_1,posenet,79,2.616029,ok,1,direct,1.000000,10,right_wrist,1,1,2.000000,490.420000,231.360000,2.000000,488.310638,235.021378,4.225529,54.495248,1,0.062000,0.969202
SP_T_Yoga_1,posenet,79,2.616029,ok,1,direct,1.000000,11,left_hip,1,1,2.000000,549.230000,451.390000,2.000000,548.728821,472.302673,20.918678,54.495248,1,0.107000,0.773057
SP_T_Yoga_1,posenet,79,2.616029,ok,1,direct,1.000000,12,right_hip,1,1,2.000000,509.860000,452.610000,2.000000,499.818909,464.617462,15.652561,54.495248,1,0.107000,0.865786
SP_T_Yoga_1,posenet,79,2.616029,ok,1,direct,1.000000,13,left_knee,1,1,2.000000,543.940000,570.330000,2.000000,543.933716,565.486023,4.843981,54.495248,1,0.087000,0.979339
SP_T_Yoga_1,posenet,79,2.616029,ok,1,direct,1.000000,14,right_knee,1,1,2.000000,436.630000,505.520000,2.000000,433.646576,503.043579,3.877303,54.495248,1,0.087000,0.986713
SP_T_Yoga_1,posenet,79,2.616029,ok,1,direct,1.000000,15,left_ankle,1,1,2.000000,530.400000,671.480000,2.000000,533.384521,655.787415,15.973873,54.495248,1,0.089000,0.804973
SP_T_Yoga_1,posenet,79,2.616029,ok,1,direct,1.000000,16,right_ankle,1,1,2.000000,507.050000,548.840000,2.000000,505.572968,546.272949,2.961651,54.495248,1,0.089000,0.992570
SP_T_Yoga_1,posenet,80,2.649143,ok,1,direct,1.000000,0,nose,1,1,2.000000,529.450000,298.880000,2.000000,529.028625,297.136597,1.793603,54.889088,1,0.026000,0.968903
SP_T_Yoga_1,posenet,80,2.649143,ok,1,direct,1.000000,1,left_eye,0,0,0.000000,0.000000,0.000000,2.000000,536.695923,291.375244,,,,0.025000,
SP_T_Yoga_1,posenet,80,2.649143,ok,1,direct,1.000000,2,right_eye,0,0,0.000000,0.000000,0.000000,2.000000,518.486023,291.375244,,,,0.025000,
SP_T_Yoga_1,posenet,80,2.649143,ok,1,direct,1.000000,3,left_ear,0,0,0.000000,0.000000,0.000000,2.000000,547.238464,295.216125,,,,0.035000,
SP_T_Yoga_1,posenet,80,2.649143,ok,1,direct,1.000000,4,right_ear,0,0,0.000000,0.000000,0.000000,2.000000,506.026642,296.176361,,,,0.035000,
SP_T_Yoga_1,posenet,80,2.649143,ok,1,direct,1.000000,5,left_shoulder,1,1,2.000000,566.170000,348.500000,2.000000,565.448364,335.545593,12.974491,54.889088,1,0.079000,0.836061
SP_T_Yoga_1,posenet,80,2.649143,ok,1,direct,1.000000,6,right_shoulder,1,1,2.000000,494.130000,343.570000,2.000000,492.608887,338.426270,5.363930,54.889088,1,0.079000,0.969860
SP_T_Yoga_1,posenet,80,2.649143,ok,1,direct,1.000000,7,left_elbow,1,1,2.000000,608.640000,285.500000,2.000000,604.743286,285.613892,3.898378,54.889088,1,0.072000,0.980727
SP_T_Yoga_1,posenet,80,2.649143,ok,1,direct,1.000000,8,right_elbow,1,1,2.000000,449.660000,292.900000,2.000000,448.521820,291.375244,1.902718,54.889088,1,0.072000,0.995375
SP_T_Yoga_1,posenet,80,2.649143,ok,1,direct,1.000000,9,left_wrist,1,1,2.000000,577.710000,229.900000,2.000000,582.699829,232.801483,5.772088,54.889088,1,0.062000,0.944088
SP_T_Yoga_1,posenet,80,2.649143,ok,1,direct,1.000000,10,right_wrist,1,1,2.000000,480.700000,234.000000,2.000000,476.315826,238.562836,6.327752,54.889088,1,0.062000,0.933189
SP_T_Yoga_1,posenet,80,2.649143,ok,1,direct,1.000000,11,left_hip,1,1,2.000000,549.110000,451.350000,2.000000,550.113708,471.897583,20.572083,54.889088,1,0.107000,0.782404
SP_T_Yoga_1,posenet,80,2.649143,ok,1,direct,1.000000,12,right_hip,1,1,2.000000,509.660000,452.590000,2.000000,499.317749,465.175995,16.290163,54.889088,1,0.107000,0.857387
SP_T_Yoga_1,posenet,80,2.649143,ok,1,direct,1.000000,13,left_knee,1,1,2.000000,543.840000,570.330000,2.000000,541.487976,569.840576,2.402406,54.889088,1,0.087000,0.994951
SP_T_Yoga_1,posenet,80,2.649143,ok,1,direct,1.000000,14,right_knee,1,1,2.000000,438.070000,507.820000,2.000000,436.062439,509.346344,2.521909,54.889088,1,0.087000,0.994438
SP_T_Yoga_1,posenet,80,2.649143,ok,1,direct,1.000000,15,left_ankle,1,1,2.000000,530.400000,671.480000,2.000000,532.862244,656.260803,15.417088,54.889088,1,0.089000,0.819389
SP_T_Yoga_1,posenet,80,2.649143,ok,1,direct,1.000000,16,right_ankle,1,1,2.000000,504.180000,558.340000,2.000000,500.276154,555.437195,4.864802,54.889088,1,0.089000,0.980361
SP_T_Yoga_1,posenet,81,2.682258,ok,1,direct,1.000000,0,nose,1,1,2.000000,528.490000,298.640000,2.000000,527.744019,297.263824,1.565359,54.720915,1,0.026000,0.976080
SP_T_Yoga_1,posenet,81,2.682258,ok,1,direct,1.000000,1,left_eye,0,0,0.000000,0.000000,0.000000,2.000000,535.409729,290.539032,,,,0.025000,
SP_T_Yoga_1,posenet,81,2.682258,ok,1,direct,1.000000,2,right_eye,0,0,0.000000,0.000000,0.000000,2.000000,518.161926,290.539032,,,,0.025000,
SP_T_Yoga_1,posenet,81,2.682258,ok,1,direct,1.000000,3,left_ear,0,0,0.000000,0.000000,0.000000,2.000000,546.908264,296.303131,,,,0.035000,
SP_T_Yoga_1,posenet,81,2.682258,ok,1,direct,1.000000,4,right_ear,0,0,0.000000,0.000000,0.000000,2.000000,505.705109,298.224487,,,,0.035000,
SP_T_Yoga_1,posenet,81,2.682258,ok,1,direct,1.000000,5,left_shoulder,1,1,2.000000,566.110000,348.540000,2.000000,567.030762,336.651733,11.923870,54.720915,1,0.079000,0.858850
SP_T_Yoga_1,posenet,81,2.682258,ok,1,direct,1.000000,6,right_shoulder,1,1,2.000000,493.220000,344.060000,2.000000,491.331909,336.651733,7.645083,54.720915,1,0.079000,0.939365
SP_T_Yoga_1,posenet,81,2.682258,ok,1,direct,1.000000,7,left_elbow,1,1,2.000000,612.370000,292.960000,2.000000,610.150452,291.499695,2.656856,54.720915,1,0.072000,0.990946
SP_T_Yoga_1,posenet,81,2.682258,ok,1,direct,1.000000,8,right_elbow,1,1,2.000000,442.780000,300.210000,2.000000,442.462982,298.224487,2.010662,54.720915,1,0.072000,0.994805
SP_T_Yoga_1,posenet,81,2.682258,ok,1,direct,1.000000,9,left_wrist,1,1,2.000000,585.590000,237.210000,2.000000,590.027954,240.583664,5.574679,54.720915,1,0.062000,0.947434
SP_T_Yoga_1,posenet,81,2.682258,ok,1,direct,1.000000,10,right_wrist,1,1,2.000000,469.090000,242.600000,2.000000,466.418335,246.347748,4.602544,54.720915,1,0.062000,0.963862
SP_T_Yoga_1,posenet,81,2.682258,ok,1,direct,1.000000,11,left_hip,1,1,2.000000,548.310000,451.350000,2.000000,548.824707,469.225586,17.882995,54.720915,1,0.107000,0.829802
SP_T_Yoga_1,posenet,81,2.682258,ok,1,direct,1.000000,12,right_hip,1,1,2.000000,509.750000,451.820000,2.000000,498.997620,466.343567,18.070630,54.720915,1,0.107000,0.826543
SP_T_Yoga_1,posenet,81,2.682258,ok,1,direct,1.000000,13,left_knee,1,1,2.000000,543.380000,570.330000,2.000000,542.117249,566.254333,4.266802,54.720915,1,0.087000,0.984063
SP_T_Yoga_1,posenet,81,2.682258,ok,1,direct,1.000000,14,right_knee,1,1,2.000000,439.990000,514.540000,2.000000,437.671906,514.377625,2.323774,54.720915,1,0.087000,0.995246
SP_T_Yoga_1,posenet,81,2.682258,ok,1,direct,1.000000,15,left_ankle,1,1,2.000000,530.400000,671.480000,2.000000,533.493286,658.479675,13.363265,54.720915,1,0.089000,0.860209
SP_T_Yoga_1,posenet,81,2.682258,ok,1,direct,1.000000,16,right_ankle,1,1,2.000000,502.070000,573.120000,2.000000,497.081177,564.332947,10.104487,54.720915,1,0.089000,0.917508
SP_T_Yoga_1,posenet,82,2.715372,ok,1,direct,1.000000,0,nose,1,1,2.000000,527.530000,298.400000,2.000000,527.589233,297.220520,1.180966,55.473930,1,0.026000,0.986681
SP_T_Yoga_1,posenet,82,2.715372,ok,1,direct,1.000000,1,left_eye,0,0,0.000000,0.000000,0.000000,2.000000,535.239746,289.539429,,,,0.025000,
SP_T_Yoga_1,posenet,82,2.715372,ok,1,direct,1.000000,2,right_eye,0,0,0.000000,0.000000,0.000000,2.000000,517.069824,289.539429,,,,0.025000,
SP_T_Yoga_1,posenet,82,2.715372,ok,1,direct,1.000000,3,left_ear,0,0,0.000000,0.000000,0.000000,2.000000,545.759216,297.220520,,,,0.035000,
SP_T_Yoga_1,posenet,82,2.715372,ok,1,direct,1.000000,4,right_ear,0,0,0.000000,0.000000,0.000000,2.000000,505.594055,296.260376,,,,0.035000,
SP_T_Yoga_1,posenet,82,2.715372,ok,1,direct,1.000000,5,left_shoulder,1,1,2.000000,566.050000,348.580000,2.000000,564.885498,336.586121,12.050278,55.473930,1,0.079000,0.859664
SP_T_Yoga_1,posenet,82,2.715372,ok,1,direct,1.000000,6,right_shoulder,1,1,2.000000,492.310000,344.540000,2.000000,490.293060,339.466583,5.459634,55.473930,1,0.079000,0.969437
SP_T_Yoga_1,posenet,82,2.715372,ok,1,direct,1.000000,7,left_elbow,1,1,2.000000,616.090000,300.410000,2.000000,614.613770,297.220520,3.514547,55.473930,1,0.072000,0.984634
SP_T_Yoga_1,posenet,82,2.715372,ok,1,direct,1.000000,8,right_elbow,1,1,2.000000,435.900000,307.520000,2.000000,435.783203,305.861755,1.662353,55.473930,1,0.072000,0.996542
SP_T_Yoga_1,posenet,82,2.715372,ok,1,direct,1.000000,9,left_wrist,1,1,2.000000,593.470000,244.520000,2.000000,596.443787,247.293396,4.066341,55.473930,1,0.062000,0.972431
SP_T_Yoga_1,posenet,82,2.715372,ok,1,direct,1.000000,10,right_wrist,1,1,2.000000,457.480000,251.200000,2.000000,455.865784,253.054214,2.458415,55.473930,1,0.062000,0.989834
SP_T_Yoga_1,posenet,82,2.715372,ok,1,direct,1.000000,11,left_hip,1,1,2.000000,547.500000,451.350000,2.000000,546.715515,471.965515,20.630436,55.473930,1,0.107000,0.785368
SP_T_Yoga_1,posenet,82,2.715372,ok,1,direct,1.000000,12,right_hip,1,1,2.000000,509.840000,451.050000,2.000000,497.943542,464.284393,17.795361,55.473930,1,0.107000,0.835469
SP_T_Yoga_1,posenet,82,2.715372,ok,1,direct,1.000000,13,left_knee,1,1,2.000000,542.920000,570.330000,2.000000,541.933960,566.058960,4.383384,55.473930,1,0.087000,0.983637
SP_T_Yoga_1,posenet,82,2.715372,ok,1,direct,1.000000,14,right_knee,1,1,2.000000,441.910000,521.250000,2.000000,440.564789,522.852783,2.092488,55.473930,1,0.087000,0.996247
SP_T_Yoga_1,posenet,82,2.715372,ok,1,direct,1.000000,15,left_ankle,1,1,2.000000,530.400000,671.480000,2.000000,533.327148,655.351685,16.391789,55.473930,1,0.089000,0.802152
SP_T_Yoga_1,posenet,82,2.715372,ok,1,direct,1.000000,16,right_ankle,1,1,2.000000,499.950000,587.890000,2.000000,493.161987,577.580566,12.343482,55.473930,1,0.089000,0.882487
SP_T_Yoga_1,posenet,83,2.748486,ok,1,direct,1.000000,0,nose,1,1,2.000000,526.570000,298.160000,2.000000,525.642639,297.266815,1.287547,56.593684,1,0.026000,0.984803
SP_T_Yoga_1,posenet,83,2.748486,ok,1,direct,1.000000,1,left_eye,0,0,0.000000,0.000000,0.000000,2.000000,533.315369,289.580658,,,,0.025000,
SP_T_Yoga_1,posenet,83,2.748486,ok,1,direct,1.000000,2,right_eye,0,0,0.000000,0.000000,0.000000,2.000000,517.010803,289.580658,,,,0.025000,
SP_T_Yoga_1,posenet,83,2.748486,ok,1,direct,1.000000,3,left_ear,0,0,0.000000,0.000000,0.000000,2.000000,544.824524,296.306061,,,,0.035000,
SP_T_Yoga_1,posenet,83,2.748486,ok,1,direct,1.000000,4,right_ear,0,0,0.000000,0.000000,0.000000,2.000000,503.583496,297.266815,,,,0.035000,
SP_T_Yoga_1,posenet,83,2.748486,ok,1,direct,1.000000,5,left_shoulder,1,1,2.000000,565.990000,348.620000,2.000000,564.965454,336.658386,12.005411,56.593684,1,0.079000,0.865706
SP_T_Yoga_1,posenet,83,2.748486,ok,1,direct,1.000000,6,right_shoulder,1,1,2.000000,491.390000,345.030000,2.000000,490.156158,337.619171,7.512839,56.593684,1,0.079000,0.945091
SP_T_Yoga_1,posenet,83,2.748486,ok,1,direct,1.000000,7,left_elbow,1,1,2.000000,619.820000,307.860000,2.000000,619.633850,306.874512,1.002915,56.593684,1,0.072000,0.998789
SP_T_Yoga_1,posenet,83,2.748486,ok,1,direct,1.000000,8,right_elbow,1,1,2.000000,429.020000,314.830000,2.000000,429.733246,313.599915,1.421911,56.593684,1,0.072000,0.997568
SP_T_Yoga_1,posenet,83,2.748486,ok,1,direct,1.000000,9,left_wrist,1,1,2.000000,601.350000,251.820000,2.000000,603.329224,256.914459,5.465422,56.593684,1,0.062000,0.952634
SP_T_Yoga_1,posenet,83,2.748486,ok,1,direct,1.000000,10,right_wrist,1,1,2.000000,445.870000,259.800000,2.000000,444.119659,262.679077,3.369388,56.593684,1,0.062000,0.981727
SP_T_Yoga_1,posenet,83,2.748486,ok,1,direct,1.000000,11,left_hip,1,1,2.000000,546.700000,451.350000,2.000000,548.660889,466.362396,15.139918,56.593684,1,0.107000,0.882481
SP_T_Yoga_1,posenet,83,2.748486,ok,1,direct,1.000000,12,right_hip,1,1,2.000000,509.920000,450.270000,2.000000,497.828918,463.480072,17.908106,56.593684,1,0.107000,0.839529
SP_T_Yoga_1,posenet,83,2.748486,ok,1,direct,1.000000,13,left_knee,1,1,2.000000,542.460000,570.330000,2.000000,540.988159,563.400146,7.084433,56.593684,1,0.087000,0.959439
SP_T_Yoga_1,posenet,83,2.748486,ok,1,direct,1.000000,14,right_knee,1,1,2.000000,443.830000,527.970000,2.000000,444.119659,529.773254,1.826370,56.593684,1,0.087000,0.997252
SP_T_Yoga_1,posenet,83,2.748486,ok,1,direct,1.000000,15,left_ankle,1,1,2.000000,530.400000,671.480000,2.000000,532.356323,656.594910,15.013098,56.593684,1,0.089000,0.837205
SP_T_Yoga_1,posenet,83,2.748486,ok,1,direct,1.000000,16,right_ankle,1,1,2.000000,497.840000,602.670000,2.000000,490.156158,590.301697,14.560781,56.593684,1,0.089000,0.846080
SP_T_Yoga_1,posenet,84,2.781600,ok,1,direct,1.000000,0,nose,1,1,2.000000,525.600000,298.000000,2.000000,525.981995,296.706299,1.348919,56.704892,1,0.026000,0.983397
SP_T_Yoga_1,posenet,84,2.781600,ok,1,direct,1.000000,1,left_eye,0,0,0.000000,0.000000,0.000000,2.000000,533.636475,289.025909,,,,0.025000,
SP_T_Yoga_1,posenet,84,2.781600,ok,1,direct,1.000000,2,right_eye,0,0,0.000000,0.000000,0.000000,2.000000,515.457092,289.985962,,,,0.025000,
SP_T_Yoga_1,posenet,84,2.781600,ok,1,direct,1.000000,3,left_ear,0,0,0.000000,0.000000,0.000000,2.000000,544.161377,296.706299,,,,0.035000,
SP_T_Yoga_1,posenet,84,2.781600,ok,1,direct,1.000000,4,right_ear,0,0,0.000000,0.000000,0.000000,2.000000,503.975403,297.666321,,,,0.035000,
SP_T_Yoga_1,posenet,84,2.781600,ok,1,direct,1.000000,5,left_shoulder,1,1,2.000000,565.930000,348.660000,2.000000,566.167969,336.068176,12.594072,56.704892,1,0.079000,0.853785
SP_T_Yoga_1,posenet,84,2.781600,ok,1,direct,1.000000,6,right_shoulder,1,1,2.000000,490.480000,345.510000,2.000000,489.623260,338.948334,6.617361,56.704892,1,0.079000,0.957297
SP_T_Yoga_1,posenet,84,2.781600,ok,1,direct,1.000000,7,left_elbow,1,1,2.000000,622.310000,316.070000,2.000000,623.576477,313.987122,2.437693,56.704892,1,0.072000,0.992895
SP_T_Yoga_1,posenet,84,2.781600,ok,1,direct,1.000000,8,right_elbow,1,1,2.000000,424.300000,323.780000,2.000000,425.517090,322.627533,1.676153,56.704892,1,0.072000,0.996635
SP_T_Yoga_1,posenet,84,2.781600,ok,1,direct,1.000000,9,left_wrist,1,1,2.000000,606.830000,265.510000,2.000000,610.181152,266.944824,3.645400,56.704892,1,0.062000,0.978727
SP_T_Yoga_1,posenet,84,2.781600,ok,1,direct,1.000000,10,right_wrist,1,1,2.000000,435.920000,271.990000,2.000000,435.085205,272.705109,1.099210,56.704892,1,0.062000,0.998047
SP_T_Yoga_1,posenet,84,2.781600,ok,1,direct,1.000000,11,left_hip,1,1,2.000000,545.890000,451.350000,2.000000,547.988586,468.554596,17.332114,56.704892,1,0.107000,0.849420
SP_T_Yoga_1,posenet,84,2.781600,ok,1,direct,1.000000,12,right_hip,1,1,2.000000,510.010000,449.500000,2.000000,497.277771,462.794342,18.407857,56.704892,1,0.107000,0.831862
SP_T_Yoga_1,posenet,84,2.781600,ok,1,direct,1.000000,13,left_knee,1,1,2.000000,542.000000,570.330000,2.000000,542.247742,564.559265,5.776050,56.704892,1,0.087000,0.972956
SP_T_Yoga_1,posenet,84,2.781600,ok,1,direct,1.000000,14,right_knee,1,1,2.000000,448.160000,534.630000,2.000000,448.480530,534.797852,0.361820,56.704892,1,0.087000,0.999892
SP_T_Yoga_1,posenet,84,2.781600,ok,1,direct,1.000000,15,left_ankle,1,1,2.000000,530.400000,671.480000,2.000000,531.722839,653.843567,17.685974,56.704892,1,0.089000,0.782218
SP_T_Yoga_1,posenet,84,2.781600,ok,1,direct,1.000000,16,right_ankle,1,1,2.000000,496.510000,614.990000,2.000000,486.752869,603.921204,14.755333,56.704892,1,0.089000,0.842851
SP_T_Yoga_1,posenet,85,2.814715,ok,1,direct,1.000000,0,nose,1,1,2.000000,524.640000,297.840000,2.000000,524.356140,297.926666,0.296795,56.747072,1,0.026000,0.999191
SP_T_Yoga_1,posenet,85,2.814715,ok,1,direct,1.000000,1,left_eye,0,0,0.000000,0.000000,0.000000,2.000000,531.067383,289.285492,,,,0.025000,
SP_T_Yoga_1,posenet,85,2.814715,ok,1,direct,1.000000,2,right_eye,0,0,0.000000,0.000000,0.000000,2.000000,513.809937,290.245605,,,,0.025000,
SP_T_Yoga_1,posenet,85,2.814715,ok,1,direct,1.000000,3,left_ear,0,0,0.000000,0.000000,0.000000,2.000000,542.572266,296.966522,,,,0.035000,
SP_T_Yoga_1,posenet,85,2.814715,ok,1,direct,1.000000,4,right_ear,0,0,0.000000,0.000000,0.000000,2.000000,502.305084,298.886780,,,,0.035000,
SP_T_Yoga_1,posenet,85,2.814715,ok,1,direct,1.000000,5,left_shoulder,1,1,2.000000,565.870000,348.700000,2.000000,563.664673,339.212311,9.740622,56.747072,1,0.079000,0.909901
SP_T_Yoga_1,posenet,85,2.814715,ok,1,direct,1.000000,6,right_shoulder,1,1,2.000000,489.570000,345.990000,2.000000,489.841370,340.172455,5.823871,56.747072,1,0.079000,0.966810
SP_T_Yoga_1,posenet,85,2.814715,ok,1,direct,1.000000,7,left_elbow,1,1,2.000000,624.790000,324.280000,2.000000,625.024231,324.810333,0.579756,56.747072,1,0.072000,0.999597
SP_T_Yoga_1,posenet,85,2.814715,ok,1,direct,1.000000,8,right_elbow,1,1,2.000000,419.570000,332.740000,2.000000,423.688080,333.451508,4.179094,56.747072,1,0.072000,0.979294
SP_T_Yoga_1,posenet,85,2.814715,ok,1,direct,1.000000,9,left_wrist,1,1,2.000000,612.300000,279.190000,2.000000,612.560547,280.644287,1.477442,56.747072,1,0.062000,0.996479
SP_T_Yoga_1,posenet,85,2.814715,ok,1,direct,1.000000,10,right_wrist,1,1,2.000000,425.970000,284.170000,2.000000,426.564301,283.524689,0.877280,56.747072,1,0.062000,0.998757
SP_T_Yoga_1,posenet,85,2.814715,ok,1,direct,1.000000,11,left_hip,1,1,2.000000,545.080000,451.350000,2.000000,546.407227,470.750336,19.445682,56.747072,1,0.107000,0.814544
SP_T_Yoga_1,posenet,85,2.814715,ok,1,direct,1.000000,12,right_hip,1,1,2.000000,510.090000,448.720000,2.000000,496.552612,463.069275,19.727203,56.747072,1,0.107000,0.809686
SP_T_Yoga_1,posenet,85,2.814715,ok,1,direct,1.000000,13,left_knee,1,1,2.000000,541.540000,570.330000,2.000000,541.613525,564.843262,5.487231,56.747072,1,0.087000,0.975596
SP_T_Yoga_1,posenet,85,2.814715,ok,1,direct,1.000000,14,right_knee,1,1,2.000000,452.490000,541.290000,2.000000,452.450378,542.760193,1.470727,56.747072,1,0.087000,0.998227
SP_T_Yoga_1,posenet,85,2.814715,ok,1,direct,1.000000,15,left_ankle,1,1,2.000000,530.400000,671.480000,2.000000,531.067383,655.095581,16.398005,56.747072,1,0.089000,0.809907
SP_T_Yoga_1,posenet,85,2.814715,ok,1,direct,1.000000,16,right_ankle,1,1,2.000000,495.180000,627.310000,2.000000,485.047638,616.690308,14.677964,56.747072,1,0.089000,0.844572
SP_T_Yoga_1,posenet,86,2.847829,ok,1,direct,1.000000,0,nose,1,1,2.000000,523.490000,297.840000,2.000000,523.357910,295.984192,1.860503,55.272327,1,0.026000,0.967034
SP_T_Yoga_1,posenet,86,2.847829,ok,1,direct,1.000000,1,left_eye,0,0,0.000000,0.000000,0.000000,2.000000,531.980713,288.298035,,,,0.025000,
SP_T_Yoga_1,posenet,86,2.847829,ok,1,direct,1.000000,2,right_eye,0,0,0.000000,0.000000,0.000000,2.000000,514.735107,289.258789,,,,0.025000,
SP_T_Yoga_1,posenet,86,2.847829,ok,1,direct,1.000000,3,left_ear,0,0,0.000000,0.000000,0.000000,2.000000,542.519836,295.984192,,,,0.035000,
SP_T_Yoga_1,posenet,86,2.847829,ok,1,direct,1.000000,4,right_ear,0,0,0.000000,0.000000,0.000000,2.000000,502.279816,296.944946,,,,0.035000,
SP_T_Yoga_1,posenet,86,2.847829,ok,1,direct,1.000000,5,left_shoulder,1,1,2.000000,565.810000,348.740000,2.000000,563.597900,338.258026,10.712850,55.272327,1,0.079000,0.886580
SP_T_Yoga_1,posenet,86,2.847829,ok,1,direct,1.000000,6,right_shoulder,1,1,2.000000,488.650000,346.480000,2.000000,489.824585,343.061829,3.614353,55.272327,1,0.079000,0.986390
SP_T_Yoga_1,posenet,86,2.847829,ok,1,direct,1.000000,7,left_elbow,1,1,2.000000,623.500000,336.170000,2.000000,623.957825,336.336487,0.487156,55.272327,1,0.072000,0.999700
SP_T_Yoga_1,posenet,86,2.847829,ok,1,direct,1.000000,8,right_elbow,1,1,2.000000,420.140000,343.490000,2.000000,420.841766,344.022614,0.880996,55.272327,1,0.072000,0.999020
SP_T_Yoga_1,posenet,86,2.847829,ok,1,direct,1.000000,9,left_wrist,1,1,2.000000,615.880000,298.110000,2.000000,618.209290,296.944946,2.604408,55.272327,1,0.062000,0.988515
SP_T_Yoga_1,posenet,86,2.847829,ok,1,direct,1.000000,10,right_wrist,1,1,2.000000,419.090000,300.800000,2.000000,417.009399,298.866455,2.840334,55.272327,1,0.062000,0.986354
SP_T_Yoga_1,posenet,86,2.847829,ok,1,direct,1.000000,11,left_hip,1,1,2.000000,544.280000,451.350000,2.000000,544.436035,469.883362,18.534019,55.272327,1,0.107000,0.821667
SP_T_Yoga_1,posenet,86,2.847829,ok,1,direct,1.000000,12,right_hip,1,1,2.000000,506.440000,448.230000,2.000000,493.656982,462.197205,18.933788,55.272327,1,0.107000,0.814660
SP_T_Yoga_1,posenet,86,2.847829,ok,1,direct,1.000000,13,left_knee,1,1,2.000000,541.080000,570.330000,2.000000,540.603638,563.077942,7.267687,55.272327,1,0.087000,0.955343
SP_T_Yoga_1,posenet,86,2.847829,ok,1,direct,1.000000,14,right_knee,1,1,2.000000,457.810000,547.480000,2.000000,460.123657,549.627136,3.156454,55.272327,1,0.087000,0.991420
SP_T_Yoga_1,posenet,86,2.847829,ok,1,direct,1.000000,15,left_ankle,1,1,2.000000,530.400000,671.480000,2.000000,531.980713,652.429504,19.115963,55.272327,1,0.089000,0.739328
SP_T_Yoga_1,posenet,86,2.847829,ok,1,direct,1.000000,16,right_ankle,1,1,2.000000,493.820000,638.090000,2.000000,486.950317,633.214050,8.424217,55.272327,1,0.089000,0.943034
SP_T_Yoga_1,posenet,87,2.880943,ok,1,direct,1.000000,0,nose,1,1,2.000000,522.350000,297.840000,2.000000,521.682434,294.830872,3.082288,56.022995,1,0.026000,0.914337
SP_T_Yoga_1,posenet,87,2.880943,ok,1,direct,1.000000,1,left_eye,0,0,0.000000,0.000000,0.000000,2.000000,530.308960,288.108124,,,,0.025000,
SP_T_Yoga_1,posenet,87,2.880943,ok,1,direct,1.000000,2,right_eye,0,0,0.000000,0.000000,0.000000,2.000000,513.055908,289.068512,,,,0.025000,
SP_T_Yoga_1,posenet,87,2.880943,ok,1,direct,1.000000,3,left_ear,0,0,0.000000,0.000000,0.000000,2.000000,540.852539,295.791260,,,,0.035000,
SP_T_Yoga_1,posenet,87,2.880943,ok,1,direct,1.000000,4,right_ear,0,0,0.000000,0.000000,0.000000,2.000000,500.595276,295.791260,,,,0.035000,
SP_T_Yoga_1,posenet,87,2.880943,ok,1,direct,1.000000,5,left_shoulder,1,1,2.000000,565.750000,348.780000,2.000000,561.939636,341.890106,7.873342,56.022995,1,0.079000,0.938668
SP_T_Yoga_1,posenet,87,2.880943,ok,1,direct,1.000000,6,right_shoulder,1,1,2.000000,487.740000,346.960000,2.000000,486.217743,341.890106,5.293495,56.022995,1,0.079000,0.971795
SP_T_Yoga_1,posenet,87,2.880943,ok,1,direct,1.000000,7,left_elbow,1,1,2.000000,622.210000,348.070000,2.000000,620.408508,349.573242,2.346297,56.022995,1,0.072000,0.993256
SP_T_Yoga_1,posenet,87,2.880943,ok,1,direct,1.000000,8,right_elbow,1,1,2.000000,420.720000,354.230000,2.000000,420.080841,355.335602,1.277059,56.022995,1,0.072000,0.997997
SP_T_Yoga_1,posenet,87,2.880943,ok,1,direct,1.000000,9,left_wrist,1,1,2.000000,619.470000,317.030000,2.000000,620.408508,310.197144,6.897008,56.022995,1,0.062000,0.924173
SP_T_Yoga_1,posenet,87,2.880943,ok,1,direct,1.000000,10,right_wrist,1,1,2.000000,412.210000,317.430000,2.000000,410.495789,314.038727,3.799902,56.022995,1,0.062000,0.976348
SP_T_Yoga_1,posenet,87,2.880943,ok,1,direct,1.000000,11,left_hip,1,1,2.000000,543.470000,451.350000,2.000000,543.728088,471.543121,20.194771,56.022995,1,0.107000,0.796928
SP_T_Yoga_1,posenet,87,2.880943,ok,1,direct,1.000000,12,right_hip,1,1,2.000000,502.800000,447.730000,2.000000,492.927246,465.780762,20.574287,56.022995,1,0.107000,0.790095
SP_T_Yoga_1,posenet,87,2.880943,ok,1,direct,1.000000,13,left_knee,1,1,2.000000,540.620000,570.330000,2.000000,539.894043,566.621948,3.778447,56.022995,1,0.087000,0.988052
SP_T_Yoga_1,posenet,87,2.880943,ok,1,direct,1.000000,14,right_knee,1,1,2.000000,463.140000,553.680000,2.000000,465.130615,553.176453,2.053317,56.022995,1,0.087000,0.996457
SP_T_Yoga_1,posenet,87,2.880943,ok,1,direct,1.000000,15,left_ankle,1,1,2.000000,530.400000,671.480000,2.000000,532.225952,653.057251,18.513017,56.022995,1,0.089000,0.759024
SP_T_Yoga_1,posenet,87,2.880943,ok,1,direct,1.000000,16,right_ankle,1,1,2.000000,492.450000,648.860000,2.000000,484.300720,644.413757,9.283309,56.022995,1,0.089000,0.933018
SP_T_Yoga_1,posenet,88,2.914058,ok,1,direct,1.000000,0,nose,1,1,2.000000,521.200000,297.840000,2.000000,520.117920,295.656982,2.436486,57.043457,1,0.026000,0.947455
SP_T_Yoga_1,posenet,88,2.914058,ok,1,direct,1.000000,1,left_eye,0,0,0.000000,0.000000,0.000000,2.000000,527.798340,288.929993,,,,0.025000,
SP_T_Yoga_1,posenet,88,2.914058,ok,1,direct,1.000000,2,right_eye,0,0,0.000000,0.000000,0.000000,2.000000,510.517456,288.929993,,,,0.025000,
SP_T_Yoga_1,posenet,88,2.914058,ok,1,direct,1.000000,3,left_ear,0,0,0.000000,0.000000,0.000000,2.000000,539.318848,296.617981,,,,0.035000,
SP_T_Yoga_1,posenet,88,2.914058,ok,1,direct,1.000000,4,right_ear,0,0,0.000000,0.000000,0.000000,2.000000,498.036865,296.617981,,,,0.035000,
SP_T_Yoga_1,posenet,88,2.914058,ok,1,direct,1.000000,5,left_shoulder,1,1,2.000000,565.690000,348.820000,2.000000,561.399902,342.745972,7.436313,57.043457,1,0.079000,0.946996
SP_T_Yoga_1,posenet,88,2.914058,ok,1,direct,1.000000,6,right_shoulder,1,1,2.000000,486.820000,347.440000,2.000000,483.636200,343.706970,4.906332,57.043457,1,0.079000,0.976572
SP_T_Yoga_1,posenet,88,2.914058,ok,1,direct,1.000000,7,left_elbow,1,1,2.000000,620.920000,359.970000,2.000000,619.002625,357.160980,3.401018,57.043457,1,0.072000,0.986379
SP_T_Yoga_1,posenet,88,2.914058,ok,1,direct,1.000000,8,right_elbow,1,1,2.000000,421.290000,364.980000,2.000000,422.193268,364.848969,0.912722,57.043457,1,0.072000,0.999013
SP_T_Yoga_1,posenet,88,2.914058,ok,1,direct,1.000000,9,left_wrist,1,1,2.000000,623.050000,335.940000,2.000000,618.042603,324.486969,12.499838,57.043457,1,0.062000,0.778934
SP_T_Yoga_1,posenet,88,2.914058,ok,1,direct,1.000000,10,right_wrist,1,1,2.000000,405.330000,334.050000,2.000000,402.992371,334.096954,2.338101,57.043457,1,0.062000,0.991297
SP_T_Yoga_1,posenet,88,2.914058,ok,1,direct,1.000000,11,left_hip,1,1,2.000000,542.670000,451.350000,2.000000,544.119080,472.480927,21.180554,57.043457,1,0.107000,0.785969
SP_T_Yoga_1,posenet,88,2.914058,ok,1,direct,1.000000,12,right_hip,1,1,2.000000,499.150000,447.230000,2.000000,491.316589,466.714935,21.000596,57.043457,1,0.107000,0.789178
SP_T_Yoga_1,posenet,88,2.914058,ok,1,direct,1.000000,13,left_knee,1,1,2.000000,540.160000,570.330000,2.000000,539.318848,567.619934,2.837604,57.043457,1,0.087000,0.993483
SP_T_Yoga_1,posenet,88,2.914058,ok,1,direct,1.000000,14,right_knee,1,1,2.000000,468.470000,559.870000,2.000000,472.115662,558.970886,3.754897,57.043457,1,0.087000,0.988616
SP_T_Yoga_1,posenet,88,2.914058,ok,1,direct,1.000000,15,left_ankle,1,1,2.000000,530.400000,671.480000,2.000000,531.638489,654.109924,17.414172,57.043457,1,0.089000,0.790324
SP_T_Yoga_1,posenet,88,2.914058,ok,1,direct,1.000000,16,right_ankle,1,1,2.000000,491.090000,659.640000,2.000000,481.716125,652.187866,11.975133,57.043457,1,0.089000,0.894692
SP_T_Yoga_1,posenet,89,2.947172,ok,1,direct,1.000000,0,nose,1,1,2.000000,519.650000,297.430000,2.000000,518.923828,295.016418,2.520457,57.019669,1,0.026000,0.943831
SP_T_Yoga_1,posenet,89,2.947172,ok,1,direct,1.000000,1,left_eye,0,0,0.000000,0.000000,0.000000,2.000000,526.601257,288.289459,,,,0.025000,
SP_T_Yoga_1,posenet,89,2.947172,ok,1,direct,1.000000,2,right_eye,0,0,0.000000,0.000000,0.000000,2.000000,510.286774,289.250458,,,,0.025000,
SP_T_Yoga_1,posenet,89,2.947172,ok,1,direct,1.000000,3,left_ear,0,0,0.000000,0.000000,0.000000,2.000000,537.157593,295.016418,,,,0.035000,
SP_T_Yoga_1,posenet,89,2.947172,ok,1,direct,1.000000,4,right_ear,0,0,0.000000,0.000000,0.000000,2.000000,499.730347,295.016418,,,,0.035000,
SP_T_Yoga_1,posenet,89,2.947172,ok,1,direct,1.000000,5,left_shoulder,1,1,2.000000,563.160000,349.850000,2.000000,560.189819,344.027100,6.536677,57.019669,1,0.079000,0.958759
SP_T_Yoga_1,posenet,89,2.947172,ok,1,direct,1.000000,6,right_shoulder,1,1,2.000000,481.060000,348.190000,2.000000,478.617554,346.910065,2.757495,57.019669,1,0.079000,0.992533
SP_T_Yoga_1,posenet,89,2.947172,ok,1,direct,1.000000,7,left_elbow,1,1,2.000000,611.450000,369.440000,2.000000,612.971924,366.129944,3.643175,57.019669,1,0.072000,0.984374
SP_T_Yoga_1,posenet,89,2.947172,ok,1,direct,1.000000,8,right_elbow,1,1,2.000000,425.380000,373.160000,2.000000,426.795105,370.934906,2.636961,57.019669,1,0.072000,0.991783
SP_T_Yoga_1,posenet,89,2.947172,ok,1,direct,1.000000,9,left_wrist,1,1,2.000000,620.960000,355.060000,2.000000,617.770264,341.144135,14.276755,57.019669,1,0.062000,0.721676
SP_T_Yoga_1,posenet,89,2.947172,ok,1,direct,1.000000,10,right_wrist,1,1,2.000000,403.660000,352.630000,2.000000,400.883942,354.598022,3.402883,57.019669,1,0.062000,0.981640
SP_T_Yoga_1,posenet,89,2.947172,ok,1,direct,1.000000,11,left_hip,1,1,2.000000,541.860000,451.350000,2.000000,544.835022,467.034302,15.963962,57.019669,1,0.107000,0.872032
SP_T_Yoga_1,posenet,89,2.947172,ok,1,direct,1.000000,12,right_hip,1,1,2.000000,496.560000,447.810000,2.000000,492.052948,466.073303,18.811214,57.019669,1,0.107000,0.826853
SP_T_Yoga_1,posenet,89,2.947172,ok,1,direct,1.000000,13,left_knee,1,1,2.000000,539.700000,570.330000,2.000000,540.036682,567.938660,2.414925,57.019669,1,0.087000,0.995272
SP_T_Yoga_1,posenet,89,2.947172,ok,1,direct,1.000000,14,right_knee,1,1,2.000000,473.120000,560.680000,2.000000,477.657867,560.250610,4.558137,57.019669,1,0.087000,0.983256
SP_T_Yoga_1,posenet,89,2.947172,ok,1,direct,1.000000,15,left_ankle,1,1,2.000000,530.400000,671.480000,2.000000,531.399597,654.428101,17.081173,57.019669,1,0.089000,0.797250
SP_T_Yoga_1,posenet,89,2.947172,ok,1,direct,1.000000,16,right_ankle,1,1,2.000000,489.360000,664.530000,2.000000,481.496582,655.389099,12.057753,57.019669,1,0.089000,0.893231
SP_T_Yoga_1,posenet,90,2.980286,ok,1,direct,1.000000,0,nose,1,1,2.000000,518.090000,297.010000,2.000000,518.110962,294.989990,2.020119,56.996510,1,0.026000,0.963517
SP_T_Yoga_1,posenet,90,2.980286,ok,1,direct,1.000000,1,left_eye,0,0,0.000000,0.000000,0.000000,2.000000,525.772705,288.263824,,,,0.025000,
SP_T_Yoga_1,posenet,90,2.980286,ok,1,direct,1.000000,2,right_eye,0,0,0.000000,0.000000,0.000000,2.000000,508.533783,288.263824,,,,0.025000,
SP_T_Yoga_1,posenet,90,2.980286,ok,1,direct,1.000000,3,left_ear,0,0,0.000000,0.000000,0.000000,2.000000,535.349915,294.989990,,,,0.035000,
SP_T_Yoga_1,posenet,90,2.980286,ok,1,direct,1.000000,4,right_ear,0,0,0.000000,0.000000,0.000000,2.000000,497.041168,294.989990,,,,0.035000,
SP_T_Yoga_1,posenet,90,2.980286,ok,1,direct,1.000000,5,left_shoulder,1,1,2.000000,560.630000,350.890000,2.000000,557.377380,346.877472,5.165260,56.996510,1,0.079000,0.974025
SP_T_Yoga_1,posenet,90,2.980286,ok,1,direct,1.000000,6,right_shoulder,1,1,2.000000,475.300000,348.930000,2.000000,475.971375,346.877472,2.159541,56.996510,1,0.079000,0.995410
SP_T_Yoga_1,posenet,90,2.980286,ok,1,direct,1.000000,7,left_elbow,1,1,2.000000,601.970000,378.920000,2.000000,608.136414,372.821259,8.672906,56.996510,1,0.072000,0.914544
SP_T_Yoga_1,posenet,90,2.980286,ok,1,direct,1.000000,8,right_elbow,1,1,2.000000,429.460000,381.330000,2.000000,428.085480,378.586517,3.068551,56.996510,1,0.072000,0.988880
SP_T_Yoga_1,posenet,90,2.980286,ok,1,direct,1.000000,9,left_wrist,1,1,2.000000,618.870000,374.170000,2.000000,613.882751,365.134216,10.320757,56.996510,1,0.062000,0.843161
SP_T_Yoga_1,posenet,90,2.980286,ok,1,direct,1.000000,10,right_wrist,1,1,2.000000,401.990000,371.210000,2.000000,400.311646,371.860382,1.799964,56.996510,1,0.062000,0.994825
SP_T_Yoga_1,posenet,90,2.980286,ok,1,direct,1.000000,11,left_hip,1,1,2.000000,541.050000,451.350000,2.000000,543.969299,466.987488,15.907650,56.996510,1,0.107000,0.872777
SP_T_Yoga_1,posenet,90,2.980286,ok,1,direct,1.000000,12,right_hip,1,1,2.000000,493.970000,448.380000,2.000000,492.252563,465.065735,16.773889,56.996510,1,0.107000,0.859591
SP_T_Yoga_1,posenet,90,2.980286,ok,1,direct,1.000000,13,left_knee,1,1,2.000000,539.240000,570.330000,2.000000,539.180786,564.997253,5.333075,56.996510,1,0.087000,0.977132
SP_T_Yoga_1,posenet,90,2.980286,ok,1,direct,1.000000,14,right_knee,1,1,2.000000,477.780000,561.480000,2.000000,481.717712,562.114624,3.988524,56.996510,1,0.087000,0.987144
SP_T_Yoga_1,posenet,90,2.980286,ok,1,direct,1.000000,15,left_ankle,1,1,2.000000,530.400000,671.480000,2.000000,530.561279,656.280823,15.200033,56.996510,1,0.089000,0.835626
SP_T_Yoga_1,posenet,90,2.980286,ok,1,direct,1.000000,16,right_ankle,1,1,2.000000,487.640000,669.430000,2.000000,481.717712,658.202576,12.693642,56.996510,1,0.089000,0.882289
SP_T_Yoga_1,posenet,91,3.013400,ok,1,direct,1.000000,0,nose,1,1,2.000000,516.360000,297.010000,2.000000,515.420105,294.045044,3.110364,55.722127,1,0.026000,0.911938
SP_T_Yoga_1,posenet,91,3.013400,ok,1,direct,1.000000,1,left_eye,0,0,0.000000,0.000000,0.000000,2.000000,524.049866,288.278381,,,,0.025000,
SP_T_Yoga_1,posenet,91,3.013400,ok,1,direct,1.000000,2,right_eye,0,0,0.000000,0.000000,0.000000,2.000000,505.831604,288.278381,,,,0.025000,
SP_T_Yoga_1,posenet,91,3.013400,ok,1,direct,1.000000,3,left_ear,0,0,0.000000,0.000000,0.000000,2.000000,533.638367,295.006165,,,,0.035000,
SP_T_Yoga_1,posenet,91,3.013400,ok,1,direct,1.000000,4,right_ear,0,0,0.000000,0.000000,0.000000,2.000000,493.366455,294.045044,,,,0.035000,
SP_T_Yoga_1,posenet,91,3.013400,ok,1,direct,1.000000,5,left_shoulder,1,1,2.000000,558.090000,351.930000,2.000000,555.692078,347.867462,4.717441,55.722127,1,0.079000,0.977293
SP_T_Yoga_1,posenet,91,3.013400,ok,1,direct,1.000000,6,right_shoulder,1,1,2.000000,473.350000,349.040000,2.000000,473.230560,346.906311,2.137029,55.722127,1,0.079000,0.995298
SP_T_Yoga_1,posenet,91,3.013400,ok,1,direct,1.000000,7,left_elbow,1,1,2.000000,596.220000,382.750000,2.000000,595.963867,376.700867,6.054553,55.722127,1,0.072000,0.955473
SP_T_Yoga_1,posenet,91,3.013400,ok,1,direct,1.000000,8,right_elbow,1,1,2.000000,435.220000,382.100000,2.000000,432.958679,380.545349,2.744178,55.722127,1,0.072000,0.990687
SP_T_Yoga_1,posenet,91,3.013400,ok,1,direct,1.000000,9,left_wrist,1,1,2.000000,612.730000,387.980000,2.000000,609.387878,382.467560,6.446454,55.722127,1,0.062000,0.932733
SP_T_Yoga_1,posenet,91,3.013400,ok,1,direct,1.000000,10,right_wrist,1,1,2.000000,405.440000,385.610000,2.000000,402.275330,387.273132,3.575073,55.722127,1,0.062000,0.978811
SP_T_Yoga_1,posenet,91,3.013400,ok,1,direct,1.000000,11,left_hip,1,1,2.000000,539.520000,451.350000,2.000000,542.268005,468.006714,16.881873,55.722127,1,0.107000,0.851852
SP_T_Yoga_1,posenet,91,3.013400,ok,1,direct,1.000000,12,right_hip,1,1,2.000000,492.820000,448.380000,2.000000,490.489929,467.045624,18.810496,55.722127,1,0.107000,0.819492
SP_T_Yoga_1,posenet,91,3.013400,ok,1,direct,1.000000,13,left_knee,1,1,2.000000,538.040000,570.040000,2.000000,537.473816,569.884827,0.587063,55.722127,1,0.087000,0.999707
SP_T_Yoga_1,posenet,91,3.013400,ok,1,direct,1.000000,14,right_knee,1,1,2.000000,480.280000,561.480000,2.000000,482.819092,564.118164,3.661543,55.722127,1,0.087000,0.988655
SP_T_Yoga_1,posenet,91,3.013400,ok,1,direct,1.000000,15,left_ankle,1,1,2.000000,530.400000,671.480000,2.000000,531.720642,657.346191,14.195374,55.722127,1,0.089000,0.848856
SP_T_Yoga_1,posenet,91,3.013400,ok,1,direct,1.000000,16,right_ankle,1,1,2.000000,488.060000,670.350000,2.000000,482.819092,660.229553,11.396954,55.722127,1,0.089000,0.899761
SP_T_Yoga_1,posenet,92,3.046515,ok,1,direct,1.000000,0,nose,1,1,2.000000,514.640000,297.010000,2.000000,514.065186,296.335815,0.885966,54.417908,1,0.026000,0.992189
SP_T_Yoga_1,posenet,92,3.046515,ok,1,direct,1.000000,1,left_eye,0,0,0.000000,0.000000,0.000000,2.000000,521.745056,288.658539,,,,0.025000,
SP_T_Yoga_1,posenet,92,3.046515,ok,1,direct,1.000000,2,right_eye,0,0,0.000000,0.000000,0.000000,2.000000,506.385315,288.658539,,,,0.025000,
SP_T_Yoga_1,posenet,92,3.046515,ok,1,direct,1.000000,3,left_ear,0,0,0.000000,0.000000,0.000000,2.000000,532.304871,297.295502,,,,0.035000,
SP_T_Yoga_1,posenet,92,3.046515,ok,1,direct,1.000000,4,right_ear,0,0,0.000000,0.000000,0.000000,2.000000,492.945557,297.295502,,,,0.035000,
SP_T_Yoga_1,posenet,92,3.046515,ok,1,direct,1.000000,5,left_shoulder,1,1,2.000000,555.560000,352.960000,2.000000,553.424561,345.278534,7.972768,54.417908,1,0.079000,0.933525
SP_T_Yoga_1,posenet,92,3.046515,ok,1,direct,1.000000,6,right_shoulder,1,1,2.000000,471.390000,349.160000,2.000000,471.825928,346.238190,2.954151,54.417908,1,0.079000,0.990600
SP_T_Yoga_1,posenet,92,3.046515,ok,1,direct,1.000000,7,left_elbow,1,1,2.000000,590.460000,386.590000,2.000000,586.063965,377.906982,9.732416,54.417908,1,0.072000,0.883908
SP_T_Yoga_1,posenet,92,3.046515,ok,1,direct,1.000000,8,right_elbow,1,1,2.000000,440.980000,382.870000,2.000000,434.386536,383.664978,6.641217,54.417908,1,0.072000,0.944158
SP_T_Yoga_1,posenet,92,3.046515,ok,1,direct,1.000000,9,left_wrist,1,1,2.000000,606.590000,401.800000,2.000000,605.263611,399.019531,3.080635,54.417908,1,0.062000,0.983464
SP_T_Yoga_1,posenet,92,3.046515,ok,1,direct,1.000000,10,right_wrist,1,1,2.000000,408.890000,400.000000,2.000000,397.907196,407.656494,13.388199,54.417908,1,0.062000,0.729844
SP_T_Yoga_1,posenet,92,3.046515,ok,1,direct,1.000000,11,left_hip,1,1,2.000000,537.980000,451.350000,2.000000,540.944763,469.074799,17.971041,54.417908,1,0.107000,0.826535
SP_T_Yoga_1,posenet,92,3.046515,ok,1,direct,1.000000,12,right_hip,1,1,2.000000,491.660000,448.380000,2.000000,489.105652,468.115082,19.899702,54.417908,1,0.107000,0.791679
SP_T_Yoga_1,posenet,92,3.046515,ok,1,direct,1.000000,13,left_knee,1,1,2.000000,536.850000,569.740000,2.000000,536.144836,566.960205,2.867842,54.417908,1,0.087000,0.992688
SP_T_Yoga_1,posenet,92,3.046515,ok,1,direct,1.000000,14,right_knee,1,1,2.000000,482.770000,561.480000,2.000000,483.345734,565.040833,3.607076,54.417908,1,0.087000,0.988458
SP_T_Yoga_1,posenet,92,3.046515,ok,1,direct,1.000000,15,left_ankle,1,1,2.000000,530.400000,671.480000,2.000000,530.384949,658.127930,13.352079,54.417908,1,0.089000,0.858982
SP_T_Yoga_1,posenet,92,3.046515,ok,1,direct,1.000000,16,right_ankle,1,1,2.000000,488.490000,671.270000,2.000000,484.305725,661.006958,11.083239,54.417908,1,0.089000,0.900561
SP_T_Yoga_1,posenet,93,3.079629,ok,1,direct,1.000000,0,nose,1,1,2.000000,512.910000,297.010000,2.000000,512.534485,295.134247,1.912972,53.131248,1,0.026000,0.962373
SP_T_Yoga_1,posenet,93,3.079629,ok,1,direct,1.000000,1,left_eye,0,0,0.000000,0.000000,0.000000,2.000000,520.198486,287.455139,,,,0.025000,
SP_T_Yoga_1,posenet,93,3.079629,ok,1,direct,1.000000,2,right_eye,0,0,0.000000,0.000000,0.000000,2.000000,503.912354,288.415039,,,,0.025000,
SP_T_Yoga_1,posenet,93,3.079629,ok,1,direct,1.000000,3,left_ear,0,0,0.000000,0.000000,0.000000,2.000000,529.778625,295.134247,,,,0.035000,
SP_T_Yoga_1,posenet,93,3.079629,ok,1,direct,1.000000,4,right_ear,0,0,0.000000,0.000000,0.000000,2.000000,490.500153,295.134247,,,,0.035000,
SP_T_Yoga_1,posenet,93,3.079629,ok,1,direct,1.000000,5,left_shoulder,1,1,2.000000,553.030000,354.000000,2.000000,551.812866,346.008270,8.083883,53.131248,1,0.079000,0.928500
SP_T_Yoga_1,posenet,93,3.079629,ok,1,direct,1.000000,6,right_shoulder,1,1,2.000000,469.430000,349.270000,2.000000,471.339935,348.887939,1.947774,53.131248,1,0.079000,0.995702
SP_T_Yoga_1,posenet,93,3.079629,ok,1,direct,1.000000,7,left_elbow,1,1,2.000000,584.700000,390.430000,2.000000,579.595276,382.483978,9.444441,53.131248,1,0.072000,0.885233
SP_T_Yoga_1,posenet,93,3.079629,ok,1,direct,1.000000,8,right_elbow,1,1,2.000000,446.730000,383.640000,2.000000,438.767548,388.243317,9.197346,53.131248,1,0.072000,0.890824
SP_T_Yoga_1,posenet,93,3.079629,ok,1,direct,1.000000,9,left_wrist,1,1,2.000000,600.450000,415.610000,2.000000,597.797424,406.481171,9.506402,53.131248,1,0.062000,0.846569
SP_T_Yoga_1,posenet,93,3.079629,ok,1,direct,1.000000,10,right_wrist,1,1,2.000000,412.350000,414.390000,2.000000,405.237122,416.080017,7.310896,53.131248,1,0.062000,0.906185
SP_T_Yoga_1,posenet,93,3.079629,ok,1,direct,1.000000,11,left_hip,1,1,2.000000,536.450000,451.350000,2.000000,538.400757,469.833710,18.586365,53.131248,1,0.107000,0.807532
SP_T_Yoga_1,posenet,93,3.079629,ok,1,direct,1.000000,12,right_hip,1,1,2.000000,490.510000,448.380000,2.000000,487.626129,469.833710,21.646671,53.131248,1,0.107000,0.748290
SP_T_Yoga_1,posenet,93,3.079629,ok,1,direct,1.000000,13,left_knee,1,1,2.000000,535.650000,569.440000,2.000000,535.526733,571.581787,2.145331,53.131248,1,0.087000,0.995701
SP_T_Yoga_1,posenet,93,3.079629,ok,1,direct,1.000000,14,right_knee,1,1,2.000000,485.260000,561.480000,2.000000,483.794067,566.782349,5.501260,53.131248,1,0.087000,0.972069
SP_T_Yoga_1,posenet,93,3.079629,ok,1,direct,1.000000,15,left_ankle,1,1,2.000000,530.400000,671.480000,2.000000,529.778625,657.971619,13.522665,53.131248,1,0.089000,0.849116
SP_T_Yoga_1,posenet,93,3.079629,ok,1,direct,1.000000,16,right_ankle,1,1,2.000000,488.920000,672.200000,2.000000,483.794067,661.811157,11.584612,53.131248,1,0.089000,0.886888
SP_T_Yoga_1,posenet,94,3.112743,ok,1,direct,1.000000,0,nose,1,1,2.000000,511.050000,296.460000,2.000000,510.162292,295.068390,1.650637,52.082191,1,0.026000,0.970720
SP_T_Yoga_1,posenet,94,3.112743,ok,1,direct,1.000000,1,left_eye,0,0,0.000000,0.000000,0.000000,2.000000,517.830994,287.385712,,,,0.025000,
SP_T_Yoga_1,posenet,94,3.112743,ok,1,direct,1.000000,2,right_eye,0,0,0.000000,0.000000,0.000000,2.000000,501.534943,288.346069,,,,0.025000,
SP_T_Yoga_1,posenet,94,3.112743,ok,1,direct,1.000000,3,left_ear,0,0,0.000000,0.000000,0.000000,2.000000,529.334167,296.028717,,,,0.035000,
SP_T_Yoga_1,posenet,94,3.112743,ok,1,direct,1.000000,4,right_ear,0,0,0.000000,0.000000,0.000000,2.000000,487.156067,296.028717,,,,0.035000,
SP_T_Yoga_1,posenet,94,3.112743,ok,1,direct,1.000000,5,left_shoulder,1,1,2.000000,551.300000,354.000000,2.000000,552.340332,348.847076,5.256892,52.082191,1,0.079000,0.967879
SP_T_Yoga_1,posenet,94,3.112743,ok,1,direct,1.000000,6,right_shoulder,1,1,2.000000,467.470000,349.390000,2.000000,469.901398,349.807404,2.466966,52.082191,1,0.079000,0.992836
SP_T_Yoga_1,posenet,94,3.112743,ok,1,direct,1.000000,7,left_elbow,1,1,2.000000,577.510000,393.020000,2.000000,581.098145,395.903442,4.603153,52.082191,1,0.072000,0.970313
SP_T_Yoga_1,posenet,94,3.112743,ok,1,direct,1.000000,8,right_elbow,1,1,2.000000,443.570000,388.240000,2.000000,438.267822,391.101746,6.025170,52.082191,1,0.072000,0.949678
SP_T_Yoga_1,posenet,94,3.112743,ok,1,direct,1.000000,9,left_wrist,1,1,2.000000,592.390000,427.990000,2.000000,590.684082,429.515106,2.288254,52.082191,1,0.062000,0.990007
SP_T_Yoga_1,posenet,94,3.112743,ok,1,direct,1.000000,10,right_wrist,1,1,2.000000,412.350000,431.660000,2.000000,406.634277,435.277100,6.764089,52.082191,1,0.062000,0.915983
SP_T_Yoga_1,posenet,94,3.112743,ok,1,direct,1.000000,11,left_hip,1,1,2.000000,535.810000,450.060000,2.000000,537.002869,470.809448,20.783708,52.082191,1,0.107000,0.757159
SP_T_Yoga_1,posenet,94,3.112743,ok,1,direct,1.000000,12,right_hip,1,1,2.000000,489.230000,448.550000,2.000000,485.238892,470.809448,22.614420,52.082191,1,0.107000,0.719393
SP_T_Yoga_1,posenet,94,3.112743,ok,1,direct,1.000000,13,left_knee,1,1,2.000000,534.460000,569.140000,2.000000,534.127075,571.644531,2.526562,52.082191,1,0.087000,0.993801
SP_T_Yoga_1,posenet,94,3.112743,ok,1,direct,1.000000,14,right_knee,1,1,2.000000,482.780000,562.470000,2.000000,482.363098,569.723816,7.265786,52.082191,1,0.087000,0.949874
SP_T_Yoga_1,posenet,94,3.112743,ok,1,direct,1.000000,15,left_ankle,1,1,2.000000,530.400000,671.480000,2.000000,530.292725,658.074524,13.405905,52.082191,1,0.089000,0.845956
SP_T_Yoga_1,posenet,94,3.112743,ok,1,direct,1.000000,16,right_ankle,1,1,2.000000,489.340000,673.120000,2.000000,486.197449,662.876221,10.714973,52.082191,1,0.089000,0.898643
SP_T_Yoga_1,posenet,95,3.145858,ok,1,direct,1.000000,0,nose,1,1,2.000000,509.190000,295.900000,2.000000,508.534546,295.404144,0.821884,51.004431,1,0.026000,0.992347
SP_T_Yoga_1,posenet,95,3.145858,ok,1,direct,1.000000,1,left_eye,0,0,0.000000,0.000000,0.000000,2.000000,516.181519,287.721588,,,,0.025000,
SP_T_Yoga_1,posenet,95,3.145858,ok,1,direct,1.000000,2,right_eye,0,0,0.000000,0.000000,0.000000,2.000000,498.020050,287.721588,,,,0.025000,
SP_T_Yoga_1,posenet,95,3.145858,ok,1,direct,1.000000,3,left_ear,0,0,0.000000,0.000000,0.000000,2.000000,527.651917,296.364502,,,,0.035000,
SP_T_Yoga_1,posenet,95,3.145858,ok,1,direct,1.000000,4,right_ear,0,0,0.000000,0.000000,0.000000,2.000000,484.637848,296.364502,,,,0.035000,
SP_T_Yoga_1,posenet,95,3.145858,ok,1,direct,1.000000,5,left_shoulder,1,1,2.000000,549.580000,354.000000,2.000000,549.636841,348.221832,5.778447,51.004431,1,0.079000,0.959702
SP_T_Yoga_1,posenet,95,3.145858,ok,1,direct,1.000000,6,right_shoulder,1,1,2.000000,465.520000,349.510000,2.000000,464.564636,350.142487,1.145757,51.004431,1,0.079000,0.998384
SP_T_Yoga_1,posenet,95,3.145858,ok,1,direct,1.000000,7,left_elbow,1,1,2.000000,570.310000,395.610000,2.000000,574.489380,397.198273,4.470998,51.004431,1,0.072000,0.970790
SP_T_Yoga_1,posenet,95,3.145858,ok,1,direct,1.000000,8,right_elbow,1,1,2.000000,440.400000,392.850000,2.000000,435.888580,400.079224,8.521419,51.004431,1,0.072000,0.897906
SP_T_Yoga_1,posenet,95,3.145858,ok,1,direct,1.000000,9,left_wrist,1,1,2.000000,584.340000,440.360000,2.000000,585.959900,438.492096,2.472477,51.004431,1,0.062000,0.987848
SP_T_Yoga_1,posenet,95,3.145858,ok,1,direct,1.000000,10,right_wrist,1,1,2.000000,412.350000,448.920000,2.000000,411.036041,448.095276,1.551341,51.004431,1,0.062000,0.995198
SP_T_Yoga_1,posenet,95,3.145858,ok,1,direct,1.000000,11,left_hip,1,1,2.000000,535.160000,448.780000,2.000000,534.343018,471.143005,22.377924,51.004431,1,0.107000,0.714431
SP_T_Yoga_1,posenet,95,3.145858,ok,1,direct,1.000000,12,right_hip,1,1,2.000000,487.940000,448.710000,2.000000,482.726105,471.143005,23.030945,51.004431,1,0.107000,0.700346
SP_T_Yoga_1,posenet,95,3.145858,ok,1,direct,1.000000,13,left_knee,1,1,2.000000,533.270000,568.840000,2.000000,534.343018,572.937134,4.235313,51.004431,1,0.087000,0.981945
SP_T_Yoga_1,posenet,95,3.145858,ok,1,direct,1.000000,14,right_knee,1,1,2.000000,480.290000,563.470000,2.000000,480.814392,571.016479,7.564677,51.004431,1,0.087000,0.943533
SP_T_Yoga_1,posenet,95,3.145858,ok,1,direct,1.000000,15,left_ankle,1,1,2.000000,530.400000,671.480000,2.000000,529.563660,658.405701,13.101022,51.004431,1,0.089000,0.846548
SP_T_Yoga_1,posenet,95,3.145858,ok,1,direct,1.000000,16,right_ankle,1,1,2.000000,489.770000,674.040000,2.000000,483.681976,661.286743,14.131864,51.004431,1,0.089000,0.823793
SP_T_Yoga_1,posenet,96,3.178972,ok,1,direct,1.000000,0,nose,1,1,2.000000,506.460000,295.900000,2.000000,505.601318,295.389374,0.999036,49.148608,1,0.026000,0.987850
SP_T_Yoga_1,posenet,96,3.178972,ok,1,direct,1.000000,1,left_eye,0,0,0.000000,0.000000,0.000000,2.000000,513.261597,287.708069,,,,0.025000,
SP_T_Yoga_1,posenet,96,3.178972,ok,1,direct,1.000000,2,right_eye,0,0,0.000000,0.000000,0.000000,2.000000,496.983551,287.708069,,,,0.025000,
SP_T_Yoga_1,posenet,96,3.178972,ok,1,direct,1.000000,3,left_ear,0,0,0.000000,0.000000,0.000000,2.000000,524.752075,296.349487,,,,0.035000,
SP_T_Yoga_1,posenet,96,3.178972,ok,1,direct,1.000000,4,right_ear,0,0,0.000000,0.000000,0.000000,2.000000,484.535553,296.349487,,,,0.035000,
SP_T_Yoga_1,posenet,96,3.178972,ok,1,direct,1.000000,5,left_shoulder,1,1,2.000000,548.360000,354.320000,2.000000,547.732910,347.238037,7.109672,49.148608,1,0.079000,0.935141
SP_T_Yoga_1,posenet,96,3.178972,ok,1,direct,1.000000,6,right_shoulder,1,1,2.000000,462.280000,351.000000,2.000000,461.554688,351.078674,0.729567,49.148608,1,0.079000,0.999294
SP_T_Yoga_1,posenet,96,3.178972,ok,1,direct,1.000000,7,left_elbow,1,1,2.000000,568.070000,402.820000,2.000000,570.713867,405.807831,3.989632,49.148608,1,0.072000,0.974898
SP_T_Yoga_1,posenet,96,3.178972,ok,1,direct,1.000000,8,right_elbow,1,1,2.000000,439.660000,396.830000,2.000000,438.573822,403.887482,7.140576,49.148608,1,0.072000,0.921793
SP_T_Yoga_1,posenet,96,3.178972,ok,1,direct,1.000000,9,left_wrist,1,1,2.000000,578.120000,452.800000,2.000000,577.416565,453.815857,1.235632,49.148608,1,0.062000,0.996717
SP_T_Yoga_1,posenet,96,3.178972,ok,1,direct,1.000000,10,right_wrist,1,1,2.000000,418.810000,457.630000,2.000000,418.465546,454.776031,2.874680,49.148608,1,0.062000,0.982358
SP_T_Yoga_1,posenet,96,3.178972,ok,1,direct,1.000000,11,left_hip,1,1,2.000000,531.680000,448.780000,2.000000,534.327393,472.058899,23.428953,49.148608,1,0.107000,0.672362
SP_T_Yoga_1,posenet,96,3.178972,ok,1,direct,1.000000,12,right_hip,1,1,2.000000,484.210000,449.200000,2.000000,480.705414,472.058899,23.125989,49.148608,1,0.107000,0.679255
SP_T_Yoga_1,posenet,96,3.178972,ok,1,direct,1.000000,13,left_knee,1,1,2.000000,532.020000,569.090000,2.000000,531.454834,571.915649,2.881615,49.148608,1,0.087000,0.990958
SP_T_Yoga_1,posenet,96,3.178972,ok,1,direct,1.000000,14,right_knee,1,1,2.000000,479.720000,563.860000,2.000000,480.705414,570.955444,7.163545,49.148608,1,0.087000,0.945413
SP_T_Yoga_1,posenet,96,3.178972,ok,1,direct,1.000000,15,left_ankle,1,1,2.000000,530.400000,671.480000,2.000000,528.582214,658.330078,13.274969,49.148608,1,0.089000,0.831768
SP_T_Yoga_1,posenet,96,3.178972,ok,1,direct,1.000000,16,right_ankle,1,1,2.000000,490.200000,674.970000,2.000000,483.578003,665.051208,11.926159,49.148608,1,0.089000,0.861852
SP_T_Yoga_1,posenet,97,3.212086,ok,1,direct,1.000000,0,nose,1,1,2.000000,503.720000,295.900000,2.000000,504.307373,295.930420,0.588160,47.207683,1,0.026000,0.995418
SP_T_Yoga_1,posenet,97,3.212086,ok,1,direct,1.000000,1,left_eye,0,0,0.000000,0.000000,0.000000,2.000000,511.018494,288.242279,,,,0.025000,
SP_T_Yoga_1,posenet,97,3.212086,ok,1,direct,1.000000,2,right_eye,0,0,0.000000,0.000000,0.000000,2.000000,495.678741,288.242279,,,,0.025000,
SP_T_Yoga_1,posenet,97,3.212086,ok,1,direct,1.000000,3,left_ear,0,0,0.000000,0.000000,0.000000,2.000000,522.523254,296.891388,,,,0.035000,
SP_T_Yoga_1,posenet,97,3.212086,ok,1,direct,1.000000,4,right_ear,0,0,0.000000,0.000000,0.000000,2.000000,482.256500,296.891388,,,,0.035000,
SP_T_Yoga_1,posenet,97,3.212086,ok,1,direct,1.000000,5,left_shoulder,1,1,2.000000,547.130000,354.640000,2.000000,546.491577,347.824982,6.844856,47.207683,1,0.079000,0.934847
SP_T_Yoga_1,posenet,97,3.212086,ok,1,direct,1.000000,6,right_shoulder,1,1,2.000000,459.050000,352.490000,2.000000,460.205597,350.708008,2.123888,47.207683,1,0.079000,0.993534
SP_T_Yoga_1,posenet,97,3.212086,ok,1,direct,1.000000,7,left_elbow,1,1,2.000000,565.840000,410.040000,2.000000,564.707520,408.368652,2.018890,47.207683,1,0.072000,0.992969
SP_T_Yoga_1,posenet,97,3.212086,ok,1,direct,1.000000,8,right_elbow,1,1,2.000000,438.910000,400.810000,2.000000,439.113464,407.407654,6.600790,47.207683,1,0.072000,0.927347
SP_T_Yoga_1,posenet,97,3.212086,ok,1,direct,1.000000,9,left_wrist,1,1,2.000000,571.900000,465.240000,2.000000,571.418701,461.224274,4.044466,47.207683,1,0.062000,0.962531
SP_T_Yoga_1,posenet,97,3.212086,ok,1,direct,1.000000,10,right_wrist,1,1,2.000000,425.280000,466.340000,2.000000,424.732452,467.951355,1.701844,47.207683,1,0.062000,0.993261
SP_T_Yoga_1,posenet,97,3.212086,ok,1,direct,1.000000,11,left_hip,1,1,2.000000,528.200000,448.780000,2.000000,532.110596,476.600464,28.093967,47.207683,1,0.107000,0.538657
SP_T_Yoga_1,posenet,97,3.212086,ok,1,direct,1.000000,12,right_hip,1,1,2.000000,480.480000,449.700000,2.000000,478.421539,476.600464,26.979107,47.207683,1,0.107000,0.565216
SP_T_Yoga_1,posenet,97,3.212086,ok,1,direct,1.000000,13,left_knee,1,1,2.000000,530.780000,569.340000,2.000000,531.151917,572.701538,3.382050,47.207683,1,0.087000,0.986529
SP_T_Yoga_1,posenet,97,3.212086,ok,1,direct,1.000000,14,right_knee,1,1,2.000000,479.150000,564.250000,2.000000,480.338989,571.740479,7.584258,47.207683,1,0.087000,0.934072
SP_T_Yoga_1,posenet,97,3.212086,ok,1,direct,1.000000,15,left_ankle,1,1,2.000000,530.400000,671.480000,2.000000,529.234375,657.270508,14.257221,47.207683,1,0.089000,0.794295
SP_T_Yoga_1,posenet,97,3.212086,ok,1,direct,1.000000,16,right_ankle,1,1,2.000000,490.620000,675.890000,2.000000,484.173950,663.997620,13.527020,47.207683,1,0.089000,0.812764
SP_T_Yoga_1,posenet,98,3.245201,ok,1,direct,1.000000,0,nose,1,1,2.000000,502.650000,295.900000,2.000000,503.272461,294.144897,1.862214,45.469216,1,0.026000,0.951585
SP_T_Yoga_1,posenet,98,3.245201,ok,1,direct,1.000000,1,left_eye,0,0,0.000000,0.000000,0.000000,2.000000,510.940491,286.467438,,,,0.025000,
SP_T_Yoga_1,posenet,98,3.245201,ok,1,direct,1.000000,2,right_eye,0,0,0.000000,0.000000,0.000000,2.000000,494.645935,286.467438,,,,0.025000,
SP_T_Yoga_1,posenet,98,3.245201,ok,1,direct,1.000000,3,left_ear,0,0,0.000000,0.000000,0.000000,2.000000,521.483948,295.104584,,,,0.035000,
SP_T_Yoga_1,posenet,98,3.245201,ok,1,direct,1.000000,4,right_ear,0,0,0.000000,0.000000,0.000000,2.000000,480.268494,295.104584,,,,0.035000,
SP_T_Yoga_1,posenet,98,3.245201,ok,1,direct,1.000000,5,left_shoulder,1,1,2.000000,545.910000,354.960000,2.000000,541.612427,347.887146,8.276134,45.469216,1,0.079000,0.899273
SP_T_Yoga_1,posenet,98,3.245201,ok,1,direct,1.000000,6,right_shoulder,1,1,2.000000,458.300000,352.490000,2.000000,459.181488,348.846802,3.748322,45.469216,1,0.079000,0.978458
SP_T_Yoga_1,posenet,98,3.245201,ok,1,direct,1.000000,7,left_elbow,1,1,2.000000,561.450000,411.110000,2.000000,560.782410,410.266510,1.075710,45.469216,1,0.072000,0.997843
SP_T_Yoga_1,posenet,98,3.245201,ok,1,direct,1.000000,8,right_elbow,1,1,2.000000,440.410000,403.700000,2.000000,440.969971,412.185883,8.504338,45.469216,1,0.072000,0.873749
SP_T_Yoga_1,posenet,98,3.245201,ok,1,direct,1.000000,9,left_wrist,1,1,2.000000,566.550000,468.770000,2.000000,566.533447,465.928131,2.841917,45.469216,1,0.062000,0.979880
SP_T_Yoga_1,posenet,98,3.245201,ok,1,direct,1.000000,10,right_wrist,1,1,2.000000,430.530000,470.940000,2.000000,431.384979,472.645935,1.908194,45.469216,1,0.062000,0.990878
SP_T_Yoga_1,posenet,98,3.245201,ok,1,direct,1.000000,11,left_hip,1,1,2.000000,527.340000,453.220000,2.000000,532.027466,472.645935,19.983475,45.469216,1,0.107000,0.713610
SP_T_Yoga_1,posenet,98,3.245201,ok,1,direct,1.000000,12,right_hip,1,1,2.000000,481.340000,452.140000,2.000000,476.434479,472.645935,21.084533,45.469216,1,0.107000,0.686859
SP_T_Yoga_1,posenet,98,3.245201,ok,1,direct,1.000000,13,left_knee,1,1,2.000000,530.780000,569.340000,2.000000,530.110474,572.452881,3.184069,45.469216,1,0.087000,0.987126
SP_T_Yoga_1,posenet,98,3.245201,ok,1,direct,1.000000,14,right_knee,1,1,2.000000,478.580000,564.650000,2.000000,479.309967,570.533569,5.928679,45.469216,1,0.087000,0.956071
SP_T_Yoga_1,posenet,98,3.245201,ok,1,direct,1.000000,15,left_ankle,1,1,2.000000,530.400000,671.480000,2.000000,527.234985,658.824402,13.045362,45.469216,1,0.089000,0.812338
SP_T_Yoga_1,posenet,98,3.245201,ok,1,direct,1.000000,16,right_ankle,1,1,2.000000,490.620000,675.890000,2.000000,484.102478,664.582458,13.051383,45.469216,1,0.089000,0.812182
SP_T_Yoga_1,posenet,99,3.278315,ok,1,direct,1.000000,0,nose,1,1,2.000000,501.580000,295.900000,2.000000,501.253815,293.697479,2.226543,43.659842,1,0.026000,0.925941
SP_T_Yoga_1,posenet,99,3.278315,ok,1,direct,1.000000,1,left_eye,0,0,0.000000,0.000000,0.000000,2.000000,508.919861,286.021545,,,,0.025000,
SP_T_Yoga_1,posenet,99,3.278315,ok,1,direct,1.000000,2,right_eye,0,0,0.000000,0.000000,0.000000,2.000000,493.587769,286.021545,,,,0.025000,
SP_T_Yoga_1,posenet,99,3.278315,ok,1,direct,1.000000,3,left_ear,0,0,0.000000,0.000000,0.000000,2.000000,519.460693,295.616486,,,,0.035000,
SP_T_Yoga_1,posenet,99,3.278315,ok,1,direct,1.000000,4,right_ear,0,0,0.000000,0.000000,0.000000,2.000000,478.255707,295.616486,,,,0.035000,
SP_T_Yoga_1,posenet,99,3.278315,ok,1,direct,1.000000,5,left_shoulder,1,1,2.000000,544.690000,355.280000,2.000000,541.500549,348.388580,7.593699,43.659842,1,0.079000,0.907607
SP_T_Yoga_1,posenet,99,3.278315,ok,1,direct,1.000000,6,right_shoulder,1,1,2.000000,457.550000,352.490000,2.000000,457.174072,350.307556,2.214584,43.659842,1,0.079000,0.991789
SP_T_Yoga_1,posenet,99,3.278315,ok,1,direct,1.000000,7,left_elbow,1,1,2.000000,557.060000,412.180000,2.000000,554.916077,415.553101,3.996776,43.659842,1,0.072000,0.968186
SP_T_Yoga_1,posenet,99,3.278315,ok,1,direct,1.000000,8,right_elbow,1,1,2.000000,441.910000,406.590000,2.000000,443.758514,412.674622,6.359216,43.659842,1,0.072000,0.921412
SP_T_Yoga_1,posenet,99,3.278315,ok,1,direct,1.000000,9,left_wrist,1,1,2.000000,561.190000,472.300000,2.000000,559.707397,471.203705,1.843902,43.659842,1,0.062000,0.990763
SP_T_Yoga_1,posenet,99,3.278315,ok,1,direct,1.000000,10,right_wrist,1,1,2.000000,435.780000,475.550000,2.000000,436.092468,473.122681,2.447349,43.659842,1,0.062000,0.983785
SP_T_Yoga_1,posenet,99,3.278315,ok,1,direct,1.000000,11,left_hip,1,1,2.000000,526.480000,457.670000,2.000000,530.001465,472.163177,14.914855,43.659842,1,0.107000,0.815575
SP_T_Yoga_1,posenet,99,3.278315,ok,1,direct,1.000000,12,right_hip,1,1,2.000000,482.200000,454.570000,2.000000,475.380920,473.122681,19.766178,43.659842,1,0.107000,0.699038
SP_T_Yoga_1,posenet,99,3.278315,ok,1,direct,1.000000,13,left_knee,1,1,2.000000,530.780000,569.340000,2.000000,528.084961,571.950439,3.752017,43.659842,1,0.087000,0.980675
SP_T_Yoga_1,posenet,99,3.278315,ok,1,direct,1.000000,14,right_knee,1,1,2.000000,478.010000,565.040000,2.000000,479.213959,571.950439,7.014534,43.659842,1,0.087000,0.934068
SP_T_Yoga_1,posenet,99,3.278315,ok,1,direct,1.000000,15,left_ankle,1,1,2.000000,530.400000,671.480000,2.000000,528.084961,658.304810,13.377034,43.659842,1,0.089000,0.788967
SP_T_Yoga_1,posenet,99,3.278315,ok,1,direct,1.000000,16,right_ankle,1,1,2.000000,490.620000,675.890000,2.000000,483.046967,665.021301,13.246866,43.659842,1,0.089000,0.792597
SP_T_Yoga_1,posenet,100,3.311429,ok,1,direct,1.000000,0,nose,1,1,2.000000,500.510000,295.900000,2.000000,501.197418,293.728729,2.277490,41.775807,1,0.026000,0.915823
SP_T_Yoga_1,posenet,100,3.311429,ok,1,direct,1.000000,1,left_eye,0,0,0.000000,0.000000,0.000000,2.000000,508.835052,286.055450,,,,0.025000,
SP_T_Yoga_1,posenet,100,3.311429,ok,1,direct,1.000000,2,right_eye,0,0,0.000000,0.000000,0.000000,2.000000,491.650421,286.055450,,,,0.025000,
SP_T_Yoga_1,posenet,100,3.311429,ok,1,direct,1.000000,3,left_ear,0,0,0.000000,0.000000,0.000000,2.000000,517.427307,295.647064,,,,0.035000,
SP_T_Yoga_1,posenet,100,3.311429,ok,1,direct,1.000000,4,right_ear,0,0,0.000000,0.000000,0.000000,2.000000,477.329895,294.687897,,,,0.035000,
SP_T_Yoga_1,posenet,100,3.311429,ok,1,direct,1.000000,5,left_shoulder,1,1,2.000000,543.470000,355.600000,2.000000,539.385437,349.360229,7.457774,41.775807,1,0.079000,0.902914
SP_T_Yoga_1,posenet,100,3.311429,ok,1,direct,1.000000,6,right_shoulder,1,1,2.000000,456.800000,352.490000,2.000000,455.371765,353.196869,1.593587,41.775807,1,0.079000,0.995348
SP_T_Yoga_1,posenet,100,3.311429,ok,1,direct,1.000000,7,left_elbow,1,1,2.000000,552.670000,413.250000,2.000000,551.796570,417.460815,4.300447,41.775807,1,0.072000,0.959941
SP_T_Yoga_1,posenet,100,3.311429,ok,1,direct,1.000000,8,right_elbow,1,1,2.000000,443.410000,409.480000,2.000000,444.870026,416.501678,7.171865,41.775807,1,0.072000,0.892521
SP_T_Yoga_1,posenet,100,3.311429,ok,1,direct,1.000000,9,left_wrist,1,1,2.000000,555.840000,475.840000,2.000000,555.615417,473.092285,2.756878,41.775807,1,0.062000,0.977596
SP_T_Yoga_1,posenet,100,3.311429,ok,1,direct,1.000000,10,right_wrist,1,1,2.000000,441.020000,480.150000,2.000000,442.005920,475.969818,4.294876,41.775807,1,0.062000,0.946493
SP_T_Yoga_1,posenet,100,3.311429,ok,1,direct,1.000000,11,left_hip,1,1,2.000000,525.620000,462.110000,2.000000,526.974365,473.092285,11.065482,41.775807,1,0.107000,0.884652
SP_T_Yoga_1,posenet,100,3.311429,ok,1,direct,1.000000,12,right_hip,1,1,2.000000,483.060000,457.010000,2.000000,475.420502,477.888153,22.231941,41.775807,1,0.107000,0.609736
SP_T_Yoga_1,posenet,100,3.311429,ok,1,direct,1.000000,13,left_knee,1,1,2.000000,530.780000,569.340000,2.000000,528.883728,571.886108,3.174668,41.775807,1,0.087000,0.984856
SP_T_Yoga_1,posenet,100,3.311429,ok,1,direct,1.000000,14,right_knee,1,1,2.000000,477.440000,565.430000,2.000000,480.194000,572.845276,7.910173,41.775807,1,0.087000,0.909613
SP_T_Yoga_1,posenet,100,3.311429,ok,1,direct,1.000000,15,left_ankle,1,1,2.000000,530.400000,671.480000,2.000000,527.929016,658.210876,13.497237,41.775807,1,0.089000,0.768307
SP_T_Yoga_1,posenet,100,3.311429,ok,1,direct,1.000000,16,right_ankle,1,1,2.000000,490.620000,675.890000,2.000000,484.012817,664.924988,12.801811,41.775807,1,0.089000,0.788907
SP_T_Yoga_1,posenet,101,3.344543,ok,1,direct,1.000000,0,nose,1,1,2.000000,499.580000,296.110000,2.000000,500.307770,293.708923,2.508948,40.463657,1,0.026000,0.892485
SP_T_Yoga_1,posenet,101,3.344543,ok,1,direct,1.000000,1,left_eye,0,0,0.000000,0.000000,0.000000,2.000000,507.005127,286.023834,,,,0.025000,
SP_T_Yoga_1,posenet,101,3.344543,ok,1,direct,1.000000,2,right_eye,0,0,0.000000,0.000000,0.000000,2.000000,490.740112,286.984497,,,,0.025000,
SP_T_Yoga_1,posenet,101,3.344543,ok,1,direct,1.000000,3,left_ear,0,0,0.000000,0.000000,0.000000,2.000000,516.572815,295.630249,,,,0.035000,
SP_T_Yoga_1,posenet,101,3.344543,ok,1,direct,1.000000,4,right_ear,0,0,0.000000,0.000000,0.000000,2.000000,476.388611,294.669617,,,,0.035000,
SP_T_Yoga_1,posenet,101,3.344543,ok,1,direct,1.000000,5,left_shoulder,1,1,2.000000,541.060000,355.600000,2.000000,538.578430,348.465363,7.553889,40.463657,1,0.079000,0.894328
SP_T_Yoga_1,posenet,101,3.344543,ok,1,direct,1.000000,6,right_shoulder,1,1,2.000000,455.130000,352.860000,2.000000,454.382965,353.268555,0.851456,40.463657,1,0.079000,0.998582
SP_T_Yoga_1,posenet,101,3.344543,ok,1,direct,1.000000,7,left_elbow,1,1,2.000000,550.060000,413.440000,2.000000,549.102905,417.631317,4.299206,40.463657,1,0.072000,0.957382
SP_T_Yoga_1,posenet,101,3.344543,ok,1,direct,1.000000,8,right_elbow,1,1,2.000000,443.410000,409.480000,2.000000,446.728821,419.552612,10.605286,40.463657,1,0.072000,0.767190
SP_T_Yoga_1,posenet,101,3.344543,ok,1,direct,1.000000,9,left_wrist,1,1,2.000000,551.190000,477.510000,2.000000,551.016418,472.387726,5.125214,40.463657,1,0.062000,0.919917
SP_T_Yoga_1,posenet,101,3.344543,ok,1,direct,1.000000,10,right_wrist,1,1,2.000000,444.740000,480.150000,2.000000,444.815308,478.151581,1.999838,40.463657,1,0.062000,0.987372
SP_T_Yoga_1,posenet,101,3.344543,ok,1,direct,1.000000,11,left_hip,1,1,2.000000,525.620000,462.110000,2.000000,525.183655,477.190948,15.087260,40.463657,1,0.107000,0.784383
SP_T_Yoga_1,posenet,101,3.344543,ok,1,direct,1.000000,12,right_hip,1,1,2.000000,482.070000,457.880000,2.000000,473.518280,478.151581,22.001566,40.463657,1,0.107000,0.596627
SP_T_Yoga_1,posenet,101,3.344543,ok,1,direct,1.000000,13,left_knee,1,1,2.000000,530.780000,569.340000,2.000000,527.097229,572.294128,4.721194,40.463657,1,0.087000,0.964667
SP_T_Yoga_1,posenet,101,3.344543,ok,1,direct,1.000000,14,right_knee,1,1,2.000000,476.870000,565.820000,2.000000,480.215668,573.254822,8.152918,40.463657,1,0.087000,0.898281
SP_T_Yoga_1,posenet,101,3.344543,ok,1,direct,1.000000,15,left_ankle,1,1,2.000000,530.400000,671.480000,2.000000,528.054016,657.791016,13.888554,40.463657,1,0.089000,0.742700
SP_T_Yoga_1,posenet,101,3.344543,ok,1,direct,1.000000,16,right_ankle,1,1,2.000000,490.620000,675.890000,2.000000,484.042725,664.515442,13.139297,40.463657,1,0.089000,0.766260
SP_T_Yoga_1,posenet,102,3.377658,ok,1,direct,1.000000,0,nose,1,1,2.000000,498.640000,296.320000,2.000000,498.262146,293.808502,2.539763,39.746325,1,0.026000,0.886209
SP_T_Yoga_1,posenet,102,3.377658,ok,1,direct,1.000000,1,left_eye,0,0,0.000000,0.000000,0.000000,2.000000,505.909851,286.133026,,,,0.025000,
SP_T_Yoga_1,posenet,102,3.377658,ok,1,direct,1.000000,2,right_eye,0,0,0.000000,0.000000,0.000000,2.000000,488.702484,286.133026,,,,0.025000,
SP_T_Yoga_1,posenet,102,3.377658,ok,1,direct,1.000000,3,left_ear,0,0,0.000000,0.000000,0.000000,2.000000,515.469482,295.727356,,,,0.035000,
SP_T_Yoga_1,posenet,102,3.377658,ok,1,direct,1.000000,4,right_ear,0,0,0.000000,0.000000,0.000000,2.000000,475.319000,295.727356,,,,0.035000,
SP_T_Yoga_1,posenet,102,3.377658,ok,1,direct,1.000000,5,left_shoulder,1,1,2.000000,538.640000,355.600000,2.000000,537.456604,348.496002,7.201889,39.746325,1,0.079000,0.900132
SP_T_Yoga_1,posenet,102,3.377658,ok,1,direct,1.000000,6,right_shoulder,1,1,2.000000,453.460000,353.230000,2.000000,452.375885,354.252594,1.490303,39.746325,1,0.079000,0.995505
SP_T_Yoga_1,posenet,102,3.377658,ok,1,direct,1.000000,7,left_elbow,1,1,2.000000,547.460000,413.620000,2.000000,548.928162,415.656097,2.510217,39.746325,1,0.072000,0.984729
SP_T_Yoga_1,posenet,102,3.377658,ok,1,direct,1.000000,8,right_elbow,1,1,2.000000,443.410000,409.480000,2.000000,445.684143,421.412659,12.147431,39.746325,1,0.072000,0.697423
SP_T_Yoga_1,posenet,102,3.377658,ok,1,direct,1.000000,9,left_wrist,1,1,2.000000,546.550000,479.180000,2.000000,547.016235,473.221893,5.976321,39.746325,1,0.062000,0.889024
SP_T_Yoga_1,posenet,102,3.377658,ok,1,direct,1.000000,10,right_wrist,1,1,2.000000,448.450000,480.150000,2.000000,447.596069,478.978485,1.449705,39.746325,1,0.062000,0.993102
SP_T_Yoga_1,posenet,102,3.377658,ok,1,direct,1.000000,11,left_hip,1,1,2.000000,525.620000,462.110000,2.000000,524.073120,477.059631,15.029448,39.746325,1,0.107000,0.778974
SP_T_Yoga_1,posenet,102,3.377658,ok,1,direct,1.000000,12,right_hip,1,1,2.000000,481.070000,458.750000,2.000000,474.363037,478.019043,20.402925,39.746325,1,0.107000,0.631086
SP_T_Yoga_1,posenet,102,3.377658,ok,1,direct,1.000000,13,left_knee,1,1,2.000000,530.780000,569.340000,2.000000,527.896973,573.002625,4.661187,39.746325,1,0.087000,0.964312
SP_T_Yoga_1,posenet,102,3.377658,ok,1,direct,1.000000,14,right_knee,1,1,2.000000,476.290000,566.220000,2.000000,479.142853,573.002625,7.358177,39.746325,1,0.087000,0.913419
SP_T_Yoga_1,posenet,102,3.377658,ok,1,direct,1.000000,15,left_ankle,1,1,2.000000,530.400000,671.480000,2.000000,527.896973,657.432434,14.268821,39.746325,1,0.089000,0.722230
SP_T_Yoga_1,posenet,102,3.377658,ok,1,direct,1.000000,16,right_ankle,1,1,2.000000,490.620000,675.890000,2.000000,483.922668,664.148499,13.517289,39.746325,1,0.089000,0.746742
SP_T_Yoga_1,posenet,103,3.410772,ok,1,direct,1.000000,0,nose,1,1,2.000000,498.010000,296.420000,2.000000,496.988770,294.265137,2.384606,39.741089,1,0.026000,0.898956
SP_T_Yoga_1,posenet,103,3.410772,ok,1,direct,1.000000,1,left_eye,0,0,0.000000,0.000000,0.000000,2.000000,504.658478,286.589233,,,,0.025000,
SP_T_Yoga_1,posenet,103,3.410772,ok,1,direct,1.000000,2,right_eye,0,0,0.000000,0.000000,0.000000,2.000000,488.360352,286.589233,,,,0.025000,
SP_T_Yoga_1,posenet,103,3.410772,ok,1,direct,1.000000,3,left_ear,0,0,0.000000,0.000000,0.000000,2.000000,514.245605,295.224609,,,,0.035000,
SP_T_Yoga_1,posenet,103,3.410772,ok,1,direct,1.000000,4,right_ear,0,0,0.000000,0.000000,0.000000,2.000000,473.979645,295.224609,,,,0.035000,
SP_T_Yoga_1,posenet,103,3.410772,ok,1,direct,1.000000,5,left_shoulder,1,1,2.000000,538.640000,355.600000,2.000000,535.337280,348.955841,7.419758,39.741089,1,0.079000,0.894307
SP_T_Yoga_1,posenet,103,3.410772,ok,1,direct,1.000000,6,right_shoulder,1,1,2.000000,453.460000,353.230000,2.000000,452.888000,353.753296,0.775256,39.741089,1,0.079000,0.998781
SP_T_Yoga_1,posenet,103,3.410772,ok,1,direct,1.000000,7,left_elbow,1,1,2.000000,547.460000,413.620000,2.000000,547.800537,416.119873,2.522961,39.741089,1,0.072000,0.984571
SP_T_Yoga_1,posenet,103,3.410772,ok,1,direct,1.000000,8,right_elbow,1,1,2.000000,443.410000,409.480000,2.000000,446.177002,420.917297,11.767246,39.741089,1,0.072000,0.713019
SP_T_Yoga_1,posenet,103,3.410772,ok,1,direct,1.000000,9,left_wrist,1,1,2.000000,546.550000,479.180000,2.000000,546.841858,472.729553,6.457046,39.741089,1,0.062000,0.871663
SP_T_Yoga_1,posenet,103,3.410772,ok,1,direct,1.000000,10,right_wrist,1,1,2.000000,448.450000,480.150000,2.000000,448.094421,478.486481,1.701097,39.741089,1,0.062000,0.990512
SP_T_Yoga_1,posenet,103,3.410772,ok,1,direct,1.000000,11,left_hip,1,1,2.000000,525.620000,462.110000,2.000000,523.832764,476.567505,14.567555,39.741089,1,0.107000,0.790790
SP_T_Yoga_1,posenet,103,3.410772,ok,1,direct,1.000000,12,right_hip,1,1,2.000000,480.080000,459.620000,2.000000,473.979645,477.526978,18.917563,39.741089,1,0.107000,0.673118
SP_T_Yoga_1,posenet,103,3.410772,ok,1,direct,1.000000,13,left_knee,1,1,2.000000,530.780000,569.340000,2.000000,527.667542,573.475586,5.175951,39.741089,1,0.087000,0.956168
SP_T_Yoga_1,posenet,103,3.410772,ok,1,direct,1.000000,14,right_knee,1,1,2.000000,475.720000,566.610000,2.000000,478.773224,572.516113,6.648635,39.741089,1,0.087000,0.928712
SP_T_Yoga_1,posenet,103,3.410772,ok,1,direct,1.000000,15,left_ankle,1,1,2.000000,530.400000,671.480000,2.000000,528.626282,656.950867,14.637001,39.741089,1,0.089000,0.709985
SP_T_Yoga_1,posenet,103,3.410772,ok,1,direct,1.000000,16,right_ankle,1,1,2.000000,490.620000,675.890000,2.000000,483.566803,663.667297,14.111770,39.741089,1,0.089000,0.727333
SP_T_Yoga_1,posenet,104,3.443886,ok,1,direct,1.000000,0,nose,1,1,2.000000,497.380000,296.530000,2.000000,496.429230,294.368408,2.361449,39.735328,1,0.026000,0.900781
SP_T_Yoga_1,posenet,104,3.443886,ok,1,direct,1.000000,1,left_eye,0,0,0.000000,0.000000,0.000000,2.000000,503.116608,286.690216,,,,0.025000,
SP_T_Yoga_1,posenet,104,3.443886,ok,1,direct,1.000000,2,right_eye,0,0,0.000000,0.000000,0.000000,2.000000,486.875763,287.649994,,,,0.025000,
SP_T_Yoga_1,posenet,104,3.443886,ok,1,direct,1.000000,3,left_ear,0,0,0.000000,0.000000,0.000000,2.000000,513.625427,297.247742,,,,0.035000,
SP_T_Yoga_1,posenet,104,3.443886,ok,1,direct,1.000000,4,right_ear,0,0,0.000000,0.000000,0.000000,2.000000,472.545563,296.287994,,,,0.035000,
SP_T_Yoga_1,posenet,104,3.443886,ok,1,direct,1.000000,5,left_shoulder,1,1,2.000000,538.640000,355.600000,2.000000,534.643005,349.075592,7.651396,39.735328,1,0.079000,0.887964
SP_T_Yoga_1,posenet,104,3.443886,ok,1,direct,1.000000,6,right_shoulder,1,1,2.000000,453.460000,353.230000,2.000000,451.527985,353.874481,2.036674,39.735328,1,0.079000,0.991616
SP_T_Yoga_1,posenet,104,3.443886,ok,1,direct,1.000000,7,left_elbow,1,1,2.000000,547.460000,413.620000,2.000000,547.062561,415.300110,1.726478,39.735328,1,0.072000,0.992743
SP_T_Yoga_1,posenet,104,3.443886,ok,1,direct,1.000000,8,right_elbow,1,1,2.000000,443.410000,409.480000,2.000000,445.795898,422.978271,13.707511,39.735328,1,0.072000,0.631838
SP_T_Yoga_1,posenet,104,3.443886,ok,1,direct,1.000000,9,left_wrist,1,1,2.000000,546.550000,479.180000,2.000000,547.062561,471.926849,7.271239,39.735328,1,0.062000,0.840108
SP_T_Yoga_1,posenet,104,3.443886,ok,1,direct,1.000000,10,right_wrist,1,1,2.000000,448.450000,480.150000,2.000000,445.795898,479.605011,2.709477,39.735328,1,0.062000,0.976099
SP_T_Yoga_1,posenet,104,3.443886,ok,1,direct,1.000000,11,left_hip,1,1,2.000000,525.620000,462.110000,2.000000,523.178894,472.886597,11.049617,39.735328,1,0.107000,0.873643
SP_T_Yoga_1,posenet,104,3.443886,ok,1,direct,1.000000,12,right_hip,1,1,2.000000,479.080000,460.490000,2.000000,472.545563,473.846375,14.869150,39.735328,1,0.107000,0.783007
SP_T_Yoga_1,posenet,104,3.443886,ok,1,direct,1.000000,13,left_knee,1,1,2.000000,530.780000,569.340000,2.000000,527.000244,572.703186,5.059405,39.735328,1,0.087000,0.958066
SP_T_Yoga_1,posenet,104,3.443886,ok,1,direct,1.000000,14,right_knee,1,1,2.000000,475.150000,567.000000,2.000000,478.277649,572.703186,6.504500,39.735328,1,0.087000,0.931643
SP_T_Yoga_1,posenet,104,3.443886,ok,1,direct,1.000000,15,left_ankle,1,1,2.000000,530.400000,671.480000,2.000000,527.955627,658.123230,13.578596,39.735328,1,0.089000,0.744641
SP_T_Yoga_1,posenet,104,3.443886,ok,1,direct,1.000000,16,right_ankle,1,1,2.000000,490.620000,675.890000,2.000000,484.009735,664.841675,12.874824,39.735328,1,0.089000,0.767144
SP_T_Yoga_1,posenet,105,3.477001,ok,1,direct,1.000000,0,nose,1,1,2.000000,496.750000,296.640000,2.000000,495.786987,294.778931,2.095465,39.729567,1,0.026000,0.920993
SP_T_Yoga_1,posenet,105,3.477001,ok,1,direct,1.000000,1,left_eye,0,0,0.000000,0.000000,0.000000,2.000000,503.449799,287.097412,,,,0.025000,
SP_T_Yoga_1,posenet,105,3.477001,ok,1,direct,1.000000,2,right_eye,0,0,0.000000,0.000000,0.000000,2.000000,486.208496,287.097412,,,,0.025000,
SP_T_Yoga_1,posenet,105,3.477001,ok,1,direct,1.000000,3,left_ear,0,0,0.000000,0.000000,0.000000,2.000000,513.028320,296.699341,,,,0.035000,
SP_T_Yoga_1,posenet,105,3.477001,ok,1,direct,1.000000,4,right_ear,0,0,0.000000,0.000000,0.000000,2.000000,471.840790,295.739136,,,,0.035000,
SP_T_Yoga_1,posenet,105,3.477001,ok,1,direct,1.000000,5,left_shoulder,1,1,2.000000,538.640000,355.600000,2.000000,534.100952,348.549713,8.385076,39.729567,1,0.079000,0.866975
SP_T_Yoga_1,posenet,105,3.477001,ok,1,direct,1.000000,6,right_shoulder,1,1,2.000000,453.460000,353.230000,2.000000,450.768097,354.310913,2.900813,39.729567,1,0.079000,0.983061
SP_T_Yoga_1,posenet,105,3.477001,ok,1,direct,1.000000,7,left_elbow,1,1,2.000000,547.460000,413.620000,2.000000,547.510864,411.922455,1.698307,39.729567,1,0.072000,0.992975
SP_T_Yoga_1,posenet,105,3.477001,ok,1,direct,1.000000,8,right_elbow,1,1,2.000000,443.410000,409.480000,2.000000,443.105316,422.484589,13.008157,39.729567,1,0.072000,0.661273
SP_T_Yoga_1,posenet,105,3.477001,ok,1,direct,1.000000,9,left_wrist,1,1,2.000000,546.550000,479.180000,2.000000,546.552979,472.414581,6.765419,39.729567,1,0.062000,0.859958
SP_T_Yoga_1,posenet,105,3.477001,ok,1,direct,1.000000,10,right_wrist,1,1,2.000000,448.450000,480.150000,2.000000,445.978851,479.135925,2.671128,39.729567,1,0.062000,0.976756
SP_T_Yoga_1,posenet,105,3.477001,ok,1,direct,1.000000,11,left_hip,1,1,2.000000,525.620000,462.110000,2.000000,523.564636,472.414581,10.507565,39.729567,1,0.107000,0.884979
SP_T_Yoga_1,posenet,105,3.477001,ok,1,direct,1.000000,12,right_hip,1,1,2.000000,479.080000,460.490000,2.000000,471.840790,472.414581,13.949975,39.729567,1,0.107000,0.806245
SP_T_Yoga_1,posenet,105,3.477001,ok,1,direct,1.000000,13,left_knee,1,1,2.000000,530.780000,569.340000,2.000000,527.396057,573.234863,5.159557,39.729567,1,0.087000,0.956414
SP_T_Yoga_1,posenet,105,3.477001,ok,1,direct,1.000000,14,right_knee,1,1,2.000000,475.150000,567.000000,2.000000,478.545715,573.234863,7.099606,39.729567,1,0.087000,0.919083
SP_T_Yoga_1,posenet,105,3.477001,ok,1,direct,1.000000,15,left_ankle,1,1,2.000000,530.400000,671.480000,2.000000,529.311707,657.731812,13.791195,39.729567,1,0.089000,0.737679
SP_T_Yoga_1,posenet,105,3.477001,ok,1,direct,1.000000,16,right_ankle,1,1,2.000000,490.620000,675.890000,2.000000,484.292816,664.453125,13.070400,39.729567,1,0.089000,0.760883
SP_T_Yoga_1,posenet,106,3.510115,ok,1,direct,1.000000,0,nose,1,1,2.000000,496.120000,296.750000,2.000000,495.097046,295.194733,1.861529,39.723805,1,0.026000,0.937094
SP_T_Yoga_1,posenet,106,3.510115,ok,1,direct,1.000000,1,left_eye,0,0,0.000000,0.000000,0.000000,2.000000,502.762695,287.519043,,,,0.025000,
SP_T_Yoga_1,posenet,106,3.510115,ok,1,direct,1.000000,2,right_eye,0,0,0.000000,0.000000,0.000000,2.000000,485.514954,287.519043,,,,0.025000,
SP_T_Yoga_1,posenet,106,3.510115,ok,1,direct,1.000000,3,left_ear,0,0,0.000000,0.000000,0.000000,2.000000,512.344727,296.154205,,,,0.035000,
SP_T_Yoga_1,posenet,106,3.510115,ok,1,direct,1.000000,4,right_ear,0,0,0.000000,0.000000,0.000000,2.000000,471.141876,295.194733,,,,0.035000,
SP_T_Yoga_1,posenet,106,3.510115,ok,1,direct,1.000000,5,left_shoulder,1,1,2.000000,538.640000,355.600000,2.000000,533.425293,348.924500,8.470860,39.723805,1,0.079000,0.864397
SP_T_Yoga_1,posenet,106,3.510115,ok,1,direct,1.000000,6,right_shoulder,1,1,2.000000,453.460000,353.230000,2.000000,450.061310,355.640717,4.166851,39.723805,1,0.079000,0.965354
SP_T_Yoga_1,posenet,106,3.510115,ok,1,direct,1.000000,7,left_elbow,1,1,2.000000,547.460000,413.620000,2.000000,547.798462,411.289398,2.355050,39.723805,1,0.072000,0.986531
SP_T_Yoga_1,posenet,106,3.510115,ok,1,direct,1.000000,8,right_elbow,1,1,2.000000,443.410000,409.480000,2.000000,442.395660,420.883972,11.448994,39.723805,1,0.072000,0.725802
SP_T_Yoga_1,posenet,106,3.510115,ok,1,direct,1.000000,9,left_wrist,1,1,2.000000,546.550000,479.180000,2.000000,546.840271,471.735352,7.450305,39.723805,1,0.062000,0.832753
SP_T_Yoga_1,posenet,106,3.510115,ok,1,direct,1.000000,10,right_wrist,1,1,2.000000,448.450000,480.150000,2.000000,444.312042,479.411041,4.203422,39.723805,1,0.062000,0.943407
SP_T_Yoga_1,posenet,106,3.510115,ok,1,direct,1.000000,11,left_hip,1,1,2.000000,525.620000,462.110000,2.000000,522.885071,472.694824,10.932444,39.723805,1,0.107000,0.876069
SP_T_Yoga_1,posenet,106,3.510115,ok,1,direct,1.000000,12,right_hip,1,1,2.000000,479.080000,460.490000,2.000000,471.141876,472.694824,14.559243,39.723805,1,0.107000,0.790840
SP_T_Yoga_1,posenet,106,3.510115,ok,1,direct,1.000000,13,left_knee,1,1,2.000000,530.780000,569.340000,2.000000,527.676086,573.438110,5.140894,39.723805,1,0.087000,0.956710
SP_T_Yoga_1,posenet,106,3.510115,ok,1,direct,1.000000,14,right_knee,1,1,2.000000,475.150000,567.000000,2.000000,477.849304,573.438110,6.981082,39.723805,1,0.087000,0.921633
SP_T_Yoga_1,posenet,106,3.510115,ok,1,direct,1.000000,15,left_ankle,1,1,2.000000,530.400000,671.480000,2.000000,528.634338,658.830017,12.772612,39.723805,1,0.089000,0.770250
SP_T_Yoga_1,posenet,106,3.510115,ok,1,direct,1.000000,16,right_ankle,1,1,2.000000,490.620000,675.890000,2.000000,483.598572,665.546265,12.501732,39.723805,1,0.089000,0.778734
SP_T_Yoga_1,posenet,107,3.543229,ok,1,direct,1.000000,0,nose,1,1,2.000000,495.490000,296.860000,2.000000,495.274628,294.712128,2.158643,39.718042,1,0.026000,0.916318
SP_T_Yoga_1,posenet,107,3.543229,ok,1,direct,1.000000,1,left_eye,0,0,0.000000,0.000000,0.000000,2.000000,501.950958,287.025452,,,,0.025000,
SP_T_Yoga_1,posenet,107,3.543229,ok,1,direct,1.000000,2,right_eye,0,0,0.000000,0.000000,0.000000,2.000000,485.737091,287.025452,,,,0.025000,
SP_T_Yoga_1,posenet,107,3.543229,ok,1,direct,1.000000,3,left_ear,0,0,0.000000,0.000000,0.000000,2.000000,511.488525,296.633789,,,,0.035000,
SP_T_Yoga_1,posenet,107,3.543229,ok,1,direct,1.000000,4,right_ear,0,0,0.000000,0.000000,0.000000,2.000000,471.430756,295.672974,,,,0.035000,
SP_T_Yoga_1,posenet,107,3.543229,ok,1,direct,1.000000,5,left_shoulder,1,1,2.000000,538.640000,355.600000,2.000000,531.517395,348.518829,10.043629,39.718042,1,0.079000,0.814714
SP_T_Yoga_1,posenet,107,3.543229,ok,1,direct,1.000000,6,right_shoulder,1,1,2.000000,453.460000,353.230000,2.000000,449.494354,355.244659,4.448056,39.718042,1,0.079000,0.960605
SP_T_Yoga_1,posenet,107,3.543229,ok,1,direct,1.000000,7,left_elbow,1,1,2.000000,547.460000,413.620000,2.000000,546.777466,411.933899,1.819008,39.718042,1,0.072000,0.991941
SP_T_Yoga_1,posenet,107,3.543229,ok,1,direct,1.000000,8,right_elbow,1,1,2.000000,443.410000,409.480000,2.000000,442.818054,422.503052,13.036498,39.718042,1,0.072000,0.659922
SP_T_Yoga_1,posenet,107,3.543229,ok,1,direct,1.000000,9,left_wrist,1,1,2.000000,546.550000,479.180000,2.000000,546.777466,472.466431,6.717422,39.718042,1,0.062000,0.861720
SP_T_Yoga_1,posenet,107,3.543229,ok,1,direct,1.000000,10,right_wrist,1,1,2.000000,448.450000,480.150000,2.000000,444.725555,479.192261,3.845615,39.718042,1,0.062000,0.952395
SP_T_Yoga_1,posenet,107,3.543229,ok,1,direct,1.000000,11,left_hip,1,1,2.000000,525.620000,462.110000,2.000000,522.933594,473.427246,11.631717,39.718042,1,0.107000,0.860862
SP_T_Yoga_1,posenet,107,3.543229,ok,1,direct,1.000000,12,right_hip,1,1,2.000000,479.080000,460.490000,2.000000,471.430756,473.427246,15.029414,39.718042,1,0.107000,0.778697
SP_T_Yoga_1,posenet,107,3.543229,ok,1,direct,1.000000,13,left_knee,1,1,2.000000,530.780000,569.340000,2.000000,526.748657,573.353943,5.688889,39.718042,1,0.087000,0.947234
SP_T_Yoga_1,posenet,107,3.543229,ok,1,direct,1.000000,14,right_knee,1,1,2.000000,475.150000,567.000000,2.000000,478.107025,573.353943,7.008323,39.718042,1,0.087000,0.921023
SP_T_Yoga_1,posenet,107,3.543229,ok,1,direct,1.000000,15,left_ankle,1,1,2.000000,530.400000,671.480000,2.000000,528.656128,658.868286,12.731709,39.718042,1,0.089000,0.771479
SP_T_Yoga_1,posenet,107,3.543229,ok,1,direct,1.000000,16,right_ankle,1,1,2.000000,490.620000,675.890000,2.000000,483.829590,665.594055,12.333538,39.718042,1,0.089000,0.783901
SP_T_Yoga_1,posenet,108,3.576343,ok,1,direct,1.000000,0,nose,1,1,2.000000,494.860000,296.970000,2.000000,494.644135,295.469116,1.516328,39.712278,1,0.026000,0.957783
SP_T_Yoga_1,posenet,108,3.576343,ok,1,direct,1.000000,1,left_eye,0,0,0.000000,0.000000,0.000000,2.000000,502.270782,287.792236,,,,0.025000,
SP_T_Yoga_1,posenet,108,3.576343,ok,1,direct,1.000000,2,right_eye,0,0,0.000000,0.000000,0.000000,2.000000,485.110748,287.792236,,,,0.025000,
SP_T_Yoga_1,posenet,108,3.576343,ok,1,direct,1.000000,3,left_ear,0,0,0.000000,0.000000,0.000000,2.000000,511.804138,296.428741,,,,0.035000,
SP_T_Yoga_1,posenet,108,3.576343,ok,1,direct,1.000000,4,right_ear,0,0,0.000000,0.000000,0.000000,2.000000,470.810730,295.469116,,,,0.035000,
SP_T_Yoga_1,posenet,108,3.576343,ok,1,direct,1.000000,5,left_shoulder,1,1,2.000000,538.640000,355.600000,2.000000,531.824219,348.247711,10.025519,39.712278,1,0.079000,0.815267
SP_T_Yoga_1,posenet,108,3.576343,ok,1,direct,1.000000,6,right_shoulder,1,1,2.000000,453.460000,353.230000,2.000000,449.837341,354.964996,4.016699,39.712278,1,0.079000,0.967747
SP_T_Yoga_1,posenet,108,3.576343,ok,1,direct,1.000000,7,left_elbow,1,1,2.000000,547.460000,413.620000,2.000000,547.077576,411.582031,2.073539,39.712278,1,0.072000,0.989537
SP_T_Yoga_1,posenet,108,3.576343,ok,1,direct,1.000000,8,right_elbow,1,1,2.000000,443.410000,409.480000,2.000000,443.164001,421.178162,11.700748,39.712278,1,0.072000,0.715394
SP_T_Yoga_1,posenet,108,3.576343,ok,1,direct,1.000000,9,left_wrist,1,1,2.000000,546.550000,479.180000,2.000000,547.077576,472.037506,7.161952,39.712278,1,0.062000,0.844320
SP_T_Yoga_1,posenet,108,3.576343,ok,1,direct,1.000000,10,right_wrist,1,1,2.000000,448.450000,480.150000,2.000000,444.117340,478.754791,4.551763,39.712278,1,0.062000,0.933931
SP_T_Yoga_1,posenet,108,3.576343,ok,1,direct,1.000000,11,left_hip,1,1,2.000000,525.620000,462.110000,2.000000,523.244141,473.956726,12.082617,39.712278,1,0.107000,0.850689
SP_T_Yoga_1,posenet,108,3.576343,ok,1,direct,1.000000,12,right_hip,1,1,2.000000,479.080000,460.490000,2.000000,471.764069,473.956726,15.325651,39.712278,1,0.107000,0.770924
SP_T_Yoga_1,posenet,108,3.576343,ok,1,direct,1.000000,13,left_knee,1,1,2.000000,530.780000,569.340000,2.000000,527.057495,573.756226,5.775820,39.712278,1,0.087000,0.945639
SP_T_Yoga_1,posenet,108,3.576343,ok,1,direct,1.000000,14,right_knee,1,1,2.000000,475.150000,567.000000,2.000000,478.437378,573.756226,7.513550,39.712278,1,0.087000,0.909748
SP_T_Yoga_1,posenet,108,3.576343,ok,1,direct,1.000000,15,left_ankle,1,1,2.000000,530.400000,671.480000,2.000000,528.010864,658.201965,13.491263,39.712278,1,0.089000,0.747209
SP_T_Yoga_1,posenet,108,3.576343,ok,1,direct,1.000000,16,right_ankle,1,1,2.000000,490.620000,675.890000,2.000000,484.157410,664.919250,12.732730,39.712278,1,0.089000,0.771388
SP_T_Yoga_1,posenet,109,3.609458,ok,1,direct,1.000000,0,nose,1,1,2.000000,494.240000,297.080000,2.000000,494.148651,295.662476,1.420465,39.706514,1,0.026000,0.962844
SP_T_Yoga_1,posenet,109,3.609458,ok,1,direct,1.000000,1,left_eye,0,0,0.000000,0.000000,0.000000,2.000000,501.798584,288.943024,,,,0.025000,
SP_T_Yoga_1,posenet,109,3.609458,ok,1,direct,1.000000,2,right_eye,0,0,0.000000,0.000000,0.000000,2.000000,484.586212,288.943024,,,,0.025000,
SP_T_Yoga_1,posenet,109,3.609458,ok,1,direct,1.000000,3,left_ear,0,0,0.000000,0.000000,0.000000,2.000000,511.360992,297.582306,,,,0.035000,
SP_T_Yoga_1,posenet,109,3.609458,ok,1,direct,1.000000,4,right_ear,0,0,0.000000,0.000000,0.000000,2.000000,470.242523,296.622406,,,,0.035000,
SP_T_Yoga_1,posenet,109,3.609458,ok,1,direct,1.000000,5,left_shoulder,1,1,2.000000,538.640000,355.600000,2.000000,530.485901,348.458160,10.839521,39.706514,1,0.079000,0.787556
SP_T_Yoga_1,posenet,109,3.609458,ok,1,direct,1.000000,6,right_shoulder,1,1,2.000000,453.460000,353.230000,2.000000,449.205139,355.177612,4.679427,39.706514,1,0.079000,0.956468
SP_T_Yoga_1,posenet,109,3.609458,ok,1,direct,1.000000,7,left_elbow,1,1,2.000000,547.460000,413.620000,2.000000,545.785828,410.853058,3.234010,39.706514,1,0.072000,0.974732
SP_T_Yoga_1,posenet,109,3.609458,ok,1,direct,1.000000,8,right_elbow,1,1,2.000000,443.410000,409.480000,2.000000,442.511444,423.332031,13.881144,39.706514,1,0.072000,0.624058
SP_T_Yoga_1,posenet,109,3.609458,ok,1,direct,1.000000,9,left_wrist,1,1,2.000000,546.550000,479.180000,2.000000,545.785828,472.288025,6.934211,39.706514,1,0.062000,0.853271
SP_T_Yoga_1,posenet,109,3.609458,ok,1,direct,1.000000,10,right_wrist,1,1,2.000000,448.450000,480.150000,2.000000,444.423920,479.007477,4.185055,39.706514,1,0.062000,0.943839
SP_T_Yoga_1,posenet,109,3.609458,ok,1,direct,1.000000,11,left_hip,1,1,2.000000,525.620000,462.110000,2.000000,521.879761,473.247955,11.749189,39.706514,1,0.107000,0.858171
SP_T_Yoga_1,posenet,109,3.609458,ok,1,direct,1.000000,12,right_hip,1,1,2.000000,479.080000,460.490000,2.000000,471.198761,478.047546,19.245295,39.706514,1,0.107000,0.663397
SP_T_Yoga_1,posenet,109,3.609458,ok,1,direct,1.000000,13,left_knee,1,1,2.000000,530.780000,569.340000,2.000000,526.660950,573.079712,5.563454,39.706514,1,0.087000,0.949448
SP_T_Yoga_1,posenet,109,3.609458,ok,1,direct,1.000000,14,right_knee,1,1,2.000000,475.150000,567.000000,2.000000,477.892487,573.079712,6.669642,39.706514,1,0.087000,0.928157
SP_T_Yoga_1,posenet,109,3.609458,ok,1,direct,1.000000,15,left_ankle,1,1,2.000000,530.400000,671.480000,2.000000,528.573425,658.512756,13.095258,39.706514,1,0.089000,0.759850
SP_T_Yoga_1,posenet,109,3.609458,ok,1,direct,1.000000,16,right_ankle,1,1,2.000000,490.620000,675.890000,2.000000,484.586212,666.192139,11.421695,39.706514,1,0.089000,0.811457
SP_T_Yoga_1,posenet,110,3.642572,ok,1,direct,1.000000,0,nose,1,1,2.000000,493.610000,297.190000,2.000000,493.555145,297.854797,0.667057,39.700748,1,0.026000,0.991682
SP_T_Yoga_1,posenet,110,3.642572,ok,1,direct,1.000000,1,left_eye,0,0,0.000000,0.000000,0.000000,2.000000,501.197784,290.173035,,,,0.025000,
SP_T_Yoga_1,posenet,110,3.642572,ok,1,direct,1.000000,2,right_eye,0,0,0.000000,0.000000,0.000000,2.000000,484.957153,290.173035,,,,0.025000,
SP_T_Yoga_1,posenet,110,3.642572,ok,1,direct,1.000000,3,left_ear,0,0,0.000000,0.000000,0.000000,2.000000,510.751068,297.854797,,,,0.035000,
SP_T_Yoga_1,posenet,110,3.642572,ok,1,direct,1.000000,4,right_ear,0,0,0.000000,0.000000,0.000000,2.000000,470.627228,297.854797,,,,0.035000,
SP_T_Yoga_1,posenet,110,3.642572,ok,1,direct,1.000000,5,left_shoulder,1,1,2.000000,538.640000,355.600000,2.000000,530.812988,347.786072,11.059819,39.700748,1,0.079000,0.779814
SP_T_Yoga_1,posenet,110,3.642572,ok,1,direct,1.000000,6,right_shoulder,1,1,2.000000,453.460000,353.230000,2.000000,449.609985,355.467804,4.453131,39.700748,1,0.079000,0.960483
SP_T_Yoga_1,posenet,110,3.642572,ok,1,direct,1.000000,7,left_elbow,1,1,2.000000,547.460000,413.620000,2.000000,547.053528,412.120605,1.553513,39.700748,1,0.072000,0.994110
SP_T_Yoga_1,posenet,110,3.642572,ok,1,direct,1.000000,8,right_elbow,1,1,2.000000,443.410000,409.480000,2.000000,442.922699,422.683014,13.212004,39.700748,1,0.072000,0.652286
SP_T_Yoga_1,posenet,110,3.642572,ok,1,direct,1.000000,9,left_wrist,1,1,2.000000,546.550000,479.180000,2.000000,547.053528,472.614288,6.584991,39.700748,1,0.062000,0.866633
SP_T_Yoga_1,posenet,110,3.642572,ok,1,direct,1.000000,10,right_wrist,1,1,2.000000,448.450000,480.150000,2.000000,443.878021,478.375580,4.904239,39.700748,1,0.062000,0.923675
SP_T_Yoga_1,posenet,110,3.642572,ok,1,direct,1.000000,11,left_hip,1,1,2.000000,525.620000,462.110000,2.000000,523.170288,473.574524,11.723327,39.700748,1,0.107000,0.858710
SP_T_Yoga_1,posenet,110,3.642572,ok,1,direct,1.000000,12,right_hip,1,1,2.000000,479.080000,460.490000,2.000000,470.627228,473.574524,15.577359,39.700748,1,0.107000,0.764190
SP_T_Yoga_1,posenet,110,3.642572,ok,1,direct,1.000000,13,left_knee,1,1,2.000000,530.780000,569.340000,2.000000,526.036316,573.437073,6.268057,39.700748,1,0.087000,0.936256
SP_T_Yoga_1,posenet,110,3.642572,ok,1,direct,1.000000,14,right_knee,1,1,2.000000,475.150000,567.000000,2.000000,478.269867,573.437073,7.153284,39.700748,1,0.087000,0.917793
SP_T_Yoga_1,posenet,110,3.642572,ok,1,direct,1.000000,15,left_ankle,1,1,2.000000,530.400000,671.480000,2.000000,527.946960,658.896423,12.820445,39.700748,1,0.089000,0.768508
SP_T_Yoga_1,posenet,110,3.642572,ok,1,direct,1.000000,16,right_ankle,1,1,2.000000,490.620000,675.890000,2.000000,484.957153,666.578125,10.898571,39.700748,1,0.089000,0.826728
SP_T_Yoga_1,posenet,111,3.675686,ok,1,direct,1.000000,0,nose,1,1,2.000000,493.380000,297.420000,2.000000,493.857269,297.253357,0.505525,39.688690,1,0.026000,0.995212
SP_T_Yoga_1,posenet,111,3.675686,ok,1,direct,1.000000,1,left_eye,0,0,0.000000,0.000000,0.000000,2.000000,500.555145,289.566315,,,,0.025000,
SP_T_Yoga_1,posenet,111,3.675686,ok,1,direct,1.000000,2,right_eye,0,0,0.000000,0.000000,0.000000,2.000000,484.288757,289.566315,,,,0.025000,
SP_T_Yoga_1,posenet,111,3.675686,ok,1,direct,1.000000,3,left_ear,0,0,0.000000,0.000000,0.000000,2.000000,510.123596,298.214203,,,,0.035000,
SP_T_Yoga_1,posenet,111,3.675686,ok,1,direct,1.000000,4,right_ear,0,0,0.000000,0.000000,0.000000,2.000000,469.936066,296.292480,,,,0.035000,
SP_T_Yoga_1,posenet,111,3.675686,ok,1,direct,1.000000,5,left_shoulder,1,1,2.000000,538.640000,355.600000,2.000000,531.174255,348.179932,10.525909,39.688690,1,0.079000,0.798194
SP_T_Yoga_1,posenet,111,3.675686,ok,1,direct,1.000000,6,right_shoulder,1,1,2.000000,452.640000,353.230000,2.000000,449.842285,354.906067,3.261351,39.688690,1,0.079000,0.978593
SP_T_Yoga_1,posenet,111,3.675686,ok,1,direct,1.000000,7,left_elbow,1,1,2.000000,547.460000,413.620000,2.000000,546.483765,411.597900,2.245423,39.688690,1,0.072000,0.987727
SP_T_Yoga_1,posenet,111,3.675686,ok,1,direct,1.000000,8,right_elbow,1,1,2.000000,443.410000,409.480000,2.000000,443.144348,423.128479,13.651064,39.688690,1,0.072000,0.633548
SP_T_Yoga_1,posenet,111,3.675686,ok,1,direct,1.000000,9,left_wrist,1,1,2.000000,546.550000,479.180000,2.000000,546.483765,473.094147,6.086214,39.688690,1,0.062000,0.884838
SP_T_Yoga_1,posenet,111,3.675686,ok,1,direct,1.000000,10,right_wrist,1,1,2.000000,448.450000,480.150000,2.000000,444.101227,478.859406,4.536239,39.688690,1,0.062000,0.934290
SP_T_Yoga_1,posenet,111,3.675686,ok,1,direct,1.000000,11,left_hip,1,1,2.000000,525.620000,462.110000,2.000000,521.605774,473.094147,11.694678,39.688690,1,0.107000,0.859270
SP_T_Yoga_1,posenet,111,3.675686,ok,1,direct,1.000000,12,right_hip,1,1,2.000000,479.080000,460.490000,2.000000,470.892914,473.094147,15.029734,39.688690,1,0.107000,0.778401
SP_T_Yoga_1,posenet,111,3.675686,ok,1,direct,1.000000,13,left_knee,1,1,2.000000,530.780000,569.340000,2.000000,526.390015,573.025513,5.731926,39.688690,1,0.087000,0.946378
SP_T_Yoga_1,posenet,111,3.675686,ok,1,direct,1.000000,14,right_knee,1,1,2.000000,475.150000,567.000000,2.000000,478.547699,573.986450,7.768838,39.688690,1,0.087000,0.903712
SP_T_Yoga_1,posenet,111,3.675686,ok,1,direct,1.000000,15,left_ankle,1,1,2.000000,530.400000,671.480000,2.000000,528.303711,658.543762,13.104987,39.688690,1,0.089000,0.759352
SP_T_Yoga_1,posenet,111,3.675686,ok,1,direct,1.000000,16,right_ankle,1,1,2.000000,490.620000,675.890000,2.000000,484.288757,666.230774,11.549255,39.688690,1,0.089000,0.807503
SP_T_Yoga_1,posenet,112,3.708801,ok,1,direct,1.000000,0,nose,1,1,2.000000,493.150000,297.650000,2.000000,492.733978,295.811768,1.884721,39.676629,1,0.026000,0.935421
SP_T_Yoga_1,posenet,112,3.708801,ok,1,direct,1.000000,1,left_eye,0,0,0.000000,0.000000,0.000000,2.000000,500.412537,289.094055,,,,0.025000,
SP_T_Yoga_1,posenet,112,3.708801,ok,1,direct,1.000000,2,right_eye,0,0,0.000000,0.000000,0.000000,2.000000,484.095490,289.094055,,,,0.025000,
SP_T_Yoga_1,posenet,112,3.708801,ok,1,direct,1.000000,3,left_ear,0,0,0.000000,0.000000,0.000000,2.000000,510.010834,297.731110,,,,0.035000,
SP_T_Yoga_1,posenet,112,3.708801,ok,1,direct,1.000000,4,right_ear,0,0,0.000000,0.000000,0.000000,2.000000,469.698120,295.811768,,,,0.035000,
SP_T_Yoga_1,posenet,112,3.708801,ok,1,direct,1.000000,5,left_shoulder,1,1,2.000000,538.640000,355.600000,2.000000,531.127014,348.593781,10.272880,39.676629,1,0.079000,0.806680
SP_T_Yoga_1,posenet,112,3.708801,ok,1,direct,1.000000,6,right_shoulder,1,1,2.000000,451.830000,353.230000,2.000000,449.541748,355.311493,3.093333,39.676629,1,0.079000,0.980710
SP_T_Yoga_1,posenet,112,3.708801,ok,1,direct,1.000000,7,left_elbow,1,1,2.000000,547.460000,413.620000,2.000000,546.484192,414.811188,1.539847,39.676629,1,0.072000,0.994206
SP_T_Yoga_1,posenet,112,3.708801,ok,1,direct,1.000000,8,right_elbow,1,1,2.000000,443.410000,409.480000,2.000000,442.822968,422.488586,13.021825,39.676629,1,0.072000,0.659967
SP_T_Yoga_1,posenet,112,3.708801,ok,1,direct,1.000000,9,left_wrist,1,1,2.000000,546.550000,479.180000,2.000000,546.484192,473.351288,5.829084,39.676629,1,0.062000,0.893777
SP_T_Yoga_1,posenet,112,3.708801,ok,1,direct,1.000000,10,right_wrist,1,1,2.000000,448.450000,480.150000,2.000000,443.782806,479.109283,4.781818,39.676629,1,0.062000,0.927213
SP_T_Yoga_1,posenet,112,3.708801,ok,1,direct,1.000000,11,left_hip,1,1,2.000000,525.620000,462.110000,2.000000,521.528748,473.351288,11.962646,39.676629,1,0.107000,0.853168
SP_T_Yoga_1,posenet,112,3.708801,ok,1,direct,1.000000,12,right_hip,1,1,2.000000,479.080000,460.490000,2.000000,470.657928,473.351288,15.373484,39.676629,1,0.107000,0.769308
SP_T_Yoga_1,posenet,112,3.708801,ok,1,direct,1.000000,13,left_knee,1,1,2.000000,530.780000,569.340000,2.000000,526.327881,573.157227,5.864519,39.676629,1,0.087000,0.943907
SP_T_Yoga_1,posenet,112,3.708801,ok,1,direct,1.000000,14,right_knee,1,1,2.000000,475.150000,567.000000,2.000000,478.336548,573.157227,6.932931,39.676629,1,0.087000,0.922491
SP_T_Yoga_1,posenet,112,3.708801,ok,1,direct,1.000000,15,left_ankle,1,1,2.000000,530.400000,671.480000,2.000000,527.287720,658.568115,13.281681,39.676629,1,0.089000,0.753569
SP_T_Yoga_1,posenet,112,3.708801,ok,1,direct,1.000000,16,right_ankle,1,1,2.000000,490.620000,675.890000,2.000000,484.095490,665.285828,12.450611,39.676629,1,0.089000,0.779865
SP_T_Yoga_1,posenet,113,3.741915,ok,1,direct,1.000000,0,nose,1,1,2.000000,492.920000,297.870000,2.000000,492.729034,295.697327,2.181050,39.665088,1,0.026000,0.914431
SP_T_Yoga_1,posenet,113,3.741915,ok,1,direct,1.000000,1,left_eye,0,0,0.000000,0.000000,0.000000,2.000000,500.409210,289.936401,,,,0.025000,
SP_T_Yoga_1,posenet,113,3.741915,ok,1,direct,1.000000,2,right_eye,0,0,0.000000,0.000000,0.000000,2.000000,483.128845,288.976257,,,,0.025000,
SP_T_Yoga_1,posenet,113,3.741915,ok,1,direct,1.000000,3,left_ear,0,0,0.000000,0.000000,0.000000,2.000000,510.009369,298.577789,,,,0.035000,
SP_T_Yoga_1,posenet,113,3.741915,ok,1,direct,1.000000,4,right_ear,0,0,0.000000,0.000000,0.000000,2.000000,469.688568,295.697327,,,,0.035000,
SP_T_Yoga_1,posenet,113,3.741915,ok,1,direct,1.000000,5,left_shoulder,1,1,2.000000,538.640000,355.600000,2.000000,531.129883,349.466156,9.696695,39.665088,1,0.079000,0.825706
SP_T_Yoga_1,posenet,113,3.741915,ok,1,direct,1.000000,6,right_shoulder,1,1,2.000000,451.020000,353.230000,2.000000,449.528137,355.227081,2.492787,39.665088,1,0.079000,0.987423
SP_T_Yoga_1,posenet,113,3.741915,ok,1,direct,1.000000,7,left_elbow,1,1,2.000000,547.460000,413.620000,2.000000,545.530090,415.716980,2.849891,39.665088,1,0.072000,0.980281
SP_T_Yoga_1,posenet,113,3.741915,ok,1,direct,1.000000,8,right_elbow,1,1,2.000000,443.410000,409.480000,2.000000,442.807983,420.517761,11.054166,39.665088,1,0.072000,0.741085
SP_T_Yoga_1,posenet,113,3.741915,ok,1,direct,1.000000,9,left_wrist,1,1,2.000000,546.550000,479.180000,2.000000,545.530090,473.326416,5.941773,39.665088,1,0.062000,0.889806
SP_T_Yoga_1,posenet,113,3.741915,ok,1,direct,1.000000,10,right_wrist,1,1,2.000000,448.450000,480.150000,2.000000,443.768036,479.087372,4.801038,39.665088,1,0.062000,0.926607
SP_T_Yoga_1,posenet,113,3.741915,ok,1,direct,1.000000,11,left_hip,1,1,2.000000,525.620000,462.110000,2.000000,521.529602,473.326416,11.938984,39.665088,1,0.107000,0.853625
SP_T_Yoga_1,posenet,113,3.741915,ok,1,direct,1.000000,12,right_hip,1,1,2.000000,479.080000,460.490000,2.000000,470.648560,473.326416,15.357824,39.665088,1,0.107000,0.769602
SP_T_Yoga_1,posenet,113,3.741915,ok,1,direct,1.000000,13,left_knee,1,1,2.000000,530.780000,569.340000,2.000000,526.329712,573.182739,5.879771,39.665088,1,0.087000,0.943591
SP_T_Yoga_1,posenet,113,3.741915,ok,1,direct,1.000000,14,right_knee,1,1,2.000000,475.150000,567.000000,2.000000,478.328735,573.182739,6.952023,39.665088,1,0.087000,0.922037
SP_T_Yoga_1,posenet,113,3.741915,ok,1,direct,1.000000,15,left_ankle,1,1,2.000000,530.400000,671.480000,2.000000,526.329712,658.636719,13.472829,39.665088,1,0.089000,0.747286
SP_T_Yoga_1,posenet,113,3.741915,ok,1,direct,1.000000,16,right_ankle,1,1,2.000000,490.620000,675.890000,2.000000,484.088837,665.357849,12.392832,39.665088,1,0.089000,0.781550
SP_T_Yoga_1,posenet,114,3.775029,ok,1,direct,1.000000,0,nose,1,1,2.000000,492.700000,298.100000,2.000000,493.211975,297.218170,1.019678,39.653020,1,0.026000,0.980626
SP_T_Yoga_1,posenet,114,3.775029,ok,1,direct,1.000000,1,left_eye,0,0,0.000000,0.000000,0.000000,2.000000,499.912079,289.534210,,,,0.025000,
SP_T_Yoga_1,posenet,114,3.775029,ok,1,direct,1.000000,2,right_eye,0,0,0.000000,0.000000,0.000000,2.000000,483.640411,289.534210,,,,0.025000,
SP_T_Yoga_1,posenet,114,3.775029,ok,1,direct,1.000000,3,left_ear,0,0,0.000000,0.000000,0.000000,2.000000,510.440857,298.178650,,,,0.035000,
SP_T_Yoga_1,posenet,114,3.775029,ok,1,direct,1.000000,4,right_ear,0,0,0.000000,0.000000,0.000000,2.000000,470.240173,297.218170,,,,0.035000,
SP_T_Yoga_1,posenet,114,3.775029,ok,1,direct,1.000000,5,left_shoulder,1,1,2.000000,538.640000,355.600000,2.000000,530.541199,349.084686,10.394224,39.653020,1,0.079000,0.802362
SP_T_Yoga_1,posenet,114,3.775029,ok,1,direct,1.000000,6,right_shoulder,1,1,2.000000,450.200000,353.230000,2.000000,449.182678,354.847656,1.910957,39.653020,1,0.079000,0.992585
SP_T_Yoga_1,posenet,114,3.775029,ok,1,direct,1.000000,7,left_elbow,1,1,2.000000,547.460000,413.620000,2.000000,545.855774,415.358612,2.365653,39.653020,1,0.072000,0.986362
SP_T_Yoga_1,posenet,114,3.775029,ok,1,direct,1.000000,8,right_elbow,1,1,2.000000,443.410000,409.480000,2.000000,442.482574,422.082062,12.636142,39.653020,1,0.072000,0.675853
SP_T_Yoga_1,posenet,114,3.775029,ok,1,direct,1.000000,9,left_wrist,1,1,2.000000,546.550000,479.180000,2.000000,545.855774,472.988098,6.230698,39.653020,1,0.062000,0.879449
SP_T_Yoga_1,posenet,114,3.775029,ok,1,direct,1.000000,10,right_wrist,1,1,2.000000,448.450000,480.150000,2.000000,443.439728,478.751038,5.201915,39.653020,1,0.062000,0.914351
SP_T_Yoga_1,posenet,114,3.775029,ok,1,direct,1.000000,11,left_hip,1,1,2.000000,525.620000,462.110000,2.000000,521.926758,472.988098,11.487953,39.653020,1,0.107000,0.863622
SP_T_Yoga_1,posenet,114,3.775029,ok,1,direct,1.000000,12,right_hip,1,1,2.000000,479.080000,460.490000,2.000000,471.197357,473.948608,15.597121,39.653020,1,0.107000,0.763173
SP_T_Yoga_1,posenet,114,3.775029,ok,1,direct,1.000000,13,left_knee,1,1,2.000000,530.780000,569.340000,2.000000,526.712524,573.839722,6.065629,39.653020,1,0.087000,0.940044
SP_T_Yoga_1,posenet,114,3.775029,ok,1,direct,1.000000,14,right_knee,1,1,2.000000,475.150000,567.000000,2.000000,477.897461,572.879211,6.489504,39.653020,1,0.087000,0.931674
SP_T_Yoga_1,posenet,114,3.775029,ok,1,direct,1.000000,15,left_ankle,1,1,2.000000,530.400000,671.480000,2.000000,526.712524,658.362976,13.625483,39.653020,1,0.089000,0.742207
SP_T_Yoga_1,posenet,114,3.775029,ok,1,direct,1.000000,16,right_ankle,1,1,2.000000,490.620000,675.890000,2.000000,484.597565,666.046875,11.539360,39.653020,1,0.089000,0.807489
SP_T_Yoga_1,posenet,115,3.808143,ok,1,direct,1.000000,0,nose,1,1,2.000000,492.470000,298.330000,2.000000,492.735840,297.252289,1.110015,39.640948,1,0.026000,0.977069
SP_T_Yoga_1,posenet,115,3.808143,ok,1,direct,1.000000,1,left_eye,0,0,0.000000,0.000000,0.000000,2.000000,500.375916,289.573853,,,,0.025000,
SP_T_Yoga_1,posenet,115,3.808143,ok,1,direct,1.000000,2,right_eye,0,0,0.000000,0.000000,0.000000,2.000000,483.185730,289.573853,,,,0.025000,
SP_T_Yoga_1,posenet,115,3.808143,ok,1,direct,1.000000,3,left_ear,0,0,0.000000,0.000000,0.000000,2.000000,509.925995,298.212097,,,,0.035000,
SP_T_Yoga_1,posenet,115,3.808143,ok,1,direct,1.000000,4,right_ear,0,0,0.000000,0.000000,0.000000,2.000000,469.815582,298.212097,,,,0.035000,
SP_T_Yoga_1,posenet,115,3.808143,ok,1,direct,1.000000,5,left_shoulder,1,1,2.000000,538.640000,355.600000,2.000000,530.936157,351.001404,8.971972,39.640948,1,0.079000,0.848607
SP_T_Yoga_1,posenet,115,3.808143,ok,1,direct,1.000000,6,right_shoulder,1,1,2.000000,449.390000,353.230000,2.000000,448.805389,354.840637,1.713453,39.640948,1,0.079000,0.994031
SP_T_Yoga_1,posenet,115,3.808143,ok,1,direct,1.000000,7,left_elbow,1,1,2.000000,547.460000,413.620000,2.000000,545.261353,416.268158,3.441917,39.640948,1,0.072000,0.971333
SP_T_Yoga_1,posenet,115,3.808143,ok,1,direct,1.000000,8,right_elbow,1,1,2.000000,443.410000,409.480000,2.000000,442.120331,421.067200,11.658750,39.640948,1,0.072000,0.716255
SP_T_Yoga_1,posenet,115,3.808143,ok,1,direct,1.000000,9,left_wrist,1,1,2.000000,546.550000,479.180000,2.000000,546.216309,472.896698,6.292157,39.640948,1,0.062000,0.877142
SP_T_Yoga_1,posenet,115,3.808143,ok,1,direct,1.000000,10,right_wrist,1,1,2.000000,448.450000,480.150000,2.000000,444.030365,478.655518,4.665474,39.640948,1,0.062000,0.930466
SP_T_Yoga_1,posenet,115,3.808143,ok,1,direct,1.000000,11,left_hip,1,1,2.000000,525.620000,462.110000,2.000000,521.386108,472.896698,11.587868,39.640948,1,0.107000,0.861334
SP_T_Yoga_1,posenet,115,3.808143,ok,1,direct,1.000000,12,right_hip,1,1,2.000000,479.080000,460.490000,2.000000,470.770630,472.896698,14.932240,39.640948,1,0.107000,0.780461
SP_T_Yoga_1,posenet,115,3.808143,ok,1,direct,1.000000,13,left_knee,1,1,2.000000,530.780000,569.340000,2.000000,526.161133,572.716431,5.721383,39.640948,1,0.087000,0.946444
SP_T_Yoga_1,posenet,115,3.808143,ok,1,direct,1.000000,14,right_knee,1,1,2.000000,475.150000,567.000000,2.000000,477.455658,572.716431,6.163898,39.640948,1,0.087000,0.938111
SP_T_Yoga_1,posenet,115,3.808143,ok,1,direct,1.000000,15,left_ankle,1,1,2.000000,530.400000,671.480000,2.000000,527.116089,658.139160,13.739071,39.640948,1,0.089000,0.738375
SP_T_Yoga_1,posenet,115,3.808143,ok,1,direct,1.000000,16,right_ankle,1,1,2.000000,490.620000,675.890000,2.000000,485.095734,665.817627,11.487829,39.640948,1,0.089000,0.808924
SP_T_Yoga_1,posenet,116,3.841258,ok,1,direct,1.000000,0,nose,1,1,2.000000,492.470000,298.330000,2.000000,492.698730,298.030670,0.376717,39.640948,1,0.026000,0.997332
SP_T_Yoga_1,posenet,116,3.841258,ok,1,direct,1.000000,1,left_eye,0,0,0.000000,0.000000,0.000000,2.000000,500.327911,290.356201,,,,0.025000,
SP_T_Yoga_1,posenet,116,3.841258,ok,1,direct,1.000000,2,right_eye,0,0,0.000000,0.000000,0.000000,2.000000,483.162323,290.356201,,,,0.025000,
SP_T_Yoga_1,posenet,116,3.841258,ok,1,direct,1.000000,3,left_ear,0,0,0.000000,0.000000,0.000000,2.000000,509.864319,298.989960,,,,0.035000,
SP_T_Yoga_1,posenet,116,3.841258,ok,1,direct,1.000000,4,right_ear,0,0,0.000000,0.000000,0.000000,2.000000,469.811340,298.030670,,,,0.035000,
SP_T_Yoga_1,posenet,116,3.841258,ok,1,direct,1.000000,5,left_shoulder,1,1,2.000000,538.640000,355.600000,2.000000,530.844421,351.751831,8.693644,39.640948,1,0.079000,0.857159
SP_T_Yoga_1,posenet,116,3.841258,ok,1,direct,1.000000,6,right_shoulder,1,1,2.000000,449.390000,353.230000,2.000000,449.784851,354.629761,1.454386,39.640948,1,0.079000,0.995696
SP_T_Yoga_1,posenet,116,3.841258,ok,1,direct,1.000000,7,left_elbow,1,1,2.000000,547.460000,413.620000,2.000000,546.102722,415.066132,1.983305,39.640948,1,0.072000,0.990389
SP_T_Yoga_1,posenet,116,3.841258,ok,1,direct,1.000000,8,right_elbow,1,1,2.000000,443.410000,409.480000,2.000000,442.155701,420.821960,11.411106,39.640948,1,0.072000,0.726372
SP_T_Yoga_1,posenet,116,3.841258,ok,1,direct,1.000000,9,left_wrist,1,1,2.000000,546.550000,479.180000,2.000000,546.102722,472.624512,6.570729,39.640948,1,0.062000,0.866797
SP_T_Yoga_1,posenet,116,3.841258,ok,1,direct,1.000000,10,right_wrist,1,1,2.000000,448.450000,480.150000,2.000000,443.109344,478.380341,5.626215,39.640948,1,0.062000,0.900498
SP_T_Yoga_1,posenet,116,3.841258,ok,1,direct,1.000000,11,left_hip,1,1,2.000000,525.620000,462.110000,2.000000,522.261719,472.624512,11.037799,39.640948,1,0.107000,0.873334
SP_T_Yoga_1,posenet,116,3.841258,ok,1,direct,1.000000,12,right_hip,1,1,2.000000,479.080000,460.490000,2.000000,470.764984,472.624512,14.710060,39.640948,1,0.107000,0.786196
SP_T_Yoga_1,posenet,116,3.841258,ok,1,direct,1.000000,13,left_knee,1,1,2.000000,530.780000,569.340000,2.000000,527.029907,573.351746,5.491566,39.640948,1,0.087000,0.950554
SP_T_Yoga_1,posenet,116,3.841258,ok,1,direct,1.000000,14,right_knee,1,1,2.000000,475.150000,567.000000,2.000000,478.394135,573.351746,7.132256,39.640948,1,0.087000,0.918019
SP_T_Yoga_1,posenet,116,3.841258,ok,1,direct,1.000000,15,left_ankle,1,1,2.000000,530.400000,671.480000,2.000000,527.983521,658.730042,12.976934,39.640948,1,0.089000,0.762932
SP_T_Yoga_1,posenet,116,3.841258,ok,1,direct,1.000000,16,right_ankle,1,1,2.000000,490.620000,675.890000,2.000000,485.069641,665.445129,11.828009,39.640948,1,0.089000,0.798681
SP_T_Yoga_1,posenet,117,3.874372,ok,1,direct,1.000000,0,nose,1,1,2.000000,492.470000,298.330000,2.000000,492.328644,297.882996,0.468822,39.640948,1,0.026000,0.995870
SP_T_Yoga_1,posenet,117,3.874372,ok,1,direct,1.000000,1,left_eye,0,0,0.000000,0.000000,0.000000,2.000000,499.968750,290.205444,,,,0.025000,
SP_T_Yoga_1,posenet,117,3.874372,ok,1,direct,1.000000,2,right_eye,0,0,0.000000,0.000000,0.000000,2.000000,482.778473,290.205444,,,,0.025000,
SP_T_Yoga_1,posenet,117,3.874372,ok,1,direct,1.000000,3,left_ear,0,0,0.000000,0.000000,0.000000,2.000000,509.518951,298.842682,,,,0.035000,
SP_T_Yoga_1,posenet,117,3.874372,ok,1,direct,1.000000,4,right_ear,0,0,0.000000,0.000000,0.000000,2.000000,469.408264,297.882996,,,,0.035000,
SP_T_Yoga_1,posenet,117,3.874372,ok,1,direct,1.000000,5,left_shoulder,1,1,2.000000,538.640000,355.600000,2.000000,530.529236,349.706207,10.026031,39.640948,1,0.079000,0.814650
SP_T_Yoga_1,posenet,117,3.874372,ok,1,direct,1.000000,6,right_shoulder,1,1,2.000000,449.390000,353.230000,2.000000,449.352936,354.504669,1.275208,39.640948,1,0.079000,0.996689
SP_T_Yoga_1,posenet,117,3.874372,ok,1,direct,1.000000,7,left_elbow,1,1,2.000000,547.460000,413.620000,2.000000,545.809509,415.924774,2.834802,39.640948,1,0.072000,0.980464
SP_T_Yoga_1,posenet,117,3.874372,ok,1,direct,1.000000,8,right_elbow,1,1,2.000000,443.410000,409.480000,2.000000,441.712799,420.723206,11.370583,39.640948,1,0.072000,0.728021
SP_T_Yoga_1,posenet,117,3.874372,ok,1,direct,1.000000,9,left_wrist,1,1,2.000000,546.550000,479.180000,2.000000,545.809509,473.506104,5.722013,39.640948,1,0.062000,0.897263
SP_T_Yoga_1,posenet,117,3.874372,ok,1,direct,1.000000,10,right_wrist,1,1,2.000000,448.450000,480.150000,2.000000,444.577850,479.264282,3.972158,39.640948,1,0.062000,0.949100
SP_T_Yoga_1,posenet,117,3.874372,ok,1,direct,1.000000,11,left_hip,1,1,2.000000,525.620000,462.110000,2.000000,521.934143,473.506104,11.977342,39.640948,1,0.107000,0.852590
SP_T_Yoga_1,posenet,117,3.874372,ok,1,direct,1.000000,12,right_hip,1,1,2.000000,479.080000,460.490000,2.000000,471.318268,473.506104,15.154651,39.640948,1,0.107000,0.774677
SP_T_Yoga_1,posenet,117,3.874372,ok,1,direct,1.000000,13,left_knee,1,1,2.000000,530.780000,569.340000,2.000000,526.709229,573.313843,5.688814,39.640948,1,0.087000,0.947036
SP_T_Yoga_1,posenet,117,3.874372,ok,1,direct,1.000000,14,right_knee,1,1,2.000000,475.150000,567.000000,2.000000,478.003387,573.313843,6.928667,39.640948,1,0.087000,0.922448
SP_T_Yoga_1,posenet,117,3.874372,ok,1,direct,1.000000,15,left_ankle,1,1,2.000000,530.400000,671.480000,2.000000,528.619263,658.726135,12.877581,39.640948,1,0.089000,0.766087
SP_T_Yoga_1,posenet,117,3.874372,ok,1,direct,1.000000,16,right_ankle,1,1,2.000000,490.620000,675.890000,2.000000,484.688507,665.443970,12.012583,39.640948,1,0.089000,0.793053
SP_T_Yoga_1,posenet,118,3.907486,ok,1,direct,1.000000,0,nose,1,1,2.000000,492.470000,298.330000,2.000000,492.688782,297.651154,0.713231,39.640948,1,0.026000,0.990468
SP_T_Yoga_1,posenet,118,3.907486,ok,1,direct,1.000000,1,left_eye,0,0,0.000000,0.000000,0.000000,2.000000,500.329437,289.975403,,,,0.025000,
SP_T_Yoga_1,posenet,118,3.907486,ok,1,direct,1.000000,2,right_eye,0,0,0.000000,0.000000,0.000000,2.000000,483.137939,289.975403,,,,0.025000,
SP_T_Yoga_1,posenet,118,3.907486,ok,1,direct,1.000000,3,left_ear,0,0,0.000000,0.000000,0.000000,2.000000,509.880280,298.610626,,,,0.035000,
SP_T_Yoga_1,posenet,118,3.907486,ok,1,direct,1.000000,4,right_ear,0,0,0.000000,0.000000,0.000000,2.000000,468.811646,297.651154,,,,0.035000,
SP_T_Yoga_1,posenet,118,3.907486,ok,1,direct,1.000000,5,left_shoulder,1,1,2.000000,538.640000,355.600000,2.000000,530.892151,349.462433,9.884275,39.640948,1,0.079000,0.819353
SP_T_Yoga_1,posenet,118,3.907486,ok,1,direct,1.000000,6,right_shoulder,1,1,2.000000,449.390000,353.230000,2.000000,448.754883,355.219238,2.088167,39.640948,1,0.079000,0.991147
SP_T_Yoga_1,posenet,118,3.907486,ok,1,direct,1.000000,7,left_elbow,1,1,2.000000,547.460000,413.620000,2.000000,545.218384,415.665741,3.034782,39.640948,1,0.072000,0.977642
SP_T_Yoga_1,posenet,118,3.907486,ok,1,direct,1.000000,8,right_elbow,1,1,2.000000,443.410000,409.480000,2.000000,442.069305,420.463074,11.064600,39.640948,1,0.072000,0.740395
SP_T_Yoga_1,posenet,118,3.907486,ok,1,direct,1.000000,9,left_wrist,1,1,2.000000,546.550000,479.180000,2.000000,545.218384,473.233826,6.093455,39.640948,1,0.062000,0.884319
SP_T_Yoga_1,posenet,118,3.907486,ok,1,direct,1.000000,10,right_wrist,1,1,2.000000,448.450000,480.150000,2.000000,443.979492,478.990631,4.618395,39.640948,1,0.062000,0.931814
SP_T_Yoga_1,posenet,118,3.907486,ok,1,direct,1.000000,11,left_hip,1,1,2.000000,525.620000,462.110000,2.000000,521.341309,473.233826,11.918335,39.640948,1,0.107000,0.853928
SP_T_Yoga_1,posenet,118,3.907486,ok,1,direct,1.000000,12,right_hip,1,1,2.000000,479.080000,460.490000,2.000000,470.721832,474.193268,16.051122,39.640948,1,0.107000,0.750956
SP_T_Yoga_1,posenet,118,3.907486,ok,1,direct,1.000000,13,left_knee,1,1,2.000000,530.780000,569.340000,2.000000,526.116699,573.018494,5.939502,39.640948,1,0.087000,0.942405
SP_T_Yoga_1,posenet,118,3.907486,ok,1,direct,1.000000,14,right_knee,1,1,2.000000,475.150000,567.000000,2.000000,477.407440,573.018494,6.427931,39.640948,1,0.087000,0.932881
SP_T_Yoga_1,posenet,118,3.907486,ok,1,direct,1.000000,15,left_ankle,1,1,2.000000,530.400000,671.480000,2.000000,528.026917,659.370605,12.339731,39.640948,1,0.089000,0.782966
SP_T_Yoga_1,posenet,118,3.907486,ok,1,direct,1.000000,16,right_ankle,1,1,2.000000,490.620000,675.890000,2.000000,485.048096,666.086914,11.275931,39.640948,1,0.089000,0.815218
SP_T_Yoga_1,posenet,119,3.940601,ok,1,direct,1.000000,0,nose,1,1,2.000000,492.470000,298.330000,2.000000,492.453125,297.923981,0.406370,39.640948,1,0.026000,0.996896
SP_T_Yoga_1,posenet,119,3.940601,ok,1,direct,1.000000,1,left_eye,0,0,0.000000,0.000000,0.000000,2.000000,500.087555,290.239166,,,,0.025000,
SP_T_Yoga_1,posenet,119,3.940601,ok,1,direct,1.000000,2,right_eye,0,0,0.000000,0.000000,0.000000,2.000000,482.910095,290.239166,,,,0.025000,
SP_T_Yoga_1,posenet,119,3.940601,ok,1,direct,1.000000,3,left_ear,0,0,0.000000,0.000000,0.000000,2.000000,509.630646,298.884613,,,,0.035000,
SP_T_Yoga_1,posenet,119,3.940601,ok,1,direct,1.000000,4,right_ear,0,0,0.000000,0.000000,0.000000,2.000000,469.549805,297.923981,,,,0.035000,
SP_T_Yoga_1,posenet,119,3.940601,ok,1,direct,1.000000,5,left_shoulder,1,1,2.000000,538.640000,355.600000,2.000000,529.671021,348.836060,11.233587,39.640948,1,0.079000,0.773097
SP_T_Yoga_1,posenet,119,3.940601,ok,1,direct,1.000000,6,right_shoulder,1,1,2.000000,449.390000,353.230000,2.000000,448.555084,354.599731,1.604135,39.640948,1,0.079000,0.994766
SP_T_Yoga_1,posenet,119,3.940601,ok,1,direct,1.000000,7,left_elbow,1,1,2.000000,547.460000,413.620000,2.000000,545.894226,413.196625,1.622003,39.640948,1,0.072000,0.993562
SP_T_Yoga_1,posenet,119,3.940601,ok,1,direct,1.000000,8,right_elbow,1,1,2.000000,443.410000,409.480000,2.000000,441.874939,420.881439,11.504313,39.640948,1,0.072000,0.722573
SP_T_Yoga_1,posenet,119,3.940601,ok,1,direct,1.000000,9,left_wrist,1,1,2.000000,546.550000,479.180000,2.000000,545.894226,471.793549,7.415504,39.640948,1,0.062000,0.833542
SP_T_Yoga_1,posenet,119,3.940601,ok,1,direct,1.000000,10,right_wrist,1,1,2.000000,448.450000,480.150000,2.000000,444.737854,479.478394,3.772411,39.640948,1,0.062000,0.953974
SP_T_Yoga_1,posenet,119,3.940601,ok,1,direct,1.000000,11,left_hip,1,1,2.000000,525.620000,462.110000,2.000000,522.036560,472.754181,11.231190,39.640948,1,0.107000,0.869163
SP_T_Yoga_1,posenet,119,3.940601,ok,1,direct,1.000000,12,right_hip,1,1,2.000000,479.080000,460.490000,2.000000,470.504089,472.754181,14.965172,39.640948,1,0.107000,0.779607
SP_T_Yoga_1,posenet,119,3.940601,ok,1,direct,1.000000,13,left_knee,1,1,2.000000,530.780000,569.340000,2.000000,526.808105,573.617676,5.837333,39.640948,1,0.087000,0.944314
SP_T_Yoga_1,posenet,119,3.940601,ok,1,direct,1.000000,14,right_knee,1,1,2.000000,475.150000,567.000000,2.000000,478.138550,572.657043,6.397935,39.640948,1,0.087000,0.933485
SP_T_Yoga_1,posenet,119,3.940601,ok,1,direct,1.000000,15,left_ankle,1,1,2.000000,530.400000,671.480000,2.000000,528.716736,659.111572,12.482443,39.640948,1,0.089000,0.778522
SP_T_Yoga_1,posenet,119,3.940601,ok,1,direct,1.000000,16,right_ankle,1,1,2.000000,490.620000,675.890000,2.000000,484.818665,665.835815,11.607847,39.640948,1,0.089000,0.805330
SP_T_Yoga_1,posenet,120,3.973715,no_active_gt,0,none,0.000000,0,nose,0,0,,,,,,,,,,0.026000,
SP_T_Yoga_1,posenet,120,3.973715,no_active_gt,0,none,0.000000,1,left_eye,0,0,,,,,,,,,,0.025000,
SP_T_Yoga_1,posenet,120,3.973715,no_active_gt,0,none,0.000000,2,right_eye,0,0,,,,,,,,,,0.025000,
SP_T_Yoga_1,posenet,120,3.973715,no_active_gt,0,none,0.000000,3,left_ear,0,0,,,,,,,,,,0.035000,
SP_T_Yoga_1,posenet,120,3.973715,no_active_gt,0,none,0.000000,4,right_ear,0,0,,,,,,,,,,0.035000,
SP_T_Yoga_1,posenet,120,3.973715,no_active_gt,0,none,0.000000,5,left_shoulder,0,0,,,,,,,,,,0.079000,
SP_T_Yoga_1,posenet,120,3.973715,no_active_gt,0,none,0.000000,6,right_shoulder,0,0,,,,,,,,,,0.079000,
SP_T_Yoga_1,posenet,120,3.973715,no_active_gt,0,none,0.000000,7,left_elbow,0,0,,,,,,,,,,0.072000,
SP_T_Yoga_1,posenet,120,3.973715,no_active_gt,0,none,0.000000,8,right_elbow,0,0,,,,,,,,,,0.072000,
SP_T_Yoga_1,posenet,120,3.973715,no_active_gt,0,none,0.000000,9,left_wrist,0,0,,,,,,,,,,0.062000,
SP_T_Yoga_1,posenet,120,3.973715,no_active_gt,0,none,0.000000,10,right_wrist,0,0,,,,,,,,,,0.062000,
SP_T_Yoga_1,posenet,120,3.973715,no_active_gt,0,none,0.000000,11,left_hip,0,0,,,,,,,,,,0.107000,
SP_T_Yoga_1,posenet,120,3.973715,no_active_gt,0,none,0.000000,12,right_hip,0,0,,,,,,,,,,0.107000,
SP_T_Yoga_1,posenet,120,3.973715,no_active_gt,0,none,0.000000,13,left_knee,0,0,,,,,,,,,,0.087000,
SP_T_Yoga_1,posenet,120,3.973715,no_active_gt,0,none,0.000000,14,right_knee,0,0,,,,,,,,,,0.087000,
SP_T_Yoga_1,posenet,120,3.973715,no_active_gt,0,none,0.000000,15,left_ankle,0,0,,,,,,,,,,0.089000,
SP_T_Yoga_1,posenet,120,3.973715,no_active_gt,0,none,0.000000,16,right_ankle,0,0,,,,,,,,,,0.089000,
